# DenseCorr3D prepared geometry
v -0.04524202 0.01321953 -0.03785824
v -0.08084067 0.02851392 -0.01785419
v -0.05908282 0.02562722 -0.02173782
v -0.04725817 0.00145019 -0.04391783
v -0.03655890 0.00147584 -0.04348920
v -0.06069987 -0.02830358 -0.04329482
v -0.06463020 -0.03038507 -0.04132418
v -0.07172634 -0.01134412 -0.04251612
v -0.07014257 -0.00235718 -0.04062184
v -0.09073992 0.02620311 -0.02458358
v -0.09745114 0.03042419 -0.01317747
v -0.10977655 0.02858173 0.00010812
v -0.11032972 0.02847863 -0.00499232
v -0.11013154 0.02318360 -0.02661377
v -0.10773832 0.01555681 -0.03543999
v -0.10166913 0.02136570 -0.03086696
v -0.10309471 0.00602648 -0.04035405
v -0.08318944 -0.03084817 -0.03645378
v -0.03028045 0.00294820 -0.04213742
v -0.03380751 -0.00148618 -0.04401067
v -0.04465777 -0.02929177 -0.04245869
v -0.05970240 -0.03819010 -0.03788293
v -0.04948746 -0.04121566 -0.03545533
v -0.03514922 -0.01233061 -0.04523513
v -0.03662702 0.01867426 -0.03355680
v -0.03443941 0.03514529 -0.00795459
v 0.02192683 -0.03536352 -0.01322442
v 0.01150580 -0.04306041 -0.01490833
v 0.01217930 -0.04142173 -0.01808242
v 0.01064042 -0.03969885 -0.02290578
v 0.02741031 -0.03143944 -0.01149431
v 0.04577759 -0.02048895 -0.00955672
v 0.01495360 -0.03666338 -0.03199641
v 0.03496822 -0.01945656 -0.01827766
v 0.01362257 -0.01433482 -0.03807693
v -0.00422231 -0.04572081 -0.04632454
v -0.00122906 -0.05268893 -0.04507367
v -0.00399574 -0.03942451 -0.04555321
v -0.00770132 -0.04460021 -0.04532111
v -0.00871294 -0.04957391 -0.04418398
v 0.00585166 -0.05909157 -0.03742018
v 0.00544330 -0.06604978 -0.03707402
v 0.00508479 -0.06461986 -0.03946862
v -0.00624433 -0.07425828 -0.04865398
v -0.01195690 -0.05708279 -0.04197201
v -0.01273681 -0.05354605 -0.04155592
v -0.01407405 -0.05100022 -0.04057271
v -0.01322348 -0.04899564 -0.04175424
v -0.01808844 -0.04135538 -0.03578364
v -0.01913843 -0.03867050 -0.03777924
v -0.00042817 -0.02603316 -0.04852263
v -0.00618040 -0.02860732 -0.04817177
v -0.01746817 -0.03237507 -0.04352677
v -0.02054052 -0.03409824 -0.03831017
v -0.13364984 0.00326809 -0.02972950
v -0.12637877 0.00864630 -0.03508389
v -0.12550533 -0.00848365 -0.04014774
v -0.12500659 0.00409493 -0.03812054
v -0.11724959 0.00439239 -0.04003538
v -0.10317913 -0.01255197 -0.04342099
v -0.08641842 -0.03169556 -0.03611124
v -0.09345911 -0.03639439 -0.03855335
v -0.09654441 -0.03356207 -0.04113416
v -0.11309133 -0.02350063 -0.04348215
v -0.10103916 -0.03756417 -0.04195977
v -0.11252539 -0.03577078 -0.04301875
v -0.11125918 -0.02813296 -0.04328558
v -0.09686998 -0.04487395 -0.03408879
v -0.12799987 -0.03183565 -0.03804138
v -0.12282237 -0.02278141 -0.04106443
v -0.12637362 -0.04753214 -0.03807883
v -0.03367439 -0.04071229 -0.03635141
v -0.03060734 -0.03907505 -0.03640430
v -0.02281738 -0.03439347 -0.03684668
v -0.11719211 -0.05803367 -0.03881418
v -0.13415450 -0.07156231 -0.04391991
v -0.12108825 -0.07404373 -0.03594903
v -0.12381683 -0.08045227 -0.04026812
v -0.12767857 -0.07519735 -0.04216652
v -0.11892913 -0.09304840 -0.04011889
v -0.11780397 -0.09546658 -0.04019682
v -0.11621120 -0.09703121 -0.04322567
v -0.11703813 -0.10189293 -0.05058261
v -0.11227661 -0.10347576 -0.04981083
v -0.10157930 -0.11112343 -0.04452839
v -0.11976536 -0.11296055 -0.05261800
v -0.11369722 -0.10947730 -0.05387402
v -0.09810122 -0.11867084 -0.06083404
v -0.03346628 -0.01805888 -0.04469390
v -0.03161404 -0.01442484 -0.04475471
v -0.01893985 -0.02778316 -0.04351113
v 0.04746084 0.03192414 -0.00930864
v 0.03611800 0.03174352 -0.01442843
v 0.01566731 0.04457862 -0.00730529
v 0.00877730 0.03682461 -0.02474839
v 0.00891122 0.04466793 -0.01621894
v 0.00257946 0.04579951 -0.01500362
v -0.01618824 0.04302426 -0.00943154
v -0.00666152 0.03388677 -0.02674099
v 0.00158179 0.03564857 -0.02624176
v -0.00966860 0.04225628 -0.01730956
v -0.00416113 0.02447575 -0.03235849
v -0.00412185 -0.01630876 -0.04816530
v 0.00968277 -0.02165749 -0.04374663
v 0.01000348 -0.00349944 -0.04041613
v 0.04191076 -0.00097417 -0.02441126
v 0.03083062 0.00410541 -0.02822499
v 0.03967543 0.00156125 -0.02566967
v 0.08880983 -0.01901148 0.01978608
v 0.08951170 -0.02298052 0.02194295
v 0.09134396 -0.02312559 0.02243795
v 0.09758209 -0.02268599 0.02745039
v 0.08712500 -0.01514315 0.01914616
v 0.07288767 -0.04249518 0.00979531
v 0.07390638 -0.02607145 0.00449232
v 0.06868340 -0.04716184 0.00829542
v 0.05747668 -0.03410184 0.00295531
v 0.06537405 -0.04763055 0.00688260
v 0.06784281 -0.04426863 0.00391085
v 0.06390204 -0.03228616 0.00107746
v 0.05826322 -0.04173142 0.00422594
v 0.08948740 -0.01653682 0.01911099
v 0.09634202 -0.01330746 0.01883992
v 0.08862242 -0.00138890 0.00667750
v 0.09768418 -0.00554210 0.02004073
v 0.10193743 -0.01885314 0.02678124
v 0.10466142 -0.01661886 0.02823894
v 0.10479745 -0.00721620 0.02809183
v 0.09699418 0.01467403 0.00798420
v 0.10103600 0.02358094 0.00985977
v 0.09274074 0.01735972 0.00415823
v 0.05856064 -0.02378881 0.00232101
v 0.05537065 -0.02509084 0.00805195
v 0.05503061 -0.01919694 -0.00157433
v 0.00425993 -0.00165040 -0.04140598
v 0.02217807 0.01250112 -0.03146911
v 0.02681276 -0.00097831 -0.02983166
v 0.00564118 -0.07431395 -0.04337965
v -0.00745843 -0.08256565 -0.04484688
v 0.01090722 -0.10098568 -0.04010823
v 0.02127335 -0.11206193 -0.03968181
v 0.02387958 -0.11337189 -0.04146525
v 0.00225267 -0.10368138 -0.04871463
v 0.09450210 0.03189223 0.00570623
v 0.08969840 0.02679360 0.00216266
v 0.06555235 0.00170862 -0.00931990
v 0.05465461 -0.00892967 -0.01094249
v 0.06511100 0.03005066 -0.00932948
v 0.07138317 0.03946055 -0.00410548
v 0.09171382 0.02912909 0.00226870
v 0.08805643 0.02107937 0.00072245
v 0.08663789 0.02751761 -0.00159704
v 0.08678673 0.02990470 -0.00544697
v 0.07875055 0.03405490 -0.00566062
v 0.08061371 0.03929905 -0.00953880
v 0.10232981 0.04005134 -0.02329913
v 0.10234759 0.04123478 -0.02619243
v 0.09597461 0.03800886 -0.01909385
v 0.08670253 0.03936970 -0.01738781
v 0.07866352 0.04364851 -0.02554071
v 0.08864071 0.04128157 -0.01924358
v 0.08857933 0.04029986 -0.02416195
v 0.09641655 0.03997841 -0.03195822
v 0.09495322 0.04153765 -0.03247495
v 0.09170059 0.04241582 -0.03149772
v 0.09268267 0.04061212 -0.03073808
v 0.06581148 0.04024088 -0.01684686
v 0.07608981 0.03964223 -0.00334090
v 0.07886316 0.03872178 -0.00230713
v 0.08540652 0.05101649 -0.02463755
v 0.08856478 0.05423979 -0.03264786
v 0.08038660 0.04984531 -0.03621260
v 0.08818053 0.04459339 -0.03122246
v 0.09330902 0.04485663 -0.03174801
v 0.09515719 0.04911247 -0.03326451
v 0.08724810 0.05309545 -0.03714693
v 0.09225927 0.05867233 -0.04190370
v 0.09807630 0.04874110 -0.02952780
v 0.11332843 0.04523415 -0.02665065
v 0.12611301 0.04674398 -0.01469953
v 0.09658723 0.05340179 -0.04186571
v 0.09478068 0.06071962 -0.04921278
v 0.09434500 0.06632870 -0.04728846
v 0.09208056 0.06618343 -0.05373434
v 0.09251683 0.06917299 -0.05335462
v 0.09253210 0.06956821 -0.05510368
v 0.09120630 0.07936517 -0.06038827
v 0.13765424 0.10165075 -0.02927614
v 0.14046262 0.10065840 -0.02943707
v 0.14024450 0.10274694 -0.03197736
v 0.13624360 0.10469869 -0.03706687
v 0.14055923 0.09781796 -0.03040050
v 0.13758780 0.09795507 -0.02248736
v 0.13819128 0.10539337 -0.01922841
v 0.14563781 0.09194806 -0.02289793
v 0.14516428 0.09569893 -0.02125262
v 0.09857491 0.08497865 -0.06007378
v 0.12295365 0.08403556 -0.04566972
v 0.12937115 0.10785434 -0.03794348
v 0.12740037 0.10931550 -0.03852320
v 0.12651712 0.10963656 -0.03993895
v 0.12279893 0.11034681 -0.04983661
v 0.11296613 0.10569250 -0.05544900
v 0.10000496 0.08878975 -0.06030541
v 0.09731964 0.08786338 -0.05928359
v 0.09204470 0.08187363 -0.05916508
v 0.10926350 0.09669130 -0.05765783
v 0.11535755 0.10055678 -0.05506170
v 0.11356202 0.10313639 -0.05579818
v 0.11227044 0.10068564 -0.05544473
v 0.10302102 0.09353329 -0.05479030
v 0.14690742 0.09855508 -0.01890723
v 0.14731161 0.10406509 -0.01315586
v 0.14630213 0.10964125 -0.01342379
v 0.14540960 0.10988685 -0.01601874
v 0.14169143 0.11220288 -0.01464459
v 0.14053249 0.11077937 -0.01842088
v 0.13846238 0.10596125 -0.02132150
v 0.13900681 0.10418350 -0.02197904
v 0.13905010 0.10159568 -0.02298744
v 0.00539761 -0.09086715 -0.04575700
v 0.00331642 -0.11676531 -0.04332639
v 0.00807534 -0.11881306 -0.04810292
v 0.00534880 -0.11539996 -0.04966646
v 0.01510822 -0.11809810 -0.05124012
v 0.01720815 -0.12284406 -0.05277511
v 0.03051849 -0.11948522 -0.04377347
v 0.03128114 -0.12357929 -0.04238574
v 0.02041719 -0.12480303 -0.05232644
v 0.02514243 -0.12394875 -0.05301495
v 0.02304030 -0.12221082 -0.05310638
v -0.09711905 0.02897303 0.00730066
v -0.08183251 0.01853530 0.02274419
v -0.08875733 0.00460766 0.02806637
v -0.07715211 0.00936729 0.02106217
v -0.07091697 0.01758814 0.01756836
v -0.06738690 0.01551316 0.01756364
v -0.08653933 0.02614478 0.01395235
v -0.07193455 0.02718754 0.00844507
v -0.10076665 -0.00600997 0.03281659
v -0.10509460 -0.00367012 0.03263986
v -0.11791017 0.01609554 0.02064208
v -0.11326005 0.00654212 0.02851816
v -0.12363011 0.01676874 0.01550902
v -0.07451691 -0.00897354 0.02467552
v -0.09450442 -0.01503295 0.03243753
v -0.10432461 -0.01207575 0.03363241
v -0.10583024 -0.03003557 0.03316122
v -0.07304223 -0.01445421 0.02452632
v -0.05689062 -0.00677340 0.02717818
v -0.05407633 -0.02060978 0.02634947
v -0.05595598 -0.02407739 0.02504263
v -0.07392280 -0.03280360 0.01888419
v -0.07004070 -0.03477515 0.01744069
v -0.04543737 0.02969514 0.00067266
v -0.02575711 0.02393202 0.01296580
v -0.02545272 0.01757946 0.01740169
v -0.04113936 0.01176000 0.02176872
v -0.03621762 0.01505573 0.01948832
v -0.02544089 0.00415818 0.02199478
v -0.01965128 -0.00838156 0.02200421
v -0.01548036 -0.01051535 0.02234075
v -0.04160277 -0.01270258 0.02670935
v -0.05743277 -0.03706715 0.01710838
v -0.11813641 -0.03640527 0.02809469
v -0.11844403 -0.03974583 0.02663939
v -0.10881238 -0.05769298 0.03072228
v -0.09914628 -0.08242436 0.03236903
v -0.10428169 -0.08104905 0.03268283
v -0.11294303 -0.05389564 0.02849302
v -0.10289726 -0.08496917 0.03127420
v -0.10991767 -0.07210344 0.03401216
v -0.11290731 -0.06389260 0.03035393
v -0.11445794 -0.06990712 0.03136557
v -0.10312057 -0.09102970 0.02734601
v -0.08715674 -0.11177163 0.03043909
v -0.07566642 -0.11016530 0.03349285
v -0.06276091 -0.11506314 0.03485306
v -0.06374045 -0.11804128 0.03611089
v -0.00056641 0.02830992 0.01543948
v 0.01856667 0.03925399 0.00649020
v 0.01935869 0.04289373 -0.00072724
v -0.02067130 -0.02970285 0.02101150
v -0.01761109 -0.03108738 0.02343494
v -0.12763269 -0.01444886 0.02429464
v -0.11932772 -0.03244663 0.02793040
v -0.09252629 -0.03240458 0.00100881
v -0.04828824 -0.04100527 0.01118001
v -0.00883959 0.03891550 0.00653701
v -0.00617602 0.04267658 0.00392667
v -0.00113607 0.04485260 0.00233987
v -0.08299033 -0.03478273 0.01114689
v -0.08824010 -0.04490677 0.01677512
v -0.09111941 -0.04156000 -0.00779938
v -0.09367690 -0.04800420 0.01379879
v -0.09920281 -0.06887310 0.01841121
v -0.09730151 -0.06492095 0.02324166
v -0.09760538 -0.06728593 0.02029235
v -0.09147477 -0.08320843 0.02441879
v -0.08991211 -0.08475813 0.02256419
v -0.00512950 -0.04364287 -0.00694995
v -0.00073499 -0.04482519 -0.02643553
v -0.00616061 -0.04206831 -0.02237123
v -0.00761105 -0.05247277 -0.03209865
v -0.01267721 -0.05663292 -0.03914262
v -0.00351150 -0.08043190 -0.03448076
v -0.01100972 -0.04359201 -0.03046239
v -0.03018582 -0.04313785 0.00593761
v -0.07197412 -0.03931627 -0.02831224
v -0.08697741 -0.03388621 -0.02895847
v -0.08280416 -0.04167930 -0.01445357
v -0.08903237 -0.03246282 -0.01994255
v -0.08985364 -0.03488315 -0.01529187
v -0.09544367 -0.03539792 -0.01095969
v -0.09053244 -0.03806933 -0.03454477
v -0.13830906 -0.01795908 -0.01365421
v -0.12998979 -0.02284652 -0.01258427
v -0.10680021 -0.02784755 -0.01366269
v -0.09715791 -0.03206913 -0.01959879
v -0.09449493 -0.03256328 -0.01406718
v -0.09852980 -0.03115611 -0.01280733
v -0.10561586 -0.02824177 -0.00426476
v -0.10700519 -0.02739063 -0.00208645
v -0.11004097 -0.02827220 0.00058697
v -0.12237578 -0.03278411 -0.00546361
v -0.09045003 -0.03266007 0.00350822
v -0.11854780 -0.02980591 0.00459485
v -0.05772352 -0.04370971 -0.02523477
v -0.08219016 -0.04899326 -0.00674455
v -0.07584223 -0.05173675 -0.00787876
v -0.11680977 -0.04748201 -0.02174219
v -0.11876506 -0.05358544 -0.02413514
v -0.13474879 -0.07362784 -0.02766187
v -0.12588076 -0.09923586 -0.03867983
v -0.00188680 -0.08784359 -0.03566050
v 0.00342703 -0.09783908 -0.03650919
v 0.01865111 -0.11527175 -0.03551099
v 0.00597073 -0.11790448 -0.04068134
v 0.01607418 -0.12403785 -0.04891885
v 0.02008347 -0.11894281 -0.03422368
v 0.02142223 -0.12153603 -0.03354008
v 0.02416951 -0.12592632 -0.03625014
v 0.04664213 0.04082793 0.01178638
v 0.04419544 0.05071755 0.01487085
v 0.05960178 0.04003172 0.01546513
v 0.07280837 0.04017494 0.02357688
v 0.07301042 0.04131367 0.02817351
v 0.05698457 0.04569763 0.02426615
v 0.06890931 0.04752526 0.03259682
v 0.05236961 0.05583692 0.03334966
v 0.06787555 0.05051495 0.03313185
v 0.07025362 0.04306109 0.03525282
v 0.05549777 0.05466183 0.03625287
v 0.05850660 0.05607226 0.03720309
v 0.06554385 0.06123808 0.04319046
v 0.04004225 0.05395657 0.01843847
v 0.04246230 0.05647994 0.02101620
v 0.04322229 0.06312422 0.02947079
v 0.07190716 0.04811696 0.04270265
v 0.07800105 0.05118622 0.04438327
v 0.03800699 0.06422427 0.03972810
v 0.03434523 0.06707988 0.04259797
v 0.03238420 0.07311903 0.04386975
v 0.08332847 0.05611327 0.04896701
v 0.08629145 0.06010032 0.04369516
v 0.09183735 0.06699850 0.05377046
v 0.07647232 0.06491423 0.04661952
v 0.04599085 0.06213179 0.03938399
v 0.03486502 0.07150952 0.04387344
v 0.02867913 0.08177921 0.04489907
v 0.02447782 0.07156385 0.04678180
v 0.02116593 0.07680153 0.04060613
v 0.01790144 0.07656459 0.03948005
v 0.00971061 0.07632186 0.03671340
v 0.07495743 0.10709147 0.06206879
v 0.07359324 0.10554966 0.05833387
v 0.07410375 0.11183078 0.05823691
v 0.07142711 0.11302431 0.05786532
v 0.07347862 0.09996004 0.05965285
v 0.07134955 0.09941092 0.05901124
v 0.06685510 0.11676739 0.05640851
v 0.05921949 0.12464794 0.05369584
v 0.04520284 0.13177912 0.05289410
v 0.04396440 0.13114047 0.05211460
v 0.01575359 0.11804696 0.04088550
v 0.01088917 0.10860307 0.03288697
v 0.02381266 0.12222014 0.04308707
v 0.02783101 0.12452275 0.04341849
v 0.02311439 0.08565186 0.04254057
v 0.01065748 0.08190923 0.03220811
v 0.00731064 0.10495605 0.03122796
v 0.01090282 0.08906436 0.03286630
v 0.00641921 0.08343980 0.03120349
v 0.09131662 0.07365561 0.05047146
v 0.08464628 0.08036924 0.05587867
v 0.08992064 0.07569938 0.05001189
v 0.08985333 0.07369728 0.04891478
v 0.09620210 0.06901470 0.04221537
v 0.09424850 0.06373049 0.04227095
v 0.08222473 0.07712757 0.05220316
v 0.08023523 0.08105035 0.05766745
v 0.07932138 0.07864893 0.05482557
v 0.06319656 0.07423485 0.05212247
v 0.06728508 0.07674453 0.05375184
v 0.06485505 0.09114687 0.06127391
v 0.05989149 0.08161493 0.05541646
v 0.04878105 0.08885879 0.05534644
v 0.06178591 0.09140345 0.06036271
v 0.07806051 0.09221508 0.06032625
v 0.07575137 0.10408975 0.06343462
v 0.07675835 0.09204069 0.05904319
v 0.07385517 0.09232473 0.06009165
v 0.07143201 0.09283012 0.06129609
v 0.08089807 0.08424452 0.05750133
v 0.04569489 0.12501934 0.05060101
v 0.05029657 0.11159306 0.05646253
v -0.12525497 0.02288886 -0.00117827
v -0.10538131 -0.08867858 0.02385957
v -0.11746581 -0.07212742 0.02819654
v -0.10021602 -0.09551490 0.02498397
v -0.10010260 -0.09583920 0.02692180
v -0.09767917 -0.09866876 0.02724434
v -0.09031995 -0.11193442 0.02539706
v -0.08896203 -0.11268300 0.02264180
v -0.08727416 -0.11059070 0.02012362
v -0.08433235 -0.11732108 0.02994523
v -0.13950245 0.00921746 -0.00625984
v -0.13380444 0.01029069 0.00992425
v -0.13683923 0.00106806 -0.02475777
v -0.13186790 -0.01329390 -0.03242934
v -0.13212112 -0.02741923 -0.03059298
v -0.13536482 -0.03104808 -0.02319167
v -0.13269725 -0.04213423 -0.03003306
v -0.13499513 -0.05323618 -0.02972355
v -0.13391183 -0.03683339 -0.02689191
v -0.13693684 -0.01514009 -0.00846316
v -0.14530601 -0.00617845 -0.00342395
v -0.14491953 -0.01289055 -0.00274585
v -0.12648487 -0.01895973 -0.00840986
v -0.12568450 -0.01885978 -0.00666187
v -0.14532031 -0.00449609 0.00138796
v -0.12729506 -0.02713022 0.02176605
v -0.12966032 -0.02684512 0.01666201
v -0.13197927 -0.02120597 0.01504309
v -0.13487981 -0.00042378 0.01346611
v -0.14343861 -0.00476203 0.00418963
v -0.13242900 -0.01358878 0.00205472
v -0.12757793 -0.01478685 -0.00338406
v -0.10844652 -0.03328091 0.00400542
v -0.10421992 -0.03719068 0.00640483
v -0.10782527 -0.04455298 0.01188292
v -0.11166985 -0.05378249 0.01337032
v -0.11612734 -0.05084392 0.01869928
v -0.11333170 -0.04484037 0.01479143
v -0.11496207 -0.03845759 0.01033086
v -0.11696600 -0.05389817 0.01175635
v -0.12211445 -0.06171243 0.01301352
v -0.11519647 -0.06407807 0.00905451
v -0.12161070 -0.06500620 0.01417523
v -0.12069257 -0.06619886 0.01238873
v -0.11860106 -0.06991589 0.01594468
v -0.11864721 -0.06418535 0.02432779
v -0.11830229 -0.05852757 0.02373594
v -0.12417098 -0.03504407 0.01510535
v -0.12553459 -0.02833542 -0.00009715
v -0.12653494 -0.02472369 -0.00366541
v -0.13587840 -0.05766599 -0.03027515
v -0.13734759 -0.06218837 -0.03461029
v -0.14012717 -0.07005447 -0.03063941
v -0.13755156 -0.08260636 -0.04114177
v -0.14095658 -0.07764038 -0.03522852
v -0.13439411 -0.06727666 -0.02769041
v -0.12719047 -0.10378053 -0.04643230
v -0.12025549 -0.11478233 -0.05070664
v -0.11974127 -0.11615162 -0.04755346
v -0.11739106 -0.11764254 -0.04661272
v -0.11211297 -0.11837328 -0.05083660
v -0.10766938 -0.12121024 -0.05503000
v -0.10187777 -0.12007643 -0.06094958
v -0.10274056 -0.12148291 -0.05966184
v -0.09171050 -0.11902285 -0.05401584
v -0.09217228 -0.12192500 -0.05212897
v -0.09802457 -0.12211158 -0.04677927
v -0.10354016 -0.12296659 -0.04701542
v -0.09399747 -0.12230216 -0.04841039
v -0.09159513 -0.12196262 -0.04731968
v -0.09060569 -0.11975753 -0.04687497
v -0.12686385 -0.03096053 0.02000837
v -0.10821652 -0.07978012 0.01903615
v -0.10298921 -0.08518053 0.01936464
v 0.06778430 0.04451298 0.04406200
v 0.05153396 0.04657339 0.03670512
v 0.05317759 0.04502992 0.03974672
v 0.04802220 0.05171585 0.04001987
v 0.06337000 0.04632506 0.04634780
v 0.02931188 0.06939062 0.04842442
v 0.06374239 0.05194642 0.05042053
v 0.08089686 0.05477984 0.05050006
v 0.06867356 0.05589395 0.05375891
v 0.02782554 0.07137415 0.05025661
v 0.02688091 0.08229313 0.05381582
v 0.04009613 0.08103529 0.05985494
v 0.04036129 0.08937395 0.06194735
v 0.05808023 0.10142737 0.06778011
v 0.03973921 0.09559906 0.06277449
v 0.02896362 0.09279925 0.05729496
v 0.02394465 0.09935706 0.05458853
v 0.01814120 0.10240515 0.05042737
v 0.01919597 0.12016468 0.04749194
v 0.03517415 0.11644542 0.05838281
v 0.06348357 0.10182337 0.06843739
v 0.06445082 0.09874968 0.06828724
v 0.06358331 0.09219050 0.06752899
v 0.06108671 0.08581851 0.06763855
v 0.07206402 0.11041244 0.06152583
v 0.02853474 0.12806974 0.04975123
v 0.00620820 0.10356474 0.03749150
v 0.00842040 0.10733708 0.03975309
v 0.01508880 0.10245384 0.04778468
v 0.02147484 0.08776696 0.05204468
v 0.08830167 0.06751265 0.05748424
v 0.08443978 0.07526187 0.06178982
v 0.08634572 0.07670181 0.05802926
v 0.07410633 0.09326806 0.06758898
v 0.07677894 0.08242112 0.06651272
v 0.06537158 0.08593538 0.06880357
v 0.08456628 0.03682448 0.00905379
v 0.09735760 0.03823678 0.00403052
v 0.10647485 0.03408559 0.00401050
v 0.07504190 0.05303857 -0.01711878
v 0.07913961 0.05432276 -0.01945425
v 0.08694091 0.05151949 -0.02051950
v 0.08417784 0.05442031 -0.02139940
v 0.09029713 0.05072955 -0.02531801
v 0.10190859 0.05027308 -0.02614462
v 0.10314494 0.04828297 -0.02344085
v 0.10884214 0.05343843 -0.02873740
v 0.11711539 0.05038585 -0.00989110
v 0.10872258 0.04748330 -0.01307990
v 0.09765875 0.04452577 -0.00971974
v 0.09071773 0.04274928 -0.00991022
v 0.10069159 0.07550419 -0.04849640
v 0.09670494 0.07812602 -0.05106769
v 0.11276353 0.07702152 -0.04168997
v 0.12927914 0.06630319 -0.02001790
v 0.12148982 0.04636705 0.01787646
v 0.12102704 0.04918766 0.00725681
v 0.12665157 0.05305463 0.01299389
v 0.12656903 0.04647481 0.01859323
v 0.11929567 0.04188244 0.01615637
v 0.11420788 0.03691972 0.01250917
v 0.14614107 0.08645653 -0.01263521
v 0.13622972 0.06799700 -0.01344160
v 0.14286013 0.07171330 -0.00812445
v 0.14535318 0.07398159 -0.00531687
v 0.12865910 0.05774736 -0.00804152
v 0.14101878 0.06993881 0.00501560
v 0.13241144 0.05519243 0.00572443
v 0.14044587 0.06441624 0.01061356
v 0.14608052 0.06880261 0.01200632
v 0.14858882 0.07005524 0.01183628
v 0.15006150 0.07560383 -0.00279437
v 0.14107019 0.06353150 0.01268941
v 0.13972791 0.06152292 0.01170788
v 0.13266368 0.05499419 0.01210390
v 0.09938992 0.08704329 -0.05246872
v 0.13050227 0.04802145 0.01750117
v 0.12956502 0.05391235 0.01808029
v 0.13226281 0.05646948 0.01416732
v 0.13181305 0.05595536 0.01668833
v 0.00744685 -0.00588020 0.02631625
v 0.01385948 0.00638737 0.02317192
v 0.01898799 0.00585158 0.02132632
v 0.02417852 -0.00881205 0.01674807
v 0.02275944 -0.01163185 0.01783365
v 0.02664217 -0.01675145 0.01088965
v 0.01483872 -0.03198997 0.01750724
v -0.01417588 -0.05322375 0.01665771
v 0.01439407 -0.03524132 0.01556511
v -0.01135329 -0.06140401 0.01985589
v -0.02305971 -0.03626816 0.01918445
v 0.00745585 -0.04031845 0.02227150
v -0.01086311 -0.06511817 0.02003191
v 0.00037097 -0.06278133 0.02424899
v 0.00581577 -0.07408915 0.02545589
v -0.00380479 -0.07670473 0.02655411
v 0.00006281 -0.07607296 0.02742942
v 0.00848403 -0.06696159 0.01891665
v 0.00920204 -0.07456775 0.02184532
v -0.01091152 -0.06614999 0.01749898
v 0.01008564 -0.08066560 0.02289120
v 0.00438581 -0.09103872 0.02760723
v 0.00155127 -0.09977604 0.02188412
v 0.01362531 -0.09470437 0.02609841
v 0.01478678 -0.10037048 0.02823467
v 0.01102705 -0.09931815 0.02868679
v 0.00351501 -0.10495241 0.02145576
v 0.01522465 -0.11625142 0.03036811
v 0.01792471 -0.10171572 0.02689462
v 0.01866446 -0.10126251 0.02429023
v 0.02044418 -0.10371532 0.02388301
v 0.00650323 -0.11582461 0.02245116
v 0.02040792 -0.11214363 0.03051927
v 0.02807047 -0.12101723 0.03389831
v 0.02594953 -0.12421463 0.03436104
v 0.02157906 -0.12420125 0.03285753
v 0.02670324 -0.03114968 -0.00169540
v 0.01559797 -0.04272606 -0.00553194
v -0.00082499 -0.04207229 -0.00396038
v 0.00007032 -0.04074155 0.00037628
v -0.01086669 -0.04420568 -0.00532421
v -0.02056767 -0.03965856 0.01308481
v -0.01013699 -0.04472871 0.00850435
v -0.00744479 -0.04908440 0.00845988
v -0.00156877 -0.04220304 0.00621213
v -0.00154645 -0.04087474 0.00510562
v 0.00589254 -0.04758613 0.00780184
v 0.00476731 -0.04164071 0.00073044
v 0.00314922 -0.05314837 0.00764752
v -0.00156186 -0.06154914 0.00870435
v 0.00462452 -0.07588755 0.01222919
v -0.00175108 -0.08362395 0.01414575
v -0.00957490 -0.07420151 0.01516148
v -0.00836365 -0.08027124 0.01719023
v -0.00610899 -0.08420169 0.01777847
v -0.00835872 -0.06997290 0.01385602
v 0.01019522 -0.08276682 0.01816283
v 0.01429553 -0.09370948 0.02114921
v 0.01291925 -0.10221437 0.01805014
v 0.01699614 -0.10013045 0.02189490
v 0.02079213 -0.11022099 0.01998767
v 0.00781546 -0.11336437 0.01725954
v 0.02060823 -0.12026581 0.01471792
v 0.01677796 -0.11941003 0.01669840
v 0.00939146 -0.12015308 0.02306419
v 0.01559159 -0.12015738 0.01825745
v 0.03103234 -0.11862533 0.02024909
v 0.03658281 -0.12256619 0.02758476
v 0.03338180 -0.12074237 0.02036888
v 0.02430566 -0.11956739 0.01491650
v 0.02007318 -0.12700534 0.02628048
v 0.01898145 -0.12210613 0.01615763
v 0.02497444 -0.12412847 0.01290677
v 0.02498461 -0.12165520 0.01225058
v 0.02631049 -0.12034494 0.01234702
v 0.03060484 -0.12529463 0.03327320
v 0.03685464 -0.12233725 0.03034441
v 0.04292620 0.01101575 0.01466265
v 0.04195057 0.04537541 0.02289098
v 0.04325945 0.03819533 0.02290312
v 0.04548172 0.03930991 0.02318059
v 0.05052866 0.04373739 0.02394576
v 0.05230129 0.04277146 0.02518248
v 0.04733934 0.04614826 0.02342842
v 0.05118021 0.02793793 0.01694765
v 0.05062889 0.00800048 0.01874912
v 0.05606807 0.03727354 0.02615628
v 0.05736165 0.03205956 0.02447010
v 0.05933718 0.03284614 0.02800100
v 0.06563970 0.02848660 0.03142851
v 0.07744391 0.03346589 0.02992779
v 0.07476687 0.03171844 0.03401009
v 0.07142345 0.03404576 0.03469811
v 0.06116200 0.01099826 0.02664570
v 0.06029366 0.00669459 0.02635471
v 0.05972975 -0.00174692 0.02401621
v 0.05677088 -0.00225306 0.02022286
v 0.05628228 -0.01426052 0.01030800
v 0.07880308 -0.01243478 0.03335954
v 0.08507350 -0.00910419 0.03985688
v 0.08934296 -0.00598487 0.04401863
v 0.08936442 -0.00237340 0.04187070
v 0.08222931 0.02100035 0.03887538
v 0.08360521 0.02602011 0.03870820
v 0.08103839 0.02882421 0.03670404
v 0.08073653 0.01401245 0.03605273
v 0.08183001 -0.00058407 0.03676236
v 0.06360838 -0.00395220 0.02499392
v 0.07221819 -0.00999482 0.02327209
v 0.07619683 -0.01098368 0.02450191
v 0.06474133 -0.01361528 0.01898423
v 0.06029454 -0.02293324 0.01456043
v 0.07830446 -0.02444283 0.01450179
v 0.08595034 -0.01742165 0.04027880
v 0.09384783 -0.02395761 0.02617327
v 0.07422730 -0.02987410 0.01633125
v 0.05784566 -0.03278600 0.01073309
v 0.06358390 -0.04129567 0.01313035
v 0.06764419 -0.04198771 0.01353037
v 0.07178661 -0.03599038 0.01533381
v 0.06176453 -0.03700754 0.01321098
v 0.06330111 -0.04561464 0.01037175
v 0.06253657 -0.04675142 0.00848147
v 0.05622835 -0.03742992 0.00819182
v 0.10420147 -0.02073418 0.03744503
v 0.09959947 -0.01970059 0.04332224
v 0.09723715 -0.02185546 0.04220965
v 0.09443427 -0.02048809 0.04371145
v 0.10326004 -0.00478326 0.04444952
v 0.10344376 -0.01101106 0.04408521
v 0.10246585 0.00372992 0.04169175
v 0.10531931 0.00045625 0.04155987
v 0.09832104 0.01471697 0.01982894
v 0.09891956 0.02665578 0.01537532
v 0.09742042 0.01860262 0.02744253
v 0.10541747 0.00673858 0.03403071
v 0.09602930 0.02129374 0.02306000
v 0.12436952 0.04238437 -0.00607022
v 0.13254601 0.05092330 -0.01249329
v 0.14780049 0.08474015 -0.01567080
v 0.15224141 0.07544219 -0.00120260
v 0.15315211 0.07200709 0.00146953
v 0.15203527 0.07382683 -0.00328924
v 0.14623909 0.06422898 -0.00612817
v 0.14679857 0.06322329 0.00586918
v 0.14415497 0.06321809 0.01221472
v 0.13836788 0.05229313 0.01012749
v 0.13581932 0.05024491 0.01237293
v 0.12747161 0.04288590 0.00481347
v -0.10404784 -0.05567928 0.01253792
v -0.10190576 -0.07363331 0.01756443
v -0.08021938 -0.09769905 0.02734156
v -0.08395745 -0.09807520 0.02086511
v -0.08649019 -0.09722684 0.01786305
v -0.08284868 -0.10098656 0.01755752
v -0.07635953 -0.11801650 0.02751702
v -0.07421155 -0.10319220 0.02768278
v -0.08075050 -0.10171975 0.01824643
v -0.07206748 -0.10468583 0.02607480
v -0.07482258 -0.10758188 0.02033829
v -0.07477295 -0.11536813 0.01904660
v -0.07018705 -0.11467328 0.01616286
v -0.05686602 -0.11263601 0.02128217
v -0.10782591 -0.06197064 0.01288007
v 0.02471016 0.01243416 0.01724523
v 0.02757018 0.03178804 0.00967634
v 0.02767608 0.02584345 0.01176760
v 0.02290766 0.03113541 0.01119304
v 0.02974925 0.03640458 0.00385820
v 0.03402084 0.03302019 0.00702949
v 0.04261000 0.03411639 0.00540552
v 0.03911729 0.03547639 0.00126135
v 0.03315488 0.03731934 -0.00016630
v -0.07307675 -0.12015708 0.03208135
v -0.07021341 -0.12378103 0.03054836
v -0.06496467 -0.12006775 0.03612183
v -0.05485736 -0.11498239 0.03022476
v -0.05437625 -0.11556938 0.02757256
v -0.06653794 -0.12243602 0.02577566
v -0.06296834 -0.11878657 0.01428451
v -0.05890584 -0.11533800 0.01521136
v -0.05833397 -0.11655618 0.01646170
v -0.06371761 0.01601298 -0.03421876
v -0.06483267 0.01206333 -0.03698586
v -0.06845040 0.00864675 -0.03808548
v -0.07831716 0.00011385 -0.03681341
v -0.06401368 0.00594172 -0.04021018
v -0.06150510 0.00869574 -0.03954514
v -0.06614408 0.02341453 -0.02527319
v -0.07213811 0.02876489 -0.01582645
v -0.07028146 0.03108532 -0.00569285
v -0.07508145 0.03065692 -0.01033838
v -0.06436901 0.03054961 -0.01013420
v -0.04411557 0.02995170 -0.01678790
v -0.04563196 0.00769309 -0.04117946
v -0.04877137 -0.00347474 -0.04524718
v -0.07166193 -0.02920288 -0.04015449
v -0.06145246 -0.03363873 -0.04016685
v -0.07860957 -0.03284293 -0.03731457
v -0.07763168 -0.02020463 -0.04084765
v -0.08653089 0.03066967 -0.01202900
v -0.09235767 0.02985804 -0.01601436
v -0.08745154 0.02452735 -0.02729816
v -0.09489296 0.03174892 -0.00301732
v -0.11322264 0.02552913 -0.02011335
v -0.07650898 0.03057833 0.00037610
v -0.11592736 0.02619602 -0.01016777
v -0.11299716 0.02028463 -0.03005411
v -0.08408396 0.00689415 -0.03617566
v -0.08466216 -0.01336634 -0.03749742
v -0.06327441 -0.03663775 -0.03848540
v -0.05354096 -0.02932036 -0.04313157
v -0.04589491 -0.00819675 -0.04596904
v -0.05154362 -0.03739459 -0.03900490
v -0.04158615 -0.01709101 -0.04567377
v -0.04819835 0.03168098 -0.00545271
v -0.05042283 0.02986541 -0.00045254
v -0.03691551 0.02949630 -0.02032343
v -0.02895128 0.03622800 -0.01196935
v -0.02933388 0.03604524 -0.00513440
v 0.04989500 0.03455790 -0.00329386
v 0.05419280 0.03644322 0.00041652
v 0.03246467 -0.02960604 -0.00594202
v 0.01510855 -0.04165663 -0.01533379
v 0.01742822 -0.03912504 -0.01555946
v 0.02620683 -0.03059785 -0.01433188
v 0.01543035 -0.03554600 -0.02393199
v 0.02006399 -0.03315629 -0.01810091
v 0.01871103 -0.03077067 -0.03034312
v 0.02854723 -0.02334187 -0.01933126
v 0.01187828 -0.04030262 -0.03382554
v 0.01907203 -0.02798247 -0.03335890
v 0.04555793 -0.01585272 -0.01359349
v 0.03058678 -0.00837439 -0.02687608
v 0.02879452 -0.01796837 -0.02285469
v 0.02304891 -0.01229696 -0.03038732
v 0.01859360 -0.02290177 -0.03485428
v 0.01765911 -0.02114036 -0.03580663
v 0.01589195 -0.01777381 -0.03692662
v 0.01826739 -0.01523735 -0.03545908
v 0.02019943 -0.00908672 -0.03436829
v 0.01727086 -0.02666647 -0.03686005
v 0.01164646 -0.03800324 -0.03677237
v 0.00950893 -0.04388831 -0.03547623
v 0.00837962 -0.04752165 -0.03493902
v 0.00741537 -0.05072908 -0.03701694
v 0.00691786 -0.05091019 -0.03468504
v -0.00212819 -0.04671187 -0.04594749
v 0.00074003 -0.04253173 -0.04437836
v -0.00514843 -0.04993584 -0.04592013
v -0.00402184 -0.03592217 -0.04603099
v 0.00911989 -0.02923099 -0.04336572
v -0.01080645 -0.03790310 -0.04477505
v -0.01188725 -0.04072936 -0.04373992
v -0.00415431 -0.05916519 -0.04578508
v 0.00473373 -0.06197669 -0.03552304
v 0.00527109 -0.05653160 -0.03883432
v -0.01274946 -0.06413921 -0.04080284
v -0.01238966 -0.06762129 -0.04212705
v -0.00329569 -0.06390966 -0.04681458
v -0.00828084 -0.03295793 -0.04721588
v -0.01454079 -0.03363919 -0.04550097
v -0.13455234 0.00550732 -0.02717232
v -0.13116497 0.00200249 -0.03363225
v -0.11528013 -0.00130626 -0.04197311
v -0.11139005 -0.00605305 -0.04345258
v -0.10797706 -0.01074010 -0.04410189
v -0.08813818 -0.00871159 -0.03796355
v -0.09054944 -0.02531723 -0.03886548
v -0.10840101 -0.01889699 -0.04370586
v -0.10434418 -0.02502099 -0.04324943
v -0.10256797 -0.03524050 -0.04301877
v -0.11786491 -0.01956034 -0.04315581
v -0.11644226 -0.03361745 -0.04277669
v -0.10607939 -0.04148652 -0.04147359
v -0.09421340 -0.04246993 -0.03267819
v -0.10262701 -0.04891361 -0.03514476
v -0.12747315 -0.02093752 -0.03897180
v -0.12463197 -0.03862418 -0.03984594
v -0.12700020 -0.03677593 -0.03814059
v -0.13101211 -0.05327863 -0.03588298
v -0.03765791 -0.04067275 -0.03705285
v -0.04185580 -0.03722828 -0.03852797
v -0.03158540 -0.04203234 -0.03508195
v -0.03360197 -0.04269405 -0.03274752
v -0.02583301 -0.04057421 -0.03601986
v -0.02159407 -0.03872606 -0.03656752
v -0.03201082 -0.03526926 -0.03746418
v -0.02232287 -0.02944528 -0.03954189
v -0.12447786 -0.06105809 -0.04058371
v -0.12860955 -0.06021142 -0.04022195
v -0.13276750 -0.06407615 -0.04043805
v -0.12368844 -0.06402188 -0.04004970
v -0.13535412 -0.06376934 -0.03857916
v -0.13980469 -0.06648356 -0.03382183
v -0.13736491 -0.07622095 -0.04364203
v -0.12259403 -0.07564038 -0.03369549
v -0.12192747 -0.08020341 -0.03652392
v -0.12242250 -0.07848722 -0.03840382
v -0.12217080 -0.08685789 -0.04102894
v -0.12124928 -0.08683886 -0.03815217
v -0.12300939 -0.09237366 -0.04589812
v -0.12673432 -0.08206643 -0.04294799
v -0.11780372 -0.09706487 -0.04622917
v -0.12050377 -0.10282300 -0.05110808
v -0.13108055 -0.08195018 -0.04465350
v -0.12608440 -0.10074654 -0.04897467
v -0.11271998 -0.10123631 -0.04178555
v -0.12141138 -0.10909760 -0.05197540
v -0.11754116 -0.10754494 -0.05290130
v -0.10858443 -0.11754647 -0.05830456
v -0.10551047 -0.11350930 -0.05741110
v -0.10436941 -0.11721500 -0.06022015
v -0.09989688 -0.11189431 -0.05517122
v -0.09732275 -0.00545044 -0.04189179
v -0.12992844 -0.09195714 -0.04667309
v -0.02330468 -0.02025103 -0.04211660
v -0.02017202 -0.03040272 -0.04051357
v -0.01159300 -0.02619905 -0.04747364
v -0.00854944 -0.02310489 -0.04841962
v -0.02211864 -0.01468214 -0.04298525
v -0.01899667 -0.01268668 -0.04350008
v -0.02573839 -0.00147859 -0.04233642
v -0.02452841 0.00701350 -0.03935870
v -0.02990177 0.03393368 -0.01610558
v -0.02175402 0.03738003 -0.01634862
v 0.02169087 0.03937589 -0.01458295
v 0.03568176 0.03435454 -0.01104167
v 0.03269406 0.03330153 -0.01462932
v 0.02866414 0.03221960 -0.01799907
v 0.01256441 0.04601954 -0.00553446
v 0.01649158 0.04341685 -0.01134083
v 0.02640401 0.02735026 -0.02274633
v 0.01314614 0.04388113 -0.01486360
v 0.00393564 0.04702122 -0.01119953
v -0.00061875 0.04666795 -0.01246047
v -0.00844758 0.04590093 -0.00968801
v -0.00337701 0.04460839 -0.01608790
v -0.00568299 0.04492941 -0.01443449
v -0.00190811 0.03476712 -0.02669345
v -0.00157161 0.03720077 -0.02506616
v 0.00311449 0.02860235 -0.02946624
v -0.00955703 0.02366142 -0.03245289
v -0.01345082 0.01267010 -0.03821140
v -0.00702138 -0.01760766 -0.04826127
v 0.00925155 -0.00938210 -0.04025770
v 0.00085112 -0.02024375 -0.04797368
v 0.06603904 0.03885286 -0.00103583
v 0.06202021 0.04077536 0.00930485
v 0.09760734 -0.02355335 0.03005374
v 0.07269938 -0.04061247 0.00684239
v 0.05545815 -0.03624082 0.00565440
v 0.05858644 -0.03845967 0.00320889
v 0.06282043 -0.04542697 0.00448354
v 0.06460761 -0.04472175 0.00339620
v 0.05930474 -0.04444177 0.00571018
v 0.07485806 -0.01860906 0.00348323
v 0.08519267 -0.01053339 0.01348308
v 0.09314494 -0.01086533 0.01648877
v 0.09435493 -0.01702376 0.02031809
v 0.07857806 -0.00935711 0.00067212
v 0.08182956 -0.00580256 -0.00031090
v 0.08582547 -0.00130745 0.00249006
v 0.09301274 -0.00543748 0.01562158
v 0.10416075 -0.02017215 0.03068522
v 0.09892480 -0.01605853 0.02217895
v 0.10230856 -0.01363535 0.02358445
v 0.10124399 -0.01075044 0.02211142
v 0.09701585 0.00842623 0.01491638
v 0.09727070 0.02005246 0.00678535
v 0.07877870 -0.00123409 -0.00341026
v 0.07342010 0.00729755 -0.00770491
v 0.06654351 -0.01931228 -0.00034643
v 0.05648138 -0.02067038 0.00583362
v 0.05555350 -0.02675210 0.00502087
v 0.06318824 -0.02266945 0.00042560
v 0.06057020 -0.01914572 0.00162124
v 0.06334474 -0.01893888 0.00037233
v 0.00498237 0.00309647 -0.04077423
v 0.01739003 -0.00116993 -0.03644326
v 0.02626119 0.00964948 -0.02956103
v 0.00996519 -0.00112288 -0.04031766
v 0.00655051 -0.07629761 -0.04086407
v 0.00295238 -0.07164691 -0.04587524
v 0.00538335 -0.08012904 -0.04356681
v -0.00828286 -0.07674169 -0.04638755
v -0.00593054 -0.08313552 -0.04649395
v -0.00419977 -0.09279636 -0.04394070
v 0.00618291 -0.08624433 -0.04311940
v -0.00455631 -0.07930053 -0.04839014
v -0.00372857 -0.08474691 -0.04782158
v 0.00902127 -0.09641750 -0.04231262
v 0.01509402 -0.10571618 -0.04129581
v 0.02074076 -0.11127482 -0.04285285
v 0.00667760 -0.09874839 -0.04753381
v 0.00354530 -0.10235049 -0.04906703
v 0.00081183 -0.09380630 -0.04827621
v -0.00176653 -0.07381275 -0.04924010
v -0.00232750 -0.07015644 -0.04877118
v -0.00712739 0.00489070 -0.04177191
v -0.01333854 0.00774530 -0.04011312
v 0.00865675 0.01515030 -0.03568722
v 0.01872214 0.02443882 -0.02767179
v 0.09864657 0.02859414 0.00749121
v 0.06970470 -0.00423717 -0.00582987
v 0.06290945 -0.00237401 -0.00880669
v 0.06884914 0.00519438 -0.00879076
v 0.05634315 -0.01540363 -0.00666247
v 0.05861811 0.00055914 -0.01320630
v 0.06180046 0.01764219 -0.01131470
v 0.06478321 0.03347685 -0.00738731
v 0.06789839 0.03809198 -0.00735149
v 0.07250005 0.04012969 0.00203336
v 0.07425995 0.04101725 0.00613765
v 0.09502394 0.03119902 0.00013852
v 0.10502495 0.03400937 -0.00679943
v 0.09488786 0.03167531 -0.00783808
v 0.09541480 0.03609198 -0.01789958
v 0.08617586 0.02553533 -0.00025751
v 0.07169044 0.03065530 -0.00907098
v 0.06800327 0.02882867 -0.00860831
v 0.06655122 0.03568612 -0.00945368
v 0.06900898 0.04005456 -0.00734725
v 0.07081594 0.04965211 -0.01373729
v 0.06905795 0.03201841 -0.01107662
v 0.07919630 0.03795119 -0.00794191
v 0.07695395 0.03799404 -0.01200015
v 0.07677156 0.03762776 -0.01462726
v 0.08248158 0.03634982 -0.00994763
v 0.08854000 0.03180064 -0.00910690
v 0.09281816 0.03577119 -0.01633921
v 0.09842904 0.03708077 -0.01826132
v 0.09930614 0.04323763 -0.02932953
v 0.08617665 0.03552283 -0.01372927
v 0.08054723 0.03943896 -0.01281365
v 0.07480141 0.03498685 -0.01471192
v 0.06621756 0.03620735 -0.01473045
v 0.07557344 0.04094737 -0.02498963
v 0.08891036 0.04098757 -0.02087605
v 0.08427508 0.04369163 -0.02505304
v 0.07885522 0.04605537 -0.02794811
v 0.08596623 0.04634262 -0.03349530
v 0.06995437 0.04102745 -0.02425233
v 0.06862810 0.03873911 -0.02221281
v 0.07545634 0.04476884 -0.02714735
v 0.06694464 0.04302672 -0.01950765
v 0.08476609 0.05344761 -0.02616636
v 0.08694394 0.05329322 -0.02551107
v 0.08425037 0.05467930 -0.02861022
v 0.08670361 0.05420772 -0.03097229
v 0.05154631 -0.00141476 -0.01761677
v 0.04954991 0.00988763 -0.01912485
v 0.04831500 -0.01739001 -0.01087007
v 0.07438484 0.05374319 -0.02573616
v 0.07758088 0.05357883 -0.02708242
v 0.07919022 0.04985053 -0.03349144
v 0.09271085 0.05591136 -0.03769768
v 0.09427662 0.05939018 -0.04158603
v 0.09427666 0.04988884 -0.03643768
v 0.12451064 0.04945889 -0.02267429
v 0.10725714 0.05168686 -0.03728986
v 0.09996015 0.05104272 -0.03917530
v 0.10314201 0.05646637 -0.04343423
v 0.09363873 0.06757236 -0.05045956
v 0.09483291 0.06312723 -0.05094509
v 0.10037393 0.05980687 -0.04722816
v 0.09556320 0.07519852 -0.05751754
v 0.13672581 0.09538819 -0.02827110
v 0.11224794 0.07631095 -0.05048119
v 0.09140320 0.07999568 -0.05618874
v 0.09322768 0.08328258 -0.05541410
v 0.13884313 0.10244528 -0.03020833
v 0.13671337 0.10505528 -0.03191114
v 0.13839798 0.10425122 -0.03433410
v 0.13861212 0.09543694 -0.02761131
v 0.13920197 0.09472352 -0.02642290
v 0.13921939 0.10079911 -0.03431475
v 0.13547873 0.09917320 -0.03767909
v 0.13997346 0.09328642 -0.03095364
v 0.14000452 0.09086625 -0.02860196
v 0.13716124 0.09403738 -0.02447882
v 0.13931888 0.09853452 -0.02412934
v 0.14710836 0.09219256 -0.01241038
v 0.14843112 0.09924005 -0.01458559
v 0.14860635 0.09752567 -0.01755101
v 0.14766875 0.09025148 -0.02232442
v 0.14845838 0.09343980 -0.02098220
v 0.14437066 0.08919109 -0.02434118
v 0.14401685 0.07537264 -0.02016618
v 0.12697847 0.08120497 -0.04116482
v 0.12805876 0.06796409 -0.03448978
v 0.12656495 0.10913401 -0.04369011
v 0.12238985 0.10871588 -0.05042411
v 0.13016315 0.09598638 -0.04234544
v 0.12363330 0.10647976 -0.04953157
v 0.11918469 0.11012878 -0.04925980
v 0.11772219 0.11090840 -0.04675899
v 0.11564671 0.10754779 -0.05286118
v 0.11641019 0.10651874 -0.05438664
v 0.11238007 0.10478370 -0.05198617
v 0.09333859 0.08228233 -0.06040258
v 0.11296675 0.10409684 -0.05508746
v 0.11094069 0.10235085 -0.05349655
v 0.14761512 0.10091120 -0.01558633
v 0.14347400 0.11182730 -0.01269269
v 0.14387944 0.10616081 -0.01884606
v 0.14420998 0.10184964 -0.01976268
v 0.14449587 0.11188138 -0.01452900
v 0.13140158 0.08717708 -0.03899192
v 0.00101068 -0.08493108 -0.04801196
v 0.01124346 -0.11076745 -0.05068881
v 0.00743685 -0.11730666 -0.05008332
v 0.01150591 -0.11828832 -0.05059588
v 0.02039367 -0.12534364 -0.04855772
v 0.02802561 -0.11737978 -0.03957587
v 0.03088165 -0.12413778 -0.03962041
v 0.02355353 -0.12646268 -0.04870345
v 0.02610770 -0.12632020 -0.04923317
v 0.03005141 -0.12447328 -0.04639842
v 0.02162996 -0.12358222 -0.05313095
v 0.02969972 -0.12152000 -0.04950695
v 0.02863534 -0.12041795 -0.05014607
v 0.02494956 -0.11732457 -0.04925724
v 0.02192988 -0.11798446 -0.05094494
v -0.09987923 0.02278995 0.01870481
v -0.10670506 0.01697059 0.02416196
v -0.10454747 0.01317406 0.02723116
v -0.07863823 0.01700719 0.02201895
v -0.07440217 0.01955962 0.01819072
v -0.08141910 0.02623083 0.01320714
v -0.06227836 0.01074935 0.02037271
v -0.06061462 0.00354652 0.02382531
v -0.08213945 0.02872163 0.00775696
v -0.06490310 0.02282167 0.01233490
v -0.09517427 -0.00288923 0.03153718
v -0.10889359 0.00281270 0.03095115
v -0.11147172 0.01331652 0.02565713
v -0.11664980 0.01222412 0.02434361
v -0.12122668 0.01376498 0.02069112
v -0.09165506 -0.01064866 0.03160766
v -0.09593000 -0.00892911 0.03261309
v -0.09780780 -0.02059963 0.03339632
v -0.10740875 -0.01716751 0.03376428
v -0.11693154 -0.02856947 0.02988423
v -0.08852314 -0.02472838 0.02940642
v -0.08975036 -0.03179221 0.03005570
v -0.11076716 -0.03181518 0.03198381
v -0.11376385 -0.03455914 0.03078708
v -0.09934167 -0.03560306 0.03290840
v -0.08394051 -0.02437128 0.02640338
v -0.08787210 -0.03624920 0.02808327
v -0.05956823 -0.00358160 0.02640244
v -0.07408458 -0.02513384 0.02135618
v -0.08726786 -0.04347620 0.02362972
v -0.08543929 -0.03936384 0.02509353
v -0.08481196 -0.03533889 0.02627671
v -0.08897278 -0.04067077 0.02721813
v -0.07875322 -0.03658858 0.00603370
v -0.09549765 -0.05181557 0.02636940
v -0.09393606 -0.05452588 0.02245201
v -0.09572513 -0.05889181 0.02240782
v -0.09459159 -0.04155514 0.02928485
v -0.10376224 -0.03959876 0.03249865
v -0.10361256 -0.04787263 0.03080599
v -0.12534325 -0.01173632 0.02602315
v -0.05579010 0.02680864 0.00643881
v -0.03841525 0.02760083 0.00660246
v -0.02771798 0.03062517 0.00548183
v -0.03576052 0.03343806 -0.00411934
v -0.03085123 0.02674087 0.00929595
v -0.03416532 0.02241027 0.01371137
v -0.02208096 0.01587345 0.01812370
v -0.04833951 0.02137607 0.01420634
v -0.04330207 0.01526043 0.01951765
v -0.03457318 0.01071531 0.02163491
v -0.03724422 0.00081317 0.02528047
v -0.05211845 -0.02954844 0.02279440
v -0.04111009 -0.00603177 0.02669694
v -0.03417018 -0.00846686 0.02527358
v -0.01568950 -0.00525931 0.02124451
v -0.00999243 -0.00515429 0.02262704
v -0.02313871 -0.02960543 0.02051024
v -0.03407233 -0.02965462 0.02182947
v -0.04362553 -0.01635913 0.02678926
v -0.04737300 -0.03172338 0.02184520
v -0.02896213 -0.03776835 0.01795617
v -0.03187918 -0.03681108 0.01885623
v -0.03773339 -0.03979386 0.01589873
v -0.03142675 -0.03915306 0.01651973
v -0.04636657 -0.03636716 0.01905831
v -0.05116449 -0.03880084 0.01642094
v -0.06502436 -0.03752426 0.01321284
v -0.06563568 -0.04392281 0.00038266
v -0.09058560 -0.03752276 -0.00266629
v -0.10147299 -0.05508174 0.02992782
v -0.10727349 -0.04043245 0.03214019
v -0.10809302 -0.04791925 0.03083101
v -0.10996701 -0.04334002 0.03088482
v -0.09783715 -0.06225964 0.02568200
v -0.09561335 -0.08340628 0.03063581
v -0.09412873 -0.08755992 0.03188755
v -0.09303520 -0.09170151 0.03231672
v -0.08909616 -0.09717810 0.03303756
v -0.09834585 -0.08601329 0.03247462
v -0.10610450 -0.06836533 0.03344727
v -0.11001980 -0.07529109 0.03260918
v -0.11391672 -0.07192486 0.03153346
v -0.08188342 -0.09738407 0.03013312
v -0.07554892 -0.10712326 0.03283731
v -0.07912987 -0.10996206 0.03371396
v -0.01788242 0.03451340 0.00604313
v 0.00054265 0.04110461 0.00767660
v 0.00601195 0.04377391 0.00444723
v 0.01345034 0.04526790 -0.00154618
v -0.01307188 -0.01836696 0.02564560
v -0.01580378 -0.02519477 0.02490101
v -0.12651661 -0.02412519 0.02372421
v -0.13245110 0.00634532 0.01539401
v -0.11694444 -0.05402560 0.02547281
v -0.11762088 -0.05143004 0.02458033
v -0.04763586 -0.04395784 0.00369318
v -0.02154318 0.03818503 -0.00199381
v -0.02292973 0.03447177 0.00304119
v -0.01443467 0.04045054 0.00125968
v -0.01398504 0.04308864 -0.00379988
v 0.00912038 0.04695007 -0.00456429
v -0.08858337 -0.04666185 0.02067708
v -0.07034861 -0.03843376 -0.03364740
v -0.05976132 -0.04040290 -0.03509969
v -0.05216235 -0.04185013 -0.03413809
v -0.05477232 -0.04293532 -0.02961081
v -0.05242812 -0.04472311 -0.00115564
v -0.07508790 -0.04652435 -0.00121904
v -0.09079792 -0.04375310 0.01268540
v -0.09374240 -0.03562931 0.00665751
v -0.09562109 -0.07826372 0.02568774
v -0.10000875 -0.07164934 0.01816981
v -0.08584485 -0.09413917 0.03044371
v 0.01001342 -0.04405030 -0.00574209
v 0.00080310 -0.04148570 -0.01985163
v -0.00469619 -0.04379798 -0.01213812
v 0.00126609 -0.04263484 -0.02445979
v 0.00255634 -0.04849120 -0.02990345
v -0.00328170 -0.05819945 -0.03067875
v -0.00441836 -0.04749825 -0.02850866
v -0.00090121 -0.05872115 -0.03102677
v -0.00667743 -0.06770132 -0.03412225
v -0.01159726 -0.05513770 -0.03613124
v -0.01270796 -0.05939899 -0.04061317
v -0.01145053 -0.06377226 -0.03731561
v 0.00220615 -0.06503156 -0.03347957
v -0.00318953 -0.07482271 -0.03316045
v -0.00652976 -0.07706280 -0.03586064
v -0.01112815 -0.07436440 -0.04001498
v -0.00911355 -0.04723964 -0.03149921
v -0.01398257 -0.04261433 -0.02471076
v -0.01719114 -0.04158211 -0.02925968
v -0.02547366 -0.04607821 -0.01697510
v -0.03312121 -0.04624322 -0.01117601
v -0.03738119 -0.04595913 -0.00440063
v -0.07907978 -0.03628241 -0.03302502
v -0.06558513 -0.03886153 -0.03578413
v -0.08545614 -0.03486314 -0.03369044
v -0.07815999 -0.03675474 -0.02931829
v -0.08264862 -0.03683162 -0.02014458
v -0.07908143 -0.04095764 -0.01807174
v -0.07798183 -0.04586690 -0.01375315
v -0.09690655 -0.03584189 -0.00704198
v -0.10186332 -0.04313613 -0.02570588
v -0.12879993 -0.03267996 -0.01849573
v -0.12566598 -0.03723176 -0.01932010
v -0.12133275 -0.02819920 -0.01146764
v -0.11465392 -0.02807929 -0.01203431
v -0.11213272 -0.02964224 -0.01469482
v -0.12084647 -0.04559487 -0.02063576
v -0.11376034 -0.02920499 -0.00773056
v -0.10821019 -0.02720500 -0.01059306
v -0.10198858 -0.02982124 -0.01547109
v -0.09997019 -0.03107115 -0.00366034
v -0.11937169 -0.03254797 -0.00562191
v -0.11778837 -0.03185804 -0.00093468
v -0.10707816 -0.02848532 0.00044218
v -0.09700479 -0.03116646 0.00038929
v -0.11314275 -0.02958292 0.00289907
v -0.03158062 -0.04402959 -0.02673020
v -0.05202097 -0.04492548 -0.02264300
v -0.06403813 -0.04413834 -0.02092985
v -0.07156840 -0.04922643 -0.01134374
v -0.08667398 -0.04532298 -0.00866685
v -0.07847489 -0.05106970 -0.00793230
v -0.08015585 -0.04960026 -0.00502181
v -0.07418080 -0.05078094 -0.00601883
v -0.07230784 -0.04754531 -0.00210274
v -0.07032596 -0.04815818 -0.00390218
v -0.07709610 -0.05099604 -0.00986514
v -0.07409358 -0.05103583 -0.00921980
v -0.11180161 -0.04733406 -0.02368404
v -0.11004250 -0.05090151 -0.02676263
v -0.11080654 -0.05647328 -0.03261163
v -0.11383253 -0.05746270 -0.03001677
v -0.11734370 -0.06077236 -0.02986990
v -0.13840857 -0.07583150 -0.03087497
v -0.13579842 -0.07959627 -0.03175411
v -0.12817301 -0.06213123 -0.02575187
v -0.12906823 -0.07028032 -0.02713419
v -0.12686016 -0.06454361 -0.02628779
v -0.13339800 -0.07815497 -0.02973010
v -0.11881563 -0.05807054 -0.02657979
v -0.13000333 -0.08253749 -0.03193700
v -0.12700211 -0.08697861 -0.03448653
v -0.12575744 -0.09499133 -0.03680691
v -0.11581501 -0.10004000 -0.03977939
v -0.10628293 -0.11040666 -0.04208536
v -0.11328247 -0.11249847 -0.04125948
v -0.04593816 -0.04581435 -0.00493096
v -0.00658631 -0.08469046 -0.04050555
v -0.00711549 -0.08443128 -0.04231542
v -0.00460557 -0.08525615 -0.03745094
v -0.00215219 -0.09243465 -0.03812563
v 0.00242472 -0.10694528 -0.03789205
v 0.00142931 -0.10630335 -0.04062274
v 0.00224609 -0.11346837 -0.04326017
v 0.01483723 -0.12077180 -0.03677303
v 0.02122841 -0.12441724 -0.03541065
v 0.02511393 -0.12444050 -0.03421354
v 0.02667745 -0.12181105 -0.03367744
v 0.02647043 -0.12647486 -0.03816651
v 0.02634475 -0.12660782 -0.04312151
v 0.04723711 0.03613274 0.01212821
v 0.05041492 0.03603130 0.01083012
v 0.05556476 0.03906736 0.01181433
v 0.05419928 0.04282290 0.01514171
v 0.05609574 0.04023906 0.01376880
v 0.06472273 0.03993393 0.02026049
v 0.05851508 0.04100860 0.02026796
v 0.07138490 0.04272259 0.03163056
v 0.05876724 0.04668167 0.02856957
v 0.05450403 0.05171581 0.02951118
v 0.05119976 0.05825529 0.03421772
v 0.07022527 0.04672357 0.03858263
v 0.06723430 0.05369172 0.03542577
v 0.06147191 0.05971422 0.04070020
v 0.05284995 0.05917877 0.04007411
v 0.05020916 0.05246545 0.01992301
v 0.04833966 0.05174540 0.01708799
v 0.04128413 0.05340425 0.01716101
v 0.05058016 0.05926591 0.03881145
v 0.05732462 0.07330952 0.05053516
v 0.05521500 0.06129322 0.04213274
v 0.07209468 0.05008439 0.04085670
v 0.07035189 0.04586441 0.04202075
v 0.03620735 0.06360451 0.04160410
v 0.08562693 0.05730974 0.05002766
v 0.09118551 0.06105318 0.04059553
v 0.04463880 0.06271102 0.03535203
v 0.01601505 0.07758304 0.03702157
v 0.01696169 0.07845300 0.03691696
v 0.06836824 0.11337247 0.05577149
v 0.06115418 0.11081556 0.05529294
v 0.05580208 0.11683892 0.05433805
v 0.05732894 0.11240561 0.05567328
v 0.05893422 0.10415691 0.05877722
v 0.05626767 0.12795381 0.05249416
v 0.05488218 0.12801562 0.05340552
v 0.05216262 0.13119040 0.05187406
v 0.05281146 0.13104381 0.05105240
v 0.05215577 0.13039513 0.05058171
v 0.04264852 0.12947048 0.05142264
v 0.01966651 0.11988443 0.04237178
v 0.01900757 0.11860125 0.04082888
v 0.02147882 0.11927747 0.04145523
v 0.01122234 0.11598044 0.03771083
v 0.01767964 0.11135619 0.03909600
v 0.01138303 0.11390887 0.03406067
v 0.01063056 0.11118725 0.03221295
v 0.02638200 0.11412239 0.04581136
v 0.03471043 0.12925938 0.05104242
v 0.02814607 0.12099829 0.04540769
v 0.03702217 0.10357793 0.05343186
v 0.03264738 0.09816480 0.05058255
v 0.01318246 0.07819433 0.03420020
v 0.01831742 0.09327304 0.04037877
v 0.01457657 0.09091682 0.03696832
v 0.00834915 0.10874614 0.03117285
v 0.00537454 0.09804361 0.02862001
v 0.00600187 0.09513901 0.02901806
v 0.00495878 0.09184664 0.03209617
v 0.00730274 0.09497559 0.02945133
v 0.00720633 0.09212176 0.03015046
v 0.09544262 0.06865663 0.04607571
v 0.09400795 0.06915104 0.04945881
v 0.09375038 0.07100157 0.04667937
v 0.08295264 0.08022129 0.05483637
v 0.08623856 0.07993402 0.05371857
v 0.08875759 0.07679991 0.05242736
v 0.08987295 0.06842005 0.04697292
v 0.08527255 0.07966562 0.05244940
v 0.06651670 0.06478066 0.04642494
v 0.06836876 0.06881432 0.04931738
v 0.06525071 0.08105342 0.05573657
v 0.07292029 0.08373239 0.05692928
v 0.06381997 0.08733182 0.05896085
v 0.06623300 0.08907737 0.06040790
v 0.04590881 0.08129243 0.05194873
v 0.04661036 0.10157873 0.05659084
v 0.07443720 0.10233775 0.06506097
v 0.07554758 0.10142434 0.06278393
v 0.02133197 0.09861215 0.04297340
v 0.03729451 0.10920242 0.05374899
v 0.03290514 0.12078697 0.04855175
v 0.03115642 0.12424392 0.04629374
v 0.03671566 0.12708615 0.05012588
v 0.05195148 0.12423741 0.05074268
v 0.04835383 0.12156461 0.05153378
v 0.05315035 0.11261413 0.05603690
v 0.03633136 0.06917433 0.04255210
v -0.10279025 -0.04973582 0.01193818
v -0.10558702 -0.08670133 0.02822163
v -0.11034712 -0.08305386 0.02391950
v -0.10410357 -0.09033061 0.02465690
v -0.10699043 -0.08690909 0.02420046
v -0.11719885 -0.07592508 0.02518447
v -0.11610692 -0.07559934 0.02771726
v -0.11839805 -0.07231474 0.02310183
v -0.11700147 -0.07273835 0.01999772
v -0.10168700 -0.09353559 0.02600114
v -0.09786362 -0.09894743 0.02473558
v -0.08669379 -0.11711106 0.02371215
v -0.13651162 -0.01235826 -0.02286696
v -0.14085780 -0.00447768 -0.01057958
v -0.14144486 -0.01052836 -0.00839045
v -0.13664976 -0.01690645 -0.01120510
v -0.13510887 -0.03063981 -0.02467164
v -0.12824932 -0.03963047 -0.03546972
v -0.13001488 -0.04418750 -0.03375139
v -0.13482612 -0.05215256 -0.03054252
v -0.13462937 -0.04944596 -0.03018679
v -0.13430794 -0.03505070 -0.02423284
v -0.14302234 -0.01441564 -0.00438540
v -0.13440353 -0.01426615 -0.00388808
v -0.13346194 -0.01467832 -0.00591178
v -0.12887794 -0.01569771 -0.00605223
v -0.14051807 -0.01607145 -0.00364340
v -0.14257495 -0.01584533 -0.00164336
v -0.13668621 -0.01416651 0.00291008
v -0.14399958 -0.01188404 0.00236743
v -0.14410624 0.00044708 -0.00130141
v -0.13665581 0.00720744 0.00753215
v -0.12897031 -0.01884697 0.02142973
v -0.12994781 -0.02329822 0.01874194
v -0.13347757 0.00249952 0.01627475
v -0.13505058 -0.00522176 0.01418046
v -0.13608691 0.00238405 0.01027652
v -0.13964611 -0.00459585 0.00682364
v -0.13548030 -0.01265091 0.00816150
v -0.13289349 -0.01746144 0.00971113
v -0.13145182 -0.02233831 0.01302818
v -0.12584496 -0.02111223 -0.00483356
v -0.12440736 -0.02273791 -0.00840178
v -0.10574542 -0.03337187 0.00399730
v -0.11234225 -0.05081624 0.01626083
v -0.11472201 -0.05379458 0.01326678
v -0.11103617 -0.03997851 0.00899266
v -0.11654252 -0.04157655 0.01420142
v -0.11598725 -0.05291633 0.01646217
v -0.11582619 -0.05796795 0.00665176
v -0.11888878 -0.05862213 0.01124773
v -0.12199194 -0.06373372 0.01242520
v -0.11803458 -0.06244691 0.00982232
v -0.11436091 -0.06928724 0.01287765
v -0.11366473 -0.07211848 0.01631333
v -0.11598355 -0.07111327 0.01574578
v -0.11922263 -0.06859165 0.01336446
v -0.12043167 -0.05981565 0.01947224
v -0.12306109 -0.03932060 0.01925251
v -0.12563699 -0.03415008 0.01659259
v -0.12379395 -0.02575663 0.00386741
v -0.13076876 -0.01932270 0.00841343
v -0.12458569 -0.03197530 -0.00248158
v -0.13106492 -0.04680518 -0.02585997
v -0.13634112 -0.05753030 -0.03195387
v -0.14064589 -0.07108568 -0.03769457
v -0.13691449 -0.06141821 -0.03027757
v -0.14036642 -0.07361124 -0.03940431
v -0.13871700 -0.07682735 -0.04211048
v -0.12994100 -0.05646290 -0.02710821
v -0.13095701 -0.06418605 -0.02671390
v -0.13353343 -0.07192574 -0.02681347
v -0.13404226 -0.09151077 -0.04133091
v -0.12796186 -0.10232365 -0.04376193
v -0.12311325 -0.10927314 -0.05042949
v -0.11391628 -0.11713787 -0.04498602
v -0.10278050 -0.11875950 -0.04232993
v -0.11014500 -0.11942844 -0.04823649
v -0.09619411 -0.11708287 -0.04415630
v -0.09190725 -0.12050983 -0.05409669
v -0.09456099 -0.11968137 -0.05839137
v -0.09432606 -0.11773778 -0.05814902
v -0.09739816 -0.12163077 -0.05761290
v -0.10788187 -0.12159368 -0.04776416
v -0.10171355 -0.12283441 -0.04970814
v -0.09581801 -0.12078503 -0.04392878
v -0.09316780 -0.12102175 -0.04423870
v -0.09325936 -0.11656719 -0.04633712
v -0.09448519 -0.11941162 -0.04370218
v -0.14494294 -0.00750029 0.00238220
v -0.12205072 -0.03484845 0.02528783
v -0.12809230 -0.02989811 0.01651821
v -0.11758128 -0.06833072 0.02807801
v -0.10632580 -0.07795272 0.01774109
v -0.11829954 -0.07262626 0.02589546
v 0.05326899 0.04603370 0.02966992
v 0.06757506 0.03941297 0.03886985
v 0.05573705 0.04084457 0.03800835
v 0.04776976 0.05312859 0.02901397
v 0.06781290 0.04649113 0.04623374
v 0.04428150 0.05358338 0.02695964
v 0.05590867 0.04416916 0.04144863
v 0.05497634 0.04813877 0.04381131
v 0.05062413 0.05079065 0.04356502
v 0.04594010 0.05425753 0.03867085
v 0.04104386 0.05694766 0.02885783
v 0.04145939 0.05988695 0.04438374
v 0.04072925 0.06276672 0.04856922
v 0.03921952 0.06536455 0.05041644
v 0.03655623 0.06274247 0.04514988
v 0.03283715 0.06793795 0.04957933
v 0.03467895 0.06844544 0.05180315
v 0.06065606 0.04900027 0.04740994
v 0.07366051 0.05168429 0.04927170
v 0.02878144 0.07415205 0.05182725
v 0.06021545 0.06903027 0.06051790
v 0.05500574 0.06649834 0.05796564
v 0.04593292 0.06960502 0.05691228
v 0.04680089 0.08097488 0.06233795
v 0.02144860 0.07329531 0.04654525
v 0.01469625 0.07633779 0.04148189
v 0.02041930 0.09828958 0.05206488
v 0.02959587 0.11838645 0.05516656
v 0.01437003 0.11126491 0.04600260
v 0.06613944 0.11130527 0.06338032
v 0.06266093 0.11550833 0.06084251
v 0.06826753 0.11450111 0.05955475
v 0.05046413 0.12289521 0.05801712
v 0.05559268 0.12249646 0.05768628
v 0.05146901 0.12860146 0.05406793
v 0.03965382 0.11384980 0.06046711
v 0.02558910 0.12440582 0.05048544
v 0.02386224 0.12420352 0.04872110
v 0.01165572 0.11424357 0.04239346
v 0.00804516 0.11117887 0.03865584
v 0.00550241 0.10308603 0.03431121
v 0.00444348 0.09518759 0.03599493
v 0.01075825 0.09642408 0.04338395
v 0.01137157 0.09032627 0.04325536
v 0.01425815 0.09410684 0.04693981
v 0.00760113 0.08930868 0.03937504
v 0.00625399 0.09364281 0.03843444
v 0.00488376 0.08671084 0.03406108
v 0.00655501 0.08195008 0.03308034
v 0.00568273 0.08614229 0.03638158
v 0.08866715 0.07339037 0.05709365
v 0.08437288 0.06914171 0.06010512
v 0.07931855 0.07361924 0.06312250
v 0.08035258 0.08718424 0.06125857
v 0.07968745 0.08419083 0.06421043
v 0.07722191 0.07781778 0.06446343
v 0.07219415 0.08281752 0.06747171
v 0.06773072 0.08699108 0.06833303
v 0.06988288 0.08948616 0.06773176
v 0.06064383 0.07654885 0.06425570
v 0.08928644 0.03256706 0.01095246
v 0.09309725 0.03063487 0.01026902
v 0.08360041 0.03649647 0.01364055
v 0.09425737 0.02823169 0.01568018
v 0.09746817 0.03506204 0.00463673
v 0.09609803 0.03266108 0.00340612
v 0.10151634 0.03454154 0.00366188
v 0.10160034 0.03745140 0.00467570
v 0.08748071 0.04122566 -0.00096090
v 0.10700554 0.03401912 0.00141999
v 0.10435053 0.03839212 0.00634812
v 0.10264733 0.03975763 0.00512588
v 0.10859291 0.04227139 0.00935293
v 0.10771216 0.04413699 0.00158739
v 0.08128408 0.04016799 -0.00484447
v 0.08318208 0.05425137 -0.01912826
v 0.08624883 0.05130294 -0.01848456
v 0.08541817 0.05360574 -0.01996662
v 0.09762342 0.05351682 -0.02979442
v 0.09109791 0.05330368 -0.02751353
v 0.09444901 0.04826059 -0.02589724
v 0.10220323 0.05616544 -0.03574330
v 0.09824587 0.05167186 -0.02745260
v 0.09709704 0.05014921 -0.02718749
v 0.08774371 0.04489091 -0.01637526
v 0.10296401 0.05224676 -0.02909435
v 0.10060979 0.06287847 -0.04169049
v 0.09854973 0.05757415 -0.03893290
v 0.09552018 0.05584769 -0.03602074
v 0.11146287 0.04734655 -0.00704777
v 0.09427157 0.04340849 -0.01347070
v 0.11942109 0.07193778 -0.03413024
v 0.12003789 0.08441039 -0.03879899
v 0.12538271 0.09414152 -0.03752083
v 0.12409204 0.08207390 -0.03431826
v 0.13354297 0.09127215 -0.02894542
v 0.12841341 0.08342294 -0.03071508
v 0.11372275 0.04389026 0.01267495
v 0.11782169 0.04637419 0.01513909
v 0.10729067 0.03751375 0.01066253
v 0.12729250 0.10121399 -0.03707259
v 0.13576519 0.08647238 -0.02155350
v 0.14048526 0.08989768 -0.01513279
v 0.13987345 0.09806896 -0.01513185
v 0.14061531 0.10470235 -0.01267654
v 0.14112832 0.07427948 -0.01371053
v 0.14481838 0.07256518 -0.00734188
v 0.13532008 0.06412859 -0.00613060
v 0.13460195 0.05879388 0.00324351
v 0.13617584 0.05759922 0.00792983
v 0.14123313 0.06798910 0.00777369
v 0.14381178 0.06941836 0.01023248
v 0.14629193 0.07391717 0.00870192
v 0.09687458 0.08541929 -0.05334054
v 0.14456865 0.10932534 -0.01138599
v 0.14622100 0.10728812 -0.01161961
v 0.11924316 0.03824901 0.01320290
v 0.13136826 0.05313947 0.01716807
v 0.13055256 0.05618128 0.01666161
v -0.00378461 -0.00683663 0.02557581
v -0.00403205 -0.01167835 0.02705547
v 0.00223405 -0.00630224 0.02675270
v 0.00836264 -0.00023469 0.02553773
v 0.00901267 0.00613397 0.02402500
v 0.00544517 0.01095698 0.02305981
v 0.01894076 -0.01886468 0.01869461
v -0.00179097 -0.01805251 0.02886129
v -0.01332750 0.01822257 0.01812419
v -0.00520960 0.01408311 0.02128953
v 0.01012097 0.02230771 0.01906598
v 0.01629873 0.01071485 0.02172367
v 0.02180885 0.02060505 0.01542023
v -0.00731580 -0.01878708 0.02831529
v -0.00877951 -0.02405490 0.02880803
v -0.01365926 -0.03088611 0.02686335
v -0.00200031 -0.03463747 0.02804097
v 0.02242138 -0.02363836 0.01203701
v 0.02549612 -0.02480278 0.00513483
v 0.03156860 -0.02082244 0.00704914
v 0.03687342 -0.02615324 -0.00016389
v -0.01382792 -0.04575925 0.02170624
v 0.01219882 -0.03035157 0.02153615
v -0.01227837 -0.05804766 0.01887724
v -0.01743898 -0.04437923 0.01843771
v -0.01941214 -0.04011147 0.01707576
v -0.00954355 -0.03695025 0.02746851
v -0.00384932 -0.05581570 0.02445793
v 0.00424324 -0.05557141 0.02106353
v 0.00771261 -0.06837671 0.02094995
v 0.00710733 -0.07163093 0.02343328
v -0.00596640 -0.07445987 0.02481356
v -0.00744103 -0.07814549 0.02292647
v 0.00056119 -0.08465465 0.02698779
v 0.00818321 -0.06211155 0.01768913
v 0.00813903 -0.07766306 0.02449964
v 0.00778436 -0.08598706 0.02670233
v -0.00174493 -0.08693875 0.02431077
v 0.01045329 -0.08768722 0.02538243
v 0.00114134 -0.09465305 0.02393193
v -0.00007202 -0.09746331 0.01949789
v 0.01596208 -0.09682924 0.02408493
v 0.00645446 -0.10640922 0.02500112
v 0.01203099 -0.11375269 0.02987641
v 0.02134128 -0.10666920 0.02762271
v 0.02317216 -0.11176778 0.02961532
v 0.03162526 -0.11592288 0.02882732
v 0.02443985 -0.12063900 0.03294750
v 0.02085006 -0.12618987 0.03077219
v 0.01592007 -0.03879231 0.00120741
v 0.01978757 -0.03368661 0.00343545
v 0.01806533 -0.03931930 -0.00212449
v 0.01644557 -0.04284021 -0.00921619
v 0.01792905 -0.04081145 -0.01171517
v 0.03784911 -0.02673163 -0.00299668
v -0.02291721 -0.04642012 -0.00997127
v -0.01470578 -0.04166697 0.00899723
v -0.01103029 -0.04902063 0.01079495
v -0.01579539 -0.04762315 0.01424250
v -0.01023612 -0.05807569 0.01411753
v 0.00209532 -0.04386822 0.00593169
v 0.01414135 -0.03721548 0.01110948
v 0.01162742 -0.04108234 0.01573371
v 0.01195286 -0.04124648 0.01123270
v 0.00713204 -0.04183126 0.00303528
v 0.00782521 -0.05808885 0.01376585
v 0.00800038 -0.06448255 0.01498459
v 0.00870623 -0.06979391 0.01627107
v 0.00989405 -0.07640843 0.01924309
v -0.00480755 -0.06592727 0.01076744
v -0.00236511 -0.09140712 0.02002065
v -0.00475476 -0.08682405 0.01834767
v -0.00649924 -0.08041065 0.01542996
v -0.00696739 -0.07462736 0.01308383
v -0.00131415 -0.09308209 0.01820860
v 0.00086311 -0.09855862 0.01800793
v 0.00329998 -0.09629817 0.01596539
v 0.00194807 -0.10294863 0.01947634
v 0.00443248 -0.10320086 0.01672852
v 0.01191209 -0.10461250 0.01600961
v 0.00480667 -0.10725015 0.01797578
v 0.00438099 -0.10800534 0.02013878
v 0.01974136 -0.11482659 0.01621269
v 0.01666677 -0.11636400 0.01472007
v 0.01061497 -0.10759814 0.01525087
v 0.00610621 -0.11207244 0.01955914
v 0.02005223 -0.10472128 0.02241987
v 0.02245153 -0.11741121 0.01625714
v 0.01402066 -0.11815525 0.01501783
v 0.00932424 -0.11962844 0.02055040
v 0.01235866 -0.12082382 0.02442252
v 0.01599440 -0.12319922 0.02510888
v 0.03022247 -0.11495320 0.02462868
v 0.03361440 -0.11856248 0.02372548
v 0.03560010 -0.12211297 0.02400640
v 0.01870867 -0.12600771 0.02869667
v 0.03267971 -0.12410288 0.03358519
v 0.02197588 -0.12719709 0.02768693
v 0.02055786 -0.12614465 0.02102355
v 0.03526139 -0.12303313 0.03171715
v 0.03364280 -0.12391305 0.02532001
v 0.02784209 -0.12233069 0.01132425
v 0.02910879 -0.12049003 0.01575625
v 0.03277228 -0.12319506 0.01966865
v 0.03645571 -0.12056606 0.02953893
v 0.04220607 0.01583619 0.01404907
v 0.04479104 -0.00488462 0.01100086
v 0.04707132 -0.01350327 0.00852182
v 0.04858071 0.03062822 0.01641833
v 0.04683301 0.03319224 0.01911759
v 0.04123347 0.04918214 0.02034516
v 0.04223964 0.04035855 0.02253986
v 0.04430466 0.03622969 0.02177926
v 0.04808458 0.03440550 0.02204026
v 0.05365009 0.03908509 0.02580982
v 0.04835628 0.01373968 0.01666736
v 0.05480016 0.02031228 0.02102805
v 0.05011789 0.00314644 0.01619807
v 0.05356778 0.01276868 0.02067172
v 0.05505836 0.03527027 0.02446962
v 0.05497474 0.04165477 0.02836465
v 0.06234503 0.03172171 0.03209902
v 0.07779449 0.03710422 0.02122134
v 0.07764578 0.03584177 0.02411287
v 0.07618824 0.03729215 0.02778263
v 0.07152188 0.03793073 0.03519846
v 0.06275872 0.00349658 0.02762731
v 0.05821547 0.00186791 0.02471172
v 0.06920263 0.00397076 0.03139147
v 0.05305993 -0.00298831 0.01367870
v 0.05604775 -0.00801597 0.01135670
v 0.06915976 -0.00304300 0.02913948
v 0.05585537 -0.01972285 0.00841925
v 0.09308468 -0.00685934 0.04502586
v 0.09704152 0.00358982 0.04291444
v 0.08617769 -0.00174122 0.03916255
v 0.04852936 -0.02153683 -0.00132689
v 0.04395443 -0.01244563 0.00860751
v 0.03573158 -0.00933819 0.01182839
v 0.07964873 0.03269948 0.02706613
v 0.08823287 0.01862358 0.03584307
v 0.08604260 0.01905448 0.03695876
v 0.08771554 0.00886352 0.03709788
v 0.08064757 0.01745987 0.03726286
v 0.08505528 0.02262159 0.03896830
v 0.08119937 0.02646532 0.03903060
v 0.07869007 0.02599340 0.03880141
v 0.07806674 0.02249751 0.03844899
v 0.08580589 0.01121454 0.03598598
v 0.08278811 0.01229046 0.03545216
v 0.07770772 0.00746801 0.03600609
v 0.07564082 0.01694678 0.03770177
v 0.06719424 0.01157997 0.03114998
v 0.08473478 0.03244787 0.02076094
v 0.07327967 -0.01411095 0.02061015
v 0.07184190 -0.02067320 0.01923667
v 0.05890960 -0.01823852 0.01363652
v 0.07914334 -0.02057416 0.01251160
v 0.07841372 -0.02480757 0.01125513
v 0.08427988 -0.01733733 0.02170208
v 0.08141157 -0.01761846 0.03091162
v 0.08145890 -0.01463547 0.03648408
v 0.08623708 -0.02184621 0.03315584
v 0.08672774 -0.02438908 0.02683577
v 0.08717561 -0.02207815 0.02236230
v 0.09328546 -0.01580356 0.04423862
v 0.08921752 -0.02446315 0.02923737
v 0.06521097 -0.03799121 0.01464975
v 0.06863417 -0.03641527 0.01541317
v 0.07287163 -0.03991290 0.01315350
v 0.06617726 -0.04750459 0.00902641
v 0.10204107 -0.02255811 0.03580618
v 0.10444216 -0.02104326 0.03452094
v 0.09544881 -0.01853396 0.04444632
v 0.10185381 -0.00376996 0.04491023
v 0.10566990 -0.01192231 0.04196401
v 0.09964490 0.00516943 0.04184481
v 0.10577638 -0.00341629 0.04239612
v 0.09985250 0.01172789 0.02448218
v 0.10073428 0.01803026 0.01924068
v 0.10080246 0.01604283 0.01634103
v 0.10065836 0.02646489 0.01256789
v 0.09881515 0.01956145 0.02139211
v 0.09941947 0.01576935 0.02395701
v 0.09871005 0.01792439 0.02424234
v 0.10687719 0.00236581 0.03547968
v 0.10750350 -0.00254156 0.03599121
v 0.09331870 0.02179927 0.02744245
v 0.09389658 0.01920889 0.03149950
v 0.12891160 0.04437523 -0.00073268
v 0.11593416 0.03661332 0.00915481
v 0.10879540 0.03498176 0.00744341
v 0.12058797 0.03888511 0.00512453
v 0.14545406 0.08141041 -0.01350777
v 0.14343604 0.07446843 -0.01464493
v 0.14246084 0.06909860 -0.01357276
v 0.14355138 0.07073680 -0.00931706
v 0.15065709 0.07366675 0.00661157
v 0.15210356 0.07454412 0.00175989
v 0.13683808 0.05285466 -0.00606263
v 0.13686749 0.05210946 0.00378129
v 0.12669075 0.04292050 0.00973297
v 0.13026918 0.04535202 0.01178083
v 0.13283297 0.04772844 0.01491043
v -0.09422319 -0.08295653 0.02002504
v -0.08419561 -0.09293040 0.02643874
v -0.08846889 -0.09280337 0.01893031
v -0.08662049 -0.11375481 0.02033400
v -0.08191340 -0.11955075 0.02574961
v -0.08158424 -0.11916091 0.02783884
v -0.08552081 -0.10140077 0.01737022
v -0.08176754 -0.11165561 0.01711723
v -0.05934701 -0.11150385 0.02977362
v -0.07855788 -0.10632247 0.01604132
v -0.07844041 -0.10849413 0.01572751
v -0.06980418 -0.11049552 0.02057473
v -0.07283805 -0.11084444 0.01756215
v -0.06357884 -0.11296703 0.01856702
v -0.06005224 -0.11343419 0.01590915
v -0.10498685 -0.06253713 0.01398882
v -0.10483117 -0.06716699 0.01543727
v -0.11318415 -0.05537751 0.00961587
v 0.02954801 0.01296764 0.01412882
v 0.03970731 0.03151411 0.00781485
v 0.04793695 0.03460082 0.00938908
v 0.05149982 0.03617522 0.00630827
v 0.04687815 0.02476068 0.01472039
v 0.02710614 0.03953572 -0.00094632
v 0.03508732 -0.01786129 0.00860380
v 0.03338003 -0.00362829 0.01296287
v 0.03111898 -0.00849121 0.01227479
v 0.02886297 -0.01116300 0.01205972
v 0.02762058 -0.00524222 0.01366190
v 0.02803288 -0.01504525 0.01072530
v -0.08122847 -0.11631949 0.03093533
v -0.07334793 -0.12210419 0.02839271
v -0.07481126 -0.11938431 0.02990746
v -0.07235297 -0.12275766 0.03111557
v -0.06650952 -0.12246966 0.03350947
v -0.06575244 -0.12262706 0.03072828
v -0.05698448 -0.11414300 0.03226161
v -0.06000020 -0.11695437 0.03526556
v -0.05640710 -0.11654941 0.03337073
v -0.05646509 -0.11290766 0.02869007
v -0.05753751 -0.11812956 0.03356010
v -0.06146779 -0.11935973 0.03550850
v -0.05529108 -0.11727712 0.03082828
v -0.05573251 -0.11692601 0.02556267
v -0.07076509 -0.12347247 0.02773269
v -0.06567498 -0.11857094 0.01378409
v -0.07449607 0.01073837 -0.03598112
v -0.07461596 0.00309409 -0.03767744
v -0.05601382 0.01220152 -0.03798750
v -0.05732010 0.01736007 -0.03362926
v -0.07667945 0.02181186 -0.02808081
v -0.08442660 0.02258244 -0.02944672
v -0.06017913 0.02965365 -0.01352863
v -0.06426107 0.03084083 -0.00386546
v -0.05175365 0.03158523 -0.00942852
v -0.06060424 -0.02418005 -0.04441458
v -0.06404914 -0.01942149 -0.04481201
v -0.06875905 -0.03299887 -0.03876035
v -0.07365634 -0.03523344 -0.03714798
v -0.07946236 -0.02970624 -0.03742944
v -0.06284214 -0.00804112 -0.04393255
v -0.06344248 -0.00143955 -0.04223011
v -0.07891145 0.03128769 -0.00638760
v -0.09169982 0.03199051 -0.00530498
v -0.08849838 0.03191715 -0.00178345
v -0.10746542 0.02831060 -0.01478560
v -0.11855411 0.02439390 -0.01630044
v -0.11731240 0.02284782 -0.02335140
v -0.10879061 0.02627708 -0.02111803
v -0.11444958 0.02281445 -0.02565908
v -0.12835839 0.01862948 -0.01749226
v -0.11811254 0.01828045 -0.03045159
v -0.09035254 0.01950828 -0.03352363
v -0.08123954 0.00124096 -0.03598529
v -0.10539429 0.00899171 -0.03921958
v -0.11141100 0.00955877 -0.03843077
v -0.08807145 -0.02118374 -0.03771786
v -0.03581129 -0.00611245 -0.04490830
v -0.04611503 -0.02451103 -0.04425347
v -0.05510082 -0.03416602 -0.04057506
v -0.02904247 -0.00629812 -0.04415744
v -0.04441551 0.02345097 -0.02728705
v -0.02617288 0.01892461 -0.03315287
v -0.04408009 0.03268602 -0.01095170
v -0.02421884 0.03901424 -0.01009943
v 0.04314787 0.03489571 -0.00309789
v 0.04620282 0.03530239 0.00151650
v 0.03951534 -0.02574882 -0.00647171
v 0.00929386 -0.04342866 -0.01186417
v 0.01801851 -0.03306331 -0.02160851
v 0.01987438 -0.02827379 -0.02843861
v 0.02278069 -0.02635147 -0.02129226
v 0.03278214 -0.02620156 -0.01371493
v 0.04676461 -0.02160941 -0.00665118
v 0.01676046 -0.03304843 -0.03419466
v 0.03809574 -0.01610343 -0.01900700
v 0.04397513 -0.00769996 -0.01987804
v 0.02112992 -0.02105444 -0.02961234
v 0.02629246 -0.00845765 -0.02891026
v 0.02097824 -0.01562546 -0.03208358
v 0.01496026 -0.01118447 -0.03784966
v 0.01218423 -0.01812667 -0.04035865
v 0.01489458 -0.03008293 -0.03821647
v 0.00663948 -0.05433119 -0.03681944
v -0.00074912 -0.03791790 -0.04487934
v 0.01041471 -0.03319583 -0.04040124
v 0.00273621 -0.02867611 -0.04723455
v -0.00301598 -0.03211378 -0.04754575
v -0.00849142 -0.03612235 -0.04591512
v 0.00313942 -0.06130991 -0.04065267
v -0.01000808 -0.07184690 -0.04555774
v -0.01100475 -0.07583015 -0.04233680
v -0.01047501 -0.07543334 -0.04430852
v -0.00873635 -0.06054999 -0.04424563
v -0.00472197 -0.06671298 -0.04758032
v -0.00687860 -0.06957075 -0.04786537
v -0.01486754 -0.04741449 -0.03964734
v -0.01513362 -0.04752613 -0.03790818
v -0.01225895 -0.04434907 -0.04292762
v -0.01588106 -0.03899717 -0.04194886
v -0.13048837 0.01136119 -0.02789635
v -0.12983625 -0.00197731 -0.03590369
v -0.12437496 0.01287071 -0.03278873
v -0.11732370 0.01263270 -0.03569886
v -0.10617141 -0.00048933 -0.04241781
v -0.10151070 -0.00611101 -0.04302733
v -0.09568702 0.00178044 -0.03976739
v -0.09313957 -0.00462510 -0.04013390
v -0.08802677 -0.01615174 -0.03785702
v -0.09236197 -0.02902911 -0.03990993
v -0.10693412 -0.03159299 -0.04355707
v -0.11493836 -0.01610986 -0.04402030
v -0.12082211 -0.01629678 -0.04286329
v -0.10911795 -0.03983169 -0.04223247
v -0.10328849 -0.04828089 -0.03684439
v -0.11019464 -0.04875904 -0.03855387
v -0.12126622 -0.03540533 -0.04164363
v -0.12723990 -0.04334749 -0.03738525
v -0.12772222 -0.05362564 -0.03807033
v -0.02716329 -0.03647072 -0.03643694
v -0.02678017 -0.03293314 -0.03740970
v -0.04167368 -0.04146238 -0.03593094
v -0.10876567 -0.05182435 -0.03671745
v -0.10807701 -0.05355055 -0.03492406
v -0.12824981 -0.06882562 -0.04173797
v -0.13697559 -0.06965806 -0.04189247
v -0.13493316 -0.07997248 -0.04455047
v -0.12037279 -0.06745959 -0.03239402
v -0.12219003 -0.07486098 -0.03797104
v -0.12467398 -0.07586302 -0.04011068
v -0.12470467 -0.07241705 -0.04024404
v -0.13432722 -0.07566711 -0.04451825
v -0.12186371 -0.09853908 -0.04901675
v -0.12579271 -0.09789487 -0.04870528
v -0.11017906 -0.10256122 -0.04443252
v -0.10744023 -0.10585442 -0.04377434
v -0.12324238 -0.10420378 -0.05072545
v -0.11460409 -0.11338819 -0.05469227
v -0.10288411 -0.10884970 -0.05007557
v -0.09725463 -0.11241034 -0.04750611
v -0.09535467 -0.11509766 -0.05718148
v -0.03713943 -0.02274063 -0.04401193
v -0.02560463 -0.00962259 -0.04372335
v -0.02139796 -0.02470006 -0.04207939
v -0.02027799 -0.01835064 -0.04301437
v -0.02211662 0.00015857 -0.04107752
v 0.02613621 0.03908348 -0.00956998
v 0.02870092 0.03537791 -0.01440385
v 0.03955682 0.02838622 -0.01571243
v 0.04733777 0.02769101 -0.01336432
v 0.01340418 0.03831143 -0.02233864
v 0.00976306 0.04309122 -0.01900944
v 0.00524886 0.04226690 -0.02090032
v -0.00313124 0.04728054 -0.00691940
v -0.01017772 0.04549730 -0.00661963
v -0.00048433 0.04364439 -0.01863812
v -0.00561347 0.04121872 -0.02031796
v 0.00092097 0.02306684 -0.03305735
v -0.01500745 0.04163029 -0.01483287
v -0.02167463 0.03519704 -0.01964125
v -0.02033505 0.03337885 -0.02268904
v -0.01838515 0.03106455 -0.02544546
v -0.02879291 0.02711196 -0.02586027
v -0.00645374 0.01665454 -0.03746928
v -0.00354697 0.01380649 -0.03875374
v -0.00009713 0.01863156 -0.03598125
v -0.00418979 -0.02260721 -0.04884595
v 0.01098480 -0.00828383 -0.03955420
v 0.01338958 -0.00604608 -0.03931713
v 0.03499590 -0.00354255 -0.02684275
v 0.03548545 0.00016534 -0.02720257
v 0.05191709 0.03306207 -0.00646913
v 0.08420341 -0.01413264 0.01880605
v 0.07803719 -0.02069797 0.00826478
v 0.07558806 -0.03354724 0.00813731
v 0.05523908 -0.03284267 0.00646852
v 0.05894428 -0.04425883 0.00786624
v 0.06171198 -0.04141338 0.00287893
v 0.05589404 -0.03910740 0.00639063
v 0.06080470 -0.03430403 0.00157518
v 0.07147405 -0.02361349 0.00187867
v 0.08610013 -0.00765087 0.00809633
v 0.08895794 -0.00688298 0.01252777
v 0.08994428 -0.00427919 0.01100308
v 0.09403153 -0.02097361 0.02211295
v 0.10595761 -0.01497984 0.02988504
v 0.10484859 -0.01192154 0.02619889
v 0.10289945 -0.00790500 0.02488453
v 0.08898554 0.00515078 0.00365326
v 0.09879299 0.00473964 0.01921037
v 0.09630848 0.01187877 0.01053130
v 0.08717058 0.00578373 0.00124562
v 0.09499443 0.01535919 0.00576673
v 0.10678470 -0.00796551 0.03245410
v 0.08368431 0.01007181 -0.00283516
v 0.08304163 0.00581050 -0.00197717
v 0.08209424 0.01320031 -0.00428063
v 0.07800127 0.01212067 -0.00662081
v 0.07838789 0.00718761 -0.00554142
v 0.05518384 -0.02325243 0.00740212
v 0.05637462 -0.02368572 0.00457468
v 0.06497770 -0.02374314 -0.00004413
v 0.04614200 -0.02265767 -0.00431971
v 0.05559910 -0.01910174 0.00082399
v -0.00973876 -0.01308496 -0.04672182
v -0.01192141 -0.01762110 -0.04718812
v -0.01614835 -0.01869985 -0.04544521
v 0.00140481 -0.01457949 -0.04657311
v 0.00400680 -0.01020376 -0.04424852
v 0.00645255 -0.00562600 -0.04119520
v 0.01452579 -0.00416259 -0.03894770
v 0.03294770 0.01086768 -0.02628207
v 0.02242454 0.00211703 -0.03211154
v 0.01615024 0.00438148 -0.03587461
v 0.01973043 0.01579352 -0.03147007
v 0.03689448 0.01700661 -0.02271770
v 0.00569085 -0.07172441 -0.03742506
v 0.00614166 -0.06923473 -0.03912978
v 0.00499396 -0.07803816 -0.03756429
v 0.00507172 -0.08355025 -0.03805301
v -0.00874536 -0.08076711 -0.04275316
v -0.00369811 -0.09000225 -0.04684080
v 0.00835383 -0.09641431 -0.04025641
v 0.00768948 -0.09349990 -0.04392911
v 0.00988994 -0.09984452 -0.04482877
v 0.02021162 -0.11259542 -0.03785349
v 0.01905194 -0.11146855 -0.04579211
v 0.00508674 -0.10687555 -0.05000275
v 0.00404376 -0.09881717 -0.04855524
v 0.00220170 -0.10643030 -0.04813372
v -0.00193956 -0.09844640 -0.04487608
v -0.00088692 -0.08957898 -0.04809578
v -0.00475409 -0.07078914 -0.04896161
v 0.00029463 -0.07209691 -0.04830361
v 0.00008424 -0.06789378 -0.04666085
v 0.01303313 0.02006527 -0.03207717
v 0.05545209 0.02577373 -0.01126280
v 0.09907786 0.02669048 0.00738446
v 0.08034173 0.01811167 -0.00514353
v 0.07259174 0.01275632 -0.00850984
v 0.06065683 -0.00756246 -0.00736452
v 0.06255032 0.02399185 -0.00988642
v 0.06152134 0.03150450 -0.00815838
v 0.07271574 0.01938630 -0.00813588
v 0.07231204 0.04181031 -0.00538430
v 0.07559051 0.03890863 -0.00061023
v 0.09726594 0.03209310 -0.00741897
v 0.09659626 0.03317061 -0.00982751
v 0.10815057 0.03790225 -0.01469659
v 0.10161037 0.03678956 -0.01621569
v 0.08630250 0.01389416 -0.00123496
v 0.07760432 0.02066831 -0.00615370
v 0.07707686 0.03151474 -0.00615223
v 0.07631770 0.02580877 -0.00653451
v 0.07102718 0.04454797 -0.00762653
v 0.06974816 0.04636296 -0.01032448
v 0.08473834 0.03320764 -0.00997475
v 0.08047868 0.03516846 -0.00668561
v 0.10556356 0.04024401 -0.02166619
v 0.10527430 0.04366814 -0.02700469
v 0.10001498 0.04569443 -0.02878087
v 0.09888379 0.04049166 -0.03004938
v 0.09609486 0.03738046 -0.02769667
v 0.08777546 0.03713035 -0.01643279
v 0.08300451 0.03841124 -0.01587888
v 0.07722270 0.03785076 -0.01826873
v 0.07454280 0.03717021 -0.02046692
v 0.06851834 0.03490902 -0.01603709
v 0.07922501 0.04010834 -0.02140446
v 0.08382122 0.04004910 -0.01885688
v 0.08543608 0.04110863 -0.02403989
v 0.08830050 0.04148183 -0.02741037
v 0.08832314 0.04296065 -0.02959094
v 0.07292573 0.04073301 -0.02554483
v 0.07197736 0.03872505 -0.02376180
v 0.06602362 0.03788323 -0.01334492
v 0.06688924 0.04399262 -0.01316370
v 0.06724370 0.04537688 -0.01710835
v 0.07126176 0.05154352 -0.01996865
v 0.07345327 0.05361119 -0.02112674
v 0.08240135 0.05403807 -0.02465216
v 0.07817420 0.03966150 0.00428118
v 0.04828205 0.00196754 -0.02100430
v 0.05109821 -0.01421164 -0.01108632
v 0.07249264 0.05048071 -0.02578978
v 0.07316431 0.05346875 -0.02418970
v 0.07957570 0.05127995 -0.03080297
v 0.08616204 0.05258498 -0.03377081
v 0.08616842 0.04826518 -0.03625546
v 0.08446366 0.05132516 -0.03562827
v 0.10193188 0.04536103 -0.02830102
v 0.10193589 0.04902574 -0.03439057
v 0.11837936 0.04489467 -0.02152682
v 0.11835246 0.04853893 -0.02706200
v 0.12175758 0.05508398 -0.03059317
v 0.13075408 0.05328409 -0.02033971
v 0.10585865 0.04877010 -0.03465178
v 0.09107589 0.05314898 -0.03889929
v 0.10151109 0.05272379 -0.04101021
v 0.09476811 0.05762713 -0.04558860
v 0.09308739 0.06014428 -0.04553863
v 0.09874228 0.05594290 -0.04425462
v 0.09449553 0.06525417 -0.05293896
v 0.09284756 0.08068734 -0.05349574
v 0.09401922 0.07952627 -0.05981186
v 0.13733862 0.09464058 -0.02660049
v 0.12282532 0.06710682 -0.03818952
v 0.10646566 0.06972578 -0.05050969
v 0.11233593 0.06657143 -0.04526152
v 0.11843854 0.07092872 -0.04338916
v 0.13398007 0.10601173 -0.03573675
v 0.13885018 0.09640867 -0.03374015
v 0.13665141 0.09194349 -0.03493046
v 0.13988522 0.10893162 -0.01416634
v 0.14736536 0.10102805 -0.01233389
v 0.14828399 0.08994742 -0.01418448
v 0.14845614 0.08740604 -0.01687934
v 0.00501812 0.00827925 -0.03933924
v 0.00274947 0.01455211 -0.03748459
v 0.10954360 0.08352806 -0.05452358
v 0.11056426 0.08883403 -0.05561011
v 0.11860368 0.07792927 -0.04695987
v 0.12949492 0.06116025 -0.02914454
v 0.14383708 0.08451414 -0.02483439
v 0.12492325 0.10986556 -0.04767071
v 0.12841198 0.10619618 -0.04537147
v 0.12076814 0.11107014 -0.04699627
v 0.11938763 0.10173418 -0.05238586
v 0.11344283 0.09389132 -0.05475390
v 0.10763890 0.09206685 -0.05773399
v 0.09582569 0.08616957 -0.06036446
v 0.10378699 0.08848687 -0.05877626
v 0.10746394 0.09914728 -0.05284738
v 0.14225924 0.09564638 -0.02408921
v 0.14058980 0.08673505 -0.02926696
v 0.13785195 0.08666109 -0.03248126
v 0.14195004 0.09044132 -0.02647068
v 0.14668664 0.10631462 -0.01491225
v 0.14237690 0.10967017 -0.01883558
v 0.13959236 0.10652981 -0.02145352
v 0.13395067 0.05588835 -0.01909262
v 0.01328239 -0.10920854 -0.04903070
v 0.00771347 -0.10941343 -0.05071905
v 0.00288503 -0.11437547 -0.04691516
v 0.01507845 -0.11421047 -0.05039009
v 0.03169167 -0.12012925 -0.04043033
v 0.02763665 -0.11767670 -0.04674723
v 0.02915306 -0.12374707 -0.05010561
v 0.03082205 -0.12205718 -0.04640121
v 0.02605010 -0.11525353 -0.04448908
v -0.09719037 0.03081236 0.00124018
v -0.08894206 0.02853670 0.00934185
v -0.10290575 0.02872484 0.00628670
v -0.09337763 0.02092941 0.02126711
v -0.10690986 0.02052205 0.02031753
v -0.07446074 0.01585205 0.01978755
v -0.06790219 0.00593552 0.02172724
v -0.08513440 0.02383006 0.01772244
v -0.07335608 0.02473874 0.01273522
v -0.06822027 -0.00151464 0.02431631
v -0.09328000 0.02666324 0.01299575
v -0.06835733 0.02079781 0.01468269
v -0.07400417 0.02874294 0.00561613
v -0.05958923 0.02929149 0.00115309
v -0.06241963 0.01792909 0.01576142
v -0.11787737 0.01953413 0.01565437
v -0.11689015 0.00755419 0.02674440
v -0.07569963 -0.00115221 0.02374477
v -0.08890019 -0.01614870 0.03005200
v -0.09949723 -0.01440500 0.03353662
v -0.10173672 -0.02062725 0.03378782
v -0.10202006 -0.02945689 0.03359991
v -0.10418569 -0.03383418 0.03328743
v -0.09225899 -0.03530959 0.03060334
v -0.08554880 -0.03082108 0.02762071
v -0.06638631 -0.01003442 0.02585509
v -0.05304702 0.00745557 0.02339532
v -0.06880416 -0.03025058 0.01980057
v -0.07356011 -0.03084757 0.01908755
v -0.08062546 -0.03595024 0.01836443
v -0.07612094 -0.03430422 0.01729583
v -0.07550306 -0.04157079 0.00224768
v -0.06942651 -0.04184072 0.00343683
v -0.06802725 -0.03945085 0.00695987
v -0.08581560 -0.03853923 0.00002565
v -0.09651809 -0.05746384 0.02537599
v -0.11534771 0.00019754 0.02981070
v -0.12477938 -0.00346860 0.02565258
v -0.04234600 0.02799174 0.00516265
v -0.03035440 0.01700897 0.01781516
v -0.02223534 0.02794882 0.01031184
v -0.04018690 0.02088661 0.01509978
v -0.05944793 0.02405579 0.01062859
v -0.04870767 0.01726456 0.01764612
v -0.02791397 0.01151613 0.02052393
v -0.03193944 0.00704786 0.02269329
v -0.05111629 -0.00781280 0.02757705
v -0.04740587 -0.01191131 0.02748237
v -0.05786078 -0.01315133 0.02697122
v -0.03134463 -0.01363900 0.02471115
v -0.02561957 -0.01374259 0.02347513
v -0.02050324 -0.01671204 0.02280419
v -0.01371746 -0.00195285 0.02101363
v -0.00201113 0.00410875 0.02426527
v -0.01718978 -0.01737905 0.02342451
v -0.01880814 -0.02270973 0.02270678
v -0.03355617 -0.02494545 0.02304612
v -0.04397462 -0.02604036 0.02432790
v -0.02650304 -0.03556350 0.01935173
v -0.02874425 -0.03689525 0.01880336
v -0.04049299 -0.03744949 0.01841804
v -0.04425492 -0.03856052 0.01734191
v -0.05272450 -0.03620276 0.01872668
v -0.06577097 -0.03620192 0.01624045
v -0.05971457 -0.04225562 0.00338216
v -0.06663869 -0.04709662 -0.00645948
v -0.11255565 -0.04774670 0.02849080
v -0.10157339 -0.06099385 0.02949862
v -0.10436314 -0.06451125 0.03138085
v -0.08964448 -0.09317113 0.03203303
v -0.08627450 -0.09728614 0.03271035
v -0.09591812 -0.09203257 0.03173336
v -0.10264666 -0.07999533 0.03298264
v -0.10874991 -0.06267894 0.03188880
v -0.11008100 -0.06734715 0.03355233
v -0.10792488 -0.08112911 0.03016389
v -0.11387140 -0.06750115 0.03115365
v -0.09202569 -0.09726322 0.03235281
v -0.09344180 -0.10024528 0.03015026
v -0.08221532 -0.10196610 0.03306974
v -0.08938567 -0.11051020 0.02869971
v -0.08503677 -0.10794609 0.03260126
v -0.08660553 -0.11664025 0.02886397
v -0.07169648 -0.11794859 0.03391849
v -0.07389224 -0.11342224 0.03345729
v -0.07131454 -0.10942972 0.03215415
v -0.06619514 -0.11094075 0.03226440
v -0.06711434 -0.11527272 0.03464643
v -0.01834522 0.02103851 0.01589413
v -0.01596285 0.01497060 0.01868084
v 0.02208350 0.04066646 0.00207960
v -0.12980616 0.00857899 0.01766388
v -0.12199790 -0.02539199 0.02760181
v -0.11705147 -0.04892670 0.02504466
v -0.11986328 -0.04450839 0.02322756
v -0.07772682 -0.03504308 -0.03701338
v -0.08322213 -0.03935027 0.02175491
v -0.08480157 -0.04221706 0.01973193
v -0.07967312 -0.03485404 0.01526197
v -0.08657525 -0.04125574 0.01465691
v -0.09170479 -0.05109026 0.02036177
v -0.09649289 -0.05744202 0.01730476
v -0.04540921 -0.04269769 -0.03261624
v -0.08455405 -0.04628735 -0.00464438
v -0.09352959 -0.03876710 -0.00686180
v -0.09647143 -0.05348233 0.01491690
v -0.09069587 -0.03338477 0.00511786
v -0.09710066 -0.06449939 0.02032484
v -0.09670984 -0.07710662 0.02031729
v -0.08951854 -0.08613638 0.02685429
v -0.08896627 -0.08598873 0.02490005
v -0.09069182 -0.08850327 0.03025136
v -0.00065317 -0.04237823 -0.01520470
v -0.00155791 -0.04232012 -0.02314721
v 0.00874604 -0.04303066 -0.03109285
v 0.00535380 -0.04223802 -0.02637290
v 0.00450870 -0.04408336 -0.02840245
v -0.00151097 -0.05346189 -0.02954439
v -0.00128514 -0.04763848 -0.02803366
v 0.00063978 -0.05211531 -0.02991125
v -0.00687519 -0.04263200 -0.02512259
v 0.00001140 -0.06451464 -0.03219912
v 0.00238148 -0.07690392 -0.03471074
v -0.01204893 -0.07178155 -0.04260072
v -0.01138845 -0.04224299 -0.02715950
v -0.01007166 -0.04401354 -0.01726395
v -0.01741611 -0.04579522 -0.00797623
v -0.02991309 -0.04621441 -0.00573625
v -0.04133698 -0.04518373 0.00160434
v -0.07171177 -0.04195413 -0.02296548
v -0.07878681 -0.04902732 -0.01133447
v -0.09037489 -0.04040783 -0.01056004
v -0.08864626 -0.03248852 -0.02333959
v -0.09434441 -0.03819218 -0.00899047
v -0.09707966 -0.03552878 -0.00915868
v -0.09188851 -0.03912323 -0.03197461
v -0.10100710 -0.04649056 -0.02933015
v -0.13543552 -0.02267375 -0.01570318
v -0.13347504 -0.02937492 -0.01969271
v -0.11709219 -0.03315948 -0.01574349
v -0.11550359 -0.02894450 -0.01330032
v -0.12082643 -0.04033267 -0.01902133
v -0.11443267 -0.03919442 -0.01859228
v -0.09294405 -0.03159820 -0.01963942
v -0.11036931 -0.02715846 -0.00995408
v -0.10210320 -0.03173974 -0.00731605
v -0.09563185 -0.03344866 -0.00305384
v -0.11103997 -0.02831753 -0.00252315
v -0.11502378 -0.03052591 -0.00390595
v -0.10049321 -0.03334727 0.00446876
v -0.11939596 -0.03053875 0.00212025
v -0.12290217 -0.02977717 0.00175724
v -0.05125938 -0.04575088 -0.01804920
v -0.04083801 -0.04416205 -0.02667662
v -0.04058707 -0.04574206 -0.01780502
v -0.06610504 -0.04675847 -0.01201089
v -0.06940134 -0.04572511 -0.01635833
v -0.06067127 -0.04529916 -0.01750598
v -0.08679875 -0.04561275 -0.00667197
v -0.07689234 -0.04899152 -0.00315463
v -0.07769077 -0.05029005 -0.00502524
v -0.10853271 -0.05283925 -0.02979920
v -0.12200048 -0.05376763 -0.02354863
v -0.12586640 -0.05989116 -0.02525209
v -0.12545635 -0.07545131 -0.03076047
v -0.12339336 -0.07000945 -0.03055967
v -0.12412669 -0.08446133 -0.03458325
v -0.12172057 -0.06436093 -0.02872580
v -0.12228440 -0.09006356 -0.03684869
v -0.11998288 -0.09417918 -0.03868012
v -0.12911761 -0.09425437 -0.03767769
v -0.12805769 -0.09055922 -0.03544715
v -0.12056682 -0.09670538 -0.03788109
v -0.12572180 -0.10242611 -0.04105137
v -0.12462556 -0.10680129 -0.04431975
v -0.10958961 -0.11099092 -0.04137230
v -0.11149417 -0.10469631 -0.04084283
v -0.04345581 -0.04619222 -0.01243536
v -0.00084126 -0.08633304 -0.03503007
v 0.00304837 -0.08958967 -0.03570022
v 0.00019316 -0.10390527 -0.04370459
v 0.00663795 -0.10492820 -0.03593811
v 0.00423920 -0.10634059 -0.03655103
v 0.00661271 -0.11600871 -0.03852350
v 0.00485862 -0.11842247 -0.04625801
v 0.01771532 -0.12354916 -0.03784461
v 0.01641594 -0.11983650 -0.03504256
v 0.02263452 -0.12604763 -0.03839255
v 0.02383212 -0.12599477 -0.04277167
v 0.05129981 0.03967271 0.01236285
v 0.04454038 0.04713386 0.01331060
v 0.05037935 0.04379996 0.01345107
v 0.06623326 0.04183684 0.01146999
v 0.06070603 0.03963294 0.02013879
v 0.07020313 0.04021964 0.02061315
v 0.06326955 0.04218977 0.02397033
v 0.06948011 0.04621191 0.03004381
v 0.05615583 0.04889536 0.03000163
v 0.05359591 0.05388902 0.03457534
v 0.06941651 0.04822470 0.03512481
v 0.06927834 0.04215474 0.03954641
v 0.06936322 0.05680722 0.03945497
v 0.05380029 0.05514378 0.03627761
v 0.05373083 0.05168038 0.02527451
v 0.05072929 0.06371555 0.04310621
v 0.05610070 0.06843334 0.04754220
v 0.07245906 0.05545047 0.04061832
v 0.07517610 0.05051345 0.04551599
v 0.07567547 0.05807488 0.04192585
v 0.07828235 0.05841887 0.04250300
v 0.03159466 0.07078478 0.04347396
v 0.07987617 0.05309990 0.04513578
v 0.08407658 0.05675110 0.05114120
v 0.08893352 0.06048093 0.05259552
v 0.09067960 0.06146882 0.05131043
v 0.08665513 0.05836787 0.04858386
v 0.06141288 0.06590465 0.04666933
v 0.03884930 0.06271683 0.03345801
v 0.02450283 0.07585788 0.04200111
v 0.07506084 0.10481011 0.06103573
v 0.06548451 0.11700850 0.05492171
v 0.06494177 0.11176001 0.05540055
v 0.05922623 0.10992900 0.05612985
v 0.06412404 0.10210317 0.05837285
v 0.05377517 0.12008942 0.05225647
v 0.05317147 0.12703384 0.05082501
v 0.04878079 0.13237193 0.05195203
v 0.01543640 0.11620855 0.03861388
v 0.02575140 0.10644609 0.04603579
v 0.03291027 0.11013479 0.05108796
v 0.01927473 0.08798460 0.04021487
v 0.01383533 0.10263573 0.03655787
v 0.01005963 0.11371409 0.03465765
v 0.00801396 0.10275139 0.03082569
v 0.00884701 0.07942795 0.03339662
v 0.00637152 0.08978139 0.02993351
v 0.00584880 0.08653688 0.03155320
v 0.08686510 0.06278987 0.04307547
v 0.08315526 0.06519649 0.04573523
v 0.08663885 0.06630221 0.04619643
v 0.09154809 0.06706339 0.04363558
v 0.08224869 0.08169466 0.05680397
v 0.07391343 0.07896354 0.05449840
v 0.07716887 0.08039333 0.05647586
v 0.05787240 0.09193534 0.05882590
v 0.03212110 0.09095515 0.04885138
v 0.03554806 0.08270530 0.04873915
v 0.04085320 0.08762080 0.05218650
v 0.03918895 0.09544460 0.05332877
v 0.04858122 0.09675508 0.05686792
v 0.07591066 0.09532742 0.06126244
v 0.07501537 0.10194562 0.06069743
v 0.07079168 0.09100205 0.06078351
v 0.07468762 0.08948985 0.05883826
v 0.07843974 0.08366516 0.05743878
v 0.07797331 0.08787896 0.05779296
v 0.04142893 0.10650434 0.05495134
v 0.02779534 0.12816288 0.04707768
v 0.02916356 0.13024925 0.04791069
v 0.03601154 0.12086315 0.04976531
v 0.04717523 0.13123822 0.05137880
v 0.04920734 0.12350656 0.05052372
v 0.04842265 0.10657075 0.05718035
v 0.04682066 0.11682731 0.05364538
v 0.04676805 0.11039627 0.05595730
v 0.04156065 0.06910844 0.04418580
v -0.11442821 0.02568412 0.00670074
v -0.11572843 0.02659318 0.00257924
v -0.13123325 0.01900465 -0.00166940
v -0.10013251 -0.05279702 0.01275183
v -0.11034456 -0.08319822 0.02601620
v -0.11307688 -0.07574027 0.01924380
v -0.11445694 -0.07843813 0.02312357
v -0.10236984 -0.09090543 0.02310442
v -0.09901103 -0.09166928 0.02058560
v -0.09825669 -0.09543519 0.02881179
v -0.09333579 -0.09383069 0.01893459
v -0.09577221 -0.09885968 0.02257053
v -0.09574623 -0.10161512 0.02676484
v -0.09271108 -0.10528785 0.02799174
v -0.08867968 -0.11367293 0.02803722
v -0.08473537 -0.11841284 0.02337942
v -0.08500070 -0.11925001 0.02713750
v -0.12962742 0.01379283 0.01184891
v -0.13815153 0.00785238 -0.01322501
v -0.13768435 0.01247368 0.00004124
v -0.13996319 0.00964982 -0.00292366
v -0.13345721 0.01194276 -0.02009727
v -0.13484254 -0.00370252 -0.02814572
v -0.12960352 -0.01112939 -0.03662565
v -0.13139272 -0.01929368 -0.03310366
v -0.12963521 -0.02692916 -0.03481971
v -0.13904586 -0.01219170 -0.01561915
v -0.13984960 -0.00875061 -0.01290664
v -0.13941951 -0.01416655 -0.01295921
v -0.13985449 -0.00412423 -0.01619034
v -0.13916221 -0.01452002 -0.01067243
v -0.12879069 -0.03405671 -0.03528155
v -0.13173574 -0.04626546 -0.03295035
v -0.13310984 -0.03594055 -0.02330016
v -0.13150339 -0.04037527 -0.02445843
v -0.13379331 -0.04441895 -0.02779162
v -0.13432543 -0.04663505 -0.02996386
v -0.13291399 -0.05015160 -0.02805148
v -0.13406086 -0.05522138 -0.02915579
v -0.13132438 -0.01702759 -0.00824875
v -0.14366107 -0.00949046 -0.00595744
v -0.13743863 -0.01558946 -0.00305742
v -0.12990713 -0.01406468 -0.00350248
v -0.14442511 -0.01413897 0.00025642
v -0.13909566 -0.01394591 0.00317733
v -0.14529112 -0.01139840 -0.00008495
v -0.14355744 -0.00091817 0.00262732
v -0.13965559 0.00330843 0.00613020
v -0.12397056 -0.02975550 0.02501857
v -0.13398919 -0.00850555 0.01657114
v -0.13634686 -0.00193120 0.01011692
v -0.13976875 -0.00116950 0.00689037
v -0.13568932 -0.01117803 0.01143738
v -0.13449141 -0.01383033 0.00549196
v -0.13527805 -0.01447069 0.00000610
v -0.13169993 -0.01351291 -0.00140816
v -0.12869038 -0.01683358 0.00441728
v -0.12554975 -0.02165065 -0.00979143
v -0.12325484 -0.02768436 -0.00911220
v -0.12370963 -0.03178011 -0.00739313
v -0.12190558 -0.02970727 -0.00995087
v -0.10788165 -0.04078864 0.00885956
v -0.11808522 -0.04858469 0.02042997
v -0.11664943 -0.05633093 0.00786655
v -0.11489590 -0.06023155 0.00680285
v -0.11783123 -0.05425428 0.01473683
v -0.11994303 -0.05684874 0.01592617
v -0.12009887 -0.04508710 0.02177975
v -0.12158675 -0.04167359 0.01989000
v -0.11984139 -0.04114965 0.02470355
v -0.12230003 -0.03974134 0.02195157
v -0.11967456 -0.03534193 0.01110437
v -0.11822218 -0.03199186 0.00719946
v -0.12415264 -0.02683362 0.00207715
v -0.12614296 -0.02485682 -0.00039463
v -0.13834608 -0.06704960 -0.02996224
v -0.13867320 -0.07185870 -0.04164603
v -0.13559350 -0.08336161 -0.04377565
v -0.12880042 -0.05255769 -0.02602235
v -0.13855329 -0.08204517 -0.03788504
v -0.12220727 -0.11099580 -0.04520579
v -0.11651153 -0.11500187 -0.04317639
v -0.10861509 -0.11594991 -0.04248070
v -0.10999500 -0.11785356 -0.04481497
v -0.11299742 -0.11487611 -0.04270888
v -0.11869816 -0.11711428 -0.05007976
v -0.11665094 -0.11393258 -0.05404514
v -0.11720483 -0.11712391 -0.05226351
v -0.11416878 -0.11741303 -0.05360631
v -0.10112098 -0.11551759 -0.04281058
v -0.09027042 -0.12070172 -0.05005049
v -0.09445972 -0.12215582 -0.05214964
v -0.09480923 -0.12114476 -0.05604572
v -0.09923282 -0.12202310 -0.05255332
v -0.09417353 -0.12185156 -0.04517958
v -0.12470260 -0.03460864 0.02179688
v -0.11686309 -0.06360915 0.02717778
v 0.04223283 0.04284222 0.01418516
v 0.05832192 0.03821741 0.03700562
v 0.05415349 0.04263807 0.03266882
v 0.04830973 0.04778824 0.02486479
v 0.04142150 0.05716773 0.02445857
v 0.04078010 0.06074320 0.02721829
v 0.07148501 0.04849721 0.04578796
v 0.06687596 0.03665363 0.03689453
v 0.06253647 0.04062474 0.04132689
v 0.04868117 0.05162900 0.03405439
v 0.04044279 0.05908908 0.03276104
v 0.04246466 0.05796710 0.04035901
v 0.05140277 0.05426386 0.04763743
v 0.03529812 0.06492524 0.04662870
v 0.03895956 0.05725511 0.02770322
v 0.03254490 0.07132760 0.05318373
v 0.02446651 0.07645748 0.05012399
v 0.04553558 0.07439686 0.05908616
v 0.05795751 0.09510057 0.06797729
v 0.05217566 0.10222294 0.06591263
v 0.01110964 0.07695801 0.03920802
v 0.03524306 0.09292258 0.06080467
v 0.03656853 0.09995692 0.06156013
v 0.03966999 0.10839183 0.06186847
v 0.03497332 0.11133392 0.05942415
v 0.02990495 0.09804511 0.05821849
v 0.02332258 0.10634782 0.05375688
v 0.01988111 0.11360660 0.05050371
v 0.01794464 0.10838128 0.04976482
v 0.06237970 0.09524393 0.06802355
v 0.05907949 0.08949076 0.06797200
v 0.06755877 0.09417353 0.06738522
v 0.05405273 0.11204832 0.06392332
v 0.04610870 0.11970861 0.05973734
v 0.04648256 0.11284803 0.06257046
v 0.02301111 0.12109204 0.05030639
v 0.02599803 0.12709156 0.04905088
v 0.01032308 0.11520531 0.03971796
v 0.00742360 0.10734183 0.03413146
v 0.00717519 0.10793008 0.03658013
v 0.00393034 0.09929466 0.03429972
v 0.00413591 0.09598105 0.03227793
v 0.02346620 0.09109597 0.05386253
v 0.00490449 0.09002814 0.03572187
v 0.00871942 0.08275610 0.03916235
v 0.06679365 0.06284356 0.05848503
v 0.08660074 0.06281385 0.05607714
v 0.08190495 0.07692601 0.06244001
v 0.07937004 0.08108621 0.06429495
v 0.07301410 0.09801483 0.06649724
v 0.07056958 0.10083187 0.06678503
v 0.06386326 0.08861192 0.06802054
v 0.06774732 0.08381200 0.06838641
v 0.06241984 0.08182446 0.06654122
v 0.08547838 0.03422699 0.01614878
v 0.07814291 0.03991385 0.00895568
v 0.09147050 0.03872300 0.00385645
v 0.09358094 0.03580825 0.00503050
v 0.09194130 0.04109882 0.00097561
v 0.10106368 0.03310052 0.00072206
v 0.10583169 0.03946703 0.00908878
v 0.07763191 0.04860980 -0.00983778
v 0.08125635 0.04645485 -0.01006925
v 0.08519956 0.04210641 -0.00878924
v 0.08422823 0.04045713 -0.00348859
v 0.08594664 0.04399723 -0.01283561
v 0.08173683 0.05492240 -0.02257572
v 0.08391807 0.05314748 -0.02359616
v 0.08609073 0.05029329 -0.02249112
v 0.08763542 0.04980274 -0.02305347
v 0.08900477 0.05435012 -0.02935810
v 0.08945234 0.04243127 -0.00555218
v 0.08244789 0.03881445 0.00544822
v 0.09422825 0.04666497 -0.02282288
v 0.08993316 0.04656347 -0.01981276
v 0.09988847 0.05464310 -0.03413373
v 0.10035489 0.05904575 -0.03961814
v 0.10468280 0.06570800 -0.04110295
v 0.10411926 0.05986807 -0.03743285
v 0.10590477 0.05305742 -0.02992414
v 0.11821095 0.05544724 -0.02080389
v 0.11038949 0.04968394 -0.02051958
v 0.10171244 0.04349776 -0.00085860
v 0.09535278 0.07213037 -0.05073090
v 0.09352378 0.07641680 -0.05233394
v 0.12014310 0.06783089 -0.03086251
v 0.11827642 0.07924334 -0.03822427
v 0.10683679 0.08056481 -0.04683495
v 0.12525356 0.06557042 -0.02417894
v 0.12425537 0.05658489 -0.01437185
v 0.12081762 0.05132108 -0.00612373
v 0.11273578 0.04576392 0.00170755
v 0.11696000 0.04530293 0.00822140
v 0.11263205 0.04382576 0.00969129
v 0.12299803 0.05076260 0.01242698
v 0.12803175 0.05430316 0.01537545
v 0.12476365 0.04802068 0.01841911
v 0.11035334 0.04001930 0.01174138
v 0.14066157 0.08469000 -0.01463201
v 0.14410909 0.08617797 -0.01258027
v 0.14216480 0.09451188 -0.01302744
v 0.14205669 0.09988254 -0.01230510
v 0.13146918 0.07497880 -0.02326182
v 0.14141120 0.07137761 -0.01198385
v 0.14163166 0.07109571 -0.00276152
v 0.13965084 0.06885394 -0.00017316
v 0.13604625 0.06315152 -0.00085905
v 0.12224766 0.05097107 0.00022289
v 0.11666197 0.04840766 -0.00267730
v 0.13849989 0.06524207 0.00434374
v 0.14321606 0.07188433 0.00732977
v 0.14450002 0.07423215 0.00529699
v 0.14704546 0.07166006 0.01140194
v 0.14752403 0.07546885 0.00612417
v 0.14887336 0.07602943 0.00205526
v 0.14289343 0.07307046 0.00122461
v 0.13176176 0.05535628 0.00857434
v 0.12520568 0.05203304 0.00619768
v 0.12471196 0.05162713 0.01001421
v 0.12269215 0.11035258 -0.04218144
v 0.11988158 0.10153516 -0.04307721
v 0.11636342 0.10243544 -0.04556662
v 0.09534540 0.08610639 -0.05591968
v 0.11111859 0.10175484 -0.04937408
v 0.14369793 0.10657869 -0.01082677
v 0.14156419 0.10933595 -0.01215570
v 0.12054944 0.03978905 0.01484336
v 0.13060682 0.05596595 0.01287352
v 0.01617764 -0.00615093 0.02243628
v 0.00714088 0.01820326 0.02082394
v 0.01610849 0.01710406 0.01981430
v 0.02050972 0.02675229 0.01344976
v 0.00966372 0.02912819 0.01581019
v 0.01395677 0.03743686 0.00984366
v 0.00135082 -0.02061765 0.02857449
v 0.00630365 -0.02999632 0.02619579
v -0.00147312 -0.02751976 0.02894554
v 0.02345390 -0.01857479 0.01428671
v 0.02918357 -0.02517784 0.00343853
v 0.03272233 -0.02529568 0.00304876
v -0.01049809 -0.05790227 0.02108318
v -0.00383519 -0.04563670 0.02531764
v -0.01762586 -0.03790241 0.02198069
v -0.01705021 -0.04174837 0.02069326
v -0.00616989 -0.04161680 0.02557067
v -0.00119764 -0.04317867 0.02474750
v -0.00234011 -0.04959494 0.02480083
v -0.01385934 -0.03445804 0.02600713
v 0.00837205 -0.03328168 0.02449619
v -0.00290755 -0.05812456 0.02464674
v -0.00500089 -0.06128252 0.02394085
v -0.00020062 -0.05761846 0.02421245
v -0.00382821 -0.06797322 0.02487391
v 0.00086968 -0.07115724 0.02605549
v 0.00203313 -0.06786732 0.02469113
v -0.00491505 -0.07102206 0.02497501
v -0.00372053 -0.07904589 0.02611803
v -0.00418385 -0.08641790 0.02158200
v 0.00061873 -0.08142808 0.02742326
v 0.00626350 -0.07883763 0.02624049
v -0.00729805 -0.08209711 0.01988347
v -0.01043312 -0.07050513 0.01937062
v 0.00996125 -0.08350810 0.02401995
v 0.01192817 -0.08902021 0.02412909
v 0.01425413 -0.09344748 0.02359102
v 0.00854242 -0.09877968 0.02852399
v 0.00529961 -0.10216513 0.02532239
v 0.00929065 -0.10431203 0.02862796
v 0.00697987 -0.11153672 0.02453965
v 0.00847131 -0.11511146 0.02660534
v 0.02080429 -0.11738814 0.03139792
v 0.02503361 -0.12269047 0.03397268
v 0.03196800 -0.12077200 0.03331973
v 0.03521758 -0.12163901 0.03207806
v 0.02289023 -0.03597190 -0.00433740
v -0.00669883 -0.04170876 -0.00050381
v -0.02193618 -0.04269222 0.00386282
v -0.01518627 -0.04187502 0.00347679
v -0.01752923 -0.04075772 0.00834999
v -0.02427823 -0.04046397 0.00976765
v -0.01744448 -0.04220367 0.01255456
v -0.01275564 -0.05239885 0.01377398
v -0.01400754 -0.04514148 0.01096958
v 0.01200735 -0.03964808 0.00736877
v 0.00770549 -0.04988196 0.00954852
v -0.00098262 -0.05138074 0.00674651
v 0.00319481 -0.05702760 0.00844847
v -0.01211519 -0.05741059 0.01591065
v -0.01127853 -0.06200065 0.01646133
v 0.00417396 -0.06239952 0.01055978
v 0.00632362 -0.05937668 0.01149523
v -0.00224748 -0.06655549 0.00987018
v 0.00349118 -0.07063029 0.01169831
v 0.00877172 -0.07224766 0.01567895
v 0.00400178 -0.08964686 0.01488628
v -0.00113053 -0.08948912 0.01635246
v -0.00389650 -0.07467377 0.01152724
v -0.00864861 -0.07712734 0.01505141
v 0.00683268 -0.09503444 0.01545195
v 0.01069633 -0.08595680 0.01895027
v 0.00851142 -0.10183589 0.01547135
v 0.00991567 -0.09847920 0.01648652
v 0.01406516 -0.11091477 0.01522251
v 0.01703920 -0.11276977 0.01540963
v 0.00983918 -0.11922093 0.02588383
v 0.01605971 -0.11804687 0.01565996
v 0.01033354 -0.11955333 0.01873468
v 0.02827978 -0.11310659 0.02638435
v 0.03345383 -0.11720432 0.02666922
v 0.03423819 -0.11825122 0.02903186
v 0.01343606 -0.11941875 0.01687312
v 0.01847101 -0.12622693 0.02478926
v 0.02329640 -0.12581454 0.01757551
v 0.02707966 -0.12494160 0.01648816
v 0.02832676 -0.12038665 0.01338742
v 0.04728476 0.02898530 0.01357243
v 0.04726113 0.00002534 0.01347685
v 0.05304043 -0.00713694 0.01112192
v 0.05465157 -0.01163804 0.00976698
v 0.04197378 0.03515978 0.01719596
v 0.05132752 0.03526827 0.02374056
v 0.04364688 0.04466962 0.02310469
v 0.04708994 0.01778290 0.01595149
v 0.05872831 0.03508400 0.03220426
v 0.05203451 0.04557071 0.02656643
v 0.07429095 0.04091699 0.01308286
v 0.08075830 0.03681520 0.01940385
v 0.06384521 0.02668588 0.02890475
v 0.05642699 0.01518589 0.02239164
v 0.05587432 0.00038921 0.02166352
v 0.07080449 0.00805045 0.03298346
v 0.07197340 0.00128293 0.03280850
v 0.09289856 -0.00112783 0.04291774
v 0.05378636 -0.01631057 0.00751109
v 0.04261942 -0.00914504 0.00998631
v 0.03911956 -0.01464373 0.00921405
v 0.03879857 -0.01902104 0.00748527
v 0.07782026 0.03116403 0.03348801
v 0.08171298 0.02990071 0.03297490
v 0.08646665 0.02275348 0.03674335
v 0.08861319 0.02086066 0.03358748
v 0.09315832 0.01641202 0.03542255
v 0.08534460 0.01572914 0.03554584
v 0.09469911 0.01022994 0.03946531
v 0.07456349 0.02119203 0.03607542
v 0.07014953 0.01977928 0.03223119
v 0.08198025 0.00660721 0.03647391
v 0.07373611 0.00792275 0.03504799
v 0.06433856 0.01966252 0.02831598
v 0.05877316 0.01893761 0.02464441
v 0.08867554 0.03036291 0.01763419
v 0.06372102 -0.01046667 0.01871128
v 0.07379121 -0.01816950 0.01938306
v 0.07877228 -0.01436830 0.02002043
v 0.06251415 -0.02476370 0.01571413
v 0.08008087 -0.01577456 0.01581970
v 0.08041247 -0.01623831 0.01358670
v 0.08050635 -0.01432737 0.00900950
v 0.07998552 -0.01435553 0.02375063
v 0.08343075 -0.01988820 0.02483905
v 0.08925902 -0.02092538 0.04021721
v 0.08767853 -0.01572055 0.04238724
v 0.09154279 -0.02034722 0.04250059
v 0.09327479 -0.02139792 0.04225166
v 0.09445893 -0.02234227 0.04030010
v 0.09061430 -0.02339012 0.03437026
v 0.08642262 -0.01215494 0.01677590
v 0.07725818 -0.03106325 0.01056986
v 0.07764739 -0.02996486 0.01287072
v 0.06700213 -0.02805769 0.01698899
v 0.07003424 -0.03025373 0.01670483
v 0.07471941 -0.03519220 0.01405109
v 0.07498937 -0.03796398 0.00946331
v 0.06826664 -0.04627665 0.01059362
v 0.05967064 -0.04280454 0.00986709
v 0.05586756 -0.03049096 0.00852603
v 0.09893651 -0.02307610 0.03776149
v 0.10064811 -0.01719809 0.04436504
v 0.10047020 -0.00756543 0.04524018
v 0.09753314 -0.00330097 0.04475490
v 0.10107792 0.00033111 0.04377481
v 0.10390725 -0.00121143 0.04342223
v 0.10464447 0.00361005 0.04011000
v 0.10235999 -0.01995851 0.04123329
v 0.09858516 0.00793287 0.02043359
v 0.10368903 0.00839204 0.02963362
v 0.10203745 0.01883007 0.01498183
v 0.10197869 0.02328100 0.01438011
v 0.10126998 0.02164423 0.01790145
v 0.10215262 0.02050921 0.01635245
v 0.10279591 0.01159763 0.03109782
v 0.10657281 0.00198778 0.03864611
v 0.09863130 0.02342004 0.01914584
v 0.09707206 0.01224014 0.03794336
v 0.09884293 0.01463644 0.03505783
v 0.14255406 0.08648406 -0.01305078
v 0.14715588 0.08238967 -0.01797040
v 0.14513321 0.07832493 -0.01501333
v 0.14308572 0.07133796 -0.01674005
v 0.15072370 0.07076597 -0.00413471
v 0.14716455 0.06709500 -0.00719772
v 0.15266387 0.07079033 -0.00180254
v 0.15101360 0.07011446 0.00681899
v 0.14945912 0.06685482 0.00640195
v 0.14984620 0.06728204 -0.00354204
v 0.14861239 0.06551541 -0.00042198
v 0.14635810 0.06378751 0.00950025
v 0.14664982 0.06663393 0.01209072
v 0.14279656 0.05980313 0.00613307
v 0.13958296 0.05803305 0.01047954
v 0.13789214 0.05520451 -0.01041079
v 0.13522449 0.05198648 0.01245478
v 0.12415557 0.04141014 0.01740143
v 0.12903558 0.04535185 0.01674744
v -0.09942657 -0.07864308 0.01857256
v -0.08667335 -0.08967516 0.02433896
v -0.09443966 -0.08699165 0.01838199
v -0.09843086 -0.08385468 0.01852174
v -0.09598698 -0.08857399 0.01813902
v -0.09800582 -0.08985007 0.01912508
v -0.08537549 -0.09761766 0.01869516
v -0.08255396 -0.11826522 0.02201916
v -0.07933551 -0.11801494 0.02807233
v -0.07770236 -0.09986701 0.02689997
v -0.08023494 -0.09914073 0.02397951
v -0.08375415 -0.11570781 0.01935965
v -0.07946275 -0.11795717 0.02324828
v -0.06324241 -0.11038662 0.03064231
v -0.06258048 -0.10992516 0.02599669
v -0.06548628 -0.11053644 0.02263927
v -0.07733042 -0.10574088 0.01719024
v -0.07197241 -0.10977454 0.01869241
v -0.07520040 -0.10734414 0.01808645
v -0.07476926 -0.10813675 0.01642217
v -0.07068300 -0.11256756 0.01793059
v -0.06719258 -0.11308274 0.01788510
v -0.07259902 -0.11916384 0.01926209
v -0.06348614 -0.11458801 0.01386376
v -0.11188360 -0.05824452 0.00745695
v -0.11143689 -0.06368860 0.01060105
v -0.10880600 -0.06793230 0.01459153
v -0.10996298 -0.07344313 0.01664024
v 0.02582414 0.02015220 0.01359195
v 0.03168926 0.01827354 0.01256831
v 0.04034096 0.01980022 0.01327481
v 0.02050539 0.03463151 0.01011695
v 0.04592766 0.03206022 0.01132699
v 0.04290921 0.02716998 0.01175221
v 0.03432312 0.00418433 0.01356859
v 0.02989853 0.00125725 0.01359429
v 0.02736590 -0.01982860 0.00831376
v 0.03167669 -0.01443139 0.01029072
v -0.07836152 -0.11543337 0.03124484
v -0.07597652 -0.11699656 0.03145579
v -0.07252143 -0.12140874 0.02316751
v -0.06735009 -0.11871006 0.03540576
v -0.06871454 -0.12275776 0.03333091
v -0.06032774 -0.11968332 0.03406802
v -0.05946477 -0.11974096 0.03219491
v -0.05573729 -0.11533556 0.01975121
v -0.06788991 -0.12086134 0.01614024
v -0.06819527 -0.11950450 0.01506824
v -0.06138601 -0.11992842 0.02491539
v -0.05776016 -0.11743171 0.02076341
v 0.06496640 0.04036460 0.01654983
v -0.07029920 0.02139785 -0.02802155
v -0.06527075 0.01994329 -0.03009564
v -0.05385780 0.02118723 -0.02923880
v -0.07978005 0.00743686 -0.03588258
v -0.07719254 0.01646903 -0.03292236
v -0.08311450 0.01602740 -0.03467342
v -0.04781665 0.01850069 -0.03305243
v -0.07538644 0.02578999 -0.02223012
v -0.08200036 0.02466123 -0.02557189
v -0.06600930 0.02629540 -0.02057205
v -0.08627358 0.02740197 -0.02166609
v -0.05217672 0.02481235 -0.02386415
v -0.05492101 0.03104641 -0.00471408
v -0.05635376 0.03109112 -0.00941092
v -0.05041903 0.02929112 -0.01607332
v -0.05373795 0.00569538 -0.04185072
v -0.04078804 0.00510304 -0.04234185
v -0.03882877 0.01117783 -0.03923766
v -0.05504628 -0.00229124 -0.04437774
v -0.05409084 -0.00794778 -0.04576490
v -0.05730605 -0.01808565 -0.04578318
v -0.05587186 -0.01200391 -0.04617981
v -0.05020748 -0.01837535 -0.04566933
v -0.05280156 -0.02341211 -0.04494234
v -0.07073476 -0.02162369 -0.04306010
v -0.06386077 -0.01395348 -0.04474779
v -0.07181388 -0.01698163 -0.04309466
v -0.06940144 -0.02578769 -0.04268008
v -0.07583192 -0.02528725 -0.04054207
v -0.07511464 -0.02746210 -0.04001424
v -0.06951158 -0.03603818 -0.03733189
v -0.07433952 -0.03262157 -0.03773268
v -0.05720009 0.00309528 -0.04253814
v -0.06802543 0.00394930 -0.03975566
v -0.08390999 0.03166214 -0.00314153
v -0.08776703 0.03170244 -0.00692215
v -0.09318125 0.02836320 -0.01997186
v -0.08393374 0.02006139 -0.03190031
v -0.08800234 0.02202765 -0.03079484
v -0.09757909 0.02652447 -0.02348563
v -0.10196930 0.03009697 -0.01148699
v -0.10256488 0.03040811 -0.00629782
v -0.09734092 0.03145554 -0.00685668
v -0.09408596 0.03120150 -0.01084031
v -0.09033677 0.03160097 0.00057258
v -0.08327729 0.03071175 0.00227879
v -0.10628395 0.02918340 0.00157296
v -0.10288712 0.02849648 -0.01783946
v -0.12820278 0.02016628 -0.01217029
v -0.12845750 0.02076635 -0.00695775
v -0.13235542 0.01761031 -0.00843148
v -0.12433022 0.02143005 -0.01722471
v -0.12089550 0.02208515 -0.02089745
v -0.11364312 0.01758608 -0.03276100
v -0.10707580 0.01881064 -0.03290724
v -0.10314756 0.02377552 -0.02732765
v -0.09871903 0.01807198 -0.03429577
v -0.08779269 0.01629355 -0.03558150
v -0.08096317 0.01264267 -0.03513552
v -0.08662853 0.01247209 -0.03663942
v -0.08155356 -0.00954835 -0.03746802
v -0.08451447 -0.00660514 -0.03645781
v -0.09124532 0.00704609 -0.03762795
v -0.08978839 -0.00132437 -0.03790525
v -0.09925692 0.00671681 -0.03952143
v -0.10963294 0.00260447 -0.04151460
v -0.10348536 -0.00188705 -0.04255964
v -0.10015838 0.00104283 -0.04135209
v -0.08027414 -0.01682478 -0.03963690
v -0.08477525 -0.02118338 -0.03780547
v -0.08244511 -0.02715935 -0.03759364
v -0.04974437 -0.01358976 -0.04634215
v -0.03229369 0.00903060 -0.03975368
v -0.04757141 -0.03412075 -0.04042977
v -0.03478789 0.01345098 -0.03758282
v -0.04719359 0.03225391 -0.00783257
v -0.04087135 0.03133741 -0.00181255
v -0.03955420 0.03334137 -0.00650788
v -0.03960584 0.03368454 -0.00917318
v -0.03695605 0.02226239 -0.02998555
v 0.03272652 -0.02894072 -0.00911766
v 0.01667607 -0.03417162 -0.02782309
v 0.00759022 -0.04092050 -0.02405852
v 0.01164465 -0.03955125 -0.02883838
v 0.02444171 -0.02804897 -0.01810640
v 0.04032843 -0.02280232 -0.01101981
v 0.02093110 -0.02498293 -0.02819433
v 0.02160073 -0.02634724 -0.02352704
v 0.01468449 -0.03551412 -0.03517967
v 0.02298759 -0.02057074 -0.02570997
v 0.02446110 -0.02085553 -0.02360632
v 0.02562957 -0.01530211 -0.02613493
v 0.01966036 -0.02499980 -0.03282393
v 0.02933075 -0.01270652 -0.02529134
v 0.02393771 -0.00712632 -0.03096282
v 0.01453335 -0.02496143 -0.03981390
v 0.00829080 -0.04110984 -0.03832709
v 0.00805984 -0.04629660 -0.03721082
v 0.00466946 -0.04726689 -0.04050820
v 0.00225114 -0.05340076 -0.04216060
v 0.00549862 -0.03873467 -0.04126317
v -0.00020370 -0.05822993 -0.04404521
v 0.00075782 -0.03456077 -0.04574707
v 0.00778004 -0.02599572 -0.04505597
v -0.00397577 -0.05382926 -0.04561920
v 0.00573676 -0.05720088 -0.03603770
v 0.00433689 -0.07121516 -0.03559021
v 0.00539696 -0.06316792 -0.03735680
v -0.01093405 -0.06535085 -0.04390221
v -0.00714326 -0.05541019 -0.04446008
v -0.01066911 -0.04726753 -0.04309523
v -0.01383515 -0.05289941 -0.03883411
v -0.01457353 -0.04394684 -0.04173571
v -0.01845000 -0.04110438 -0.03274876
v -0.01629991 -0.04325319 -0.03931274
v -0.12627406 0.01729323 -0.02460157
v -0.12441432 0.01604329 -0.02901879
v -0.13316923 0.00939576 -0.02547454
v -0.13122906 0.00716976 -0.03146259
v -0.12797530 0.01129545 -0.03155166
v -0.12092528 0.01541142 -0.03232747
v -0.12897660 0.00651539 -0.03448171
v -0.12747669 -0.00634479 -0.03855181
v -0.12015545 -0.00436901 -0.04175254
v -0.10068800 -0.01635163 -0.04275000
v -0.08650708 -0.02621302 -0.03756321
v -0.09553794 -0.01899881 -0.04058326
v -0.09488340 -0.01066224 -0.04140680
v -0.09155066 -0.01436589 -0.03957551
v -0.09518310 -0.02632906 -0.04109747
v -0.08566993 -0.02904522 -0.03693986
v -0.09941790 -0.03145630 -0.04279397
v -0.10065027 -0.02786229 -0.04298552
v -0.10345575 -0.03130606 -0.04353271
v -0.10766592 -0.03561413 -0.04328933
v -0.11635147 -0.03727519 -0.04247760
v -0.11315729 -0.04422832 -0.04054216
v -0.10214000 -0.04354455 -0.03956835
v -0.09461716 -0.04235712 -0.03570632
v -0.10527160 -0.04731010 -0.03849924
v -0.11688124 -0.04561265 -0.03983685
v -0.11586349 -0.04109247 -0.04157556
v -0.12513684 -0.01754691 -0.04064251
v -0.11953320 -0.01177786 -0.04315439
v -0.12235664 -0.00926023 -0.04180497
v -0.12848556 -0.01477430 -0.03849471
v -0.12916556 -0.01839166 -0.03722569
v -0.12848161 -0.02379977 -0.03749865
v -0.12061718 -0.02824239 -0.04167550
v -0.12615620 -0.03135482 -0.03966419
v -0.12169530 -0.04251331 -0.04010791
v -0.13068455 -0.04851194 -0.03455645
v -0.13135558 -0.05840206 -0.03828594
v -0.13471328 -0.05691333 -0.03421895
v -0.03831513 -0.04238082 -0.03460268
v -0.03743139 -0.03756192 -0.03791048
v -0.03815368 -0.03348938 -0.03969702
v -0.02605721 -0.03863559 -0.03652240
v -0.02501193 -0.04140328 -0.03465109
v -0.02071859 -0.04104432 -0.03337901
v -0.02939824 -0.02919092 -0.04044516
v -0.02473374 -0.02420676 -0.04140764
v -0.04559980 -0.03924201 -0.03773126
v -0.10684279 -0.05297999 -0.03283938
v -0.11336237 -0.05221012 -0.03853546
v -0.11793750 -0.05450086 -0.03930854
v -0.11289442 -0.05851505 -0.03550314
v -0.11640663 -0.06259188 -0.03647490
v -0.11889713 -0.06224412 -0.03858389
v -0.13513109 -0.06806412 -0.04180745
v -0.13888487 -0.06732837 -0.03726228
v -0.13119724 -0.06730475 -0.04198679
v -0.13667424 -0.07269718 -0.04373064
v -0.12106144 -0.06700791 -0.03868103
v -0.11723913 -0.06382664 -0.03349870
v -0.12167400 -0.07743176 -0.03589984
v -0.12273891 -0.08292675 -0.03535121
v -0.12100434 -0.07086933 -0.03761410
v -0.12191638 -0.08222301 -0.03763785
v -0.12093806 -0.08919887 -0.03794104
v -0.12033722 -0.09009780 -0.04065557
v -0.12447549 -0.08600699 -0.04295873
v -0.13060962 -0.07584531 -0.04374360
v -0.12010834 -0.09362374 -0.04432471
v -0.11871213 -0.09379397 -0.04191545
v -0.12827209 -0.09000314 -0.04647230
v -0.12543303 -0.09013335 -0.04578098
v -0.11960553 -0.09740511 -0.04777884
v -0.12664051 -0.10320781 -0.04810335
v -0.11297957 -0.10089999 -0.04661181
v -0.11373500 -0.09937752 -0.04320094
v -0.10812981 -0.10473359 -0.04631940
v -0.11046400 -0.11251447 -0.05548048
v -0.11381727 -0.10572574 -0.05226075
v -0.10700464 -0.10966916 -0.05361235
v -0.09989270 -0.11026655 -0.04912744
v -0.10151497 -0.11388271 -0.05795248
v -0.10073317 -0.11774969 -0.06095373
v -0.09523530 -0.11326727 -0.05111733
v -0.09711037 -0.11576891 -0.05907010
v -0.09236605 -0.11614719 -0.04905100
v -0.09075659 -0.11852496 -0.05031686
v -0.13238469 -0.08600321 -0.04539072
v -0.03509265 -0.02701510 -0.04224893
v -0.02990642 -0.02308328 -0.04279060
v -0.02575317 -0.01666783 -0.04315431
v -0.01517464 -0.01439322 -0.04536635
v -0.02138693 -0.00836533 -0.04290503
v -0.02838613 0.02215680 -0.03076509
v -0.02240606 0.01601653 -0.03475833
v -0.02280107 0.03939936 -0.00724031
v 0.02825934 0.03910153 -0.00459243
v 0.04263743 0.03311249 -0.00936151
v 0.04330318 0.02460994 -0.01656122
v 0.03376260 0.02779057 -0.01876867
v 0.02328097 0.03460881 -0.01939658
v 0.01818242 0.03984212 -0.01782201
v 0.01458721 0.04241144 -0.01688616
v 0.01033046 0.04573624 -0.01178845
v 0.01345129 0.04099263 -0.01988854
v 0.01740567 0.03371599 -0.02333437
v 0.01241866 0.02898078 -0.02748175
v 0.00494817 0.03473663 -0.02639059
v 0.00973223 0.03972975 -0.02261254
v 0.00587656 0.04418512 -0.01813713
v -0.00437461 0.04688896 -0.00984965
v -0.00844238 0.04503706 -0.01290077
v -0.00156121 0.04031215 -0.02249679
v -0.00847029 0.03847922 -0.02253947
v -0.00688549 0.03059636 -0.02838768
v -0.01218947 0.03644855 -0.02329178
v -0.01530730 0.03882203 -0.01905772
v -0.01256780 0.04430202 -0.01111921
v -0.01844821 0.04117250 -0.01246845
v -0.03493661 0.02633806 -0.02530297
v -0.01622577 0.01868808 -0.03441438
v 0.00426272 -0.02292204 -0.04722774
v 0.00616040 -0.01703290 -0.04529279
v 0.00742220 -0.01329520 -0.04316154
v 0.03824272 0.00476960 -0.02583214
v 0.04586178 0.00420341 -0.02241821
v 0.05046597 0.02279007 -0.01436980
v 0.05180574 0.03020336 -0.00999428
v 0.05944276 0.03484650 -0.00503243
v 0.05804545 0.03638020 -0.00249823
v 0.06125994 0.03929336 0.00289587
v 0.05503839 0.03786343 0.00823923
v 0.06793100 0.04127617 0.00463012
v 0.06908691 0.04198219 0.00773785
v 0.07209843 0.04175942 0.01047575
v 0.08200881 -0.01296718 0.01255683
v 0.07020286 -0.04381363 0.00535405
v 0.07086652 -0.04508286 0.00957109
v 0.05550072 -0.03157775 0.00524870
v 0.05640124 -0.03789881 0.00435328
v 0.06706141 -0.04663840 0.00551803
v 0.06810883 -0.04183112 0.00306541
v 0.06507925 -0.03982289 0.00207212
v 0.05684970 -0.04179180 0.00611741
v 0.06152581 -0.02825508 0.00084299
v 0.05768387 -0.02938308 0.00276010
v 0.07374506 -0.01318095 0.00116098
v 0.06928688 -0.02043910 0.00022145
v 0.07151968 -0.01713022 0.00090163
v 0.09019957 -0.01240938 0.01776491
v 0.08951323 -0.00859816 0.01461744
v 0.09313044 -0.01483858 0.01911006
v 0.09301264 -0.00813514 0.01518913
v 0.08403873 -0.00652190 0.00304794
v 0.07266732 -0.01089623 -0.00026561
v 0.09563226 -0.00053471 0.01678083
v 0.09567792 -0.00823075 0.01702234
v 0.09822029 -0.01138503 0.01922057
v 0.10665923 -0.01265050 0.03141830
v 0.10067992 0.00518429 0.02376135
v 0.09839143 0.00316042 0.01858747
v 0.10502139 -0.00123975 0.03028360
v 0.10352692 0.00480283 0.02850614
v 0.09703830 0.01136964 0.01480480
v 0.09332197 0.01020528 0.00651998
v 0.08977877 0.01124429 0.00188407
v 0.09032885 0.01590365 0.00223719
v 0.09752244 0.01274947 0.01425658
v 0.09862695 0.01454156 0.01075123
v 0.10131273 0.01815393 0.01204009
v 0.10221712 0.02245159 0.01223773
v 0.09527009 0.02328565 0.00533842
v 0.07881840 -0.00509021 -0.00292513
v 0.06952825 -0.00168055 -0.00719671
v 0.07402682 -0.00046565 -0.00601508
v 0.07621942 -0.00728915 -0.00259785
v 0.06687010 -0.00713675 -0.00432439
v 0.06574228 -0.01222707 -0.00185366
v 0.06824129 -0.02366243 0.00029805
v 0.06586643 -0.02643296 0.00012741
v 0.07009488 -0.02986094 0.00242744
v 0.05897257 -0.02061916 0.00267425
v 0.05821030 -0.01940386 0.00189813
v 0.05456477 -0.01748067 -0.00567823
v -0.00259178 -0.01055623 -0.04620123
v 0.00117814 -0.01038865 -0.04541697
v -0.00706896 -0.00689364 -0.04507024
v 0.00185472 -0.00502830 -0.04312670
v 0.01155958 0.00281527 -0.03885922
v -0.00167423 0.00208024 -0.04207000
v 0.01553602 0.01033630 -0.03465828
v 0.03039259 0.01708925 -0.02598082
v 0.02867938 0.02199236 -0.02470962
v 0.04019623 0.02109709 -0.01945762
v 0.00664373 -0.07263719 -0.04058516
v 0.00519078 -0.06937321 -0.04153252
v 0.00236751 -0.06722157 -0.04367311
v 0.00604715 -0.08086193 -0.04072937
v -0.00547174 -0.08761862 -0.04481877
v -0.00340587 -0.09330487 -0.04616192
v 0.00637011 -0.08505521 -0.04108398
v 0.00321092 -0.07922675 -0.04610491
v 0.00348938 -0.08496913 -0.04619971
v 0.00120155 -0.07589144 -0.04810616
v 0.00488851 -0.08706780 -0.03700153
v 0.00667365 -0.08972492 -0.03908819
v 0.00565430 -0.09666321 -0.03732863
v 0.00855627 -0.10195695 -0.03766518
v 0.01595604 -0.10702420 -0.04316667
v 0.01485202 -0.10718791 -0.04573725
v 0.01604566 -0.10749824 -0.03960234
v 0.01151153 -0.10482211 -0.03765513
v 0.02586821 -0.11505307 -0.04015733
v 0.01067005 -0.10361116 -0.04705439
v 0.00174183 -0.09794413 -0.04819173
v 0.00219570 -0.09177052 -0.04802551
v -0.00106488 -0.09832669 -0.04678027
v 0.00167589 -0.10928243 -0.04508570
v -0.00416534 -0.07559688 -0.04930069
v -0.01325193 -0.00743167 -0.04413760
v -0.01454327 0.00122313 -0.04194076
v -0.00617875 -0.00271768 -0.04388191
v -0.00825748 0.00964446 -0.04027742
v -0.00173611 0.00763013 -0.04089333
v 0.05427142 0.01784492 -0.01436881
v 0.09276272 0.03275582 0.00717617
v 0.09664419 0.02959229 0.00767691
v 0.10084688 0.02625391 0.01060641
v 0.09569161 0.02872200 0.00551062
v 0.09040851 0.02448937 0.00288804
v 0.05250715 -0.00523007 -0.01436433
v 0.06015699 0.00637421 -0.01403026
v 0.06383012 0.00714810 -0.01154548
v 0.06002774 0.02864723 -0.00959628
v 0.06696768 0.01410309 -0.01016719
v 0.06592844 0.03620487 -0.00584591
v 0.06931604 0.03892924 -0.00213575
v 0.09339175 0.02859515 0.00403143
v 0.08910470 0.02845401 -0.00218469
v 0.09949968 0.03224672 -0.00409864
v 0.10239866 0.03514921 -0.01196881
v 0.11124496 0.03700545 -0.00959944
v 0.09789099 0.03495467 -0.01286280
v 0.09437929 0.03489269 -0.01341558
v 0.09699546 0.03569369 -0.01589849
v 0.09226572 0.03342872 -0.01060743
v 0.09335427 0.03069250 -0.00478972
v 0.09188679 0.02963660 -0.00119237
v 0.08227811 0.02358430 -0.00313882
v 0.08412708 0.02780526 -0.00208764
v 0.07561747 0.03344372 -0.00917993
v 0.07285209 0.02825683 -0.00716955
v 0.06713530 0.04174073 -0.01094196
v 0.07385784 0.04856174 -0.00976091
v 0.07509217 0.05071298 -0.01217142
v 0.07259014 0.05181666 -0.01608831
v 0.06852677 0.04757701 -0.01507968
v 0.07110644 0.03278174 -0.01350522
v 0.08302525 0.03050796 -0.00515303
v 0.07716322 0.03755473 -0.00969310
v 0.07865266 0.03941068 -0.01006209
v 0.08303685 0.03768498 -0.01257223
v 0.09055453 0.03500109 -0.01421760
v 0.10020702 0.03879302 -0.02112441
v 0.11902532 0.04095006 -0.01066859
v 0.09662595 0.03819902 -0.02319044
v 0.09811060 0.03795045 -0.02498766
v 0.09963033 0.03926199 -0.02700728
v 0.09520734 0.03838400 -0.02951714
v 0.09441491 0.03738494 -0.02676426
v 0.07940444 0.03871757 -0.01510811
v 0.07259107 0.03511844 -0.01756002
v 0.08183892 0.04180143 -0.02354565
v 0.08445447 0.04096615 -0.02140163
v 0.09120628 0.04046444 -0.02412317
v 0.08602150 0.04450714 -0.02643417
v 0.08238796 0.04437162 -0.02529567
v 0.09388014 0.04040859 -0.02039218
v 0.09133970 0.03771410 -0.01753828
v 0.09366786 0.03966736 -0.02337514
v 0.09255959 0.03963421 -0.02725200
v 0.09680976 0.04204692 -0.03192119
v 0.08255378 0.04588104 -0.02775296
v 0.08588231 0.04578186 -0.02997220
v 0.08297553 0.04752931 -0.03512625
v 0.08052504 0.04780258 -0.03421067
v 0.07018725 0.04573674 -0.02431247
v 0.07232842 0.04468420 -0.02608623
v 0.07829751 0.04861033 -0.03090309
v 0.07474724 0.04955297 -0.02757746
v 0.06975593 0.04794559 -0.02263659
v 0.06661997 0.03934951 -0.01981482
v 0.07502485 0.04495011 -0.00690558
v 0.07050090 0.05027735 -0.02150738
v 0.07228470 0.05195105 -0.02492742
v 0.07552404 0.05479921 -0.02275919
v 0.08104327 0.05429243 -0.02669442
v 0.08752832 0.05400762 -0.03558940
v 0.05854271 0.01140750 -0.01425385
v 0.05334216 0.00636318 -0.01794834
v 0.05543628 0.00391747 -0.01651521
v 0.04422448 -0.00278905 -0.02239967
v 0.06952877 0.02424046 -0.00823026
v 0.07793662 0.05506813 -0.02435483
v 0.08262473 0.05359623 -0.03182166
v 0.08350451 0.04964054 -0.03681738
v 0.09514768 0.04754134 -0.03071278
v 0.09029023 0.04794152 -0.03327522
v 0.09126700 0.04657933 -0.03214517
v 0.09036335 0.05039579 -0.03666886
v 0.09094235 0.05462358 -0.03842843
v 0.09634093 0.06144892 -0.04296283
v 0.09349193 0.06257079 -0.04508933
v 0.10238935 0.04769596 -0.03029302
v 0.09819508 0.04944958 -0.03370758
v 0.11094102 0.04751371 -0.03128919
v 0.11416525 0.05324557 -0.03440879
v 0.12755294 0.04947436 -0.01860184
v 0.12299203 0.06181203 -0.03507087
v 0.09346917 0.05488928 -0.04113818
v 0.09623737 0.05725134 -0.04607780
v 0.09701649 0.05978649 -0.04831024
v 0.09384784 0.06224409 -0.04781593
v 0.10905667 0.05748806 -0.04128079
v 0.09317189 0.06435159 -0.05192295
v 0.09272233 0.07422327 -0.05395412
v 0.09168792 0.07605353 -0.05386062
v 0.09195864 0.07619782 -0.05904770
v 0.09122466 0.07797372 -0.05738937
v 0.10519333 0.07938729 -0.05544204
v 0.13744055 0.09860794 -0.02866196
v 0.13925372 0.09783129 -0.02863535
v 0.12837188 0.10583794 -0.03633799
v 0.13182738 0.10637136 -0.03382235
v 0.13507375 0.10515581 -0.03109715
v 0.13993154 0.09442919 -0.02905029
v 0.13901043 0.09077489 -0.03162538
v 0.13821778 0.10049038 -0.01848332
v 0.13894761 0.10546483 -0.01566974
v 0.13951038 0.10988254 -0.01695404
v 0.14821923 0.09628813 -0.01340866
v 0.14679414 0.08713142 -0.02164914
v 0.14814711 0.08933923 -0.02029489
v 0.14884776 0.09301889 -0.01767007
v 0.14660384 0.09475575 -0.02145510
v 0.13819139 0.06852840 -0.02402585
v 0.14177041 0.06991365 -0.02001272
v 0.13849090 0.06310667 -0.01958409
v 0.10447863 0.08435702 -0.05744875
v 0.12467073 0.07540487 -0.04094679
v 0.13337845 0.07850457 -0.03444120
v 0.13271120 0.06653046 -0.02899689
v 0.13367884 0.06036035 -0.02394032
v 0.13542555 0.07439765 -0.03061254
v 0.14172956 0.07608353 -0.02404742
v 0.14078087 0.08061380 -0.02723781
v 0.12599857 0.10870366 -0.03885892
v 0.13259748 0.10504510 -0.04019963
v 0.13295247 0.10268310 -0.04098876
v 0.12887995 0.10701749 -0.04394425
v 0.12712987 0.10299075 -0.04623192
v 0.12268610 0.09682791 -0.04885917
v 0.11948478 0.10899416 -0.05215131
v 0.12265162 0.11087392 -0.04436721
v 0.11885243 0.10576244 -0.05318668
v 0.11826333 0.09207252 -0.05117621
v 0.09499051 0.08583066 -0.05860744
v 0.11178281 0.09836129 -0.05619907
v 0.10928081 0.09863143 -0.05590429
v 0.10659540 0.09516124 -0.05774189
v 0.10377713 0.09209680 -0.05774357
v 0.10035431 0.08986338 -0.05620660
v 0.10560034 0.09624268 -0.05555312
v 0.10810906 0.09889606 -0.05473608
v 0.10838800 0.10038430 -0.05091436
v 0.10547081 0.09706549 -0.05293415
v 0.14108668 0.10174800 -0.02270956
v 0.14244543 0.11205025 -0.01618994
v 0.13778782 0.10170882 -0.02190153
v 0.13411516 0.05357746 -0.01524736
v 0.00790192 -0.11436522 -0.05107800
v 0.01302509 -0.12077181 -0.04892334
v 0.01485310 -0.12255523 -0.05107416
v 0.01290803 -0.11644209 -0.05136463
v 0.01756219 -0.12466278 -0.05125147
v 0.02704388 -0.11857400 -0.03668062
v 0.03076739 -0.11908987 -0.03889041
v 0.02940037 -0.11817369 -0.04132409
v 0.02984863 -0.11993944 -0.04662677
v 0.03171653 -0.12157881 -0.04319230
v 0.02834324 -0.12543665 -0.04896260
v 0.02455920 -0.12541431 -0.05201150
v 0.02627238 -0.12195425 -0.05264880
v 0.02771681 -0.12232319 -0.05192228
v 0.01823374 -0.11842100 -0.05151928
v -0.08937588 0.03036561 0.00471609
v -0.10034600 0.02681057 0.01172124
v -0.10393389 0.02376020 0.01653901
v -0.10190248 0.01868820 0.02337906
v -0.09608825 0.01642776 0.02514561
v -0.09795292 0.01159245 0.02843085
v -0.09016124 0.01149126 0.02675080
v -0.09092306 0.01431705 0.02588081
v -0.08634330 0.01816399 0.02339607
v -0.08310498 0.00974839 0.02450610
v -0.09296822 0.00921914 0.02829356
v -0.07649373 0.01329072 0.02097868
v -0.07497148 0.00914966 0.02040280
v -0.07354838 0.01144203 0.01966279
v -0.07034771 0.01159795 0.01926112
v -0.08401460 0.02108335 0.02088759
v -0.07596595 0.02253984 0.01645029
v -0.07724519 0.00469543 0.02237508
v -0.07376372 0.00465536 0.02179777
v -0.06880139 -0.00530216 0.02503663
v -0.06808324 0.03024799 0.00005892
v -0.06445087 0.02633560 0.00794208
v -0.05711392 0.01862603 0.01562270
v -0.08733185 -0.00212498 0.02871873
v -0.08270640 -0.00107042 0.02591940
v -0.09155174 -0.00446541 0.03089168
v -0.09316834 0.00296583 0.03000354
v -0.09869274 0.00826414 0.02985426
v -0.10284638 0.00736254 0.03032757
v -0.10809462 -0.00182008 0.03206251
v -0.09967005 0.00225836 0.03142303
v -0.10436130 0.00327152 0.03147426
v -0.10672626 0.00726160 0.02985916
v -0.08205128 -0.01012644 0.02597809
v -0.08714294 -0.00950123 0.02933308
v -0.07832018 -0.01420221 0.02463766
v -0.11136767 -0.01791077 0.03345013
v -0.11266338 -0.02262305 0.03263430
v -0.10798818 -0.02381925 0.03330735
v -0.11532917 -0.01829914 0.03236306
v -0.11671010 -0.02134912 0.03146882
v -0.12248140 -0.01775821 0.02837814
v -0.09364213 -0.02318037 0.03202958
v -0.09818106 -0.02695583 0.03328438
v -0.11125807 -0.03926904 0.03096362
v -0.08145117 -0.01919160 0.02491624
v -0.07635633 -0.02003442 0.02307602
v -0.05438906 0.01236240 0.02044652
v -0.04969233 -0.00266860 0.02704058
v -0.06736923 -0.01571769 0.02514957
v -0.06135204 -0.01934373 0.02575130
v -0.07728875 -0.02947525 0.01962175
v -0.06287988 -0.02698476 0.02254093
v -0.08159320 -0.03505944 0.02246385
v -0.07917019 -0.03255446 0.02010273
v -0.09067696 -0.04826704 0.02316190
v -0.07297826 -0.03559927 0.01428197
v -0.07391761 -0.03627720 0.01021083
v -0.07892423 -0.04392958 -0.00061173
v -0.08641924 -0.04286053 -0.00317962
v -0.08074352 -0.03865406 0.00266843
v -0.09385381 -0.05222100 0.02478450
v -0.09906381 -0.04774510 0.02905011
v -0.11914788 -0.00702291 0.02928387
v -0.12135164 0.00822283 0.02410461
v -0.04938952 0.02741667 0.00541068
v -0.05086381 0.02397864 0.01099650
v -0.03606886 0.03121654 0.00059315
v -0.03333294 0.03023132 0.00349995
v -0.02923773 0.03335499 0.00069062
v -0.04322441 0.02446921 0.01087747
v -0.03609952 0.01793940 0.01752870
v -0.04018482 0.00544498 0.02441877
v -0.04734899 0.00342527 0.02542268
v -0.05337742 -0.01697418 0.02713390
v -0.05797555 -0.03303545 0.01999349
v -0.04969563 -0.02501583 0.02508568
v -0.03239656 -0.00299992 0.02459402
v -0.02420224 -0.00477276 0.02262164
v -0.01740769 0.00159743 0.02072848
v -0.03670725 -0.01745676 0.02546188
v -0.02710765 -0.01934035 0.02337803
v -0.02279395 -0.02301534 0.02199939
v -0.03786615 -0.02122355 0.02495423
v -0.02596181 -0.03253180 0.01998847
v -0.03027092 -0.03426102 0.01992746
v -0.03576935 -0.03456253 0.01999403
v -0.04449564 -0.04009518 0.01507386
v -0.06469636 -0.03394112 0.01844554
v -0.06209555 -0.03551441 0.01775406
v -0.05453083 -0.04106633 0.00796140
v -0.08569681 -0.03576814 0.00200556
v -0.08954553 -0.03401368 0.00065017
v -0.10496339 -0.05229262 0.03099212
v -0.10729013 -0.05468705 0.03101031
v -0.10403656 -0.07182949 0.03318103
v -0.10288198 -0.07591701 0.03310511
v -0.10100344 -0.07441761 0.03152627
v -0.09864429 -0.06749218 0.02665588
v -0.09177635 -0.08476523 0.02809615
v -0.10612008 -0.07540906 0.03392626
v -0.10858388 -0.07049776 0.03433853
v -0.09974399 -0.08776522 0.03160708
v -0.11118500 -0.06996658 0.03377400
v -0.10134245 -0.09058942 0.02909998
v -0.08815143 -0.10357382 0.03240315
v -0.08634382 -0.10139081 0.03343985
v -0.08065553 -0.10046406 0.03164126
v -0.08157185 -0.10546101 0.03371029
v -0.07734453 -0.10493512 0.03247135
v -0.08902086 -0.10693872 0.03041935
v -0.08329298 -0.11211931 0.03235336
v -0.07916296 -0.11238430 0.03324700
v -0.07337963 -0.10517310 0.03009058
v -0.07720637 -0.10176837 0.03005251
v -0.01361439 0.02840505 0.01248492
v -0.00551520 0.02030124 0.01895355
v -0.01846399 0.00950238 0.02001711
v -0.01122512 0.03252976 0.01059084
v -0.00304338 0.03767261 0.00948594
v 0.00669530 0.04182680 0.00703892
v 0.01594114 0.04330501 0.00199208
v 0.00932265 0.04576937 -0.00039076
v 0.00022111 0.04274709 0.00591437
v -0.01208978 -0.01168644 0.02396102
v -0.00883541 -0.01467816 0.02641760
v -0.12662469 0.00754123 0.02128137
v -0.12446436 0.00375921 0.02446580
v -0.12815730 -0.00592805 0.02362742
v -0.12570442 -0.02044589 0.02539739
v -0.13028604 -0.00159735 0.02155330
v -0.13319777 -0.00131298 0.01802670
v -0.12969868 0.00396551 0.02025988
v -0.05525701 -0.03910030 0.01383913
v 0.00481357 0.04764923 -0.00557073
v 0.00043464 0.04738267 -0.00424800
v -0.00933536 0.04430842 -0.00138630
v -0.00591533 0.04463680 0.00063128
v -0.07473716 -0.03695343 -0.03552392
v -0.08366068 -0.03689070 0.01397062
v -0.08030497 -0.03451731 0.01051664
v -0.08816673 -0.04037014 0.01246424
v -0.09318210 -0.05198573 0.01777173
v -0.09604402 -0.05955064 0.01998583
v -0.08962035 -0.04181327 -0.00518128
v -0.09305464 -0.03742645 -0.00447299
v -0.08610798 -0.03381892 0.00549162
v -0.09260828 -0.04065927 0.01033412
v -0.09831417 -0.04110231 0.00908115
v -0.09942006 -0.06093773 0.01623678
v -0.09785682 -0.06418551 0.01901200
v -0.09639825 -0.06191786 0.02182530
v -0.09724454 -0.07190974 0.02324710
v -0.09704453 -0.07307526 0.02102383
v -0.09397453 -0.07984557 0.02222886
v -0.08869052 -0.08845784 0.02836876
v -0.08679233 -0.08957529 0.02652402
v 0.01516892 -0.04312705 -0.01176770
v 0.01271272 -0.04432268 -0.00950135
v 0.01355570 -0.04320561 -0.01372763
v 0.00871871 -0.04169643 -0.01829413
v 0.00311908 -0.04295526 -0.00984369
v 0.00553704 -0.04139089 -0.02122137
v 0.00570130 -0.04638620 -0.03089925
v -0.00339735 -0.05251762 -0.02954935
v 0.00164072 -0.05917231 -0.03227826
v -0.00304920 -0.06358283 -0.03189049
v -0.00997709 -0.05917446 -0.03502985
v -0.01137917 -0.05137061 -0.03442299
v -0.01229531 -0.06006952 -0.03826580
v -0.01213306 -0.06786561 -0.03949625
v 0.00162583 -0.07094856 -0.03352256
v -0.00082121 -0.07455678 -0.03309675
v -0.00013086 -0.08136796 -0.03432554
v -0.00907059 -0.07877559 -0.04006826
v -0.01451094 -0.04514758 -0.03522371
v -0.01492444 -0.04207988 -0.03214294
v -0.01894419 -0.04396084 -0.02421944
v -0.02228912 -0.04301790 -0.02734096
v -0.02596097 -0.04484254 -0.02414451
v -0.02096168 -0.04535444 -0.01967924
v -0.01575551 -0.04446324 -0.01963324
v -0.01352841 -0.04531126 -0.01361270
v -0.01180058 -0.04512023 -0.00949195
v -0.03232591 -0.04556474 -0.01950344
v -0.02038469 -0.04629453 -0.01261395
v -0.03457871 -0.04540716 0.00103770
v -0.03527297 -0.04423618 0.00440032
v -0.08080442 -0.03573080 -0.03511259
v -0.08385795 -0.03470939 -0.03193916
v -0.08309932 -0.03508256 -0.02397300
v -0.07665186 -0.03937851 -0.02374699
v -0.08479334 -0.03853605 -0.01577614
v -0.07541613 -0.04393162 -0.01682068
v -0.08397289 -0.04501703 -0.01120121
v -0.08621322 -0.03510953 -0.01788415
v -0.09012166 -0.03330486 -0.02526757
v -0.09302367 -0.03163734 -0.01682532
v -0.08888628 -0.03526623 -0.03053716
v -0.09782901 -0.04129680 -0.02691079
v -0.13602212 -0.02562656 -0.01892242
v -0.13020636 -0.02673913 -0.01562149
v -0.12663181 -0.02207731 -0.01090393
v -0.12363244 -0.02544812 -0.01151470
v -0.12608886 -0.02901175 -0.01472457
v -0.12148409 -0.03213873 -0.01530685
v -0.12386713 -0.02675312 -0.01266419
v -0.11949313 -0.02985824 -0.01055427
v -0.12417413 -0.02981766 -0.00813808
v -0.12111600 -0.03196883 -0.00853027
v -0.11472359 -0.02837194 -0.01073758
v -0.10906494 -0.02718924 -0.01271010
v -0.11075086 -0.03269275 -0.01640977
v -0.10847037 -0.02938095 -0.01514223
v -0.10266634 -0.02933306 -0.01320651
v -0.10189298 -0.03151168 -0.01010552
v -0.10562015 -0.02875961 -0.00963296
v -0.10502184 -0.02834623 -0.00119374
v -0.10177042 -0.02983583 -0.00042664
v -0.10184503 -0.06476577 0.01577483
v -0.11477109 -0.02971571 0.00179832
v -0.12182719 -0.03204897 0.00021428
v -0.12378469 -0.03173449 -0.00057488
v -0.02799075 -0.04263173 -0.03204442
v -0.06541691 -0.04166694 -0.02784822
v -0.06074836 -0.04601075 -0.01059465
v -0.07320907 -0.04883393 -0.01252472
v -0.08044572 -0.04969796 -0.00951917
v -0.12355572 -0.06137620 -0.02620105
v -0.12735006 -0.07243456 -0.02856845
v -0.13230516 -0.08346575 -0.03279631
v -0.12289322 -0.07846230 -0.03381420
v -0.13268292 -0.08646129 -0.03511505
v -0.12292656 -0.09922422 -0.03764286
v -0.11469821 -0.10642848 -0.03975049
v -0.11964899 -0.10037080 -0.03819923
v -0.11777388 -0.10712064 -0.03948845
v -0.05009130 -0.04611306 -0.01182067
v -0.00455537 -0.09021214 -0.04086399
v 0.00191938 -0.09285680 -0.03568100
v 0.01539483 -0.11045700 -0.03648837
v -0.00200456 -0.09753191 -0.04188139
v 0.00053573 -0.09530132 -0.03663272
v 0.00285775 -0.10127342 -0.03678473
v 0.00012648 -0.09900687 -0.03854685
v 0.00374696 -0.11155921 -0.03857337
v 0.00202807 -0.11074364 -0.04114137
v 0.00712377 -0.11317831 -0.03641660
v 0.00894270 -0.11185695 -0.03548777
v 0.01396855 -0.11482259 -0.03522165
v 0.00298853 -0.11544167 -0.04126088
v 0.00722438 -0.11918548 -0.04388817
v 0.01020712 -0.11850953 -0.03922715
v 0.01208983 -0.12010019 -0.04195641
v 0.01149113 -0.11956046 -0.04725268
v 0.01734222 -0.12406619 -0.04408387
v 0.02053231 -0.12505108 -0.04170492
v 0.02445204 -0.12321962 -0.03332780
v 0.02361920 -0.12008899 -0.03410500
v 0.02732681 -0.12513888 -0.03583314
v 0.02916756 -0.12366512 -0.03572745
v 0.02816457 -0.11963648 -0.03523418
v 0.02885562 -0.12571634 -0.03872974
v 0.04754941 0.03456958 0.01100907
v 0.04437098 0.03373170 0.01345448
v 0.04436978 0.03836843 0.01179172
v 0.04249226 0.03896189 0.01234279
v 0.04245710 0.04860265 0.01454837
v 0.04346139 0.04376251 0.01281209
v 0.04758250 0.04617419 0.01333542
v 0.05860611 0.04043296 0.01695602
v 0.05131069 0.04658806 0.01502866
v 0.05632049 0.04197598 0.01657118
v 0.07367457 0.03949235 0.01942141
v 0.07170796 0.04229708 0.02625393
v 0.06660267 0.04235124 0.02377956
v 0.06215995 0.04502369 0.02634937
v 0.05869392 0.04452877 0.02625127
v 0.06767071 0.04564511 0.02772958
v 0.05606232 0.05090740 0.03266793
v 0.06028726 0.05180445 0.03283627
v 0.06980504 0.05248805 0.03754041
v 0.06336492 0.05303586 0.03378098
v 0.05132273 0.05713822 0.02922788
v 0.05294911 0.05051078 0.02129618
v 0.05429433 0.04678701 0.01860670
v 0.04544981 0.05622198 0.02053223
v 0.04871355 0.05661622 0.02388401
v 0.05077782 0.05490540 0.02448067
v 0.04556225 0.05900131 0.02446486
v 0.04131398 0.05491485 0.02111186
v 0.04601554 0.06043294 0.02681144
v 0.04344378 0.06011070 0.02546991
v 0.04943863 0.06996089 0.04722042
v 0.05154594 0.07331154 0.04930746
v 0.07428036 0.04996201 0.04252659
v 0.07623188 0.05332625 0.04220048
v 0.07209773 0.05952327 0.04267135
v 0.07912519 0.05479196 0.04327307
v 0.03454475 0.06355229 0.04400941
v 0.03239381 0.06755832 0.04612762
v 0.03311092 0.06646100 0.04413420
v 0.03026682 0.07014134 0.04371805
v 0.02714565 0.07087749 0.04478196
v 0.08062861 0.05359686 0.04845754
v 0.08171552 0.05860594 0.04359388
v 0.09097023 0.06192710 0.04870418
v 0.09344152 0.06566517 0.05045056
v 0.09057198 0.06155753 0.04505603
v 0.08931226 0.06143519 0.04156444
v 0.06243480 0.06885260 0.04901058
v 0.04961869 0.05998769 0.03566912
v 0.04125107 0.06301571 0.02797819
v 0.03931354 0.06431767 0.02976681
v 0.04272920 0.07093057 0.04629361
v 0.04349996 0.07422048 0.04862308
v 0.03901850 0.07257332 0.04628323
v 0.03453666 0.07568803 0.04602052
v 0.03933398 0.07939104 0.04918823
v 0.02906847 0.07480401 0.04331987
v 0.02494396 0.07809918 0.04211918
v 0.02162748 0.07344991 0.04422281
v 0.02522024 0.07349925 0.04296263
v 0.02065104 0.07468846 0.04219477
v 0.01409852 0.07626190 0.03868366
v 0.07255145 0.10989903 0.05699660
v 0.07145292 0.10423668 0.05793897
v 0.06511060 0.10630583 0.05703575
v 0.06212943 0.12089903 0.05434210
v 0.06118903 0.11943398 0.05343530
v 0.05693222 0.12030087 0.05244351
v 0.06001462 0.10757212 0.05705703
v 0.06771132 0.09739654 0.05963911
v 0.05769008 0.12424662 0.05253647
v 0.04072945 0.13045369 0.05299812
v 0.04034790 0.12982841 0.05208268
v 0.01776624 0.11666194 0.03983924
v 0.01270138 0.11659288 0.03737478
v 0.01829717 0.11581600 0.03954230
v 0.01447904 0.11375102 0.03638005
v 0.02011493 0.10664224 0.04163251
v 0.02492421 0.09531733 0.04525413
v 0.02919960 0.10155523 0.04854960
v 0.02529016 0.12500177 0.04621135
v 0.02921043 0.12325297 0.04539577
v 0.01480250 0.08396560 0.03586797
v 0.00992000 0.09387286 0.03256731
v 0.01024131 0.10065729 0.03296355
v 0.00836773 0.11152972 0.03438897
v 0.00517985 0.09953097 0.03048005
v 0.00855623 0.08180545 0.03158262
v 0.00735587 0.07976771 0.03532202
v 0.00791909 0.08474360 0.03053393
v 0.00726099 0.08845132 0.02950883
v 0.00929268 0.08639808 0.03082260
v 0.09211533 0.07057597 0.05224309
v 0.09432631 0.06624741 0.04712294
v 0.08788450 0.07921252 0.05145338
v 0.09625816 0.06580475 0.04040585
v 0.09459274 0.06295031 0.03869327
v 0.09561812 0.06539513 0.03977697
v 0.07763398 0.06217239 0.04449105
v 0.08530542 0.06768340 0.04846486
v 0.08902711 0.07070675 0.04897696
v 0.08482353 0.07266834 0.05002934
v 0.04962081 0.07654620 0.05078174
v 0.05301207 0.08008810 0.05325057
v 0.06819792 0.08635078 0.05812148
v 0.06022845 0.08965040 0.05902072
v 0.05198444 0.09297714 0.05731781
v 0.05449039 0.08586146 0.05628032
v 0.05367211 0.09842678 0.05846149
v 0.06923900 0.09333884 0.06087166
v 0.07414534 0.09458075 0.06027404
v 0.08139052 0.08584797 0.05832435
v 0.07994232 0.08883672 0.05844093
v 0.03033105 0.11630208 0.04830255
v 0.03332247 0.12579049 0.04791502
v 0.02877746 0.12607913 0.04548250
v 0.03200765 0.12938555 0.04968314
v 0.03371583 0.12843993 0.04895657
v 0.03861950 0.12517908 0.05066532
v 0.04481541 0.12742017 0.05075901
v 0.04944818 0.12692162 0.05013926
v 0.03550632 0.11440779 0.05167023
v 0.04128931 0.11908066 0.05156460
v 0.04309195 0.11336427 0.05412744
v 0.05162433 0.11690786 0.05395418
v 0.05632971 0.10864779 0.05742189
v 0.06086906 0.09599998 0.05994091
v 0.05875839 0.10035308 0.05937773
v 0.04425780 0.06491462 0.04194778
v 0.04124800 0.06474971 0.03827188
v 0.03904969 0.06688797 0.04156334
v -0.10658491 0.02725646 0.00821674
v -0.11897104 0.02575905 -0.00168751
v -0.12380444 0.02338054 -0.00787585
v -0.12919463 0.01906346 0.00361006
v -0.12898752 0.01675919 0.00833582
v -0.13435273 0.01632438 -0.00000041
v -0.13128446 0.01659960 -0.01557262
v -0.10281928 -0.04470124 0.01056066
v -0.10712066 -0.05137804 0.01281991
v -0.11332936 -0.07841270 0.02797797
v -0.11355050 -0.08017614 0.02571186
v -0.10717206 -0.08654307 0.02657116
v -0.10441568 -0.09003165 0.02648298
v -0.10277725 -0.09162986 0.02531438
v -0.10803831 -0.08345997 0.02145295
v -0.09275728 -0.10695066 0.02527427
v -0.09467193 -0.10351439 0.02406197
v -0.09100546 -0.10845771 0.02328415
v -0.09096727 -0.10463547 0.02120396
v -0.13473645 0.01371451 0.00405836
v -0.13641837 0.01422235 -0.00333221
v -0.13473698 0.01368665 -0.01175692
v -0.14165725 0.00675912 -0.00221432
v -0.14157565 0.00609381 0.00000872
v -0.13875161 0.00885605 0.00332536
v -0.14082849 0.00096736 -0.01115840
v -0.13898851 0.00279946 -0.01832338
v -0.13627385 0.00662164 -0.02177361
v -0.14005859 0.00069397 -0.01538827
v -0.13466309 -0.00110886 -0.02885531
v -0.13561262 -0.00864719 -0.02560853
v -0.13450980 -0.01870815 -0.02728798
v -0.13906616 -0.00127720 -0.02035492
v -0.13876054 -0.00765195 -0.01894447
v -0.13694867 -0.01925407 -0.02090181
v -0.13471721 -0.02671226 -0.02614747
v -0.13641804 -0.02463562 -0.02191216
v -0.13788864 -0.02010031 -0.01723271
v -0.14382291 0.00022967 -0.00383060
v -0.13609959 -0.02634287 -0.02080305
v -0.13427955 -0.03155173 -0.02629847
v -0.13056217 -0.03578989 -0.03158556
v -0.13091195 -0.03931285 -0.03129347
v -0.13426025 -0.05001979 -0.02938027
v -0.13398993 -0.04452724 -0.02941386
v -0.13412480 -0.04687512 -0.02808874
v -0.14097537 -0.01365456 -0.00747417
v -0.14290990 -0.00222959 -0.00726685
v -0.13835077 -0.01468374 -0.00631085
v -0.13952596 -0.01637119 -0.00084718
v -0.14564195 -0.00909203 -0.00199971
v -0.14221315 -0.01448393 0.00176781
v -0.14582585 -0.00582297 -0.00030430
v -0.13199593 -0.01562120 0.01752135
v -0.13729431 -0.01066915 0.00615343
v -0.13064760 -0.01429348 0.00328353
v -0.12805550 -0.01439589 0.00091066
v -0.12872672 -0.01385009 -0.00120447
v -0.12665726 -0.01629587 -0.00481825
v -0.12539656 -0.02597074 -0.00605909
v -0.10372034 -0.03099339 0.00211891
v -0.11178605 -0.03256531 0.00450566
v -0.10990842 -0.04772407 0.01467692
v -0.11408807 -0.04852308 0.01740364
v -0.11423675 -0.05643953 0.00473292
v -0.11280955 -0.05655440 0.00628641
v -0.11538894 -0.05487551 0.00763173
v -0.11815361 -0.05592512 0.01177696
v -0.11825456 -0.05249198 0.01898224
v -0.11975542 -0.05540855 0.01882293
v -0.12118483 -0.05968061 0.01671339
v -0.11995313 -0.06224313 0.01085339
v -0.11716966 -0.06753542 0.01132155
v -0.11415435 -0.06574244 0.01012658
v -0.11991775 -0.06505565 0.01121070
v -0.12161516 -0.06279354 0.01553651
v -0.12021095 -0.06507310 0.01869239
v -0.11920810 -0.06852046 0.01893861
v -0.12072162 -0.06736600 0.01416989
v -0.11920919 -0.04477146 0.01908633
v -0.12170078 -0.04089965 0.01798957
v -0.12313809 -0.03550796 0.02366204
v -0.12261803 -0.02771543 0.00560184
v -0.12562643 -0.02400739 0.00572005
v -0.12872462 -0.02035201 0.00693249
v -0.12973163 -0.02334715 0.01073962
v -0.12565744 -0.02285904 0.00256838
v -0.12636518 -0.02058262 0.00062957
v -0.12575506 -0.02897408 -0.00534060
v -0.12677138 -0.04554722 -0.02304650
v -0.14200456 -0.07261936 -0.03448232
v -0.14089638 -0.06887332 -0.03326927
v -0.13775450 -0.06177604 -0.03224593
v -0.13902614 -0.06583901 -0.03129183
v -0.14103034 -0.07338689 -0.03184834
v -0.14111845 -0.07646150 -0.03790516
v -0.13907823 -0.07885312 -0.03385376
v -0.13671426 -0.07099476 -0.02812413
v -0.13457380 -0.06328344 -0.02884569
v -0.12912709 -0.05988087 -0.02621734
v -0.13143085 -0.06813739 -0.02650264
v -0.12995656 -0.09558768 -0.04636702
v -0.13307418 -0.08935385 -0.04483049
v -0.13569550 -0.08768871 -0.04205879
v -0.13605434 -0.08634698 -0.03841819
v -0.13356034 -0.09052765 -0.03905908
v -0.13050349 -0.09644642 -0.04040750
v -0.13094400 -0.09708219 -0.04247680
v -0.12543991 -0.10668300 -0.04633087
v -0.10571981 -0.11575866 -0.04185541
v -0.11865582 -0.11452387 -0.04395486
v -0.11739672 -0.11238612 -0.04162856
v -0.10549472 -0.11991756 -0.04334107
v -0.10769115 -0.11953735 -0.04440802
v -0.11312363 -0.11841574 -0.04766124
v -0.11632225 -0.11852991 -0.04954350
v -0.10998609 -0.11936967 -0.05307789
v -0.09761690 -0.11840335 -0.04308520
v -0.09936088 -0.11920522 -0.04275267
v -0.10630975 -0.11918678 -0.05994660
v -0.10714816 -0.12089775 -0.05826335
v -0.10281517 -0.12188911 -0.05785064
v -0.09790345 -0.12083125 -0.06028123
v -0.10492044 -0.12313315 -0.04889868
v -0.10457276 -0.12247518 -0.05327045
v -0.10522038 -0.12195738 -0.04525062
v -0.09207693 -0.11978525 -0.04474349
v -0.13972175 -0.00960570 0.00543743
v -0.14242828 -0.00818879 0.00480895
v 0.04195227 0.03932038 0.01636608
v 0.04160487 0.04809505 0.01678278
v 0.05171252 0.04792532 0.03227851
v 0.05877654 0.04214286 0.04185533
v 0.05498545 0.04023741 0.03593279
v 0.04874269 0.05009053 0.03559875
v 0.04132500 0.05375898 0.02459037
v 0.06379034 0.04369928 0.04440947
v 0.06147144 0.03754689 0.03798772
v 0.04685720 0.05489397 0.03372689
v 0.05913536 0.04563975 0.04447730
v 0.04749781 0.05386479 0.04344363
v 0.04492899 0.05610188 0.04219956
v 0.04395576 0.05731149 0.03492198
v 0.04444020 0.05665039 0.03117548
v 0.03863802 0.06155750 0.03010917
v 0.04771145 0.05877650 0.04936599
v 0.04990668 0.05976349 0.05135478
v 0.05459342 0.06042866 0.05380728
v 0.03852247 0.06067548 0.04178927
v 0.03882514 0.06070285 0.03812455
v 0.06294820 0.05818304 0.05481257
v 0.09145894 0.06364381 0.05375195
v 0.03393962 0.07870154 0.05623121
v 0.05129642 0.08977151 0.06605255
v 0.05423819 0.08278496 0.06499051
v 0.04494381 0.08633863 0.06325991
v 0.04616966 0.09731747 0.06472047
v 0.05385102 0.10794654 0.06531179
v 0.04746357 0.10388322 0.06506550
v 0.04167160 0.10190361 0.06343713
v 0.03435118 0.08716292 0.05889600
v 0.01736424 0.07592162 0.04252525
v 0.01713772 0.07969394 0.04620243
v 0.02911015 0.08739015 0.05623323
v 0.02859737 0.10421553 0.05710881
v 0.02346839 0.11282944 0.05312065
v 0.02239489 0.11787748 0.05118485
v 0.02983633 0.11272547 0.05664516
v 0.05914725 0.10579886 0.06664489
v 0.05318491 0.09699582 0.06682404
v 0.06081649 0.09881015 0.06839887
v 0.05822917 0.11820221 0.06029818
v 0.06943977 0.10644753 0.06533908
v 0.06651789 0.10226656 0.06793547
v 0.06731123 0.09059862 0.06796680
v 0.06801868 0.09712371 0.06742547
v 0.06212820 0.12017247 0.05625730
v 0.05978496 0.12114092 0.05644932
v 0.05411557 0.11701738 0.06151012
v 0.05813117 0.12314373 0.05610283
v 0.04095961 0.11811148 0.05947931
v 0.03887675 0.12558708 0.05506252
v 0.04384949 0.12810716 0.05504832
v 0.02680678 0.12098135 0.05290049
v 0.02055384 0.12118120 0.04582467
v 0.01531921 0.11868928 0.04337647
v 0.03199542 0.12471085 0.05343654
v 0.01354024 0.11729153 0.04277609
v 0.00932083 0.11385524 0.03796095
v 0.00916461 0.10059616 0.04141715
v 0.01805535 0.09417185 0.05035925
v 0.01690081 0.08741929 0.04833711
v 0.02299243 0.08158083 0.05120622
v 0.01150065 0.08317269 0.04229032
v 0.07177348 0.06734823 0.06072343
v 0.07767089 0.06587608 0.05934466
v 0.08707717 0.07240144 0.06075177
v 0.06663883 0.07125185 0.06241077
v 0.08235878 0.07974096 0.06087763
v 0.08146235 0.08357947 0.06076434
v 0.09020757 0.07011399 0.05567484
v 0.07127418 0.10371991 0.06596760
v 0.07452159 0.09749218 0.06498981
v 0.07361004 0.08978499 0.06815577
v 0.07607706 0.08940113 0.06732427
v 0.07856340 0.08518772 0.06656668
v 0.07794353 0.08815989 0.06551500
v 0.07560775 0.08511471 0.06734022
v 0.07132949 0.09308180 0.06790048
v 0.06746466 0.07955471 0.06639086
v 0.05304678 0.07372166 0.06110996
v 0.08756654 0.03657220 0.00689540
v 0.09782213 0.02850395 0.01181673
v 0.09774176 0.04167381 0.00073520
v 0.09468835 0.04313225 -0.00223604
v 0.10508928 0.03584422 0.00558780
v 0.10277402 0.04171798 0.00302645
v 0.08272166 0.05023145 -0.01442767
v 0.08313146 0.04741752 -0.01258714
v 0.08343544 0.04347662 -0.00901325
v 0.07933842 0.04407236 -0.00723046
v 0.08348709 0.05236844 -0.01679236
v 0.08492154 0.04778277 -0.01558606
v 0.08769527 0.04866511 -0.01941908
v 0.09414501 0.05087246 -0.02736753
v 0.08809448 0.04219612 -0.01299660
v 0.08522825 0.03972096 0.00324254
v 0.09282001 0.05445052 -0.03062879
v 0.09001739 0.04316182 -0.01623552
v 0.09448211 0.04444814 -0.01821424
v 0.09772733 0.04474886 -0.01701268
v 0.10730051 0.05691085 -0.03301289
v 0.11422729 0.05785159 -0.02848357
v 0.11126536 0.06411318 -0.03525162
v 0.11376490 0.05269461 -0.02234866
v 0.12364212 0.05484252 -0.01152536
v 0.10832424 0.04985512 -0.02355259
v 0.10637025 0.05001139 -0.02482407
v 0.10546611 0.04719098 -0.01857617
v 0.09734143 0.04420457 -0.00480773
v 0.09792595 0.06900869 -0.04717545
v 0.10431994 0.07406978 -0.04599251
v 0.12235577 0.07405132 -0.03226659
v 0.11256029 0.08580764 -0.04503241
v 0.11671250 0.08916949 -0.04305915
v 0.11453874 0.09412875 -0.04590651
v 0.12183564 0.08944479 -0.03910612
v 0.12010499 0.09486164 -0.04180422
v 0.12708333 0.09064399 -0.03497007
v 0.13211796 0.09607245 -0.03202944
v 0.12846994 0.07744627 -0.02764691
v 0.12653288 0.07026494 -0.02600222
v 0.11556759 0.04226992 0.01354144
v 0.11783972 0.04590965 0.01167896
v 0.11833428 0.04714562 0.00473733
v 0.12037129 0.04820399 0.01077430
v 0.11805625 0.04448057 0.01592291
v 0.12136079 0.04853489 0.01463467
v 0.12606315 0.05281556 0.01644103
v 0.12732148 0.05308860 0.01778996
v 0.12298662 0.04831355 0.01759694
v 0.12260555 0.04329441 0.01818776
v 0.11151126 0.04193543 0.01126477
v 0.10785275 0.04087057 0.01073463
v 0.11538377 0.03953876 0.01347139
v 0.11170931 0.03764061 0.01235032
v 0.10985300 0.03686318 0.01192568
v 0.10685635 0.03628483 0.00827330
v 0.10855612 0.03572762 0.01127553
v 0.10071605 0.08245783 -0.05060056
v 0.10608428 0.08530080 -0.04858198
v 0.10817634 0.09084608 -0.04873995
v 0.13414335 0.10176867 -0.03121834
v 0.12538199 0.10548172 -0.03900749
v 0.13267671 0.08349461 -0.02537191
v 0.13768113 0.09274517 -0.02003917
v 0.13909730 0.07881337 -0.01568061
v 0.14310753 0.10432800 -0.01085993
v 0.14492123 0.09674038 -0.01169193
v 0.14446674 0.09090776 -0.01222871
v 0.13555565 0.07910469 -0.01955449
v 0.13907780 0.07392850 -0.01467386
v 0.13524769 0.07110178 -0.01691964
v 0.13094272 0.06087090 -0.01026687
v 0.13519320 0.06552990 -0.01042215
v 0.13936092 0.06875902 -0.01023948
v 0.13946226 0.06854013 -0.00718362
v 0.13966733 0.07055030 -0.01266468
v 0.14129201 0.07812651 -0.01382836
v 0.14345916 0.07801441 -0.01364803
v 0.13318507 0.06121273 -0.00459775
v 0.12683317 0.05428927 -0.00113453
v 0.12481757 0.05409719 -0.00580880
v 0.12973081 0.05425528 0.00333959
v 0.13341568 0.05770132 0.00039193
v 0.13472851 0.05524606 0.00908626
v 0.13705984 0.06075823 0.00792088
v 0.14367869 0.06611368 0.01177417
v 0.14566050 0.07541717 0.00190945
v 0.14957450 0.07113624 0.01063798
v 0.14367171 0.07330094 -0.00365458
v 0.12328652 0.10764098 -0.04113831
v 0.11976182 0.10852081 -0.04358441
v 0.11873388 0.11133245 -0.04475424
v 0.11541203 0.10751598 -0.04913269
v 0.11150131 0.10353418 -0.05028563
v 0.10356423 0.09143923 -0.05126185
v 0.11123140 0.09790982 -0.04835533
v 0.14537762 0.10411334 -0.01074002
v 0.12261806 0.04087241 0.01738412
v 0.13310966 0.05451436 0.01472393
v -0.00287561 -0.00003358 0.02482722
v -0.00002018 -0.01046451 0.02764682
v 0.00279870 -0.01018696 0.02752334
v 0.01289717 -0.00218823 0.02409184
v 0.00242867 0.00337822 0.02507746
v 0.01011778 -0.01318740 0.02490061
v 0.00378960 -0.01424995 0.02764492
v -0.00506431 0.00870026 0.02259910
v -0.00002751 0.01176853 0.02289045
v 0.00146959 0.01832986 0.02071413
v 0.01288974 0.02469211 0.01754374
v 0.01205303 0.01539947 0.02129663
v 0.01701885 0.02316063 0.01675909
v 0.02082955 0.01214971 0.01957638
v 0.02146905 0.01516322 0.01822221
v 0.02603716 0.00956584 0.01663540
v 0.00712988 0.03807471 0.01041231
v 0.00777289 0.03413368 0.01320282
v 0.02324105 0.00233568 0.01850066
v 0.00720150 -0.01973120 0.02634762
v -0.01110530 -0.02298818 0.02775680
v -0.00808205 -0.03380064 0.02860829
v 0.00304946 -0.03573985 0.02615206
v 0.02644679 -0.01252210 0.01359473
v 0.02135930 -0.01826641 0.01694754
v 0.01926540 -0.02642191 0.01493241
v 0.01511246 -0.02499561 0.01936331
v 0.02518456 -0.02098423 0.00960255
v 0.02709044 -0.02468485 0.00441189
v 0.02445249 -0.03051258 0.00107776
v 0.03197394 -0.02872735 -0.00171043
v -0.01430888 -0.05046079 0.01941398
v 0.01022146 -0.02447954 0.02417770
v 0.00971028 -0.02920000 0.02434962
v 0.01180626 -0.03725661 0.01917020
v 0.00840194 -0.04379745 0.01988305
v -0.01336967 -0.05529254 0.01808224
v -0.00604477 -0.04810835 0.02473930
v -0.00948262 -0.04392439 0.02427030
v -0.00558179 -0.03582243 0.02814598
v 0.03896075 -0.02328114 0.00344362
v 0.00988203 -0.03516385 0.02240620
v 0.00398924 -0.03984122 0.02414854
v -0.00761981 -0.06415904 0.02254118
v 0.00642867 -0.04972473 0.01981107
v 0.00217600 -0.04872432 0.02285504
v -0.00208344 -0.06401101 0.02471402
v -0.01204294 -0.06176201 0.01814578
v 0.00255130 -0.06175048 0.02291906
v 0.00763175 -0.05590940 0.01759726
v 0.00702960 -0.06125742 0.01963547
v 0.00433040 -0.06629063 0.02294654
v -0.00818271 -0.07040155 0.02227464
v -0.00852996 -0.07424375 0.02203132
v 0.00950956 -0.07197483 0.01847317
v 0.00389747 -0.07935008 0.02724757
v 0.00523046 -0.08769893 0.02761731
v -0.00939509 -0.07719866 0.02030887
v 0.01144573 -0.08520254 0.02147309
v 0.00528908 -0.09533832 0.02764496
v 0.00206955 -0.09108619 0.02621739
v 0.01109888 -0.09424004 0.02754594
v 0.01544067 -0.10527387 0.02961924
v 0.00779248 -0.09419928 0.02813364
v 0.00500431 -0.09763471 0.02694688
v 0.00980146 -0.10988962 0.02784518
v 0.01251469 -0.11068441 0.03002043
v 0.01651534 -0.11256000 0.03075289
v 0.01260450 -0.11669306 0.02945921
v 0.01977579 -0.10813040 0.02939231
v 0.02063458 -0.10394444 0.02560427
v 0.00981599 -0.11753667 0.02724297
v 0.01360167 -0.11939774 0.02734614
v 0.02579143 -0.11562914 0.03123301
v 0.02286546 -0.10658156 0.02507943
v 0.02141535 -0.12102080 0.03217598
v 0.02767551 -0.11506116 0.03062933
v 0.02817735 -0.11370300 0.02901753
v 0.02450292 -0.11031737 0.02758140
v 0.03034562 -0.11462753 0.02789880
v 0.03315189 -0.11874978 0.03146981
v 0.01956109 -0.12364400 0.03142639
v 0.01716375 -0.12043834 0.02929582
v 0.01737190 -0.12382618 0.02860563
v 0.03007275 -0.12390391 0.03445103
v 0.01964205 -0.03002445 0.01009673
v 0.01552153 -0.03670924 0.00591359
v 0.02209847 -0.03486893 -0.00146793
v 0.02740290 -0.03227531 -0.00497713
v 0.02212529 -0.03730384 -0.00785923
v 0.01469692 -0.04162313 -0.00208197
v 0.01835156 -0.04104704 -0.00657232
v 0.01309372 -0.04390719 -0.00649028
v 0.01067401 -0.04283597 -0.00163660
v -0.02369639 -0.04594722 -0.00488250
v -0.02781789 -0.04480829 0.00161738
v -0.01911817 -0.04489173 -0.00277443
v -0.03345339 -0.04070120 0.01272032
v -0.02640771 -0.03903020 0.01478474
v -0.02376960 -0.03812473 0.01684018
v -0.01831953 -0.04285065 0.01526689
v -0.00705921 -0.05648607 0.01050401
v -0.01050272 -0.04246831 0.00752910
v -0.00596430 -0.04342567 0.00680958
v -0.00382743 -0.04746389 0.00670633
v -0.00397576 -0.05488742 0.00826856
v -0.00616708 -0.04118576 0.00560260
v 0.00085357 -0.04767706 0.00633372
v -0.00180100 -0.04388875 0.00616410
v -0.00576421 -0.04072484 0.00349489
v 0.00499622 -0.04229631 -0.00397668
v 0.01048825 -0.04527966 0.01407783
v 0.00922368 -0.04210805 0.00706134
v 0.00942270 -0.04508247 0.00923274
v 0.00921626 -0.04968288 0.01225231
v 0.00542872 -0.04405919 0.00616771
v 0.00256529 -0.04134739 0.00413465
v -0.00899130 -0.06271034 0.01444837
v 0.00670963 -0.06572334 0.01297404
v 0.00611287 -0.07204942 0.01332040
v 0.00294329 -0.06596222 0.01071433
v 0.00085501 -0.06288375 0.00906227
v -0.00492171 -0.06151012 0.01055554
v 0.00847139 -0.07722371 0.01597513
v 0.00724164 -0.07938341 0.01491412
v 0.00320010 -0.08027554 0.01267008
v 0.00127023 -0.08386085 0.01353941
v 0.00086732 -0.07559108 0.01108391
v 0.00035597 -0.06864024 0.01023927
v -0.00078070 -0.07863876 0.01193578
v -0.00491027 -0.07756478 0.01294855
v -0.00478193 -0.08344460 0.01581511
v -0.01015647 -0.07676990 0.01790216
v -0.01051309 -0.07317999 0.01735021
v -0.00886673 -0.06493940 0.01464185
v -0.00408652 -0.07071032 0.01086131
v 0.01021190 -0.08037405 0.01958495
v 0.00855405 -0.08748135 0.01673666
v 0.01236797 -0.08965013 0.02087623
v 0.01365207 -0.09157054 0.02225938
v 0.01159775 -0.09422322 0.01891061
v 0.01340048 -0.09802733 0.01969263
v 0.01545369 -0.10760405 0.01736739
v 0.01356523 -0.11656988 0.01436662
v 0.01116812 -0.11382078 0.01508512
v 0.00754776 -0.10776159 0.01614315
v 0.00582558 -0.11132153 0.02162001
v 0.00740579 -0.11810125 0.02356092
v 0.02463434 -0.10938600 0.02527177
v 0.02644605 -0.11130375 0.02533775
v 0.02387691 -0.10911816 0.02351823
v 0.02491506 -0.11514183 0.01900413
v 0.01034842 -0.11755712 0.01570151
v 0.00878907 -0.11802044 0.01801477
v 0.01325415 -0.12076615 0.02170912
v 0.02781787 -0.11480930 0.02157893
v 0.03603705 -0.12033867 0.02660478
v 0.02783289 -0.11896686 0.01723667
v 0.01699949 -0.12230258 0.01999015
v 0.02511626 -0.12560059 0.03240604
v 0.02084184 -0.12481363 0.01621014
v 0.02242095 -0.12390038 0.01409497
v 0.02927026 -0.12536177 0.02671825
v 0.02380181 -0.12648052 0.02325043
v 0.03402154 -0.12428451 0.03135115
v 0.02908386 -0.12128606 0.01195970
v 0.02931980 -0.12345328 0.01304710
v 0.03076323 -0.12223031 0.01479995
v 0.03158089 -0.12121607 0.01643533
v 0.03267863 -0.12230150 0.01802871
v 0.03440436 -0.12225869 0.02155660
v 0.04434294 0.03260662 0.01613572
v 0.03977681 0.00502627 0.01302188
v 0.04564224 0.00755353 0.01509378
v 0.04297094 0.00069963 0.01270227
v 0.04998955 -0.00500932 0.01211867
v 0.04207462 0.03470685 0.01451992
v 0.04679672 0.03025721 0.01430893
v 0.04183199 0.04268476 0.02043109
v 0.04893825 0.04171707 0.02298183
v 0.04714615 0.03659222 0.02321691
v 0.04632604 0.04530583 0.02298028
v 0.05376942 0.04249483 0.02686150
v 0.05454720 0.03015036 0.02019871
v 0.05110225 0.03120037 0.01817633
v 0.05131412 0.01445484 0.01869697
v 0.05438822 0.00417015 0.02152133
v 0.05618637 0.03888664 0.02956600
v 0.05227963 0.02279156 0.01835740
v 0.05987561 0.02934418 0.02639024
v 0.05711019 0.02729602 0.02270075
v 0.06972837 0.03193697 0.03445925
v 0.04228501 0.04959937 0.02343950
v 0.07675091 0.03937640 0.01701890
v 0.06282724 0.02220404 0.02745130
v 0.06475341 0.00768527 0.02912142
v 0.06354523 -0.00070861 0.02689021
v 0.05821479 -0.00997110 0.01379359
v 0.07456362 0.00009721 0.03339257
v 0.07287472 -0.00394868 0.03080502
v 0.05515794 -0.01755813 0.00731429
v 0.05648087 -0.01919828 0.01057171
v 0.07735638 -0.00672250 0.03247102
v 0.07979582 -0.00996391 0.03537446
v 0.08314006 -0.01330901 0.03891321
v 0.08182707 -0.00550933 0.03617984
v 0.08713976 -0.00570954 0.04163345
v 0.08808383 -0.01080485 0.04271771
v 0.09165531 -0.00960171 0.04458923
v 0.09289280 -0.00418682 0.04423403
v 0.08954946 0.00308917 0.03983594
v 0.08650451 0.02509359 0.03179205
v 0.05587823 -0.01908861 0.00439761
v 0.04800376 -0.01788260 0.00639818
v 0.05211031 -0.01867329 0.00462323
v 0.03858116 -0.00767491 0.01148909
v 0.03912096 -0.00265897 0.01216503
v 0.04616361 -0.02132406 0.00193338
v 0.04208617 -0.02028916 0.00555904
v 0.08359331 0.02803015 0.03599116
v 0.08552395 0.02575883 0.03584834
v 0.08964123 0.01400110 0.03668724
v 0.09135472 0.00782343 0.03932587
v 0.08190073 0.02304159 0.03946241
v 0.07576104 0.02597526 0.03732463
v 0.07613891 0.02810315 0.03667175
v 0.07303277 0.02817750 0.03484644
v 0.07229618 0.02456295 0.03367043
v 0.06755013 0.01793224 0.03033683
v 0.07835706 0.01080478 0.03623215
v 0.07537375 0.01229349 0.03691442
v 0.07188696 0.01415218 0.03576224
v 0.07121045 0.01111973 0.03495539
v 0.06180506 0.01457410 0.02667839
v 0.09404876 0.00558568 0.04133375
v 0.06101150 -0.00588594 0.02072477
v 0.06716658 -0.00898409 0.02161363
v 0.06448549 -0.01899916 0.01803271
v 0.06197721 -0.01497811 0.01723533
v 0.06990557 -0.01700640 0.01984755
v 0.07565615 -0.01602867 0.01924116
v 0.07825115 -0.01863382 0.01645970
v 0.06887614 -0.02294685 0.01839164
v 0.05699309 -0.02544069 0.01098090
v 0.07411179 -0.02393190 0.01791921
v 0.07659331 -0.02237807 0.01731367
v 0.08252708 -0.01391893 0.01667453
v 0.08013381 -0.01527617 0.02811270
v 0.08161780 -0.01702382 0.03400531
v 0.08414321 -0.02070707 0.03179679
v 0.08873389 -0.01906504 0.04215364
v 0.09076039 -0.01883774 0.04325779
v 0.09117721 -0.02473206 0.02673706
v 0.09462444 -0.02432248 0.03207835
v 0.09604558 -0.02361030 0.03659257
v 0.09617779 -0.02164360 0.02459813
v 0.06599451 -0.03298739 0.01579501
v 0.06097561 -0.03113403 0.01331205
v 0.07522857 -0.03707578 0.01166980
v 0.07060281 -0.04373591 0.01207862
v 0.06497938 -0.04441113 0.01184814
v 0.05919635 -0.03968826 0.01069785
v 0.05681941 -0.04065304 0.00817493
v 0.10262991 -0.02148047 0.03111469
v 0.10536572 -0.01914181 0.03167262
v 0.10057265 -0.02192939 0.04039915
v 0.09508601 -0.01127794 0.04544083
v 0.09811880 -0.01886291 0.04443706
v 0.09889804 -0.01388776 0.04496710
v 0.10520934 -0.00727858 0.04329690
v 0.10703026 -0.00662919 0.04066691
v 0.10381894 -0.01637338 0.04271208
v 0.10713981 -0.01636771 0.03411151
v 0.09973607 0.01482833 0.01315334
v 0.09888548 0.01442502 0.01593424
v 0.09734958 0.01262925 0.01709275
v 0.09696992 0.01060768 0.01688766
v 0.09796987 0.01268571 0.02123174
v 0.10189850 0.01172569 0.02790153
v 0.09980108 0.01585453 0.02767082
v 0.09982875 0.01605658 0.03049653
v 0.10606742 0.00275942 0.03283565
v 0.10747005 -0.01154550 0.03637975
v 0.10747779 -0.00653432 0.03682429
v 0.10722795 -0.00154623 0.03924517
v 0.10582972 0.00482861 0.03661240
v 0.08515052 0.02839942 0.02630348
v 0.09037182 0.02594832 0.02279109
v 0.08310897 0.02929213 0.02957230
v 0.09702825 0.01754318 0.03231539
v 0.10362537 0.00982284 0.03447733
v 0.10272691 0.00938880 0.03688182
v 0.10534433 -0.01763701 0.03991783
v 0.10724587 -0.01350557 0.03828940
v 0.11190941 0.03514249 0.00568469
v 0.11216334 0.03549535 -0.00086201
v 0.11255006 0.03616473 -0.00426879
v 0.11913373 0.03864932 -0.00305649
v 0.11600670 0.03646970 0.00217242
v 0.13327157 0.04835191 -0.00082894
v 0.13210098 0.04865238 -0.00746154
v 0.14393844 0.08226686 -0.01259501
v 0.14559506 0.07760063 -0.01752484
v 0.14431354 0.06591965 -0.01075451
v 0.14244106 0.07023037 -0.01106117
v 0.14215024 0.06557580 -0.01522373
v 0.14107205 0.06238724 -0.01459673
v 0.14208682 0.06023549 -0.00903916
v 0.15002510 0.07561352 0.00368532
v 0.15363400 0.07310913 -0.00122726
v 0.14836155 0.07272333 -0.00532518
v 0.15244313 0.06953377 0.00070866
v 0.14475396 0.06136131 -0.00040321
v 0.14338106 0.06415620 0.01263157
v 0.14019570 0.05729625 0.00648188
v 0.13655332 0.05403748 0.01057182
v 0.13474880 0.05063840 -0.00110799
v 0.13872491 0.05298395 0.00805860
v 0.13287707 0.04677070 0.00599648
v 0.13361731 0.05055707 0.01531136
v 0.12244084 0.03983671 0.01243661
v 0.12559009 0.04267056 0.01366703
v 0.12051953 0.03871689 0.00891141
v -0.10156778 -0.05861514 0.01377252
v -0.10373417 -0.07717678 0.01756738
v -0.10203882 -0.08352290 0.01855516
v -0.09106572 -0.08780314 0.01897828
v -0.08855694 -0.08808889 0.02159045
v -0.08406422 -0.09343573 0.02451579
v -0.08607609 -0.09435511 0.02053645
v -0.09111300 -0.09118649 0.01800008
v -0.08153408 -0.09591094 0.02538817
v -0.08234820 -0.10035165 0.01997540
v -0.07986362 -0.10390937 0.01737222
v -0.07717191 -0.10610200 0.01932698
v -0.08101821 -0.10613948 0.01645534
v -0.09128935 -0.09925717 0.01936622
v -0.08578645 -0.10564265 0.01804659
v -0.08476395 -0.11107836 0.01818498
v -0.07670187 -0.11785740 0.02398419
v -0.06022211 -0.11351320 0.03327859
v -0.05744664 -0.11198503 0.02578924
v -0.06522939 -0.10879797 0.02777722
v -0.07551781 -0.10472300 0.02277089
v -0.07778919 -0.11056868 0.01673049
v -0.05939490 -0.11192655 0.02364784
v -0.06382976 -0.11290056 0.01532454
v -0.06859200 -0.11622408 0.01483688
v -0.06995185 -0.12214804 0.02117459
v -0.06285023 -0.11712430 0.01332672
v -0.06563514 -0.11579825 0.01372121
v -0.11079067 -0.05893992 0.01044275
v -0.11138791 -0.06651540 0.01247315
v -0.11245882 -0.06097811 0.00808618
v -0.10580607 -0.07168296 0.01643548
v 0.03470705 0.01383637 0.01352402
v 0.03597295 0.02431058 0.01156487
v 0.02620554 0.03589215 0.00673296
v 0.01783331 0.04380128 -0.00313845
v 0.03674209 0.02843481 0.00995272
v 0.04268504 0.03249178 0.00747112
v 0.04409759 0.03049552 0.01038111
v 0.04753320 0.03530861 0.00530429
v 0.03572989 0.00913019 0.01370685
v 0.02759975 0.00597782 0.01525514
v 0.03053995 0.00668861 0.01409069
v 0.02786525 0.00236886 0.01458139
v 0.02170698 0.04225397 -0.00416866
v -0.06927406 -0.12167656 0.03434297
v -0.05484805 -0.11514813 0.02362915
v -0.06769925 -0.12186154 0.01994949
v -0.06381562 -0.11997528 0.01769219
v 0.00457458 -0.03262655 -0.04505990
v -0.01608097 -0.03004058 -0.04547204
v 0.00684068 0.04720647 -0.00845678
v 0.00415040 -0.07474314 -0.04531978
v 0.09329571 0.03916872 -0.02904301
v 0.13950917 0.10854874 -0.02018997
v -0.08157551 0.02177864 0.01970166
v 0.04195575 -0.02391695 -0.00089514
v 0.07456194 -0.00721970 0.02920057
v -0.04599003 0.01651495 -0.03512099
v -0.02795372 0.01449414 -0.03618757
v -0.03580277 0.03396123 -0.01252432
v 0.03361197 -0.02275844 -0.01648114
v 0.00082078 -0.04821080 -0.04431834
v -0.01180382 -0.03356788 -0.04632930
v -0.12263334 0.00818396 -0.03720361
v -0.08351947 -0.03382053 -0.03617444
v -0.11551777 -0.01005348 -0.04374051
v -0.10019024 -0.04732424 -0.03215967
v 0.04448501 0.03037214 -0.01244572
v -0.00127687 0.03135166 -0.02826754
v -0.01224579 0.03152260 -0.02696628
v -0.01115838 0.01833252 -0.03596600
v 0.03827305 -0.00667484 -0.02408662
v 0.08150537 -0.01063715 0.00560583
v 0.09514737 0.00676946 0.01177149
v 0.09186701 0.00302492 0.00959890
v 0.10201035 -0.00088803 0.02552475
v 0.06712214 -0.03307484 0.00154768
v -0.00170337 -0.08132816 -0.04887089
v 0.09088312 0.03068714 -0.00635721
v 0.07348502 0.03283559 -0.01277881
v 0.07307877 0.03786959 -0.02263046
v 0.13801500 0.05794455 -0.01489286
v 0.11624945 0.08277369 -0.05033227
v -0.06698190 -0.02187442 0.02411821
v -0.10106911 -0.04194908 0.03145196
v -0.04263655 -0.00173689 0.02659908
v -0.09689730 -0.08048744 0.02971596
v -0.11573587 -0.04520257 0.02703002
v -0.00408231 0.04133446 0.00641434
v -0.08153326 -0.04606365 -0.00258356
v -0.00776963 -0.04254534 -0.02035478
v -0.08514731 -0.03376259 -0.02650560
v -0.10891680 -0.02763909 -0.00586492
v -0.12452088 -0.09071960 -0.03599418
v 0.04707450 0.05113344 0.01585151
v 0.06287713 0.04774342 0.02890337
v 0.08438385 0.05810342 0.04562773
v 0.05552624 0.12764706 0.05168619
v 0.07181102 0.07214332 0.05092030
v 0.05008090 0.13158770 0.05058196
v 0.03928456 0.06416550 0.03795119
v -0.12142486 0.02377629 0.00362361
v -0.14115222 0.00464165 0.00290537
v -0.13406517 0.00673459 0.01150874
v -0.13445929 -0.01521577 0.01198141
v -0.12668231 -0.01559771 -0.00149925
v -0.12513326 -0.02884085 0.00991107
v -0.12634480 -0.01948855 -0.00236961
v -0.12907182 -0.02730007 0.01332582
v 0.05032994 0.04929836 0.03948960
v 0.05885527 0.05406818 0.05078779
v 0.04781794 0.10773229 0.06436781
v 0.07511126 0.10968363 0.06006166
v 0.00523891 0.08450973 0.03397141
v 0.07000907 0.06079542 0.05720472
v 0.08086110 0.06145986 0.05662661
v 0.08311246 0.08191146 0.05801753
v 0.07642895 0.09351749 0.06397064
v 0.08062999 0.03905729 0.00100987
v 0.12380914 0.05832192 -0.01776224
v 0.12357421 0.04995931 0.01701498
v 0.00228609 -0.02664585 0.02814546
v -0.00586024 -0.02832728 0.02905974
v 0.02383919 -0.02687808 0.00545515
v -0.00618885 -0.05142149 0.02439783
v 0.00445439 -0.04460072 0.02232762
v 0.01801142 -0.12463939 0.02209265
v 0.03043968 -0.12370956 0.01603299
v 0.04281518 0.03776044 0.02144593
v 0.05066805 0.03931705 0.02376293
v 0.04121272 0.05222560 0.02198081
v 0.07681417 0.00303860 0.03472506
v 0.06895521 0.01430384 0.03271422
v 0.05790760 -0.00642565 0.01552122
v 0.07782464 -0.01111265 0.02849890
v 0.09988722 -0.02324208 0.03336216
v 0.10124217 0.00862694 0.03895190
v 0.14203744 0.06189073 0.01226723
v -0.07955265 -0.10300636 0.02016978
v 0.02912701 -0.00306949 0.01328983
v -0.05499797 -0.11362956 0.02256507
v -0.07072686 0.01362352 -0.03499686
v -0.12950677 0.01549902 -0.02247947
v -0.09287503 0.02181562 -0.03108027
v -0.03188456 0.01894227 -0.03344404
v 0.01638909 -0.00859918 -0.03757064
v -0.13198081 -0.00546293 -0.03275237
v -0.08959275 -0.03060449 -0.03792153
v -0.11328112 -0.05653492 -0.03730084
v -0.11603113 -0.06261359 -0.03470965
v 0.00755174 -0.09052311 -0.04123478
v 0.07454029 -0.00438414 -0.00508355
v 0.09712131 0.03872415 -0.03022883
v 0.08091003 0.05192431 -0.03436200
v 0.08923926 0.05510908 -0.03676492
v 0.09736859 0.04487945 -0.03048527
v 0.09535675 0.05154730 -0.03959720
v 0.10554891 0.07531556 -0.05337936
v 0.13504291 0.10644516 -0.03321818
v 0.13809726 0.09671811 -0.02485795
v 0.10262112 0.09267631 -0.05270349
v 0.00297941 -0.11076953 -0.04884403
v 0.02283717 -0.12605774 -0.05082981
v 0.02811562 -0.12625252 -0.04466652
v 0.02690784 -0.12435465 -0.05181912
v -0.11183459 0.02309866 0.01355950
v -0.02123494 -0.03385718 0.02024327
v 0.00257576 0.04624455 -0.00024047
v 0.00302710 -0.04175537 -0.01635531
v -0.00424710 -0.04445319 -0.02645777
v -0.09937617 -0.03563339 -0.02184053
v -0.12053345 -0.04847169 -0.02160653
v 0.04915380 0.05960196 0.02983266
v 0.08329721 0.06222598 0.04374132
v 0.02792691 0.07320906 0.04301402
v 0.00740897 0.09806203 0.02977273
v -0.14013582 0.00516916 -0.01079405
v 0.07641739 0.05520943 0.05236986
v 0.03753369 0.06938127 0.05396763
v 0.01844090 0.07511581 0.04469489
v 0.06286646 0.10803213 0.06587153
v 0.03437267 0.12114928 0.05621876
v 0.01454835 0.07820917 0.04336399
v 0.09920303 0.04868535 -0.02587328
v 0.10194591 0.04570560 -0.01672316
v 0.09744631 0.06506443 -0.04495244
v 0.11716363 0.10866556 -0.04612246
v 0.11473433 0.10447553 -0.04695523
v 0.00208858 -0.00164789 0.02612025
v 0.00595580 0.02697023 0.01710810
v 0.02606303 -0.00741729 0.01473457
v 0.08932527 0.02290952 0.03027317
v 0.07351951 0.01701953 0.03668298
v 0.13816480 0.05473346 0.00299089
v -0.06952857 -0.10712051 0.02465405
v -0.07094663 -0.11777789 0.01683225
v 0.03065691 0.02970206 0.01006257
v -0.09338748 0.02384796 -0.02828779
v -0.12547439 0.01924882 -0.02169110
v -0.09687130 0.01484190 -0.03659805
v -0.08482945 0.00158566 -0.03606199
v 0.01753812 -0.03008020 -0.03511505
v -0.00235291 -0.05903464 -0.04559290
v -0.12367503 -0.00220115 -0.04019047
v -0.10013662 -0.02183154 -0.04225589
v -0.11625822 -0.04990463 -0.03897130
v -0.10850356 -0.10696381 -0.05085531
v 0.01699941 0.03771269 -0.02094442
v -0.02640055 0.03191611 -0.02099087
v -0.00197021 -0.00386146 -0.04387899
v 0.06817830 0.04325232 -0.00980502
v 0.09298241 0.03991924 -0.01874362
v 0.06776899 0.04193689 -0.02197326
v 0.11494504 0.06094925 -0.04012389
v -0.02014290 0.02359238 -0.03042727
v 0.01392520 -0.12011141 -0.05118289
v 0.02368157 -0.11477394 -0.04703765
v -0.11130337 -0.01183240 0.03297318
v -0.11848806 -0.01349807 0.03047643
v -0.05366198 0.00201437 0.02553670
v -0.12043674 0.02153706 0.01008965
v -0.12552875 0.01230995 0.01860980
v -0.05517121 -0.03972650 -0.03696146
v -0.05984982 -0.04513824 -0.00510915
v -0.08649516 -0.03478985 0.00888510
v 0.00297363 -0.08376049 -0.03578329
v -0.09334888 -0.03602725 -0.02609817
v -0.11845750 -0.03113136 -0.00885931
v -0.10414071 -0.03361547 -0.01873165
v -0.12112034 -0.10927575 -0.04241895
v 0.00079253 -0.10269011 -0.03921764
v 0.01494348 -0.12218150 -0.04201079
v 0.02082445 0.08117242 0.04002719
v 0.02074267 0.11632027 0.04125583
v 0.08656832 0.07759617 0.05093927
v 0.05521642 0.10650307 0.05839627
v -0.13356040 -0.04986510 -0.03215785
v -0.11894586 -0.06793523 0.02388622
v -0.12484115 -0.03594157 0.01969542
v 0.04501225 0.05886876 0.04699836
v 0.04329921 0.06567949 0.05299258
v 0.03324568 0.10632231 0.05941067
v 0.06115531 0.09044403 0.06824012
v 0.06990671 0.08646459 0.06865938
v 0.01384981 -0.01851252 0.02212258
v 0.00333588 0.03409953 0.01307631
v -0.00061841 -0.03881559 0.02588638
v 0.02233000 -0.00582375 0.01868929
v 0.00736358 -0.05440884 0.01123156
v 0.00517174 -0.08353224 0.01432471
v 0.00741885 -0.09117521 0.01561380
v 0.02632938 -0.12621793 0.02952330
v 0.04854220 -0.00959335 0.00987784
v 0.06030592 0.02508387 0.02570302
v 0.03755352 -0.02152384 0.00615323
v 0.08330380 -0.02079742 0.02703660
v 0.14024995 0.05650792 0.00060892
v -0.08082017 -0.11540792 0.01897682
v -0.10834410 -0.05579884 0.01224445
v -0.05691392 -0.11432400 0.01797741
v -0.12366322 -0.10972750 -0.04885469
v 0.09825534 0.08825491 -0.05489606
v 0.12076838 0.03899501 0.00007239
v 0.04094888 -0.01982938 -0.01374301
v 0.03435239 -0.01445412 -0.02245974
v -0.00657059 -0.04120044 -0.04559024
v 0.01832975 -0.00542365 -0.03616896
v 0.07199302 -0.03688150 0.00503152
v 0.07035773 -0.04560276 0.00734155
v 0.07773679 -0.01468688 0.00464757
v 0.02767605 -0.11681147 -0.04285036
v 0.06704596 0.03312180 -0.01036281
v 0.14045335 0.10038763 -0.03208124
v -0.07790814 0.02038234 0.01951088
v -0.09461567 -0.03126111 0.03204147
v -0.08162129 -0.02998367 0.02404846
v -0.11376081 -0.05825379 0.02807761
v 0.00463197 -0.05539365 -0.03374222
v -0.00200458 -0.06952418 -0.03275850
v -0.12513475 -0.05250091 -0.02372294
v -0.12507074 -0.06735907 -0.02796678
v 0.02460651 -0.11551789 -0.03803762
v 0.05592670 0.04591112 0.02087388
v 0.08495410 0.06115761 0.04313678
v 0.01215396 0.11691082 0.04034834
v 0.05189861 0.10584841 0.05801792
v -0.13827240 -0.00347922 -0.02202987
v 0.04971623 0.05175235 0.03100948
v 0.05091449 0.04859409 0.02834772
v 0.08104604 0.05820022 0.05390882
v 0.08495789 0.06070612 0.05496961
v 0.03829007 0.07338507 0.05639151
v 0.05882590 0.11341042 0.06349915
v 0.13069920 0.05537946 -0.00027621
v 0.10708930 0.09642801 -0.05055846
v 0.12606300 0.04313770 0.01906359
v -0.00750412 -0.05546331 0.02302459
v 0.01245063 -0.10594308 0.02965295
v 0.08187196 0.03293658 0.02361444
v 0.06862331 -0.00650486 0.02552294
v -0.07543143 -0.00733213 -0.03972606
v 0.01381829 -0.03836134 -0.02078123
v -0.10733432 -0.11518362 -0.05815292
v 0.07653630 -0.02859658 0.00826424
v 0.06802182 -0.01407331 -0.00056364
v 0.09939884 0.01852857 0.00919210
v 0.00590853 -0.09233084 -0.03774961
v 0.01217217 -0.10208280 -0.04283216
v 0.00045133 -0.10296206 -0.04661784
v -0.04621618 0.00999993 0.02251177
v -0.04150177 -0.04241545 0.00882726
v -0.00496964 0.04640086 -0.00360187
v -0.01397683 -0.04986020 -0.03654030
v 0.02504374 0.11920064 0.04377665
v -0.13387457 -0.03878145 -0.02636665
v -0.12684344 -0.02012671 0.00432465
v 0.11896826 0.05322847 -0.01532511
v 0.05245146 0.03240845 0.02096004
v 0.13523071 0.04887952 0.01101364
v -0.06726910 -0.11382925 0.01530755
v 0.02357724 -0.01709751 -0.02734277
v -0.00708635 -0.06339941 -0.04597211
v -0.12621288 -0.00018908 -0.03865147
v -0.09828676 -0.01020662 -0.04260661
v -0.12367062 -0.05376231 -0.03939045
v -0.12153250 -0.07247709 -0.03408154
v 0.00327979 0.03989208 -0.02328772
v 0.00773864 -0.10494760 -0.04968739
v -0.00088912 -0.09622385 -0.04753751
v -0.01825193 -0.00645603 -0.04259055
v 0.06749047 0.03703890 -0.01859901
v 0.09932435 0.06425574 -0.05056881
v 0.09547163 0.06874335 -0.05443668
v 0.09289256 0.07391783 -0.05771193
v 0.09204340 0.07425217 -0.05603683
v 0.10782189 0.06253603 -0.04534079
v 0.00575469 0.02179278 -0.03332246
v -0.11315752 -0.00606331 0.03161683
v -0.09832174 -0.05785795 0.02738094
v -0.00879061 0.02563478 0.01543216
v 0.00052400 0.04773785 -0.00807541
v -0.08967884 -0.03713963 0.00948928
v -0.00555793 -0.05914026 -0.03177122
v 0.06707993 0.04939600 0.03126727
v 0.07386059 0.03864653 0.03174178
v 0.07116854 0.06265903 0.04545234
v 0.01495897 0.09691293 0.03770534
v 0.09289552 0.07058575 0.04591354
v 0.07489447 0.09874178 0.06130369
v -0.11858255 -0.05347606 0.02209825
v -0.10750678 -0.12203223 -0.04961116
v 0.06876262 0.05113135 0.05006652
v 0.04878623 0.06444412 0.05459021
v 0.11760173 0.06258933 -0.02913292
v 0.10685793 0.04569460 -0.00516392
v 0.13101660 0.05765079 -0.00298289
v 0.00188567 -0.03232833 0.02757227
v 0.07835437 0.02896090 0.03662252
v -0.08937745 -0.09677905 0.01836041
v 0.03664733 0.03492855 0.00410046
v 0.04434099 0.04961873 0.02426163
v -0.08409192 -0.04031570 0.01742548
v -0.01688197 -0.04659753 0.01573261
v 0.11210079 0.05410292 -0.02649284
v 0.07040766 -0.04083544 0.01392242
v 0.08151560 0.04659086 -0.03075888
v 0.14729817 0.07536498 -0.00181810
v -0.01190675 0.00904779 0.02057903
v -0.09497516 -0.04196452 -0.02999356
v -0.09321082 -0.11618589 -0.05435120
v -0.02027988 0.00873561 -0.03834338
v -0.00536795 -0.08882493 -0.04272819
v 0.14668943 0.09822936 -0.01157122
v -0.09694833 -0.03199137 0.00321985
v -0.12792282 -0.07992141 -0.03119505
v 0.05200114 0.04851742 0.01727446
v 0.07470655 0.10880738 0.05814299
v -0.10089363 -0.04407458 0.01015261
v 0.01099546 0.10833741 0.04283914
v 0.07916526 0.05156602 -0.01406057
v 0.13502702 0.08970021 -0.02530800
v 0.12898466 0.05470185 0.00819259
v 0.01540506 0.03060097 0.01387527
v 0.01094740 -0.04073866 0.00373727
v 0.06522515 0.03319606 0.03466060
v -0.07369634 -0.11339750 0.01762392
v -0.11952758 -0.06844352 -0.03528228
v 0.08780985 0.05094642 -0.03737625
v 0.14543588 0.08144834 -0.02132257
v 0.02052591 -0.12262315 -0.03418885
v 0.03092104 -0.11974469 -0.03690656
v 0.04005747 0.06430661 0.03282135
v -0.12604827 -0.02868644 -0.00245875
v -0.12215881 -0.11262353 -0.04737202
v 0.09514420 0.02582847 0.01874880
v 0.14558426 0.06978915 -0.00847068
v -0.11818253 0.02032373 -0.02739887
v -0.04029163 -0.00296698 -0.04494072
v -0.04232883 -0.01090197 -0.04588680
v 0.05464206 0.03100488 -0.00864486
v 0.11362693 0.04097901 -0.01747876
v 0.07120407 0.03677999 -0.02094745
v -0.09252232 -0.04555302 0.02670515
v -0.04688559 -0.02038842 0.02646783
v 0.05872595 0.04214743 0.02293151
v -0.09974753 -0.09358726 0.02265619
v -0.13665774 -0.00742287 0.00847691
v 0.12915613 0.06305147 -0.01625028
v 0.07524025 0.03570826 0.03155968
v 0.04621961 -0.01665820 0.00726975
v 0.08458891 -0.01824377 0.03736034
v 0.08700366 -0.02381284 0.02463950
v -0.11070967 -0.07006031 0.01478885
v 0.12552109 0.05474223 -0.02756851
v 0.07658284 0.07617254 0.05249804
v -0.12908423 -0.10007772 -0.04568607
v 0.14259589 0.06053421 0.00968276
v 0.01865166 -0.01170857 0.02067027
v -0.11279425 -0.05859744 0.00491376
v -0.04988461 -0.04571109 -0.00618621
v -0.12517294 -0.03127497 -0.00449119
v -0.09452140 0.01232035 -0.03755176
v -0.12196283 0.00235998 -0.03975140
v -0.01782613 -0.02461372 -0.04443062
v 0.09132145 -0.01958040 0.02010121
v 0.08103918 0.02836049 -0.00367869
v -0.07085929 -0.04952148 -0.00862681
v 0.09275875 0.06446978 0.04075226
v -0.13239606 -0.09394872 -0.04397817
v -0.09599023 -0.11982612 -0.05983022
v 0.09950599 0.04662491 -0.02284901
v 0.01434667 0.03369741 0.01249164
v 0.00015751 -0.05748406 0.00772001
v 0.08996769 -0.02432175 0.02388965
v 0.14022212 0.05631539 -0.00331097
v -0.08452000 -0.09284975 0.02779802
v -0.05987602 -0.11245646 0.01894476
v 0.11023121 0.04380675 -0.02604090
v -0.06913047 -0.10732213 0.02908440
v -0.12706834 -0.01684679 0.00196271
v 0.00865911 -0.04994434 0.01595121
v 0.07408702 0.00469863 0.03377194
v 0.05131653 -0.01446314 0.00859667
v 0.04021408 -0.01251484 -0.02005693
v -0.12117911 -0.04797672 -0.03912889
v 0.07723609 0.01639539 -0.00695859
v 0.12205819 0.04476437 -0.01620080
v 0.11646532 0.05769509 -0.03647160
v -0.08079842 0.02471961 0.01564189
v -0.10023474 -0.06678887 0.02892129
v -0.12110772 -0.03310584 -0.00248948
v 0.01070217 -0.10949291 -0.03551543
v 0.11075244 0.03562490 0.01047281
v 0.14868188 0.06743889 0.01092041
v -0.00356651 -0.01598205 0.02851217
v -0.00160667 -0.07331978 0.01069833
v 0.10696038 -0.01764813 0.03591536
v 0.14658797 0.08159825 -0.01514303
v 0.00776491 -0.09369501 -0.04035402
v -0.01888914 0.00265276 -0.04056050
v 0.10054120 0.07004205 -0.05323961
v 0.03058418 -0.12161691 -0.03575787
v -0.07196855 0.01753571 -0.03203575
v 0.10010276 0.01481676 0.03330858
v -0.08859210 -0.03391211 -0.03602364
v -0.13067584 -0.07497302 -0.02827665
v -0.07923675 -0.02660031 0.02167515
v 0.06108118 0.04022989 0.02252726
v -0.11129379 0.01786130 0.02186673
v -0.03541148 -0.03815452 0.01811260
v -0.11095884 -0.11785561 -0.05612358
v 0.14841904 0.07391132 0.00916976
v -0.01184313 -0.04121434 0.00507744
v -0.12716490 0.00359202 -0.03710365
v 0.10731600 0.09655478 -0.05729273
v 0.03187563 -0.12162303 -0.03804155
v -0.01067096 -0.02988116 0.02830333
v 0.07873331 -0.00206244 0.03475369
v 0.04333740 0.01075944 -0.02173794
v 0.05986839 -0.01324611 -0.00544119
v -0.08284435 0.00552566 0.02486623
v -0.11964874 -0.00024013 0.02817767
v -0.09559862 -0.04708521 0.01213022
v -0.09706040 -0.03044147 -0.01637542
v 0.00962977 0.11186931 0.03175714
v -0.12487253 0.02094056 0.00602011
v -0.12453388 -0.02313191 -0.00726136
v 0.11208760 0.06994224 -0.03843115
v 0.00708300 -0.11686257 0.02031978
v 0.01163736 -0.11864319 0.01571392
v 0.13689443 0.05030948 0.00788824
v -0.04025586 -0.03104307 0.02181256
v -0.11881103 -0.06625727 -0.03678271
v 0.01128907 0.07691867 0.03543046
v -0.05008253 0.00952424 -0.04012117
v -0.00760682 -0.00020899 0.02299147
v 0.07021081 0.04115307 0.01521599
v 0.06891844 0.02576620 0.03112985
v 0.07897285 0.03909139 0.01376014
v 0.01899642 -0.11378942 -0.04882720
v -0.08809426 -0.11604011 0.02577993
v -0.00043322 -0.06373803 -0.04509247
v 0.09007344 0.05493307 -0.03353259
v -0.09223283 0.02350310 0.01818738
v -0.13087173 -0.00940232 0.02091609
v -0.12068669 -0.10552771 -0.03949709
v 0.01220994 -0.11711696 -0.03609847
v 0.01665971 0.11673786 0.04672729
v 0.10641439 0.04137996 0.00777282
v 0.11942188 0.05918472 -0.02460386
v -0.00995860 -0.05057264 0.02228446
v -0.10560563 -0.00610831 -0.04348624
v -0.09751901 -0.04458441 -0.03647205
v -0.09649637 -0.11301061 -0.05416070
v 0.03485748 0.03657285 -0.00537644
v 0.04389133 0.05444834 0.01780626
v 0.14442009 0.10088181 -0.01104404
v 0.08261798 -0.00145006 -0.00056356
v 0.08971150 0.04040916 -0.01781042
v 0.04818481 -0.01079353 -0.01476615
v -0.10875808 -0.01165443 0.03341284
v -0.09746134 -0.06745625 0.02278277
v 0.07966110 0.06926487 0.04913091
v 0.03949548 0.01164938 0.01336915
v 0.07672096 -0.02934786 0.01511610
v 0.13999669 0.05543641 0.01040942
v -0.10579961 -0.04765813 0.01259258
v -0.10485119 -0.05868490 0.03114987
v 0.04110868 0.12318268 0.05105140
v -0.09955581 -0.12109741 -0.04417103
v 0.05670806 0.00895181 0.02339368
v -0.07814558 -0.11501114 0.02001581
v 0.06131839 -0.04643998 0.00680385
v -0.08401493 0.01497935 0.02433723
v 0.01352840 0.04257452 0.00440908
v 0.06263615 0.06327900 0.05762264
v 0.12933397 0.10799716 -0.04073255
v -0.01172134 0.00455543 0.02118080
v -0.11469867 -0.04325520 -0.02041931
v -0.13329346 -0.05952879 -0.02833089
v 0.07086601 0.07625668 0.06486107
v 0.10431255 0.06993295 -0.04398025
v 0.07489865 0.05852914 0.05534812
v 0.11456703 0.05072313 -0.01544672
v -0.09693308 -0.04111043 -0.03855396
v -0.02476662 0.02685056 -0.02712245
v -0.07926034 -0.00516351 0.02458334
v -0.09880785 -0.07347738 0.02853560
v -0.00949381 -0.07210980 -0.03716351
v 0.05371923 -0.00058196 0.01747985
v 0.06058876 0.11583943 0.05418361
v -0.12219315 0.01899432 -0.02631107
v 0.06109712 -0.01696313 -0.00088170
v 0.09964655 0.07980239 -0.05802035
v 0.12968199 0.05601607 -0.02467111
v -0.10609760 -0.03901469 -0.02148352
v 0.03599216 0.12789623 0.05212121
v -0.01303755 -0.03975990 0.02466783
v 0.06546587 -0.02307920 0.01738497
v -0.09229978 -0.03841957 -0.03669458
v -0.11877456 -0.02935013 -0.01297943
f 1858 2916 763
f 763 2916 1857
f 768 7 6
f 2933 1862 781
f 2175 774 2944
f 3809 2951 2952
f 768 6 1884
f 4840 2974 783
f 255 786 787
f 1904 807 808
f 3001 4503 819
f 1908 3008 41
f 41 826 3010
f 57 3045 3048
f 888 54 859
f 859 1968 888
f 75 860 3068
f 3094 4648 84
f 3095 882 4744
f 1468 3102 1965
f 1971 902 94
f 3118 1972 900
f 3116 3144 3211
f 3211 3117 3116
f 4782 905 906
f 1980 1981 908
f 809 1906 35
f 930 4866 122
f 939 4515 2015
f 3183 3184 2017
f 129 2015 3182
f 3187 4391 3186
f 977 3192 3191
f 945 132 3163
f 138 4493 954
f 4658 2051 964
f 3214 1914 43
f 983 2106 2070
f 3253 992 981
f 3296 158 988
f 3287 2087 3283
f 3288 1005 997
f 2097 3293 3301
f 1010 3300 3293
f 165 164 166
f 2099 2098 1008
f 169 1556 168
f 1018 1019 1017
f 3316 3249 3317
f 2114 4595 3322
f 2113 3325 1012
f 185 3343 186
f 1037 3345 2129
f 3360 1056 1057
f 195 196 3362
f 1060 1079 3368
f 2135 191 3375
f 187 3346 1040
f 1057 212 1055
f 216 1075 1078
f 193 3396 220
f 1083 223 1082
f 235 3424 3422
f 3424 1098 3422
f 1108 242 1109
f 246 1111 2194
f 3453 2267 1114
f 3477 3539 3540
f 260 2219 2220
f 1152 2231 3497
f 1168 1166 3457
f 284 283 4608
f 462 2537 463
f 2268 1189 270
f 293 4803 2272
f 2207 1203 1263
f 3563 296 3562
f 1916 3587 1224
f 1226 1227 2299
f 1656 3598 2301
f 1656 1229 1228
f 1259 3607 3640
f 3607 1259 2306
f 3619 3616 3615
f 4892 3635 1449
f 1257 2330 2331
f 2331 1258 3639
f 4723 2050 337
f 222 2359 3664
f 3672 3675 3673
f 1306 1726 4786
f 3708 360 2382
f 3712 1322 3955
f 1325 358 4833
f 1336 1337 4541
f 2401 4541 2435
f 385 3750 4726
f 2406 3760 386
f 1357 2410 2411
f 3720 1361 366
f 1360 398 1362
f 3772 4869 3773
f 1324 3722 4869
f 3722 4725 2412
f 405 3785 2427
f 1378 1352 4788
f 4541 3795 2435
f 422 421 1397
f 3823 2453 1397
f 3835 3832 4618
f 1400 2481 3854
f 1401 2471 3853
f 3544 1422 2490
f 2497 3863 4881
f 448 3864 2483
f 2483 1412 448
f 1437 1436 1439
f 458 3879 1439
f 1438 3878 3881
f 3882 457 459
f 2514 3893 2515
f 4862 2500 325
f 865 3073 3898
f 4870 3908 4857
f 3921 477 1464
f 477 2528 2529
f 2529 2527 1962
f 3953 4794 3952
f 1497 2551 1495
f 501 2554 1501
f 3964 4553 3965
f 501 520 3999
f 2577 2576 1522
f 1524 1525 1526
f 1527 2582 4000
f 1533 4003 522
f 4685 1540 1539
f 4021 1550 2596
f 1551 529 2597
f 4028 1558 1559
f 1558 4030 532
f 2605 2105 533
f 533 2105 2604
f 2608 4034 4944
f 1018 534 1561
f 2616 2614 1563
f 537 4805 4039
f 1580 4063 546
f 3350 4080 1582
f 2636 2833 1584
f 562 555 4808
f 4078 4736 4113
f 4736 4114 2661
f 1597 1596 2662
f 4118 4937 1601
f 1607 4859 4686
f 4135 4873 4134
f 1186 4138 1185
f 4154 4149 578
f 4155 2684 2679
f 1629 4163 2689
f 586 2694 2696
f 1633 4171 4175
f 4177 592 4178
f 4148 1655 1621
f 613 2720 4220
f 4238 2727 4236
f 4236 1668 4237
f 2729 1670 620
f 2730 4237 621
f 2729 4246 4897
f 635 4272 1691
f 4272 1692 1691
f 1703 640 4275
f 4693 1698 4281
f 641 1649 1696
f 1703 4286 4285
f 1712 650 651
f 652 4571 653
f 1715 657 1721
f 2765 660 1722
f 2763 3152 4938
f 662 663 4309
f 1745 1742 1741
f 2783 4345 4939
f 684 2799 4322
f 2803 1767 4371
f 4361 687 4375
f 3155 114 4377
f 4377 2811 3155
f 692 688 2812
f 1771 693 118
f 700 699 2816
f 1779 2822 4395
f 1800 4876 4698
f 4452 4580 4461
f 3825 4454 4455
f 4699 2859 2863
f 1812 1815 4462
f 731 4973 4827
f 4878 1818 4463
f 2879 1480 489
f 736 737 4638
f 738 2669 737
f 4638 4477 740
f 2891 2890 726
f 751 750 4467
f 1851 2907 4583
f 1852 1851 2936
f 756 1852 4742
f 4499 1854 2909
f 2905 1886 2909
f 1855 2910 2903
f 2910 1855 2911
f 2913 2910 2911
f 1857 760 763
f 3 2917 2914
f 2918 765 4
f 2935 758 2918
f 2935 2918 4
f 2982 25 4499
f 4 5 4839
f 2924 2922 783
f 2926 1860 2923
f 1861 2929 2928
f 1861 2927 2929
f 1862 7 768
f 2934 1862 2933
f 1863 769 2934
f 2971 2929 770
f 1866 757 2935
f 772 771 2
f 2938 1867 771
f 2946 2938 771
f 11 2946 772
f 772 2939 11
f 2945 2946 11
f 2175 2944 2949
f 2938 1868 2937
f 2947 1869 774
f 2947 2175 3413
f 2948 1869 2947
f 1870 2944 2943
f 2188 2915 1858
f 787 2915 2188
f 3809 777 1871
f 1874 1873 14
f 3809 2954 2951
f 2951 3813 2953
f 2954 2955 4640
f 16 14 2958
f 778 16 2957
f 4838 1876 4993
f 2941 1877 4585
f 16 4639 4585
f 2962 2960 2908
f 2965 4863 2962
f 4642 779 1878
f 4742 2971 2963
f 780 2964 2963
f 4742 2963 756
f 4642 1878 2964
f 2968 1929 836
f 1930 2969 2970
f 2966 838 1932
f 780 2963 2971
f 2931 2972 770
f 1882 783 4839
f 2925 785 1883
f 2976 782 21
f 1966 21 1883
f 781 768 1884
f 23 4664 3065
f 1966 1883 785
f 19 894 893
f 2977 4500 2975
f 2981 2978 2980
f 2979 786 255
f 1891 792 791
f 27 795 798
f 3573 29 28
f 4743 794 29
f 798 4743 1894
f 2984 799 1895
f 2987 796 798
f 1896 1894 2990
f 1896 800 2987
f 1895 799 802
f 2984 33 1899
f 2991 1899 33
f 2991 1910 1907
f 1896 2993 800
f 4502 800 34
f 34 800 4706
f 4706 800 805
f 2996 804 4706
f 1902 2995 807
f 2993 4762 2994
f 2994 2996 805
f 806 2994 4762
f 1904 808 810
f 4643 812 802
f 808 1906 809
f 812 2998 807
f 4643 1907 812
f 801 814 813
f 3001 816 3002
f 1908 827 816
f 3003 1909 3005
f 3004 37 3002
f 36 820 39
f 4490 1910 3003
f 4490 3005 1911
f 1907 2998 812
f 3006 104 2998
f 3005 1912 1911
f 824 4707 39
f 825 3012 3007
f 41 827 1908
f 1908 817 4719
f 4719 3008 1908
f 43 3010 42
f 829 828 3011
f 829 3583 828
f 1915 3011 1920
f 1918 4763 3011
f 47 40 46
f 39 40 3013
f 1923 39 3013
f 48 47 1921
f 3015 1923 48
f 49 3589 3016
f 1922 3588 49
f 3017 1921 1922
f 39 1923 824
f 3015 1924 824
f 831 52 1912
f 1912 52 51
f 832 4491 4504
f 53 832 1924
f 831 4504 889
f 53 91 4491
f 74 54 50
f 833 3834 3020
f 1925 3019 3022
f 3019 1927 3022
f 3023 1927 3019
f 4588 1926 2464
f 57 4764 4645
f 4505 56 1927
f 1928 1880 59
f 59 4864 4505
f 836 835 2968
f 837 840 1936
f 1930 60 837
f 780 1933 838
f 1933 3031 838
f 3031 3030 838
f 4646 3029 3032
f 2973 3033 3028
f 4589 3028 3033
f 61 4589 3033
f 18 3033 2973
f 4506 18 769
f 5001 62 4906
f 63 1934 4589
f 839 1934 3032
f 4986 65 63
f 4646 841 840
f 3035 841 4646
f 1935 841 3036
f 65 842 63
f 3037 66 1935
f 66 67 1935
f 67 66 844
f 1937 3046 1936
f 844 3038 1941
f 3044 3038 66
f 3041 5001 315
f 4647 1940 3067
f 3039 3044 1938
f 3046 3047 3026
f 2466 3050 69
f 70 3052 848
f 71 849 3053
f 1941 849 3052
f 850 2472 69
f 2473 1405 3054
f 3054 4678 2473
f 3054 851 4678
f 4766 861 1943
f 4678 851 3056
f 3058 858 73
f 73 854 72
f 888 53 54
f 1945 1944 858
f 74 1945 859
f 3064 1968 859
f 3057 2277 1946
f 3065 2976 853
f 3067 4590 75
f 75 3068 3067
f 3070 3069 4591
f 4590 3069 3070
f 862 3055 861
f 864 3056 3055
f 468 3056 864
f 3073 1950 2517
f 3085 1956 76
f 1952 4828 3077
f 77 4828 4767
f 1953 3080 77
f 3081 78 869
f 1955 3076 3080
f 3076 1955 1949
f 3079 871 3081
f 3079 2341 871
f 78 870 3084
f 870 872 3084
f 3083 3086 870
f 3083 80 3087
f 82 874 3087
f 877 1958 875
f 3105 876 3088
f 84 83 874
f 3093 1959 3092
f 1960 1283 85
f 1961 880 879
f 3095 4912 1962
f 84 3096 83
f 1963 1960 3098
f 1964 3101 3098
f 4955 1963 3098
f 4744 882 883
f 883 882 3099
f 3099 884 3102
f 3103 3101 1964
f 4765 60 1930
f 885 4765 1930
f 885 3030 4765
f 3909 3105 886
f 3059 21 3106
f 3108 3064 3107
f 3108 887 3064
f 1969 1968 887
f 91 888 1968
f 888 91 53
f 4865 2031 889
f 4812 4500 3112
f 4987 3111 1987
f 896 789 1889
f 4649 3118 3123
f 3115 898 4956
f 93 3115 4509
f 1971 4956 898
f 1974 1973 4509
f 3145 1974 4509
f 4649 3119 3118
f 905 4782 4492
f 901 3121 4492
f 4649 1975 3122
f 3123 1975 4649
f 903 3118 900
f 1977 1976 3126
f 3121 905 4492
f 4782 906 3128
f 3128 1978 4782
f 1978 1979 4753
f 1978 907 1979
f 1889 3113 98
f 909 3128 906
f 101 3129 909
f 1980 3130 1981
f 908 1981 101
f 99 3131 911
f 4510 102 3132
f 99 3132 4511
f 3131 3134 101
f 3134 1983 101
f 4650 895 896
f 1985 4650 1984
f 4656 4987 1986
f 913 3138 4656
f 1990 1989 1988
f 1990 1982 4778
f 97 3127 1980
f 889 2031 2030
f 915 2029 103
f 3204 103 2029
f 822 1911 3006
f 104 3140 3141
f 35 1906 916
f 917 2032 3140
f 916 3141 2034
f 1993 4587 1905
f 4920 3143 3142
f 4920 1022 3143
f 2061 3145 4841
f 3150 918 3148
f 984 3150 3151
f 3152 2367 4938
f 133 4319 2024
f 1998 4711 2795
f 927 4711 1998
f 1998 115 927
f 4745 115 1998
f 119 3159 3154
f 921 4710 3154
f 114 4710 921
f 3155 116 4710
f 922 694 2000
f 3156 117 3157
f 2812 2001 693
f 693 4974 118
f 923 2004 2002
f 3161 121 926
f 926 121 924
f 121 3157 923
f 3198 2005 115
f 3196 2005 3198
f 3165 4746 3166
f 4711 4514 2795
f 3153 2795 4514
f 113 3167 122
f 928 2006 2007
f 930 122 3169
f 109 122 4866
f 2009 4866 930
f 3166 4746 3164
f 3164 4746 3172
f 931 3193 3190
f 4515 3173 4516
f 3173 4515 3178
f 123 3174 3175
f 938 3175 125
f 2012 938 125
f 127 935 126
f 126 4373 936
f 2009 930 936
f 127 2011 2010
f 124 2013 4516
f 2014 3177 3178
f 128 2012 4517
f 3179 4517 3180
f 4515 3182 2015
f 3182 3183 2017
f 2016 2019 3183
f 131 2017 3184
f 3187 130 3188
f 130 3187 4747
f 130 2062 3245
f 4747 940 130
f 2063 151 2021
f 941 2023 2020
f 2023 941 3192
f 3193 3172 975
f 3195 3194 3172
f 3165 3196 943
f 3196 3197 2026
f 3198 3197 3196
f 120 3162 3197
f 2000 2813 3156
f 3199 132 944
f 2026 946 943
f 3199 3200 947
f 4994 3195 948
f 1898 3201 134
f 3109 3237 2029
f 103 3204 3202
f 2032 3203 2033
f 3205 3203 4651
f 2033 3205 2034
f 135 3207 949
f 105 135 952
f 2036 3209 2040
f 951 107 137
f 951 137 2037
f 2038 2037 950
f 2040 3209 3210
f 2042 3213 43
f 3215 955 953
f 3219 3221 4493
f 139 956 957
f 960 4519 961
f 3222 4748 3223
f 2048 959 4592
f 4748 2354 3224
f 3224 3225 140
f 959 2048 221
f 963 4749 140
f 963 140 3228
f 4749 963 3226
f 3229 140 3225
f 3229 3225 4893
f 142 964 141
f 142 141 4723
f 4723 141 2050
f 4712 142 3230
f 964 2051 3226
f 4769 2053 965
f 143 3234 966
f 3232 3234 4770
f 3233 221 965
f 3232 4770 967
f 4750 2055 143
f 4750 143 2054
f 2054 4603 3235
f 2055 4750 2355
f 967 4770 2056
f 139 957 3216
f 830 2059 969
f 43 3213 3214
f 3004 4943 4644
f 4771 4901 3238
f 4812 971 4901
f 3239 3207 4651
f 3239 3238 970
f 914 1988 3240
f 3207 3239 970
f 3208 3206 972
f 3210 2039 973
f 2061 3242 3144
f 2061 980 3242
f 2061 3251 2066
f 4841 2067 3251
f 981 2067 3146
f 3150 984 983
f 3152 2593 984
f 3244 144 1543
f 3245 4019 1782
f 4019 974 3244
f 2062 130 940
f 3247 3255 3189
f 2022 942 2064
f 4593 3193 975
f 146 979 3250
f 3252 2064 977
f 147 3248 2065
f 3316 980 3252
f 2067 148 3251
f 148 2067 981
f 3310 2069 168
f 145 150 3255
f 986 3257 2071
f 3258 2073 986
f 2072 3258 2071
f 4414 986 3259
f 3262 1001 988
f 3266 989 151
f 989 3267 152
f 4713 148 981
f 2069 2079 993
f 4652 2079 2080
f 1007 2092 995
f 990 3275 4521
f 3277 3268 997
f 2077 3268 154
f 154 4867 2077
f 154 2082 3276
f 3278 1005 155
f 2081 3276 2082
f 2081 1004 1000
f 3279 1005 2089
f 999 3279 2081
f 3262 1002 2074
f 2073 3258 2074
f 3281 3284 156
f 3284 3285 156
f 157 2115 2084
f 3281 3283 3284
f 3283 2087 3284
f 2087 4594 3284
f 3284 4594 3285
f 3287 3286 2087
f 2090 2093 3288
f 1006 997 3268
f 2090 2091 2093
f 4521 3289 1006
f 4843 4522 2091
f 2094 161 159
f 3290 1010 2095
f 2095 2096 162
f 2095 1010 2096
f 3294 3300 1010
f 4960 161 4653
f 3287 3298 4494
f 163 164 3299
f 3301 4807 1012
f 160 1015 1011
f 1008 4522 2099
f 2099 1013 2098
f 3305 1015 2098
f 1013 3305 2098
f 3305 3307 1015
f 3304 2109 3305
f 3309 167 1016
f 2102 1016 167
f 994 3273 2103
f 169 2070 4560
f 169 4560 2602
f 530 3313 2104
f 2110 2103 2104
f 2105 3314 2604
f 1017 170 1018
f 2112 1020 171
f 3317 1022 3316
f 3317 2107 3143
f 1021 2107 3318
f 4961 147 2108
f 4961 3248 147
f 2064 2068 4887
f 3313 1024 2110
f 2111 1026 3306
f 1025 3321 3314
f 4595 2114 172
f 3322 4595 2111
f 4944 1027 4596
f 1012 173 3301
f 2097 3301 173
f 164 165 174
f 3326 173 3325
f 4829 3327 2113
f 4829 2114 176
f 4596 176 3315
f 1028 3330 177
f 3328 1027 3337
f 2122 4596 3328
f 175 3324 3326
f 3332 2116 3331
f 2085 1003 4597
f 3334 2118 3333
f 2118 179 3333
f 4888 2117 1030
f 2119 4889 3336
f 1030 4855 4996
f 3341 4655 4889
f 2121 2123 1031
f 2123 1032 181
f 2124 182 3338
f 182 2124 2125
f 3340 2125 3330
f 3338 182 3339
f 182 2125 3340
f 4627 3330 3329
f 1035 3342 2127
f 4773 4902 2132
f 1037 4599 4902
f 2128 3344 2622
f 2128 1040 3344
f 2128 1041 1040
f 1040 1041 206
f 3348 189 188
f 4600 3352 1043
f 1044 190 1047
f 189 4714 190
f 1038 2130 1045
f 1046 3353 1045
f 4714 192 1047
f 2137 1048 2136
f 3354 2137 1049
f 1050 1049 3353
f 1049 1050 3354
f 2130 1046 1045
f 2130 1577 1051
f 1052 1046 4601
f 1046 1052 2158
f 4601 193 1052
f 194 3396 3355
f 3356 3357 194
f 2834 4830 3359
f 1057 1056 195
f 1057 3362 212
f 4778 972 2143
f 2142 3241 2143
f 3366 2144 3347
f 4995 2129 197
f 2129 1071 197
f 2156 2145 3366
f 1039 4524 2146
f 1061 3368 3371
f 3373 3368 2160
f 3371 3373 3372
f 3369 1061 3371
f 2137 1064 1048
f 200 199 4978
f 3374 200 201
f 2657 201 1062
f 3377 2150 1062
f 3378 1065 2150
f 1068 1066 3380
f 4111 1066 1068
f 3380 1069 1068
f 204 2155 205
f 1040 206 187
f 2660 4703 205
f 3388 204 3389
f 2156 3388 2154
f 208 210 209
f 209 210 1073
f 4703 3389 205
f 3390 3388 211
f 3388 3390 3387
f 3392 1073 2157
f 2157 3390 3393
f 3393 3390 211
f 3394 2158 1052
f 1058 2161 195
f 212 1074 1055
f 1074 2162 213
f 2162 215 214
f 2158 3394 1077
f 1076 1077 3394
f 214 215 1078
f 1078 215 3395
f 1078 3395 216
f 3357 2138 216
f 3395 217 3357
f 217 2163 4495
f 1052 220 3394
f 221 3220 959
f 221 1080 3220
f 2167 3398 2052
f 4603 2052 3398
f 3398 2167 1081
f 2359 1082 223
f 1083 3398 3401
f 1083 225 4657
f 3401 1081 2169
f 225 3401 2169
f 4604 1084 3402
f 3404 4832 4917
f 3407 227 2170
f 3405 3404 2170
f 3407 2173 227
f 4606 3410 3411
f 3411 1092 1091
f 228 2173 3407
f 4658 964 2174
f 3411 3410 1092
f 1095 3414 3415
f 3416 3417 2178
f 3418 1097 3441
f 3423 3420 3418
f 4922 3422 234
f 234 3422 3419
f 235 3425 3426
f 3427 3425 3431
f 3425 3427 3426
f 237 2180 3427
f 1101 3427 2181
f 4715 4496 233
f 4496 4715 3429
f 3429 2183 4890
f 2185 4945 238
f 4922 235 3422
f 239 1100 2183
f 2187 1100 239
f 2187 1103 1100
f 2185 238 2176
f 1103 2187 2948
f 1104 3434 2183
f 3434 239 2183
f 3434 2188 2187
f 3434 1104 2217
f 3437 3430 4922
f 3436 4922 234
f 1105 3439 3443
f 3418 3441 3440
f 240 1105 3443
f 242 4910 2190
f 3445 1107 243
f 3442 1106 4779
f 244 242 2190
f 3458 3446 2193
f 2192 4988 245
f 245 3448 249
f 2194 240 247
f 247 1113 2195
f 3450 3452 3453
f 2195 3456 1112
f 2193 3455 1115
f 2197 1119 2196
f 1116 4716 2198
f 1120 2199 4717
f 3459 4525 249
f 1122 2200 250
f 250 2221 3461
f 2200 2223 250
f 2200 1122 3432
f 251 3487 3463
f 2223 3463 3487
f 2204 2273 3467
f 1125 1127 1124
f 3501 2202 254
f 2238 3501 254
f 3474 4844 1129
f 1132 3475 4844
f 4780 2210 3474
f 1131 1130 2210
f 2210 4780 1169
f 1167 1133 1166
f 4660 3476 1135
f 3476 4923 2212
f 244 2458 4663
f 2213 3479 3483
f 1138 3481 1140
f 2263 256 257
f 4751 2218 3460
f 1144 2218 4751
f 1144 258 259
f 3485 4527 1146
f 3489 252 1147
f 1147 252 3465
f 1149 3490 1148
f 263 1149 1148
f 1149 2225 3491
f 2224 3494 2225
f 2226 2225 3494
f 1151 1150 262
f 3492 2227 4979
f 2227 4937 4979
f 1602 1601 3537
f 1601 1151 3537
f 2229 2226 2230
f 2231 3495 3494
f 1152 2230 3495
f 2231 1153 3497
f 4845 3496 1154
f 3497 3498 2233
f 1156 2234 1157
f 1159 1156 4911
f 4911 3499 2235
f 2237 264 1161
f 3502 3488 3501
f 2238 3469 1162
f 2207 2239 2208
f 2240 4665 1163
f 2207 1263 1163
f 3472 3557 2278
f 2209 3504 1164
f 270 3507 1167
f 3457 266 4529
f 3512 2286 3568
f 3512 3568 2284
f 2252 1173 1172
f 2248 1175 2243
f 2241 4529 2268
f 2268 270 2241
f 273 2249 2248
f 3514 1175 2249
f 3509 3508 3513
f 269 271 3515
f 3517 2246 3515
f 3514 2249 3516
f 2246 2450 2252
f 3520 1208 2245
f 3517 421 2450
f 3522 3527 3520
f 3522 2254 3521
f 3521 277 1179
f 276 3523 2255
f 277 1180 2259
f 2893 2262 2258
f 2261 4880 2260
f 278 2262 279
f 1139 2980 2979
f 1181 1138 2215
f 3530 2264 1142
f 4809 2264 3530
f 3530 2219 260
f 4809 3530 3492
f 289 1181 3531
f 3533 1182 4134
f 281 3534 4976
f 282 1184 3534
f 3538 1614 4896
f 4138 1614 1185
f 1188 2266 428
f 3541 285 1135
f 1187 2267 3542
f 3545 3544 3543
f 3545 1188 1421
f 1189 2268 1190
f 4752 3500 288
f 264 2238 1162
f 3549 1195 1194
f 289 3532 4530
f 4476 901 1184
f 901 1196 1184
f 3547 4782 3548
f 3547 1196 4492
f 291 4753 3550
f 291 4609 3548
f 3888 266 1477
f 270 1189 463
f 2251 2537 1479
f 1177 1393 1176
f 2274 3552 4803
f 292 3552 4666
f 293 2275 3555
f 3555 295 293
f 2276 3555 3556
f 1130 2275 3468
f 1231 3601 3551
f 3551 2933 1232
f 1285 2303 1202
f 1202 4861 1285
f 3650 4861 3638
f 4665 2240 3638
f 2278 3557 2333
f 3561 4924 4819
f 4963 3565 298
f 1207 3566 2283
f 299 2285 300
f 3574 1211 2287
f 1210 2287 303
f 2290 2986 2985
f 2291 1213 3576
f 303 2295 2288
f 1215 2293 4611
f 3577 1214 2292
f 4784 1214 3577
f 307 1225 4611
f 3008 4719 826
f 4784 3579 1214
f 3580 1218 3582
f 1218 3580 304
f 3582 305 1219
f 1218 3581 4754
f 1220 3582 828
f 3583 4990 1220
f 2296 1216 3579
f 4720 2296 3579
f 2296 3584 1221
f 42 3009 2041
f 3586 2297 3585
f 2043 3009 2297
f 306 3586 1222
f 1217 4990 1223
f 1224 3583 2298
f 4990 1224 1223
f 2353 3586 306
f 3587 1916 2045
f 3590 1226 3594
f 3588 1922 4754
f 3592 3591 3590
f 3590 3593 3592
f 3592 1255 3591
f 3593 3594 3595
f 1656 1228 3598
f 3599 1230 2302
f 2352 1229 1230
f 3603 1234 3604
f 3604 309 2304
f 1236 311 3605
f 1237 2305 3607
f 294 2306 1259
f 313 3608 3605
f 4533 312 2307
f 3609 310 2307
f 2308 1238 2309
f 314 320 313
f 3610 312 313
f 4668 3609 319
f 4810 4668 3612
f 5001 4906 315
f 1239 3612 4612
f 1450 3896 2475
f 2316 1241 3896
f 5002 3619 3618
f 2498 3615 3616
f 3615 2480 317
f 1429 3616 1242
f 1242 5002 1243
f 1250 4669 1246
f 3623 1246 4669
f 4997 3625 2317
f 4980 2316 1245
f 2319 3624 1247
f 3626 4670 318
f 3610 313 320
f 2309 1238 2320
f 4534 2319 1247
f 2319 4534 1246
f 1249 2320 2321
f 324 3633 2322
f 1252 3630 3867
f 3867 3630 3631
f 1253 4815 3631
f 326 2281 4815
f 2324 4815 1205
f 449 3868 1254
f 1254 327 3633
f 3634 1251 2325
f 1447 2514 2326
f 2325 327 2326
f 4892 3634 3635
f 2329 2327 1256
f 328 1201 1256
f 1255 3636 3591
f 3636 3061 3062
f 2332 328 1256
f 2330 3638 2240
f 2331 2330 1258
f 1260 2335 1261
f 2240 1163 1264
f 1266 3639 1258
f 2519 4721 3896
f 4721 2519 1456
f 2337 4721 2338
f 4907 1458 333
f 4722 1276 1275
f 1277 1279 4816
f 867 2339 3644
f 2341 2339 4816
f 1271 2342 1952
f 2342 1278 3641
f 2342 4722 2340
f 3082 871 2343
f 2343 2344 3082
f 2343 4535 2347
f 2346 2345 1281
f 2343 2347 2344
f 3648 2347 3646
f 334 2345 3913
f 4947 3646 334
f 2348 4671 4947
f 2350 2351 3647
f 1285 2352 1230
f 1285 1230 2303
f 2303 4752 1191
f 3586 2353 2354
f 3657 1289 3651
f 3657 3654 4672
f 3652 3655 336
f 3661 2356 2357
f 3658 3661 2357
f 1290 3659 3658
f 338 3665 2358
f 223 3667 3666
f 3667 1083 3399
f 4673 3666 3667
f 1293 3666 4673
f 340 337 3662
f 3671 340 341
f 3669 2363 2362
f 3403 337 3671
f 3670 1296 3671
f 1296 1295 3673
f 342 3672 1295
f 342 1297 3672
f 1086 3673 3675
f 4605 3675 1298
f 1087 1298 1084
f 1300 1299 2364
f 1300 3149 1825
f 3678 1299 3677
f 343 3678 3681
f 3684 1302 2366
f 1301 345 919
f 3683 345 1303
f 1302 3684 4817
f 3683 3685 1305
f 345 2368 2902
f 345 3683 2368
f 2368 1304 2902
f 2369 346 3686
f 4786 1725 347
f 3688 1304 2370
f 4909 2368 1305
f 4909 3690 2370
f 1307 3689 3690
f 348 4724 2378
f 3697 4724 3698
f 1307 3692 3693
f 3692 2377 353
f 350 2373 1308
f 1310 352 2374
f 2375 1726 352
f 1306 352 1726
f 1313 353 2377
f 4817 1315 1314
f 3701 3700 3696
f 3705 357 2542
f 357 3705 3702
f 3705 2542 2543
f 3724 1317 1309
f 1319 2379 2380
f 3707 1318 2380
f 355 1368 3710
f 3709 3708 1320
f 1320 3708 359
f 359 1321 1320
f 360 3708 3709
f 2386 360 3711
f 3774 3710 4787
f 2382 2544 359
f 1322 3956 3955
f 1322 361 3956
f 362 1322 3714
f 3715 3714 3713
f 1386 361 362
f 369 1386 362
f 3732 363 2385
f 3715 4616 3732
f 3717 360 2386
f 3718 4538 3711
f 1323 364 2390
f 2387 1323 2388
f 4538 4725 365
f 3719 2390 3721
f 3719 3769 2389
f 399 3721 1324
f 4615 4725 3718
f 3723 2380 1318
f 2391 3723 1368
f 2380 3723 2391
f 1318 403 3723
f 3778 3706 3728
f 2379 3804 3706
f 358 3725 3726
f 4542 4833 2392
f 3805 1325 4833
f 3731 3728 3729
f 2440 3729 3727
f 3731 3729 3730
f 3730 370 2421
f 2420 2421 370
f 3733 3732 2393
f 496 371 3716
f 3734 3735 3716
f 3736 2393 3735
f 373 3968 3737
f 3733 389 370
f 1351 1327 1326
f 1507 2558 3737
f 4818 4554 375
f 378 377 3738
f 1329 4992 2396
f 2395 4992 3742
f 3741 3984 3983
f 2399 1330 3800
f 3744 3740 2398
f 1333 1336 1334
f 1334 1336 1335
f 4541 1335 1336
f 4539 1337 1336
f 1337 3796 4541
f 2435 383 2401
f 3748 384 1338
f 384 2435 1338
f 3751 3749 1340
f 1340 385 1339
f 3991 387 1339
f 1346 1341 4755
f 3752 3751 1343
f 1345 4926 1344
f 388 3756 3791
f 1346 3789 2404
f 1350 2404 1349
f 1351 390 3758
f 3759 1353 392
f 3759 3760 4788
f 391 1354 386
f 2408 3762 391
f 3762 1522 391
f 1355 1356 2579
f 3759 392 1358
f 3766 2410 1359
f 3763 3765 390
f 2409 4935 374
f 374 3764 2409
f 1530 2409 3764
f 3766 3767 3765
f 2411 2410 3766
f 1529 2411 393
f 1361 3768 366
f 366 3958 3720
f 399 3771 3769
f 1360 1362 1361
f 1361 1362 394
f 394 396 1365
f 1364 1363 395
f 398 4789 1362
f 1360 3771 398
f 3772 3771 399
f 4869 3772 1324
f 3777 3775 4964
f 396 4676 3770
f 4676 1367 3770
f 1363 1364 1367
f 1367 400 1363
f 1367 4676 400
f 1369 367 4787
f 1318 406 403
f 1318 3779 406
f 3731 2421 2422
f 403 406 1370
f 3781 406 3783
f 2423 2424 407
f 2423 1375 2424
f 3786 379 2425
f 2394 1377 2426
f 1377 1376 4009
f 2427 413 412
f 414 3788 3787
f 4558 414 3787
f 409 1535 3788
f 2420 3754 1350
f 3791 3793 3790
f 2434 3790 3794
f 3795 3794 1338
f 3795 4970 3794
f 4970 3795 415
f 3796 1383 2436
f 3798 415 1384
f 415 3798 4970
f 3798 2434 4970
f 3797 2434 3798
f 2431 2437 1375
f 3798 2438 3799
f 1384 2438 3798
f 2439 3799 416
f 4727 416 4677
f 4677 1332 3803
f 3784 3803 3802
f 404 4540 1369
f 3804 3806 2440
f 2442 2949 12
f 2441 2442 4543
f 417 2952 2443
f 3812 3810 2443
f 2443 2952 2953
f 1387 4819 2444
f 1387 3814 4819
f 4968 1387 3815
f 1388 275 3517
f 1388 3517 271
f 1390 3820 3819
f 3818 1391 418
f 3818 2445 1391
f 3817 2447 1389
f 419 1392 1393
f 1392 1481 1394
f 2446 3821 2447
f 3821 1391 1389
f 2449 490 2857
f 1396 420 421
f 421 420 1397
f 1397 2453 422
f 3822 3825 3824
f 3824 3825 425
f 423 424 4942
f 1809 2457 2456
f 2452 4454 3825
f 3831 3826 2460
f 3812 3827 2460
f 427 3827 3828
f 2460 3830 3831
f 3829 3830 2461
f 4618 427 2459
f 1417 3829 3845
f 1418 4545 428
f 3834 2462 3020
f 3833 429 3839
f 4588 2463 3836
f 833 429 3834
f 2465 3838 430
f 431 2466 3848
f 3840 4728 3837
f 2470 3839 3840
f 3840 3837 1399
f 2467 1399 3841
f 3843 3846 3844
f 2469 2467 3841
f 316 2471 2469
f 1401 2481 1400
f 1402 2480 436
f 3842 431 3847
f 431 3848 3847
f 3848 2472 1404
f 1405 2473 433
f 4678 1406 1407
f 3056 1406 4678
f 434 3850 1406
f 432 1403 3847
f 2474 432 1408
f 3613 432 2313
f 1240 2313 2474
f 2474 1408 4756
f 2476 1450 2475
f 2476 2477 3852
f 4678 1407 2477
f 1407 3852 2477
f 2519 1450 2478
f 1450 3852 2478
f 2481 437 3854
f 1413 3855 2482
f 2495 2482 1410
f 2483 1411 1412
f 2484 1414 3858
f 3856 2485 3858
f 3934 3858 2485
f 1416 2486 2484
f 3859 437 3857
f 437 3845 3854
f 437 3859 3845
f 2486 1476 3859
f 2486 3859 3857
f 3542 1419 1187
f 442 2489 1187
f 1420 444 443
f 3544 1421 445
f 445 1421 4545
f 1418 2488 1423
f 2494 2485 1415
f 1426 444 4546
f 3864 447 2496
f 2496 2483 3864
f 4547 3863 3864
f 2501 2500 3621
f 3621 3895 3866
f 2500 3895 3621
f 3867 1430 449
f 449 1433 3868
f 1435 1431 452
f 3870 454 3869
f 1433 451 454
f 455 1433 1434
f 2513 455 2512
f 464 2512 1434
f 3886 1434 454
f 2503 3870 453
f 2506 3875 1435
f 2504 3873 1436
f 3873 3874 456
f 3874 2506 456
f 4791 3875 3876
f 1437 3878 457
f 1438 3881 460
f 460 459 1438
f 459 3883 3882
f 3883 3885 3884
f 2879 1441 4854
f 462 1444 3883
f 2508 3887 3886
f 1434 3886 3887
f 2509 1445 3887
f 2513 4548 3889
f 3894 4549 2515
f 2515 4549 466
f 4834 3895 4862
f 1451 3056 468
f 467 1451 3899
f 3898 1452 3897
f 3902 3897 1452
f 3899 1453 467
f 4981 467 1453
f 469 3897 3901
f 3904 1272 333
f 1452 2517 1454
f 2479 467 4981
f 2479 1456 2519
f 3905 1457 3906
f 3910 3909 1459
f 3911 3910 1459
f 3911 1459 3912
f 3913 1459 3914
f 877 3091 3908
f 473 4857 3091
f 1460 473 3915
f 4702 473 1461
f 1283 2530 85
f 3916 2530 1283
f 3917 3918 4671
f 86 1461 879
f 474 86 2528
f 2522 3917 476
f 2525 3918 2522
f 2525 1462 2524
f 3916 2523 3919
f 2524 3921 1464
f 477 3922 2528
f 2529 3923 477
f 3100 479 883
f 881 3926 3927
f 2531 3104 487
f 2531 482 1466
f 1468 481 1466
f 2534 1469 2532
f 2532 1469 2533
f 1469 1467 2533
f 2534 3931 3928
f 3928 3931 478
f 3923 478 4792
f 4792 478 3931
f 3930 3931 1471
f 1472 3925 4971
f 2535 1472 483
f 483 1472 4971
f 485 2535 483
f 486 485 482
f 3933 486 487
f 1473 1475 1472
f 3888 1477 2489
f 1478 488 443
f 4550 1478 443
f 2536 488 4680
f 2536 3888 2489
f 1479 2537 462
f 1177 419 1393
f 2538 3936 4296
f 2761 3940 4305
f 2762 4300 1482
f 2761 1722 3944
f 1484 3940 2539
f 3940 2540 4305
f 1485 2541 4730
f 3937 4296 1711
f 3938 4729 4730
f 492 3938 2540
f 1484 2539 3939
f 1492 2552 3942
f 2542 2552 2543
f 2382 1500 2544
f 1483 491 2546
f 3944 2545 2546
f 493 1490 4551
f 492 4551 3941
f 3950 1492 1487
f 1488 3946 1489
f 495 3946 3943
f 1491 3945 2547
f 3948 1491 494
f 2548 3956 2392
f 2549 3955 3956
f 1498 1495 4620
f 1495 2551 1494
f 2551 3714 3712
f 4552 3957 3954
f 4793 497 495
f 499 4619 4984
f 1501 2553 4733
f 496 500 371
f 1501 2554 500
f 1504 2555 4733
f 4017 2555 1504
f 1505 3961 3962
f 3960 3963 3962
f 2560 505 3966
f 2559 505 2560
f 4624 1507 3968
f 3969 4624 4621
f 2559 506 3967
f 4683 2563 2560
f 2562 3974 4683
f 3974 3971 4683
f 3967 506 3970
f 507 2563 3971
f 3971 3974 2564
f 3972 2564 3974
f 3972 1509 3973
f 2566 519 508
f 2566 2565 1510
f 3992 4949 509
f 3992 509 3991
f 3990 3973 1509
f 3966 4553 2561
f 504 3976 3977
f 504 511 3975
f 3980 3979 4622
f 4622 2570 3975
f 3978 4734 1512
f 4734 3985 2570
f 4008 3979 3980
f 4684 2567 2556
f 2568 4684 2556
f 514 4684 2568
f 513 2589 3981
f 512 3982 3980
f 515 1511 3979
f 375 4554 515
f 1512 1513 3983
f 1517 2561 2572
f 2570 3985 2572
f 3987 4623 510
f 3989 3988 2571
f 3988 3989 3747
f 3990 3993 1518
f 3993 1347 3792
f 1520 3994 2575
f 1520 2575 1521
f 517 2577 1522
f 517 3996 518
f 517 1522 2578
f 519 3997 508
f 2580 1508 3997
f 1526 3998 3997
f 3997 519 1526
f 3969 4000 4624
f 1524 1528 1525
f 1525 1527 4000
f 1527 1525 1528
f 3764 4555 1530
f 1531 2581 1529
f 3764 2582 1531
f 1531 2582 1527
f 1533 521 4003
f 4003 521 1532
f 4001 4982 4004
f 4005 2586 2585
f 394 1532 3768
f 1376 2588 2587
f 4009 4559 4790
f 3982 2587 2588
f 4015 2587 3982
f 524 2587 4015
f 524 4559 4009
f 4013 4559 4011
f 1535 4013 1536
f 4685 4010 1540
f 4014 4685 1538
f 1537 1538 4982
f 1539 1540 3981
f 1539 526 2590
f 2592 2764 1754
f 1782 4019 704
f 2610 527 4018
f 2595 2594 4018
f 1546 528 2595
f 1548 1549 1546
f 528 1553 4023
f 3257 1551 2597
f 2598 4070 4950
f 2598 1552 4074
f 530 3273 3272
f 2602 2601 1556
f 4029 4025 2603
f 1557 531 4821
f 1558 532 1559
f 1557 533 2604
f 2604 3321 531
f 1560 4034 1561
f 1018 1561 2608
f 1562 4031 534
f 4035 2612 1566
f 1550 2609 2602
f 2610 4033 4560
f 1560 1570 4034
f 4625 1565 1562
f 535 1564 4625
f 4035 1566 4032
f 4035 1572 4036
f 535 1567 1564
f 4038 2616 1563
f 1568 2614 2616
f 1570 1569 1028
f 1568 4627 3329
f 4040 4038 4039
f 4044 2617 1567
f 4758 538 4042
f 4985 1571 538
f 4985 2619 539
f 2619 4045 539
f 540 539 4626
f 540 4626 1572
f 1572 4035 4032
f 1572 541 540
f 4047 4627 4983
f 1034 183 2621
f 4983 4929 544
f 3343 2621 2622
f 543 2128 2622
f 4795 2626 2623
f 2624 4049 1576
f 1574 4051 2624
f 1574 4053 4051
f 4055 4053 1574
f 4056 1575 4055
f 1578 4057 4081
f 4081 2640 4087
f 2645 4099 2628
f 4061 2646 2629
f 2630 2631 4060
f 1579 4060 2631
f 4062 2630 4060
f 4064 4062 4060
f 4064 4060 1580
f 1580 4059 4063
f 546 4067 1580
f 4067 4064 1580
f 548 2656 2632
f 4068 4737 549
f 546 4063 4068
f 550 4068 4063
f 4059 550 4063
f 4070 2635 4069
f 4070 1581 2635
f 2635 1581 4073
f 4072 2635 4073
f 4075 1792 4894
f 4894 4072 4073
f 1792 4075 4074
f 4075 1581 4074
f 1595 2660 1041
f 1582 4080 2658
f 1582 4079 3351
f 1051 1577 4822
f 4082 4822 1583
f 1584 1585 4082
f 1583 2636 1584
f 4086 2833 2637
f 1053 4086 552
f 2638 4086 4085
f 4814 4958 4085
f 4058 4089 2640
f 4849 4090 4091
f 4091 553 4849
f 4083 4087 4089
f 545 4849 4089
f 1589 4090 4097
f 1589 4091 4090
f 4089 553 4094
f 1587 4088 4094
f 1795 1587 2641
f 4093 2641 4092
f 4797 2644 4097
f 4797 556 4098
f 556 4099 4098
f 4100 4098 2655
f 2655 4823 4100
f 4735 558 4101
f 557 2653 2643
f 2649 557 2648
f 2644 4103 2647
f 1592 2647 559
f 559 1593 1592
f 4104 1593 559
f 1593 2648 1592
f 560 2650 1593
f 561 2650 560
f 4104 4431 2845
f 716 4895 2845
f 2652 2651 4426
f 4107 2653 4105
f 2643 2653 2642
f 2642 2653 4107
f 4431 4104 563
f 563 564 4579
f 2665 4823 548
f 4061 547 2645
f 4108 4109 2658
f 2657 4110 4109
f 4109 4110 4628
f 4629 2659 4109
f 2659 4114 4052
f 4112 4111 1070
f 4114 4629 2661
f 4814 4115 4958
f 1597 2139 213
f 214 1075 1596
f 1597 213 2162
f 565 4117 2849
f 4066 568 4065
f 565 569 4117
f 4117 569 570
f 568 570 1600
f 1600 570 569
f 1602 4119 1603
f 4118 2228 4937
f 1603 4630 4118
f 4121 571 4123
f 2666 573 4121
f 1604 4121 572
f 1606 4122 1605
f 1608 4124 4120
f 1610 1609 4809
f 4125 1610 4809
f 4979 2228 4125
f 2667 4126 1606
f 4129 2667 1606
f 2667 4631 4127
f 280 4127 4631
f 4128 1611 2668
f 1612 4129 1605
f 4129 1612 2668
f 4133 4131 573
f 4133 735 4131
f 2670 4128 4824
f 2880 2669 1613
f 2669 738 4824
f 4873 4135 2670
f 4873 4824 2883
f 4134 3532 4687
f 4136 1833 4484
f 4124 2672 4137
f 1616 2685 4918
f 4157 4564 4139
f 4563 2674 4798
f 4798 2673 4563
f 576 4141 2675
f 4142 4143 2675
f 4143 579 4203
f 4148 2676 607
f 2677 4148 1621
f 4696 2677 4158
f 1621 4158 2677
f 4149 4154 2678
f 577 4144 1623
f 2673 4140 2686
f 4952 4155 4156
f 4608 581 2680
f 4999 2681 1622
f 2680 2681 4999
f 2683 4688 2682
f 2685 1616 284
f 1627 2685 4999
f 4159 1623 2686
f 4567 4153 582
f 582 4159 2686
f 1628 2688 2687
f 1628 4738 2688
f 4164 2687 2688
f 2678 580 4161
f 4170 583 2699
f 2693 4161 4170
f 584 4164 2692
f 4167 4162 1629
f 1629 4166 4168
f 2693 1632 586
f 1633 2694 586
f 2694 2695 1638
f 2694 1634 2696
f 587 4173 2691
f 4168 1635 4167
f 1631 585 1636
f 585 2697 1636
f 4173 587 2696
f 4174 4173 2696
f 4173 4174 1637
f 1672 1671 2695
f 2698 2695 1633
f 2700 1636 2697
f 1638 1640 4178
f 595 596 4180
f 2704 4182 1640
f 2705 4739 596
f 4182 2704 2705
f 2706 4183 1643
f 4184 4185 4739
f 4187 595 4180
f 2742 4186 4189
f 598 4190 4200
f 2707 2706 602
f 603 1646 4187
f 1646 1645 4187
f 4195 4196 1646
f 2709 604 1648
f 2709 605 604
f 4202 2710 604
f 2747 1647 4198
f 606 605 2709
f 1649 605 606
f 1649 606 4199
f 1705 2747 4198
f 4209 2712 1652
f 1651 4204 1650
f 4207 27 31
f 4206 31 793
f 4210 1653 608
f 618 4228 4211
f 3574 4228 609
f 2713 301 609
f 2714 308 4213
f 2715 2714 4214
f 1657 2716 4914
f 2717 4216 4215
f 2718 612 1657
f 1626 612 2718
f 4216 2717 612
f 4218 1659 4804
f 1659 2720 2719
f 613 1658 2720
f 2719 4219 1660
f 615 1661 4226
f 4224 4227 616
f 2713 610 4227
f 4211 4825 1665
f 1663 1664 1662
f 1664 4230 2721
f 1661 4233 617
f 616 4234 615
f 4874 2723 619
f 4497 1737 4335
f 4219 4235 1660
f 1666 2728 4690
f 4246 4239 4238
f 1669 2731 4172
f 1677 2733 2732
f 622 4244 2733
f 1675 2733 1677
f 1675 1671 1672
f 4248 622 4249
f 1674 4248 2735
f 2733 4249 622
f 626 590 4252
f 4251 590 626
f 4253 4897 2734
f 626 4252 1670
f 1678 1641 1676
f 1679 1678 1676
f 597 1678 1682
f 2738 4263 1679
f 2706 1643 4264
f 600 1687 630
f 629 630 1687
f 4260 1680 629
f 2740 1680 4260
f 4262 1685 2740
f 4261 4262 2740
f 1685 4262 4263
f 1682 1681 1686
f 1686 1681 632
f 2706 4264 602
f 2742 4265 635
f 635 1691 2742
f 4266 4268 4192
f 4267 631 4268
f 2743 1684 634
f 2748 1689 2743
f 1689 1684 2743
f 1689 4931 4261
f 635 4265 1690
f 2744 4931 2748
f 4272 635 1690
f 2747 2746 1647
f 637 1703 4275
f 4693 4280 646
f 4277 1698 4693
f 1698 1649 641
f 1699 641 2749
f 4276 642 4278
f 640 633 1688
f 2752 645 640
f 633 4279 642
f 4568 4278 1699
f 4279 644 643
f 4281 2751 4280
f 4280 2751 1701
f 4283 645 2752
f 4285 2752 1703
f 4286 4287 4569
f 648 2760 1706
f 2754 1718 4291
f 4292 1707 2754
f 4884 4694 1708
f 4290 4334 4292
f 4696 1829 1620
f 2757 4296 3936
f 1712 2759 649
f 4296 4570 1712
f 1713 650 4570
f 4298 650 1713
f 651 650 4298
f 4297 651 4571
f 1714 2758 4298
f 1710 4302 4759
f 2758 1715 4571
f 652 2541 654
f 2541 652 2762
f 2758 1720 1715
f 2753 655 1709
f 4295 2753 1709
f 648 1716 2760
f 656 1716 4291
f 4306 1827 2760
f 1717 1719 2766
f 4301 1720 4759
f 1720 2758 4759
f 4305 1721 657
f 1720 659 657
f 1721 4300 1715
f 3944 1722 4826
f 2759 4299 4802
f 2764 4311 1723
f 4740 2764 1723
f 1740 4740 1724
f 4310 4572 1711
f 4310 3942 4572
f 2545 663 1726
f 4309 4939 4344
f 4313 665 1727
f 1728 2767 666
f 4314 1729 1727
f 4991 667 2767
f 1730 4575 4991
f 4575 1730 1731
f 2769 4883 1729
f 4356 4315 1757
f 2771 2756 4884
f 2756 2771 668
f 4332 4330 4318
f 4325 4324 670
f 671 4326 1734
f 2770 672 4327
f 2817 1735 2770
f 4328 1736 672
f 1736 677 4323
f 1736 4328 677
f 4328 1743 2784
f 1743 4328 4340
f 2781 4352 1735
f 4851 4884 1708
f 4333 2772 4334
f 1739 1830 1831
f 662 4799 2775
f 661 2775 2776
f 1741 2778 2777
f 4339 2779 1741
f 1749 2780 1750
f 1745 4341 673
f 674 1745 2777
f 4342 1747 4343
f 4939 4346 2783
f 2782 1748 4342
f 4799 4343 1747
f 1746 4341 674
f 4573 677 2784
f 4573 1751 4883
f 1748 2782 1752
f 1752 2782 4634
f 4349 2783 4574
f 1753 664 4313
f 1754 4405 2788
f 4317 4741 4498
f 4576 4320 4498
f 4353 4575 2789
f 4356 681 2789
f 4355 681 4356
f 680 1755 2791
f 680 2791 2796
f 4363 4358 2790
f 683 4359 4363
f 1757 4319 4361
f 133 4361 4319
f 2795 2794 1758
f 683 1758 4359
f 683 4363 4966
f 683 2806 1759
f 2793 4364 2791
f 1997 2791 4364
f 4852 684 1762
f 4366 4852 1762
f 1764 1763 4697
f 111 4875 110
f 2798 4368 684
f 4368 2798 2800
f 1766 2799 4369
f 2816 2817 4384
f 1766 4369 1774
f 2803 4372 2802
f 4370 685 920
f 4371 4372 2803
f 2808 4374 1769
f 4375 2792 682
f 689 688 4378
f 2806 2809 4376
f 692 1771 4378
f 2812 693 692
f 4379 694 4380
f 2812 4380 2001
f 1773 4381 935
f 4382 2010 4390
f 1772 4381 1773
f 1772 4577 4381
f 2802 697 2801
f 697 2814 4383
f 2815 4389 700
f 1775 2819 2818
f 702 2820 701
f 4578 2820 4409
f 2010 3176 4390
f 4392 3185 4391
f 3185 4393 3181
f 4399 3180 2823
f 2824 1780 1781
f 4391 3187 2824
f 1781 4391 2824
f 3188 2824 3187
f 1782 2825 3188
f 1785 1784 1783
f 1783 1784 1780
f 705 4398 4397
f 1787 4399 1786
f 2018 3179 4399
f 1786 4402 1787
f 4403 4409 2820
f 4408 2828 4905
f 705 1788 1789
f 1785 707 705
f 1785 1783 707
f 2830 704 4836
f 2788 4836 1545
f 2832 4407 2779
f 4022 1792 4074
f 4414 3282 4415
f 4418 1790 708
f 1790 4418 4417
f 4417 4418 1800
f 4096 4419 4095
f 4899 1794 2835
f 1059 4830 2834
f 1795 1796 2836
f 4423 2836 1796
f 4421 1796 4422
f 3364 1059 2836
f 3365 4423 4424
f 4837 2838 4421
f 4421 4422 4837
f 4837 4422 1797
f 561 4895 4106
f 4895 2840 4106
f 562 4808 2652
f 1799 4426 1798
f 4427 711 1799
f 555 562 4428
f 4428 2838 4837
f 712 2840 4429
f 2838 2837 2842
f 2838 2842 714
f 4698 715 2846
f 715 2843 2841
f 716 4858 2844
f 2846 2844 4858
f 4432 4435 4635
f 4858 2847 4967
f 4967 4435 4432
f 717 4967 4433
f 4418 709 2848
f 4434 1800 4698
f 1800 4434 4417
f 1801 4417 4434
f 4760 717 718
f 718 4433 2849
f 1804 4760 718
f 1803 1802 719
f 4438 1802 4439
f 1598 1791 4440
f 4438 2664 1598
f 567 4737 2851
f 3562 2280 2276
f 4441 2444 2280
f 4441 720 2444
f 4442 721 2852
f 4442 4443 1480
f 1807 4444 4445
f 4445 4444 300
f 4445 2853 4447
f 2451 2856 4448
f 2854 2855 1805
f 2856 2855 2854
f 2857 2451 2449
f 4800 1807 724
f 722 2862 4449
f 725 2858 723
f 722 3527 2861
f 2859 1809 2456
f 728 4451 725
f 4451 4453 725
f 4451 1814 4453
f 4800 724 1811
f 1811 4455 4454
f 425 4455 4456
f 4456 1812 2863
f 2864 2859 4699
f 4699 1812 4462
f 4699 4462 4973
f 4457 2864 4973
f 278 4458 2261
f 2866 1813 4459
f 4460 2866 4636
f 2861 729 4461
f 1816 730 4461
f 4462 1815 2871
f 4827 4973 4462
f 4761 732 2873
f 4878 1819 4464
f 751 1819 4701
f 2898 4637 2899
f 1819 2875 4464
f 1819 4467 2875
f 452 1822 1432
f 2876 1822 4469
f 4471 4469 2877
f 458 4471 2877
f 2876 4860 3872
f 1821 4472 2878
f 4472 1821 721
f 4472 4442 1480
f 4474 737 2881
f 1823 4133 4482
f 2882 2881 4473
f 2671 281 4976
f 736 4475 2883
f 4475 739 2265
f 1891 1890 742
f 1891 742 741
f 4480 4478 1825
f 4479 2884 1825
f 1825 3149 1826
f 2882 2885 4474
f 2760 2882 1706
f 4290 4965 4481
f 2886 4290 4481
f 4481 4483 2886
f 4334 2886 1830
f 4334 1830 4333
f 1830 4581 1831
f 1832 1831 1833
f 1831 4581 1833
f 1620 1834 2888
f 2457 1809 1810
f 1835 426 1810
f 2259 2890 2891
f 2891 1837 744
f 2258 2891 744
f 1836 1838 1837
f 1840 1839 745
f 746 1839 2895
f 278 279 1842
f 4458 1841 1813
f 1843 1841 1842
f 278 1842 4458
f 1843 747 1841
f 1845 1842 1846
f 4459 733 4463
f 4582 733 4459
f 1840 749 2896
f 1849 2892 4466
f 4488 4489 2900
f 4489 750 752
f 2907 2961 2908
f 2906 1852 756
f 1854 2905 2909
f 1857 2917 3
f 2917 1857 2916
f 2915 2916 1858
f 757 758 2935
f 2924 1865 2922
f 770 2929 2927
f 770 2927 2931
f 2932 767 2934
f 2921 1866 2935
f 2942 10 4639
f 2945 2943 2944
f 774 1868 2945
f 1869 1868 774
f 2950 1873 1870
f 3433 776 2187
f 2958 14 1873
f 2955 4993 4640
f 778 14 16
f 4641 2959 1877
f 2960 4863 4641
f 2968 1880 1879
f 838 2966 2964
f 838 2964 780
f 20 893 1885
f 4500 894 2975
f 1887 4586 3111
f 26 2980 1139
f 4501 1888 2981
f 1890 1891 791
f 791 92 3115
f 4743 798 795
f 797 2986 2984
f 1894 1895 2990
f 1897 796 800
f 4705 1023 32
f 33 2984 2986
f 1907 1899 2991
f 2989 1902 2992
f 1896 2990 2993
f 4885 1900 4706
f 816 3000 815
f 4503 3001 3002
f 38 1909 819
f 4644 37 3004
f 822 3006 2998
f 3012 46 40
f 1925 4584 3018
f 3024 4915 834
f 834 4915 1926
f 4588 2464 430
f 885 1930 1931
f 1932 838 3030
f 1933 780 2972
f 1934 63 3034
f 841 1935 67
f 64 840 67
f 1938 66 3037
f 3051 844 1941
f 4810 4508 846
f 3043 3039 1940
f 1947 1940 3042
f 3053 3038 3044
f 4507 1936 3046
f 850 69 3052
f 854 856 3061
f 1944 1945 74
f 3058 853 3059
f 1939 1947 3042
f 4886 4766 71
f 1949 3074 860
f 864 3073 468
f 1956 3075 76
f 3078 77 867
f 871 870 3081
f 3089 873 3084
f 3087 3086 3083
f 3089 872 1957
f 3094 3092 1959
f 85 1964 3098
f 1961 875 880
f 880 1962 2527
f 1468 88 3102
f 3103 1964 1474
f 3108 89 90
f 1970 3110 893
f 3112 3138 4812
f 1987 2982 3137
f 742 4956 743
f 3120 3122 1976
f 1983 3135 3129
f 1982 1990 102
f 912 3124 4778
f 1992 916 2034
f 109 1760 113
f 110 109 4866
f 1999 115 4745
f 3198 115 4709
f 4709 4518 3198
f 3159 4709 3154
f 2003 694 922
f 926 924 4974
f 924 925 3158
f 3164 4711 927
f 927 3166 3164
f 2008 3173 934
f 123 3175 936
f 4382 935 127
f 3178 939 2014
f 3181 4394 939
f 933 2016 2013
f 4959 2016 933
f 129 4747 3186
f 130 3245 3188
f 2028 134 4994
f 2027 1737 4497
f 915 890 2030
f 2035 105 952
f 2142 949 3241
f 3209 2039 3210
f 955 4493 138
f 3221 4519 968
f 4900 4592 3223
f 3227 4749 3226
f 3228 3229 3653
f 2166 2051 4941
f 2166 1081 4769
f 2053 3232 967
f 2056 3233 967
f 2059 830 4943
f 3237 3204 2029
f 3110 1970 4771
f 4901 971 3238
f 971 3240 970
f 972 2060 2039
f 918 3253 3146
f 3244 1543 4019
f 2075 151 3184
f 976 975 3194
f 3194 3195 2065
f 146 3250 977
f 1547 985 2597
f 2597 985 3257
f 2071 3258 986
f 988 1002 3262
f 2072 987 3263
f 153 152 3267
f 991 4713 995
f 990 995 3275
f 996 3277 3278
f 988 158 1002
f 3259 4842 3282
f 2088 3296 1001
f 3288 2089 1005
f 3288 997 998
f 2090 998 1006
f 3294 3290 160
f 2093 3291 2094
f 3296 159 4960
f 2096 3298 3292
f 1011 3306 3303
f 4843 2099 4522
f 1014 1013 2099
f 1016 3308 4654
f 1014 4772 3309
f 3314 3321 2604
f 3248 1901 1021
f 2111 1025 3314
f 3315 4944 4596
f 3302 3323 2113
f 3328 3337 2122
f 3332 175 1029
f 3334 2119 2118
f 1061 3336 2131
f 4598 3327 2122
f 3339 182 1035
f 2622 3344 3343
f 3345 4776 3346
f 3352 4600 3351
f 1049 2137 2136
f 3358 1054 2139
f 1055 1074 1054
f 2141 3360 3361
f 1057 3361 3360
f 3364 3365 3363
f 3347 4995 3366
f 1059 3372 4830
f 2160 2137 3354
f 2160 1079 2137
f 3350 199 200
f 3374 201 2657
f 2150 2149 1062
f 204 205 3389
f 3388 2156 204
f 1054 1074 2139
f 212 1077 1074
f 4495 2164 218
f 3412 4657 225
f 3400 226 3402
f 227 4712 3405
f 3406 2173 1091
f 4945 2185 1095
f 3428 4496 2182
f 3429 1099 2186
f 2189 1104 2186
f 2186 2183 3429
f 2187 2188 3433
f 3435 2189 3460
f 241 3444 3442
f 3459 249 3448
f 3457 1166 1117
f 1132 1119 4526
f 1126 4717 2199
f 245 2200 3432
f 3466 3467 4717
f 1125 1126 1121
f 1197 1124 3468
f 3473 2206 1128
f 2206 2207 2208
f 3471 2209 4531
f 1129 4844 3475
f 1119 1133 4526
f 4526 1134 3475
f 1167 4526 1133
f 3478 255 787
f 3479 3478 1136
f 1137 3480 2213
f 3481 3480 1137
f 3481 3482 1139
f 3483 1141 1137
f 1143 3483 3479
f 3485 1146 2220
f 2224 3493 3494
f 261 2226 262
f 2231 3496 2232
f 2232 1155 4933
f 4216 1159 4215
f 2239 1163 4665
f 2209 3473 3504
f 1114 286 1118
f 1118 265 3457
f 3510 4989 4891
f 268 4528 3509
f 2246 2252 1172
f 1172 1174 2246
f 1180 3524 3525
f 426 3524 276
f 1835 2890 3525
f 1179 3526 3522
f 4880 3526 2260
f 2264 4809 1609
f 4608 283 1152
f 3539 4663 2266
f 3541 2212 3543
f 1419 285 4946
f 3505 287 2321
f 790 3482 1192
f 1192 1193 1194
f 1195 1192 1194
f 1182 3536 4530
f 289 4530 290
f 2270 1863 3551
f 293 2272 1197
f 2271 1125 1124
f 3470 3469 3553
f 1201 1199 1200
f 3558 2279 3557
f 294 2308 2306
f 1128 3559 3504
f 4666 3559 292
f 3554 4783 4666
f 4963 297 3511
f 1206 3566 3565
f 3570 3571 3572
f 2288 3575 1210
f 2293 3577 2292
f 2293 1213 302
f 2292 1216 2294
f 4611 1225 1215
f 2294 1216 3578
f 1218 305 3582
f 3014 305 1218
f 1219 828 3582
f 2298 3583 829
f 3584 3009 1221
f 1223 1224 3587
f 1223 3587 1288
f 2301 3598 3595
f 1198 3637 309
f 309 3637 2304
f 1234 309 3604
f 3604 1235 3603
f 310 3609 3611
f 4668 4612 3612
f 317 3614 3617
f 3618 3619 3617
f 4669 3620 3623
f 2500 2501 3622
f 1250 1246 2323
f 1244 1243 2315
f 2317 4980 4997
f 319 2318 4925
f 321 3627 1248
f 326 3505 3559
f 1253 1249 2321
f 4534 2322 1246
f 3867 2324 1430
f 1257 3637 328
f 3640 329 1259
f 1261 4531 2278
f 3642 4722 1275
f 2339 4722 3642
f 4816 3642 4907
f 3643 1277 1273
f 3645 3643 1273
f 868 3644 3079
f 2346 1280 1279
f 1285 3650 2352
f 3651 4813 958
f 3225 3224 2356
f 3403 4723 337
f 1290 3657 4672
f 3663 3658 3659
f 3662 337 4893
f 3663 2358 3658
f 3664 338 222
f 3399 3400 339
f 1298 1087 4605
f 1300 3676 1299
f 344 4536 3682
f 2366 1302 2364
f 4938 1304 2369
f 4909 1304 2368
f 1724 346 347
f 4909 2370 1304
f 348 4846 4724
f 347 3687 2371
f 2372 3692 1307
f 351 1311 3694
f 2375 352 1310
f 1312 2376 1311
f 3700 3704 4614
f 3705 3725 3704
f 3706 3778 3707
f 3722 3721 365
f 3726 3951 2392
f 2421 3731 3730
f 2393 3736 372
f 3968 3736 4621
f 4818 2394 376
f 3739 2398 3740
f 2400 3746 1383
f 1341 4675 1340
f 1343 3751 4675
f 3751 2402 3749
f 2406 1343 3753
f 2403 1346 2404
f 4006 4558 3787
f 2413 3774 367
f 2413 4964 3775
f 400 402 1363
f 4676 397 3777
f 1369 3723 403
f 2418 1371 2429
f 1370 406 1372
f 4790 379 2426
f 2428 2427 412
f 411 3788 2430
f 3797 1379 2404
f 1380 2434 3789
f 1381 3791 3790
f 3793 2433 3792
f 2433 3793 2432
f 1383 3796 2400
f 4970 2434 3794
f 1375 3784 2424
f 1375 2437 4727
f 416 4727 2439
f 3784 4727 3803
f 1385 4677 416
f 4543 3808 417
f 777 3809 3808
f 3810 3812 3826
f 1387 4968 3814
f 2250 3818 1388
f 3817 1389 2445
f 2448 1396 3820
f 418 2448 1390
f 1392 1394 1395
f 2446 489 3821
f 1397 4847 2452
f 422 2450 421
f 2455 276 2255
f 2953 3828 3827
f 55 3836 429
f 316 2469 3844
f 2312 1402 316
f 436 3853 2471
f 3843 432 3846
f 2476 4756 3851
f 2519 2478 2479
f 3865 439 440
f 1409 438 2481
f 1423 2492 2491
f 446 2492 2487
f 3862 2494 447
f 4547 448 3865
f 4881 4547 4549
f 4928 1428 1429
f 2502 449 450
f 3815 1431 3869
f 3875 453 1435
f 1432 2506 1435
f 1436 1437 2504
f 3877 2507 457
f 3879 3880 1440
f 3878 1439 3881
f 1444 3876 3877
f 1443 1442 461
f 2511 2508 2269
f 3888 2511 2510
f 3892 4548 4550
f 3892 3890 4548
f 2497 4881 4757
f 468 865 3899
f 3898 469 3900
f 471 3897 3902
f 3905 3906 4981
f 1276 1274 3907
f 3907 472 1458
f 3904 1458 472
f 1951 3105 2518
f 877 3908 1958
f 4870 4857 3914
f 2522 3918 3917
f 3917 2521 4835
f 476 3917 475
f 3916 2350 2523
f 2523 2524 3920
f 476 2526 3922
f 478 3927 3928
f 1467 4871 1468
f 3930 1470 4792
f 483 4971 484
f 1472 2535 1473
f 3861 3934 2485
f 1477 286 2489
f 1721 4305 2540
f 2547 3938 3941
f 1499 3946 495
f 2550 1490 1489
f 1490 494 4551
f 3955 2549 1493
f 3951 2543 2552
f 4682 1504 4620
f 4794 1504 4682
f 2591 3961 1541
f 2558 1507 4624
f 2561 2562 4683
f 2570 4553 3964
f 526 2589 514
f 4623 3993 1509
f 507 1508 2580
f 3996 1524 1526
f 1525 3998 1526
f 2582 2558 4000
f 366 4007 521
f 1532 521 4007
f 1537 1534 2585
f 4011 4559 524
f 525 1537 2586
f 1554 2631 1555
f 4022 4074 1552
f 3272 3271 2599
f 2601 4026 1556
f 4026 2600 4027
f 1561 4034 2608
f 2617 1563 2613
f 1570 2613 1569
f 4041 2618 4951
f 4043 2619 4041
f 1572 4626 4037
f 4047 2621 183
f 2623 1573 4929
f 4951 2626 4795
f 4055 1574 1576
f 1579 4069 4059
f 4061 2630 4062
f 4077 4076 2625
f 2638 1584 2833
f 4094 4088 4089
f 554 2641 4093
f 2643 4093 1589
f 558 1590 4101
f 1592 557 2647
f 561 4106 2650
f 2652 4808 4105
f 4104 559 563
f 4433 4102 2849
f 2654 565 4102
f 548 4823 2656
f 4108 2658 4080
f 2661 4629 4112
f 2662 1596 2663
f 568 567 1599
f 4124 571 4120
f 4121 573 572
f 1605 4129 1606
f 1607 4142 575
f 4564 2674 1608
f 1619 4145 4565
f 1619 4565 4147
f 2677 2676 4148
f 2678 4952 4149
f 2679 4156 4155
f 2681 1625 1622
f 4335 4158 4497
f 4141 4632 574
f 4152 4159 4153
f 4152 4153 1663
f 4160 4688 2683
f 2683 4163 4567
f 4163 4162 4567
f 1634 2694 1638
f 2696 1634 4174
f 1637 4174 4181
f 1639 1637 4179
f 595 4179 596
f 596 4181 2703
f 2704 597 1643
f 4185 4180 4739
f 598 4186 4190
f 2710 4194 604
f 4195 2745 4196
f 1693 2745 4197
f 4193 4200 4199
f 2712 607 4205
f 1653 1654 4209
f 4825 4211 4208
f 2713 609 610
f 2716 2715 4914
f 1657 4914 4220
f 612 4217 4216
f 4217 612 1626
f 2725 578 2719
f 618 610 4228
f 4230 4233 1665
f 4234 1665 4233
f 2726 4165 2725
f 4690 2728 2724
f 2726 1660 4235
f 1666 4232 4167
f 1668 1667 588
f 4238 2730 4246
f 4246 4245 4897
f 4253 1670 2729
f 622 4247 4244
f 626 4253 1674
f 627 4242 4241
f 628 4257 2702
f 1681 1679 4263
f 631 1683 2741
f 4262 632 4263
f 4268 1687 4192
f 631 4273 4269
f 4269 1688 1683
f 4270 4262 4261
f 4930 4271 2744
f 1694 2746 4274
f 1699 2749 4568
f 636 642 4276
f 2751 4284 4569
f 1702 4284 643
f 1713 1710 1714
f 4571 1715 653
f 657 1715 1720
f 2759 4802 4310
f 3686 2763 4938
f 4740 1723 1724
f 1483 1726 2375
f 1753 1729 2768
f 2785 4350 2768
f 4883 2769 4573
f 669 4320 4576
f 4321 669 1762
f 669 1761 4366
f 1762 684 4322
f 670 4323 4321
f 1734 2817 4327
f 2778 1789 4633
f 2028 4332 1737
f 2028 4330 4332
f 4336 2773 2774
f 4406 4404 1740
f 1740 661 2776
f 4309 4344 662
f 1742 2780 1741
f 4339 2780 1749
f 676 2780 1744
f 4345 2783 2782
f 4342 4345 2782
f 1752 1744 1748
f 4574 4346 1753
f 4312 2787 2786
f 679 4498 4741
f 4354 4357 1755
f 4356 1757 682
f 4363 2790 4362
f 4355 5000 4360
f 2796 1760 2797
f 4368 2799 684
f 4875 111 685
f 920 685 112
f 3153 928 4364
f 1769 4374 1768
f 690 1770 2809
f 4376 2810 2805
f 688 1768 691
f 2003 3161 4380
f 2815 4386 4385
f 696 4385 697
f 699 1775 2816
f 1778 699 4387
f 2818 701 1777
f 4399 2823 706
f 1779 4395 1784
f 705 707 1788
f 4405 1788 707
f 1789 2779 4407
f 4633 4405 4404
f 4905 4409 4408
f 4388 4400 4401
f 4413 4416 4412
f 4412 1791 4894
f 4419 1794 4899
f 4899 4420 2834
f 2141 2140 710
f 1059 4420 2836
f 2844 2841 4895
f 712 2839 4427
f 4421 2838 714
f 714 2843 4430
f 4876 4425 4430
f 4432 2846 4858
f 4440 1802 4438
f 4442 2855 4443
f 2858 724 4447
f 1398 2863 2456
f 2859 2864 1809
f 2864 4699 4973
f 4457 2874 2892
f 2861 727 729
f 4461 729 4636
f 2873 2872 1816
f 1818 2867 4463
f 4637 4465 2899
f 4465 4761 4468
f 4470 2877 734
f 1440 3880 4470
f 1207 721 1821
f 1824 741 4801
f 94 4476 4485
f 1836 726 2892
f 2900 1847 2896
f 1838 1836 745
f 4467 750 1850
f 4489 752 2901
f 1854 1853 753
f 2904 1854 753
f 1854 2904 2905
f 754 755 4583
f 2907 4904 4583
f 2936 1851 755
f 2903 2904 4904
f 754 753 1853
f 758 757 755
f 757 2936 755
f 2906 1851 1852
f 2961 1851 2906
f 1878 2906 756
f 2936 9 1852
f 9 4742 1852
f 1853 4499 1
f 4936 2918 1853
f 1 4936 1853
f 2903 4904 1855
f 2907 1855 4904
f 1855 2907 2940
f 2903 2910 759
f 1856 1855 2940
f 1856 2911 1855
f 2910 2912 759
f 2912 2910 760
f 2912 760 1857
f 3 759 2912
f 3 2912 1857
f 761 763 762
f 761 1867 776
f 776 3433 761
f 2937 776 1867
f 761 1858 763
f 2188 1858 3433
f 2916 1859 2917
f 1859 1888 2917
f 1859 2978 1888
f 2917 1888 764
f 765 1 2920
f 2918 4936 765
f 4 2921 2935
f 2920 1 25
f 2909 2982 4499
f 2909 1886 2982
f 4499 25 1
f 25 2977 2920
f 2977 2975 2920
f 2920 2975 2919
f 2975 5 2919
f 4 4839 766
f 4 766 2921
f 2922 2921 766
f 766 783 2922
f 2928 1865 2924
f 2924 2923 2928
f 2925 2923 2974
f 2926 782 1860
f 782 6 1860
f 2923 1860 1861
f 1861 1860 2927
f 2930 1860 6
f 7 2930 6
f 2930 7 767
f 2930 2927 1860
f 1861 2928 2923
f 2928 2929 8
f 2931 2930 2932
f 767 2932 2930
f 767 7 1862
f 781 1862 768
f 1862 2934 767
f 769 1863 2270
f 1864 2934 769
f 1864 2932 2934
f 2928 8 1865
f 1865 1866 2921
f 8 1866 1865
f 4742 9 8
f 2936 757 1866
f 1866 9 2936
f 771 760 2
f 762 760 771
f 771 1867 762
f 771 772 2946
f 2938 2937 1867
f 772 2 2939
f 2913 773 10
f 10 2939 2913
f 4639 10 773
f 4639 773 2941
f 2940 2907 2908
f 1856 2940 2941
f 1877 2941 2940
f 773 1856 2941
f 2942 4639 2958
f 2943 11 2950
f 2950 11 2939
f 2945 11 2943
f 2944 13 12
f 2949 2177 2175
f 1868 2946 2945
f 2946 1868 2938
f 774 2175 2947
f 1103 2948 3413
f 2947 3413 2948
f 1869 2937 1868
f 2937 1869 2948
f 1870 13 2944
f 2943 2950 1870
f 13 1870 777
f 1870 1873 775
f 2939 2942 2950
f 2950 2942 1873
f 2915 786 1859
f 787 786 2915
f 787 2188 1136
f 3809 1871 2954
f 1871 1872 2955
f 2942 2958 1873
f 1872 1871 775
f 775 1874 1872
f 2955 2954 1871
f 1875 2951 2954
f 2952 2951 2953
f 2951 1875 3813
f 4584 3813 1875
f 3018 1875 4640
f 4584 1875 3018
f 4993 3018 4640
f 4838 2955 1872
f 778 1874 14
f 1874 778 4838
f 1876 4838 778
f 778 2956 1876
f 2957 2956 778
f 2956 2957 15
f 2959 15 2957
f 1928 15 1880
f 1879 1880 15
f 2959 2957 16
f 17 1879 4863
f 2960 1877 2940
f 2960 4641 1877
f 2959 4585 1877
f 16 4585 2959
f 779 2961 2906
f 2961 779 2962
f 2962 4863 2960
f 2906 1878 779
f 2965 779 4642
f 2964 1878 2963
f 2964 2966 4642
f 2965 4642 2966
f 2965 2966 1931
f 1880 2968 59
f 1879 17 2968
f 17 1929 2968
f 1930 4953 2969
f 2970 2969 1929
f 2967 2970 17
f 2972 780 2971
f 770 2972 2971
f 2931 2973 2972
f 1881 1933 2972
f 2972 3028 1881
f 2972 2973 3028
f 2973 2931 1864
f 18 2973 1864
f 1864 769 18
f 2270 4506 769
f 2926 2925 1883
f 2924 783 2974
f 5 20 4839
f 5 2975 19
f 2975 894 19
f 5 19 20
f 20 1885 1882
f 20 1882 4839
f 4839 783 766
f 1882 24 4840
f 2925 2974 4840
f 1883 21 782
f 2976 1884 782
f 784 1884 2976
f 22 781 1884
f 23 2277 1200
f 784 3065 4664
f 2976 21 3059
f 89 785 24
f 4840 24 785
f 1967 24 1885
f 19 893 20
f 2982 1886 3137
f 2914 2917 764
f 764 1886 2914
f 2981 1888 2978
f 786 2980 2978
f 786 2979 2980
f 3478 787 1136
f 2977 1887 4500
f 3111 25 2982
f 25 3111 4586
f 2982 1987 3111
f 3137 1886 788
f 1888 4501 764
f 26 1139 790
f 26 2981 2980
f 895 4501 789
f 790 1889 789
f 26 790 789
f 4480 792 1891
f 92 791 1996
f 1826 792 4480
f 793 2983 1892
f 2983 1897 2988
f 796 31 27
f 3570 794 1654
f 794 3570 3572
f 28 1893 3573
f 794 795 1654
f 27 1654 795
f 29 3572 28
f 4743 795 794
f 3573 30 29
f 4743 30 797
f 797 1894 4743
f 1894 797 2984
f 30 2986 797
f 30 2985 2986
f 1896 2987 798
f 1894 1896 798
f 2983 31 1897
f 31 796 1897
f 800 4502 1897
f 2988 1897 4502
f 2027 1892 1898
f 2988 4705 32
f 2988 32 1898
f 1895 2989 2990
f 2989 1895 802
f 799 4643 802
f 1899 4643 799
f 1899 799 2984
f 33 2986 801
f 3576 817 815
f 2289 3576 815
f 2289 801 2986
f 2995 2989 802
f 2990 2989 2992
f 2990 2992 2993
f 1900 34 4706
f 1900 4705 34
f 803 2108 1023
f 4885 4706 4513
f 4706 804 4513
f 2994 805 2993
f 2992 4762 2993
f 1902 807 1904
f 2992 1902 4762
f 4762 1902 1904
f 1903 2994 806
f 811 1904 810
f 810 808 809
f 2995 812 807
f 2995 802 812
f 807 2998 808
f 2998 1906 808
f 35 1905 810
f 4587 810 1905
f 806 1904 811
f 1903 804 2996
f 2997 806 811
f 4587 4708 811
f 811 810 4587
f 104 3141 1906
f 1906 2998 104
f 813 1910 2991
f 801 813 2991
f 3000 2999 814
f 814 801 2289
f 3000 814 815
f 815 814 2289
f 815 817 816
f 3001 3000 816
f 3001 2999 3000
f 2999 3001 3003
f 816 827 3002
f 816 817 1908
f 37 4503 3002
f 37 818 4503
f 4503 818 819
f 3001 819 3003
f 2999 3003 813
f 1910 813 3003
f 819 1909 3003
f 818 38 819
f 818 820 36
f 39 4707 36
f 38 821 1909
f 821 1912 3005
f 4490 3003 3005
f 1907 1910 822
f 2998 1907 822
f 821 38 1913
f 823 1913 38
f 4707 823 38
f 1913 831 821
f 823 4504 1913
f 824 823 4707
f 40 39 820
f 820 3012 40
f 3007 3012 820
f 1914 3004 3002
f 1914 3002 827
f 3008 826 41
f 41 1914 827
f 43 1914 41
f 3010 43 41
f 42 3010 826
f 3009 42 826
f 2042 43 42
f 829 3011 1915
f 1915 2298 829
f 2298 1915 1917
f 1916 2298 1917
f 2043 4667 2044
f 1917 2045 1916
f 1917 1915 956
f 960 44 3236
f 4763 1920 3011
f 1219 1918 3011
f 1918 1219 45
f 825 4763 1918
f 830 4763 825
f 4763 830 1919
f 1920 4763 1919
f 2057 1920 1919
f 825 4644 830
f 825 1918 3012
f 45 46 3012
f 1918 45 3012
f 47 48 40
f 48 3013 40
f 48 1923 3013
f 47 46 3014
f 1922 1921 47
f 1921 3015 48
f 3588 3589 49
f 49 3017 1922
f 1921 3017 3015
f 1923 3015 824
f 1924 823 824
f 3015 3017 1924
f 3017 50 1924
f 1924 832 823
f 823 832 4504
f 4504 831 1913
f 831 1912 821
f 51 3139 1911
f 52 1991 51
f 54 53 1924
f 832 53 4491
f 889 4504 4491
f 831 889 52
f 4491 4865 889
f 4865 4491 91
f 857 74 50
f 50 49 3062
f 3828 3813 2462
f 3813 4584 2462
f 3019 3018 4993
f 1925 3018 3019
f 1925 3020 4584
f 833 3020 3021
f 55 833 3021
f 3020 1925 3021
f 1925 3022 3021
f 3023 3019 1876
f 1876 3019 4993
f 3023 1876 2956
f 3022 56 3024
f 3024 3021 3022
f 834 3021 3024
f 834 55 3021
f 4588 834 1926
f 3025 2464 1926
f 57 4645 3047
f 3025 4764 57
f 3025 1926 4764
f 1926 4915 4764
f 58 56 4505
f 2956 1928 3023
f 4864 58 4505
f 4915 58 4764
f 58 4645 4764
f 3047 4645 3026
f 4645 4864 3026
f 4645 58 4864
f 3026 4864 835
f 835 4864 59
f 835 59 2968
f 4507 3026 835
f 835 836 4507
f 2969 4953 1929
f 4953 836 1929
f 837 836 4953
f 1936 4507 836
f 836 837 1936
f 60 840 837
f 840 60 3027
f 4953 1930 837
f 1930 2970 1931
f 1931 2970 2967
f 1931 1932 885
f 1932 1931 2966
f 3030 885 1932
f 3031 1933 3029
f 1933 1881 3029
f 839 3029 1881
f 839 3032 3029
f 839 3028 1934
f 3028 4589 1934
f 18 61 3033
f 63 4589 4906
f 62 63 4906
f 3032 1934 3034
f 3034 3035 3032
f 63 62 4986
f 5001 4986 62
f 3034 63 842
f 3032 3035 4646
f 3029 3027 3030
f 4765 3030 3027
f 3027 60 4765
f 4646 840 3027
f 64 1936 840
f 3036 841 3035
f 3034 3036 3035
f 3034 842 3036
f 845 65 3040
f 3037 3036 842
f 3037 1935 3036
f 1938 3037 842
f 845 842 65
f 840 841 67
f 66 1938 3044
f 3038 844 66
f 1936 64 843
f 843 1937 1936
f 1937 843 70
f 70 843 3051
f 3051 843 64
f 67 3051 64
f 844 3051 67
f 3039 1938 845
f 4986 3040 65
f 1939 3040 4954
f 5001 3041 4986
f 3041 315 846
f 846 2310 4810
f 3041 846 68
f 68 846 4508
f 2311 4508 4810
f 68 4508 847
f 1939 3042 3040
f 1940 845 3042
f 1940 3039 845
f 1940 1947 3067
f 3043 1940 4647
f 1941 3038 3053
f 70 3045 1937
f 1937 3045 3047
f 1937 3047 3046
f 57 3047 3045
f 3048 3045 848
f 4507 3046 3026
f 57 3048 3025
f 3025 3048 2464
f 848 3049 3048
f 70 848 3045
f 3052 69 3050
f 3050 848 3052
f 3051 3052 70
f 3053 849 1941
f 3043 4647 4886
f 4886 3053 3043
f 3053 3044 3043
f 1942 850 849
f 1942 849 71
f 849 850 3052
f 3051 1941 3052
f 4886 71 3053
f 3054 1942 71
f 3054 1405 1942
f 861 3055 1943
f 851 1943 3055
f 855 3057 854
f 72 854 3057
f 1946 3065 852
f 852 3065 853
f 852 853 3058
f 73 72 3058
f 3058 3059 858
f 73 856 854
f 3636 854 3061
f 855 854 3636
f 3060 73 1944
f 3061 856 857
f 3061 857 3062
f 856 3060 857
f 857 3060 74
f 74 859 54
f 73 858 1944
f 1945 3063 859
f 3063 1945 858
f 3063 858 3059
f 853 2976 3059
f 1946 2277 23
f 1946 23 3065
f 784 2976 3065
f 847 4508 3066
f 1948 1947 1939
f 1948 847 3066
f 3067 1947 4590
f 3067 3068 4647
f 3068 4766 4647
f 4766 4886 4647
f 860 861 4766
f 860 4766 3068
f 3069 4590 1948
f 3069 1948 3066
f 3069 1269 4591
f 75 3071 860
f 3076 3071 3070
f 3070 3071 4590
f 864 3055 862
f 863 1949 860
f 862 3074 3072
f 864 862 3072
f 3073 864 1950
f 1950 864 3072
f 865 468 3073
f 3072 3074 76
f 76 1950 3072
f 1950 76 3075
f 3075 2517 1950
f 1949 3085 76
f 4828 3080 4934
f 4934 4591 4828
f 4591 3077 4828
f 77 3080 4828
f 77 3078 1953
f 868 869 3078
f 3079 3081 868
f 868 3081 869
f 869 78 1954
f 1953 869 1954
f 1953 1955 3080
f 1954 1955 1953
f 79 1954 78
f 870 78 3081
f 3105 1951 876
f 1951 1956 876
f 1949 79 3085
f 1949 1955 79
f 1955 1954 79
f 79 78 873
f 3083 870 871
f 3082 3083 871
f 78 3084 873
f 79 873 3085
f 872 3089 3084
f 870 3086 872
f 1282 81 2344
f 3087 80 81
f 81 82 3087
f 3086 3087 874
f 3093 82 81
f 1282 3093 81
f 3086 874 3090
f 3086 3090 872
f 1958 886 3088
f 1957 1958 3088
f 1957 3088 3089
f 82 3092 874
f 873 3089 3088
f 873 3088 876
f 873 876 3085
f 1961 3091 877
f 1961 877 875
f 83 3096 875
f 878 1959 3093
f 3094 84 3092
f 1959 1960 3094
f 4648 3094 1963
f 1960 1963 3094
f 2351 1283 1960
f 85 3098 1960
f 1959 878 1960
f 880 2527 879
f 1962 880 87
f 881 4912 3095
f 3095 1962 87
f 875 3096 880
f 4648 3096 84
f 87 880 3096
f 3097 87 4648
f 87 3096 4648
f 4648 1963 3097
f 3097 1963 884
f 87 3097 3095
f 882 3095 3097
f 4955 884 1963
f 3099 3097 884
f 3100 883 3099
f 3099 3102 3100
f 884 1965 3102
f 3101 4955 3098
f 3100 3102 88
f 4955 1965 884
f 4811 4955 3101
f 3103 1474 487
f 3103 487 3104
f 4811 1965 4955
f 1468 1965 4811
f 886 3105 3088
f 3063 3059 3106
f 3106 1966 3107
f 3106 3107 3063
f 89 3107 1966
f 3107 89 3108
f 3063 3107 3064
f 887 1968 3064
f 893 3110 1967
f 3108 1967 3110
f 3108 90 1967
f 887 3108 891
f 891 1969 887
f 4865 1968 1969
f 91 1968 4865
f 890 52 889
f 52 890 1991
f 2031 4865 1969
f 3110 891 3108
f 2031 1969 892
f 3109 2031 892
f 892 4771 3109
f 892 3110 4771
f 1970 893 894
f 1970 894 4901
f 4812 4901 894
f 4500 1887 3112
f 1887 3111 4656
f 914 971 4812
f 4812 3138 914
f 4656 3138 3112
f 1889 790 3113
f 896 1889 3136
f 1192 1195 3113
f 4956 1890 3115
f 4956 742 1890
f 4956 1971 3114
f 902 1971 897
f 3118 3119 897
f 1971 1972 897
f 3115 92 4509
f 93 898 3115
f 899 1972 898
f 4509 1973 93
f 92 3145 4509
f 92 1996 3145
f 1974 3144 3116
f 1974 2061 3144
f 2061 1974 3145
f 93 900 899
f 3117 1973 3116
f 900 93 3117
f 3119 3120 897
f 94 3121 901
f 3119 3122 3120
f 3117 903 900
f 973 3124 3123
f 95 1975 3123
f 3124 95 3123
f 1975 95 3126
f 3126 3122 1975
f 3121 902 904
f 904 3120 96
f 3120 1976 96
f 1976 3127 96
f 1977 3127 1976
f 96 3121 904
f 902 3121 94
f 96 3127 97
f 906 905 97
f 1978 4753 3548
f 4753 1979 3549
f 1978 3128 907
f 3135 1979 907
f 1195 1979 98
f 98 3113 1195
f 1979 3135 98
f 3129 101 1983
f 3129 3135 907
f 3128 909 3129
f 906 908 909
f 906 97 908
f 909 908 101
f 3130 1980 1977
f 1981 3130 3131
f 1981 3131 101
f 99 3133 3131
f 99 4511 3133
f 4510 3132 910
f 911 3130 4768
f 100 910 911
f 100 4510 910
f 4510 100 3125
f 912 4510 3125
f 4510 912 102
f 3132 102 913
f 1982 102 912
f 3133 3134 3131
f 1983 3136 3135
f 3135 3136 98
f 1889 98 3136
f 789 896 895
f 1984 896 3134
f 3134 896 1983
f 4987 1985 1986
f 1985 4987 4650
f 4650 788 895
f 3137 4650 1987
f 914 3138 4512
f 2143 1989 1990
f 4768 3125 100
f 3125 4768 95
f 1977 3126 4768
f 4768 3130 1977
f 1980 3127 1977
f 2030 890 889
f 103 1991 915
f 1991 103 917
f 2029 915 2030
f 51 1991 917
f 3006 3139 104
f 104 3139 3140
f 1992 35 916
f 1906 3141 916
f 3139 917 3140
f 2034 105 1992
f 1992 105 1993
f 1993 1905 1992
f 4587 2035 4708
f 137 804 1903
f 804 1994 4513
f 804 137 1994
f 1994 137 1995
f 1901 4961 4885
f 4513 106 3319
f 106 4513 1994
f 107 1995 137
f 3143 106 108
f 3142 108 1995
f 1995 107 3142
f 3142 3143 108
f 107 2036 3142
f 2036 2040 4920
f 3211 4920 2040
f 3144 4920 3211
f 4920 3242 1022
f 4920 3144 3242
f 3251 2061 4841
f 3146 4841 1996
f 791 3147 1996
f 3146 1996 3147
f 1826 3148 792
f 3148 1826 3149
f 919 3149 1301
f 792 3148 3147
f 918 3146 3147
f 3148 3149 919
f 919 3150 3148
f 3150 919 3151
f 3151 919 2367
f 918 3150 3254
f 3152 3151 2367
f 3152 984 3151
f 4319 1733 2024
f 1760 2791 1997
f 1997 113 1760
f 109 1765 1760
f 2797 1760 1765
f 109 113 122
f 2794 2795 3153
f 1999 2810 921
f 2810 1999 2805
f 921 4709 1999
f 1999 4709 115
f 3154 4709 921
f 3159 4518 4709
f 3159 3160 4518
f 694 2813 2000
f 3157 2003 922
f 922 3156 3157
f 2000 3156 922
f 3157 117 923
f 4974 693 2001
f 118 4974 924
f 3158 4710 116
f 4710 3158 3154
f 119 3154 3158
f 3159 119 925
f 118 924 3158
f 119 3158 925
f 925 2002 3160
f 3160 3159 925
f 3160 120 4518
f 3160 2002 2004
f 924 2002 925
f 926 2001 3161
f 3157 3161 2003
f 3161 3157 121
f 924 121 2002
f 2002 121 923
f 2004 923 117
f 3163 2004 117
f 120 2004 3162
f 3162 2004 3163
f 117 3156 3163
f 927 115 2005
f 3196 3165 2005
f 927 2005 3166
f 4711 931 4514
f 928 4514 2006
f 3168 3167 2804
f 113 2804 3167
f 3167 3169 122
f 3168 929 3167
f 3168 2007 3170
f 929 3168 3170
f 3169 3167 929
f 123 3169 929
f 930 3169 123
f 3170 2007 934
f 2007 2008 934
f 2008 2007 2006
f 124 2008 3171
f 2008 2006 3171
f 4514 3171 2006
f 4711 3164 931
f 931 3171 4514
f 933 124 3171
f 3164 3172 931
f 931 3172 3193
f 3190 932 931
f 3190 941 4959
f 932 3190 4959
f 3171 932 933
f 124 933 2013
f 2008 124 4516
f 2008 4516 3173
f 3173 125 934
f 125 3174 934
f 3174 3170 934
f 3175 3174 125
f 112 4373 126
f 126 4381 112
f 920 112 4381
f 4381 126 935
f 936 4373 2009
f 936 3175 937
f 937 3175 938
f 937 126 936
f 126 937 127
f 3176 2010 2011
f 127 937 2011
f 2011 938 2012
f 125 3173 4517
f 4517 3173 3178
f 3178 4515 939
f 4517 3178 3177
f 4517 2012 125
f 2011 2012 128
f 2011 128 3176
f 3179 3180 4399
f 4517 3177 3180
f 2015 3181 939
f 3181 2015 3185
f 4516 3182 4515
f 2013 3182 4516
f 3182 2017 129
f 3182 2013 3183
f 2013 2016 3183
f 2016 4959 2020
f 2075 3183 2019
f 3183 2075 3184
f 3186 2015 129
f 3185 2015 3186
f 4747 3187 3186
f 940 129 2017
f 940 4747 129
f 131 3189 940
f 128 4517 3179
f 3176 128 2018
f 2018 128 3179
f 2020 2023 2019
f 4959 941 2020
f 2019 2023 2021
f 2019 2021 2075
f 2021 151 2075
f 2023 2022 2021
f 2023 942 2022
f 3190 3192 941
f 3192 942 2023
f 3192 3190 4593
f 3172 3194 975
f 943 3196 2026
f 120 3197 4518
f 3162 3163 132
f 3156 945 3163
f 1733 944 2024
f 1733 4330 944
f 2024 944 2025
f 2025 133 2024
f 133 2025 945
f 132 945 2025
f 946 3162 132
f 3197 3162 2026
f 943 946 948
f 2026 3162 946
f 3200 4330 2028
f 1737 134 2028
f 1737 2027 134
f 946 132 3199
f 943 948 4746
f 948 3195 4746
f 947 4994 948
f 134 3201 4994
f 2027 1898 134
f 3109 4771 3237
f 103 3202 2032
f 917 103 2032
f 3202 3203 2032
f 2033 3140 2032
f 3141 3140 2033
f 3204 3239 3202
f 3239 4651 3202
f 2034 135 105
f 2034 3205 135
f 952 3206 2035
f 811 4708 2037
f 2037 2997 811
f 3209 2036 951
f 951 2036 107
f 3209 951 136
f 2039 3209 136
f 2997 2037 137
f 2037 4708 950
f 3206 950 2035
f 949 952 135
f 952 949 3206
f 949 2142 3206
f 2038 950 3206
f 136 951 2037
f 136 2037 3208
f 3205 4651 135
f 3207 135 4651
f 3207 3241 949
f 2038 3206 3208
f 2039 136 3208
f 903 3117 3210
f 3210 3211 2040
f 2042 2041 3212
f 3213 2042 3212
f 2043 2041 3009
f 2041 2043 953
f 138 953 955
f 2043 3215 953
f 2043 2044 3215
f 955 3219 4493
f 3214 3213 954
f 954 2059 3214
f 2059 954 2058
f 4493 3221 954
f 3221 968 2058
f 139 2045 1917
f 44 957 956
f 957 44 960
f 139 1287 2045
f 957 2046 3216
f 2044 3218 3215
f 3219 955 959
f 959 3220 3219
f 3220 1080 3219
f 4519 3236 968
f 4519 3221 1080
f 3221 3219 1080
f 4748 4900 3223
f 4592 4900 962
f 4748 2047 4900
f 4748 3224 2047
f 2047 3224 140
f 2047 962 4900
f 2048 4592 962
f 2049 2048 962
f 4749 2049 962
f 221 2048 965
f 3231 965 2049
f 2051 3227 3226
f 964 3226 963
f 3228 964 963
f 140 3229 3228
f 3653 3229 4893
f 3228 3653 2050
f 2050 141 3228
f 3230 142 4723
f 3403 1085 4723
f 3230 4723 1085
f 1085 4712 3230
f 4712 2174 142
f 3227 2051 2166
f 2169 2166 4941
f 3231 3227 2166
f 4769 3231 2166
f 2052 966 4769
f 966 2052 143
f 4769 2167 2052
f 143 2052 2054
f 966 3232 2053
f 3232 966 3234
f 3233 965 2053
f 967 3233 2053
f 3234 143 2055
f 2054 3235 2355
f 3217 2055 958
f 2055 3217 3234
f 4770 3234 3217
f 3217 2046 4770
f 2056 4770 2046
f 2056 2046 961
f 961 2046 957
f 961 957 960
f 960 3236 4519
f 3236 44 2057
f 2057 44 1920
f 968 3236 2057
f 968 2057 969
f 1919 969 2057
f 830 969 1919
f 2058 969 2059
f 968 969 2058
f 3214 2059 4943
f 3004 1914 4943
f 1914 3214 4943
f 1970 4901 4771
f 4771 3238 3237
f 3237 3239 3204
f 970 3238 971
f 914 3240 971
f 3240 1988 1989
f 3207 970 3241
f 972 3206 2142
f 3208 972 2039
f 2039 2060 973
f 3210 973 903
f 2066 980 2061
f 2067 4841 3146
f 918 3254 3253
f 983 3254 3150
f 1543 144 3243
f 3245 974 4019
f 3244 974 3246
f 3244 3246 144
f 3245 2062 974
f 940 3189 2062
f 2062 3189 3246
f 144 3246 3255
f 3255 3247 145
f 3189 151 3247
f 131 151 3189
f 151 131 3184
f 2022 4887 2021
f 4887 2063 2021
f 977 3191 146
f 4593 975 3191
f 4994 3201 978
f 975 976 3191
f 146 3191 976
f 3194 2065 976
f 976 979 146
f 942 977 2064
f 3250 3252 977
f 979 3249 3250
f 979 976 2065
f 4921 147 2065
f 978 147 4921
f 3318 3249 979
f 3318 3317 3249
f 980 3316 3242
f 2068 2064 3252
f 3252 3320 2068
f 980 3320 3252
f 2066 3320 980
f 3320 2066 991
f 991 2066 148
f 982 3254 149
f 3254 983 2070
f 149 3254 2070
f 2069 993 149
f 168 2069 149
f 2070 168 149
f 2106 983 984
f 150 1547 3255
f 1547 144 3255
f 3265 150 3256
f 150 3265 985
f 150 985 1547
f 3257 985 3264
f 3264 2071 3257
f 3259 986 2073
f 987 2072 2071
f 2072 3261 3260
f 3260 3261 3262
f 3296 988 1001
f 3261 1001 3262
f 3280 3261 3263
f 2072 3263 3261
f 3263 987 4520
f 3264 4520 987
f 3264 987 2071
f 985 3265 3264
f 989 145 3247
f 151 989 3247
f 989 152 145
f 145 152 3256
f 153 3256 152
f 4520 3256 153
f 4520 153 1000
f 3267 3276 153
f 3267 4867 3276
f 2078 4867 3266
f 3266 2063 2076
f 4867 2078 2077
f 2077 2078 3269
f 3268 2077 990
f 2077 3269 990
f 2078 3320 3269
f 3320 2078 2068
f 991 995 990
f 991 3269 3320
f 4713 991 148
f 4713 981 992
f 993 982 149
f 2079 4652 993
f 2079 3271 2080
f 993 4652 3270
f 2101 3270 4652
f 4652 2080 2101
f 994 2080 3271
f 2080 994 3274
f 2080 3274 2101
f 3271 3272 994
f 2103 3274 994
f 2102 2101 3274
f 982 993 3270
f 2100 982 3270
f 4713 2100 1007
f 4713 1007 995
f 995 2092 3275
f 990 4521 3268
f 3268 3277 154
f 4867 154 3276
f 154 3277 996
f 155 2082 996
f 3277 997 3278
f 3278 997 1005
f 996 3278 155
f 2082 999 2081
f 153 2081 1000
f 3263 4520 1000
f 155 1005 3279
f 2081 3279 1004
f 1000 1004 3280
f 1001 3261 3280
f 3260 3262 2074
f 1002 3281 2083
f 2083 2074 1002
f 2073 2074 2083
f 2073 4842 3259
f 3281 156 2083
f 156 157 2083
f 2073 2083 4842
f 4842 2083 4879
f 3282 4842 2117
f 2117 4842 179
f 4842 4879 179
f 2085 2115 157
f 2084 3331 2121
f 157 1003 2085
f 158 3283 3281
f 1002 158 3281
f 158 3295 3283
f 3297 3283 3295
f 4594 2086 3285
f 3285 2086 1003
f 157 3285 1003
f 163 2086 4594
f 3286 3287 4494
f 3287 3283 3297
f 3295 158 4653
f 3280 2088 1001
f 2088 3280 1004
f 2088 159 3296
f 3279 2089 1004
f 2089 2094 159
f 2093 2094 2089
f 3288 2093 2089
f 1006 998 997
f 1007 4772 2092
f 3289 2092 4843
f 2091 3289 4843
f 2091 4522 2093
f 160 3290 2093
f 160 1011 3294
f 3290 3294 1010
f 3291 2093 3290
f 2094 3291 161
f 3291 3290 2095
f 2095 162 3291
f 1009 3291 162
f 1009 162 3292
f 1010 3293 2096
f 3293 3300 3301
f 2097 2096 3293
f 2096 3292 162
f 3295 1009 3292
f 3295 161 1009
f 4653 3296 4960
f 3297 3295 3292
f 3297 3292 3298
f 3297 3298 3287
f 4494 166 3286
f 3286 163 4594
f 163 3286 166
f 3299 2086 163
f 2086 3299 1003
f 4597 1003 3299
f 174 3299 164
f 166 164 163
f 2096 2097 166
f 3294 1011 3300
f 3300 1011 4807
f 3300 4807 3301
f 4807 1011 3303
f 1012 4807 3302
f 4807 3303 3302
f 1026 3303 3306
f 3304 3305 1013
f 4843 4772 1014
f 1014 2099 4843
f 3304 1013 4654
f 1011 1015 3307
f 3306 1011 3307
f 2111 3306 3307
f 2111 3307 1025
f 1024 3307 2109
f 3307 3305 2109
f 3308 3304 4654
f 1014 4654 1013
f 4654 1014 3309
f 1007 3309 4772
f 3309 1007 167
f 167 1007 2100
f 3309 1016 4654
f 2101 167 2100
f 3270 2101 2100
f 167 2101 2102
f 2102 3308 1016
f 3274 3311 2102
f 2102 3311 3308
f 3274 2103 3311
f 2103 3273 2104
f 169 168 2070
f 531 3313 530
f 3311 3312 3308
f 2109 3308 3312
f 2103 2110 3311
f 3311 2110 3312
f 2104 3313 2110
f 2605 170 1017
f 1018 2608 1019
f 2105 1019 3314
f 3314 1019 3322
f 1019 1020 3322
f 2608 1020 1019
f 2112 3322 1020
f 3315 2112 171
f 3315 171 4944
f 4034 1027 4944
f 4944 171 2608
f 2106 4560 2070
f 979 1021 3318
f 1022 3317 3143
f 3317 3318 2107
f 106 3143 2107
f 3319 106 2107
f 1021 3319 2107
f 2108 803 4961
f 1023 2108 978
f 1023 3201 32
f 1898 32 3201
f 4961 1901 3248
f 2022 2064 4887
f 2063 4887 2076
f 2076 2078 3266
f 2076 2068 2078
f 2109 3312 1024
f 3314 3322 2111
f 1025 1024 3321
f 2111 4595 1026
f 1026 172 3303
f 3302 3303 172
f 1026 4595 172
f 172 2114 3323
f 3302 172 3323
f 176 2114 2112
f 2112 3315 176
f 4829 3323 2114
f 2113 3323 4829
f 1012 3302 2113
f 166 2097 165
f 2097 173 165
f 165 3326 174
f 3324 174 3326
f 3325 173 1012
f 3325 2113 3327
f 3326 3325 175
f 3327 4829 2122
f 176 2122 4829
f 1027 3328 4596
f 1028 1027 1570
f 1027 1028 177
f 3330 1028 3329
f 3337 177 2124
f 1027 177 3337
f 2122 176 4596
f 3324 4597 174
f 4597 3299 174
f 2115 2085 3331
f 4597 3324 178
f 178 3324 175
f 3332 178 175
f 3331 2116 2121
f 2084 2121 4879
f 4879 2121 3333
f 4888 3282 2117
f 4888 708 3282
f 2118 2117 179
f 4879 3333 179
f 1031 3333 2121
f 3333 1031 3334
f 4888 1030 3335
f 4888 180 708
f 180 3335 709
f 2120 3335 1030
f 2118 2119 4855
f 3336 4889 4655
f 1030 4996 2120
f 2147 4996 4855
f 4889 3334 3341
f 1031 3341 3334
f 2121 1032 2123
f 2116 1032 2121
f 1032 2116 3332
f 3332 1029 1032
f 1029 3327 4598
f 1029 4598 1032
f 4598 2122 181
f 181 2122 3337
f 1032 4598 181
f 1031 1033 3341
f 1033 1031 2123
f 181 3337 2124
f 3338 181 2124
f 177 3330 2125
f 3339 2126 3338
f 2126 181 3338
f 2126 1033 2123
f 2126 3339 1036
f 1036 3339 4773
f 3330 183 3340
f 183 1034 3340
f 3342 1034 185
f 3342 3340 1034
f 3342 182 3340
f 182 3342 1035
f 2127 3339 1035
f 3339 2127 4773
f 2126 1036 1033
f 4777 1033 1036
f 4777 1036 4773
f 4773 4774 4902
f 4774 4773 2127
f 2127 3342 184
f 2127 186 4774
f 186 2127 184
f 1037 2129 4995
f 4774 4775 1037
f 4775 4774 186
f 4776 186 3343
f 3343 3344 4776
f 3346 4776 3344
f 3345 4775 4776
f 3345 1037 4775
f 2120 4996 2165
f 3336 1061 2147
f 2133 4655 4777
f 4655 3341 4777
f 2134 4655 2133
f 4599 4995 3347
f 1039 2134 2133
f 3367 2134 2146
f 4599 1039 2132
f 4599 3347 1039
f 3347 2144 1039
f 3345 187 2129
f 3346 187 3345
f 1038 3349 3348
f 3348 4079 4056
f 3348 188 4079
f 189 3349 192
f 189 1042 188
f 1042 189 190
f 3352 188 1042
f 188 3352 4079
f 3352 1042 1043
f 1043 1042 190
f 1043 190 1044
f 3351 4600 2135
f 190 4714 1047
f 192 3349 3353
f 1045 3353 3349
f 1038 1045 3349
f 1049 2136 192
f 192 3353 1049
f 1047 192 2136
f 1047 2136 1048
f 1048 191 1047
f 191 1044 1047
f 1050 3353 1046
f 2159 3354 1050
f 1050 2161 2159
f 1051 4601 2130
f 4601 1046 2130
f 193 4601 1051
f 3356 194 3355
f 3356 2138 3357
f 4814 4085 1053
f 1053 3358 4814
f 2140 3358 1053
f 3358 1055 1054
f 3361 1055 3358
f 3358 2140 3361
f 3361 2140 2141
f 2141 3359 3360
f 2834 3359 2141
f 3360 3359 1056
f 3361 1057 1055
f 3362 1057 195
f 196 212 3362
f 2148 1058 3359
f 3365 4424 4523
f 3365 4523 2165
f 3370 3365 2165
f 973 2060 3124
f 2060 4778 3124
f 2143 972 2142
f 4778 2143 1990
f 972 4778 2060
f 1989 2143 3241
f 4995 197 3366
f 2144 3366 2145
f 3367 2146 198
f 2145 3383 4524
f 198 2146 4524
f 4524 3383 198
f 3368 3367 1060
f 1061 3367 3368
f 3371 3368 3373
f 3368 1079 2160
f 2147 1061 3369
f 4996 2147 3370
f 2165 4996 3370
f 3369 3370 2147
f 3363 3370 3369
f 3372 3363 3371
f 3363 3372 3364
f 4830 2148 3359
f 2148 3373 2159
f 4830 3373 2148
f 2159 2160 3354
f 1048 1064 3376
f 199 2135 3375
f 3351 2135 199
f 3351 199 3350
f 200 3374 3350
f 4978 199 3375
f 3377 4978 3375
f 4978 201 200
f 4978 1062 201
f 3375 3376 2150
f 3377 3375 2150
f 1048 3376 191
f 1064 3378 3376
f 2150 3376 3378
f 4978 3377 1062
f 1062 3381 2657
f 3381 1062 2149
f 2149 2150 1063
f 2149 1063 202
f 202 2151 3381
f 3380 1066 202
f 1066 2151 202
f 1063 3380 202
f 3378 1064 3379
f 1065 3378 2152
f 2152 3382 1065
f 1063 1065 3382
f 3380 1063 3382
f 4110 3381 2151
f 1067 4110 2151
f 1066 1067 2151
f 4628 1067 1066
f 4111 4628 1066
f 3380 3382 1069
f 3379 2152 3378
f 2152 3379 3383
f 1069 203 1068
f 1070 1068 203
f 203 1072 1070
f 209 1072 203
f 209 203 1069
f 3382 209 1069
f 3382 208 209
f 2152 3383 208
f 198 3379 1064
f 2154 2153 2145
f 2145 2156 2154
f 197 204 2156
f 204 197 2155
f 1071 2155 197
f 1071 2129 187
f 206 1071 187
f 3384 1071 206
f 2155 1071 3384
f 1041 3384 206
f 205 2155 3384
f 3384 1041 2660
f 3385 2153 207
f 3383 2153 208
f 3385 210 208
f 210 3385 3386
f 207 3386 3385
f 3386 207 4916
f 3387 4916 207
f 2154 3387 207
f 3387 2154 3388
f 4602 3389 4703
f 3389 4602 211
f 3388 3389 211
f 3386 4916 3390
f 4916 3387 3390
f 3390 3391 3386
f 3392 4112 1073
f 3393 3392 2157
f 4602 3393 211
f 195 2158 196
f 196 2158 1077
f 213 2139 1074
f 1075 216 2663
f 214 1078 1075
f 1077 1076 2162
f 2162 1076 215
f 1076 2163 215
f 215 2163 3395
f 3357 216 3395
f 3395 2163 217
f 3357 217 4495
f 3357 4495 194
f 218 194 4495
f 2163 2164 4495
f 219 218 2164
f 2164 3394 219
f 194 219 3396
f 220 3396 219
f 3394 220 219
f 193 220 1052
f 3363 3365 3370
f 2165 3397 2120
f 4523 3397 2165
f 709 3335 3397
f 2120 3397 3335
f 198 1079 1060
f 4519 2056 961
f 2056 4519 1080
f 3233 2056 1080
f 221 3233 1080
f 4603 2168 3235
f 2052 4603 2054
f 224 4603 3398
f 4603 224 2168
f 2168 2359 222
f 2168 224 2359
f 1082 2359 224
f 223 1083 3667
f 1083 1082 3398
f 3401 3398 1081
f 3399 1083 4657
f 3401 225 1083
f 1081 2166 2169
f 226 4657 3412
f 4657 226 3400
f 3402 226 229
f 4832 3404 3403
f 3404 1085 3403
f 3404 3405 1085
f 3404 4917 2170
f 2170 4917 228
f 1086 228 4917
f 3407 2170 228
f 3405 2170 227
f 2171 2174 4712
f 4712 3406 2171
f 227 3406 4712
f 3406 227 2173
f 4605 228 1086
f 4605 1086 3675
f 229 4604 3402
f 1090 226 3412
f 1090 3412 231
f 4604 229 3409
f 1084 4604 1087
f 4604 1088 1087
f 4604 3409 1088
f 1088 4606 3408
f 4606 1088 3409
f 1088 3408 4605
f 4605 1089 228
f 2172 1089 3408
f 3408 4606 2172
f 4606 3409 230
f 1090 231 230
f 230 231 3410
f 4606 230 3410
f 2172 4606 3411
f 3411 1091 2172
f 1089 2172 2173
f 1089 2173 228
f 3406 1091 1092
f 3406 1092 2171
f 2171 1093 2174
f 2174 1093 4658
f 1092 1093 2171
f 1094 1093 1092
f 231 3412 1094
f 4941 1094 3412
f 2169 4941 3412
f 2169 3412 225
f 232 2175 2177
f 232 3413 2175
f 2176 3413 232
f 3413 2176 1103
f 2176 238 1103
f 232 2185 2176
f 232 3414 2185
f 2177 3414 232
f 2949 3807 2177
f 3414 1095 2185
f 3415 3414 3807
f 2179 1095 3415
f 2179 3416 1095
f 2178 1095 3416
f 2179 1096 3416
f 1097 3416 1096
f 1097 3417 3416
f 3418 3417 1097
f 4607 4910 2179
f 2190 4910 4607
f 1097 1096 1107
f 3441 1097 3445
f 3420 3421 3417
f 4945 2178 3428
f 2178 3421 3428
f 3420 3417 3418
f 3423 3419 3420
f 3419 4975 3420
f 4975 3421 3420
f 3421 4975 233
f 4975 3419 3422
f 234 3419 3423
f 3423 3418 3440
f 3440 3439 3423
f 3443 3439 3440
f 3423 3439 234
f 1099 1098 2180
f 3424 235 3426
f 3426 2180 3424
f 3427 2180 3426
f 2180 236 1099
f 236 2180 237
f 3427 1101 237
f 3431 2181 3427
f 237 2186 236
f 1099 236 2186
f 1098 1099 4715
f 1098 4715 233
f 4715 1099 3429
f 3429 4890 4496
f 3428 2182 4945
f 2182 238 4945
f 2182 4496 4890
f 238 2182 1100
f 2183 1100 4890
f 237 2189 2186
f 1101 2189 237
f 2181 2184 1102
f 2184 2181 3431
f 3430 3431 3425
f 235 4922 3430
f 3431 2192 2184
f 2192 3432 2184
f 3460 2189 1101
f 2948 2187 776
f 2186 1104 2183
f 1136 2188 3434
f 2217 1136 3434
f 2189 2217 1104
f 3435 2217 2189
f 2201 3460 1101
f 2184 1122 1102
f 3432 2192 245
f 3430 2192 3431
f 3438 234 3439
f 3436 234 3438
f 3436 3437 4922
f 1105 3438 3439
f 3441 3443 3440
f 3443 3444 241
f 3444 3443 3441
f 3444 3441 3445
f 1106 3442 3444
f 1106 3444 3445
f 3445 243 1106
f 3445 1097 1107
f 242 1107 4910
f 1108 1107 242
f 1107 1108 2191
f 243 1107 2191
f 243 2211 1106
f 1106 2211 4779
f 3477 2191 1108
f 1108 1109 3477
f 2190 4607 4662
f 4662 244 2190
f 3477 1109 4663
f 2191 4923 243
f 4659 3442 4779
f 241 3442 4659
f 4988 2192 3437
f 2192 3430 3437
f 3447 3446 3437
f 1105 240 1111
f 1110 3436 3438
f 3447 3436 1110
f 3447 3437 3436
f 3446 3447 2193
f 1120 3458 2193
f 3448 4988 3446
f 245 4988 3448
f 3448 3446 3458
f 1110 2193 3447
f 1111 1110 3438
f 1111 246 1110
f 240 2194 1111
f 246 2194 1112
f 2194 2195 1112
f 2194 247 2195
f 3455 2193 246
f 1112 3455 246
f 1112 3456 3455
f 1113 3451 2195
f 1113 247 4962
f 247 240 241
f 4962 241 4659
f 4962 4659 3449
f 4962 3449 1113
f 3449 3451 1113
f 3451 3449 3450
f 3449 3452 3450
f 4659 3452 3449
f 3452 4659 4660
f 2196 3451 248
f 248 3451 1117
f 3453 1114 3450
f 3452 4660 3454
f 3453 3452 3454
f 2195 2196 3456
f 1115 1120 2193
f 1120 1115 2199
f 4716 3455 3456
f 3455 1116 1115
f 4716 1116 3455
f 4716 3456 1119
f 2196 1119 3456
f 2196 248 2197
f 1117 1114 1118
f 2198 1119 1132
f 1121 2199 1116
f 3459 3458 4908
f 4908 3458 1120
f 1126 2199 1121
f 4717 4908 1120
f 1102 1122 4661
f 2201 4661 3486
f 3460 2201 4751
f 3486 4751 2201
f 3461 3486 4661
f 3461 4661 1122
f 3461 1122 250
f 250 2223 2221
f 3462 249 4525
f 3462 4525 3463
f 3462 3463 2223
f 3465 4525 1123
f 251 3463 252
f 4525 3465 252
f 252 3463 4525
f 3465 1123 2202
f 2202 1123 2203
f 1123 4908 3464
f 4908 1123 3459
f 2203 1123 3464
f 2202 3501 3465
f 253 2202 2203
f 3464 253 2203
f 253 3464 3467
f 4908 3467 3464
f 3467 4908 4717
f 1126 3466 4717
f 1126 1125 3466
f 3467 3466 2204
f 3466 2271 2204
f 1125 1121 1127
f 2198 1127 1121
f 4844 1127 1132
f 3468 1124 4844
f 2205 3467 2273
f 254 253 2205
f 2202 253 254
f 3502 3501 2238
f 3469 2238 254
f 2205 3469 254
f 2206 3473 3471
f 1128 2208 3470
f 2206 1203 2207
f 3471 1203 2206
f 4531 2209 3472
f 3473 2209 3471
f 3468 4844 3474
f 3475 1165 1129
f 1129 1165 4780
f 1129 4780 3474
f 2210 1130 3474
f 3564 1131 1169
f 1169 1131 2210
f 1165 3475 1134
f 1166 1133 2197
f 4526 1167 1134
f 3454 2267 3453
f 4779 3476 4660
f 4779 2211 3476
f 2211 4923 3476
f 4660 1135 3454
f 2212 1135 3476
f 4923 2191 3540
f 3477 3540 2191
f 4663 3539 3477
f 1109 242 244
f 3479 2213 3478
f 2213 255 3478
f 2213 2979 255
f 3480 2979 2213
f 1139 2979 3480
f 1140 3481 1137
f 2213 3483 1137
f 1141 1140 1137
f 1140 1141 256
f 2214 256 1141
f 256 2215 1140
f 3482 1138 1193
f 257 256 2214
f 3484 2214 1141
f 259 2214 3484
f 1142 2263 257
f 2219 1142 257
f 1145 2214 259
f 2216 1141 3483
f 1143 2216 3483
f 1136 2217 3479
f 1143 3479 3435
f 3435 3479 2217
f 1143 3435 2218
f 2216 3484 1141
f 1143 2218 2216
f 1144 2216 2218
f 3485 4751 3486
f 3485 258 4751
f 1144 3484 2216
f 259 3484 1144
f 2219 2214 1145
f 2219 257 2214
f 1145 2220 2219
f 258 3485 1145
f 2220 1145 3485
f 260 2220 1146
f 4527 3485 3486
f 3461 2222 4527
f 2222 2221 2223
f 4845 3487 251
f 3489 251 252
f 1147 3465 3488
f 1147 3488 2237
f 1155 3489 1147
f 251 3489 4845
f 3487 2222 2223
f 1148 4527 2222
f 3490 260 1146
f 3490 3491 260
f 1148 3490 1146
f 3493 2224 263
f 263 2224 1149
f 1149 2224 2225
f 260 3491 3492
f 1150 3492 3491
f 261 1150 3491
f 3491 2225 261
f 3493 3496 3494
f 261 2225 2226
f 3495 2226 3494
f 262 1150 261
f 1150 2227 3492
f 1151 2227 1150
f 1151 4937 2227
f 3492 4979 4809
f 4937 2228 4979
f 1185 3537 2229
f 2229 3537 262
f 2229 262 2226
f 1186 1185 2230
f 2229 2230 1185
f 2230 2226 3495
f 283 2230 1152
f 1153 3498 3497
f 3496 3493 1154
f 2222 1154 263
f 3496 4845 2232
f 3489 1155 2232
f 1155 1147 2237
f 2232 4933 2231
f 1153 2231 4933
f 3499 1153 4933
f 3497 4608 1152
f 4608 3497 581
f 3497 2233 581
f 1156 2233 2234
f 1157 3499 4911
f 3499 1157 3498
f 1158 1159 4911
f 3499 4933 2235
f 2235 2236 1158
f 4216 1156 1159
f 1158 3500 4752
f 3500 1158 2236
f 2235 4933 1160
f 1155 1160 4933
f 1161 3500 2236
f 1155 2237 1160
f 1160 2237 1161
f 3470 1162 3469
f 2208 1162 3470
f 2207 1163 2239
f 2208 3546 1162
f 3546 2208 3503
f 2208 2239 3503
f 1191 2239 1202
f 1202 2239 4665
f 1164 3557 3472
f 1164 3558 3557
f 4780 2242 1169
f 3506 1165 1134
f 1118 286 265
f 2241 1167 1168
f 1134 1167 3506
f 1167 3507 3506
f 4529 2241 1168
f 3457 4529 1168
f 266 3457 265
f 1167 2241 270
f 3507 270 267
f 4969 3507 267
f 267 2248 4969
f 2242 4969 2243
f 4891 1169 2242
f 1169 4891 3511
f 1169 3511 297
f 2242 2243 4891
f 2243 3508 4891
f 3510 4891 3508
f 3511 4891 4989
f 3511 4989 3565
f 4528 4989 3510
f 4989 1206 3565
f 4528 3510 3509
f 3509 2247 268
f 299 4528 3512
f 4528 1170 3512
f 4528 268 1170
f 1171 1170 268
f 2286 3512 1170
f 2244 1208 2286
f 1171 1174 1172
f 2244 1171 1172
f 1172 1173 2244
f 4877 1208 1178
f 2244 1173 2245
f 1171 268 1174
f 2247 1174 268
f 1174 2247 269
f 3513 2247 3509
f 3508 2243 1175
f 1175 2248 2249
f 2248 267 4718
f 267 270 4718
f 2248 4718 273
f 3513 3508 3514
f 3508 1175 3514
f 272 3513 3514
f 3513 272 1176
f 269 3513 1176
f 1176 2250 269
f 269 3515 1174
f 2246 1174 3515
f 2450 2246 3517
f 1388 271 2250
f 271 269 2250
f 2445 2250 3816
f 2250 2445 3818
f 3816 2250 1176
f 3516 272 3514
f 3516 2249 2251
f 2537 2251 273
f 3516 1177 272
f 1176 272 1177
f 3517 275 421
f 2253 2252 2450
f 3518 2252 2253
f 3518 3519 2252
f 2252 3519 1173
f 2245 1173 3519
f 3519 2254 2245
f 2254 3520 2245
f 3520 1178 1208
f 2253 2453 2454
f 2253 2454 3523
f 3519 3521 2254
f 3520 3527 1178
f 3522 3520 2254
f 1179 3522 3521
f 3521 1180 277
f 3518 2256 3519
f 3518 2253 3523
f 2255 3523 2454
f 3523 276 3518
f 2256 3524 3521
f 1180 3521 3524
f 276 3524 2256
f 2257 276 2455
f 2257 426 276
f 4942 2257 2455
f 1180 3525 2259
f 2260 1179 277
f 1179 2260 3526
f 2259 3525 2890
f 2259 2260 277
f 2262 2259 2258
f 2262 2260 2259
f 2258 4486 2893
f 2261 2260 2262
f 2262 278 2261
f 279 2893 746
f 1138 1181 1193
f 2264 2263 1142
f 3530 1142 2219
f 1609 4781 2263
f 2215 2263 3528
f 3528 1181 2215
f 3531 1181 3528
f 2263 4781 3528
f 3492 3530 260
f 280 4781 3529
f 3531 3528 4781
f 4687 3532 280
f 280 3532 3531
f 280 3531 4781
f 289 3531 3532
f 4134 4687 4135
f 1182 3533 3536
f 1182 3532 4134
f 3533 1183 3536
f 4134 2671 3533
f 2671 4976 3533
f 3533 4976 1183
f 3534 281 2265
f 2265 282 3534
f 3534 1184 4976
f 1184 3535 4976
f 3535 1183 4976
f 3536 1183 291
f 1184 282 4476
f 3538 4896 1602
f 3537 1185 3538
f 1614 3538 1185
f 283 1186 2230
f 283 284 1186
f 4217 581 1156
f 2266 3545 3539
f 2266 2458 428
f 3540 3539 3545
f 2212 3541 1135
f 3541 3543 4946
f 3543 3544 4946
f 285 3541 4946
f 285 3454 1135
f 2267 3454 3542
f 1114 2267 286
f 3542 285 1419
f 1187 2489 2267
f 1188 3545 2266
f 3545 1421 3544
f 428 4545 1188
f 1164 2321 3558
f 1164 3504 3505
f 1164 3505 2321
f 1190 2268 2503
f 2268 2508 2503
f 2268 2269 2508
f 2268 4529 2269
f 266 2510 4529
f 4529 2510 2269
f 3888 2510 266
f 288 3503 1191
f 4752 288 1191
f 1161 3546 288
f 264 3546 1161
f 3502 2238 264
f 1162 3546 264
f 3482 790 1139
f 3482 1193 1192
f 1192 3113 790
f 1181 289 1194
f 289 290 1194
f 3532 1182 4530
f 3550 290 291
f 291 290 4530
f 291 1183 4609
f 4476 94 901
f 1196 3535 1184
f 3535 1196 3547
f 4609 3535 3547
f 3548 4609 3547
f 4492 4782 3547
f 3548 4753 291
f 290 3550 3549
f 3550 4753 3549
f 1477 265 286
f 266 265 1477
f 270 463 4718
f 1479 274 2251
f 1125 2271 3466
f 2271 4803 2204
f 2271 2272 4803
f 1124 2272 2271
f 4803 3552 2204
f 292 2273 3552
f 2273 2204 3552
f 2205 2273 3553
f 3553 2273 292
f 2205 3553 3469
f 3553 1128 3470
f 4531 3472 2278
f 3554 3552 2274
f 1197 2275 293
f 3555 2280 295
f 3555 2275 1130
f 2276 2280 3555
f 3555 1130 3556
f 1130 3468 3474
f 1130 1131 3556
f 2270 3551 3601
f 1231 1198 1234
f 1198 1231 3551
f 3551 1863 2933
f 1199 1232 22
f 22 4664 1199
f 1200 4664 23
f 1199 4664 1200
f 1201 328 1199
f 1201 2277 2328
f 2328 1256 1201
f 4665 4861 1202
f 4665 3638 4861
f 2278 2333 329
f 294 3557 2279
f 3557 294 2333
f 2279 2308 294
f 2308 314 2306
f 3558 1238 2279
f 3505 3504 3559
f 3559 1128 3553
f 292 3559 3553
f 4666 3552 3554
f 1204 3560 3554
f 295 1204 293
f 295 4924 1204
f 2280 2444 4924
f 4924 3560 1204
f 3556 3562 2276
f 3561 3560 4924
f 2281 4666 4783
f 1205 4783 3560
f 3561 1205 3560
f 3561 2324 1205
f 3561 450 2324
f 4441 3562 3632
f 3563 3562 3556
f 3556 3564 3563
f 2282 3563 3564
f 3564 3556 1131
f 297 3564 1169
f 3564 297 2282
f 298 2282 297
f 2282 298 3563
f 296 3563 298
f 3511 3565 4963
f 3565 3566 298
f 3566 296 298
f 3567 3566 1206
f 3567 2283 3566
f 296 3566 1207
f 2283 3567 1805
f 299 3567 1206
f 3567 299 300
f 2284 299 3512
f 3569 2284 3568
f 3569 2285 2284
f 2853 300 2285
f 2853 2285 3569
f 3568 1208 4877
f 3568 2286 1208
f 4877 1178 722
f 1653 3571 3570
f 1209 1893 3571
f 3571 1893 28
f 3571 28 3572
f 1893 4228 3574
f 1209 4228 1893
f 3574 4610 1893
f 3574 2287 4610
f 3573 3575 30
f 4610 1210 3575
f 2288 1210 303
f 4532 303 2287
f 1211 3574 301
f 3595 2300 1211
f 2300 2287 1211
f 2287 2300 4532
f 3575 2288 1212
f 3575 1212 2985
f 30 3575 2985
f 3576 2289 2291
f 2986 2290 2289
f 1212 2290 2985
f 2291 2290 1212
f 2289 2290 2291
f 2291 1212 302
f 2291 302 1213
f 3576 1213 817
f 4719 817 1213
f 2293 2292 2294
f 2293 2294 1213
f 2288 302 1212
f 302 2288 4611
f 302 4611 2293
f 3577 2293 1215
f 1216 2292 1214
f 2299 2295 303
f 4611 2295 307
f 304 1215 1225
f 4784 3577 304
f 3578 4719 2294
f 1221 3009 826
f 1221 826 3578
f 826 4719 3578
f 1214 3579 1216
f 4784 304 3580
f 3579 4784 1217
f 1217 4784 3580
f 1220 1217 3580
f 3580 3582 1220
f 1218 304 3581
f 45 1219 305
f 1220 828 3583
f 1217 1220 4990
f 4990 3583 1224
f 1217 4720 3579
f 3578 1216 2296
f 3578 2296 1221
f 2296 4720 3584
f 1222 4720 1217
f 3585 4720 1222
f 3585 3584 4720
f 3586 3585 1222
f 3584 3585 2297
f 2297 3009 3584
f 1222 1223 306
f 1222 1217 1223
f 2043 2297 4667
f 306 335 2353
f 335 306 1288
f 1288 3587 1286
f 4754 3581 3588
f 1225 3588 3581
f 304 1225 3581
f 2299 307 2295
f 4532 1226 303
f 1226 2299 303
f 2299 3589 307
f 1226 4532 2300
f 2300 3594 1226
f 3594 3593 3590
f 3588 1225 307
f 307 3589 3588
f 3016 3589 1227
f 1227 3062 3016
f 3591 3062 1227
f 3590 3591 1226
f 3597 1255 3592
f 3593 1228 3592
f 3595 3594 2300
f 3596 3595 1211
f 3596 2301 3595
f 3598 3593 3595
f 3597 3592 1228
f 1228 3593 3598
f 1656 4212 2302
f 308 3599 4213
f 3599 2302 4212
f 1656 2302 1229
f 3600 3599 308
f 2303 3599 3600
f 2302 1230 1229
f 3601 4506 2270
f 1198 3551 1232
f 2933 781 1232
f 309 1234 1198
f 1231 3602 3601
f 1233 3601 3602
f 4506 3601 1233
f 1233 4906 4506
f 1234 3602 1231
f 3603 4533 1234
f 1234 4533 3602
f 3602 4533 310
f 310 1233 3602
f 2307 310 4533
f 3637 1257 2304
f 1235 3604 1236
f 3605 3608 1235
f 3606 311 1236
f 311 1237 3607
f 1237 311 3606
f 3606 2304 2331
f 3639 1237 3606
f 2305 1237 3639
f 3640 3607 2305
f 2306 311 3607
f 3603 1235 3608
f 312 2318 2307
f 2307 2318 3609
f 313 312 3608
f 2306 313 3605
f 2306 314 313
f 314 2308 2309
f 1238 3558 2321
f 312 3610 2318
f 3609 2318 319
f 3611 1233 310
f 315 3611 2310
f 3611 4668 2310
f 315 4906 1233
f 2310 846 315
f 4668 4810 2310
f 4810 3612 2311
f 1239 2311 3612
f 4612 4997 1239
f 3613 2312 316
f 317 2312 3614
f 2313 3614 2312
f 2312 3613 2313
f 317 2480 2312
f 3619 317 3617
f 3615 317 3619
f 3617 3614 1240
f 1240 1241 3617
f 1240 3614 2313
f 1240 2475 1241
f 2475 1240 2474
f 1241 2475 3896
f 2316 3618 1241
f 2316 2314 3618
f 2316 2317 2314
f 5002 3618 2314
f 4928 1429 2499
f 2499 1429 1242
f 1242 3616 3619
f 3619 5002 1242
f 2315 5002 2314
f 2314 3625 1244
f 1243 3620 1242
f 2501 1242 3620
f 3622 2501 3620
f 4669 3622 3620
f 1250 3622 4669
f 2316 4980 2317
f 3624 3626 318
f 1244 3626 3624
f 1243 1244 3624
f 1243 3624 2319
f 1243 2319 3623
f 1246 3623 2319
f 3629 1247 318
f 319 1248 4670
f 1248 319 4925
f 3610 4925 2318
f 320 4925 3610
f 3627 318 1248
f 3629 318 3627
f 4925 321 1248
f 320 321 4925
f 314 321 320
f 3627 321 3628
f 3627 3628 3629
f 3628 321 314
f 2309 3628 314
f 4534 1247 3629
f 322 4534 3629
f 322 3629 2320
f 3628 2320 3629
f 2321 2320 1238
f 326 287 3505
f 2321 287 1253
f 2320 1249 322
f 1249 3631 322
f 3630 323 322
f 323 4534 322
f 324 4534 323
f 324 2322 4534
f 1246 2322 2323
f 1250 2323 1251
f 325 3622 1250
f 325 1250 4892
f 3622 325 2500
f 1250 1251 4892
f 4892 1251 3634
f 3633 2323 2322
f 324 323 1252
f 323 3630 1252
f 1253 3631 1249
f 3867 3631 4815
f 2324 3867 4815
f 4815 1253 326
f 287 326 1253
f 4666 2281 326
f 2281 4783 1205
f 2281 1205 4815
f 1430 2324 450
f 1254 324 449
f 1254 3633 324
f 1254 3868 327
f 327 3868 2513
f 1207 3632 296
f 327 2325 3633
f 2326 3634 2325
f 2326 327 1447
f 325 4892 1449
f 3635 3634 2326
f 1199 328 3637
f 1199 3637 1232
f 1198 1232 3637
f 2328 3057 855
f 2328 2277 3057
f 1255 2328 855
f 2328 2329 1256
f 1255 855 3636
f 3597 2329 2328
f 3597 2328 1255
f 3062 3591 3636
f 2332 1257 328
f 2327 2332 1256
f 2329 2352 2327
f 3650 2327 2352
f 2330 2332 3638
f 2332 2330 1257
f 2331 2304 1257
f 1265 2305 3639
f 2305 1265 3640
f 1259 329 2333
f 2333 294 1259
f 1260 329 3640
f 329 1261 2278
f 3471 4531 2334
f 2334 4531 1261
f 3471 2334 1203
f 2335 2334 1261
f 330 1262 2335
f 2335 1262 2334
f 2334 1262 1263
f 1262 1264 1263
f 2334 1263 1203
f 1163 1263 1264
f 1266 1262 330
f 330 1260 1265
f 1266 330 1265
f 1266 1258 4868
f 1266 1265 3639
f 1258 2330 4868
f 1264 4868 2240
f 1264 1262 4868
f 1262 1266 4868
f 1239 1267 1268
f 1268 2336 2311
f 2336 3066 2311
f 4508 2311 3066
f 1239 4997 1267
f 4980 1267 4997
f 3066 2336 1269
f 2336 1268 1270
f 3066 1269 3069
f 1270 1269 2336
f 332 1267 331
f 4613 1245 4721
f 2337 4613 4721
f 2337 332 331
f 1268 332 1278
f 1270 3077 4591
f 1270 4591 1269
f 3903 1273 1272
f 1272 1273 1277
f 333 1272 1277
f 2338 3906 1274
f 3906 2338 4721
f 2338 3641 2337
f 3641 2338 1276
f 4907 333 1277
f 4907 1275 1458
f 1275 3907 1458
f 4722 3641 1276
f 3642 1275 4907
f 4816 2339 3642
f 4722 2339 2340
f 2339 2341 3079
f 3644 2339 3079
f 2341 4816 1280
f 1279 1280 4816
f 3645 1273 3903
f 1271 1952 3077
f 1952 2340 4767
f 1952 2342 2340
f 2342 3641 4722
f 1271 1278 2342
f 2337 3641 332
f 332 3641 1278
f 2341 2343 871
f 2343 2341 4535
f 1280 4535 2341
f 2347 4535 3646
f 1281 3646 4535
f 1281 4535 2346
f 1280 2346 4535
f 2344 2347 1282
f 3648 1282 2347
f 2345 2346 3645
f 3646 1281 334
f 3913 2348 334
f 3646 3649 3648
f 3649 3646 4947
f 2348 2349 4671
f 3916 1283 2350
f 2351 2350 1283
f 878 1282 2351
f 3648 3647 1282
f 3647 3648 3649
f 4671 3918 4947
f 1284 3918 2525
f 1284 3649 3918
f 3649 1284 3647
f 1284 2350 3647
f 2303 1191 1202
f 4861 3650 1285
f 3638 2327 3650
f 3638 2332 2327
f 2329 1229 2352
f 1229 2329 3597
f 1229 3597 1228
f 2354 4667 3586
f 1286 2045 1287
f 1286 1287 4813
f 1288 1286 3651
f 1286 4813 3651
f 1288 1289 335
f 3654 958 2055
f 3651 958 3654
f 3651 3654 3657
f 3652 335 3655
f 3655 335 1289
f 2044 4667 3222
f 4667 2354 3222
f 3652 2354 2353
f 3652 2353 335
f 3224 2354 3652
f 3224 3652 336
f 2356 3224 336
f 3225 2356 4893
f 4893 2356 3661
f 3653 337 2050
f 3654 2055 2355
f 1291 2355 3235
f 2355 1291 3654
f 1291 4672 3654
f 3655 3656 336
f 3655 3657 3656
f 2356 336 3656
f 2357 3656 3657
f 3657 1290 2357
f 1290 4672 1291
f 3661 3658 3660
f 1290 3658 2357
f 3659 1290 1291
f 1291 3235 3659
f 4893 337 3653
f 3660 4948 3661
f 3660 2358 4948
f 3658 2358 3660
f 3663 3659 1292
f 2168 1292 3235
f 2168 222 1292
f 3663 1292 222
f 338 2358 3663
f 3664 3665 338
f 2358 3665 4948
f 4948 3665 1293
f 3665 3666 1293
f 3665 3664 3666
f 2359 223 3664
f 4673 3399 339
f 3668 4673 339
f 339 1084 3668
f 3669 3668 1084
f 339 3400 3402
f 3402 1084 339
f 2362 2360 3669
f 2360 3668 3669
f 2360 2362 1294
f 1293 4673 2360
f 2361 4948 1293
f 3662 4948 2361
f 340 3662 2361
f 2361 1293 4831
f 341 2361 4831
f 341 340 2361
f 1295 1294 342
f 2362 2363 1297
f 1294 2362 342
f 4831 3670 341
f 3670 3671 341
f 340 3671 337
f 3674 3403 3671
f 1296 3674 3671
f 3670 1295 1296
f 3672 3673 1295
f 1296 4903 3674
f 3673 4903 1296
f 4832 3674 4903
f 3674 4832 3403
f 4917 4903 1086
f 1086 4903 3673
f 1297 342 2362
f 1297 1298 3675
f 2363 1298 1297
f 1084 1298 2363
f 1087 1088 4605
f 3677 1299 2884
f 1299 3676 2884
f 1825 3676 1300
f 1300 2364 1301
f 3149 1300 1301
f 3677 4294 3678
f 343 2364 1299
f 1299 3678 343
f 4294 3679 3678
f 3679 2538 3681
f 343 3682 2366
f 343 3681 3682
f 1316 3680 3937
f 2365 3681 3680
f 3680 3681 3937
f 2365 344 3682
f 3680 1316 344
f 344 1316 4957
f 4536 1315 3684
f 4536 3684 3682
f 3684 2366 3682
f 1303 2364 1302
f 1301 2364 1303
f 2367 919 345
f 2902 2367 345
f 3683 1303 3685
f 1302 3685 1303
f 1302 3698 3685
f 3698 1302 4817
f 4817 3684 1315
f 4724 3685 3698
f 1305 3685 4724
f 3683 1305 2368
f 3688 2369 1304
f 1724 3686 346
f 347 1725 1724
f 346 3687 347
f 346 3688 3687
f 1305 4846 4909
f 4846 1305 4724
f 4909 4846 3690
f 3691 3688 4537
f 3687 3688 3691
f 3687 3691 2371
f 3691 4785 2371
f 2371 4785 349
f 1306 347 2371
f 1306 2371 349
f 3691 4537 4785
f 3690 2372 1307
f 1308 2372 348
f 2378 1308 348
f 4724 3697 2378
f 3693 4537 1307
f 4537 3695 4785
f 1308 2378 3696
f 2373 2377 3692
f 4785 3695 1311
f 349 4785 351
f 4785 1311 351
f 3694 2374 351
f 349 351 2374
f 352 349 2374
f 1306 349 352
f 347 1306 4786
f 1310 1321 2375
f 1310 1320 1321
f 1320 1310 3694
f 2374 3694 1310
f 3695 3693 354
f 354 353 1319
f 3695 354 1312
f 3694 1311 2376
f 2376 2381 3694
f 2381 1320 3694
f 3710 2376 355
f 1319 353 1313
f 1317 1313 2377
f 1317 2377 2373
f 1309 4614 3724
f 1308 3696 350
f 2378 3701 3696
f 3697 1314 2378
f 3701 2378 1314
f 3697 4817 1314
f 3698 4817 3697
f 3700 3701 1314
f 1314 1315 3699
f 4536 4957 1315
f 3699 1315 4957
f 1711 4572 356
f 357 356 3703
f 1316 356 357
f 357 3699 4957
f 3696 3700 4614
f 3724 4614 1325
f 3702 3704 3700
f 3700 3699 3702
f 3699 357 3702
f 3704 3702 3705
f 3725 3705 2543
f 3704 3725 358
f 4614 3704 358
f 1325 4614 358
f 1313 1317 2379
f 1317 3724 368
f 2380 3706 3707
f 2376 3710 2383
f 2376 2383 2381
f 3709 2381 2383
f 2381 3709 1320
f 3709 2383 2384
f 3774 2384 2383
f 2384 3718 3711
f 3709 2384 3711
f 2544 491 1321
f 2544 1321 359
f 361 4542 3956
f 4542 2392 3956
f 3714 1322 3712
f 361 1322 362
f 3714 3715 362
f 3715 2385 362
f 362 2385 369
f 3715 3732 2385
f 3715 3713 3716
f 3713 496 3716
f 360 3717 2382
f 3711 4538 2386
f 3717 2386 4538
f 3717 4538 364
f 2387 3717 364
f 1323 2387 364
f 2388 1323 2389
f 3719 2389 2390
f 2389 1323 2390
f 364 4538 2390
f 4538 3721 2390
f 365 3721 4538
f 3958 2389 3720
f 3720 2389 3769
f 3721 399 3769
f 3721 3769 3719
f 3721 3722 1324
f 4725 4615 2412
f 2384 3774 3718
f 3774 4615 3718
f 3728 3706 3727
f 3804 2440 3706
f 1317 368 2379
f 2379 368 3804
f 358 3726 4833
f 2543 3951 3725
f 3726 3725 3951
f 2392 4833 3726
f 3805 4833 4542
f 3728 1374 3778
f 3727 3729 3728
f 3730 3729 369
f 3729 2440 369
f 363 3730 369
f 3728 3731 1374
f 370 3730 3732
f 370 3732 3733
f 3732 4616 2393
f 3715 3735 4616
f 3735 3715 3716
f 371 3734 3716
f 3734 3736 3735
f 4674 3733 2393
f 372 4674 2393
f 372 1327 4674
f 3733 4674 389
f 1327 3758 4674
f 1327 372 373
f 3736 373 372
f 373 3736 3968
f 1326 373 3737
f 1326 1327 373
f 389 4674 3758
f 2405 389 3758
f 1326 3737 1351
f 1507 3737 3968
f 3737 2558 374
f 4935 3737 374
f 375 2394 4818
f 378 1328 381
f 376 3738 4818
f 376 3739 3738
f 376 2394 379
f 3739 380 2398
f 3738 3739 2396
f 3739 3740 2396
f 3744 2396 3740
f 3744 1329 2396
f 2396 4992 2395
f 4992 1330 3743
f 4992 3743 3742
f 2395 3742 3741
f 2395 3741 381
f 3983 1513 381
f 3983 381 3741
f 3741 3742 3746
f 3743 3746 3742
f 2399 3743 1330
f 1331 1330 4992
f 1329 1331 4992
f 1329 2397 1331
f 1329 3744 2397
f 3801 1331 2397
f 2397 3744 3801
f 1332 3744 2398
f 3745 2398 380
f 3739 379 380
f 3745 380 3785
f 2398 3803 1332
f 1332 4677 3744
f 3744 4677 3801
f 3801 1385 1331
f 1385 1330 1331
f 1330 1385 3800
f 3743 2399 1383
f 2399 2436 1383
f 382 3741 3746
f 382 3984 3741
f 1515 3986 1334
f 382 1334 3986
f 382 1333 1334
f 3746 2400 4539
f 1516 1335 2401
f 1516 2401 383
f 3747 383 384
f 1340 3749 385
f 385 3992 1339
f 385 3749 2402
f 2402 3750 385
f 385 4726 3992
f 3752 2402 3751
f 4675 1341 1346
f 1341 1339 387
f 4755 1341 387
f 4675 1346 1343
f 1343 1346 3753
f 1343 386 3752
f 1345 3752 386
f 1345 1344 3752
f 3752 1344 3750
f 2406 386 1343
f 1346 2403 3753
f 3754 1378 3755
f 2403 3755 1378
f 1346 4755 3789
f 3756 387 3991
f 1348 387 388
f 3789 4755 1348
f 1348 3757 1380
f 1380 3789 1348
f 1379 1349 2404
f 1350 3755 2404
f 1350 3754 3755
f 1350 2423 2420
f 370 389 2420
f 389 2405 3754
f 389 3754 2420
f 1353 2405 392
f 3758 392 2405
f 390 3767 3758
f 392 3758 3767
f 2405 1353 1352
f 1352 1378 3754
f 4788 1352 1353
f 1353 3759 4788
f 4788 3760 2406
f 1345 386 4926
f 3750 1344 2407
f 1344 4926 2407
f 2407 1342 3750
f 1342 3995 2575
f 3995 1342 2407
f 3761 4926 1354
f 1354 2576 2577
f 2577 3761 1354
f 386 1354 4926
f 2576 1354 391
f 2408 386 3760
f 386 2408 391
f 3760 4617 2408
f 3760 3759 4617
f 4617 1355 3762
f 4617 3762 2408
f 2579 3762 1355
f 2581 1357 1529
f 3759 1358 4617
f 392 1359 1358
f 3766 1359 392
f 3766 392 3767
f 390 3765 3767
f 1351 2409 390
f 4555 393 1530
f 393 3763 1530
f 3763 393 3765
f 2411 3766 3765
f 2411 3765 393
f 1529 1357 2411
f 393 4555 1529
f 1360 3720 3769
f 3720 1360 1361
f 366 3768 4007
f 3768 1361 394
f 1364 1365 3770
f 396 3770 1365
f 3769 3771 1360
f 3772 399 1324
f 2415 3722 2412
f 2414 2413 3775
f 367 4964 2413
f 2415 4869 3722
f 4869 2415 398
f 4789 398 2415
f 1366 3775 3776
f 3775 3777 3776
f 1366 3776 4789
f 397 4676 396
f 1364 3770 1367
f 1363 2416 395
f 2416 1363 401
f 402 401 1363
f 401 402 2418
f 3776 3777 397
f 4676 3777 400
f 4856 402 400
f 4856 400 4964
f 2417 402 4856
f 1369 4787 1368
f 1369 1368 3723
f 1369 4964 367
f 4540 4964 1369
f 1374 3779 3778
f 404 403 1370
f 1370 1371 2417
f 1370 2417 404
f 1372 3780 1370
f 1372 406 3781
f 1373 3780 1372
f 3780 2428 1371
f 2427 3780 1373
f 3780 2427 2428
f 405 1373 1372
f 405 1372 408
f 3779 3783 406
f 407 3783 1374
f 3783 3779 1374
f 2422 1374 3731
f 407 1374 2422
f 407 3782 2419
f 2419 3783 407
f 2419 3781 3783
f 2419 3782 3784
f 407 2424 3782
f 2423 407 2422
f 2423 1350 1349
f 2423 1349 1375
f 1349 2431 1375
f 408 3781 2419
f 2419 3802 408
f 3785 405 3745
f 408 3802 405
f 3745 3802 2398
f 405 3802 3745
f 3786 3785 380
f 379 3786 380
f 2425 4790 4559
f 4790 2425 379
f 2426 379 2394
f 1377 4790 2426
f 410 1377 2394
f 375 410 2394
f 1377 410 1376
f 409 4559 1535
f 411 3786 409
f 411 412 3786
f 412 413 3786
f 413 3785 3786
f 3785 413 2427
f 1373 405 2427
f 2428 412 411
f 2430 2428 411
f 409 3788 411
f 2429 1371 2430
f 2429 401 2418
f 2429 414 401
f 2429 2430 414
f 3787 1535 4006
f 3787 3788 1535
f 1357 1356 2410
f 1379 2431 1349
f 3797 2404 3789
f 1380 1381 2434
f 2432 3791 3756
f 3791 2432 3793
f 3792 1347 3793
f 3748 1382 3793
f 3790 3793 1382
f 3790 1382 3794
f 2434 1381 3790
f 3794 1382 3748
f 3748 1338 3794
f 3795 1338 2435
f 415 3795 3796
f 2400 3796 1337
f 2400 1337 4539
f 3796 2436 415
f 1384 2436 2399
f 2436 1384 415
f 3797 3798 3799
f 1379 3797 3799
f 1379 3799 2431
f 3802 2419 3784
f 2437 2431 2439
f 3799 2439 2431
f 2438 1384 3800
f 2399 3800 1384
f 3803 4727 4677
f 3801 4677 1385
f 416 3799 2438
f 416 2438 1385
f 1385 2438 3800
f 1369 403 404
f 3806 3804 3805
f 368 1325 3805
f 3806 1386 2440
f 1386 3806 361
f 3807 2949 2441
f 2441 2949 2442
f 2442 12 3808
f 3808 13 777
f 2442 3808 4543
f 2441 4662 4607
f 417 3808 3809
f 4927 417 3810
f 417 4927 4543
f 3810 417 2443
f 417 3809 2952
f 3810 3811 4927
f 4662 4927 244
f 3811 3810 3826
f 3812 2460 3826
f 3827 3812 2443
f 2953 3827 2443
f 3828 2953 3813
f 4924 2444 4819
f 3814 2502 4819
f 451 2502 3814
f 3814 4968 451
f 1387 720 3815
f 3815 3869 4968
f 3515 271 3517
f 1392 3816 1393
f 3816 1392 3817
f 3817 2445 3816
f 3819 275 1388
f 275 3819 3820
f 3820 1396 275
f 3820 1390 2448
f 3819 418 1390
f 3819 3818 418
f 2445 1389 1391
f 2447 3817 1392
f 1392 1395 2447
f 419 1481 1392
f 2447 3821 1389
f 418 1391 3821
f 2448 418 3821
f 490 3821 489
f 3821 490 2449
f 2448 3821 2449
f 2449 4847 2448
f 420 2448 4847
f 420 4847 1397
f 275 1396 421
f 4443 2856 490
f 2449 2452 4847
f 422 2253 2450
f 2452 2449 2451
f 2452 2451 4454
f 1397 2452 3823
f 2253 422 2453
f 2255 3822 423
f 2453 3823 3822
f 3822 2454 2453
f 3824 424 423
f 3822 3824 423
f 3822 3823 3825
f 425 424 3824
f 1808 1398 424
f 1398 1808 2863
f 424 1398 4942
f 4942 2455 423
f 2255 423 2455
f 1398 2457 4942
f 4942 2457 2257
f 426 2257 2457
f 3823 2452 3825
f 3811 2458 244
f 2458 3811 3826
f 428 3826 3831
f 2460 3827 2461
f 2459 427 3828
f 3828 2462 2459
f 3827 427 2461
f 427 3829 2461
f 4618 3845 427
f 3829 427 3845
f 3830 3829 1417
f 1418 428 3831
f 4544 1418 3831
f 1418 4544 2488
f 3830 1417 4544
f 3845 4618 3832
f 3833 4618 2459
f 3834 3833 2459
f 3834 2459 2462
f 429 3833 3834
f 3836 55 834
f 4588 3836 834
f 4588 3837 2463
f 430 3837 4588
f 2465 2464 3048
f 2464 2465 430
f 3838 3837 430
f 3838 1399 3837
f 833 55 429
f 4728 429 3836
f 4728 3839 429
f 4728 3836 2463
f 4728 2463 3837
f 2465 3050 2466
f 431 2465 2466
f 2465 431 3838
f 3841 1399 3838
f 3840 3839 4728
f 3839 2470 3835
f 3842 3841 3838
f 3841 3843 3844
f 3843 3841 3842
f 316 3844 3613
f 3841 3844 2469
f 1399 2467 3840
f 2468 3840 2467
f 2470 3840 2468
f 316 1402 2471
f 2471 1401 2469
f 1401 2468 2469
f 2469 2468 2467
f 2470 2468 1400
f 3835 2470 1400
f 3832 3835 1400
f 3854 3832 1400
f 436 2471 1402
f 1402 2312 2480
f 3843 3842 1403
f 1403 432 3843
f 3842 3847 1403
f 1404 1942 1405
f 433 3849 1405
f 3849 1404 1405
f 3849 3848 1404
f 1404 2472 850
f 2472 2466 69
f 3848 2466 2472
f 3850 1407 1406
f 2477 2473 4678
f 2473 2477 3851
f 3851 433 2473
f 4756 435 433
f 433 435 3849
f 435 3848 3849
f 2313 432 2474
f 3613 3846 432
f 4756 2476 2475
f 2476 3851 2477
f 1407 3850 3852
f 434 2478 3850
f 1451 2479 434
f 1429 2498 3616
f 3855 3853 436
f 437 2481 3857
f 3853 1409 2481
f 1413 1409 3853
f 1411 436 2480
f 1411 1410 3855
f 1412 1411 2480
f 3615 439 2480
f 439 2498 440
f 2498 439 3615
f 439 3865 1412
f 439 1412 2480
f 1410 2483 2496
f 2495 1410 2496
f 3856 2482 2495
f 1415 3856 2495
f 2482 3856 1413
f 1414 1413 3856
f 1414 1409 1413
f 1414 438 1409
f 438 3857 2481
f 2484 2486 438
f 2484 438 1414
f 3856 3858 1414
f 3856 1415 2485
f 2484 3858 1416
f 1417 3845 3859
f 441 1417 3859
f 441 2487 1417
f 1476 441 3859
f 2487 4544 1417
f 2488 4544 2487
f 4946 3544 2490
f 3860 1419 4946
f 1187 1419 1420
f 1420 442 1187
f 1420 1419 3860
f 443 442 1420
f 444 1427 443
f 1420 3860 444
f 4946 2490 3860
f 2490 1422 2493
f 3860 4546 444
f 3860 2490 4546
f 2490 2493 4546
f 1421 1188 4545
f 445 2491 1422
f 1423 2491 445
f 445 4545 1423
f 4545 1418 1423
f 1423 2488 2492
f 1424 2491 2492
f 2492 2488 2487
f 2492 446 1424
f 3935 1424 446
f 3934 1424 3935
f 1422 4848 2493
f 1425 4546 2493
f 1425 3861 2494
f 2485 2494 3861
f 2494 1415 447
f 2495 447 1415
f 447 2495 2496
f 1426 1425 2494
f 4546 1425 1426
f 444 1426 1427
f 1426 2494 1448
f 1448 2494 2497
f 2497 3862 3863
f 3862 447 3863
f 447 3864 3863
f 3894 4881 4549
f 4547 4881 3863
f 448 4547 3864
f 440 4549 3865
f 4547 3865 4549
f 1428 440 1429
f 2498 1429 440
f 4928 3866 1428
f 2499 3621 3866
f 2501 3621 2499
f 450 449 1430
f 2502 1433 449
f 455 2513 3868
f 455 3868 1433
f 451 4968 3869
f 1431 3815 452
f 3870 3869 1431
f 452 1432 1435
f 453 1431 1435
f 3869 454 451
f 454 1434 1433
f 2512 455 1434
f 3870 2503 454
f 453 3875 2503
f 2506 1432 456
f 2505 1436 4860
f 3871 4860 1436
f 3872 4860 3871
f 3872 3871 3873
f 1436 3873 3871
f 2504 1437 3874
f 2504 3874 3873
f 1439 1436 2505
f 2507 3874 1437
f 3874 2507 2506
f 3875 2506 2507
f 3876 3875 2507
f 2507 3877 3876
f 457 2507 1437
f 3878 1438 457
f 1439 3878 1437
f 458 1439 2505
f 3881 1439 3879
f 3882 3877 457
f 3882 1444 3877
f 3883 1444 3882
f 460 3881 3879
f 3883 459 3885
f 3884 3885 461
f 460 3885 459
f 460 1443 3885
f 3879 1443 460
f 1443 3879 1440
f 1442 1443 1440
f 4854 1441 1440
f 1443 461 3885
f 1395 3884 461
f 3884 1394 4679
f 462 463 1444
f 1444 4791 3876
f 463 4791 1444
f 1190 2503 4791
f 3886 2503 2508
f 2511 2509 2508
f 3887 464 1434
f 1445 464 3887
f 1445 2511 4680
f 2509 2511 1445
f 3888 2536 2511
f 2511 2536 4680
f 1445 4680 1446
f 1445 1446 464
f 464 4548 2512
f 2512 4548 2513
f 3890 3889 4548
f 3889 3890 1447
f 3893 2514 1447
f 2514 465 2326
f 2514 2515 465
f 3892 3891 3890
f 4550 1427 3892
f 1448 2497 3891
f 4757 3891 2497
f 3891 4757 3890
f 3890 4757 3893
f 4757 3894 3893
f 3894 2515 3893
f 466 4549 1428
f 466 1428 3866
f 2515 466 4834
f 325 1449 4862
f 2326 465 3635
f 3896 1450 2519
f 2479 1451 467
f 3899 1451 468
f 3902 1452 1454
f 3898 3897 469
f 3898 3900 865
f 3900 3899 865
f 1453 3899 3900
f 3900 469 2516
f 3903 1272 3901
f 469 3904 2516
f 469 3901 3904
f 3904 3901 1272
f 3903 3901 471
f 3901 3897 471
f 3902 2520 471
f 3075 866 2517
f 866 1455 2517
f 2517 1455 1454
f 1951 2518 866
f 866 2518 1455
f 2518 470 1455
f 2520 3902 470
f 2516 472 3905
f 3905 1453 2516
f 1456 2479 4981
f 3907 1457 472
f 1457 1274 3906
f 4981 3906 1456
f 3907 1275 1276
f 2520 3645 3903
f 3903 471 2520
f 3911 3645 2520
f 3908 886 1958
f 3909 2518 3105
f 3910 2518 3909
f 1459 3909 4870
f 3910 470 2518
f 470 3910 2520
f 3911 2520 3910
f 3645 3911 3912
f 3645 3912 2345
f 1459 3913 3912
f 3908 3909 886
f 4870 3909 3908
f 3914 1459 4870
f 3908 3091 4857
f 1460 4857 473
f 3913 3914 1460
f 1460 2348 3913
f 1460 2349 2348
f 4671 2349 2521
f 473 3091 1461
f 2349 3915 2521
f 4671 2521 3917
f 2521 3915 4835
f 4835 3915 4702
f 3091 1961 1461
f 1461 1961 879
f 3917 4835 475
f 475 4835 474
f 2526 475 474
f 474 1461 86
f 2527 2528 86
f 2523 2350 1284
f 2523 1284 2525
f 1462 2525 2522
f 2522 476 1462
f 2524 2523 2525
f 2530 3916 1463
f 1463 3916 3919
f 3919 2523 3920
f 476 3921 1462
f 476 475 2526
f 476 3922 3921
f 2528 3922 2526
f 1464 477 3923
f 2527 2529 2528
f 4912 3923 2529
f 3926 883 479
f 480 3926 479
f 85 2530 1465
f 3924 1465 2530
f 3925 1463 4971
f 3919 3932 1463
f 2524 1470 3920
f 1464 1470 2524
f 1470 1464 4792
f 1464 3923 4792
f 478 4912 3927
f 4912 881 3927
f 3926 881 4744
f 3927 3926 480
f 3928 3927 480
f 88 479 3100
f 2531 481 3104
f 481 2531 1466
f 482 2533 1466
f 482 2532 2533
f 485 2532 482
f 485 2534 2532
f 1467 1466 2533
f 1466 1467 1468
f 3929 88 4871
f 480 479 3929
f 480 3929 3928
f 3928 3929 1469
f 4871 1467 1469
f 2534 3928 1469
f 1470 3932 3920
f 3931 3930 4792
f 1471 3931 2534
f 483 2534 485
f 1471 2534 483
f 1471 483 484
f 1463 3932 4971
f 1472 3924 3925
f 1472 1475 3924
f 482 2531 486
f 3933 1473 486
f 486 1473 2535
f 3933 487 1474
f 85 1465 1964
f 1475 1474 1465
f 1475 1465 3924
f 3933 1474 1475
f 3858 3934 1416
f 1416 3934 3935
f 1416 1476 2486
f 446 1476 3935
f 488 1478 1446
f 2489 286 2267
f 488 442 443
f 1478 4550 464
f 4679 1479 462
f 274 1479 419
f 419 1479 4679
f 1394 1481 4679
f 1395 1441 2446
f 2879 2446 1441
f 2446 2879 489
f 1480 490 489
f 1480 4443 490
f 4679 1481 419
f 2538 3937 3681
f 4296 3937 2538
f 2761 4305 659
f 1721 1482 4300
f 2539 3940 2761
f 2539 2761 3944
f 2540 1482 1721
f 4572 3703 356
f 2541 1485 1487
f 4730 4729 1485
f 2540 3940 492
f 2539 3944 3939
f 492 3941 3938
f 2547 4729 3938
f 3945 1485 4729
f 3942 1487 1492
f 2542 3942 2552
f 3703 3942 2542
f 1486 491 2544
f 1500 1486 2544
f 4793 1486 1500
f 491 1486 3943
f 491 3943 2546
f 2545 1483 2546
f 3939 3944 2546
f 1484 3939 1488
f 1484 1488 493
f 1484 493 3940
f 493 492 3940
f 493 4551 492
f 1488 1489 493
f 1489 1490 493
f 4729 2547 3945
f 1485 3945 3950
f 3950 1487 1485
f 1488 3939 3946
f 4793 495 3943
f 3946 1499 1489
f 1490 3947 494
f 3941 4551 494
f 1491 2547 3941
f 1491 2549 3945
f 3949 3945 2549
f 3950 2548 1492
f 2548 2392 3951
f 3956 3949 2549
f 3947 3948 494
f 3952 3947 1490
f 4681 3947 3952
f 4681 1493 3948
f 1493 2549 3948
f 1493 4681 1494
f 3952 1494 4681
f 3952 2550 3953
f 3954 3953 2550
f 2550 1489 4552
f 4682 1494 3952
f 4682 1495 1494
f 1495 1498 1497
f 1496 1493 1494
f 1494 2551 1496
f 1496 3955 1493
f 3712 1496 2551
f 3714 2551 3713
f 1497 3713 2551
f 4682 4620 1495
f 3954 4794 3953
f 3954 4977 1503
f 1499 4552 1489
f 497 4552 1499
f 497 1499 495
f 3957 4552 497
f 499 497 4793
f 3717 1500 2382
f 3717 498 1500
f 4619 1500 498
f 4619 498 4731
f 499 4793 4619
f 3957 497 499
f 499 4556 3957
f 4984 4556 499
f 4731 498 2387
f 2387 498 3717
f 4984 4731 4557
f 2388 4732 2387
f 2388 3958 2584
f 4732 2388 2584
f 2584 3958 521
f 3958 366 521
f 2548 2552 1492
f 2552 2548 3951
f 496 1497 500
f 1498 500 1497
f 2553 4620 4733
f 1498 4620 2553
f 1501 4733 3959
f 1504 4733 4620
f 2553 1501 500
f 500 2554 371
f 2554 501 3999
f 3959 3970 501
f 3970 3959 3967
f 4733 502 3959
f 2555 1505 502
f 502 3967 3959
f 4794 1503 1504
f 4794 3954 1503
f 1502 1503 4977
f 1504 1503 4017
f 2555 4017 1505
f 4017 3961 1505
f 3961 3960 3962
f 502 3962 503
f 502 503 3967
f 514 2568 3961
f 3960 3961 2568
f 2568 2556 3960
f 3960 2556 3976
f 3963 3960 3976
f 503 3962 3963
f 3963 3976 2557
f 3965 3963 2557
f 504 2557 3976
f 3975 3964 2557
f 2557 3964 3965
f 3963 3965 3966
f 3966 2561 2560
f 503 2559 3967
f 4621 3734 1506
f 3968 4621 4624
f 1506 2554 4621
f 3999 3969 2554
f 2559 2563 506
f 2560 2563 2559
f 2561 4683 2560
f 2563 4683 3971
f 2580 520 501
f 3970 506 2580
f 506 2563 507
f 2564 507 3971
f 507 2564 1508
f 1508 508 3997
f 2564 508 1508
f 2564 2566 508
f 2564 3972 2566
f 3972 2565 2566
f 3972 3973 2565
f 4949 2565 3973
f 2565 4949 1510
f 509 4949 3973
f 3973 2573 509
f 2573 3973 3990
f 1509 3972 3974
f 3974 510 1509
f 2562 510 3974
f 1517 510 2562
f 1517 2562 2561
f 3965 4553 3966
f 3975 2570 3964
f 2556 3977 3976
f 2556 2567 3977
f 511 504 3977
f 3975 511 4622
f 4622 511 3980
f 4622 4734 2570
f 1511 1512 4734
f 4734 3978 3985
f 1511 4622 3979
f 512 3977 2567
f 4684 513 2567
f 2589 513 4684
f 4684 514 2589
f 526 514 2591
f 2569 513 3981
f 2567 513 2569
f 2567 2569 3982
f 512 2567 3982
f 3980 3982 2588
f 4008 3980 2588
f 1511 1513 1512
f 1511 515 1513
f 515 3979 375
f 515 378 1513
f 378 515 377
f 1512 3984 3978
f 1515 3978 3986
f 2572 4553 2570
f 2561 4553 2572
f 3985 3978 1515
f 1514 3985 1515
f 1514 2571 3985
f 1516 1515 1334
f 1514 1516 3989
f 2571 1514 3989
f 3987 2572 2571
f 2571 3988 3987
f 510 1517 3987
f 4623 1509 510
f 3988 3993 4623
f 4623 3987 3988
f 3989 383 3747
f 383 3989 1516
f 1509 3993 3990
f 2573 3990 1518
f 2573 1518 1519
f 509 1519 3991
f 3991 1339 3992
f 1519 3756 3991
f 1519 1518 2574
f 1518 516 2574
f 1518 3993 516
f 4998 1347 3993
f 3993 3988 4998
f 4998 3988 3747
f 3748 4998 3747
f 4998 3748 1347
f 3792 516 3993
f 1519 2574 3756
f 4726 2575 3994
f 4949 3992 3994
f 4949 3994 1520
f 4820 1510 1520
f 2566 1510 4820
f 4820 1521 518
f 4820 1520 1521
f 1521 2575 3995
f 2577 1521 3761
f 3761 1521 3995
f 518 1521 2577
f 518 2577 517
f 391 1522 2576
f 2578 3762 2579
f 3762 2578 1522
f 3996 517 2578
f 3996 2578 1523
f 1523 2579 1357
f 2581 1523 1357
f 2581 1528 1523
f 3996 1523 1528
f 2580 506 507
f 519 3996 1526
f 3997 3998 520
f 2580 3997 520
f 3999 3998 3969
f 3999 520 3998
f 3969 3998 4000
f 4000 3998 1525
f 2558 3764 374
f 2558 2582 3764
f 4555 1531 1529
f 1531 4555 3764
f 1527 2581 1531
f 3957 2583 4977
f 2583 3957 4556
f 4001 4004 2583
f 4002 4557 1533
f 1533 4557 2584
f 2584 521 1533
f 523 4003 1532
f 522 1534 1533
f 522 4003 523
f 4005 522 523
f 2585 522 4005
f 4001 4002 1534
f 1534 1537 4982
f 4004 1502 4977
f 523 4558 4005
f 4005 4558 4006
f 4006 2586 4005
f 4558 523 395
f 1365 1532 394
f 1532 1365 523
f 1365 1364 523
f 1364 395 523
f 410 375 3979
f 4008 410 3979
f 4008 1376 410
f 2588 1376 4008
f 4009 4790 1377
f 4015 3982 2569
f 4009 2587 524
f 4015 4010 524
f 4010 4015 1540
f 524 4010 4011
f 4010 4014 4011
f 4012 4011 4014
f 4011 4012 4013
f 4012 1536 4013
f 4013 1535 4559
f 1535 1536 4006
f 2586 4006 1536
f 525 2586 4012
f 4012 2586 1536
f 525 4012 4014
f 525 4014 1538
f 4685 1539 2590
f 1540 4015 3981
f 1539 2589 526
f 2589 1539 3981
f 526 2591 2590
f 4016 2590 2591
f 4016 4982 1538
f 2591 1541 4016
f 4004 4016 1541
f 1541 3961 4017
f 4004 1541 1502
f 3756 2574 2432
f 3792 2433 516
f 4940 2593 2763
f 4311 4940 2763
f 2764 1544 4940
f 2592 1544 2764
f 2592 1754 2788
f 2788 1542 2592
f 2592 1542 1544
f 2788 1543 1542
f 1542 4018 527
f 1544 1542 527
f 1544 527 4940
f 1542 3243 4018
f 1543 3243 1542
f 4019 1543 1545
f 1545 1543 2788
f 2763 2593 3152
f 4940 2610 2593
f 4940 527 2610
f 3243 2595 4018
f 144 2595 3243
f 4019 1545 704
f 2593 2106 984
f 2610 2106 2593
f 2610 4018 4033
f 2594 4033 4018
f 2594 2595 528
f 144 1546 2595
f 144 1547 1546
f 1547 2597 1548
f 1546 1547 1548
f 4020 2594 528
f 2594 2596 4033
f 4033 2596 1550
f 4021 2609 1550
f 2596 2594 4020
f 528 4023 4020
f 1548 2597 529
f 529 4022 1548
f 1549 4022 1552
f 1553 1549 1552
f 1553 4950 4023
f 4020 4023 2620
f 4950 1553 1552
f 4023 4950 1555
f 1555 4950 1554
f 4023 1555 2620
f 2631 1554 4069
f 1552 2598 4950
f 3310 2079 2069
f 3271 3310 2599
f 3310 4027 2599
f 2599 4821 3272
f 2600 2599 4027
f 2600 4024 2599
f 4024 4821 2599
f 4025 4024 2600
f 2600 4026 4025
f 4026 2603 4025
f 4026 2601 2603
f 1556 4026 4027
f 168 4027 3310
f 1556 4027 168
f 2602 1556 169
f 2609 2601 2602
f 2603 2601 4032
f 4024 4025 4029
f 4024 4028 4821
f 4028 1557 4821
f 4821 531 530
f 4029 1558 4024
f 4029 1566 4030
f 1558 4029 4030
f 4028 4024 1558
f 1557 4028 1559
f 531 1557 2604
f 532 2605 1559
f 533 1559 2605
f 3313 531 3321
f 2606 2605 532
f 4030 2606 532
f 4030 2607 2606
f 2606 2607 170
f 2607 1018 170
f 1018 2607 534
f 4030 1566 2612
f 2603 1566 4029
f 541 4032 2601
f 541 2601 2609
f 4033 1550 2602
f 4033 2602 4560
f 1570 1027 4034
f 4031 1564 1561
f 4031 1565 1564
f 4031 1562 1565
f 1560 2613 1570
f 4625 1564 1565
f 4872 4625 1562
f 536 4625 4872
f 4032 1566 2603
f 4036 2612 4035
f 2612 4036 2611
f 4037 4872 4036
f 4037 4626 4872
f 536 4872 4045
f 536 4044 535
f 4044 1567 535
f 1567 1560 1564
f 2617 2613 1567
f 2613 1563 1569
f 1563 2614 1569
f 2614 1568 3329
f 2614 3329 1569
f 1569 3329 1028
f 1568 2615 4627
f 2617 4038 1563
f 4038 537 4039
f 4039 4805 4951
f 4795 4040 4039
f 4951 4795 4039
f 4041 4758 2618
f 4561 4849 4951
f 4849 545 4951
f 2627 4561 2618
f 4758 4042 2627
f 2627 2618 4758
f 4758 4041 4985
f 4985 4041 2619
f 4041 4805 4043
f 4043 537 4044
f 2617 4044 537
f 4042 556 2627
f 4042 2628 4099
f 2628 4042 538
f 538 2646 2628
f 539 1571 4985
f 4043 4044 536
f 2619 4043 4045
f 4043 536 4045
f 4872 4626 4045
f 4626 539 4045
f 538 1571 2646
f 4796 539 540
f 1571 4796 2629
f 1555 2629 4796
f 4046 4796 540
f 4796 2620 1555
f 4021 2596 4020
f 4020 4046 4021
f 2620 4046 4020
f 4021 4046 2609
f 4046 541 2609
f 4046 540 541
f 4037 4036 1572
f 3330 4627 183
f 183 4627 4047
f 4627 2615 4983
f 4047 542 2621
f 1034 2621 185
f 542 4047 4048
f 4983 4048 4047
f 4929 4983 2615
f 4040 4795 2623
f 4929 4040 2623
f 4058 1573 2623
f 4983 544 4048
f 542 543 2621
f 2621 543 2622
f 3343 185 2621
f 2128 543 1595
f 543 542 4076
f 2625 542 4048
f 1573 2624 544
f 1573 4049 2624
f 1573 4058 4049
f 2626 4058 2623
f 4058 4057 4049
f 1576 4049 4057
f 544 2624 4050
f 4050 2625 544
f 1576 1574 2624
f 4077 2625 4050
f 4077 4050 4078
f 2624 4051 4050
f 4053 4054 4051
f 4051 4052 4050
f 4054 4052 4051
f 4054 4053 1575
f 4055 1575 4053
f 4056 1582 1575
f 1576 4057 1578
f 1576 1578 4055
f 1577 4056 4055
f 1038 4056 1577
f 2130 1038 1577
f 4081 1583 4822
f 1578 1577 4055
f 4081 1577 1578
f 2640 4081 4057
f 2626 545 4058
f 545 2626 4951
f 4090 4561 2627
f 4099 556 4042
f 2645 2628 2646
f 2630 2629 2631
f 2629 2630 4061
f 1579 2631 4069
f 4062 547 4061
f 1580 4060 1579
f 1580 1579 4059
f 4064 4562 2632
f 4064 2632 4062
f 548 2632 4065
f 4562 4065 2632
f 4065 2633 548
f 4066 4065 4562
f 4562 2634 4066
f 4067 2634 4562
f 4066 2634 549
f 2634 546 549
f 2634 4067 546
f 546 4068 549
f 4059 4071 550
f 4059 4069 4071
f 4069 2635 4071
f 1554 4070 4069
f 2598 4074 1581
f 4073 1581 4075
f 4072 551 4071
f 2128 1595 1041
f 4076 542 2625
f 2658 4054 1582
f 4056 4079 1582
f 3351 3350 1582
f 4079 3352 3351
f 1051 4822 4082
f 1051 4082 193
f 1584 4082 1583
f 1584 2638 1585
f 1583 4081 4087
f 2637 552 4086
f 2833 2636 4083
f 4083 2636 4087
f 4095 4419 4083
f 2833 4083 4419
f 2638 2833 4086
f 1053 4085 4086
f 2638 4085 2639
f 2639 1586 1585
f 1585 1586 3356
f 3355 1585 3356
f 3355 193 4082
f 3356 1586 2138
f 1586 2663 2138
f 4084 2662 1586
f 4084 1586 2639
f 4958 4084 2639
f 4085 4958 2639
f 4057 4058 2640
f 4058 545 4089
f 4090 4849 4561
f 556 4090 2627
f 4089 4087 2640
f 4088 4083 4089
f 4088 4095 4083
f 4849 553 4089
f 553 4091 4092
f 4093 4092 4091
f 2641 4094 4092
f 2641 1587 4094
f 1587 4095 4088
f 4096 4095 1587
f 1795 4096 1587
f 2641 554 4422
f 1797 4422 554
f 554 4093 2642
f 555 1588 554
f 4808 555 4107
f 554 4107 555
f 4107 554 2642
f 4093 2643 2642
f 1589 2644 2643
f 1589 4093 4091
f 2644 1589 4097
f 2647 2643 2644
f 4101 2644 4797
f 4797 4097 556
f 4797 4098 4735
f 2645 4098 4099
f 2655 4098 2645
f 4100 2654 558
f 558 4735 4100
f 4101 4797 4735
f 1590 2644 4101
f 4103 2644 1590
f 2643 2647 557
f 557 2649 2653
f 1592 2648 557
f 4103 1590 1591
f 558 4102 1591
f 558 2654 4102
f 4433 1591 4102
f 4104 560 1593
f 2648 1593 1594
f 4913 1594 2650
f 2651 2649 1594
f 2649 4105 2653
f 2651 2652 4105
f 2651 4105 2649
f 1594 4913 2651
f 2651 4913 1798
f 4106 1798 4913
f 4106 4913 2650
f 2845 561 560
f 4107 4105 4808
f 563 559 564
f 4103 559 2647
f 559 4103 564
f 1591 564 4103
f 1591 2847 564
f 4579 716 563
f 563 716 4431
f 2847 1591 4433
f 565 2849 4102
f 2665 565 2654
f 2656 4823 2655
f 2632 2656 547
f 547 2655 2645
f 3350 3374 4080
f 3374 4108 4080
f 4108 2657 4109
f 2657 3381 4110
f 4629 4109 4628
f 4110 1067 4628
f 4111 4629 4628
f 2658 4109 2659
f 4054 2658 4052
f 2659 4052 2658
f 4629 4114 2659
f 4112 4629 4111
f 1070 4111 1068
f 1595 4076 566
f 1595 566 4703
f 4113 566 4077
f 566 4602 4703
f 4113 4602 566
f 4113 4736 4602
f 4602 4736 3393
f 4736 3392 3393
f 4736 2661 3392
f 4112 3392 2661
f 4114 4078 4052
f 4050 4052 4078
f 4078 4114 4736
f 2139 4115 4814
f 1586 2662 2663
f 1597 2662 4115
f 2139 1597 4115
f 1596 1075 2663
f 1597 214 1596
f 1597 2162 214
f 551 1598 4071
f 568 549 567
f 4066 549 568
f 1600 4065 568
f 4117 570 1599
f 2665 569 565
f 2665 1600 569
f 1600 2665 2633
f 2633 2665 548
f 1151 1601 4937
f 4119 1602 4896
f 1603 1601 1602
f 4118 1601 1603
f 4630 2228 4118
f 1604 1605 4122
f 1604 4630 1603
f 4630 1604 4122
f 4119 4120 1603
f 1603 4120 571
f 1603 571 1604
f 1604 571 4121
f 4123 571 4124
f 4123 2666 4121
f 4686 4859 4123
f 4859 2666 4123
f 4689 2666 4859
f 4136 2666 4689
f 1607 575 4859
f 4119 1608 4120
f 1608 2672 4124
f 4896 1608 4119
f 3529 4781 1609
f 1610 3529 1609
f 4126 1610 4125
f 2228 4126 4125
f 4127 3529 1610
f 1610 4126 4127
f 2667 4127 4126
f 4129 1611 2667
f 4127 280 3529
f 2667 1611 4631
f 2668 1611 4129
f 1605 572 1612
f 572 573 1612
f 2668 4130 4128
f 2668 4132 4130
f 2668 1612 4131
f 2668 4131 4132
f 4133 573 4136
f 4130 4132 1613
f 4128 4130 4824
f 1613 2669 4130
f 2880 737 2669
f 738 2883 4824
f 4631 1611 4128
f 4128 2670 4631
f 4631 2670 4135
f 280 4631 4687
f 4873 2671 4134
f 2883 2671 4873
f 4133 4136 4482
f 4482 4136 4484
f 4484 1833 4581
f 4689 575 574
f 4141 574 575
f 4686 4123 4137
f 4123 4124 4137
f 4563 4137 2672
f 2672 1608 2674
f 1615 1608 1614
f 2672 2674 4563
f 1615 4564 1608
f 4138 4918 1615
f 4564 1615 4918
f 2685 4139 4918
f 1627 4139 2685
f 4157 4139 1627
f 4139 4564 4918
f 4564 4157 1617
f 4564 1617 2674
f 4160 4140 4688
f 4140 4798 1617
f 4150 4137 2673
f 4686 4150 4144
f 2675 4141 4142
f 4145 2675 1618
f 2675 4145 576
f 4142 1607 4143
f 1607 4144 4143
f 577 4143 4144
f 4203 4565 1618
f 4565 4145 1618
f 2888 576 4145
f 1619 2888 4145
f 4203 1618 4143
f 4146 1619 4147
f 4148 607 4206
f 1625 1626 4218
f 4149 1625 4804
f 4149 4804 578
f 1622 4149 4952
f 4738 4952 2678
f 2678 4154 1624
f 579 4143 577
f 4150 2673 4151
f 4140 2673 4798
f 2673 2686 4151
f 4150 4151 1623
f 577 4159 4152
f 4152 579 577
f 4153 4229 1663
f 4153 4882 4229
f 1624 4154 2725
f 580 1624 4165
f 580 2678 1624
f 4566 4952 4738
f 4155 4952 4566
f 4738 1628 4566
f 2684 4566 1628
f 2684 4155 4566
f 2679 2682 4156
f 4149 1622 1625
f 2681 1626 1625
f 581 4217 1626
f 2680 581 1626
f 2680 1626 2681
f 4156 4999 1622
f 2679 2684 2683
f 284 2680 2685
f 4156 2682 4999
f 4999 2682 1627
f 1627 2682 4157
f 4696 4158 4336
f 4497 4158 1621
f 4632 1833 4689
f 1833 4632 1832
f 4159 577 1623
f 579 4152 1663
f 4162 4153 4567
f 4153 4159 582
f 4567 4160 2683
f 2683 2684 4163
f 1628 2689 2684
f 4161 2688 2678
f 580 583 4161
f 4153 4162 4882
f 1628 2687 2689
f 2687 4164 584
f 2688 4161 2690
f 2691 4164 2690
f 4161 583 4170
f 580 4165 583
f 590 583 4165
f 2699 583 590
f 4164 2691 2692
f 4169 584 2692
f 584 4166 2689
f 4169 4168 4166
f 1629 2689 4166
f 4162 4163 1629
f 4168 4167 1629
f 4168 4169 1630
f 1630 4169 1631
f 4169 2692 1631
f 2692 585 1631
f 2693 4170 1632
f 4171 1632 4170
f 586 587 2693
f 1632 1633 586
f 1632 4171 1633
f 2694 1633 2695
f 587 586 2696
f 587 2690 2693
f 587 2691 2690
f 585 4173 2697
f 4173 585 2691
f 1630 588 4168
f 588 1635 4168
f 4172 1668 1630
f 1630 589 4172
f 1630 1631 589
f 1636 589 1631
f 2695 2698 1672
f 1633 4175 2698
f 4175 4250 2698
f 4170 2699 4171
f 4251 4175 2699
f 4250 4175 4251
f 590 4251 2699
f 591 589 1636
f 1634 592 4174
f 4178 592 1634
f 1634 1638 4178
f 4176 4254 591
f 2700 591 1636
f 1637 2700 2697
f 1639 2700 1637
f 4176 2701 4257
f 2701 4176 2700
f 2701 2700 1639
f 4179 1637 4181
f 2701 594 2702
f 4257 2701 2702
f 4174 592 4181
f 2695 1640 1638
f 1640 2695 1671
f 1671 593 1640
f 1641 593 1671
f 593 1641 1678
f 1640 4182 4178
f 4181 592 4177
f 4179 4181 596
f 594 1639 4179
f 595 594 4179
f 599 594 595
f 599 1642 594
f 4739 4180 596
f 2703 4181 4177
f 597 593 1678
f 593 597 2704
f 593 2704 1640
f 2703 4177 4182
f 4182 2705 2703
f 596 2703 2705
f 2704 1643 2705
f 2705 1643 4183
f 4739 2705 4183
f 2707 4183 2706
f 1644 4183 2707
f 1644 4184 4183
f 4184 4739 4183
f 4184 1644 4185
f 1644 598 4185
f 4189 1644 2707
f 1644 4186 598
f 4180 4185 603
f 4187 599 595
f 4187 1645 599
f 4188 599 1645
f 1642 599 600
f 4188 601 600
f 4186 2742 4190
f 4200 2708 598
f 2708 4185 598
f 4185 2708 603
f 1646 603 4191
f 2708 4191 603
f 1648 4191 2708
f 4191 4194 1646
f 4194 4195 1646
f 1646 4196 1645
f 4192 1645 4196
f 4192 4188 1645
f 4193 2708 4200
f 1648 2708 4193
f 4191 1648 604
f 4191 604 4194
f 4202 604 605
f 2710 4198 4194
f 4197 2745 4195
f 4198 1647 4195
f 4197 4195 1647
f 4199 4200 4201
f 1648 4193 606
f 2709 1648 606
f 606 4193 4199
f 1696 1649 4199
f 4199 4201 1696
f 1697 2710 4202
f 2710 2711 4198
f 2711 1705 4198
f 1697 2711 2710
f 1651 4205 4147
f 1650 4205 1651
f 1652 4205 1650
f 2712 4205 1652
f 4565 4203 1651
f 4147 4565 1651
f 607 4147 4205
f 4207 4206 2712
f 4825 1650 4204
f 1650 4208 1652
f 4208 4209 1652
f 608 4209 4208
f 4209 608 1653
f 4209 1654 4207
f 4207 1654 27
f 4207 31 4206
f 2983 793 31
f 793 1892 1655
f 4148 793 1655
f 1653 3570 1654
f 4210 3571 1653
f 3571 4210 1209
f 4211 4210 608
f 4208 4211 608
f 1650 4825 4208
f 3574 609 301
f 610 609 4228
f 1621 1655 4497
f 611 3596 301
f 2301 4214 4212
f 4212 1656 2301
f 2301 3596 611
f 611 301 2713
f 2713 4214 611
f 4214 2714 4213
f 2713 2715 4214
f 2713 4227 4914
f 4224 4914 4227
f 2715 2716 2714
f 2717 2714 2716
f 4752 2303 3600
f 308 4215 3600
f 1657 612 2716
f 2718 1657 2720
f 2718 2720 1659
f 2718 4218 1626
f 612 2717 2716
f 4218 2718 1659
f 2719 2720 1658
f 578 1659 2719
f 4804 1659 578
f 2725 4154 578
f 2719 1658 4219
f 4220 4914 4224
f 4220 4221 613
f 613 4221 614
f 4222 614 4221
f 4219 614 4223
f 4223 4222 2723
f 4222 4223 614
f 4221 4224 615
f 4221 615 4226
f 4222 4221 4226
f 2723 4222 4225
f 1661 4225 4226
f 615 4224 616
f 4825 4204 2721
f 1662 4204 4203
f 1662 2721 4204
f 1662 1664 2721
f 4232 1664 4229
f 2721 4230 4825
f 4230 4231 4233
f 4232 2722 4231
f 4231 2722 617
f 4882 4232 4229
f 4690 2722 4232
f 619 617 2722
f 4233 1661 4234
f 4234 618 1665
f 4234 616 610
f 4227 610 616
f 4234 610 618
f 615 4234 1661
f 1661 617 4225
f 619 4225 617
f 619 2723 4225
f 4223 2723 4874
f 619 2724 4874
f 4235 4240 4252
f 4240 4223 620
f 4239 4874 2724
f 4239 2724 2727
f 2728 2727 2724
f 4690 2724 2722
f 4690 4232 1666
f 2726 4235 4252
f 590 2726 4252
f 4165 2726 590
f 4167 4232 4882
f 1635 588 1667
f 1667 2728 1666
f 1666 4167 1635
f 1635 1667 1666
f 4236 2728 1667
f 2728 4236 2727
f 2727 4238 4239
f 4238 4236 2730
f 2730 4236 4237
f 4236 1667 1668
f 4172 589 1669
f 4172 2731 1668
f 2731 4237 1668
f 2729 620 4239
f 1670 4240 620
f 591 4254 1669
f 1669 4241 2731
f 4241 4237 2731
f 4237 4241 621
f 4242 621 4241
f 4691 4243 4242
f 4242 4243 621
f 4243 4245 621
f 2732 4244 4691
f 4691 4692 2732
f 1677 2732 2736
f 2733 4244 2732
f 1675 1672 2733
f 4244 4247 4243
f 4247 4897 4245
f 4245 2730 621
f 4245 4246 2730
f 4240 1670 4252
f 2729 4897 4253
f 4897 4247 2734
f 622 4248 4247
f 4248 2734 4247
f 4248 1674 2734
f 4248 1673 2735
f 4248 4249 1673
f 1672 4249 2733
f 625 4249 1672
f 624 2735 1673
f 4250 2735 624
f 4250 623 2735
f 1673 625 624
f 4250 624 2698
f 623 4250 4251
f 623 1674 2735
f 626 623 4251
f 1670 4253 626
f 1674 623 626
f 627 4241 4254
f 4255 4691 4242
f 4255 4242 627
f 627 2737 4255
f 1671 1675 1641
f 1676 1675 1677
f 4692 4255 4258
f 2737 627 4176
f 4256 2737 4176
f 2737 4256 4255
f 4258 4255 4256
f 4256 628 4258
f 4256 4257 628
f 4259 2739 4258
f 4259 4258 628
f 4258 2736 4692
f 2739 2736 4258
f 2736 2738 1677
f 1679 1677 2738
f 2739 2738 2736
f 4259 629 2739
f 4259 630 629
f 1679 1681 1678
f 2738 629 1680
f 2738 2739 629
f 1678 1681 1682
f 1643 597 1682
f 4264 1643 1682
f 1687 600 601
f 1642 600 630
f 4260 629 1687
f 631 4260 1687
f 2741 2740 4260
f 2741 1684 4261
f 1684 2741 1683
f 1689 4261 1684
f 4931 4270 4261
f 1686 4264 1682
f 4263 632 1681
f 602 1686 4930
f 1686 602 4264
f 2742 1691 4190
f 602 4930 4265
f 2707 602 4265
f 4265 4189 2707
f 1691 1692 4190
f 4192 601 4188
f 4192 1687 601
f 4196 4266 4192
f 4273 631 4267
f 1688 633 1683
f 634 1683 633
f 634 1684 1683
f 2743 634 2748
f 4262 4270 632
f 4265 4930 1690
f 1690 4930 2744
f 4271 4270 4931
f 2744 2748 4272
f 2744 4272 1690
f 4201 4200 1692
f 4196 4267 4266
f 4267 4268 4266
f 2745 4267 4196
f 4273 2745 1693
f 4269 4273 4275
f 1694 637 4273
f 1693 1694 4273
f 4197 1647 2746
f 2746 1693 4197
f 1693 2746 1694
f 2747 1705 4274
f 638 1695 4274
f 637 1694 639
f 4269 4275 1688
f 4275 640 1688
f 633 642 634
f 636 2748 634
f 636 4276 4272
f 2748 636 4272
f 1692 4272 4276
f 1692 4276 4568
f 641 1696 2749
f 1692 2749 1696
f 4201 1692 1696
f 1649 4277 605
f 4202 605 4277
f 646 4202 4277
f 4277 4693 646
f 4280 4693 4281
f 4277 1649 1698
f 4281 1698 641
f 1699 4281 641
f 4568 4276 4278
f 1703 2752 640
f 645 644 640
f 4278 642 4279
f 1699 4278 2750
f 2750 4281 1699
f 4281 2750 2751
f 4278 4279 2750
f 2750 4279 643
f 4279 633 644
f 1702 643 644
f 643 2751 2750
f 646 4282 1697
f 1697 1700 2711
f 4282 1701 638
f 1701 4282 4280
f 1704 1701 2751
f 2751 643 4284
f 1702 645 4283
f 4284 1702 4283
f 4284 4283 4285
f 4569 4284 4285
f 2751 4569 1704
f 4569 4285 4286
f 1703 637 4286
f 4287 4286 639
f 4286 637 639
f 4288 4287 639
f 4287 4288 1704
f 4288 639 1694
f 1701 1704 4288
f 1701 4288 1695
f 1695 4288 1694
f 638 4274 1705
f 2711 647 1705
f 647 2711 1700
f 4965 2882 4473
f 2885 2753 4479
f 3677 4289 4294
f 4289 3677 4295
f 2884 4295 3677
f 4295 2884 2753
f 1706 2882 4965
f 4965 648 1706
f 4291 648 4290
f 4291 4292 2754
f 1718 656 4291
f 4292 4291 4290
f 2754 1707 4293
f 4694 4293 1707
f 2756 1731 2755
f 2756 4694 4884
f 1738 1708 4694
f 4694 2772 1738
f 4694 1707 2772
f 2772 1707 4334
f 4294 4289 2757
f 1709 4302 1710
f 2757 1710 1713
f 4296 2757 4570
f 649 1711 4296
f 4296 1712 649
f 650 1712 4570
f 4298 1713 1714
f 4299 651 4297
f 2759 651 4299
f 4297 654 4299
f 4571 652 4297
f 4298 4571 651
f 1710 4759 1714
f 652 654 4297
f 2762 4730 2541
f 2762 652 653
f 1714 4759 2758
f 4302 655 4301
f 655 2753 1827
f 2885 1827 2753
f 2882 2760 1827
f 4291 1716 648
f 656 4303 1716
f 655 1827 4306
f 2760 1716 4306
f 4303 4306 1716
f 4303 1719 1717
f 1719 4303 656
f 1718 2754 1730
f 4293 1730 2754
f 1730 4293 2755
f 1730 4991 1718
f 4304 1718 4991
f 4972 1719 656
f 4306 4301 655
f 4305 657 659
f 659 1720 658
f 4301 658 1720
f 4306 4308 4301
f 4306 1717 4308
f 4307 659 658
f 2765 4307 4695
f 2765 659 4307
f 2761 659 1722
f 1722 659 2765
f 4826 1722 660
f 653 1715 4300
f 653 4300 2762
f 4939 4309 660
f 4826 2545 3944
f 2541 4802 654
f 2759 4310 649
f 649 4310 1711
f 3686 4311 2763
f 1723 4311 3686
f 1724 1723 3686
f 2764 4940 4311
f 1754 2764 4740
f 661 1725 4850
f 1725 4786 4850
f 4786 1726 4850
f 491 1483 2375
f 1487 4802 2541
f 2545 1726 1483
f 4850 1726 662
f 4850 662 661
f 663 662 1726
f 4309 663 2545
f 2765 4939 660
f 4312 4939 2765
f 4312 2765 4695
f 2786 4939 4312
f 4695 2787 4312
f 1719 4972 2766
f 4351 4972 664
f 664 4972 665
f 664 665 4313
f 1729 4313 1727
f 4972 656 4304
f 4304 2767 1728
f 1728 4972 4304
f 1727 665 1728
f 666 4314 1728
f 1753 4313 1729
f 1729 4883 2768
f 1729 1732 2769
f 1729 4314 1732
f 4314 666 678
f 666 2767 667
f 2755 1731 1730
f 2756 4315 1731
f 4315 4575 1731
f 667 4353 666
f 678 666 4353
f 2769 1732 4316
f 4883 2785 2768
f 2769 4316 4573
f 4317 4498 4320
f 1757 4315 668
f 668 4315 2756
f 1757 668 4319
f 4318 4319 668
f 668 2771 4318
f 2771 4332 4318
f 4330 1733 4318
f 4319 4318 1733
f 669 4321 4320
f 1762 669 4366
f 4323 4320 4321
f 670 4321 4322
f 2799 670 4322
f 4325 670 2799
f 4326 671 4325
f 671 1734 4327
f 672 671 4327
f 4326 4384 1734
f 1734 4384 2817
f 2770 1735 4352
f 2817 2818 1735
f 4352 4340 4328
f 4323 670 1736
f 2784 677 4328
f 1743 1749 2784
f 4884 4331 2771
f 1737 4332 4335
f 1739 4333 1830
f 4331 4335 4332
f 4336 4335 4331
f 4331 4851 4336
f 2773 4336 4851
f 4851 1738 2773
f 1738 2772 2773
f 4333 2773 2772
f 2773 4333 1739
f 4158 4335 4336
f 1740 4404 4740
f 2775 661 662
f 675 2776 2775
f 2777 4329 4338
f 2777 2778 4329
f 4339 1741 2780
f 2777 1745 1741
f 1745 673 1742
f 4339 2781 2779
f 2779 2781 2831
f 1749 1743 4339
f 4339 1743 4340
f 2780 676 1750
f 1745 674 4341
f 4337 674 4338
f 4338 674 2777
f 674 4337 675
f 675 4337 2776
f 2775 4799 675
f 4343 4799 662
f 4343 662 4344
f 4345 4344 4939
f 4342 4343 4344
f 4342 4344 4345
f 4939 2786 4346
f 4634 2782 2783
f 1746 675 4799
f 674 675 1746
f 1747 4341 1746
f 1747 1748 4341
f 673 4341 1748
f 673 1748 1744
f 1750 2784 1749
f 1750 676 4347
f 2784 1750 4347
f 2784 4347 1751
f 4323 677 4919
f 4320 4323 4919
f 4919 677 4316
f 677 4573 4316
f 2784 1751 4573
f 1751 2785 4883
f 4348 2785 1751
f 1751 4347 4348
f 1752 4634 4349
f 2783 4349 4634
f 2783 4346 4574
f 1753 4346 4351
f 4348 1752 4349
f 2785 4348 4350
f 4349 4574 4350
f 4350 4574 1753
f 4350 1753 2768
f 1753 4351 664
f 4346 2786 4351
f 2786 2787 4351
f 4352 2781 4340
f 1777 2831 2781
f 4353 667 4575
f 678 1732 4314
f 1732 678 4741
f 678 4353 4354
f 4741 4354 679
f 4354 4353 2789
f 4354 2789 681
f 4498 680 4576
f 680 679 1755
f 679 4354 1755
f 4315 4356 2789
f 2789 4575 4315
f 1755 2790 4358
f 4355 4357 681
f 682 4355 4356
f 1756 2790 4357
f 4358 2791 1755
f 680 2796 4576
f 4359 2793 4358
f 1756 4362 2790
f 4360 1756 4357
f 682 2792 4355
f 4361 682 1757
f 2807 5000 2792
f 4362 1756 4360
f 2793 4359 2794
f 1758 1998 2795
f 1998 1758 1759
f 683 1759 1758
f 2793 2794 3153
f 2793 3153 4364
f 2796 2797 4365
f 4367 1761 4697
f 4365 4697 1761
f 4852 4367 1763
f 4367 4852 4366
f 4367 4697 1763
f 2797 1764 4697
f 1764 2797 4853
f 4853 2797 1765
f 4875 4853 110
f 1765 110 4853
f 4370 4875 685
f 4370 4853 4875
f 4370 1764 4853
f 1764 1767 1763
f 4852 1763 684
f 1763 2798 684
f 2803 2798 1763
f 2801 2800 2802
f 2800 2798 2802
f 4369 4368 2800
f 4369 2799 4368
f 1766 4325 2799
f 4325 1766 4326
f 1766 4384 4326
f 2803 2802 2798
f 4371 1767 4370
f 4371 920 4577
f 4371 4577 4372
f 4373 685 111
f 2009 4373 111
f 2009 111 4866
f 113 1997 2804
f 1997 4364 2804
f 4364 928 2804
f 4745 1998 1759
f 1759 2806 2805
f 4363 4362 686
f 4360 2808 4362
f 683 4966 2806
f 2806 4966 2809
f 2808 686 4362
f 4374 2808 2807
f 4374 4375 691
f 4375 687 691
f 4375 682 4361
f 4361 2813 687
f 689 1769 1768
f 4806 1769 689
f 1769 4806 690
f 686 2808 690
f 1770 4377 114
f 114 2810 4376
f 2809 1770 4376
f 2805 2806 4376
f 4379 691 687
f 4379 688 691
f 692 4378 688
f 1771 692 693
f 2811 4378 1771
f 1771 116 2811
f 687 694 4379
f 687 2813 694
f 4380 2812 4379
f 4380 694 2003
f 2001 4380 3161
f 4381 4577 920
f 4382 127 2010
f 4382 1773 935
f 4898 1773 4382
f 4898 4382 4390
f 2814 2802 4372
f 2814 697 2802
f 695 4383 2814
f 695 2814 1772
f 2814 4577 1772
f 695 1772 1773
f 695 2821 4383
f 4410 2821 695
f 4383 696 697
f 698 697 4385
f 2800 698 1774
f 1774 4386 1766
f 4384 4386 2816
f 4385 4386 1774
f 2821 4389 696
f 2815 4385 696
f 2815 700 4386
f 2817 2816 1775
f 700 4387 699
f 700 2816 4386
f 1776 4387 700
f 1776 4388 4387
f 699 2819 1775
f 1775 2818 2817
f 2818 2819 701
f 701 2819 702
f 1778 702 2819
f 2818 1777 1735
f 1735 1777 2781
f 701 4578 1777
f 2820 4578 701
f 702 2829 2820
f 1778 4387 4388
f 1776 4411 4388
f 4389 2821 4410
f 4898 695 1773
f 3177 2014 2822
f 4392 4391 1781
f 4393 3185 4392
f 3181 4393 4394
f 2822 939 4394
f 4394 4395 2822
f 4394 4393 4395
f 703 4395 4393
f 703 4393 4392
f 1780 703 1781
f 1781 703 4392
f 3177 2822 1779
f 2823 3180 3177
f 706 2823 2828
f 2828 2823 4396
f 2823 3177 4396
f 3177 1779 4396
f 2827 1780 2824
f 2824 3188 2825
f 2827 2825 2826
f 3188 3245 1782
f 2826 2825 704
f 704 2830 2826
f 1780 2827 2826
f 1783 2826 2830
f 2826 1783 1780
f 1784 703 1780
f 1784 4395 703
f 4396 1779 1784
f 4396 1784 4397
f 1784 1785 4397
f 706 2828 4408
f 1786 4399 706
f 2018 4399 1787
f 2018 4401 4400
f 1787 4401 2018
f 4402 4401 1787
f 4388 4402 1778
f 702 1778 4402
f 4402 1786 2829
f 2829 1786 4403
f 706 4403 1786
f 2829 4403 2820
f 2828 4398 4905
f 4398 4407 4905
f 4407 4398 705
f 4633 1789 1788
f 4407 705 1789
f 707 4836 4405
f 707 2830 4836
f 1545 4836 704
f 4633 4329 2778
f 4329 4633 4404
f 4405 1754 4404
f 4836 2788 4405
f 4404 1754 4740
f 4329 4404 4406
f 4338 4406 2776
f 4338 2776 4337
f 4407 2832 4905
f 1777 4578 2831
f 4409 4905 2832
f 2832 4578 4409
f 2832 2831 4578
f 2831 2832 2779
f 4410 4898 4411
f 4390 4411 4898
f 1776 4410 4411
f 1776 4389 4410
f 4388 4411 4400
f 4388 4401 4402
f 4022 529 1792
f 4413 1551 3257
f 4413 4412 1551
f 529 1551 4412
f 4414 4413 986
f 986 4413 3257
f 4413 4414 4415
f 4416 4415 4704
f 4416 4413 4415
f 4704 1793 4416
f 708 4704 4415
f 4894 1791 551
f 4412 4894 1792
f 1791 1793 4440
f 1793 4704 719
f 4704 1790 719
f 1802 1793 719
f 4419 2637 2833
f 2637 4419 552
f 2140 1053 552
f 4899 710 552
f 552 4419 4899
f 4419 4096 1794
f 4096 1795 2835
f 2835 1794 4096
f 4899 2835 4420
f 4899 2834 710
f 710 2834 2141
f 1059 2834 4420
f 1795 4420 2835
f 4422 1796 2641
f 2641 1796 1795
f 4420 1795 2836
f 4423 3364 2836
f 4421 4423 1796
f 4423 3365 3364
f 4425 4523 4424
f 4423 4421 4424
f 554 1588 1797
f 4837 1797 1588
f 1588 4428 4837
f 2840 1798 4106
f 2845 4895 561
f 716 2844 4895
f 711 562 2652
f 4426 711 2652
f 4426 1799 711
f 4427 1799 712
f 4428 562 713
f 2837 4428 713
f 713 4427 2839
f 2839 2837 713
f 2838 4428 2837
f 2842 2837 2839
f 4429 2842 2839
f 4429 2839 712
f 2841 4429 2840
f 2842 4429 2843
f 714 4425 4421
f 4425 4424 4421
f 2842 2843 714
f 4430 4425 714
f 4698 4876 4430
f 4698 4430 715
f 715 4430 2843
f 2844 2846 715
f 2841 2844 715
f 2846 4432 4698
f 4432 4635 4698
f 4434 4698 4635
f 4435 1801 4635
f 564 2847 4579
f 4967 2847 4433
f 717 4435 4967
f 4523 2848 3397
f 709 3397 2848
f 4876 1800 2848
f 4418 2848 1800
f 4635 1801 4434
f 4932 4417 1801
f 717 4932 4435
f 4760 4932 717
f 718 717 4433
f 4760 4436 4932
f 4436 4417 4932
f 2849 4117 4437
f 4436 4760 1803
f 1803 4760 1804
f 1802 1803 4439
f 1793 1802 4440
f 551 1791 1598
f 4440 4438 1598
f 2850 4439 2851
f 2850 2851 4737
f 2850 4737 4116
f 2850 4438 4439
f 2850 4116 2664
f 4438 2850 2664
f 2851 4439 1803
f 2851 1803 1804
f 1804 4437 567
f 567 4437 1599
f 4437 4117 1599
f 3562 4441 2280
f 720 1387 2444
f 720 4700 3815
f 734 4700 720
f 4441 3632 1820
f 2852 721 1207
f 1207 2283 2852
f 3567 300 1805
f 2283 1805 2852
f 1805 2855 2852
f 4442 2852 2855
f 4444 1805 300
f 4444 2854 1805
f 4448 4444 1807
f 2853 4445 300
f 3568 4877 3569
f 4446 4447 2853
f 4877 1806 3569
f 3569 4446 2853
f 1806 4877 4449
f 4449 4446 1806
f 722 4449 4877
f 2862 4446 4449
f 723 4447 4446
f 4447 1807 4445
f 4800 2451 4448
f 4448 2854 4444
f 2854 4448 2856
f 2855 2856 4443
f 2451 2857 2856
f 2451 4800 4454
f 4800 4448 1807
f 1807 4447 724
f 723 2858 4447
f 723 4446 2862
f 725 723 4450
f 4450 723 2862
f 2861 3527 727
f 1808 424 425
f 4456 1808 425
f 2456 2863 2859
f 2860 1810 1809
f 4457 2860 2864
f 2864 2860 1809
f 4457 726 2860
f 3526 727 3527
f 4580 2862 4461
f 4580 728 4450
f 725 4450 728
f 724 2858 1811
f 1811 725 4453
f 4451 728 4580
f 4452 2868 4580
f 4580 2868 1814
f 4580 1814 4451
f 4453 4455 1811
f 4454 4800 1811
f 425 3825 4455
f 2863 1808 4456
f 2863 1812 4699
f 4455 4453 1812
f 731 4457 4973
f 726 4457 2892
f 4457 731 2874
f 4458 2865 2261
f 2865 4458 1813
f 2865 1813 4460
f 1844 4459 1813
f 1813 2866 4460
f 4463 2867 2866
f 2865 4460 4880
f 4460 729 4880
f 729 4460 4636
f 2866 2867 4636
f 4461 4636 1816
f 4452 730 2870
f 730 4452 4461
f 1815 4453 1814
f 1812 4453 1815
f 2868 2871 1814
f 1816 4636 2867
f 730 1816 2869
f 2870 730 2869
f 2869 2871 2870
f 1817 2871 2869
f 1817 4462 2871
f 4827 4462 1817
f 2869 2872 1817
f 1817 2872 4827
f 1816 2872 2869
f 2873 1816 2867
f 2872 2873 732
f 732 4827 2872
f 2874 731 4637
f 731 4827 4637
f 4637 4827 732
f 2873 4464 4761
f 4464 2873 1818
f 2873 2867 1818
f 4637 732 4465
f 2874 4637 2898
f 2898 4466 2874
f 2892 2874 4466
f 4468 1850 4465
f 2875 4761 4464
f 4467 4468 2875
f 1819 751 4467
f 3815 4700 452
f 4700 734 4469
f 734 720 1820
f 1821 1820 3632
f 456 1432 1822
f 4469 1822 452
f 3872 3873 1822
f 2876 3872 1822
f 4471 2876 4469
f 4470 734 2878
f 4470 3880 2877
f 3880 458 2877
f 4471 458 2505
f 2876 4471 4860
f 1822 3873 456
f 4854 2878 4472
f 721 4442 4472
f 4472 2879 4854
f 4472 1480 2879
f 4131 735 4132
f 4133 1823 735
f 735 1823 2880
f 735 2880 4132
f 4132 2880 1613
f 2880 1823 2881
f 4473 2881 1823
f 1823 4482 4483
f 737 4474 4477
f 4477 4638 737
f 736 738 737
f 738 736 2883
f 2883 281 2671
f 4475 2265 281
f 2883 4475 281
f 282 4485 4476
f 1828 282 2265
f 4638 740 736
f 739 740 4801
f 740 739 4475
f 1824 740 4477
f 4474 2885 4477
f 2885 1824 4477
f 4479 1824 2885
f 4479 4478 1824
f 741 4478 4480
f 4478 741 1824
f 1824 4801 740
f 741 742 4801
f 4478 4479 1825
f 3676 1825 2884
f 4480 1825 1826
f 1827 2885 2882
f 4473 4481 4965
f 4483 4482 4484
f 2887 4483 4484
f 4483 2887 2886
f 2886 2887 1830
f 4484 4581 2887
f 1828 4485 282
f 1828 3114 4485
f 1828 743 3114
f 743 4801 742
f 1828 739 743
f 1971 94 4485
f 2773 1739 2889
f 2889 1831 1832
f 1834 1832 4141
f 1834 4141 576
f 4146 1620 2888
f 1834 1620 2889
f 3525 3524 1835
f 3524 426 1835
f 2890 2860 726
f 2891 2258 2259
f 1837 726 1836
f 1838 744 1837
f 4486 2258 744
f 4486 744 1838
f 1838 745 2894
f 746 2893 4486
f 1839 746 2894
f 2894 745 1839
f 1839 1840 2895
f 279 746 1846
f 2895 1846 746
f 1841 4458 1842
f 1844 1841 747
f 1841 1844 1813
f 1845 1847 1843
f 1847 1845 2896
f 1846 2895 1845
f 1845 1843 1842
f 1840 2896 2895
f 1847 1848 748
f 1847 748 747
f 748 1844 747
f 1844 4582 4459
f 4463 733 4878
f 4701 2897 752
f 4701 4582 2897
f 4487 2897 4582
f 2896 749 2900
f 4466 749 1849
f 1840 745 1849
f 749 1840 1849
f 1836 2892 1849
f 4488 749 4466
f 4466 2898 4488
f 750 2899 1850
f 2899 750 2898
f 4489 2898 750
f 1848 2897 4487
f 2897 1848 2901
f 752 2897 2901
f 2900 4489 2901
f 752 750 751
f 4938 2367 2902
f 2 760 2910
f 2932 1864 2931
f 794 3572 29
f 3537 1151 262
f 2393 4616 3735
f 390 2409 3763
f 1424 4848 2491
f 3898 3073 1452
f 2669 4824 4130
f 1657 4220 2720
f 4240 4219 4223
f 589 591 1669
f 4255 4692 4691
f 1740 1724 661
f 1744 2780 1742
f 696 4383 2821
f 2886 4334 4290
f 4904 754 4583
f 1851 2961 2907
f 2918 758 1853
f 15 4641 1879
f 2941 4585 4639
f 2965 2967 4863
f 90 89 24
f 1887 2977 4586
f 4501 26 789
f 4501 895 788
f 796 2987 800
f 4502 34 4705
f 3014 46 45
f 4915 3024 56
f 18 4506 61
f 4906 61 4506
f 4954 4986 3041
f 3043 3044 3039
f 1967 1885 893
f 100 911 4768
f 3132 913 4511
f 4511 1986 3133
f 3147 791 792
f 4746 3165 943
f 3109 2029 2030
f 4644 4943 830
f 3255 3246 3189
f 3265 3256 4520
f 156 3285 157
f 3289 4521 3275
f 3273 530 2104
f 4855 3336 2147
f 3336 4855 2119
f 1039 2144 4524
f 1076 3394 2163
f 216 2138 2663
f 4941 1093 1094
f 4941 4658 1093
f 581 2233 1156
f 2251 2249 273
f 274 1177 3516
f 2263 2264 1609
f 4125 4809 4979
f 1181 1194 1193
f 1196 901 4492
f 1197 3468 2275
f 1238 2308 2279
f 3561 4819 450
f 2325 1251 3633
f 3659 3235 1292
f 3663 222 338
f 3751 1340 4675
f 3757 1348 388
f 2579 1356 1357
f 2414 3775 1366
f 3773 4869 398
f 2416 414 4558
f 4964 400 3777
f 2417 1371 2418
f 414 2430 3788
f 1347 3748 3793
f 4727 3784 1375
f 3804 368 3805
f 2454 3822 2255
f 3844 3846 3613
f 3847 3848 435
f 1413 3853 3855
f 3855 436 1411
f 3934 3861 4848
f 484 4971 3932
f 1446 4680 488
f 442 488 2489
f 1482 2540 3938
f 3983 3984 1512
f 1515 1516 1514
f 2585 2586 1537
f 4009 1376 2587
f 2433 2432 2574
f 4625 536 535
f 4038 4040 2616
f 4040 2615 2616
f 537 4043 4805
f 4072 4894 551
f 2636 1583 4087
f 1594 1593 2650
f 4077 566 4076
f 550 4116 4068
f 568 1599 570
f 4630 4122 2228
f 4138 1616 4918
f 1617 4688 4140
f 2682 2679 2683
f 584 2689 2687
f 1209 4211 4228
f 4222 4226 4225
f 4230 1664 4231
f 4232 4231 1664
f 4825 4230 1665
f 1660 2726 2725
f 2738 1680 1685
f 2741 4261 2740
f 4568 2749 1692
f 1702 644 645
f 2755 4293 4694
f 3936 4294 2757
f 4696 2774 1829
f 2779 2778 1741
f 1764 4370 1767
f 4370 920 4371
f 2809 686 690
f 4378 2811 689
f 3176 2018 4400
f 4403 706 4409
f 706 4408 4409
f 1791 4416 1793
f 2845 4431 716
f 718 4437 1804
f 4450 2862 4580
f 4452 2870 2868
f 2866 4459 4463
f 1819 4878 733
f 1832 1834 2889
f 279 1846 1842
f 762 763 760
f 2923 2924 2974
f 2994 1903 2996
f 4644 3007 37
f 1911 1912 51
f 84 874 3092
f 83 875 1957
f 99 911 910
f 938 2011 937
f 2813 133 945
f 947 3200 4994
f 2033 2034 3141
f 154 996 2082
f 2090 3288 998
f 4522 1008 2093
f 708 180 4418
f 1059 3364 3372
f 2137 1079 1064
f 3376 3375 191
f 3498 1153 3499
f 4780 1165 2242
f 3513 269 2247
f 3560 4783 3554
f 4611 2288 2295
f 1227 3589 2299
f 3626 1244 3625
f 1260 3640 1265
f 4613 331 1245
f 1271 3077 1270
f 3692 353 3693
f 491 2375 1321
f 1328 2395 381
f 3747 384 3748
f 2418 402 2417
f 409 2425 4559
f 2475 2474 4756
f 3892 1427 1448
f 459 457 1438
f 2508 2509 3887
f 4550 443 1427
f 1449 3635 4834
f 3915 2349 1460
f 3961 2591 514
f 503 505 2559
f 4032 541 1572
f 1585 3355 4082
f 4061 2645 2646
f 1614 1608 4896
f 4999 2685 2680
f 2027 1655 1892
f 2884 4479 2753
f 4309 2545 4826
f 2787 1717 2766
f 4336 2774 4696
f 4741 4317 1732
f 4396 4397 2828
f 712 1799 1798
f 739 1828 2265
f 1834 576 2888
f 754 4904 753
f 755 1851 4583
f 755 754 758
f 758 754 1853
f 2904 2903 759
f 2911 773 2913
f 2919 765 2920
f 2923 2925 2926
f 2942 2939 10
f 2908 2960 2940
f 2944 774 2945
f 2944 12 2949
f 2956 15 1928
f 4641 15 2959
f 2961 2962 2908
f 782 2926 1883
f 785 89 1966
f 90 24 1967
f 30 4743 29
f 1898 1892 2988
f 805 800 2993
f 1910 4490 822
f 4644 825 3007
f 828 1219 3011
f 42 2041 2042
f 44 1915 1920
f 47 3014 1922
f 1924 50 54
f 3023 1928 1927
f 3028 839 1881
f 4906 4589 61
f 3029 4646 3027
f 845 1938 842
f 4954 3040 4986
f 68 4954 3041
f 71 1943 851
f 1948 1939 847
f 3074 862 861
f 3071 3076 863
f 1951 866 1956
f 3078 869 1953
f 868 3078 3644
f 3090 874 83
f 82 3093 3092
f 86 879 2527
f 3095 4744 881
f 3099 882 3097
f 3116 1973 1974
f 3122 3119 4649
f 3125 95 3124
f 902 3120 904
f 3129 907 3128
f 1980 908 97
f 911 3131 3130
f 3132 99 910
f 4511 913 4656
f 1987 4650 4987
f 913 4512 3138
f 3139 3006 1911
f 3319 1901 4513
f 108 106 1994
f 1995 108 1994
f 4866 111 110
f 2805 4745 1759
f 120 3160 2004
f 926 4974 2001
f 3171 931 932
f 2019 2016 2020
f 4391 3185 3186
f 3193 4593 3190
f 3198 4518 3197
f 2813 945 3156
f 948 3199 947
f 3202 4651 3203
f 105 2035 1993
f 2037 2038 3208
f 138 954 3213
f 1917 956 139
f 4749 2047 140
f 2053 4769 966
f 970 3240 3241
f 981 3146 3253
f 974 2062 3246
f 4593 3191 3192
f 4921 4994 978
f 3195 4994 4921
f 3260 2074 3258
f 3264 3265 4520
f 990 3269 991
f 3253 982 992
f 2081 153 3276
f 3280 3263 1000
f 3296 4653 158
f 2088 1004 159
f 4521 1006 3268
f 161 3291 1009
f 3298 166 4494
f 4843 2092 4772
f 3201 1023 978
f 3312 2110 1024
f 2123 181 2126
f 1033 4777 3341
f 3344 1040 3346
f 2132 1039 2133
f 1043 1044 4600
f 2158 2161 1050
f 3355 3396 193
f 198 1060 3367
f 3379 198 3383
f 1595 4703 2660
f 210 3386 1073
f 2158 195 2161
f 212 196 1077
f 219 194 218
f 2164 2163 3394
f 1082 224 3398
f 4605 3408 1089
f 1091 2173 2172
f 1094 3410 231
f 1096 2179 4910
f 4607 2179 3415
f 3417 3421 2178
f 2178 4945 1095
f 4890 1100 2182
f 3430 3425 235
f 238 1100 1103
f 239 3434 2187
f 240 3443 241
f 1117 1166 248
f 2223 2200 3462
f 2198 1132 1127
f 3457 1117 1118
f 3461 4527 3486
f 3488 3502 264
f 2239 1191 3503
f 4969 2242 1165
f 2244 2286 1171
f 2251 274 3516
f 1393 3816 1176
f 2256 3518 276
f 256 2263 2215
f 3549 1194 290
f 4530 3536 291
f 293 2274 4803
f 3554 2274 1204
f 1201 1200 2277
f 3504 3473 1128
f 3575 3573 4610
f 305 3014 45
f 1916 1224 2298
f 3586 4667 2297
f 3587 2045 1286
f 1230 3599 2303
f 319 4612 4668
f 3618 3617 1241
f 3623 3620 1243
f 3896 1245 2316
f 4997 4670 3625
f 1247 3624 318
f 3626 3625 4670
f 3631 3630 322
f 1268 2311 1239
f 331 4980 1245
f 4980 331 1267
f 1268 1267 332
f 867 2340 2339
f 334 1281 2345
f 2348 4947 334
f 3918 3649 4947
f 1289 1288 3651
f 3655 1289 3657
f 4948 3662 3661
f 3681 3678 3679
f 356 1316 1711
f 345 1301 1303
f 1311 3695 1312
f 1312 354 1319
f 357 3703 2542
f 4787 3710 1368
f 2385 363 369
f 1368 355 2391
f 2380 2391 1319
f 3736 3734 4621
f 1333 4539 1336
f 384 383 2435
f 3750 2402 3752
f 1378 3753 2403
f 4788 2406 3753
f 3791 1381 3757
f 2409 1351 4935
f 396 394 1362
f 1362 4789 397
f 3771 3773 398
f 3773 3771 3772
f 4789 3776 397
f 2416 4558 395
f 2417 4540 404
f 4856 4540 2417
f 2422 2420 2423
f 409 3786 2425
f 3797 3789 2434
f 3795 4541 3796
f 3803 2398 3802
f 3806 4542 361
f 4662 2441 4543
f 1388 3818 3819
f 2447 1395 2446
f 1396 2448 420
f 2465 3049 3050
f 4756 1408 435
f 2481 1401 3853
f 1410 2482 3855
f 1422 3544 445
f 4848 1424 3934
f 3862 2497 2494
f 4679 3883 3884
f 1441 1442 1440
f 3875 4791 2503
f 2513 3889 327
f 4550 4548 464
f 2500 4862 3895
f 4834 4862 1449
f 465 4834 3635
f 3900 2516 1453
f 3905 472 1457
f 1274 1457 3907
f 3913 2345 3912
f 474 4702 1461
f 2529 1962 4912
f 488 2536 2489
f 1482 4730 2762
f 1486 4793 3943
f 4794 4682 3952
f 4002 4984 4557
f 504 3975 2557
f 505 503 3963
f 3986 3978 3984
f 2571 2572 3985
f 2578 2579 1523
f 2566 4820 519
f 4624 4000 2558
f 4002 4556 4984
f 4001 4556 4002
f 4732 4557 4731
f 1534 4002 1533
f 4982 4001 1534
f 4015 2569 3981
f 1538 2590 4016
f 1538 4685 2590
f 528 1546 1549
f 4821 530 3272
f 2611 1562 534
f 2611 4036 4872
f 1568 2616 2615
f 4561 4951 2618
f 4758 4985 538
f 4951 4805 4041
f 4796 1571 539
f 2620 4796 4046
f 1600 2633 4065
f 4735 4098 4100
f 4823 2654 4100
f 4823 2665 2654
f 2655 547 2656
f 4077 4078 4113
f 550 4071 2664
f 4737 4068 4116
f 2664 4116 550
f 4689 4859 575
f 4122 4126 2228
f 4126 4122 1606
f 4824 4873 2670
f 4631 4135 4687
f 4142 4141 575
f 4138 1186 1616
f 1617 4157 4688
f 1617 4798 2674
f 4146 2888 1619
f 2676 2677 1620
f 2677 4696 1620
f 2682 4688 4157
f 2680 284 4608
f 4164 2688 2690
f 2697 4173 1637
f 2702 594 1642
f 4198 4195 4194
f 2712 4206 607
f 2712 4209 4207
f 4211 1209 4210
f 4245 4243 4247
f 2734 1674 4253
f 1679 1676 1677
f 631 2741 4260
f 631 1687 4268
f 637 4275 4273
f 1704 4569 4287
f 1620 4146 2676
f 1709 1710 4289
f 1713 4570 2757
f 1709 655 4302
f 4304 4991 2767
f 1728 665 4972
f 669 4576 4365
f 1736 4324 672
f 4332 2771 4331
f 1742 673 1744
f 4357 2790 1755
f 4576 2796 4365
f 1774 4369 2800
f 2808 1769 690
f 689 2811 4377
f 697 698 2801
f 2800 2801 698
f 2815 696 4389
f 2014 939 2822
f 2828 4397 4398
f 705 4397 1785
f 4633 1788 4405
f 4338 4329 4406
f 4415 3282 708
f 552 710 2140
f 1798 2840 712
f 719 1790 4436
f 4437 718 2849
f 1820 720 4441
f 3527 722 1178
f 2862 722 2861
f 1812 4456 4455
f 2870 2871 2868
f 4468 4761 2875
f 2881 737 2880
f 2882 4474 2881
f 1835 1810 2860
f 2891 726 1837
f 747 1843 1847
f 2900 1848 1847
f 748 4582 1844
f 749 4488 2900
f 752 751 4701
f 1304 4938 2902
f 2058 954 3221
f 2193 1110 246
f 3591 1227 1226
f 3559 4666 326
f 1615 1614 4138
f 16 2958 4639
f 791 3115 1890
f 796 27 798
f 3063 3064 859
f 3071 75 4590
f 4767 4828 1952
f 77 4767 867
f 872 3090 1957
f 2351 1960 878
f 4587 1993 2035
f 2805 1999 4745
f 3216 1287 139
f 994 3272 3273
f 3391 3390 2157
f 1094 1092 3410
f 3450 1117 3451
f 1140 2215 1138
f 3460 2218 3435
f 1208 2244 2245
f 4216 4217 1156
f 1270 1268 1278
f 2372 1308 2373
f 3755 2403 2404
f 4755 387 1348
f 1355 4617 1358
f 1355 1358 1356
f 1425 2493 4848
f 448 1412 3865
f 2510 2511 2269
f 1448 3891 3892
f 474 2528 2526
f 1468 4871 88
f 3930 3932 1470
f 1473 3933 1475
f 496 3713 1497
f 1511 4734 4622
f 1560 1561 1564
f 4104 2845 560
f 4737 567 549
f 2675 4143 1618
f 574 4632 4689
f 2684 2689 4163
f 4167 4882 4162
f 4176 591 2700
f 4188 600 599
f 2714 2717 308
f 1770 690 4806
f 4806 4377 1770
f 704 2825 1782
f 4480 1891 741
f 743 739 4801
f 1849 745 1836
f 2962 779 2965
f 110 1765 109
f 3153 4514 928
f 4995 4599 1037
f 3437 3446 4988
f 263 1154 3493
f 3680 344 2365
f 3708 2382 359
f 3763 2409 1530
f 13 3808 12
f 462 3883 4679
f 3902 1454 1455
f 1465 1474 1964
f 525 1538 1537
f 1594 2649 2648
f 4211 1665 618
f 4351 2766 4972
f 681 4357 4354
f 3569 1806 4446
f 1440 4470 4854
f 1830 2887 4581
f 3 2905 759
f 2904 759 2905
f 1858 761 3433
f 2915 1859 2916
f 786 2978 1859
f 2919 4 765
f 4742 8 2971
f 2937 2948 776
f 4838 1872 1874
f 2967 2965 1931
f 2970 1929 17
f 4840 785 2925
f 24 1882 1885
f 2988 1892 2983
f 1023 4705 803
f 1902 2989 2995
f 4762 1904 806
f 35 810 809
f 814 2999 813
f 4490 1911 822
f 44 956 1915
f 3054 71 851
f 852 3058 72
f 73 3060 856
f 866 3075 1956
f 83 1957 3090
f 481 1468 4811
f 1972 3118 897
f 896 3136 1983
f 1985 3133 1986
f 102 1990 1988
f 913 1988 4512
f 1982 912 4778
f 51 917 3139
f 1903 2997 137
f 929 3174 123
f 3172 4746 3195
f 2046 958 3216
f 3217 958 2046
f 1989 3241 3240
f 3248 1021 979
f 3250 3316 3252
f 4414 3259 3282
f 4713 992 2100
f 2100 992 982
f 2083 2084 4879
f 2087 3286 4594
f 3298 2096 166
f 1025 3307 1024
f 1017 1019 2105
f 2610 4560 2106
f 1021 1901 3319
f 1024 3313 3321
f 3325 3327 175
f 178 3332 3331
f 4889 2119 3334
f 2125 2124 177
f 3342 185 184
f 4776 4775 186
f 189 192 4714
f 2134 3367 2131
f 1061 2131 3367
f 1063 2150 1065
f 3391 1073 3386
f 3391 2157 1073
f 2174 964 142
f 233 3428 3421
f 1101 2181 1102
f 1101 1102 2201
f 3451 2196 2195
f 3450 1114 1117
f 248 1166 2197
f 2198 4716 1119
f 1148 1146 4527
f 1156 1157 4911
f 1158 4215 1159
f 4969 1165 3506
f 4528 299 1206
f 4609 1183 3535
f 4782 1978 3548
f 2285 299 2284
f 4754 3014 1218
f 3611 3609 4668
f 3611 315 1233
f 1244 2315 2314
f 327 3889 1447
f 4868 2330 2240
f 1245 3896 4721
f 1271 1270 1278
f 348 2372 3690
f 350 1309 2373
f 355 2376 1312
f 1309 1317 2373
f 4957 1316 357
f 3710 3774 2383
f 2389 3958 2388
f 367 3774 4787
f 355 1312 2391
f 3778 1318 3707
f 2396 1328 3738
f 1383 3746 3743
f 3986 3984 382
f 1516 1334 1335
f 1380 3757 1381
f 2412 2414 2415
f 4964 4540 4856
f 3811 244 4927
f 2465 3048 3049
f 3835 3833 3839
f 2478 434 2479
f 2486 3857 438
f 3870 1431 453
f 3879 458 3880
f 3915 473 4702
f 3932 3919 3920
f 1469 3929 4871
f 1471 484 3930
f 1394 3884 1395
f 3950 3945 3949
f 3943 3946 3939
f 1491 3941 494
f 2548 3949 3956
f 2549 1491 3948
f 3952 1490 2550
f 1505 3962 502
f 3963 3966 505
f 1517 2572 3987
f 4001 2583 4556
f 3768 1532 4007
f 1502 1541 4017
f 1549 1548 4022
f 534 4031 1561
f 4872 1562 2611
f 2612 534 2607
f 4929 1573 544
f 1575 1582 4054
f 547 4062 2632
f 1588 555 4428
f 1591 1590 558
f 1798 4426 2651
f 4146 607 2676
f 607 4146 4147
f 4175 4171 2699
f 4180 603 4187
f 4229 1664 1663
f 4246 2729 4239
f 4244 4243 4691
f 4190 1692 4200
f 4694 2756 2755
f 1707 4292 4334
f 1728 4314 1727
f 1761 669 4365
f 4321 1762 4322
f 1829 2774 2773
f 1746 4799 1747
f 4320 4919 4317
f 4349 4350 4348
f 2794 4359 1758
f 2797 4697 4365
f 4366 1761 4367
f 4379 2812 688
f 711 4427 713
f 4464 1818 4878
f 4475 736 740
f 4632 4141 1832
f 928 2007 3168
f 4749 962 2047
f 2093 1008 160
f 1161 288 3500
f 3711 360 3709
f 3890 3893 1447
f 1513 378 381
f 4579 2847 4858
f 3526 4880 727
f 3030 3031 3029
f 4768 3126 95
f 3253 3254 982
f 4660 4659 4779
f 2412 4615 2413
f 4950 4070 1554
f 765 4936 1
f 2988 4502 4705
f 4656 1986 4511
f 3192 977 942
f 2066 3251 148
f 3326 165 173
f 3336 4655 2131
f 3807 4607 3415
f 1204 2274 293
f 4612 4670 4997
f 4613 2337 331
f 343 2366 2364
f 1711 1316 3937
f 3693 3695 4537
f 4835 4702 474
f 4793 1500 4619
f 2574 516 2433
f 4092 4094 553
f 1639 594 2701
f 4497 1655 2027
f 1660 2725 2719
f 1642 628 2702
f 628 1642 630
f 2747 4274 2746
f 4274 1695 1694
f 4302 4301 4759
f 4806 689 4377
f 3212 2041 953
f 1697 4282 1700
f 2939 2 2913
f 4993 2955 4838
f 1884 6 782
f 805 2996 4706
f 803 4885 4961
f 3007 820 818
f 2462 4584 3020
f 1944 74 3060
f 80 3083 3082
f 3104 481 4811
f 788 4650 3137
f 1976 3122 3126
f 3205 2033 3203
f 4813 3216 958
f 147 978 2108
f 3359 1058 1056
f 3373 4830 3372
f 1157 2234 3498
f 3546 3503 288
f 2363 3669 1084
f 379 3739 376
f 408 1372 3781
f 1401 1400 2468
f 3943 3939 2546
f 572 1605 1604
f 4136 4689 1833
f 2742 4189 4265
f 2745 4273 4267
f 4298 2758 4571
f 4324 671 672
f 160 1008 1015
f 3526 3527 3522
f 4831 1294 1295
f 2413 4615 3774
f 3830 4544 3831
f 2631 2629 1555
f 543 4076 1595
f 2690 4161 2693
f 4874 4239 620
f 625 1673 4249
f 1732 4317 4316
f 1815 1814 2871
f 2914 2905 3
f 2933 1863 2934
f 1873 1874 775
f 2967 17 4863
f 3106 21 1966
f 2977 25 4586
f 803 1900 4885
f 3007 818 37
f 3049 848 3050
f 1404 850 1942
f 3055 3056 851
f 860 3071 863
f 876 1956 3085
f 1887 4656 3112
f 4987 4656 3111
f 1972 1971 898
f 3165 3166 2005
f 4330 3200 3199
f 3222 2354 4748
f 141 964 3228
f 3195 4921 2065
f 3256 150 145
f 159 161 4960
f 3331 2085 178
f 4902 4774 1037
f 2146 2134 1039
f 3382 2152 208
f 2159 2161 1058
f 4975 3422 1098
f 1102 4661 2201
f 3465 3501 3488
f 4663 1109 244
f 4989 4528 1206
f 3508 3509 3510
f 2266 4663 2458
f 3540 3545 3543
f 3543 2212 3540
f 4752 3600 4215
f 2537 273 4718
f 1213 2294 4719
f 306 1223 1288
f 312 4533 3603
f 2501 2499 1242
f 1260 330 2335
f 2338 1274 1276
f 4673 3668 2360
f 3686 4938 2369
f 354 3693 353
f 365 4725 3722
f 3730 363 3732
f 2412 2413 2414
f 1318 3778 3779
f 3832 3854 3845
f 3852 3850 2478
f 446 2487 441
f 1433 2502 451
f 1460 3914 4857
f 3925 3924 2530
f 479 88 3929
f 4552 3954 2550
f 377 515 4554
f 1502 4017 1503
f 3271 2079 3310
f 2613 1560 1567
f 2625 4048 544
f 4056 1038 3348
f 4894 4073 4075
f 2686 1623 4151
f 4144 4150 1623
f 4952 4156 1622
f 582 2686 4160
f 4203 4204 1651
f 2713 4914 2715
f 4218 4804 1625
f 579 1663 1662
f 2722 2724 619
f 2740 1685 1680
f 4271 632 4270
f 4271 4931 2744
f 2787 4695 1717
f 1717 4695 4308
f 4324 1736 670
f 4316 4317 4919
f 676 4348 4347
f 4357 4355 4360
f 1760 2796 2791
f 685 4373 112
f 689 1768 688
f 4376 1770 114
f 3158 116 118
f 2814 4372 4577
f 2827 2824 2825
f 180 709 4418
f 719 4436 1803
f 729 727 4880
f 4461 2862 2861
f 1850 2899 4465
f 3632 1207 1821
f 734 1820 2878
f 4469 734 2877
f 4854 4470 2878
f 1829 2889 1620
f 3103 4811 3101
f 102 1988 913
f 4888 3335 180
f 847 1939 4954
f 4749 3227 3231
f 4215 1158 4752
f 3542 3454 285
f 4926 3761 2407
f 3782 2424 3784
f 4744 883 3926
f 4977 3954 3957
f 713 562 711
f 3358 2139 4814
f 1425 4848 3861
f 4658 4941 2051
f 2605 1017 2105
f 2231 3494 3496
f 4754 1922 3014
f 123 936 930
f 3218 955 3215
f 2156 3366 197
f 1072 209 1073
f 4542 3806 3805
f 502 4733 2555
f 4115 4084 4958
f 630 4259 628
f 2808 4360 2807
f 189 3348 3349
f 4840 783 1882
f 378 3738 1328
f 434 1406 3056
f 1427 1426 1448
f 1446 1478 464
f 2553 500 1498
f 1506 3734 371
f 2692 2691 585
f 725 1811 2858
f 1260 1261 329
f 4915 56 58
f 3076 1949 863
f 4887 2068 2076
f 2222 3487 4845
f 3605 1235 1236
f 3606 1236 2304
f 1282 3647 2351
f 3675 3672 1297
f 2476 3852 1450
f 2611 534 2612
f 1630 1668 588
f 1683 631 4269
f 4898 4410 695
f 2841 2840 4895
f 4954 68 847
f 3123 903 973
f 3266 3267 989
f 2865 4880 2261
f 4757 4881 3894
f 3925 2530 1463
f 1524 3996 1528
f 4563 2673 4137
f 2717 4215 308
f 4402 2829 702
f 2919 5 4
f 4863 1879 4641
f 2963 1878 756
f 788 1886 764
f 1901 4885 4513
f 806 2997 1903
f 1927 1928 4505
f 852 72 3057
f 878 3093 1282
f 3104 4811 3103
f 891 3110 892
f 894 4500 4812
f 3120 902 897
f 905 96 97
f 96 905 3121
f 1979 1195 3549
f 3148 918 3147
f 3155 4710 114
f 928 3168 2804
f 2035 950 4708
f 4813 1287 3216
f 4592 3218 3223
f 3267 3266 4867
f 4777 4773 2132
f 1070 1072 1073
f 1090 229 226
f 3807 3414 2177
f 233 4496 3428
f 4923 2211 243
f 3462 2200 249
f 2197 1133 1119
f 4845 3489 2232
f 1154 2222 4845
f 1166 1168 1167
f 3670 4831 1295
f 344 4957 4536
f 2415 1366 4789
f 2460 2461 3830
f 435 432 3847
f 1408 432 435
f 3867 449 1252
f 461 1442 1395
f 2503 3886 454
f 465 2515 4834
f 1453 3905 4981
f 1416 3935 1476
f 2538 3679 3936
f 4572 3942 3703
f 4014 4010 4685
f 537 4038 2617
f 1571 2629 2646
f 4071 1598 2664
f 2666 4136 573
f 4131 1612 573
f 1624 2725 4165
f 4235 4219 4240
f 2738 1685 4263
f 1712 651 2759
f 4802 1487 4310
f 3942 4310 1487
f 133 2813 4361
f 1776 700 4389
f 4701 1819 733
f 4468 4467 1850
f 1823 4481 4473
f 1823 4483 4481
f 746 4486 2894
f 2505 4860 4471
f 2911 1856 773
f 4982 4016 4004
f 4884 4851 4331
f 26 4501 2981
f 4591 4934 3070
f 1215 304 3577
f 4681 3948 3947
f 2913 2 2910
f 1867 761 762
f 4664 22 784
f 1309 350 3696
f 1008 2098 1015
f 230 3409 1090
f 2208 1128 2206
f 259 258 1145
f 1160 1161 2236
f 2304 1236 3604
f 4290 648 4965
f 2817 2770 4327
f 2971 8 2929
f 1058 195 1056
f 3498 2234 2233
f 867 4767 2340
f 419 1177 274
f 1641 1675 1676
f 4282 646 4280
f 2841 2843 4429
f 2878 1820 1821
f 2118 4855 1030
f 1351 3737 4935
f 50 3017 49
f 434 3056 1451
f 2036 4920 3142
f 253 3467 2205
f 896 1984 4650
f 1899 1907 4643
f 1985 3134 3133
f 3231 4769 965
f 3289 2091 2090
f 2133 4777 2132
f 3540 2212 4923
f 4673 3667 3399
f 1293 2360 1294
f 1314 3699 3700
f 2421 2420 2422
f 1501 3959 501
f 2554 3969 4621
f 519 4820 3996
f 4254 4176 627
f 4309 4826 660
f 4851 1708 1738
f 5000 2807 4360
f 2109 3304 3308
f 1096 4910 1107
f 1121 1116 2198
f 4911 2235 1158
f 1717 4306 4303
f 2914 1886 2905
f 4705 1900 803
f 3125 3124 912
f 3145 1996 4841
f 3218 959 955
f 3223 3218 2044
f 4592 959 3218
f 965 2048 2049
f 2355 4750 2054
f 3242 3316 1022
f 3266 151 2063
f 3322 2112 2114
f 4655 2134 2131
f 2145 4524 2144
f 1074 1077 2162
f 3481 1139 3480
f 2237 3488 264
f 1171 2286 1170
f 1602 3537 3538
f 4610 3573 1893
f 3606 2331 3639
f 2346 3643 3645
f 4831 1293 1294
f 2365 3682 3681
f 4614 1309 3696
f 1328 2396 2395
f 1366 2415 2414
f 3835 4618 3833
f 3842 3838 431
f 4848 1422 2491
f 3895 466 3866
f 3921 2524 1462
f 1441 1395 1442
f 509 2573 1519
f 3996 4820 518
f 2585 1534 522
f 1553 528 1549
f 4144 1607 4686
f 4150 4686 4137
f 4738 2678 2688
f 584 4169 4166
f 2748 4931 1689
f 4304 656 1718
f 4307 658 4308
f 4328 2770 4352
f 2779 1789 2778
f 4876 2848 4425
f 4557 4732 2584
f 4221 4220 4224
f 2084 2083 157
f 614 4219 1658
f 3114 743 4956
f 3644 3078 867
f 3223 2044 3222
f 4653 161 3295
f 1020 2608 171
f 2184 3432 1122
f 4526 3475 1132
f 632 4271 4930
f 4354 4741 678
f 4704 708 1790
f 2848 4523 4425
f 3109 2030 2031
f 4499 1853 1854
f 2766 4351 2787
f 1744 1752 4348
f 3022 1927 56
f 3384 2660 205
f 821 3005 1909
f 1085 3405 4712
f 2357 2356 3656
f 1482 3938 4730
f 4115 2662 4084
f 4307 4308 4695
f 2860 2890 1835
f 1577 4081 4822
f 3070 4934 3076
f 1152 3495 2231
f 2153 3385 208
f 4692 2736 2732
f 892 1969 891
f 132 2025 944
f 3936 3679 4294
f 1669 4254 4241
f 625 1672 2698
f 4670 4612 319
f 4903 4917 4832
f 624 625 2698
f 3866 4928 2499
f 3712 3955 1496
f 4700 4469 452
f 1070 1073 4112
f 4590 1947 1948
f 324 1252 449
f 1662 4203 579
f 914 4512 1988
f 2148 2159 1058
f 1098 233 4975
f 4549 440 1428
f 3895 4834 466
f 3980 511 512
f 4301 4308 658
f 2900 2901 1848
f 59 4505 1928
f 1958 1957 875
f 2580 501 3970
f 617 4233 4231
f 753 4904 2904
f 1870 775 777
f 775 1871 777
f 22 1884 784
f 900 1972 899
f 898 93 899
f 3134 1985 1984
f 3199 948 946
f 3316 3250 3249
f 2115 3331 2084
f 2153 2154 207
f 3521 3519 2256
f 295 2280 4924
f 4721 1456 3906
f 1279 3643 2346
f 3082 2344 80
f 3688 2370 3689
f 3807 2441 4607
f 1455 470 3902
f 333 1458 3904
f 4177 4178 4182
f 620 4223 4874
f 667 4991 4575
f 2889 1739 1831
f 679 680 4498
f 2791 4358 2793
f 686 4966 4363
f 1801 4435 4932
f 4436 1790 4417
f 4761 4465 732
f 1971 4485 3114
f 1838 2894 4486
f 3200 2028 4994
f 2209 1164 3472
f 1319 2391 1312
f 4412 4416 1791
f 4289 1710 2757
f 4751 258 1144
f 511 3977 512
f 979 2065 3248
f 3949 2548 3950
f 661 1724 1725
f 1894 2984 1895
f 450 4819 2502
f 3690 4846 348
f 2792 4375 4374
f 2922 1865 2921
f 3279 999 155
f 245 249 2200
f 4537 3689 1307
f 4214 4213 4212
f 1148 2222 263
f 1386 369 2440
f 861 860 3074
f 4701 733 4582
f 3507 4969 3506
f 3826 428 2458
f 2991 33 801
f 22 1232 781
f 1992 1905 35
f 297 4963 298
f 1325 368 3724
f 433 3851 4756
f 4977 2583 4004
f 634 642 636
f 529 4412 1792
f 4984 4619 4731
f 1701 1695 638
f 1341 1340 1339
f 318 4670 1248
f 446 441 1476
f 3040 3042 845
f 2575 4726 1342
f 3780 1371 1370
f 1527 1528 2581
f 4202 646 1697
f 4406 1740 2776
f 1744 4348 676
f 2807 2792 4374
f 131 940 2017
f 1029 175 3327
f 4844 1124 1127
f 2531 487 486
f 8 9 1866
f 788 764 4501
f 38 818 36
f 1949 76 3074
f 3383 2145 2153
f 1116 2199 1115
f 3448 3458 3459
f 4969 2248 2243
f 4718 463 2537
f 4610 2287 1210
f 1211 301 3596
f 3605 311 2306
f 2320 3628 2309
f 3662 4893 3661
f 2379 1319 1313
f 3995 2407 3761
f 3923 4912 478
f 4731 2387 4732
f 371 2554 1506
f 1520 1510 4949
f 4562 4064 4067
f 3374 2657 4108
f 4148 4206 793
f 638 647 4282
f 4328 672 2770
f 2773 2889 1829
f 2803 1763 1767
f 748 1848 4487
f 3123 3118 903
f 3212 953 138
f 3369 3371 3363
f 1991 890 915
f 1004 2089 159
f 3461 2221 2222
f 2158 1050 1046
f 4282 647 1700
f 4432 4858 4967
f 1398 2456 2457
f 1778 2819 699
f 2781 4339 4340
f 748 4487 4582
f 3062 857 50
f 632 4930 1686
f 229 1090 3409
f 2149 202 3381
f 3746 4539 1333
f 4525 3459 1123
f 3057 1946 852
f 3275 2092 3289
f 1105 1111 3438
f 3688 3689 4537
f 3706 2440 3727
f 2437 2439 4727
f 4386 4384 1766
f 463 1189 4791
f 614 1658 613
f 3080 3076 4934
f 4097 4090 556
f 1356 1359 2410
f 2082 155 999
f 178 2085 4597
f 4749 3231 2049
f 1327 1351 3758
f 3212 138 3213
f 3237 3238 3239
f 2893 279 2262
f 2369 3688 346
f 1616 1186 284
f 582 4160 4567
f 1452 3073 2517
f 2810 114 921
f 3211 3210 3117
f 247 241 4962
f 3176 4400 4411
f 2930 2931 2927
f 2954 4640 1875
f 4707 38 36
f 3062 49 3016
f 71 4766 1943
f 1006 3289 2090
f 1044 191 4600
f 2135 4600 191
f 1064 1079 198
f 2159 3373 2160
f 3424 2180 1098
f 2235 1160 2236
f 1124 1197 2272
f 4212 4213 3599
f 3608 312 3603
f 3643 1279 1277
f 4816 4907 1277
f 81 80 2344
f 3664 223 3666
f 1378 4788 3753
f 3756 388 387
f 2428 2430 1371
f 3904 472 2516
f 3922 477 3921
f 484 3932 3930
f 485 486 2535
f 2638 2639 1585
f 1644 4189 4186
f 644 633 640
f 654 4802 4299
f 1748 1747 4342
f 2792 5000 4355
f 691 1768 4374
f 4966 686 2809
f 2811 116 3155
f 4385 1774 698
f 3176 4411 4390
f 2851 1804 567
f 2857 490 2856
f 2895 2896 1845
f 1251 2323 3633
f 2615 4040 4929
f 4959 933 932
f 4769 1081 2167
f 2118 1030 2117
f 4599 2132 4902
f 1709 4289 4295
f 2686 4140 4160
f 3260 3258 2072
f 3481 1138 3482
f 3490 1149 3491
f 2317 3625 2314
f 3692 2372 2373
f 611 4214 2301
f 3117 93 1973
f 4579 4858 716
f 4363 4359 4358
f 3706 2380 2379
f 4927 4662 4543
f 671 4324 4325
f 1333 382 3746
f 4330 3199 944
f 1352 3754 2405
f 1342 4726 3750
f 296 3632 3562
f 4072 4071 2635
f 1783 2830 707
f 1411 2483 1410
f 116 1771 118
f 4725 4538 3718
f 1189 1190 4791
f 4283 2752 4285
f 3399 4657 3400
f 4488 2898 4489
f 2401 1335 4541
f 3170 3174 929
f 184 185 186
f 377 4554 4818
f 2606 170 2605
f 4818 3738 377
f 401 414 2416
f 533 1557 1559
f 4070 2598 1581
f 4257 4256 4176
f 3757 388 3791
f 1356 1358 1359
f 3690 3689 2370
f 2612 2607 4030
f 5002 2315 1243
f 397 396 1362
f 4726 3994 3992
f 647 638 1705
f 426 2457 1810
