# DenseCorr3D prepared geometry
v -0.06083360 0.00252538 -0.02493128
v -0.04941967 0.00919188 -0.01912272
v -0.05357504 0.01057699 -0.02099650
v -0.06824794 0.00419285 -0.02332065
v -0.06246078 0.00836217 -0.02337352
v -0.06441116 0.00983403 -0.02202406
v -0.04336453 0.01495460 -0.01785743
v -0.04753957 0.01768010 -0.01861534
v -0.07199664 0.01238700 -0.02000332
v -0.04815124 0.02285206 -0.01775406
v -0.03866930 0.00680249 -0.01483964
v -0.04507062 0.02510701 -0.01593723
v -0.02764261 0.02252853 -0.01266016
v -0.01103078 0.00528667 -0.01700190
v -0.02857667 0.00975930 -0.01598507
v -0.01462632 0.01027999 -0.01683458
v -0.02080466 0.01648892 -0.01610886
v -0.03107505 0.03011728 -0.00973552
v -0.03667910 0.03241058 -0.00898266
v -0.04791954 0.02798736 -0.01527546
v -0.04957499 0.03254453 -0.01048016
v -0.06252160 0.02232078 -0.01867049
v -0.06679878 0.01938901 -0.01881084
v -0.07154206 0.02152799 -0.01588203
v -0.04088798 0.03711846 0.00020688
v -0.06614963 0.03140874 -0.00985892
v -0.05616017 0.03883062 0.00517023
v -0.05948859 0.03712149 0.01148188
v -0.06521551 0.03652984 0.00735396
v -0.05530423 0.03694649 0.01788327
v -0.04030044 0.03853424 0.02047274
v -0.06746176 0.03392411 0.01256698
v -0.06226711 0.03280029 0.02220275
v -0.05992048 0.03237168 0.02524988
v -0.06060827 0.02987237 0.02902299
v -0.05813972 0.03487435 0.02110394
v -0.05603202 0.03298821 0.02675327
v -0.05136332 0.02977440 0.03343984
v -0.04610825 0.02904071 0.03499366
v -0.06635622 0.02733018 0.02614517
v -0.06916130 0.02914218 0.02121616
v -0.07168832 0.03455431 0.00715760
v -0.06983996 0.03351556 0.00194200
v -0.07800986 0.02555607 -0.00631443
v -0.07496579 0.02112094 -0.01295821
v -0.08161130 0.02824209 0.00453907
v -0.08641873 0.02388119 0.00484320
v -0.09195846 0.01979397 0.00533875
v -0.09283342 0.02390535 0.01208740
v -0.09089511 0.02550622 0.01249056
v -0.09639815 0.02214047 0.01131738
v -0.09408399 0.02366982 0.00738855
v -0.09215418 0.02538125 0.00751370
v -0.08980713 0.02345080 0.00538113
v -0.04872004 0.02597277 0.03741093
v -0.03500245 0.04215662 0.01074752
v -0.03515232 0.03999778 0.01662171
v -0.02973184 0.03831044 0.02157781
v -0.02613679 0.03854165 0.02104072
v -0.03240892 0.03724328 0.02521307
v -0.03827496 0.03687356 0.02531231
v -0.02958120 0.01788474 0.04314947
v -0.02540362 0.01641299 0.04511681
v -0.02250158 0.01991913 0.04307083
v -0.02519140 0.01047743 0.04756209
v -0.02438818 0.00084707 0.05193152
v -0.02725405 -0.00560485 0.05370507
v -0.02316647 -0.00198143 0.05354659
v -0.02136112 -0.00842959 0.05395856
v -0.02648972 -0.00804475 0.05409531
v -0.02054673 -0.00115894 0.05344068
v -0.01861122 0.00171947 0.05182165
v -0.01163049 -0.00371245 0.04976039
v -0.01605039 -0.00423532 0.05411977
v -0.07884245 0.03152343 0.00859720
v -0.08614057 0.02138879 0.01576201
v -0.09683401 0.02218902 0.00891732
v -0.10988798 0.01268246 0.01287821
v -0.10458630 0.01690811 0.01013894
v -0.10763578 0.01482597 0.01170723
v -0.10635330 0.01619349 0.00953200
v -0.10843028 0.01495690 0.01039793
v -0.11045484 0.01222547 0.00725889
v -0.12366433 0.00824286 0.01197952
v -0.12086112 0.00965969 0.01137193
v -0.12257435 0.01023371 0.00937130
v -0.13793784 0.00691862 0.01363462
v -0.13468003 0.00835155 0.00725020
v -0.12747878 0.00951101 0.00851219
v -0.13894334 0.00953800 0.00759913
v -0.13941330 0.00806564 0.00686121
v -0.14089222 0.00569676 0.00730796
v -0.14618659 0.00711908 0.00709002
v -0.15179205 0.00977612 0.01103973
v -0.14989774 0.00641605 0.00717679
v -0.15130945 0.01022357 0.00920229
v -0.15408088 0.00946735 0.00764132
v -0.16374867 0.00811525 0.01016072
v -0.16323194 0.00882973 0.00847577
v -0.07639474 0.03242915 0.01062774
v -0.07640613 0.02885588 0.01305793
v -0.02625529 0.02361401 0.04057953
v -0.01938328 0.02040325 0.03811105
v -0.03829634 0.02937755 0.03501637
v -0.03486489 0.03100694 0.03340086
v -0.02980618 0.03672832 0.02751475
v -0.02907058 0.03725727 0.02504847
v -0.02090082 0.02910661 -0.00931763
v -0.02157340 0.02455319 -0.01262254
v -0.00607864 0.02564166 -0.01470196
v -0.00238583 0.00579067 -0.01749419
v 0.01282646 0.00719260 -0.01814167
v 0.01677736 0.00662836 -0.01836977
v 0.02137751 0.02523117 -0.01854528
v 0.02280563 0.02970860 -0.01582570
v 0.03249403 0.01925301 -0.02329191
v 0.02802327 0.03302824 -0.01359999
v 0.02179188 0.04055855 -0.00514799
v 0.02804698 0.04181729 0.00272819
v 0.00699175 0.03177542 -0.01361062
v 0.00876883 0.03481729 -0.01092363
v 0.00991883 0.02222027 -0.01950889
v 0.01126471 0.01879796 -0.02016658
v -0.00358873 0.02160573 -0.01700281
v 0.00017736 0.02329063 -0.01687500
v -0.00274868 0.02630812 -0.01498332
v -0.01108059 -0.00510864 0.04642487
v -0.01780246 -0.00380891 0.05477288
v -0.01307144 -0.01086392 0.05306059
v -0.03132511 -0.01226843 0.05641660
v -0.02936673 -0.01852517 0.05889774
v -0.02548318 -0.01737533 0.05866302
v -0.03148975 -0.02205303 0.05965816
v -0.01014216 -0.01579005 0.03399507
v -0.00688329 -0.01782277 0.03252232
v -0.01129259 -0.01138570 0.03576809
v -0.01692146 -0.01831712 0.04133536
v -0.01151300 -0.00739655 0.03556015
v -0.01477240 0.01000092 0.03665657
v -0.01419862 0.00748764 0.03627388
v -0.01463195 0.02359173 0.03490075
v -0.00324718 -0.01903954 0.03161755
v 0.00388367 0.03891499 -0.00419836
v 0.01573709 0.04137090 0.00224180
v 0.02720831 0.04210810 -0.00554428
v 0.02944383 0.04256518 -0.00633264
v 0.02752835 0.04255413 0.00817868
v 0.03499644 0.04117673 0.01160345
v 0.02778346 0.04135967 0.01310958
v 0.00367663 0.04494370 0.01054680
v 0.00667892 0.04346192 0.00632557
v 0.00055565 0.04413342 0.00626839
v -0.01155763 0.03878672 0.00004861
v -0.02278646 0.04243882 0.01130812
v -0.01179512 0.04265681 0.00599110
v -0.00633975 0.04497878 0.00965029
v -0.03120963 0.03430105 0.02997142
v -0.03039446 0.03262669 0.03132680
v -0.02150253 0.03560998 0.02641985
v -0.01967909 0.03837397 0.02136846
v -0.01525440 0.03613358 0.02641808
v -0.01705258 0.03194854 0.03064820
v -0.01525944 0.02972721 0.03256055
v 0.03700132 0.04764688 -0.00304491
v 0.03632625 0.04537107 0.00005549
v 0.03393302 0.04339049 0.00020201
v 0.03756667 0.04350551 0.00231756
v 0.04136414 0.04814574 -0.00161099
v 0.04728799 0.04408377 0.00578065
v 0.04318928 0.04617861 0.00080288
v 0.04503328 0.04454532 0.00314417
v 0.05175705 0.04568654 0.00474335
v 0.03977081 0.04828336 -0.00580804
v 0.03606109 0.04512140 -0.00825369
v 0.05616086 0.04999272 -0.00224823
v 0.05213838 0.04582745 0.01251033
v 0.04288991 0.04265409 0.00978366
v 0.04463445 0.04345011 0.01374894
v 0.04828350 0.04508572 0.01396742
v 0.04580737 0.04334297 0.01726517
v 0.02717965 0.04069361 0.01703397
v 0.03449374 0.03957968 0.02004799
v 0.03899938 0.04003350 0.01827524
v 0.04480024 0.03912663 0.02257792
v 0.03300110 0.04033331 0.01626561
v 0.03249507 0.03873501 0.02229090
v 0.02710677 0.03878012 0.02231835
v 0.04045755 0.02965071 0.02983534
v 0.05094625 0.03785157 0.02371756
v 0.04154378 0.03478130 0.02716752
v 0.04348791 0.03080308 0.03081314
v 0.03578868 0.03105467 0.02862554
v 0.03511627 0.02243731 0.03506756
v 0.02518707 0.03453609 0.02754058
v 0.00018645 0.03673464 0.02812807
v -0.00321985 0.03892525 0.02491632
v -0.00981147 0.03741239 0.02592407
v 0.00073101 0.02488218 0.03598966
v 0.01324183 0.02921285 0.03451237
v 0.03992726 0.01983364 -0.02748735
v 0.03283032 0.03314784 -0.01677074
v 0.03636553 0.03525022 -0.01791392
v 0.03605220 0.04251369 -0.01192702
v 0.04186551 0.04351163 -0.01552152
v 0.04494857 0.03539902 -0.02195767
v 0.05091958 0.04437353 -0.01972984
v 0.05548327 0.05041423 -0.01788232
v 0.05757627 0.04874827 -0.02526812
v 0.05572945 0.04207776 -0.02671329
v 0.05789879 0.04981841 -0.02777992
v 0.05981580 0.05183553 -0.02835384
v 0.06150689 0.04948664 -0.03123084
v 0.05272368 0.04341347 -0.02344945
v 0.06227932 0.04990635 -0.03303747
v 0.05960552 0.04782727 -0.03543324
v 0.02372006 0.03780217 -0.00949757
v 0.03834710 0.02945661 -0.02255231
v 0.04241390 0.02904704 -0.02282944
v 0.04609282 0.02919288 -0.02349303
v 0.05199199 0.03404936 -0.02458720
v 0.05580234 0.02819038 -0.02895689
v 0.05890037 0.02767191 -0.03198192
v 0.05846312 0.03094386 -0.03074457
v 0.05960982 0.03302664 -0.03182122
v 0.05707180 0.03869003 -0.03533239
v 0.05915118 0.03520845 -0.03732766
v 0.06444681 0.05807195 -0.02177489
v 0.06217985 0.05551008 -0.03292514
v 0.06199877 0.05383439 -0.03550236
v 0.06077236 0.05587666 -0.03525544
v 0.06236067 0.05381450 -0.03960121
v 0.06069333 0.05791568 -0.03494077
v 0.06203465 0.06279106 -0.03654077
v 0.05967932 0.04392375 -0.04246773
v 0.06054388 0.03756701 -0.04017137
v 0.06391698 0.04119845 -0.04603387
v 0.06692355 0.04703968 -0.05140129
v 0.06886490 0.05747055 -0.05318595
v 0.06668255 0.06309503 -0.03690965
v 0.07015045 0.06243750 -0.03389896
v 0.06874293 0.06141573 -0.02865183
v 0.06537565 0.05866369 -0.01877670
v 0.06857126 0.06072389 -0.01948570
v 0.07610982 0.06395365 -0.02697291
v 0.07565712 0.06319422 -0.02413302
v 0.06226846 0.05375102 -0.00795554
v 0.06523192 0.05145593 -0.00214978
v 0.07341344 0.06415264 -0.03348868
v 0.07626295 0.06467938 -0.04168443
v 0.08652020 0.06489786 -0.03313747
v 0.08343180 0.06489274 -0.02976295
v 0.07961507 0.06400929 -0.02404651
v 0.07706103 0.06014089 -0.01722636
v 0.07480513 0.05571620 -0.00972199
v 0.06680006 0.04886693 0.00145271
v 0.06101574 0.04668692 0.00794405
v 0.08542489 0.02897088 0.00126721
v 0.08204754 0.03118072 0.00406873
v 0.08539954 0.04132340 -0.00545618
v 0.09156930 0.03960830 -0.00961878
v 0.09333145 0.04154568 -0.01127776
v 0.05928181 0.04536954 0.01323640
v 0.06202421 0.04008298 0.02036828
v 0.05137920 0.02895886 0.03342735
v 0.04144877 0.01967634 0.03860234
v 0.02898247 0.02143372 0.03710105
v 0.02421976 0.01891134 0.03829412
v 0.05638280 0.00661941 0.04586092
v 0.05247281 0.00820093 0.04542379
v 0.06022115 0.00667099 0.04391804
v 0.05087860 0.01045780 0.04442145
v 0.04623252 0.01379018 0.04443381
v 0.04977303 0.00123413 0.04902956
v 0.05365552 0.01990709 0.04005010
v 0.05475529 0.02296097 0.03884298
v 0.05494546 0.02635182 0.03540375
v 0.05516896 0.03556751 0.02617109
v 0.05624274 0.02803359 0.03407351
v 0.05632187 0.02004398 0.04010418
v 0.05863727 0.01483302 0.04163257
v 0.06424606 0.01295607 0.03913218
v 0.06113122 0.01854325 0.03925414
v 0.05505640 0.05144496 -0.00935930
v 0.06793889 0.04813350 -0.05339202
v 0.07478759 0.05424745 -0.05877705
v 0.07424739 0.06215346 -0.04902195
v 0.07715649 0.05585962 -0.06321406
v 0.07183832 0.06163297 -0.04484615
v 0.06898456 0.06258012 -0.03900883
v 0.08178624 0.06504261 -0.04689782
v 0.08273531 0.06242482 -0.05212431
v 0.08164667 0.05703919 -0.06416841
v 0.07784418 0.05362409 -0.06815308
v 0.07505998 0.05057469 -0.06799844
v 0.07448344 0.04825540 -0.07044135
v 0.07354004 0.04692483 -0.06704041
v 0.07385285 0.04387987 -0.06896523
v 0.07756189 0.04765300 -0.07389434
v 0.08031254 0.05481314 -0.07123433
v 0.07983283 0.05835828 -0.05887078
v 0.08625306 0.05946098 -0.05640477
v 0.08752509 0.06414085 -0.04739829
v 0.08383921 0.06579375 -0.03400493
v 0.08507803 0.06576765 -0.03945686
v 0.08738219 0.06493191 -0.04193539
v 0.09886599 0.05473920 -0.02570787
v 0.10139167 0.04449635 -0.01861565
v 0.07893188 0.04022118 0.00129056
v 0.09545028 0.06417026 -0.02687722
v 0.09558536 0.06731080 -0.03130096
v 0.09332503 0.06528378 -0.03430956
v 0.08571318 0.06384981 -0.02930448
v 0.07657660 0.05834018 -0.01406671
v 0.07374790 0.05361838 -0.00689115
v 0.07815455 0.05200159 -0.00735228
v 0.08083797 0.04813128 -0.00633947
v 0.08105644 0.05054317 -0.00863528
v 0.09087377 0.06476404 -0.03201611
v 0.09412844 0.06252597 -0.02691707
v 0.09571379 0.06221786 -0.02613914
v 0.09650426 0.05429581 -0.02076898
v 0.08771507 0.05068929 -0.01307829
v 0.08292056 0.05412713 -0.01371143
v 0.09973899 0.05014226 -0.02044791
v 0.09519270 0.05201937 -0.01924969
v -0.02454922 -0.02070634 0.05932102
v -0.02598057 -0.03120330 0.06232005
v -0.01891591 -0.02529467 0.06007548
v -0.01594197 -0.02746405 0.05623947
v -0.01340104 -0.01889029 0.05025930
v -0.01340223 -0.01671678 0.04743410
v -0.01953535 -0.02997293 0.04866308
v -0.02072747 -0.02704851 0.04456360
v -0.01571724 -0.02347548 0.04839613
v -0.02539502 -0.03575158 0.06389712
v -0.01506282 -0.05132851 0.06091345
v -0.00207018 -0.05941626 0.06393434
v -0.00354745 -0.05781434 0.06442153
v -0.00383974 -0.06009941 0.06660751
v -0.00609767 -0.06048258 0.06942793
v -0.00668687 -0.06268644 0.06964180
v -0.01689334 -0.04466033 0.05663511
v -0.01710288 -0.05256886 0.05395871
v 0.07233830 0.03670093 0.01668435
v 0.05554968 0.02995377 0.03229903
v 0.06642142 0.01349646 0.03780333
v 0.07240077 0.02026821 0.03079771
v 0.06802839 0.03285813 0.02581534
v 0.06055703 0.02798954 0.03349458
v 0.06760671 0.02482099 0.03278175
v 0.07563606 0.04282353 0.00232335
v 0.07241137 0.04667735 0.00119530
v -0.00137424 -0.05951078 0.06098880
v -0.00163044 -0.05881938 0.05738325
v -0.00592548 -0.05585564 0.05652003
v -0.01429534 -0.05391525 0.05309812
v -0.00855087 -0.05818676 0.05054754
v -0.00332511 -0.06087739 0.05181481
v -0.01832352 -0.05673112 0.05304781
v -0.00176938 -0.06527339 0.06548776
v 0.00122448 -0.06643725 0.05813971
v -0.16845486 0.00645180 0.01088685
v -0.17276365 0.00517930 0.00973354
v -0.17278241 0.00398151 0.01019676
v -0.16884513 -0.00125602 0.00562223
v -0.16861799 0.00433624 0.00370616
v -0.17125952 0.00649556 0.00483807
v -0.17955886 -0.00201572 -0.00115550
v -0.18401837 -0.00082433 -0.00010513
v -0.18698841 -0.00473257 -0.00237549
v -0.18783930 -0.00858295 -0.00607849
v -0.07824048 -0.03124948 -0.02438643
v -0.08013551 -0.03187263 -0.02126030
v -0.09256701 -0.03451554 -0.02444170
v -0.07609469 -0.02989368 -0.01954491
v -0.07176288 -0.02674066 -0.01914882
v -0.06767844 -0.01836363 -0.00535991
v -0.06512068 -0.01584644 -0.00054164
v -0.06140299 -0.01946320 -0.01368334
v -0.05776353 -0.01777348 -0.01412850
v -0.05118866 -0.01395768 -0.00915456
v -0.05385310 -0.01505533 -0.01258687
v -0.05309267 -0.01490575 0.00001421
v -0.04915499 -0.01379103 -0.00203766
v -0.07184509 -0.02743943 -0.02317716
v -0.04580911 -0.01554239 0.00259384
v -0.04070634 -0.01959883 0.01884335
v -0.03815459 -0.01508417 0.00032596
v -0.04428995 -0.01181278 -0.01151990
v -0.02798927 -0.01536533 -0.00932488
v -0.03564857 -0.01397497 -0.00286101
v -0.01717512 -0.01819612 -0.01343363
v -0.01723664 -0.01920409 -0.01242307
v -0.03302615 -0.02060879 0.01209850
v -0.03305343 -0.02050060 0.01357794
v -0.07423621 -0.02674577 -0.01647885
v -0.04180903 -0.01710883 0.02551832
v -0.04169992 -0.01595924 0.02935225
v -0.03009494 -0.01746566 0.00314573
v -0.02892612 -0.02011028 0.02107852
v -0.02873097 -0.01704821 0.02674725
v -0.02541834 -0.01757322 0.02549435
v -0.02254605 -0.01864273 0.02375049
v -0.01501469 -0.01830643 0.02427319
v -0.00798077 -0.01973319 0.02125645
v -0.01122599 -0.01586267 0.03666908
v -0.01467637 -0.01267990 0.03950568
v -0.01372728 -0.01081524 0.04013254
v -0.01442677 -0.01220547 0.04224778
v -0.01581099 -0.01589800 0.03967734
v -0.01842793 -0.02027551 0.03857514
v -0.00161505 -0.02282173 0.03249490
v -0.00317554 -0.02265270 0.03175783
v -0.00661914 -0.02215805 0.03296732
v -0.00701701 -0.02157992 0.03195564
v -0.00211085 -0.01925859 0.02372574
v 0.00144630 -0.02305890 0.03151790
v -0.02622790 -0.02144167 0.01307928
v -0.02909635 -0.02081530 0.01542734
v -0.02319931 -0.01550045 -0.00310226
v -0.01260939 -0.01894712 -0.01292360
v -0.01943532 -0.01626624 -0.00625684
v -0.01631908 -0.01635062 -0.00432966
v -0.01145739 -0.01758378 -0.00569809
v 0.00158800 -0.01793586 -0.00628988
v -0.00157572 -0.01843128 -0.00113616
v 0.01607142 -0.01583003 -0.00870163
v 0.00978602 -0.01674914 -0.00347120
v 0.00940832 -0.01822318 -0.01133236
v 0.00308787 -0.02103651 0.01823307
v 0.00866631 -0.02090973 0.01657122
v 0.00306620 -0.02161685 0.01374480
v -0.00503745 -0.02171120 0.01184931
v 0.00600617 -0.02185773 0.00850371
v 0.00313020 -0.02159762 0.00497523
v 0.01470391 -0.02099587 0.00890946
v 0.00689607 -0.02103435 0.03105134
v 0.00916780 -0.02154832 0.02977222
v 0.01445701 -0.02082027 0.02946638
v 0.01800516 -0.01655874 0.02414112
v 0.01901885 -0.01925158 0.01942921
v 0.01975284 -0.01946704 0.01696347
v 0.02065750 -0.02071158 0.03238905
v 0.01810376 -0.01724310 0.02739743
v 0.02372309 -0.01920207 0.01720942
v 0.02625048 -0.01858351 0.01849526
v 0.02222700 -0.01980591 0.00735476
v 0.01817395 -0.01980570 0.01147595
v 0.01734437 -0.02074462 0.00634181
v 0.00268761 -0.02024887 0.00172011
v -0.00885848 -0.01750230 -0.00375061
v 0.01561496 -0.01624375 -0.01058569
v 0.04148539 -0.01404289 -0.00877611
v 0.03468834 -0.01886566 -0.01333510
v 0.04876618 -0.01849108 0.00212103
v 0.03188316 -0.01831612 0.00495892
v 0.03714499 -0.01940755 0.01445156
v 0.03115245 -0.01814885 0.01757566
v 0.03027898 -0.01258612 0.02867750
v 0.02042376 -0.01853262 0.03466889
v 0.02664608 -0.01673271 0.03158082
v 0.03781927 -0.01355110 0.02525874
v 0.03331780 -0.01173912 0.02867652
v 0.03817279 -0.01853062 0.01739479
v 0.04755185 -0.01667287 0.01845624
v 0.04093424 -0.01891631 0.00867805
v 0.04946976 -0.01845147 0.00546310
v 0.05223935 -0.01832338 0.00262919
v 0.05461982 -0.01717065 0.00362288
v 0.04947009 -0.01870692 -0.00101861
v 0.05033416 -0.01762429 -0.00310960
v 0.05315652 -0.01720397 0.00059269
v 0.04764029 -0.01340893 -0.01016286
v 0.03945932 -0.02599776 -0.01705232
v 0.03517830 -0.02383069 -0.02183250
v 0.04899235 -0.01382015 -0.01275611
v 0.05191629 -0.01302793 -0.01619234
v 0.04005582 -0.03323267 -0.02160122
v 0.04680615 -0.04326658 -0.03449288
v 0.04498698 -0.03697754 -0.02264955
v 0.04300205 -0.03684910 -0.02303484
v 0.04174429 -0.03743143 -0.02517530
v 0.04963667 -0.04674719 -0.03157586
v 0.04586755 -0.04094502 -0.02706648
v 0.05484071 -0.04420782 -0.02942719
v 0.05131738 -0.03495518 -0.02336585
v 0.05280124 -0.05071456 -0.03169991
v 0.05279255 -0.05030492 -0.04888070
v 0.05526649 -0.00859831 -0.01293393
v 0.05789330 -0.00683499 -0.01314609
v 0.05814944 -0.00731441 -0.01035560
v 0.05216524 -0.01087616 -0.01025134
v 0.07106670 0.00266184 -0.02074868
v 0.07370197 0.00017928 -0.01742440
v 0.07173067 -0.00184936 -0.01479198
v 0.07672499 -0.00306657 -0.00743619
v 0.06674884 -0.00705764 -0.00942374
v 0.05772606 -0.01557381 -0.00236615
v 0.05886212 -0.01478153 -0.00250619
v 0.05802093 -0.01609391 0.00640951
v 0.06327271 -0.01402348 0.00314596
v 0.06633946 -0.01177299 -0.00190792
v 0.06699403 -0.01045078 -0.00510057
v 0.07804416 -0.00412971 -0.00380633
v 0.07902262 -0.00464200 -0.00103273
v 0.07657085 -0.00576502 -0.00178975
v 0.07474624 -0.00806804 0.00561658
v 0.07238755 -0.00926068 0.00640443
v 0.06688620 -0.01039524 0.00944756
v 0.08243077 -0.00009805 0.00417932
v 0.07610904 -0.00239308 0.01286703
v 0.06564685 -0.00329866 0.02297836
v 0.05933468 -0.01384357 0.01159153
v 0.05975623 -0.01238511 0.01428186
v 0.06334065 -0.00261775 0.02526444
v 0.05980246 -0.00450921 0.02872952
v 0.05541961 -0.01015309 0.02315211
v 0.04516491 -0.01874434 0.01091891
v 0.02318189 -0.02005036 0.03608821
v 0.02839636 -0.01809808 0.03393910
v 0.04391810 -0.00913325 0.02960617
v 0.03829617 -0.01842084 0.03438868
v 0.03232097 -0.01915570 0.03486527
v 0.02844761 -0.02059496 0.03667644
v 0.04383549 -0.00965252 0.02700478
v 0.04284384 -0.01948467 0.03645367
v 0.03534107 -0.02588178 0.03766397
v 0.05375853 -0.00717500 0.02708538
v 0.05016176 -0.01184617 0.03581809
v 0.05031946 -0.01442160 0.03981652
v 0.05056691 -0.01390777 0.04886804
v 0.05215947 -0.01201574 0.04650290
v 0.05515420 -0.00821101 0.04626358
v 0.05540747 -0.00864722 0.04387307
v 0.06504482 -0.00087489 0.03916422
v 0.04828110 -0.02119168 0.04388569
v 0.04473036 -0.02857127 0.04626450
v 0.04550746 -0.02736693 0.04501085
v 0.04073555 -0.02879300 0.03893999
v 0.04010526 -0.03395418 0.04220065
v 0.03529587 -0.03624438 0.03873667
v 0.03136402 -0.03808817 0.03702928
v 0.02615617 -0.03631777 0.03700009
v -0.02349664 -0.02644183 0.04251667
v -0.02546165 -0.03359350 0.04824873
v -0.03028497 -0.02582269 0.04351542
v -0.02864065 -0.04519853 0.05317530
v -0.02533070 -0.04072702 0.05200904
v -0.02454374 -0.04583699 0.05342632
v 0.05878217 -0.05220903 -0.03408096
v 0.05698658 -0.05420510 -0.03576047
v 0.05128453 -0.05266805 -0.04162166
v 0.06444942 -0.05831243 -0.03987980
v 0.05209569 -0.05451349 -0.04104356
v 0.05349765 -0.05621084 -0.04384662
v 0.05258828 -0.05600511 -0.06021620
v 0.05235911 -0.05738590 -0.05840912
v 0.07712308 -0.06542683 -0.05539533
v 0.06912550 -0.06493684 -0.06370996
v 0.07637639 -0.06570654 -0.05198758
v 0.07343125 -0.06597231 -0.04960716
v 0.06752861 -0.06630481 -0.04624971
v 0.07042408 -0.06431030 -0.04596439
v 0.06754021 -0.06465846 -0.04313968
v 0.06606574 -0.06329665 -0.04113685
v 0.06212986 -0.06020084 -0.03969496
v 0.06284557 -0.06206144 -0.03966955
v 0.06136629 -0.06610792 -0.04127018
v 0.06604508 -0.06634302 -0.05414948
v 0.05653212 -0.06570470 -0.04414851
v 0.05994795 -0.06627265 -0.04324130
v 0.05384703 -0.06510269 -0.04674698
v 0.05554252 -0.06048582 -0.04308261
v 0.05482982 -0.05814959 -0.04453963
v 0.05227196 -0.06391842 -0.04810656
v 0.05545605 -0.06616960 -0.04898141
v 0.05134545 -0.06242941 -0.05347726
v 0.05268246 -0.05898524 -0.06648830
v 0.06108481 -0.06371353 -0.06779256
v 0.05078195 -0.06188353 -0.05839675
v 0.05176340 -0.06484204 -0.05412882
v 0.05040806 -0.06410326 -0.05825044
v 0.05061883 -0.06459974 -0.06097605
v 0.05211664 -0.06517690 -0.06280318
v 0.05470989 -0.06533598 -0.06469115
v 0.05585223 -0.03427359 -0.02523304
v 0.06323440 -0.00423984 0.03419057
v 0.06704386 -0.00153886 0.03133316
v 0.06566463 -0.00098464 0.02739005
v 0.06882665 0.00142207 0.02801069
v -0.07263687 -0.01354541 0.00171888
v -0.07666345 -0.01962655 -0.00547847
v -0.07096376 -0.01021860 0.00694579
v -0.08099192 -0.01179543 -0.00556103
v -0.07711694 -0.00406806 0.00161681
v -0.07841019 0.00734249 -0.00112161
v -0.07757049 0.00944834 0.00134302
v -0.07899648 0.01352735 0.00659592
v -0.07414880 -0.00770854 0.01080214
v -0.07191099 -0.00942533 0.01094148
v -0.06567966 -0.01141530 0.01053098
v -0.05822894 -0.01457000 0.00461212
v -0.05586617 -0.01418335 0.00808941
v -0.09080584 -0.00980988 -0.01500185
v -0.09082085 -0.00482011 -0.01664945
v -0.08660672 -0.00472080 -0.01239640
v -0.08826441 -0.01249124 -0.01282274
v -0.10315893 -0.03722938 -0.02598243
v -0.10305651 -0.03656771 -0.02431206
v -0.10678013 -0.03641501 -0.02304587
v -0.11166604 -0.03700421 -0.02302389
v -0.11230931 -0.03052064 -0.02301885
v -0.11918116 -0.03081797 -0.02406561
v -0.11980120 -0.02615519 -0.02573244
v -0.11885545 -0.03407453 -0.02439964
v -0.12068897 -0.03424829 -0.02539522
v -0.11768109 -0.03715757 -0.02440905
v -0.11521094 -0.03686570 -0.02238332
v -0.10746463 -0.03362288 -0.02243166
v -0.09857260 -0.03459170 -0.02150648
v -0.09977272 -0.03265255 -0.01875750
v -0.10496757 -0.02974943 -0.01741755
v -0.08886701 -0.03078933 -0.01635564
v -0.07973432 -0.01943500 -0.00517903
v -0.08259656 -0.02026557 -0.00594780
v -0.08315919 -0.01796185 -0.00597932
v -0.08540936 -0.02121054 -0.00819748
v -0.08450057 -0.01974246 -0.00931893
v -0.08759955 -0.02130571 -0.01103399
v -0.08793823 -0.01652129 -0.01158080
v -0.09007150 -0.02455842 -0.00952600
v -0.08414949 -0.02967282 -0.01562833
v -0.09388746 -0.02555051 -0.01337175
v -0.09814296 -0.03079627 -0.01566803
v -0.09914204 -0.02918048 -0.01506968
v -0.09637769 -0.02617217 -0.01265273
v -0.09242245 -0.02486660 -0.01430320
v -0.09545143 -0.02678612 -0.01587977
v -0.09905054 -0.02331111 -0.01713824
v -0.10207176 -0.01952292 -0.01767000
v -0.10221871 -0.02847127 -0.01803815
v -0.10366815 -0.02512914 -0.01911087
v -0.10628508 -0.02740728 -0.02127614
v -0.10390339 -0.02907047 -0.01997248
v -0.10111426 -0.02949407 -0.01636639
v -0.11619131 -0.02313271 -0.02656577
v -0.11189712 -0.02262916 -0.02520884
v -0.08313018 0.01311581 -0.00511610
v -0.08065718 0.01358249 0.00899414
v -0.07818510 0.01708828 0.00175051
v -0.07887062 0.01805914 0.00037769
v -0.07922552 0.02011773 0.00312984
v -0.08361909 0.02134876 0.00480509
v -0.07897829 0.01125343 0.01426131
v -0.07738619 0.00761362 0.01460455
v -0.07489553 0.00469454 0.01793445
v -0.07297499 0.00638630 0.01971823
v -0.07169296 0.00174892 0.02168652
v -0.07644083 -0.00351985 0.01203227
v -0.07380670 -0.00587444 0.01288001
v -0.06777687 -0.00969444 0.01355339
v -0.07186668 -0.00333635 0.02216773
v -0.06875741 -0.00369980 0.02350868
v -0.07057600 0.00642212 0.02383037
v -0.07352918 0.01006768 0.01929606
v -0.07066158 0.01134009 0.02989859
v -0.07355329 0.01157542 0.02157866
v -0.07401179 0.01286703 0.02375683
v -0.07605455 0.01506240 0.01932964
v -0.07314409 0.01348459 0.02731672
v -0.06427324 0.00338807 0.03363291
v -0.06287692 0.00457725 0.03610823
v -0.05977898 0.00055877 0.03737990
v -0.06598354 -0.00772760 0.01908511
v -0.06342532 -0.01354751 0.00482855
v -0.06064655 -0.01226637 0.00879340
v -0.05271115 -0.01689269 0.01226382
v -0.05265886 -0.01608792 0.01847849
v -0.05924985 0.02143319 0.03614095
v -0.05972281 0.02495332 0.03322281
v -0.05751463 0.01782330 0.03750061
v -0.07329243 0.02774641 0.01743862
v -0.07499081 0.02403957 0.01990178
v -0.07492329 0.02781563 0.01444167
v -0.08181575 0.01972077 -0.00139358
v -0.08047440 0.02341302 0.00189673
v -0.08124600 0.02292483 -0.00060313
v -0.07999904 0.02495694 -0.00118867
v -0.08885258 0.01180702 0.01133693
v -0.08918034 0.01328298 0.00887309
v -0.07743104 0.02050978 0.02049976
v -0.07676078 0.01899674 0.02288153
v -0.05642858 0.01074675 0.03873984
v -0.04590324 0.01705308 0.04410836
v -0.04454845 0.01566783 0.04521233
v -0.05293147 0.01351354 0.04049397
v -0.05714473 0.00478103 0.03977885
v -0.05492828 0.00723302 0.04052844
v -0.05508285 0.00197786 0.04135415
v -0.05119139 0.00588809 0.04269115
v -0.03463001 0.00702513 0.04855838
v -0.04764926 0.01017902 0.04256408
v -0.05157271 0.00999289 0.04121239
v -0.03822797 0.00800300 0.04730805
v -0.03369984 0.00119052 0.05001320
v -0.03022594 0.00504227 0.04933796
v -0.02973917 0.00253976 0.05046461
v -0.03433008 -0.00150322 0.05059304
v -0.03818746 -0.00385887 0.04901096
v -0.03256880 -0.00596540 0.05297654
v -0.03895769 -0.00982866 0.05017533
v -0.04068670 -0.01467323 0.04738078
v -0.11322737 -0.04188271 -0.02933820
v -0.11392203 -0.03872682 -0.02292329
v -0.11706334 -0.04252913 -0.02582403
v -0.11878140 -0.04099894 -0.02489849
v -0.11929820 -0.03969527 -0.02328373
v -0.11726551 -0.03857035 -0.02234846
v -0.12432459 -0.04156386 -0.02978426
v -0.12899765 -0.04373201 -0.03093098
v -0.13197529 -0.05056632 -0.03165667
v -0.13259897 -0.05340914 -0.03256983
v -0.13010487 -0.05675286 -0.03295051
v -0.12409620 -0.05653470 -0.03093781
v -0.13458636 -0.05310159 -0.03635463
v -0.13363501 -0.05587108 -0.03547534
v -0.12154732 -0.06174393 -0.02909816
v -0.11856735 -0.05432485 -0.03231054
v -0.12077983 -0.06281856 -0.02747351
v -0.11882629 -0.06401890 -0.02614598
v -0.11732616 -0.05734811 -0.03043463
v -0.11417707 -0.05784794 -0.03101050
v -0.11414663 -0.06500862 -0.03374429
v -0.12148899 -0.06424149 -0.03002744
v -0.11287219 -0.06448501 -0.03978038
v -0.12438584 -0.06356183 -0.03100561
v -0.12526262 -0.06403245 -0.03383580
v -0.13249977 -0.06270387 -0.04043625
v -0.13175417 -0.06298817 -0.04350461
v -0.12743445 -0.06368805 -0.04668702
v -0.11808131 -0.06346743 -0.04162551
v -0.08327249 0.01955843 0.01602248
v -0.09502301 0.01340576 0.00711110
v -0.09671049 0.01330759 0.01583156
v -0.10638159 0.00900416 0.01510141
v -0.10037697 0.00811774 0.00845829
v -0.10151740 0.00613261 0.00999313
v -0.10631271 0.00248848 0.01338963
v -0.10632552 0.00290576 0.01133042
v -0.11146966 0.00129043 0.01424140
v -0.09987427 0.01218176 0.00669224
v -0.10118439 0.00533404 0.01293997
v -0.11676947 -0.00101132 0.01218138
v -0.11680137 0.00034296 0.00799901
v -0.11856482 0.00078087 0.01390433
v -0.12306412 0.00296427 0.01364509
v -0.11399855 0.00211906 0.00713933
v -0.11804301 0.00126343 0.00680546
v -0.12699538 0.00096395 0.01344792
v -0.12674990 -0.00213847 0.01083430
v -0.13055277 0.00086352 0.01367347
v -0.12041594 0.00160170 0.00635820
v -0.13418674 -0.00151591 0.01251368
v -0.13172013 -0.00135802 0.01334924
v -0.13580452 -0.00100939 0.01367680
v -0.13742653 0.00553100 0.00711591
v -0.14039554 -0.00023574 0.01380355
v -0.14877969 0.00441326 0.01384404
v -0.13998584 0.00264809 0.00850125
v -0.14426157 0.00070312 0.01423126
v -0.14826250 0.00128496 0.01334140
v -0.15754575 -0.00019683 0.01284947
v -0.15249321 0.00075038 0.00911329
v -0.16105485 -0.00059339 0.00984062
v -0.16235201 -0.00122883 0.01084352
v -0.16214396 0.00203137 0.00577763
v -0.07544430 0.01598076 0.02538032
v -0.05898649 -0.00684598 0.02572985
v -0.05253387 -0.00248469 0.04234615
v -0.05588246 -0.00944018 0.02554585
v -0.05002531 -0.01597625 0.02175233
v -0.05187465 -0.01473225 0.02196899
v -0.05237086 -0.01103691 0.02938669
v -0.05569381 -0.00895878 0.02853511
v -0.05125238 -0.01110502 0.03173425
v -0.04779547 -0.00799224 0.04268561
v -0.04609820 0.01884044 0.04282051
v -0.02993795 -0.01008947 0.05539821
v -0.03326232 -0.00994156 0.05448227
v -0.03521856 -0.01564285 0.05563932
v -0.02808521 -0.02639261 0.06028130
v -0.04362209 -0.01223840 0.04426697
v -0.04244909 -0.01577418 0.03721715
v -0.03569892 -0.02849115 0.05780755
v -0.02195864 -0.05191295 0.06418463
v -0.02912556 -0.03346368 0.06300270
v -0.03499943 -0.03412449 0.06029306
v -0.03683964 -0.02940767 0.05491459
v -0.03597013 -0.03027945 0.05126079
v -0.03546296 -0.03783230 0.05266538
v -0.03699759 -0.03899046 0.06122794
v -0.03732568 -0.04152633 0.05955482
v -0.03674866 -0.02715016 0.04910104
v -0.03551316 -0.02637440 0.04642469
v -0.02963085 -0.04929245 0.06244072
v -0.03068555 -0.05029252 0.06073079
v -0.02028981 -0.05614366 0.06499202
v -0.01829748 -0.06098811 0.06608690
v -0.01936453 -0.06329871 0.06522723
v -0.02285253 -0.06171941 0.06380744
v -0.01481024 -0.05906790 0.06738696
v -0.01170659 -0.06495881 0.06851574
v -0.01165271 -0.06556437 0.06663414
v -0.01653336 -0.06507776 0.06356031
v -0.01982197 -0.06536346 0.06299753
v -0.02633348 -0.05997925 0.05981662
v -0.02549235 -0.06075846 0.05787424
v -0.02653457 -0.05635688 0.06230101
v -0.02701387 -0.05775122 0.06040325
v -0.02849015 -0.05298782 0.06082166
v -0.11793586 -0.06503960 -0.02754762
v -0.11321534 -0.06470485 -0.03057015
v -0.00944012 -0.06227184 0.05064200
v -0.01422664 -0.06377460 0.05389438
v -0.01369827 -0.06452616 0.05853624
v -0.02003742 -0.06205881 0.05387717
v -0.01418422 -0.06164092 0.05186744
v -0.00488404 -0.06762565 0.04887363
v -0.00115156 -0.06812137 0.05017409
v -0.00219360 -0.06618443 0.04874175
v -0.00375608 -0.06805543 0.05302791
v 0.00090605 -0.06731769 0.05244886
v 0.00062145 -0.06580103 0.05212526
v 0.00105628 -0.06781451 0.05936687
v 0.00026058 -0.06737339 0.06258886
v -0.00069478 -0.06803708 0.06206164
v -0.00804348 -0.06515566 0.06958418
v -0.00934715 -0.06799730 0.06871808
v -0.01132355 -0.06726441 0.06736798
v -0.00886521 -0.06786654 0.06655946
v -0.00589176 -0.06660128 0.06351937
v -0.00483450 -0.06794656 0.06412948
v -0.00900146 -0.06504346 0.06478259
v -0.00575135 -0.06525664 0.06124736
v -0.00482541 -0.06497356 0.05654845
v -0.00362410 -0.06813048 0.06531040
v -0.00400416 -0.06695186 0.06881598
v -0.00692916 -0.06761022 0.06976934
v 0.00072507 -0.06771602 0.05578307
v 0.00028644 -0.06835658 0.05374414
v -0.00327141 -0.06744610 0.06121005
v -0.16536309 -0.00039915 0.01135970
v -0.16324644 -0.00058272 0.00605051
v -0.16762142 -0.00461956 0.00708879
v -0.17246765 -0.00742110 0.00602079
v -0.17519251 0.00207666 0.00944476
v -0.17808874 -0.00456873 0.00904708
v -0.17655498 -0.01021229 0.00341866
v -0.17648871 -0.01002727 0.00237122
v -0.17337182 -0.00708354 0.00301372
v -0.18268993 -0.00619108 0.00704129
v -0.18108338 -0.01100021 0.00341065
v -0.17545414 -0.00684669 0.00599642
v -0.18149352 -0.00331184 0.00686324
v -0.18608151 -0.00255064 0.00221574
v -0.18770601 -0.00557336 0.00204874
v -0.18563640 -0.01172285 0.00394213
v -0.19008334 -0.00758382 -0.00275031
v -0.19243290 -0.01433772 -0.00331969
v -0.19235481 -0.01286691 -0.00519132
v -0.19035453 -0.01539897 -0.00742937
v -0.18583106 -0.01666331 -0.00044852
v -0.18683021 -0.01775920 -0.00220954
v -0.18862538 -0.01796203 -0.00621345
v -0.18580426 -0.01689034 -0.00482272
v -0.08325890 -0.02720905 -0.03136460
v -0.08545595 -0.02984441 -0.03084602
v -0.07770521 -0.02466005 -0.03059041
v -0.07131832 -0.01945169 -0.02876322
v -0.09412702 -0.03157154 -0.03263157
v -0.05317290 -0.01238480 -0.01440286
v -0.06648057 -0.02180039 -0.02254380
v -0.07475846 -0.01488933 -0.03077611
v -0.07955517 -0.01347606 -0.03172270
v -0.07760750 -0.01140799 -0.03074347
v -0.08626271 -0.01316750 -0.03160064
v -0.08580665 -0.00989909 -0.02927995
v -0.06446370 -0.00929244 -0.02696811
v -0.06369419 -0.01675848 -0.02391132
v -0.06294551 -0.00310401 -0.02636489
v -0.06951227 -0.00986507 -0.02911656
v -0.06060257 0.00015868 -0.02496561
v -0.05782913 0.00049589 -0.02384611
v -0.04848485 -0.00089373 -0.01663496
v -0.04777738 -0.00459072 -0.01403683
v -0.06141223 -0.01998302 -0.01759420
v -0.05989417 -0.01303637 -0.02231783
v -0.04811395 -0.01094468 -0.01167983
v -0.07556392 0.00438878 -0.02101361
v -0.09104766 -0.01031435 -0.02739312
v -0.08489640 -0.00493761 -0.02454806
v -0.09613837 -0.01270936 -0.02942464
v -0.09041370 -0.00811815 -0.02408224
v -0.09673606 -0.00899407 -0.02094476
v -0.08296063 0.00342820 -0.01810294
v -0.09841857 -0.01225998 -0.02630738
v -0.09834037 -0.01086234 -0.02425736
v -0.10391707 -0.03271365 -0.03429547
v -0.10681470 -0.03500728 -0.03367214
v -0.10359792 -0.02994595 -0.03457174
v -0.12283274 -0.02530515 -0.02853776
v -0.11237873 -0.03190684 -0.03781393
v -0.11696895 -0.03276874 -0.03850469
v -0.11839805 -0.03074084 -0.03769132
v -0.11289345 -0.02703686 -0.03651506
v -0.10063769 -0.01536986 -0.03018120
v -0.10746251 -0.02346839 -0.03438386
v -0.11272715 -0.02414099 -0.03387263
v -0.11972563 -0.02305209 -0.02854063
v -0.11992551 -0.02360668 -0.03166004
v -0.08567093 0.00239015 -0.01388801
v -0.08345371 0.01030282 -0.01128075
v -0.04958883 -0.00935209 -0.01293113
v -0.04311304 -0.00816956 -0.01095079
v -0.03150829 -0.01158596 -0.01284179
v -0.04350510 0.00301156 -0.01523680
v -0.03215738 -0.00835397 -0.01188127
v -0.02484638 -0.01552342 -0.01301139
v -0.11073883 -0.03660598 -0.03495960
v -0.11273929 -0.03951077 -0.03407677
v -0.11208247 -0.04053691 -0.03117696
v -0.11577687 -0.04295021 -0.03480711
v -0.11944615 -0.03540443 -0.03849671
v -0.12230101 -0.02420730 -0.03041472
v -0.12575752 -0.03325887 -0.03122974
v -0.12198680 -0.03873429 -0.03915117
v -0.11750083 -0.04063262 -0.03845385
v -0.12507388 -0.04012495 -0.03909809
v -0.12822881 -0.03806768 -0.03255243
v -0.13124754 -0.04317668 -0.03497692
v -0.13056597 -0.04690761 -0.04143081
v -0.11962706 -0.04467391 -0.03920471
v -0.12646689 -0.05030447 -0.04319768
v -0.12109794 -0.04820270 -0.04012670
v -0.13249403 -0.05822129 -0.04203185
v -0.13200623 -0.06089836 -0.03732169
v -0.13237250 -0.05050187 -0.04225840
v -0.11859146 -0.05010331 -0.03613184
v -0.11884798 -0.04839857 -0.03813979
v -0.12026839 -0.05314012 -0.04154002
v -0.12989897 -0.06101521 -0.04570686
v -0.12710561 -0.06195004 -0.04766515
v -0.12155046 -0.06241904 -0.04931812
v -0.12195598 -0.05713671 -0.04933664
v -0.11849266 -0.05549444 -0.04526632
v -0.11794124 -0.05370533 -0.03885470
v -0.11890481 -0.05073091 -0.03884085
v -0.11500757 -0.05566138 -0.03944943
v -0.11482030 -0.05923408 -0.04355698
v -0.11456776 -0.06184465 -0.04397084
v -0.11318611 -0.05769234 -0.03879912
v -0.11247830 -0.06405072 -0.04212714
v -0.13128157 -0.06294726 -0.04542346
v -0.13394508 -0.04777022 -0.03803011
v -0.13511391 -0.05008816 -0.03672810
v -0.00117065 -0.00178753 -0.01736842
v 0.01490188 0.00147183 -0.01687072
v 0.02377951 -0.00137138 -0.01814125
v 0.02507031 0.00580684 -0.01953802
v 0.02871894 0.00466568 -0.02011769
v 0.03075410 0.01443272 -0.02267619
v 0.03569004 0.00785707 -0.02732086
v 0.03098408 0.00859425 -0.02227307
v -0.00557296 -0.00235098 -0.01727503
v 0.00668705 -0.00502895 -0.01564184
v -0.00386082 -0.01450063 -0.01401304
v -0.00668511 -0.01867276 -0.01311030
v 0.00360526 -0.01573542 -0.01395236
v 0.00260931 -0.00989324 -0.01506505
v 0.01529839 -0.01377277 -0.01300347
v 0.01211265 -0.01348049 -0.01322346
v 0.03289400 0.00760029 -0.02468802
v 0.02802135 0.00133455 -0.01988985
v 0.02279326 -0.00959028 -0.01713506
v 0.03304851 -0.01159575 -0.02441928
v 0.03577394 -0.01064597 -0.02804942
v 0.03677812 -0.00007102 -0.02988467
v 0.03832905 -0.01995036 -0.03377116
v 0.04040827 -0.02766568 -0.03356037
v 0.04402959 -0.02225545 -0.03909745
v 0.04664866 -0.03536090 -0.04003814
v 0.04946923 -0.03672797 -0.04308861
v 0.04889583 -0.03904191 -0.04232365
v 0.05166968 -0.04001850 -0.04657102
v 0.03525438 -0.00463539 -0.02736215
v 0.03344550 0.00288269 -0.02677621
v 0.03461017 0.00206192 -0.02845977
v 0.03564422 0.01048385 -0.02782776
v 0.03827661 0.00766260 -0.03005354
v -0.00074130 0.01905682 0.03750724
v -0.01059544 -0.00145125 0.03571159
v -0.00216500 0.00680402 0.03776680
v -0.00591697 0.02359451 0.03586004
v 0.00202147 0.02156768 0.03675654
v 0.00149962 0.01399658 0.03801855
v 0.01231495 0.02045664 0.03740878
v 0.00546733 0.00513167 0.03910931
v 0.00098699 0.00393055 0.03845394
v 0.00251765 0.00061073 0.03805200
v -0.00312260 0.00166866 0.03754291
v -0.00494785 -0.00700525 0.03512444
v -0.00195760 -0.02096875 0.03198963
v 0.00201319 -0.00204339 0.03709964
v 0.00939176 -0.01262752 0.03154546
v 0.02150827 -0.01459219 0.03176255
v 0.01747290 -0.01194600 0.03272142
v 0.02346786 -0.01218822 0.03297112
v 0.02107211 -0.01740797 0.03310216
v 0.01908972 -0.00016738 0.03834501
v 0.02607631 -0.01303847 0.03688114
v 0.02620692 -0.00566994 0.03671803
v 0.02794391 -0.00459630 0.04056485
v 0.02689545 -0.01135605 0.03813390
v 0.02408680 -0.01586505 0.03764181
v 0.02415976 -0.01759071 0.04672284
v 0.02259613 -0.02182338 0.04561513
v 0.05020940 -0.01237405 0.05026633
v 0.05129420 -0.00700784 0.05054072
v 0.04938904 -0.00541508 0.05125254
v 0.03975205 0.01595179 0.04098288
v 0.03753925 -0.01230223 0.05286063
v 0.04556910 -0.02500318 0.04907605
v 0.04109098 -0.03248488 0.04811113
v 0.04290879 -0.02585639 0.05022828
v 0.04065245 -0.02521364 0.05184234
v 0.03925763 -0.02245538 0.05254924
v 0.03880693 -0.03267830 0.05066601
v 0.03568889 -0.04057915 0.04907947
v 0.03249829 -0.04868850 0.03913451
v 0.02796123 -0.03827089 0.05145487
v 0.03667962 -0.03032990 0.05251022
v 0.03659914 -0.02362258 0.05235399
v 0.03494802 -0.01198731 0.05252668
v 0.03834831 -0.00259828 0.05047600
v 0.02715343 -0.00847717 0.04502051
v 0.02783122 -0.00305779 0.03776549
v 0.03406467 0.01044460 0.03780135
v 0.03020969 0.00559188 0.03873602
v 0.02998780 0.00255272 0.03928661
v 0.03210427 0.00593590 0.03877075
v 0.02864647 -0.00101272 0.03884275
v 0.03086505 -0.00046367 0.04679208
v 0.03657431 0.01049108 0.04159046
v 0.03765308 0.00804391 0.04483796
v 0.03641526 0.00420343 0.04664202
v 0.03071595 -0.01607209 0.05110309
v 0.02816216 -0.02190934 0.05087608
v 0.03265491 -0.05157841 0.03990768
v 0.03447803 -0.04824539 0.04583817
v 0.03413708 -0.05255103 0.04438728
v 0.03303478 -0.05503297 0.04630812
v 0.03029631 -0.05020437 0.04910398
v 0.02662581 -0.04983351 0.04996291
v 0.02568096 -0.03797218 0.05093895
v 0.02383567 -0.04151990 0.05084876
v 0.02157932 -0.05048124 0.04845304
v 0.02532437 -0.02764147 0.05016029
v 0.02372724 -0.03039244 0.04939964
v 0.02195373 -0.03295567 0.04168986
v 0.02604716 -0.03201045 0.05056959
v 0.02939048 -0.03278724 0.05185226
v 0.01911578 -0.03890588 0.04544541
v 0.02001161 -0.03634322 0.04397944
v 0.01795901 -0.04664002 0.04180117
v 0.02358757 -0.05071674 0.04944666
v 0.01882428 -0.06010444 0.04324966
v 0.03236698 -0.05449761 0.03616049
v 0.03422977 -0.05601010 0.03710620
v 0.03403219 -0.05542304 0.03887528
v 0.03577790 -0.05817207 0.04749355
v 0.03284357 -0.05819130 0.04839247
v 0.02883632 -0.05903436 0.04854041
v 0.02544950 -0.05759744 0.04827137
v 0.03576272 -0.05971555 0.04954937
v 0.03859302 -0.05980304 0.04908947
v 0.03794203 -0.06235932 0.05055963
v 0.03932194 -0.06456439 0.05077110
v 0.02208414 -0.06135523 0.04609282
v 0.04031876 -0.06156125 0.04941367
v 0.03662691 -0.05746464 0.04469421
v 0.04098848 -0.05807400 0.03962391
v 0.03823108 -0.05691919 0.03191157
v 0.03954362 -0.00657557 -0.03119474
v 0.04183798 -0.00696814 -0.03145876
v 0.04193836 -0.00186722 -0.03100833
v 0.04881965 -0.01008235 -0.03367104
v 0.04704994 -0.01983217 -0.03915321
v 0.05269935 -0.01325178 -0.03552933
v 0.05942367 -0.02473631 -0.03170655
v 0.05748861 -0.02772355 -0.04021048
v 0.05672186 -0.03553981 -0.04647452
v 0.06109336 -0.05182082 -0.05743273
v 0.06077030 -0.04182001 -0.04898765
v 0.06488950 -0.04338844 -0.04627344
v 0.06494364 -0.04113303 -0.04340479
v 0.06473214 -0.04287711 -0.03783449
v 0.05718677 -0.01601009 -0.02287000
v 0.05449129 -0.01775961 -0.02083246
v 0.05750459 -0.01097038 -0.02872322
v 0.05089768 -0.00677191 -0.03296302
v 0.04354831 0.00039970 -0.03164592
v 0.05407596 -0.00302406 -0.03300416
v 0.06026749 -0.00393397 -0.02733618
v 0.06000650 -0.00584106 -0.02546729
v 0.05791764 -0.00926964 -0.02309848
v 0.05946132 -0.00169807 -0.02948854
v 0.06078951 0.00286267 -0.02868722
v 0.06251681 -0.00181849 -0.02038865
v 0.05604076 -0.00980893 -0.01903915
v 0.05469438 -0.01398494 -0.01932695
v 0.06439812 0.00967803 -0.02658935
v 0.06246617 0.00698309 -0.02745250
v 0.05801301 0.00058959 -0.03128931
v 0.05133863 0.00125146 -0.03390521
v 0.05401773 0.02959908 -0.02670195
v 0.05093384 0.00909462 -0.03103346
v 0.04107163 0.00775774 -0.03154209
v 0.04818255 0.00440494 -0.03246177
v 0.05111668 0.00513190 -0.03270881
v 0.06856822 0.00891300 -0.02627302
v 0.06727513 -0.04776428 -0.04179176
v 0.06795561 -0.05031392 -0.03938969
v 0.06143434 -0.03739071 -0.03094928
v 0.06777692 -0.05349245 -0.03918996
v 0.06806640 -0.05539338 -0.04381834
v 0.06978874 -0.06157961 -0.04480721
v 0.06558375 -0.05007402 -0.05346248
v 0.06815843 -0.05311841 -0.05306842
v 0.06270596 -0.05432313 -0.05899378
v 0.07434313 -0.06015672 -0.05127940
v 0.07491293 -0.06139338 -0.05826852
v 0.07671900 -0.06013929 -0.05502402
v 0.06567705 -0.05620473 -0.06040115
v 0.06966680 -0.05874678 -0.06351605
v 0.06235759 -0.06067010 -0.06765586
v 0.05795593 -0.05842266 -0.06645021
v 0.05997214 -0.03665461 -0.02902492
v 0.05623384 -0.02217933 -0.02297194
v 0.08564628 0.01894676 -0.05473478
v 0.08633837 0.02217779 -0.05493207
v 0.09282518 0.02346132 -0.05389005
v 0.09858732 0.01886466 -0.02060453
v 0.10018184 0.02155604 -0.02153741
v 0.10099933 0.02399931 -0.01886563
v 0.09917537 0.02781826 -0.01359257
v 0.10055515 0.03183297 -0.01388071
v 0.10207418 0.02887094 -0.01529403
v 0.10280734 0.03634282 -0.01797305
v 0.10077150 0.02467100 -0.01564630
v 0.10215590 0.02740992 -0.02275610
v 0.10585742 0.03918974 -0.02538085
v 0.10325351 0.03075645 -0.02410507
v 0.10229106 0.02994381 -0.02896849
v 0.07777338 0.03741531 -0.06974310
v 0.07916746 0.04258842 -0.07486957
v 0.08763238 0.04618330 -0.07537915
v 0.08389817 0.04064587 -0.06921416
v 0.09421355 0.04238135 -0.05881385
v 0.09877694 0.03679326 -0.05011486
v 0.08521695 0.02840685 -0.04768229
v 0.08825175 0.02644392 -0.04816931
v 0.09619752 0.02243641 -0.05358415
v 0.09014765 0.01655788 -0.05506618
v 0.09336076 0.01825581 -0.05478013
v 0.09663345 0.02133394 -0.04839835
v 0.09700406 0.02537591 -0.04560157
v 0.09861131 0.02866952 -0.04415411
v 0.09845819 0.01881715 -0.04643473
v 0.09723374 0.01728294 -0.05355449
v 0.09814706 0.01156519 -0.05198967
v 0.09913059 0.02906298 -0.03972132
v 0.10458755 0.04549803 -0.03177059
v 0.10446572 0.04896011 -0.03209620
v 0.10192912 0.05070004 -0.03617784
v 0.10357714 0.05258865 -0.03081203
v 0.10105519 0.05340315 -0.03650337
v 0.10223553 0.05520796 -0.03262783
v 0.09948379 0.05704310 -0.03597243
v 0.09909950 0.05367272 -0.04445504
v 0.09626595 0.04954769 -0.05643434
v 0.09162851 0.03928702 -0.07039431
v 0.08732007 0.03929270 -0.07214522
v 0.09230106 0.04127681 -0.07255916
v 0.09369506 0.04530638 -0.07317185
v 0.07776979 0.05132533 -0.07150669
v 0.08142974 0.05337959 -0.07409075
v 0.08425418 0.05391572 -0.07411826
v 0.09194237 0.05119117 -0.07124604
v 0.09487729 0.04758867 -0.06908722
v 0.09467186 0.05041752 -0.06128440
v 0.08944064 0.05956786 -0.05527647
v 0.09155771 0.05920325 -0.05412265
v 0.08990983 0.05690317 -0.05519685
v 0.09213752 0.05507695 -0.05591725
v 0.09456772 0.05362422 -0.05477181
v 0.09162462 0.06258836 -0.04890276
v 0.09431072 0.06009901 -0.04725111
v 0.10660067 0.04496749 -0.02522304
v 0.10413904 0.04180893 -0.03162949
v 0.10675298 0.04261088 -0.02510816
v 0.09875793 0.01131442 -0.04205008
v 0.09706265 0.01415802 -0.03816861
v 0.09600554 0.01522220 -0.03580141
v 0.09670813 0.01944329 -0.03248274
v 0.09481983 0.01562222 -0.03375980
v 0.10232817 0.03358151 -0.03157113
v 0.10412394 0.03804908 -0.03004811
v 0.09787983 0.06025147 -0.03401903
v 0.09722949 0.06402632 -0.03228960
v 0.09860150 0.06305408 -0.02824388
v 0.09824342 0.06156371 -0.02701412
v 0.09727313 0.06372356 -0.02646284
v 0.09571743 0.06087209 -0.03694444
v 0.09204013 0.05276112 -0.06638075
v 0.06074558 0.02503577 -0.03576990
v 0.06493408 0.02640850 -0.03993715
v 0.06259514 0.02206321 -0.03492853
v 0.06313678 0.03214713 -0.04275397
v 0.06567493 0.02788162 -0.04241332
v 0.07369028 0.02933273 -0.05121580
v 0.07129851 0.02935775 -0.04810061
v 0.07375401 0.03262709 -0.05343958
v 0.07217079 0.02599389 -0.04581464
v 0.06265088 0.01938849 -0.03232613
v 0.06480022 0.02422032 -0.03755254
v 0.07623525 0.01948069 -0.04269157
v 0.08270197 0.01986419 -0.04945238
v 0.08415488 0.01200189 -0.05075484
v 0.08022229 0.02206650 -0.04741323
v 0.07744693 0.02996844 -0.05003724
v 0.06597892 0.01664375 -0.03082765
v 0.06912550 0.02043870 -0.03761546
v 0.07243841 0.01539022 -0.03349832
v 0.07495320 0.01373581 -0.03016067
v 0.07766367 0.01385463 -0.03323071
v 0.09947047 0.02180433 -0.01658110
v 0.09900659 0.02089832 -0.01850734
v 0.09473222 0.01674112 -0.02599124
v 0.09676109 0.01679347 -0.02353951
v 0.07879661 0.01198983 -0.02799189
v 0.07728959 0.01402343 -0.03621028
v 0.08614139 0.01407954 -0.03279199
v 0.09245229 0.01486271 -0.03271904
v 0.07494847 0.03575431 -0.05567012
v 0.07125722 0.03639043 -0.05514058
v 0.07371784 0.03815924 -0.06053922
v 0.07833952 0.03312588 -0.05041344
v 0.07999639 0.04044753 -0.05586102
v 0.08694209 0.04033744 -0.05286612
v 0.09078128 0.04175630 -0.05509283
v 0.08438954 0.04299903 -0.06339519
v 0.08096290 0.04235749 -0.06281407
v 0.08003536 0.04100569 -0.06731309
v 0.07416434 0.03852279 -0.06348450
v 0.07497415 0.03797725 -0.06682253
v 0.08993784 0.04301546 -0.06387456
v 0.08922517 0.04162098 -0.06806698
v 0.09349356 0.03724492 -0.04870354
v 0.09520976 0.00973382 -0.05264551
v 0.08987454 0.00822036 -0.05282847
v 0.09129003 0.00622225 -0.05133896
v 0.09964099 0.00952428 -0.04508434
v 0.08736153 0.00555443 -0.05058260
v 0.08281074 0.00713032 -0.01249046
v 0.08698384 0.01285882 -0.01561367
v 0.08684769 0.01458996 -0.00764441
v 0.08313005 0.00645264 -0.00302101
v 0.07831432 0.00002742 -0.00907712
v 0.07941229 0.00009350 -0.00614788
v 0.08251632 0.00365989 -0.00814257
v 0.08339622 0.00326611 0.00222268
v 0.08321618 0.00964720 0.00467672
v 0.08300425 0.01741132 0.00892273
v 0.08127065 0.02149306 0.01249694
v 0.08169381 0.02213671 0.00877559
v 0.08254426 0.01495544 0.01240483
v 0.08081756 0.01165416 0.01399759
v 0.08040281 0.01427079 0.01645027
v 0.07856800 0.01527094 0.02090809
v 0.07844134 0.01949294 0.02320104
v 0.07702050 0.01454857 0.02337674
v 0.07636406 0.01146506 0.02142622
v 0.07500209 0.01010373 0.02310704
v 0.08506450 0.01590596 -0.00036627
v 0.08688114 0.02009514 -0.00234997
v 0.08624334 0.02158607 0.00003622
v 0.08612025 0.02511243 0.00105491
v 0.08312170 0.01965742 0.00544465
v 0.09335841 0.02139927 -0.01624261
v 0.09119631 0.02069534 -0.01394379
v 0.09038246 0.02154524 -0.00958344
v 0.05751614 -0.00424386 0.04483306
v 0.05773134 0.00438308 0.04511115
v 0.07750773 0.03030373 0.01653401
v 0.07045738 0.01058522 0.03545915
v 0.07103202 0.00402904 0.03543380
v 0.06892210 0.00074136 0.03488088
v 0.06937701 0.00094019 0.03130186
v 0.07506219 0.01064114 0.02802328
v 0.07747225 0.01302389 0.02789282
v 0.07774174 0.01491819 0.02551525
v 0.07808160 0.01669676 0.02616535
v 0.07717484 0.01388275 0.02877794
v 0.07894249 0.02369676 0.01972391
v 0.07525828 0.01582626 0.03037426
v 0.07427026 0.01115444 0.03226888
v 0.07650617 0.01110435 0.02939566
v 0.02956853 -0.04876128 0.03602275
v 0.02665782 -0.05014239 0.03434042
v 0.02956773 -0.05156485 0.03465205
v 0.02661865 -0.05249231 0.03176283
v 0.03102101 -0.05376296 0.03250105
v 0.02690558 -0.04003956 0.03609427
v 0.02261388 -0.03648393 0.03886037
v 0.02067066 -0.04161524 0.03793188
v 0.01914752 -0.04566258 0.03600839
v 0.02019185 -0.04592504 0.03389260
v 0.01973893 -0.05114751 0.03626394
v 0.01905673 -0.05184424 0.03863629
v 0.02014948 -0.04998731 0.03286906
v 0.02143237 -0.05364977 0.03548472
v 0.01928077 -0.05751662 0.03816149
v 0.01934330 -0.04770936 0.03290385
v 0.02511733 -0.04777903 0.03464207
v 0.03332902 -0.05543339 0.02974368
v 0.03099798 -0.05516028 0.02681021
v 0.02863243 -0.05389092 0.02780150
v 0.02550941 -0.05523350 0.02981635
v 0.02992036 -0.05646302 0.02460688
v 0.02896919 -0.05516999 0.02558195
v 0.02887761 -0.06024056 0.02542061
v 0.02620041 -0.05788915 0.02619470
v 0.02552726 -0.06135075 0.02872420
v 0.01970631 -0.06179429 0.03572326
v 0.03763699 -0.06672056 0.04973218
v 0.04028696 -0.06607810 0.04908702
v 0.04153208 -0.06526410 0.04800438
v 0.03877444 -0.05782940 0.02995202
v 0.03245394 -0.06322217 0.03448075
v 0.03593212 -0.06505629 0.04316699
v 0.04360396 -0.06284775 0.03593082
v 0.04540187 -0.06690235 0.03854265
v 0.02498450 -0.06474438 0.04613382
v 0.03036709 -0.06570996 0.04803414
v 0.03395786 -0.06602286 0.04967257
v 0.03521238 -0.06621465 0.04808686
v 0.02832402 -0.06507134 0.04800152
v 0.03102860 -0.06476479 0.04193402
v 0.02783531 -0.06518766 0.04455820
v 0.02180291 -0.06388023 0.04429587
v 0.04152643 -0.06267021 0.04735417
v 0.04257624 -0.05959800 0.03533022
v 0.04451538 -0.06080290 0.03723308
v 0.04334786 -0.06238714 0.04180351
v 0.04565053 -0.06399452 0.03697087
v 0.04553904 -0.06657419 0.03664275
v -0.05627491 0.00412195 -0.02257975
v -0.05200744 0.00614954 -0.01974376
v -0.05929153 0.00394797 -0.02448320
v -0.06527732 0.00151865 -0.02526023
v -0.06451799 0.00481884 -0.02381707
v -0.06174845 0.00542050 -0.02442340
v -0.05871720 0.00969147 -0.02249668
v -0.06084656 0.01387217 -0.02154852
v -0.06630271 0.01181250 -0.02122734
v -0.06775533 0.00748149 -0.02186992
v -0.04075144 0.01094033 -0.01669898
v -0.03879726 0.01571328 -0.01643256
v -0.03682459 0.01945605 -0.01465539
v -0.03471601 0.01600494 -0.01503330
v -0.04196999 0.02007968 -0.01634872
v -0.03529804 0.02322575 -0.01312492
v -0.03262064 0.02131235 -0.01300700
v -0.03028191 0.01519221 -0.01511131
v -0.02951547 0.00586719 -0.01525438
v -0.01583621 0.00618696 -0.01660929
v -0.01932771 0.00708927 -0.01666586
v -0.02552874 0.01699127 -0.01495718
v -0.02404244 0.01201104 -0.01617131
v -0.01628302 0.01351164 -0.01702084
v -0.01595265 0.01743957 -0.01648226
v -0.03356652 0.02457112 -0.01223826
v -0.03516661 0.02681231 -0.01222817
v -0.02574738 0.02758853 -0.01030019
v -0.03137439 0.02863786 -0.01074392
v -0.03907265 0.02475669 -0.01377017
v -0.03601726 0.02998398 -0.01099334
v -0.03967680 0.03076182 -0.01118879
v -0.04317882 0.02747552 -0.01425046
v -0.05266168 0.02084047 -0.01909295
v -0.05489928 0.01612258 -0.02043270
v -0.05550816 0.02417458 -0.01837107
v -0.05201792 0.02982336 -0.01421069
v -0.05427568 0.02786973 -0.01630476
v -0.05919024 0.01944145 -0.02017263
v -0.05794875 0.02713600 -0.01652100
v -0.06254890 0.02527297 -0.01698275
v -0.06816763 0.01507726 -0.02016299
v -0.06453317 0.01692343 -0.02026815
v -0.06807718 0.02299398 -0.01680054
v -0.07397342 0.01490020 -0.01776015
v -0.06664589 0.02684484 -0.01467664
v -0.05672466 0.03149847 -0.01248737
v -0.04146570 0.03315616 -0.00827936
v -0.04423301 0.03516844 -0.00495616
v -0.03321554 0.03619532 -0.00015257
v -0.04157580 0.03989992 0.00518912
v -0.04795288 0.03788583 0.00116678
v -0.04691028 0.03625849 -0.00241202
v -0.05483781 0.03325398 -0.01010691
v -0.06134976 0.02993494 -0.01341732
v -0.06962350 0.02521845 -0.01475514
v -0.06318645 0.03136168 -0.01130340
v -0.06974251 0.02822313 -0.01184187
v -0.06940512 0.03019824 -0.00913186
v -0.06628057 0.03304698 -0.00414753
v -0.04894860 0.04055388 0.00749811
v -0.06000673 0.03816628 0.00653134
v -0.05623835 0.03933846 0.00840638
v -0.05765982 0.03840499 0.01118023
v -0.05516408 0.03801893 0.01403682
v -0.05964587 0.03839681 0.00920243
v -0.06349999 0.03640740 0.01021143
v -0.06745960 0.03250241 0.01583111
v -0.04463241 0.04142602 0.01102614
v -0.03940914 0.04158287 0.00818374
v -0.04133365 0.04186342 0.00961112
v -0.03290161 0.04053883 0.00662121
v -0.04131695 0.03997722 0.01635332
v -0.05065126 0.03938762 0.01397111
v -0.04160290 0.04123237 0.01264584
v -0.04720958 0.03683802 0.02313585
v -0.03670646 0.04161305 0.01268008
v -0.06328355 0.03362127 0.01838662
v -0.06370775 0.03099972 0.02439530
v -0.06268975 0.02832922 0.02832467
v -0.05669492 0.02934762 0.03187534
v -0.05823683 0.02678059 0.03361059
v -0.05174121 0.03494848 0.02533003
v -0.05121963 0.03351227 0.02823584
v -0.04702311 0.03237256 0.03113141
v -0.04540216 0.03601093 0.02560275
v -0.06630245 0.03110056 0.02119592
v -0.06897048 0.03061034 0.01888730
v -0.07153963 0.03041904 0.01546627
v -0.06468408 0.03583554 0.00307095
v -0.06375325 0.03472898 -0.00119184
v -0.07073666 0.03452897 0.00989721
v -0.07390248 0.02807295 -0.00762685
v -0.07340816 0.02481338 -0.01189759
v -0.08542019 0.02670370 0.00519460
v -0.08606119 0.02863899 0.00819889
v -0.08847017 0.02707941 0.01112678
v -0.09207879 0.02572376 0.01044222
v -0.09091779 0.02289720 0.01342727
v -0.08884513 0.02397412 0.01404764
v -0.08024041 0.02764688 0.01333963
v -0.08602127 0.02605370 0.01319116
v -0.09409814 0.02413729 0.00966963
v -0.09256121 0.02338287 0.00605591
v -0.04499700 0.02244508 0.04065721
v -0.04075390 0.03303421 0.03120347
v -0.02996248 0.04083981 0.01463176
v -0.03442382 0.03838437 0.02156022
v -0.04120097 0.03466655 0.02891954
v -0.04132710 0.02560398 0.03840309
v -0.03898365 0.02195105 0.04108173
v -0.04162081 0.01928841 0.04312629
v -0.03726418 0.01803288 0.04394406
v -0.03392074 0.01637109 0.04466901
v -0.03123935 0.02347904 0.04028218
v -0.03163930 0.01966232 0.04137389
v -0.03081009 0.02118195 0.04117783
v -0.02796645 0.01953941 0.04227109
v -0.03186267 0.01240014 0.04697786
v -0.02461791 0.01813906 0.04376940
v -0.02851418 0.01441831 0.04546677
v -0.02143433 0.01692361 0.04475659
v -0.01864148 0.01689920 0.04316472
v -0.02021760 0.01512148 0.04609875
v -0.01682963 0.01313954 0.04565221
v -0.01684914 0.01524245 0.04210501
v -0.01978793 0.01710924 0.04404449
v -0.02031491 0.01920423 0.04213572
v -0.01495935 0.01162305 0.04411674
v -0.01430232 0.00857101 0.04748167
v -0.02832391 0.00977200 0.04749298
v -0.03023714 0.00847499 0.04860858
v -0.02400835 -0.00433524 0.05394652
v -0.02739943 -0.00325420 0.05337769
v -0.02529083 -0.01051933 0.05549769
v -0.02202030 -0.00652335 0.05412331
v -0.01836407 -0.00772642 0.05404361
v -0.01828592 -0.00543395 0.05443096
v -0.01834500 -0.00164541 0.05343242
v -0.02124772 0.01003054 0.04848351
v -0.01793605 0.01077236 0.04805164
v -0.01308397 0.00657864 0.04717563
v -0.01264691 0.00593014 0.04575419
v -0.01302755 0.00543459 0.04288442
v -0.01191742 0.00156352 0.04593275
v -0.01367424 0.00438423 0.04945328
v -0.01224662 0.00124752 0.04871960
v -0.01135018 -0.00204515 0.04774071
v -0.01507436 -0.00546873 0.05317774
v -0.01554127 0.00193806 0.05132224
v -0.01526924 0.00653560 0.04958349
v -0.07437721 0.03039801 -0.00054159
v -0.07881404 0.03025103 0.00500278
v -0.08158313 0.03051643 0.00994948
v -0.09510698 0.01980011 0.00568714
v -0.09708595 0.01993736 0.00641262
v -0.09871054 0.02009798 0.01148160
v -0.10171430 0.01823290 0.01151542
v -0.10391028 0.01603857 0.00787146
v -0.10059640 0.01843518 0.00774546
v -0.10589708 0.01638078 0.01139280
v -0.10489754 0.01088997 0.00637931
v -0.10923572 0.01438195 0.00909951
v -0.11129865 0.01334209 0.01102749
v -0.11586343 0.00994011 0.01285257
v -0.11408563 0.01182633 0.01185963
v -0.10321272 0.01419466 0.00662501
v -0.10723650 0.01438895 0.00782686
v -0.11902627 0.01062946 0.01057694
v -0.12216412 0.00972914 0.00791647
v -0.12473873 0.00942071 0.01029602
v -0.12659086 0.00645319 0.01297331
v -0.12749696 0.00843816 0.01115284
v -0.12847269 0.00406335 0.01395384
v -0.13130800 0.00793438 0.01205240
v -0.13355994 0.00646673 0.01350456
v -0.14084285 0.00899656 0.01178657
v -0.13314661 0.00900497 0.01071858
v -0.13358063 0.00949190 0.00879166
v -0.13955985 0.00984110 0.00997914
v -0.12796867 0.00866351 0.00738785
v -0.11787013 0.01075294 0.00860548
v -0.11346456 0.01221617 0.00853302
v -0.11413092 0.00996604 0.00722354
v -0.11820101 0.00815109 0.00716125
v -0.11991107 0.00426042 0.00586957
v -0.12354054 0.00499695 0.00623662
v -0.14228229 0.00950062 0.00747055
v -0.14634110 0.00845618 0.01249042
v -0.14712803 0.01030917 0.00865609
v -0.14781436 0.00990887 0.01086379
v -0.14778605 0.00991723 0.00753403
v -0.14997874 0.00886646 0.00708049
v -0.15420829 0.00781297 0.00678946
v -0.15531266 0.00963548 0.00909644
v -0.15718491 0.00595951 0.01232931
v -0.16128835 0.00899127 0.00730710
v -0.07662704 0.03277206 0.00834001
v -0.07305042 0.03162667 0.01229231
v -0.07910655 0.02979841 0.01205871
v -0.02588376 0.02171711 0.04213494
v -0.01738190 0.01692848 0.03875750
v -0.01591461 0.01345554 0.03977864
v -0.01668841 0.01919139 0.03606915
v -0.01845180 0.02345061 0.03544831
v -0.02140473 0.02391850 0.03663382
v -0.02297761 0.02257511 0.03999828
v -0.02155298 0.02637403 0.03465446
v -0.03235455 0.02628350 0.03788180
v -0.03354217 0.03613452 0.02806547
v -0.03490622 0.03394245 0.03024722
v -0.02776698 0.03776106 0.02391949
v -0.02847180 0.04188268 0.01106553
v -0.03071362 0.04170100 0.00905009
v -0.02657551 0.03618556 0.00046914
v -0.02150581 0.03554826 -0.00106678
v -0.02441757 0.03133809 -0.00643597
v -0.02769529 0.03245739 -0.00533155
v -0.01918778 0.03274616 -0.00559880
v -0.01576195 0.03462213 -0.00425685
v -0.02104254 0.02077354 -0.01472238
v -0.01499986 0.02261249 -0.01471157
v -0.01746209 0.02524356 -0.01299432
v -0.01054188 0.02687625 -0.01306426
v -0.00718163 0.02085401 -0.01637453
v -0.01066448 0.01500346 -0.01711127
v -0.00549287 0.00284971 -0.01751243
v 0.00486619 0.00006850 -0.01701988
v 0.00412025 0.00522714 -0.01747272
v 0.02163872 0.01302350 -0.02095220
v 0.02559831 0.01144119 -0.02076854
v 0.02448340 0.01871458 -0.02104934
v 0.02402328 0.02724035 -0.01775854
v 0.01636882 0.02609784 -0.01806823
v 0.03101361 0.02525457 -0.02092256
v 0.02913076 0.01951322 -0.02190906
v 0.02332393 0.03205808 -0.01368450
v 0.02745969 0.02998037 -0.01598959
v 0.02862073 0.02777117 -0.01842175
v 0.01897754 0.02839205 -0.01670812
v 0.01989437 0.03544525 -0.01088633
v 0.02537672 0.03486487 -0.01184428
v 0.01166764 0.02930037 -0.01585256
v 0.01269520 0.03419796 -0.01169785
v 0.01778841 0.03805395 -0.00777237
v 0.01186919 0.03739579 -0.00742809
v 0.02380852 0.04037556 -0.00660991
v 0.02587313 0.04192179 -0.00297176
v 0.02053261 0.04099835 -0.00041689
v 0.01009254 0.02535786 -0.01797043
v 0.00617096 0.02732046 -0.01625726
v 0.01662310 0.02276494 -0.01953286
v 0.01487935 0.01881414 -0.02054884
v 0.01989581 0.02016813 -0.02037561
v 0.01507528 0.01174622 -0.01946433
v 0.01572455 0.01530129 -0.02068247
v 0.01892125 0.01656011 -0.02097508
v 0.01235232 0.01632204 -0.02016971
v -0.00382297 0.01723002 -0.01790842
v -0.01081751 0.03465549 -0.00662311
v -0.00813467 0.03078282 -0.01133209
v 0.00216219 0.03013683 -0.01393426
v -0.00096067 0.01909818 -0.01792054
v -0.00011190 0.01390937 -0.01846913
v 0.00677131 0.01644779 -0.01882729
v 0.00981100 0.01468931 -0.01910561
v 0.01000116 0.01147462 -0.01869397
v -0.01511882 0.00992252 0.03865129
v -0.01363238 0.00404919 0.03988434
v -0.01476547 -0.00798981 0.05332825
v -0.02056153 -0.01085551 0.05538958
v -0.01156648 -0.00797031 0.05097163
v -0.01078549 -0.00783835 0.04919273
v -0.02309832 -0.01424821 0.05739613
v -0.02769321 -0.01204039 0.05750407
v -0.02968390 -0.01423767 0.05821296
v -0.02648700 -0.01474367 0.05864988
v -0.02815085 -0.02123406 0.05980590
v -0.02615697 -0.02381464 0.06073213
v -0.02958910 -0.02345219 0.06028847
v -0.01046894 -0.01318979 0.03379259
v -0.00885448 -0.01419432 0.03293189
v -0.01127635 -0.01358118 0.03507546
v -0.00947124 -0.01042818 0.03421501
v -0.01196324 -0.01150608 0.03813409
v -0.01289682 -0.01235414 0.04526779
v -0.01261701 -0.00825638 0.04015264
v -0.01219065 -0.00652378 0.03818856
v -0.01248636 -0.00316729 0.04043712
v -0.01238032 0.00019854 0.04264958
v -0.01264098 -0.00152727 0.03727162
v -0.01577538 0.01362759 0.03683085
v -0.01490578 0.01376389 0.03615592
v -0.01283986 0.01240743 0.03606312
v -0.01329634 0.00450980 0.03633942
v -0.01380515 0.00381802 0.03767438
v -0.01125303 0.00287731 0.03626804
v -0.01253786 0.00026501 0.03645432
v 0.00037776 0.03409034 -0.01052208
v 0.00275810 0.03694815 -0.00751926
v -0.00661435 0.03424678 -0.00893326
v -0.01319475 0.03166165 -0.00908946
v -0.00264371 0.03711485 -0.00643795
v -0.00213858 0.03985565 -0.00242132
v 0.00304339 0.04140983 0.00078580
v 0.00975582 0.04009660 -0.00157191
v 0.03123019 0.04226325 0.00289703
v 0.02921065 0.04271705 -0.00095921
v 0.02990350 0.04354498 -0.00353421
v 0.03314500 0.04566845 -0.00251172
v 0.03314310 0.04467222 -0.00121295
v 0.03151036 0.04228380 0.00662161
v 0.03345263 0.04225946 0.00808220
v 0.03742599 0.04211407 0.00767865
v 0.01152969 0.04236747 0.00451210
v 0.00891242 0.04422213 0.01028107
v 0.01236510 0.04278408 0.01434584
v 0.02264540 0.04280553 0.01083284
v 0.01446140 0.04357140 0.01112446
v 0.01450748 0.04143728 0.01810534
v 0.02048157 0.04136177 0.01732958
v 0.02023009 0.03994122 0.02148083
v 0.00666722 0.04344014 0.01386959
v 0.00326575 0.04237373 0.01753019
v 0.00903785 0.04090175 0.02027480
v 0.01146158 0.03928279 0.02329702
v 0.00499144 0.03771076 0.02663674
v 0.00154530 0.04116861 0.02078662
v 0.00283949 0.03950021 0.02404675
v 0.00232662 0.04386454 0.01434683
v -0.00719888 0.04139691 0.01901564
v -0.00180043 0.04396875 0.01409609
v -0.00025470 0.04515953 0.01169644
v -0.00185457 0.04525208 0.00891503
v -0.00655619 0.04422982 0.00709173
v -0.00254291 0.04293771 0.00353021
v -0.00573355 0.04072245 0.00063896
v -0.00751421 0.03718409 -0.00436908
v -0.02378559 0.03946687 0.00468957
v -0.02758226 0.03924647 0.00493112
v -0.02528432 0.04182215 0.01328114
v -0.02002237 0.04229780 0.00884207
v -0.02059569 0.04192587 0.01328840
v -0.00658115 0.04470450 0.01191759
v -0.01108497 0.04337827 0.01336372
v -0.01118566 0.04438470 0.00910099
v -0.01092858 0.04450939 0.01093357
v -0.01463967 0.04357624 0.00959227
v -0.03086570 0.03554717 0.02896624
v -0.02692699 0.03653181 0.02676085
v -0.02632229 0.03409959 0.02919513
v -0.01572294 0.03401359 0.02891787
v -0.02787902 0.02991266 0.03416829
v -0.02107047 0.03025126 0.03195955
v -0.02510193 0.02678854 0.03631190
v -0.02452522 0.03021281 0.03243035
v -0.01661559 0.02695125 0.03382291
v -0.02933073 0.02692359 0.03769354
v 0.03508480 0.04288090 0.00268213
v 0.03761600 0.04715560 -0.00143292
v 0.04036775 0.04308140 0.00507256
v 0.03983664 0.04473488 0.00214520
v 0.03988439 0.04848474 -0.00305983
v 0.04903733 0.04649778 0.00144895
v 0.04694085 0.04838435 -0.00878805
v 0.03712165 0.04719533 -0.00540715
v 0.03204169 0.04150265 -0.00935441
v 0.04344317 0.04792313 -0.00916629
v 0.05189990 0.05013344 -0.00642167
v 0.05241248 0.04942813 -0.00331985
v 0.04884312 0.04437598 0.00944872
v 0.05727535 0.04706999 0.00561172
v 0.04166381 0.04266281 0.00680052
v 0.02227756 0.04025159 0.02046171
v 0.04962882 0.04538063 0.01574942
v 0.04906559 0.04281686 0.01903733
v 0.03510107 0.03626284 0.02499200
v 0.02688872 0.03978418 0.02083600
v 0.02182178 0.03860836 0.02310903
v 0.03267249 0.03414050 0.02643130
v 0.03022139 0.03678409 0.02426108
v 0.02734813 0.03566242 0.02525445
v 0.03873770 0.03296708 0.02758276
v 0.04367055 0.03624633 0.02531407
v 0.04798392 0.03822202 0.02370132
v 0.05295042 0.04525430 0.01653175
v 0.05440712 0.04570588 0.01545401
v 0.05355641 0.03993597 0.02226311
v 0.05743371 0.04295623 0.01872395
v 0.05886693 0.04394305 0.01666774
v 0.05755099 0.04061392 0.02142709
v 0.04559773 0.03428620 0.02797283
v 0.04673130 0.03605873 0.02542709
v 0.04968103 0.03346786 0.02836881
v 0.04189781 0.02725070 0.03216391
v 0.03074045 0.03092756 0.03017503
v 0.03880037 0.02743926 0.03103742
v 0.03710195 0.02555264 0.03284236
v 0.02853234 0.02815275 0.03355880
v 0.03461510 0.02796753 0.03198480
v 0.03316931 0.02486007 0.03475692
v 0.02251078 0.03661808 0.02540828
v 0.01806070 0.03796939 0.02460608
v 0.01913681 0.03583007 0.02775606
v 0.01284992 0.03701425 0.02704390
v 0.00483546 0.03394694 0.03076712
v 0.00972861 0.03408827 0.03045726
v 0.01522893 0.03471304 0.02980739
v -0.01032967 0.03460865 0.02927248
v -0.00705482 0.03267027 0.03159787
v -0.00238541 0.02731520 0.03496020
v -0.00309850 0.03068936 0.03325366
v 0.00336979 0.02931927 0.03400026
v 0.00888386 0.02824202 0.03463037
v 0.02020259 0.03404775 0.02994627
v 0.00952654 0.02258752 0.03722513
v 0.01701028 0.03124367 0.03311962
v 0.02359589 0.03178535 0.03150398
v 0.02225600 0.03005779 0.03347289
v 0.01595889 0.02556852 0.03596291
v 0.03014800 0.03621145 -0.01246391
v 0.03272982 0.03549404 -0.01458152
v 0.03583845 0.02124210 -0.02493356
v 0.04260328 0.01763309 -0.02855182
v 0.04301630 0.02151726 -0.02722380
v 0.04666809 0.02273098 -0.02605933
v 0.04620030 0.02576712 -0.02462506
v 0.03820970 0.02489133 -0.02523683
v 0.03461622 0.02959207 -0.02119934
v 0.03731881 0.03281454 -0.02012597
v 0.03700286 0.03849028 -0.01651040
v 0.04029017 0.03739521 -0.01925591
v 0.04033476 0.04052395 -0.01755052
v 0.04790459 0.04437870 -0.01764816
v 0.04470160 0.03954829 -0.02025348
v 0.05290525 0.04643172 -0.02077929
v 0.05193888 0.04741264 -0.01653319
v 0.05615041 0.05013082 -0.02116908
v 0.05847210 0.05346394 -0.01837560
v 0.05626603 0.04566544 -0.02533232
v 0.05651345 0.04522581 -0.02776251
v 0.05693801 0.04745980 -0.02828723
v 0.05887488 0.04899769 -0.02947021
v 0.05972717 0.05180920 -0.02517343
v 0.06170733 0.05505596 -0.02509275
v 0.05914931 0.04732049 -0.03086584
v 0.05831221 0.04468456 -0.03257407
v 0.05728450 0.04395000 -0.02988436
v 0.04902070 0.03955676 -0.02195177
v 0.05429620 0.03692581 -0.02560826
v 0.05766140 0.04063785 -0.03094036
v 0.05725470 0.04198835 -0.03474942
v 0.05777771 0.03899335 -0.03291378
v 0.05951140 0.04722476 -0.03308461
v 0.05801156 0.04588229 -0.03483416
v 0.06154104 0.05433035 -0.02820165
v 0.05477797 0.05055293 -0.01439112
v 0.04503028 0.04645997 -0.01317583
v 0.04313602 0.03249206 -0.02201306
v 0.04865080 0.03298413 -0.02368128
v 0.05354556 0.03189402 -0.02561845
v 0.05599783 0.03127197 -0.02875545
v 0.05768811 0.02481977 -0.03028310
v 0.05846836 0.03788135 -0.03116722
v 0.06037104 0.02341765 -0.03262750
v 0.00016096 0.00973653 -0.01791126
v 0.05944734 0.02990626 -0.03369049
v 0.05929574 0.03089523 -0.03595529
v 0.06151606 0.03317570 -0.04106387
v 0.05885682 0.03546699 -0.03271254
v 0.05790700 0.03595166 -0.03453891
v 0.05902896 0.03866854 -0.03812936
v 0.05944189 0.04230419 -0.04096113
v 0.05966561 0.04558061 -0.03777902
v 0.05936178 0.04403586 -0.03912740
v 0.05928466 0.04749097 -0.04106011
v 0.06073950 0.05060628 -0.04071671
v 0.06196126 0.05186530 -0.03816431
v 0.06247616 0.05141987 -0.03588484
v 0.06336447 0.05399044 -0.03235046
v 0.06425522 0.05743001 -0.02667440
v 0.06420829 0.05638566 -0.02922303
v 0.06704002 0.06013269 -0.03074150
v 0.06220128 0.06189793 -0.03437450
v 0.06132029 0.06011982 -0.03368937
v 0.06198828 0.05567677 -0.03733715
v 0.06261365 0.05784876 -0.03707525
v 0.06092643 0.06146949 -0.03542034
v 0.06174348 0.06059303 -0.03678318
v 0.06384712 0.05912276 -0.03860111
v 0.06392834 0.05724509 -0.03975457
v 0.06390866 0.06232458 -0.03944834
v 0.06187763 0.04514885 -0.04401993
v 0.06026025 0.03256566 -0.03847315
v 0.06229661 0.05248129 -0.04223970
v 0.06227001 0.05043815 -0.04376930
v 0.06371690 0.04922783 -0.04504588
v 0.06576404 0.05111811 -0.04779499
v 0.06560196 0.03720051 -0.04718821
v 0.06739840 0.03777954 -0.05048578
v 0.06827572 0.04089984 -0.05390155
v 0.06567429 0.04788582 -0.04813655
v 0.06434619 0.04509917 -0.04655212
v 0.06795122 0.05536809 -0.05236974
v 0.06794892 0.05804940 -0.04496246
v 0.06778383 0.05679351 -0.04850349
v 0.06643586 0.05417966 -0.04621816
v 0.06487621 0.05351935 -0.04433618
v 0.06692701 0.06191006 -0.04043111
v 0.06316204 0.06364991 -0.03811657
v 0.06423944 0.06314687 -0.03529363
v 0.06546938 0.06088310 -0.03257186
v 0.06942554 0.06176477 -0.02599864
v 0.06188479 0.05602171 -0.01981194
v 0.06356805 0.05736312 -0.01696726
v 0.06624819 0.05953640 -0.02400770
v 0.06667556 0.05844744 -0.01573575
v 0.06972240 0.06156103 -0.02355167
v 0.07179620 0.06308631 -0.02584406
v 0.07031254 0.05991342 -0.01762496
v 0.07372005 0.06107640 -0.01857228
v 0.07140502 0.05866060 -0.01418211
v 0.06341255 0.05589905 -0.01066163
v 0.06112599 0.05418185 -0.00978409
v 0.05970963 0.05439840 -0.01155338
v 0.05806785 0.05340128 -0.01411701
v 0.05662679 0.05120968 -0.00491094
v 0.06572838 0.05438906 -0.00797970
v 0.06657406 0.05335796 -0.00546615
v 0.07201822 0.05731419 -0.01088867
v 0.06740090 0.05719215 -0.01182272
v 0.08095522 0.06414515 -0.02660481
v 0.07555921 0.06473470 -0.03150126
v 0.07947217 0.06507628 -0.03079673
v 0.07967953 0.06573587 -0.03479485
v 0.06828161 0.06238685 -0.03499281
v 0.07224226 0.06352422 -0.03861371
v 0.08134345 0.06596366 -0.03845696
v 0.08032501 0.06237608 -0.02228828
v 0.07436895 0.05935147 -0.01527183
v 0.06125673 0.05170087 -0.00388459
v 0.06125285 0.04926440 0.00138594
v 0.05681987 0.04850041 0.00158395
v 0.08355764 0.03248135 0.00165617
v 0.08651803 0.03653431 -0.00298516
v 0.08452362 0.03739536 -0.00094380
v 0.08276934 0.04360171 -0.00431776
v 0.09071939 0.03566154 -0.00673626
v 0.09512183 0.03667128 -0.01138560
v 0.05451563 0.04604772 0.01285891
v 0.05762856 0.04621006 0.00922700
v 0.06406911 0.04527552 0.01000197
v 0.06477441 0.04684578 0.00582482
v 0.06878164 0.04464940 0.00644913
v 0.07213636 0.04319320 0.00485395
v 0.06943814 0.04210439 0.01026135
v 0.06567906 0.04263158 0.01388089
v 0.05368796 0.03330958 0.02816395
v 0.05105887 0.03189031 0.02966070
v 0.04868781 0.03140856 0.03116226
v 0.05169809 0.02563347 0.03688360
v 0.04435862 0.02585112 0.03495928
v 0.03365936 0.01959541 0.03670869
v 0.03907241 0.02290661 0.03476511
v 0.03553563 0.01721714 0.03742507
v 0.02104111 0.02552545 0.03643233
v 0.02442876 0.01375806 0.03891410
v 0.01829811 0.02266188 0.03725479
v 0.05347837 0.00524871 0.04653556
v 0.05078549 0.00562521 0.04658582
v 0.05651847 0.01027777 0.04436697
v 0.04889023 0.00672185 0.04607439
v 0.04311316 0.01239735 0.04515199
v 0.04735807 0.00898921 0.04577422
v 0.05082181 -0.00194494 0.04957905
v 0.04580315 0.00535358 0.04790894
v 0.04374319 0.01720515 0.04214076
v 0.04850424 0.01908853 0.04085983
v 0.04475628 0.00156692 0.05000917
v 0.04169646 0.00176678 0.05071576
v 0.03824040 0.01858748 0.03762633
v 0.03974312 0.00497560 0.04805120
v 0.04106599 0.00877397 0.04657437
v 0.04344508 0.02224851 0.03753721
v 0.04467140 0.01960595 0.04004593
v 0.04709282 0.02380085 0.03771831
v 0.05471233 0.01468979 0.04268154
v 0.05472859 0.01736100 0.04102464
v 0.05140788 0.02325433 0.03874937
v 0.05726816 0.02366354 0.03735242
v 0.05752858 0.02101282 0.03944011
v 0.06481101 0.01056061 0.03934087
v 0.06099823 0.01107287 0.04224613
v 0.06128471 0.01421602 0.04098341
v 0.05855566 0.02599841 0.03503602
v 0.06052870 0.02242474 0.03671227
v 0.06826086 0.00786526 0.03740590
v 0.05520641 0.03479221 -0.02724354
v 0.06753931 0.04453390 -0.05329696
v 0.06690677 0.05105776 -0.05088398
v 0.06856310 0.05260569 -0.05298918
v 0.07135060 0.04048919 -0.05785502
v 0.07200439 0.04566107 -0.05983385
v 0.07219125 0.05179320 -0.05723305
v 0.07092975 0.04720486 -0.05821250
v 0.06969032 0.05623557 -0.05511077
v 0.07040925 0.05858551 -0.05449769
v 0.07476681 0.05703626 -0.05752617
v 0.07531247 0.05400026 -0.06174446
v 0.07239346 0.05829516 -0.05606940
v 0.07307385 0.06005112 -0.05291844
v 0.07563162 0.06350572 -0.04705897
v 0.06495696 0.05605024 -0.04283635
v 0.07629921 0.06519271 -0.03893431
v 0.07888383 0.06493971 -0.04476468
v 0.07940207 0.06104722 -0.05425238
v 0.07764414 0.05936404 -0.05650444
v 0.07408188 0.05104658 -0.06184898
v 0.07801864 0.05542852 -0.06569375
v 0.07345533 0.04623405 -0.06360794
v 0.07413199 0.04929127 -0.06465424
v 0.07546086 0.04314725 -0.07214765
v 0.08088098 0.05756067 -0.06102072
v 0.08491462 0.06025745 -0.05610794
v 0.08266233 0.06010914 -0.05659552
v 0.08373109 0.05707174 -0.06673151
v 0.08666310 0.05706580 -0.06375802
v 0.08701468 0.05701974 -0.06770818
v 0.08418059 0.05663293 -0.06970710
v 0.09103213 0.06340905 -0.04524235
v 0.08872145 0.06278377 -0.05122969
v 0.08637343 0.06234649 -0.05210438
v 0.08442955 0.06429174 -0.04937067
v 0.10334543 0.05054910 -0.02603903
v 0.10093140 0.04047954 -0.01613841
v 0.09760301 0.03954452 -0.01396720
v 0.08998041 0.04536357 -0.01105033
v 0.08658813 0.04398274 -0.00839869
v 0.08214360 0.03773626 0.00042185
v 0.08070559 0.03548337 0.00297518
v 0.07943921 0.03380742 0.00618674
v 0.09759068 0.06635108 -0.02910596
v 0.09555868 0.06627414 -0.02854128
v 0.09286642 0.06508168 -0.02913003
v 0.09768146 0.06598578 -0.03086394
v 0.09332314 0.06652276 -0.03191226
v 0.09105052 0.06487171 -0.03566040
v 0.08008650 0.05963768 -0.01769151
v 0.08203179 0.06052112 -0.02069361
v 0.08700575 0.05799169 -0.02007376
v 0.08323008 0.05861520 -0.01868127
v 0.08379909 0.06337576 -0.02590290
v 0.07062667 0.05293829 -0.00544428
v 0.07843342 0.05518060 -0.01141258
v 0.08148415 0.05276808 -0.01126155
v 0.06942280 0.05032758 -0.00155578
v 0.07801278 0.04718886 -0.00366128
v 0.07450346 0.05049028 -0.00406870
v 0.09010671 0.05802895 -0.02397088
v 0.08973396 0.05612113 -0.01987354
v 0.09067624 0.06108466 -0.02815173
v 0.08830821 0.06368481 -0.03115652
v 0.09529226 0.05746526 -0.02540613
v 0.10014377 0.05219168 -0.02361438
v 0.09324580 0.05903149 -0.02636802
v 0.09351303 0.05600655 -0.02267111
v 0.09230685 0.05392250 -0.01989403
v 0.08891141 0.05455084 -0.01732931
v 0.09149174 0.05160071 -0.01642157
v 0.08414336 0.04963858 -0.01056457
v 0.09789012 0.05043725 -0.01854040
v 0.09487227 0.04360392 -0.01335300
v 0.09385952 0.04733066 -0.01508726
v 0.09524480 0.04819612 -0.01695181
v 0.09692053 0.04430052 -0.01538557
v 0.09908295 0.04517191 -0.01658101
v -0.00679848 0.04333382 0.01464910
v -0.01278348 0.04107693 0.01756377
v -0.01887529 0.04059329 0.01645383
v -0.01430960 0.03913559 0.02125345
v -0.01015632 0.03988639 0.02142012
v -0.01217006 -0.00845803 0.04353361
v -0.01133701 -0.01055173 0.04880582
v -0.01171918 -0.01272066 0.05129670
v -0.01174558 -0.01291045 0.04884742
v -0.01244105 -0.01629229 0.05174815
v -0.01359987 -0.01547220 0.05453339
v -0.01333850 -0.01959778 0.05350808
v -0.01606536 -0.02072426 0.05753488
v -0.01444741 -0.02061406 0.05576463
v -0.01922909 -0.01959184 0.05888959
v -0.02037885 -0.02339491 0.06080825
v -0.02166570 -0.01771569 0.05832651
v -0.02260110 -0.02067440 0.05948811
v -0.02448777 -0.02572861 0.06113834
v -0.02403229 -0.02825087 0.06112982
v -0.02315020 -0.02314449 0.06097751
v -0.01605206 -0.02502898 0.05770293
v -0.01855846 -0.02796027 0.05908635
v -0.01734250 -0.03073781 0.05481287
v -0.01712522 -0.03201349 0.05736160
v -0.01794438 -0.03206036 0.05926048
v -0.02047009 -0.03271195 0.06103291
v -0.01784872 -0.03633425 0.05616971
v -0.01643001 -0.02725902 0.05122640
v -0.01430126 -0.02310944 0.05477203
v -0.01453563 -0.02276402 0.05139589
v -0.01760548 -0.02179391 0.04297664
v -0.01865757 -0.02622161 0.04585899
v -0.02356607 -0.03603070 0.05082443
v -0.02323648 -0.03218968 0.06221614
v -0.01894316 -0.03648534 0.06067739
v -0.01839879 -0.04639519 0.06210572
v -0.01829893 -0.04126175 0.06019240
v -0.01757840 -0.03787943 0.05904573
v -0.01726011 -0.03751737 0.05764449
v -0.01862549 -0.03993805 0.05509843
v -0.02089464 -0.04093044 0.05406737
v -0.01749519 -0.04016875 0.05621734
v -0.01683730 -0.04297832 0.05768647
v -0.01642163 -0.04705775 0.05970315
v -0.01277496 -0.05370629 0.05355109
v -0.01456487 -0.05193063 0.05405122
v -0.01537434 -0.04852348 0.05747239
v -0.01358576 -0.05206621 0.05809529
v -0.01225150 -0.05348685 0.06045155
v -0.01566151 -0.05306286 0.06355251
v -0.01085832 -0.05528428 0.06388489
v -0.00471723 -0.05610345 0.06107411
v -0.00646053 -0.05700985 0.06544071
v -0.00277511 -0.05719879 0.06108500
v -0.02106537 -0.05383672 0.05392500
v -0.01837670 -0.04568383 0.05539887
v 0.07044333 0.03955745 0.01454154
v 0.06677846 0.03736890 0.02159325
v 0.05789407 0.03141161 0.03048004
v 0.06777430 0.01043282 0.03689590
v 0.07172459 0.01466193 0.03362938
v 0.07428490 0.01876290 0.03008533
v 0.07453924 0.02856988 0.02414749
v 0.07516259 0.03108274 0.02065041
v 0.06218339 0.03703883 0.02408465
v 0.07160824 0.03189655 0.02390909
v 0.06404045 0.03450429 0.02635289
v 0.05913659 0.03515451 0.02674899
v 0.06171713 0.03104449 0.03022114
v 0.05867811 0.02831633 0.03406944
v 0.06300637 0.02502313 0.03424610
v 0.06470115 0.01906698 0.03677895
v 0.06525212 0.02293139 0.03402973
v 0.06911089 0.02210614 0.03237481
v 0.06603246 0.02094802 0.03419849
v 0.06994997 0.01862529 0.03335807
v 0.07138574 0.02684321 0.02844032
v 0.06426197 0.02729322 0.03276490
v 0.06821641 0.02818117 0.02973000
v -0.00928269 -0.05516879 0.05365742
v -0.00851730 -0.05496875 0.05913328
v -0.00012595 -0.06303492 0.05941252
v -0.00300037 -0.05691336 0.05826209
v -0.00384304 -0.05710684 0.05412526
v -0.01320760 -0.05641494 0.05185639
v -0.00605876 -0.05681323 0.05194933
v -0.00514608 -0.05887286 0.05061362
v -0.00602034 -0.06127440 0.04996682
v -0.00140076 -0.06391686 0.05086329
v -0.01252250 -0.05996656 0.05122989
v -0.00094906 -0.06196371 0.06256405
v -0.00026554 -0.06515804 0.06248606
v -0.00238534 -0.06201385 0.06519298
v -0.00418338 -0.06201427 0.06779309
v 0.06568627 0.03092203 0.02891715
v -0.16824409 0.00767592 0.00899542
v -0.16781303 0.00628737 0.00441284
v -0.17408472 0.00095077 0.00185046
v -0.17506586 0.00535165 0.00378847
v -0.17196164 0.00511297 0.00339174
v -0.17727304 0.00459601 0.00424103
v -0.17662366 0.00130795 0.00080512
v -0.17834714 0.00368737 0.00630186
v -0.18011607 0.00306856 0.00357422
v -0.17802425 0.00344091 0.00219505
v -0.17354165 0.00284732 0.00206172
v -0.16796897 0.00747469 0.00602550
v -0.17343554 -0.00167201 0.00336898
v -0.17390056 -0.00415210 0.00356803
v -0.17766920 0.00208046 0.00096745
v -0.18157357 0.00028096 -0.00021256
v -0.18181214 0.00156673 0.00142143
v -0.18152751 -0.00170996 -0.00169522
v -0.18145081 0.00111864 0.00566267
v -0.18402012 -0.00335150 -0.00269384
v -0.18763815 -0.00445668 -0.00040357
v -0.18110770 -0.00966573 -0.00276969
v -0.18989959 -0.00953920 -0.00544645
v -0.18533352 -0.00613209 -0.00461513
v -0.18252994 -0.00659280 -0.00432281
v -0.18284369 -0.01095669 -0.00520735
v -0.18710925 -0.01094071 -0.00722835
v -0.18452102 -0.01255646 -0.00615425
v -0.18725994 -0.01313243 -0.00751134
v -0.08153559 -0.03142823 -0.02703928
v -0.07713312 -0.03098507 -0.02159035
v -0.08555719 -0.03305420 -0.02331662
v -0.09530405 -0.03434860 -0.02947962
v -0.09409553 -0.03486292 -0.02654568
v -0.08818635 -0.03324755 -0.02205437
v -0.07378687 -0.02915007 -0.02147254
v -0.07881793 -0.02742116 -0.01491838
v -0.07491773 -0.02375731 -0.01169316
v -0.07108874 -0.02145086 -0.00996762
v -0.06626231 -0.02262988 -0.01760054
v -0.06820125 -0.02435144 -0.02062595
v -0.06562109 -0.02132204 -0.01414860
v -0.06680503 -0.01477025 0.00223744
v -0.05937558 -0.01596094 -0.00231865
v -0.06151185 -0.01827661 -0.00828834
v -0.05639284 -0.01533900 0.00046176
v -0.06055136 -0.01532032 0.00174122
v -0.05030210 -0.01341753 -0.00490467
v -0.04452331 -0.01294607 -0.00933739
v -0.09891745 -0.03588262 -0.02767380
v -0.07969310 -0.03026592 -0.01828695
v -0.04804619 -0.01603506 0.00518958
v -0.04429757 -0.01749668 0.00876014
v -0.04653784 -0.01762554 0.01133695
v -0.04699692 -0.01771314 0.01834964
v -0.04405954 -0.01877781 0.01581988
v -0.04185773 -0.01904325 0.01231153
v -0.03976415 -0.01766932 0.00646714
v -0.04363290 -0.01367176 -0.00254273
v -0.04326979 -0.01263101 -0.01102699
v -0.04241429 -0.01301842 -0.00623104
v -0.03879979 -0.01331452 -0.00759793
v -0.03866120 -0.01355043 -0.01084900
v -0.03942629 -0.01273898 -0.01242991
v -0.03611659 -0.01219996 -0.01307837
v -0.03579406 -0.01358556 -0.01231489
v -0.03363830 -0.01411314 -0.01030072
v -0.02854752 -0.01497608 -0.01196717
v -0.02836433 -0.01452057 -0.00489111
v -0.02470742 -0.01559956 -0.00728787
v -0.02176267 -0.01715100 -0.00855228
v -0.02441458 -0.01691752 -0.01189766
v -0.02113837 -0.01778323 -0.01261225
v -0.02124866 -0.01811190 -0.01093709
v -0.01740954 -0.01930144 -0.01009411
v -0.03857104 -0.01985869 0.01448044
v -0.03800224 -0.01940732 0.01059076
v -0.03267242 -0.02027443 0.01002377
v -0.03980689 -0.01890711 0.02261854
v -0.03297170 -0.02043220 0.01974009
v -0.04051881 -0.01647845 0.03253837
v -0.04486774 -0.01435585 0.03336107
v -0.03325354 -0.01731041 0.02749486
v -0.03406627 -0.01851112 0.03433511
v -0.02986082 -0.01965198 0.03536843
v -0.02952885 -0.02247839 0.03975597
v -0.03610389 -0.01811678 0.02516157
v -0.03311433 -0.01900849 0.00695304
v -0.03555299 -0.01640488 0.00244714
v -0.02417363 -0.01757031 0.00196762
v -0.02282628 -0.01644907 -0.00043127
v -0.02604366 -0.01908666 0.00508357
v -0.01895346 -0.01745490 0.00123955
v -0.02020769 -0.01876377 0.00379386
v -0.03090672 -0.01863016 0.02423778
v -0.02045985 -0.01663378 0.02787543
v -0.02293621 -0.01705365 0.03258688
v -0.02597798 -0.01878416 0.03447571
v -0.01945811 -0.01971469 0.02097900
v -0.02364882 -0.02106846 0.01742449
v -0.02335857 -0.02158104 0.01103990
v -0.01458733 -0.02120752 0.01658083
v -0.00899071 -0.01862547 0.02471603
v -0.01546076 -0.01745817 0.02826770
v -0.01955903 -0.01675000 0.03195822
v -0.01628809 -0.01815676 0.03243027
v -0.00704505 -0.01952585 0.02688451
v -0.01126767 -0.01935684 0.03007251
v -0.01229546 -0.02026099 0.03366008
v -0.01009890 -0.02110844 0.03435247
v -0.00933462 -0.02031641 0.03522902
v -0.01766008 -0.01906537 0.03607084
v -0.01398561 -0.02034624 0.03638160
v -0.01161968 -0.01812283 0.03748712
v -0.01364674 -0.01642835 0.03871021
v -0.01613228 -0.01986833 0.03856660
v -0.01401743 -0.01927984 0.03807317
v -0.01597096 -0.01496999 0.04107821
v -0.01714204 -0.01963860 0.04027848
v -0.00436361 -0.02177302 0.03292187
v -0.00125767 -0.02354785 0.03181623
v -0.00414841 -0.02160439 0.03020100
v -0.00047381 -0.02282334 0.03045186
v -0.00138999 -0.02041798 0.02699778
v 0.00272059 -0.01956472 0.02343431
v 0.00371448 -0.02221540 0.03007020
v -0.01016405 -0.02164849 0.01352845
v -0.00887298 -0.02169109 0.00943131
v -0.01445607 -0.02092490 0.00752751
v -0.01860663 -0.02183869 0.01099508
v -0.02599657 -0.02074356 0.00885058
v -0.02152566 -0.02089843 0.00801431
v -0.01532138 -0.01680391 -0.00159650
v -0.00476958 -0.02031179 -0.01153660
v -0.01416245 -0.01996204 -0.01111753
v -0.00909191 -0.02002803 -0.01178567
v 0.00013272 -0.01994761 -0.01150214
v -0.00022797 -0.02011796 -0.00999855
v -0.00691760 -0.01873413 -0.00687210
v -0.00918468 -0.02023802 -0.00980833
v -0.01154639 -0.01929084 -0.00818135
v -0.01553539 -0.01681708 -0.00583892
v -0.01299164 -0.01775853 0.00071669
v -0.00246191 -0.01896195 -0.00740803
v 0.00267547 -0.01925766 -0.00904162
v -0.00127506 -0.01778089 -0.00475630
v 0.00490431 -0.01862525 -0.01244814
v 0.00600671 -0.01942889 -0.01062365
v 0.00614786 -0.01894053 -0.00844952
v 0.01003327 -0.01736966 -0.00724626
v 0.01187689 -0.01624281 -0.00552716
v 0.00937983 -0.01857479 -0.00921780
v 0.00066912 -0.02245322 0.03226249
v 0.00605431 -0.02086263 0.02771282
v 0.00635338 -0.01902558 0.02437318
v 0.01041756 -0.02017560 0.02698549
v -0.00026293 -0.02186373 0.00763035
v 0.00575043 -0.02142063 0.00517982
v 0.01111420 -0.02085437 0.00491219
v 0.01266102 -0.01925833 0.02062952
v 0.00347446 -0.02060375 0.03144537
v 0.00988426 -0.02110264 0.03065927
v 0.01275180 -0.02124913 0.03101540
v 0.01358802 -0.01902900 0.02656864
v 0.01637603 -0.01672827 0.02504775
v 0.01622935 -0.01748234 0.02324460
v 0.02146469 -0.01702425 0.02312710
v 0.02167756 -0.01878641 0.03053234
v 0.02348118 -0.01543034 0.02817070
v 0.02711214 -0.01914822 0.01450569
v 0.02952737 -0.01901561 0.01165168
v 0.02220126 -0.01955590 0.01331043
v 0.02321904 -0.01970154 0.01038346
v 0.01849226 -0.02033102 0.00861333
v 0.01974075 -0.01893437 0.00190777
v 0.01398304 -0.02025213 0.00368468
v 0.00888358 -0.01859776 -0.00019623
v -0.00316409 -0.02079308 0.00449371
v -0.01241807 -0.01877429 0.00276513
v -0.00811887 -0.01812689 -0.00028174
v 0.02951186 -0.01358342 -0.01505050
v 0.02478289 -0.01285587 -0.01609654
v 0.02906553 -0.01318611 -0.01219758
v 0.03097795 -0.01489457 -0.01331749
v 0.03064061 -0.01399751 -0.01048560
v 0.02298634 -0.01390114 -0.01333057
v 0.02559743 -0.01311027 -0.01382483
v 0.02743283 -0.01288782 -0.01243111
v 0.02373819 -0.01336141 -0.00912249
v 0.01859978 -0.01520170 -0.01165659
v 0.01769881 -0.01479276 -0.00681526
v 0.02165974 -0.01413096 -0.01107281
v 0.02645711 -0.01338700 -0.00801909
v 0.02132220 -0.01424320 -0.00612482
v 0.02210293 -0.01592847 -0.00317307
v 0.03010526 -0.01378922 -0.00744148
v 0.03651315 -0.01406412 -0.00743837
v 0.03088485 -0.01463464 -0.00477156
v 0.03549876 -0.01633199 -0.00145872
v 0.02962090 -0.01619621 -0.00161568
v 0.03966660 -0.01517133 -0.00484353
v 0.04311636 -0.01503303 -0.00650518
v 0.04382274 -0.01737275 -0.00144488
v 0.03995997 -0.01443984 -0.01037356
v 0.03286410 -0.01737677 -0.01377576
v 0.03323770 -0.01773174 -0.02050798
v 0.04171736 -0.02098821 -0.01503450
v 0.03951203 -0.01722407 -0.01265361
v 0.04029352 -0.01882095 0.00591899
v 0.04072896 -0.01770850 0.00141655
v 0.04822007 -0.01811408 -0.00300976
v 0.04593125 -0.01828571 -0.00005705
v 0.03459089 -0.01819776 0.01811512
v 0.02382886 -0.01597431 0.02398884
v 0.02379677 -0.01477212 0.02637414
v 0.02925505 -0.01679101 0.02225602
v 0.03404353 -0.01923386 0.01466014
v 0.03150034 -0.01473389 0.02530362
v 0.02773458 -0.01436618 0.02628834
v 0.01839565 -0.02094363 0.03181375
v 0.02057611 -0.02024549 0.03422763
v 0.03305682 -0.01264220 0.02713862
v 0.03740959 -0.01640585 0.02182796
v 0.04099048 -0.01654229 0.02111799
v 0.04340629 -0.01736843 0.01816503
v 0.04156055 -0.01538162 0.02356296
v 0.04596435 -0.01802426 0.01543743
v 0.04206057 -0.01850121 0.01522968
v 0.05374277 -0.01798066 0.00598752
v 0.04636402 -0.01670371 -0.00513484
v 0.05271793 -0.01587804 -0.00275729
v 0.04460093 -0.01461369 -0.01163742
v 0.03686270 -0.02193863 -0.01524428
v 0.03223646 -0.01721296 -0.01658902
v 0.03034890 -0.01434363 -0.01662643
v 0.04776023 -0.01449758 -0.01398175
v 0.04931140 -0.01886477 -0.01733327
v 0.05139246 -0.01640926 -0.01806073
v 0.04966735 -0.02288163 -0.01831745
v 0.04486722 -0.02431731 -0.01728523
v 0.03696252 -0.02815300 -0.02147565
v 0.03451680 -0.02051718 -0.02308135
v 0.03680981 -0.02214470 -0.02877192
v 0.03741001 -0.03058922 -0.02560184
v 0.03787092 -0.02733300 -0.01862225
v 0.04730919 -0.02778609 -0.01913154
v 0.04069922 -0.03140579 -0.01965883
v 0.03891013 -0.03374454 -0.02502880
v 0.03931421 -0.03401150 -0.02865085
v 0.04274132 -0.03714554 -0.03244057
v 0.04180860 -0.03803363 -0.02833560
v 0.04765411 -0.03283213 -0.02113071
v 0.03993054 -0.03565475 -0.02619139
v 0.04620975 -0.04131905 -0.03609232
v 0.04880478 -0.04452404 -0.04144949
v 0.04723086 -0.04110114 -0.03879395
v 0.04817280 -0.04578093 -0.03818974
v 0.05000527 -0.04799337 -0.04246717
v 0.04854134 -0.04705964 -0.03447076
v 0.04407956 -0.04046482 -0.02796779
v 0.05261358 -0.04256456 -0.02835861
v 0.05081476 -0.03949009 -0.02585385
v 0.04687421 -0.03587255 -0.02231454
v 0.05639807 -0.03775107 -0.02691385
v 0.05156958 -0.04802636 -0.03059485
v 0.04993245 -0.04983146 -0.03271274
v 0.04953852 -0.05066785 -0.03481647
v 0.04934809 -0.04996274 -0.03728450
v 0.05018508 -0.05211324 -0.03777337
v 0.04943205 -0.04895661 -0.03950685
v 0.05455356 -0.00965091 -0.01509328
v 0.06081041 -0.00412453 -0.01740916
v 0.05101509 -0.01212621 -0.01187299
v 0.05146307 -0.01428517 -0.00593793
v 0.05379185 -0.01169523 -0.00792009
v 0.06010399 -0.00549969 -0.01231712
v 0.06153491 -0.00405406 -0.01512422
v 0.06383181 -0.00211510 -0.01657560
v 0.06580599 -0.00093970 -0.01798046
v 0.06912311 0.00055728 -0.01942112
v 0.06672217 -0.00276618 -0.01408600
v 0.07048154 -0.00524004 -0.01093046
v 0.06355095 -0.00311862 -0.01396702
v 0.06520712 -0.00470762 -0.01168723
v 0.07375326 -0.00480302 -0.00993477
v 0.06093860 -0.01012845 -0.00466888
v 0.06102459 -0.00765100 -0.00884769
v 0.06235268 -0.00646372 -0.01069093
v 0.05580532 -0.01301148 -0.00561287
v 0.05531905 -0.01488061 -0.00320280
v 0.05662638 -0.01618550 0.00171937
v 0.05894666 -0.01694284 0.00097516
v 0.05606943 -0.01614903 0.00794716
v 0.06006368 -0.01585016 0.00862159
v 0.06001949 -0.01719274 0.00375521
v 0.06060312 -0.01622541 0.00076409
v 0.06150593 -0.01309446 -0.00073781
v 0.06273928 -0.01619966 0.00479207
v 0.06256646 -0.01679220 0.00741195
v 0.06458266 -0.01248416 0.00261863
v 0.06500991 -0.00929875 -0.00760384
v 0.07396491 -0.00650460 -0.00553280
v 0.07003393 -0.00795467 -0.00706809
v 0.06912082 -0.00986214 -0.00372451
v 0.07210883 -0.00837635 -0.00170059
v 0.07680630 -0.00559554 0.00374502
v 0.06937949 -0.01000578 -0.00004913
v 0.06382574 -0.01040434 -0.00494518
v 0.06723214 -0.01168294 0.00148051
v 0.07880256 -0.00416621 0.00153142
v 0.07563947 -0.00641145 0.00859194
v 0.06569300 -0.01176800 0.00565915
v 0.06446183 -0.01394150 0.00748165
v 0.06841683 -0.01052413 0.00582669
v 0.06371730 -0.01412532 0.01070491
v 0.06958092 -0.00775727 0.00979039
v 0.07709393 -0.00444263 0.00889535
v 0.07913297 -0.00266750 0.00564183
v 0.08166079 0.00185041 0.00686429
v 0.07382987 -0.00530627 0.01165467
v 0.06995968 -0.00564823 0.01340140
v 0.06935718 -0.00469275 0.01623830
v 0.06582206 -0.01140159 0.01196600
v 0.07410578 -0.00211337 0.01450040
v 0.07645431 0.00093932 0.01556118
v 0.07990754 0.00180054 0.00829420
v 0.06648795 -0.00872917 0.01569386
v 0.07525635 0.00356369 0.01774146
v 0.07802219 0.00473144 0.01627668
v 0.06826787 -0.00403528 0.01964731
v 0.05681897 -0.01528301 0.01354893
v 0.05381043 -0.01765632 0.01122401
v 0.05526206 -0.01620895 0.01546921
v 0.04965301 -0.01803220 0.01252162
v 0.05418605 -0.01477431 0.01942814
v 0.06173286 -0.01116493 0.01480025
v 0.06410920 -0.01048170 0.01505899
v 0.05957248 -0.01179256 0.01709659
v 0.06279553 -0.00854423 0.01841869
v 0.06258207 -0.00511152 0.02465909
v 0.06292856 -0.00697087 0.02191261
v 0.05948740 -0.01010131 0.02134496
v 0.05922638 -0.00765446 0.02371183
v 0.05853001 -0.00554425 0.02633325
v 0.02382384 -0.02023473 0.03436043
v 0.02554434 -0.01990189 0.03572734
v 0.02494824 -0.01951752 0.03855636
v 0.02805911 -0.01390203 0.02932958
v 0.03235920 -0.01267917 0.03102707
v 0.03265633 -0.01341387 0.03184887
v 0.03084820 -0.01523750 0.03268385
v 0.03808014 -0.01106835 0.03059689
v 0.03814412 -0.01099681 0.02766775
v 0.04299884 -0.01211405 0.02562197
v 0.04388571 -0.01423303 0.02406679
v 0.04128592 -0.00951545 0.02880974
v 0.04444542 -0.01023079 0.03142163
v 0.03333629 -0.01602748 0.03307991
v 0.02859748 -0.02427208 0.03846333
v 0.02468960 -0.02137107 0.04086530
v 0.02264494 -0.01837702 0.03672516
v 0.02562381 -0.02613069 0.04014167
v 0.03155551 -0.02153934 0.03658781
v 0.03587982 -0.02269856 0.03657499
v 0.03600962 -0.01909782 0.03461944
v 0.04089987 -0.01409758 0.03298663
v 0.04424139 -0.01500826 0.03466928
v 0.04647228 -0.01499773 0.02240819
v 0.04946391 -0.01584822 0.01971082
v 0.04956300 -0.01423574 0.02270400
v 0.05563802 -0.01267531 0.02142882
v 0.05151963 -0.01206705 0.02376302
v 0.04742755 -0.01316182 0.02422839
v 0.03551107 -0.03127329 0.03807343
v 0.04005884 -0.02490395 0.03771116
v 0.04738187 -0.01176517 0.03381515
v 0.05037592 -0.00910240 0.02582263
v 0.04861466 -0.01136050 0.02499095
v 0.05196726 -0.00998047 0.02464007
v 0.05457131 -0.00896011 0.02416191
v 0.05054127 -0.00779797 0.02946343
v 0.05444518 -0.00719500 0.03068470
v 0.04733916 -0.01608576 0.03735344
v 0.05108180 -0.01462375 0.04228304
v 0.04993618 -0.01687152 0.04280834
v 0.05112907 -0.01484090 0.04518845
v 0.04984131 -0.01774462 0.04484903
v 0.04957356 -0.01721276 0.04816185
v 0.05816440 -0.00564351 0.04307846
v 0.05475374 -0.00982183 0.04190430
v 0.05222210 -0.01223987 0.04214798
v 0.05472735 -0.00893474 0.03504364
v 0.06266645 -0.00307775 0.03861439
v 0.06137202 -0.00210106 0.04227400
v 0.04792457 -0.02174415 0.04678015
v 0.04490308 -0.02734851 0.04266866
v 0.04666933 -0.02475758 0.04394122
v 0.04316469 -0.03088127 0.04383566
v 0.04287722 -0.02916622 0.04117325
v 0.04390571 -0.02897065 0.04771632
v 0.03811109 -0.03660398 0.04696376
v 0.03621399 -0.03984018 0.04448046
v 0.03433191 -0.04391698 0.04118075
v 0.03800625 -0.03658254 0.04286991
v 0.03665467 -0.03665857 0.04046742
v 0.03060135 -0.03176363 0.03732041
v 0.03431432 -0.03982126 0.03997656
v 0.03180023 -0.04427486 0.03818129
v 0.05144370 -0.00899691 0.03254016
v -0.02685994 -0.02567441 0.04166485
v -0.02372399 -0.03021491 0.04577451
v -0.02932756 -0.03380108 0.04887602
v -0.02954112 -0.03072096 0.04689514
v -0.03273172 -0.03453541 0.05056187
v -0.03343195 -0.03040436 0.04889427
v -0.03306216 -0.02777317 0.04640390
v -0.03296326 -0.03961148 0.05165908
v -0.02913776 -0.04210307 0.05176446
v 0.06095800 -0.04978591 -0.03388494
v 0.06441416 -0.05354634 -0.03582579
v 0.06324346 -0.05726016 -0.03812637
v 0.06759851 -0.05549103 -0.03611939
v 0.06645256 -0.05621947 -0.03850920
v 0.05280592 -0.05291163 -0.03415783
v 0.05258698 -0.05238467 -0.04828039
v 0.05172523 -0.05026887 -0.04472124
v 0.05249365 -0.05366642 -0.04443967
v 0.05307125 -0.05416178 -0.05675457
v 0.05288327 -0.05609845 -0.04857469
v 0.05257789 -0.05612031 -0.05423734
v 0.07362620 -0.06367022 -0.04870320
v 0.07532178 -0.06461400 -0.05023403
v 0.07591902 -0.06425894 -0.05848981
v 0.07288487 -0.06599512 -0.05893701
v 0.06986661 -0.06626258 -0.06170686
v 0.06591986 -0.06449505 -0.06472347
v 0.06684224 -0.06601899 -0.06252529
v 0.07468607 -0.06665623 -0.05422563
v 0.06995612 -0.06671350 -0.05736368
v 0.06615669 -0.06032652 -0.04153978
v 0.05824971 -0.06034376 -0.03959445
v 0.06465257 -0.06561434 -0.04148898
v 0.06151132 -0.06661274 -0.04597363
v 0.05929253 -0.06437599 -0.03999522
v 0.06353954 -0.06585807 -0.06346597
v 0.06841304 -0.06261133 -0.06427604
v 0.06069814 -0.06619143 -0.06374870
v 0.05858639 -0.06538823 -0.06547183
v 0.05646323 -0.06236326 -0.04084507
v 0.05373292 -0.06262961 -0.04349373
v 0.05236607 -0.06217651 -0.04654899
v 0.05339862 -0.06051785 -0.04503356
v 0.05306139 -0.05945006 -0.04804153
v 0.05163233 -0.06227779 -0.04949091
v 0.05219066 -0.05983754 -0.05127801
v 0.05204214 -0.06020021 -0.05593898
v 0.05110412 -0.06165411 -0.06462207
v 0.06403272 -0.06227559 -0.06626257
v 0.05830904 -0.06168761 -0.06768878
v 0.05332451 -0.06281131 -0.06684805
v 0.05472250 -0.05764269 -0.06615938
v 0.05140490 -0.06001152 -0.06100224
v 0.05200360 -0.06512544 -0.05173928
v 0.05020729 -0.06289190 -0.06251050
v 0.05140129 -0.06432317 -0.06446229
v 0.05310418 -0.06515557 -0.06631743
v 0.05644925 -0.06484500 -0.06698199
v 0.05332428 -0.03103313 -0.02189066
v 0.06693801 0.00022738 0.02499067
v 0.06994069 0.00300097 0.02464484
v 0.02507659 -0.01699601 -0.00129011
v 0.01547468 -0.01762697 -0.00084355
v 0.03079992 -0.03529342 0.03692261
v 0.02864766 -0.04371948 0.03603134
v 0.01802759 -0.02054609 0.03294882
v -0.08094792 -0.02491156 -0.01039266
v -0.07325142 -0.01924070 -0.00583386
v -0.07044473 -0.01568940 -0.00097182
v -0.07827421 -0.01462639 -0.00124820
v -0.07905540 -0.01276452 -0.00229697
v -0.06839938 -0.01298225 0.00373407
v -0.07225917 -0.00983814 0.00444877
v -0.07754124 -0.00897754 -0.00052772
v -0.07517878 -0.00996288 0.00214031
v -0.07334580 -0.00869081 0.00717487
v -0.07593057 -0.00535762 0.00922090
v -0.07635891 -0.00426575 0.00430767
v -0.07989616 -0.00584163 -0.00302743
v -0.07977412 -0.00225378 -0.00292712
v -0.08059315 0.00254017 -0.00491651
v -0.08109642 0.01108678 -0.00386117
v -0.07788686 0.00148015 -0.00008049
v -0.07751051 -0.00153348 0.00794953
v -0.07733305 0.00139457 0.00397833
v -0.07930803 0.01039913 0.01047453
v -0.06879645 -0.01094762 0.00913597
v -0.08919048 -0.00446833 -0.01479140
v -0.08774111 -0.00788255 -0.01307772
v -0.08621666 -0.01197653 -0.01100278
v -0.09499267 -0.01281708 -0.01639212
v -0.10793921 -0.03888367 -0.02790784
v -0.10652729 -0.03798596 -0.02542499
v -0.09837177 -0.03598385 -0.02504783
v -0.09772747 -0.03531381 -0.02309898
v -0.10937547 -0.03549165 -0.02261510
v -0.11258263 -0.03428382 -0.02277209
v -0.11632214 -0.02976051 -0.02385476
v -0.11710761 -0.02714201 -0.02483913
v -0.11328708 -0.02613275 -0.02417842
v -0.12218786 -0.02743336 -0.02665953
v -0.12222213 -0.03201701 -0.02644753
v -0.12048361 -0.03975534 -0.02773111
v -0.12131999 -0.03793603 -0.02755957
v -0.12435149 -0.03483455 -0.02856530
v -0.11008744 -0.02713181 -0.02294057
v -0.10243669 -0.03434639 -0.02098855
v -0.10548867 -0.03387105 -0.02074250
v -0.10489579 -0.03184922 -0.01811914
v -0.10717071 -0.03073684 -0.01852846
v -0.10647029 -0.03155218 -0.02020479
v -0.10921995 -0.03273689 -0.02310429
v -0.10652235 -0.03050473 -0.02214735
v -0.09468965 -0.03152527 -0.01672766
v -0.08096758 -0.02225271 -0.00746492
v -0.07844117 -0.01694694 -0.00295705
v -0.08256500 -0.01589012 -0.00681081
v -0.08056448 -0.01536958 -0.00318865
v -0.08426359 -0.02472109 -0.00967085
v -0.08383799 -0.00885423 -0.00886012
v -0.08352555 -0.01475598 -0.00847763
v -0.08981006 -0.02298543 -0.01034767
v -0.08469865 -0.02768094 -0.01255917
v -0.09218997 -0.02657462 -0.01087112
v -0.09391472 -0.02567899 -0.01148726
v -0.09217107 -0.02909425 -0.01380786
v -0.09512997 -0.02701400 -0.01203996
v -0.09578504 -0.02841534 -0.01318690
v -0.09743732 -0.02751645 -0.01389022
v -0.09074698 -0.02428442 -0.01232601
v -0.09127298 -0.02085302 -0.01342833
v -0.09841030 -0.01467991 -0.01762341
v -0.09952161 -0.02000513 -0.01681531
v -0.09793487 -0.02603594 -0.01729604
v -0.10283049 -0.02243784 -0.01775424
v -0.10391765 -0.01812174 -0.02015077
v -0.10552957 -0.02390739 -0.01938482
v -0.10167457 -0.02693144 -0.01894604
v -0.10669685 -0.02560151 -0.02060479
v -0.09950853 -0.02816705 -0.01779072
v -0.09780885 -0.02808512 -0.01621106
v -0.10327302 -0.01436625 -0.02293975
v -0.10554016 -0.01733741 -0.02298451
v -0.10874344 -0.02495905 -0.02207394
v -0.10825919 -0.02080345 -0.02287756
v -0.11410972 -0.02412654 -0.02532745
v -0.10907785 -0.01995094 -0.02512149
v -0.08601752 -0.00029250 -0.01248738
v -0.08349569 -0.00239944 -0.00883870
v -0.07874990 0.01277045 -0.00109890
v -0.08552817 0.01586478 0.00728883
v -0.08011547 0.01681273 0.00591477
v -0.07837979 0.01649183 0.00368819
v -0.08118100 0.01739916 -0.00180779
v -0.07986976 0.02080886 0.00064748
v -0.08207436 0.01705406 0.00630846
v -0.08327606 0.01353249 0.01000764
v -0.07599895 0.01113142 0.01726590
v -0.07668236 0.01434312 0.01773224
v -0.07659754 0.00464922 0.01509755
v -0.07622671 0.00312133 0.01733919
v -0.07435988 0.00032535 0.01962742
v -0.07594999 0.00041652 0.01678895
v -0.07843483 0.00403259 0.01085953
v -0.07730056 -0.00250626 0.01078213
v -0.06975105 -0.00938754 0.01270085
v -0.07122725 -0.00620623 0.01431171
v -0.07364996 -0.00273150 0.01960216
v -0.07249243 -0.00432069 0.01739542
v -0.06893352 -0.00720285 0.01609145
v -0.06352961 -0.01254968 0.01399477
v -0.07020638 -0.00600342 0.01952323
v -0.07010490 -0.00204004 0.02310329
v -0.06793687 -0.00031932 0.02414264
v -0.06963009 0.00741796 0.02874304
v -0.07167670 0.00962722 0.02566989
v -0.07125433 0.01421476 0.02946899
v -0.07750808 0.01819158 0.02134308
v -0.07510954 0.01467903 0.02462009
v -0.06783953 0.00615375 0.03115419
v -0.06759363 0.00815140 0.03226232
v -0.06471057 -0.00433443 0.02353537
v -0.06739810 -0.00539141 0.02254006
v -0.06401709 -0.01099454 0.01649596
v -0.05896677 -0.01527772 0.01595845
v -0.04906478 -0.01771073 0.01442779
v -0.05534638 -0.01685217 0.01545827
v -0.05828624 -0.01498544 0.01346073
v -0.05388853 -0.01691775 0.01757065
v -0.05088389 -0.01729243 0.01746138
v -0.05656083 -0.01539871 0.01770276
v -0.05486028 -0.01345281 0.01989841
v -0.05586218 -0.01089494 0.02280035
v -0.05842354 0.02368816 0.03529504
v -0.06619299 0.02114656 0.03074036
v -0.07038452 0.01999888 0.02747565
v -0.06849629 0.02392630 0.02693899
v -0.07110345 0.02640028 0.02192247
v -0.07117420 0.02925270 0.01835652
v -0.07648154 0.02374234 0.01782285
v -0.07807359 0.02399673 0.01554722
v -0.07993348 0.02196843 0.00207809
v -0.08818404 0.02010114 0.00516439
v -0.08607918 0.01873205 0.00560940
v -0.08090448 0.02208167 0.00363278
v -0.08212353 0.02485484 0.00371951
v -0.07967675 0.02593189 0.00179061
v -0.07778218 0.02916022 0.00293665
v -0.09111720 0.01733227 0.00595519
v -0.08139552 0.01242165 0.01191864
v -0.08479770 0.01269812 0.01542809
v -0.08609781 0.01425904 0.01608768
v -0.07789551 0.01944226 0.01828193
v -0.07685004 0.01660640 0.02306407
v -0.07303680 0.01630907 0.02737170
v -0.06751836 0.01218761 0.03234976
v -0.06373792 0.00768080 0.03516457
v -0.06172061 0.01156148 0.03561613
v -0.05862822 0.01492429 0.03682679
v -0.05375586 0.01827494 0.03977090
v -0.05400774 0.02057038 0.03893556
v -0.04199529 0.01720385 0.04509343
v -0.04070260 0.01469547 0.04611829
v -0.04434623 0.01378136 0.04530036
v -0.04728336 0.01213793 0.04322737
v -0.05023935 0.01239983 0.04195447
v -0.06102372 -0.00192409 0.03220525
v -0.06249499 -0.00788210 0.02044743
v -0.05897811 -0.01111791 0.01980234
v -0.05826466 -0.00929837 0.02173517
v -0.06228567 -0.00421592 0.02541863
v -0.04539356 0.01031759 0.04399831
v -0.03825353 0.01263629 0.04655698
v -0.03500968 0.01229793 0.04743432
v -0.03634889 0.01076991 0.04777279
v -0.04222682 0.01168110 0.04538383
v -0.04296137 0.00931049 0.04531590
v -0.04794186 0.00769807 0.04341131
v -0.04062278 0.00557578 0.04665434
v -0.04658287 0.00392278 0.04454057
v -0.04321912 0.00409309 0.04539620
v -0.04665830 -0.00010869 0.04497568
v -0.04198596 -0.00354674 0.04693159
v -0.04524129 -0.00819999 0.04474402
v -0.04113933 -0.01062396 0.04798641
v -0.03930929 -0.01794742 0.04779442
v -0.03890081 -0.01367003 0.05108109
v -0.03623688 -0.01129300 0.05311125
v -0.03089605 -0.00711842 0.05358288
v -0.12247126 -0.03541757 -0.02685656
v -0.10993887 -0.03844578 -0.02445803
v -0.11481061 -0.04049739 -0.02415927
v -0.11242181 -0.04081378 -0.02645086
v -0.11606117 -0.04423015 -0.03022968
v -0.11892308 -0.04648422 -0.03019632
v -0.11851895 -0.04341125 -0.02755001
v -0.11911184 -0.04146849 -0.02733452
v -0.12208258 -0.04457406 -0.02976087
v -0.12332973 -0.03870048 -0.02846369
v -0.12696570 -0.03800673 -0.03037273
v -0.12601174 -0.03959543 -0.02964231
v -0.13151729 -0.04474677 -0.03287198
v -0.12797117 -0.04608733 -0.03106249
v -0.12680358 -0.04959546 -0.03135509
v -0.13453585 -0.05027711 -0.03397168
v -0.12187575 -0.04816249 -0.03078878
v -0.12988795 -0.05252818 -0.03211510
v -0.13369334 -0.05403084 -0.03392579
v -0.11991500 -0.05074386 -0.03276636
v -0.12522061 -0.05318016 -0.03129195
v -0.13370273 -0.05628352 -0.03728846
v -0.12994665 -0.06259012 -0.03388290
v -0.13125755 -0.05888073 -0.03357256
v -0.12157573 -0.05488928 -0.03101318
v -0.12546749 -0.05996977 -0.03101400
v -0.12894385 -0.05917118 -0.03226421
v -0.12235219 -0.06012702 -0.02996050
v -0.11894619 -0.05983410 -0.02924760
v -0.12385476 -0.06219750 -0.02974050
v -0.12662686 -0.06231224 -0.03051230
v -0.12815805 -0.06283693 -0.03174382
v -0.12901133 -0.06113245 -0.03141084
v -0.13346329 -0.05679543 -0.03929015
v -0.11882412 -0.04794340 -0.03646499
v -0.12270845 -0.05111326 -0.03145810
v -0.11816610 -0.05300980 -0.03456493
v -0.11981730 -0.06461641 -0.02784535
v -0.11841467 -0.06185746 -0.02730418
v -0.11533840 -0.06125003 -0.02857716
v -0.11234713 -0.06197190 -0.03056990
v -0.11435372 -0.06304227 -0.02817928
v -0.11680778 -0.06482847 -0.03175119
v -0.11847019 -0.06379923 -0.03716648
v -0.12687676 -0.06386545 -0.03253656
v -0.12787324 -0.06378958 -0.03516444
v -0.12274843 -0.06350571 -0.03484971
v -0.12932880 -0.06331933 -0.03876483
v -0.12721077 -0.06316493 -0.04276843
v -0.12478129 -0.06385960 -0.04555178
v -0.07728542 0.02813516 -0.00086535
v -0.08868309 0.02029829 0.01515642
v -0.09046012 0.01811929 0.01541364
v -0.08920606 0.01113161 0.01502117
v -0.08740599 0.01207541 0.01514640
v -0.08888315 0.01067824 0.01419837
v -0.09120729 0.00993548 0.01312263
v -0.09194048 0.00956522 0.01502625
v -0.09611910 0.01655805 0.00591284
v -0.09505662 0.01943632 0.01399020
v -0.08894604 0.01357726 0.01587017
v -0.09763500 0.01952258 0.01295193
v -0.10123613 0.01403037 0.01508892
v -0.10583468 0.01269664 0.01441078
v -0.10196378 0.01086375 0.01606029
v -0.09494330 0.01093740 0.00857466
v -0.09603079 0.00755962 0.01376439
v -0.09502999 0.00941650 0.01028169
v -0.09486345 0.00913428 0.01567100
v -0.09765399 0.00955311 0.01619048
v -0.10203752 0.00725778 0.01608607
v -0.11337381 0.00877416 0.01407294
v -0.10460515 0.00409438 0.01497422
v -0.10764368 0.00264033 0.01457118
v -0.10815333 0.00316276 0.00894701
v -0.11083167 0.00076952 0.01163045
v -0.11144174 0.00050295 0.01304111
v -0.10433449 0.00827177 0.00694516
v -0.10583641 0.00581250 0.00759156
v -0.09781888 0.00698389 0.01492480
v -0.10111081 0.00610439 0.01545537
v -0.10913099 0.00891582 0.00616609
v -0.11002114 0.00548163 0.00650937
v -0.11041451 0.00306697 0.00765974
v -0.11554799 -0.00032088 0.01346089
v -0.11460072 0.00012184 0.00952832
v -0.12033561 -0.00078645 0.01383969
v -0.12237360 -0.00192246 0.01253863
v -0.12465014 -0.00222125 0.01227352
v -0.12404799 -0.00082374 0.01367649
v -0.12328212 -0.00181945 0.01020918
v -0.12682633 -0.00161909 0.01329395
v -0.12586422 -0.00136293 0.00884365
v -0.12830885 -0.00207234 0.01239830
v -0.13132706 -0.00127451 0.00923645
v -0.13171674 -0.00181109 0.01091184
v -0.13439807 0.00213362 0.01421284
v -0.13528575 0.00465357 0.01445452
v -0.11619621 0.00368500 0.00606518
v -0.12796932 -0.00029189 0.00752303
v -0.14041619 0.00260704 0.01451578
v -0.13461795 -0.00019295 0.01403120
v -0.13889331 0.00045471 0.01434699
v -0.13715264 -0.00107031 0.01213914
v -0.13845345 -0.00017817 0.01013560
v -0.13357539 0.00043926 0.00788795
v -0.12933469 0.00136573 0.00673486
v -0.14193657 0.00522373 0.01412233
v -0.13648634 0.00184993 0.00787834
v -0.14051497 -0.00046955 0.01209776
v -0.14478926 0.00320071 0.00830023
v -0.14964400 0.00251347 0.00824976
v -0.14364938 0.00056236 0.01044406
v -0.14459048 0.00234062 0.01432174
v -0.14535099 0.00004818 0.01323122
v -0.15269172 0.00780774 0.01232088
v -0.15703264 0.00840448 0.01104490
v -0.15372145 -0.00070599 0.01236716
v -0.15325184 0.00105620 0.01312791
v -0.15628655 -0.00105393 0.01183722
v -0.15745802 -0.00039711 0.01021525
v -0.15974274 -0.00085640 0.01184274
v -0.16073486 0.00326770 0.01252086
v -0.14852642 0.00021675 0.01050188
v -0.15128081 -0.00031376 0.01165209
v -0.16216537 0.00029957 0.01223764
v -0.15784612 0.00239673 0.00725903
v -0.15932184 0.00664648 0.00573522
v -0.15249325 -0.00057240 0.01054925
v -0.07921652 0.01867243 0.01656709
v -0.07578769 0.01576826 0.02460952
v -0.05560357 -0.00509317 0.03734691
v -0.05196942 -0.00681178 0.03991311
v -0.04715279 -0.01023714 0.04081505
v -0.05238406 -0.00902268 0.03464192
v -0.04589060 -0.01252718 0.03839398
v -0.04776887 -0.00169049 0.04458370
v -0.04606149 -0.01515037 0.02687301
v -0.04892075 -0.01272969 0.03018711
v -0.04958307 0.01838485 0.04192416
v -0.03803777 -0.01738945 0.05386665
v -0.03564882 -0.01938350 0.05689458
v -0.03244813 -0.01974657 0.05860053
v -0.03911556 -0.01746372 0.05128498
v -0.04091361 -0.01619582 0.04493527
v -0.04330615 -0.01444981 0.04167742
v -0.03872634 -0.02149386 0.04965874
v -0.03873696 -0.02129053 0.05311259
v -0.03645223 -0.02204880 0.04399473
v -0.03698961 -0.01940013 0.03990002
v -0.03394098 -0.02454192 0.04431050
v -0.03261848 -0.02116871 0.03995429
v -0.03277745 -0.02541412 0.05928965
v -0.02600915 -0.03963399 0.06411662
v -0.02739765 -0.03471798 0.06401131
v -0.03215718 -0.02828018 0.05958979
v -0.03681941 -0.03444377 0.05694534
v -0.03622699 -0.03331863 0.05386670
v -0.03737732 -0.03695793 0.05457528
v -0.03810245 -0.03722437 0.05766600
v -0.03568346 -0.04096194 0.05395370
v -0.03737714 -0.03702541 0.05991937
v -0.03863417 -0.03963120 0.05901383
v -0.03291452 -0.03998486 0.06259949
v -0.03417023 -0.04256280 0.06197982
v -0.03034099 -0.04524119 0.06314529
v -0.03224032 -0.04715871 0.06198321
v -0.03806724 -0.04094523 0.05636568
v -0.03490924 -0.03375634 0.05178349
v -0.03400345 -0.04590290 0.05962804
v -0.03587963 -0.04333242 0.05696380
v -0.03206441 -0.04247926 0.05256339
v -0.03015589 -0.04792231 0.05548863
v -0.01557734 -0.05605235 0.06589065
v -0.02463524 -0.05451730 0.06351231
v -0.01398274 -0.06287251 0.06795343
v -0.01393386 -0.06484806 0.06658389
v -0.01420492 -0.06481801 0.06470575
v -0.01524366 -0.06550030 0.06501058
v -0.01657906 -0.06391256 0.06619933
v -0.01891871 -0.06556866 0.06265598
v -0.01951198 -0.06446381 0.06132202
v -0.01831554 -0.06433445 0.05824617
v -0.01504920 -0.06447680 0.06205957
v -0.02326808 -0.06336046 0.06003918
v -0.02508106 -0.06163375 0.06199538
v -0.02557811 -0.06000573 0.06253156
v -0.02745595 -0.05595841 0.05823487
v -0.02476059 -0.05846732 0.05571802
v -0.02489599 -0.06208624 0.05892448
v -0.02727839 -0.05339523 0.05640391
v -0.02580653 -0.05156912 0.05481869
v -0.02760348 -0.04844980 0.05447920
v -0.11525148 -0.06480940 -0.02899291
v -0.11679520 -0.06392882 -0.02650758
v -0.03765264 -0.02511287 0.05532818
v -0.03744020 -0.02222852 0.05605813
v -0.00732881 -0.06335371 0.05033397
v -0.00431016 -0.06340643 0.04971778
v -0.00572510 -0.06479707 0.05344084
v -0.02223513 -0.06063748 0.05456883
v -0.01270919 -0.06463625 0.06462933
v -0.01029294 -0.06467985 0.06245054
v -0.00722536 -0.06460660 0.05854594
v -0.00550399 -0.06539362 0.04886983
v -0.00616112 -0.06685156 0.04988073
v -0.00413006 -0.06686553 0.05550166
v -0.00444912 -0.06826961 0.05031765
v -0.00330417 -0.06839394 0.04928957
v -0.00376575 -0.06658565 0.04821371
v -0.00067685 -0.06699431 0.04980488
v -0.00157474 -0.06724854 0.06524356
v -0.00947872 -0.06706592 0.06948438
v -0.01154425 -0.06710039 0.06833830
v -0.00883962 -0.06626850 0.06586999
v -0.00693347 -0.06835946 0.06731004
v -0.00455868 -0.06543669 0.06861972
v -0.00548044 -0.06698390 0.06985714
v -0.00341790 -0.06737912 0.06710565
v -0.00535393 -0.06823021 0.06843474
v -0.00236918 -0.06829507 0.05664511
v -0.00060050 -0.06851588 0.05722659
v -0.16339120 -0.00160471 0.00897308
v -0.16344486 0.00192053 0.01266516
v -0.16700090 0.00073895 0.01142021
v -0.16426472 -0.00212969 0.00705043
v -0.16491070 0.00423685 0.00453846
v -0.16531932 0.00101088 0.00519010
v -0.16572370 -0.00162177 0.00606136
v -0.16800690 -0.00295373 0.00941070
v -0.16571100 -0.00311929 0.00950001
v -0.17225705 -0.00127116 0.00982116
v -0.16948867 0.00254010 0.01086274
v -0.17363983 -0.00364968 0.00835630
v -0.17091095 -0.00445034 0.00824817
v -0.16936736 -0.00353397 0.00585405
v -0.16905713 -0.00535012 0.00777170
v -0.17607871 -0.00314860 0.00928917
v -0.17351264 -0.00531607 0.00687259
v -0.17093785 -0.00614412 0.00549740
v -0.17235260 -0.00577686 0.00436381
v -0.17932393 -0.00268934 0.00855221
v -0.18018480 0.00019934 0.00715112
v -0.17480722 -0.00659950 0.00216509
v -0.17711940 -0.00667781 0.00075741
v -0.17853114 -0.01022983 0.00046437
v -0.17674874 -0.00911903 0.00471068
v -0.17925838 -0.00754736 0.00562443
v -0.17961061 -0.00625890 0.00744655
v -0.18159965 -0.00817531 0.00615766
v -0.17704499 -0.00131837 0.00901878
v -0.18464452 -0.00274428 0.00460837
v -0.18380497 -0.00851257 0.00612780
v -0.18432170 -0.01281540 0.00333808
v -0.18911318 -0.00876900 0.00131110
v -0.18323141 -0.01425693 0.00088917
v -0.18071562 -0.01249678 0.00006986
v -0.18302549 -0.01394457 -0.00324077
v -0.19150741 -0.01024817 -0.00363634
v -0.18684359 -0.00972778 0.00359876
v -0.18831143 -0.01367180 0.00158814
v -0.18696341 -0.01545060 0.00146874
v -0.18956570 -0.01510427 -0.00058005
v -0.19234619 -0.01207615 -0.00290323
v -0.19114149 -0.01687355 -0.00582521
v -0.19198419 -0.01486532 -0.00621905
v -0.19029008 -0.01355930 -0.00748462
v -0.18648151 -0.01530201 -0.00668618
v -0.18420197 -0.01593567 -0.00173108
v -0.07920656 -0.02783579 -0.02968598
v -0.07690489 -0.02970522 -0.02611533
v -0.07528057 -0.02589890 -0.02884028
v -0.07934631 -0.02195022 -0.03121663
v -0.07816991 -0.01736545 -0.03130792
v -0.07072537 -0.02183050 -0.02686699
v -0.08897660 -0.02830724 -0.03276663
v -0.08926880 -0.03097600 -0.03133304
v -0.09515221 -0.03333884 -0.03120335
v -0.09216162 -0.02653368 -0.03335041
v -0.09880681 -0.03268004 -0.03301014
v -0.07016070 -0.02452227 -0.02439446
v -0.07210673 -0.02370278 -0.02742885
v -0.06752378 -0.01995251 -0.02511596
v -0.06876986 -0.01745825 -0.02758732
v -0.07067399 -0.01613540 -0.02889780
v -0.07066619 -0.01317404 -0.02934206
v -0.08294564 -0.01611232 -0.03226574
v -0.08806822 -0.01769845 -0.03310385
v -0.08102792 -0.00994410 -0.03019190
v -0.09124317 -0.02272284 -0.03357285
v -0.07466112 -0.01125909 -0.02988618
v -0.07832025 -0.00863220 -0.02934264
v -0.08164517 -0.00617889 -0.02742352
v -0.07475019 -0.00648590 -0.02802523
v -0.07235914 -0.00816566 -0.02894538
v -0.06780550 -0.01240192 -0.02851769
v -0.06561282 -0.01497469 -0.02629226
v -0.06539153 -0.01256472 -0.02708537
v -0.06264301 -0.01145138 -0.02510509
v -0.06113150 -0.00455983 -0.02530754
v -0.06486734 -0.00658095 -0.02742880
v -0.06816196 -0.00639212 -0.02829062
v -0.07522821 -0.00223839 -0.02541783
v -0.06654616 -0.00201682 -0.02697615
v -0.05751041 -0.00214173 -0.02281629
v -0.05948916 -0.00592714 -0.02366378
v -0.05440650 -0.00212681 -0.02031260
v -0.05478834 0.00096295 -0.02080159
v -0.05203554 -0.00180338 -0.01842742
v -0.05581486 -0.00639115 -0.02066170
v -0.05063882 -0.00737393 -0.01494009
v -0.05347097 -0.00933965 -0.01686966
v -0.05629228 -0.01142317 -0.01883630
v -0.06270725 -0.01971149 -0.02039456
v -0.04525909 -0.00635392 -0.01150914
v -0.07063452 -0.00013544 -0.02525963
v -0.07401254 0.00125196 -0.02359177
v -0.07145597 0.00365558 -0.02310765
v -0.08271851 -0.00360078 -0.02460261
v -0.08713888 -0.00674708 -0.02451384
v -0.08538125 -0.00347550 -0.02295808
v -0.09161401 -0.01366218 -0.03180453
v -0.09476542 -0.01430852 -0.03210916
v -0.09197998 -0.00598187 -0.02090818
v -0.08057325 -0.00160656 -0.02336972
v -0.09147461 -0.00486665 -0.01841367
v -0.09366899 -0.00648893 -0.01950784
v -0.09505624 -0.00852715 -0.02267329
v -0.08793022 -0.00129247 -0.01564588
v -0.07968403 0.00218705 -0.02083053
v -0.08484922 0.00335886 -0.01595896
v -0.09547178 -0.00955255 -0.01837957
v -0.09507607 -0.01045465 -0.02532262
v -0.09142905 -0.01595813 -0.03313065
v -0.09414931 -0.02198008 -0.03410088
v -0.09599160 -0.02517360 -0.03376416
v -0.10131804 -0.03493992 -0.03132289
v -0.10729789 -0.03290778 -0.03519566
v -0.10838421 -0.03113696 -0.03591006
v -0.10646269 -0.02835507 -0.03490908
v -0.12372100 -0.02857653 -0.02893787
v -0.12091836 -0.02450392 -0.02725156
v -0.10032386 -0.01293106 -0.02034859
v -0.10015750 -0.01144127 -0.02273342
v -0.09360192 -0.01863814 -0.03401987
v -0.10213640 -0.02643988 -0.03428039
v -0.10977865 -0.02718047 -0.03560460
v -0.11495174 -0.02902233 -0.03769541
v -0.10440337 -0.02323570 -0.03452533
v -0.10067572 -0.01893746 -0.03345317
v -0.09903717 -0.01601052 -0.03208059
v -0.09950627 -0.02199886 -0.03420397
v -0.09653419 -0.01771689 -0.03373259
v -0.10513149 -0.01951361 -0.03224821
v -0.10251871 -0.01366934 -0.02468960
v -0.10627315 -0.01717590 -0.02618316
v -0.10752002 -0.01979245 -0.03054361
v -0.10951366 -0.02208558 -0.03246277
v -0.11665057 -0.02526894 -0.03488246
v -0.11125062 -0.02084670 -0.02816387
v -0.11660532 -0.02270311 -0.03071359
v -0.11523705 -0.02207947 -0.02850832
v -0.05969905 -0.01633995 -0.02001519
v -0.07098651 0.00799199 -0.02135028
v -0.07388735 0.00863339 -0.02008083
v -0.07952862 0.00662905 -0.01739004
v -0.07904746 0.00983790 -0.01535101
v -0.08436111 0.00559101 -0.01216454
v -0.07798699 0.01270517 -0.01521356
v -0.08089454 0.01399798 -0.01166173
v -0.04624198 -0.01018520 -0.01130938
v -0.04199356 -0.00996770 -0.01137302
v -0.03594036 -0.00978125 -0.01204750
v -0.03215544 -0.01334209 -0.01289036
v -0.03800379 -0.00700143 -0.01115564
v -0.04115804 0.00061764 -0.01238976
v -0.04434630 -0.00046275 -0.01376100
v -0.03341597 -0.00506197 -0.01182389
v -0.03154838 -0.00159618 -0.01253819
v -0.03929535 0.00310493 -0.01321300
v -0.04185669 0.00643796 -0.01596600
v -0.02742111 -0.00513300 -0.01239492
v -0.02561627 -0.00810464 -0.01235867
v -0.01856038 -0.00846562 -0.01296014
v -0.02117856 -0.01676437 -0.01328922
v -0.01634410 -0.01439976 -0.01339964
v -0.01510329 -0.01121170 -0.01320028
v -0.01268100 -0.00861966 -0.01400977
v -0.01933020 -0.00527775 -0.01333473
v -0.02414325 -0.00297022 -0.01363860
v -0.01543620 0.00160935 -0.01653030
v -0.01996274 0.00238370 -0.01595535
v -0.02388825 0.00044779 -0.01493497
v -0.02444362 0.00544421 -0.01604503
v -0.08417948 0.01443464 -0.00838309
v -0.08402548 0.01674997 -0.00514787
v -0.08350405 0.01935069 -0.00391298
v -0.08325533 0.01422501 -0.00965336
v -0.08071805 0.01717211 -0.01041920
v -0.07886997 0.02089298 -0.00961312
v -0.08378360 0.01789930 -0.00704311
v -0.08261476 0.02145402 -0.00411402
v -0.08183032 0.02081973 -0.00665773
v -0.10840229 -0.03795822 -0.03101382
v -0.11672507 -0.03721030 -0.03835469
v -0.11907967 -0.02731658 -0.03582552
v -0.12043476 -0.02497116 -0.03354685
v -0.12295534 -0.02660105 -0.03260501
v -0.12515806 -0.03263663 -0.03377311
v -0.12205601 -0.02934610 -0.03507645
v -0.12741663 -0.03688724 -0.03475605
v -0.12212202 -0.03431770 -0.03748082
v -0.11988658 -0.04080868 -0.03932758
v -0.12332164 -0.04549203 -0.04088337
v -0.11821925 -0.04746919 -0.03374721
v -0.12918605 -0.04060036 -0.03634648
v -0.13214189 -0.04525838 -0.03796446
v -0.12773581 -0.04513932 -0.04113808
v -0.12703809 -0.03959484 -0.03765228
v -0.12364258 -0.04896859 -0.04152108
v -0.13457300 -0.05203342 -0.03956700
v -0.13169938 -0.06313372 -0.03666421
v -0.13195175 -0.06112866 -0.04327155
v -0.13141121 -0.05676039 -0.04386179
v -0.13358681 -0.05290629 -0.04155955
v -0.13175452 -0.05296736 -0.04352323
v -0.13272338 -0.04812291 -0.04079538
v -0.12934753 -0.05202910 -0.04426999
v -0.12362668 -0.05325481 -0.04581765
v -0.12142631 -0.05498362 -0.04857421
v -0.12390223 -0.05476196 -0.04808302
v -0.12656522 -0.05318112 -0.04553615
v -0.12940460 -0.05673131 -0.04552875
v -0.12439889 -0.06080140 -0.04863872
v -0.12504829 -0.05773282 -0.04832929
v -0.12308866 -0.06334719 -0.04890902
v -0.12415407 -0.06427509 -0.04717122
v -0.12535082 -0.06381480 -0.04830090
v -0.11975551 -0.06194985 -0.04820465
v -0.11942303 -0.06348503 -0.04676567
v -0.12627572 -0.05498737 -0.04697578
v -0.11939997 -0.05642894 -0.04812627
v -0.11793347 -0.05829918 -0.04700070
v -0.11680286 -0.05506674 -0.04212401
v -0.11553385 -0.05683590 -0.04381056
v -0.11351726 -0.05764200 -0.04134466
v -0.11462723 -0.05587980 -0.03554631
v -0.11785141 -0.05254245 -0.03665527
v -0.11246972 -0.05898043 -0.03205051
v -0.11227619 -0.05937039 -0.03489225
v -0.11177153 -0.06283057 -0.03249939
v -0.11222827 -0.06132227 -0.03633700
v -0.11271729 -0.06141406 -0.04259475
v -0.11217716 -0.06136199 -0.03873945
v -0.11151402 -0.06367149 -0.03791711
v -0.11217719 -0.06454613 -0.03246884
v -0.11235787 -0.06404208 -0.03464876
v -0.11140403 -0.06335245 -0.04012860
v -0.11328202 -0.06333832 -0.04433021
v -0.11522977 -0.06356785 -0.04339047
v -0.11708709 -0.06156851 -0.04564032
v -0.12118337 -0.06367435 -0.04473418
v 0.01061886 -0.00008741 -0.01672706
v 0.01753688 -0.00324105 -0.01600813
v 0.02242090 0.00826312 -0.01992879
v 0.02121308 -0.00347695 -0.01699706
v 0.02587498 -0.00411764 -0.01935575
v 0.01930611 0.01217436 -0.02057405
v 0.02324825 0.00231674 -0.01823894
v 0.03043796 0.00415145 -0.02119076
v 0.03216491 0.00175748 -0.02424851
v -0.00537149 -0.00829012 -0.01560804
v -0.00979315 -0.01278526 -0.01353052
v 0.00219810 -0.00392491 -0.01640660
v -0.00766288 -0.01128363 -0.01402801
v 0.00898573 -0.00976981 -0.01414804
v -0.01207024 -0.01632816 -0.01360505
v -0.00858464 -0.01714731 -0.01354407
v 0.00025192 -0.01506296 -0.01419855
v -0.00051304 -0.01855445 -0.01316956
v 0.01398212 -0.01613506 -0.01150775
v 0.03560352 0.00578902 -0.02823133
v 0.02844605 -0.00701212 -0.02083068
v 0.01896651 -0.00820001 -0.01549822
v 0.01480446 -0.00998759 -0.01429578
v 0.01941449 -0.01196402 -0.01482218
v 0.01989350 -0.01387460 -0.01369374
v 0.03307871 -0.01556854 -0.02270413
v 0.02782085 -0.01115740 -0.01924617
v 0.03461976 -0.01822613 -0.02566200
v 0.03101155 -0.01312691 -0.02012911
v 0.03183305 -0.00776566 -0.02342401
v 0.03225364 -0.00206750 -0.02405501
v 0.03450851 -0.00042478 -0.02786592
v 0.03673868 -0.00695827 -0.02916099
v 0.03779304 -0.01130403 -0.03134478
v 0.03579458 -0.01576046 -0.02921194
v 0.03733806 -0.02818721 -0.02768113
v 0.03863994 -0.01579832 -0.03417338
v 0.04178523 -0.01886156 -0.03726031
v 0.03995819 -0.01956972 -0.03592790
v 0.04090918 -0.02367283 -0.03599282
v 0.03867951 -0.02448867 -0.03167598
v 0.04338966 -0.03221867 -0.03693686
v 0.04624332 -0.02212453 -0.04032387
v 0.04539728 -0.02448175 -0.04047482
v 0.04552726 -0.02863836 -0.03975040
v 0.03920043 -0.03021273 -0.03026971
v 0.04139400 -0.03226287 -0.03323995
v 0.04992051 -0.04307088 -0.04430282
v 0.05275391 -0.04460105 -0.04794450
v 0.05416494 -0.04297437 -0.04873591
v 0.05454721 -0.04803510 -0.05090433
v 0.03621577 0.00339590 -0.02928085
v 0.03461942 0.01239081 -0.02664718
v 0.03324559 0.01455470 -0.02490114
v 0.03649480 0.01533018 -0.02793545
v 0.03798652 0.01097707 -0.02998200
v 0.03926305 0.00088635 -0.03074151
v 0.03890936 0.00454904 -0.03039094
v 0.03963172 0.01054166 -0.03086269
v -0.00941583 -0.01821663 0.03526890
v -0.00674442 -0.01084782 0.03374264
v -0.01179398 0.00722516 0.03622748
v -0.00864555 0.01376228 0.03676291
v -0.00788184 0.00129304 0.03660760
v -0.00800394 0.00716731 0.03709973
v -0.00895498 -0.00569098 0.03501755
v -0.00659733 -0.01954921 0.03339567
v 0.00616371 0.02392168 0.03629364
v 0.00175413 0.01761521 0.03772877
v 0.00557926 0.01307355 0.03844668
v 0.00808824 0.01703113 0.03829743
v 0.01465136 0.01827936 0.03800603
v 0.01002955 0.00916995 0.03952901
v 0.00445454 0.00751247 0.03877452
v 0.00891512 0.00085011 0.03837121
v -0.00237831 -0.01524107 0.03190040
v -0.00505680 -0.00225779 0.03622177
v 0.00084542 -0.02053097 0.03128696
v 0.00197758 -0.01424434 0.03219448
v 0.00754907 -0.01795047 0.03103656
v 0.00470652 -0.00795878 0.03483703
v 0.00618042 -0.01180679 0.03263973
v 0.00755487 -0.01470599 0.03137064
v 0.01229227 -0.01623409 0.03082881
v 0.01229067 -0.01339611 0.03151110
v 0.01158889 -0.01961954 0.03090033
v 0.01599887 -0.02109219 0.03167138
v 0.01738533 -0.01753278 0.03091423
v 0.01693046 -0.01577967 0.03087373
v 0.01463310 -0.01973625 0.03140269
v 0.01388797 -0.00709979 0.03515908
v 0.02039466 -0.01715301 0.03171624
v 0.02035276 0.02055992 0.03820455
v 0.02127882 0.01068697 0.03939181
v 0.01602858 0.00555704 0.04002071
v 0.01456202 0.00127750 0.03862684
v 0.01347283 -0.00273266 0.03712244
v 0.02042075 -0.00366309 0.03706754
v 0.02077439 -0.00783778 0.03527876
v 0.02267292 -0.00944287 0.03435029
v 0.02549461 -0.00947102 0.03478794
v 0.02461598 -0.01399378 0.03464081
v 0.02432188 -0.01306399 0.03320139
v 0.02772690 -0.00672503 0.03706159
v 0.02663805 -0.01074357 0.03574925
v 0.02839675 -0.00529755 0.03830491
v 0.02753425 -0.00848798 0.03875987
v 0.02414961 -0.01532372 0.04060018
v 0.02355912 -0.01739122 0.04116277
v 0.02516373 -0.01348508 0.04020398
v 0.02642029 -0.01214915 0.04638798
v 0.02287671 -0.01963887 0.04403359
v 0.02273506 -0.02354025 0.04412915
v 0.02211895 -0.02754065 0.04481448
v 0.02405299 -0.02704617 0.04147458
v 0.04816491 -0.01872510 0.04928718
v 0.04769126 -0.01400885 0.05135349
v 0.04182699 -0.01222068 0.05244670
v 0.05266446 -0.01007671 0.04863938
v 0.04527275 -0.00548893 0.05157120
v 0.03939637 0.01181988 0.04407971
v 0.04175556 -0.00128865 0.05123259
v 0.04356444 -0.01651248 0.05218740
v 0.04581216 -0.01858461 0.05090252
v 0.04658141 -0.02500860 0.04742335
v 0.04665915 -0.02338145 0.04844010
v 0.03974397 -0.02981441 0.05134600
v 0.03711358 -0.02652034 0.05232361
v 0.03678728 -0.03597232 0.05049650
v 0.03443819 -0.03916876 0.05046971
v 0.03176444 -0.04026157 0.05110588
v 0.03450412 -0.04858734 0.04109814
v 0.03499869 -0.04452569 0.04583752
v 0.03283108 -0.04443049 0.04989526
v 0.03696863 -0.03254894 0.05224423
v 0.03866119 -0.01658335 0.05270077
v 0.03467542 -0.02425268 0.05261602
v 0.03173991 -0.02507636 0.05292250
v 0.03654758 -0.01469108 0.05247413
v 0.03348683 -0.01493152 0.05175964
v 0.03602431 -0.01006048 0.05189089
v 0.03171679 -0.01074628 0.05063837
v 0.04125360 -0.00459384 0.05147948
v 0.03360292 -0.00300462 0.04949404
v 0.02593705 -0.01119548 0.04286670
v 0.02718925 -0.00624752 0.04314926
v 0.02551434 -0.00126467 0.03826473
v 0.02081628 0.00393086 0.03941317
v 0.03679082 0.01427701 0.03893450
v 0.02522062 0.00598966 0.03931803
v 0.02624095 0.00221004 0.03921674
v 0.03097734 0.00220094 0.04017618
v 0.02835015 -0.00293736 0.04447836
v 0.02857395 -0.00210350 0.04172679
v 0.03034507 0.00062691 0.04459666
v 0.02939144 -0.00663890 0.04783517
v 0.03126556 -0.00459911 0.04866843
v 0.03397761 -0.00090357 0.04877181
v 0.03552840 0.00134651 0.04922348
v 0.03339708 0.00145512 0.04777448
v 0.03284180 0.00322737 0.04437710
v 0.03427401 0.00692893 0.04065543
v 0.03565144 0.01110080 0.03901363
v 0.01259886 0.00678368 0.04010992
v 0.01618316 0.01439089 0.03924724
v 0.01301730 0.01250094 0.03952070
v 0.01664284 0.01026966 0.03997339
v 0.03002889 -0.01350996 0.05016878
v 0.02423855 -0.02144934 0.04824739
v 0.02416407 -0.03081460 0.04023675
v 0.03419857 -0.05202292 0.04035597
v 0.03502873 -0.04887099 0.04356898
v 0.03510167 -0.05214291 0.04189016
v 0.03519182 -0.05428275 0.04049991
v 0.03327060 -0.05375335 0.03999146
v 0.03519238 -0.05514467 0.04320953
v 0.02974952 -0.05592591 0.04837317
v 0.02362899 -0.03606595 0.04932176
v 0.02123237 -0.03466454 0.04657141
v 0.02523654 -0.04374449 0.05121208
v 0.02180188 -0.03947888 0.04933117
v 0.02140344 -0.03701804 0.04814992
v 0.02003810 -0.04310410 0.04892401
v 0.02245679 -0.04479727 0.05034720
v 0.02928515 -0.04512554 0.05084443
v 0.01809925 -0.04607907 0.04475696
v 0.01975816 -0.04688857 0.04786949
v 0.03281527 -0.02858670 0.05306263
v 0.03082863 -0.03023780 0.05344615
v 0.02846968 -0.03039855 0.05216133
v 0.02239005 -0.02914451 0.04295680
v 0.02135777 -0.03237104 0.04431461
v 0.02211978 -0.02976583 0.04685660
v 0.02261892 -0.03175550 0.04821080
v 0.03255674 -0.03190777 0.05288525
v 0.03025679 -0.03565498 0.05120502
v 0.02455851 -0.03393614 0.04931217
v 0.01887870 -0.04037971 0.04247875
v 0.01871727 -0.04176841 0.04702356
v 0.01782316 -0.04364436 0.04347218
v 0.01833253 -0.05015989 0.04284333
v 0.01994936 -0.05380560 0.04623927
v 0.02239581 -0.05579967 0.04764457
v 0.02050636 -0.05950712 0.04539382
v 0.01903381 -0.05583001 0.04383801
v 0.03255679 -0.05453449 0.03825819
v 0.03413824 -0.05553850 0.03527494
v 0.04119340 -0.06364240 0.04974942
v 0.03761459 -0.05705659 0.04155829
v 0.03696009 -0.05654540 0.03844699
v 0.04293370 -0.05918607 0.04033037
v 0.01752219 -0.01946202 0.03231931
v 0.03800256 -0.05708036 0.03570135
v 0.04262482 -0.00446212 -0.03134550
v 0.04090111 -0.01064519 -0.03265955
v 0.04390491 -0.00892164 -0.03248914
v 0.04034721 -0.01411435 -0.03463937
v 0.04385212 -0.01842540 -0.03792229
v 0.04928475 -0.01391004 -0.03590462
v 0.05107306 -0.01897060 -0.03858145
v 0.04914531 -0.02273829 -0.04031131
v 0.04986354 -0.02821356 -0.04286679
v 0.05453165 -0.01998513 -0.03836056
v 0.05382583 -0.01684369 -0.03721748
v 0.05864554 -0.02370674 -0.03713046
v 0.05911603 -0.02292556 -0.03439987
v 0.05559726 -0.01662055 -0.03628205
v 0.05544984 -0.01412963 -0.03478514
v 0.05537665 -0.01227779 -0.03296332
v 0.05726967 -0.01519181 -0.03240872
v 0.05851366 -0.01832467 -0.03190299
v 0.05722453 -0.01314958 -0.02927718
v 0.05332704 -0.01083028 -0.03355447
v 0.05563595 -0.00921504 -0.03167291
v 0.05882509 -0.02196275 -0.02907121
v 0.06096558 -0.02965726 -0.03228582
v 0.06100779 -0.03185607 -0.03914322
v 0.05951421 -0.02832026 -0.03854732
v 0.04934434 -0.03228706 -0.04304440
v 0.05263072 -0.02035872 -0.01987664
v 0.05361890 -0.02460536 -0.02042439
v 0.05222153 -0.02735754 -0.01997905
v 0.05510095 -0.03957335 -0.04787967
v 0.05041591 -0.03007856 -0.02048210
v 0.05258230 -0.03670193 -0.04594128
v 0.05694567 -0.04897913 -0.05379259
v 0.05443116 -0.05103987 -0.05462838
v 0.05767419 -0.04426132 -0.05039563
v 0.05783630 -0.04017675 -0.04852906
v 0.05997047 -0.03880731 -0.04727649
v 0.05976574 -0.03575496 -0.04511910
v 0.06060021 -0.04680976 -0.05247606
v 0.05939910 -0.05032286 -0.05592714
v 0.06302931 -0.04940697 -0.05432968
v 0.06307948 -0.04512440 -0.05025209
v 0.06316122 -0.03814481 -0.04392413
v 0.05586395 -0.03248788 -0.04494775
v 0.05773889 -0.03153644 -0.04328593
v 0.06617635 -0.04502897 -0.04488792
v 0.06305674 -0.03674577 -0.04174561
v 0.05236524 -0.03455343 -0.04512127
v 0.05299810 -0.03060204 -0.04398610
v 0.05440622 -0.02817984 -0.04248250
v 0.06205297 -0.03326210 -0.03708762
v 0.06191415 -0.03374882 -0.03277023
v 0.05768029 -0.02601765 -0.02484940
v 0.05639274 -0.02979946 -0.02410820
v 0.05797789 -0.02273436 -0.02580678
v 0.05850322 -0.01932590 -0.02621032
v 0.05862876 -0.01728912 -0.02797465
v 0.05777253 -0.01330849 -0.02531189
v 0.05693592 -0.01203716 -0.02255912
v 0.05837712 -0.00969002 -0.02714343
v 0.05844910 -0.00560392 -0.02908525
v 0.04623999 -0.00318835 -0.03228233
v 0.06118669 -0.00115754 -0.02673436
v 0.06073482 -0.00409828 -0.02365116
v 0.06000752 -0.00481703 -0.02065771
v 0.06645860 0.00199409 -0.02169575
v 0.06802312 0.00720447 -0.02498200
v 0.05593196 -0.00019248 -0.03269989
v 0.03978062 0.01354780 -0.03018085
v 0.04716815 0.01855127 -0.02789659
v 0.05053519 0.02849834 -0.02491909
v 0.05200950 0.02513299 -0.02572671
v 0.04579329 0.00261450 -0.03251458
v 0.04345200 0.00487212 -0.03207343
v 0.04735633 0.01359473 -0.02943496
v 0.05208933 0.01966274 -0.02708168
v 0.05602293 0.02419719 -0.02765348
v 0.05753463 0.01856012 -0.02781090
v 0.05884255 0.02066241 -0.02961838
v 0.05596287 0.01715641 -0.02790191
v 0.05338911 0.01452421 -0.02921020
v 0.04243480 0.01084183 -0.03062518
v 0.04054938 0.00489478 -0.03134115
v 0.04883339 0.00145814 -0.03324704
v 0.05516051 0.00374667 -0.03239017
v 0.04656311 0.00907820 -0.03081828
v 0.05957900 0.01580484 -0.02827514
v 0.05543090 0.00773159 -0.03119204
v 0.05477262 0.00179408 -0.03312331
v 0.05913276 0.00519107 -0.03034975
v 0.07456404 0.00561743 -0.02110674
v 0.06665019 -0.04755330 -0.03809573
v 0.06710231 -0.05261400 -0.03734218
v 0.06484573 -0.05042233 -0.03675782
v 0.06318958 -0.04622373 -0.03478055
v 0.05868910 -0.04577831 -0.03113897
v 0.06293245 -0.03947707 -0.03371187
v 0.05940299 -0.03991253 -0.02951855
v 0.06700791 -0.05425806 -0.04179155
v 0.06708916 -0.05174859 -0.04349421
v 0.07041357 -0.05819935 -0.04637410
v 0.06727397 -0.05849919 -0.04269876
v 0.06740711 -0.05019909 -0.04675065
v 0.06678890 -0.04924418 -0.04945315
v 0.05539570 -0.05338740 -0.05770639
v 0.05547563 -0.05490380 -0.06048897
v 0.05804161 -0.05372407 -0.05955832
v 0.06468653 -0.05277874 -0.05713369
v 0.07291257 -0.05762151 -0.05049076
v 0.07004959 -0.05416310 -0.05001841
v 0.07235365 -0.06112226 -0.05969179
v 0.07016147 -0.05712616 -0.05604820
v 0.07316462 -0.06402132 -0.05994152
v 0.06842539 -0.05626633 -0.06062252
v 0.06724454 -0.05822444 -0.06300511
v 0.06439131 -0.05862551 -0.06277463
v 0.06358279 -0.05955414 -0.06561647
v 0.06516575 -0.06037566 -0.06367023
v 0.06773677 -0.06057537 -0.06431189
v 0.07120416 -0.05913290 -0.06155849
v 0.07146467 -0.06216438 -0.06261258
v 0.05802915 -0.05597857 -0.06383264
v 0.06318804 -0.05644367 -0.06093067
v 0.06298689 -0.05735027 -0.06400335
v 0.06111043 -0.05520893 -0.06222816
v 0.06146432 -0.05767492 -0.06640869
v 0.06072149 -0.05925259 -0.06765335
v 0.05715627 -0.04130477 -0.02896652
v 0.06337717 -0.03865181 -0.03693687
v 0.05467425 -0.02690451 -0.02147374
v 0.08861376 0.02236975 -0.05189468
v 0.08965816 0.02262092 -0.05482312
v 0.09122968 0.02336828 -0.05084035
v 0.10050939 0.02366914 -0.02412063
v 0.09935293 0.03545336 -0.01381813
v 0.10119742 0.03673003 -0.01519511
v 0.10393377 0.03669373 -0.02070462
v 0.10393463 0.03422831 -0.02348361
v 0.10532548 0.03810317 -0.02285697
v 0.10262992 0.03093075 -0.01768954
v 0.10234451 0.03182225 -0.01553772
v 0.10457257 0.03325272 -0.02571567
v 0.10584545 0.04064987 -0.02248044
v 0.10260790 0.02974608 -0.02103480
v 0.09984308 0.02545090 -0.02847377
v 0.09884780 0.02132864 -0.02706228
v 0.09848312 0.01809220 -0.02497230
v 0.09802411 0.02336609 -0.03118388
v 0.08083126 0.03555438 -0.07002284
v 0.08312713 0.04533953 -0.07524302
v 0.08993836 0.04366895 -0.07486023
v 0.08376767 0.04010465 -0.07400253
v 0.08409468 0.03694980 -0.07212879
v 0.08259186 0.03772987 -0.06960050
v 0.09637062 0.04576001 -0.05789391
v 0.09703264 0.04063648 -0.05427297
v 0.09908956 0.04250484 -0.05217578
v 0.09830908 0.03376806 -0.04721976
v 0.09369072 0.03389806 -0.04656830
v 0.09408797 0.02399662 -0.05090779
v 0.08644705 0.03236197 -0.04624753
v 0.09244238 0.02794015 -0.04837111
v 0.08910917 0.03569490 -0.04600599
v 0.08999372 0.03158642 -0.04676875
v 0.09509285 0.02505582 -0.04785089
v 0.09533968 0.02966219 -0.04659703
v 0.09800786 0.03105291 -0.04574028
v 0.10027537 0.03507249 -0.04324054
v 0.10162393 0.03747152 -0.04047352
v 0.10088664 0.03753145 -0.04442790
v 0.10001023 0.03929247 -0.04890476
v 0.10113761 0.04209114 -0.04635252
v 0.09798738 0.04618518 -0.05387200
v 0.09862350 0.04871867 -0.05112307
v 0.10230996 0.04438159 -0.04397463
v 0.10249418 0.04129315 -0.04097393
v 0.09472736 0.04356201 -0.06433731
v 0.09709133 0.05175881 -0.05266983
v 0.10121715 0.04785273 -0.04591578
v 0.10226979 0.04782641 -0.04305650
v 0.10280059 0.04577847 -0.03966469
v 0.10199349 0.04911204 -0.03809178
v 0.10024730 0.03251901 -0.03798125
v 0.09838980 0.02311842 -0.04323983
v 0.09817129 0.01887213 -0.05113031
v 0.09789388 0.01714389 -0.04208828
v 0.09870172 0.01492412 -0.05102794
v 0.09954213 0.01009841 -0.04825270
v 0.10180564 0.03592771 -0.03552934
v 0.10335037 0.04496151 -0.03444136
v 0.10325218 0.05143281 -0.03349589
v 0.10238078 0.05433808 -0.03405526
v 0.10008435 0.05274149 -0.03925769
v 0.10108223 0.05078444 -0.04329363
v 0.10091175 0.05439276 -0.02864659
v 0.09912915 0.05843074 -0.03202043
v 0.10003637 0.05514579 -0.03720265
v 0.09712473 0.05434921 -0.04924415
v 0.10027495 0.05072053 -0.04642763
v 0.09319229 0.04130118 -0.06807868
v 0.09425948 0.04186186 -0.07057935
v 0.09499300 0.04383372 -0.06843173
v 0.08227558 0.05026430 -0.07455204
v 0.08781936 0.05789907 -0.05625651
v 0.08674470 0.05721906 -0.05959439
v 0.08954400 0.05595411 -0.05774900
v 0.08655168 0.05571091 -0.07143459
v 0.08784878 0.05261883 -0.07346016
v 0.09070449 0.04728238 -0.07506391
v 0.09497442 0.04705450 -0.06161228
v 0.09123246 0.06200586 -0.05169333
v 0.09401623 0.05871775 -0.05100747
v 0.09335408 0.05688496 -0.05273417
v 0.09558086 0.05446872 -0.05250437
v 0.08931890 0.06119513 -0.05356948
v 0.09702366 0.05660150 -0.04353657
v 0.09839668 0.05513361 -0.03961800
v 0.09682252 0.05800840 -0.03955188
v 0.10488315 0.05015653 -0.02796515
v 0.10577071 0.04647414 -0.02833871
v 0.10556405 0.04684774 -0.02496758
v 0.10325094 0.04023795 -0.03359830
v 0.10562847 0.04342641 -0.02296808
v 0.09700491 0.01842800 -0.03804555
v 0.09688262 0.02019818 -0.03542905
v 0.09817261 0.02487413 -0.03430094
v 0.10035081 0.02902706 -0.03179321
v 0.10559093 0.04100490 -0.02760153
v 0.10457581 0.03537551 -0.02798594
v 0.09894983 0.05770132 -0.02985064
v 0.09456061 0.06265297 -0.03512291
v 0.09183910 0.06341903 -0.04005965
v 0.09675843 0.06037154 -0.02615745
v 0.08958986 0.05403051 -0.06967066
v 0.05982103 0.02671885 -0.03478660
v 0.06076598 0.02847945 -0.03726696
v 0.06341244 0.02695182 -0.03801925
v 0.06165668 0.04118866 -0.04338650
v 0.06325974 0.02921760 -0.04091182
v 0.06587719 0.03135791 -0.04407983
v 0.06440683 0.03595705 -0.04478462
v 0.06816699 0.03321269 -0.04751366
v 0.07059365 0.03180434 -0.04970868
v 0.06900065 0.02879140 -0.04471735
v 0.06695628 0.02140886 -0.03653965
v 0.06577774 0.02011733 -0.03483881
v 0.07237381 0.02039925 -0.04024825
v 0.07619037 0.01718199 -0.04028574
v 0.07738351 0.02045706 -0.04525278
v 0.07973148 0.01670722 -0.04402309
v 0.07444816 0.02252695 -0.04471534
v 0.08217736 0.01360594 -0.04536999
v 0.07939637 0.01452306 -0.04180348
v 0.07531673 0.01546925 -0.03767445
v 0.08272771 0.01009587 -0.04357657
v 0.08333918 0.01114533 -0.04725233
v 0.08493709 0.02097167 -0.05192457
v 0.08474515 0.02354884 -0.04871695
v 0.06212246 0.01759115 -0.03009596
v 0.06285758 0.01261027 -0.02764877
v 0.07700085 0.00707023 -0.02381054
v 0.07898988 0.00841141 -0.02421873
v 0.07610524 0.00834948 -0.02596719
v 0.06923745 0.01750962 -0.03462398
v 0.06955325 0.01466305 -0.03009109
v 0.07440552 0.00987292 -0.02722177
v 0.07200292 0.00842959 -0.02620691
v 0.07231491 0.01164148 -0.02820262
v 0.09044284 0.01661308 -0.02071546
v 0.09608335 0.02155705 -0.01698027
v 0.09307035 0.01717133 -0.02318698
v 0.09857478 0.01734152 -0.02201784
v 0.08201642 0.01363825 -0.02993227
v 0.07944041 0.01295176 -0.03986547
v 0.08640756 0.01350684 -0.03624551
v 0.08257616 0.01159220 -0.04060245
v 0.08457005 0.01267412 -0.02640849
v 0.09077792 0.01675793 -0.02380322
v 0.09057328 0.01619007 -0.02779395
v 0.08904121 0.01578825 -0.02512879
v 0.09449469 0.01589291 -0.02894727
v 0.09684566 0.01714761 -0.02672639
v 0.09596030 0.01655742 -0.03047464
v 0.09177656 0.01564749 -0.02960821
v 0.08897044 0.01446390 -0.03035562
v 0.08762656 0.01410596 -0.02725108
v 0.07081643 0.03483116 -0.05272397
v 0.07275497 0.03692552 -0.05772275
v 0.08212328 0.03906765 -0.05210641
v 0.07666953 0.03928533 -0.05758000
v 0.08635556 0.04230300 -0.05672102
v 0.08020708 0.04173227 -0.05930806
v 0.07677754 0.03990792 -0.06456878
v 0.07462525 0.04040015 -0.06960199
v 0.07651089 0.03991991 -0.07231290
v 0.08136192 0.03767971 -0.07239056
v 0.08576651 0.04257586 -0.06710620
v 0.09573593 0.03538090 -0.04829536
v 0.09062921 0.03809185 -0.04887993
v 0.08362619 0.03102135 -0.04711362
v 0.08260281 0.02624207 -0.04721649
v 0.08635170 0.01475054 -0.05423617
v 0.08365963 0.01778799 -0.05144319
v 0.09444976 0.00722430 -0.05135480
v 0.09488973 0.00546313 -0.04865777
v 0.09749106 0.00668423 -0.04685572
v 0.09134472 0.00461988 -0.04860446
v 0.08630082 0.00816654 -0.05236421
v 0.08407795 0.00745507 -0.04735551
v 0.08792394 0.00505456 -0.04751232
v 0.09345225 0.00579125 -0.04585946
v 0.09793250 0.01126152 -0.04071384
v 0.09438442 0.01266251 -0.03746792
v 0.08593181 0.00991199 -0.04154973
v 0.08666790 0.00709174 -0.04437456
v 0.07471551 0.02521026 -0.04809866
v 0.07644096 -0.00094201 -0.01275802
v 0.07772740 0.00457932 -0.01776061
v 0.07885779 0.00616629 -0.02006823
v 0.08104889 0.00666402 -0.01764974
v 0.08097472 0.00529224 -0.01515895
v 0.08356930 0.00991139 -0.01861410
v 0.08553531 0.01166474 -0.01695688
v 0.08778024 0.01412482 -0.01954133
v 0.08923899 0.01552474 -0.01515601
v 0.08753338 0.01452196 -0.01176351
v 0.08484475 0.01059734 -0.00688684
v 0.08385299 0.00694637 -0.00711308
v 0.08412817 0.00995159 -0.00187967
v 0.08222828 0.00357198 -0.00566772
v 0.07998069 0.00124752 -0.01097200
v 0.08092898 0.00155271 -0.00761012
v 0.08000389 -0.00158113 -0.00309297
v 0.08121625 0.00169502 -0.00270172
v 0.08206987 -0.00007745 0.00068589
v 0.08108101 -0.00236300 0.00138915
v 0.07938332 0.00485926 0.01236406
v 0.07844356 0.00802709 0.01694926
v 0.07978697 0.00859920 0.01430134
v 0.08341698 0.00356734 0.00605289
v 0.08351678 0.00631160 0.00625424
v 0.08349429 0.01300316 0.00341033
v 0.08350065 0.00586759 0.00318747
v 0.08292505 0.00793972 0.00030280
v 0.08492713 0.01254773 -0.00162040
v 0.08414645 0.01304120 0.00081232
v 0.08366564 0.01477151 0.00547940
v 0.08120200 0.02581760 0.00762813
v 0.08003406 0.01669244 0.01846365
v 0.08114422 0.01860255 0.01547423
v 0.07836086 0.01756160 0.02335006
v 0.07380474 0.00872258 0.02615730
v 0.07408130 0.00572665 0.02001974
v 0.08966430 0.01786435 -0.01101126
v 0.08574045 0.01677458 -0.00308804
v 0.08546982 0.01394897 -0.00421839
v 0.08485419 0.01833389 0.00200958
v 0.08471945 0.02165264 0.00286362
v 0.08925648 0.02300086 -0.00399036
v 0.09143767 0.01775994 -0.01789528
v 0.08990504 0.02748909 -0.00402152
v 0.09486132 0.02493524 -0.01409170
v 0.09463161 0.02823018 -0.01106427
v 0.09115681 0.02644937 -0.00698503
v 0.09356742 0.02944243 -0.00909080
v 0.08773950 0.02820277 -0.00082424
v 0.09221006 0.03072854 -0.00674742
v 0.05428966 -0.00373924 0.04773959
v 0.05377231 -0.00015652 0.04779746
v 0.05737330 0.00010675 0.04543784
v 0.05492311 0.00293394 0.04714981
v 0.06012960 0.00101505 0.04327723
v 0.06122977 0.00416718 0.04277984
v 0.06363603 0.00064709 0.04103786
v 0.06453086 0.00593589 0.04044208
v 0.06839000 0.00145650 0.03722267
v 0.06600330 -0.00159507 0.03627703
v 0.07707004 0.03507321 0.00773436
v 0.07912215 0.03039750 0.00892492
v 0.08403519 0.02555290 0.00342410
v 0.09721684 0.03327641 -0.01258388
v 0.07106755 0.00310195 0.03288613
v 0.07144979 0.00461027 0.02862025
v 0.07363544 0.00752528 0.03046064
v 0.07611088 0.01287208 0.02573279
v 0.07655466 0.01187706 0.02792840
v 0.07718606 0.01983055 0.02617038
v 0.07667048 0.02570866 0.02335602
v 0.07429029 0.02243710 0.02845827
v 0.07753456 0.02848437 0.01931513
v 0.07470272 0.00903751 0.03126137
v 0.02645408 -0.03256793 0.03805786
v 0.01862226 -0.04402464 0.04023551
v 0.02094731 -0.04375748 0.03571126
v 0.01867360 -0.04699691 0.03745548
v 0.01848577 -0.05430188 0.04194305
v 0.02372108 -0.04342062 0.03506190
v 0.02251563 -0.04706711 0.03363519
v 0.01878207 -0.04914954 0.03447098
v 0.01893730 -0.05869411 0.04097418
v 0.02044337 -0.05636139 0.03604086
v 0.02219703 -0.05164371 0.03441077
v 0.02402985 -0.04974248 0.03458760
v 0.02369497 -0.05335016 0.03355196
v 0.03510530 -0.05559940 0.03245076
v 0.03036034 -0.05396181 0.02938233
v 0.03262858 -0.05664137 0.02696437
v 0.03613690 -0.05758158 0.02783252
v 0.03666742 -0.05639919 0.02957196
v 0.02942973 -0.05810052 0.02434499
v 0.02750853 -0.05692931 0.02500344
v 0.02744061 -0.06162244 0.02738095
v 0.02225152 -0.06183881 0.03283675
v 0.03852769 -0.06588864 0.04757667
v 0.03710688 -0.06518307 0.04538514
v 0.03985483 -0.06541293 0.04646554
v 0.03413507 -0.05917500 0.02718245
v 0.03498555 -0.06250574 0.03064775
v 0.03733532 -0.06120784 0.02901549
v 0.03801569 -0.06261775 0.03182593
v 0.03189243 -0.06185053 0.02931366
v 0.03940775 -0.06548047 0.04294431
v 0.03619197 -0.06382117 0.03617069
v 0.03950566 -0.06356309 0.03603043
v 0.04262737 -0.06484661 0.03805897
v 0.04366638 -0.06591518 0.04054654
v 0.04200068 -0.06588572 0.04273788
v 0.04413120 -0.06423991 0.03470225
v 0.04045382 -0.05914316 0.03168421
v 0.03321776 -0.06323278 0.04967493
v 0.03207982 -0.06561437 0.04630069
v 0.02344815 -0.06468482 0.04229091
v 0.01878263 -0.06083903 0.03912092
v 0.02095223 -0.06352910 0.04098024
v 0.02194794 -0.06379150 0.03916857
v 0.02623448 -0.06358710 0.03663656
v 0.02807251 -0.06273570 0.03149120
v 0.02208314 -0.06302647 0.03545441
v 0.01975803 -0.06238453 0.03777082
v 0.02478753 -0.06252851 0.03177782
v 0.03935812 -0.05958518 0.04630170
v 0.04458642 -0.06094281 0.03951177
v 0.04320000 -0.05874962 0.03801884
v 0.04071354 -0.05817078 0.03668689
v 0.04145645 -0.06191878 0.03484336
v 0.04171594 -0.06504883 0.04498770
v 0.04124579 -0.05965730 0.03394445
v 0.04513038 -0.06353597 0.03970911
v 0.04392599 -0.06573210 0.03483580
v 0.04396423 -0.06500810 0.03315243
v 0.04385155 -0.06653597 0.03844564
v -0.03279257 0.01195993 -0.01561910
v -0.01992395 0.01066939 -0.01666408
v -0.06266660 0.03371498 -0.00633475
v -0.05901435 0.03366903 -0.00836868
v -0.07589746 0.01723555 -0.01463543
v -0.03486837 0.02188660 0.04068572
v -0.01803127 0.00611565 0.05026110
v -0.02548395 0.00650337 0.04929287
v -0.11409513 0.00714039 0.00663315
v -0.07474663 0.03250121 0.00482427
v -0.03352953 0.01954446 0.04170322
v 0.02381499 0.04175724 0.00417979
v -0.00685341 0.00937827 -0.01714815
v 0.00353390 0.01960171 -0.01815757
v -0.01591221 -0.00218247 0.05316467
v -0.01861834 -0.01248398 0.05608080
v -0.01139172 -0.00382707 0.03547322
v 0.03871633 0.04108192 0.01414032
v -0.02491109 0.04043723 0.01609932
v 0.04965214 0.04896079 -0.00593765
v 0.03977834 0.04617802 -0.01077137
v 0.05128966 0.04975495 -0.01059113
v 0.06633937 0.04215485 -0.05081854
v 0.06684267 0.05388396 -0.04890163
v 0.04885000 0.01341487 0.04394086
v 0.07680655 0.06241620 -0.05066150
v 0.08328162 0.06594540 -0.04312044
v 0.08926573 0.06038793 -0.02688647
v 0.08611385 0.05436762 -0.01567357
v -0.01916848 -0.03212846 0.05198392
v -0.02190427 -0.03827689 0.06260008
v -0.02124766 -0.04470697 0.06352321
v -0.01883850 -0.05083687 0.06386230
v 0.07487424 0.03374879 0.01707620
v -0.08810698 -0.03231638 -0.02925753
v -0.06928962 -0.02280343 -0.01369888
v -0.05608899 -0.01623466 -0.00885403
v -0.04767777 -0.01288812 -0.00625953
v -0.02576921 -0.02243132 0.03861718
v -0.00341119 -0.02022070 -0.00937714
v 0.00336022 -0.01800288 -0.00288216
v 0.00610348 -0.01750918 -0.00527418
v 0.01366004 -0.02042250 0.01685449
v 0.01468499 -0.02039912 0.01255545
v 0.03541191 -0.01422087 -0.00947900
v 0.04464877 -0.01814388 0.00375947
v 0.03946599 -0.01913726 0.01188962
v 0.03505528 -0.01961519 0.01139597
v 0.04297555 -0.03136682 -0.01950230
v 0.04997337 -0.04430410 -0.02939788
v 0.05842467 -0.01130592 -0.00547069
v 0.06530616 -0.01221974 0.00088336
v 0.07124066 -0.00798179 0.00871230
v 0.07109249 -0.00011960 0.01985420
v 0.04808769 -0.00837211 0.02751751
v 0.05392156 -0.01031229 0.03830444
v 0.04039811 -0.03178282 0.04025257
v 0.03159956 -0.04112387 0.03767726
v 0.05303274 -0.05691464 -0.06418147
v 0.06328060 -0.06638358 -0.05908944
v 0.05744663 -0.06614065 -0.05475018
v 0.06264315 -0.06499250 -0.06655096
v 0.06246045 -0.00458384 0.03257792
v -0.07776111 0.00587182 0.00446862
v -0.10374972 -0.03672786 -0.02933796
v -0.08306156 -0.01784775 -0.00837552
v -0.09051041 -0.01789176 -0.01313105
v -0.08833198 -0.02669692 -0.01122445
v -0.09356400 -0.02313842 -0.01493829
v -0.07602539 0.01519974 0.02153123
v -0.06295434 0.02497465 0.03098897
v -0.06183855 0.01887262 0.03469592
v -0.06486379 0.01876241 0.03260851
v -0.02763164 -0.00118220 0.05255366
v -0.13199864 -0.04792885 -0.03184437
v -0.12117743 -0.06422424 -0.03234642
v -0.12315983 -0.06311177 -0.04115107
v -0.11134939 0.00137826 0.00939316
v -0.11930983 -0.00110470 0.00992514
v -0.07387739 0.01838599 0.02561966
v -0.05523305 -0.00309595 0.04055778
v -0.03549167 -0.01344501 0.05389824
v -0.03295294 -0.01656660 0.05780996
v -0.04825644 -0.01185883 0.03457669
v -0.03571151 -0.03207930 0.05742411
v -0.03719120 -0.02402540 0.04678502
v -0.03252008 -0.04623495 0.05603343
v -0.02321364 -0.05611752 0.05438275
v -0.01015289 -0.06422722 0.05566988
v -0.00181106 -0.06880031 0.05198305
v -0.00383909 -0.06652606 0.05903385
v -0.17243724 -0.00306064 0.00485465
v -0.18044226 -0.00520696 0.00835963
v -0.19070767 -0.01664115 -0.00249625
v -0.18815413 -0.01835004 -0.00369154
v -0.06344049 -0.00028227 -0.02600486
v -0.08395370 -0.00689358 -0.02688658
v -0.08896786 -0.00407090 -0.01958565
v -0.08638401 -0.00062143 -0.01826840
v -0.11065033 -0.03389044 -0.03671608
v -0.03806713 -0.00031112 -0.01182677
v -0.02201217 -0.01160550 -0.01285096
v -0.13455516 -0.04965602 -0.03931485
v 0.01308996 -0.00331811 -0.01591646
v 0.02773857 0.01496165 -0.02167158
v 0.01284404 -0.00732028 -0.01476802
v 0.00839994 -0.01327319 -0.01365867
v 0.04778440 -0.02872324 -0.04200716
v 0.00163438 0.01085015 0.03792874
v -0.00599762 -0.01508111 0.03223589
v -0.00368627 -0.01124880 0.03336919
v 0.02408108 -0.01556344 0.04461741
v 0.02746605 -0.01286845 0.04828262
v 0.04534593 -0.01087760 0.05193141
v 0.03679493 -0.01936096 0.05269169
v 0.02945414 -0.02787593 0.05241402
v 0.02064745 -0.03656026 0.04146044
v 0.04568028 -0.01382254 -0.03515689
v 0.05688507 -0.02469855 -0.03914124
v 0.06052871 -0.02824130 -0.03535137
v 0.05938702 -0.03156469 -0.02757238
v 0.05686673 -0.01922261 -0.02329795
v 0.06456026 0.00498675 -0.02507219
v 0.07219202 -0.05955901 -0.04856548
v 0.07438171 -0.05938537 -0.05672093
v 0.07723989 -0.06293183 -0.05684795
v 0.07727574 -0.06252377 -0.05466892
v 0.09739749 0.01917524 -0.02906470
v 0.09466057 0.04837721 -0.06502933
v 0.09420248 0.06061048 -0.04345490
v 0.07826817 0.02581019 -0.04797402
v 0.07139960 0.01756660 -0.03694221
v 0.08162822 0.01330104 -0.03606739
v 0.08236907 0.01310154 0.01222570
v 0.07204936 0.00764407 0.03471466
v 0.02040028 -0.06060009 0.03441034
v 0.02212653 -0.05786001 0.03288613
v 0.02388395 -0.05926115 0.02981084
v 0.04022730 -0.06095689 0.03290369
v -0.04492088 0.00993334 -0.01792807
v -0.05952366 0.00682276 -0.02370106
v -0.03509632 0.00781945 -0.01482703
v -0.03713891 0.01133290 -0.01557287
v -0.03287633 0.03171889 -0.00841292
v -0.07081124 0.01736712 -0.01840016
v -0.03573549 0.03443049 -0.00426622
v -0.05867092 0.03544648 -0.00277649
v -0.05486015 0.03756111 0.00170261
v -0.05005581 0.03945944 0.00468266
v -0.05212604 0.04013179 0.00994839
v -0.06132780 0.03693522 0.00314042
v -0.04688340 0.03900666 0.01737873
v -0.05170285 0.03688457 0.02100737
v -0.04209869 0.02995364 0.03471799
v -0.01392254 -0.00211434 0.05204111
v -0.10718110 0.01181185 0.00648108
v -0.14781387 0.00701206 0.01324890
v 0.02840109 0.00995993 -0.02111286
v 0.01522262 0.04002220 -0.00315393
v 0.00798578 0.00484038 -0.01755662
v -0.00581706 0.01323892 -0.01773391
v 0.02171463 0.04295084 0.00885070
v 0.01763643 0.04246518 0.01406358
v -0.01718559 0.03927044 0.00271639
v -0.02468810 0.03776228 0.02328654
v 0.04438220 0.04875044 -0.00486913
v 0.04212119 0.04653049 -0.01215294
v 0.05923782 0.03245854 -0.03381293
v 0.06045617 0.04827062 -0.03922446
v 0.06683705 0.05969375 -0.02948366
v 0.06311598 0.05850390 -0.03226929
v 0.06664909 0.05960826 -0.04174252
v 0.06877248 0.05575747 -0.00843509
v 0.07699510 0.06186830 -0.02138658
v 0.07225602 0.06355780 -0.02934963
v 0.07843638 0.06103792 -0.01935278
v 0.06693237 0.04381602 0.01036489
v 0.04650446 0.02984212 0.03270419
v 0.02593153 0.02614125 0.03560638
v 0.02461411 0.02362398 0.03684098
v 0.02836636 0.01740737 0.03807792
v 0.04650394 -0.00196255 0.05088908
v 0.06890848 0.04447561 -0.05548967
v 0.08426989 0.05813228 -0.06025135
v 0.08115608 0.05605587 -0.06844484
v 0.08887573 0.06477199 -0.03518888
v 0.07942565 0.05766762 -0.01530087
v 0.08682826 0.06025882 -0.02351538
v 0.07490318 0.03544047 0.01288425
v 0.07304517 0.04023646 0.00689136
v 0.07643880 0.04580849 -0.00146466
v 0.09824833 0.05262554 -0.02039500
v -0.01570636 -0.01459934 0.05604790
v -0.02147392 -0.04192056 0.06279352
v -0.02370814 -0.04529069 0.06407684
v 0.06905606 0.03865603 0.01758888
v 0.07052761 0.03553392 0.02069504
v -0.17051908 0.00134365 0.00379211
v -0.17367734 0.00614274 0.00562261
v -0.05103334 -0.01640379 0.00928733
v -0.04555035 -0.01748371 0.02189670
v -0.01568675 -0.01852985 -0.00829850
v 0.01806109 -0.01618069 0.02624904
v 0.02830859 -0.01830020 0.00490117
v 0.01759630 -0.01953815 0.01444667
v 0.03309304 -0.01938802 0.01094601
v 0.04717763 -0.01845791 0.00819278
v 0.04929905 -0.01412367 -0.00765581
v 0.04442666 -0.04060766 -0.03162820
v 0.06434758 -0.01184517 -0.00120326
v 0.07809007 -0.00001591 0.01151135
v 0.05094372 -0.01693691 0.01601186
v 0.04421955 -0.02408002 0.03947810
v 0.04170233 -0.03265378 0.04568642
v -0.01946594 -0.02241457 0.04113376
v -0.02880351 -0.03764907 0.05028616
v 0.06046040 -0.06660277 -0.05009614
v 0.05557982 -0.06398942 -0.04250326
v 0.05160479 -0.05888816 -0.06349519
v 0.05452078 -0.05976340 -0.06729367
v -0.07296956 -0.01172656 0.00278593
v -0.08173211 -0.01492758 -0.00481688
v -0.08098035 -0.01760862 -0.00435382
v -0.08795971 -0.02238579 -0.00846809
v -0.10603029 -0.02216989 -0.02007869
v -0.11093369 -0.02426365 -0.02350589
v -0.07773422 0.01145433 0.00282337
v -0.07448789 0.00878605 0.01786870
v -0.07458167 -0.00199951 0.01579373
v -0.06536379 -0.01167401 0.00745442
v -0.05026999 -0.01631030 0.01908374
v -0.06076910 0.02657098 0.03153788
v -0.06218290 0.01487353 0.03516481
v -0.07404135 0.02162316 0.02322975
v -0.08513283 0.01223042 0.01401131
v -0.08211436 0.01483164 0.01586432
v -0.07065373 0.01747609 0.02860332
v -0.05966443 0.00616554 0.03799214
v -0.05808852 0.00107037 0.03943130
v -0.12944463 -0.04805536 -0.03088324
v -0.13236901 -0.05903671 -0.03594774
v -0.09622478 0.01613090 0.01513464
v -0.11576644 0.00614519 0.01423256
v -0.12846102 0.00480308 0.00648844
v -0.14643152 -0.00010738 0.01196376
v -0.15166628 0.00331105 0.01333385
v -0.05145374 -0.00599652 0.04127760
v -0.05050986 -0.01348507 0.02628038
v -0.03781690 -0.01984428 0.04384588
v -0.03513676 -0.02443089 0.05834006
v -0.03254567 -0.03072116 0.06012384
v -0.02849664 -0.03854448 0.06393818
v -0.03613156 -0.03709395 0.06128373
v -0.03253891 -0.03680932 0.06274784
v -0.03774060 -0.03916132 0.05454261
v -0.03886461 -0.03934203 0.05658647
v -0.03020222 -0.05061556 0.05822999
v -0.00579793 -0.06665823 0.05174370
v -0.00646933 -0.06422125 0.05544753
v -0.17574449 -0.00471757 0.00707676
v -0.18530823 -0.00617891 0.00512344
v -0.19012856 -0.01123966 -0.00005851
v -0.19200474 -0.01610947 -0.00438328
v -0.19009699 -0.01783406 -0.00435001
v -0.18844698 -0.01576054 -0.00748859
v -0.08542881 -0.02467168 -0.03205904
v -0.07323155 -0.02686179 -0.02608763
v -0.05796301 -0.01727020 -0.01667439
v -0.10051664 -0.03073138 -0.03408199
v -0.11386187 -0.03515147 -0.03789936
v -0.04174991 -0.00385749 -0.01141334
v -0.01872049 -0.00321743 -0.01473007
v -0.00881914 -0.00569989 -0.01570838
v -0.00997072 -0.00004999 -0.01695522
v -0.02830938 0.00122037 -0.01430177
v -0.13006260 -0.04427186 -0.03959895
v -0.12288667 -0.05188876 -0.04288617
v -0.12053587 -0.05165599 -0.04014891
v -0.11656484 -0.05514168 -0.03332398
v -0.11502505 -0.06370956 -0.04112770
v -0.11843074 -0.06369285 -0.04446053
v 0.03824239 -0.00391599 -0.03024387
v 0.04315995 -0.02715527 -0.03770547
v 0.04454704 -0.03703566 -0.03610234
v 0.04979991 -0.03897551 -0.04471402
v 0.05323823 -0.05105784 -0.05239246
v -0.00262567 0.01184736 0.03770971
v 0.01033880 0.01516587 0.03860816
v 0.03300266 0.01470001 0.03766192
v 0.02922039 0.01217849 0.03820493
v 0.04868284 -0.00898584 0.05117537
v 0.05358992 -0.00723927 0.04860424
v 0.04179087 -0.02025259 0.05245668
v 0.03315460 -0.03485381 0.05142729
v 0.03938275 0.00263912 0.05011528
v 0.02659643 -0.03523631 0.05057397
v 0.01869511 -0.05274012 0.04470247
v 0.01997131 -0.06217768 0.04453089
v 0.05263933 -0.02524768 -0.04116814
v 0.06240620 -0.03946999 -0.04609459
v 0.06060228 -0.03146954 -0.02946323
v 0.05928490 -0.02788367 -0.02777191
v 0.04701473 -0.00673354 -0.03257733
v 0.05508156 -0.00619629 -0.03157289
v 0.06242239 0.00191921 -0.02490564
v 0.06433197 0.00063816 -0.02166975
v 0.05358400 0.02133941 -0.02656112
v 0.06642005 -0.04455301 -0.04111816
v 0.06873979 -0.05318814 -0.04723590
v 0.07512011 -0.06262660 -0.05131977
v 0.09444337 0.01247907 -0.05346118
v 0.09724570 0.00820709 -0.05080319
v 0.10162085 0.05526493 -0.03126782
v 0.09533231 0.06464512 -0.03358532
v 0.09778252 0.05745356 -0.02726451
v 0.06084377 0.03886140 -0.04187397
v 0.06264312 0.02465506 -0.03663203
v 0.07081915 0.02465272 -0.04321054
v 0.08263946 0.01552661 -0.04864578
v 0.08058345 0.01067423 -0.02580812
v 0.08589374 0.01293385 -0.02382853
v 0.07811714 0.03689344 -0.05340160
v 0.08076473 0.03084793 -0.04742466
v 0.08695887 0.03842542 -0.04895893
v 0.07722908 0.00140865 -0.01551865
v 0.07811455 0.01118278 0.01889956
v 0.08905489 0.01927772 -0.00710002
v 0.09014751 0.03303492 -0.00516367
v 0.07551704 0.03546483 0.00946578
v 0.07893738 0.02921640 0.01130913
v 0.07248032 0.00589827 0.02389492
v 0.02727220 -0.05921564 0.02524832
v 0.03268928 -0.06392256 0.03903563
v 0.03545090 -0.06551006 0.05075090
v 0.04087524 -0.06062735 0.04315559
v -0.08933073 0.02614056 0.00700721
v -0.15877171 0.00954831 0.00890926
v -0.02482012 0.04126413 0.00833629
v 0.00420155 0.00851710 -0.01770847
v -0.01674455 -0.01903163 0.04281188
v 0.04666182 0.04805979 -0.00251975
v 0.04214483 0.04886068 -0.00552148
v 0.06066351 0.04773680 -0.04326786
v 0.07263989 0.06225662 -0.02318258
v 0.08615531 0.03305329 -0.00046120
v 0.07126289 0.05469018 -0.05587706
v 0.07578004 0.05239367 -0.06520268
v 0.06700390 0.01603534 0.03697215
v -0.01127142 -0.05394624 0.05626683
v -0.18464999 -0.00884726 -0.00641827
v -0.08132242 -0.03009892 -0.02877857
v -0.03211078 -0.01394171 -0.00680557
v -0.03834967 -0.01987390 0.02078759
v 0.01218951 -0.01781506 -0.00957233
v 0.04835796 -0.01825482 0.04082124
v 0.05879251 -0.00691208 0.03615595
v 0.06562379 -0.05604053 -0.03644329
v -0.07862156 0.00476540 0.00765432
v -0.07867187 0.00984178 0.00657109
v -0.08566784 -0.01637673 -0.01010397
v -0.07123184 -0.00496208 0.02161294
v -0.06063381 -0.01381417 0.01688429
v -0.04193838 -0.00098517 0.04637058
v -0.13005508 -0.06310937 -0.04378372
v -0.08262854 0.00182557 -0.00814671
v -0.09210394 0.01169983 0.01602753
v -0.11066499 0.00426154 0.01503235
v -0.11764675 0.00300463 0.01397936
v -0.16338158 0.00654697 0.01145829
v -0.16055991 0.00086779 0.00778796
v -0.03193532 -0.03392892 0.06202713
v -0.00877907 -0.06385794 0.05266487
v -0.09220825 -0.01222119 -0.03027959
v -0.01926899 -0.00120981 -0.01539014
v -0.12353213 -0.02599900 -0.03028310
v -0.12413052 -0.02923308 -0.03139999
v -0.11318037 -0.05718608 -0.03481130
v 0.00129749 -0.00567330 0.03578993
v 0.01152178 -0.01112533 0.03277412
v 0.02287410 -0.01614298 0.03433935
v 0.04414272 -0.00296144 0.05124847
v 0.04118450 -0.00807193 0.05201355
v 0.04169940 -0.02850541 0.05002910
v 0.03247286 -0.02008960 0.05271195
v 0.05719860 -0.02008318 -0.03682545
v 0.06063176 -0.03361105 -0.04226643
v 0.06437515 -0.03983462 -0.04098892
v 0.05315972 0.00041141 -0.03373785
v 0.07383869 -0.05763690 -0.05322209
v 0.09967737 0.01906414 -0.02300233
v 0.10178333 0.04954238 -0.04079490
v 0.09107733 0.05434540 -0.06247068
v 0.09195109 0.03977033 -0.05191162
v 0.08485557 0.04288995 -0.05968426
v 0.08672851 0.01070551 -0.05369145
v 0.09729917 0.00833181 -0.04351537
v 0.09223057 0.00925315 -0.04161781
v -0.05045918 0.00137495 -0.01814643
v -0.05120295 0.02617162 -0.01708700
v -0.03227780 0.03338864 -0.00524163
v -0.05091984 0.03452360 -0.00685204
v -0.08189696 0.03041619 0.00738711
v -0.03045934 0.03897414 0.01931989
v -0.02207710 0.00422519 0.05076747
v -0.02068324 -0.00425332 0.05441111
v -0.10082758 0.01626519 0.00646828
v -0.14286332 0.01030711 0.00889759
v -0.00136406 0.00161604 -0.01774775
v 0.00511441 0.02295761 -0.01809404
v 0.00834396 0.02092528 -0.01948728
v -0.01465150 0.01894093 0.03562634
v 0.03273243 0.04491805 -0.00486250
v 0.05308484 0.04555006 0.00779639
v 0.04093966 0.03892246 0.02122601
v 0.03371930 0.03900622 -0.01326065
v 0.05456836 0.04674710 -0.02306147
v 0.05771386 0.03490376 -0.02982417
v 0.06136320 0.04871263 -0.03776910
v 0.05831410 0.04959989 -0.00052492
v 0.07168397 0.03997218 0.01070876
v 0.05017720 0.03518670 0.02656783
v 0.04344210 0.00443773 0.04899747
v 0.07321101 0.04937130 -0.06096001
v 0.07746951 0.05667130 -0.06003701
v 0.07388049 0.06365484 -0.04241949
v 0.08044359 0.06582002 -0.04151517
v 0.09209358 0.04632559 -0.01257666
v 0.07694209 0.03890909 0.00486565
v 0.09725204 0.05526790 -0.02329329
v -0.01540239 -0.01637993 0.04379977
v -0.02181091 -0.02581841 0.06091605
v -0.02022819 -0.03609136 0.05379415
v 0.06960411 0.01357171 0.03534396
v -0.00922033 -0.05618544 0.05164119
v -0.18394348 0.00004815 0.00181796
v -0.08160219 -0.03227367 -0.02467520
v -0.07427264 -0.02905761 -0.02403597
v -0.06448577 -0.01855011 -0.00668251
v -0.05401845 -0.01472924 -0.00539808
v -0.05397750 -0.01529252 0.00372573
v -0.03583728 -0.02023104 0.01761202
v -0.00070614 -0.02029062 0.02084608
v -0.00358860 -0.02127499 0.01697906
v 0.00391397 -0.02241014 0.03171613
v 0.01830290 -0.01972566 0.02952892
v 0.03613091 -0.01818006 0.00277739
v 0.03529943 -0.01944139 0.00822394
v 0.03418876 -0.01148559 0.02963829
v 0.05766355 -0.00708150 -0.01691983
v 0.07027383 -0.01039249 0.00400201
v 0.05166500 -0.01859012 0.00889205
v 0.05743298 -0.01383639 0.01793707
v 0.03052576 -0.02814735 0.03814157
v 0.02388718 -0.01820244 0.03815354
v 0.05858354 -0.00676195 0.03912474
v 0.05419188 -0.05565540 -0.03977105
v 0.07111254 -0.06646528 -0.05199501
v -0.07536546 -0.00698802 0.00421342
v -0.09184659 -0.01446495 -0.01444342
v -0.07907771 0.01363641 0.01607608
v -0.05457975 0.02697084 0.03519385
v -0.06646641 0.01557022 0.03213991
v -0.12626618 -0.04374419 -0.03054917
v -0.13410573 0.00382413 0.00685618
v -0.02788869 -0.02882942 0.06096082
v -0.02178578 -0.06346857 0.06289465
v -0.02267274 -0.06370734 0.05795310
v -0.07409346 -0.02262478 -0.02944037
v -0.04756064 0.00550576 -0.01772285
v -0.03547476 0.00222754 -0.01300217
v -0.02691604 -0.01272737 -0.01297761
v -0.11762324 -0.04419328 -0.03736767
v -0.11490166 -0.03923648 -0.03705924
v -0.11332677 -0.06446452 -0.03667013
v 0.02414093 -0.00699648 -0.01843989
v 0.04786769 -0.02553747 -0.04149467
v -0.00282130 0.01536393 0.03775499
v 0.00186076 0.00720293 0.03809097
v 0.02801828 -0.04240242 0.05139880
v 0.02914551 0.00850306 0.03854898
v 0.02631396 -0.01672381 0.04890442
v 0.03126692 -0.05176083 0.03752090
v 0.03881226 -0.06615806 0.05061560
v 0.04065670 -0.05830844 0.03333367
v 0.06044013 0.00874801 -0.02891379
v 0.06643693 -0.05612584 -0.04066397
v 0.10281135 0.02876395 -0.02604141
v 0.09812377 0.02381714 -0.03842624
v 0.06366152 0.01561844 -0.02896191
v 0.09528089 0.01870076 -0.01999371
v 0.08043538 0.03633017 -0.04997673
v 0.08934265 0.04304538 -0.05947961
v 0.07743980 0.04081154 -0.06117989
v 0.07451919 0.00353669 -0.01910841
v 0.03156719 -0.05829190 0.02533376
v 0.03860920 -0.05960815 0.02925342
v 0.01842591 0.04274769 0.00670605
v 0.07266101 0.04173823 -0.06142579
v -0.03403034 -0.01988595 0.02211170
v 0.02775493 -0.01298428 -0.01667688
v -0.04799964 0.01502574 0.04364542
v 0.01964110 0.00460198 -0.01802085
v 0.05459683 0.02506666 -0.02664585
v -0.01300418 -0.00558635 0.05207494
v 0.04902399 0.04786382 -0.01347486
v 0.00055769 -0.06537324 0.05549268
v 0.00720965 -0.01957109 0.02141344
v 0.05684700 -0.00918062 -0.00890279
v 0.07258034 0.00005426 0.01697242
v 0.06633846 -0.06648055 -0.04879933
v -0.04246613 -0.00597914 0.04703974
v -0.10596234 0.00488906 0.01547965
v 0.06995741 -0.05559833 -0.04686771
v -0.06285578 0.03517597 0.01263329
v -0.07983069 0.02487823 -0.00403130
v 0.00179372 0.01586466 -0.01851789
v 0.04150737 0.04137744 0.01716232
v 0.05622486 0.03921555 -0.02823069
v 0.05828683 0.05271143 -0.00817195
v 0.06946719 0.06106727 -0.04231130
v 0.09138227 0.06298075 -0.02894750
v -0.01923272 -0.04881687 0.05466098
v 0.06397551 0.01671370 0.03904857
v -0.01213794 -0.01342457 0.03801423
v 0.01463786 -0.01616519 -0.00331298
v 0.06610561 -0.00668864 0.01886238
v -0.06108948 -0.01262986 0.01104493
v -0.05321048 0.02416527 0.03740057
v -0.12718865 -0.05670433 -0.03206363
v -0.08555043 0.01764925 0.01617830
v -0.02630621 -0.04984995 0.06336450
v -0.17738186 0.00327945 0.00793860
v -0.08402562 0.00758845 -0.00961833
v 0.00987266 -0.01693109 -0.01235009
v 0.00182405 -0.01835470 0.03116240
v 0.03501159 -0.00617730 0.05047919
v 0.04732057 -0.00064684 -0.03300592
v 0.05804782 0.01273013 -0.02909427
v 0.07020142 -0.05741120 -0.05867635
v 0.09341881 0.05262550 -0.05876249
v 0.10600330 0.04333142 -0.02799732
v 0.08543297 0.01171949 -0.01116572
v 0.02344250 -0.04069710 0.03627088
v -0.04901997 0.01398238 -0.01944269
v -0.04543946 0.02998784 -0.01311324
v -0.08323413 0.02359319 0.01489826
v -0.07067504 0.03103958 -0.00500821
v -0.14351848 0.00823071 0.00705422
v -0.03565979 0.02478247 0.03909199
v -0.00290134 0.01114596 -0.01800199
v 0.03857277 0.04146992 0.01019752
v 0.03517933 0.02621922 -0.02335711
v 0.04439090 0.00906482 0.04680865
v 0.05945639 0.01692769 0.04027227
v 0.08063432 0.06362060 -0.05009888
v 0.08409831 0.06553449 -0.04623893
v 0.08097023 0.04313704 -0.00251142
v 0.08340216 0.06204703 -0.02279983
v -0.01825473 -0.03376031 0.05560818
v -0.01559890 -0.02057136 0.04611995
v -0.01743094 -0.03463890 0.05895800
v -0.08710819 -0.03310859 -0.02646640
v -0.03706608 -0.01724663 0.03109372
v -0.02105228 -0.01785439 0.03499441
v 0.02026720 -0.01806119 0.02177705
v 0.05204035 -0.04740398 -0.04684050
v 0.04421892 -0.01582120 0.02157488
v 0.03748917 -0.01341857 0.03191016
v 0.04741355 -0.02170227 0.04167815
v 0.05528805 -0.05187773 -0.03291114
v 0.05166502 -0.05351818 -0.03727736
v 0.05714798 -0.05619272 -0.03827078
v 0.02341790 -0.01861607 0.00258937
v -0.06528755 0.00005039 0.02744769
v -0.05234368 -0.01764846 0.01560929
v -0.06136512 0.02253294 0.03402746
v -0.08160133 0.01270793 0.01458254
v -0.03725752 0.01507578 0.04630567
v -0.12567733 -0.06308549 -0.03765118
v -0.10343546 0.01590860 0.01313834
v -0.01028511 -0.06173388 0.06920501
v -0.01794832 -0.06580336 0.06407329
v -0.02246993 -0.06272037 0.05576011
v -0.17302485 -0.00845491 0.00415815
v -0.04982782 -0.01281081 -0.01113358
v -0.08398183 -0.00074557 -0.02087408
v -0.03918872 -0.01178010 -0.01256444
v -0.02339487 -0.00623466 -0.01266436
v 0.00689195 -0.01649061 -0.01327816
v 0.00549710 0.01788089 0.03767795
v 0.01885417 0.01577126 0.03933755
v 0.03858871 0.00004138 0.05050268
v 0.03394737 -0.04586614 0.04816704
v 0.05759743 -0.01791827 -0.03475170
v 0.06801301 -0.05470679 -0.05678542
v 0.10285964 0.04296680 -0.03643909
v 0.06679757 0.01252585 -0.02760407
v 0.08295436 0.03444279 -0.04679297
v 0.09706204 0.01135093 -0.03977966
v 0.08240324 0.00261658 -0.00028535
v 0.08764390 0.02417476 -0.00074096
v 0.08209588 0.02857193 0.00516690
v 0.02133964 0.01588380 0.03914533
v 0.04964744 0.00344168 0.04809240
v -0.02233037 -0.03314393 0.04927076
v 0.06246839 -0.01356708 0.01185190
v 0.04661212 -0.01977627 0.03918452
v -0.03620000 -0.00782301 0.05197013
v -0.10742754 0.00658751 0.01539645
v -0.16254915 -0.00019241 0.00793044
v -0.01338479 -0.00330026 -0.01581120
v -0.01513871 0.04175539 0.01485588
v -0.03292725 0.03865459 0.00371480
v -0.08384790 0.02883650 0.01170676
v -0.02313604 0.01380713 0.04686879
v -0.16392626 0.00747235 0.00574479
v -0.00358691 0.04043389 0.02173144
v -0.00078281 0.03336215 0.03129202
v 0.06408726 0.04131880 0.01755065
v 0.10274921 0.04645094 -0.02155590
v -0.03636728 -0.01334848 -0.00523557
v 0.01128582 -0.01841947 0.02389004
v 0.04323072 -0.03486690 -0.02117073
v 0.05133245 -0.01297100 -0.01428927
v -0.02699132 -0.03014629 0.04540396
v 0.05526920 -0.06554785 -0.05991940
v -0.05106671 0.00128776 0.04344688
v -0.18857190 -0.01724054 -0.00160738
v -0.12461445 -0.03478984 -0.03603273
v 0.04150174 0.01527186 0.04270843
v 0.09876612 0.01429426 -0.04533453
v 0.09507453 0.03810766 -0.05158152
v 0.02835951 -0.05214781 0.03176964
v -0.15833700 0.00874442 0.00675590
v 0.01021761 0.04159885 0.01795267
v 0.07275865 0.05045510 -0.05981839
v 0.07356940 0.04149303 -0.06623847
v -0.01417756 -0.05122931 0.05592111
v -0.17594564 -0.00138055 0.00138708
v -0.17789751 -0.00406164 0.00000688
v -0.08443531 -0.03192852 -0.01982179
v 0.04755364 -0.04030370 -0.02578457
v 0.05377709 -0.05423559 -0.03711549
v 0.06256181 -0.06458593 -0.03996101
v -0.11992116 -0.03718694 -0.02593891
v -0.09287114 -0.03313737 -0.01994700
v -0.11474116 0.00085468 0.01424246
v -0.12134708 -0.00068283 0.00813702
v -0.03776843 -0.02654306 0.05241011
v -0.05271725 -0.00565364 -0.01812712
v 0.04407567 -0.00021814 0.05096466
v 0.05297654 -0.02166854 -0.03904090
v 0.10202109 0.02733400 -0.01716816
v 0.06854767 0.02361965 -0.04042875
v 0.07249828 0.00703555 -0.02426232
v 0.08174651 0.00599778 0.00915532
v 0.09422831 0.03263250 -0.00980878
v 0.05248440 0.03965664 -0.02430154
v -0.12055102 -0.05867068 -0.04915621
v 0.00109857 -0.06683020 0.06037753
v -0.01639628 -0.00624419 -0.01403478
v 0.03221752 0.01023652 0.03763569
v 0.05615831 -0.00277484 -0.03197393
v -0.01429828 0.00973466 0.04265597
v 0.06157054 0.05578804 -0.01419683
v 0.02018943 0.02820151 0.03499730
v -0.01581336 -0.04962609 0.05514522
v -0.05964088 0.03579781 0.01530171
v 0.02493056 0.02318663 -0.02004344
v 0.07340744 0.05465153 -0.05699240
v 0.07915017 0.06422333 -0.04820889
v 0.07291997 0.03762986 0.01408590
v -0.00693136 -0.05894615 0.06826045
v -0.02948104 -0.01538476 -0.00123342
v -0.07481574 -0.01536408 -0.00088486
v -0.02027083 -0.06368339 0.05600880
v 0.04555259 -0.03154052 -0.03960702
v 0.04457765 -0.02238708 0.05074010
v 0.03182580 -0.05217029 0.04729409
v 0.02292430 -0.02584187 0.04750212
v 0.10450848 0.04089168 -0.02048860
v 0.08440664 0.03692267 -0.04781258
v 0.07657831 0.00822508 0.01944453
v 0.09817193 0.02400367 -0.01485355
v -0.05398491 0.03544193 -0.00461980
v 0.01756381 0.03207223 -0.01378475
v 0.02964982 0.04195791 0.01090982
v 0.01652503 0.04019326 0.02092694
v 0.04362633 0.04094202 0.02009659
v 0.04130574 0.02529996 -0.02536571
v 0.05979502 0.05308932 -0.02273102
v 0.07147785 0.06186590 -0.02055516
v 0.02021681 -0.01548706 0.02525479
v 0.03488826 -0.02234255 -0.01737483
v 0.05495558 -0.04830362 -0.03058330
v 0.06407080 -0.00293209 0.02985790
v -0.12072758 -0.03118657 -0.02491952
v -0.06831677 0.00263872 0.02525691
v -0.05743408 -0.01390488 0.01059235
v -0.03808155 0.00080320 0.04791871
v -0.03060533 -0.00233688 0.05230137
v -0.09266440 0.01429299 0.01614274
v -0.12420156 0.00213261 0.00611094
v -0.00699106 -0.06477341 0.05052935
v -0.07078502 -0.00457527 -0.02756209
v -0.00201042 -0.00887939 -0.01567899
v 0.03383439 -0.02120084 0.05296521
v 0.05277467 -0.00823680 -0.03310906
v 0.02004326 -0.05103611 0.03415029
v -0.07733216 -0.02833593 -0.02824255
v -0.02413658 -0.01646058 0.02885479
v -0.01891203 -0.02182694 0.01313160
v 0.00990118 -0.02139118 0.01269504
v 0.07359524 -0.00821787 0.00211458
v -0.08531495 0.01258851 0.01170552
v -0.10380585 -0.01596610 -0.02772030
v 0.01671620 0.04328144 0.00899220
v 0.08291660 0.00964090 0.00894294
v 0.03090870 -0.06032700 0.02624697
v 0.02843969 -0.06251357 0.04832773
v 0.07153761 -0.05668792 -0.05406612
v 0.04733369 -0.04342842 -0.03111327
v 0.01909373 -0.06226657 0.04255892
v -0.08547758 0.02811301 0.00616877
v -0.01371145 0.00946663 0.04509049
v 0.03531085 0.04648058 -0.00154625
v 0.03789270 0.04187071 -0.01468385
v 0.07077022 0.04899638 -0.05663686
v 0.02472770 -0.01781664 0.02173063
v 0.06127014 -0.05583432 -0.03689705
v -0.03308048 0.00862677 0.04888355
v -0.03531452 -0.00458086 0.05100191
v -0.04789758 -0.00445104 0.04365477
v -0.11097879 -0.02959309 -0.03708754
v -0.08257919 0.00671384 -0.01491201
v 0.03450024 -0.06095128 0.04985496
v 0.09058601 0.01116587 -0.05375569
v 0.04041796 -0.06529571 0.03981366
v -0.06738318 0.02955388 -0.01190765
v -0.11550215 0.01193610 0.01019266
v -0.15655449 0.00544777 0.00666032
v 0.05393985 0.04317730 0.01909843
v -0.01024223 0.02879697 0.03353816
v 0.04620681 -0.01902388 -0.01566151
v -0.05855904 -0.00585893 0.02998902
v -0.18267138 0.00090425 0.00401550
v -0.00914920 0.02014928 0.03604002
v 0.10293777 0.04840070 -0.03561855
v 0.07259630 0.00593605 0.03366112
v -0.03038521 0.02623035 -0.01131544
v 0.01290172 0.04375245 0.00865544
v -0.02393150 -0.06190225 0.05637836
v 0.08842095 0.03861942 -0.00613619
v -0.01638483 0.04283940 0.01222654
v -0.00435121 0.03614022 0.02844863
v -0.03836045 -0.01753237 0.03533525
v 0.05116291 -0.05196216 -0.03350542
v 0.05585294 -0.05840267 -0.04096205
v -0.09511438 -0.01767808 -0.01514006
v -0.01688313 -0.06275698 0.05332043
v 0.10284166 0.03307419 -0.02102670
v -0.12107260 0.00717241 0.01296757
v -0.15322225 0.00396470 0.00753657
v -0.00222990 0.04209330 0.01820897
v 0.06329583 0.05205412 -0.03403272
v -0.17429039 0.00556855 0.00789748
v 0.04544909 -0.01644326 -0.01442437
v -0.07699452 0.00130627 0.01420199
v -0.02228469 -0.05857561 0.06435041
v -0.09578179 -0.02886582 -0.03364824
v -0.07657338 0.00701323 -0.01884836
v -0.12480497 -0.04366391 -0.04076278
v 0.02991110 -0.00036143 -0.02143129
v 0.01870309 -0.04979315 0.04578884
v 0.09812406 0.06218340 -0.03059390
v 0.08823597 0.03139252 -0.00279543
v 0.06780432 0.00344670 0.03820357
v 0.04341191 -0.06473487 0.04195518
v 0.06152496 -0.04416155 -0.03257752
v 0.03570348 -0.01577397 -0.01163312
v -0.07646196 -0.01306074 0.00044733
v 0.00898430 -0.00840010 0.03445266
v 0.00618145 0.01120476 -0.01843388
v -0.00366691 0.03137153 -0.01174579
v 0.01175874 0.02315175 0.03690917
v -0.00138315 -0.06179539 0.05362174
v 0.03261102 -0.01530026 -0.01170288
v 0.06855597 -0.00162354 0.02222125
v -0.02205691 -0.02092295 0.03829778
v -0.04877201 0.02168526 0.04034120
v -0.01046796 -0.05807858 0.06779286
v -0.07450280 -0.01899155 -0.03037507
v -0.07908919 -0.00513941 -0.02660313
v -0.08395645 0.01115756 -0.00749856
v 0.03549818 -0.01737314 0.05233891
v -0.12272271 0.00734420 0.00680131
v -0.02928470 -0.01592633 0.05909906
v -0.02830225 0.03544641 0.02827336
v -0.01242882 0.03166862 0.03155349
v 0.02773810 0.03905590 -0.00947217
v 0.06489161 0.06010713 -0.04058645
v -0.17095482 0.00708492 0.00728533
v 0.07404186 -0.00791533 0.00800691
v 0.06578898 -0.00274057 0.03284203
v -0.04037337 -0.01745988 0.03978052
v -0.19061294 -0.00841133 -0.00103064
v -0.07600167 0.01020401 -0.01784484
v 0.07027364 0.00545914 -0.02264428
v 0.07918657 0.02688719 0.01574285
v -0.01901599 -0.06013583 0.05294283
v -0.05370962 -0.01107262 0.02689691
v 0.00772185 -0.00457653 0.03634259
v 0.08580357 0.04952206 -0.07485784
v -0.11633214 -0.03325304 -0.02332681
v 0.08153028 0.00904930 -0.02199308
v -0.08489990 -0.02100516 -0.03230597
v 0.08365283 0.01374558 0.00839915
v 0.09207596 0.02646985 -0.01016262
v -0.01119501 0.02010948 -0.01592029
v 0.05900332 0.04213721 -0.03764746
v 0.06015404 0.04933756 -0.04243954
v -0.03593467 0.00416441 0.04864056
v 0.05122740 -0.00223031 -0.03348153
v 0.08118531 0.00307059 -0.01198884
v 0.03812411 0.03765144 0.02335484
v 0.06494404 0.05807846 -0.03104674
v 0.07052269 0.05965270 -0.04944059
v -0.02943668 -0.01743113 0.03055438
v 0.07065476 0.00171374 0.02215406
v -0.05811478 -0.00876303 -0.02230462
v 0.10046534 0.04545499 -0.04871709
v 0.09304284 0.06072283 -0.05104797
v -0.02366749 -0.05007091 0.05407171
v 0.06277056 0.05248472 -0.03083237
v -0.10050917 0.01948500 0.00978592
v -0.16601041 0.00451104 0.01177833
v -0.00880758 -0.02084460 0.00598439
v -0.00912357 -0.02122789 0.01686134
v -0.01388598 -0.02178395 0.01130290
v -0.03734732 0.03808237 0.00256706
v 0.02268300 0.04190658 0.01361828
v -0.01378191 -0.02177477 0.01022438
v -0.11103708 0.00758998 0.01467585
v -0.02815999 -0.02111129 0.01156351
v 0.02610617 -0.01443125 -0.00543996
v -0.00776531 -0.01977101 0.00357973
v -0.04425150 0.03843173 0.01972759
v 0.00157065 -0.00993357 0.03400446
v 0.00727252 0.04187470 0.00259252
v -0.15614955 0.00328445 0.01293741
v 0.00167245 0.02681318 -0.01562183
v -0.02385425 -0.01537928 -0.00557618
v -0.09923568 0.01765362 0.01359001
v 0.02661642 -0.01525954 -0.00398395
v 0.00730863 0.03718570 -0.00747067
v -0.01912599 -0.02115597 0.01698365
v 0.00691518 -0.02054772 0.00324604
v -0.04910035 0.02332112 0.03905386
v -0.03511244 0.04167557 0.00866382
v 0.04985560 0.02352239 -0.02558557
v 0.08043507 0.02457060 0.01220273
v 0.00788992 0.03816898 -0.00579005
v -0.03715786 0.04021471 0.00588844
v -0.03723470 0.03928936 0.00445974
v -0.00453656 -0.02177936 0.00845904
v 0.01037278 -0.02144262 0.00870335
v -0.00146620 -0.00449293 0.03612393
v -0.06749586 0.00376027 0.02810910
v -0.01032511 0.02364503 0.03535606
v -0.03744338 -0.01666816 0.02841227
v -0.02540404 0.03375802 -0.00298295
v -0.00668578 0.00553855 -0.01724841
v -0.02307524 0.03292773 0.02941594
v -0.01452078 -0.02174686 0.01331453
v -0.00487678 0.01954730 0.03680420
v 0.00712654 0.03942013 0.02363813
v -0.14207068 0.00769263 0.01307331
v -0.05100112 0.03666367 -0.00172269
v 0.05633018 0.03757076 0.02449876
v -0.03994656 0.03483087 -0.00455196
v -0.01538284 0.02846599 -0.01104631
v -0.01591823 0.04147542 0.00620596
v -0.01103151 0.01632800 0.03604538
v -0.11150701 0.00637331 0.01483416
v -0.03033690 0.03433027 -0.00271610
v -0.10956997 0.01073437 0.01425631
v -0.04895012 -0.00967356 0.03913442
v -0.06354240 0.03416063 0.01553796
v -0.00418706 0.03891954 -0.00293278
v 0.00462379 0.03444330 -0.01076945
v 0.01908824 0.00181215 -0.01750584
v -0.03762716 -0.00444429 -0.01159031
v -0.01648351 0.03692318 -0.00080532
v -0.04588239 0.03969629 0.00494440
v 0.02415887 0.04136785 0.01518817
v -0.07619793 0.02801618 -0.00344116
v -0.06815131 0.03522160 0.00512463
v 0.01979681 0.04156921 0.00323002
v -0.04911206 -0.01077955 0.03654898
v -0.14370641 0.00988617 0.01045051
v -0.02952126 -0.00658807 -0.01208156
v -0.00873648 0.04172212 0.00335069
v -0.00104384 -0.02166950 0.01280917
v -0.05552306 -0.00741511 0.03232515
v 0.02039517 -0.00046432 -0.01710693
v -0.05502389 0.03411645 -0.00762189
v 0.07977585 0.01910618 0.01938052
v -0.04550611 0.03287847 -0.00934696
v -0.00190209 0.02257187 0.03632855
v 0.02079128 0.02294693 -0.01979433
v -0.01468024 -0.01976421 0.02043438
v 0.01331996 0.03265496 0.03182600
v -0.01129908 -0.02047561 0.01891664
v 0.02431361 0.04140254 0.00111752
v -0.02653043 -0.01693678 0.00133653
v 0.01848904 0.04320152 0.01098598
v 0.03334750 -0.01659992 0.02205179
v -0.04197501 -0.01530995 0.00144104
v -0.02904215 0.01887675 -0.01388236
v -0.05389799 0.03494894 0.02389382
v -0.03206720 0.02896326 0.03556751
v -0.00600288 0.01769737 0.03690953
v -0.01710162 0.03041605 -0.00916270
v -0.01929004 -0.01613823 -0.00234158
v -0.04517328 0.02049191 0.04175590
v -0.04690821 0.03388235 -0.00770530
v -0.03241216 -0.01391193 -0.00504787
v -0.00625084 0.02805916 0.03426682
v -0.05829847 -0.00353127 0.03480240
v -0.05707205 -0.00549870 0.03369460
v 0.03295555 -0.01717543 0.00054826
v 0.08034075 0.02567527 0.00998222
v -0.01875688 -0.05398674 0.06504307
v -0.01077938 -0.06355289 0.05209344
v -0.01888094 -0.01595331 0.05745596
v -0.02129609 -0.04808317 0.06399617
v -0.02813757 -0.04244921 0.06367137
v -0.02089694 -0.03004952 0.06064690
v -0.02617368 -0.04761905 0.05361964
v -0.02945985 -0.04189872 0.06354678
v -0.02364684 -0.04217501 0.06383556
v -0.01522705 -0.02513467 0.05378501
v -0.02289197 -0.04860298 0.06412079
v -0.00924827 -0.06062610 0.05056722
v -0.01547109 -0.05837218 0.05213721
v -0.00778066 -0.05566846 0.06248421
v -0.01740042 -0.01705618 0.05744752
v -0.01580060 -0.06008311 0.05207643
v -0.02699457 -0.04533700 0.06363074
v -0.01481332 -0.01801249 0.05604139
v -0.02992427 -0.03139105 0.06150553
v -0.01757416 -0.05764866 0.06618840
v -0.02005677 -0.04774524 0.06369871
v -0.02014345 -0.01501576 0.05718399
v -0.02290916 -0.03427716 0.06247980
v -0.03408320 -0.04360053 0.05494602
v -0.01721240 -0.05347940 0.06490060
v -0.03112983 -0.04517617 0.05401250
v -0.02142860 -0.04568928 0.05440492
v -0.01041425 -0.06457240 0.05864719
v -0.01585134 -0.01760604 0.05678610
v -0.01729576 -0.06375931 0.05499633
v -0.02226984 -0.03847148 0.05245000
v -0.02869175 -0.05065978 0.05592430
v -0.02189358 -0.04734729 0.05405449
v -0.03827717 -0.02068277 0.04672021
v -0.03211648 -0.04829003 0.05891611
v -0.03534444 -0.03131469 0.05904495
v -0.02985750 -0.02822723 0.04514468
v -0.02276673 -0.04336306 0.05371312
v -0.01673778 -0.04889669 0.06153625
v -0.02492521 -0.04247503 0.06410760
v -0.02681645 -0.04394799 0.05258136
v -0.01736704 -0.04420102 0.05998114
v -0.00074803 -0.06236669 0.05650558
v -0.02833269 -0.04755737 0.06326498
v -0.01185832 -0.06301629 0.05221007
v -0.01753513 -0.02672223 0.04848382
v -0.02134440 -0.03409558 0.05140278
v -0.01885873 -0.04275736 0.05534605
v -0.01751123 -0.02301598 0.05883492
v -0.03778147 -0.02435240 0.04942819
v -0.02114554 -0.03548867 0.06180768
v -0.01626025 -0.06408086 0.05609365
v -0.01906011 -0.02247505 0.05952422
v -0.02111098 -0.05812670 0.05364978
v -0.03164370 -0.04261692 0.06288032
v -0.02130442 -0.02806389 0.06012793
v -0.01693662 -0.02976059 0.05778672
v -0.03827822 -0.02399283 0.05109578
v -0.01300335 -0.05706055 0.06683867
v -0.02119994 -0.02137075 0.05997174
v -0.02799442 -0.04972596 0.05514587
v -0.02993499 -0.03577841 0.06342620
v -0.00149824 -0.06818339 0.05936459
v -0.02596993 -0.05591998 0.05599813
v -0.03235081 -0.04813392 0.06019940
v -0.02810121 -0.03197491 0.04712585
v -0.01150173 -0.06382154 0.05327793
v -0.00889425 -0.05505626 0.05636177
v -0.02706066 -0.03563862 0.04929730
v -0.01777969 -0.02970980 0.05162876
v -0.01704425 -0.04027291 0.05767455
v -0.01256954 -0.06039299 0.06831514
v -0.03568864 -0.04369849 0.05959813
v -0.01965005 -0.04331673 0.05474990
v -0.01400082 -0.01800973 0.05514226
v -0.01718955 -0.03475972 0.05750557
v -0.01949232 -0.03034358 0.06005047
v -0.02613737 -0.03691394 0.05055531
v -0.01990516 -0.04412698 0.06242672
v -0.03381155 -0.02206456 0.05848542
v -0.00119858 -0.06867874 0.05458507
v -0.01834456 -0.04385553 0.06116208
v -0.03434832 -0.03240244 0.05087518
v -0.02014110 -0.05132816 0.05428776
v -0.03136279 -0.04844017 0.05713212
v -0.03828052 -0.02394660 0.05279629
v -0.02083341 -0.06387489 0.05915742
v -0.01633845 -0.04712752 0.05589873
v -0.01935021 -0.05859210 0.06553102
v -0.02493937 -0.04330514 0.05272420
v -0.03777811 -0.01984602 0.05496562
v -0.00261145 -0.05939602 0.05387853
v -0.02594152 -0.04386912 0.06387840
v -0.02500497 -0.04754871 0.06374212
v -0.03542171 -0.02193788 0.05763841
v -0.01328446 -0.05419380 0.06372330
v -0.02344787 -0.05273353 0.05435945
v -0.02647348 -0.05839363 0.05803732
v -0.03136856 -0.03211338 0.04887287
v -0.02373751 -0.04076594 0.06347438
v -0.00968850 -0.05508567 0.06149529
v -0.00520406 -0.05836501 0.06637332
v -0.02524726 -0.05471814 0.05534292
v -0.01775568 -0.04228832 0.05586701
v -0.02449138 -0.05383435 0.05459131
v -0.03750474 -0.02191146 0.04527504
v -0.01575329 -0.05654505 0.05244685
v -0.02017104 -0.02852691 0.04655857
v -0.02007444 -0.03977277 0.06141653
v -0.01661603 -0.06091060 0.05238984
v -0.02846861 -0.03113989 0.06199190
v -0.03330373 -0.01392877 0.05600670
v -0.03481382 -0.03792774 0.06201528
v -0.02532285 -0.03343936 0.06314391
v -0.03230231 -0.04435137 0.05425560
v -0.02444770 -0.05745311 0.06333641
v -0.01319051 -0.05566987 0.06492220
v -0.01199780 -0.06460618 0.06053025
v -0.02060280 -0.06134015 0.06495682
v -0.03281317 -0.03709105 0.05110022
v -0.03449862 -0.02836637 0.04765554
v -0.02444275 -0.03836691 0.05141415
v -0.01089322 -0.05730369 0.05117922
v -0.02165924 -0.03017126 0.04721468
v -0.02674453 -0.03715874 0.06410111
v -0.02539695 -0.01311211 0.05746516
v -0.02078096 -0.05642085 0.05369993
v -0.01521538 -0.02282297 0.05671947
v -0.02080742 -0.01329528 0.05670660
v -0.03597165 -0.02421885 0.04520975
v -0.01685649 -0.02898192 0.05308529
v -0.01614169 -0.06194379 0.06702986
v -0.01614777 -0.02735672 0.05374359
v -0.03023463 -0.02975699 0.06053814
v -0.03339645 -0.01279355 0.05515052
v -0.02776009 -0.05541365 0.06059336
v -0.03076046 -0.03607615 0.05039473
v -0.01628632 -0.05528532 0.05306888
v -0.00865878 -0.05614841 0.06469290
v -0.00870192 -0.06465014 0.06052583
v -0.03319167 -0.04487149 0.06201018
v -0.01180437 -0.06194480 0.05123630
v -0.02028736 -0.05979622 0.06522844
v -0.01669963 -0.06441325 0.06015592
v -0.03044931 -0.02591663 0.05978709
f 3 2 1368
f 7 4062 4466
f 1370 1371 1
f 1371 1370 4
f 4063 1372 5
f 4466 3 1401
f 8 4466 1401
f 1375 1376 3160
f 4392 3176 11
f 3177 11 3176
f 1380 3923 4065
f 1383 1384 1380
f 13 4841 1383
f 4841 1384 1383
f 4064 1385 4392
f 4197 4392 1385
f 1593 4196 14
f 16 14 1386
f 1388 17 1389
f 1391 1592 1390
f 1384 4841 1388
f 4841 13 1388
f 1388 13 1587
f 109 1587 13
f 13 1394 109
f 4672 1393 1395
f 4322 19 4068
f 1399 20 4467
f 20 12 4321
f 1404 1406 1413
f 1402 1405 22
f 1408 23 1409
f 1422 1410 24
f 4067 3927 24
f 1404 1413 1403
f 25 1418 1417
f 4071 4816 1418
f 4816 1417 1418
f 21 4830 4467
f 4830 1414 4467
f 4069 4070 4607
f 3925 26 1426
f 4073 27 4070
f 1427 27 1429
f 1429 27 1428
f 28 1430 1432
f 1433 4436 28
f 1433 28 1432
f 1433 1432 29
f 30 1431 4590
f 1438 4785 1436
f 4785 1417 1436
f 1443 56 1437
f 1439 4769 31
f 4769 1442 31
f 1443 1439 57
f 32 1434 4436
f 34 36 33
f 34 35 37
f 38 1447 4383
f 4075 4842 1449
f 4842 37 1449
f 1452 1450 1451
f 2746 1454 1455
f 1458 29 42
f 43 1456 1457
f 2755 46 1519
f 4324 4646 1462
f 1461 4258 4646
f 1462 4258 1463
f 50 1464 49
f 1466 1468 50
f 2858 49 51
f 58 60 107
f 1476 4471 104
f 62 3933 1480
f 1484 62 1486
f 63 1486 62
f 1567 1484 1486
f 1490 1488 4537
f 1493 1490 1489
f 1496 1495 1491
f 707 3930 706
f 4326 707 66
f 67 70 1502
f 69 1502 70
f 1503 1502 69
f 3930 4326 1506
f 1506 4326 3929
f 1509 4647 1508
f 1511 1656 1510
f 1514 127 1511
f 1516 3937 4077
f 3932 1518 2755
f 1522 1526 77
f 80 4502 1527
f 82 81 1529
f 1534 1529 81
f 1525 1526 4328
f 2878 4078 1528
f 84 85 1537
f 1538 1541 1542
f 1544 1546 1543
f 88 89 1547
f 1548 86 1535
f 1549 1548 4662
f 1549 1550 1548
f 4718 1553 4166
f 91 92 4470
f 1558 1554 4470
f 95 1559 93
f 96 1556 1558
f 1559 97 96
f 97 4556 1561
f 2913 4291 1562
f 1563 4259 4556
f 2924 3023 4538
f 1564 75 100
f 1564 3932 1519
f 4468 2748 1467
f 1567 1483 1484
f 1481 1567 102
f 1570 4333 141
f 1724 1575 1481
f 1472 105 1577
f 1581 1416 4535
f 1584 4807 1581
f 4807 1416 1581
f 1581 4793 1584
f 4793 1583 1584
f 1583 4793 1582
f 4793 1581 1582
f 4066 1584 18
f 108 4845 4803
f 4845 1668 4803
f 4803 1589 108
f 1592 1391 4741
f 111 4330 1593
f 1598 1623 1620
f 1606 1599 114
f 1601 4591 1605
f 1601 1602 4591
f 4474 1789 1601
f 117 1603 1608
f 1604 201 1605
f 1613 216 1611
f 1615 4836 1614
f 4836 119 1614
f 1609 1616 1617
f 1610 1609 120
f 1610 120 121
f 1609 1600 1616
f 1620 1619 1618
f 122 123 4332
f 126 124 110
f 4706 126 110
f 4706 1628 126
f 153 1626 1586
f 4706 1627 1667
f 1625 4438 1630
f 4438 4705 1630
f 1632 1624 1621
f 1511 127 1656
f 73 127 1514
f 4426 1515 1636
f 3937 1505 128
f 1637 3938 1503
f 2048 1639 2049
f 2049 1638 2050
f 1640 1637 1501
f 1640 4983 1637
f 4983 3938 1637
f 2059 4876 1640
f 3938 4983 4876
f 4983 1640 4876
f 130 1642 1641
f 4005 1642 130
f 1643 132 1640
f 4719 1643 1642
f 1646 1645 1644
f 1647 1648 1650
f 409 408 2048
f 138 3324 3939
f 1655 1653 1654
f 1656 127 1655
f 1657 3939 1001
f 1777 4850 1003
f 4850 4665 1003
f 1664 1662 1657
f 1666 1665 1669
f 1703 4811 1704
f 4811 1669 1704
f 1671 4771 1672
f 4771 1681 1672
f 147 119 3934
f 1673 119 1678
f 1672 144 4081
f 1681 4419 144
f 147 4084 1684
f 4085 4763 1684
f 4763 149 1684
f 148 185 3940
f 1685 4838 4639
f 4838 1684 4639
f 4557 1686 1683
f 1689 1696 1690
f 1695 4798 1691
f 4798 1692 1691
f 1693 1771 1692
f 4686 2043 1697
f 150 1699 1696
f 1700 150 152
f 1671 1702 152
f 1671 1670 1702
f 1669 4811 1670
f 4811 1703 1670
f 153 1704 1626
f 1667 1668 1626
f 153 4086 155
f 3941 59 160
f 1711 2043 1710
f 1711 1710 1713
f 1576 157 1715
f 159 162 1718
f 159 1718 161
f 105 1719 158
f 1723 163 1720
f 1723 1720 1574
f 1724 1721 1719
f 111 4794 3935
f 4794 14 3935
f 4648 164 1676
f 167 1727 1728
f 1726 165 1728
f 4263 168 170
f 4263 1730 1736
f 173 1734 3943
f 146 4334 1733
f 4722 1613 145
f 3943 1734 4089
f 3942 1736 1735
f 175 1730 1909
f 1738 172 4335
f 4335 1737 176
f 184 1751 1742
f 186 1744 187
f 1688 1745 1740
f 1748 1745 1768
f 1759 1751 184
f 4664 1752 1742
f 1750 190 1758
f 1751 4343 189
f 191 1758 190
f 4100 1926 1758
f 192 1766 1763
f 1930 1761 1763
f 1762 192 1746
f 1765 1767 1766
f 1771 1770 1769
f 1780 1772 1779
f 1774 1770 1771
f 199 1773 1780
f 1782 4707 1780
f 194 1784 1762
f 4337 1787 4722
f 116 3313 3312
f 3541 1790 1791
f 1605 201 1795
f 201 202 1796
f 1798 202 1797
f 1815 1801 1800
f 206 1800 1803
f 1803 1800 4427
f 208 1806 4338
f 212 1812 1809
f 4756 211 1822
f 1813 1814 1812
f 1813 1817 1814
f 4440 4339 1964
f 1819 1818 225
f 214 215 1820
f 1815 1826 205
f 1793 218 219
f 222 221 1828
f 223 222 1828
f 1829 3548 221
f 1828 1125 1827
f 1837 226 1834
f 1836 1837 4090
f 235 1839 4238
f 235 4742 1839
f 1844 4091 4340
f 1845 214 4687
f 4092 1849 4748
f 228 4748 4093
f 1852 1844 229
f 4723 1857 1856
f 234 1859 3709
f 1863 4265 1862
f 1864 1868 1863
f 1966 284 237
f 3945 1865 236
f 1967 1966 3946
f 1870 1872 238
f 4094 1871 1979
f 4442 4094 1875
f 4723 1875 4094
f 233 1877 1876
f 1849 241 240
f 1879 1882 1884
f 1887 243 1886
f 1887 4614 243
f 4614 1887 4266
f 1906 1887 1888
f 283 1893 4441
f 4095 1894 2019
f 4097 1899 248
f 1901 248 1899
f 248 1980 240
f 1980 4348 249
f 4098 2015 4096
f 1906 1896 313
f 4095 254 1896
f 4095 314 254
f 2019 1895 2022
f 1907 4341 1908
f 1919 255 1908
f 1909 1908 4341
f 1912 1913 4479
f 1914 260 4675
f 247 255 2022
f 1919 1920 255
f 2111 2108 1757
f 2111 4801 277
f 4801 1754 277
f 1920 1921 352
f 4099 1923 1922
f 4343 1924 189
f 1925 1924 1760
f 1947 1930 1929
f 4101 266 1767
f 1932 4588 1786
f 1929 4103 4211
f 4103 1933 4212
f 1941 3839 3840
f 3842 4526 273
f 1937 270 1959
f 1945 273 4526
f 4526 1942 1945
f 1953 1944 3947
f 1945 4573 4104
f 1949 4344 4475
f 1946 1945 4344
f 265 4552 1943
f 1950 1952 1928
f 1951 1952 1950
f 1952 1951 1944
f 1953 1954 1944
f 280 4476 1954
f 1960 281 4445
f 4445 282 4476
f 4650 284 1967
f 4650 4105 284
f 285 4558 1970
f 285 1975 1984
f 4268 1974 4592
f 4268 1976 1974
f 3948 286 1978
f 4442 288 1871
f 1982 3948 291
f 1999 291 4477
f 4269 294 1987
f 296 4559 1986
f 1988 297 295
f 298 1165 1988
f 299 293 4107
f 299 1195 293
f 3676 4106 301
f 1992 1993 1994
f 1206 302 1996
f 1998 302 1997
f 2007 308 4350
f 318 2012 311
f 318 4108 2028
f 4098 2014 2015
f 2014 4109 2017
f 2017 323 3951
f 2020 2021 323
f 315 2020 254
f 2022 255 352
f 3849 4112 4251
f 1921 4112 4350
f 2005 4479 308
f 317 315 316
f 4110 2025 3950
f 3950 2031 2027
f 320 2031 3704
f 324 2030 4114
f 4114 2030 4351
f 322 3951 323
f 2035 2034 322
f 2036 322 323
f 2042 307 324
f 2033 2040 325
f 2044 2046 2047
f 2049 1652 2048
f 4352 1652 331
f 2072 2073 2054
f 2055 4903 2064
f 4903 328 2064
f 1645 2061 2063
f 2062 4910 4353
f 4910 2065 4353
f 4353 2065 328
f 328 2058 4353
f 2064 328 2065
f 2065 329 2064
f 4352 4482 4262
f 331 330 4482
f 334 2073 2071
f 2071 4900 334
f 4900 2075 334
f 4481 2070 4354
f 4116 4954 4863
f 4954 2950 4863
f 4863 3954 4116
f 2086 4925 2080
f 4925 2082 2080
f 4271 2088 4560
f 2089 4560 2088
f 2090 2091 4560
f 2094 4955 2092
f 4955 2124 2092
f 4713 4595 2096
f 2095 2096 338
f 337 353 2097
f 2137 2136 339
f 2102 345 2113
f 278 276 1961
f 4445 346 4270
f 344 4119 3956
f 2109 2107 4119
f 2120 2106 2109
f 4119 348 2109
f 2110 2108 2111
f 349 1961 1962
f 2115 2118 1962
f 2117 2120 350
f 348 2138 2122
f 350 2121 2114
f 308 2023 4113
f 355 2126 2127
f 2127 358 2130
f 2127 2130 2129
f 356 4992 343
f 4992 359 343
f 2130 2131 357
f 2134 337 2136
f 4595 340 339
f 2137 340 341
f 362 98 2139
f 3023 366 2140
f 4014 2152 2151
f 4121 2142 2144
f 2141 4561 2145
f 2144 2148 2147
f 2151 2152 4561
f 2153 2145 368
f 2155 4357 2147
f 2158 2154 2156
f 2158 2163 2162
f 371 4272 2165
f 3064 4187 2167
f 4273 3067 2168
f 4358 373 2170
f 2173 374 2170
f 375 2174 376
f 2180 2178 379
f 2182 2184 2185
f 386 383 384
f 4568 2173 4563
f 2194 2192 2195
f 2195 2192 2191
f 2214 2195 2215
f 2227 2196 388
f 386 4840 2196
f 4840 388 2196
f 2204 3170 2205
f 4543 2199 2200
f 2229 4837 4596
f 4837 399 4596
f 4596 2207 420
f 2206 2210 390
f 2206 928 2210
f 3181 2210 928
f 2211 2212 2210
f 781 2193 4123
f 387 2214 4363
f 395 2214 394
f 397 2225 398
f 4678 4485 2222
f 4485 4750 2222
f 4711 3961 2236
f 2218 419 400
f 2215 2226 2216
f 399 2226 2227
f 2269 394 2216
f 2233 4421 400
f 4750 4633 2235
f 2236 2235 4486
f 2234 404 2242
f 2244 2246 2247
f 2243 2250 4486
f 2260 415 2246
f 2248 2247 415
f 2255 2251 2249
f 2253 406 4446
f 2256 407 409
f 2257 2254 410
f 413 2259 412
f 2259 2260 2261
f 2261 2262 2264
f 2291 2259 417
f 2292 2293 4544
f 3962 2278 2272
f 2277 2282 2284
f 3964 2287 2288
f 3964 428 3963
f 429 2290 2286
f 2288 427 2289
f 2289 2329 4447
f 4429 2263 430
f 2263 416 4364
f 405 4364 416
f 2266 4787 433
f 4787 2295 433
f 437 438 2300
f 2303 4125 2302
f 4487 2304 2298
f 4651 4487 441
f 446 4651 445
f 2298 3965 441
f 442 2310 445
f 2352 4615 2305
f 2306 4367 444
f 2309 456 4128
f 4126 2311 447
f 448 2311 2310
f 4495 4126 447
f 3965 3966 4127
f 2271 451 2318
f 423 424 451
f 2319 2321 2326
f 2322 4709 2323
f 2331 2321 2323
f 2328 427 452
f 2336 2334 2335
f 2334 3967 2335
f 2339 2337 2336
f 453 2340 2339
f 2348 2339 2341
f 2343 2372 4616
f 4368 2348 2347
f 455 3968 2350
f 2354 2357 2352
f 2361 4839 2351
f 4839 2354 2351
f 4128 2355 2309
f 2351 464 2361
f 2359 2483 519
f 464 2363 2362
f 2364 2493 2492
f 3968 467 4129
f 470 2349 471
f 471 2349 4130
f 4130 2368 473
f 2346 4689 2370
f 2370 4689 2374
f 4666 4689 2345
f 3284 2344 3287
f 2375 2377 3498
f 3498 1108 2376
f 2380 3286 2381
f 3971 2384 2378
f 2383 2379 478
f 2391 482 2386
f 2397 2406 2405
f 2397 2405 2404
f 2401 2400 486
f 3972 4564 484
f 2400 480 4564
f 3502 486 2606
f 2407 2405 2406
f 2407 4493 4679
f 2409 477 1119
f 477 2409 4546
f 1118 4228 2417
f 490 2414 491
f 492 2411 2409
f 2419 2421 2417
f 4730 493 3537
f 4416 4730 3562
f 496 2440 2423
f 2422 2426 2421
f 2426 2425 2414
f 2429 472 2369
f 498 2430 2429
f 2429 2433 500
f 2431 2470 2367
f 469 2431 2367
f 2434 499 2435
f 2450 501 2438
f 501 2435 2438
f 505 506 504
f 4372 2445 4636
f 2444 2455 507
f 2452 2450 2438
f 509 2450 2452
f 2461 2453 2451
f 4725 2458 3975
f 2457 2464 2456
f 2448 3807 2456
f 2465 2461 2459
f 4710 2468 3976
f 2469 2470 2431
f 514 2476 2469
f 2477 2479 2480
f 2481 2479 2478
f 515 2478 512
f 2483 520 2484
f 519 2483 2484
f 459 4370 2487
f 2489 2488 2496
f 2490 4490 2487
f 2490 2487 4370
f 463 2491 4370
f 2490 2504 4490
f 4375 3863 2500
f 2499 519 4376
f 2502 2501 2503
f 522 526 2513
f 2505 2514 2521
f 2519 2495 521
f 2518 2515 2517
f 528 2519 3977
f 2547 2495 2519
f 2521 2514 529
f 3978 530 529
f 2521 530 4277
f 2526 2525 2524
f 2524 531 2526
f 3978 529 2530
f 529 2547 2530
f 2523 536 4277
f 538 2534 2535
f 2540 2542 2539
f 2542 2540 2545
f 2512 542 2611
f 4375 2512 2544
f 2544 2512 2611
f 541 2545 3980
f 3980 2612 542
f 411 2257 4137
f 4547 2549 545
f 4547 546 2548
f 2551 4891 4547
f 4891 546 4547
f 2550 4953 2551
f 4953 2553 2551
f 2968 2555 2556
f 4652 2559 4279
f 4492 551 550
f 4492 4617 487
f 2404 4679 487
f 2408 2396 552
f 4208 2568 2563
f 555 2567 574
f 556 2600 557
f 559 2575 2574
f 2576 4379 2577
f 561 563 562
f 563 561 2569
f 4652 566 2559
f 4566 568 2580
f 2582 568 4566
f 566 2579 2582
f 3984 2574 2583
f 3984 2585 2586
f 4548 2585 3982
f 570 2581 571
f 2591 2589 2590
f 2586 579 3984
f 2597 579 2605
f 576 572 2601
f 2601 581 576
f 2602 583 582
f 584 583 2603
f 4495 2313 2609
f 2313 2333 2609
f 2610 2314 2315
f 2612 2546 1318
f 2663 592 4597
f 2617 2663 4597
f 2622 4703 4143
f 2618 2665 2617
f 2620 2622 4143
f 2626 2621 595
f 2626 2696 2667
f 4716 2628 2629
f 2631 4280 2632
f 4149 597 3986
f 2624 2712 2631
f 661 601 2718
f 2619 2181 675
f 2636 2635 604
f 2636 2637 2667
f 2639 3987 608
f 2640 608 609
f 620 609 2642
f 610 2643 611
f 2646 2645 2647
f 2645 612 2647
f 613 614 4619
f 2649 4619 2648
f 4567 616 2797
f 2659 619 2660
f 2657 644 2658
f 645 622 2656
f 4144 2664 626
f 4146 2666 627
f 4146 627 629
f 2638 4381 604
f 623 3990 2673
f 2669 2672 631
f 2672 2674 2671
f 634 2675 635
f 640 4147 2682
f 2682 642 639
f 641 2685 644
f 641 645 2687
f 2688 645 635
f 2683 2679 3139
f 3152 2690 2689
f 2636 2667 606
f 4716 2629 648
f 2700 598 2699
f 2633 654 2757
f 651 2697 650
f 2699 652 2700
f 2752 652 2699
f 653 2752 2699
f 4499 654 4382
f 654 2705 4382
f 2710 2715 2709
f 599 660 659
f 601 4449 2718
f 2730 2719 674
f 658 2721 4620
f 664 658 4620
f 664 667 665
f 4382 2705 2706
f 2926 4382 2706
f 4159 2724 4384
f 671 2727 4496
f 2764 2728 671
f 4496 2729 2778
f 2775 2730 674
f 674 2731 2775
f 2620 2619 4152
f 601 676 4449
f 4621 4449 676
f 2733 4497 677
f 2733 2737 4497
f 4284 2732 2738
f 2738 2736 678
f 2739 782 2740
f 1448 4154 680
f 2768 4450 2741
f 3993 4498 680
f 681 3994 2766
f 2742 2744 2743
f 2746 41 1454
f 2745 2746 682
f 691 692 683
f 682 684 683
f 686 2753 2754
f 2750 47 653
f 2704 690 2698
f 4158 4499 4382
f 683 692 4156
f 777 4002 692
f 2761 2726 2927
f 4159 4002 2762
f 2743 4159 4384
f 1471 4780 4712
f 4780 4450 4712
f 787 2769 1478
f 2773 2772 4423
f 698 693 4160
f 699 698 697
f 2764 672 4160
f 2775 2777 2778
f 778 2778 2777
f 2771 2783 2770
f 2780 2781 4500
f 4653 2782 701
f 2788 2786 2784
f 704 2784 2786
f 4744 704 2786
f 706 4653 701
f 707 4744 705
f 705 4622 708
f 709 708 4622
f 4744 2786 4622
f 705 708 4623
f 710 708 4654
f 2790 4285 2789
f 2792 2794 711
f 710 1500 4623
f 789 2796 710
f 713 931 2639
f 935 2807 2652
f 714 2798 611
f 618 714 611
f 2803 715 716
f 2799 718 715
f 2803 2805 2802
f 2805 2813 2802
f 2806 2652 2808
f 720 2810 4385
f 2809 3997 720
f 2811 2813 2805
f 2811 2817 2832
f 2812 2815 722
f 965 725 2812
f 722 723 2814
f 2821 2817 724
f 4451 2822 724
f 2826 2824 2822
f 2824 2825 2821
f 727 2824 2826
f 2826 2822 2827
f 2829 2823 2820
f 2830 2818 3217
f 2834 730 729
f 730 2835 729
f 2837 732 2836
f 822 733 3252
f 736 737 3998
f 737 2841 2842
f 2843 3999 2840
f 2855 2756 743
f 2849 2856 4164
f 2860 2861 2859
f 743 2862 751
f 4289 750 2870
f 752 748 749
f 749 2872 4000
f 744 4288 4624
f 2875 747 2871
f 2881 755 2883
f 756 1538 1540
f 2886 2888 2884
f 757 754 758
f 2879 757 2895
f 4570 4001 2887
f 2890 2885 2888
f 2888 2886 759
f 1552 2895 762
f 2892 2901 2891
f 2892 763 2900
f 4386 4166 2903
f 2897 2904 2910
f 2907 92 769
f 2910 770 2899
f 768 2910 2904
f 769 2909 2907
f 2907 2908 95
f 2909 2920 2907
f 2911 770 771
f 4167 2920 2909
f 2920 773 2908
f 2914 2925 2921
f 773 2925 2917
f 4685 773 2923
f 2923 2917 4292
f 777 2726 670
f 2774 4851 673
f 4851 2928 673
f 2929 2930 4169
f 2787 4549 2789
f 783 2935 785
f 2795 2794 4004
f 2993 4945 2944
f 4945 2937 2944
f 2793 2943 2940
f 792 2941 712
f 793 2219 4678
f 2941 792 2942
f 4174 4862 4859
f 4862 2962 4859
f 4859 2950 4174
f 4173 2952 794
f 4293 4173 797
f 2954 2955 2953
f 2992 798 794
f 798 2992 4571
f 4571 799 798
f 2954 800 2955
f 2956 4178 2959
f 4453 4898 805
f 4898 2962 805
f 804 4984 2947
f 4984 2945 2947
f 2968 4969 4878
f 4969 4009 4878
f 4878 2957 2968
f 795 4855 3955
f 2970 4879 4855
f 4879 3955 4855
f 4691 4997 4943
f 4997 808 4943
f 4943 807 4691
f 811 4926 4713
f 4926 4503 4713
f 2973 812 2972
f 814 2977 2978
f 2981 4941 2978
f 4941 2979 2978
f 2974 814 2980
f 816 2982 2983
f 818 4970 2971
f 4970 4691 2971
f 2986 4389 2981
f 359 4981 2098
f 4981 4010 2098
f 4179 820 806
f 4009 4939 4889
f 4939 4179 4889
f 4889 2966 4009
f 2837 2838 822
f 2835 2991 2836
f 2838 2991 2990
f 2994 4626 4294
f 823 2131 2994
f 2995 3001 2994
f 826 4598 4505
f 4732 4964 4682
f 4964 827 4682
f 2132 830 2995
f 4180 3004 831
f 3004 3005 831
f 828 3006 3005
f 833 3007 2132
f 831 4012 3017
f 3008 846 836
f 3013 3015 360
f 812 837 4503
f 812 3010 3009
f 841 840 3011
f 847 3015 3013
f 3016 3012 3015
f 3018 4935 850
f 4935 4012 850
f 3019 853 4532
f 3019 4532 774
f 852 2922 3020
f 852 3020 3021
f 3019 3027 3022
f 3023 3024 4120
f 3032 854 3036
f 3045 4182 857
f 862 858 3043
f 3045 3046 3044
f 864 861 4015
f 2157 3048 3039
f 3048 4183 861
f 4183 3056 3049
f 3050 3049 867
f 4728 4184 3051
f 867 3056 3057
f 869 4185 4016
f 3062 3061 4185
f 2161 870 3055
f 2166 3054 875
f 4017 873 4550
f 878 876 3069
f 3072 877 3073
f 2179 3077 882
f 883 3087 3082
f 884 885 883
f 3088 885 3085
f 3115 3089 901
f 3092 3094 3093
f 3095 897 889
f 3102 4752 3095
f 890 3096 3097
f 3087 3091 891
f 3099 3090 4715
f 890 3100 4018
f 890 892 3096
f 3102 3096 3101
f 1370 3100 3112
f 1 4018 1370
f 893 3103 3101
f 923 3107 895
f 896 3110 4190
f 3159 4190 3110
f 3099 3121 3126
f 4019 3116 901
f 4020 901 3116
f 4295 902 900
f 3120 3124 3123
f 4020 3122 605
f 3128 3123 904
f 4020 3125 4021
f 899 3126 3162
f 2171 3133 3074
f 910 3134 3136
f 3200 929 909
f 3139 904 3140
f 902 3119 3147
f 3141 3149 3130
f 3132 3148 3131
f 3132 3142 3148
f 3145 3142 3136
f 912 4192 913
f 917 918 3154
f 3151 906 4638
f 2689 2690 3139
f 3150 3147 3146
f 3153 3154 3156
f 3157 918 920
f 3158 3157 919
f 2694 3156 647
f 3161 4693 4729
f 3164 3127 921
f 898 4507 923
f 3111 924 3167
f 3167 924 3168
f 2203 2202 4509
f 4023 4193 3172
f 4193 4814 3171
f 4814 3174 3171
f 4023 4392 3175
f 3172 3176 4023
f 3186 3178 3175
f 3170 4393 2206
f 392 3181 3182
f 3184 3269 3183
f 3186 4194 3185
f 4533 4195 3184
f 4533 4194 4296
f 3186 3189 4296
f 3197 3195 3191
f 3196 3195 3197
f 3193 687 3198
f 931 932 930
f 914 3208 3206
f 3204 920 3203
f 3204 4298 4297
f 3202 3206 3203
f 3204 3206 3205
f 933 3209 936
f 3207 3212 939
f 940 965 2809
f 4694 3214 938
f 938 4198 3215
f 3210 3214 4694
f 942 944 3210
f 949 944 942
f 3217 725 965
f 738 946 945
f 3219 739 738
f 963 739 3219
f 3217 4025 3221
f 4199 3225 943
f 949 4394 2831
f 3211 2831 4394
f 949 957 944
f 3225 3227 3228
f 951 3220 3229
f 3230 952 3231
f 951 3229 952
f 3235 953 4581
f 3236 3232 3235
f 3227 3231 3237
f 955 3239 3238
f 959 3257 3239
f 3244 956 957
f 956 958 3240
f 4201 3243 2833
f 3248 3250 961
f 3242 3249 959
f 3251 3248 3253
f 822 3252 3247
f 3252 3253 3247
f 3252 733 3253
f 962 735 4202
f 952 740 951
f 740 3233 2846
f 4203 3236 3257
f 3223 947 4025
f 1593 974 4196
f 1594 975 3270
f 975 1594 3259
f 3262 3265 968
f 3280 3260 3262
f 4695 3263 983
f 973 3266 970
f 975 979 3270
f 975 3272 979
f 3272 4029 979
f 978 3276 3275
f 978 4511 2285
f 979 978 3275
f 4029 978 979
f 4511 4029 981
f 4422 3285 3287
f 3285 2320 984
f 985 3284 3287
f 3267 3290 3289
f 990 4205 3298
f 4205 989 3298
f 3300 4205 3303
f 3302 3303 4205
f 4599 3497 991
f 3305 4206 2388
f 3307 4488 3306
f 3290 987 4204
f 996 3290 3267
f 3313 3311 3312
f 3540 3314 3313
f 972 3314 999
f 3310 999 3316
f 3316 999 3554
f 973 3312 3311
f 2249 3318 2252
f 1012 142 2258
f 198 1777 1003
f 3329 4512 3328
f 3328 1005 4031
f 4210 3330 1006
f 3331 3328 3332
f 1009 1013 3333
f 3332 4400 1008
f 1009 1010 1013
f 1011 3319 4033
f 1011 4789 3335
f 4789 1013 3335
f 3337 4770 4033
f 4770 4300 4033
f 142 3336 4457
f 3337 4457 3338
f 4300 4770 3339
f 4770 3337 3339
f 1014 3340 3341
f 3340 4301 4704
f 3344 3346 3342
f 2301 3348 2300
f 3470 3345 2613
f 3350 1015 3346
f 3352 3425 3406
f 3355 3349 3356
f 3356 3349 3357
f 1021 3357 3358
f 1017 3361 3359
f 1024 1020 3360
f 3362 1021 3359
f 1046 3362 3364
f 1024 4302 2499
f 1024 2499 4376
f 3427 4403 1025
f 4034 3367 3370
f 3374 3375 3382
f 1027 531 3377
f 3375 4036 3381
f 4304 3376 4036
f 1949 1939 3379
f 3383 2533 3384
f 537 3383 2538
f 1032 3383 3384
f 3387 3388 1038
f 1038 2540 2539
f 3389 3443 3392
f 3453 4216 3393
f 1042 4629 3395
f 3398 4717 3397
f 3397 4717 3394
f 3400 3426 3398
f 3380 4514 1044
f 4458 3415 3400
f 4458 3402 3415
f 3404 3403 1045
f 1046 1051 3405
f 1047 4211 4584
f 3407 4211 1047
f 1047 4584 1050
f 3409 1049 3408
f 3419 3410 3413
f 3420 3419 1055
f 3407 3421 1053
f 3422 3331 1007
f 3330 3424 3423
f 3425 3423 3424
f 1057 4403 3427
f 3430 3431 3390
f 3431 3434 3432
f 3432 3434 3467
f 4515 1062 4601
f 1063 3435 1062
f 3445 3441 3457
f 1066 1075 3445
f 1075 3442 3445
f 1063 1075 1083
f 1067 4038 1057
f 3372 3450 3451
f 3451 3452 1068
f 3450 1073 3437
f 3440 3437 1072
f 1072 3437 1073
f 3456 3458 1072
f 3864 3458 3456
f 3459 1329 3867
f 3435 1083 1082
f 1085 1084 1086
f 1089 3466 1361
f 3472 1093 4204
f 3292 1093 3473
f 1094 4225 3474
f 1097 3479 3301
f 3478 1097 3477
f 3481 4574 3478
f 4221 3480 4398
f 4041 4307 3483
f 3485 3481 3482
f 3484 3483 4516
f 3489 3484 4516
f 3528 3493 3489
f 4042 3484 1099
f 3498 2377 3499
f 3506 3501 3507
f 3504 3309 3506
f 3505 3309 3504
f 1137 3579 3512
f 3514 1104 4222
f 1104 1105 3517
f 4309 3600 1106
f 3516 3515 3521
f 4308 3516 3496
f 3523 3494 4223
f 3523 3600 3522
f 4043 1147 1133
f 3525 4224 3524
f 4224 1099 3493
f 3526 4224 3493
f 1107 3528 3529
f 4044 1148 3526
f 3492 1109 3490
f 1109 3532 3531
f 1096 1098 3477
f 3534 1114 1113
f 1112 4585 4226
f 4227 3535 3534
f 1119 3530 1115
f 2410 3536 1118
f 1121 3538 4045
f 3544 3555 4459
f 3544 4459 1111
f 3541 1792 3547
f 3554 1111 3315
f 3544 1111 3545
f 221 3548 4425
f 3551 3558 4460
f 3557 1127 3553
f 1129 1128 1126
f 3557 3546 1126
f 1117 3561 1122
f 3566 3565 3563
f 3570 1134 4408
f 2560 1134 3564
f 1135 4231 3571
f 3571 4231 3574
f 3575 3581 1138
f 4231 3581 3574
f 4046 1140 3580
f 4046 1136 2569
f 1142 4047 4311
f 3584 3582 1141
f 3583 4461 4517
f 3585 4517 4461
f 3591 1144 3585
f 3579 1137 4517
f 3596 1102 1139
f 3981 3577 3593
f 3586 3590 3589
f 3586 1144 3590
f 3582 3592 3591
f 3573 2578 1136
f 2578 565 1136
f 3590 2584 2574
f 3588 1145 3597
f 3597 3598 1146
f 3598 1145 2597
f 2596 579 1145
f 3568 3600 3523
f 3601 1148 3499
f 3602 3728 3729
f 4312 3605 1153
f 4312 1153 1152
f 1158 4683 3608
f 3611 3612 1157
f 1157 1159 4575
f 1159 1154 4575
f 4409 3616 1163
f 3621 1165 298
f 1165 3621 3623
f 3620 3624 3625
f 1192 3624 3623
f 3628 3627 3644
f 3643 3628 4753
f 3629 3769 1169
f 3603 1151 1174
f 3655 1175 1176
f 3630 3633 3635
f 3638 3637 3630
f 3654 1181 3639
f 1169 3642 3641
f 3647 3641 3643
f 3646 4753 3650
f 1178 4553 3656
f 1179 3656 3658
f 1174 4233 1173
f 1173 4233 4659
f 1269 1180 4234
f 4234 3659 3777
f 3659 1180 3658
f 3661 4670 1183
f 1182 3661 1183
f 3664 1189 3687
f 1188 1187 3663
f 1218 1187 1188
f 1218 3667 1187
f 3626 1200 1190
f 1193 1191 1192
f 3622 1166 3680
f 298 1195 3674
f 1224 3705 1994
f 4735 3679 3680
f 3681 3648 4051
f 4462 1205 1190
f 1190 1205 3649
f 1190 1200 4462
f 1199 1198 4051
f 4754 1202 3682
f 3683 1189 3669
f 3689 3687 4052
f 3687 3689 3688
f 4237 3666 3701
f 4463 1182 3691
f 3694 3692 4542
f 1208 3692 3694
f 1209 3693 3661
f 3693 1209 1217
f 1212 1211 3657
f 3695 1212 3657
f 3619 4050 1214
f 3696 1213 3695
f 1210 1161 3699
f 3699 1161 1217
f 3700 1163 1216
f 1217 3660 3693
f 1219 4236 2011
f 1223 3703 3702
f 4542 307 4603
f 1225 3707 4239
f 3712 1228 4238
f 3710 1228 1229
f 1229 3715 4240
f 3717 1227 1235
f 3720 3787 1239
f 1238 4241 3774
f 3724 3719 3721
f 3725 3719 3724
f 3723 3727 3726
f 4053 1230 1240
f 1241 4411 3730
f 3732 3562 4577
f 3790 3732 3733
f 3734 4242 3733
f 4054 3725 1243
f 3718 3725 4054
f 3739 1130 4519
f 1130 3739 3737
f 4737 3733 4242
f 1248 1249 3742
f 3743 1249 3618
f 3753 1249 1248
f 3740 4243 3751
f 1251 1243 3725
f 1251 3725 3745
f 4055 1251 3745
f 3750 3749 3751
f 3752 3753 1248
f 3752 3754 3753
f 3754 1253 1215
f 1253 3752 3755
f 1252 3746 1253
f 3748 3744 3757
f 1232 3759 1254
f 1255 1232 3758
f 4604 3760 4246
f 1259 1258 3762
f 1259 3762 1260
f 4414 1260 3762
f 3770 4246 1259
f 4316 4414 3762
f 4415 1264 3764
f 297 1988 3765
f 3766 1165 3767
f 3768 1266 1261
f 1167 1192 1267
f 3770 3634 4246
f 1268 3630 3634
f 3775 3776 1271
f 1267 3671 3648
f 3776 4234 3777
f 1273 1270 1271
f 3780 3726 3727
f 4319 3782 4318
f 1215 1253 3784
f 3784 3746 4319
f 3789 3790 3791
f 3797 1275 3796
f 3827 3798 1276
f 3799 1280 1274
f 1278 496 3788
f 510 3811 2457
f 510 3807 3806
f 4605 2467 3809
f 3811 1281 3814
f 4522 1281 3806
f 4578 3811 3812
f 3817 3816 1294
f 4739 1282 3818
f 4248 3810 1287
f 3820 1286 3821
f 1284 1314 3821
f 1290 4829 1314
f 4829 3821 1314
f 3824 1293 4253
f 3796 3795 3831
f 4249 1276 3825
f 3825 1301 4249
f 1299 3833 1300
f 1302 4214 533
f 3839 4214 1302
f 3839 1302 3841
f 3841 3842 3840
f 3843 3845 3844
f 1303 270 268
f 1935 3842 268
f 3844 3846 270
f 3845 3847 4699
f 4350 4112 3849
f 4524 3819 3851
f 1298 3851 3819
f 1298 3828 3829
f 4579 3852 1915
f 4726 588 1307
f 3822 1312 1311
f 1290 3858 1312
f 1290 1314 3858
f 3860 3858 3859
f 3862 1309 1317
f 1316 1317 1313
f 1313 1310 1312
f 1334 1319 3874
f 1318 1319 1334
f 4555 1320 1322
f 3863 1324 3428
f 3868 4465 1323
f 4465 3865 1325
f 1327 3865 3868
f 1326 1333 3870
f 3874 1330 3869
f 1319 3875 3874
f 1337 1338 1321
f 3877 1322 1335
f 3879 3888 3878
f 1340 1342 1338
f 1332 4058 1344
f 1356 3886 3885
f 3886 3902 1350
f 3917 3887 3886
f 3879 3890 3888
f 4418 3890 3879
f 3883 3892 3908
f 3886 1350 3893
f 1351 3920 3896
f 3922 1352 3897
f 3880 1092 1348
f 3900 4418 1348
f 1353 1359 1357
f 3462 4220 1088
f 3903 1353 1360
f 1355 1345 4405
f 3908 1349 3907
f 3904 1344 3910
f 1343 3911 3884
f 1346 1087 4405
f 4700 3917 3898
f 1366 3920 3899
f 3921 3920 3899
f 1367 893 1369
f 1369 893 1
f 4391 4062 3177
f 4391 2 4062
f 3 1368 1367
f 4466 4062 2
f 1369 4063 1367
f 1372 1369 1
f 1 1371 1372
f 5 1372 1371
f 1371 4 1376
f 1376 4 3160
f 6 1371 1376
f 6 5 1371
f 1373 4063 5
f 5 1374 1373
f 5 6 1374
f 1409 1374 1375
f 1375 6 1376
f 9 1375 3160
f 1375 9 1408
f 1381 7 8
f 8 10 1381
f 4392 4197 3175
f 4065 11 1377
f 1381 1378 7
f 1378 1381 1379
f 1380 4065 1378
f 1378 1379 1380
f 1382 1379 1396
f 1379 1382 1383
f 1382 1392 1383
f 14 3187 1386
f 3188 1387 1386
f 1387 3190 3924
f 3190 1387 3188
f 1389 3924 3190
f 1385 15 3190
f 16 1386 1387
f 16 3924 1390
f 17 1391 1390
f 1383 4672 13
f 1395 1393 1397
f 1394 4672 1395
f 18 1394 1395
f 18 1395 1397
f 1397 1393 1396
f 19 1397 1398
f 4066 1397 19
f 4066 18 1397
f 4322 4066 19
f 4068 19 1414
f 1415 4802 1414
f 4802 4068 1414
f 1399 12 20
f 1403 4467 20
f 4321 1403 20
f 12 10 4321
f 1405 1400 1401
f 10 1400 1402
f 1404 1402 1406
f 4321 1402 1404
f 1404 1403 4321
f 1402 1400 1405
f 1375 1408 1409
f 1409 22 1405
f 1409 23 22
f 22 1407 1402
f 1406 1402 1407
f 23 1410 22
f 1408 9 4067
f 1411 4067 9
f 23 1408 4067
f 1407 1410 1412
f 4067 1410 23
f 24 1410 4067
f 45 24 3927
f 1460 24 45
f 1422 24 1460
f 1421 1407 1412
f 1407 1421 1406
f 1413 1406 1421
f 21 1403 1413
f 4467 1398 1399
f 25 1416 4068
f 4068 4802 25
f 4802 1415 25
f 1416 4807 4322
f 4807 1584 4322
f 4066 4322 1584
f 1417 4816 1427
f 4816 4071 1427
f 1416 4762 4535
f 1417 4786 4762
f 4786 4535 4762
f 1437 1436 1417
f 1437 1417 1427
f 1418 25 1419
f 25 1415 1419
f 1414 1398 4467
f 21 1413 1420
f 3926 4828 1420
f 4828 4323 1420
f 1423 1413 1421
f 4323 4828 4607
f 4828 3926 4607
f 4323 21 1420
f 4661 1421 1412
f 4661 1412 1422
f 1424 1422 1460
f 4661 1423 1421
f 1423 4661 26
f 26 4661 1425
f 4069 3926 3925
f 3926 4069 4607
f 4069 3925 1457
f 4070 4069 4073
f 4607 4800 1419
f 4800 1418 1419
f 1427 4071 27
f 4072 1427 1429
f 1428 27 4073
f 1432 1429 1428
f 28 1431 1430
f 4590 1431 28
f 4436 4590 28
f 1428 29 1432
f 4073 29 1428
f 4072 1430 1431
f 4072 1440 1435
f 1441 1437 1435
f 1437 1441 1443
f 1436 4781 1438
f 4781 1580 1438
f 1580 4781 56
f 4781 1436 56
f 56 1436 1437
f 4075 1442 4074
f 1440 4074 1435
f 1435 4074 1441
f 1439 1441 4074
f 1442 1452 31
f 1449 1442 4075
f 4075 30 36
f 1434 4810 4436
f 4810 4590 4436
f 1458 32 1433
f 1434 1453 1444
f 1453 33 1444
f 36 4590 1444
f 33 1453 1445
f 4590 36 30
f 34 33 1445
f 34 1445 35
f 1445 40 1446
f 1446 35 1445
f 37 35 1447
f 1448 4383 1447
f 1448 1447 35
f 37 1447 1450
f 36 34 37
f 1447 38 1450
f 1450 38 1451
f 1442 1450 1452
f 38 55 39
f 1451 1475 1452
f 39 55 1476
f 2744 3993 40
f 1453 40 1445
f 40 2745 2744
f 41 1453 1454
f 1434 1454 1453
f 1455 1434 1565
f 1456 4819 29
f 4819 42 29
f 4073 4069 1457
f 3925 1426 1457
f 1426 43 1457
f 4469 26 1425
f 42 4819 43
f 4819 1456 43
f 1458 1565 32
f 1565 1458 100
f 1564 100 1458
f 1458 42 1564
f 1425 1459 4469
f 44 4818 1459
f 4818 1518 1459
f 1518 4818 2847
f 4818 44 2847
f 1461 46 2753
f 47 2750 48
f 54 47 48
f 4324 46 4646
f 46 4324 1519
f 46 1461 4646
f 1520 4324 1462
f 4258 1461 54
f 54 1461 47
f 1463 4536 1462
f 4536 1520 1462
f 1463 1468 4536
f 1464 4258 53
f 1469 1464 53
f 1464 1469 49
f 1463 1464 50
f 1468 1463 50
f 1465 1466 50
f 1466 4468 1468
f 49 1465 50
f 51 49 1469
f 4258 54 1470
f 1470 53 4258
f 53 1470 52
f 1470 1521 1522
f 1470 1522 52
f 4712 4847 1471
f 4847 1478 1471
f 55 1471 1476
f 1475 1451 1472
f 31 1452 61
f 1443 1473 56
f 1580 56 1579
f 1474 4325 57
f 4325 1473 57
f 59 4325 58
f 59 3941 4325
f 1578 58 107
f 1474 31 61
f 1451 4076 1472
f 1472 4076 104
f 1476 104 4076
f 1471 1477 1476
f 1477 1479 3933
f 1477 1478 1479
f 1479 4500 1480
f 1479 1480 3933
f 1483 1481 3928
f 62 1484 1482
f 1487 62 1480
f 1567 1486 64
f 1486 63 1488
f 1487 1480 1485
f 1487 1485 1497
f 65 4537 1487
f 1490 1491 1489
f 1507 1490 4537
f 1506 1507 4537
f 1492 1489 1491
f 1492 1491 1495
f 1488 1493 1494
f 1494 64 1488
f 1495 1569 1492
f 4586 1569 1495
f 4586 1495 4647
f 65 1487 1497
f 1497 1485 1498
f 1497 706 3930
f 788 1501 70
f 1500 67 1499
f 1499 68 1500
f 1499 67 1502
f 788 1641 1501
f 69 1501 1637
f 4327 1499 1502
f 1499 4327 68
f 66 68 71
f 66 72 4326
f 3929 4326 72
f 71 1505 72
f 1503 4327 1502
f 1637 1503 69
f 1504 4327 1503
f 1505 4327 128
f 1506 65 3930
f 1506 3929 1507
f 1496 1507 1517
f 1496 4647 1495
f 1509 4586 4647
f 1509 1510 4586
f 1510 1656 1635
f 1510 1509 1511
f 1508 1496 1512
f 1496 1517 1512
f 1508 1513 1509
f 1513 1514 1511
f 73 1514 1513
f 4426 4077 1515
f 1516 4077 1512
f 1516 1505 3937
f 4077 74 1515
f 3929 72 1516
f 1517 1516 1512
f 43 1426 4469
f 1519 4324 75
f 1564 1519 75
f 1520 4536 1566
f 1466 1465 2848
f 2849 1465 2856
f 49 2858 2856
f 1521 4328 1522
f 77 52 1522
f 77 1469 52
f 77 1526 4757
f 1523 2858 51
f 1524 2858 1523
f 1523 4757 1524
f 1526 79 4757
f 4757 79 1524
f 80 78 2860
f 79 1527 1524
f 80 1530 78
f 79 1525 81
f 79 81 1527
f 1527 81 82
f 81 1525 1534
f 1533 751 1528
f 1525 1533 1534
f 78 1532 1531
f 1530 1532 78
f 1529 1534 83
f 1533 1528 4078
f 1534 4078 83
f 83 1550 1549
f 1535 1531 1532
f 1535 1532 4662
f 85 4684 1531
f 2868 1531 4684
f 85 84 4684
f 86 1537 85
f 1536 89 86
f 1537 89 1539
f 1540 1538 1542
f 1543 87 1542
f 1541 1539 1544
f 90 1546 1545
f 2894 87 2904
f 89 88 1545
f 1539 89 1544
f 1544 89 1545
f 1547 4166 88
f 4718 4166 1547
f 1548 1536 86
f 1548 1535 4662
f 1548 1551 1536
f 1548 1550 1551
f 4718 1547 1536
f 1553 4718 1552
f 3931 2895 1551
f 1553 1552 4625
f 87 4799 2904
f 4799 1555 2904
f 4329 1546 90
f 1554 90 91
f 90 88 91
f 88 4166 4386
f 92 91 766
f 4329 90 1554
f 91 4470 1554
f 1556 4329 1554
f 1546 4822 1543
f 4822 1557 1543
f 2904 1555 4079
f 1557 1555 1543
f 1558 1556 1554
f 92 93 4470
f 93 1559 4470
f 1559 1558 4470
f 1557 1556 96
f 96 94 1557
f 1555 1557 94
f 94 2912 1555
f 4079 1555 2912
f 94 2913 2912
f 2913 94 1561
f 1561 94 96
f 96 1558 1559
f 95 1560 1559
f 98 4291 2913
f 2913 99 98
f 1563 99 4259
f 4556 4538 1563
f 1560 4685 4663
f 1563 4538 99
f 43 3932 42
f 42 3932 1564
f 100 101 1565
f 3932 2755 1519
f 1467 2748 101
f 684 1455 1565
f 1565 101 684
f 101 100 1566
f 1566 4536 1467
f 1566 75 1520
f 101 1566 1467
f 1483 1567 1481
f 1567 64 1573
f 1573 102 1567
f 1494 1573 64
f 1571 1572 103
f 1570 1571 103
f 1571 1723 1574
f 102 1724 1481
f 1721 102 1573
f 1573 1572 1721
f 1724 102 1721
f 1481 1575 4471
f 104 4471 1575
f 1472 104 105
f 61 1475 1576
f 1577 1576 1475
f 1475 1472 1577
f 1577 105 158
f 158 157 1577
f 61 1576 60
f 59 1578 4087
f 1580 1706 1438
f 1580 1579 4260
f 4260 1579 154
f 1706 4535 1438
f 1705 1581 1706
f 1582 1585 1583
f 1586 1585 1582
f 1705 1582 1581
f 4086 4815 1582
f 4815 1586 1582
f 1583 18 1584
f 18 1583 1394
f 108 1394 1583
f 1668 4845 1585
f 4845 108 1585
f 1586 1668 1585
f 1589 4803 1590
f 4803 1668 1590
f 108 109 1394
f 1592 16 1390
f 1588 1587 1589
f 109 1589 1587
f 109 108 1589
f 1588 4741 1391
f 1590 1588 1589
f 1590 4741 1588
f 1590 110 1591
f 1591 1625 1592
f 1592 3935 16
f 3935 14 16
f 4330 1594 966
f 4330 1595 1594
f 4261 4082 1595
f 112 113 967
f 4080 1597 4027
f 1602 971 4027
f 4591 1598 1620
f 4591 1599 1605
f 1599 1606 115
f 4591 4832 114
f 4832 1618 114
f 1618 1600 114
f 1604 1599 115
f 1604 1605 1599
f 1601 116 1602
f 1789 116 1601
f 115 1603 1604
f 1604 117 201
f 201 117 1788
f 1606 4608 115
f 1606 1600 1609
f 1607 216 1608
f 1603 1607 1608
f 1787 117 1608
f 1610 1607 4608
f 1609 1610 4608
f 216 1607 1611
f 118 1613 1611
f 118 1611 4081
f 4081 1611 1612
f 118 1614 145
f 145 1613 118
f 119 4836 3934
f 4836 1615 3934
f 1614 119 1674
f 1674 119 1673
f 121 4812 1666
f 4812 1665 1666
f 120 1609 1617
f 1600 1618 1616
f 122 1616 1618
f 1619 123 122
f 1618 1619 122
f 1619 1622 1624
f 1623 1619 1620
f 1622 1619 1623
f 112 1633 1621
f 4082 4705 112
f 111 3935 4472
f 4083 1592 1625
f 124 1625 1591
f 124 1629 1625
f 125 1629 124
f 124 126 125
f 4706 110 1627
f 1627 1590 1668
f 1667 1627 1668
f 4706 1665 1628
f 1629 125 3936
f 126 4773 125
f 4773 1617 125
f 1617 4773 1628
f 4773 126 1628
f 1617 1616 4331
f 125 1617 4331
f 1616 122 4331
f 122 4332 4331
f 125 4331 3936
f 1630 4472 1625
f 1631 4438 3936
f 1633 1631 1632
f 1635 1656 1655
f 1638 1639 73
f 1515 1503 1636
f 1504 1503 1515
f 74 1504 1515
f 128 1504 74
f 74 3937 128
f 127 73 1639
f 1639 2048 127
f 1638 129 2050
f 3938 4115 129
f 2057 4857 2059
f 3938 4876 4857
f 4876 2059 4857
f 1640 4980 1643
f 4980 1641 1643
f 788 130 1641
f 130 4966 4005
f 4966 790 4005
f 4719 1642 4005
f 1643 1641 1642
f 1640 132 2059
f 1643 4719 132
f 4719 131 132
f 131 4719 4005
f 4005 2939 131
f 131 133 1644
f 1644 132 131
f 1644 326 132
f 326 1644 1645
f 1645 791 2061
f 2061 4387 2062
f 133 131 2939
f 406 3318 134
f 134 1649 406
f 1649 134 1647
f 1647 134 1648
f 3318 3325 135
f 135 1648 134
f 4032 1648 135
f 1650 1648 3319
f 3319 1648 4032
f 136 1649 1647
f 1651 4446 136
f 4446 1649 136
f 1654 1651 136
f 137 4352 4262
f 1650 138 136
f 3939 1654 138
f 127 2048 1655
f 1653 1655 2048
f 1657 1654 3939
f 1655 1654 1657
f 1635 1655 1662
f 1634 139 1658
f 1568 1569 1658
f 1568 1658 1570
f 1658 139 1659
f 1659 139 1660
f 1660 4333 1659
f 4669 141 4333
f 1723 1571 141
f 141 4665 1723
f 141 4791 4665
f 4791 1003 4665
f 140 1661 3320
f 1662 1661 140
f 1661 1664 1663
f 1664 1661 1662
f 1663 1664 1001
f 3324 1001 3939
f 1617 1628 120
f 1670 1666 1669
f 1667 1669 1665
f 1669 1667 1704
f 143 1666 1670
f 3934 4820 4419
f 4820 144 4419
f 147 3934 4084
f 4419 4084 3934
f 1675 145 1614
f 146 145 1675
f 1677 1675 1674
f 147 1678 119
f 1678 1679 1673
f 1725 1679 1680
f 1679 148 1680
f 1679 147 4609
f 1681 144 1672
f 1682 4673 151
f 1689 1683 1682
f 4419 4639 4084
f 4473 1680 148
f 149 4609 1684
f 185 148 149
f 3940 4473 148
f 4473 3940 177
f 149 4817 181
f 4817 1687 181
f 1684 4838 4085
f 4838 1685 4085
f 1686 4085 1683
f 4557 1689 1690
f 4610 1686 1691
f 1686 4610 1687
f 1690 1694 1691
f 1692 4798 1693
f 4798 1695 1693
f 1690 4686 1694
f 1695 1694 196
f 4686 1690 1696
f 150 1689 1682
f 1699 1698 1696
f 1698 4686 1696
f 4539 4686 1697
f 2047 196 4539
f 1698 2043 4686
f 150 1700 1699
f 150 1682 151
f 1681 4771 151
f 4771 1671 151
f 1671 1672 143
f 150 151 152
f 156 1700 1701
f 1700 1702 1701
f 1700 152 1702
f 1703 1701 1702
f 1703 4824 1701
f 4824 155 1701
f 1671 143 1670
f 155 4824 153
f 4824 1703 153
f 1704 1667 1626
f 1586 4815 153
f 4815 4086 153
f 1706 4260 1705
f 1579 1707 154
f 3941 160 2045
f 1707 3941 1709
f 1709 3941 2045
f 154 1709 4676
f 1714 4804 1708
f 4804 4086 1708
f 4086 4804 155
f 4804 1714 155
f 1701 155 1712
f 156 1701 1712
f 1712 1713 156
f 156 1710 1699
f 1710 1698 1699
f 1710 2043 1698
f 1712 155 1714
f 1714 4676 1713
f 106 1716 107
f 106 1715 4720
f 157 158 4720
f 1715 157 4720
f 1716 4087 1578
f 1716 4720 1717
f 1716 1717 159
f 4720 158 1717
f 1722 4795 1717
f 4795 159 1717
f 159 160 4087
f 59 4087 160
f 1717 1719 1722
f 1719 1717 158
f 159 4795 1720
f 4795 1722 1720
f 159 1720 162
f 2045 160 2046
f 162 163 4721
f 2046 197 2047
f 1775 197 161
f 161 1718 1775
f 1718 162 4721
f 105 4843 1719
f 4843 1724 1719
f 1724 4843 1575
f 4843 105 1575
f 1721 1574 1722
f 1720 1722 1574
f 163 162 1720
f 1676 164 1732
f 4334 1676 1732
f 4648 1677 165
f 166 165 1677
f 1725 166 1673
f 1679 1725 1673
f 1725 167 166
f 166 167 165
f 4648 165 1726
f 164 4648 1726
f 164 1726 1729
f 165 167 1728
f 167 1725 1727
f 1728 171 170
f 1728 1727 171
f 1727 1739 169
f 1727 169 171
f 177 169 1739
f 170 171 1730
f 1726 1728 168
f 4263 4088 168
f 4263 170 1730
f 1730 171 169
f 1729 4088 4264
f 173 4264 1734
f 4263 3942 1731
f 4263 1731 4088
f 1732 173 3943
f 1732 3943 174
f 174 3943 203
f 174 203 1733
f 1733 4334 174
f 146 4722 145
f 1613 4722 216
f 4089 1734 1824
f 3942 1735 3944
f 283 3944 1735
f 1736 3942 4263
f 1893 1735 1736
f 1893 1736 175
f 169 1737 4335
f 1738 4335 1917
f 177 1737 169
f 178 179 1737
f 179 176 1737
f 1917 4335 1916
f 3940 183 4439
f 177 3940 178
f 1741 176 179
f 1741 179 180
f 4439 180 178
f 4439 4611 180
f 183 4336 4439
f 183 3940 185
f 1740 181 1687
f 183 182 4336
f 4611 1742 180
f 1753 1741 1752
f 1753 1916 1741
f 176 1741 1916
f 189 1754 1742
f 1742 1751 189
f 1742 4611 184
f 184 4336 1750
f 190 4747 1743
f 186 1743 4747
f 1743 1749 190
f 187 1747 186
f 182 1744 186
f 1744 1745 187
f 1740 1745 1744
f 1688 1769 1745
f 4610 1692 1769
f 1745 1769 1768
f 1746 192 1743
f 1748 1747 187
f 1763 188 1749
f 190 4336 4747
f 4336 190 1750
f 184 1750 1759
f 1752 4664 1755
f 1752 1755 1756
f 1755 4664 1757
f 1750 1758 1759
f 188 190 1749
f 188 191 190
f 1759 1758 1760
f 4343 1751 1759
f 4343 1759 1760
f 191 4100 1758
f 1758 1926 1760
f 1761 4100 191
f 4100 1761 1928
f 188 1763 1761
f 1766 1764 1763
f 1762 1766 192
f 1766 1762 1765
f 1766 1767 1764
f 1764 1930 1763
f 193 1764 1767
f 1748 1768 194
f 1692 1771 1769
f 1769 1770 1768
f 1781 194 1770
f 1768 1770 194
f 1773 1771 1693
f 1695 195 1693
f 196 195 1695
f 4677 196 197
f 196 4677 195
f 1772 1693 195
f 197 1775 4677
f 195 4677 4540
f 1771 1773 1774
f 1779 1772 4540
f 1779 4540 1778
f 4665 4721 163
f 1775 4721 1776
f 4677 1775 1776
f 4677 1776 4540
f 4665 163 1723
f 4665 4850 1778
f 4850 1777 1778
f 1778 4540 1776
f 3326 1779 198
f 1770 1774 1781
f 1774 1783 1781
f 1781 1783 1784
f 1773 4834 1774
f 4834 1783 1774
f 1780 1773 1772
f 4707 199 1780
f 4707 1786 199
f 1785 1784 1783
f 1784 1785 1765
f 1785 4101 1765
f 4588 1785 1783
f 1786 4588 199
f 1608 216 4722
f 1608 4722 1787
f 1787 1788 117
f 1787 4337 1788
f 3313 116 1789
f 1789 200 3313
f 1790 200 1791
f 217 4612 1794
f 1795 4474 1601
f 1795 217 4474
f 217 1794 4474
f 1796 217 1795
f 1733 4337 4722
f 1798 1796 202
f 1798 1825 1796
f 1798 205 1825
f 1801 205 1798
f 4649 1799 1797
f 1797 1799 1798
f 204 1801 1799
f 1800 1801 204
f 204 1799 4649
f 1824 1800 204
f 204 4089 1824
f 206 1815 1800
f 1804 4338 1802
f 213 1802 4338
f 207 1804 1802
f 1804 1805 4613
f 1807 1806 208
f 208 1808 1807
f 210 1809 1808
f 1809 1812 1808
f 211 210 1810
f 211 1809 210
f 1811 211 1810
f 1811 1822 211
f 211 212 1809
f 214 1820 212
f 1812 212 1820
f 1812 1820 1813
f 1813 1818 1817
f 1806 209 213
f 213 4338 1806
f 209 1814 4440
f 4580 213 209
f 1816 4580 209
f 209 4440 1816
f 1819 1817 1818
f 1821 1818 1813
f 1820 1821 1813
f 1820 215 1821
f 1848 4756 1822
f 1847 1848 1822
f 4613 1810 208
f 1880 4613 1805
f 1892 207 1823
f 4427 1731 3944
f 1824 1731 4427
f 4089 204 3943
f 3943 204 4649
f 1733 4722 146
f 218 217 1825
f 205 1826 1825
f 1826 1815 4580
f 218 1793 4612
f 1825 219 218
f 1826 219 1825
f 3542 1793 219
f 3542 219 1826
f 220 3542 1826
f 4580 220 1826
f 1125 1828 221
f 1828 4339 223
f 4339 1828 1964
f 1830 4339 4440
f 1817 1830 4440
f 4339 224 223
f 224 222 223
f 222 224 1833
f 1831 222 3706
f 1833 3706 222
f 1833 1834 3706
f 3706 1225 1831
f 1832 4261 1595
f 1834 1860 3707
f 1860 1834 226
f 224 4090 1833
f 1837 1834 4090
f 1836 4090 224
f 224 1830 1836
f 1836 1819 1837
f 225 1818 1838
f 1838 226 225
f 1837 225 226
f 4742 235 1838
f 4742 1840 1841
f 4340 4091 1840
f 1840 4091 1841
f 1839 1841 1842
f 1841 4091 1842
f 1842 4265 234
f 1842 234 1839
f 234 4265 1859
f 1842 4091 1843
f 1842 1843 4743
f 4340 1845 1844
f 1844 1843 4091
f 231 1843 1844
f 215 1845 4340
f 1845 215 214
f 1846 4687 4756
f 4756 1848 1846
f 4748 1846 1848
f 1811 227 1847
f 4092 1847 241
f 1882 241 1847
f 1882 1879 241
f 1851 4093 1878
f 1850 1851 1878
f 1851 232 4093
f 232 228 4093
f 229 1846 228
f 230 1852 229
f 1852 231 1844
f 1843 231 1861
f 1853 1857 1852
f 1851 1850 1854
f 1851 1854 232
f 233 1854 1850
f 233 1855 1854
f 232 1855 1853
f 1853 1855 1856
f 1856 1857 1853
f 233 1858 1855
f 1858 1856 1855
f 1856 1858 4723
f 1857 1861 231
f 4743 4265 1842
f 1839 234 4238
f 4238 234 3709
f 1835 1860 235
f 235 4238 1835
f 4743 1862 4265
f 1861 1874 1862
f 1863 1862 1874
f 1859 1863 1869
f 3713 3712 1865
f 3945 1866 1865
f 1867 1866 3945
f 3945 1868 237
f 3945 1869 1868
f 1869 3945 236
f 1863 1868 1869
f 1966 237 1868
f 1872 1870 3946
f 4749 238 1872
f 1977 1973 4749
f 4749 1973 238
f 1872 1871 4749
f 1871 1872 1873
f 1979 1873 1874
f 4442 1871 4094
f 289 4442 1875
f 4723 1858 1875
f 1858 233 1876
f 1878 1877 1850
f 1850 1877 233
f 1877 1878 1902
f 1902 1878 240
f 240 1878 1849
f 1849 4092 241
f 239 1877 1902
f 1876 1877 239
f 289 1875 239
f 1880 227 1811
f 1880 242 227
f 242 1880 1881
f 4613 1811 1810
f 1883 242 1881
f 243 227 242
f 1883 243 242
f 243 1883 1886
f 4614 1884 243
f 1885 4097 1879
f 4097 1885 244
f 1879 1884 1885
f 245 244 1885
f 1885 4266 245
f 4614 4266 1884
f 4266 4096 245
f 1889 1883 4587
f 1888 1883 1897
f 1886 1888 1887
f 4095 1897 1889
f 4587 1891 1889
f 1889 1891 1890
f 1889 1890 246
f 246 1894 1889
f 1892 4587 1805
f 1890 1891 4441
f 1891 283 4441
f 1890 4441 246
f 1892 283 1891
f 246 1907 1895
f 2019 1894 1895
f 1897 4095 1896
f 1897 1896 1888
f 1888 1896 1906
f 1900 244 1898
f 1900 1899 244
f 1899 1900 1901
f 1903 1902 240
f 1980 1903 240
f 249 4347 1980
f 303 251 250
f 252 244 245
f 252 1898 244
f 252 245 1905
f 245 4096 1905
f 4480 252 1905
f 2015 1905 4096
f 1887 253 4098
f 313 253 1906
f 313 1896 254
f 4095 2019 314
f 1895 247 2022
f 175 4341 1907
f 247 1908 255
f 1909 1738 1908
f 1908 1738 256
f 1738 1917 256
f 1738 1909 172
f 4341 175 1909
f 1912 1910 4267
f 1910 1912 2005
f 258 257 1910
f 2006 258 1910
f 1912 4267 1911
f 1912 1911 259
f 259 1911 4675
f 4675 4250 1914
f 260 2003 2004
f 2003 261 4349
f 262 1917 1916
f 262 256 1917
f 256 1918 1919
f 1920 1919 4099
f 4099 1919 1918
f 262 1918 256
f 1753 262 1916
f 1756 262 1753
f 1756 1753 1752
f 1757 4664 1754
f 263 1755 1757
f 1755 4541 1756
f 1755 263 4541
f 1754 4801 1757
f 4801 2111 1757
f 1754 189 277
f 1757 2108 263
f 1923 262 4541
f 262 1923 1918
f 1920 4099 1922
f 4099 1918 1923
f 1923 4541 4118
f 2100 4594 4342
f 1924 277 189
f 4343 1760 1924
f 1760 1926 1925
f 264 1926 4100
f 345 1924 1925
f 264 1925 1926
f 1925 264 345
f 4100 1927 264
f 278 264 276
f 1761 1930 1928
f 1929 1930 193
f 1930 1947 265
f 1929 193 266
f 1785 4588 4101
f 1934 1932 1786
f 4102 267 266
f 4102 3351 267
f 4103 266 267
f 1941 1028 3839
f 1029 1028 1941
f 1936 269 1938
f 269 1935 268
f 1937 269 268
f 270 1937 268
f 269 1937 271
f 271 1938 269
f 1940 1938 271
f 1940 271 3947
f 272 1940 3947
f 1943 1939 272
f 1940 1942 1938
f 1945 4104 273
f 4526 1938 1942
f 1943 4552 1939
f 1944 272 3947
f 1944 1943 272
f 4475 1942 1940
f 4344 1945 1942
f 1950 1930 265
f 1948 4344 1949
f 1944 1951 1943
f 265 1951 1950
f 1955 1952 1944
f 280 1959 1960
f 1959 280 1937
f 274 1954 4476
f 1955 1944 274
f 1955 1927 1952
f 274 279 1955
f 279 275 1955
f 1955 275 1927
f 1927 4100 1952
f 4100 1928 1952
f 264 1927 276
f 345 264 278
f 1924 345 2102
f 4476 280 1960
f 1960 1959 1958
f 1960 1958 281
f 4476 1960 4445
f 4476 282 279
f 282 1957 279
f 1956 1957 1962
f 276 1956 1961
f 1957 282 1962
f 2115 282 4445
f 2103 1958 1963
f 164 173 1732
f 173 164 1729
f 284 1965 237
f 1966 1967 284
f 1967 4268 1970
f 1967 1970 4650
f 4105 4650 1971
f 4105 1968 1867
f 1971 1969 4105
f 1970 4592 285
f 4558 1971 4650
f 1969 1971 4345
f 4558 285 1984
f 1974 285 4592
f 1973 1972 238
f 1976 4268 1972
f 1976 1973 1977
f 288 286 4749
f 1977 4749 286
f 1975 4346 287
f 1974 4346 285
f 1976 1983 1974
f 1977 286 3948
f 288 1978 286
f 3948 1978 4593
f 1981 4593 1978
f 4749 1871 288
f 1871 1873 1979
f 4347 288 4442
f 289 4347 4442
f 239 1902 289
f 249 1981 4347
f 4593 1981 290
f 291 3948 4477
f 3948 1982 1977
f 1982 1983 1977
f 1999 290 4478
f 290 1999 4477
f 300 4346 1974
f 4346 1989 287
f 287 1985 1975
f 4558 1984 4345
f 4345 1984 1986
f 1984 1987 1986
f 4269 1987 1984
f 4269 1985 293
f 1968 1969 4420
f 1987 296 1986
f 1987 294 296
f 293 294 4269
f 295 297 296
f 296 297 4559
f 294 1195 295
f 295 1195 298
f 1988 295 298
f 1985 4107 293
f 4107 1985 292
f 1982 1991 1983
f 1991 300 1983
f 1990 291 1998
f 301 4106 1990
f 1990 4106 1991
f 292 4106 1993
f 1993 1992 292
f 302 1998 1999
f 1999 1998 291
f 4478 302 1999
f 4478 290 3949
f 304 4348 1904
f 3949 4348 304
f 3949 305 4478
f 305 302 4478
f 1996 305 3703
f 304 4108 305
f 3703 305 4108
f 2000 2030 4542
f 4542 3692 2000
f 2002 261 1915
f 2038 261 2002
f 4349 261 2038
f 322 2036 2003
f 4479 2005 1912
f 308 2006 2005
f 309 1222 2009
f 310 2009 2008
f 2008 2011 310
f 310 2011 4236
f 310 311 2012
f 310 4236 311
f 311 2013 318
f 2013 4108 318
f 250 251 312
f 251 2018 312
f 2018 251 1898
f 1898 4480 2018
f 4110 2018 4480
f 2014 4098 253
f 2014 253 4109
f 253 313 4109
f 2015 2014 2017
f 2016 2015 2017
f 4480 2015 2016
f 4480 2016 4110
f 4110 312 2018
f 3950 312 4110
f 4109 323 2017
f 2019 2024 314
f 254 314 315
f 4109 2020 323
f 317 2021 2020
f 315 317 2020
f 315 314 2024
f 4342 4251 4112
f 4342 4594 4111
f 2023 308 4479
f 308 4113 351
f 351 352 1921
f 4113 2024 352
f 2026 2016 2034
f 2032 2031 3950
f 2027 2028 3950
f 3950 2028 312
f 250 312 2028
f 319 309 2010
f 3704 1222 320
f 2031 2029 3704
f 3704 2029 4237
f 4351 2030 306
f 2029 2032 4351
f 320 319 2031
f 2031 2032 2029
f 2032 321 4351
f 2025 2033 2032
f 2026 2033 2025
f 322 2034 3951
f 2037 4114 321
f 4114 2037 324
f 2037 2042 324
f 325 2032 2033
f 322 2003 4349
f 322 4349 2035
f 4349 2038 2039
f 325 2040 2037
f 2040 2041 2042
f 2038 2041 2039
f 2038 2002 2041
f 2042 2002 2001
f 319 4443 2031
f 2027 4443 2028
f 318 4443 2010
f 318 2028 4443
f 1711 2044 2043
f 2044 1697 2043
f 2044 1711 4534
f 4676 4534 1711
f 4534 4676 2045
f 1709 2045 4676
f 4534 2045 2044
f 2045 2046 2044
f 2044 2047 1697
f 1652 2049 2051
f 2050 2051 2049
f 129 4115 2053
f 129 2053 2050
f 2053 2052 2050
f 2051 331 1652
f 3938 4857 4115
f 2057 4869 4857
f 4869 4115 4857
f 4115 4883 4872
f 4883 2055 4872
f 4872 2053 4115
f 2056 4929 4872
f 4929 2053 4872
f 4872 2055 2056
f 2052 2054 330
f 2053 4929 2054
f 4929 2056 2054
f 2064 329 2072
f 2057 4907 4903
f 4907 328 4903
f 4903 2055 2057
f 328 4907 2058
f 4907 2057 2058
f 2057 2059 2060
f 2059 326 2060
f 2062 327 2077
f 2061 2062 4353
f 2063 2061 4353
f 2063 4914 2060
f 4914 2057 2060
f 2057 4914 2058
f 4914 2063 2058
f 2058 2063 4353
f 2077 4860 2062
f 2065 4910 4860
f 4910 2062 4860
f 2069 4931 4860
f 4931 2065 4860
f 4860 2077 2069
f 2068 4911 2065
f 4911 329 2065
f 2066 329 2067
f 3952 4924 2066
f 2071 4985 4924
f 4985 2066 4924
f 2066 4481 3952
f 2067 4481 2066
f 329 4864 2072
f 4864 2073 2072
f 2073 330 2054
f 331 4482 4352
f 334 4482 330
f 2073 334 330
f 334 2074 4482
f 332 4962 2075
f 4962 333 2075
f 545 4527 2076
f 334 2075 2074
f 2076 4901 4354
f 4901 3952 4354
f 4354 3952 4481
f 548 4976 4885
f 4976 2076 4885
f 4885 2084 548
f 2082 4930 4483
f 4930 2067 4483
f 3953 4905 4877
f 4905 2069 4877
f 4877 335 3953
f 2080 4963 4116
f 4963 3953 4116
f 2079 4933 3954
f 4933 4116 3954
f 2081 2080 2082
f 2082 4925 2085
f 4925 2086 2085
f 4117 4858 3954
f 3955 4875 4858
f 4875 3954 4858
f 336 4893 3955
f 4893 2079 3955
f 2079 4893 2087
f 4893 336 2087
f 2070 2085 2083
f 2085 2086 2083
f 2090 4560 4589
f 4589 4560 2089
f 356 2089 2088
f 2092 2091 336
f 2092 2124 4271
f 2124 4955 4868
f 4955 2094 4868
f 4868 2095 2124
f 2095 4868 2096
f 2094 4993 4868
f 4993 2096 4868
f 2096 4993 4713
f 4993 2094 4713
f 4503 4595 4713
f 2097 2095 338
f 2097 338 337
f 337 338 339
f 337 2134 353
f 337 339 2136
f 338 4956 339
f 4956 4595 339
f 2098 4938 343
f 4938 4444 343
f 549 4887 4755
f 4887 4444 4755
f 342 2086 2087
f 2087 2090 342
f 4589 4942 2090
f 4942 342 2090
f 342 4942 2099
f 4942 4589 2099
f 4444 2099 4589
f 1510 1635 1634
f 1635 1662 1634
f 1634 1662 140
f 139 1634 140
f 3956 4111 4594
f 2100 4118 344
f 344 4594 2100
f 2102 277 1924
f 2102 349 2112
f 2102 2113 349
f 2113 345 278
f 2115 1962 282
f 281 2103 346
f 2103 1305 346
f 4445 4270 2115
f 2119 2104 1315
f 2120 3860 2106
f 2106 3860 3859
f 3860 347 2105
f 3859 2107 2106
f 4118 4119 344
f 4118 2101 4119
f 348 2101 2110
f 2101 348 4119
f 348 2120 2109
f 2112 2110 2111
f 2102 2111 277
f 2102 2112 2111
f 2138 2110 2112
f 2112 349 2121
f 349 1962 2114
f 2116 2114 1962
f 1962 2118 2116
f 2115 4270 2119
f 2118 2115 2119
f 2116 2118 2117
f 2119 4270 2104
f 2119 1315 2105
f 347 2119 2105
f 2118 2119 347
f 2117 2118 347
f 347 3860 2117
f 2120 2117 3860
f 350 2116 2117
f 2122 2120 348
f 2138 2112 2121
f 350 2120 2122
f 2122 2121 350
f 2138 2121 2122
f 1921 4350 351
f 352 351 4113
f 2098 343 359
f 2089 356 343
f 2088 2128 356
f 2124 4922 4271
f 4922 2123 4271
f 353 2125 354
f 2125 4897 354
f 4897 4708 354
f 354 2127 2126
f 2127 4946 358
f 4946 4708 358
f 2129 355 2127
f 2123 355 2129
f 2129 4356 2123
f 357 4977 4356
f 4977 2128 4356
f 2128 4961 356
f 359 4992 4961
f 4992 356 4961
f 4356 2129 357
f 2131 2130 358
f 2133 4866 823
f 4866 2131 823
f 358 2995 2131
f 4708 4897 4428
f 4897 2125 4428
f 2133 4867 2128
f 359 4961 4867
f 4961 2128 4867
f 2134 360 2135
f 2136 360 2134
f 2137 360 2136
f 3013 360 2137
f 341 3013 2137
f 339 340 2137
f 4538 2150 99
f 4291 98 362
f 362 4758 4291
f 99 2150 2139
f 2139 363 362
f 856 363 4454
f 4120 4014 2151
f 4120 2151 2141
f 4688 2144 2146
f 2142 2148 2144
f 363 4724 4688
f 4121 4724 367
f 367 4724 2150
f 2143 367 2140
f 2142 2153 2148
f 2149 2145 2153
f 2149 2141 2145
f 2145 4561 368
f 368 4561 4562
f 4120 2141 2149
f 366 4120 2149
f 2140 366 2143
f 4538 2140 2150
f 4561 2152 4562
f 3040 4562 2152
f 4562 3040 3041
f 2156 2154 2153
f 2148 2153 2154
f 3041 2160 4562
f 368 4562 2163
f 2147 2148 2155
f 4668 2146 2147
f 2146 4668 2157
f 4357 4668 2147
f 369 370 2159
f 2158 370 369
f 2158 369 2154
f 868 2159 370
f 370 2161 868
f 2161 370 371
f 4562 2160 2163
f 2162 4272 371
f 2163 4272 2162
f 2160 2164 2163
f 2161 2165 3063
f 371 2165 2161
f 2164 2166 4272
f 2165 2166 2167
f 2168 3067 372
f 2168 372 4358
f 2169 2174 375
f 4359 2174 2169
f 372 2169 4358
f 373 4563 2170
f 4484 4358 2170
f 2172 2171 3957
f 2170 374 4484
f 2189 2169 375
f 396 2189 375
f 396 3958 2176
f 2177 2176 3958
f 2177 3958 4360
f 2180 4360 3958
f 3958 2178 2180
f 3958 376 2178
f 2179 2178 376
f 379 2178 896
f 379 2183 2180
f 377 2177 4360
f 2177 377 2615
f 378 2185 2181
f 378 4360 2182
f 2182 3959 4361
f 4361 2184 2182
f 2183 379 3959
f 379 380 3959
f 3959 382 381
f 381 382 4507
f 386 2190 383
f 383 2190 4362
f 383 2186 384
f 384 2186 3960
f 376 2174 385
f 4359 385 2174
f 2179 385 3077
f 896 4190 380
f 4507 3960 381
f 2187 2199 3960
f 2188 3133 2171
f 2641 2188 2172
f 2641 2172 374
f 2642 374 2173
f 4568 2642 2173
f 4563 632 623
f 632 4563 2189
f 375 376 396
f 2175 2189 396
f 2175 632 2189
f 4122 677 603
f 2190 2191 2192
f 2194 2195 2214
f 386 2196 2191
f 2195 2196 2215
f 2190 386 2191
f 388 4840 2197
f 4840 386 2197
f 2197 3960 2199
f 2187 898 389
f 2200 2187 2201
f 2202 2204 2201
f 2204 2203 3170
f 2200 4274 4543
f 3170 2206 2205
f 2205 2206 390
f 4274 2205 390
f 2207 4274 2208
f 2207 4596 391
f 391 4596 2227
f 2208 2212 2209
f 390 2210 2212
f 3181 2211 2210
f 3181 393 2211
f 393 3181 392
f 2211 393 2212
f 2209 2212 2213
f 393 2213 2212
f 2193 387 4123
f 2215 394 2214
f 2215 2216 394
f 4275 2217 387
f 387 2217 4123
f 397 2217 2225
f 2217 4275 4421
f 4421 4275 2218
f 4363 2218 4275
f 2219 398 4485
f 4485 4678 2219
f 398 2219 2220
f 4678 2946 4727
f 4678 2222 2946
f 4750 4485 2221
f 4750 2223 2222
f 2222 2223 2948
f 2223 2224 2948
f 4750 2236 2223
f 4750 2235 2236
f 2948 2224 546
f 2236 3961 2223
f 400 4421 2218
f 4363 419 2218
f 2196 2226 2215
f 2227 2226 2196
f 391 388 2197
f 4596 399 2227
f 399 4837 2228
f 4837 2229 2228
f 2229 2231 2228
f 2232 2230 2228
f 2230 2226 399
f 2230 2269 2226
f 2230 2270 2269
f 2270 2230 2232
f 2231 2232 2228
f 2317 2232 2231
f 2232 2267 2270
f 401 2233 402
f 402 400 403
f 2233 400 402
f 2234 4633 402
f 2243 2235 4633
f 2234 2243 4633
f 403 2237 404
f 418 2238 419
f 2240 4833 2237
f 4833 404 2237
f 2240 4778 4634
f 4778 2238 4634
f 404 4833 405
f 2240 4835 4833
f 4835 405 4833
f 2246 2245 2260
f 2246 415 2247
f 414 2248 415
f 2248 2251 2247
f 2244 2247 2250
f 4711 2236 4486
f 4486 411 4711
f 4486 2250 411
f 2249 2251 2248
f 2255 2252 2253
f 2253 4446 407
f 408 407 4446
f 408 4446 1651
f 1653 408 1651
f 408 409 407
f 2256 410 407
f 407 410 2253
f 2254 2251 2255
f 2254 2255 2253
f 4352 137 2256
f 2254 2257 411
f 411 2251 2254
f 2074 2257 137
f 4352 2256 409
f 2249 2248 414
f 2258 2249 414
f 412 1012 2258
f 412 2291 1012
f 3336 1012 2291
f 413 412 2258
f 2258 414 413
f 414 415 2260
f 2260 413 414
f 2259 413 2260
f 417 2259 2261
f 2261 2264 417
f 2263 2292 2262
f 2292 2263 2293
f 2292 2264 2262
f 2291 417 4366
f 2241 416 2245
f 2245 416 2262
f 2262 2260 2245
f 4365 4760 2265
f 4760 2240 2265
f 2265 4796 4761
f 4796 4634 4761
f 4761 2266 2265
f 2268 4764 4761
f 4764 2266 4761
f 4761 4634 2268
f 2265 2266 433
f 2267 4759 2266
f 4759 2316 2266
f 2317 4768 4759
f 4768 2316 4759
f 4759 2267 2317
f 2270 2268 2239
f 394 4766 418
f 4766 2239 418
f 2239 4766 2269
f 4766 394 2269
f 2270 2239 2269
f 2232 2317 2267
f 2207 4774 420
f 4774 422 420
f 2271 4846 423
f 4846 420 423
f 2271 2281 2231
f 2317 2231 2281
f 2270 2267 2268
f 421 2273 393
f 421 2274 2273
f 2272 2278 2274
f 3962 2272 2275
f 2275 2276 3962
f 2277 2279 2278
f 4124 2213 2279
f 2279 2213 2273
f 2213 393 2273
f 2213 4124 2209
f 422 2209 4124
f 2209 422 2208
f 422 423 420
f 424 4124 2279
f 3962 2282 2277
f 2282 3962 2276
f 2276 2283 2282
f 425 2282 2283
f 2284 2282 425
f 2284 3963 426
f 2286 2275 2285
f 2287 2283 2286
f 3964 2283 2287
f 3964 425 2283
f 428 2315 3963
f 2315 428 4447
f 2290 2288 2287
f 2286 2290 2287
f 429 2285 4456
f 2286 2285 429
f 2288 2290 4276
f 2288 4276 427
f 452 427 4276
f 4447 428 2289
f 2293 2263 4429
f 2263 4364 430
f 4544 2294 2292
f 431 432 4635
f 435 434 2295
f 2316 435 2295
f 4635 432 434
f 434 4788 4635
f 4788 436 4635
f 450 435 2316
f 435 450 2296
f 450 4779 2296
f 4779 2297 2296
f 2297 4779 2315
f 4779 450 2315
f 3965 2298 431
f 2298 4429 431
f 2264 4366 417
f 4366 2264 438
f 437 4366 438
f 438 2264 2292
f 438 2294 439
f 2301 438 439
f 439 2294 2302
f 4367 439 2302
f 2301 439 3345
f 439 2358 3345
f 439 4367 2358
f 2302 444 4367
f 4125 444 2302
f 2302 4544 2303
f 2304 4544 2298
f 2303 4544 2304
f 2304 440 2303
f 4487 440 2304
f 440 4487 2305
f 4651 2352 2305
f 445 4651 441
f 441 3965 442
f 4127 442 3965
f 4127 2310 442
f 4615 440 2305
f 4615 2303 440
f 2352 2353 4615
f 2353 4125 4615
f 2307 2306 444
f 444 4125 2307
f 2353 2307 4125
f 2352 2357 2353
f 2352 4651 2354
f 446 2354 4651
f 4126 2309 2311
f 2311 448 2312
f 447 2311 2312
f 4127 448 2310
f 3966 436 448
f 4127 3966 448
f 2312 436 449
f 436 2297 449
f 449 447 2312
f 449 2313 4495
f 2314 2297 2315
f 2315 450 3963
f 450 426 3963
f 2295 4787 2316
f 4787 2266 2316
f 426 2318 451
f 2277 2284 451
f 2316 4768 2318
f 4768 2317 2318
f 2317 2281 2318
f 2271 2318 2281
f 423 451 2271
f 4124 2280 422
f 2280 4124 424
f 423 2280 424
f 2325 2324 2320
f 2324 3283 2320
f 2325 2326 2327
f 2327 2330 2325
f 2325 2330 2324
f 3283 2324 2328
f 427 2328 2330
f 2331 2332 2327
f 2331 2327 2326
f 2332 4767 2333
f 2336 4776 4767
f 4776 2333 4767
f 2334 2336 2331
f 2609 2333 2338
f 2323 4709 3967
f 2334 2323 3967
f 4126 2338 456
f 4709 4702 3967
f 2322 2343 4709
f 2342 3967 4702
f 2335 2339 2336
f 2335 3967 453
f 3967 2342 453
f 2335 453 2339
f 2348 4368 2337
f 2348 2337 2339
f 2340 2368 2341
f 453 2342 2370
f 2346 2370 2342
f 2342 4702 2346
f 4702 454 2346
f 2343 4616 454
f 4616 2372 2344
f 454 4616 2371
f 454 2371 2346
f 2346 2345 4689
f 473 2368 2340
f 2349 2341 2368
f 4368 4853 2337
f 4853 2338 2337
f 2338 4853 456
f 4853 4368 456
f 2347 2348 3968
f 455 467 3968
f 2341 2349 2350
f 2349 470 2350
f 455 2350 470
f 4129 2347 3968
f 2347 466 4369
f 4368 2347 4369
f 4368 4369 456
f 4128 456 4369
f 3969 4369 466
f 3969 2366 457
f 457 3970 3969
f 458 2351 2354
f 2357 2307 2353
f 2361 462 2356
f 3970 457 2355
f 2351 2355 457
f 2351 457 464
f 457 2366 464
f 2360 2356 462
f 2486 2307 2357
f 2357 459 2486
f 4367 2306 443
f 443 2359 2358
f 2613 3345 2358
f 2483 2359 443
f 2306 2483 443
f 2306 461 2483
f 4370 459 463
f 462 2491 2360
f 2362 2361 464
f 2363 4489 2362
f 2364 2362 4489
f 2361 2364 462
f 2493 4489 2506
f 2365 465 2363
f 4373 467 2367
f 468 2367 467
f 467 455 468
f 469 468 472
f 455 470 468
f 4130 2349 2368
f 471 472 470
f 472 468 470
f 2374 476 2370
f 2345 2346 2371
f 2371 2383 474
f 4616 475 2379
f 2322 2372 2343
f 4616 2379 2383
f 2375 2376 4689
f 4689 477 2374
f 4546 2374 477
f 4666 2377 2375
f 2376 1120 477
f 4666 2378 2377
f 2378 4666 2345
f 2378 2384 2377
f 2345 474 2378
f 2381 3294 475
f 475 3294 2382
f 474 2383 2385
f 2378 474 3971
f 2385 3971 474
f 2383 478 2385
f 2382 2386 2379
f 3294 3304 2382
f 2379 2386 478
f 2384 3971 2390
f 2385 4545 3971
f 3304 2387 2382
f 2388 2387 3305
f 2388 2392 4131
f 4206 2392 2388
f 4131 2389 2388
f 2387 2388 2389
f 2389 2391 2387
f 2385 481 4545
f 481 2385 478
f 3971 2401 2390
f 3971 4545 2401
f 478 482 481
f 478 2386 482
f 2401 4545 480
f 2391 2389 482
f 479 4131 2392
f 2392 2394 2395
f 479 2395 2397
f 2393 2395 2394
f 2396 2393 3306
f 2395 2393 2408
f 483 2397 2404
f 4644 483 3972
f 2398 4644 484
f 484 4644 3972
f 4564 3972 2399
f 2400 4564 2399
f 2400 2399 3599
f 483 2403 3972
f 3972 485 2399
f 2399 485 3599
f 482 2398 484
f 484 481 482
f 2401 480 2400
f 480 481 4564
f 3502 2390 486
f 3500 3502 2606
f 3599 2402 2400
f 4617 2403 487
f 483 2404 2403
f 2407 2406 2408
f 2405 2407 4679
f 554 2407 552
f 2408 552 2407
f 2564 4488 488
f 2563 488 4208
f 477 1120 1119
f 2409 1119 4371
f 4546 476 2374
f 4546 2411 476
f 2409 4371 489
f 4228 3537 2417
f 2416 2415 2410
f 491 489 490
f 489 491 4430
f 4546 2409 2411
f 473 476 2411
f 492 2412 4130
f 2369 2412 2428
f 492 2413 2412
f 2424 4430 491
f 2424 491 2425
f 2425 491 2414
f 2417 2421 2416
f 3537 493 2418
f 493 4730 4416
f 2418 495 2417
f 2419 495 2420
f 2422 2419 2420
f 494 3788 495
f 2423 495 3788
f 2422 2420 497
f 2421 2419 2422
f 2441 497 2420
f 2423 2440 2441
f 2441 2420 2423
f 497 2441 2439
f 2426 2422 497
f 2414 2421 2426
f 2426 497 2439
f 2425 2426 2439
f 2425 2446 2424
f 2427 2413 4430
f 2413 2427 2428
f 2427 3973 498
f 2369 2428 2429
f 469 472 2429
f 498 2429 2428
f 2428 2427 498
f 499 3973 2435
f 2424 2435 3973
f 498 499 2434
f 498 2434 2430
f 2429 2430 2433
f 2431 2429 500
f 2367 2470 4373
f 500 513 2431
f 500 2432 513
f 2437 2433 2436
f 2436 2451 2437
f 2432 2437 4528
f 2437 2453 4528
f 2450 2451 501
f 2438 3974 2447
f 502 2447 3974
f 2424 4132 2435
f 2439 2446 2425
f 2441 503 2439
f 2439 503 2446
f 502 503 2442
f 2442 503 2441
f 2441 2440 2442
f 504 506 2440
f 504 2440 496
f 2448 505 3807
f 2448 506 505
f 2448 2444 506
f 4636 2443 506
f 4636 2445 2443
f 502 2446 503
f 4132 2424 2446
f 2442 2447 502
f 2442 2445 2447
f 2444 507 4636
f 2456 2444 2448
f 4372 4636 507
f 4372 507 508
f 2456 2455 2444
f 2449 507 2455
f 2449 4725 507
f 508 4725 3975
f 2452 2447 4372
f 2452 2438 2447
f 509 2451 2450
f 2454 2452 3975
f 2454 509 2452
f 2461 2451 509
f 2454 3975 2458
f 2458 4725 2449
f 2449 2455 2458
f 2456 3807 510
f 2456 510 2457
f 511 2458 2455
f 2459 2454 2458
f 2459 4431 2460
f 2462 4431 2459
f 511 2462 2458
f 2463 2462 511
f 4431 2462 2463
f 2463 511 4133
f 2466 4431 2463
f 3976 2468 2460
f 2460 2465 2459
f 3808 2464 4578
f 3808 2467 4133
f 2463 2467 2466
f 4751 4710 3976
f 2607 4710 4751
f 2607 512 4710
f 2468 512 2479
f 2468 2479 4448
f 4448 2465 2460
f 4448 2475 2465
f 2474 4528 2475
f 2475 2453 2461
f 513 2432 4528
f 513 2469 2431
f 514 513 2474
f 2471 2470 2469
f 2469 4374 2471
f 2473 2471 4374
f 2472 4129 4373
f 2476 514 2474
f 2477 2476 2474
f 2477 2474 2475
f 2477 2475 4448
f 2480 2509 4374
f 2481 2480 2479
f 2478 2482 2481
f 516 2482 515
f 515 2607 589
f 515 589 516
f 516 589 4618
f 2481 517 2480
f 2518 517 2481
f 2482 2518 2481
f 528 2518 2482
f 2507 465 4134
f 465 2365 4134
f 4134 2365 2472
f 2366 518 2365
f 3969 518 2366
f 2365 518 2472
f 520 524 2484
f 2484 2485 519
f 2485 2484 524
f 520 523 524
f 461 2486 2487
f 461 2487 2489
f 2487 2486 459
f 2488 2489 2487
f 2487 4490 2488
f 525 2491 2492
f 2491 462 2492
f 2491 2494 4370
f 525 2494 2491
f 2496 2488 4490
f 2503 2496 522
f 4490 2504 522
f 2496 2503 523
f 520 2496 523
f 523 2503 2501
f 523 2501 524
f 524 2497 2498
f 2498 2497 2500
f 4376 519 2485
f 519 2499 2359
f 460 2359 2499
f 2498 3367 2485
f 522 2502 2503
f 2504 2505 526
f 525 2492 2516
f 2492 2493 2511
f 2511 2493 2506
f 2511 2506 2508
f 465 2506 4489
f 2506 465 2507
f 2508 2506 2507
f 2473 2508 2507
f 2508 2473 2509
f 2510 2508 2509
f 2509 517 2510
f 2518 2517 517
f 2516 2511 2510
f 2511 2508 2510
f 2511 2516 2492
f 3977 521 2494
f 2521 526 2505
f 2513 2502 522
f 2502 527 2501
f 527 2513 2512
f 2502 2513 527
f 526 2521 4529
f 4529 4135 526
f 3977 525 2515
f 525 2516 2515
f 2515 2516 2517
f 2510 2517 2516
f 2518 528 2515
f 528 3977 2515
f 516 2520 528
f 516 4618 3985
f 528 2520 2519
f 521 3977 2519
f 2519 2520 2547
f 529 530 2521
f 530 2529 2522
f 2523 4277 530
f 2522 2523 530
f 2524 2522 2529
f 2525 2523 2522
f 2524 2525 2522
f 2525 536 2523
f 531 3374 2526
f 2524 532 531
f 533 3377 534
f 534 532 2528
f 534 2527 533
f 2547 529 2514
f 4377 534 2528
f 2527 4377 2531
f 2532 2531 535
f 2526 2533 2525
f 4491 4277 536
f 2513 526 4135
f 3383 2535 2533
f 2533 2535 536
f 536 2535 4491
f 3383 538 2535
f 3383 537 538
f 2513 539 2512
f 2536 2534 538
f 2536 2537 2534
f 537 2536 538
f 537 4136 2536
f 2538 4136 537
f 2536 540 2537
f 4136 540 2536
f 4136 2542 540
f 2542 4136 2539
f 2540 3391 2541
f 2541 2545 2540
f 2543 3979 540
f 4375 2544 3863
f 2544 2611 543
f 541 3980 542
f 2545 2546 3980
f 3390 1039 2546
f 4377 3978 4278
f 4377 4278 587
f 4278 2530 3985
f 2530 516 3985
f 516 2530 2520
f 2520 2530 2547
f 4137 4711 411
f 2549 4978 4527
f 4978 332 4527
f 333 2549 544
f 4711 4137 333
f 2224 2548 546
f 544 2549 2548
f 2548 2549 4547
f 2552 4937 2553
f 4937 799 2553
f 546 4891 2554
f 4891 2551 2554
f 2553 4975 2554
f 4975 804 2554
f 2555 4974 4138
f 2552 4991 4974
f 4991 4138 4974
f 2553 4953 2552
f 4953 2550 2552
f 545 4923 2550
f 4923 4138 2550
f 2556 547 2968
f 4138 2556 2555
f 2076 4932 4923
f 4932 4138 4923
f 4923 545 2076
f 4138 4932 548
f 2076 4976 4932
f 4976 548 4932
f 4279 2558 4652
f 4279 2559 2561
f 2561 2560 4279
f 2559 553 2561
f 2561 553 4408
f 4652 550 551
f 485 4617 3567
f 550 2557 4617
f 4617 4492 550
f 2403 2404 487
f 487 2562 4492
f 4679 2562 487
f 4679 2404 2405
f 4565 2562 4493
f 551 4565 4494
f 4565 4378 4494
f 552 2396 2564
f 552 2564 2565
f 2567 2565 2563
f 2563 2568 2567
f 2567 555 2565
f 554 2565 555
f 4680 554 555
f 4680 555 574
f 4680 4494 4378
f 2568 2593 2567
f 2568 2566 557
f 557 2566 556
f 2568 557 2594
f 2594 2593 2568
f 4048 558 2571
f 2571 558 2572
f 1141 2571 3584
f 557 2600 2594
f 2594 2600 580
f 2600 556 4141
f 3981 4141 556
f 3584 2572 2573
f 3584 2573 3592
f 3592 2573 559
f 2584 559 2574
f 2573 3982 2575
f 2577 3982 2573
f 2573 2572 2577
f 2570 561 560
f 2570 2569 561
f 561 4379 2576
f 560 2576 558
f 2572 2576 2577
f 569 2577 4379
f 565 2578 567
f 4652 2579 566
f 2579 4652 4494
f 4680 2579 4494
f 565 2580 564
f 565 4566 2580
f 567 2582 4566
f 567 4566 565
f 566 2582 567
f 568 2582 570
f 571 568 570
f 4139 4432 2581
f 3982 3983 4548
f 2586 2585 4548
f 4139 3983 569
f 4139 576 3983
f 572 576 570
f 2582 2579 2587
f 4680 573 2587
f 573 2588 2587
f 2587 2588 4140
f 2590 2588 573
f 2589 575 2588
f 574 2590 573
f 2591 2590 574
f 574 2567 2591
f 2591 2593 2589
f 2593 2592 2589
f 2592 577 575
f 2594 580 577
f 2600 4141 2595
f 2598 4142 2597
f 2605 2598 2597
f 2586 2605 579
f 2599 4142 578
f 2595 2602 2600
f 2600 2602 580
f 580 2602 582
f 577 580 582
f 577 582 581
f 577 581 575
f 572 575 2601
f 576 581 3983
f 4548 3983 581
f 2595 578 2598
f 2595 2603 2602
f 2602 2603 583
f 4548 582 583
f 582 4548 581
f 2598 2604 2603
f 2598 2605 2604
f 2605 585 2604
f 584 4548 583
f 585 4548 584
f 3567 3599 485
f 2402 586 486
f 3848 2531 587
f 587 2531 4377
f 587 4278 3985
f 4618 588 4726
f 3985 4618 4726
f 4618 589 588
f 590 588 589
f 590 589 2607
f 3854 2608 4253
f 4126 4495 2338
f 4447 2332 2333
f 4447 2610 2315
f 2610 2313 2314
f 2333 2313 2610
f 542 1323 2611
f 3869 2612 1334
f 2358 2359 2613
f 2613 2359 460
f 592 2662 2176
f 2176 2662 2614
f 592 2176 2615
f 4597 592 2615
f 2616 2615 377
f 591 4597 2616
f 592 2663 624
f 4703 2618 2617
f 4143 4703 591
f 2663 2617 2665
f 2619 591 2181
f 591 2616 2181
f 2616 378 2181
f 2621 2626 594
f 2621 4380 595
f 2620 593 2623
f 2624 2631 2625
f 2627 2626 595
f 594 2626 2667
f 2618 594 4144
f 2626 2627 2696
f 2628 4287 2627
f 2697 2629 596
f 2628 596 2629
f 596 2628 2630
f 2630 2627 595
f 2632 595 2625
f 2632 2625 2631
f 2632 2630 595
f 3986 597 2632
f 597 2630 2632
f 596 2630 597
f 4280 4281 3986
f 4281 598 4149
f 2631 2711 4280
f 598 4281 2633
f 2633 649 598
f 4380 2623 2624
f 2624 2623 599
f 4152 601 2634
f 2620 4152 593
f 2620 4143 2619
f 675 2181 2185
f 2635 605 604
f 921 3125 2695
f 3125 605 2635
f 2695 2635 606
f 607 2637 2636
f 630 2637 607
f 604 4381 607
f 2639 608 2640
f 3987 2188 608
f 609 620 610
f 2642 609 608
f 2642 608 2641
f 2659 2644 2643
f 2644 611 2643
f 2798 610 611
f 2644 618 611
f 612 2645 4736
f 4736 613 615
f 2645 2646 613
f 613 2646 614
f 2648 614 3138
f 617 4736 615
f 616 2649 2797
f 615 4567 617
f 618 4736 617
f 617 718 618
f 717 718 617
f 2797 2651 4567
f 2652 2797 2649
f 614 2646 646
f 646 2646 2693
f 2653 4148 2647
f 612 2653 2647
f 2659 2653 612
f 619 2659 2643
f 619 2643 610
f 2658 619 2655
f 620 621 2654
f 621 2656 2654
f 2656 622 2657
f 2657 2658 2656
f 2660 619 2658
f 2653 2659 2660
f 2660 643 2653
f 4568 620 2642
f 4568 621 620
f 2661 4568 623
f 624 2663 4145
f 2665 4145 2663
f 2665 4144 626
f 2665 626 4145
f 625 624 4145
f 2662 627 2666
f 2662 2666 2614
f 625 627 2662
f 625 626 627
f 626 625 4145
f 626 628 627
f 3988 628 626
f 594 2668 2664
f 2668 594 2667
f 2664 2668 3988
f 628 3988 4282
f 4282 2637 630
f 4146 629 2669
f 4381 3989 607
f 3989 630 607
f 4146 631 2666
f 2666 631 3990
f 2670 2175 2614
f 2670 632 2175
f 2666 3990 2670
f 2670 623 632
f 3990 623 2670
f 2669 2677 2672
f 631 2672 2671
f 2674 2675 2671
f 2672 633 636
f 2675 2674 2676
f 2673 634 2661
f 2676 635 2675
f 2676 636 633
f 4681 3991 2678
f 2677 2678 637
f 2677 637 633
f 3991 4681 639
f 2679 2638 3128
f 3128 3139 2679
f 4681 2680 639
f 2683 640 2679
f 2679 640 2680
f 3991 639 2681
f 640 2682 2680
f 4147 2684 2682
f 2684 642 2682
f 639 642 2685
f 2684 2686 642
f 2660 644 643
f 2681 2687 638
f 2688 638 2687
f 2688 2687 645
f 2688 635 2676
f 2688 2676 638
f 634 621 2661
f 645 2656 621
f 644 622 641
f 622 645 641
f 621 634 645
f 2683 3139 2690
f 2690 2692 2683
f 4147 2686 2684
f 4147 2691 2686
f 2686 2691 643
f 2691 2653 643
f 2653 2691 4148
f 2693 647 646
f 2692 2694 647
f 2692 647 4148
f 606 2696 2695
f 2696 606 2667
f 597 2697 596
f 2699 598 649
f 2703 2699 649
f 2704 649 2757
f 2757 649 2633
f 654 2633 655
f 649 2698 2703
f 2700 4149 598
f 597 4149 650
f 2697 2701 2629
f 650 2697 597
f 2702 685 651
f 652 2702 651
f 652 651 650
f 652 650 2700
f 653 2699 2703
f 653 2703 2751
f 654 4499 2757
f 654 655 2705
f 2705 655 4150
f 665 669 2706
f 665 2706 2705
f 4150 665 2705
f 655 2633 2711
f 4690 2707 2711
f 655 2711 2707
f 655 2707 656
f 2708 2707 4690
f 656 2707 2708
f 2710 2708 4690
f 2708 2709 656
f 656 657 4150
f 2709 2708 2710
f 2710 4151 2715
f 2712 4690 2711
f 2711 2631 2712
f 659 2712 2624
f 4690 2712 659
f 2710 4690 659
f 599 659 2624
f 660 600 2713
f 600 2634 2713
f 2634 601 2713
f 2713 601 661
f 2714 2713 661
f 4151 2714 2716
f 661 2717 2714
f 662 2709 2715
f 2730 4283 2719
f 663 4283 2730
f 2709 662 2720
f 658 2709 2720
f 2721 658 2720
f 658 657 656
f 4496 4620 2721
f 2722 4790 2727
f 4790 4496 2727
f 666 2723 2722
f 4150 657 665
f 665 667 669
f 2723 668 667
f 666 670 2723
f 666 2724 670
f 670 668 2723
f 668 3992 667
f 669 3992 2725
f 2706 2760 2926
f 2725 2760 669
f 692 2725 2761
f 2761 2725 3992
f 2761 3992 2726
f 668 670 2726
f 2763 2724 666
f 666 2722 2728
f 2727 2728 2722
f 2727 671 2728
f 4496 2778 2774
f 2721 2729 4496
f 2721 663 2729
f 673 671 2774
f 663 2730 2729
f 2721 2720 663
f 674 2717 2731
f 2775 2729 2730
f 2731 2718 4284
f 2735 2732 2718
f 675 4152 2619
f 2185 602 675
f 601 4152 676
f 602 676 675
f 2735 677 2734
f 2733 677 4122
f 2734 677 4497
f 4153 2737 2193
f 2735 2734 2732
f 2732 2734 2736
f 2736 2734 4497
f 2736 4497 2737
f 678 2736 2737
f 2776 4284 2738
f 2739 678 782
f 4154 1446 3993
f 1448 680 2741
f 679 2741 4498
f 55 38 4383
f 4383 4450 55
f 2741 679 2768
f 4498 2741 680
f 3993 2742 4498
f 679 3994 681
f 681 2768 679
f 3995 4155 3994
f 3995 4498 2742
f 4498 3995 3994
f 4155 3995 4384
f 3993 2744 2742
f 2745 40 41
f 683 2747 691
f 2747 2760 691
f 685 3192 2701
f 685 687 3193
f 687 685 2702
f 2749 2702 652
f 2753 2752 653
f 2751 2750 653
f 2752 2749 652
f 686 2702 2749
f 2749 2752 686
f 688 3198 687
f 686 2754 687
f 2753 686 2752
f 2754 2847 688
f 2754 2755 2847
f 2753 653 47
f 2703 2698 2751
f 2751 2698 2756
f 2750 2751 2756
f 4637 690 2704
f 690 4637 689
f 689 2852 2853
f 4499 4157 2757
f 4158 2758 4499
f 2759 2758 4158
f 2759 2851 2758
f 4157 2851 2852
f 2851 2759 2857
f 4452 2759 4158
f 2725 691 2760
f 4156 4002 2743
f 692 4002 4156
f 692 2761 777
f 777 2761 2927
f 2763 666 2728
f 4712 4450 2768
f 2767 2936 2768
f 2770 4500 2769
f 2770 2769 695
f 2780 2770 2783
f 2771 695 4423
f 4423 695 694
f 4423 2772 2771
f 694 2936 4423
f 2767 696 4423
f 2765 2764 4160
f 672 671 673
f 4161 672 673
f 2729 2775 2778
f 2731 4284 2776
f 2731 2776 2775
f 2739 2777 2776
f 2777 2739 2740
f 4733 780 2740
f 2777 2775 2776
f 778 2777 2740
f 4160 4161 697
f 699 700 698
f 703 693 698
f 2772 702 2779
f 2771 2772 2779
f 2783 2771 2779
f 2781 2780 2782
f 2782 4653 2781
f 701 2782 704
f 2783 2784 704
f 2773 703 702
f 703 2785 702
f 698 700 703
f 2779 702 2785
f 2779 2785 2788
f 701 704 4744
f 706 4744 707
f 4622 4285 709
f 2785 2787 2788
f 2787 2785 700
f 4161 673 4003
f 2788 2787 2789
f 709 2790 4433
f 707 705 3996
f 4623 708 710
f 4654 709 4530
f 711 709 4433
f 2788 2789 4285
f 2791 786 792
f 2792 2791 792
f 711 4433 2792
f 2792 792 712
f 712 2794 2792
f 2795 711 2794
f 712 2941 2793
f 2793 2940 712
f 2940 2794 712
f 4530 711 2795
f 710 2796 67
f 70 67 2796
f 2795 789 4530
f 2798 2800 2640
f 2639 2640 2800
f 2797 2652 2806
f 2801 3211 932
f 2799 2800 2798
f 714 2799 2798
f 2799 715 2800
f 2800 2801 713
f 2800 715 2801
f 2803 716 2804
f 715 2803 2802
f 718 2799 714
f 618 718 714
f 715 718 717
f 2804 2805 2803
f 2805 719 4385
f 2808 4385 719
f 720 4385 2808
f 2804 2650 2805
f 2805 2650 719
f 2806 719 2650
f 2806 2651 2797
f 935 939 2807
f 2652 2807 2808
f 2650 2651 2806
f 2808 719 2806
f 2807 939 2809
f 720 2808 2807
f 4385 2810 2811
f 2810 4162 2811
f 720 4162 2810
f 4162 720 3997
f 2809 2812 3997
f 2802 2816 3211
f 2813 2811 2832
f 3997 721 4162
f 721 722 2814
f 2812 722 721
f 2812 725 2815
f 722 2815 2820
f 2820 723 722
f 2814 723 4451
f 2832 2817 2821
f 726 2815 725
f 2815 726 2820
f 2820 726 4163
f 2818 2830 4163
f 2823 4451 723
f 724 2824 2821
f 2822 2824 724
f 4451 2823 2822
f 2829 2822 2823
f 2827 2822 2829
f 2824 727 2825
f 727 2826 729
f 2826 2827 736
f 2829 2828 2827
f 725 3217 2818
f 2819 946 3218
f 3211 948 2831
f 948 2816 2833
f 2816 2832 728
f 2832 2821 728
f 2821 731 728
f 2825 2835 2836
f 729 2826 734
f 2834 729 734
f 730 2991 2835
f 2825 2836 731
f 732 728 731
f 4201 728 732
f 732 3243 4201
f 732 731 2836
f 3245 732 2837
f 2836 2838 2837
f 3247 3245 2837
f 2990 2839 822
f 2839 733 822
f 2839 2840 733
f 4396 2840 735
f 2840 4202 735
f 736 3998 734
f 2834 734 2839
f 2826 736 734
f 3998 737 2843
f 736 2841 737
f 2841 2828 2819
f 2844 2842 3218
f 3218 2842 2819
f 2819 2842 2841
f 2840 3998 2843
f 737 4501 2843
f 4501 737 2842
f 2844 4501 2842
f 3999 2843 4501
f 2846 3258 3999
f 3258 741 3999
f 2840 3999 741
f 3999 4501 2845
f 740 2845 4286
f 4287 4455 3164
f 2628 4455 4287
f 4716 4455 2628
f 2847 2755 1518
f 76 4452 742
f 4452 2848 2849
f 2759 4452 2849
f 742 4452 4158
f 2850 2857 4288
f 2853 2852 2854
f 743 2756 690
f 2862 743 690
f 4624 2857 2849
f 2856 4775 4164
f 4775 4502 4164
f 744 4164 2859
f 2861 744 2859
f 4502 2860 2859
f 745 2861 2860
f 689 2864 2862
f 2862 690 689
f 2864 689 2853
f 2854 2863 2853
f 2865 2863 2854
f 2863 2864 2853
f 746 2862 2864
f 746 751 2862
f 746 2864 747
f 2864 752 747
f 752 2864 2863
f 2865 2876 2863
f 4288 2865 2854
f 4164 744 4624
f 2866 744 2861
f 2861 2867 2866
f 4434 2869 2867
f 2867 2869 2877
f 2869 752 2877
f 4531 4289 4434
f 4289 2870 4434
f 4434 2870 2869
f 2869 2870 748
f 752 2869 748
f 2870 750 2873
f 748 2873 2872
f 748 2872 749
f 2871 747 749
f 749 4000 2871
f 2881 750 4569
f 4569 4289 4290
f 751 746 2874
f 2874 746 2875
f 2878 1528 2874
f 2879 2874 2875
f 2865 2866 2876
f 2867 2877 2866
f 2866 2877 2876
f 2876 2877 752
f 747 752 749
f 2875 746 747
f 4684 4165 2868
f 4290 755 4569
f 2882 753 4001
f 2872 2882 4000
f 2882 2880 4000
f 757 2880 2882
f 757 2882 754
f 755 2881 4569
f 756 2883 755
f 755 4290 756
f 2881 2883 753
f 2884 753 2883
f 2886 2884 2883
f 1540 759 756
f 2885 2884 2888
f 4001 2884 2887
f 2895 757 758
f 758 754 4570
f 2885 2887 2884
f 2896 762 2889
f 2885 760 2887
f 760 2885 2890
f 756 759 2886
f 759 1540 761
f 761 2888 759
f 2891 2889 760
f 2892 760 2890
f 2891 760 2892
f 2896 2889 2891
f 2888 764 2890
f 2892 2890 764
f 764 2888 761
f 2894 2893 1540
f 761 1540 2893
f 2904 2897 2894
f 2897 2893 2894
f 2879 2880 757
f 3931 2879 2895
f 2895 758 762
f 4625 1552 762
f 4166 4625 2903
f 4166 1553 4625
f 2902 2896 2891
f 2893 2898 761
f 2902 2891 2901
f 761 2898 764
f 2901 2892 2900
f 4386 2902 2905
f 2902 4386 2903
f 88 4386 766
f 2905 769 766
f 769 2905 2901
f 2906 2901 2900
f 767 2906 2900
f 2897 2910 2899
f 2904 4079 768
f 2910 768 771
f 4079 2912 768
f 2901 2906 2909
f 2906 767 2911
f 4167 2911 771
f 4168 771 768
f 2912 1562 4168
f 2919 4772 1562
f 4772 4168 1562
f 4168 4772 2915
f 4772 2919 2915
f 2915 2914 2921
f 2916 2914 772
f 772 2918 2916
f 2917 2925 2916
f 2916 2918 2917
f 2918 775 2917
f 2922 775 2918
f 2924 4663 2923
f 4685 95 2908
f 2908 2907 2920
f 4167 771 2921
f 2915 2921 771
f 2925 2914 2916
f 774 2917 775
f 4532 4292 774
f 4292 2917 774
f 2921 2920 4167
f 2920 2925 773
f 777 2927 2726
f 670 2724 2762
f 777 2762 4002
f 4667 2778 778
f 699 4161 779
f 4549 699 779
f 4169 4655 779
f 4003 2928 2929
f 4003 2929 4169
f 782 4733 2740
f 4733 782 4170
f 783 4733 4170
f 784 4733 783
f 2931 784 785
f 4667 4852 4851
f 4852 2928 4851
f 4851 2774 4667
f 786 4655 4169
f 4169 2930 786
f 2932 4821 4006
f 4821 2931 4006
f 2931 4821 4809
f 4821 2932 4809
f 4809 2929 2931
f 2929 4809 2930
f 4809 2932 2930
f 4655 786 2791
f 700 4549 2787
f 783 4170 2935
f 785 2935 4006
f 2928 4852 4826
f 4852 4667 4826
f 4826 2931 2928
f 2936 2767 4423
f 788 2796 789
f 4004 789 2795
f 789 130 788
f 4004 4989 789
f 4989 130 789
f 2938 790 2937
f 2938 4005 790
f 2061 791 4387
f 791 2952 4387
f 2937 4945 2938
f 4945 2993 2938
f 2937 2940 2944
f 2794 2940 2937
f 2943 2944 2940
f 4727 4171 2941
f 2941 4171 2793
f 4171 4888 2793
f 4888 2943 2793
f 786 2930 792
f 2930 2932 2942
f 2930 2942 792
f 793 4678 4727
f 2932 793 2942
f 2943 4888 4008
f 4171 4960 4888
f 4960 4008 4888
f 2943 4912 2944
f 4571 4940 4912
f 4940 2944 4912
f 2993 2944 2992
f 2944 4940 2992
f 4940 4571 2992
f 4571 4912 4904
f 4912 2943 4904
f 4904 803 4571
f 2946 2948 2945
f 2945 4171 2946
f 4387 4965 327
f 4965 796 327
f 2949 4999 1646
f 4999 791 1646
f 2949 1646 133
f 4173 4988 2952
f 4988 4387 2952
f 796 2951 327
f 2951 4968 327
f 4968 2077 327
f 2077 4968 335
f 4968 2951 335
f 4859 4947 4894
f 4947 4117 4894
f 4894 2950 4859
f 2962 4871 4859
f 4117 4947 4871
f 4947 4859 4871
f 2960 4174 4176
f 796 4965 4873
f 4965 4387 4873
f 4873 4293 796
f 796 4293 4176
f 2953 797 4007
f 797 4890 4007
f 4890 794 4007
f 794 798 4007
f 798 2954 4007
f 4007 2954 2953
f 798 799 2954
f 799 4937 2965
f 4937 2552 2965
f 800 2954 2965
f 2953 2955 2956
f 2955 800 4177
f 4178 2955 4177
f 4178 2956 2955
f 2953 2956 2958
f 801 4967 4175
f 4967 4176 4175
f 801 4175 2958
f 2958 2959 801
f 2956 2959 2958
f 2964 2959 4178
f 802 2959 2964
f 2959 802 801
f 4176 4967 2960
f 4967 801 2960
f 2961 2960 801
f 2961 4995 2962
f 4995 2963 2962
f 2963 4995 2966
f 4995 2961 2966
f 802 2964 2967
f 2555 2957 800
f 799 4571 803
f 4008 804 803
f 2945 4984 4008
f 4984 804 4008
f 2947 2554 804
f 2948 546 2947
f 804 4975 803
f 4975 2553 803
f 803 2553 799
f 800 2965 2552
f 2552 4974 800
f 4974 2555 800
f 2964 2957 2967
f 2966 4927 2967
f 4927 802 2967
f 2966 4919 2963
f 4919 806 2963
f 805 2963 806
f 805 820 4453
f 806 4919 4889
f 4919 2966 4889
f 4889 4179 806
f 2957 4878 2967
f 4878 4009 2967
f 4009 2966 2967
f 2957 2555 2968
f 2969 547 2989
f 2970 4855 807
f 4855 795 807
f 2971 4691 807
f 810 4973 4691
f 808 4997 4973
f 4997 4691 4973
f 808 809 2976
f 808 4986 811
f 4986 2972 811
f 4713 4913 811
f 4913 2970 811
f 808 4973 809
f 4973 810 809
f 810 4388 809
f 2976 809 4504
f 2972 2976 2973
f 4503 340 4595
f 340 4503 341
f 4503 4926 2972
f 4926 811 2972
f 4503 2972 812
f 813 812 2973
f 2973 2975 2974
f 2976 2975 2973
f 2974 2975 814
f 2977 4504 815
f 809 4388 815
f 815 2978 2977
f 2978 815 4388
f 814 2978 2980
f 2980 2998 2974
f 4598 2979 4389
f 2979 4941 4389
f 4941 2981 4389
f 810 2982 4388
f 2986 2981 2982
f 816 2986 2982
f 2982 810 2983
f 4691 4970 2983
f 4970 818 2983
f 2984 4952 816
f 4952 817 816
f 819 816 2983
f 818 819 2983
f 820 4990 818
f 4990 819 818
f 2984 816 819
f 2987 4918 2984
f 4918 2985 2984
f 817 4952 2985
f 4952 2984 2985
f 2985 4674 817
f 819 4990 2984
f 4990 820 2984
f 2985 4918 4010
f 2987 4957 4918
f 4957 4010 4918
f 4010 4959 4951
f 4959 2988 4951
f 4951 2098 4010
f 2098 4951 4755
f 4951 2988 4755
f 2988 2989 4755
f 820 2987 2984
f 820 805 806
f 547 4861 2989
f 4861 4755 2989
f 2969 4886 4179
f 4886 2987 4179
f 2987 4886 2988
f 2969 4915 4886
f 4915 2988 4886
f 2988 4915 2989
f 4915 2969 2989
f 4755 4861 549
f 4861 547 549
f 2834 821 730
f 2834 2839 821
f 730 821 2991
f 2836 2991 2838
f 2838 2990 822
f 4172 4949 2993
f 4949 2938 2993
f 4172 2993 2992
f 794 4172 2992
f 2952 2949 794
f 4172 794 2949
f 823 4996 2133
f 4996 827 2133
f 2994 4856 823
f 824 4899 4856
f 4899 823 4856
f 827 4996 4899
f 4996 823 4899
f 4899 824 827
f 4294 4921 4856
f 4921 824 4856
f 4856 2994 4294
f 2131 2995 2994
f 2994 3001 4626
f 4626 3001 3002
f 2996 4626 4180
f 2996 4294 4626
f 2996 4181 4294
f 827 824 4682
f 4674 2985 2997
f 4598 4884 2979
f 824 4906 4884
f 4906 2979 4884
f 2979 4906 825
f 4906 824 825
f 2998 2980 2999
f 825 4972 2980
f 4972 2999 2980
f 2999 4972 4882
f 4972 825 4882
f 3000 4994 4882
f 4994 2999 4882
f 824 4884 4682
f 4884 4598 4682
f 824 4011 825
f 4598 826 4682
f 4732 4682 826
f 828 3001 3006
f 3001 828 3002
f 4626 3002 4180
f 3003 845 2996
f 4180 3002 3004
f 3002 828 3004
f 831 3005 4012
f 3005 3004 828
f 3005 829 4012
f 3007 829 830
f 832 829 3007
f 833 832 3007
f 835 834 4582
f 3008 835 2135
f 835 836 834
f 3008 836 835
f 3015 3008 360
f 841 851 842
f 3015 846 3008
f 341 4503 837
f 848 3014 837
f 848 837 3009
f 838 3009 3010
f 812 813 3010
f 813 839 3010
f 3011 840 839
f 813 3011 839
f 841 842 840
f 843 3011 813
f 843 841 3011
f 2999 4994 844
f 4994 3000 844
f 3000 845 844
f 2996 845 4181
f 4013 845 3003
f 851 841 844
f 3013 3014 847
f 3013 837 3014
f 848 3009 838
f 842 846 3012
f 3015 847 3016
f 3014 3016 847
f 848 3016 3014
f 361 849 4428
f 4428 832 833
f 850 829 832
f 850 4012 829
f 4012 4935 3017
f 4935 3018 3017
f 832 849 850
f 3017 3003 831
f 3018 850 849
f 844 4013 851
f 3017 4013 3003
f 775 3019 774
f 3020 2919 4758
f 4758 3021 3020
f 3021 4758 3029
f 775 3027 3019
f 776 3024 3023
f 3025 3024 853
f 3025 3022 854
f 854 3022 3027
f 852 3026 3027
f 3021 3026 852
f 3021 3029 3028
f 3021 3028 3026
f 3028 3031 3026
f 3031 3033 3026
f 854 3032 3025
f 3036 854 855
f 3031 855 3033
f 364 363 856
f 856 4454 3039
f 3047 856 3039
f 3047 3034 3028
f 3028 3034 3030
f 3047 857 3034
f 3030 3034 4182
f 3030 3035 3031
f 3035 3030 4182
f 365 3032 4014
f 3036 3037 3032
f 4014 3032 3037
f 4014 3037 2152
f 3037 3036 4506
f 860 3037 4506
f 4182 3034 857
f 3047 3038 857
f 3039 3038 3047
f 2152 860 3040
f 2152 3037 860
f 3042 3041 859
f 3043 858 855
f 858 4506 855
f 859 4506 858
f 3041 3040 859
f 860 859 3040
f 859 860 4506
f 863 3044 3043
f 862 859 858
f 862 3053 859
f 862 3043 3044
f 3046 862 3044
f 861 3046 3045
f 3042 3053 2160
f 2160 3041 3042
f 3039 4454 2157
f 865 4668 4357
f 3045 3044 4182
f 4182 3044 863
f 855 4506 3036
f 857 3038 4015
f 857 4015 3045
f 3045 4015 861
f 864 3048 861
f 861 4183 3049
f 861 3049 3046
f 3049 3050 3046
f 3046 3050 862
f 3056 867 3049
f 4728 866 2159
f 4728 2159 868
f 3055 4728 868
f 4728 3051 866
f 3050 3052 862
f 3065 3054 3053
f 4728 3060 4184
f 3054 3065 875
f 3065 3052 872
f 3050 872 3052
f 872 3050 3058
f 3057 4184 3059
f 4184 3060 869
f 4184 869 3059
f 3059 869 4016
f 3062 871 3061
f 3060 3055 870
f 3063 871 3062
f 871 3063 4187
f 873 3065 872
f 4187 874 871
f 3063 2167 4187
f 3065 873 875
f 875 873 4017
f 874 875 4017
f 4186 874 4017
f 864 4015 3038
f 3038 3039 864
f 3072 876 877
f 876 4188 3069
f 3066 4632 4273
f 3068 3066 878
f 4714 4390 878
f 4714 878 3069
f 4188 4738 3069
f 4390 4714 879
f 3070 4714 3069
f 883 4714 3070
f 4390 879 3071
f 3079 3071 879
f 879 3080 3079
f 4714 3081 879
f 883 3081 4714
f 4188 876 3072
f 4188 3072 3075
f 877 3957 3073
f 3073 3957 3074
f 880 3072 3073
f 4692 3072 880
f 4738 4188 3075
f 3132 3086 3075
f 880 3074 3076
f 4190 382 380
f 382 881 4507
f 3071 3079 882
f 3071 882 3077
f 3078 3071 3077
f 883 3082 3081
f 891 3082 3087
f 3083 3070 4738
f 885 3087 883
f 884 3085 885
f 3085 884 886
f 3083 3084 886
f 886 887 3085
f 3084 4738 3086
f 886 3084 3130
f 4019 3085 887
f 4295 886 3118
f 3089 3085 4019
f 4715 3088 3089
f 3088 3087 885
f 3115 4715 3089
f 3088 4715 3090
f 3090 3087 3088
f 3087 3090 3091
f 3094 3092 888
f 3082 3092 3081
f 3079 3093 889
f 3081 3092 3080
f 3093 3080 3092
f 3095 3094 888
f 3095 3093 3094
f 3095 889 3093
f 3096 3095 888
f 3097 3092 891
f 890 3098 3100
f 3098 891 3091
f 4627 3098 3091
f 4627 3091 3090
f 3100 3098 4627
f 3090 3099 4627
f 3112 4627 3099
f 3102 3101 3106
f 892 890 4018
f 4018 3100 1370
f 4018 1 892
f 893 892 1
f 3106 3103 4572
f 4572 3108 3106
f 894 3173 895
f 3111 923 895
f 3108 3109 3106
f 897 3159 889
f 895 3173 3111
f 894 4320 926
f 3177 926 4391
f 3112 4 1370
f 3113 3112 3099
f 4 3112 3114
f 3113 3099 3126
f 3113 899 3114
f 3114 3160 4
f 3161 3160 3114
f 3161 3114 899
f 899 3113 3126
f 3121 4715 3115
f 3121 3115 4508
f 4019 887 3116
f 3116 887 900
f 903 3116 900
f 901 3117 3115
f 4020 4021 3117
f 3117 901 4020
f 903 3120 3116
f 3129 903 900
f 903 3129 3124
f 3129 900 902
f 4295 3118 3119
f 902 906 3129
f 3124 3120 903
f 3120 3122 4020
f 4508 3117 4021
f 3126 3121 4508
f 3126 4508 905
f 3122 3120 3123
f 3123 605 3122
f 3128 605 3123
f 3123 3124 904
f 3125 921 4021
f 4693 899 3162
f 905 3162 3126
f 3127 905 4021
f 3127 4021 921
f 907 904 3124
f 3124 3129 907
f 906 907 3129
f 904 907 3140
f 907 3151 3140
f 3147 916 902
f 4295 3119 902
f 3118 3130 3119
f 3141 3130 3084
f 3084 3086 3141
f 3131 3141 3086
f 4692 4191 3142
f 908 4191 3076
f 910 908 3134
f 3136 3134 3135
f 908 909 3134
f 910 3136 3142
f 917 3136 3143
f 4656 3143 3135
f 911 4297 3137
f 3138 614 646
f 3139 3128 904
f 2689 3139 3140
f 4192 912 4022
f 4656 912 3144
f 913 3144 912
f 913 914 3144
f 3144 3155 915
f 918 3143 915
f 3143 918 917
f 3146 3148 3145
f 3149 3148 3146
f 3148 3149 3131
f 3131 3149 3141
f 3140 3151 2689
f 3150 916 3147
f 4638 916 3150
f 3145 3150 3146
f 3151 3152 2689
f 3151 4638 3152
f 4638 3150 3153
f 917 3150 3145
f 3153 3150 3154
f 3150 917 3154
f 3154 3157 3156
f 918 915 3155
f 918 3157 3154
f 3156 3152 3153
f 3157 3158 3156
f 919 3157 920
f 646 3158 919
f 3158 646 3156
f 647 3156 646
f 9 3161 4729
f 1411 9 4729
f 3162 905 4657
f 3162 4657 3163
f 3163 4657 922
f 4455 922 3164
f 921 2695 4287
f 3164 921 4287
f 3165 4729 3163
f 922 3166 3163
f 898 3167 389
f 3167 898 923
f 923 3111 3167
f 3168 389 3167
f 4509 389 3168
f 3169 2203 4509
f 4509 3168 3169
f 3171 3168 924
f 3169 925 2203
f 925 3170 2203
f 927 925 3169
f 3171 3169 3168
f 3173 926 3172
f 3176 3172 926
f 3173 3172 4193
f 3174 927 3171
f 3169 3171 927
f 3174 4814 4023
f 4814 4193 4023
f 3174 4023 3175
f 4392 4023 3176
f 3175 3178 3174
f 3179 4823 3178
f 4823 3174 3178
f 3174 4823 927
f 4823 3179 927
f 3180 4024 3179
f 3180 3182 4024
f 4024 3181 928
f 4393 4024 928
f 4393 928 2206
f 925 4393 3170
f 3180 3183 3182
f 3183 4583 3184
f 3269 3182 3183
f 3184 3271 3269
f 4194 4583 3185
f 4510 3185 3180
f 3185 4510 3186
f 4533 4583 4194
f 3187 4533 4296
f 4533 3187 4196
f 4196 3187 14
f 1386 3187 3188
f 4296 4194 3186
f 3189 3186 4197
f 3189 3190 3188
f 2847 4437 688
f 3196 45 3195
f 4455 4716 3191
f 4716 3192 3191
f 3192 685 3193
f 3194 3191 3195
f 3194 922 3191
f 3198 3197 3193
f 3198 4437 3199
f 44 3199 4437
f 3198 688 4437
f 3987 2639 3200
f 931 929 3200
f 930 932 4395
f 932 4394 4395
f 4022 929 4192
f 4192 4395 3201
f 3201 937 3209
f 913 3201 933
f 914 3202 3144
f 3144 3202 3155
f 914 933 3208
f 3204 934 920
f 934 919 920
f 4297 911 934
f 934 3204 4297
f 3137 4298 935
f 4297 4298 3137
f 3203 3206 3204
f 3202 914 3206
f 4298 3205 935
f 3205 3207 935
f 3205 4551 3207
f 935 3207 939
f 4551 3215 3207
f 3208 936 938
f 3208 938 4551
f 3215 4551 938
f 936 3209 3210
f 939 940 2809
f 2809 965 2812
f 3212 3213 940
f 3212 4198 3213
f 941 4198 3214
f 938 3214 4198
f 3215 4198 3212
f 3210 943 3214
f 3224 941 3214
f 3210 3216 943
f 3210 944 3216
f 4394 949 942
f 4394 932 3211
f 3217 3221 2830
f 945 3219 738
f 3218 946 738
f 963 3219 951
f 3220 3219 945
f 3222 3220 3221
f 947 3222 3221
f 3224 3229 3222
f 947 3224 3222
f 947 3221 4025
f 3223 941 947
f 947 941 3224
f 943 3225 3228
f 948 949 2831
f 944 957 4200
f 956 3240 950
f 955 3226 3225
f 3225 3226 3227
f 3228 3227 3237
f 3228 3237 3224
f 3231 952 3229
f 3230 3232 952
f 954 953 3230
f 3232 3234 952
f 952 3234 740
f 3234 3233 740
f 3234 3232 3233
f 3235 3232 953
f 3238 3239 4581
f 954 3226 3238
f 3241 3239 955
f 959 3239 3241
f 955 3240 3241
f 4200 957 956
f 948 3244 949
f 949 3244 957
f 3242 959 3241
f 3244 948 2833
f 2833 3243 3244
f 956 3243 958
f 732 3245 4299
f 3245 3247 3246
f 3246 3247 3248
f 3243 4299 961
f 961 3246 3248
f 961 3250 3242
f 959 3249 960
f 3242 3250 3249
f 3248 3251 3250
f 3247 2837 822
f 733 4396 3253
f 3254 735 962
f 962 3249 3254
f 3249 962 3255
f 3256 962 4202
f 3256 3255 962
f 960 3255 3256
f 3235 3257 3236
f 3258 3236 4203
f 960 3256 3257
f 951 740 963
f 3257 3256 4203
f 965 4025 3217
f 965 964 4025
f 965 940 964
f 1593 4330 974
f 966 974 4330
f 1594 3270 966
f 4082 3259 1594
f 4026 975 3259
f 1594 1595 4082
f 967 4813 3260
f 3265 4827 4813
f 4827 3260 4813
f 3260 4827 3262
f 4827 3265 3262
f 3265 4813 4424
f 4813 967 4424
f 969 3265 4424
f 969 4424 3261
f 4424 113 3261
f 968 4397 3262
f 4397 968 3263
f 983 3263 968
f 1596 1597 3261
f 982 3266 973
f 970 969 4080
f 982 972 996
f 971 973 4080
f 3268 4195 974
f 3271 3184 4195
f 3271 4195 3268
f 4628 966 3270
f 979 4628 3270
f 4026 4028 975
f 3268 4628 976
f 975 4028 3272
f 4628 3275 976
f 3274 976 977
f 3273 3182 3269
f 421 3273 3274
f 3274 3273 3269
f 977 2272 2274
f 3276 2272 977
f 3275 3276 976
f 2275 2272 3276
f 977 2274 421
f 421 3274 977
f 978 2285 3276
f 4456 2285 4511
f 452 3277 2328
f 980 2328 3277
f 3277 4276 429
f 981 980 4456
f 4456 980 3277
f 4511 981 4456
f 998 972 982
f 3265 970 983
f 968 3265 983
f 3263 4695 3279
f 3263 3279 4397
f 3279 4695 3289
f 4028 3280 3281
f 3281 980 981
f 980 3281 3282
f 3282 3281 3280
f 984 3282 3280
f 2320 3285 4422
f 3282 2320 3283
f 3282 984 2320
f 3282 3283 980
f 3283 2328 980
f 2380 3284 3286
f 985 3293 3286
f 3288 3287 3285
f 3287 3288 985
f 3288 3289 995
f 4695 3267 3289
f 3290 995 3289
f 3290 4204 995
f 3291 995 4204
f 3291 1093 3292
f 3291 986 3288
f 3288 986 985
f 986 3292 3293
f 3292 986 3291
f 3286 3293 2381
f 3292 3295 3293
f 3295 988 3293
f 3295 3475 3296
f 3296 3475 3476
f 3296 990 3298
f 988 3297 3298
f 2381 988 3299
f 3299 3298 989
f 3301 3302 990
f 3476 3301 990
f 3476 990 3296
f 4398 3301 3479
f 3302 4398 3303
f 4030 3303 4398
f 4398 3480 4030
f 4030 3480 3497
f 3303 4030 4599
f 4030 3497 4599
f 989 3305 3304
f 3304 3294 3299
f 991 3497 992
f 992 3497 3519
f 993 2394 991
f 3519 3503 992
f 992 3503 4207
f 993 992 4207
f 4207 3306 993
f 4207 994 3306
f 3503 994 4207
f 994 3308 3307
f 3308 3309 3307
f 3310 3315 987
f 3310 987 997
f 997 996 3278
f 997 3278 3310
f 3314 972 998
f 200 3540 3313
f 3278 972 999
f 999 3310 3278
f 997 3290 996
f 3317 1127 999
f 999 3314 3317
f 1127 3554 999
f 4208 2566 2568
f 3226 954 3227
f 3227 954 3231
f 1011 1650 3319
f 1660 3320 3323
f 1000 4797 4399
f 4669 4844 4797
f 4844 4399 4797
f 3323 3321 1660
f 3320 1661 1663
f 3322 1663 1001
f 1001 3324 3335
f 3322 1001 3335
f 4399 4209 1005
f 4031 4209 1002
f 3323 1010 1002
f 3319 4032 4033
f 135 3325 142
f 3325 2249 2258
f 3325 2258 142
f 1004 4831 1000
f 4831 1003 1000
f 1004 3326 198
f 3327 1004 1000
f 1004 3327 4512
f 3326 4512 1782
f 1006 4707 1782
f 1006 1934 1786
f 4031 1002 4400
f 3328 4031 3332
f 4031 4400 3332
f 3331 3332 1007
f 1007 1009 3333
f 1008 1009 1007
f 1007 3332 1008
f 1002 1008 4400
f 1009 1008 1010
f 4300 4734 1013
f 1010 3335 1013
f 1010 1008 1002
f 4033 4032 3334
f 3334 4032 142
f 142 1012 3336
f 3335 3324 1011
f 1013 4789 4300
f 4789 1011 4300
f 1011 4033 4300
f 3337 4033 3334
f 4457 3334 142
f 2291 2299 3336
f 437 3338 2299
f 4457 2299 3338
f 3339 3340 4704
f 3341 3337 3338
f 2300 3344 437
f 3344 3338 437
f 3343 3341 3342
f 4301 3340 1014
f 1014 3343 4301
f 1016 3343 3347
f 3343 3342 3347
f 3346 3347 3342
f 3348 3350 3346
f 1015 1016 3347
f 3347 3346 1015
f 1017 1016 1015
f 3349 4704 4301
f 3349 4301 1016
f 3343 1016 4301
f 1017 3358 1016
f 1017 1015 3361
f 1018 4302 3350
f 1018 3350 3470
f 1929 4211 1931
f 4525 267 3351
f 3330 1934 1006
f 4513 3351 3330
f 3423 4513 3330
f 1933 4525 3352
f 3352 3408 1933
f 3422 3354 3353
f 3354 3422 3333
f 3333 3355 3354
f 3333 4734 3355
f 4734 3349 3355
f 3349 1016 3357
f 3357 1016 3358
f 3355 3356 1019
f 3353 3354 1019
f 3353 1019 3406
f 3357 1021 3356
f 1021 3358 3359
f 3359 3361 3363
f 4302 1018 460
f 4302 1024 3360
f 3363 3361 3360
f 1023 3363 1020
f 3365 3362 3363
f 3405 1021 1046
f 3362 1046 1021
f 3364 3362 3365
f 3363 1023 3365
f 1020 1024 3368
f 4302 460 2499
f 3367 1024 4376
f 3368 1024 3366
f 1024 3367 3366
f 3403 1023 3368
f 2498 3370 3367
f 3367 4034 3366
f 3368 3366 3403
f 3369 4034 1025
f 4034 3370 1025
f 4034 3369 3403
f 3370 1026 1025
f 3370 3371 1026
f 3372 4602 3371
f 1026 3371 4602
f 3427 1026 4602
f 1027 3374 531
f 3374 1027 3375
f 2533 2526 3374
f 3377 531 532
f 1028 4213 1027
f 4036 3376 3381
f 1028 1027 3377
f 4214 3377 533
f 1029 4213 1028
f 3378 4036 4213
f 4104 4303 3378
f 1029 4104 3378
f 4104 1029 1941
f 4303 4104 4573
f 3381 4215 3382
f 3394 4215 3381
f 4600 3384 3382
f 3374 3384 2533
f 2538 3383 1032
f 1033 4305 1037
f 1033 2538 4305
f 1035 3385 4305
f 4305 1034 1035
f 4600 1034 1032
f 3384 4600 1032
f 1041 3393 3385
f 1037 3385 3393
f 3387 2539 1033
f 3387 1038 2539
f 3393 3387 1037
f 1038 3391 2540
f 3388 4216 3389
f 4216 3454 3389
f 1038 3388 3392
f 4515 1038 3392
f 1038 4515 3391
f 3391 3430 2541
f 3430 3390 2541
f 1059 3430 3391
f 4515 1059 3391
f 3392 3388 3389
f 3389 3454 1040
f 3395 3386 1042
f 3395 3446 3386
f 3395 3396 3446
f 3386 3446 1041
f 3396 1057 4038
f 1057 3396 4306
f 4037 4629 1042
f 4306 4629 4037
f 4306 1056 1057
f 3398 1056 4306
f 3398 4306 4717
f 3394 4717 4037
f 3400 1043 3399
f 1043 3400 3398
f 3378 4303 3401
f 3380 3401 4303
f 3380 1044 3401
f 4514 3416 1044
f 1044 4458 3401
f 3399 4458 3400
f 4035 3414 3369
f 3369 3414 1045
f 3415 3414 3400
f 3365 1023 3403
f 1022 3364 3365
f 3365 3404 1022
f 3406 3405 3409
f 4584 4211 4212
f 1931 4211 3407
f 3407 1947 1931
f 1030 1947 3407
f 3407 1047 3421
f 1049 1048 3408
f 3410 1050 1049
f 3420 1050 3410
f 3409 3405 1051
f 3410 1049 1051
f 3412 3413 3410
f 3411 3404 1045
f 3411 1052 3413
f 3402 3416 1052
f 4514 4217 3417
f 4217 4344 1948
f 1054 1949 3379
f 1055 4217 1948
f 1053 3420 1054
f 3410 3419 3420
f 3420 3421 1047
f 3330 4210 3424
f 3424 3422 3425
f 3422 3424 3331
f 4403 1057 1056
f 3373 3428 3449
f 3390 1058 1039
f 3390 3429 1058
f 3429 3390 3431
f 3431 3432 3429
f 3429 3433 1058
f 1061 3434 1060
f 1059 4601 1060
f 4601 1061 1060
f 4601 3435 1061
f 1062 3435 4601
f 4515 4601 1059
f 1081 1061 3435
f 3434 1061 1090
f 1061 1080 1090
f 1080 1061 1081
f 3392 1062 4515
f 1062 3392 3443
f 1064 3436 3439
f 3436 1064 4218
f 1064 3439 1065
f 3441 3439 3457
f 3441 3442 1065
f 3438 3442 1063
f 4401 3438 1063
f 4401 1063 3443
f 3442 1075 1063
f 3441 3445 3442
f 3396 4038 3446
f 3427 4602 1067
f 3427 1067 1057
f 4038 1067 3448
f 4038 3447 3446
f 3449 3450 3372
f 1068 1070 1067
f 1068 3452 3455
f 1068 3455 1070
f 1070 3448 1067
f 3447 3448 1071
f 3447 1071 3453
f 3446 3447 3453
f 3446 3453 1041
f 3453 1071 4216
f 3454 4216 1071
f 1040 3454 1064
f 1071 1070 4218
f 3451 3437 3452
f 3451 3450 3437
f 1069 1073 3450
f 1073 4039 3456
f 1073 3456 1072
f 3457 1072 3458
f 3444 3457 3458
f 1074 3459 3444
f 3459 4219 4696
f 3459 3867 4219
f 4696 4219 3460
f 4696 3460 1066
f 3460 4219 3463
f 1066 3461 1075
f 3461 3460 3462
f 3460 3463 3462
f 3463 1076 3462
f 3463 3871 1076
f 3462 1076 4220
f 3465 3876 1322
f 1077 3465 1322
f 1077 1322 1320
f 1058 3464 4404
f 1058 3433 3464
f 1079 3433 3432
f 1077 1078 3465
f 3465 1078 3468
f 1081 4658 1084
f 1075 3461 1083
f 4658 3901 1086
f 1080 1081 1084
f 1086 1084 4658
f 4256 4405 1087
f 1087 1086 4256
f 1086 3901 4256
f 1088 1083 3461
f 3461 3462 1088
f 1087 3466 1089
f 1087 1089 1086
f 1084 1085 1080
f 3912 1080 1085
f 1090 1080 3912
f 1090 3912 4257
f 1090 4257 3467
f 3467 4257 1091
f 1091 3468 3467
f 3915 1091 3914
f 3876 3471 1092
f 1092 3880 3876
f 2613 460 3470
f 3350 3348 3470
f 3915 4406 3471
f 1094 1093 3472
f 1094 3473 1093
f 3292 3473 3475
f 3473 1094 3474
f 1111 1095 3315
f 3533 3472 1095
f 3472 4225 1094
f 4040 3475 3473
f 4225 1096 3474
f 3474 1096 4040
f 4040 3476 3475
f 3476 4040 1097
f 1096 3477 4040
f 4040 3477 1097
f 1097 3301 3476
f 1098 3478 3477
f 1098 3482 3478
f 3478 3479 1097
f 4398 3479 4221
f 3521 3520 4221
f 4221 3520 3480
f 4221 4574 3481
f 3481 4041 4221
f 4221 1100 3521
f 3482 3481 3478
f 3485 4307 3481
f 4516 3483 4307
f 3496 3483 3484
f 3483 3496 1100
f 3496 3484 4042
f 4516 4307 3485
f 4516 3486 3488
f 3487 3488 3486
f 3487 3490 3488
f 3488 3489 4516
f 3489 3493 3484
f 3488 3528 3489
f 3487 3486 3491
f 3491 3486 1098
f 3492 3487 3491
f 3490 3528 3488
f 3528 3527 3493
f 3493 1099 3484
f 1099 3494 4042
f 3496 4042 3495
f 4042 3522 3495
f 3480 3520 3497
f 3501 994 3503
f 3503 1101 3501
f 3599 3569 2402
f 3501 3506 3308
f 3309 3505 4208
f 3504 3506 3510
f 1103 3510 3506
f 1103 3506 3507
f 3509 1101 3515
f 4222 3508 3509
f 3510 3511 3504
f 3510 3512 3511
f 3509 4308 3514
f 1105 4230 3517
f 1105 1104 3514
f 3514 3518 1105
f 1105 3518 4309
f 4230 4309 1106
f 3600 4309 3522
f 4308 3495 3518
f 3515 1101 3519
f 3497 3520 3519
f 3519 3520 3515
f 3496 3516 1100
f 3522 3518 3495
f 3522 3494 3523
f 4224 4223 3494
f 3525 4043 4224
f 3527 3526 3493
f 3528 3490 3529
f 3528 1107 3527
f 1107 4044 3527
f 1108 1107 1120
f 1120 2376 1108
f 3530 1107 3529
f 1109 3529 3490
f 3529 1109 3531
f 1107 3530 1120
f 3530 3529 3531
f 1115 3530 3531
f 3532 1109 3492
f 3491 4630 3492
f 1096 4225 1110
f 3533 1110 4225
f 3533 1095 1111
f 4459 3533 1111
f 4630 4226 3492
f 4630 1110 4226
f 1112 4226 1110
f 4745 1112 1110
f 3532 3492 4226
f 3535 1115 1114
f 3532 1116 1113
f 3535 1114 3534
f 3532 4226 4585
f 4745 4310 1112
f 3539 1123 4585
f 1116 1123 1117
f 3534 1116 1117
f 4227 1118 3535
f 1119 1120 3530
f 1119 1115 3536
f 3536 1115 3535
f 4371 1119 3536
f 1118 3536 3535
f 3534 1117 4227
f 4045 3537 4228
f 4730 3537 4045
f 3538 4577 4730
f 1121 1130 3538
f 1121 4045 1122
f 4227 1117 1122
f 1112 3539 4585
f 1112 4310 3539
f 4745 1124 4310
f 1124 3560 4310
f 3542 1827 1125
f 4229 4782 3543
f 4782 1793 3543
f 3542 3543 1793
f 1125 3543 3542
f 4425 3543 1125
f 4229 3543 4425
f 3553 3317 3540
f 3545 1111 3554
f 3546 3553 1790
f 3541 3546 1790
f 3548 3549 4229
f 4229 4425 3548
f 221 4425 1125
f 3550 3548 1829
f 3549 3551 4229
f 3547 3552 3541
f 3558 3551 3549
f 3730 3558 3549
f 3552 3546 3541
f 3552 1126 3546
f 3553 1127 3317
f 3546 3557 3553
f 1126 1128 3557
f 3557 1128 3545
f 1128 3544 3545
f 1128 3555 3544
f 3555 1129 1124
f 3730 4411 3558
f 3558 3731 4460
f 4411 3731 3558
f 4407 3731 1121
f 3559 1126 3552
f 1129 3559 3556
f 3556 1124 1129
f 3556 3560 1124
f 1123 3539 3560
f 3561 1117 1123
f 1121 1122 4407
f 4577 3562 4730
f 1131 4230 3563
f 3571 1131 1132
f 3563 1132 1131
f 4230 1106 3563
f 1131 3574 3517
f 3570 3571 1134
f 1132 1134 3571
f 1132 3563 3564
f 3564 3565 2558
f 2557 3566 4701
f 1106 3566 3563
f 1106 3568 3566
f 3569 3567 4701
f 3600 3568 1106
f 3568 1133 4701
f 3567 3569 3599
f 1134 2561 4408
f 2560 3564 2558
f 2560 2561 1134
f 3570 1135 3571
f 3570 3573 1135
f 3573 3570 4408
f 4408 553 3573
f 3572 4435 1135
f 3573 1136 3572
f 3517 3574 3575
f 3575 3574 3581
f 1104 1137 3513
f 3512 3513 1137
f 3576 3504 3511
f 2566 3505 3576
f 3578 3576 3511
f 3505 2566 4208
f 3578 3577 3576
f 3511 1102 3578
f 1137 1138 4517
f 4046 3572 1136
f 4232 4046 2569
f 1138 3581 4643
f 4643 3581 4311
f 3583 4047 3582
f 4311 4047 4643
f 1142 4311 3580
f 1141 4047 1142
f 3583 3582 4461
f 4461 3582 3591
f 1142 4048 1141
f 1140 4049 1142
f 1142 4049 4048
f 560 4232 2570
f 560 558 4049
f 3586 3585 1144
f 3585 3586 1143
f 3579 3585 1143
f 3578 1102 3596
f 3577 3981 556
f 3577 3578 3593
f 1143 3594 1139
f 3594 1143 3587
f 3587 3586 3589
f 3586 3587 1143
f 3590 3592 2584
f 3590 1144 3592
f 1144 3591 3592
f 3584 3592 3582
f 563 2569 1136
f 1136 564 563
f 565 564 1136
f 3596 3593 3578
f 3595 3594 3587
f 3595 3596 3594
f 3595 3588 3597
f 3588 2596 1145
f 3597 1145 3598
f 3593 3597 1146
f 1145 579 2597
f 1146 3598 2597
f 3593 1146 2599
f 2599 1146 4142
f 4043 586 1147
f 586 3525 2606
f 2606 3525 3601
f 3601 3500 2606
f 3499 3500 3601
f 3499 1148 3498
f 1150 3602 3603
f 1151 3603 3602
f 3602 3604 1151
f 1154 1246 1247
f 1153 1154 1247
f 1152 1153 1247
f 3605 1154 1153
f 1154 3605 1160
f 3618 4312 3743
f 3605 4312 3617
f 1160 3605 4409
f 3605 3617 3616
f 1158 3607 3612
f 3610 3609 3613
f 1161 3610 3613
f 1158 3611 4683
f 3611 4575 3615
f 1159 1157 1155
f 3615 4575 1154
f 1154 1160 3615
f 3615 4683 3611
f 4683 1162 3609
f 3608 3610 3614
f 4603 3608 3614
f 4603 1158 3608
f 1210 3610 1161
f 1161 3613 3700
f 4683 3615 1162
f 3615 1160 1162
f 3617 4312 3618
f 3617 3619 3616
f 3698 1163 3616
f 3617 4050 3619
f 3617 3618 4050
f 3618 3753 4050
f 4050 3753 3754
f 3767 3620 1164
f 3621 3622 3623
f 3674 3621 298
f 3622 1192 3623
f 3623 3624 3767
f 3620 3767 3624
f 3625 1164 3620
f 3625 3624 1192
f 1167 3625 1192
f 3644 3627 3626
f 3627 1169 4554
f 3643 3642 3628
f 1171 3602 3729
f 3633 3604 1171
f 1170 3632 1171
f 3604 3633 3631
f 3631 3633 3636
f 3631 1175 1172
f 1151 3631 1172
f 3604 3631 1151
f 1150 3603 1149
f 1173 3603 1174
f 3656 1172 1175
f 3636 1176 1175
f 3633 1171 3635
f 3635 1171 3632
f 3634 3635 3632
f 3635 3634 3630
f 3633 3630 3637
f 3630 3629 3638
f 3629 1177 3638
f 3638 1177 3637
f 1176 3637 1177
f 1177 3629 3639
f 3639 3629 1169
f 3641 3639 1169
f 3640 3654 3639
f 3641 3640 3639
f 3642 3643 3641
f 3647 3640 3641
f 4753 3628 3644
f 3645 4753 3644
f 3647 3643 3646
f 3652 3647 3646
f 3649 3650 3645
f 3627 1168 3626
f 3681 3626 1168
f 3681 1168 3648
f 3644 3626 1190
f 3649 3670 3650
f 3650 3670 3651
f 3651 3646 3650
f 3646 3651 3652
f 3651 4313 3652
f 3661 3652 4670
f 3652 3661 4518
f 1176 3636 3637
f 3656 1179 1172
f 3656 1175 1178
f 3655 1178 1175
f 3655 1177 1181
f 3695 3657 3655
f 3656 4553 3658
f 1180 4233 1179
f 3658 1180 1179
f 4233 1180 1269
f 4234 1180 3659
f 4553 3659 3658
f 3657 4553 1178
f 3640 3647 3660
f 4518 3660 3647
f 4670 1184 3662
f 1185 3662 3663
f 3663 1187 1185
f 3663 3662 1186
f 1188 3663 3668
f 4313 3664 3653
f 1184 3653 3664
f 3665 4313 3651
f 3665 3651 3670
f 3664 1186 1184
f 3664 3665 1189
f 1189 3670 3669
f 3670 1189 3665
f 3687 3688 3664
f 1186 3664 3688
f 3690 3691 1183
f 1185 4235 3666
f 4235 1187 3667
f 3667 3701 4235
f 3668 1186 3688
f 3669 3670 3649
f 1190 3649 3645
f 1200 3626 3681
f 1191 3672 3671
f 3671 3672 3673
f 3673 3648 3671
f 3672 1194 3673
f 3673 1194 1199
f 1193 1194 3672
f 1193 3672 1191
f 1267 1192 1191
f 1193 1192 3622
f 3622 1194 1193
f 1197 1196 299
f 299 1196 1195
f 1203 3677 3675
f 3675 3677 3676
f 4314 1993 3677
f 3677 1993 3676
f 3678 1994 3705
f 1197 3678 3679
f 3705 3679 3678
f 3705 1198 3679
f 3679 4735 1197
f 1194 1198 1199
f 3680 1198 1194
f 1198 3680 3679
f 3648 3673 1199
f 4051 3648 1199
f 1200 3681 4051
f 3705 1224 1198
f 1204 4462 4314
f 1204 4314 3677
f 1203 1204 3677
f 3675 1201 1203
f 1202 1203 1201
f 3682 1206 4754
f 1207 4754 1206
f 1207 3683 4754
f 4754 3683 1202
f 3683 3669 3684
f 3669 3685 3684
f 1203 1202 3684
f 3684 1205 1204
f 3684 1204 1203
f 1205 4462 1204
f 3685 3649 1205
f 3649 3685 3669
f 3685 1205 3684
f 3683 1207 3687
f 4052 1207 1206
f 1202 1201 3686
f 1997 1206 3682
f 3687 1207 4052
f 3687 1189 3683
f 1223 3689 4052
f 3689 1188 3668
f 3668 3688 3689
f 3666 4237 306
f 2000 3690 1185
f 2000 3692 3690
f 1208 1210 3691
f 4463 3691 1210
f 3661 3693 4518
f 3699 1209 4463
f 3699 1217 1209
f 1210 3699 4463
f 4603 307 1158
f 3607 2001 2002
f 1211 1272 4553
f 3619 1214 3697
f 1214 3696 3697
f 1215 1213 3696
f 3697 1181 3654
f 3698 3654 3660
f 3697 3654 3698
f 3697 3696 4410
f 1161 3700 1217
f 1163 3698 1216
f 1217 1216 3660
f 1216 1217 3700
f 4697 3701 3667
f 1218 1219 4697
f 4697 3667 1218
f 1219 1218 4236
f 1218 1223 3702
f 2011 4697 1219
f 1220 4697 2011
f 1222 1220 2008
f 1220 1221 4697
f 1221 3701 4697
f 3704 4237 1221
f 1221 1220 1222
f 4236 3702 311
f 3689 1223 1188
f 3702 3703 311
f 1222 3704 1221
f 3694 4542 4603
f 1200 1224 4314
f 4051 1224 1200
f 3706 1834 3707
f 3707 3710 3708
f 1226 3708 3710
f 4239 3707 3708
f 4239 3708 1235
f 4239 1227 1225
f 1831 1225 1227
f 1831 1234 3550
f 3707 1860 1835
f 3709 3712 4238
f 1835 1228 3710
f 3711 1229 1228
f 3715 1229 3711
f 3758 3714 3713
f 3715 3713 1231
f 3711 3713 3715
f 4576 1229 4240
f 4576 1226 1229
f 4239 1235 1227
f 4576 1235 1226
f 4576 3716 1235
f 1235 3716 3717
f 1241 1234 3717
f 1242 3716 4576
f 3718 1242 4576
f 3718 4576 4240
f 3718 3722 1236
f 3719 3725 3718
f 3719 3718 1236
f 1236 3721 3719
f 1233 3722 4240
f 3720 3722 3787
f 3720 1239 3721
f 4241 1239 1237
f 3721 4241 3723
f 3724 3723 3726
f 3724 3745 3725
f 3745 3724 3726
f 4241 1238 3727
f 3728 3602 1150
f 3772 1239 4053
f 1866 1255 3758
f 1130 3738 3538
f 3732 3790 3562
f 3789 3562 3790
f 3734 3732 4577
f 4737 3790 3733
f 1250 4242 3734
f 1250 3734 3737
f 3738 3734 4577
f 3734 3738 3737
f 3717 3735 1241
f 1242 3735 3716
f 4054 3735 1242
f 1242 3718 4054
f 4411 1241 4519
f 1250 3737 3739
f 1244 1250 3739
f 3737 3738 1130
f 1241 3736 4519
f 1243 1251 1245
f 1244 1245 3744
f 3793 4737 4243
f 4412 3740 3742
f 4412 3741 1299
f 4412 1247 3741
f 3741 1247 1246
f 1247 4412 1152
f 4412 3742 1249
f 4412 1249 3743
f 1159 4606 1246
f 1159 1246 1154
f 3751 3749 3740
f 4243 4737 4242
f 1250 1244 3744
f 4055 3745 3747
f 3747 3726 3785
f 3747 3785 3746
f 3746 3785 4319
f 4243 3748 3757
f 3751 3757 3750
f 3752 1253 3754
f 3750 3756 3755
f 3756 1252 1253
f 3756 3750 3757
f 3757 3744 3756
f 1232 1257 1240
f 1232 1255 3759
f 1968 3759 1255
f 1968 1256 3759
f 3761 1254 1256
f 1257 4413 4245
f 4413 1257 4244
f 3760 4413 1258
f 4244 1254 3761
f 1258 1259 3760
f 1260 4315 1259
f 1260 3627 4315
f 1168 3627 1260
f 1260 4414 1168
f 4554 4315 3627
f 3770 1259 4315
f 3763 3761 4415
f 1258 3761 3763
f 3763 3762 1258
f 3763 4415 1262
f 1968 4420 1256
f 1264 1256 4420
f 1264 4420 4559
f 1263 4415 3764
f 3764 1265 1263
f 3764 1264 1265
f 4559 1265 1264
f 3765 1164 1265
f 1164 1263 1265
f 3766 1988 1165
f 3767 1164 3766
f 1267 1266 3768
f 1266 1267 3648
f 3648 1168 1266
f 1268 3634 3770
f 3771 4245 4520
f 4053 4245 3772
f 3771 3772 4245
f 3771 1170 3772
f 1149 3773 3774
f 3773 1238 3774
f 3773 4659 4317
f 4233 1269 4659
f 3775 4659 1269
f 3775 1271 1270
f 4659 1270 3779
f 3779 4317 4659
f 4234 3776 3775
f 1267 1191 3671
f 3782 3776 3777
f 3781 1273 3778
f 1271 3778 1273
f 1270 1273 3779
f 3779 1273 3780
f 3773 3779 1238
f 3780 1238 3779
f 3780 3727 1238
f 3778 3782 3781
f 3782 3786 3781
f 3777 4318 3782
f 4318 3777 1272
f 4521 4318 3783
f 4521 1213 3784
f 3784 4319 4521
f 1215 3784 1213
f 3785 3726 3786
f 3785 3786 4319
f 3726 3780 3786
f 1230 4053 3787
f 3562 3789 4416
f 3789 3792 4247
f 3789 3791 3792
f 1274 4746 3792
f 1274 3792 3793
f 3792 3791 3793
f 3793 3791 4737
f 3794 4464 1274
f 4464 3794 1275
f 3798 3799 1274
f 1275 3794 3795
f 3796 3825 3797
f 1276 3798 4464
f 1276 4464 3797
f 3798 1277 3799
f 1277 3798 3800
f 3816 3800 3798
f 4746 1274 1280
f 3788 4247 3802
f 3803 3802 1280
f 3801 3803 1280
f 3802 3803 1278
f 3803 1279 1278
f 3806 3807 3804
f 505 3804 3807
f 3805 3804 1279
f 3811 510 1281
f 3810 2467 3808
f 3809 2467 3810
f 4248 4605 3809
f 3810 3808 4578
f 4640 1287 3810
f 4640 3810 4578
f 4578 2464 2457
f 4578 2457 3811
f 3806 1281 510
f 3812 3811 3814
f 4640 4578 3812
f 4640 3812 1282
f 3812 3814 1282
f 3813 1282 3815
f 1281 4522 3815
f 3814 1281 3815
f 3815 1277 3800
f 3800 3817 3815
f 3816 3798 3827
f 1294 3816 3827
f 3828 3813 3817
f 3818 3813 3828
f 3818 1282 3813
f 3828 1298 3818
f 1283 4739 3818
f 1285 1283 1298
f 1284 1283 1285
f 4739 1283 1286
f 4252 4854 3819
f 4854 1285 3819
f 1285 4783 1284
f 4783 4731 1284
f 1288 4248 1287
f 1288 4056 1286
f 1288 1286 3820
f 1292 4248 1289
f 1288 3820 1289
f 4731 1314 1284
f 1290 3822 3820
f 1289 3822 1291
f 1292 1293 3824
f 2467 4605 2466
f 4605 3824 2466
f 4253 4751 3824
f 3826 3827 1276
f 1276 4249 3826
f 3827 3826 1294
f 3828 1294 3826
f 3829 3828 1296
f 4523 1296 1295
f 1297 3829 1296
f 1297 1296 4523
f 4523 1295 3830
f 3830 3832 4523
f 3851 3829 1297
f 257 3851 1297
f 3831 1300 3796
f 1299 3741 3833
f 1299 3831 4412
f 3833 4740 1300
f 3741 4606 3833
f 4606 3741 1246
f 3833 4606 1155
f 3834 3833 1155
f 3835 1301 4740
f 3835 3832 3830
f 3836 4740 3834
f 4740 3836 3835
f 3835 3838 3832
f 257 3837 4267
f 4698 4267 3837
f 4250 4698 3832
f 257 258 3851
f 1914 3838 4579
f 4250 3838 1914
f 3834 1155 4579
f 4606 1159 1155
f 1028 4214 3839
f 1302 533 2527
f 3841 3840 3839
f 2532 3841 1302
f 2532 3843 3841
f 3843 2532 3845
f 1303 3843 3844
f 535 3845 2532
f 1963 3846 4699
f 3845 535 3847
f 3847 535 3848
f 258 2007 3850
f 2007 4350 3849
f 3849 4251 3850
f 4251 4252 3850
f 3851 258 4524
f 3819 3850 4252
f 3836 3834 4579
f 4111 4252 4251
f 4252 4111 1304
f 4057 1305 2103
f 4057 2103 1963
f 1316 1305 4057
f 2104 1305 1316
f 4057 4699 1306
f 1306 4699 3847
f 3847 1307 1306
f 1306 3853 4671
f 3855 3862 4671
f 4057 4671 3862
f 3847 3848 1307
f 535 2531 3848
f 1307 3848 4726
f 3855 3853 3854
f 3853 1308 3854
f 1308 590 3854
f 588 1308 1307
f 4253 2608 4751
f 3855 3854 3823
f 1293 3856 3823
f 1309 3823 3856
f 1309 3855 3823
f 1291 1311 3856
f 3857 1309 3856
f 1317 1309 3857
f 1310 1317 3857
f 1311 1310 3856
f 1312 1310 1311
f 1315 1313 3858
f 3858 1313 1312
f 3822 1290 1312
f 2105 3858 3860
f 3858 2105 1315
f 3859 1314 3861
f 3861 1314 4731
f 1317 1316 3862
f 3855 1309 3862
f 1313 1317 1310
f 1316 1313 1315
f 3428 3373 2500
f 3428 2500 3863
f 2546 1039 1318
f 2612 1318 1334
f 1318 1320 1319
f 1318 1039 4404
f 1319 1320 4555
f 1319 4555 1321
f 543 1323 4465
f 1325 4039 1324
f 4039 1325 3456
f 3864 3456 1325
f 1324 4465 1325
f 1324 543 4465
f 4465 3868 3865
f 3864 3866 1074
f 1329 3459 1074
f 1329 3866 1328
f 3865 1327 1326
f 3866 3870 1328
f 3463 4219 3867
f 1329 1332 3867
f 3868 3869 1327
f 1323 2612 3868
f 2612 3869 3868
f 3869 1333 1327
f 3870 1333 1330
f 4631 1328 3870
f 4631 3870 1330
f 1330 3873 4631
f 1328 4631 3873
f 1328 3873 1331
f 1331 3872 1329
f 1329 3872 1332
f 3867 1332 3871
f 3867 3871 3463
f 3871 4645 1076
f 3871 3904 4645
f 3871 1332 3904
f 1331 3875 3872
f 3873 3875 1331
f 3869 1334 3874
f 3874 3875 3873
f 3875 1319 1321
f 1321 1338 3875
f 3880 1335 3876
f 1335 3878 1336
f 3877 1336 1337
f 1337 1340 1338
f 1340 3882 1342
f 1340 1336 1339
f 1335 3879 3878
f 3878 3888 4417
f 3881 4641 1341
f 4417 3881 1339
f 1340 1339 3882
f 1341 4254 3881
f 3882 3881 4254
f 3883 4254 1341
f 4060 1342 1343
f 1332 1344 3904
f 4058 3884 1344
f 4059 4060 4058
f 4060 3884 4058
f 4060 1343 3884
f 4405 1345 1346
f 1345 3885 1346
f 3886 3887 3885
f 3887 1347 1346
f 3887 1346 3885
f 3880 1348 3879
f 3879 1348 4418
f 3888 3890 3892
f 3892 4641 3888
f 3892 3890 3889
f 3890 3891 3889
f 3894 3889 3891
f 1349 3892 3889
f 3881 4417 4641
f 4255 1350 1358
f 4255 3894 1350
f 1349 3894 4255
f 3908 3892 1349
f 1350 3894 3893
f 4660 3893 3894
f 3889 3894 1349
f 3895 3894 3891
f 3896 4660 3895
f 3896 3895 1351
f 3916 1351 3895
f 3897 3896 3922
f 3898 3917 3893
f 3896 3920 3922
f 3899 3920 1351
f 3916 3895 4061
f 3890 4061 3891
f 4061 3890 4418
f 3918 4061 3900
f 1092 4406 1348
f 1357 1354 1355
f 1355 4642 1357
f 3901 4642 1355
f 3902 1356 1355
f 3902 1354 1357
f 1359 3902 1357
f 1353 1083 1088
f 1088 4220 1353
f 3903 1360 3905
f 3903 1359 1353
f 3905 3906 3903
f 4645 3905 1360
f 1360 4220 4645
f 4645 3910 3905
f 3910 4645 3904
f 3903 3906 3907
f 1355 1356 1345
f 4405 4256 1355
f 3907 1349 4255
f 4255 1358 3907
f 3907 3911 3908
f 3909 3906 3910
f 3905 3910 3906
f 3910 1344 3909
f 3909 1344 3884
f 1343 3908 3911
f 1087 1346 3466
f 1347 3466 1346
f 3466 1347 1361
f 3917 1361 1347
f 3912 1361 4257
f 1361 3917 4257
f 1364 3469 4257
f 1363 3914 3913
f 1362 3914 1363
f 3914 1362 3915
f 1362 1351 3916
f 1363 1351 1362
f 3919 3913 1364
f 4700 3898 3897
f 4700 1364 3917
f 1364 4700 3919
f 1362 3916 3918
f 1362 3918 4406
f 4406 3915 1362
f 3897 1352 3919
f 3897 3919 4700
f 3919 1352 1365
f 1365 1352 1366
f 1365 1366 3899
f 1365 3899 1351
f 3922 1366 1352
f 1383 1380 1379
f 1389 1384 1388
f 4469 1426 26
f 2753 47 1461
f 1483 3928 1482
f 1492 1568 1489
f 1539 84 1537
f 1599 4591 114
f 4649 1797 4337
f 1805 1804 207
f 1964 1816 4440
f 228 232 230
f 243 1884 1882
f 1884 4266 1885
f 1889 1897 1883
f 2003 260 261
f 4112 1920 1922
f 1953 3947 271
f 1986 1969 4345
f 4269 1984 1975
f 1995 4107 1992
f 2012 2010 2009
f 309 319 320
f 2052 331 2051
f 2070 2083 4354
f 355 2124 2095
f 2089 343 4589
f 2104 4355 1305
f 2104 4270 4355
f 2125 361 4428
f 361 2125 4582
f 3959 381 4361
f 383 4361 2186
f 380 379 896
f 2194 2193 2733
f 2201 2187 2198
f 2208 390 2212
f 3964 3963 425
f 431 4429 430
f 2309 458 2308
f 2308 2311 2309
f 2329 2327 2332
f 2341 3968 2348
f 2452 508 3975
f 4431 3976 2460
f 2483 461 520
f 4491 4135 4529
f 4135 4491 2534
f 2075 333 4137
f 548 4944 4895
f 4944 549 4895
f 4895 2556 548
f 610 2640 609
f 2644 4736 618
f 625 2662 624
f 2667 2637 2668
f 2672 636 2674
f 676 4152 675
f 680 4154 3993
f 2745 4156 2744
f 706 1498 4653
f 4744 4622 705
f 745 2867 2861
f 4165 4765 2868
f 4765 745 2868
f 2907 93 92
f 2909 2906 4167
f 2220 4006 2935
f 793 2220 2219
f 4008 4960 2945
f 4960 4171 2945
f 3955 4858 795
f 4117 4865 4858
f 4865 795 4858
f 2951 4979 335
f 4979 2950 335
f 4177 800 2957
f 795 4865 4453
f 4117 4948 4865
f 4948 4453 4865
f 364 856 3029
f 4390 3068 878
f 882 3110 896
f 926 3173 894
f 923 4507 881
f 3149 3146 3147
f 3171 924 4193
f 4533 4196 4195
f 929 930 4395
f 4395 937 3201
f 954 3230 3231
f 3257 3235 3239
f 958 3243 961
f 967 3259 4082
f 3295 3297 988
f 4206 991 2394
f 3307 3309 4488
f 4513 3425 3352
f 4734 4704 3349
f 1043 3398 3397
f 3403 3404 3365
f 1052 3416 3418
f 3423 3425 4513
f 3372 3373 3449
f 3458 1074 3444
f 3518 3514 4308
f 4043 4223 4224
f 3601 3524 1148
f 3534 1113 1116
f 1118 4227 4228
f 3587 3588 3595
f 2002 3606 3607
f 3769 4554 1169
f 4410 3695 3655
f 302 1206 1997
f 1218 1188 1223
f 1211 4553 3657
f 3695 1213 1212
f 1218 3702 4236
f 4238 1228 1835
f 3713 1866 3758
f 4245 4053 1240
f 3755 3752 1248
f 4416 3789 4247
f 4640 4056 1287
f 3823 4253 1293
f 3817 1294 3828
f 1304 4111 3956
f 1318 4404 1320
f 3880 3879 1335
f 3907 1359 3903
f 1358 1350 3902
f 2 3 4466
f 1372 4063 1369
f 8 7 4466
f 1405 1401 1374
f 6 1375 1374
f 12 1381 10
f 11 4064 4392
f 4065 4064 11
f 3923 4064 4065
f 4065 1377 1378
f 15 1385 4064
f 1384 15 3923
f 16 1387 3924
f 17 3924 1389
f 1393 1382 1396
f 1394 13 4672
f 1398 1396 1399
f 4321 10 1402
f 1409 1405 1374
f 1411 3165 3927
f 4067 1411 3927
f 1415 4323 1419
f 3926 1423 3925
f 1419 4323 4607
f 4071 4070 27
f 1429 1430 4072
f 1430 1429 1432
f 1441 1439 1443
f 1440 4075 4074
f 1442 4769 4074
f 4769 1439 4074
f 4590 4810 1444
f 4810 1434 1444
f 1459 1460 44
f 1460 45 3196
f 1451 39 4076
f 1443 57 1473
f 1473 1579 56
f 58 1578 59
f 4500 1479 2769
f 4537 1488 63
f 64 1486 1488
f 1494 1493 1489
f 65 1497 3930
f 4326 3930 707
f 68 66 3996
f 70 1501 69
f 71 4327 1505
f 1491 1507 1496
f 4077 3937 74
f 72 1505 1516
f 1516 1517 3929
f 1466 76 4468
f 2848 1465 2849
f 1527 4502 1524
f 1533 4328 751
f 1529 1549 1530
f 1530 1549 4662
f 1529 83 1549
f 4684 756 4165
f 3931 1551 1550
f 95 93 2907
f 95 4685 1560
f 96 97 1561
f 4291 4758 2919
f 75 1566 100
f 1494 1489 103
f 1574 1572 1571
f 3928 4471 1477
f 60 1576 106
f 1579 1473 1707
f 1585 108 1583
f 1587 1391 17
f 1621 3264 113
f 1597 1596 1598
f 1598 4591 1602
f 1618 4832 1620
f 4832 4591 1620
f 1606 114 1600
f 116 971 1602
f 117 1604 1603
f 1603 115 4608
f 1607 1603 4608
f 4081 1615 118
f 144 4820 1615
f 4820 3934 1615
f 1615 4081 144
f 1624 123 1619
f 1623 3264 1622
f 1621 1624 1622
f 4705 4082 4261
f 111 4472 1832
f 1631 3936 4332
f 1631 4705 4438
f 1636 129 4426
f 4426 129 1638
f 1641 4980 1501
f 4980 1640 1501
f 406 1649 4446
f 1654 1653 1651
f 1654 136 138
f 3324 138 1650
f 1570 1658 1659
f 142 4032 135
f 1675 1676 4334
f 1682 1683 1685
f 4609 149 148
f 185 149 181
f 4673 1685 4639
f 1685 1683 4085
f 1690 1691 4557
f 4085 1686 1687
f 156 1699 1700
f 1702 1670 1703
f 4260 1708 1705
f 4260 154 1708
f 107 1716 1578
f 1719 1721 1722
f 1721 1572 1574
f 1725 1680 1727
f 1728 170 168
f 168 1729 1726
f 1729 168 4088
f 4088 1734 4264
f 3942 3944 1731
f 1740 1744 181
f 185 182 183
f 1741 1742 1752
f 191 188 1761
f 1746 1748 1762
f 1767 1765 4101
f 1777 198 1779
f 1791 4612 1792
f 4612 200 1794
f 213 4580 1815
f 213 1815 206
f 206 1802 213
f 207 1803 1823
f 1803 4427 3944
f 210 1808 208
f 1814 1808 1812
f 1814 209 1807
f 4756 212 211
f 1892 1805 207
f 1829 222 1831
f 1595 111 1832
f 1595 4330 111
f 1847 4092 1848
f 4748 1878 4093
f 4748 228 1846
f 229 1845 4687
f 230 229 228
f 1857 231 1852
f 1854 1855 232
f 1979 1861 1857
f 236 3712 3709
f 1859 236 3709
f 1859 4265 1863
f 1861 1862 4743
f 3713 1865 1866
f 237 1965 3945
f 1873 3946 1864
f 3946 1873 1872
f 1876 239 1858
f 1879 4097 241
f 1888 1886 1883
f 1823 283 1892
f 1893 175 1907
f 1980 4347 1903
f 2007 258 2006
f 1910 2005 2006
f 1912 259 1913
f 1921 1920 4112
f 1922 2100 4342
f 4342 4112 1922
f 4101 4102 266
f 1929 266 4103
f 4525 1933 267
f 273 1941 3840
f 4526 1935 1936
f 269 1936 1935
f 1953 271 1937
f 4475 1940 272
f 1939 4475 272
f 4573 1945 1946
f 265 1947 1030
f 1944 1954 274
f 279 1957 275
f 1958 3846 1963
f 1827 220 1964
f 1965 4105 1867
f 1965 284 4105
f 1969 1968 4105
f 1970 4268 4592
f 1972 4268 1967
f 1973 1976 1972
f 1903 4347 289
f 1904 4348 1980
f 4348 1981 249
f 1981 3949 290
f 1977 1983 1976
f 1974 1983 300
f 1989 292 287
f 292 1989 4106
f 3676 1993 4106
f 1992 1994 1995
f 1996 302 305
f 4348 3949 1981
f 1904 1901 303
f 4108 304 303
f 304 305 3949
f 4108 2013 3703
f 306 2000 3666
f 2030 324 4542
f 2012 2009 310
f 1898 252 4480
f 4350 308 351
f 2022 352 2024
f 2023 315 2024
f 2025 4110 2026
f 4110 2016 2026
f 3950 2025 2032
f 306 2029 4351
f 307 4542 324
f 325 2037 321
f 2033 2039 2040
f 2042 2037 2040
f 2040 2039 2041
f 4443 2027 2031
f 2050 2052 2051
f 2053 2054 2052
f 2056 2072 2054
f 2055 4883 4869
f 4883 4115 4869
f 4869 2057 2055
f 132 326 2059
f 2067 2070 4481
f 332 3952 4527
f 4354 2083 2084
f 2078 2080 2081
f 4483 2078 2081
f 4483 2081 2082
f 2087 4896 2079
f 2080 4936 4896
f 4936 2079 4896
f 3954 4875 2079
f 4875 3955 2079
f 342 4958 2086
f 4958 2083 2086
f 4560 2091 4271
f 278 1961 2113
f 349 2113 1961
f 2123 4356 2088
f 353 2134 2125
f 2097 354 2126
f 2126 355 2095
f 2128 4977 2133
f 4977 357 2133
f 358 2132 2995
f 359 4867 4732
f 2133 4870 4867
f 4870 4732 4867
f 2135 4582 2125
f 99 2139 98
f 4538 3023 2140
f 3029 362 364
f 362 3029 4758
f 2146 4454 4688
f 4014 4120 365
f 367 2143 4121
f 2150 4724 2139
f 2148 2154 2155
f 2156 368 2163
f 2163 2164 4272
f 4272 2166 2165
f 3064 2167 2166
f 3957 2168 4484
f 374 2172 4484
f 2170 4563 2173
f 2189 373 2169
f 2183 4360 2180
f 2182 2185 378
f 4360 2183 2182
f 2182 2183 3959
f 602 2184 4362
f 383 4362 2184
f 381 3960 2186
f 4507 2187 3960
f 623 4568 4563
f 2192 4122 2190
f 2733 4122 2192
f 2194 2733 2192
f 2197 384 3960
f 2202 2201 2198
f 2204 2205 2201
f 2207 4849 4274
f 4849 4543 4274
f 4543 4849 391
f 4849 2207 391
f 391 2227 388
f 390 2208 4274
f 393 392 421
f 419 4363 395
f 387 4363 4275
f 397 4123 2217
f 2220 2935 398
f 2233 2225 4421
f 418 419 395
f 395 394 418
f 419 2238 400
f 4750 401 4633
f 400 2238 403
f 4634 2239 2268
f 2243 2234 2242
f 2243 4486 2235
f 2241 405 416
f 405 4835 4760
f 4835 2240 4760
f 4760 4365 405
f 433 4365 2265
f 2266 4764 2267
f 4764 2268 2267
f 2239 4634 418
f 4634 2238 418
f 3962 2277 2278
f 2274 2278 2273
f 2273 2278 2279
f 422 4774 2208
f 4774 2207 2208
f 425 3963 2284
f 2289 3964 2288
f 2289 428 3964
f 3277 452 4276
f 4429 4544 2293
f 433 4825 4365
f 4825 432 4365
f 432 4825 2295
f 4825 433 2295
f 2296 434 435
f 4635 3966 3965
f 431 4635 3965
f 2291 4366 2299
f 2302 2294 4544
f 441 4487 2298
f 441 442 445
f 4367 443 2358
f 446 445 2308
f 2308 445 2310
f 4126 456 2309
f 2311 2308 2310
f 4495 447 449
f 2314 2313 449
f 2297 2314 449
f 4422 2326 2325
f 2329 427 2330
f 2330 2328 2324
f 2330 2327 2329
f 2340 2341 2339
f 2341 2350 3968
f 3970 4128 4369
f 2357 2354 2356
f 2354 4839 2356
f 4839 2361 2356
f 2355 2351 458
f 459 2357 2360
f 463 2360 2491
f 2362 2364 2361
f 4489 2363 465
f 2363 2366 2365
f 4129 467 4373
f 469 2367 468
f 4130 2412 471
f 2344 475 4616
f 2371 4616 2383
f 3284 2380 2344
f 2373 2372 2322
f 473 2370 476
f 2384 3500 2377
f 3502 3500 2384
f 4206 2394 2392
f 2391 2386 2387
f 2389 4131 2398
f 4644 4131 479
f 2406 2397 2395
f 2396 3306 4488
f 4131 4644 2398
f 2390 2401 486
f 2416 2410 1118
f 492 2409 489
f 4430 492 489
f 492 4430 2413
f 473 492 4130
f 2418 493 494
f 3973 4430 2424
f 4430 3973 2427
f 499 498 3973
f 2431 469 2429
f 2438 2435 4132
f 4132 2446 502
f 2445 4372 2447
f 4133 511 2455
f 2464 3808 4133
f 3824 3976 4431
f 2468 4448 2460
f 513 514 2469
f 4134 2472 2470
f 2472 518 4129
f 4374 2509 2473
f 2476 2480 4374
f 512 2478 2479
f 2509 2480 517
f 2478 515 2482
f 2489 520 461
f 2489 2496 520
f 2485 524 2498
f 2500 2497 4375
f 2485 3367 4376
f 2517 2510 517
f 3978 2529 530
f 532 2524 2529
f 4277 4491 4529
f 2513 4135 539
f 2537 3979 539
f 2512 3979 541
f 2537 540 3979
f 1033 2539 4136
f 2543 2542 2545
f 541 3979 2543
f 541 2543 2545
f 544 4711 333
f 4547 4920 2551
f 4920 2550 2551
f 4138 4991 2550
f 4991 2552 2550
f 548 2556 4138
f 2084 4928 4881
f 4928 2099 4881
f 549 4892 4881
f 4892 2084 4881
f 550 4652 2558
f 2557 550 2558
f 2558 4279 2560
f 4494 4652 551
f 2557 3567 4617
f 4493 2562 4679
f 552 2565 554
f 4378 554 4680
f 4680 574 573
f 559 2573 2575
f 564 2580 562
f 2580 568 2581
f 568 571 2581
f 570 2582 4140
f 562 2580 2581
f 4432 562 2581
f 3982 2577 569
f 2575 3982 2583
f 3984 2583 2585
f 4139 2581 576
f 572 570 4140
f 2588 575 572
f 2589 2592 575
f 2593 2594 577
f 578 2595 4141
f 4141 3981 578
f 2596 3984 579
f 1146 2597 4142
f 2598 578 4142
f 3981 2599 578
f 2603 2604 584
f 585 2605 2586
f 2586 4548 585
f 585 584 2604
f 4751 2608 2607
f 3854 590 2608
f 405 4365 4364
f 2615 2176 2177
f 4380 2622 2620
f 2623 4380 2620
f 2628 2627 2630
f 3986 2632 4280
f 600 593 2634
f 603 4362 4122
f 604 605 3128
f 2695 3125 2635
f 607 2636 604
f 2641 608 2188
f 2644 612 4736
f 3137 935 2652
f 2693 2647 4148
f 2656 2655 2654
f 622 644 2657
f 2661 621 4568
f 626 2664 3988
f 3988 2668 4282
f 628 4282 629
f 628 629 627
f 4681 4381 2638
f 4681 2678 3989
f 2675 2673 2671
f 2676 2674 636
f 633 638 2676
f 2678 3991 637
f 3991 2681 638
f 2683 4147 640
f 634 635 645
f 2692 2690 2694
f 4148 647 2693
f 2692 4148 2691
f 2692 2691 4147
f 651 2701 2697
f 2757 4637 2704
f 656 2709 658
f 659 4151 2710
f 4151 660 2714
f 2714 660 2713
f 2716 2715 4151
f 2717 661 2731
f 661 2718 2731
f 674 2719 2717
f 2717 2719 2716
f 2715 2719 4283
f 2719 2715 2716
f 2762 2724 4159
f 4621 677 2735
f 4621 676 603
f 2739 2738 678
f 2738 2739 2776
f 2743 2744 4156
f 2701 3192 648
f 2701 648 2629
f 688 687 2754
f 2926 4158 4382
f 4159 2743 4002
f 2766 4155 2765
f 681 2766 696
f 4500 2770 2780
f 695 2771 2770
f 4500 2781 1480
f 2781 4653 1485
f 2779 2784 2783
f 703 700 2785
f 2784 2779 2788
f 1498 706 1497
f 2788 4622 2786
f 707 3996 66
f 4623 1500 3996
f 4530 709 711
f 710 4654 4530
f 2796 788 70
f 3996 1500 68
f 2807 2809 720
f 724 2817 4451
f 726 2818 4163
f 3256 4202 741
f 2839 734 3998
f 2846 2845 740
f 76 742 4468
f 2926 742 4158
f 2857 2850 2851
f 2857 2759 2849
f 4502 4775 2858
f 4775 2856 2858
f 2860 4502 80
f 4624 4288 2857
f 745 4765 4531
f 4165 4806 4765
f 4806 4531 4765
f 1528 751 2874
f 4288 744 2866
f 2871 4000 2880
f 753 2873 2881
f 2881 2873 750
f 756 2886 2883
f 4001 753 2884
f 4001 4570 754
f 2893 2897 2899
f 2898 765 764
f 765 767 2900
f 766 769 92
f 2912 4168 768
f 2911 4167 2906
f 770 2911 767
f 2922 2918 772
f 2923 776 2924
f 773 4685 2908
f 2923 773 2917
f 2921 2925 2920
f 2926 4468 742
f 2762 777 670
f 780 784 778
f 782 4153 781
f 2931 4826 784
f 4826 4667 784
f 2929 2928 2931
f 4655 4433 2790
f 2933 4655 2790
f 2931 785 4006
f 4004 2937 790
f 2794 2937 4004
f 1645 1646 791
f 4387 327 2062
f 2939 4005 2938
f 2932 4006 2220
f 793 2932 2220
f 2941 2942 4727
f 2946 4171 4727
f 791 4999 2952
f 4999 2949 2952
f 2938 4949 4934
f 4949 4172 4934
f 4934 2939 2938
f 4293 4873 4173
f 4387 4988 4873
f 4988 4173 4873
f 3954 4863 4117
f 2950 4894 4863
f 4894 4117 4863
f 4453 4948 4871
f 4948 4117 4871
f 2962 4898 4871
f 4898 4453 4871
f 794 4890 4173
f 4890 797 4173
f 2950 4979 4174
f 4979 2951 4174
f 4176 4293 797
f 4175 797 2958
f 2953 2958 797
f 799 2965 2954
f 4177 2957 2964
f 805 2962 2963
f 802 4927 2961
f 4927 2966 2961
f 2974 813 2973
f 4504 2975 2976
f 2980 4998 825
f 4998 2979 825
f 820 4179 2987
f 821 2839 2990
f 2990 2991 821
f 824 4921 4011
f 4921 4294 4011
f 2998 813 2974
f 827 4964 4870
f 4964 4732 4870
f 4870 2133 827
f 2135 835 4582
f 2135 360 3008
f 842 851 836
f 812 3009 837
f 3013 341 837
f 840 3012 838
f 3016 848 3012
f 842 3012 840
f 3015 3012 846
f 4428 849 832
f 836 3018 834
f 3017 851 4013
f 852 3027 775
f 4292 4532 776
f 853 3024 776
f 3026 3033 3027
f 3027 3033 854
f 3031 3035 855
f 859 3053 3042
f 2159 865 4357
f 3048 866 4183
f 865 2159 866
f 3055 868 2161
f 3056 3051 4184
f 4550 3058 3059
f 4016 4550 3059
f 3064 2166 875
f 4550 873 3058
f 874 3061 871
f 2165 2167 3063
f 3064 874 4187
f 874 3064 875
f 4186 3061 874
f 4273 876 3066
f 4273 4632 3067
f 4390 3078 3068
f 4189 3077 385
f 3081 3080 879
f 3074 880 3073
f 4692 3076 4191
f 3110 882 3079
f 884 3083 886
f 3118 886 3130
f 3096 3102 3095
f 3106 4752 3102
f 3105 4572 3103
f 3105 894 895
f 4572 3105 895
f 3159 3110 889
f 3110 3079 889
f 3159 3109 4190
f 881 3109 3108
f 881 3107 923
f 3121 3099 4715
f 4508 3115 3117
f 905 4508 4021
f 907 906 3151
f 916 906 902
f 906 916 4638
f 3142 3132 4692
f 910 4191 908
f 3133 2188 3987
f 909 3987 3200
f 919 3138 646
f 3119 3149 3147
f 3142 3145 3148
f 3163 4693 3162
f 3127 4657 905
f 4657 3127 3164
f 4193 924 3111
f 3179 4024 4393
f 3179 4393 927
f 4583 3183 3180
f 392 3182 3273
f 4533 3184 4583
f 4197 3190 3189
f 3190 4197 1385
f 45 3927 3195
f 3197 3191 3192
f 44 3196 3199
f 3193 3197 3192
f 932 931 713
f 4192 929 4395
f 3206 4551 3205
f 940 3213 964
f 3214 943 3224
f 3220 951 3219
f 943 3228 3224
f 944 4200 3216
f 4199 4200 950
f 955 3225 950
f 4199 950 3225
f 3237 3231 3229
f 3226 955 3238
f 728 4201 2833
f 4299 3246 961
f 3250 3251 3254
f 3213 3223 964
f 964 3223 4025
f 4195 4196 974
f 3259 967 4026
f 4026 3260 4028
f 967 3260 4026
f 3261 113 3264
f 3265 969 970
f 3266 983 970
f 1597 4080 969
f 1597 969 3261
f 4080 4027 971
f 4628 974 966
f 4028 3281 3272
f 3269 976 3274
f 979 3275 4628
f 2275 3276 2285
f 4511 978 4029
f 3272 981 4029
f 973 3311 982
f 972 3278 996
f 3289 3288 3279
f 3279 3288 3285
f 984 3262 4397
f 3262 984 3280
f 3281 981 3272
f 3288 995 3291
f 985 986 3293
f 3293 988 2381
f 3296 3298 3297
f 988 3298 3299
f 990 3302 4205
f 3303 4599 3300
f 3300 4599 991
f 2394 993 2393
f 4488 3309 488
f 3313 3314 998
f 3318 2249 3325
f 4399 3321 4209
f 1000 4399 3327
f 1006 1782 3329
f 4512 1005 3328
f 3329 3328 4210
f 3422 1007 3333
f 4734 4300 3339
f 3341 3338 3342
f 4212 4211 4103
f 3351 4513 4525
f 4402 4212 1933
f 4402 1933 3408
f 3354 3355 1019
f 3358 1017 3359
f 3356 1021 3405
f 1023 1020 3368
f 4403 4035 1025
f 4035 3369 1025
f 1027 4213 3375
f 4036 3375 4213
f 1028 3377 4214
f 3380 4303 4573
f 3401 4304 3378
f 4304 4036 3378
f 3376 1031 3394
f 3381 3376 3394
f 4215 1036 1035
f 3374 3382 3384
f 1034 2538 1032
f 2538 1034 4305
f 3385 1037 4305
f 4215 4037 1036
f 1036 3386 1035
f 4037 1042 1036
f 4306 3396 4629
f 4458 4304 3401
f 3412 1051 1022
f 4212 4402 4584
f 3408 1048 4402
f 1052 3414 3415
f 3379 1939 4552
f 3379 4552 1030
f 3379 1030 1053
f 1053 1030 3407
f 3426 4035 4403
f 1060 3434 3431
f 3429 3432 3433
f 3435 1082 1081
f 1083 3435 1063
f 1066 3445 4696
f 1069 3449 3428
f 3450 3449 1069
f 1064 3454 4218
f 1071 4218 3454
f 1069 1324 4039
f 1069 4039 1073
f 3457 3444 3445
f 3445 3444 4696
f 3458 3864 1074
f 1078 1077 3464
f 1090 3467 3434
f 3901 1082 4642
f 1085 1086 1089
f 1089 1361 3912
f 1091 4257 3469
f 3471 3468 3915
f 1091 3469 3914
f 3468 3471 3465
f 1092 3471 4406
f 4204 3315 1095
f 3533 4225 3472
f 3478 4574 3479
f 4221 4041 1100
f 3516 3521 1100
f 3500 3499 2377
f 3508 1103 3507
f 3512 1102 3511
f 3579 1102 3512
f 3514 4222 3509
f 4308 3509 3516
f 4222 3513 1103
f 1104 3517 3575
f 4309 4230 1105
f 4224 3526 3524
f 1148 3524 3526
f 3527 4044 3526
f 1108 4044 1107
f 4745 1110 3533
f 4585 1123 1116
f 4045 4228 4227
f 4227 1122 4045
f 4730 4045 3538
f 3541 1791 1792
f 3549 3548 3550
f 4229 3551 3547
f 3547 3551 3552
f 1234 3730 3550
f 3551 4460 3552
f 3554 1127 3545
f 4460 4407 3559
f 4310 3560 3539
f 3560 3556 1123
f 4407 3561 3559
f 1131 3571 3574
f 3563 3565 3564
f 3565 3566 2557
f 3565 2557 2558
f 1133 1147 3569
f 1135 3573 3572
f 3580 3581 4435
f 3576 3577 556
f 556 2566 3576
f 3580 3572 4046
f 1140 4046 4232
f 4311 3581 3580
f 1142 3580 1140
f 4047 1141 3582
f 4232 4049 1140
f 4049 4232 560
f 4232 2569 2570
f 3579 1143 1139
f 3590 2596 3589
f 3590 2574 2596
f 2574 3984 2596
f 4044 3498 1148
f 1157 3612 1156
f 3614 3610 1210
f 3609 1162 3613
f 4735 3621 3674
f 4735 1166 3621
f 3625 1263 1164
f 1263 3625 1167
f 3771 3632 1170
f 1173 3773 1149
f 1174 1172 1179
f 1177 3655 1176
f 3633 3637 3636
f 3650 4753 3645
f 3647 3652 4518
f 4670 3652 3653
f 3655 3657 1178
f 1269 4234 3775
f 3668 3663 1186
f 3664 4313 3665
f 1187 4235 1185
f 3701 3666 4235
f 1194 3622 3680
f 1196 3674 1195
f 4107 1995 299
f 299 1995 1197
f 3678 1197 1995
f 1197 4735 3674
f 3682 1202 3686
f 2000 1185 3666
f 4603 3614 3694
f 3607 1158 2001
f 4553 1272 3659
f 1212 1213 4521
f 3697 4410 1181
f 1162 4409 3613
f 2008 1220 2011
f 3550 1829 1831
f 1835 3710 3707
f 3710 1229 1226
f 236 1865 3712
f 3713 3714 1231
f 3758 1232 3714
f 4240 3715 1233
f 1234 1241 3730
f 4053 1239 3787
f 4241 1237 3774
f 3729 1237 1239
f 3774 1237 3728
f 3774 3728 1149
f 3728 1150 1149
f 1230 1232 1240
f 3736 3735 1243
f 4519 1130 1121
f 1245 1244 1243
f 4243 3795 3793
f 3831 3740 4412
f 3740 3749 3742
f 3753 3618 1249
f 4242 1250 3748
f 3744 1245 4055
f 3744 1252 3756
f 3757 3751 4243
f 3755 1248 3750
f 3749 3750 3742
f 3736 3739 4519
f 1232 1254 1257
f 1254 4244 1257
f 1867 1968 1255
f 4604 4413 3760
f 4244 1258 4413
f 1258 4244 3761
f 1264 4415 1256
f 1256 4415 3761
f 4246 3634 4604
f 1262 4316 3763
f 1263 1262 4415
f 1988 3766 3765
f 1164 3765 3766
f 1261 1262 1263
f 1266 4414 1261
f 3768 1263 1167
f 3768 1167 1267
f 1268 4554 3769
f 4413 4604 4520
f 3632 3771 4520
f 3772 1170 3729
f 3776 3778 1271
f 3776 3782 3778
f 3779 3773 4317
f 1253 3746 3784
f 3781 3786 3780
f 3787 1233 1231
f 4746 4247 3792
f 504 3804 505
f 3804 504 496
f 3801 1277 3805
f 1279 3801 3805
f 3805 4522 3806
f 3813 3815 3817
f 3800 3816 3817
f 1282 3814 3815
f 1282 4739 4640
f 1287 4056 1288
f 1289 4248 1288
f 4731 4783 4252
f 1285 4854 4783
f 4854 4252 4783
f 1292 4605 4248
f 1292 3824 4605
f 3824 4431 2466
f 3831 3795 3740
f 1300 1301 3825
f 1295 4249 3830
f 3832 3837 4523
f 1300 3831 1299
f 3837 3832 4698
f 3838 4250 3832
f 3852 4579 1155
f 3841 1303 3842
f 268 3842 1303
f 3844 3845 3846
f 3606 2002 3852
f 2007 3849 3850
f 3838 3836 4579
f 1963 4699 4057
f 1307 1308 3853
f 1308 588 590
f 3856 1310 3857
f 3861 2107 3859
f 3861 1304 3956
f 3870 3866 1326
f 3874 3873 1330
f 4555 1337 1321
f 1322 3877 4555
f 1335 1322 3876
f 4060 4059 1338
f 1339 1336 3878
f 3878 4417 1339
f 3881 3882 1339
f 4058 3872 4059
f 4641 3892 3883
f 4061 3895 3891
f 3907 1358 1359
f 3913 3919 1363
f 1365 1363 3919
f 1417 4762 25
f 4762 1416 25
f 1513 1508 1512
f 4328 1533 1525
f 4078 1534 1533
f 756 4684 1538
f 1536 1547 89
f 1623 1596 3264
f 1612 4784 1672
f 4784 143 1672
f 1665 4706 1667
f 4557 1691 1686
f 1783 4834 199
f 4834 1773 199
f 210 208 1810
f 1814 1817 4440
f 1864 1863 1874
f 1875 1858 239
f 244 1899 4097
f 1957 1956 275
f 4345 1971 4558
f 4118 4541 2101
f 2106 2107 2109
f 2088 4271 2123
f 353 354 2097
f 4121 2143 2142
f 4274 2200 2205
f 423 422 2280
f 473 2340 453
f 2307 461 2306
f 479 2397 4644
f 2416 1118 2417
f 508 507 4725
f 4710 512 2468
f 2473 2507 4134
f 4378 4565 4493
f 3137 2649 2648
f 4496 4790 4620
f 4790 2722 4620
f 1500 710 67
f 713 2639 2800
f 2878 2874 2879
f 4290 4165 756
f 4549 779 2933
f 2933 2789 4549
f 4504 809 815
f 843 2999 844
f 845 3000 4181
f 3017 4917 851
f 4917 836 851
f 2161 3063 870
f 4738 3075 3086
f 3080 3093 3079
f 3130 3149 3119
f 4729 4693 3163
f 942 3209 937
f 4581 3239 3235
f 113 4424 967
f 982 996 3267
f 3284 985 3286
f 4205 3300 3305
f 3304 3299 989
f 4031 1005 4209
f 3416 3402 1044
f 3498 4044 1108
f 1138 1137 3575
f 1994 4314 1224
f 3613 4409 1163
f 1237 3729 3728
f 4519 1121 3731
f 1156 3852 1155
f 3850 3819 4524
f 3872 3875 4059
f 1358 3902 1359
f 1368 4320 3104
f 1401 1373 1374
f 4062 7 1377
f 1393 4672 1392
f 1396 1398 1397
f 1425 1424 1459
f 1431 1440 4072
f 30 1440 1431
f 1439 31 57
f 1446 40 3993
f 2754 46 2755
f 4258 1464 1463
f 1484 1483 1482
f 62 1487 63
f 1506 4537 65
f 68 4327 71
f 1511 1509 1513
f 73 4077 4426
f 1518 4469 1459
f 1466 2848 76
f 1465 49 2856
f 1530 80 82
f 82 1529 1530
f 1535 86 85
f 1539 1538 84
f 1538 1539 1541
f 3931 1550 2878
f 1551 4718 1536
f 4329 1556 1557
f 97 1559 1560
f 4556 4259 1561
f 1560 2924 4556
f 141 1571 1570
f 1474 61 60
f 4260 1706 1580
f 4535 1706 1581
f 1588 1391 1587
f 1591 1592 4741
f 1612 1610 121
f 1621 1622 3264
f 1591 110 124
f 4083 1625 4472
f 1638 2049 1639
f 1569 1634 1658
f 1660 4805 4333
f 4805 4669 4333
f 1570 1659 4333
f 1660 139 140
f 151 4673 1681
f 1687 4610 1688
f 4610 1691 1692
f 4539 1697 2047
f 2047 197 196
f 1705 1708 4086
f 154 1707 1709
f 4335 172 169
f 1739 1680 4473
f 178 3940 4439
f 178 180 179
f 1687 4817 4763
f 4817 149 4763
f 4763 4085 1687
f 4439 4336 4611
f 1763 1749 192
f 1764 193 1930
f 1772 195 4540
f 1776 4665 1778
f 1782 1780 3326
f 1784 1765 1762
f 1797 1788 4337
f 203 4649 4337
f 1801 1815 205
f 206 1803 1802
f 215 1840 1821
f 222 1829 221
f 1630 1832 4472
f 4756 214 212
f 1861 1979 1874
f 1880 1811 4613
f 1880 4587 1881
f 227 243 1882
f 1883 1881 4587
f 1735 1893 283
f 1894 246 1895
f 1887 4098 4096
f 257 4267 1910
f 255 1920 352
f 1929 1931 1947
f 1767 266 193
f 1030 4552 265
f 280 1954 1953
f 4269 1975 1985
f 292 1985 287
f 4420 1986 4559
f 300 1991 4106
f 4052 1996 3703
f 2001 307 2042
f 4237 2029 306
f 2028 4108 250
f 2034 2016 2017
f 4111 4251 4342
f 4351 321 4114
f 2064 4982 2055
f 4982 2056 2055
f 2066 4985 329
f 2071 4987 4985
f 4987 329 4985
f 329 4911 2067
f 4911 2068 2067
f 2071 4924 332
f 4924 3952 332
f 2084 4885 4354
f 4885 2076 4354
f 2078 2068 2069
f 2093 336 3955
f 346 4355 4270
f 1305 4355 346
f 2107 3956 4119
f 2116 350 2114
f 2114 2121 349
f 2132 3007 830
f 4120 3024 365
f 3023 4120 366
f 2151 4561 2141
f 2168 4358 4484
f 2176 2614 2175
f 2191 2196 2195
f 2187 2200 2199
f 781 4153 2193
f 395 4363 2214
f 2226 2269 2216
f 2221 401 4750
f 402 403 2234
f 404 2241 2242
f 2237 403 2238
f 2246 2244 2242
f 2243 2244 2250
f 2253 2252 406
f 4634 4796 2240
f 4796 2265 2240
f 424 2279 2277
f 426 451 2284
f 4366 437 2299
f 450 2316 426
f 4422 2319 2326
f 2320 4422 2325
f 2322 2319 2373
f 2322 2323 2321
f 2323 2334 2331
f 2336 4767 2331
f 4767 2332 2331
f 2370 473 453
f 4369 3969 3970
f 2307 2486 461
f 2372 2373 3287
f 4422 3287 2373
f 4689 4666 2375
f 475 2380 2381
f 2382 2379 475
f 479 2392 2395
f 2564 2396 4488
f 2415 490 4371
f 2415 2416 2421
f 2437 2432 2433
f 2434 2433 2430
f 2452 4372 508
f 2454 2459 509
f 2475 2461 2465
f 4528 2453 2475
f 2470 2471 4134
f 462 2364 2492
f 2497 524 2501
f 2514 2495 2547
f 532 2529 2528
f 2531 2532 2527
f 333 4962 2549
f 332 4978 4962
f 4978 2549 4962
f 2549 4527 545
f 2564 2563 2565
f 2559 566 553
f 2571 2572 3584
f 4379 4432 569
f 564 562 563
f 2574 2575 2583
f 3848 587 4726
f 4703 4597 591
f 2665 2618 4144
f 4143 591 2619
f 2618 2621 594
f 2627 4287 2696
f 2654 610 620
f 610 2798 2640
f 2647 2693 2646
f 612 2644 2659
f 624 2662 592
f 594 2664 4144
f 630 3989 629
f 3989 4381 4681
f 2670 2614 2666
f 2671 2673 3990
f 633 637 638
f 638 637 3991
f 2683 2692 4147
f 685 2701 651
f 2717 2716 2714
f 4283 662 2715
f 2720 662 663
f 2722 2723 664
f 2760 2706 669
f 2726 3992 668
f 4621 2735 4449
f 2736 2738 2732
f 787 2936 694
f 694 695 2769
f 2765 4160 693
f 2772 2773 702
f 2782 2780 704
f 705 4623 3996
f 4433 2791 2792
f 715 2802 2801
f 4385 2811 2805
f 2832 2816 2813
f 946 4163 2830
f 2825 729 2835
f 727 729 2825
f 2830 945 946
f 2839 3998 2840
f 2844 738 4286
f 3999 2845 2846
f 2845 4501 2844
f 2850 4288 2854
f 4502 2859 4164
f 2868 78 1531
f 2887 2889 4570
f 2893 2899 2898
f 2899 767 765
f 764 765 763
f 2905 2902 2901
f 2919 772 2915
f 2919 3020 2922
f 4003 673 2928
f 2933 779 4655
f 784 4667 778
f 2936 787 4712
f 2947 546 2554
f 2556 4895 547
f 4895 549 547
f 807 795 2971
f 2978 4388 2981
f 4505 4389 4674
f 2971 820 818
f 3006 3001 2995
f 4505 4674 2997
f 2997 826 4505
f 3000 4882 4011
f 4882 825 4011
f 2995 830 3006
f 2996 4180 831
f 830 829 3006
f 836 846 842
f 843 813 2998
f 844 841 843
f 4181 3000 4011
f 838 3012 848
f 836 4917 3018
f 4917 3017 3018
f 3022 853 3019
f 3028 3029 856
f 3024 3025 365
f 856 3047 3028
f 4183 866 3051
f 869 3062 4185
f 870 3062 869
f 2168 3957 4273
f 3075 3072 4692
f 3132 3075 4692
f 4692 880 3076
f 3070 884 883
f 3089 4019 901
f 3107 881 3108
f 3113 3114 3112
f 3076 3074 3133
f 4191 910 3142
f 3133 3987 909
f 3135 3143 3136
f 3135 4022 912
f 3134 909 929
f 3137 2648 911
f 920 918 3155
f 899 4693 3161
f 2198 389 2202
f 4193 3111 3173
f 4510 3178 3186
f 3195 3166 3194
f 3197 3198 3199
f 933 3201 3209
f 3208 4551 3206
f 942 937 4394
f 939 3212 940
f 3229 3220 3222
f 955 950 3240
f 3236 3258 3232
f 3238 4581 954
f 4299 3243 732
f 3247 3253 3248
f 3249 3255 960
f 3266 3267 4695
f 3271 976 3269
f 977 976 3276
f 998 982 3311
f 983 3266 4695
f 3280 4028 3260
f 4397 3279 984
f 2381 3299 3294
f 3300 4206 3305
f 4669 4805 3321
f 4805 1660 3321
f 1010 3323 3322
f 3321 3323 4209
f 1004 4512 3326
f 1013 4734 3333
f 4457 3337 3334
f 1014 3341 3343
f 3342 3338 3344
f 1018 3470 460
f 1934 3330 3351
f 3409 3408 3406
f 3353 3406 3425
f 4514 3380 1946
f 4600 4215 1035
f 1035 1034 4600
f 1042 3386 1036
f 1041 3385 1035
f 3397 1031 1043
f 1031 3399 1043
f 3406 3356 3405
f 3406 1019 3356
f 1050 4584 4402
f 1048 1049 1050
f 4217 1946 4344
f 1949 1054 1948
f 3353 3425 3422
f 1060 3430 1059
f 3431 3430 1060
f 1065 3438 4401
f 3436 3455 3437
f 3438 1065 3442
f 1062 3443 1063
f 4038 3448 3447
f 4602 3372 3451
f 3452 3437 3455
f 1066 3460 3461
f 3522 4309 3518
f 4223 1133 3523
f 3601 3525 3524
f 4585 1116 3532
f 1793 4782 1792
f 4782 4229 1792
f 3557 3545 1127
f 3559 3561 3556
f 3561 4407 1122
f 3593 2599 3981
f 4409 3605 3616
f 4575 3611 1157
f 3646 3643 4753
f 3653 3652 4313
f 3660 4518 3693
f 1994 1993 4314
f 3703 1223 4052
f 3696 3695 4410
f 3697 3698 3619
f 3613 1163 3700
f 1231 1233 3715
f 3722 3718 4240
f 3738 4577 3538
f 3732 3734 3733
f 4411 4519 3731
f 4055 3746 1252
f 3739 3736 1244
f 1254 3759 1256
f 4315 1268 3770
f 4245 4413 4520
f 4520 3634 3632
f 3786 3782 4319
f 4318 1211 3783
f 1212 3783 1211
f 3794 3793 3795
f 496 1278 1279
f 1283 3818 1298
f 1283 3821 1286
f 3821 4829 3820
f 4829 1290 3820
f 1291 3856 1293
f 1301 3830 4249
f 3836 3838 3835
f 4579 260 1914
f 1306 1307 3853
f 4671 3853 3855
f 1314 3859 3858
f 1345 1356 3885
f 3917 3886 3893
f 4641 4417 3888
f 1341 4641 3883
f 1354 3902 1355
f 3909 3911 3907
f 1783 199 4588
f 358 4708 2132
f 2319 4422 2373
f 3977 2494 525
f 2542 2543 540
f 569 3983 3982
f 3128 2638 604
f 2998 2999 843
f 2160 3053 3054
f 4359 3067 4189
f 3165 3163 3166
f 4296 3189 3188
f 3197 3199 3196
f 3411 3412 1022
f 3457 3439 3440
f 3508 3507 1101
f 1103 3508 4222
f 1104 3513 4222
f 4435 3572 3580
f 4051 1198 1224
f 1331 1329 1328
f 4320 3105 3104
f 1414 4830 1415
f 21 4848 4830
f 4848 1415 4830
f 3925 1423 26
f 4073 1456 29
f 1460 3196 44
f 4468 1467 1468
f 58 1474 60
f 1491 1490 1507
f 1517 1507 3929
f 43 4469 1518
f 751 4328 2855
f 4502 2858 1524
f 4556 2924 4538
f 1598 1602 4027
f 1633 1632 1621
f 4332 3936 4331
f 3938 129 1636
f 4352 409 1652
f 4639 4419 1681
f 1714 1708 4676
f 1729 4264 173
f 180 1742 1741
f 4337 1733 203
f 207 1802 1803
f 4580 1816 220
f 1821 4742 1818
f 220 1827 3542
f 225 1837 1819
f 4094 1979 1857
f 4723 4094 1857
f 1869 236 1859
f 1965 1867 3945
f 253 1887 1906
f 1900 1898 251
f 1908 256 1919
f 4118 2100 1923
f 273 3840 3842
f 1935 4526 3842
f 265 1943 1951
f 1989 300 4106
f 303 304 1904
f 2007 2006 308
f 4443 319 2010
f 2012 318 2010
f 4262 4482 2074
f 4483 2068 2078
f 2083 4958 4902
f 4958 342 4902
f 4902 2084 2083
f 2092 4271 2091
f 4444 4938 4755
f 4938 2098 4755
f 4444 4589 343
f 2088 4356 2128
f 363 364 362
f 3067 4359 372
f 4359 2169 372
f 4361 383 2184
f 391 2199 4543
f 2246 2242 2241
f 436 3966 4635
f 3345 3348 2301
f 2338 4495 2609
f 2347 4129 466
f 2363 464 2366
f 483 4644 2397
f 2438 4132 3974
f 2442 2440 2443
f 2459 2461 509
f 2469 2476 4374
f 527 4375 2497
f 2541 3390 2546
f 2546 2612 3980
f 2550 4920 545
f 4920 4547 545
f 4432 4379 562
f 569 4432 4139
f 2611 1323 543
f 660 4151 659
f 2735 2718 4449
f 2748 2760 2747
f 4637 2757 4157
f 2763 4384 2724
f 2773 4423 696
f 701 4744 706
f 717 716 715
f 721 3997 2812
f 2817 2811 4451
f 2844 3218 738
f 4286 2845 2844
f 4531 4806 4289
f 4806 4165 4289
f 2879 3931 2878
f 765 2900 763
f 2913 1562 2912
f 1562 4291 2919
f 779 4003 4169
f 4123 397 2934
f 4433 4655 2791
f 2934 2935 4170
f 793 4727 2942
f 2962 4909 2961
f 4909 2960 2961
f 797 4175 4176
f 2986 816 817
f 2986 817 4674
f 4010 4908 2997
f 4908 4732 2997
f 4732 4908 359
f 4010 4981 4908
f 4981 359 4908
f 3025 853 3022
f 3035 863 855
f 873 872 3058
f 3066 3068 4632
f 926 4320 4391
f 917 3145 3136
f 3135 3134 4022
f 913 4192 3201
f 2202 389 4509
f 3273 421 392
f 4394 937 4395
f 3212 3207 3215
f 3216 4199 943
f 3216 4200 4199
f 956 950 4200
f 735 3251 4396
f 3233 3232 3258
f 973 970 4080
f 4456 3277 429
f 3305 989 4205
f 3316 3315 3310
f 3324 1650 1011
f 1663 3323 3320
f 3470 3348 3345
f 4302 3361 3350
f 2498 3371 3370
f 3371 2500 3373
f 3378 4213 1029
f 3443 3389 4401
f 4216 3387 3393
f 4629 3396 3395
f 1048 1050 4402
f 4514 3417 3416
f 3417 1055 3418
f 1054 1055 1948
f 3420 1047 1050
f 4403 1056 3426
f 4218 3455 3436
f 3440 1072 3457
f 3471 3876 3465
f 3485 3482 1098
f 1098 3486 3485
f 3513 3512 3510
f 1132 3564 1134
f 3591 3585 4461
f 3616 3619 3698
f 1181 4410 3655
f 1184 1186 3662
f 1197 3674 1196
f 4735 3680 1166
f 4055 1252 3744
f 3746 4055 3747
f 1268 4315 4554
f 3763 4316 3762
f 4464 1275 3797
f 3802 4247 4746
f 3802 1278 3788
f 4056 4739 1286
f 1295 3826 4249
f 3841 3843 1303
f 3823 3854 4253
f 3428 1324 1069
f 4555 3877 1337
f 1337 1336 1340
f 3893 4660 3898
f 4061 4418 3900
f 3917 1364 4257
f 1384 1389 15
f 4436 1433 32
f 32 1565 1434
f 1526 1522 4328
f 1560 4663 2924
f 1473 3941 1707
f 4665 1776 4721
f 248 240 241
f 285 4346 1975
f 2023 4479 316
f 2067 4930 2070
f 4930 2082 2070
f 2332 4447 2329
f 4617 485 2403
f 581 2601 575
f 1448 4450 4383
f 4157 689 4637
f 4454 2146 2157
f 4273 877 876
f 2694 3152 3156
f 3181 4024 3182
f 3242 3240 958
f 3363 3360 1020
f 1025 1026 3427
f 4043 1133 4223
f 3730 3549 3550
f 3505 3504 3576
f 1156 3607 3606
f 3634 4520 4604
f 1039 1058 4404
f 1367 1368 3104
f 2 4391 1368
f 4391 4320 1368
f 1379 1381 1396
f 21 4467 1403
f 1415 4848 4323
f 4848 21 4323
f 1418 4800 4070
f 4800 4607 4070
f 1418 4070 4071
f 1444 33 36
f 35 1446 4154
f 37 1450 1449
f 38 39 1451
f 46 2754 2753
f 53 52 1469
f 1521 1470 54
f 1478 2769 1479
f 1482 3928 3933
f 1487 4537 63
f 1569 4586 1634
f 71 72 66
f 4647 1496 1508
f 1521 2855 4328
f 77 4757 1523
f 1527 82 80
f 86 89 1537
f 1557 4822 4329
f 4822 1546 4329
f 4259 99 2913
f 1572 1573 103
f 14 4794 1593
f 4794 111 1593
f 1611 1607 1610
f 1610 1612 1611
f 1665 4812 120
f 4812 121 120
f 1627 110 1590
f 1675 1614 1674
f 1677 1674 166
f 1674 1673 166
f 1684 4609 147
f 1713 1712 1714
f 160 161 2046
f 1677 4648 1676
f 177 1739 4473
f 1688 1740 1687
f 1743 192 1749
f 1754 4664 1742
f 3540 200 1790
f 1791 200 4612
f 1797 202 1788
f 1807 209 1806
f 1834 1833 4090
f 1846 229 4687
f 1868 1864 1966
f 248 1901 1980
f 303 1901 1900
f 4675 260 2004
f 1939 1949 4475
f 1953 1937 280
f 1961 1956 1962
f 4347 1981 1978
f 3948 4593 4477
f 2019 2022 2024
f 2036 317 316
f 326 1645 2063
f 2065 4931 2068
f 4931 2069 2068
f 2082 2085 2070
f 3955 4879 2093
f 4879 2970 2093
f 2099 4928 4902
f 4928 2084 4902
f 4902 342 2099
f 1315 2104 1316
f 2126 2095 2097
f 2110 2138 348
f 2143 2153 2142
f 2149 2153 2143
f 2169 373 4358
f 396 2176 2175
f 378 2616 377
f 4122 4362 2190
f 2238 4778 2237
f 4778 2240 2237
f 2254 2253 410
f 416 2263 2262
f 432 431 430
f 4429 2298 4544
f 458 446 2308
f 426 2316 2318
f 2326 2321 2331
f 3502 2384 2390
f 2382 2387 2386
f 4371 490 489
f 2418 494 495
f 496 2423 3788
f 2467 2463 4133
f 2474 513 4528
f 528 2482 516
f 2535 2534 4491
f 2537 4135 2534
f 2546 2545 2541
f 4493 554 4378
f 561 2576 560
f 2612 1323 542
f 2615 2616 4597
f 4597 4703 2617
f 4281 4149 3986
f 610 2654 2655
f 2655 2656 2658
f 642 644 2685
f 650 4149 2700
f 658 664 657
f 667 3992 669
f 676 602 603
f 2733 2193 2737
f 1448 2741 4450
f 4155 4384 2765
f 689 4157 2852
f 2764 2765 2763
f 4160 672 4161
f 2801 2802 3211
f 3258 4203 741
f 2849 4164 4624
f 2868 4808 78
f 4808 2860 78
f 2872 2873 753
f 2872 753 2882
f 754 2882 4001
f 4625 762 2896
f 776 3023 2924
f 4003 779 4161
f 803 4904 4008
f 4904 2943 4008
f 811 4874 808
f 807 4943 4874
f 4943 808 4874
f 4179 4939 2969
f 4939 4009 2969
f 4582 834 361
f 3028 3030 3031
f 3025 3032 365
f 4550 4016 4017
f 4017 4016 4186
f 878 3066 876
f 3078 4189 3068
f 877 4273 3957
f 3132 3131 3086
f 3083 4738 3084
f 3097 888 3092
f 3092 3082 891
f 4627 3112 3100
f 893 3104 3103
f 3107 3108 4572
f 929 4022 3134
f 927 4393 925
f 3179 4510 3180
f 922 3194 3166
f 911 3138 919
f 934 911 919
f 3209 942 3210
f 945 3221 3220
f 3223 3213 4198
f 3224 3237 3229
f 974 4628 3268
f 429 4276 2290
f 4204 987 3315
f 1003 4831 198
f 4831 1004 198
f 3329 4210 1006
f 3382 3375 3381
f 4304 1031 3376
f 4600 3382 4215
f 1033 1037 3387
f 3387 4216 3388
f 1045 3403 3369
f 1052 3411 3414
f 1045 3414 3411
f 3436 3440 3439
f 4040 3473 3474
f 3496 3495 4308
f 1110 4630 1096
f 4229 3547 1792
f 3569 4701 1133
f 3575 1137 1104
f 3592 559 2584
f 3608 3609 3610
f 1166 3622 3621
f 1170 1171 3729
f 3636 1175 3631
f 3660 3654 3640
f 1210 1208 3694
f 4050 3754 1214
f 1216 3698 3660
f 3721 3723 3724
f 3716 3735 3717
f 3736 1241 3735
f 3735 4054 1243
f 3736 1243 1244
f 3747 3745 3726
f 4521 3783 1212
f 1283 1284 3821
f 3810 4248 3809
f 4751 3976 3824
f 3834 4740 3833
f 1915 260 4579
f 270 1303 3844
f 3869 1330 1333
f 1347 3887 3917
f 3895 4660 3894
f 3896 3897 4660
f 3911 3909 3884
f 1364 3913 3469
f 4081 1612 1672
f 1950 1928 1930
f 4157 4499 2758
f 1035 3386 1041
f 1071 3448 1070
f 3177 1377 11
f 4536 1468 1467
f 2878 83 4078
f 2878 1550 83
f 4471 3928 1481
f 4027 1597 1598
f 1003 4791 4669
f 4791 141 4669
f 202 201 1788
f 1811 1847 1822
f 1825 217 1796
f 1901 1904 1980
f 251 303 1900
f 262 1756 4541
f 1964 1828 1827
f 1902 1903 289
f 4593 290 4477
f 4113 2023 2024
f 2033 2035 2039
f 331 2052 330
f 3959 380 382
f 2199 391 2197
f 432 2295 434
f 473 2411 492
f 2472 4373 2470
f 4375 527 2512
f 4529 2521 4277
f 539 4135 2537
f 4567 2650 2804
f 2652 2649 3137
f 2680 2682 639
f 41 40 1453
f 4160 697 698
f 617 716 717
f 767 2899 770
f 2910 771 770
f 4292 776 2923
f 2988 4959 4957
f 4959 4010 4957
f 4957 2987 2988
f 831 3003 2996
f 4532 853 776
f 886 4295 887
f 4752 897 3095
f 3109 3159 897
f 4656 3135 912
f 3152 4638 3153
f 3223 4198 941
f 1663 3322 3323
f 3329 1782 4512
f 1041 3453 3393
f 3414 4035 3400
f 3417 3418 3416
f 1054 3379 1053
f 1082 3901 4658
f 4204 1093 3291
f 4574 4221 3479
f 3483 1100 4041
f 4231 4435 3581
f 4643 3583 1138
f 1138 3583 4517
f 1157 1156 1155
f 1268 3769 3630
f 4659 3773 1173
f 1177 3639 1181
f 1201 3675 301
f 3696 1214 1215
f 3721 1236 3720
f 4414 4316 1261
f 3796 1275 3795
f 1292 1289 1291
f 3852 1156 3606
f 3845 4699 3846
f 1338 1342 4060
f 1469 77 51
f 993 991 992
f 1089 3912 1085
f 48 2750 2756
f 58 4325 1474
f 4705 4261 1630
f 1630 4261 1832
f 1887 4096 4266
f 2034 2017 3951
f 2021 2036 323
f 4357 2155 369
f 385 2179 376
f 374 2642 2641
f 4487 4651 2305
f 493 4416 494
f 2527 2532 1302
f 3978 2530 4278
f 4492 2562 551
f 2685 2681 639
f 4384 2742 2743
f 2768 2936 4712
f 725 2818 726
f 2851 2850 2852
f 2850 2854 2852
f 760 2889 2887
f 2903 4625 2896
f 4386 2905 766
f 2915 772 2914
f 2939 4934 133
f 4934 4172 133
f 4581 953 954
f 987 3290 997
f 4401 3389 1040
f 3411 1022 3404
f 3492 3490 3487
f 1128 1129 3555
f 4230 1131 3517
f 1214 3754 1215
f 3708 1226 1235
f 1300 3825 3796
f 29 1458 1433
f 790 4966 4004
f 130 4989 4966
f 4989 4004 4966
f 1794 200 1789
f 1805 4587 1880
f 3952 4901 4527
f 4901 2076 4527
f 2080 4896 2086
f 4896 2087 2086
f 2172 2188 2171
f 4711 544 3961
f 4567 2804 617
f 662 4283 663
f 2811 2814 4451
f 807 4874 2970
f 4874 811 2970
f 3067 4632 4189
f 3133 909 908
f 3191 922 4455
f 488 3309 4208
f 4658 1081 1082
f 3828 3826 1296
f 1357 4642 1353
f 4535 4786 4785
f 4786 1417 4785
f 4785 1438 4535
f 1488 1490 1493
f 1542 87 2894
f 1568 1570 103
f 1662 1655 1657
f 2046 161 197
f 1732 174 4334
f 1730 175 1736
f 1794 1789 4474
f 2101 263 2108
f 2185 2184 602
f 4129 518 466
f 474 2345 2371
f 2479 2477 4448
f 4490 522 2496
f 4569 750 4289
f 758 4570 762
f 4181 4011 4294
f 3006 829 3005
f 3035 4182 863
f 887 4295 900
f 920 3155 3203
f 936 3208 933
f 4401 1040 1065
f 3531 3532 1114
f 4460 3559 3552
f 1139 3594 3596
f 3791 3790 4737
f 1297 3837 257
f 1401 3 1373
f 1390 3924 17
f 3926 1420 1413
f 3933 62 1482
f 4077 73 1513
f 1526 1525 79
f 1532 1530 4662
f 2894 1540 1542
f 4438 1629 3936
f 4639 1684 4084
f 1694 1695 1691
f 1703 1704 153
f 1705 4086 1582
f 157 1576 1577
f 4087 1716 159
f 181 182 185
f 182 181 1744
f 1804 4613 208
f 1841 1839 4742
f 1907 247 1895
f 274 4476 279
f 1967 1870 1972
f 2036 316 2004
f 2013 311 3703
f 2015 4480 1905
f 4349 2039 2035
f 4595 4956 2096
f 4956 338 2096
f 2101 4541 263
f 2129 2130 357
f 2131 4866 357
f 4866 2133 357
f 2150 2140 367
f 2153 368 2156
f 398 4792 4485
f 4792 2221 4485
f 2221 4792 2225
f 4792 398 2225
f 404 405 2241
f 2249 2252 2255
f 436 4788 2297
f 4788 434 2297
f 424 2277 451
f 2338 2336 2337
f 4128 3970 2355
f 2410 4371 3536
f 2413 2428 2412
f 2415 2421 2414
f 2419 2417 495
f 521 2495 2490
f 2528 2529 3978
f 587 3985 4726
f 4736 2645 613
f 4282 2668 2637
f 4282 630 629
f 2680 4681 2679
f 657 664 665
f 664 2723 667
f 2774 2778 4667
f 2718 2732 4284
f 2766 2765 693
f 4622 2788 4285
f 3211 2816 948
f 2875 2871 2880
f 2866 2865 4288
f 4290 4289 4165
f 762 4570 2889
f 2934 781 4123
f 4170 781 2934
f 2945 2948 2947
f 4172 2949 133
f 2960 4909 4862
f 4909 2962 4862
f 4862 4174 2960
f 2950 3953 335
f 4178 4177 2964
f 4453 2971 795
f 814 4504 2977
f 4388 2982 2981
f 4453 820 2971
f 867 3058 3050
f 869 3060 870
f 3068 4189 4632
f 3097 891 3098
f 4320 894 3105
f 3109 897 4752
f 914 913 933
f 3244 3243 956
f 3250 3254 3249
f 993 3306 2393
f 4399 4844 3321
f 4844 4669 3321
f 4707 1006 1786
f 4034 3403 3366
f 3371 3373 3372
f 3437 3440 3436
f 4404 3464 1077
f 1079 1078 3464
f 4307 4041 3481
f 3506 3309 3308
f 1096 4630 3491
f 553 2578 3573
f 2578 553 566
f 1165 3623 3767
f 1171 3604 3602
f 3645 3644 1190
f 4233 1174 1179
f 2001 1158 307
f 3701 1221 4237
f 3740 3795 4243
f 1253 3755 3756
f 4245 1240 1257
f 4559 3765 1265
f 4559 297 3765
f 4318 4521 4319
f 4416 4247 494
f 4247 3788 494
f 3805 3806 3804
f 3797 3825 1276
f 1291 3822 1311
f 3863 543 1324
f 1348 4406 3900
f 4220 1076 4645
f 1679 1678 147
f 4116 4933 2080
f 2079 4936 4933
f 4936 2080 4933
f 2225 2233 2221
f 789 710 4530
f 1095 3472 4204
f 1292 1291 1293
f 1427 4072 1435
f 1638 73 4426
f 1503 3938 1636
f 4610 1769 1688
f 4475 4344 1942
f 1998 301 1990
f 2197 386 384
f 430 4364 4365
f 3287 2344 2372
f 2410 2415 4371
f 2588 572 4140
f 4703 2622 2621
f 4156 2745 683
f 2781 1485 1480
f 709 4285 2790
f 2829 2819 2828
f 2909 769 2901
f 2961 801 802
f 775 2922 852
f 3048 864 3039
f 4183 3051 3056
f 4186 4016 4185
f 890 3097 3098
f 3138 911 2648
f 3185 4583 3180
f 1055 1054 3420
f 1101 3507 3501
f 3532 1113 1114
f 1102 3579 1139
f 4048 2571 1141
f 3835 3830 1301
f 1332 3872 4058
f 254 2020 313
f 4724 363 2139
f 4586 1510 1634
f 152 151 1671
f 481 484 4564
f 3961 544 2548
f 576 2581 570
f 2767 2768 681
f 2820 2819 2829
f 765 2898 2899
f 2969 4880 547
f 4880 2968 547
f 4013 844 845
f 3071 3078 4390
f 4037 4717 4306
f 1067 4602 1068
f 1272 1211 4318
f 1414 19 1398
f 2075 4137 2074
f 1152 4412 3743
f 4252 1304 4731
f 4557 1683 1689
f 2009 1222 2008
f 3176 926 3177
f 3875 1338 4059
f 1450 1442 1449
f 1650 136 1647
f 1804 208 4338
f 1941 273 4104
f 2068 4483 2067
f 2863 2876 752
f 2875 2880 2879
f 781 4170 782
f 4299 3245 3246
f 4209 3323 1002
f 1040 1064 1065
f 1182 4463 1209
f 3819 1285 1298
f 1325 3865 1326
f 4660 3897 3898
f 60 106 107
f 2193 2194 387
f 382 4190 881
f 971 3312 973
f 1010 3322 3335
f 1083 4642 1082
f 1598 1596 1623
f 1485 4653 1498
f 3312 971 116
f 502 3974 4132
f 4621 603 677
f 1326 1327 1333
f 1396 12 1399
f 1542 1541 1544
f 4438 1625 1629
f 133 1646 1644
f 4539 196 1694
f 1718 4721 1775
f 2625 4380 2624
f 2623 600 599
f 2635 2636 606
f 2769 787 694
f 4009 4969 4880
f 4969 2968 4880
f 4880 2969 4009
f 863 3043 855
f 2164 3054 2166
f 3410 1051 3412
f 1079 3468 1078
f 3553 3540 1790
f 1392 1382 1393
f 4661 1422 1424
f 1452 1475 61
f 1454 1434 1455
f 4437 2847 44
f 1477 4471 1476
f 1478 4847 787
f 4847 4712 787
f 4324 1520 75
f 1521 48 2855
f 1523 51 77
f 1543 1542 1544
f 1561 4259 2913
f 1614 118 1615
f 143 4784 4777
f 4784 1612 4777
f 4777 1666 143
f 4673 4639 1681
f 1713 1710 156
f 1730 172 1909
f 1748 187 1745
f 1772 1773 1693
f 1779 3326 1780
f 1870 1967 3946
f 4675 2004 259
f 1922 1923 2100
f 293 1195 294
f 4109 313 2020
f 2023 316 315
f 2075 4900 332
f 4900 2071 332
f 335 4877 2077
f 4877 2069 2077
f 2970 4971 4950
f 4971 2094 4950
f 4950 2093 2970
f 2094 4971 4913
f 4971 2970 4913
f 4913 4713 2094
f 2123 4922 355
f 4922 2124 355
f 4708 4946 354
f 4946 2127 354
f 371 370 2162
f 2158 2162 370
f 377 4360 378
f 4359 4189 385
f 2935 2934 398
f 3961 2224 2223
f 2233 401 2221
f 2251 411 2250
f 477 4689 2376
f 3304 3305 2387
f 2396 2408 2393
f 2495 2505 2504
f 2525 2533 536
f 488 2563 2564
f 2582 2587 4140
f 2606 486 586
f 615 4619 616
f 615 613 4619
f 2649 616 4619
f 616 4567 615
f 619 610 2655
f 4681 2638 2679
f 679 4498 3994
f 4155 2766 3994
f 2748 4468 2926
f 932 713 2801
f 723 2820 2823
f 2828 2841 2827
f 763 2892 764
f 2902 2903 2896
f 4184 3057 3056
f 915 4656 3144
f 3187 4296 3188
f 2639 931 3200
f 3221 945 2830
f 959 960 3257
f 963 740 4286
f 4206 3300 991
f 3340 3337 3341
f 3344 3348 3346
f 3352 4525 4513
f 1946 4217 4514
f 1044 3402 4458
f 4602 3451 1068
f 3587 3589 3588
f 3589 2596 3588
f 586 3569 1147
f 586 2402 3569
f 1156 3612 3607
f 3608 4683 3609
f 3627 3628 3642
f 1149 3603 1173
f 1183 1185 3690
f 4052 1206 1996
f 1230 1231 3714
f 4241 3727 3723
f 4243 4242 3748
f 3780 1273 3781
f 1274 4464 3798
f 4746 1280 3802
f 3850 4524 258
f 1326 3864 1325
f 1342 3882 4254
f 7 1378 1377
f 4068 1416 4322
f 3932 43 1518
f 1685 4673 1682
f 1816 1964 220
f 1864 1874 1873
f 2950 4954 3953
f 4954 4116 3953
f 4636 506 2444
f 2456 4133 2455
f 600 2623 593
f 600 660 599
f 4161 699 697
f 2820 4163 946
f 4189 3078 3077
f 884 3070 3083
f 994 3501 3308
f 2498 2500 3371
f 1099 4224 3494
f 1201 1998 3686
f 3837 1297 4523
f 3070 3069 4738
f 3713 3711 3712
f 4741 1590 1591
f 1792 4612 1793
f 283 1823 3944
f 2143 366 2149
f 4633 401 402
f 2572 558 2576
f 2678 629 3989
f 2765 4384 2763
f 2767 681 696
f 3103 3106 3101
f 1124 4745 4459
f 4640 4739 4056
f 3822 1289 3820
f 4406 3918 3900
f 1373 3 4063
f 54 48 1521
f 463 459 2360
f 2512 541 542
f 4441 1893 1907
f 2333 4776 2338
f 4776 2336 2338
f 2504 526 522
f 683 2745 682
f 2985 4010 2997
f 994 3307 3306
f 3803 3801 1279
f 2473 4134 2471
f 3491 1098 1096
f 4517 3585 3579
f 4752 3106 3109
f 3296 3297 3295
f 1666 4777 121
f 4777 1612 121
f 4702 4709 2343
f 2673 2675 634
f 2816 2802 2813
f 784 783 785
f 1083 1353 4642
f 3568 4701 3566
f 218 4612 217
f 834 849 361
f 1135 4435 4231
f 2671 3990 631
f 4217 1055 3417
f 3432 3468 1079
f 471 2412 2369
f 2464 4133 2456
f 1462 4646 4258
f 4686 4539 1694
f 1824 1734 1731
f 4748 1849 1878
f 2155 2154 369
f 2527 534 4377
f 690 2756 2698
f 771 4168 2915
f 4549 700 699
f 2933 2790 2789
f 4694 936 3210
f 958 961 3242
f 1172 1174 1151
f 1228 3712 3711
f 1866 1867 1255
f 3923 15 4064
f 1383 1392 4672
f 1412 1410 1422
f 39 1476 4076
f 1512 4077 1513
f 1551 2895 1552
f 1668 1586 1626
f 4083 4472 3935
f 1675 4334 146
f 1739 1727 1680
f 1689 150 1696
f 4720 1716 106
f 1916 4335 176
f 1746 1747 1748
f 4427 1800 1824
f 1911 4250 4675
f 291 1990 1991
f 309 320 1222
f 325 321 2032
f 2073 4864 2071
f 329 4987 4864
f 4987 2071 4864
f 2225 2217 4421
f 420 4846 2229
f 4846 2271 2229
f 2271 2231 2229
f 2294 438 2292
f 2309 2355 458
f 4489 2493 2364
f 3972 2403 485
f 3537 2418 2417
f 501 2436 2434
f 2458 2462 2459
f 2490 4370 2494
f 4377 2528 3978
f 2551 2553 2554
f 2084 4892 548
f 549 4944 4892
f 4944 548 4892
f 2625 595 4380
f 2633 4280 2711
f 2745 41 2746
f 693 696 2766
f 751 2855 743
f 745 4434 2867
f 4531 4434 745
f 778 2740 780
f 838 3010 839
f 3048 4668 865
f 4399 1005 3327
f 4734 3339 4704
f 3344 2300 3348
f 3350 3361 1015
f 1051 1046 3364
f 1056 3398 3426
f 3464 3433 1079
f 3292 3475 3295
f 3516 3509 3515
f 3642 1169 3627
f 4670 3653 1184
f 3662 1185 1183
f 1182 1209 3661
f 4241 3721 1239
f 3744 3748 1250
f 3772 3729 1239
f 4057 1306 4671
f 1356 3902 3886
f 3104 893 1367
f 4035 3426 3400
f 4336 184 4611
f 194 1762 1748
f 1823 1803 3944
f 1853 1852 232
f 291 1991 1982
f 300 1989 4346
f 2056 4982 2072
f 4982 2064 2072
f 2257 410 137
f 432 430 4365
f 482 2389 2398
f 2395 2408 2406
f 495 2423 2420
f 2477 2480 2476
f 527 2497 2501
f 2722 664 4620
f 1455 682 2746
f 2979 4998 2978
f 4998 2980 2978
f 882 896 2179
f 4669 4797 1003
f 4797 1000 1003
f 3394 4037 4215
f 3486 4516 3485
f 1103 3513 3510
f 643 644 642
f 3052 3065 3053
f 3933 3928 1477
f 113 112 1621
f 227 1882 1847
f 1958 1959 3846
f 2934 397 398
f 2634 593 4152
f 3412 3411 3413
f 1320 4404 1077
f 1367 4063 3
f 603 602 4362
f 2375 3498 2376
f 682 1455 684
f 3268 976 3271
f 3328 3331 4210
f 4055 1245 1251
f 1296 3826 1295
f 35 4154 1448
f 772 2919 2922
f 4598 4389 4505
f 840 838 839
f 893 3096 892
f 1946 3380 4573
f 4459 3555 1124
f 1304 3861 4731
f 2742 4384 3995
f 2033 2026 2034
f 3523 1133 3568
f 4556 97 1560
f 4661 1424 1425
f 4705 1633 112
f 316 4479 1913
f 521 2490 2494
f 2495 2504 2490
f 2595 2598 2603
f 4298 3204 3205
f 3567 2557 4701
f 3694 3614 1210
f 260 1915 261
f 2103 281 1958
f 2299 4457 3336
f 3317 3314 3540
f 2244 2243 2242
f 2009 2010 309
f 4674 4389 2986
f 4702 2343 454
f 810 4691 2983
f 12 1396 1381
f 3883 1343 4254
f 1781 1784 194
f 224 4339 1830
f 4688 4121 2144
f 2678 2677 629
f 3152 2694 2690
f 2841 736 2827
f 3033 855 854
f 3916 4061 3918
f 3866 3864 1326
f 2329 2289 427
f 554 4493 2407
f 3922 3920 1366
f 2035 2033 2034
f 3054 2164 2160
f 881 4190 3109
f 691 2725 692
f 1424 1460 1459
f 1551 1552 4718
f 186 1747 1743
f 1801 1798 1799
f 2004 2003 2036
f 403 404 2234
f 2260 2262 2261
f 4380 2621 2622
f 862 3052 3053
f 3267 3266 982
f 984 3279 3285
f 1031 3397 3394
f 3793 3794 1274
f 1478 1477 1471
f 48 2756 2855
f 4684 84 1538
f 3935 1592 4083
f 1631 1624 1632
f 106 1576 1715
f 1730 169 172
f 178 1737 177
f 182 4747 4336
f 1743 1747 1746
f 1819 1836 1830
f 215 4340 1840
f 1845 229 1844
f 1870 238 1972
f 1894 4095 1889
f 4698 1911 4267
f 267 1933 4103
f 250 4108 303
f 344 3956 4594
f 4688 4454 363
f 2187 4507 898
f 412 2259 2291
f 2303 4615 4125
f 2321 2319 2322
f 2453 2437 2451
f 512 2607 515
f 2610 4447 2333
f 643 642 2686
f 4287 2695 2696
f 649 2704 2698
f 671 672 2764
f 671 4496 2774
f 678 4153 782
f 2820 946 2819
f 4733 784 780
f 2951 4916 4174
f 4916 4176 4174
f 3088 3085 3089
f 1411 4729 3165
f 3178 4510 3179
f 3313 998 3311
f 3364 1022 1051
f 4458 3399 4304
f 3419 3413 1052
f 3421 3420 1053
f 3459 4696 3444
f 3525 586 4043
f 3559 1129 1126
f 4643 4047 3583
f 1162 1160 4409
f 1182 1183 3691
f 1997 3682 3686
f 3720 1236 3722
f 3787 3722 1233
f 1261 4316 1262
f 3815 4522 1277
f 1301 1300 4740
f 2107 3861 3956
f 1389 3190 15
f 1494 103 1573
f 3915 3468 1091
f 1437 1427 1435
f 1665 120 1628
f 4698 4250 1911
f 3202 3203 3155
f 3316 3554 3315
f 1114 1115 3531
f 1248 3742 3750
f 3161 9 3160
f 112 967 4082
f 123 1631 4332
f 3957 4484 2172
f 2840 4396 733
f 3301 4398 3302
f 1052 3415 3402
f 3561 1123 3556
f 1633 4705 1631
f 2063 2060 326
f 3048 2157 4668
f 3195 3927 3166
f 3923 1380 1384
f 148 1679 4609
f 2357 2356 2360
f 3691 3692 1208
f 4304 3399 1031
f 3926 1413 1423
f 4526 1936 1938
f 373 2189 4563
f 741 4203 3256
f 4512 3327 1005
f 2846 3233 3258
f 1052 3418 3419
f 2618 4703 2621
f 849 834 3018
f 230 232 1852
f 2923 4663 4685
f 4202 2840 741
f 1913 259 2004
f 1001 1664 1657
f 186 4747 182
f 2201 2205 2200
f 137 4262 2074
f 1606 1609 4608
f 1400 8 1401
f 1818 4742 1838
f 1861 4743 1843
f 3377 532 534
f 936 4694 938
f 1261 1263 3768
f 154 4676 1708
f 4312 1152 3743
f 1270 4659 3775
f 1343 1342 4254
f 4462 1200 4314
f 1492 1569 1568
f 420 2229 4596
f 2544 543 3863
f 678 2737 4153
f 2773 696 703
f 3059 3058 3057
f 3612 3611 1158
f 1298 3829 3851
f 1335 1336 3877
f 3103 3104 3105
f 37 4842 36
f 4842 4075 36
f 1555 4799 1543
f 4799 87 1543
f 88 766 91
f 1675 1677 1676
f 160 159 161
f 1779 1778 1777
f 1838 235 226
f 246 4441 1907
f 3351 4102 1932
f 275 276 1927
f 1986 4420 1969
f 316 1913 2004
f 2021 317 2036
f 2093 4950 2092
f 4950 2094 2092
f 2110 2101 2108
f 2548 2224 3961
f 2256 137 410
f 2286 2283 2275
f 458 2354 446
f 466 518 3969
f 2445 2442 2443
f 2538 1033 4136
f 551 2562 4565
f 2585 2583 3982
f 590 2607 2608
f 2673 2661 623
f 4654 708 709
f 748 2870 2873
f 3063 3062 870
f 3074 3957 2171
f 3125 4020 605
f 3419 3418 1055
f 3439 3441 1065
f 3597 3593 3596
f 3769 3629 3630
f 3662 1183 4670
f 3787 1231 1230
f 4414 1266 1168
f 1277 4522 3805
f 3909 3907 3906
f 3469 3913 3914
f 1489 1568 103
f 4101 1932 4102
f 481 480 4545
f 490 2415 2414
f 2434 2435 501
f 3406 3408 3352
f 1074 3866 1329
f 1808 1814 1807
f 2369 472 471
f 2436 2433 2434
f 448 436 2312
f 4444 4887 4881
f 4887 549 4881
f 4881 2099 4444
f 4162 2814 2811
f 4745 3533 4459
f 201 1796 1795
f 3339 3337 3340
f 1440 30 4075
f 3799 3801 1280
f 2241 2245 2246
f 3261 3264 1596
f 577 2592 2593
f 288 4347 1978
f 3714 1232 1230
f 1819 1830 1817
f 3908 1343 3883
f 704 2780 2783
f 10 8 1400
f 3133 908 3076
f 4186 4185 3061
f 4724 4121 4688
f 2147 2146 2144
f 4210 3331 3424
f 2178 2179 896
f 2672 2677 633
f 2687 2681 2685
f 3432 3467 3468
f 247 1907 1908
f 1959 270 3846
f 295 296 294
f 2275 2283 2276
f 2578 566 567
f 4728 3055 3060
f 3362 3359 3363
f 1259 4246 3760
f 1360 1353 4220
f 387 2194 2214
f 496 1279 3804
f 1713 4676 1711
f 2512 539 3979
f 2252 3318 406
f 4049 558 4048
f 2432 500 2433
f 3596 3595 3597
f 1227 1234 1831
f 2748 2926 2760
f 644 2660 2658
f 1504 128 4327
f 88 90 1545
f 3318 135 134
f 4101 4588 1932
f 275 1956 276
f 2087 336 2090
f 833 4708 4428
f 2198 2187 389
f 399 2228 2230
f 2344 2380 475
f 4280 2633 4281
f 2702 686 687
f 3801 3799 1277
f 1388 1587 17
f 1474 57 31
f 1544 1545 1546
f 1631 123 1624
f 140 3320 1660
f 1795 1601 1605
f 3943 4649 203
f 4097 248 241
f 1970 4558 4650
f 292 1992 4107
f 409 2048 1652
f 2069 4905 2078
f 4905 3953 2078
f 336 2091 2090
f 2134 2135 2125
f 4357 369 2159
f 2156 2163 2158
f 376 3958 396
f 4361 381 2186
f 2204 2202 2203
f 2946 2222 2948
f 2048 408 1653
f 2451 2436 501
f 2567 2593 2591
f 562 4379 561
f 2587 2579 4680
f 2648 4619 614
f 631 4146 2669
f 2763 2728 2764
f 4450 4780 55
f 4780 1471 55
f 2814 4162 721
f 2833 2816 728
f 4176 4916 796
f 4916 2951 796
f 2972 4986 2976
f 4986 808 2976
f 865 866 3048
f 893 3101 3096
f 3120 4020 3116
f 1051 1049 3409
f 1101 3503 3519
f 3675 3676 301
f 1997 3686 1998
f 1227 3717 1234
f 3852 2002 1915
f 2000 306 2030
f 2297 434 2296
f 2821 2825 731
f 2747 684 2748
f 2997 4732 826
f 3731 4407 4460
f 929 931 930
f 4756 4687 214
f 1934 3351 1932
f 3096 888 3097
f 2400 2402 486
f 2860 4808 745
f 4808 2868 745
f 2505 2495 2514
f 684 101 2748
f 1363 1365 1351
f 3192 4716 648
f 506 2443 2440
f 1407 22 1410
f 76 2848 4452
f 1575 105 104
f 833 2132 4708
f 3941 1473 4325
f 4092 4748 1848
f 696 693 703
f 235 1860 226
f 2041 2002 2042
f 2650 4567 2651
f 4657 3164 922
f 3230 953 3232
f 2747 683 684
f 3509 3508 1101
f 346 4445 281
f 1531 1535 85
f 1840 4742 1821
f 1994 3678 1995
f 895 3107 4572
f 3522 4042 3494
f 1225 3706 3707
f 1202 3683 3684
f 1377 3177 4062
f 2092 336 2093
f 629 2677 2669
f 3166 3927 3165
f 3520 3521 3515
f 1734 4088 1731
f 656 4150 655
f 3143 4656 915
f 1891 4587 1892
f 3175 4197 3186
f 1456 4073 1457
f 3692 3691 3690
f 2247 2251 2250
f 3057 3058 867
f 3862 1316 4057
f 3953 4963 2078
f 4963 2080 2078
f 1201 301 1998
f 4286 738 739
f 1864 3946 1966
f 814 2975 4504
f 3361 4302 3360
f 3253 4396 3251
f 2257 2074 4137
f 3242 3241 3240
f 617 2804 716
f 735 3254 3251
f 2851 4157 2758
f 1070 3455 4218
f 1272 3777 3659
f 641 2687 2685
f 2300 438 2301
f 2590 2589 2588
f 739 963 4286
f 3901 1355 4256
