# DenseCorr3D prepared geometry
v 0.00719338 0.01986513 0.03737692
v -0.01250494 0.03369660 0.03481312
v -0.02746185 0.02618689 0.04047250
v -0.02820986 0.01832110 0.04178781
v -0.03897068 0.00938713 0.04211740
v -0.03624646 0.02006017 0.04236982
v -0.04489287 0.02157407 0.04228581
v -0.05275118 0.03019616 0.04170315
v -0.03952728 0.02517612 0.04176030
v -0.06826147 -0.00332935 0.04812538
v -0.06949477 0.01015330 0.04860292
v -0.07321102 0.00663150 0.04835225
v -0.07980131 0.01278190 0.04641165
v -0.07980151 0.02437875 0.04370515
v -0.07655350 0.01511958 0.04705158
v -0.07141100 0.01827202 0.04748315
v -0.06846127 0.02073340 0.04690594
v -0.06093417 0.03268576 0.04235364
v -0.03309003 0.03436628 0.03887506
v -0.00140947 0.03352457 0.03039752
v 0.00150892 0.01626802 0.03788066
v -0.00358384 0.00274283 0.03777778
v 0.01071207 0.03160309 0.03083232
v 0.00699567 0.03211602 0.03120421
v 0.00730754 0.03590948 0.02853857
v 0.00947485 0.04092773 0.02360630
v 0.03345880 0.02542901 0.02041288
v 0.04098081 0.03099497 0.02135688
v 0.02812399 0.03366557 0.01949506
v 0.02327230 0.01710319 0.03472450
v 0.02667024 0.02896610 0.03413313
v 0.03152593 0.03223715 0.03185732
v 0.03516082 0.03492223 0.03134053
v 0.02843401 0.03318039 0.03473903
v 0.02566684 0.03058690 0.03938745
v 0.01507110 0.02371198 0.03413827
v 0.00759240 0.00219205 0.04143580
v -0.07611754 0.02944729 0.04236753
v -0.08733519 0.02789222 0.03833528
v -0.09064993 0.03356769 0.02819824
v -0.08189181 0.03747325 0.03445978
v -0.07342883 0.04119023 0.03509646
v -0.06669477 0.03041609 0.04313738
v -0.05591301 0.03952042 0.03795049
v -0.04685759 0.04385224 0.03380099
v -0.05563875 0.04268866 0.03523904
v -0.05955242 0.03703089 0.04033854
v 0.03107076 0.03873653 0.03861320
v 0.04417407 0.04573967 0.03802047
v 0.04051230 0.03926624 0.03304849
v 0.04316799 0.03432985 0.03166747
v 0.04400339 0.04432991 0.03428048
v 0.04513597 0.03182123 0.02806158
v 0.04947208 0.04925608 0.03582801
v 0.05391636 0.04715914 0.02615774
v 0.05100256 0.04261398 0.02725727
v 0.04791091 0.04862987 0.02088844
v 0.04224860 0.04829611 0.01711663
v 0.04571937 0.03576577 0.02133332
v 0.04592580 0.05771741 0.01342058
v 0.03401622 0.05489377 0.00468150
v 0.03370167 0.05579569 0.00194485
v 0.03402036 0.05615018 -0.00326780
v 0.03746160 0.05704565 -0.00004207
v 0.04703110 0.05896521 -0.00297443
v 0.05251438 0.05925239 -0.00430476
v 0.05048452 0.05899031 0.00137735
v 0.05415722 0.05092209 0.02270560
v 0.05271354 0.06014366 0.01280323
v 0.05940418 0.05958834 0.01204673
v 0.06309181 0.05764342 0.01490132
v 0.06572263 0.05648516 0.01070789
v 0.06859498 0.05368597 0.01148492
v 0.06424413 0.05241975 0.02074047
v 0.06346229 0.04602852 0.02431605
v 0.05914583 0.04433606 0.02843777
v 0.07143310 0.04778003 0.01661631
v 0.07461795 0.04896088 0.01094285
v 0.07052758 0.05363144 0.00615374
v 0.06827037 0.05528891 -0.00040718
v 0.05652380 0.05998787 -0.01470006
v 0.06398722 0.05647254 -0.00101251
v 0.07166449 0.05233466 -0.00309462
v 0.08246133 0.04547006 0.01354434
v 0.07929157 0.04754672 0.00851657
v 0.07832804 0.04767695 -0.00481143
v 0.06655285 0.05186655 -0.01845891
v 0.08446887 0.04648232 0.00049745
v 0.09537517 0.04391667 -0.00072118
v 0.08271053 0.04444532 -0.01436974
v 0.11174341 0.03317808 0.00896601
v 0.10410435 0.02949109 0.01491233
v 0.12019005 0.03172354 0.01858310
v 0.10683968 0.04110332 -0.00275020
v 0.09531736 0.02526134 0.01672685
v 0.09908367 0.02366995 0.01849967
v 0.09985068 0.02686896 0.01745144
v 0.09619872 0.02846043 0.01448808
v 0.03003766 0.03207426 0.04138900
v 0.03729581 0.03345135 0.03984477
v 0.04037161 0.02805372 0.03973598
v 0.08597077 0.03174150 0.01681931
v 0.09171334 0.03132085 0.01260557
v 0.08813442 0.04123760 0.01228283
v 0.10835541 0.03897329 -0.00596777
v 0.12241804 0.04088403 0.00150810
v 0.13118093 0.04500132 0.00053964
v 0.12635277 0.03507042 -0.00969595
v 0.12193196 0.03142346 0.00839820
v 0.02353666 0.02339236 0.04088011
v 0.02381782 0.02402124 0.03568013
v -0.00321192 0.05103942 -0.01818686
v -0.01201862 0.05199932 -0.02014989
v -0.01511762 0.04887708 -0.02637323
v -0.01577297 0.05561356 -0.01518259
v -0.01284536 0.03966533 -0.03340261
v -0.00992848 0.05491291 -0.01387095
v -0.02941475 0.05687412 -0.01546064
v -0.03615981 0.05767735 -0.01307968
v -0.02896430 0.05500114 -0.01978320
v -0.03978509 0.05299480 -0.02461097
v -0.04982776 0.05086563 -0.02134074
v -0.04872390 0.05350855 -0.01686247
v -0.03417344 0.05166313 -0.02615199
v -0.03944754 0.04589359 -0.03352226
v -0.02890692 0.05009303 -0.02771460
v -0.03963678 0.03859223 -0.03918321
v -0.03645502 0.03369635 -0.04167321
v -0.04140487 0.03288942 -0.04183977
v -0.03553592 0.02895693 -0.04349644
v -0.01926470 0.03118551 -0.03908768
v -0.01932362 0.03989498 -0.03539264
v -0.00481699 0.03200281 -0.03331361
v 0.00599590 0.05384597 -0.01022799
v 0.01035812 0.05140998 -0.01246516
v 0.01181053 0.03632784 -0.02766573
v 0.00844250 0.04629788 -0.01940125
v 0.01300828 0.05366004 -0.00924804
v -0.00163010 0.05701633 -0.00560037
v -0.00706233 0.05777183 -0.00487064
v -0.01509356 0.05773114 -0.00895484
v -0.00619480 0.05779938 -0.00026268
v -0.00166513 0.05708017 0.00193432
v -0.02513599 0.06125995 -0.00489880
v -0.04007440 0.05870748 -0.00856254
v -0.05702001 0.04873709 -0.01933004
v -0.06010678 0.04888323 -0.01541912
v -0.06556925 0.04880748 -0.00638680
v -0.06686172 0.04990792 0.00190962
v -0.05668344 0.04704650 -0.02377948
v -0.05492862 0.04281716 -0.03050241
v -0.05393052 0.03764464 -0.03603219
v -0.04777540 0.02499868 -0.04281166
v -0.09441569 0.03505338 -0.01772694
v 0.02907902 0.03149622 -0.02584407
v 0.03408444 0.04188484 -0.01840835
v 0.03684949 0.04748221 -0.01621532
v 0.03205817 0.04694495 -0.01588466
v 0.03419465 0.05208714 -0.01178193
v 0.04227001 0.04786312 -0.01848939
v 0.05071878 0.05495981 -0.02024658
v 0.04851080 0.04128095 -0.02232915
v 0.04392424 0.04336181 -0.01952043
v 0.05244592 0.03922850 -0.02610257
v 0.02616039 0.02529570 -0.03037281
v 0.02046029 0.02679789 -0.03178113
v 0.05976301 0.05595594 -0.02017972
v 0.06102414 0.05837410 -0.01499219
v 0.06334164 0.05566346 -0.01818776
v 0.05509049 0.05461093 -0.02169973
v 0.02656358 0.05343334 -0.00818821
v 0.01845678 0.05401893 -0.00780481
v 0.01728493 0.05147681 -0.01181171
v 0.01501310 0.04933593 -0.01413792
v -0.00622144 0.05649813 0.00847544
v -0.01991657 0.06016354 0.00042911
v -0.03606624 0.06154853 -0.00390053
v -0.03890482 0.05909772 0.00916206
v -0.04846725 0.05571016 0.01998371
v -0.04343152 0.05671540 0.01842399
v -0.03122679 0.05832998 0.01072234
v -0.03800600 0.05635523 0.01786720
v -0.05929338 0.05407488 -0.00084354
v -0.05107100 0.05766698 0.01036086
v -0.05522857 0.05647780 0.00900486
v -0.07209133 0.04648114 0.00897518
v -0.07002137 0.04859145 0.01570778
v -0.06997437 0.04901119 0.02027913
v -0.07343890 0.04570979 0.01519777
v -0.07651920 0.04376950 0.00033856
v -0.07717717 0.04188764 -0.02745277
v -0.06996318 0.03373628 -0.03962139
v -0.06847371 0.04134640 -0.03331587
v -0.06791638 0.04002663 -0.03529638
v 0.07679087 0.03586289 0.02030585
v 0.09028893 0.03800280 0.01119661
v 0.01859002 0.04271456 0.01622545
v 0.01425772 0.04091971 0.02094559
v 0.00652453 0.04554969 0.01918186
v -0.00620916 0.04992734 0.01980683
v -0.00207029 0.04111830 0.02617786
v -0.01890105 0.04584233 0.02928687
v -0.03791700 0.04267674 0.03551741
v -0.04565656 0.04656713 0.03151272
v -0.05166114 0.04990971 0.02693181
v -0.05778814 0.04592431 0.03223218
v -0.06436917 0.05138252 0.02182291
v 0.05581645 0.04856495 0.03263976
v 0.12018964 0.03370379 -0.00967910
v 0.13736978 0.05012764 -0.00079573
v 0.13597858 0.04820755 0.00175448
v 0.13661370 0.04643463 0.00377947
v 0.13262533 0.04394865 0.00336702
v 0.14139400 0.04847626 0.00459746
v 0.14409238 0.05503293 0.00350838
v 0.14083590 0.05008621 -0.00749344
v 0.14621358 0.06351374 -0.00354728
v 0.14960094 0.05483365 -0.01078656
v 0.14669593 0.05415570 0.00430177
v 0.02463708 0.05502522 -0.00059677
v 0.01922960 0.05513131 -0.00163371
v 0.01307764 0.05326989 0.00529113
v -0.10360643 0.03422356 0.00208774
v -0.09937352 0.03350796 0.01107450
v -0.10097915 0.03082667 0.01512969
v -0.10144673 0.02692707 0.02203279
v -0.09329437 0.03553992 0.01515337
v -0.08646725 0.03825991 0.01507036
v -0.08266854 0.03988373 0.01817593
v -0.08366092 0.03933606 0.02346950
v -0.08019166 0.04183570 0.02446900
v -0.08071181 0.04012536 0.03165419
v -0.08188272 0.04187061 0.00166627
v -0.09523977 0.03893407 -0.00202948
v 0.16195697 0.08119063 -0.00855735
v 0.16383851 0.08451828 -0.00622669
v 0.16226675 0.08711261 -0.00268642
v 0.16033992 0.08666544 -0.00139426
v 0.15794083 0.08517784 -0.00138071
v 0.15292367 0.07875895 -0.00433839
v 0.15301296 0.07450476 -0.00815910
v 0.15241346 0.07952407 -0.00037040
v 0.14928102 0.07464757 -0.00285896
v 0.14764313 0.06792911 -0.00400183
v 0.14795189 0.06451379 -0.00704923
v 0.15969346 0.08194853 0.00358461
v 0.14968719 0.07489038 -0.00021385
v 0.14936599 0.06857495 0.00239584
v 0.16397090 0.08786901 -0.00045868
v 0.16360617 0.08445340 0.00362876
v -0.05239109 -0.01847130 -0.02722839
v -0.04878192 -0.02172783 -0.02395056
v -0.04794383 -0.01893682 -0.02782243
v -0.05455534 -0.01874135 -0.02732609
v -0.05282905 -0.02137040 -0.02270256
v -0.05627630 -0.01657940 -0.03397453
v -0.06000796 -0.02222426 -0.01960663
v -0.05700135 -0.02525349 -0.01225413
v -0.06229325 -0.02442964 -0.00961783
v -0.06399998 -0.02474335 -0.00509365
v -0.06645410 -0.02319515 -0.01123337
v -0.05724752 -0.02486632 -0.00076466
v -0.05153152 -0.02721066 -0.00779046
v -0.04154411 -0.01519780 -0.03228994
v -0.04458703 -0.02853284 -0.00686134
v -0.02910756 -0.02903082 -0.01114268
v -0.03820697 -0.02882007 -0.00706948
v -0.02298130 -0.02943433 -0.00712207
v -0.02754905 -0.02891365 -0.00511038
v -0.04555899 -0.02774647 0.01265036
v -0.04920438 -0.02456756 0.01855868
v -0.04999121 -0.02136578 0.02509701
v -0.05057112 -0.02172653 0.02722782
v -0.04888480 -0.01975274 0.03026295
v -0.04636520 -0.01673529 0.02631098
v -0.02303112 -0.02675645 0.00223228
v -0.02921422 -0.02715744 0.00018802
v -0.01050738 -0.02835517 0.00706816
v 0.00016500 -0.02504121 0.02072841
v 0.00274198 -0.02837763 0.01877638
v 0.00340578 -0.02951923 0.02089296
v 0.00787471 -0.03850455 0.02651426
v 0.02005538 -0.06046227 0.03052156
v 0.01931788 -0.05758018 0.02782152
v 0.02069958 -0.05172459 0.02269140
v 0.02865167 -0.05866651 0.02309990
v 0.03056378 -0.05375750 0.02151871
v 0.03430570 -0.05330066 0.02206074
v 0.03678817 -0.04757647 0.02220308
v 0.03160266 -0.04788652 0.02010816
v 0.03394991 -0.04264866 0.01956392
v 0.02472101 -0.04618669 0.01912496
v 0.01139097 -0.04004559 0.02152251
v 0.01187974 -0.04380160 0.02693938
v 0.01893675 -0.03729213 0.01634557
v 0.02484328 -0.03966255 0.01710164
v 0.03327840 -0.03707699 0.01819633
v 0.03587237 -0.03831574 0.01958844
v 0.02961010 -0.03685952 0.01707539
v 0.03025835 -0.02896708 0.01572206
v 0.04073288 -0.04189758 0.02780714
v 0.04211569 -0.04765771 0.02994376
v 0.04529637 -0.06880620 0.03139679
v 0.04280002 -0.05631816 0.02760869
v 0.04155290 -0.05993531 0.02598293
v 0.04151789 -0.06422981 0.02579449
v 0.02146588 -0.06437098 0.02908419
v -0.06313602 -0.02542318 -0.03438096
v -0.06162345 -0.02491962 -0.02580381
v -0.06911880 -0.02331614 -0.03902003
v -0.06575725 -0.02564213 -0.01886177
v -0.07035573 -0.03731634 -0.03074526
v -0.06993397 -0.03672044 -0.02760251
v -0.07543877 -0.04427521 -0.03309487
v -0.07373000 -0.03970448 -0.02206452
v -0.07219950 -0.03861311 -0.02410719
v -0.06778832 -0.03047769 -0.02164027
v -0.07419254 -0.03696544 -0.01909203
v -0.07327234 -0.04246781 -0.03077533
v -0.07875770 -0.05191364 -0.02672665
v -0.08173689 -0.05320901 -0.03536160
v -0.07866673 -0.04374144 -0.03660247
v -0.07344390 -0.03612302 -0.03643288
v -0.07804547 -0.03392301 -0.03889478
v -0.09166783 -0.05248414 -0.03852557
v -0.07904495 -0.04818988 -0.03453597
v -0.08948747 -0.05324950 -0.03870714
v -0.09087855 -0.06184910 -0.03822242
v -0.08761542 -0.06211687 -0.03721795
v -0.08176629 -0.05848616 -0.02906670
v -0.08184462 -0.04649701 -0.01926249
v -0.08719344 -0.04379359 -0.01705652
v -0.08974726 -0.05309058 -0.01825264
v -0.08558279 -0.05148392 -0.01922989
v -0.08270859 -0.07019428 -0.03481524
v -0.08656489 -0.07055338 -0.03701307
v -0.08866311 -0.06235451 -0.01924779
v -0.06257733 -0.01979217 -0.03884200
v -0.08921656 -0.01845428 -0.00709531
v -0.08658680 -0.02030821 -0.00392438
v -0.08625728 -0.02440045 -0.01149870
v -0.08292881 -0.02925937 -0.01286441
v -0.07139438 -0.02314593 -0.00859548
v -0.09104198 -0.01829987 -0.00294331
v -0.07961322 -0.02181742 -0.00536745
v -0.08857717 -0.01909001 0.00422310
v -0.08359164 -0.02111203 0.00535096
v -0.07076338 -0.02306082 0.00145290
v -0.08365503 -0.01989868 0.01423590
v -0.09768818 -0.00557591 0.01866879
v -0.09330494 -0.01127721 0.01812387
v -0.06759765 -0.02617503 0.01004593
v -0.06056191 -0.02589821 0.00459295
v -0.06623366 -0.02377719 0.00061158
v -0.08313204 -0.02475804 0.02107515
v -0.07264011 -0.03274525 0.02046719
v -0.07741924 -0.03376459 0.02318197
v -0.07085136 -0.04520876 0.02168474
v -0.06179120 -0.04075630 0.02103323
v -0.05778317 -0.05618208 0.02389921
v -0.05980489 -0.03121843 0.01870124
v -0.05905956 -0.04957343 0.02363016
v -0.06290354 -0.06452819 0.02109572
v -0.06516095 -0.06115172 0.02144713
v -0.06109130 -0.06545247 0.02125775
v -0.05627218 -0.06268188 0.02619155
v -0.05635918 -0.03813087 0.02768073
v -0.05437719 -0.02830431 0.02756558
v -0.05338933 -0.02554909 0.02325648
v -0.05739258 -0.03074745 0.02082877
v -0.05623452 -0.02766896 0.01866321
v -0.05609397 -0.02646507 0.01383135
v -0.06277593 -0.02607445 0.00936101
v -0.04686157 -0.02725326 0.00318739
v 0.07465362 -0.00391597 -0.01279620
v 0.07245315 -0.00346368 -0.01617765
v 0.07297702 -0.00560306 -0.00557540
v 0.07113344 -0.00648454 0.01131201
v 0.07103530 -0.00695047 0.00637889
v 0.03129662 -0.01422942 0.01153705
v 0.02867719 -0.02086489 0.01166662
v 0.02513889 -0.02417409 0.01089716
v 0.02768474 -0.02686704 -0.00286678
v 0.02380489 -0.02601814 0.00701490
v 0.03742437 -0.03124478 0.02244554
v 0.03620196 -0.02656776 0.02045496
v 0.03472552 -0.02386754 0.01791701
v 0.05603661 -0.00877626 0.00182857
v 0.01675190 -0.03010212 -0.00327612
v 0.00275450 -0.03094280 0.00485804
v 0.00635194 -0.03142563 0.00720744
v 0.00203794 -0.03221496 0.01067889
v 0.00587041 -0.03093817 -0.00064091
v 0.00646293 -0.03187099 0.01192100
v 0.05501290 -0.00645609 -0.00858661
v 0.06841642 -0.00667354 -0.00376803
v 0.06155913 -0.00682486 -0.00499513
v -0.01037309 -0.02385749 -0.03177951
v 0.02500078 -0.01687219 -0.02216441
v 0.02566725 -0.01753734 -0.02553726
v 0.02616924 -0.02599567 -0.01046390
v 0.00754701 -0.03156969 -0.00475064
v 0.00108673 -0.03153938 -0.00513126
v -0.01742600 -0.02629067 0.00079547
v -0.00945467 -0.02900361 -0.00480212
v -0.00401520 -0.03119867 -0.00765384
v -0.01841030 -0.02876910 -0.01209950
v -0.02571273 -0.01817924 -0.02666142
v -0.02444450 -0.01076232 -0.03099807
v -0.04834886 -0.01621389 0.03283279
v 0.02888030 -0.06777029 0.02462666
v 0.02931090 -0.07290640 0.02506409
v 0.02561509 -0.07455967 0.02920627
v 0.03548014 -0.06442343 0.02391181
v 0.03883514 -0.06321408 0.02455160
v 0.03874261 -0.05697780 0.02419512
v 0.03313006 -0.07566147 0.02321584
v 0.03597032 -0.07956689 0.02217046
v 0.03998442 -0.07901409 0.02164677
v 0.03782335 -0.07772504 0.02189935
v 0.03459852 -0.08335886 0.02301046
v 0.03070930 -0.08456087 0.02521959
v 0.03983083 -0.08213241 0.02157035
v 0.04348638 -0.07913332 0.02232153
v 0.04268187 -0.08495423 0.02230772
v 0.02905895 -0.08568958 0.02793221
v 0.04345899 -0.07192566 0.02469272
v 0.05068910 -0.08122770 0.02675874
v 0.05180795 -0.08299410 0.02936802
v -0.00611925 -0.02997098 -0.01446908
v -0.00884484 -0.03048071 -0.00952339
v -0.01278708 -0.02725378 -0.01572025
v -0.01361960 -0.02237280 -0.02368176
v -0.04441467 0.00139460 -0.04255752
v -0.02131013 -0.00516308 -0.03461816
v 0.04396386 -0.00176414 -0.01405559
v 0.02795519 -0.01871178 -0.01648645
v 0.04039580 0.00136274 -0.01645866
v 0.03617604 -0.00265346 -0.01521395
v 0.04978686 -0.00212917 -0.01701253
v 0.03470826 0.00107025 -0.01849823
v 0.03733789 0.00493926 -0.01929268
v 0.03595892 0.01109228 -0.02274438
v 0.03437822 0.01508160 -0.02533226
v 0.03137646 0.00372007 -0.02557982
v 0.02747770 0.01513356 -0.03313509
v 0.03256425 0.02330767 -0.02755413
v 0.03963137 0.01531982 -0.02539854
v 0.00856795 0.01642165 -0.03938154
v 0.02673394 -0.00517499 -0.03179947
v 0.01630344 -0.00225220 -0.04006843
v 0.02322667 0.00831237 -0.03640461
v 0.02066332 0.00441323 -0.03839730
v 0.01064456 -0.00056009 -0.04213066
v 0.00688103 -0.00136317 -0.04241941
v 0.00434382 -0.00804277 -0.04200199
v -0.00332250 -0.00787929 -0.04096456
v -0.00516806 0.00129612 -0.03890314
v -0.00984613 0.00285075 -0.03763163
v -0.00638422 0.00499105 -0.03810445
v -0.01641907 -0.00304753 -0.03608849
v -0.00930825 -0.00379961 -0.03756340
v -0.00356000 -0.01581872 -0.04070282
v -0.00819178 -0.01725273 -0.03909289
v -0.00258433 -0.02620258 -0.03854426
v 0.02426160 -0.01097298 -0.03383575
v 0.02070330 -0.01293380 -0.03656351
v 0.02544202 -0.02352424 -0.03116438
v 0.02265120 -0.02791357 -0.03584423
v 0.01531283 -0.03397355 -0.03884744
v 0.02591381 -0.03705066 -0.03611581
v 0.02815442 -0.04311524 -0.03702823
v 0.03531507 -0.04454749 -0.02916669
v 0.05508723 -0.00346576 -0.01896231
v -0.00148721 0.02554779 -0.03484830
v -0.00701163 0.01509131 -0.03818137
v -0.01362842 0.00829219 -0.03920698
v -0.02138270 0.02038502 -0.04106265
v -0.01154471 0.02000611 -0.03935689
v -0.03410037 0.02130574 -0.04481205
v -0.02615519 0.02441158 -0.04154084
v -0.04658667 0.01354856 -0.04425862
v -0.01486868 0.02583837 -0.03954571
v -0.03030620 0.01816615 -0.04372238
v 0.03462399 0.02898930 -0.02423932
v 0.04056299 0.02050718 -0.02428843
v 0.05086508 0.02547357 -0.02497698
v 0.03804258 -0.05260940 -0.03509608
v 0.03831368 -0.06108494 -0.03856058
v 0.03603666 -0.06325032 -0.04043508
v 0.02783704 -0.06614759 -0.04030564
v 0.02432944 -0.05705315 -0.04024066
v 0.02161557 -0.05134976 -0.03983292
v 0.02129351 -0.04350272 -0.03918181
v 0.01658794 -0.05436253 -0.03690370
v 0.01268915 -0.05280191 -0.03429943
v 0.02781095 -0.07761521 -0.04030029
v 0.02996196 -0.08009484 -0.04316202
v 0.03958983 -0.08212535 -0.04391363
v 0.04905106 -0.07644351 -0.03900238
v 0.03839178 -0.07662163 -0.04492036
v 0.03568126 -0.07340620 -0.04407949
v 0.02957556 -0.07065965 -0.04091709
v 0.03179476 -0.06630430 -0.04140573
v 0.02700072 -0.01279312 -0.02219812
v 0.02956150 -0.00739855 -0.02202449
v 0.00926471 -0.04769685 -0.03527654
v 0.00807641 -0.04371833 -0.03686531
v -0.00436677 -0.03136382 -0.03456188
v -0.08983907 -0.04428181 -0.03827943
v -0.09445675 -0.05910679 -0.03843116
v -0.10257442 -0.07140612 -0.03362338
v -0.10414255 -0.06672598 -0.03250489
v -0.10281679 -0.06211193 -0.03338728
v -0.10475411 -0.07666942 -0.02757732
v -0.10470222 -0.06889100 -0.02125843
v -0.09281021 -0.07979025 -0.03788158
v -0.09917934 -0.07765090 -0.03553963
v -0.09972971 -0.08265533 -0.03310449
v -0.09675436 -0.08338508 -0.03355691
v -0.10404517 -0.08005207 -0.02518317
v -0.10264931 -0.05493539 -0.02194505
v -0.10480531 -0.06012495 -0.02314266
v -0.10332818 -0.08133138 -0.02229132
v -0.10488234 -0.07652888 -0.02390354
v -0.10366321 -0.07854582 -0.02058720
v -0.10164055 -0.06918074 -0.01858681
v -0.08735029 -0.03219255 -0.03909390
v -0.09468901 -0.03770562 -0.03444788
v -0.10052257 -0.04763478 -0.03001552
v -0.08098138 -0.00842505 -0.04222539
v -0.08594338 -0.02143496 -0.03990956
v -0.09576548 -0.01776306 -0.03165320
v -0.09644098 0.00119935 -0.03426710
v -0.08350608 -0.00142422 -0.04197155
v -0.07640740 0.00369547 -0.04436407
v -0.10071447 -0.01478309 -0.01847591
v -0.10149349 -0.01112142 -0.01805145
v -0.09857813 -0.01761545 -0.01688980
v -0.09764662 -0.02358047 -0.02391963
v -0.09217542 -0.02841377 -0.01458214
v -0.09369322 -0.02017209 -0.01337809
v -0.09839067 -0.01393258 -0.01552501
v -0.07101399 0.02262155 -0.04309118
v -0.08182607 0.01998340 -0.04107410
v -0.08766839 0.01565726 -0.03985508
v -0.10311874 -0.00802020 -0.02161251
v -0.10089269 -0.00841440 -0.01705429
v -0.10108878 -0.00655349 -0.00438632
v -0.10627866 0.00086601 -0.00755860
v -0.10140093 0.00597559 -0.02737466
v -0.09207031 0.01653362 -0.03744042
v -0.10381480 0.00980375 -0.02329778
v -0.10761249 0.00949532 -0.00946114
v -0.11265482 -0.00601562 -0.00824191
v -0.11516240 -0.00064683 -0.00842221
v -0.12103449 -0.00287519 -0.00227905
v -0.10409924 0.01782818 -0.02280996
v -0.10329943 0.02262362 -0.02121120
v -0.09319939 0.03349540 -0.02633479
v -0.10535420 0.02234713 -0.01556501
v -0.10615291 0.01196212 -0.01451716
v -0.10687106 0.02228781 -0.01167710
v -0.10720114 0.02785830 -0.00833419
v -0.11000815 0.01990267 -0.00961906
v -0.11708073 0.01696767 -0.00219505
v -0.11747231 0.01343157 -0.00490676
v -0.11793267 0.01322737 -0.00222280
v -0.11964720 0.00533495 -0.00205225
v -0.11090165 -0.01488105 -0.00716910
v -0.12079395 -0.01575482 0.00148859
v -0.11653553 -0.02232478 -0.00825813
v -0.11215817 -0.02529687 -0.00430545
v -0.11929731 -0.03121446 -0.00725220
v -0.12470695 -0.03706237 -0.00583911
v -0.12111711 -0.03973948 -0.00652100
v -0.11981234 -0.04266332 -0.00073700
v -0.11893298 -0.04081234 -0.00264094
v -0.11828359 -0.03761491 -0.00486559
v -0.12376121 -0.02694045 0.00192708
v -0.12866360 -0.04124548 0.00122395
v -0.12561907 -0.04488579 0.00174489
v -0.09976353 0.03677377 -0.00134321
v -0.10449190 0.03112705 -0.00786298
v -0.11093667 0.02639787 -0.00338450
v -0.10927191 0.02892974 -0.00135119
v 0.06549703 0.04803313 -0.02218184
v 0.06175025 0.04700183 -0.02668107
v 0.06081061 0.04302343 -0.02774723
v 0.07538227 0.04271743 -0.01930066
v 0.05986372 0.03942872 -0.02940356
v 0.05988322 0.04620155 -0.03154549
v 0.07899529 0.04572390 -0.01529338
v 0.08540700 0.04038145 -0.01610937
v 0.07893501 0.03752997 -0.01965035
v 0.08040123 0.02562257 -0.02071507
v 0.08279350 0.02728664 -0.01763242
v 0.08425307 0.03453606 -0.01745609
v 0.08687910 0.02786233 -0.01521068
v 0.08475843 0.01886585 -0.01725994
v 0.09762325 -0.00290168 -0.00584619
v 0.09412616 0.00200946 -0.00863726
v 0.09446403 0.01856850 -0.01510159
v 0.09761341 0.01689830 -0.01504240
v 0.10818020 0.02705173 -0.01399332
v 0.10161961 0.02269044 -0.01836062
v 0.10230982 0.01514582 -0.01530225
v 0.10458250 0.01679849 -0.01848036
v 0.10940332 0.02174092 -0.02080580
v 0.10967485 0.02591016 -0.01786678
v 0.11225217 0.02466079 -0.02019205
v 0.11497582 0.02153311 -0.02202716
v 0.11818978 0.02374595 -0.02222591
v 0.11912355 0.01768436 -0.02093803
v 0.10952583 0.01871345 -0.02033514
v 0.08721463 -0.00509979 -0.00042446
v 0.09096846 -0.00458466 -0.00377411
v 0.09874682 -0.00838633 -0.00213950
v 0.07958150 -0.00142315 -0.01063110
v 0.07572795 0.01301213 -0.02174545
v 0.06851442 0.00754129 -0.02241766
v 0.06649228 0.01202668 -0.02366572
v 0.06016549 0.01114014 -0.02574194
v 0.05619802 0.00820477 -0.02439539
v 0.07601511 -0.00441759 -0.00854450
v 0.12031911 0.02191822 -0.02285424
v 0.11511423 0.02627069 -0.01292674
v 0.11699878 0.02818964 -0.01128044
v 0.11593100 0.02702921 -0.01668536
v 0.11761615 0.02622977 -0.01325180
v 0.12225784 0.01957344 -0.02241797
v 0.12276734 0.02779205 -0.01851758
v 0.12529986 0.02156472 -0.02318203
v 0.12670028 0.02763655 -0.01265106
v 0.13587730 0.02793971 -0.02211644
v 0.13868664 0.03077625 -0.02008808
v 0.14276791 0.02719188 -0.02297266
v 0.14697257 0.02819742 -0.02241128
v 0.06270718 -0.00462117 -0.01884652
v 0.10200790 -0.00922076 0.00098306
v 0.10210285 -0.00534053 -0.00269771
v 0.05117091 0.01009127 -0.02557671
v 0.05984261 0.03557397 -0.03120971
v 0.05797375 0.04268651 -0.03206236
v 0.06145087 0.02106464 -0.02716907
v 0.05712818 0.02710307 -0.03118381
v 0.05874126 0.01993993 -0.03075885
v 0.05232238 0.03182993 -0.03823888
v 0.05206070 0.04014412 -0.03928214
v 0.05714510 0.04585831 -0.03557731
v 0.05467593 0.04863262 -0.03792141
v 0.05098404 0.04758235 -0.04024646
v 0.03871622 0.04128080 -0.04409722
v 0.04377152 0.04473522 -0.04179426
v 0.04966402 0.04387962 -0.04246990
v 0.03634536 0.02776267 -0.04597486
v 0.05219618 0.02309821 -0.03756170
v 0.05502438 0.01646123 -0.03521765
v 0.02951214 0.02568725 -0.04402475
v 0.04875942 0.00562779 -0.02976182
v 0.04528289 0.00352465 -0.03486986
v 0.03664314 0.00237914 -0.03941847
v 0.05118249 0.00504060 -0.03303953
v 0.03265464 0.00314718 -0.04184054
v 0.03379137 0.00757816 -0.04465932
v 0.14391863 0.02430485 -0.02144742
v 0.12338729 0.02702546 -0.01264572
v -0.04456443 -0.02188334 0.02129047
v -0.02164091 -0.02609604 0.01504577
v -0.02624053 -0.02545913 0.01639203
v -0.03095266 -0.02141340 0.02249575
v -0.03373775 -0.02555136 0.01742538
v -0.02301096 -0.01546114 0.02805466
v -0.01684909 -0.02569117 0.01578747
v -0.01421632 -0.02019492 0.02291039
v -0.04665875 -0.00854618 0.03454200
v -0.05093925 -0.00931653 0.03863210
v -0.02624932 0.01019716 0.04103319
v -0.01484337 0.01321379 0.03978167
v -0.00231424 -0.02120682 0.02317760
v -0.00280900 -0.02572241 0.01872984
v -0.00342631 -0.01498645 0.03075889
v -0.00286232 -0.00493679 0.03590212
v -0.01474033 0.00613750 0.03872332
v -0.05128469 -0.00506692 0.04046068
v -0.05052698 0.00224074 0.04230798
v -0.05866255 -0.00254983 0.04577753
v -0.06591557 -0.01055838 0.04633162
v -0.05658319 -0.00691793 0.04381792
v -0.06250305 -0.02265206 0.04241114
v -0.05540347 -0.01920412 0.03947443
v 0.00277033 -0.00336878 0.03964213
v -0.00128191 -0.01604469 0.03379313
v -0.00097142 -0.02651135 0.02856990
v 0.00835184 -0.03510091 0.03299814
v 0.01020050 -0.02307665 0.03764129
v 0.01178451 -0.03048846 0.03656729
v 0.00929027 -0.03890010 0.03102790
v 0.02046108 -0.03807371 0.03865725
v 0.01296716 -0.04160783 0.03383060
v 0.01851981 -0.05091246 0.03586036
v 0.01755494 -0.05397431 0.02924008
v -0.07213295 -0.02364768 0.04302592
v -0.05760860 -0.02803537 0.03834856
v -0.05854812 -0.03660898 0.03667741
v -0.06230943 -0.04268252 0.03950880
v -0.05644496 -0.03562887 0.03468045
v -0.05714221 -0.03952384 0.03355677
v -0.05782951 -0.04271336 0.03311979
v -0.05674685 -0.05578178 0.03100794
v -0.05484139 -0.02379794 0.03725868
v -0.00281384 -0.03066416 0.01221016
v -0.05348092 -0.01029654 0.04083911
v -0.05015392 -0.02164378 0.03360813
v -0.05093373 -0.01886727 0.03598788
v 0.02557041 -0.06345594 0.04045838
v 0.02788801 -0.07453568 0.04092296
v -0.06820912 -0.02244946 0.04348999
v 0.05316881 0.04788074 0.03568365
v 0.09652238 0.00998796 0.00153168
v 0.10901270 0.02501785 0.02057665
v 0.09389573 0.00953178 0.01034209
v 0.09126797 0.01358455 0.01334886
v 0.10143790 0.00075870 0.00452336
v 0.10242663 -0.00344241 0.00527414
v 0.07719264 -0.00349718 0.01116430
v 0.08928799 0.00549490 0.01138350
v 0.09431096 0.01662382 0.01438855
v 0.10316734 -0.00376930 0.00150101
v 0.08560395 0.01822708 0.01864727
v 0.09186865 0.02215105 0.01761758
v 0.10262403 0.02503956 0.01944464
v 0.10635386 0.01718529 0.01275243
v 0.04948628 0.03793620 0.03527577
v 0.06246005 0.03935671 0.02605891
v 0.06027222 0.03390303 0.02832705
v 0.05212819 0.03176261 0.03510997
v 0.05473872 0.02179928 0.03371070
v 0.05631939 0.02881822 0.03139222
v 0.05580291 0.03255000 0.03292053
v 0.05478989 0.00055362 0.02103318
v 0.05829236 -0.00361108 0.01840940
v 0.05118728 -0.00178544 0.01842127
v 0.06198265 -0.00793863 0.01324352
v 0.06766910 -0.00668563 0.01465270
v 0.05318159 0.00780059 0.02403942
v 0.05619846 0.00503057 0.02706444
v 0.06539935 0.00785387 0.02244020
v 0.06156451 0.01398646 0.02537033
v 0.05760705 0.00847690 0.03073981
v 0.07089926 0.01111028 0.02173332
v 0.07189216 -0.00388066 0.01620186
v 0.07768899 -0.00121544 0.01482758
v 0.07513608 0.02160514 0.02410512
v 0.08734906 0.02203890 0.01866715
v 0.10543182 0.01665967 0.01480802
v 0.12130725 0.01957692 0.01808464
v 0.11175887 0.01944705 0.01902812
v 0.10430314 0.02326044 0.01987554
v 0.11526280 0.02467629 0.02217415
v 0.12394571 0.02309878 0.02248591
v 0.12137862 0.02798305 0.02364175
v 0.12300020 0.03123171 0.02195442
v 0.04817795 0.01233881 0.03759556
v 0.07028732 0.03030008 0.02615399
v 0.06313997 0.02929509 0.02610120
v 0.13011245 0.03328876 0.02306049
v 0.14588678 0.03423236 0.02814893
v 0.14404576 0.03070553 0.02496148
v 0.13995680 0.02822476 0.02605098
v 0.13101460 0.02265684 0.01984374
v 0.14763430 0.04105587 0.02541942
v 0.14565478 0.04092975 0.02377394
v 0.14155544 0.03862483 0.02190107
v 0.13467246 0.02525818 0.02028969
v 0.13492574 0.02521189 0.02364793
v 0.14009260 0.02960370 0.02148239
v 0.13329439 0.02862374 0.02635793
v 0.14884381 0.03871591 0.02531807
v 0.06401107 0.02403513 0.02531076
v 0.06002694 0.02524182 0.02671597
v 0.06152285 0.02022530 0.02583828
v -0.09954047 -0.00685364 0.00800941
v -0.09703672 -0.01050450 0.00112582
v -0.10024200 -0.00548235 -0.00214014
v -0.10145475 -0.00410092 0.00675822
v -0.10170387 -0.00160585 0.00484519
v -0.10407218 -0.00201921 -0.00422859
v -0.10201653 0.00275473 -0.00226223
v -0.10498920 0.00138123 -0.00284941
v -0.10392878 0.00514752 -0.00393514
v -0.10521905 0.00332884 -0.00379478
v -0.10633055 -0.00831831 -0.00438824
v -0.10843445 -0.00144725 -0.00074881
v -0.10644275 -0.01064743 -0.00397794
v -0.11381408 -0.00918638 0.00258368
v -0.11167175 -0.00254150 0.00184546
v -0.10833234 0.00415354 0.00177436
v -0.10686916 0.00994148 0.00421896
v -0.10248116 0.00230219 0.02174406
v -0.08693595 -0.02735113 0.02544527
v -0.09154790 -0.01859491 0.02848900
v -0.09241107 -0.01503960 0.02132560
v -0.08632631 -0.02847774 0.03460641
v -0.09083909 0.02250894 0.03848946
v -0.08504677 -0.03372357 0.02458619
v -0.07873049 -0.05105933 0.03465589
v -0.07949810 -0.05030378 0.03178014
v -0.07882568 -0.04872607 0.02809297
v -0.07219834 -0.08410448 0.02295479
v -0.07528431 -0.08091657 0.02289362
v -0.06880892 -0.08010751 0.01765465
v -0.07185108 -0.07842362 0.01945620
v -0.06950203 -0.07537587 0.01874304
v -0.06055503 -0.08297781 0.01779347
v -0.05661493 -0.07914530 0.01771408
v -0.06014707 -0.08329336 0.02120749
v -0.07847748 -0.05482352 0.02837829
v -0.07778620 -0.06758095 0.02801705
v -0.06951853 -0.05304934 0.02199940
v -0.05966603 -0.07149329 0.01922318
v -0.05904906 -0.06605408 0.02195149
v -0.05692354 -0.07204603 0.02024700
v -0.06883311 -0.06110532 0.02219459
v -0.10794086 0.02138634 0.00567956
v -0.10693459 0.02645176 0.00566601
v -0.11304741 0.01508761 0.00177914
v -0.11604642 -0.01881658 0.00318343
v -0.11093359 -0.01887124 0.00096134
v -0.10979622 -0.02251825 -0.00235568
v -0.10713694 -0.01650115 -0.00133919
v -0.12741797 -0.04045081 0.00380625
v -0.11855797 -0.03061508 0.00427054
v -0.12384869 -0.04476875 0.00249009
v -0.11546122 -0.03849587 0.00009034
v -0.11455314 -0.03726022 0.00021625
v -0.11447940 -0.03615086 -0.00119572
v -0.11277883 -0.03229154 -0.00051674
v -0.11805677 -0.03646953 0.00416233
v -0.11636358 -0.03244292 0.00364075
v -0.10628271 0.00902863 0.00593567
v -0.10689940 0.01439676 0.01479427
v -0.10528262 0.01276800 0.02103619
v -0.09734124 -0.00441218 0.02889619
v -0.05346389 -0.08219630 0.02018372
v -0.10126232 0.02458331 0.02472838
v -0.11447106 -0.00279236 0.00239928
v -0.11226150 0.00718161 0.00207114
v -0.11706076 -0.00113105 0.00146633
v -0.11541830 0.00562902 0.00115608
v 0.00074498 -0.03616131 -0.01768166
v 0.00965647 -0.05058453 -0.02681715
v 0.00073645 -0.03963437 -0.02164030
v -0.00442830 -0.03320240 -0.02255854
v 0.02782317 -0.04652111 -0.01973312
v 0.02807913 -0.05144772 -0.01964378
v 0.03024817 -0.05412560 -0.02017641
v 0.03237556 -0.04578127 -0.02198593
v 0.03063554 -0.05840844 -0.02120760
v 0.02746130 -0.05949847 -0.02100609
v 0.03525250 -0.06487262 -0.02164772
v 0.04554322 -0.07024840 -0.02332856
v 0.02607253 -0.06626219 -0.02271199
v 0.03052391 -0.07255854 -0.01986642
v 0.02713013 -0.07621320 -0.02352483
v 0.02566739 -0.07722875 -0.02730752
v 0.02511354 -0.07730582 -0.02977527
v 0.02620961 -0.08194083 -0.02903451
v 0.02498105 -0.07586461 -0.03288993
v 0.03521577 -0.08104569 -0.01746213
v 0.03910202 -0.08368949 -0.01862643
v 0.04891099 -0.08247910 -0.02318769
v 0.04378492 -0.08238963 -0.01845445
v 0.04325796 -0.07705153 -0.01822288
v 0.04921462 -0.07711250 -0.02294532
v 0.05076747 -0.07958469 -0.02387017
v 0.05192433 -0.07708611 -0.02955433
v 0.02484255 -0.07120427 -0.02643483
v 0.02238754 -0.06758090 -0.02834280
v 0.02362196 -0.06702072 -0.02476653
v -0.07381140 -0.00475519 0.04726808
v -0.07879605 -0.00212725 0.04626769
v -0.07607233 -0.00827147 0.04582151
v -0.08162601 -0.00590916 0.04406189
v -0.08183777 0.00381162 0.04534863
v -0.08596238 0.00896014 0.04339595
v -0.09164634 0.01488389 0.04014379
v -0.08926545 0.01634181 0.04172755
v -0.08362424 -0.03143588 0.03465413
v -0.07552647 -0.04547686 0.03789115
v -0.07331343 -0.04498275 0.03931007
v -0.06491518 -0.05274015 0.04087752
v -0.07729622 -0.05415561 0.03664679
v -0.07486776 -0.05292950 0.03855759
v -0.07596804 -0.06112081 0.03768377
v -0.07393670 -0.06510010 0.03880036
v -0.06633612 -0.05912538 0.04119035
v -0.07788945 -0.07088373 0.03168711
v -0.07378165 -0.07565062 0.03736157
v -0.06726144 -0.08260224 0.04105207
v -0.06512275 -0.08603331 0.04042846
v -0.07636873 -0.08077416 0.03192100
v -0.07538904 -0.08357243 0.02919478
v -0.06814995 -0.08414479 0.02720827
v -0.06951416 -0.08411639 0.02234283
v -0.06801817 -0.08515772 0.04007259
v -0.06385946 -0.06437445 0.04043175
v -0.09312163 0.00575391 0.03831164
v 0.10155221 -0.00068235 -0.00254641
v 0.09258085 0.00961404 -0.01012640
v 0.09825389 0.00391588 0.00013885
v 0.09304229 0.01151523 -0.00587363
v 0.09297569 0.01558626 -0.00465307
v 0.09798615 0.01699511 -0.00686084
v 0.09940864 0.01653905 -0.01015462
v 0.09399100 0.01695100 -0.01201756
v 0.10458964 0.01518454 -0.01631245
v 0.10963009 0.01582926 -0.01774701
v 0.11017256 0.01925951 -0.00888391
v 0.10762928 0.01796469 -0.00730973
v 0.11418679 0.02036346 -0.01146330
v 0.11575696 0.01631231 -0.01880606
v 0.11764731 0.02052017 -0.00582923
v 0.12131812 0.02174749 -0.00077410
v 0.12360814 0.02255071 -0.00905615
v 0.10937446 0.01834661 -0.00057407
v 0.09381151 0.01456787 -0.00183405
v 0.09494003 0.01605288 0.00228148
v 0.09315898 0.01599789 0.00788359
v 0.09399866 0.01357733 0.00441873
v 0.10200153 0.01665731 0.01036881
v 0.10402466 0.01715815 0.00913938
v 0.12326939 0.02731183 0.00927546
v 0.12213317 0.02400753 0.00674441
v 0.12779546 0.02351089 -0.00660255
v 0.12781930 0.02490260 -0.01098780
v 0.13027665 0.02754235 -0.01349461
v 0.12870745 0.02479861 -0.01478719
v 0.13360676 0.02981916 0.00669483
v 0.13644716 0.02773911 -0.00008339
v 0.13806650 0.02882229 -0.00492312
v 0.13892366 0.02953546 -0.00876061
v 0.13972218 0.02189682 -0.02173915
v 0.14468309 0.02702040 -0.01782868
v 0.12984429 0.02199360 -0.01628472
v 0.13221194 0.01968103 -0.02109951
v 0.14968064 0.02857505 -0.02119880
v 0.14818522 0.02648075 -0.02151052
v 0.14889461 0.03131909 -0.02147387
v 0.14155623 0.03085640 -0.01104595
v 0.13920310 0.02980655 -0.01108018
v 0.14325561 0.03364120 -0.01071557
v 0.14623843 0.03578539 -0.00711409
v 0.14906412 0.03864311 -0.00537547
v 0.14616214 0.03510916 -0.00286773
v 0.14523020 0.03441813 0.00134879
v 0.14954962 0.04053226 0.00153419
v 0.05773300 0.04893495 -0.02738754
v 0.05387772 0.04772298 -0.03085546
v 0.04427052 0.03898625 -0.03615671
v 0.05003349 0.03690812 -0.03166056
v 0.04605492 0.03256005 -0.03362156
v 0.03172476 0.03066631 -0.04443747
v 0.03530292 0.03798909 -0.04488267
v 0.04068539 0.02345773 -0.03367415
v 0.03697086 0.02245792 -0.03735296
v 0.03251653 0.02680975 -0.04085308
v 0.03118991 0.02022012 -0.04032727
v 0.05163332 0.03263798 -0.02591728
v 0.05117003 0.02730145 -0.02918438
v 0.04664773 0.02277399 -0.02214402
v 0.04177130 0.01786138 -0.02822753
v 0.05012017 0.02109517 -0.02481658
v 0.02644550 0.01214649 -0.04443849
v 0.03165951 0.00976900 -0.03472346
v 0.03908572 0.00735586 -0.03127107
v 0.03369338 -0.04277864 0.03839049
v 0.02083056 -0.04694234 0.03879154
v 0.03904116 -0.04289526 0.03497149
v 0.04132197 -0.04751233 0.03434611
v 0.03383906 -0.05420046 0.04265149
v 0.03563497 -0.05891075 0.04347223
v 0.03012201 -0.05585048 0.04285366
v 0.04449805 -0.06545711 0.03512129
v 0.03891243 -0.06988879 0.04407596
v 0.04531549 -0.07178990 0.04176628
v 0.04434787 -0.05980675 0.03559872
v 0.04383354 -0.05612501 0.03592111
v 0.04466739 -0.07791567 0.04622092
v 0.04816525 -0.07667518 0.04358731
v 0.05027278 -0.07989530 0.04386240
v 0.04817777 -0.07296856 0.03541898
v 0.03906243 -0.08636414 0.03062316
v 0.04186166 -0.08636678 0.02711266
v 0.04864073 -0.08414603 0.04555124
v 0.04012622 -0.08661830 0.04498357
v 0.04065220 -0.08582977 0.04678974
v 0.02510110 -0.07379428 0.03645529
v 0.02547650 -0.08287400 0.03597188
v 0.02980800 -0.08579871 0.04342266
v 0.03479569 -0.08388066 0.04732983
v 0.03017277 -0.08649102 0.04146532
v 0.03249104 -0.08454055 0.04598835
v 0.02738738 -0.08611833 0.04042198
v 0.02971929 -0.08644304 0.03773357
v 0.03402063 -0.08620299 0.04452446
v 0.05066688 -0.08610296 0.04344169
v 0.04993620 -0.08690373 0.04232964
v 0.04946205 -0.08666743 0.03939481
v 0.05115019 -0.08623286 0.03958298
v 0.05212273 -0.08506092 0.04061674
v 0.05021695 -0.08551543 0.02751883
v 0.05021293 -0.08625595 0.03039085
v 0.05113952 -0.08612056 0.03683092
v -0.09518349 -0.08296849 -0.03596583
v -0.07913953 -0.07461172 -0.03382281
v -0.08061998 -0.07324022 -0.02006144
v -0.07745151 -0.07803772 -0.02847899
v -0.07843643 -0.08018638 -0.03067162
v -0.07889052 -0.07930186 -0.01939915
v -0.08370995 -0.07500347 -0.01655882
v -0.08560171 -0.07787825 -0.01477736
v -0.09005373 -0.08156290 -0.01491179
v -0.09070011 -0.08070978 -0.01417155
v -0.08308052 -0.07679561 -0.03763268
v -0.08012339 -0.07893505 -0.03523902
v -0.09438501 -0.08317577 -0.03140877
v -0.09403046 -0.08285889 -0.02627051
v -0.10268284 -0.08263439 -0.02434989
v -0.10165267 -0.08146957 -0.01884296
v -0.09913308 -0.08329007 -0.01866326
v -0.08691727 -0.08171578 -0.03694150
v 0.03053248 0.01800038 0.02647698
v 0.03538272 0.02097005 0.02162775
v 0.04000172 0.02115688 0.02457047
v 0.03565696 0.01552801 0.02438614
v 0.03972760 0.00927816 0.02062620
v 0.04762898 0.01234661 0.02378898
v 0.04430922 0.00766428 0.02076111
v 0.04660083 0.00369814 0.01975706
v 0.03976077 0.00575067 0.01890741
v 0.04280756 -0.00076481 0.01243780
v 0.05173608 0.01135931 0.02497613
v 0.05105626 -0.00680185 0.00894688
v 0.04365404 0.01747550 0.02331874
v 0.14554219 0.04903039 -0.01074335
v 0.14886193 0.04945800 -0.01100120
v 0.14593083 0.03614787 -0.00973398
v 0.14576538 0.03817085 -0.01096512
v 0.14701769 0.04303081 -0.01119291
v 0.15361603 0.05210882 -0.00936768
v 0.15954153 0.06995166 -0.00418435
v 0.15839013 0.06792671 -0.00749193
v 0.16825895 0.07738617 -0.00260157
v 0.16988513 0.07929540 -0.00299327
v 0.16601722 0.07636897 -0.00575371
v 0.16401182 0.07668618 -0.00864311
v 0.16300102 0.07906191 -0.00958535
v 0.15509494 0.06252921 -0.01023016
v 0.16987751 0.08189337 0.00268291
v 0.16884901 0.08204965 -0.00807163
v 0.16888326 0.08602557 -0.00427793
v -0.06089526 -0.07038137 0.03924541
v -0.05875934 -0.08336297 0.02929997
v -0.06285506 -0.08528049 0.04102498
v -0.05660298 -0.06478310 0.03153086
v -0.05726473 -0.07968331 0.04098282
v -0.05349939 -0.08357637 0.03779968
v -0.05950193 -0.06191700 0.03832582
v -0.05091739 -0.08185561 0.02543974
v -0.05095161 -0.08255368 0.02943111
v -0.05050943 -0.07734713 0.03070674
v -0.05047325 -0.07851470 0.02602628
v -0.05232261 -0.07378481 0.02808227
v -0.05331591 -0.07685135 0.03688914
v 0.04186124 0.02838247 0.02605940
v 0.02624701 0.01838860 0.03246875
v 0.03022232 0.02304694 0.03167174
v 0.03860274 0.02489173 0.02786544
v 0.03579179 0.03102382 0.03076417
v 0.04067963 0.03002199 0.03078771
v 0.03447066 0.00980890 0.02700935
v 0.03978491 0.01158095 0.02733405
v 0.04482070 0.01126418 0.02758210
v 0.03439278 0.00593801 0.03218551
v 0.04577610 0.00739773 0.02792082
v 0.05244564 0.00343306 0.02824118
v 0.03768544 0.00121445 0.03322683
v 0.04460429 0.00289611 0.03347523
v 0.03103750 0.00493697 0.03534025
v 0.02678942 0.00824007 0.03330617
v 0.13488457 0.03934461 0.00584764
v 0.13213369 0.03385425 0.00698724
v 0.15288204 0.04745007 0.00089943
v 0.14207505 0.03801946 0.00501337
v 0.16121975 0.07272024 -0.00145777
v 0.16000691 0.07388156 0.00222039
v 0.15592973 0.07463618 0.00351279
v 0.15249956 0.07086979 0.00337696
v 0.15025237 0.05591887 0.00376886
v 0.15200417 0.05301230 0.00310204
v 0.16427732 0.07954490 0.00459847
v 0.00988193 -0.00462948 0.04087284
v 0.03095948 -0.00183572 0.02244858
v 0.03166209 0.00012409 0.02249019
v 0.03200481 -0.00216145 0.01825421
v 0.03021778 -0.00047863 0.02562089
v 0.03120631 -0.00582939 0.02275091
v 0.02748835 -0.00297004 0.02776453
v 0.02997180 0.00959688 0.03014714
v 0.01706283 0.00778207 0.03848366
v 0.02593020 0.00206764 0.03161224
v 0.02321670 -0.00218014 0.03308040
v 0.02174322 -0.00674233 0.03323917
v 0.01417390 0.00176201 0.04020584
v 0.01948759 -0.00514838 0.03639767
v 0.02866725 -0.08123686 -0.04119077
v 0.02833318 -0.08274911 -0.03946471
v 0.02969659 -0.08233567 -0.04238565
v 0.02603075 -0.08179878 -0.03234328
v 0.02751914 -0.08330773 -0.03209614
v 0.04472090 -0.08315005 -0.03519908
v 0.04949641 -0.08277238 -0.03561596
v 0.04925461 -0.08217362 -0.03831609
v 0.04050221 -0.08291432 -0.04336685
v 0.04337361 -0.08261378 -0.04329767
v 0.05111677 -0.08015278 -0.03676421
v 0.03085188 -0.02702434 0.03425535
v 0.03693365 -0.03038503 0.02932101
v 0.03750690 -0.03644681 0.03277139
v 0.04065869 -0.04248199 0.03169307
v 0.03266301 -0.01040585 0.02111155
v 0.03360158 -0.01441261 0.01958612
v 0.03411522 -0.01818291 0.01814357
v 0.03232853 -0.01841117 0.02883823
v 0.01702906 -0.02799490 0.03782854
v 0.01412763 -0.02117414 0.03804306
v 0.02036455 -0.00985536 0.03472538
v 0.01343612 -0.01273749 0.03865200
v 0.01711974 -0.01480781 0.03685264
v 0.01669924 -0.00821891 0.03789429
v 0.11248359 0.02273480 0.01165113
v 0.12758620 0.03058979 0.01421758
v 0.12149461 0.02933698 0.01279909
v 0.14100322 0.03631934 0.02101902
v 0.13168553 0.02938694 0.01672139
v 0.13213634 0.03257011 0.01624740
v 0.14407745 0.04000248 0.02182661
v 0.14639767 0.03762935 0.02222599
v -0.09076760 -0.03314625 -0.01502102
v -0.09365770 -0.03669038 -0.01705679
v -0.09110357 -0.04637336 -0.01741236
v -0.08751014 -0.06635509 -0.01882884
v -0.09643894 -0.05675459 -0.01819352
v -0.09913819 -0.05347468 -0.01960697
v -0.08959175 -0.06959389 -0.01632417
v -0.09638876 -0.07025971 -0.01609876
v -0.09187025 -0.07275194 -0.01482050
v -0.09842467 -0.07432390 -0.01600355
v -0.10195185 -0.07715270 -0.01815409
v 0.02373499 0.01356137 0.04074533
v 0.03210017 0.02040865 0.04093409
v 0.13839273 0.02966074 -0.01656807
v 0.13076319 0.02905091 -0.01561283
v 0.14130175 0.03183410 -0.01904585
v 0.14779103 0.03272452 -0.02002295
v 0.03371572 0.00500409 0.03882113
v 0.02474819 0.00940358 0.03989542
v 0.01871086 0.01291055 0.03744348
v 0.01875128 0.01452705 0.03572293
v 0.01981045 0.00864120 0.03757918
v 0.03012902 0.01051698 0.04054693
v 0.02163919 0.00972880 0.03885374
v -0.00652445 0.01599299 0.03772738
v -0.01923027 0.02624182 0.03893185
v -0.01701077 0.02118699 0.03963629
v -0.02009681 0.01683602 0.04056387
v -0.02354118 0.02174739 0.04062068
v -0.00297082 0.01402365 0.03751542
v -0.00522339 0.00913335 0.03799737
v -0.01262075 0.02677424 0.03744229
v -0.04184708 0.01556465 0.04253399
v -0.04416671 0.00963295 0.04190184
v -0.04811573 0.02510571 0.04180884
v -0.05475761 0.01248003 0.04580131
v -0.04868098 0.01140663 0.04286841
v -0.04793735 0.01653880 0.04292311
v -0.06559879 0.00729703 0.04861274
v -0.06365672 -0.00078864 0.04779755
v -0.05509175 0.02079773 0.04512809
v -0.03349773 0.02331962 0.04188299
v -0.05652223 0.03271547 0.04200696
v -0.06012117 0.01862974 0.04698000
v -0.06680524 0.00209312 0.04868059
v -0.07086869 0.00268301 0.04857436
v -0.08246455 0.02212611 0.04359109
v -0.07979061 0.01884769 0.04543040
v -0.07475544 0.01865370 0.04679658
v -0.07215895 0.01521753 0.04793821
v -0.07103582 0.02251631 0.04614424
v -0.06016184 0.02907674 0.04383677
v -0.03970807 0.03985117 0.03707779
v -0.03233608 0.04040334 0.03622555
v -0.01371598 0.03807523 0.03299705
v -0.00446212 0.02883274 0.03360722
v 0.00225539 0.00943701 0.03969150
v 0.00455663 0.00312577 0.04090137
v 0.00768351 0.01207007 0.04000960
v 0.00929614 0.02552042 0.03471959
v 0.00203454 0.03605872 0.02869955
v 0.01264054 0.02564937 0.03403618
v 0.01551649 0.02948900 0.03051047
v 0.01893908 0.02346910 0.03199621
v 0.02405332 0.03589763 0.02046960
v 0.03853586 0.02610799 0.02180977
v 0.03664068 0.03243325 0.01813376
v 0.03260912 0.03753900 0.01614546
v 0.03858953 0.03596251 0.01667377
v 0.02980155 0.02879199 0.03185108
v 0.03596536 0.03955412 0.03350011
v 0.02808394 0.03517268 0.03838636
v 0.02334519 0.01991316 0.03088818
v 0.01111945 0.01969296 0.03730106
v 0.01064715 0.00495715 0.04110015
v -0.05940074 0.01226305 -0.04441059
v -0.09439197 0.02175018 0.03557255
v -0.09416156 0.02553902 0.03329707
v -0.09376841 0.02891644 0.03053751
v -0.08624963 0.02301958 0.04144947
v -0.08342694 0.02756166 0.04095498
v -0.08135264 0.03561136 0.03680949
v -0.07683138 0.03932278 0.03562598
v -0.06768519 0.04212337 0.03524330
v -0.04131617 0.03345128 0.03948700
v -0.04316761 0.04175015 0.03586975
v -0.05025342 0.04018281 0.03622700
v -0.06001548 0.04213287 0.03634794
v -0.06446931 0.03466651 0.04110400
v 0.03543901 0.04300863 0.03775004
v 0.03160100 0.03627082 0.03357542
v 0.03963163 0.04403390 0.03522785
v 0.04039444 0.04127693 0.03897224
v 0.04533820 0.04014174 0.03704527
v 0.05214909 0.04868306 0.03080764
v 0.04867953 0.04643087 0.03212084
v 0.04174408 0.03865904 0.01695523
v 0.04832292 0.03912648 0.02269115
v 0.04921798 0.03909205 0.02686413
v 0.04708431 0.03580575 0.02594727
v 0.03868633 0.04066676 0.01509442
v 0.03541205 0.04248524 0.01414137
v 0.04329644 0.05489105 0.01423074
v 0.04942982 0.05417982 0.01908819
v 0.04312181 0.05799555 0.00762518
v 0.04078517 0.05769642 0.00288550
v 0.02940792 0.03586541 0.01769113
v 0.02538515 0.04054006 0.01584051
v 0.02723867 0.04959907 0.00870572
v 0.04112650 0.05807458 -0.00379638
v 0.04832792 0.05912289 0.00461796
v 0.03783496 0.05654357 -0.00554317
v 0.03195360 0.05469359 -0.00644303
v 0.03753205 0.05465507 -0.01018834
v 0.04054905 0.05487624 -0.01246931
v 0.05727052 0.05769005 -0.00036251
v 0.06213674 0.05756367 0.00363490
v 0.05781061 0.05388465 0.02153248
v 0.05798223 0.05839424 0.01732950
v 0.05256725 0.05827102 0.01677428
v 0.05769375 0.05939272 0.00862708
v 0.06257862 0.05822822 0.00860644
v 0.05877410 0.04940253 0.02757926
v 0.06797133 0.04787367 0.02005666
v 0.07179230 0.05339936 0.00151379
v 0.07543560 0.05017872 0.00363088
v 0.05181748 0.06073928 -0.00998713
v 0.05607441 0.05932496 -0.00720405
v 0.06684747 0.05398092 -0.00515476
v 0.07020780 0.05130256 -0.00804168
v 0.07551074 0.04994052 -0.00196944
v 0.07612564 0.04499622 0.01698551
v 0.07975603 0.04317122 0.01797128
v 0.08285473 0.04544074 0.00747298
v 0.07925373 0.04793703 0.00141486
v 0.08262516 0.04582030 -0.00670406
v 0.08739728 0.04256773 0.00661048
v 0.09122989 0.03982991 0.00654549
v 0.08041909 0.04616257 -0.01172314
v 0.08611157 0.04560035 -0.00484067
v 0.08967486 0.04335654 0.00347817
v 0.09802191 0.04264857 -0.00386801
v 0.09049097 0.04316613 -0.00655745
v 0.09344392 0.04104937 -0.00757420
v 0.08928964 0.04051359 -0.01177822
v 0.09616493 0.04339579 0.00123759
v 0.09931445 0.03830232 0.00642034
v 0.10379487 0.03901566 0.00515805
v 0.10733952 0.02933330 0.01466048
v 0.10835481 0.02975923 0.01193505
v 0.11257198 0.02992914 0.01128527
v 0.11135050 0.02944921 0.01791798
v 0.11598668 0.03083670 0.01478735
v 0.11745431 0.02967820 0.01146548
v 0.11160286 0.03670829 0.00663922
v 0.10829921 0.03927333 0.00409461
v 0.11140686 0.04008655 0.00209540
v 0.11370654 0.04061386 -0.00000405
v 0.11909834 0.04052301 -0.00087394
v 0.10051246 0.04211076 0.00148128
v 0.09765130 0.03909230 -0.00819828
v 0.09986477 0.03470741 -0.01072605
v 0.09331783 0.02791456 0.01479185
v 0.02476788 0.02731304 0.04086855
v 0.07080086 0.04183643 0.02063930
v 0.08578569 0.02496111 0.01901257
v 0.09042714 0.02931015 0.01499256
v 0.08308762 0.02842403 0.01914421
v 0.08939680 0.03404424 0.01363851
v 0.08631198 0.03882668 0.01622409
v 0.12365775 0.03267881 0.01697609
v 0.12029710 0.02804121 0.01118615
v 0.11874466 0.03934250 0.00337397
v 0.11715828 0.03676916 0.00607730
v 0.11896487 0.03157108 0.00856942
v 0.11671702 0.03671992 -0.00764188
v 0.10829074 0.03437456 -0.01027379
v 0.11409321 0.04018515 -0.00318406
v 0.12956071 0.04347703 0.00192843
v 0.12566148 0.03671455 0.00611909
v 0.13234124 0.03240629 -0.01146484
v 0.02395612 0.01893849 0.04105698
v 0.02173642 0.02026758 0.03791085
v 0.02133100 0.01546609 0.03528685
v 0.02013567 0.01409797 0.03880018
v 0.01692919 0.01673683 0.03612701
v 0.00201707 0.05461848 -0.01044764
v -0.00841446 0.04538894 -0.02701090
v -0.00625514 0.05281164 -0.01674258
v -0.01282606 0.04435023 -0.02998155
v -0.00755046 0.04022372 -0.03074206
v -0.00171314 0.03671581 -0.03036621
v -0.02295044 0.04794690 -0.02963606
v -0.02037955 0.05382806 -0.02051947
v -0.00612546 0.05599625 -0.00975120
v -0.01868133 0.04344861 -0.03285700
v -0.02882260 0.05318619 -0.02314674
v -0.02429198 0.05721437 -0.01434509
v -0.03626381 0.05636124 -0.01739268
v -0.03412497 0.06018117 -0.00786989
v -0.03686105 0.05475984 -0.02142058
v -0.04115608 0.04954109 -0.02887308
v -0.04310914 0.05440223 -0.02131292
v -0.04318412 0.05620946 -0.01482155
v -0.04451307 0.05765992 -0.00775950
v -0.02814662 0.04691932 -0.03129974
v -0.03752698 0.04204378 -0.03677188
v -0.04374284 0.04156103 -0.03604888
v -0.04989864 0.04293404 -0.03183420
v -0.03373924 0.04000929 -0.03797348
v 0.00562146 0.05110976 -0.01453609
v 0.01143623 0.04776074 -0.01643445
v 0.01840062 0.04074369 -0.02207802
v 0.00902657 0.05621695 -0.00344663
v 0.01348940 0.05517519 -0.00581398
v -0.02913698 0.05929890 -0.00987276
v -0.01948118 0.06011791 -0.00486924
v -0.03039398 0.06229523 -0.00378759
v -0.02696544 0.06164956 -0.00025814
v -0.03283223 0.06224530 -0.00077015
v -0.04494381 0.05934591 -0.00203653
v -0.04006471 0.06043760 -0.00450485
v -0.04432871 0.05938742 0.00370145
v -0.04946254 0.05758603 -0.00275063
v -0.05415614 0.05548653 -0.00420719
v -0.05203057 0.05413687 -0.00924544
v -0.06468091 0.04800785 -0.01209444
v -0.06587514 0.04678879 -0.01770704
v -0.07112731 0.04570640 -0.01085113
v -0.07092074 0.04569837 -0.01634303
v -0.07130691 0.04526518 -0.02024927
v -0.06360580 0.05122603 -0.00207286
v -0.06899770 0.04809048 -0.00091210
v -0.06318808 0.04672337 -0.02202136
v -0.06330458 0.04555140 -0.02563472
v -0.05268570 0.04883599 -0.02249991
v -0.04539530 0.02958674 -0.04207277
v -0.03724831 0.02502881 -0.04466856
v -0.05643170 0.02038105 -0.04324751
v -0.05274801 0.02391792 -0.04237083
v -0.05100546 0.02966325 -0.04059907
v -0.05411945 0.03290432 -0.03907102
v -0.05045686 0.03792404 -0.03626186
v -0.07963191 0.03416434 -0.03667007
v -0.09204134 0.03558598 -0.02320023
v -0.09995918 0.03256749 -0.01296572
v 0.02213302 0.03522583 -0.02569764
v 0.02946231 0.04246300 -0.01894760
v 0.03784472 0.03755849 -0.01885616
v 0.04998432 0.05904601 -0.01533317
v 0.03900917 0.04139456 -0.01792302
v 0.04659191 0.03619160 -0.02132589
v 0.01310621 0.02413040 -0.03553954
v 0.05398318 0.04533749 -0.02661992
v 0.02194118 0.04949456 -0.01376850
v 0.00168630 0.05452128 0.00919229
v 0.00117513 0.05256296 0.01264992
v -0.01211253 0.05824431 0.00391178
v -0.04081232 0.05991910 0.00448056
v -0.03330972 0.06077301 0.00392926
v -0.04733671 0.05758881 0.01416766
v -0.03151871 0.05518303 0.01805519
v -0.02755639 0.05254202 0.02169597
v -0.03254008 0.04708818 0.03077378
v -0.02050947 0.04937146 0.02527135
v -0.02571952 0.04658426 0.02991843
v -0.03937721 0.05200940 0.02557632
v -0.04006456 0.04965746 0.02855764
v -0.04085021 0.05478111 0.02190009
v -0.04676597 0.05074605 0.02701413
v -0.04567470 0.05866275 0.00887174
v -0.04797353 0.05860731 0.00331074
v -0.05196913 0.05761138 0.00318520
v -0.05400972 0.05644025 0.00006209
v -0.05636196 0.05354714 0.02169591
v -0.06234613 0.05314301 0.00420812
v -0.06223770 0.05362600 0.01379274
v -0.05982168 0.05400867 0.01847373
v -0.05660256 0.05145979 0.02505047
v -0.07399842 0.04522160 0.00463451
v -0.07910674 0.04299022 -0.01083354
v -0.07400916 0.04492270 -0.01554702
v -0.07692762 0.04328739 -0.02211799
v -0.08255249 0.04137547 -0.02001325
v -0.08315383 0.03930737 -0.02753681
v -0.08025173 0.03890940 -0.03107228
v -0.07368314 0.03936617 -0.03448324
v -0.07284092 0.04387036 -0.02485822
v -0.07185753 0.04256032 -0.02958752
v -0.06768226 0.04436747 -0.02710975
v -0.06956627 0.03747211 -0.03732552
v -0.05951768 0.04391198 -0.02883558
v 0.01491252 0.04399251 -0.01980253
v 0.07535337 0.04064508 0.01947100
v 0.09235334 0.03438466 0.01063374
v 0.01640089 0.03567298 0.02498942
v 0.02060338 0.03886306 0.01961564
v 0.01200351 0.03520456 0.02779871
v 0.00484163 0.03988018 0.02574599
v 0.01093557 0.04516311 0.01691852
v -0.00430018 0.05385599 0.01349861
v -0.01003586 0.05217092 0.01841730
v 0.00387131 0.04316914 0.02282159
v -0.00209650 0.04580186 0.02243388
v -0.01093789 0.04640037 0.02579836
v -0.01277886 0.05524724 0.01379320
v -0.01678508 0.05221630 0.02023741
v -0.03527642 0.04476557 0.03350300
v -0.04157814 0.04672491 0.03186739
v -0.05635472 0.04876123 0.02851734
v -0.07061548 0.04662831 0.02732065
v 0.13163066 0.03673657 -0.01031886
v 0.13668860 0.03698986 -0.01109857
v 0.13098395 0.04149737 -0.00708095
v 0.13304229 0.04572569 -0.00190924
v 0.13663110 0.04786552 -0.00289726
v 0.13969222 0.05074648 0.00301166
v 0.14229870 0.05598029 0.00169488
v 0.13987751 0.05327246 0.00022682
v 0.13460061 0.04480366 -0.00597384
v 0.13836820 0.04297731 -0.01008736
v 0.13613647 0.03093817 -0.01193752
v 0.14207405 0.04785267 -0.00976096
v 0.14261712 0.05460772 -0.00501491
v 0.14550258 0.05703636 -0.00826317
v 0.14508295 0.06194392 0.00023208
v -0.01836159 0.04037090 0.03335006
v 0.01902647 0.05359528 0.00374071
v 0.01250208 0.05558078 -0.00095925
v 0.02865292 0.05528479 -0.00304733
v 0.00885913 0.05288073 0.00752516
v -0.02930857 0.06025802 0.00519866
v -0.08873048 0.03697657 -0.02634073
v -0.08149750 0.04141393 -0.02277848
v -0.08771950 0.03893201 -0.01976284
v -0.09835994 0.03562640 -0.00769877
v -0.10364910 0.03461923 -0.00137951
v -0.10619821 0.03163310 0.00300318
v -0.10325132 0.03188921 0.00789715
v -0.09934872 0.03556424 0.00546007
v -0.09320362 0.03889700 0.00300227
v -0.09832924 0.03040590 0.02124500
v -0.08744597 0.04011778 0.00401632
v -0.08836855 0.03811178 0.01091514
v -0.08910064 0.03625759 0.02137186
v -0.08404593 0.03899253 0.02654660
v -0.09231687 0.03396577 0.02370380
v -0.08896466 0.03564991 0.02589849
v -0.07943419 0.04203815 0.02087998
v -0.07955217 0.04217773 0.02685412
v -0.07423045 0.04601243 0.02297408
v -0.07343205 0.04595776 0.02530790
v -0.07627935 0.04432880 0.02164107
v -0.07763067 0.04270454 0.01427970
v -0.08806351 0.04118570 -0.00070233
v -0.08728857 0.04086316 -0.00519629
v -0.09132399 0.04039343 -0.00252069
v -0.08860456 0.03955455 -0.01198192
v 0.15973493 0.08488251 -0.00407988
v 0.15777084 0.07744738 -0.00887261
v 0.15478621 0.07288871 -0.00965315
v 0.15405047 0.08200920 -0.00228303
v 0.15506470 0.08257040 0.00002350
v 0.15436746 0.07758810 -0.00711423
v 0.15110853 0.07410875 -0.00572576
v 0.14869380 0.07176746 -0.00333297
v 0.15092237 0.06975503 -0.00843551
v 0.14670797 0.06718384 -0.00088906
v 0.14807840 0.07117017 -0.00044791
v 0.15542100 0.08042701 0.00209959
v 0.15522638 0.07713228 0.00334231
v 0.14747863 0.06060772 0.00333399
v -0.04170218 -0.02183147 -0.02552503
v -0.05732010 -0.02049888 -0.02549345
v -0.05675557 -0.02144101 -0.02123493
v -0.03946054 -0.02523188 -0.02120440
v -0.05810864 -0.02057412 -0.02949003
v -0.06006356 -0.02295090 -0.01665566
v -0.06428067 -0.02337340 -0.01512977
v -0.05843797 -0.02582274 -0.00627079
v -0.06137539 -0.02444393 -0.00023641
v -0.04190744 -0.02841370 -0.01188563
v -0.03880685 -0.01877691 -0.02877751
v -0.03350503 -0.01944982 -0.02744838
v -0.03445812 -0.02717360 -0.01695785
v -0.04834111 -0.02690641 -0.00367301
v -0.03185213 -0.02929801 -0.00821547
v -0.02672327 -0.02568898 -0.01906107
v -0.04131135 -0.02814266 0.00858625
v -0.04091319 -0.02744259 0.00413364
v -0.03347346 -0.02836416 -0.00413939
v -0.03650365 -0.02672807 0.00178373
v -0.03082601 -0.02782635 0.01153888
v -0.05101474 -0.02758974 0.01152830
v -0.04767539 -0.02557991 0.01676280
v -0.03449053 -0.02747019 0.01316926
v -0.02412225 -0.02799043 0.00589472
v -0.02010191 -0.02723427 0.00659015
v -0.02566114 -0.02821562 0.00941810
v -0.01515064 -0.02788997 0.00816572
v -0.01580545 -0.02697182 0.00445060
v -0.00380295 -0.03056270 0.00861212
v 0.00103595 -0.02902314 0.02489514
v 0.00460413 -0.02981361 0.01690721
v 0.00687533 -0.03372746 0.02071273
v 0.01989571 -0.05721988 0.02618874
v 0.02372614 -0.05710476 0.02386127
v 0.01770405 -0.04604208 0.02127491
v 0.02738240 -0.05062577 0.02049955
v 0.03058253 -0.06433761 0.02391672
v 0.03445160 -0.05947150 0.02342431
v 0.04117532 -0.05435818 0.02561939
v 0.02771733 -0.04702723 0.01921036
v 0.04296571 -0.05318391 0.02899075
v 0.04095108 -0.04841954 0.02561397
v 0.04029109 -0.04342015 0.02527994
v 0.03832620 -0.04105503 0.02188657
v 0.03021300 -0.04289554 0.01847559
v 0.01438382 -0.04428286 0.02239645
v 0.01035077 -0.04058258 0.02369070
v 0.01222648 -0.03836777 0.01957463
v 0.03927216 -0.04458266 0.02345715
v 0.03932392 -0.04075146 0.02339358
v 0.03587428 -0.03183548 0.01896664
v 0.03838817 -0.03668877 0.02211694
v 0.04463648 -0.06456383 0.03099495
v 0.04371241 -0.06827489 0.02689523
v 0.04657931 -0.07292773 0.02726752
v 0.02329645 -0.06700487 0.02762629
v 0.03288959 -0.07081035 0.02345671
v -0.06163791 -0.02361179 -0.02209739
v -0.06725335 -0.03225232 -0.02725811
v -0.06772716 -0.03091794 -0.03367145
v -0.07215181 -0.04037393 -0.02816817
v -0.07688439 -0.04183876 -0.02022498
v -0.07155254 -0.03421602 -0.01987018
v -0.07629012 -0.04483693 -0.02346745
v -0.07451091 -0.04379879 -0.02706622
v -0.07912440 -0.05088064 -0.02389329
v -0.07676840 -0.04752651 -0.02630725
v -0.08249402 -0.05585699 -0.02233581
v -0.08090989 -0.05633139 -0.02700472
v -0.08174266 -0.05721987 -0.02438483
v -0.07021920 -0.03022886 -0.03673475
v -0.08266391 -0.04404900 -0.03800410
v -0.08305836 -0.05050179 -0.03714303
v -0.08589555 -0.05066105 -0.03829359
v -0.08627740 -0.05515570 -0.03801257
v -0.09045832 -0.06811293 -0.03715177
v -0.09432234 -0.06552930 -0.03772463
v -0.08406600 -0.04633334 -0.01825988
v -0.08217496 -0.05734287 -0.03345849
v -0.08388004 -0.06295782 -0.02681017
v -0.08321443 -0.06620620 -0.03085331
v -0.08420428 -0.06064615 -0.02352922
v -0.08572726 -0.05980050 -0.02066199
v -0.05719183 -0.01074842 -0.04068205
v -0.05355353 -0.00108549 -0.04231281
v -0.05748695 -0.00255125 -0.04376519
v -0.06623031 -0.02068774 -0.03939940
v -0.07719826 -0.02146615 -0.04090874
v -0.07265927 -0.01805441 -0.04130793
v -0.06900632 -0.01106642 -0.04363998
v -0.07023036 -0.01574873 -0.04196539
v -0.07617669 -0.01527418 -0.04216896
v -0.07320379 -0.00929636 -0.04372378
v -0.06404387 -0.01617404 -0.04116628
v -0.07814057 -0.01150290 -0.04262894
v -0.06984760 -0.00703354 -0.04443487
v -0.07338166 0.00051975 -0.04484853
v -0.06578061 -0.00254734 -0.04461035
v -0.06052585 -0.00695604 -0.04336752
v -0.05998426 -0.00150777 -0.04431253
v -0.09390511 -0.01395660 -0.01079229
v -0.09692382 -0.01014051 -0.01156528
v -0.09124082 -0.01703488 -0.00913050
v -0.08851728 -0.01989327 -0.00953093
v -0.08375061 -0.03567306 -0.01492942
v -0.07058144 -0.02790992 -0.01504708
v -0.07168961 -0.02560470 -0.01254381
v -0.07851155 -0.02585332 -0.01105894
v -0.08387412 -0.02081000 -0.00682162
v -0.04306533 -0.00507306 -0.03934025
v -0.09901379 -0.01036258 -0.00681297
v -0.09666844 -0.01369639 -0.00488438
v -0.07511234 -0.02236071 -0.00667179
v -0.08335388 -0.02182835 -0.00183379
v -0.08467147 -0.02119220 0.00149389
v -0.08020038 -0.02251188 -0.00032143
v -0.07615076 -0.02275546 -0.00173919
v -0.09032252 -0.01897696 0.00169302
v -0.09273095 -0.01637454 0.00499830
v -0.07973514 -0.02247006 0.00551822
v -0.07425199 -0.02562682 0.01050732
v -0.08352929 -0.02055569 0.00957023
v -0.08893602 -0.01755658 0.00881473
v -0.09328175 -0.01695773 0.00019589
v -0.09462713 -0.01575325 -0.00392307
v -0.09622681 -0.01339393 -0.00058504
v -0.09083462 -0.01364757 0.01505996
v -0.09763569 -0.00765250 0.01193406
v -0.09506619 -0.00875471 0.01712349
v -0.08656383 -0.01724958 0.01453836
v -0.07826407 -0.02488022 0.01461399
v -0.06623535 -0.02792971 0.01317975
v -0.08607385 -0.01850399 0.01673592
v -0.08810678 -0.02042258 0.02205008
v -0.08262952 -0.02302816 0.01847225
v -0.07390814 -0.03032054 0.01932910
v -0.07907926 -0.02798596 0.02047951
v -0.07930944 -0.03091411 0.02284247
v -0.09016859 -0.01558461 0.01857187
v -0.05824685 -0.04100322 0.02372706
v -0.05896363 -0.04485655 0.02364889
v -0.05734869 -0.04455078 0.02732609
v -0.05727376 -0.04945159 0.02614195
v -0.05688346 -0.05339929 0.02494366
v -0.05620217 -0.05492794 0.02706373
v -0.06663196 -0.04308774 0.02068714
v -0.06821607 -0.03714269 0.01992613
v -0.06271835 -0.03515501 0.01929735
v -0.06371584 -0.04612663 0.02136368
v -0.06572977 -0.05336644 0.02151225
v -0.05718761 -0.06552973 0.02424805
v -0.05775973 -0.06162961 0.02383328
v -0.05628055 -0.05722465 0.02514714
v -0.06279894 -0.05883065 0.02176986
v -0.05523620 -0.03241155 0.03221770
v -0.05339522 -0.02801817 0.03097440
v -0.05609680 -0.03291573 0.02545345
v -0.05288028 -0.02555815 0.01987535
v -0.05287048 -0.02458817 0.02519036
v -0.05174039 -0.02469621 0.03034526
v -0.04675376 -0.01913091 0.02404709
v -0.05982276 -0.02873316 0.01622357
v -0.05879113 -0.02640900 0.01104616
v -0.04922323 -0.02770546 0.00658518
v -0.04357755 -0.02639858 0.00026755
v -0.04918117 -0.02585477 -0.00026539
v -0.05634680 -0.02708483 0.00774533
v -0.06232048 -0.02819269 0.01419239
v 0.06795641 -0.00437449 -0.01778816
v 0.07731117 -0.00467670 -0.00047150
v 0.06405927 -0.00838009 0.00967942
v 0.06637636 -0.00828875 0.00413844
v 0.04723767 -0.01196448 -0.00325585
v 0.03039511 -0.01738834 0.01053476
v 0.03465943 -0.01851241 0.00486231
v 0.03301980 -0.02195343 0.00120795
v 0.03035396 -0.02485533 -0.00077243
v 0.02616921 -0.02636317 0.00289152
v 0.03011504 -0.02308744 0.01406293
v 0.03051968 -0.01828349 0.01266512
v 0.03179900 -0.01487539 0.01350039
v 0.03839787 -0.03402224 0.02643724
v 0.03901280 -0.03630050 0.02464806
v 0.03262414 -0.01870680 0.01507622
v 0.03686353 -0.03241753 0.02021821
v 0.06223818 -0.00804025 -0.00089071
v 0.07181995 -0.00632100 0.00157077
v 0.05333637 -0.00923313 -0.00345233
v 0.03760910 -0.01764520 -0.00041161
v 0.03739235 -0.01717295 0.00259790
v 0.02340935 -0.02901771 0.01439054
v 0.02149014 -0.02725936 0.01337537
v 0.01838160 -0.02971731 0.01387553
v 0.01827845 -0.02709084 0.01180146
v 0.00969486 -0.03080080 0.01435511
v 0.02261106 -0.02850482 -0.00237825
v 0.01331869 -0.02994846 -0.00076897
v 0.01860825 -0.02861323 0.00019040
v 0.01927975 -0.02920726 -0.00605681
v 0.01250423 -0.03092530 -0.00699984
v 0.01746750 -0.02914379 -0.00836816
v 0.01503833 -0.02822014 0.00805454
v 0.00933802 -0.03080332 0.01004429
v 0.01157851 -0.03051795 0.01432236
v 0.00662377 -0.03086639 0.01491784
v 0.00566306 -0.03024607 0.01807510
v -0.00089959 -0.02975296 -0.00060433
v -0.00176044 -0.02982188 0.00430515
v 0.03687672 -0.01685420 -0.01004852
v 0.03330386 -0.02122863 -0.00941004
v 0.02141279 -0.02411249 -0.01773681
v 0.03007387 -0.02374240 -0.01046093
v 0.05948253 -0.00661816 -0.00995129
v -0.00838358 -0.02602308 -0.03301221
v 0.01567522 -0.02713322 -0.01350585
v 0.02385711 -0.02474419 -0.01362531
v 0.02040788 -0.02656078 -0.01192243
v 0.00749886 -0.03032573 -0.01237357
v 0.00108273 -0.03251408 -0.00928720
v -0.00234362 -0.03218213 -0.01094861
v -0.02156049 -0.02724957 0.01110351
v -0.00546943 -0.02830433 0.00263431
v -0.00790906 -0.02785340 -0.00053700
v -0.01261874 -0.02718735 0.00097031
v -0.02495801 -0.02764739 -0.01571872
v -0.02781216 -0.01354197 -0.03021569
v -0.01742657 -0.01510092 -0.02964008
v 0.02570383 -0.07075508 0.02707153
v 0.02910736 -0.07571686 0.02538359
v 0.04005278 -0.06853063 0.02427577
v 0.04175588 -0.07465563 0.02289204
v 0.03921155 -0.07500395 0.02236880
v 0.02909008 -0.08069196 0.02572670
v 0.02709888 -0.07831150 0.02771588
v 0.02573025 -0.07937698 0.03005994
v 0.02689393 -0.08381470 0.02909438
v 0.03164096 -0.08020170 0.02402358
v 0.03436900 -0.08591888 0.02404828
v 0.04420697 -0.08264491 0.02211408
v 0.04815429 -0.07833025 0.02505768
v 0.04643157 -0.08459657 0.02332242
v 0.04874613 -0.07534450 0.02784234
v 0.04561942 -0.07586755 0.02419270
v -0.00640352 -0.03118681 -0.02989464
v -0.00894364 -0.02677672 -0.01963764
v -0.01511949 -0.01954856 -0.02722476
v -0.01423977 -0.01913238 -0.03010838
v -0.01499089 -0.01619183 -0.03194307
v -0.05311927 -0.02583652 0.00170821
v -0.03814066 -0.01024374 -0.03529610
v -0.03413083 -0.00580572 -0.03726210
v -0.05013134 0.00460536 -0.04254264
v -0.05508800 0.00446986 -0.04317364
v -0.06397900 0.00365372 -0.04511777
v -0.06601719 0.01045663 -0.04532897
v -0.07170729 0.00792476 -0.04522751
v -0.03030764 -0.00518363 -0.03612362
v -0.02095462 -0.01432467 -0.02932793
v -0.02770104 -0.00081041 -0.03744499
v -0.03317520 -0.00067291 -0.04004741
v -0.02686219 -0.00597221 -0.03421293
v -0.01928879 0.00132883 -0.03775291
v -0.02405373 0.00089718 -0.03707806
v -0.04754379 0.00736429 -0.04344162
v -0.05172103 0.01013253 -0.04299014
v -0.05568071 0.01061035 -0.04340573
v -0.05186211 0.01676802 -0.04336372
v 0.04857043 -0.00884546 -0.00784941
v 0.04514316 -0.00789521 -0.01008444
v 0.04300481 -0.01248692 -0.00739100
v 0.04125023 -0.00978045 -0.01075990
v 0.04005745 -0.00552362 -0.01287039
v 0.03576385 -0.00895141 -0.01409558
v 0.02814258 -0.01435346 -0.01873833
v 0.03130692 -0.00734972 -0.01729329
v 0.03221073 -0.00125772 -0.02003481
v 0.02477375 -0.01823032 -0.01970978
v 0.05382282 -0.00505700 -0.01375581
v 0.04784491 0.00184349 -0.02018931
v 0.05223168 -0.00005399 -0.02078203
v 0.04058006 0.00808656 -0.02064253
v 0.04943511 0.00747144 -0.02328190
v 0.03479318 0.00605489 -0.02192995
v 0.03325135 0.01814988 -0.02804403
v 0.03176457 0.00942507 -0.02633022
v 0.03002388 -0.00320906 -0.02591865
v 0.02701911 0.01026344 -0.03283605
v 0.02411223 0.01210328 -0.03595979
v 0.01258226 0.01937448 -0.03822765
v 0.01904974 0.00909658 -0.03930658
v 0.02823335 0.00662612 -0.03052204
v 0.02801890 -0.00276291 -0.03031706
v 0.03130269 -0.00244072 -0.02170029
v 0.03032300 -0.00603251 -0.01977119
v 0.02557671 -0.00198129 -0.03367131
v 0.02257314 -0.00274939 -0.03657480
v 0.02139894 -0.00689214 -0.03686322
v 0.02421050 -0.00602673 -0.03457870
v 0.02330039 0.00199398 -0.03602653
v 0.02615439 0.00275160 -0.03326148
v 0.02063417 -0.00105266 -0.03801940
v 0.01005847 0.00200930 -0.04243468
v 0.00457594 0.00265965 -0.04220307
v 0.00908376 0.00420615 -0.04239961
v 0.01395845 0.00272540 -0.04156581
v 0.00177419 0.00809244 -0.04024573
v 0.00609156 0.01051281 -0.04074847
v -0.00481897 0.00932993 -0.03810273
v -0.00210542 0.00795017 -0.03895597
v 0.00758516 0.02394668 -0.03579020
v -0.01570855 0.00422465 -0.03862127
v -0.01262766 -0.00100543 -0.03694386
v -0.00678803 -0.00649273 -0.03954229
v 0.00018116 -0.01050520 -0.04175411
v -0.01095906 -0.01768798 -0.03761113
v -0.00816848 -0.01328312 -0.03964974
v -0.01238368 -0.01382469 -0.03669812
v -0.01176247 -0.02025226 -0.03531301
v -0.00535471 -0.02342442 -0.03801896
v -0.00960381 -0.02175898 -0.03608591
v -0.00530699 -0.02743501 -0.03617158
v -0.01329835 -0.01923052 -0.03320636
v -0.01377471 -0.01644722 -0.03476516
v 0.01304588 -0.01338961 -0.03978562
v 0.01698005 -0.01679175 -0.03818876
v 0.01955883 -0.02157799 -0.03686120
v 0.02346114 -0.01773642 -0.03387539
v 0.01454033 -0.02537162 -0.03874175
v 0.02549989 -0.03262474 -0.03500172
v 0.02255934 -0.03941033 -0.03796452
v 0.02765428 -0.03211479 -0.03186950
v 0.03222046 -0.04395192 -0.03426132
v 0.02721899 -0.04666916 -0.03895059
v 0.03389794 -0.04426833 -0.03221104
v -0.01537865 -0.01256000 -0.03296951
v -0.01022955 -0.01057245 -0.03836831
v -0.01335483 -0.00767639 -0.03528548
v 0.04315901 0.01165813 -0.02503142
v -0.02914773 0.02609059 -0.04252917
v -0.00232898 0.01817255 -0.03707233
v -0.00046768 0.01344878 -0.03824544
v -0.01545777 0.01696813 -0.04045349
v -0.02174543 0.01432522 -0.04069471
v -0.01820968 0.01185757 -0.04031404
v -0.02598443 0.01969025 -0.04177815
v -0.02044294 0.02526962 -0.04060047
v -0.03071559 0.01163079 -0.04320477
v -0.03443195 0.01003060 -0.04414253
v -0.03407282 0.00477376 -0.04268657
v -0.03971783 0.00594421 -0.04405439
v -0.03534958 0.01626627 -0.04497826
v -0.02297099 0.00862864 -0.03973700
v -0.03004018 0.00452231 -0.04106356
v 0.04390639 0.02668082 -0.02157363
v 0.04562209 0.01852716 -0.02437874
v 0.01757034 0.00389010 -0.04020726
v 0.01524688 0.00933232 -0.04058172
v 0.03859940 -0.05744616 -0.03715523
v 0.03040941 -0.05409730 -0.04057242
v 0.02867100 -0.05847696 -0.04104298
v 0.02775517 -0.06301870 -0.04064002
v 0.01933387 -0.04633351 -0.03933310
v 0.01241354 -0.03637043 -0.03935509
v 0.01502827 -0.04191075 -0.03932783
v 0.01751406 -0.04816829 -0.03904223
v 0.01866690 -0.05203423 -0.03882411
v 0.01081552 -0.04051362 -0.03886573
v 0.01926063 -0.05980906 -0.03651506
v 0.02397488 -0.07115258 -0.03376909
v 0.02877851 -0.07401740 -0.04080565
v 0.02947945 -0.07754492 -0.04277126
v 0.04382286 -0.06523293 -0.03005191
v 0.04881757 -0.07211296 -0.03205315
v 0.03149882 -0.07579968 -0.04356253
v 0.05068552 -0.07781170 -0.03702021
v 0.04634129 -0.07033328 -0.03577595
v 0.04122116 -0.06142464 -0.03507709
v 0.04357865 -0.07000413 -0.03905482
v 0.04412639 -0.07293309 -0.04146728
v 0.04846106 -0.07972610 -0.04098976
v 0.04191875 -0.08049172 -0.04426840
v 0.03632179 -0.07780902 -0.04505825
v 0.02586760 -0.07410319 -0.03689728
v 0.03371039 -0.06949999 -0.04243485
v 0.02236375 -0.06717768 -0.03449300
v 0.02852740 -0.00858528 -0.02546351
v 0.02813322 -0.00731115 -0.02828949
v -0.00182525 -0.02201042 -0.04013514
v 0.00628471 -0.02305539 -0.04023651
v 0.01120545 -0.05260988 -0.03164801
v 0.00556061 -0.04546507 -0.03334426
v 0.00393120 -0.04532057 -0.02995865
v 0.00303204 -0.04416710 -0.02664783
v 0.00002582 -0.04026756 -0.02815638
v 0.00226904 -0.04155232 -0.03292083
v -0.00145108 -0.03784880 -0.03078400
v 0.00455635 -0.04091306 -0.03591550
v -0.00082096 -0.03305007 -0.03640153
v -0.00644050 -0.02985428 -0.03290328
v 0.04086405 -0.07076325 -0.04180413
v -0.08787460 -0.04717836 -0.03859582
v -0.09467851 -0.04903898 -0.03676341
v -0.09418953 -0.04412895 -0.03600185
v -0.09912194 -0.05830329 -0.03607689
v -0.09544995 -0.07217313 -0.03726953
v -0.09705121 -0.06557371 -0.03710622
v -0.10549511 -0.06947552 -0.03040292
v -0.10606520 -0.07114141 -0.02646796
v -0.10000304 -0.07245207 -0.03533036
v -0.09483362 -0.07745998 -0.03772559
v -0.10167620 -0.07992190 -0.03269057
v -0.10203927 -0.08191597 -0.03093645
v -0.09977728 -0.08334460 -0.03179639
v -0.10304347 -0.06115357 -0.02112296
v -0.10555626 -0.06108505 -0.02515855
v -0.10591692 -0.06322983 -0.02779591
v -0.10435261 -0.07419001 -0.02072635
v -0.09115208 -0.03809259 -0.03715857
v -0.09733597 -0.04550884 -0.03385185
v -0.09737535 -0.04143489 -0.03177833
v -0.10123225 -0.05047732 -0.02136293
v -0.10185623 -0.04872968 -0.02218619
v -0.10264681 -0.04991714 -0.02648728
v -0.10454031 -0.05870664 -0.03010419
v -0.08488126 -0.02701207 -0.04014595
v -0.08184027 -0.01868519 -0.04103611
v -0.08219849 -0.02526910 -0.04049989
v -0.08985850 -0.02437765 -0.03712143
v -0.08817737 -0.01608685 -0.03914912
v -0.09599987 -0.02317946 -0.02924035
v -0.09611809 -0.02920441 -0.03008134
v -0.09055293 -0.01342233 -0.03776455
v -0.09747680 -0.02010282 -0.02779814
v -0.08729086 -0.00711832 -0.04024785
v -0.09092525 -0.00508013 -0.03866516
v -0.09376770 -0.00412855 -0.03650690
v -0.09721999 -0.00803552 -0.03153175
v -0.09401221 0.00229476 -0.03685287
v -0.07787747 -0.00349608 -0.04354003
v -0.08066779 0.00559533 -0.04307793
v -0.07704048 0.01116955 -0.04371797
v -0.07075026 0.01389336 -0.04458081
v -0.07785309 0.01691586 -0.04268395
v -0.09808691 0.00760526 -0.03328331
v -0.10247964 0.00264743 -0.02428179
v -0.09900292 -0.00216549 -0.02973616
v -0.10072962 -0.00821521 -0.02665647
v -0.09903036 -0.01964166 -0.02340124
v -0.09978635 -0.01620933 -0.02614623
v -0.10189170 -0.01378278 -0.02289618
v -0.10231131 -0.01031499 -0.02382353
v -0.10109554 -0.01602260 -0.02239285
v -0.09766069 -0.02063520 -0.01825827
v -0.09700084 -0.02692396 -0.02684860
v -0.09834097 -0.03533843 -0.02329370
v -0.09650611 -0.03959239 -0.01917323
v -0.09708044 -0.04656869 -0.01918695
v -0.09795213 -0.03633375 -0.02095125
v -0.09458715 -0.03014376 -0.01667991
v -0.09642936 -0.03195726 -0.01887332
v -0.09762908 -0.02877323 -0.02383855
v -0.09757274 -0.02892183 -0.02113640
v -0.09610606 -0.02501042 -0.01749596
v -0.09312970 -0.02383105 -0.01393959
v -0.09142315 -0.01818894 -0.01093879
v -0.09548401 -0.01345661 -0.01288280
v -0.07278621 0.02696937 -0.04172230
v -0.09082916 0.01280279 -0.03878088
v -0.09508962 0.01063844 -0.03595596
v -0.09504175 0.01560677 -0.03559368
v -0.10316277 -0.00566481 -0.02307848
v -0.10313317 -0.00335212 -0.01923824
v -0.10266291 -0.00793037 -0.01992786
v -0.10515892 0.00474222 -0.01840676
v -0.10175458 -0.00472252 -0.00985220
v -0.10311642 -0.00374609 -0.00718693
v -0.10721629 -0.00236551 -0.00636983
v -0.10908418 -0.00597400 -0.00702347
v -0.10975423 -0.00974652 -0.00765788
v -0.11083120 -0.00200540 -0.00821254
v -0.10479665 0.00584652 -0.01273975
v -0.10415513 0.00375484 -0.02100237
v -0.09814069 0.01297809 -0.03291554
v -0.09234206 0.02832842 -0.03290525
v -0.09378146 0.03008075 -0.03002667
v -0.09389848 0.02163239 -0.03472950
v -0.09736528 0.01934883 -0.03257870
v -0.10238248 0.01130303 -0.02709569
v -0.11313528 0.00094920 -0.00870847
v -0.11649948 -0.00612968 -0.00779848
v -0.12075730 -0.00603719 -0.00420910
v -0.11120380 0.00627721 -0.00886098
v -0.11475632 0.00565017 -0.00830487
v -0.11886961 0.00053777 -0.00631913
v -0.11996979 -0.00202230 -0.00524906
v -0.12124074 -0.00715642 -0.00160184
v -0.08795954 0.02256998 -0.03780592
v -0.09812008 0.02332256 -0.02995086
v -0.10015364 0.01627500 -0.03011673
v -0.10266373 0.01617086 -0.02664958
v -0.10496560 0.01016412 -0.02066700
v -0.10451192 0.01439388 -0.02232230
v -0.10578915 0.00984968 -0.01127243
v -0.08056296 0.03090331 -0.03827240
v -0.09676495 0.03173633 -0.02230744
v -0.09714031 0.02905644 -0.02635334
v -0.10578518 0.01819339 -0.01698813
v -0.10627834 0.01948526 -0.01376757
v -0.10749327 0.01659063 -0.01106157
v -0.11274732 0.01961984 -0.00756972
v -0.11202081 0.01478023 -0.00895712
v -0.10951199 0.02396747 -0.00865067
v -0.11633226 0.01670716 -0.00489013
v -0.11460623 0.01917402 -0.00014364
v -0.11422487 0.01581426 -0.00752921
v -0.11648729 0.01160090 -0.00012001
v -0.11263536 0.02426086 -0.00033924
v -0.11186741 0.02260112 0.00172735
v -0.11559103 0.01076329 -0.00757016
v -0.11877279 0.00908384 -0.00184881
v -0.11811385 0.00997004 -0.00553879
v -0.11937024 0.00625588 -0.00436245
v -0.12043060 0.00047205 -0.00156576
v -0.12153898 -0.01260902 -0.00332285
v -0.11994497 -0.01045521 -0.00561035
v -0.11459783 -0.01428596 -0.00734222
v -0.11077419 -0.01230397 -0.00767400
v -0.12119345 -0.01542432 -0.00462074
v -0.12149559 -0.01245259 -0.00074664
v -0.11514844 -0.01786861 -0.00779085
v -0.11430343 -0.02056206 -0.00807213
v -0.11767384 -0.02016613 -0.00735813
v -0.12225060 -0.01940044 -0.00295644
v -0.12224454 -0.01780436 -0.00045560
v -0.10915370 -0.01139342 -0.00709846
v -0.12003931 -0.02611075 -0.00603254
v -0.12224218 -0.02754872 -0.00505881
v -0.12340621 -0.02449957 -0.00300098
v -0.11209572 -0.02173273 -0.00654548
v -0.11603932 -0.02877716 -0.00674413
v -0.12335403 -0.03289753 -0.00569445
v -0.12009196 -0.03698910 -0.00697461
v -0.12097093 -0.03472444 -0.00714878
v -0.12423927 -0.02643288 -0.00035961
v -0.12711304 -0.03316810 -0.00098904
v -0.12523951 -0.02985154 -0.00285408
v -0.12685047 -0.03461954 -0.00318652
v -0.12619899 -0.04019836 -0.00491989
v -0.12519863 -0.04435403 -0.00059135
v -0.12876885 -0.03936181 -0.00114431
v -0.12853059 -0.03861880 0.00174576
v -0.12264059 -0.04374209 -0.00155607
v -0.10235521 0.03369990 -0.00616519
v -0.10660961 0.03102519 -0.00404255
v -0.10779821 0.02912696 0.00333484
v -0.09520630 -0.04907900 -0.01821342
v -0.11872517 0.00379018 -0.00033963
v 0.06414704 0.04343947 -0.02476409
v 0.06288712 0.05120193 -0.02258350
v 0.06374867 0.03862333 -0.02641241
v 0.06900715 0.04451268 -0.02124203
v 0.06644358 0.02916489 -0.02738295
v 0.06321348 0.03375851 -0.02824005
v 0.07320961 0.02571877 -0.02622324
v 0.07559118 0.02935010 -0.02364133
v 0.07513301 0.03517003 -0.02195832
v 0.08764345 0.03609837 -0.01540114
v 0.08952446 0.03846482 -0.01360106
v 0.07937432 0.03025881 -0.01971709
v 0.07786663 0.02374789 -0.02380163
v 0.08235045 0.02193072 -0.01991675
v 0.08888937 0.02421325 -0.01578896
v 0.08817543 0.03213128 -0.01469389
v 0.09257737 0.03505573 -0.01254151
v 0.07987923 0.01759614 -0.02055448
v 0.08578898 0.00375458 -0.01236206
v 0.08064400 0.00183854 -0.01438143
v 0.08544683 0.00825702 -0.01441037
v 0.08731899 0.01217097 -0.01426037
v 0.09413372 0.00619130 -0.00919203
v 0.08957827 -0.00038485 -0.00819755
v 0.09623434 -0.00619977 -0.00416466
v 0.09125931 0.02064699 -0.01571913
v 0.09156378 0.01751170 -0.01376202
v 0.09117242 0.03102708 -0.01361920
v 0.09192007 0.02791850 -0.01428812
v 0.09520393 0.03124930 -0.01295076
v 0.10230610 0.01894996 -0.01871892
v 0.10457377 0.01972042 -0.01955840
v 0.10637052 0.02293213 -0.01963701
v 0.10615338 0.02488279 -0.01841104
v 0.11566762 0.01912561 -0.02163743
v 0.08333505 -0.00425017 -0.00245114
v 0.09535921 -0.00783132 0.00169555
v 0.08484346 -0.00212142 -0.00665777
v 0.07657746 -0.00104213 -0.01601070
v 0.07984329 0.00871135 -0.01813312
v 0.06113768 0.01534787 -0.02647859
v 0.05901777 -0.00124221 -0.02100942
v 0.08016948 -0.00369404 -0.00494751
v 0.11820315 0.02592576 -0.02066434
v 0.11304336 0.02665795 -0.01801109
v 0.11236717 0.02667853 -0.01245387
v 0.12062125 0.02698732 -0.01473470
v 0.11989410 0.02701150 -0.01211589
v 0.12038742 0.02698047 -0.01970828
v 0.12477399 0.02522548 -0.02232260
v 0.12732458 0.02865844 -0.01714065
v 0.12453472 0.02767108 -0.01563287
v 0.13155411 0.02588085 -0.02285407
v 0.12850097 0.02785085 -0.02040139
v 0.13178402 0.02267795 -0.02333282
v 0.14471816 0.03062424 -0.02227730
v 0.05849661 -0.00569558 -0.01581377
v 0.06375137 -0.00123462 -0.02103819
v 0.05521543 0.00267445 -0.02224265
v 0.04689415 0.00954136 -0.02724152
v 0.05799897 0.00871992 -0.02851136
v 0.05846794 0.01408644 -0.03157529
v 0.05606097 0.00885464 -0.03221875
v 0.05998716 0.03108548 -0.02935598
v 0.05597363 0.04034983 -0.03500918
v 0.05734336 0.03218495 -0.03257675
v 0.05357210 0.04485229 -0.03940787
v 0.05883824 0.05206386 -0.02368938
v 0.03751751 0.03526480 -0.04593673
v 0.04527595 0.03566837 -0.04347506
v 0.05035086 0.03558384 -0.04063980
v 0.04636861 0.03057925 -0.04289298
v 0.04985987 0.02830869 -0.03978214
v 0.04032805 0.03205233 -0.04525167
v 0.04847280 0.02390308 -0.04060436
v 0.05445276 0.02559229 -0.03490384
v 0.03385708 0.02173596 -0.04598055
v 0.02806547 0.02133817 -0.04500716
v 0.03195178 0.01346975 -0.04579410
v 0.04992168 0.01227868 -0.03820332
v 0.05382998 0.00561169 -0.02952037
v 0.04154519 0.00346750 -0.03809556
v 0.04276435 0.01159258 -0.04186887
v 0.03833580 0.00513597 -0.04247048
v 0.02904420 0.00794552 -0.04508827
v 0.12213469 0.02870262 -0.01139624
v -0.03919578 -0.02732214 0.01431617
v -0.04139875 -0.02530411 0.01784454
v -0.03741582 -0.02213087 0.02192465
v -0.04195585 -0.01699075 0.02553937
v -0.02022941 -0.02341722 0.01931075
v -0.02471642 -0.02078649 0.02269210
v -0.00493638 -0.01829139 0.02466803
v -0.00811531 -0.01360000 0.02791519
v -0.02161268 -0.01831576 0.02533872
v -0.02156328 -0.01048262 0.03153219
v -0.02740960 -0.01214000 0.03106976
v -0.03117204 -0.00818925 0.03427038
v -0.03588955 -0.00716662 0.03513016
v -0.04140460 -0.00539606 0.03604481
v -0.04398360 -0.01234326 0.02973751
v -0.04523097 -0.00635798 0.03555230
v -0.04780296 -0.01150961 0.03391154
v -0.03864487 -0.00108962 0.03902728
v -0.03281382 0.00636098 0.04135864
v -0.01886056 0.01040906 0.04007330
v -0.02123721 -0.00596586 0.03435278
v -0.01662708 -0.01619879 0.02675666
v -0.00153013 -0.02116829 0.03195694
v -0.00197362 -0.02301891 0.02107819
v -0.00021697 -0.02351895 0.03251304
v -0.01515814 -0.01308682 0.02885885
v -0.00589885 -0.00941262 0.03165709
v -0.01046332 0.00908452 0.03858383
v -0.04804704 -0.00173681 0.03959764
v -0.05145080 0.00798319 0.04385315
v -0.05295388 -0.00087759 0.04310546
v -0.06418084 -0.00605037 0.04708928
v -0.06584194 -0.01801128 0.04437492
v -0.06260264 -0.01624730 0.04400273
v -0.05695615 -0.01316160 0.04238519
v -0.00855435 0.00352478 0.03730841
v -0.00703271 -0.00197402 0.03540513
v 0.00739747 -0.00568188 0.04058775
v 0.00379179 -0.03248068 0.02960492
v 0.00361507 -0.03039083 0.03161959
v 0.00786135 -0.02643870 0.03607217
v 0.01060973 -0.04177835 0.02902244
v 0.01311394 -0.03757933 0.03570233
v 0.02077566 -0.05874985 0.03555381
v 0.02452859 -0.05609789 0.04032294
v 0.02343000 -0.06531306 0.03756889
v -0.06802490 -0.03587780 0.04156734
v -0.06407081 -0.02797349 0.04185078
v -0.06075547 -0.02857866 0.04027499
v -0.05889098 -0.02368497 0.04042804
v -0.06441995 -0.03343824 0.04103902
v -0.06311614 -0.03807512 0.04002117
v -0.06139403 -0.03330728 0.03962659
v -0.05646038 -0.03964502 0.03137432
v -0.05961581 -0.04125078 0.03661966
v -0.05735833 -0.04666984 0.03045579
v -0.06450975 -0.04587822 0.04048418
v -0.05773462 -0.04944340 0.03408272
v -0.05941532 -0.05032950 0.03668249
v -0.05960912 -0.05594258 0.03805615
v -0.05003729 -0.01299024 0.03685742
v 0.02329337 -0.05999901 0.03842770
v 0.01534604 -0.04614644 0.03394420
v 0.10799158 0.02702501 0.01924905
v 0.11513960 0.02807525 0.02137934
v 0.09830569 0.00501299 0.00630258
v 0.09573663 0.00994979 0.00610274
v 0.09379186 0.01339483 0.00945900
v 0.09490338 0.00461400 0.00968246
v 0.09781837 -0.00011084 0.00823474
v 0.08204754 -0.00153050 0.00870291
v 0.09034047 -0.00560739 0.00183331
v 0.09372875 -0.00400155 0.00666535
v 0.08590638 0.00135010 0.01015904
v 0.09389100 0.01795517 0.01609275
v 0.09874580 0.01712757 0.01393621
v 0.08887798 0.01623509 0.01626948
v 0.08256561 -0.00392655 0.00269200
v 0.09887455 -0.00463461 0.00708739
v 0.10044824 0.02100834 0.01830033
v 0.10231754 0.01636021 0.01444004
v 0.10416625 0.01599188 0.01258595
v 0.11111265 0.01805747 0.01646170
v 0.05381443 0.04290410 0.03254030
v 0.05792591 0.04011260 0.02932084
v 0.05549493 0.03666409 0.03257699
v 0.06716524 0.03492106 0.02586287
v 0.04654017 0.03446224 0.03712348
v 0.04650956 0.02786405 0.03795654
v 0.05121270 0.01751824 0.03647999
v 0.06457651 -0.00462807 0.01713265
v 0.05329218 -0.00489903 0.01558407
v 0.05714728 -0.00836430 0.00982988
v 0.05691280 -0.00884627 0.00604212
v 0.05917757 0.00802123 0.02603550
v 0.05254650 0.00451123 0.03260038
v 0.04889939 0.00693471 0.03590273
v 0.05511517 0.00996302 0.03349404
v 0.05197630 0.01236159 0.03590132
v 0.08418220 0.00715406 0.01489049
v 0.07984984 0.00912057 0.01790858
v 0.07099272 0.02495551 0.02531157
v 0.07520984 0.01582040 0.02247461
v 0.07889581 0.01315467 0.01994966
v 0.08390513 0.01150832 0.01675715
v 0.10388319 0.01745560 0.01664941
v 0.10874198 0.01809395 0.01493813
v 0.11477880 0.01891780 0.01797656
v 0.11917374 0.02004221 0.01963747
v 0.11039598 0.02252413 0.02075352
v 0.12204193 0.02486897 0.02337425
v 0.10300795 -0.00710997 0.00381489
v 0.09939589 -0.00790778 0.00504364
v 0.04219082 0.01314127 0.03922638
v 0.04298128 0.02283618 0.03961529
v 0.04612250 0.01730888 0.03873406
v 0.03738973 0.02346197 0.04065921
v 0.07546245 0.02768817 0.02497333
v 0.07914050 0.02615057 0.02305075
v 0.07802450 0.03059482 0.02205387
v 0.12586324 0.02795847 0.02495371
v 0.12638348 0.03319411 0.02014226
v 0.13931757 0.03477807 0.02727822
v 0.14367822 0.03598027 0.02833785
v 0.14249477 0.03183854 0.02809566
v 0.13971893 0.03013860 0.02746309
v 0.12970465 0.02341162 0.02252166
v 0.12497140 0.02061488 0.01850628
v 0.13945103 0.03713762 0.02456855
v 0.14366592 0.03955741 0.02554041
v 0.13975193 0.02735175 0.02357844
v 0.13049278 0.03079200 0.02574741
v 0.12921175 0.02571793 0.02440914
v 0.14618078 0.03857309 0.02762238
v 0.14835274 0.03682173 0.02731360
v 0.14776830 0.03579741 0.02394501
v 0.05791746 0.02080337 0.03037050
v 0.05602464 0.01381314 0.03309093
v -0.09706989 -0.01293084 -0.00218416
v -0.09987005 -0.00695765 0.00486629
v -0.09760495 -0.01011588 0.00350022
v -0.09843867 -0.00970449 -0.00066828
v -0.09900410 -0.00592030 0.00047772
v -0.10274053 0.00036834 0.00980815
v -0.09960455 -0.00460377 0.00220165
v -0.10008950 -0.00076956 0.00059168
v -0.10036843 -0.00179333 -0.00157846
v -0.10192605 -0.00249584 -0.00328441
v -0.10467674 -0.00271093 -0.00551260
v -0.10563585 -0.00172320 -0.00328376
v -0.10081895 0.00181619 -0.00004121
v -0.10333850 0.00551716 -0.00267289
v -0.10497177 0.00601867 -0.00197681
v -0.10541430 0.00511257 -0.00375094
v -0.10597280 -0.00465053 -0.00333022
v -0.10655376 -0.00823179 -0.00316634
v -0.10749672 -0.00871406 -0.00603141
v -0.10669745 -0.01214529 -0.00254488
v -0.10795904 -0.01302102 -0.00478780
v -0.10787336 -0.01117856 -0.00142214
v -0.10798254 -0.00596406 -0.00157204
v -0.11069750 -0.00730687 0.00045636
v -0.11550348 -0.01239504 0.00303357
v -0.10415359 0.00577053 0.01765554
v -0.10496695 0.00587789 0.00827801
v -0.09890865 -0.00424162 0.02584282
v -0.09963155 -0.00322622 0.02089807
v -0.08378132 -0.02751301 0.02354467
v -0.08168556 -0.03288405 0.02521031
v -0.08435853 -0.03187371 0.02435235
v -0.08993825 -0.02300392 0.02700536
v -0.08559342 -0.03166507 0.02425704
v -0.08624341 -0.03362041 0.02471387
v -0.08580931 -0.03332422 0.02605177
v -0.08348467 -0.03381469 0.02690705
v -0.09552891 -0.01118615 0.02519199
v -0.09352293 -0.01417443 0.02781839
v -0.09134812 -0.01473688 0.03285862
v -0.09636415 -0.00953162 0.02172147
v -0.09330339 -0.01148951 0.03158060
v -0.09800959 0.02090288 0.03176193
v -0.10145722 0.02021853 0.02688785
v -0.09816094 -0.00705079 0.02357927
v -0.08149689 -0.03734227 0.02838809
v -0.08370414 -0.03287271 0.02547864
v -0.08070137 -0.04086505 0.02765540
v -0.07964309 -0.04594795 0.03124197
v -0.07944303 -0.03697735 0.02499530
v -0.07567474 -0.04177608 0.02352821
v -0.07942389 -0.05434641 0.03366686
v -0.07887764 -0.05393939 0.03496182
v -0.07814747 -0.05869741 0.03545108
v -0.07600900 -0.07921664 0.02523232
v -0.07546307 -0.07579517 0.02474571
v -0.07521495 -0.07819451 0.02286139
v -0.07064866 -0.08290773 0.01968956
v -0.06794164 -0.08308406 0.01866085
v -0.07177102 -0.08077869 0.01939304
v -0.06521446 -0.08139300 0.01731872
v -0.06676532 -0.07713556 0.01751221
v -0.06483093 -0.08352317 0.01918088
v -0.06110924 -0.08066630 0.01681010
v -0.05917849 -0.07808989 0.01706635
v -0.05794578 -0.08222193 0.01755720
v -0.07806903 -0.04713777 0.02616238
v -0.07926638 -0.05621594 0.03164111
v -0.07890835 -0.06114934 0.03367480
v -0.07815838 -0.06258122 0.02885250
v -0.07853992 -0.06528089 0.03163316
v -0.07157111 -0.07270568 0.02102394
v -0.07698216 -0.05179255 0.02594636
v -0.07311149 -0.06343949 0.02391680
v -0.06723638 -0.07110450 0.01945941
v -0.07045621 -0.06725864 0.02212267
v -0.06314571 -0.06971885 0.01937339
v -0.06005957 -0.07429838 0.01786480
v -0.11900461 -0.02141082 0.00316200
v -0.10860955 -0.01543955 -0.00023991
v -0.10812777 -0.01682588 -0.00338673
v -0.10997007 -0.02130661 -0.00410242
v -0.11166531 -0.02577511 -0.00026015
v -0.11210582 -0.02924996 -0.00079971
v -0.11434127 -0.03394285 -0.00229796
v -0.12369335 -0.03157967 0.00365583
v -0.11923673 -0.02619289 0.00378957
v -0.12160482 -0.03221467 0.00442470
v -0.12569939 -0.04391679 0.00371562
v -0.11728024 -0.04054666 -0.00008026
v -0.11734115 -0.04036864 0.00149110
v -0.11595254 -0.03795953 -0.00144783
v -0.11343227 -0.03521434 -0.00022806
v -0.11593262 -0.03717479 0.00175506
v -0.11605466 -0.02749082 0.00305702
v -0.11995557 -0.03579025 0.00538735
v -0.12101027 -0.04008429 0.00543619
v -0.12157769 -0.04209078 0.00496688
v -0.10417566 0.02865132 0.01243085
v -0.10642885 0.01666640 0.01676123
v -0.10727879 0.01655524 0.01283299
v -0.10741150 0.01765147 0.00848419
v -0.10727298 0.01373137 0.00636247
v -0.10879970 0.00716318 0.00269954
v -0.10695757 0.01211226 0.01029520
v -0.10645208 0.01114860 0.01338345
v -0.10385908 0.00754450 0.02276976
v -0.10623899 0.01236665 0.01661460
v -0.10386132 0.01520865 0.02466833
v -0.10090385 0.01604087 0.02934262
v -0.09803671 0.00908900 0.03354147
v -0.09987112 0.00545969 0.03049302
v -0.09719872 -0.00209611 0.03127324
v -0.05611018 -0.08285193 0.01856525
v -0.05336839 -0.07840617 0.02036104
v -0.05432315 -0.08288813 0.02052827
v -0.05483855 -0.08067051 0.01872785
v -0.10341690 0.02344096 0.02126685
v -0.11206455 0.00216793 0.00230983
v -0.11369879 0.00287508 0.00214374
v 0.02550083 -0.02152125 -0.02639345
v 0.02883399 -0.03433227 -0.02969409
v 0.02328902 -0.02350151 -0.02055224
v 0.01874978 -0.02594618 -0.01687193
v 0.02029775 -0.02713099 -0.01884031
v 0.01760287 -0.03077202 -0.01779132
v 0.01266394 -0.02883350 -0.01409388
v 0.01302031 -0.03217686 -0.01560284
v 0.02447241 -0.04089157 -0.01943049
v 0.01376291 -0.04333890 -0.01774889
v 0.00682409 -0.03515979 -0.01529247
v 0.00877685 -0.04061260 -0.01714147
v 0.00948776 -0.03266002 -0.01465895
v 0.00522669 -0.03238397 -0.01375865
v 0.00188673 -0.03318208 -0.01469755
v 0.00121110 -0.03183061 -0.01293790
v 0.00459103 -0.04192010 -0.01964907
v 0.00935229 -0.04666499 -0.02052048
v 0.01416697 -0.04916202 -0.01992882
v 0.00962382 -0.04917687 -0.02302054
v -0.00243645 -0.03465643 -0.02028244
v -0.00507262 -0.03013913 -0.01812714
v 0.02426739 -0.03526903 -0.02019319
v 0.02756184 -0.03867725 -0.02137174
v 0.02515247 -0.03064344 -0.02327284
v 0.02257041 -0.03037445 -0.02069447
v 0.02719264 -0.03538646 -0.02294404
v 0.02334405 -0.04638347 -0.01878103
v 0.02835501 -0.03461572 -0.02633150
v 0.03464660 -0.04321643 -0.02669482
v 0.02284843 -0.05097775 -0.01922212
v 0.03290115 -0.05181730 -0.02085928
v 0.01810463 -0.05582942 -0.02201133
v 0.01323848 -0.05155534 -0.02225851
v 0.01389339 -0.05468190 -0.02546600
v 0.03072833 -0.06291465 -0.02156837
v 0.03899650 -0.05375456 -0.02539287
v 0.03459376 -0.04610314 -0.02373808
v 0.04051056 -0.05665292 -0.02762471
v 0.04105554 -0.06110583 -0.02654251
v 0.04150601 -0.06869273 -0.02155482
v 0.03858067 -0.06891006 -0.02014749
v 0.03592378 -0.07178107 -0.01820735
v 0.03381464 -0.07363943 -0.01789841
v 0.02900871 -0.07503191 -0.02093377
v 0.04186419 -0.07317833 -0.01886956
v 0.03698003 -0.07421427 -0.01737228
v 0.03526427 -0.07738949 -0.01714504
v 0.02731762 -0.08313441 -0.02859811
v 0.02925553 -0.08349162 -0.02368599
v 0.02727062 -0.08212040 -0.02502449
v 0.02956570 -0.08258008 -0.02160391
v 0.02928716 -0.08005114 -0.02088792
v 0.03225628 -0.08358061 -0.02040729
v 0.03433864 -0.08392483 -0.02072203
v 0.03800002 -0.08046533 -0.01689728
v 0.04142571 -0.08301290 -0.01795874
v 0.05056347 -0.08142155 -0.02410692
v 0.04851968 -0.07978742 -0.02184004
v 0.04193561 -0.08357528 -0.01898812
v 0.04028843 -0.07798096 -0.01710165
v 0.04161304 -0.08102378 -0.01747578
v 0.04545299 -0.07955641 -0.01929512
v 0.04709447 -0.06967959 -0.02681920
v 0.04674182 -0.07363935 -0.02179652
v 0.04864708 -0.07362345 -0.02404842
v 0.05199274 -0.07853632 -0.03180227
v 0.02166933 -0.06708217 -0.03138111
v 0.01998901 -0.06335376 -0.02674720
v 0.00727249 -0.04856909 -0.02688498
v 0.00126446 -0.04164287 -0.02445349
v 0.03939138 -0.06342397 -0.02389813
v -0.07514463 0.00483341 0.04796715
v -0.07750187 0.00362869 0.04730583
v -0.08066637 0.00820779 0.04622665
v -0.08935806 -0.02061252 0.03312567
v -0.08899051 -0.01562383 0.03620157
v -0.08648115 -0.01912823 0.03753975
v -0.08933017 -0.01112626 0.03756728
v -0.08789122 -0.00592489 0.04026039
v -0.08513568 0.01361814 0.04401695
v -0.09001330 0.01895864 0.04063703
v -0.07897396 -0.04514652 0.03366639
v -0.07817636 -0.03741140 0.03654073
v -0.07512642 -0.03116334 0.04107447
v -0.07968221 -0.02754689 0.03999164
v -0.06814356 -0.04151089 0.04129957
v -0.07086481 -0.04255902 0.04049212
v -0.07708738 -0.04754766 0.03631787
v -0.06786933 -0.05530712 0.04123536
v -0.07334562 -0.06054589 0.03945993
v -0.07614476 -0.06834030 0.03642312
v -0.07812908 -0.06858976 0.03374467
v -0.07367842 -0.07033093 0.03838332
v -0.07170512 -0.06602786 0.03979599
v -0.07069816 -0.07056298 0.03985368
v -0.06602863 -0.06625672 0.04077085
v -0.07532557 -0.07255087 0.03647393
v -0.07111195 -0.07849308 0.03943212
v -0.06701490 -0.07133205 0.04079445
v -0.06556350 -0.07624519 0.04131331
v -0.06545494 -0.08078610 0.04160409
v -0.07052609 -0.08295155 0.03961261
v -0.07625638 -0.08144975 0.02896721
v -0.07383860 -0.08407310 0.02611615
v -0.07136644 -0.08444924 0.02597346
v -0.07266357 -0.08518735 0.03240962
v -0.07201248 -0.08479192 0.03773392
v -0.07476808 -0.08322052 0.03536831
v -0.07384626 -0.08519001 0.03449770
v -0.06347620 -0.08366536 0.04158382
v -0.09195758 -0.00856868 0.03579049
v 0.09784006 0.00303951 -0.00576580
v 0.09575886 0.00727861 -0.00300733
v 0.09217472 0.01419181 -0.01049294
v 0.09593488 0.01710027 -0.00948518
v 0.09535313 0.01663854 -0.00408980
v 0.10315102 0.01512900 -0.01288322
v 0.10867286 0.01541725 -0.01474643
v 0.10180321 0.01647129 -0.00786256
v 0.10401013 0.01747165 -0.00533874
v 0.10941377 0.01732487 -0.01161098
v 0.11333196 0.01578558 -0.01800738
v 0.11218836 0.01706689 -0.01392868
v 0.11649073 0.02137627 -0.01004711
v 0.11615880 0.01962929 -0.01295771
v 0.10949095 0.01845790 -0.00335223
v 0.11210234 0.01949000 -0.00599376
v 0.11691984 0.01685607 -0.01558920
v 0.11911722 0.01638364 -0.01827118
v 0.11974876 0.01855407 -0.01515272
v 0.12030762 0.02205006 -0.00979605
v 0.11509357 0.01977684 -0.00318622
v 0.11485750 0.02010240 0.00074811
v 0.11865084 0.02184013 0.00410071
v 0.11626947 0.02279055 0.00696238
v 0.09692015 0.01615248 -0.00006648
v 0.09298591 0.01614113 0.00530686
v 0.09447585 0.01699152 0.00821050
v 0.09650458 0.01713439 0.00691455
v 0.10103760 0.01749904 0.00729788
v 0.10637398 0.01880732 0.01002051
v 0.10561326 0.01928373 0.00711123
v 0.11745074 0.02498223 0.01008746
v 0.12309781 0.02199922 -0.00586336
v 0.12572046 0.02481405 -0.01285141
v 0.13234678 0.02548201 -0.00284040
v 0.12956484 0.02521701 0.00477564
v 0.13432691 0.02788966 -0.01532285
v 0.12804534 0.01979294 -0.01740500
v 0.12694412 0.01850162 -0.01932212
v 0.12121341 0.01698557 -0.01966966
v 0.13386777 0.02656640 0.00290573
v 0.12681539 0.01926683 -0.02166151
v 0.14313303 0.02459987 -0.01912396
v 0.14791615 0.02687838 -0.01903147
v 0.13631959 0.02088694 -0.02074585
v 0.14220667 0.03181072 -0.00815085
v 0.13772494 0.02864014 0.00230257
v 0.14160177 0.03105168 -0.00284549
v 0.14784451 0.03709002 0.00034465
v 0.14148729 0.03258154 0.00346897
v 0.05499237 0.05016449 -0.02421890
v 0.05290656 0.04861029 -0.03471433
v 0.04812767 0.04543595 -0.03618001
v 0.05194953 0.04313266 -0.03053719
v 0.04196594 0.03369652 -0.03695188
v 0.03697762 0.03374638 -0.03995727
v 0.03328994 0.03502112 -0.04414172
v 0.03906453 0.02888376 -0.03824788
v 0.03652525 0.02614680 -0.03915305
v 0.03875642 0.00411729 -0.03369009
v 0.04747230 0.01956878 -0.02809795
v 0.04700390 0.02521116 -0.03111146
v 0.03720075 0.01658885 -0.03039553
v 0.03936675 0.01241551 -0.02908674
v 0.02693039 0.01678021 -0.04220803
v 0.02849005 0.01173359 -0.03978672
v 0.03264229 0.01349357 -0.03366405
v 0.03366298 0.01701030 -0.03532994
v 0.04284676 0.02867026 -0.03472031
v 0.04911884 0.03014834 -0.03213735
v 0.02399811 -0.03855568 0.03924969
v 0.02727242 -0.04398993 0.04005190
v 0.02560952 -0.05343392 0.04106213
v 0.02861945 -0.05784415 0.04283353
v 0.03680133 -0.04606025 0.03819618
v 0.03797754 -0.05693065 0.04234136
v 0.03290764 -0.06181205 0.04382417
v 0.04258372 -0.06766372 0.04137372
v 0.04364412 -0.06331702 0.03828342
v 0.04539679 -0.06963821 0.03668533
v 0.03814846 -0.06268324 0.04332481
v 0.03632632 -0.06512042 0.04394164
v 0.03336696 -0.06817166 0.04404309
v 0.04571832 -0.07131929 0.03995290
v 0.04490105 -0.07397511 0.04392635
v 0.03190483 -0.07699259 0.04520603
v 0.02788759 -0.06727675 0.04206370
v 0.04024450 -0.05040508 0.03747266
v 0.03955018 -0.05478339 0.04056447
v 0.04221921 -0.05688341 0.03891340
v 0.04272379 -0.08287533 0.04752360
v 0.03927951 -0.08075114 0.04783729
v 0.04278150 -0.07842625 0.04700097
v 0.03916483 -0.07726020 0.04722255
v 0.02987175 -0.07173268 0.04316126
v 0.02876263 -0.07823152 0.04215336
v 0.05058721 -0.07575954 0.03535184
v 0.04652849 -0.07829779 0.04526953
v 0.05040331 -0.08255082 0.04430352
v 0.02386118 -0.07156983 0.03264925
v 0.02449615 -0.07283368 0.03408073
v 0.02523813 -0.07652229 0.03204332
v 0.03193865 -0.08624063 0.02536529
v 0.03114528 -0.08655364 0.02855076
v 0.03433665 -0.08650690 0.02771356
v 0.03471901 -0.08624062 0.03560874
v 0.04515072 -0.08632779 0.02484100
v 0.04507597 -0.08631771 0.03185764
v 0.04470151 -0.08613267 0.04602477
v 0.04809976 -0.08671774 0.04466214
v 0.04586364 -0.08211195 0.04663495
v 0.03575575 -0.08597034 0.04644344
v 0.03471379 -0.08053768 0.04725346
v 0.02548690 -0.07871114 0.03501916
v 0.02887504 -0.08169601 0.04359817
v 0.02705700 -0.08174815 0.04048071
v 0.02667464 -0.07974675 0.03833090
v 0.02842562 -0.08421277 0.04298877
v 0.03127465 -0.08197004 0.04578108
v 0.02604880 -0.08492931 0.03859612
v 0.02625573 -0.08605117 0.03685692
v 0.02568788 -0.08308585 0.03090657
v 0.03047656 -0.08658196 0.03311692
v 0.04411640 -0.08652785 0.04110432
v 0.05066006 -0.08611769 0.03354146
v 0.05216674 -0.08040142 0.03152952
v 0.05213101 -0.08400153 0.03230888
v 0.05167012 -0.08298248 0.04268462
v -0.08697584 -0.07452483 -0.03856415
v -0.09093981 -0.07267945 -0.03810048
v -0.08081937 -0.07352594 -0.03527721
v -0.07956024 -0.07118584 -0.02891815
v -0.07794352 -0.07768515 -0.03184932
v -0.07908744 -0.07692553 -0.03445765
v -0.08072396 -0.07077948 -0.02260077
v -0.08502941 -0.06986781 -0.01857066
v -0.07977155 -0.08072110 -0.02574166
v -0.07793032 -0.07916563 -0.02430704
v -0.07886612 -0.07527690 -0.02137231
v -0.07884549 -0.07377425 -0.02484160
v -0.08129447 -0.07528149 -0.01821151
v -0.08875602 -0.08163243 -0.01648850
v -0.08485748 -0.08048385 -0.01585153
v -0.08673614 -0.07966852 -0.01466634
v -0.09006175 -0.07758639 -0.01372691
v -0.09413084 -0.08056232 -0.01433379
v -0.09369738 -0.08245344 -0.01606305
v -0.08558098 -0.08133210 -0.01930505
v -0.09183054 -0.08224273 -0.01914678
v -0.09600574 -0.08271565 -0.01631930
v -0.08175692 -0.08131717 -0.03407797
v -0.08324172 -0.08139891 -0.02877549
v -0.08825476 -0.08206373 -0.03062610
v -0.09744652 -0.08344042 -0.02137493
v -0.08721300 -0.07753870 -0.03870220
v -0.08663309 -0.08200441 -0.03539225
v 0.03832665 0.01728367 0.02196020
v 0.03956529 0.00255254 0.01484456
v 0.04684485 0.00034802 0.01717008
v 0.04762087 -0.00293758 0.01369606
v 0.04529411 -0.00559732 0.00866258
v 0.04211907 -0.01455606 -0.00199315
v 0.04366324 -0.01060907 0.00437494
v 0.03753138 -0.01272701 0.00725571
v 0.03585530 -0.01136780 0.00940160
v 0.04119116 -0.00679399 0.00876178
v 0.03439057 -0.00141203 0.01435435
v 0.03362519 0.00010295 0.01612381
v 0.03759388 -0.00253757 0.01229413
v 0.03262676 -0.01733856 0.00766944
v 0.03307388 -0.01117854 0.01150989
v 0.03536907 -0.00623830 0.01223489
v 0.14145407 0.03666392 -0.01160068
v 0.15050420 0.04291030 -0.00945714
v 0.14851934 0.03909288 -0.00926891
v 0.15151624 0.04881584 -0.01022122
v 0.15359329 0.04875277 -0.00817746
v 0.15476701 0.05260367 -0.00731657
v 0.15101941 0.06186131 -0.01034864
v 0.16339490 0.07470895 -0.00242981
v 0.15849201 0.06848139 -0.00034881
v 0.16892317 0.07797690 -0.00582256
v 0.16052987 0.07428038 -0.00899004
v 0.16590922 0.08099285 -0.00926082
v 0.15657082 0.07033930 -0.01007205
v 0.15906739 0.07039127 -0.00848001
v 0.15469617 0.06502508 -0.01044694
v 0.15282018 0.06024842 -0.01069708
v 0.15560642 0.06034281 -0.00930636
v 0.15680939 0.06517366 -0.00935261
v 0.15649399 0.05962275 -0.00301001
v 0.15518683 0.05307015 -0.00392335
v 0.17052175 0.08282923 -0.00046813
v 0.16974987 0.08643502 0.00139865
v 0.16629604 0.08715061 0.00224454
v 0.16821189 0.08835561 -0.00041598
v -0.06272507 -0.07345251 0.04068411
v -0.05543781 -0.08369252 0.03367454
v -0.06758060 -0.08521616 0.03470023
v -0.05706400 -0.08468158 0.03894261
v -0.06031286 -0.08086170 0.04177446
v -0.05851639 -0.08202712 0.04138522
v -0.05479388 -0.08070268 0.03944708
v -0.05622360 -0.08280134 0.04033986
v -0.05236074 -0.07946041 0.03727158
v -0.05556460 -0.07763733 0.03876707
v -0.05679449 -0.07523479 0.03871703
v -0.05515457 -0.07221970 0.03496798
v -0.05636869 -0.06624164 0.02854752
v -0.06091975 -0.06642488 0.03897051
v -0.05237983 -0.08290340 0.02340128
v -0.05010584 -0.08105469 0.02922333
v -0.05333143 -0.07282723 0.02481449
v -0.05618735 -0.06939841 0.02332712
v -0.05175069 -0.07720268 0.02286652
v -0.05119167 -0.08110935 0.02338203
v -0.05159540 -0.08158821 0.03659884
v -0.05248596 -0.07416720 0.03210891
v 0.03310769 0.01991253 0.02910071
v 0.03405808 0.02764138 0.03071288
v 0.04409333 0.03079718 0.02411755
v 0.04198969 0.00673956 0.02914957
v 0.03823650 0.00626267 0.03025063
v 0.03453318 0.00282174 0.03506711
v 0.05055745 0.00746549 0.02676585
v 0.04663181 0.00395782 0.02958000
v 0.12688559 0.02939160 0.00817987
v 0.14993189 0.04332706 0.00253049
v 0.14740907 0.04203948 0.00378774
v 0.15049914 0.04759983 0.00329160
v 0.14030762 0.04209097 0.00535067
v 0.15702799 0.06890215 0.00180986
v 0.16522312 0.07601612 -0.00010333
v 0.16049916 0.07781619 0.00393409
v 0.15437600 0.06857020 0.00291960
v 0.15398932 0.06348554 0.00244825
v 0.15575060 0.05754107 -0.00003540
v 0.15555876 0.05476918 -0.00125428
v 0.15129909 0.07464838 0.00212657
v 0.16926447 0.07897907 0.00041855
v 0.16796575 0.08266116 0.00470606
v 0.16863671 0.08470651 0.00355112
v 0.03753273 0.01166066 0.02273995
v 0.01223178 -0.00187410 0.04057185
v 0.01045722 -0.01196936 0.03949966
v 0.03472657 0.00242880 0.01960433
v 0.03320061 0.00348955 0.02325233
v 0.03181707 -0.00509998 0.01739991
v 0.02988563 -0.00395235 0.02490989
v 0.02833845 -0.00922001 0.02783582
v 0.02842468 -0.00044081 0.02780124
v 0.02660261 -0.00621012 0.02834185
v 0.03034470 0.00527315 0.02753528
v 0.02365315 0.00795705 0.03607152
v 0.01232434 0.00894281 0.04007892
v 0.01742057 -0.00048546 0.03857203
v 0.01255539 -0.00746172 0.03994786
v 0.02604130 -0.07933305 -0.03745999
v 0.02669828 -0.08204522 -0.03772504
v 0.02779454 -0.08327009 -0.03647565
v 0.03016796 -0.08329016 -0.04155137
v 0.03400847 -0.08344860 -0.02960797
v 0.03989231 -0.08320542 -0.03247697
v 0.04432073 -0.08331016 -0.02030183
v 0.04971874 -0.08294625 -0.03151596
v 0.04053862 -0.08312471 -0.04196604
v 0.03329275 -0.08275476 -0.04322916
v 0.03148367 -0.08245602 -0.04307592
v 0.03615043 -0.03176608 0.03180082
v 0.03477234 -0.03251980 0.03368120
v 0.03937912 -0.03868359 0.03074781
v 0.03238359 -0.01190658 0.02387734
v 0.03377431 -0.01776720 0.02526456
v 0.02753827 -0.01786876 0.03262672
v 0.03120815 -0.01973224 0.03098014
v 0.03505696 -0.02206250 0.02381544
v 0.03601946 -0.02565680 0.02338833
v 0.03712108 -0.02989777 0.02610537
v 0.03238465 -0.01184729 0.01420865
v 0.01668774 -0.03428807 0.03748051
v 0.02283183 -0.03376899 0.03844752
v 0.02637317 -0.02555240 0.03631018
v 0.01041978 -0.01698281 0.03855412
v 0.01769934 -0.01827096 0.03716345
v 0.10952495 0.02103261 0.01143346
v 0.11385591 0.02371623 0.00991105
v 0.11844274 0.02018012 0.01633985
v 0.11730102 0.02465892 0.01239426
v 0.12325447 0.02405971 0.01548180
v 0.12913941 0.02494229 0.01734343
v 0.13491231 0.03529410 0.02272514
v 0.13199136 0.03458270 0.01918702
v 0.12885654 0.03441910 0.01720776
v 0.13710152 0.03551996 0.02084079
v 0.14601582 0.03356681 0.02332188
v 0.14312488 0.03408373 0.02157400
v -0.08327653 -0.06807438 -0.02185092
v -0.09068342 -0.05860776 -0.01867907
v -0.09293358 -0.05319944 -0.01790187
v -0.09865453 -0.06575494 -0.01755761
v -0.10077318 -0.06233200 -0.01926992
v -0.09331767 -0.06180008 -0.01789096
v -0.09142823 -0.06539669 -0.01743465
v -0.08799304 -0.03039667 -0.01359112
v -0.08814365 -0.07395171 -0.01481476
v 0.13523513 0.03007768 -0.01590949
v 0.13030763 0.02893621 -0.01797526
v 0.14426224 0.02938800 -0.01761632
v 0.14532089 0.03253682 -0.02039730
v 0.14957693 0.03025092 -0.01937388
v 0.04162344 0.00320830 0.03603303
v 0.02859950 0.00632794 0.03847262
v 0.01970060 0.01780243 0.03399592
v 0.01992039 0.01411865 0.03650806
v 0.01783399 0.01170467 0.03749527
v 0.04251337 0.00910195 0.03858609
v 0.03557117 0.01442667 0.04045469
v 0.02164134 0.00826722 0.03689349
v -0.00911075 0.02187724 0.03778097
v -0.05292099 0.02530429 0.04320774
v -0.06362589 0.01202442 0.04843424
v -0.04499340 0.02955485 0.04058133
v -0.06379761 0.02127925 0.04665378
v -0.06631882 0.02555777 0.04525587
v -0.05459069 0.03584437 0.03997576
v -0.03470146 0.02896510 0.04061697
v 0.00716781 0.02851047 0.03326343
v 0.00869902 0.01587298 0.03885490
v -0.07965390 0.03154549 0.04033537
v -0.07573682 0.03559520 0.03906646
v -0.07199968 0.03826584 0.03803842
v -0.06555692 0.03865780 0.03851498
v 0.03855881 0.05507326 0.00847832
v 0.03813373 0.05187023 0.01176809
v 0.03446373 0.04760770 0.01179355
v 0.03288277 0.05176401 0.00807478
v 0.03181179 0.04439016 0.01268687
v 0.04754730 0.05971042 -0.00874092
v 0.04214223 0.05372593 -0.01530648
v 0.04641130 0.05846298 -0.01326401
v 0.04793585 0.05960492 0.00910077
v 0.05381732 0.05541887 0.01991749
v 0.06222371 0.05616332 0.01892223
v 0.07069293 0.04911087 -0.01562268
v 0.09540963 0.03340060 0.01031897
v 0.10245503 0.03206824 0.01222241
v 0.12217820 0.03135067 0.01405915
v 0.11759093 0.03451056 0.00744891
v 0.12387658 0.03909115 -0.00571692
v 0.12747546 0.04161613 -0.00375101
v 0.01528326 0.01968943 0.03590737
v -0.04387230 0.04538426 -0.03252620
v -0.02637677 0.04293160 -0.03451913
v -0.03035966 0.03602794 -0.03949819
v -0.02619158 0.03854934 -0.03721131
v -0.01866655 0.03660677 -0.03704917
v 0.00612084 0.05592972 -0.00630677
v -0.04075946 0.06068415 -0.00085216
v -0.05973667 0.05207564 -0.00561071
v -0.07554252 0.04425647 -0.00475770
v 0.04256114 0.03428256 -0.01979714
v 0.04824599 0.05093962 -0.02093786
v -0.03434364 0.05301883 0.02279594
v -0.03394367 0.05028808 0.02688355
v -0.04448404 0.05391507 0.02361478
v -0.06075427 0.05421694 0.00930946
v -0.07384609 0.04109038 -0.03184561
v 0.01469559 0.04622102 0.01340039
v -0.00750317 0.04219598 0.02783216
v -0.05257634 0.04601120 0.03136528
v -0.06268821 0.04585706 0.03201684
v 0.13151684 0.04407814 -0.00345820
v 0.13875093 0.04923623 -0.00504542
v 0.14391038 0.05110962 -0.00947603
v 0.02238663 0.05108508 0.00727932
v 0.02010345 0.04752035 0.01100133
v 0.00086590 0.05618604 0.00591463
v 0.00730906 0.05509870 0.00422459
v 0.01499207 0.04886471 0.01016139
v 0.16565004 0.08798334 -0.00275211
v 0.16219459 0.08610510 0.00149480
v -0.04556908 -0.01485685 -0.03263987
v -0.04873355 -0.02468506 -0.01893902
v -0.06620444 -0.02392196 -0.01518971
v -0.03628650 -0.02900295 -0.01172112
v -0.05020250 -0.02329984 0.02183399
v -0.05257360 -0.02581028 0.01638264
v -0.02257834 -0.02806588 -0.00265773
v -0.02815784 -0.02785293 0.00458433
v -0.00691366 -0.02943721 0.01178026
v 0.00538033 -0.03529159 0.02755436
v 0.00461914 -0.03413209 0.02463075
v 0.01354026 -0.04637115 0.02912553
v 0.03774243 -0.03780893 0.02089660
v 0.04649885 -0.07121026 0.03171705
v 0.04875436 -0.07392782 0.03108457
v 0.02236549 -0.06167297 0.02618964
v -0.07015163 -0.03515283 -0.02370039
v -0.07196844 -0.03882199 -0.03277768
v -0.07289104 -0.03203070 -0.01688332
v -0.07186272 -0.02754240 -0.03860127
v -0.08527674 -0.06391659 -0.03467978
v -0.08168859 -0.04238388 -0.01777660
v -0.08802909 -0.03641992 -0.01523174
v -0.08636140 -0.06735203 -0.03576832
v -0.05260588 -0.00902796 -0.03842749
v -0.06012152 -0.01027461 -0.04230881
v -0.06506348 -0.02401394 -0.03728623
v -0.06630167 -0.01107840 -0.04338802
v -0.06797101 -0.02581313 -0.01584482
v -0.07520949 -0.02634737 -0.01185169
v -0.09495620 -0.01483067 0.00261230
v -0.08855308 -0.01628849 0.01225750
v -0.07701670 -0.02739562 0.01825364
v -0.07256483 -0.03623687 0.02129552
v -0.04698414 -0.01518973 0.02985241
v -0.06485176 -0.02973738 0.01555552
v 0.02808667 -0.02393751 0.01342258
v 0.01342672 -0.02882394 0.01215780
v 0.02021578 -0.02727639 0.00379409
v 0.02492794 -0.02767119 -0.00607365
v 0.00349244 -0.03193697 0.01246695
v 0.02413770 -0.02007653 -0.02179915
v -0.01682878 -0.02887203 -0.00526028
v -0.02302720 -0.02333233 -0.02173327
v 0.05077915 -0.07755654 0.02965167
v -0.00639404 -0.03091444 -0.02545167
v -0.00933799 -0.02621926 -0.02556572
v -0.05702134 0.00135552 -0.04384588
v 0.02422296 -0.02157642 -0.01746732
v 0.04417529 0.00377595 -0.01960697
v 0.03073469 0.00019023 -0.02579111
v 0.02243358 0.01890123 -0.03474970
v 0.01661844 0.01925784 -0.03743489
v 0.02666274 -0.01385650 -0.02474196
v 0.02592964 -0.02086993 -0.02918856
v 0.02648085 -0.02696234 -0.02870004
v 0.03478670 -0.05584845 -0.03958786
v 0.04243249 0.01010736 -0.02884705
v -0.00997354 0.03004622 -0.03657947
v 0.03900401 0.03116011 -0.02118900
v 0.03995936 -0.05475920 -0.03363644
v 0.02485726 -0.04983952 -0.03999435
v 0.01463921 -0.04428688 -0.03893587
v 0.01553594 -0.05754779 -0.03365502
v 0.01309443 -0.04784922 -0.03751208
v 0.03094505 -0.07963932 -0.04351365
v 0.04609806 -0.06852023 -0.03027629
v 0.03669142 -0.08088207 -0.04441511
v 0.04377467 -0.06614644 -0.03353674
v 0.02216772 -0.06340169 -0.03718922
v 0.02475370 -0.06705825 -0.03771022
v 0.02526896 -0.07062867 -0.03670084
v 0.01146564 -0.02117090 -0.03947665
v 0.00706673 -0.01232852 -0.04128252
v 0.03964360 -0.06704728 -0.03967602
v 0.04120009 -0.07386708 -0.04338303
v -0.10322435 -0.07412155 -0.03239712
v -0.10327458 -0.08107704 -0.02745040
v -0.09914749 -0.08368818 -0.02833757
v -0.10193542 -0.07400541 -0.01840317
v -0.10198482 -0.05608188 -0.03315006
v -0.10083146 -0.04523515 -0.02373075
v -0.10308976 -0.05280703 -0.02951856
v -0.09946462 -0.04083117 -0.02399621
v -0.08954031 -0.03023106 -0.03769405
v -0.08469879 -0.01334931 -0.04088539
v -0.10287991 -0.00180479 -0.02336344
v -0.09851785 -0.04448515 -0.02062132
v -0.10388881 -0.00002454 -0.01941450
v -0.10233654 -0.00438724 -0.00487760
v -0.09563496 0.02501973 -0.03184764
v -0.10865359 0.01372349 -0.00979416
v -0.12063618 -0.00030167 -0.00310341
v -0.08817272 0.03168097 -0.03377125
v -0.11598323 0.01938367 -0.00253465
v -0.11849478 -0.02818873 -0.00663956
v -0.12813202 -0.03641375 -0.00173957
v -0.12622640 -0.04173633 -0.00439107
v -0.12727083 -0.03547153 0.00228421
v 0.07018211 0.03973690 -0.02291784
v 0.08383171 0.00055602 -0.01036615
v 0.08937616 0.01913666 -0.01523948
v 0.11265121 0.01722380 -0.02021513
v 0.11429694 0.02382163 -0.02138718
v -0.01514978 -0.02289245 0.02018444
v -0.04008523 -0.01137136 0.03112174
v -0.04635779 0.00467808 0.04131771
v -0.00544385 -0.01362374 0.02888573
v 0.00008878 -0.02521461 0.02266074
v -0.01437472 0.00168409 0.03735332
v -0.05822842 0.00338112 0.04647934
v -0.05845780 -0.01748037 0.04201437
v -0.00015875 -0.01357699 0.03546819
v 0.00418574 -0.02420951 0.03495098
v 0.00157257 -0.01944655 0.03524590
v 0.01942859 -0.05770697 0.03238035
v -0.06735791 -0.02943931 0.04213492
v -0.05705327 -0.05211177 0.03152361
v -0.05794292 -0.05609095 0.03587478
v 0.09418796 0.01612659 0.01088612
v 0.09240847 0.02018627 0.01735632
v 0.09110838 0.02530802 0.01678372
v 0.06160719 0.00350650 0.02215638
v 0.06665774 0.00144079 0.02050373
v 0.06801961 -0.00168854 0.01868488
v 0.07189187 0.00468898 0.02005458
v 0.08191873 0.02218297 0.02143490
v -0.10272323 0.00101226 -0.00321915
v -0.10298090 0.00297251 0.00581878
v -0.10286113 0.00494241 -0.00005758
v -0.10755314 -0.01085239 -0.00554435
v -0.10096218 -0.00050372 0.02375653
v -0.08815886 -0.02783634 0.03037064
v -0.08618795 -0.03100362 0.02988479
v -0.09205016 -0.01801418 0.02504859
v -0.09396919 -0.01510618 0.02522603
v -0.08842314 -0.02489219 0.03345944
v -0.08024703 -0.04354108 0.02854788
v -0.06276871 -0.07712486 0.01688691
v -0.07545962 -0.07081507 0.02511165
v -0.10972311 0.01945932 0.00374933
v -0.10862782 -0.01980926 -0.00164841
v -0.12536135 -0.04259033 0.00493645
v -0.12270694 -0.03759292 0.00576619
v -0.12028330 -0.04286403 0.00239919
v -0.10533157 0.01747128 0.02065291
v 0.01367897 -0.03878666 -0.01672116
v 0.00812225 -0.03082405 -0.01349151
v 0.01896136 -0.05273730 -0.02004431
v 0.03570874 -0.05960190 -0.02272428
v 0.03371738 -0.04318894 -0.02479000
v 0.01543468 -0.05832686 -0.03034710
v 0.03969812 -0.05248392 -0.03028511
v 0.04457741 -0.07341745 -0.02025744
v 0.04659846 -0.07766706 -0.02023658
v 0.04247471 -0.06189349 -0.02914962
v 0.05198498 -0.08079984 -0.02768053
v 0.04001192 -0.05342392 -0.02807422
v 0.04184663 -0.05952628 -0.03194474
v -0.08712108 0.00212776 0.04206009
v -0.07791430 -0.03199255 0.03946411
v -0.07713364 -0.02323584 0.04206922
v -0.07710885 -0.07288646 0.03341124
v -0.07636974 -0.07655507 0.03146631
v -0.06865648 -0.07694521 0.04073700
v -0.07519395 -0.07924675 0.03459204
v -0.09457242 -0.00249854 0.03472351
v -0.09459046 0.01045479 0.03747363
v -0.09123158 -0.00077201 0.03861855
v 0.12248644 0.02106765 -0.01442810
v 0.10723940 0.01872216 0.00387332
v 0.13096237 0.02549228 -0.00980891
v 0.12852068 0.02401591 -0.00009578
v 0.12588990 0.02363502 0.00333156
v 0.12612522 0.02602386 0.00748453
v 0.12998906 0.02776240 0.00708564
v 0.13273895 0.02704491 0.00526677
v 0.13562019 0.02170682 -0.01866503
v 0.03313824 0.00506018 -0.03555896
v 0.02237929 -0.04349193 0.03945485
v 0.03737864 -0.07312544 0.04563289
v 0.04404342 -0.05531537 0.03317021
v 0.03827039 -0.08466416 0.04756703
v 0.05246782 -0.08078712 0.03524340
v -0.08166582 -0.07883769 -0.01689347
v -0.09735042 -0.08162206 -0.01588724
v 0.04216076 0.01265728 0.02131711
v 0.04952830 0.00548409 0.02189120
v 0.03290030 -0.01455048 0.00889710
v 0.15237407 0.04529630 -0.00685061
v 0.15373105 0.04849738 -0.00413061
v 0.16292401 0.07425415 -0.00584952
v 0.15412386 0.06845213 -0.01029190
v 0.17001547 0.08045291 -0.00659344
v -0.06170538 -0.05327203 0.03947609
v -0.06132126 -0.08519550 0.03808758
v -0.05702857 -0.07203860 0.03731532
v -0.05609630 -0.06785606 0.03137683
v -0.05531406 -0.06926276 0.02754026
v -0.05757454 -0.06459458 0.03563620
v 0.14718491 0.04830033 0.00431474
v 0.16731596 0.07750311 0.00150106
v 0.03025588 -0.00786950 0.02555567
v 0.01614097 0.00434845 0.03941442
v 0.04421018 -0.08365259 -0.02487882
v 0.04432347 -0.08307721 -0.03924061
v 0.04648021 -0.08297561 -0.03962457
v 0.02335208 -0.00969757 0.03169661
v 0.03035282 -0.01336660 0.02808922
v 0.11458103 0.02106356 0.01394888
v 0.12338509 0.02732241 0.01371493
v 0.12750238 0.02270494 0.01752340
v 0.14398833 0.03728240 0.02118127
v 0.14072509 0.02642409 -0.01778246
v 0.14129780 0.02939009 -0.01742683
v 0.14665861 0.02875594 -0.01757833
v -0.01265193 0.01743801 0.03942799
v -0.00386545 0.01895604 0.03667183
v -0.06010676 0.00989583 0.04781836
v -0.06265990 0.01478777 0.04815610
v -0.05680638 0.02707226 0.04411611
v -0.06715052 0.01602812 0.04815559
v -0.05740174 0.03626409 0.04068084
v -0.02535492 0.03185809 0.03873581
v 0.00555824 0.01105516 0.04015340
v 0.02268648 0.02952873 0.02584655
v 0.02996775 0.02549902 0.02213396
v -0.06511599 0.01885143 -0.04419035
v -0.07437108 0.04350965 0.03109924
v 0.05070796 0.04554113 0.02300350
v 0.04462196 0.04337608 0.01912689
v 0.03124440 0.05557502 -0.00007896
v 0.05350428 0.05962314 0.00678492
v 0.06642814 0.05388717 0.01671591
v 0.06723077 0.05608366 0.00472510
v 0.06012492 0.05842406 -0.00989842
v 0.05878035 0.05730904 -0.00398059
v 0.08415005 0.04250395 0.01606827
v 0.09038467 0.04492724 0.00085642
v 0.09143706 0.04456256 -0.00380880
v 0.09436045 0.04253457 0.00300593
v 0.08654238 0.04315599 -0.01008023
v 0.09390971 0.03968917 0.00565100
v 0.10243671 0.04226886 -0.00116317
v 0.10694169 0.04134630 0.00045671
v 0.09488321 0.04268478 -0.00533989
v 0.08201043 0.03385394 0.01802350
v 0.09521474 0.03710078 0.00744640
v 0.10037702 0.02950406 0.01488765
v 0.11933111 0.03176207 0.01607509
v 0.12533188 0.03729221 -0.00806515
v -0.00912635 0.04883945 -0.02353468
v -0.04811167 0.04799612 -0.02697572
v -0.03324443 0.04587184 -0.03321045
v 0.00512539 0.05641379 0.00095582
v -0.01225610 0.05858899 -0.00150135
v -0.02053320 0.05832251 -0.01118979
v -0.04786348 0.03466237 -0.03928636
v -0.03937246 0.02816788 -0.04383319
v -0.06509393 0.03711820 -0.03800990
v -0.07825121 0.03747154 -0.03442257
v 0.04515398 0.05290665 -0.01826044
v -0.03621300 0.06145417 0.00095898
v -0.05715688 0.05575646 0.00360933
v -0.06834432 0.04943574 0.00749738
v -0.08222421 0.04101999 0.00648418
v -0.08403441 0.04117502 -0.01240605
v 0.07991538 0.03884912 0.01879075
v 0.13725396 0.04494459 -0.00834540
v 0.13630168 0.04365367 0.00481516
v -0.01990368 0.03506684 0.03651359
v -0.02472202 0.03912179 0.03556587
v 0.02695377 0.04492232 0.01219678
v 0.01768074 0.05079783 0.00801146
v -0.09460490 0.03661177 0.00805844
v -0.08131878 0.04070930 0.01245939
v -0.08643391 0.03597267 0.03002341
v -0.07766268 0.04250478 0.02993201
v -0.07846981 0.04254380 0.00562804
v -0.09274811 0.03855805 -0.00680615
v 0.15940075 0.08251876 -0.00643739
v 0.15616840 0.08194440 -0.00465693
v 0.15610169 0.08387473 -0.00300897
v -0.04493054 -0.02396300 -0.02225923
v -0.04944953 -0.01116915 -0.03534684
v -0.05274040 -0.01328230 -0.03458758
v -0.05238299 -0.01539165 -0.03156055
v -0.03485257 -0.02253082 -0.02440847
v -0.03151568 -0.02479361 -0.02104121
v -0.04034841 -0.02752032 -0.00265187
v 0.03897650 -0.03652356 0.02886345
v 0.02198990 -0.06704339 0.03218243
v 0.01750856 -0.04973766 0.02365897
v 0.01615950 -0.05066781 0.02651006
v 0.01372498 -0.04610832 0.02509741
v 0.02233521 -0.04490330 0.01918165
v 0.01446951 -0.03111353 0.01442710
v 0.04336475 -0.06248959 0.02789868
v -0.07663963 -0.04809982 -0.02961893
v -0.08498349 -0.05473675 -0.02025344
v -0.08257153 -0.05961080 -0.02739736
v -0.08432864 -0.03347965 -0.03983439
v -0.09004841 -0.05797633 -0.03872024
v -0.08536387 -0.06402577 -0.02229491
v -0.04864389 -0.00660252 -0.03862849
v -0.03374204 -0.01184106 -0.03304528
v -0.03881415 -0.00592356 -0.03839001
v -0.05570591 -0.00505335 -0.04248015
v -0.06058757 -0.01537769 -0.04034195
v -0.09391462 -0.01559717 -0.00670818
v -0.08280723 -0.02274466 -0.00967114
v -0.02871067 -0.02221652 -0.02354721
v -0.09946888 -0.00718641 -0.01270995
v -0.09507861 -0.01152048 0.00956286
v -0.09536347 -0.00914223 0.01493325
v -0.07522782 -0.02261387 0.00234401
v -0.08699118 -0.02446484 0.02405127
v -0.07281019 -0.02921525 0.01761021
v -0.05571280 -0.03592449 0.03134644
v -0.05500582 -0.02814735 0.02325891
v -0.06899635 -0.03063596 0.01732902
v 0.07720461 -0.00418096 0.00573623
v 0.02559373 -0.02466619 0.01268856
v 0.01041230 -0.02968867 0.00305868
v 0.02947127 -0.02172801 -0.01335465
v 0.02991643 -0.02525981 -0.00662628
v 0.03399533 -0.02159796 -0.00415432
v 0.06386944 -0.00658775 -0.01386684
v 0.06905153 -0.00617284 -0.01103054
v 0.06313960 -0.00688875 -0.00867881
v 0.01548487 -0.02788493 -0.01164009
v -0.00504255 -0.02927765 -0.00379139
v 0.02645114 -0.06869438 0.02577667
v 0.04737667 -0.08109117 0.02374458
v -0.01905861 -0.02163095 -0.02378063
v -0.04890771 -0.00099129 -0.04123356
v -0.06907234 0.00351853 -0.04531209
v -0.03860670 0.00198340 -0.04268920
v -0.06209946 0.01447731 -0.04472261
v 0.03090636 0.01480169 -0.02943659
v 0.02841040 0.00116080 -0.03036426
v 0.03699245 0.02258151 -0.02498380
v 0.01599901 0.01550844 -0.03911636
v 0.00066385 -0.00440605 -0.04173487
v -0.00114866 0.00080826 -0.04067196
v 0.00312515 0.01992253 -0.03707132
v 0.02496268 -0.01647637 -0.03191923
v 0.02258191 -0.02225171 -0.03473394
v 0.02950342 -0.03836323 -0.03349228
v 0.03266738 -0.04768239 -0.03695861
v 0.03100061 -0.04863759 -0.03850058
v 0.03542209 -0.05330793 -0.03810759
v 0.03750025 -0.04927783 -0.03254025
v -0.00918629 0.03587110 -0.03380257
v -0.00759266 0.02396518 -0.03711709
v -0.01447425 0.03434732 -0.03675459
v -0.03933517 0.01906324 -0.04521487
v -0.02133763 0.00451547 -0.03866649
v 0.04730171 0.02953133 -0.02194046
v 0.02155514 -0.05812851 -0.03886749
v 0.01300870 -0.05534864 -0.03106808
v 0.04687729 -0.07360752 -0.03944458
v 0.03517459 -0.07584779 -0.04480442
v 0.02344017 -0.07049195 -0.03095791
v 0.01883780 -0.06278872 -0.03336338
v 0.01853322 -0.06251745 -0.03039094
v 0.02620153 -0.01102856 -0.03062607
v 0.00588235 -0.03423376 -0.03890247
v 0.00055444 -0.02225988 -0.04045227
v 0.00816602 -0.01708541 -0.04043581
v 0.00355240 -0.02645221 -0.03977986
v -0.00409165 -0.03498787 -0.02816436
v 0.04199329 -0.06567357 -0.03669747
v 0.03713825 -0.06996210 -0.04246826
v -0.09442280 -0.05489698 -0.03808695
v -0.10055695 -0.06547446 -0.03534362
v -0.10495836 -0.06303632 -0.03057658
v -0.10174555 -0.08304707 -0.02825389
v -0.10500444 -0.06371944 -0.02233048
v -0.08666938 -0.03764573 -0.03910600
v -0.10499385 -0.05654463 -0.02669043
v -0.10433424 -0.05664849 -0.02397461
v -0.10238713 -0.04847845 -0.02343181
v -0.09843239 -0.03815830 -0.02716096
v -0.09400991 -0.02726123 -0.03306397
v -0.09223256 -0.02007045 -0.03532347
v -0.09863002 -0.01277839 -0.02901264
v -0.08504872 0.01234497 -0.04116365
v -0.09953558 0.00147960 -0.02940444
v -0.09967669 -0.01812985 -0.02028502
v -0.10155415 -0.01450355 -0.02036074
v -0.10354026 -0.00478412 -0.02092101
v -0.10135420 -0.00702799 -0.00712020
v -0.10514563 -0.00020502 -0.00754166
v -0.08984853 0.02707023 -0.03531197
v -0.10511182 0.00376013 -0.00917223
v -0.11971331 0.00169085 -0.00516620
v -0.11824329 -0.01487022 -0.00662942
v -0.10585970 0.01387260 -0.01834430
v -0.08499872 0.03026487 -0.03659673
v -0.10653117 0.01655231 -0.01273497
v -0.11401251 0.02229023 -0.00252932
v -0.12021677 -0.00433548 -0.00048770
v -0.11187928 -0.01815427 -0.00771540
v -0.11818439 -0.02277018 -0.00751902
v -0.11736045 -0.02520890 -0.00710870
v -0.12283470 -0.03907491 -0.00641021
v -0.11739641 -0.03301111 -0.00617756
v -0.12268724 -0.02156103 0.00101222
v -0.11973011 -0.00146592 -0.00047904
v 0.07031614 0.03371719 -0.02525230
v 0.08072422 0.04268847 -0.01761041
v 0.08503550 0.02429935 -0.01714667
v 0.09218197 0.02461042 -0.01549689
v 0.08884933 0.01646913 -0.01410335
v 0.08328743 0.01482145 -0.01707579
v 0.08927201 0.00570197 -0.01187206
v 0.09371056 -0.00178693 -0.00704227
v 0.09391755 0.02118471 -0.01595570
v 0.09653734 0.02784210 -0.01469108
v 0.11072580 0.02638040 -0.01520994
v 0.13798353 0.02424385 -0.02302034
v 0.13329108 0.02970938 -0.01904535
v 0.07083727 0.01480802 -0.02386362
v 0.07449252 0.01930430 -0.02405864
v 0.02888787 0.01652954 -0.04638012
v 0.03716630 0.01315828 -0.04416917
v -0.00338963 -0.01907632 0.02683516
v -0.01094789 -0.01650484 0.02571405
v -0.03474243 -0.00324880 0.03783201
v -0.02714824 -0.00365704 0.03670571
v -0.00290164 -0.01962297 0.03001900
v -0.01948448 -0.00084023 0.03698403
v -0.05619477 0.00838716 0.04636836
v -0.00269818 -0.00165628 0.03721095
v -0.05999688 -0.04611943 0.03713180
v -0.05214818 -0.02460594 0.03446760
v -0.05181833 -0.01553166 0.03799094
v 0.02685790 -0.06111647 0.04187598
v 0.09670774 0.01708998 0.01226096
v 0.09559980 0.02232042 0.01770177
v 0.11339617 0.01875382 0.01589437
v 0.04771150 0.02219313 0.03814097
v 0.06062928 -0.00031838 0.02060588
v 0.06824216 0.01531632 0.02388089
v 0.06726772 0.01950663 0.02486890
v 0.04020619 0.01746048 0.04000378
v 0.07437889 0.03231505 0.02380143
v 0.13780223 0.03159146 0.02787392
v -0.09773941 -0.00991030 0.00661102
v -0.10065457 -0.00295379 0.01241426
v -0.10140551 0.00067278 0.00319711
v -0.10537700 0.00597425 0.00164663
v -0.09895287 -0.00392756 0.01641914
v -0.10544968 0.00780741 0.01234200
v -0.10192258 0.00114957 0.01919292
v -0.10001179 -0.00314518 0.02370013
v -0.08444372 -0.02952125 0.02462071
v -0.08662061 -0.02623517 0.03573326
v -0.09350106 0.01820554 0.03803097
v -0.08111642 -0.03746335 0.02663877
v -0.07373135 -0.04865374 0.02322738
v -0.10786829 0.01545154 0.00493079
v -0.10992000 -0.01689819 -0.00646903
v -0.12590805 -0.03858045 0.00475637
v -0.10557820 0.00951155 0.01722741
v -0.09966618 0.01268960 0.03176342
v -0.05411151 -0.07460564 0.02104926
v -0.05647639 -0.07508612 0.01857588
v 0.03185570 -0.03978725 -0.02955112
v 0.01505134 -0.02833777 -0.01553781
v 0.01821125 -0.04683517 -0.01855945
v 0.01920104 -0.04224700 -0.01824998
v 0.02799916 -0.04223907 -0.02062861
v 0.03049833 -0.04724041 -0.02056001
v 0.02076186 -0.06167367 -0.02385720
v 0.02423253 -0.06002162 -0.02153916
v 0.03154691 -0.06834847 -0.02038823
v 0.03804469 -0.04870290 -0.02634138
v 0.03829222 -0.04891568 -0.02874059
v 0.02752796 -0.07037365 -0.02245864
v 0.03192370 -0.07565553 -0.01861088
v 0.03565594 -0.08348136 -0.01864559
v 0.05046435 -0.07412511 -0.02834310
v -0.00238366 -0.03698859 -0.02433650
v -0.07438193 -0.00089096 0.04780213
v -0.07163306 -0.03593250 0.04116074
v -0.07434203 -0.03750014 0.03967773
v -0.08300306 -0.02297873 0.03918522
v -0.07440434 -0.04127474 0.03868876
v -0.06914801 -0.06455290 0.04058339
v -0.07538697 -0.07579740 0.03471145
v -0.07345907 -0.08159263 0.03730707
v -0.06418251 -0.08373296 0.02251939
v -0.06842034 -0.08452147 0.03039747
v -0.07586595 -0.08361685 0.03278299
v -0.06999317 -0.08595318 0.03742174
v 0.09957646 0.01583887 -0.01407342
v 0.10694987 0.01539197 -0.01239615
v 0.10014413 0.01698140 -0.00316859
v 0.11318973 0.01584551 -0.01572989
v 0.13218090 0.02556916 -0.00648684
v 0.13598916 0.02774776 -0.00874302
v 0.12360121 0.01821996 -0.02106662
v 0.04383520 0.00563977 -0.03043914
v 0.03539419 0.00913470 -0.03227834
v 0.05694140 0.04934638 -0.03286947
v 0.03239158 -0.04827677 0.04074676
v 0.04038359 -0.06590287 0.04246322
v 0.04372579 -0.05932019 0.03789608
v 0.04253419 -0.06118793 0.04002497
v 0.04032819 -0.06104725 0.04196956
v 0.03923700 -0.08642137 0.02469823
v 0.03539618 -0.08621868 0.04063559
v 0.02542502 -0.08452687 0.03469117
v 0.05194997 -0.07830735 0.03584204
v 0.04889170 -0.00961334 0.00267502
v 0.03239853 -0.00582673 0.01445151
v -0.05326512 -0.08326913 0.03082880
v -0.06415848 -0.08611040 0.03844281
v -0.05028351 -0.08026480 0.03396602
v 0.03709762 0.01904084 0.02669075
v 0.12517411 0.03192906 0.00782295
v 0.13797718 0.03205188 0.00559135
v 0.13629755 0.03501833 0.00641118
v 0.15531725 0.06017648 0.00140823
v 0.15407625 0.05741654 0.00240028
v 0.16479845 0.07729062 0.00289460
v 0.16488594 0.08221668 0.00504741
v 0.00714395 -0.00139591 0.04116623
v 0.03786534 -0.08305706 -0.03730499
v 0.05083547 -0.08259875 -0.02654887
v 0.03651279 -0.08307359 -0.04324081
v 0.03604068 -0.03951587 0.03586367
v 0.03235551 -0.00952145 0.01712907
v 0.02225860 -0.02801044 0.03781142
v 0.11113963 0.02039140 0.01334591
v 0.02810875 0.02483257 0.04143421
v 0.01993366 0.01160178 0.03861256
v 0.03842723 0.00519219 0.03810685
v 0.03451308 0.00874848 0.04000870
v -0.00862401 0.01306383 0.03844388
v 0.00079587 0.00350895 0.03955739
v -0.04759006 0.03729419 0.03776335
v 0.09807430 0.03279876 0.01100366
v 0.04241166 0.03780017 0.03807454
v 0.11387388 0.03836425 -0.00604690
v 0.12614295 0.04221348 -0.00102667
v -0.02329561 0.03431875 -0.03862391
v -0.05948390 0.03643699 -0.03792050
v 0.14961079 0.06350881 -0.00940372
v -0.03361147 -0.02692682 -0.00040500
v -0.03284366 -0.02847339 0.00777498
v -0.08449326 -0.06625976 -0.03353351
v -0.08377939 -0.06279650 -0.03147941
v -0.03958560 -0.00107100 -0.04145223
v -0.08009743 -0.02246676 0.01197418
v 0.02857817 -0.02267119 0.00747618
v 0.01626612 -0.03890202 0.01792734
v 0.05811148 -0.00801522 -0.00260139
v 0.00691628 -0.03168317 -0.00867532
v 0.03736768 -0.01375416 -0.01162788
v 0.03369334 -0.00243199 -0.01662870
v 0.02918842 -0.01062529 -0.01901486
v 0.04899123 -0.00401092 -0.01234008
v 0.00976469 0.00940698 -0.04133855
v 0.01982469 -0.00558562 -0.03803363
v 0.01023138 -0.00573046 -0.04133965
v 0.03551565 -0.04889142 -0.03536354
v -0.02972300 0.02179619 -0.04343783
v 0.05171141 -0.07695097 -0.03393832
v -0.10601895 -0.06726424 -0.02901479
v -0.09961873 -0.04721015 -0.02121648
v -0.10054689 -0.04590595 -0.02235621
v -0.08982839 -0.02341161 -0.01205975
v -0.11898309 -0.00533934 -0.00648329
v -0.12576504 -0.03078576 0.00131211
v 0.07416987 0.04610806 -0.01667088
v 0.07220121 0.00594215 -0.02119916
v 0.04831383 0.03897416 -0.04207707
v 0.04011397 0.02050286 -0.04441407
v -0.03369684 0.00089732 0.03998499
v -0.01557259 -0.00586956 0.03363907
v 0.00574727 -0.01696977 0.03754304
v 0.05903856 0.01211001 0.02943528
v -0.09985339 -0.00942216 -0.00559998
v -0.10404452 0.00570382 0.00341608
v -0.11358611 -0.01528692 0.00260782
v -0.07804893 -0.04291332 0.02514689
v -0.07729595 -0.07146960 0.02847353
v -0.07254004 -0.05644965 0.02334009
v -0.06457280 -0.07295041 0.01811869
v -0.12757905 -0.04325183 0.00225018
v -0.11347909 -0.03440123 0.00072113
v -0.11860736 -0.04068996 0.00340203
v -0.10577100 0.02582121 0.01137840
v 0.00473562 -0.03930475 -0.01766773
v 0.02663048 -0.03060012 -0.02583906
v 0.01200798 -0.05364899 -0.02832760
v 0.03443541 -0.05480172 -0.02166332
v 0.03901779 -0.08365101 -0.02041428
v 0.05192023 -0.07934561 -0.02612974
v -0.08048673 -0.03386565 0.03610123
v -0.07637955 -0.04012803 0.03730997
v 0.09426482 0.01660383 -0.00750130
v 0.11287736 0.02023309 -0.00904022
v 0.13379355 0.02773968 -0.01136029
v 0.14115283 0.03084430 0.00100050
v 0.03968603 0.04053072 -0.04034978
v 0.03017657 -0.04098751 0.03898376
v 0.04394671 -0.06739435 0.03948057
v 0.04825713 -0.08067954 0.04535761
v 0.04600085 -0.08693495 0.04314331
v -0.07970646 -0.08029482 -0.02053854
v 0.16818257 0.07898577 -0.00851722
v -0.05831886 -0.06664571 0.03680465
v -0.05163596 -0.07557856 0.02547091
v 0.14599660 0.03736569 0.00318633
v 0.15448390 0.05337710 0.00137327
v 0.01942966 0.00449021 0.03751392
v 0.12774736 0.03311885 0.01544245
v -0.09501300 -0.07646295 -0.01440568
v 0.02630251 0.02106375 0.02817177
v 0.03083112 0.01433010 0.04077480
v -0.00843846 0.02693021 0.03614253
v -0.05007495 0.02172663 0.04291693
v -0.06290912 0.00404630 0.04798908
v -0.07169773 0.02748042 0.04399975
v -0.00094881 0.02601959 0.03396166
v -0.00944531 0.03774134 0.03169418
v 0.00636838 0.00759306 0.04097344
v -0.08552176 0.01835331 0.04333276
v -0.08986623 0.03087356 0.03323730
v -0.09787276 0.02573246 0.02807514
v -0.08396664 0.03206198 0.03790455
v -0.07132985 0.03377078 0.04103263
v -0.07080824 0.04414791 0.03196913
v 0.04605598 0.03620625 0.02999045
v 0.03823812 0.04553817 0.01451629
v 0.04312318 0.05773048 -0.00949533
v 0.09076030 0.04521149 -0.00108328
v 0.11612725 0.02973083 0.02010306
v 0.10282531 0.04001987 -0.00630640
v 0.12038741 0.03982835 -0.00390352
v 0.13206853 0.04098893 0.00496676
v -0.00171171 0.05381350 -0.01346345
v -0.04615344 0.05214581 -0.02286055
v -0.03559182 0.04833516 -0.03085647
v 0.00459426 0.03618455 -0.02944718
v -0.05633845 0.02832178 -0.04130384
v 0.03428969 0.03574135 -0.02101355
v 0.02872430 0.03715000 -0.02227930
v 0.02744324 0.04797293 -0.01503247
v 0.04716208 0.05664218 -0.01670023
v 0.04989045 0.04727946 -0.02272277
v 0.05432523 0.05811287 -0.01826244
v 0.01839788 0.04639575 -0.01684564
v -0.02126457 0.05936439 0.00507524
v -0.04925344 0.05319576 0.02378604
v -0.08221187 0.04222226 -0.00337915
v -0.02675587 0.04932135 0.02655698
v -0.06625633 0.04641883 0.03011259
v -0.06949928 0.04874703 0.02340955
v -0.06535473 0.04967708 0.02512170
v 0.12613779 0.03177586 -0.01082129
v 0.13249886 0.04025915 -0.00901587
v 0.14172600 0.05522759 -0.00205344
v 0.14727703 0.05627001 -0.00978837
v 0.01067315 0.04916411 0.01130335
v -0.01481137 0.05715816 0.00953846
v -0.09631247 0.03326537 0.01780142
v -0.07582286 0.04399531 0.01777302
v -0.07464492 0.04461519 0.01080700
v 0.15912654 0.08400398 0.00184603
v -0.06074812 -0.02363165 -0.03187713
v -0.04863257 -0.02705311 -0.01361406
v -0.05632973 -0.01422882 -0.03722845
v -0.04527065 -0.01089450 -0.03562236
v -0.01744816 -0.02728090 0.01191289
v -0.01167349 -0.02755157 0.01323754
v 0.02452166 -0.05245386 0.02168328
v 0.03747290 -0.04377417 0.02183858
v 0.01894146 -0.03343856 0.01502865
v 0.02537501 -0.03149909 0.01524919
v 0.02328130 -0.06949354 0.02983990
v -0.06258769 -0.02629797 -0.02932611
v -0.06759100 -0.02766405 -0.03617696
v -0.07708755 -0.03699419 -0.01738779
v -0.07816057 -0.04987818 -0.03173328
v -0.07648368 -0.04287780 -0.03545114
v -0.07515603 -0.02477300 -0.04010947
v -0.08047210 -0.04865340 -0.02112775
v -0.08056957 -0.03561633 -0.01536993
v -0.05911247 -0.02000095 -0.03487651
v -0.05962144 -0.01803804 -0.03781476
v -0.09628020 -0.01229691 -0.00872778
v -0.07355962 -0.02875976 -0.01407240
v -0.09226843 -0.01395864 0.01083652
v -0.06202026 -0.05390187 0.02202412
v -0.06775086 -0.03233106 0.01814249
v 0.03319608 -0.02712478 0.01655134
v 0.02156933 -0.02613534 0.01189338
v 0.01046828 -0.03010498 0.00686517
v 0.00088807 -0.03030399 0.01459622
v 0.01937167 -0.02540204 -0.01540966
v -0.01360429 -0.02902330 -0.01085991
v -0.01423184 -0.02437742 -0.01996409
v 0.03531171 -0.06923708 0.02345517
v 0.04799999 -0.08523158 0.02506345
v 0.04918376 -0.08346220 0.02509582
v 0.02719592 0.02116591 -0.03143546
v 0.01885248 0.01560618 -0.03785345
v 0.02593445 -0.02965352 -0.03352809
v -0.03245078 0.02557521 -0.04372257
v -0.02398411 0.02691704 -0.04050846
v -0.04333329 0.01047914 -0.04460158
v 0.03247072 -0.05807411 -0.04073252
v 0.03358008 -0.06322159 -0.04104170
v 0.04639244 -0.07689553 -0.04201793
v 0.03358266 -0.07895958 -0.04419432
v 0.00862567 -0.04939537 -0.03248469
v -0.10595865 -0.06578068 -0.02451378
v -0.10011844 -0.04444487 -0.02702509
v -0.09417299 -0.03108100 -0.03376736
v -0.09942956 -0.04236168 -0.02206790
v -0.09898552 -0.03934751 -0.02172259
v -0.07841519 0.02658773 -0.04055957
v -0.10224939 -0.00215926 -0.01266889
v -0.11400395 -0.00929072 -0.00794810
v -0.10658036 0.01310463 -0.01099778
v -0.11718205 0.00039242 -0.00752587
v -0.12015904 0.00285636 -0.00296183
v -0.06734964 0.03007614 -0.04141938
v -0.08283374 0.02574405 -0.03926045
v -0.10174434 0.02024415 -0.02642504
v -0.10592077 0.00806004 -0.01697446
v -0.10051531 0.02562786 -0.02434390
v -0.10384720 0.02533895 -0.01685662
v -0.10375807 0.02874785 -0.01278270
v -0.12046119 -0.00913483 0.00052403
v -0.12110044 -0.02245110 -0.00509637
v -0.12191743 -0.02228783 0.00215184
v -0.12327264 -0.02290535 -0.00113968
v -0.11483704 -0.02473404 -0.00722364
v -0.12486973 -0.04323139 -0.00321044
v -0.12781627 -0.04266707 -0.00073950
v -0.10689893 0.03184788 0.00007314
v 0.08686107 0.02148098 -0.01685210
v 0.07804363 0.00398152 -0.01781983
v 0.09752544 0.02098456 -0.01690033
v 0.07387638 0.00184063 -0.01925492
v 0.06881201 0.00003730 -0.02046625
v 0.06148772 0.02512943 -0.02776773
v 0.05611819 0.03516530 -0.03547084
v 0.04617280 0.04183404 -0.04379782
v 0.04250315 0.02646015 -0.04435262
v 0.02879095 0.00654437 -0.04074876
v -0.02986016 -0.01640325 0.02742871
v -0.02791599 -0.00009146 0.03869202
v -0.00203055 -0.02369606 0.02947378
v -0.00999920 -0.00870935 0.03136450
v -0.00501700 -0.00666121 0.03365643
v -0.01136043 -0.00291479 0.03490442
v -0.05485117 0.00395862 0.04528222
v 0.00134930 -0.03008479 0.02765363
v 0.00411574 -0.02826716 0.03337106
v 0.01747198 -0.04081215 0.03770302
v 0.01664145 -0.05074746 0.03169187
v 0.02118385 -0.06407872 0.03321360
v -0.05714037 -0.03144017 0.03722558
v -0.05619505 -0.06082433 0.02911308
v -0.05431621 -0.02917608 0.03308467
v -0.05209073 -0.02580594 0.03291688
v 0.02477032 -0.06987964 0.03835822
v 0.09039372 0.00084576 0.00914808
v 0.07955604 0.00345295 0.01645063
v 0.07615649 0.01047508 0.02011635
v 0.10626747 0.02156552 0.01954797
v 0.10792176 0.01873992 0.01758665
v 0.13458128 0.03163919 0.02723365
v 0.12680374 0.02138625 0.02058037
v -0.09616613 -0.01233511 0.00534563
v -0.09920092 -0.00961010 -0.00298992
v -0.10727966 0.00226397 -0.00012588
v -0.10298074 0.00276925 0.01426470
v -0.09563293 -0.00946146 0.02772017
v -0.08000398 -0.04091651 0.03188531
v -0.05914864 -0.08330370 0.01970089
v -0.07384611 -0.07549517 0.02213525
v -0.07564777 -0.06648076 0.02535073
v -0.07665485 -0.05979982 0.02614215
v -0.11362105 -0.02664600 0.00151934
v -0.12428412 -0.04093465 0.00566146
v -0.09508057 -0.00693052 0.03168902
v 0.01836144 -0.03531615 -0.01803899
v 0.01722641 -0.05909345 -0.02602185
v 0.03678571 -0.05261720 -0.02298254
v 0.03212834 -0.08067733 -0.01890601
v 0.03781080 -0.08287994 -0.01759755
v 0.04572323 -0.08222018 -0.02000959
v 0.04593683 -0.08322341 -0.02178235
v -0.08230730 -0.02968759 0.03751928
v -0.09098503 0.01093401 0.04056196
v -0.08042099 -0.03787397 0.03195195
v -0.07755905 -0.04217161 0.03580570
v -0.07091600 -0.05799437 0.04046543
v -0.07636552 -0.07536791 0.02860197
v -0.07294944 -0.08451335 0.02949892
v -0.06468461 -0.08411329 0.03105677
v -0.09606600 0.01421433 0.03598018
v 0.12077240 0.02265483 -0.01218745
v 0.13699630 0.02384344 -0.01764019
v 0.03656179 -0.05130911 0.04083219
v 0.03027217 -0.07591148 0.04378960
v 0.04940863 -0.07655843 0.04179456
v 0.02513123 -0.08102595 0.03293313
v 0.02654914 -0.08584300 0.03337992
v 0.02813233 -0.08627530 0.03020766
v 0.05161641 -0.07899960 0.04038697
v -0.08053137 -0.07032908 -0.03204501
v -0.07841420 -0.07412317 -0.03007809
v -0.08147547 -0.08068632 -0.03539292
v 0.04505759 -0.01245551 0.00055800
v 0.14256041 0.04296203 -0.01111470
v 0.15762040 0.06515735 -0.00401976
v 0.15668282 0.06220277 -0.00756511
v 0.17027846 0.08262302 -0.00403640
v 0.17025061 0.08601390 -0.00157554
v -0.06104184 -0.08409289 0.04110620
v -0.06123647 -0.07889338 0.04159525
v -0.05479856 -0.07045373 0.03091659
v 0.04053088 0.01585899 0.02612901
v 0.15447739 0.05045251 -0.00139302
v 0.16141537 0.08047753 0.00478162
v 0.03104469 -0.08342279 -0.03681052
v 0.04570591 -0.08346406 -0.02957793
v 0.03586546 -0.08326608 -0.04076555
v 0.03441712 -0.02699028 0.03129914
v 0.03552040 -0.02541859 0.02773226
v 0.02342854 -0.00626661 0.03106926
v 0.01902795 -0.02224598 0.03755235
v 0.02278956 -0.01880275 0.03540056
v 0.02382512 -0.01393160 0.03286588
v 0.13489109 0.03209936 0.01848312
v 0.13657162 0.03077093 -0.01814190
v 0.14700583 0.03142084 -0.01839117
v 0.02419969 0.02444137 0.02763990
v 0.10496199 0.03115580 0.01209709
v 0.02319961 0.04360682 -0.01890224
v 0.02184219 0.05257368 -0.00994794
v -0.06623511 0.05125394 0.01288292
v 0.13942756 0.05112072 -0.00250610
v -0.02173788 0.04379449 0.03214589
v -0.08738877 0.03677593 0.02427057
v -0.02298691 -0.02892240 -0.01239914
v -0.06935364 -0.02914012 -0.01785922
v -0.07751878 -0.03838209 -0.03771942
v -0.07097262 -0.02308345 -0.00340166
v -0.06019978 -0.03562791 0.02056623
v -0.01912881 -0.02538438 -0.01924198
v -0.06203173 0.00642639 -0.04507613
v 0.02133399 -0.03363819 -0.03725787
v -0.09825554 -0.05230642 -0.03540513
v -0.10335866 -0.05199116 -0.02316549
v -0.09744013 -0.03247044 -0.02737325
v -0.10518306 0.00496798 -0.01627020
v -0.10747480 0.00565159 -0.00887957
v -0.03595017 -0.01932739 0.02479423
v 0.08716899 -0.00250369 0.00611407
v 0.07267290 0.00093584 0.01864033
v -0.10710070 0.01996794 0.01172459
v 0.03038056 -0.03741872 -0.02715993
v -0.00222674 -0.03183944 -0.01561725
v 0.04287075 -0.06599825 -0.02517866
v -0.06752272 -0.04857456 0.04120125
v 0.10473466 0.01615852 -0.00884480
v 0.13476118 0.02133458 -0.02243593
v 0.06121504 -0.00896513 0.00522270
v -0.05802088 -0.08338281 0.02392247
v -0.06203929 -0.08441630 0.03440285
v 0.02774603 -0.02157918 0.03411432
v 0.02757049 -0.01285785 0.03015865
v 0.07477333 0.04813069 -0.01169715
v -0.04437039 0.03803989 -0.03844501
v -0.05982778 0.05021652 -0.01025682
v -0.01496358 0.04920864 0.02398953
v -0.05364768 -0.02450138 -0.01589506
v 0.04446757 -0.05983559 0.03157476
v -0.06403030 -0.02759722 -0.03172703
v -0.08431453 -0.05841286 -0.03602283
v -0.07976414 -0.02863078 -0.04012619
v 0.04410543 -0.07834010 -0.04362020
v -0.09652860 -0.03626439 -0.03128261
v -0.08716656 0.00753358 -0.04068410
v -0.06535558 0.02614936 -0.04258662
v 0.10612717 0.02946435 -0.01340685
v 0.09897668 0.02536731 -0.01639261
v -0.00840937 -0.02219911 0.02102719
v 0.08267425 0.00263849 0.01350909
v 0.11718431 0.02195092 0.02140965
v -0.10594105 0.00426243 -0.00153079
v -0.11106199 -0.02596266 -0.00133620
v -0.10574465 0.02073912 0.01675413
v 0.03872795 -0.05169133 -0.02546857
v -0.06497167 -0.04108146 0.04096138
v 0.13603485 0.02868558 0.00496368
v 0.03433178 -0.08639149 0.02555551
v 0.15418321 0.05664390 -0.00974561
v -0.05698720 -0.06794857 0.03439772
v 0.15033416 0.06230083 0.00358224
v 0.03496100 -0.01998533 0.02095463
v 0.02041627 -0.01447123 0.03505793
v 0.03281950 0.02664207 0.04097788
v -0.03420899 0.01381864 0.04236900
v 0.00564104 0.02421920 0.03529673
v -0.08537512 0.03450183 0.03437285
v 0.09420732 0.03686793 -0.01052166
v 0.00282640 0.03015553 -0.03271390
v 0.02723449 0.05144615 -0.01145818
v -0.02526165 0.05537208 0.01603390
v -0.06554756 0.05159893 0.01829831
v -0.06110419 0.03938057 -0.03578556
v 0.00017659 0.04903816 0.01783239
v 0.00651317 0.05022994 0.01248058
v -0.01915622 -0.00919064 -0.03274505
v 0.01799834 -0.02904288 -0.03785321
v -0.00872190 0.00889883 -0.03828767
v 0.01609061 0.02957533 -0.03123819
v -0.10401828 0.00020146 -0.00908123
v -0.12083469 -0.01834560 -0.00514468
v -0.11230043 -0.02864383 -0.00223574
v -0.12730677 -0.03816389 -0.00381095
v -0.03788218 0.00349167 0.04086193
v -0.00386961 -0.01041971 0.03256525
v -0.07043178 -0.01192761 0.04586056
v 0.02173704 -0.05326055 0.03850077
v -0.10176124 0.00431323 0.02643310
v 0.03173345 -0.08369261 -0.02384284
v -0.09643681 0.00456715 0.03480840
v -0.07869840 -0.07765624 -0.01956327
v -0.09123078 -0.08219423 -0.02397259
v -0.09074042 -0.08146130 -0.03747822
v -0.05849528 -0.07686515 0.04039136
v 0.03032191 -0.08358203 -0.03022517
v 0.04690390 -0.08174627 -0.04263721
v 0.11036609 0.02228422 0.00950956
v 0.00132803 0.02099343 0.03620415
v -0.01690214 0.03090746 0.03724116
v -0.07296110 0.01139044 0.04821482
v 0.01927900 0.03198063 0.02644525
v 0.01333728 0.01278746 0.03885039
v -0.09649613 0.02956499 0.02569965
v 0.02395141 0.05374687 0.00300236
v 0.10746603 0.03150035 0.01084253
v 0.10609806 0.03481669 0.00911488
v 0.02055768 0.01611128 0.03733674
v 0.00116416 0.04793597 -0.02029928
v -0.05423453 0.05116364 -0.01505239
v 0.00372864 0.05676414 -0.00278481
v -0.04162765 0.02404021 -0.04450560
v -0.06010571 0.03224738 -0.04032074
v -0.05679399 0.05587664 0.01361351
v -0.07257991 0.04676706 0.01907923
v -0.07598354 0.04415623 -0.01173188
v -0.05907160 0.04138527 -0.03292072
v 0.15125281 0.06721506 -0.00961581
v -0.05504029 -0.01699572 -0.03121510
v -0.06350936 -0.02359418 -0.01779087
v 0.00083216 -0.02825478 0.01747978
v 0.03042871 -0.02354813 0.00350825
v 0.03756860 -0.08497911 0.02269214
v 0.05074691 -0.08389649 0.02695345
v 0.03357846 -0.01264326 -0.01505332
v -0.00626806 -0.01957765 -0.03906471
v 0.01136966 -0.04445454 -0.03807110
v 0.00138064 -0.02795168 -0.03921415
v -0.09185900 0.00604708 -0.03837105
v -0.10239828 -0.01211137 -0.02114265
v -0.09567755 -0.02191347 -0.01578185
v -0.09862541 -0.00906258 -0.01407166
v -0.07402495 0.03172278 -0.03977638
v -0.11264753 0.02289695 -0.00532845
v -0.12364531 -0.04169885 -0.00511185
v -0.12738332 -0.04196203 -0.00288861
v -0.10528690 0.02941679 0.00763012
v 0.10152653 0.01641110 -0.01707159
v 0.06289646 0.00392704 -0.02247604
v 0.13086021 0.02941327 -0.01192984
v 0.04293405 0.03957518 -0.04463347
v -0.03593156 -0.01350832 0.02989881
v 0.01590323 -0.04317013 0.03634466
v 0.14683914 0.03335183 0.02590352
v -0.08720844 -0.02951962 0.02692511
v -0.08208106 -0.03486524 0.03111286
v -0.09713300 0.01780972 0.03429288
v -0.11536277 -0.02236275 0.00281971
v -0.09985454 0.00028650 0.02770226
v 0.02658065 -0.05431976 -0.01988768
v 0.03506694 -0.06834225 -0.01995034
v 0.03964483 -0.07383082 -0.01785259
v 0.11109533 0.02139674 0.00723223
v 0.12975191 0.02027054 -0.02239701
v 0.03109665 0.01666858 -0.03926096
v 0.04220058 -0.07353614 0.04489046
v 0.04882040 -0.08628446 0.02762474
v -0.07780383 -0.07706006 -0.02467604
v -0.05841736 -0.08435202 0.03573931
v -0.05395058 -0.08320013 0.02508875
v 0.02344894 -0.00477253 0.03128105
v 0.03838832 -0.08359673 -0.02474844
v 0.03452678 -0.02302534 0.02873538
v 0.02861691 0.02245025 0.02489824
v -0.02632440 0.01079901 -0.04090219
v -0.10361338 0.00112068 -0.01500780
v 0.03999900 -0.01400828 0.00355877
v 0.15652570 0.06293121 -0.00050843
v 0.02604365 -0.08174530 -0.03508089
v -0.01133306 0.05779391 -0.00582697
v -0.07256749 0.03621430 -0.03766195
v -0.00128467 -0.02378037 0.02526469
v -0.09943001 -0.00876331 -0.00921054
v -0.01857714 -0.01861952 -0.02666480
v 0.02572063 -0.00766288 -0.03243562
v -0.04564300 0.01889728 -0.04430790
v -0.10573533 -0.07132918 -0.02316068
v -0.11777589 0.00631355 -0.00654940
v -0.12135541 -0.04202543 -0.00414597
v 0.12825006 0.02317881 -0.02339121
v 0.07982741 0.01779564 0.02121999
v 0.02974618 -0.06219388 0.04320434
v 0.15175258 0.04447474 -0.00107739
v -0.03524398 0.03779372 0.03778220
v -0.06396683 0.04255335 -0.03162676
v -0.00042853 -0.02554091 0.03085901
v -0.06817909 -0.02414608 -0.01308374
v -0.08154226 -0.08043350 -0.01799449
v -0.07690816 -0.03104179 -0.01424595
v 0.04597069 0.04122415 0.03184776
v -0.06397222 0.03416966 -0.03978933
v -0.06736136 -0.03229494 -0.03029868
v -0.10069919 0.00985906 -0.03023853
v -0.10104606 0.02940536 -0.01747846
v -0.10969791 0.02821249 0.00125741
v 0.09802672 0.01854480 -0.01661644
v 0.05019944 -0.07460423 -0.03477837
v -0.08423509 -0.01126139 0.04122129
v -0.07903033 -0.01572395 0.04299539
v -0.07152608 -0.07441268 0.03938551
v 0.10636032 0.01773069 -0.00229936
v 0.16645345 0.08498270 -0.00619327
v 0.11875561 0.02279045 0.01443144
v -0.05259854 0.01570868 0.04469422
v 0.06972487 0.05093936 0.01420397
v 0.06437347 0.05499341 -0.00903322
v 0.12320969 0.03800313 0.00524892
v 0.11486275 0.03140472 -0.01051502
v -0.02086788 0.05057807 -0.02621304
v -0.02326714 0.05243332 0.02102501
v -0.05397337 0.05612347 0.01628785
v -0.03441644 -0.01608922 -0.03035886
v 0.02571503 -0.06284440 0.02486518
v 0.01151193 -0.03369753 0.01673423
v -0.05153421 -0.00459415 -0.04042326
v -0.06317996 -0.02365733 -0.03642390
v -0.08399314 -0.03980657 -0.03898060
v -0.06931438 -0.02516183 0.00622240
v -0.05737816 -0.03601474 0.02339239
v 0.01136577 -0.02893061 -0.01279159
v 0.00433462 -0.03626212 -0.03787895
v 0.00809128 -0.03343098 -0.03944771
v -0.10384539 -0.07885212 -0.02970999
v -0.07602156 0.02046646 -0.04266830
v -0.10617340 -0.00522014 -0.00489054
v 0.10461515 0.02700692 -0.01604980
v 0.10982913 0.03043798 -0.01169786
v -0.02727867 0.00439201 0.04013219
v 0.01045939 -0.03377599 0.03510669
v -0.07260639 -0.02852478 0.04206350
v 0.05713362 0.00523385 0.02328698
v 0.01018815 -0.03796738 -0.01607915
v 0.05108390 -0.07638784 -0.02603512
v -0.07764250 -0.06601015 0.03509055
v 0.03422384 -0.07499199 0.04592209
v 0.05247713 -0.08453710 0.03646272
v 0.02569827 -0.00262757 0.02958688
v 0.04882320 -0.08333100 -0.02637764
v 0.13893127 0.03349155 0.02052933
v 0.12906779 0.03550493 0.00658403
v -0.01904842 0.04742647 -0.02951035
v 0.00814376 0.01999611 -0.03778100
v 0.03056175 -0.06024998 -0.04107362
v -0.10172955 -0.00427767 -0.01600826
v -0.12295005 -0.04378377 0.00421726
v 0.04648792 -0.08645421 0.03586135
v -0.09043454 -0.07632454 -0.03883390
v 0.04257345 -0.05082240 0.03325029
v -0.06066927 0.02528934 0.04519932
v 0.10544551 0.02769989 0.01781765
v 0.12686199 0.04054276 0.00394688
v -0.00268946 0.04606628 -0.02404974
v -0.05193563 0.04541815 -0.02801137
v -0.07307367 0.04562499 -0.00053170
v -0.01520418 -0.00731821 -0.03446610
v -0.00428017 -0.03375330 -0.03208977
v -0.08387892 -0.07288037 -0.03712760
v 0.15056612 0.04084236 -0.00443133
v 0.09217977 0.03697529 0.00886730
v 0.01631660 -0.02791557 0.00443572
v -0.10875986 0.00260732 -0.00853386
v -0.11183514 -0.02174935 0.00051275
v -0.10655711 0.02493199 0.00814790
v -0.05767182 0.01476001 0.04694910
v 0.00076556 0.04085638 -0.02750375
v -0.05698732 -0.06016085 0.03352001
v 0.11556613 0.03123019 0.00897820
v 0.03432525 0.03763643 0.04031120
v -0.10916057 0.02512353 0.00349493
v 0.15352128 0.05037031 0.00190480
v -0.05969002 0.02370766 -0.04298379
v -0.01532991 0.04337263 0.03019170
v -0.04332038 -0.01830034 -0.02951305
v -0.05304149 -0.02572917 -0.00246271
v 0.00884814 -0.03132638 0.01644408
v 0.03243052 -0.01698117 -0.01444399
v -0.08910888 -0.00074367 -0.03980983
v 0.00570794 -0.04570439 -0.02328667
v -0.07508767 -0.01751285 0.04383523
v 0.15583117 0.05752991 -0.00643108
v 0.03570991 0.00684105 0.02272914
v 0.02441336 0.00548504 0.03410592
v -0.02545095 0.03540378 0.03754468
v 0.11392970 0.03040914 0.01663472
v -0.08689482 0.03621185 -0.02994916
v -0.07511487 -0.02734790 0.01574502
v -0.01173971 -0.02227679 -0.02928522
v 0.02624326 -0.01462225 -0.02885238
v -0.09735371 -0.02365573 -0.02051895
v -0.11217719 0.01140246 -0.00883794
v 0.04419971 0.02207628 -0.04307544
v 0.04773745 0.00797580 -0.03799389
v -0.02043519 0.00468731 0.03910471
v 0.02250516 -0.06669973 0.03517514
v -0.10352895 0.02680629 0.01679231
v -0.11717925 -0.00606888 0.00188008
v 0.02511322 -0.02641292 -0.02469836
v 0.03659559 -0.04975267 -0.02368187
v -0.08113265 -0.07564463 -0.03644302
v 0.05300119 -0.00847156 0.00430185
v -0.10644865 0.01514827 -0.01536041
v -0.10594762 0.02659681 -0.01113457
v -0.10294653 0.02044118 0.02461865
v -0.09771276 -0.08045013 -0.03579060
v -0.06949640 0.04678113 -0.00638817
v -0.07080385 -0.02876291 0.01524627
v -0.04346257 -0.00034640 0.03921261
v 0.10072335 0.01871572 0.01705939
v 0.05839448 -0.00694085 0.01480258
v -0.11518294 -0.03480362 0.00247944
v 0.03076509 -0.08332463 -0.04046270
v -0.08315279 0.03887444 0.02997662
v -0.00835372 0.03074210 0.03464859
v -0.03677947 0.05791929 0.01345250
v 0.03073036 -0.03894915 -0.02485870
v -0.06308500 -0.08628449 0.04005512
v 0.02551718 -0.05358179 -0.04056802
v -0.09836648 -0.07900758 -0.01583564
v 0.03940787 -0.01631215 -0.00543352
v 0.13523176 0.02958261 -0.02041059
v 0.13693769 0.02535958 0.02180644
v 0.02044841 -0.02661437 0.00817255
v 0.04501906 0.00759319 -0.02254817
v -0.00490807 -0.02855748 0.01523126
v -0.11185666 -0.01205472 0.00184512
v -0.11851684 -0.01458502 0.00243651
v 0.03863924 -0.05817883 -0.02459443
v 0.10369311 0.01720338 0.00005701
v -0.09236830 -0.08319601 -0.03537078
v 0.04387827 0.05215205 0.01680258
v -0.03166381 0.03047345 -0.04214153
v 0.01074658 0.02889167 -0.03282535
v -0.02733911 0.04292464 0.03367980
v -0.09241074 0.03717431 -0.01396083
v -0.08012302 -0.05450708 -0.03007953
v 0.01020095 0.01386320 -0.04033177
v -0.10486733 -0.07445207 -0.02939322
v -0.09362440 -0.01132169 -0.03520279
v 0.10136864 0.02995753 -0.01386586
v 0.06525692 0.01563278 -0.02483808
v -0.00819130 -0.02606307 0.01717996
v 0.00040724 -0.00839321 0.03701336
v 0.09951206 0.01689938 0.00319473
v 0.02653559 -0.07665128 0.03838359
v 0.04871232 -0.07447137 0.03925833
v 0.05272846 -0.08229770 0.03923580
v -0.06198158 -0.06021834 0.03998298
v 0.02125815 0.00033830 0.03592935
v -0.00512615 0.03571350 0.03066719
v -0.06482761 0.04008668 -0.03542271
v 0.06779444 0.02084339 -0.02597133
v 0.02788123 -0.04983184 0.04118097
v -0.05918501 -0.08451512 0.04036593
v 0.05133750 -0.08149801 -0.03170883
v -0.08475018 -0.07973961 -0.03782063
v 0.01734137 -0.01077883 -0.03848916
v -0.09000666 -0.02321311 0.02956484
v -0.08174996 -0.06785274 -0.02685264
v -0.06610738 -0.06479960 0.02114159
v 0.04886807 0.01721119 -0.03966324
v -0.02613200 -0.00797142 0.03385851
v 0.06836514 0.03927391 0.02325931
v -0.04977914 0.03256196 0.04002121
v 0.00277679 0.02985340 0.03217974
v 0.00724579 0.04255646 -0.02407917
v -0.06151124 0.05023528 0.02607721
v -0.02399039 0.05773968 0.01060623
v -0.10068653 -0.05087778 -0.03236692
v -0.06129489 -0.01060326 0.04516062
v -0.07351253 -0.08288631 0.02196800
v -0.11314490 -0.03165482 0.00076761
v -0.10974308 0.01232313 0.00322860
v -0.07550158 -0.08211987 0.02505630
v -0.10052324 -0.08363334 -0.02376251
v -0.05135172 -0.07766291 0.03486892
v 0.02691485 -0.03460467 0.03832912
v -0.07538243 0.02210419 0.04556702
v 0.02681066 0.05314721 0.00477372
v 0.00098199 -0.01669071 -0.04126335
v 0.00777464 -0.04939746 -0.03008402
v -0.06183423 -0.08362945 0.02673525
v -0.07096203 -0.05002883 0.04046438
v -0.10289065 0.01004314 0.02667117
v -0.08395909 0.03473707 -0.03401998
v 0.00907860 -0.02798455 -0.03975874
v 0.07654112 0.00512419 0.01841525
v 0.00621129 -0.01023277 0.03940218
v 0.03062021 -0.03418445 0.03692640
v 0.03261947 0.03114815 0.01888462
v 0.06540902 0.05472376 -0.01370857
v -0.08798588 -0.02033151 -0.00063124
v 0.10640965 0.03743587 -0.00821846
v -0.07823202 0.04349791 -0.01729048
v -0.06523602 -0.02861402 -0.02453399
v -0.02634639 0.00401977 -0.03893065
v -0.09921764 0.00532487 -0.03160838
v -0.00185975 -0.01817443 0.03188366
v -0.05722883 -0.04239313 0.02975390
v -0.10151927 -0.08317526 -0.02069786
v -0.09209280 -0.04146918 -0.01722853
v 0.02958152 -0.04160913 -0.03531800
v 0.13873735 0.02783094 -0.02280300
v -0.07102867 -0.03496214 -0.03481186
v 0.04931002 0.04219349 0.03540874
v 0.12810694 0.02089109 0.01877126
v 0.06124211 0.05068428 0.02368842
v -0.02014237 0.05491703 0.01623618
v -0.11907466 0.00961207 -0.00341723
v 0.05194729 0.02546769 0.03548989
v -0.05113409 -0.08249956 0.03393605
v -0.09533402 -0.06602444 -0.01689230
v 0.14486304 0.05887644 -0.00491599
v -0.05021622 -0.01545581 -0.03118625
v -0.04331122 -0.02671276 -0.01770893
v -0.03852782 0.01072816 -0.04483738
v -0.00041756 -0.03736807 -0.03370261
v -0.07688966 0.00851273 0.04756511
v 0.15074977 0.04137791 -0.00156131
v 0.03930038 -0.08622374 0.03628202
v -0.05686284 -0.04044880 0.02615074
v -0.09011108 0.03397793 -0.02985060
v -0.05531415 -0.02910906 0.03580258
v -0.06383691 -0.03207537 0.01781948
v 0.14355154 0.05920204 -0.00183534
v 0.16829200 0.07978193 0.00387109
v -0.08362141 -0.01710494 0.04021075
v -0.06939390 -0.01721610 0.04467078
v -0.09726226 0.00144812 0.03258730
v -0.06808364 -0.04812039 0.02133827
v -0.06618722 -0.04819218 0.02109668
v -0.08298004 -0.00008687 0.04417229
v -0.08024529 -0.01081552 0.04358068
v -0.08445799 -0.00194093 0.04302347
v -0.11421156 0.01031497 0.00147128
v -0.08915419 0.00650775 0.04125885
v -0.05846421 0.02282364 0.04557412
v -0.12277635 -0.02687230 0.00290165
v -0.07563484 -0.01288273 0.04482609
v -0.07167669 -0.04070432 0.02147612
v -0.07891230 -0.06074954 0.03164969
v -0.05677557 -0.05079912 0.02873509
v -0.05989095 -0.05775764 0.02292029
v -0.08100207 -0.01938397 0.04110713
v -0.06936169 -0.00761715 0.04702010
v -0.06467304 -0.03907514 0.01998807
v -0.11738113 -0.01049306 -0.00721456
v -0.08544365 -0.01511418 0.03936506
v -0.09074695 0.02675272 0.03582974
v -0.11786793 -0.01029914 0.00215799
v -0.06955439 -0.04121381 0.02081000
v -0.07030983 -0.03219878 0.04183179
v -0.05776720 -0.06042561 0.03582845
v -0.08793326 -0.01507960 0.03755712
v -0.08269568 0.01558379 0.04488366
v -0.07754619 -0.01198744 0.04443255
v -0.05960891 0.04813895 0.02913496
v -0.07170064 -0.01997551 0.04368153
v -0.06000765 -0.00662488 0.04548912
v -0.05893642 -0.02094858 0.04096034
v -0.09387723 0.00186365 0.03669558
v -0.06732778 -0.05729206 0.02184509
v -0.10410868 0.00409058 0.01108038
v -0.08754344 -0.00189321 0.04116072
v -0.07545085 -0.05702728 0.03813205
v -0.07409980 -0.04888451 0.03893611
v -0.09161821 -0.00465445 0.03722940
v -0.07611179 -0.02723855 0.04158071
v -0.06920185 -0.05711973 0.02210538
v -0.06346192 -0.05649579 0.04045581
v -0.09856196 0.00163331 0.03085925
v -0.10099844 -0.00054326 0.01537730
v -0.07214041 -0.00828459 0.04658955
v -0.11761577 0.00766477 -0.00022239
v -0.07576556 0.02577197 0.04398482
v -0.06290495 -0.05001532 0.02168492
v -0.07682403 -0.05577629 0.02604686
v -0.06308199 -0.04957124 0.03997318
v -0.09017500 0.00390466 0.04016360
v -0.06846809 0.03625961 0.03976475
v -0.07606433 -0.03662107 0.02317096
v -0.07974836 0.02797147 0.04203697
v -0.11263476 0.01112790 0.00194252
v -0.07096076 -0.05404489 0.04046831
v -0.07021475 -0.04912779 0.02184590
v -0.10992812 0.02541788 -0.00682326
v -0.11480751 -0.03079655 -0.00421362
v -0.06441851 -0.06985326 0.04072075
v 0.03743484 0.05349282 -0.01216170
v 0.03751352 0.05408682 -0.01117884
v 0.03584725 0.05307535 -0.01149493
v 0.03908169 0.05449930 -0.01183724
v 0.03670755 0.05387978 -0.01083166
v 0.03543132 0.05296851 -0.01131576
v 0.03649958 0.05382636 -0.01074208
v 0.03532734 0.05294180 -0.01127097
v 0.03644759 0.05381301 -0.01071968
v 0.03530134 0.05293512 -0.01125977
v 0.03643459 0.05380967 -0.01071409
v 0.03529484 0.05293345 -0.01125697
v 0.03643135 0.05380883 -0.01071269
v 0.03529322 0.05293304 -0.01125627
v 0.03643053 0.05380862 -0.01071234
v 0.03529282 0.05293293 -0.01125610
v 0.03643033 0.05380857 -0.01071225
v 0.03529271 0.05293291 -0.01125606
v 0.03643028 0.05380856 -0.01071223
v 0.03529269 0.05293290 -0.01125604
v 0.03643026 0.05380856 -0.01071222
v 0.03529268 0.05293290 -0.01125604
v 0.03643026 0.05380855 -0.01071222
v 0.03529268 0.05293290 -0.01125604
v 0.03643026 0.05380855 -0.01071222
v 0.03529268 0.05293290 -0.01125604
v 0.03643026 0.05380855 -0.01071222
v 0.03529268 0.05293290 -0.01125604
v 0.03643026 0.05380855 -0.01071222
v 0.03529268 0.05293290 -0.01125604
v 0.03643026 0.05380855 -0.01071222
v 0.03529268 0.05293290 -0.01125604
v 0.03643026 0.05380855 -0.01071222
v 0.03529268 0.05293290 -0.01125604
v 0.03643026 0.05380855 -0.01071222
v 0.03529268 0.05293290 -0.01125604
v 0.03643026 0.05380855 -0.01071222
v 0.03529268 0.05293290 -0.01125604
v 0.03643026 0.05380855 -0.01071222
v 0.03529268 0.05293290 -0.01125604
v 0.03643026 0.05380855 -0.01071222
v 0.03529268 0.05293290 -0.01125604
v 0.03643026 0.05380855 -0.01071222
v 0.03529268 0.05293290 -0.01125604
v 0.03643026 0.05380855 -0.01071222
v 0.03529268 0.05293290 -0.01125604
v 0.03643026 0.05380855 -0.01071222
v 0.03529268 0.05293290 -0.01125604
v 0.03643026 0.05380855 -0.01071222
v 0.03529268 0.05293290 -0.01125604
v 0.03643026 0.05380855 -0.01071222
v 0.03529268 0.05293290 -0.01125604
v 0.03643026 0.05380855 -0.01071222
v 0.03529268 0.05293290 -0.01125604
v 0.03643026 0.05380855 -0.01071222
v 0.03529268 0.05293290 -0.01125604
v 0.03643026 0.05380855 -0.01071222
v 0.03529268 0.05293290 -0.01125604
v 0.03643026 0.05380855 -0.01071222
v 0.03529268 0.05293290 -0.01125604
v 0.03643026 0.05380855 -0.01071222
v 0.03529268 0.05293290 -0.01125604
v 0.03643026 0.05380855 -0.01071222
v 0.03529268 0.05293290 -0.01125604
v 0.03643026 0.05380855 -0.01071222
v 0.03529268 0.05293290 -0.01125604
v 0.03643026 0.05380855 -0.01071222
v 0.03529268 0.05293290 -0.01125604
v 0.03643026 0.05380855 -0.01071222
v 0.03529268 0.05293290 -0.01125604
v 0.03643026 0.05380855 -0.01071222
v 0.03529268 0.05293290 -0.01125604
v 0.03643026 0.05380855 -0.01071222
v 0.03529268 0.05293290 -0.01125604
v 0.03643026 0.05380855 -0.01071222
v 0.03529268 0.05293290 -0.01125604
v 0.03643026 0.05380855 -0.01071222
v 0.03529268 0.05293290 -0.01125604
v 0.03643026 0.05380855 -0.01071222
v 0.03529268 0.05293290 -0.01125604
v 0.03643026 0.05380855 -0.01071222
v 0.03529268 0.05293290 -0.01125604
v 0.03643026 0.05380855 -0.01071222
v 0.03529268 0.05293290 -0.01125604
v 0.03643026 0.05380855 -0.01071222
v 0.03529268 0.05293290 -0.01125604
v 0.03643026 0.05380855 -0.01071222
v 0.03529268 0.05293290 -0.01125604
v 0.03643026 0.05380855 -0.01071222
v 0.03529268 0.05293290 -0.01125604
v 0.03643026 0.05380855 -0.01071222
v 0.03529268 0.05293290 -0.01125604
v 0.03643026 0.05380855 -0.01071222
v 0.03529268 0.05293290 -0.01125604
v 0.03643026 0.05380855 -0.01071222
v 0.03529268 0.05293290 -0.01125604
v 0.03643026 0.05380855 -0.01071222
v 0.03529268 0.05293290 -0.01125604
v 0.03643026 0.05380855 -0.01071222
v 0.03529268 0.05293290 -0.01125604
v 0.03643026 0.05380855 -0.01071222
v 0.03529268 0.05293290 -0.01125604
v 0.03643026 0.05380855 -0.01071222
v 0.03529268 0.05293290 -0.01125604
v 0.03643026 0.05380855 -0.01071222
v 0.03529268 0.05293290 -0.01125604
v 0.03643026 0.05380855 -0.01071222
v 0.03529268 0.05293290 -0.01125604
v 0.03643026 0.05380855 -0.01071222
v 0.03529268 0.05293290 -0.01125604
v 0.03643026 0.05380855 -0.01071222
v 0.03529268 0.05293290 -0.01125604
v 0.03643026 0.05380855 -0.01071222
v 0.03529268 0.05293290 -0.01125604
v 0.03643026 0.05380855 -0.01071222
v 0.03529268 0.05293290 -0.01125604
v 0.03643026 0.05380855 -0.01071222
v 0.03529268 0.05293290 -0.01125604
v 0.03643026 0.05380855 -0.01071222
v 0.03529268 0.05293290 -0.01125604
v 0.03643026 0.05380855 -0.01071222
v 0.03529268 0.05293290 -0.01125604
v 0.03643026 0.05380855 -0.01071222
v 0.03529268 0.05293290 -0.01125604
v 0.03643026 0.05380855 -0.01071222
v 0.03529268 0.05293290 -0.01125604
v 0.03643026 0.05380855 -0.01071222
v 0.03529268 0.05293290 -0.01125604
v 0.03643026 0.05380855 -0.01071222
v 0.03529268 0.05293290 -0.01125604
v 0.03643026 0.05380855 -0.01071222
v 0.03529268 0.05293290 -0.01125604
v 0.03643026 0.05380855 -0.01071222
v 0.03529268 0.05293290 -0.01125604
v 0.03643026 0.05380855 -0.01071222
v 0.03529268 0.05293290 -0.01125604
v 0.03643026 0.05380855 -0.01071222
v 0.03529268 0.05293290 -0.01125604
v 0.03643026 0.05380855 -0.01071222
v 0.03529268 0.05293290 -0.01125604
v 0.03643026 0.05380855 -0.01071222
v 0.03529268 0.05293290 -0.01125604
v 0.03643026 0.05380855 -0.01071222
v 0.03529268 0.05293290 -0.01125604
v 0.03643026 0.05380855 -0.01071222
v 0.03529268 0.05293290 -0.01125604
v 0.03643026 0.05380855 -0.01071222
v 0.03529268 0.05293290 -0.01125604
v 0.03643026 0.05380855 -0.01071222
v 0.03529268 0.05293290 -0.01125604
v 0.03643026 0.05380855 -0.01071222
v 0.03529268 0.05293290 -0.01125604
v 0.03643026 0.05380855 -0.01071222
v 0.03529268 0.05293290 -0.01125604
v 0.03643026 0.05380855 -0.01071222
v 0.03529268 0.05293290 -0.01125604
v 0.03643026 0.05380855 -0.01071222
v 0.03529268 0.05293290 -0.01125604
v 0.03643026 0.05380855 -0.01071222
v 0.03529268 0.05293290 -0.01125604
v 0.03643026 0.05380855 -0.01071222
v 0.03529268 0.05293290 -0.01125604
v 0.03643026 0.05380855 -0.01071222
v 0.03529268 0.05293290 -0.01125604
v 0.03643026 0.05380855 -0.01071222
v 0.03529268 0.05293290 -0.01125604
v 0.03643026 0.05380855 -0.01071222
v 0.03529268 0.05293290 -0.01125604
v 0.03643026 0.05380855 -0.01071222
v 0.03529268 0.05293290 -0.01125604
v 0.03643026 0.05380855 -0.01071222
v 0.03529268 0.05293290 -0.01125604
v 0.03643026 0.05380855 -0.01071222
v 0.03529268 0.05293290 -0.01125604
v 0.03643026 0.05380855 -0.01071222
v 0.03529268 0.05293290 -0.01125604
v 0.03643026 0.05380855 -0.01071222
v 0.03529268 0.05293290 -0.01125604
v 0.03643026 0.05380855 -0.01071222
v 0.03529268 0.05293290 -0.01125604
v 0.03643026 0.05380855 -0.01071222
v 0.03529268 0.05293290 -0.01125604
v 0.03643026 0.05380855 -0.01071222
v 0.03529268 0.05293290 -0.01125604
v 0.03643026 0.05380855 -0.01071222
v 0.03529268 0.05293290 -0.01125604
v 0.03643026 0.05380855 -0.01071222
v 0.03529268 0.05293290 -0.01125604
v 0.03643026 0.05380855 -0.01071222
v 0.03529268 0.05293290 -0.01125604
v 0.03643026 0.05380855 -0.01071222
v 0.03529268 0.05293290 -0.01125604
v 0.03643026 0.05380855 -0.01071222
v 0.03529268 0.05293290 -0.01125604
v 0.03643026 0.05380855 -0.01071222
v 0.03529268 0.05293290 -0.01125604
v 0.03643026 0.05380855 -0.01071222
v 0.03529268 0.05293290 -0.01125604
v 0.03643026 0.05380855 -0.01071222
v 0.03529268 0.05293290 -0.01125604
v 0.03643026 0.05380855 -0.01071222
v 0.03529268 0.05293290 -0.01125604
v 0.03643026 0.05380855 -0.01071222
v 0.03529268 0.05293290 -0.01125604
v 0.03643026 0.05380855 -0.01071222
v 0.03529268 0.05293290 -0.01125604
v 0.03643026 0.05380855 -0.01071222
v 0.03529268 0.05293290 -0.01125604
v 0.03643026 0.05380855 -0.01071222
v 0.03529268 0.05293290 -0.01125604
v 0.03643026 0.05380855 -0.01071222
v 0.03529268 0.05293290 -0.01125604
v 0.03643026 0.05380855 -0.01071222
v 0.03529268 0.05293290 -0.01125604
v 0.03643026 0.05380855 -0.01071222
v 0.03529268 0.05293290 -0.01125604
v 0.03643026 0.05380855 -0.01071222
v 0.03529268 0.05293290 -0.01125604
v 0.03643026 0.05380855 -0.01071222
v 0.03529268 0.05293290 -0.01125604
v 0.03643026 0.05380855 -0.01071222
v 0.03529268 0.05293290 -0.01125604
v 0.03643026 0.05380855 -0.01071222
v 0.03529268 0.05293290 -0.01125604
v 0.03643026 0.05380855 -0.01071222
v 0.03529268 0.05293290 -0.01125604
v 0.03643026 0.05380855 -0.01071222
v 0.03529268 0.05293290 -0.01125604
v 0.03643026 0.05380855 -0.01071222
v 0.03529268 0.05293290 -0.01125604
v 0.03643026 0.05380855 -0.01071222
v 0.03529268 0.05293290 -0.01125604
v 0.03643026 0.05380855 -0.01071222
v 0.03529268 0.05293290 -0.01125604
v 0.03643026 0.05380855 -0.01071222
v 0.03529268 0.05293290 -0.01125604
v 0.03643026 0.05380855 -0.01071222
v 0.03529268 0.05293290 -0.01125604
v 0.03643026 0.05380855 -0.01071222
v 0.03529268 0.05293290 -0.01125604
v 0.03643026 0.05380855 -0.01071222
v 0.03529268 0.05293290 -0.01125604
v 0.03643026 0.05380855 -0.01071222
v 0.03529268 0.05293290 -0.01125604
v 0.03643026 0.05380855 -0.01071222
v 0.03529268 0.05293290 -0.01125604
v 0.03643026 0.05380855 -0.01071222
v 0.03529268 0.05293290 -0.01125604
v 0.03643026 0.05380855 -0.01071222
v 0.03529268 0.05293290 -0.01125604
v 0.03643026 0.05380855 -0.01071222
v 0.03529268 0.05293290 -0.01125604
v 0.03643026 0.05380855 -0.01071222
v 0.03529268 0.05293290 -0.01125604
v 0.03643026 0.05380855 -0.01071222
v 0.03529268 0.05293290 -0.01125604
v 0.03643026 0.05380855 -0.01071222
v 0.03529268 0.05293290 -0.01125604
v 0.03643026 0.05380855 -0.01071222
v 0.03529268 0.05293290 -0.01125604
v 0.03643026 0.05380855 -0.01071222
v 0.03529268 0.05293290 -0.01125604
v 0.03643026 0.05380855 -0.01071222
v 0.03529268 0.05293290 -0.01125604
v 0.03643026 0.05380855 -0.01071222
v 0.03529268 0.05293290 -0.01125604
v 0.03643026 0.05380855 -0.01071222
v 0.03529268 0.05293290 -0.01125604
v 0.03643026 0.05380855 -0.01071222
v 0.03529268 0.05293290 -0.01125604
v 0.03643026 0.05380855 -0.01071222
v 0.03529268 0.05293290 -0.01125604
v 0.03643026 0.05380855 -0.01071222
v 0.03529268 0.05293290 -0.01125604
v 0.03643026 0.05380855 -0.01071222
v 0.03529268 0.05293290 -0.01125604
v 0.03643026 0.05380855 -0.01071222
v 0.03529268 0.05293290 -0.01125604
v 0.03643026 0.05380855 -0.01071222
v 0.03529268 0.05293290 -0.01125604
v 0.03643026 0.05380855 -0.01071222
v 0.03529268 0.05293290 -0.01125604
v 0.03643026 0.05380855 -0.01071222
v 0.03529268 0.05293290 -0.01125604
v 0.03643026 0.05380855 -0.01071222
v 0.03529268 0.05293290 -0.01125604
v 0.03643026 0.05380855 -0.01071222
v 0.03529268 0.05293290 -0.01125604
v 0.03643026 0.05380855 -0.01071222
v 0.03529268 0.05293290 -0.01125604
v 0.03643026 0.05380855 -0.01071222
v 0.03529268 0.05293290 -0.01125604
v 0.03643026 0.05380855 -0.01071222
v 0.03529268 0.05293290 -0.01125604
v 0.03643026 0.05380855 -0.01071222
v 0.03529268 0.05293290 -0.01125604
v 0.03643026 0.05380855 -0.01071222
v 0.03529268 0.05293290 -0.01125604
v 0.03643026 0.05380855 -0.01071222
v 0.03529268 0.05293290 -0.01125604
v 0.03643026 0.05380855 -0.01071222
v 0.03529268 0.05293290 -0.01125604
v 0.03643026 0.05380855 -0.01071222
v 0.03529268 0.05293290 -0.01125604
v 0.03643026 0.05380855 -0.01071222
v 0.03529268 0.05293290 -0.01125604
v 0.03643026 0.05380855 -0.01071222
v 0.03529268 0.05293290 -0.01125604
v 0.03643026 0.05380855 -0.01071222
v 0.03529268 0.05293290 -0.01125604
v 0.03643026 0.05380855 -0.01071222
v 0.03529268 0.05293290 -0.01125604
v 0.03643026 0.05380855 -0.01071222
v 0.03529268 0.05293290 -0.01125604
v 0.03643026 0.05380855 -0.01071222
v 0.03529268 0.05293290 -0.01125604
v 0.03643026 0.05380855 -0.01071222
v 0.03529268 0.05293290 -0.01125604
v 0.03643026 0.05380855 -0.01071222
v 0.03529268 0.05293290 -0.01125604
v 0.03643026 0.05380855 -0.01071222
v 0.03529268 0.05293290 -0.01125604
v 0.03643026 0.05380855 -0.01071222
v 0.03529268 0.05293290 -0.01125604
v 0.03643026 0.05380855 -0.01071222
v 0.03529268 0.05293290 -0.01125604
v 0.03643026 0.05380855 -0.01071222
v 0.03529268 0.05293290 -0.01125604
v 0.03643026 0.05380855 -0.01071222
v 0.03529268 0.05293290 -0.01125604
v 0.03643026 0.05380855 -0.01071222
v 0.03529268 0.05293290 -0.01125604
v 0.03643026 0.05380855 -0.01071222
v 0.03529268 0.05293290 -0.01125604
v 0.03643026 0.05380855 -0.01071222
v 0.03529268 0.05293290 -0.01125604
v 0.03643026 0.05380855 -0.01071222
v 0.03529268 0.05293290 -0.01125604
v 0.03643026 0.05380855 -0.01071222
v 0.03529268 0.05293290 -0.01125604
v 0.03643026 0.05380855 -0.01071222
v 0.03529268 0.05293290 -0.01125604
v 0.03643026 0.05380855 -0.01071222
v 0.03529268 0.05293290 -0.01125604
v 0.03643026 0.05380855 -0.01071222
v 0.03529268 0.05293290 -0.01125604
v 0.03643026 0.05380855 -0.01071222
v 0.03529268 0.05293290 -0.01125604
v 0.03643026 0.05380855 -0.01071222
v 0.03529268 0.05293290 -0.01125604
v 0.03643026 0.05380855 -0.01071222
v 0.03529268 0.05293290 -0.01125604
v 0.03643026 0.05380855 -0.01071222
v 0.03529268 0.05293290 -0.01125604
v 0.03643026 0.05380855 -0.01071222
v 0.03529268 0.05293290 -0.01125604
v 0.03643026 0.05380855 -0.01071222
v 0.03529268 0.05293290 -0.01125604
v 0.03643026 0.05380855 -0.01071222
v 0.03529268 0.05293290 -0.01125604
v 0.03643026 0.05380855 -0.01071222
v 0.03529268 0.05293290 -0.01125604
v 0.03643026 0.05380855 -0.01071222
v 0.03529268 0.05293290 -0.01125604
v 0.03643026 0.05380855 -0.01071222
v 0.03529268 0.05293290 -0.01125604
v 0.03643026 0.05380855 -0.01071222
v 0.03529268 0.05293290 -0.01125604
v 0.03643026 0.05380855 -0.01071222
v 0.03529268 0.05293290 -0.01125604
v 0.03643026 0.05380855 -0.01071222
v 0.03529268 0.05293290 -0.01125604
v 0.03643026 0.05380855 -0.01071222
v 0.03529268 0.05293290 -0.01125604
v 0.03643026 0.05380855 -0.01071222
v 0.03529268 0.05293290 -0.01125604
v 0.03643026 0.05380855 -0.01071222
v 0.03529268 0.05293290 -0.01125604
v 0.03643026 0.05380855 -0.01071222
v 0.03529268 0.05293290 -0.01125604
v 0.03643026 0.05380855 -0.01071222
v 0.03529268 0.05293290 -0.01125604
v 0.03643026 0.05380855 -0.01071222
v 0.03529268 0.05293290 -0.01125604
v 0.03643026 0.05380855 -0.01071222
v 0.03529268 0.05293290 -0.01125604
v 0.03643026 0.05380855 -0.01071222
v 0.03529268 0.05293290 -0.01125604
v 0.03643026 0.05380855 -0.01071222
v 0.03529268 0.05293290 -0.01125604
v 0.03643026 0.05380855 -0.01071222
v 0.03529268 0.05293290 -0.01125604
v 0.03643026 0.05380855 -0.01071222
v 0.03529268 0.05293290 -0.01125604
v 0.03643026 0.05380855 -0.01071222
v 0.03529268 0.05293290 -0.01125604
v 0.03643026 0.05380855 -0.01071222
v 0.03529268 0.05293290 -0.01125604
v 0.03643026 0.05380855 -0.01071222
v 0.03529268 0.05293290 -0.01125604
v 0.03643026 0.05380855 -0.01071222
v 0.03529268 0.05293290 -0.01125604
v 0.03643026 0.05380855 -0.01071222
v 0.03529268 0.05293290 -0.01125604
v 0.03643026 0.05380855 -0.01071222
v 0.03529268 0.05293290 -0.01125604
v 0.03643026 0.05380855 -0.01071222
v 0.03529268 0.05293290 -0.01125604
v 0.03643026 0.05380855 -0.01071222
v 0.03529268 0.05293290 -0.01125604
v 0.03643026 0.05380855 -0.01071222
v 0.03529268 0.05293290 -0.01125604
v 0.03643026 0.05380855 -0.01071222
v 0.03529268 0.05293290 -0.01125604
v 0.03643026 0.05380855 -0.01071222
v 0.03529268 0.05293290 -0.01125604
v 0.03643026 0.05380855 -0.01071222
v 0.03529268 0.05293290 -0.01125604
v 0.03643026 0.05380855 -0.01071222
v 0.03529268 0.05293290 -0.01125604
v 0.03643026 0.05380855 -0.01071222
v 0.03529268 0.05293290 -0.01125604
v 0.03643026 0.05380855 -0.01071222
v 0.03529268 0.05293290 -0.01125604
v 0.03643026 0.05380855 -0.01071222
v 0.03529268 0.05293290 -0.01125604
v 0.03642556 0.05380493 -0.01071447
v 0.03532089 0.05295461 -0.01124256
v 0.01812034 -0.02463286 0.03793976
v 0.00308064 -0.01266027 0.03730899
v 0.03186098 -0.02261850 0.01460880
v 0.03322937 -0.03209116 0.01736103
v 0.03381007 -0.01517746 0.02111372
v 0.03781325 -0.05228330 0.02322227
v 0.00680947 -0.02171646 0.03681844
v 0.02850634 -0.02985721 0.03661979
v 0.01498423 -0.04219689 0.02039545
v 0.02708590 -0.03931136 0.03920369
v 0.03450974 -0.07521249 0.02277403
v 0.02658317 -0.03003409 0.03734477
v 0.03221540 -0.03847592 0.03763050
v 0.03474998 -0.08647829 0.03189653
v 0.03208245 -0.06156086 0.02351253
v 0.03176229 -0.03308266 0.01696382
v 0.03323255 -0.01383326 0.01760597
v 0.03518171 -0.02235786 0.01934187
v 0.03902319 -0.05094058 0.02391950
v 0.02062650 -0.04107885 0.01775678
v 0.02193171 -0.03645556 0.01603426
v 0.03977807 -0.08636769 0.04092013
v 0.01533400 -0.03498862 0.01616318
v 0.03293071 -0.02289234 0.01581476
v 0.03543089 -0.07425044 0.02266159
v 0.00654265 -0.03570237 0.03031661
v 0.01928464 -0.04197628 0.01858913
v 0.00746324 -0.03731247 0.02410364
v 0.00734525 -0.03107827 0.03425594
v 0.03323390 -0.01406891 0.02319481
v 0.02796428 -0.05460791 0.02179597
v 0.02509976 -0.04669134 0.04031053
v 0.01374019 -0.01692908 0.03833861
v 0.02513801 -0.03554324 0.01615440
v 0.01359169 -0.02555086 0.03773353
v 0.00163686 -0.02901049 0.03019618
v 0.02327918 -0.05015889 0.03994903
v 0.01994875 -0.03088252 0.03813300
v 0.02440643 -0.06519518 0.02597913
v 0.00858716 -0.03715852 0.02219911
v 0.01723206 -0.04703128 0.03613872
v 0.02632443 -0.04336313 0.01815182
v 0.02338262 -0.04871146 0.02045601
v 0.02672770 -0.02769473 0.01434048
v 0.02270941 -0.02382484 0.03692431
v 0.01869749 -0.05347196 0.02492242
v 0.01455934 -0.00501452 0.03923504
v 0.00318642 -0.03219610 0.02619372
v 0.02164923 -0.06268292 0.03543583
v 0.01490294 -0.02877705 0.01300719
v 0.01965426 -0.05485319 0.03571208
v 0.02993761 -0.03292100 0.01640077
v 0.01400325 -0.04721196 0.02672638
v 0.00622459 -0.03170264 0.03318775
v 0.01696054 -0.04246458 0.01960234
v 0.02461227 -0.03133455 0.03807973
v 0.03532412 -0.02780812 0.01845462
v 0.00832576 -0.01361377 0.03900146
v 0.03108598 -0.02338223 0.03259800
v 0.02437802 -0.04838121 0.04002706
v 0.00918789 -0.03014848 0.03559685
v 0.01423919 0.01636775 0.03738324
v 0.01051059 0.01242528 0.03949346
v 0.03283818 -0.02333481 0.03113051
v 0.01071518 -0.03837143 0.03347475
v 0.02624270 -0.05724777 0.04150036
v 0.00915898 -0.03692171 0.02110911
v 0.01665673 -0.03420009 0.01538541
v 0.03963144 -0.04661276 0.03623739
v 0.00455116 0.01425157 0.03893616
v 0.00494834 -0.02064360 0.03624520
v 0.03606999 -0.07288148 0.02289560
v 0.02149615 -0.04829403 0.02092142
v 0.01778597 -0.05421430 0.02712674
v 0.02067688 -0.06082436 0.02763747
v 0.00913169 0.00855813 0.04058563
v 0.01893930 -0.05434498 0.03406565
v 0.01709559 -0.00436329 0.03822955
v 0.03338145 -0.03674956 0.03633911
v 0.03323366 -0.01499294 0.01616429
v 0.03127000 -0.04464255 0.03986768
v 0.02460906 -0.02215667 0.03585412
v 0.02913634 -0.05035961 0.02034806
v 0.01804548 -0.05428139 0.03200708
v 0.01018833 -0.00826882 0.04020543
v 0.01095636 -0.02677383 0.03710476
v 0.03077290 -0.03059320 0.03557712
v 0.00450442 -0.00680688 0.03955267
v 0.01801661 -0.05395857 0.02630594
v 0.02652842 -0.05558892 0.02241256
v 0.00800953 -0.02003094 0.03761481
v 0.03089271 -0.05203140 0.04195002
v 0.01217866 0.01624370 0.03811382
v 0.02285730 -0.06333867 0.03679790
v 0.00501014 0.01616807 0.03834789
v 0.03547924 -0.03602752 0.03472985
v 0.01556006 -0.02460547 0.03795073
v 0.03967987 -0.03989041 0.02497907
v 0.00083295 -0.03118724 -0.03821349
v 0.01684089 -0.03985532 -0.03927239
v 0.01834655 -0.03875617 -0.03900356
v 0.00785584 -0.04039079 -0.03797528
v 0.01141519 -0.04488664 -0.01854570
v 0.03405414 -0.08332212 -0.03378146
v 0.02473242 -0.06220732 -0.03959065
v 0.00187165 -0.03696772 -0.03617543
v 0.02346298 -0.05546059 -0.02035456
v 0.00267601 -0.01235121 -0.04165220
v -0.00400865 -0.00281754 -0.04010086
v 0.01287766 0.01250011 -0.04024243
v 0.00705918 -0.04297893 -0.01906538
v 0.01893874 -0.03666645 -0.03840027
v 0.01384162 -0.00822346 -0.03992474
v 0.02155964 -0.05639952 -0.02080265
v -0.00224623 -0.00354081 -0.04082810
v 0.01080879 -0.03217248 -0.03955515
v 0.02656754 -0.02783043 -0.03145733
v 0.01574500 -0.02105112 -0.03846812
v 0.00287741 -0.03211403 -0.03856076
v 0.04204053 -0.08353127 -0.02723591
v 0.01683495 -0.00655605 -0.03927379
v 0.02015544 -0.01724853 -0.03669656
v 0.02492697 -0.04306039 -0.03844548
v 0.01039436 -0.02423025 -0.03950904
v 0.03591077 -0.08324664 -0.03346258
v -0.00840916 -0.02752733 -0.03073465
v 0.02999620 -0.04218053 -0.02170573
v 0.01223322 -0.03087176 -0.03930333
v 0.01490907 -0.02966686 -0.03879536
v 0.03065625 -0.04088462 -0.02310524
v 0.02426630 -0.02594328 -0.03411825
v 0.00618165 -0.04000963 -0.03736511
v 0.00364288 -0.01982882 -0.04076285
v 0.00578456 -0.02996140 -0.03960562
v 0.02138041 -0.03812039 -0.01872996
v 0.00464102 -0.03034476 -0.03933609
v 0.01216813 0.00670506 -0.04152733
v 0.01161206 -0.00958728 -0.04057245
v 0.00691923 -0.04434276 -0.03560412
v 0.02882396 -0.05039974 -0.03977986
v 0.03290240 -0.05223310 -0.03906786
v 0.00538132 0.00655459 -0.04151797
v 0.02467516 -0.06058276 -0.03978637
v 0.00263185 -0.00088732 -0.04199211
v 0.00320524 -0.04268879 -0.02246636
v -0.00603650 -0.00258927 -0.03919800
v 0.01613319 -0.05251538 -0.02095668
v 0.01231358 -0.01731208 -0.03961065
v 0.00831529 -0.03738716 -0.03887691
v 0.03909436 -0.08340057 -0.02861881
v -0.00349567 -0.01185673 -0.04084925
v 0.00758834 -0.03842012 -0.03838684
v 0.00026900 0.00452237 -0.04044503
v 0.00365570 -0.03116203 -0.03904858
v 0.01154433 -0.03567535 -0.01566838
v -0.00769439 -0.02878341 -0.02248971
v 0.01599566 -0.02709657 -0.01475891
v 0.02764232 -0.03066872 -0.02920723
v 0.02151304 -0.05454759 -0.03954702
v 0.00946054 -0.03698250 -0.03916469
v 0.01882977 -0.02534474 -0.03734330
v 0.03541794 -0.05952462 -0.04001416
v -0.00440039 -0.02285414 -0.03884344
v -0.00572775 -0.03053475 -0.02176271
v 0.04142194 -0.08346681 -0.02250412
v 0.04078964 -0.05598776 -0.03111466
v 0.04094692 -0.05646886 -0.03000204
v 0.00330175 -0.03620690 -0.01617375
v 0.00404778 -0.01456418 -0.04128249
v 0.02118297 -0.05797762 -0.02176372
v 0.03171273 -0.04132961 -0.03282995
v -0.00170414 0.00439808 -0.03978534
v 0.03262880 -0.07207981 -0.04255439
v -0.00786625 -0.02873278 -0.02769361
v 0.00864108 -0.00903601 -0.04131811
v 0.02737896 -0.01156986 -0.02719048
v -0.00367352 0.00467934 -0.03891250
v 0.03838398 -0.06672618 -0.02161287
v -0.00175994 -0.02960388 -0.03746980
v 0.01486743 -0.05108479 -0.03722966
v -0.00577985 -0.01054710 -0.04032204
v 0.00454737 -0.01688722 -0.04086970
v -0.00244088 -0.03434182 -0.03411721
v 0.01444341 -0.04632143 -0.03855373
v 0.02310479 -0.04670273 -0.03958704
v 0.01758301 0.01237550 -0.03920737
v 0.00758522 0.00732331 -0.04161170
v 0.03247400 -0.04026350 -0.02691777
v 0.01422051 -0.01900125 -0.03884475
v -0.00308705 -0.03022768 -0.03630279
v 0.00264307 -0.03903863 -0.01866591
v -0.00748565 -0.02457414 -0.03612534
v 0.02428837 -0.07385571 -0.03031361
v 0.02673453 -0.06290325 -0.02186435
v 0.03590518 -0.04589229 -0.02557296
v 0.00555414 -0.00466646 -0.04221680
v 0.02748961 -0.03546200 -0.03426531
v 0.03652690 -0.04610799 -0.02769166
v 0.03629191 -0.05607000 -0.02285274
v 0.04130272 -0.08310050 -0.03626639
v 0.02339283 -0.06402670 -0.02330378
v 0.02112222 -0.02471720 -0.03634528
v 0.02500655 -0.06479718 -0.03876853
v 0.02461266 -0.02319018 -0.02328627
v 0.01328011 -0.00400159 -0.04071749
v 0.01590361 -0.04990159 -0.03819276
v 0.04281688 -0.06288723 -0.03275502
v 0.03653765 -0.06665356 -0.04145239
v 0.03487844 -0.06635929 -0.04144884
v 0.00906150 -0.04365469 -0.01880999
v 0.02762622 -0.05200013 -0.04031426
v 0.02518774 -0.01998234 -0.03152434
v 0.02496636 -0.07425975 -0.02810192
v 0.02049428 -0.03287125 -0.01935003
v 0.01873120 -0.03878685 -0.01812442
v 0.02570831 -0.04895999 -0.01919966
v 0.02293561 -0.02691803 -0.02066673
v 0.00376656 -0.00286605 -0.04209945
v -0.00752342 -0.00989448 -0.03961052
v 0.04059433 -0.05809055 -0.03438553
v 0.02607149 -0.06007470 -0.04045283
v -0.07459635 -0.03294273 -0.03813687
v -0.08953197 -0.01056980 -0.03893295
v -0.09144258 0.00049449 -0.03850922
v -0.06794602 0.04534102 -0.02336729
v -0.04971541 0.01203906 -0.04340708
v -0.07219487 -0.02272153 -0.03996104
v -0.09209064 -0.00876937 -0.03721559
v -0.09648106 -0.01292354 -0.03162608
v -0.07327441 -0.00438645 -0.04431320
v -0.08770677 -0.02583732 -0.03883471
v -0.08441565 -0.08136708 -0.02398780
v -0.07375021 -0.03892091 -0.03513419
v -0.08846767 -0.04849265 -0.01766683
v -0.08541832 0.00304231 -0.04131430
v -0.06086738 0.01907536 -0.04387133
v -0.09678905 -0.00340503 -0.03295955
v -0.07653807 -0.02937829 -0.03948210
v -0.08720887 -0.04237980 -0.03886358
v -0.04132495 0.01482157 -0.04492748
v -0.09210169 -0.03400495 -0.03609588
v -0.08722104 -0.08179121 -0.02638779
v -0.09597786 -0.06141831 -0.01753980
v -0.09761828 -0.06126841 -0.01787839
v -0.05689593 0.03494272 -0.03820734
v -0.06083043 0.02731891 -0.04193925
v -0.07606497 -0.03996851 -0.03652120
v -0.08006050 0.04131003 -0.02487251
v -0.07993268 0.00112775 -0.04319356
v -0.08543684 -0.03971447 -0.01599617
v -0.08549219 -0.03280010 -0.01402532
v -0.05733036 0.00837934 -0.04381385
v -0.08773905 -0.01161145 -0.03971428
v -0.07491096 -0.03076262 -0.03874140
v -0.07256444 -0.03178741 -0.03750594
v -0.06983475 -0.03488192 -0.03318936
v -0.09997360 -0.05792412 -0.01944542
v -0.09295938 -0.03256475 -0.01583273
v -0.07096296 0.01828771 -0.04383494
v -0.09292440 -0.01569695 -0.03527659
v -0.10112701 -0.05735868 -0.02037117
v -0.04922020 0.02140743 -0.04333048
v -0.05571373 0.01463095 -0.04387029
v -0.08259371 -0.08102249 -0.02245322
v -0.05796710 0.01637287 -0.04384479
v -0.04449216 0.01467612 -0.04448267
v -0.06711911 0.04604776 -0.02107782
v -0.08066850 -0.08101952 -0.02994842
v -0.08015859 -0.05356978 -0.03263142
v -0.09202217 -0.02773026 -0.03543937
v -0.06600934 -0.00684671 -0.04401611
v -0.08901322 -0.02024250 -0.03813413
v -0.08144275 0.01465034 -0.04193574
v -0.07347766 0.01711844 -0.04363614
v -0.08822002 0.00341738 -0.04022434
v -0.03884647 0.01492032 -0.04505048
v -0.09457983 0.00649580 -0.03639863
v -0.08327814 -0.02935864 -0.04018711
v -0.05925607 0.01748488 -0.04398265
v -0.08108797 0.01165086 -0.04245400
v -0.05433629 -0.00762106 -0.04056561
v -0.09077194 -0.04841762 -0.03840321
v -0.09071507 -0.00927669 -0.03824852
v -0.05198592 0.00173684 -0.04221196
v -0.06557585 0.01466804 -0.04478557
v -0.08101711 -0.03688362 -0.03893613
v -0.07156104 -0.00322851 -0.04466277
v -0.06276862 0.02922589 -0.04147810
v -0.08287187 0.00898497 -0.04212981
v -0.08348211 0.01612143 -0.04113032
v -0.08640363 -0.04772557 -0.01813933
v -0.06961470 -0.00096867 -0.04475455
v -0.07998917 -0.01507148 -0.04183608
v -0.10215511 0.02610748 -0.01935031
v -0.08590683 -0.04348492 -0.03878731
v -0.05295016 0.00759926 -0.04296906
v -0.08649890 0.02645309 -0.03721273
v -0.09365758 -0.04524531 -0.01772624
v -0.05840619 -0.01441132 -0.03925336
v -0.06794006 0.04257882 -0.03062586
v -0.09600709 -0.04158904 -0.03414817
v -0.09247427 -0.00140681 -0.03777727
v -0.08534386 -0.01737906 -0.04040442
v -0.10075424 0.02763661 -0.02083309
v -0.08370078 -0.05447846 -0.03660676
v -0.06967621 -0.01952871 -0.04050056
v -0.10076814 0.00022029 -0.02696194
v -0.09603947 -0.01706018 -0.01443230
v -0.06217448 0.01043408 -0.04494034
v -0.08086500 -0.04709702 -0.03686453
v -0.04363119 0.00654464 -0.04375360
v -0.08236134 -0.02508938 -0.01124162
v -0.07796368 -0.00756698 -0.04309580
v -0.09032767 -0.03416198 -0.03744923
v -0.09598202 0.02673381 -0.02999312
v -0.07436992 0.01535847 -0.04364142
v -0.10280001 -0.06562169 -0.02027198
v -0.09361473 -0.06939574 -0.01585358
v -0.06492389 -0.02928366 -0.02833376
f 1178 1177 1176
f 1182 3830 6
f 3138 3136 2858
f 1194 3543 1188
f 10 1189 1194
f 3865 11 1199
f 3548 4218 1197
f 4218 13 1197
f 1199 15 3865
f 18 43 1201
f 1205 4077 3541
f 3541 2854 1205
f 3545 4128 20
f 1209 3831 1
f 23 24 2862
f 3866 1212 3142
f 1215 1216 4153
f 1217 1216 1218
f 2755 1078 1219
f 32 31 34
f 34 31 1221
f 3763 1213 1222
f 36 1211 1223
f 3459 692 1207
f 1229 3548 1196
f 41 1231 1232
f 38 2865 2864
f 44 3139 2860
f 47 44 1237
f 50 52 3954
f 3954 56 1248
f 56 3146 1247
f 3147 3555 1246
f 2869 4094 1252
f 62 1255 64
f 1251 2870 2872
f 1261 63 1259
f 1255 1254 1260
f 1260 67 65
f 1261 1262 63
f 1262 1263 159
f 66 67 1265
f 3150 71 2878
f 1267 68 1272
f 1281 78 77
f 1283 1284 1275
f 3158 1285 1289
f 3557 88 3155
f 88 1290 3155
f 1309 3160 89
f 3161 1309 1297
f 93 4048 3558
f 2883 1323 91
f 1304 3871 91
f 1307 1322 106
f 94 3161 1307
f 1311 3833 1310
f 100 4032 99
f 101 100 3829
f 1318 1319 102
f 3184 3163 1319
f 104 1319 196
f 3559 94 105
f 1323 2883 3971
f 35 111 1313
f 2886 4741 1335
f 4741 3867 1335
f 3873 4129 4016
f 1337 3168 4016
f 3168 113 1338
f 113 114 1343
f 4005 114 1339
f 1337 4016 4029
f 1347 3173 1343
f 118 1348 119
f 1367 144 1349
f 1353 145 119
f 1355 3564 126
f 127 1357 1356
f 152 151 1358
f 3800 129 3174
f 127 1359 128
f 4095 2889 3465
f 2890 2888 132
f 3272 132 116
f 475 133 3834
f 137 1360 1361
f 4029 4129 136
f 3875 3171 1363
f 1344 3934 140
f 142 143 3875
f 176 144 1368
f 3179 1369 177
f 3801 1375 3874
f 1376 1379 1378
f 1380 1432 1431
f 1377 1380 1379
f 1386 153 1390
f 1388 4035 1389
f 1391 3566 3877
f 4049 1434 1435
f 1362 3765 1396
f 157 2874 3178
f 2897 3571 160
f 3766 172 171
f 3573 174 1404
f 171 221 1479
f 172 1364 221
f 1405 1406 3840
f 175 1407 3586
f 176 1368 3574
f 1369 1409 1368
f 1408 1420 178
f 1410 178 1420
f 3836 181 1411
f 1412 3577 3974
f 3802 1456 1414
f 3181 1425 149
f 187 186 189
f 1426 3767 3837
f 1427 3837 207
f 188 3837 187
f 1433 3183 4157
f 1436 1435 2902
f 3935 1436 1440
f 137 1361 1442
f 1362 3573 3765
f 1443 195 3184
f 2285 195 3364
f 198 197 1449
f 2911 197 1257
f 26 1452 1448
f 198 1449 199
f 1453 200 1454
f 4036 1476 1204
f 3579 1501 1460
f 210 1464 107
f 3186 2766 214
f 219 214 3117
f 3185 1469 2908
f 1465 3768 2908
f 3185 216 1472
f 2908 3768 1473
f 245 4176 217
f 1521 1475 1467
f 220 221 3869
f 3190 2911 2910
f 1479 1262 171
f 3585 1480 3840
f 1481 4131 3574
f 154 1395 4098
f 1487 1488 223
f 1490 1489 3191
f 3587 224 225
f 3868 1491 226
f 3192 1493 228
f 1491 3868 1496
f 1494 3587 1496
f 4076 1495 3193
f 231 1502 1498
f 3586 4171 1455
f 3588 3879 189
f 1506 234 1504
f 1507 1505 3183
f 242 1512 1511
f 243 1514 1515
f 1518 247 243
f 249 238 2916
f 248 247 1518
f 253 252 251
f 254 255 1524
f 254 1524 1523
f 1580 1523 257
f 3602 3591 1526
f 3592 263 258
f 2919 3884 1528
f 258 259 261
f 2920 267 1531
f 3592 1531 265
f 267 3206 265
f 1537 1534 3205
f 2959 2923 268
f 270 1544 1543
f 2924 1548 3469
f 2180 676 2182
f 1552 3025 281
f 3977 2932 1556
f 1562 4762 1558
f 4762 287 1558
f 1559 414 3624
f 416 4685 1561
f 289 4698 4685
f 4698 1561 4685
f 290 291 289
f 1563 1561 1564
f 1571 1565 1564
f 1564 1565 301
f 301 302 1564
f 291 3598 289
f 298 297 1573
f 3098 987 3804
f 256 1526 3610
f 3956 312 1582
f 313 3956 1581
f 2933 313 1581
f 312 1583 319
f 315 318 1584
f 3604 2935 3953
f 1589 3215 1587
f 323 4926 3773
f 4926 322 3773
f 3605 321 326
f 1592 1591 320
f 1592 1588 1590
f 3217 330 1591
f 1596 1923 1594
f 1595 4989 326
f 4989 322 326
f 327 1923 1596
f 1595 1597 1596
f 1595 4984 1597
f 4984 3806 1597
f 1598 328 329
f 329 2937 2940
f 2940 3470 335
f 334 4970 4913
f 4970 332 4913
f 4913 333 334
f 3217 3471 330
f 336 2940 335
f 3594 3221 1632
f 3976 1772 3222
f 3611 3980 338
f 1611 3607 1610
f 2944 1616 1613
f 1623 1624 1988
f 1623 3226 3612
f 339 340 344
f 3609 3953 342
f 2946 1630 3953
f 342 4930 1627
f 4930 2939 1627
f 1636 345 1638
f 346 347 1644
f 1644 347 1642
f 1643 1642 3232
f 1647 1646 1648
f 1645 3614 1641
f 3230 3231 1650
f 3982 3232 348
f 3234 3237 1658
f 1658 1660 1659
f 359 1671 1668
f 3775 1662 359
f 362 1671 1663
f 1676 364 1672
f 3687 1675 1667
f 1666 1675 360
f 367 3983 1679
f 372 371 1684
f 1694 1693 3794
f 745 744 1693
f 1693 378 745
f 3886 1697 3474
f 1697 3886 1698
f 3239 381 2953
f 380 1703 1702
f 1703 1134 1706
f 1707 385 1574
f 3600 4723 300
f 4723 2953 300
f 1573 4736 386
f 4736 387 386
f 3617 4703 387
f 4703 1706 387
f 1708 3476 397
f 1709 1694 396
f 388 1710 3476
f 3433 1695 1710
f 1699 3243 1698
f 3213 4702 3978
f 4702 3475 3978
f 389 1720 1719
f 1718 1721 2956
f 1727 1728 1553
f 1727 2957 394
f 403 393 1729
f 712 1551 392
f 394 392 391
f 3241 1732 1734
f 3242 1734 1732
f 2430 4836 1737
f 4836 3621 1737
f 401 1739 1738
f 1737 3984 2430
f 2960 3776 1747
f 2182 2226 410
f 1750 3601 1578
f 417 412 1579
f 416 305 415
f 413 1756 1757
f 2638 426 422
f 3888 428 429
f 1767 2445 430
f 3252 3979 1607
f 3252 4963 1774
f 4963 1775 1774
f 3253 1776 1620
f 3255 4988 1777
f 4988 3777 1777
f 1872 3254 434
f 3481 1791 436
f 1797 439 1795
f 440 1800 3481
f 440 436 1801
f 443 1803 442
f 448 1806 3258
f 506 1908 1808
f 1820 450 3939
f 1820 1818 1817
f 1820 3939 466
f 452 1809 1822
f 457 4794 3260
f 4794 3261 3260
f 1835 4788 457
f 3261 4794 4788
f 4794 457 4788
f 3261 4788 458
f 1835 4825 4788
f 4825 458 4788
f 1829 4821 1828
f 4821 1825 1828
f 3482 1829 4100
f 1862 3262 1863
f 1835 4898 1858
f 4898 1838 1858
f 463 3890 464
f 1842 1736 398
f 1842 398 1840
f 1845 1840 1844
f 1910 3892 465
f 3890 4842 1841
f 4842 465 1841
f 2990 4854 4817
f 4854 3484 4817
f 4817 1846 2990
f 3283 466 3939
f 1847 4868 4827
f 4868 2989 4827
f 4827 1846 1847
f 1848 1849 3264
f 466 3283 3263
f 3283 4052 3263
f 2971 400 2424
f 3263 4891 1849
f 4891 468 1849
f 3629 4810 468
f 4810 3264 468
f 470 4808 3842
f 4808 1850 3842
f 471 3778 1851
f 3778 471 1852
f 471 472 1852
f 1855 472 3267
f 1853 2425 3265
f 3266 3267 472
f 1855 4819 2978
f 1881 4890 4819
f 4890 2978 4819
f 1834 1859 4019
f 2975 133 3271
f 1864 3843 477
f 475 1862 3271
f 481 3486 1861
f 3486 484 480
f 482 1789 3940
f 3273 4919 3940
f 3632 4945 4919
f 4945 3940 4919
f 483 131 3272
f 1868 478 3631
f 1869 484 3929
f 484 1873 480
f 4179 4955 1873
f 4955 3273 1873
f 486 1876 971
f 1880 2973 3268
f 1882 3633 4007
f 1882 4081 1881
f 1886 1884 2979
f 494 4780 1852
f 470 4791 4780
f 4791 1852 4780
f 1885 1886 1889
f 1888 4885 1887
f 4885 2981 1887
f 3276 4784 2986
f 491 4882 4784
f 4882 2986 4784
f 2982 1896 3636
f 3278 1898 3961
f 500 1897 1902
f 3808 2992 3635
f 504 1906 503
f 2491 1907 1891
f 2491 3282 3281
f 399 2970 505
f 1909 1808 1908
f 1850 4803 2989
f 4803 1911 2989
f 3892 4798 4778
f 4798 3985 4778
f 4778 465 3892
f 3287 4815 3892
f 3284 4833 4815
f 4833 3892 4815
f 4143 1910 463
f 1911 4812 3286
f 4143 4861 4812
f 4861 3286 4812
f 1919 4818 1913
f 4818 507 1913
f 1918 4180 1917
f 3290 4887 2991
f 4887 490 2991
f 1921 1843 509
f 1931 3292 1928
f 1929 1930 3488
f 4068 518 1932
f 516 3295 3638
f 1940 528 3296
f 1940 4993 528
f 4993 3001 528
f 510 1940 3296
f 1938 3297 1946
f 3297 3298 3780
f 1943 3489 1944
f 3001 4920 3640
f 4920 529 3640
f 1953 1976 1952
f 3302 4939 1954
f 4939 4102 1954
f 1958 4907 4102
f 4907 1954 4102
f 3893 4903 1960
f 1957 4981 4903
f 4981 1960 4903
f 1961 4992 531
f 4992 1617 531
f 1966 4160 3957
f 3303 1973 1969
f 1974 3307 1972
f 3894 537 538
f 1977 3300 3000
f 3642 1980 1977
f 1986 3895 1985
f 3005 1996 2004
f 551 2010 3957
f 2005 2021 2009
f 3312 550 3783
f 554 3783 2014
f 2015 2011 556
f 2019 4976 3650
f 4976 3316 3650
f 3316 4976 3311
f 4976 2019 3311
f 2020 2009 2021
f 3315 558 2024
f 3315 562 4065
f 3653 2028 2020
f 2027 560 2028
f 3311 2006 3010
f 3316 2026 3650
f 2031 563 2030
f 563 2031 565
f 4066 3654 563
f 564 3655 4066
f 2039 2040 3959
f 2038 568 2042
f 2044 4172 2043
f 2012 4210 2047
f 4210 3314 2047
f 2048 2049 570
f 3657 2055 3846
f 2055 2056 2046
f 2053 2061 3660
f 3012 2062 574
f 575 3323 2070
f 3943 576 578
f 3323 2065 2064
f 2393 577 578
f 580 3325 2066
f 2067 2068 2069
f 2068 2067 3493
f 2072 3662 581
f 3662 2072 3900
f 2072 581 2073
f 2071 3661 2074
f 2075 2076 1486
f 2076 3663 1486
f 545 4969 546
f 4969 3304 546
f 2081 169 87
f 2147 167 2081
f 3328 595 590
f 3328 90 594
f 2091 595 598
f 598 597 2091
f 599 597 2095
f 3329 596 597
f 2092 2093 2097
f 2108 2094 599
f 3331 2101 3332
f 2100 3665 2119
f 2099 2100 2098
f 2099 3017 619
f 2106 3018 2105
f 3336 2109 4103
f 604 603 3960
f 605 3991 2125
f 611 3020 609
f 617 616 2115
f 2117 617 2115
f 623 2120 622
f 2121 1802 2138
f 610 605 3337
f 2127 630 627
f 2127 2126 630
f 2127 667 2126
f 2127 628 2165
f 2133 2132 2129
f 3944 3918 633
f 3944 2134 3918
f 2133 632 2130
f 2130 2131 1164
f 4166 2135 637
f 2121 3903 2137
f 2138 1802 1804
f 624 1804 642
f 2140 2120 623
f 2144 591 643
f 648 3670 2145
f 654 3905 653
f 964 653 2148
f 3496 3671 655
f 3905 3496 2149
f 3905 2149 2153
f 2592 964 963
f 2156 659 656
f 4055 3497 3672
f 2142 2159 658
f 665 2158 3343
f 672 2168 2167
f 3674 671 2171
f 2174 675 2187
f 680 2172 2189
f 3344 2172 680
f 2172 2173 3345
f 3344 3024 2172
f 3936 3344 680
f 673 2175 2176
f 3675 3498 3346
f 676 677 2182
f 4125 3347 2177
f 3349 4057 3675
f 4161 2188 693
f 3029 4106 3850
f 3850 4106 3678
f 3023 1186 2195
f 2194 2196 685
f 1189 3027 3543
f 690 3028 2199
f 2199 3028 2200
f 691 4223 2215
f 4223 690 2215
f 692 4767 2203
f 4767 4151 2203
f 3031 3500 3029
f 695 4733 2205
f 4733 3682 2205
f 696 4770 4686
f 4770 3500 4686
f 4686 2206 696
f 699 3683 3096
f 283 3685 2209
f 2210 2608 3852
f 2212 2216 3033
f 2218 2214 2213
f 711 2215 704
f 2218 705 3686
f 2222 706 3821
f 3352 2220 706
f 1677 3688 4186
f 3111 2225 2224
f 681 4088 3885
f 2818 4737 3500
f 4737 4151 3500
f 722 723 727
f 2234 3691 2235
f 2239 3691 727
f 2238 3691 3785
f 726 2236 753
f 727 723 2265
f 728 3356 2241
f 723 2242 2270
f 3815 2239 2265
f 759 96 2245
f 3694 759 2245
f 4072 2241 2246
f 733 756 2247
f 2250 2249 2251
f 740 739 736
f 744 745 2256
f 2260 3501 750
f 2303 2263 750
f 3361 3362 749
f 748 751 3361
f 3360 2256 3041
f 3692 2265 2266
f 2255 2264 2303
f 2268 3945 754
f 721 732 759
f 757 2274 2273
f 2273 3816 758
f 3816 760 758
f 756 3695 2271
f 2271 3694 4072
f 760 721 2275
f 2278 2277 725
f 618 640 2116
f 640 2278 2116
f 2277 2278 640
f 2255 3359 2281
f 2267 754 2283
f 1317 2285 2284
f 3364 765 2283
f 2826 2297 2294
f 2294 2297 2288
f 3365 2290 2289
f 2290 3365 2291
f 3696 2288 2297
f 770 2291 778
f 2825 771 3128
f 772 773 2295
f 3908 2830 2301
f 2302 749 782
f 2305 783 786
f 2344 350 1651
f 3006 2313 788
f 787 3045 3368
f 794 790 3700
f 2320 2326 2321
f 795 793 2321
f 2325 2327 4089
f 847 4060 796
f 4121 2499 802
f 805 1226 3376
f 3550 2347 2346
f 2349 3910 2340
f 2338 2337 806
f 2337 2335 806
f 2354 3505 2353
f 809 2352 3054
f 818 808 809
f 813 2363 811
f 2364 815 2366
f 3705 2375 813
f 813 2375 814
f 3508 2365 2378
f 816 2369 2368
f 2420 845 2417
f 3505 3378 2370
f 2376 2370 3378
f 2376 809 2370
f 2374 2373 819
f 2375 3705 3056
f 2376 4240 818
f 4240 3707 818
f 4123 2377 824
f 3707 2377 3706
f 2405 825 3379
f 825 2405 4027
f 2382 571 3658
f 828 2328 4090
f 828 829 3504
f 4089 3504 2383
f 4089 2383 2325
f 4135 2387 2386
f 834 2392 582
f 582 2071 834
f 2396 3510 836
f 3901 3512 2402
f 4059 1491 225
f 2408 2404 2405
f 3382 2411 2409
f 843 2403 2411
f 2413 3383 3911
f 3710 3083 2416
f 2418 3385 3384
f 847 849 4060
f 2424 400 2958
f 2972 2424 4061
f 3387 2431 2429
f 2433 3388 3389
f 2457 2441 2443
f 852 2457 2443
f 2441 2440 4042
f 2450 2446 2447
f 2432 855 3390
f 2454 3914 856
f 3515 3068 2458
f 859 857 860
f 863 4873 3393
f 4873 860 3393
f 2459 3394 861
f 3820 3713 2460
f 3915 2466 2465
f 3397 878 865
f 2476 2468 865
f 868 2472 2474
f 3715 2485 2479
f 2486 2485 873
f 2469 874 3070
f 1895 2983 2487
f 3397 863 880
f 879 880 2492
f 863 4880 880
f 4880 3392 880
f 882 881 3402
f 2498 4181 13
f 2343 2499 2500
f 2499 2501 2500
f 2535 2500 2502
f 2535 2345 2343
f 3405 4190 2501
f 3962 4211 4190
f 4211 2501 4190
f 884 4196 883
f 3963 4219 4196
f 4219 883 4196
f 2503 4227 3085
f 4227 3076 3085
f 3376 3726 887
f 3376 887 2505
f 3520 3404 2507
f 2509 3078 3405
f 3963 3078 4043
f 3406 2511 3404
f 894 2512 893
f 2513 892 3791
f 896 2514 895
f 2515 2516 3079
f 3408 3079 3080
f 899 3082 3409
f 3724 903 2528
f 903 2527 4137
f 905 904 2529
f 2361 905 810
f 2362 3410 905
f 903 3724 2530
f 3411 3725 2734
f 3855 3084 2414
f 912 2537 910
f 911 2537 720
f 909 911 724
f 913 3521 2540
f 2541 915 3414
f 3415 2541 917
f 2544 3416 2543
f 2548 3727 2555
f 2560 3416 4092
f 928 2560 4107
f 932 2247 931
f 2247 932 733
f 2820 733 2565
f 940 3089 2570
f 3090 3089 2571
f 3904 1471 937
f 614 3420 2575
f 939 3092 3093
f 666 2579 2578
f 2574 2580 2573
f 947 948 638
f 949 947 638
f 3093 3822 939
f 940 2583 3524
f 1048 953 952
f 2584 954 4022
f 2581 953 955
f 2591 967 2594
f 967 966 2594
f 3275 487 971
f 448 972 2598
f 2974 1860 2599
f 2598 965 2603
f 3919 2601 2603
f 2589 164 1403
f 962 2597 2605
f 2607 4689 2606
f 4689 4140 2606
f 977 4692 3526
f 4692 4152 3526
f 3424 4760 2607
f 4760 3526 2607
f 3729 981 2611
f 3427 3428 3425
f 2613 3427 3425
f 3804 987 984
f 2617 3425 2616
f 2612 2617 982
f 3097 3920 985
f 3999 3097 2618
f 2632 992 4109
f 2618 2617 2612
f 4012 988 3098
f 989 2646 2633
f 2628 989 3920
f 2633 990 2620
f 990 2633 3528
f 3528 991 990
f 2643 4183 993
f 2643 994 2642
f 1006 3430 996
f 2647 996 997
f 2648 1001 3099
f 2631 2652 2651
f 3431 999 3732
f 2656 2655 3431
f 1001 2654 1003
f 2647 1001 1003
f 1004 1000 2653
f 2655 2656 1004
f 1758 3734 3733
f 2640 2658 2639
f 2658 1005 3733
f 1007 2645 1008
f 3529 1008 2645
f 1009 2659 4010
f 1013 1012 2662
f 1014 4010 2660
f 4000 4110 1011
f 4000 3100 4110
f 2661 3432 3100
f 520 4093 1027
f 4093 1015 3858
f 2672 4947 1019
f 4947 2686 1019
f 3856 3922 2674
f 2676 1021 3101
f 2669 1026 4063
f 336 4021 2664
f 2995 1027 1028
f 3857 2689 1028
f 2685 1031 2689
f 4119 1025 1026
f 3858 4119 1032
f 2688 2691 2687
f 2693 1040 1041
f 2693 2703 2702
f 2701 2707 2700
f 3434 2707 2702
f 2706 2700 2707
f 2713 3107 2712
f 3118 2768 1054
f 2718 1058 1057
f 1509 1058 2718
f 1509 235 1058
f 2718 2720 1510
f 1059 2724 2723
f 1059 2722 2725
f 1059 3742 2724
f 3741 2726 3742
f 3742 2726 4044
f 4044 2724 3742
f 1061 3110 3531
f 2717 3531 3110
f 1061 3531 2719
f 3704 3924 3795
f 901 2534 900
f 4117 2737 3745
f 2737 2736 3745
f 2741 2742 3859
f 1067 2738 2741
f 2738 1067 2739
f 2752 2738 1068
f 2419 845 2746
f 3435 1071 4174
f 3115 3747 1074
f 1075 2741 2738
f 1081 1080 33
f 53 59 2756
f 1035 1045 3748
f 747 746 2260
f 1087 746 747
f 2759 1090 1085
f 3439 4004 1329
f 4004 2762 1093
f 3441 939 3440
f 3947 4182 3106
f 1092 2766 3186
f 1101 3117 2765
f 3444 2769 1097
f 3444 1102 2769
f 2203 1103 3446
f 3446 692 2203
f 2782 1105 2781
f 1105 1107 1104
f 2782 4045 1082
f 3119 1108 2784
f 1109 2786 4001
f 3536 2853 1171
f 1112 4112 1113
f 1114 3124 3756
f 1115 2779 2791
f 3933 1120 869
f 1117 497 1893
f 3752 2800 4002
f 1123 1122 3123
f 3122 3123 1122
f 498 2803 1119
f 499 1125 3449
f 1126 3122 2801
f 1123 1124 1127
f 1127 1902 1897
f 3861 1903 3808
f 1129 1704 2813
f 301 2806 1131
f 2780 4764 2203
f 4764 1103 2203
f 4152 4687 4140
f 2817 4691 4687
f 4691 4140 4687
f 1139 4712 1140
f 4712 1137 1140
f 1140 3828 1138
f 1139 1140 1141
f 2822 2273 3358
f 3967 2823 3127
f 2825 2824 3127
f 1144 2882 1143
f 3127 1146 2825
f 1320 2828 3537
f 3760 2827 2829
f 4003 2831 777
f 773 1149 1148
f 777 1146 3760
f 2838 337 2837
f 2835 1157 4175
f 3761 3339 1164
f 3130 3131 1163
f 2579 3132 944
f 2848 1335 1170
f 1033 3928 3539
f 1033 3539 1077
f 3457 1167 3456
f 2789 1173 2853
f 679 3458 3133
f 3133 1177 679
f 1174 3458 1180
f 1174 1180 1179
f 3134 2854 1174
f 3545 3134 3863
f 2854 1181 1176
f 1177 3133 1176
f 1175 1176 1181
f 1 3863 21
f 3541 1181 2854
f 3864 3140 1175
f 3187 3140 3864
f 1178 1175 3
f 1175 3140 3
f 4047 3140 3187
f 1177 1178 4
f 4 3 1191
f 1191 6 4
f 6 7 1182
f 1182 7 1187
f 1186 1185 2195
f 7 2857 1184
f 3542 7 1184
f 1184 4127 8
f 6 9 7
f 2861 1191 3
f 9 1191 2861
f 1193 4200 4013
f 4200 3137 4013
f 2858 3136 1193
f 2858 17 3138
f 2856 3136 3138
f 1194 1188 1195
f 1194 1195 10
f 1195 11 12
f 3138 1199 11
f 13 15 1197
f 4141 14 1197
f 1199 1198 15
f 1197 15 1198
f 1200 3544 4141
f 3138 16 1199
f 3137 1201 4013
f 1201 1192 18
f 2858 4013 2859
f 1192 3139 18
f 19 1234 2861
f 19 2861 3140
f 3948 203 1202
f 3188 1203 3948
f 1205 3545 20
f 1179 1206 21
f 1206 1207 3547
f 3141 3547 1208
f 1207 1206 3459
f 22 3459 1180
f 3351 3459 22
f 1208 4749 3141
f 4749 21 3141
f 1210 4128 24
f 2862 1209 23
f 24 23 25
f 1447 1445 26
f 1447 23 1212
f 36 1212 1211
f 1445 1212 3866
f 1213 1212 36
f 1212 1213 3142
f 3763 3142 1213
f 3143 3142 3763
f 1215 28 1216
f 4153 1216 1217
f 28 1218 1216
f 31 1078 111
f 31 1219 1078
f 111 35 31
f 50 51 1081
f 1240 1220 33
f 31 35 1221
f 3539 3763 1222
f 1223 4772 4741
f 4772 3867 4741
f 4741 2886 1223
f 2863 4742 3867
f 4742 2790 3867
f 2790 4742 1208
f 4742 2863 1208
f 1208 4755 2790
f 4755 1224 2790
f 1224 4755 3547
f 4755 1208 3547
f 3547 37 1224
f 1207 3446 37
f 1207 692 3446
f 1228 1227 3549
f 1227 1228 3550
f 3549 40 1228
f 3193 40 3549
f 1227 4212 3549
f 4212 39 3549
f 2864 4245 38
f 4245 14 38
f 39 1229 1230
f 805 1229 39
f 1231 3832 3551
f 41 3193 3832
f 1231 3551 2864
f 3552 2865 38
f 1232 2865 2866
f 1232 42 3145
f 42 2866 1233
f 42 1233 3553
f 2866 2867 1233
f 2867 4243 1238
f 4243 3552 1238
f 3552 4243 2866
f 4243 2867 2866
f 3578 1233 2906
f 47 3139 44
f 1236 4127 3460
f 1234 3460 2857
f 203 1235 1202
f 45 1235 204
f 1220 1239 1241
f 1220 48 1239
f 1240 48 1220
f 1241 50 1220
f 53 3554 1249
f 3954 1245 56
f 1245 49 54
f 1242 1239 4032
f 4168 49 1243
f 49 1242 1243
f 208 54 719
f 1245 1244 55
f 56 1245 55
f 3147 1247 3146
f 3146 57 3147
f 1246 1250 1218
f 1248 1249 3554
f 1218 59 1246
f 1218 28 59
f 1218 1250 1251
f 1251 1217 1218
f 1246 3555 1250
f 1250 3555 1251
f 4094 1253 60
f 1254 60 2876
f 60 69 2876
f 1252 60 2868
f 61 2868 1255
f 61 2871 2868
f 4142 61 62
f 4142 2871 61
f 1256 1217 1257
f 1214 1256 1257
f 4142 3148 3869
f 1479 3148 63
f 63 3148 64
f 1255 1260 65
f 1260 2876 3149
f 66 65 67
f 65 2873 1259
f 3556 1259 2873
f 66 1276 2873
f 3556 2873 2875
f 3556 1261 1259
f 1264 3556 2875
f 171 1262 159
f 157 1264 2874
f 1266 1265 3149
f 1270 1271 1266
f 1270 1266 3149
f 70 1271 1270
f 69 3149 2876
f 1269 2877 1268
f 1267 2878 1268
f 1270 3149 69
f 70 1270 69
f 70 69 1268
f 72 1271 71
f 1271 70 71
f 1271 72 3151
f 3150 2878 74
f 71 1268 2878
f 2878 1267 74
f 1272 4170 1267
f 74 4170 75
f 1273 74 75
f 208 1272 1244
f 1244 1272 55
f 75 1272 76
f 78 3969 77
f 3969 78 73
f 3151 79 1274
f 81 1277 3152
f 81 3152 168
f 3152 3153 3970
f 82 3153 1265
f 1278 80 83
f 80 1278 82
f 1275 85 1283
f 1275 1284 1280
f 1281 77 1314
f 78 1281 84
f 1282 84 1281
f 1282 3154 84
f 1283 1286 88
f 1279 1280 86
f 4154 3970 2879
f 86 88 1285
f 1286 1290 88
f 1286 1287 1290
f 593 3799 1288
f 1289 88 3557
f 1295 89 3155
f 3156 3162 1292
f 90 593 1288
f 1293 1292 3162
f 89 1295 1309
f 1296 3159 3164
f 3159 1296 3157
f 1297 1309 1296
f 89 3160 1291
f 1296 2880 3461
f 1296 3461 2881
f 1298 1300 1299
f 3764 92 1298
f 1301 4048 1298
f 1303 1300 1302
f 1300 4048 1302
f 92 4014 1298
f 92 3165 4014
f 2229 721 2230
f 2230 3558 2229
f 93 3166 4048
f 1297 3871 1304
f 1297 1304 1305
f 1322 1307 1306
f 1307 3161 1306
f 1308 1307 106
f 1307 1327 94
f 1291 3559 3162
f 1310 3162 3559
f 1291 3160 94
f 96 97 95
f 4032 48 99
f 1221 35 99
f 3462 4032 100
f 3829 100 99
f 2253 3462 100
f 2253 734 3462
f 3038 102 1315
f 1317 1315 102
f 3038 1312 1316
f 1316 1312 103
f 1317 3163 2285
f 3163 1317 102
f 1319 104 3154
f 104 84 3154
f 104 196 1286
f 1287 3164 3159
f 4023 1287 196
f 2880 3164 1444
f 1320 3166 93
f 2882 1302 3166
f 2882 1144 1303
f 4031 1303 1324
f 2883 4031 1324
f 1323 3971 1322
f 3812 1326 3991
f 1326 1311 4156
f 1327 105 94
f 209 3972 1325
f 3560 3463 1327
f 1325 3560 2884
f 1327 1308 3560
f 3560 1308 3464
f 1308 106 3464
f 106 1328 3464
f 3560 3464 2884
f 1464 3464 107
f 3464 1464 2907
f 2907 2885 3464
f 106 4015 1328
f 4015 3971 1329
f 1329 4004 3561
f 1092 3186 3561
f 1471 3904 1330
f 1332 110 111
f 1334 1331 1332
f 1331 1334 1161
f 1332 3872 1334
f 4016 112 3873
f 4016 3168 112
f 112 1338 3562
f 134 1360 1336
f 1339 114 1337
f 115 113 1343
f 113 117 1338
f 4005 3973 114
f 1340 1337 4029
f 1340 116 1339
f 116 1345 1339
f 1344 117 141
f 1344 141 3934
f 3562 1344 1336
f 120 1343 1346
f 3973 1342 126
f 2888 1355 1342
f 1343 120 1347
f 1347 118 1365
f 1365 118 119
f 1350 1348 120
f 1350 120 1346
f 1350 1352 1348
f 1350 124 121
f 124 1350 1346
f 1351 1352 121
f 3563 122 123
f 1353 1352 123
f 1352 1353 1348
f 119 145 1349
f 145 1353 1354
f 123 1375 1353
f 3564 125 1351
f 3564 3170 125
f 125 3170 1356
f 2888 1359 3170
f 1356 3170 1359
f 126 1342 1355
f 2888 3170 1355
f 2887 125 1357
f 125 1356 1357
f 3800 1357 127
f 128 1359 2889
f 4095 128 2889
f 129 128 3175
f 3175 128 130
f 3175 130 1387
f 130 4095 3630
f 3630 1387 130
f 2891 131 3465
f 3272 2891 132
f 1360 134 135
f 134 1336 2892
f 174 1361 135
f 4029 4016 4129
f 1396 136 1362
f 135 134 138
f 1363 1364 2892
f 1344 140 139
f 3934 3172 140
f 140 142 139
f 1336 1344 139
f 2912 3171 143
f 1366 3172 141
f 1365 144 3173
f 1366 176 3172
f 177 1367 1349
f 1371 145 1354
f 1354 1370 1371
f 1354 1373 1370
f 1371 1370 2893
f 177 1371 2893
f 2893 1370 1372
f 2893 1372 1408
f 1374 1423 1373
f 146 147 3874
f 3801 147 1376
f 1383 147 146
f 1383 1377 147
f 1431 1378 1379
f 3801 148 2894
f 148 1381 2894
f 148 4069 1382
f 1374 1375 2894
f 1423 1374 183
f 2895 4069 1378
f 4018 4069 2895
f 1378 1431 3880
f 1441 3949 1384
f 1383 150 1384
f 150 1441 1384
f 150 146 1385
f 1358 4017 3169
f 1392 152 1358
f 1441 151 3881
f 129 1386 3174
f 1386 3175 3876
f 129 3175 1386
f 3175 1387 3876
f 1387 3273 3876
f 3940 153 3876
f 3174 1386 1390
f 3877 4967 3649
f 4967 3811 3649
f 3649 3955 3877
f 3955 3649 192
f 1391 1390 3566
f 3877 4924 1391
f 4924 152 1391
f 1391 152 1392
f 3838 3881 152
f 4114 3838 3176
f 4049 4185 1482
f 4148 1435 3177
f 1482 560 1394
f 154 1484 1394
f 2896 1876 2976
f 1398 3567 156
f 1400 156 157
f 3569 3835 158
f 158 159 157
f 159 4252 157
f 4252 1264 157
f 1399 2875 2873
f 1399 2873 1276
f 1399 161 3570
f 161 1399 3572
f 163 1400 160
f 1401 163 162
f 162 164 969
f 1402 4096 3844
f 3844 4096 136
f 162 163 3571
f 168 169 167
f 1397 3568 3765
f 171 3835 3766
f 1404 3835 3569
f 173 174 138
f 199 3840 1406
f 142 1407 175
f 2893 1408 3179
f 1369 3179 1409
f 178 1409 3179
f 184 1410 1420
f 180 178 1410
f 4078 180 182
f 1411 4078 182
f 2898 1411 182
f 1417 1413 2899
f 3836 1412 3974
f 2898 1416 2899
f 2899 1416 1417
f 1416 2898 1418
f 180 1418 182
f 180 2900 1418
f 2900 179 3575
f 3975 179 1410
f 1423 1422 1373
f 1425 1381 149
f 183 1425 3180
f 183 3180 1423
f 1422 184 1421
f 185 184 1422
f 185 1422 3180
f 3878 184 185
f 3975 184 3878
f 3975 1427 1424
f 2901 3180 1425
f 2895 233 190
f 1429 186 3181
f 4018 190 1429
f 3589 186 1429
f 3767 3181 187
f 187 3181 186
f 189 186 3589
f 1427 1426 3837
f 1427 4130 1424
f 3580 207 3579
f 1500 1501 3579
f 1429 190 3195
f 2895 1430 3576
f 3576 1430 3183
f 1437 1432 1380
f 4157 1430 3880
f 4157 1483 1433
f 191 1432 1437
f 1484 3183 1433
f 1434 4927 191
f 4927 1432 191
f 1437 1438 191
f 3935 3177 1436
f 1438 193 2902
f 3955 192 3176
f 1440 192 3935
f 4114 194 193
f 3176 1440 194
f 4114 193 3949
f 151 150 4017
f 1442 174 3573
f 1362 1442 3573
f 126 124 1346
f 1443 1282 1281
f 4023 196 1444
f 1318 1444 196
f 196 1319 1318
f 2903 1449 197
f 26 1445 198
f 199 26 198
f 200 1406 1450
f 175 1455 1450
f 1455 1451 1450
f 1450 1451 200
f 1453 201 1448
f 1448 1210 25
f 201 20 1210
f 1451 1456 3802
f 2904 1453 1454
f 1454 200 3802
f 4036 2904 1454
f 1204 3546 4036
f 202 4036 1454
f 1454 3802 202
f 203 1203 1457
f 1457 1458 203
f 1419 205 204
f 1428 1459 205
f 46 2905 206
f 206 4220 2906
f 4220 4130 2906
f 4130 4220 1459
f 4220 206 1459
f 3578 2906 4130
f 1330 3581 1461
f 1461 1462 1330
f 2907 1469 1463
f 1465 1464 210
f 1466 212 214
f 219 215 214
f 4188 1468 1467
f 1469 3185 1463
f 3185 1470 3582
f 3583 3768 210
f 1330 1462 1471
f 3740 2708 1462
f 216 2908 1473
f 1473 3583 4176
f 1046 1472 2909
f 3584 1046 2909
f 4176 3583 4188
f 217 4188 1475
f 1474 1473 4176
f 1474 4176 245
f 1474 245 3467
f 214 2766 3117
f 71 70 1268
f 3187 3188 4047
f 3187 1204 1476
f 3188 3187 1476
f 1476 3769 3188
f 3769 4036 202
f 3769 4097 3188
f 1478 222 221
f 1477 221 222
f 1477 3190 2910
f 3869 1477 2910
f 2910 4142 3869
f 3465 2889 2890
f 222 2913 1480
f 222 2914 3190
f 181 1481 1409
f 1482 1483 1434
f 1484 1482 1394
f 1486 223 583
f 1488 224 1489
f 583 1489 1490
f 234 583 1490
f 1491 3587 225
f 3868 846 3550
f 226 846 3868
f 224 227 3191
f 1493 1490 3191
f 1492 3182 233
f 233 3182 3195
f 227 228 1493
f 227 1494 228
f 224 3587 227
f 3868 1228 40
f 3587 1491 1496
f 1494 229 228
f 1503 229 3588
f 229 1494 230
f 1494 3770 230
f 230 3770 1495
f 1494 227 3587
f 3193 1495 1497
f 3588 229 1498
f 1502 231 1499
f 1499 4076 232
f 1499 232 3194
f 1501 1500 1499
f 3588 1498 1502
f 1503 3192 229
f 3589 1429 3195
f 189 3879 187
f 190 233 3195
f 1504 1490 1492
f 1504 234 1490
f 1505 3576 3183
f 3576 1505 1504
f 1505 1506 1504
f 3196 234 1506
f 1505 3196 1506
f 2719 235 236
f 1510 1516 241
f 241 1513 1509
f 240 1511 3198
f 3199 1511 239
f 1508 3198 3199
f 237 2915 236
f 239 238 237
f 237 238 249
f 1513 241 1514
f 240 1514 243
f 243 1515 1518
f 244 1516 245
f 3882 245 1516
f 3109 3882 1516
f 3467 245 3882
f 2774 1519 242
f 1512 3590 239
f 2916 238 239
f 246 1519 1520
f 1519 2774 1520
f 3594 2917 3201
f 1522 3200 253
f 253 251 4177
f 254 3203 251
f 254 3883 3203
f 1523 3883 254
f 1526 256 3883
f 1523 1580 309
f 1524 257 1523
f 2918 255 252
f 2918 3803 255
f 3803 2918 3592
f 3200 4178 2918
f 4178 3592 2918
f 3803 258 1527
f 1527 1524 3803
f 3592 258 3803
f 1527 1528 3884
f 3884 257 1527
f 258 261 1528
f 260 262 1530
f 1528 261 2919
f 3951 2919 261
f 1529 259 258
f 258 263 1529
f 1529 4038 262
f 1529 263 4038
f 4178 1525 1534
f 4037 2917 264
f 264 1532 4037
f 1532 3204 1522
f 1525 3205 1534
f 1522 3204 1525
f 3976 1532 264
f 1533 3204 1532
f 265 1535 263
f 1687 1688 1535
f 1536 267 2920
f 269 1536 266
f 2960 1747 1537
f 1541 1539 1687
f 1687 1539 374
f 1539 1686 374
f 1541 3468 277
f 1541 277 2924
f 3469 1542 1545
f 1543 1686 270
f 1683 275 272
f 275 273 272
f 275 2951 274
f 277 276 2924
f 1548 1542 3469
f 3595 1549 3596
f 1550 278 1549
f 1551 1744 1730
f 278 1551 2925
f 2951 2180 2182
f 3936 1552 694
f 279 280 281
f 3885 280 279
f 3620 1553 3885
f 1553 3620 1727
f 280 3885 1553
f 1728 281 280
f 2927 281 1554
f 2926 4727 2927
f 4727 1552 2927
f 1554 4719 4707
f 4719 1569 4707
f 4707 2927 1554
f 3684 2928 3210
f 284 4753 1555
f 3210 4768 4753
f 4768 1555 4753
f 307 4754 2932
f 4754 1555 2932
f 307 2932 1578
f 2932 1555 1556
f 1555 4725 285
f 4725 3209 285
f 286 1559 3977
f 1558 4710 3597
f 286 4769 4710
f 4769 3597 4710
f 285 3209 1557
f 286 4710 287
f 4710 1558 287
f 1579 411 1559
f 286 4694 1559
f 4694 414 1559
f 1559 3624 1579
f 414 4694 1560
f 4694 286 1560
f 1560 286 287
f 287 4762 290
f 4762 1562 290
f 289 4685 288
f 4685 416 288
f 1561 4698 1564
f 4698 289 1564
f 292 1562 1558
f 1567 290 1562
f 1571 289 3598
f 3598 1566 1571
f 3209 1568 1557
f 3211 1568 3209
f 294 4732 2928
f 4732 3210 2928
f 3210 4732 3211
f 4732 294 3211
f 292 3212 296
f 3212 4699 296
f 4699 295 296
f 295 4699 3475
f 3212 4706 4699
f 4706 3475 4699
f 1569 293 1568
f 1570 4688 1568
f 4688 1557 1568
f 3475 4734 4688
f 4734 1557 4688
f 4688 1570 3475
f 1570 1568 293
f 3211 294 1569
f 1554 3978 1570
f 3978 4039 1726
f 3599 4700 295
f 4700 296 295
f 295 4747 3599
f 4747 3213 3599
f 3475 4702 295
f 3213 4747 4702
f 4747 295 4702
f 298 1566 3598
f 2929 1566 298
f 1566 2929 1572
f 1572 1571 1566
f 2929 1574 1572
f 1567 299 297
f 3600 4713 4700
f 4713 296 4700
f 4700 3599 3600
f 300 4731 3600
f 4731 299 3600
f 303 1577 1576
f 1575 984 303
f 304 3804 3214
f 1576 306 3214
f 2930 2931 1577
f 2931 2961 1764
f 307 1578 3601
f 1750 1578 3249
f 2932 4718 1578
f 4718 3249 1578
f 3249 3977 411
f 416 1561 305
f 305 1561 304
f 3804 304 1563
f 3804 1563 3098
f 3805 308 3591
f 3591 3602 3805
f 1581 4998 4158
f 4998 3602 4158
f 1580 4158 309
f 4158 317 1581
f 313 312 3956
f 312 313 1583
f 2933 1581 317
f 1582 4935 4167
f 4935 2934 4167
f 319 314 2934
f 316 313 2933
f 313 316 1583
f 2933 1585 315
f 2933 315 316
f 315 1585 318
f 318 2935 3604
f 3604 1584 318
f 1584 3608 1586
f 331 3608 1584
f 1587 316 315
f 1583 1587 319
f 1587 3215 319
f 1587 1586 1589
f 1589 1586 1588
f 3608 1588 1586
f 1589 1588 320
f 3606 4912 2934
f 4912 4167 2934
f 4167 4912 323
f 4912 3606 323
f 322 4926 3606
f 4926 323 3606
f 3605 4948 321
f 4948 1601 321
f 1589 320 3215
f 1591 4099 320
f 1590 1588 3608
f 3216 3608 334
f 320 1588 1592
f 1591 1592 3217
f 3773 4901 323
f 2936 4934 4901
f 4934 323 4901
f 323 1593 4167
f 323 4934 1593
f 4934 2936 1593
f 3981 3773 1594
f 3981 4965 3773
f 4965 324 3773
f 3607 4917 3807
f 4917 324 3807
f 324 3218 3807
f 1923 4974 1594
f 4974 3981 1594
f 1595 1596 1594
f 3806 4984 321
f 4984 1595 321
f 1928 1599 1927
f 2665 1927 1598
f 1598 329 2940
f 3470 2937 3471
f 3470 2940 2937
f 3736 335 1603
f 1592 1604 3217
f 3604 3609 2938
f 331 1584 2938
f 2938 3609 1627
f 1627 4929 2938
f 4929 332 2938
f 332 4929 2939
f 4929 1627 2939
f 334 331 1600
f 3471 3217 1602
f 3471 2937 1601
f 1605 1604 1590
f 1602 1604 3220
f 1603 3471 1602
f 1602 4122 1603
f 1602 3220 4122
f 2833 3216 333
f 337 1605 2833
f 337 1153 3220
f 3979 3221 2941
f 3611 4978 3593
f 4978 1606 3593
f 1606 2941 3593
f 3594 1632 3223
f 3222 1748 3976
f 3224 1608 1607
f 2942 1621 3224
f 1621 1608 3224
f 3611 3593 3610
f 3610 308 3980
f 338 3980 2943
f 3807 1610 3607
f 2936 4906 310
f 4906 1611 310
f 1609 1613 1616
f 1613 1615 1612
f 1615 1614 1617
f 1615 1618 1612
f 2944 4950 1621
f 4950 1620 1621
f 2944 1621 2942
f 1608 2964 1607
f 2964 1608 1622
f 1623 3612 1624
f 3226 1625 339
f 1626 1631 339
f 3226 339 344
f 1631 340 339
f 3227 1626 341
f 1626 3227 1631
f 2935 3613 3953
f 2919 3951 2945
f 3772 311 2945
f 3772 1628 2935
f 1628 1629 3613
f 1630 2946 1635
f 2939 4930 2839
f 4930 342 2839
f 341 2839 342
f 3227 345 1631
f 1630 4991 342
f 4991 341 342
f 1624 3937 3229
f 1624 3612 3937
f 3229 3937 1997
f 1633 1634 3502
f 1647 3226 344
f 1634 3612 3226
f 1633 3612 1634
f 340 4155 344
f 1636 1631 345
f 1639 345 1635
f 1638 345 1639
f 340 1631 1636
f 4155 1636 1637
f 1637 1636 1638
f 343 3774 1635
f 346 1645 1641
f 1637 347 346
f 347 1638 1642
f 1639 3232 1638
f 348 3232 1639
f 349 1644 3473
f 1644 349 2948
f 3473 1657 349
f 1645 1644 2948
f 1648 1646 2947
f 1648 2947 784
f 3230 3698 1641
f 2948 3614 1645
f 1652 1649 2948
f 3366 3698 3230
f 1649 1651 3231
f 3366 3230 1650
f 3231 3370 1650
f 1655 1652 349
f 3473 1653 1657
f 1643 3232 3982
f 3982 348 354
f 3982 353 373
f 352 3982 373
f 373 353 1689
f 352 373 1654
f 1689 1685 373
f 1639 3774 348
f 1653 1643 4050
f 1656 1657 355
f 2333 1659 1660
f 4050 1643 4070
f 2949 3234 1658
f 357 1660 356
f 356 2950 357
f 1669 2950 3616
f 1663 1662 1664
f 1666 1665 1667
f 360 362 1666
f 366 2744 1673
f 366 3687 1066
f 1672 4194 1671
f 4194 1668 1671
f 1668 4209 359
f 4209 1670 359
f 361 1670 4187
f 2952 1684 4187
f 361 3775 1670
f 3775 359 1670
f 359 1662 1663
f 1671 4239 1672
f 4239 3615 1672
f 362 1663 1665
f 3615 362 360
f 3615 4239 362
f 4239 1671 362
f 4123 364 363
f 1674 1673 822
f 1676 365 363
f 1673 1674 366
f 3615 4206 1676
f 4206 1674 1676
f 363 364 1676
f 824 4225 364
f 4225 1672 364
f 366 1674 1675
f 1674 4206 360
f 4206 3615 360
f 2952 1690 1684
f 3983 1662 3775
f 4184 3983 367
f 3983 4184 1662
f 1679 3235 367
f 1682 1678 368
f 368 1681 1682
f 273 1682 1681
f 370 3236 1679
f 1681 3236 369
f 3236 1680 369
f 369 2921 1681
f 2180 2951 275
f 1683 2169 275
f 1684 370 361
f 371 3236 370
f 373 372 1684
f 1543 2922 372
f 1685 372 373
f 374 1688 1687
f 1689 1543 1685
f 353 1771 1686
f 3237 4070 1654
f 3245 376 375
f 1695 3433 3739
f 3105 380 1696
f 1696 2705 3105
f 1702 1696 380
f 1696 1702 381
f 1696 381 3474
f 3886 3474 1700
f 1702 4682 1701
f 4682 3617 1701
f 1702 1703 1706
f 2814 4759 1703
f 4759 1134 1703
f 1705 1574 385
f 2953 4723 1713
f 4723 3600 1713
f 1134 4697 387
f 4697 386 387
f 379 726 378
f 1709 377 1692
f 396 377 1709
f 1790 1710 1695
f 2697 1792 1695
f 4086 2955 384
f 1715 1714 1713
f 1726 3213 3978
f 1724 4086 1716
f 2955 4086 4024
f 1718 1700 1720
f 4024 3240 1719
f 393 1719 3240
f 389 1722 1721
f 1723 1721 1722
f 383 1718 2956
f 3242 3243 1699
f 1722 1719 402
f 3240 4024 3619
f 1724 3619 4024
f 4024 4086 1724
f 3619 1724 1725
f 3240 3619 391
f 3240 390 393
f 391 390 3240
f 1717 1725 2954
f 1717 2954 1726
f 1727 1717 4039
f 1554 281 1728
f 1727 4039 1728
f 3620 2957 1727
f 391 392 390
f 394 2957 392
f 2925 1551 712
f 4083 1711 3243
f 4083 3243 1732
f 4040 3478 1731
f 3241 4040 1731
f 1731 1732 3241
f 3241 437 4040
f 2965 437 3241
f 2965 1738 1733
f 1738 3621 1733
f 2965 3241 1738
f 3242 1732 3243
f 395 3476 1710
f 396 1708 397
f 3246 3245 396
f 397 1735 3246
f 1735 397 395
f 1840 4051 1844
f 1770 1845 1844
f 400 399 2958
f 1733 3621 2427
f 3621 1738 1739
f 1738 3241 401
f 3241 1734 401
f 3621 1739 1737
f 401 2956 1739
f 3247 3477 3984
f 1742 2439 1741
f 2439 1742 3789
f 1742 431 430
f 403 406 1741
f 403 3248 406
f 278 1550 1746
f 1746 1550 404
f 1743 1547 1549
f 1745 3248 1729
f 405 1745 1746
f 276 2923 404
f 2959 405 1746
f 404 2959 1746
f 1747 407 3771
f 3776 432 407
f 2959 431 405
f 408 2960 3228
f 3251 2960 408
f 3251 408 3938
f 273 274 1682
f 413 2635 3601
f 1579 412 411
f 415 305 306
f 415 1752 414
f 1752 1576 427
f 3624 1752 1754
f 1754 4751 3624
f 4751 1579 3624
f 1753 1754 1752
f 1758 1757 1756
f 1758 1756 1755
f 418 1759 417
f 418 421 1759
f 422 1759 421
f 422 1758 1755
f 1760 2638 422
f 1760 422 421
f 421 3887 1760
f 424 423 419
f 423 1761 425
f 424 1753 1765
f 2642 1763 3625
f 3626 1012 3625
f 3626 3625 1763
f 3250 428 3626
f 3626 428 3888
f 3888 1012 3626
f 2657 3732 1757
f 1765 427 1577
f 428 1764 2961
f 1767 4835 2445
f 2962 4843 4835
f 4843 2445 4835
f 2962 3288 854
f 1742 406 431
f 432 431 3622
f 430 431 432
f 2963 433 4051
f 1768 1749 1769
f 1770 1769 1749
f 1768 1769 4051
f 353 262 1771
f 1773 1779 3222
f 1607 2964 1775
f 1774 434 3252
f 1786 434 1774
f 1872 4990 3632
f 4990 1786 3632
f 1786 4990 434
f 4990 1872 434
f 1776 1622 1620
f 1225 4931 3777
f 4931 1775 3777
f 1619 536 1778
f 1782 1779 1773
f 1782 1781 1779
f 435 1783 1785
f 1778 1964 1777
f 1777 4964 3255
f 4964 3144 3255
f 3255 4958 4944
f 4958 1388 4944
f 4944 1225 3255
f 1790 1695 1792
f 1791 1794 436
f 1794 1791 1793
f 1792 3478 1793
f 1793 1795 1794
f 3889 3478 4040
f 1797 1795 3889
f 3889 4040 1796
f 3889 1796 3480
f 3480 1797 3889
f 3479 439 1797
f 1816 1797 3480
f 1798 1797 1816
f 1797 1798 3479
f 1798 441 3479
f 399 505 1796
f 1799 399 1796
f 2958 399 1799
f 440 1801 1802
f 2966 436 438
f 441 438 439
f 442 1803 438
f 4087 2966 1803
f 1802 1801 1804
f 1860 1803 448
f 443 1807 444
f 3256 444 1807
f 441 1798 445
f 1807 1805 445
f 1806 3256 446
f 447 1806 3627
f 1815 2967 1798
f 1815 1808 2967
f 1806 448 444
f 444 448 443
f 3258 486 448
f 2968 165 3627
f 3627 446 2968
f 2969 166 2968
f 2968 3628 2969
f 2969 3259 1811
f 3628 2968 1810
f 4100 1811 3259
f 1811 1402 2969
f 1811 1832 1402
f 4006 1832 1811
f 1811 449 4006
f 3259 4789 4100
f 4789 3482 4100
f 3259 4865 1879
f 4865 1812 1879
f 1812 3628 1810
f 1812 1810 452
f 1822 1814 1817
f 1816 1815 1798
f 1817 1814 450
f 450 1820 1817
f 1818 1821 1817
f 1823 1821 1818
f 1818 3483 1823
f 1818 1819 3483
f 3483 1819 4120
f 451 4800 4792
f 4800 4120 4792
f 3484 4884 4792
f 4884 451 4792
f 1823 3483 451
f 452 1822 1821
f 451 1827 1878
f 1878 453 1823
f 1827 451 454
f 451 4884 454
f 4884 3484 454
f 3484 455 454
f 1824 454 455
f 454 1824 1827
f 1826 1824 1825
f 3260 4897 4875
f 4897 455 4875
f 4875 456 3260
f 455 4897 4823
f 4897 3260 4823
f 4823 1825 455
f 456 1836 3260
f 1825 4823 3261
f 4823 3260 3261
f 3261 4832 1825
f 4832 1828 1825
f 1826 4816 1827
f 4816 1879 1827
f 1828 4832 1831
f 3261 4851 4832
f 4851 1831 4832
f 458 4825 462
f 4825 1835 462
f 1831 4856 460
f 4856 458 460
f 460 1830 1831
f 1863 1828 1831
f 3262 4006 449
f 4006 3262 1832
f 460 3843 1830
f 459 477 3843
f 1834 1833 459
f 1833 1834 1784
f 1834 461 1784
f 1837 1839 1838
f 1858 1838 1839
f 1837 1842 1840
f 1837 3890 1842
f 1842 3890 1841
f 1842 4871 1736
f 4871 1843 1736
f 1839 1857 1859
f 1843 1841 465
f 465 4842 1910
f 4842 3890 1910
f 463 1910 3890
f 1846 4817 4792
f 4817 3484 4792
f 4792 4120 1846
f 467 466 1849
f 2989 4868 4797
f 4868 1847 4797
f 4797 1850 2989
f 4052 4855 2970
f 4855 1908 2970
f 400 2970 399
f 469 4881 3264
f 4881 1848 3264
f 1848 4840 1850
f 4840 3842 1850
f 3842 4840 469
f 1848 4881 4840
f 4881 469 4840
f 468 4796 3629
f 4796 1853 3629
f 469 3629 1851
f 1846 4827 3286
f 4827 2989 3286
f 1850 4808 4807
f 4808 470 4807
f 4807 4149 1850
f 3842 3778 470
f 1852 4791 3778
f 4791 470 3778
f 2972 4837 1853
f 4837 2425 1853
f 3629 1853 1851
f 1852 4802 494
f 4802 1855 494
f 3485 1854 1856
f 3265 4850 1854
f 4850 1856 1854
f 1856 4850 3386
f 4850 3265 3386
f 473 3386 2453
f 3269 1856 473
f 3841 1857 1749
f 1857 3841 4019
f 1857 1770 1749
f 1859 1858 1839
f 1835 1858 462
f 474 1800 440
f 2139 1860 2974
f 4095 1861 3630
f 3630 480 1387
f 3486 3630 1861
f 1868 3631 131
f 3272 131 2891
f 2975 3270 133
f 1862 475 3262
f 3843 476 1830
f 1864 476 3843
f 1833 1866 477
f 478 1864 1865
f 1862 476 3271
f 483 2975 3271
f 475 3834 1832
f 3273 480 1873
f 3940 4945 482
f 4945 3632 482
f 3272 2975 483
f 1865 1866 1874
f 1833 3274 1866
f 1867 1865 3929
f 1872 4179 1870
f 1873 1870 4179
f 3632 4919 4179
f 3273 4955 4919
f 4955 4179 4919
f 1872 3632 4179
f 4159 3929 1874
f 1785 1781 4159
f 165 447 3627
f 447 485 3258
f 1877 972 448
f 1877 448 486
f 1876 486 3258
f 3258 2976 1876
f 3275 971 1876
f 1878 1812 453
f 1879 4816 3482
f 4816 1826 3482
f 3485 3269 488
f 488 3268 3485
f 490 4841 489
f 4841 2973 489
f 2973 4841 3633
f 4841 490 3633
f 1881 4819 3267
f 4819 1855 3267
f 3634 3633 490
f 1881 3633 1882
f 2978 4890 4081
f 4890 1881 4081
f 1883 4900 1882
f 4900 492 1882
f 493 4081 492
f 1888 4838 3276
f 4838 492 3276
f 1884 1886 494
f 494 4864 1884
f 4864 2978 1884
f 493 2978 4081
f 493 1884 2978
f 1887 1884 493
f 1885 4779 1886
f 4779 494 1886
f 1887 2979 1884
f 1887 493 1888
f 1890 495 3276
f 2981 4859 496
f 4859 495 496
f 2980 3068 3277
f 491 4784 1883
f 3276 4822 4784
f 4822 1883 4784
f 1883 1882 4007
f 1883 4007 504
f 4007 3633 3634
f 4007 3634 504
f 2977 4899 1880
f 4899 1899 1880
f 1899 4899 3075
f 4899 2977 3075
f 1905 2793 869
f 1892 497 1905
f 2982 1893 1896
f 2802 2803 2982
f 3636 2984 2802
f 1897 3961 3487
f 3278 3961 500
f 1898 3278 1900
f 2983 1895 1898
f 3075 4886 1899
f 4886 2985 1899
f 3289 1899 2985
f 1900 3289 1898
f 499 2984 1903
f 1903 501 3808
f 502 501 3279
f 2992 501 502
f 502 4852 1906
f 4852 503 1906
f 3290 502 1906
f 1905 2988 1892
f 503 2988 2987
f 504 503 491
f 491 1883 504
f 504 3634 1906
f 2986 4882 2987
f 4882 491 2987
f 1890 3276 2986
f 1907 2986 2987
f 2986 3281 1890
f 3281 2986 1907
f 2988 1905 1891
f 1907 2988 1891
f 3281 2980 1890
f 3281 3282 3068
f 3281 3068 2980
f 1911 4803 4149
f 4803 1850 4149
f 1889 4839 1885
f 4839 3986 1885
f 1920 4858 4778
f 4858 465 4778
f 4778 3985 1920
f 3286 4861 4848
f 4861 4143 4848
f 4848 2990 3286
f 3892 1910 3285
f 1911 3287 3285
f 2981 508 3891
f 3284 4828 3985
f 1889 4831 4828
f 4831 3985 4828
f 1915 2494 1916
f 1913 1914 1917
f 1918 1917 1916
f 4180 1918 4020
f 1766 4020 3288
f 1919 1913 1917
f 3985 4811 1919
f 4811 508 1919
f 1920 4785 4180
f 4785 1919 4180
f 465 4858 1843
f 1920 4869 4858
f 4869 1843 4858
f 1839 1845 1857
f 490 489 2991
f 502 3290 2992
f 1900 1922 2991
f 1922 3290 2991
f 2992 3290 1922
f 2992 1922 1901
f 3296 4918 510
f 4918 1923 510
f 510 4961 1924
f 4961 325 1924
f 1924 325 3291
f 3291 3779 1924
f 1941 4980 1925
f 4980 529 1925
f 1924 1941 1925
f 1926 511 1928
f 1927 1931 1928
f 1931 512 3292
f 2993 1929 512
f 514 3292 513
f 1929 513 512
f 1929 3293 513
f 3488 1938 3293
f 2993 4101 1929
f 4101 1930 1929
f 3638 3941 516
f 515 1930 4101
f 525 3941 1930
f 3941 525 1939
f 1931 518 512
f 1933 518 4068
f 519 1933 4068
f 518 1933 2993
f 1933 4101 2993
f 515 3987 2994
f 1933 519 1934
f 519 1935 1934
f 515 521 525
f 521 1029 524
f 3298 522 3780
f 3298 523 522
f 2836 4936 1936
f 1155 4940 4936
f 4940 1936 4936
f 522 523 1936
f 3298 1937 523
f 1930 3638 3488
f 2836 4996 527
f 4996 516 527
f 526 525 524
f 526 1160 1939
f 516 1939 2996
f 3218 3981 3296
f 1926 2997 3779
f 3779 2997 4132
f 2999 4132 2997
f 3293 1938 1946
f 1938 1937 3297
f 1943 1155 1979
f 1943 3780 522
f 3780 1943 1944
f 2998 3000 3639
f 1945 2998 3639
f 1945 3780 3299
f 2999 1946 3297
f 1941 530 1942
f 529 1942 3809
f 529 4920 1940
f 3001 4993 4920
f 4993 1940 4920
f 3640 4949 3001
f 4949 1950 3001
f 3302 1950 3301
f 528 3001 1947
f 1948 1610 1949
f 1948 4972 1614
f 4972 1617 1614
f 531 1617 3002
f 3002 4982 1951
f 4982 532 1951
f 532 4982 1948
f 4982 3002 1948
f 1952 533 3302
f 533 1952 1955
f 1954 4962 4902
f 4962 1957 4902
f 4902 1951 1954
f 1955 1971 533
f 1959 4908 3303
f 4908 533 3303
f 1956 4041 535
f 4041 1956 1957
f 1960 4981 1958
f 4981 1957 1958
f 535 4928 1961
f 4928 536 1961
f 536 4928 1962
f 4928 535 1962
f 536 1619 1961
f 535 4914 1962
f 4914 3810 1962
f 4041 4954 4914
f 4954 3810 4914
f 4914 535 4041
f 3305 534 1968
f 534 4916 1968
f 4916 1959 1968
f 534 1966 1960
f 1962 4968 4959
f 4968 3304 4959
f 4959 1963 1962
f 1963 536 1962
f 1963 1964 1778
f 1963 4959 4952
f 4959 3304 4952
f 4952 1965 1963
f 1965 4995 1963
f 4995 1964 1963
f 1960 4956 3893
f 4956 1991 3893
f 1968 4986 3305
f 4986 1967 3305
f 1967 4986 3003
f 4986 1968 3003
f 1970 1974 1971
f 1974 1970 3306
f 538 537 543
f 539 3306 1975
f 539 543 537
f 3895 1975 1985
f 540 1955 1952
f 3809 3300 3781
f 3641 3004 3642
f 1980 3642 1978
f 1977 3781 3300
f 3489 3004 3490
f 1978 3004 1979
f 4164 1151 1978
f 1982 1980 1978
f 3781 1983 1976
f 3781 1977 1983
f 1982 1151 1981
f 1983 540 1976
f 1983 1984 540
f 540 1984 4053
f 1982 1981 1985
f 1984 1985 4053
f 1981 541 1986
f 341 1626 3491
f 543 4987 1988
f 4987 542 1988
f 543 548 538
f 1625 1623 1987
f 3144 4964 1964
f 4964 1777 1964
f 3144 544 3811
f 3649 3811 1989
f 3988 1989 544
f 3988 545 3643
f 1990 3810 3893
f 3893 1991 1990
f 3810 1990 3304
f 1990 1991 1992
f 3003 3308 3005
f 1994 3308 1995
f 547 1995 3308
f 1973 547 1993
f 1995 548 1994
f 3308 1994 3005
f 3003 3005 2004
f 548 3896 4008
f 3229 4008 3896
f 549 3006 3309
f 3005 3930 3782
f 3310 1999 550
f 1999 3989 2000
f 2000 555 2002
f 2011 4025 2002
f 4025 550 1999
f 3312 3310 550
f 2005 1992 1991
f 2005 2009 1992
f 552 2008 2019
f 2008 1992 2009
f 2008 2006 3311
f 2007 2006 3007
f 2008 2009 3007
f 1967 2004 553
f 1967 553 551
f 1996 3652 2023
f 1996 3782 3652
f 3783 550 4025
f 3845 3312 2003
f 3312 2025 2003
f 2025 3783 554
f 555 556 2002
f 2011 2002 556
f 556 555 2012
f 3645 2012 555
f 2047 2013 3492
f 2011 2014 4025
f 3783 4025 2014
f 554 3008 3646
f 2041 2033 4054
f 2015 2041 4054
f 2011 2015 2014
f 2015 3647 3942
f 3942 2016 3313
f 2044 3313 3648
f 3009 2017 557
f 2016 2017 3313
f 3492 2016 3647
f 2016 3492 2017
f 2013 2018 557
f 2021 3651 2020
f 2023 2024 553
f 2024 558 2022
f 2022 558 3651
f 558 559 3651
f 2003 2025 562
f 2007 4994 2028
f 4994 2020 2028
f 1393 2026 3316
f 1393 3316 4148
f 1393 3897 2026
f 2006 2007 3010
f 4185 3010 2007
f 154 1394 2027
f 3653 4983 2027
f 4983 3958 2027
f 2030 2029 4065
f 2029 2030 561
f 2029 561 559
f 3958 4973 3654
f 4973 559 3654
f 3654 4066 3655
f 3655 3958 3654
f 1395 154 3958
f 584 1395 3655
f 2035 3898 2032
f 2035 3011 3898
f 2035 566 3011
f 2039 2036 2040
f 585 3318 2039
f 2043 4172 567
f 2044 569 4172
f 4172 569 2042
f 2079 4237 2042
f 4237 2038 2042
f 2044 3648 569
f 557 2045 3009
f 2013 2046 2018
f 3645 555 2049
f 2049 555 2001
f 2048 570 2052
f 2050 2046 2047
f 3314 3846 2050
f 3846 2055 2050
f 3320 570 3380
f 2052 3320 2053
f 2053 2054 2052
f 2054 3314 2052
f 3314 2054 3846
f 2060 2055 3657
f 2054 572 3321
f 3321 2058 3657
f 2051 571 3656
f 4060 3319 3656
f 3325 571 2056
f 3325 3658 571
f 2049 2001 2057
f 2061 2053 3320
f 2054 2053 572
f 2053 3660 572
f 3322 572 3660
f 572 3322 3321
f 3322 2058 3321
f 3657 2058 2059
f 3012 2058 3322
f 3322 2062 3012
f 2062 3322 3660
f 2062 3660 573
f 2065 2063 574
f 2063 2065 575
f 3323 575 2065
f 3848 575 2070
f 3323 3899 2070
f 3014 2070 3899
f 3661 3014 3899
f 2074 3661 3943
f 3899 3943 3661
f 576 3323 2064
f 576 2064 579
f 579 578 576
f 3943 578 577
f 2064 2065 3324
f 3325 580 3658
f 2060 2066 3659
f 2063 2069 2068
f 581 3662 3509
f 3661 3900 3014
f 3900 3661 2071
f 2071 582 3662
f 2069 3013 2067
f 2073 3015 3013
f 2067 3013 3015
f 1485 2075 583
f 564 4249 585
f 4249 3898 585
f 3898 4249 2034
f 4249 564 2034
f 586 3663 2076
f 3663 3959 1487
f 1487 223 3663
f 2077 4033 826
f 3901 2077 826
f 545 546 2019
f 4164 4977 1152
f 4977 2078 1152
f 569 2079 2042
f 3326 2079 2045
f 587 2879 2083
f 3494 2083 2879
f 587 2080 588
f 589 588 2080
f 589 2080 2082
f 588 2147 2081
f 590 3494 593
f 590 2083 3494
f 2144 644 591
f 643 2082 2085
f 2082 3327 2084
f 2087 2086 3327
f 3328 590 593
f 1294 594 3158
f 2090 594 1294
f 2090 2096 2089
f 2090 2089 594
f 2084 2086 4115
f 2092 2087 596
f 3328 594 595
f 597 598 2095
f 597 599 3329
f 2094 3329 599
f 2097 2093 600
f 2096 2095 2089
f 3664 2094 2105
f 2105 3018 3664
f 3331 600 3018
f 3341 2097 620
f 3331 3332 600
f 2119 2097 3332
f 3332 2101 2119
f 2099 3665 2100
f 602 2103 2098
f 2098 3333 602
f 2101 910 2100
f 910 2102 3333
f 3017 2103 2117
f 909 641 601
f 601 2536 909
f 601 618 2104
f 641 618 601
f 909 729 641
f 2536 601 602
f 602 2102 2536
f 604 916 603
f 3335 603 2105
f 3330 2105 2094
f 3330 2094 2108
f 599 2107 2108
f 3336 3813 3330
f 603 3335 3666
f 3666 3960 603
f 3902 604 3960
f 2110 3902 3960
f 3813 606 3666
f 3813 4103 3990
f 2125 3337 605
f 610 2113 3990
f 3960 3666 2110
f 2110 3666 606
f 2113 2112 606
f 609 2112 611
f 2112 2113 611
f 611 2113 610
f 609 3020 612
f 3020 613 612
f 612 2114 615
f 2123 2129 613
f 612 626 2114
f 3019 615 2114
f 615 3019 918
f 616 617 2237
f 2104 617 3334
f 617 618 2116
f 2117 2115 2122
f 619 2117 2122
f 2099 619 2118
f 3667 3665 2118
f 3495 620 2119
f 3341 620 3340
f 3340 3495 621
f 3668 621 3495
f 3903 622 621
f 4104 3340 622
f 624 622 3903
f 474 1802 2121
f 621 3668 3903
f 3495 3667 3668
f 619 2122 625
f 2122 1692 377
f 1692 2122 2115
f 626 613 2129
f 611 2124 2123
f 2123 2124 2128
f 611 610 2124
f 2124 3337 629
f 2125 627 3337
f 627 629 3337
f 3972 628 2125
f 627 2125 628
f 629 627 630
f 2128 2124 629
f 629 630 2126
f 2129 633 626
f 2131 632 2126
f 2127 627 628
f 2129 2132 3944
f 3944 2132 2134
f 632 2131 2130
f 667 2131 2126
f 634 2131 667
f 2132 3338 2134
f 636 4166 635
f 3338 4166 637
f 637 2135 638
f 638 666 637
f 637 666 3338
f 1709 1692 3238
f 639 2136 2121
f 3668 376 1691
f 1804 624 2138
f 647 645 2120
f 2140 2142 2141
f 3340 4115 3341
f 2092 2097 3341
f 4115 3669 2084
f 2143 2084 3669
f 4115 645 3669
f 3670 643 2145
f 643 3670 2144
f 2143 646 2145
f 2143 3669 646
f 3669 647 646
f 3670 648 2150
f 2146 650 2144
f 650 2146 651
f 2146 652 651
f 2146 655 652
f 3671 654 655
f 649 2150 3496
f 649 3496 655
f 648 2152 2151
f 963 964 2148
f 963 2148 656
f 656 2148 2153
f 659 963 656
f 3672 2153 2151
f 2152 2154 2151
f 2154 2152 657
f 4055 2151 2154
f 4055 2154 4124
f 648 2145 646
f 647 2155 646
f 4124 657 658
f 2162 4124 2159
f 4055 2162 3497
f 659 2156 3342
f 2160 2142 2140
f 660 3421 661
f 660 2139 3421
f 2595 662 2161
f 4056 2161 2162
f 4056 2159 2142
f 3342 2158 2164
f 3342 2164 974
f 3095 664 662
f 2158 665 2164
f 664 2164 665
f 2164 3673 974
f 2127 2165 667
f 628 209 2165
f 209 3581 2165
f 634 2165 3581
f 3343 3497 2162
f 668 2168 2169
f 669 670 1743
f 672 670 671
f 3784 2169 2168
f 3784 671 3674
f 670 669 674
f 3906 3784 3674
f 2178 3906 2177
f 673 2176 3674
f 2170 2171 670
f 674 2170 670
f 674 3021 2170
f 2174 2171 2170
f 674 4105 3021
f 2187 675 3345
f 2172 3345 3814
f 2172 3814 2189
f 4105 674 3596
f 681 2189 3814
f 2174 2187 673
f 2177 3347 3346
f 2178 3346 2179
f 3022 2178 2179
f 2179 2180 3022
f 2180 2181 676
f 4071 2179 2183
f 3675 3992 3498
f 3992 2184 3498
f 2184 3992 678
f 4071 2183 3849
f 1183 3849 5
f 2194 676 2181
f 3023 4071 3849
f 3830 2184 678
f 3347 3349 3675
f 678 4057 2185
f 4057 678 3992
f 1177 678 2185
f 1177 2185 679
f 3992 3675 4057
f 2172 3024 2173
f 3348 4161 682
f 3348 2188 4161
f 3344 3936 3676
f 680 3025 3936
f 4088 2925 712
f 279 2189 681
f 281 3025 279
f 3936 694 3676
f 3024 682 3850
f 3850 3678 2192
f 2192 3678 3677
f 3677 3679 3499
f 3677 2202 3679
f 3499 3679 3349
f 4057 3026 684
f 679 2185 684
f 679 684 2193
f 1180 3458 2193
f 4 678 1177
f 2181 4071 2194
f 686 2196 2194
f 686 3023 2195
f 686 2195 3680
f 2196 3680 687
f 687 3680 3027
f 4028 3350 1185
f 3350 4028 3135
f 686 3680 2196
f 685 2196 689
f 4133 4222 2197
f 4222 687 2197
f 2197 10 688
f 2198 688 3851
f 2199 688 2198
f 2200 689 4133
f 713 689 2200
f 3028 691 2200
f 2198 690 2199
f 2201 2193 684
f 2190 3031 2188
f 3681 3950 694
f 3950 4715 2205
f 4715 2204 2205
f 697 4765 2206
f 4765 696 2206
f 2207 698 282
f 3993 695 2208
f 697 3993 2208
f 697 2208 2815
f 695 4744 2208
f 4744 700 2208
f 700 4744 698
f 4744 695 698
f 2815 3683 699
f 701 4730 3852
f 4730 2209 3852
f 2209 4730 3032
f 701 4756 4730
f 4756 3032 4730
f 2928 700 2207
f 3032 4763 702
f 4763 3684 702
f 283 3032 702
f 3684 2228 2928
f 283 2209 3032
f 283 307 3685
f 3852 2227 2210
f 2227 716 3355
f 2212 4215 3403
f 4215 3994 3403
f 3994 4215 3033
f 4215 2212 3033
f 3033 703 3994
f 718 703 3033
f 718 4221 703
f 4221 4043 703
f 718 3033 2213
f 718 2213 690
f 2215 690 2214
f 3686 4186 704
f 4186 3686 707
f 3686 2214 2218
f 2216 2218 2213
f 2217 2216 2212
f 2212 3821 2217
f 705 2218 2217
f 3352 706 2222
f 1677 4186 707
f 2219 708 709
f 708 705 2220
f 709 708 2220
f 709 2221 4162
f 367 3235 2219
f 3111 2224 3352
f 2223 3034 2221
f 710 1667 3034
f 2223 3352 2224
f 3034 3035 710
f 3035 3034 2223
f 2224 2225 3035
f 3353 3688 3689
f 1678 3689 3688
f 668 2169 1683
f 712 3620 4088
f 3351 683 692
f 715 410 2226
f 2226 3354 715
f 3354 2226 713
f 2226 677 713
f 691 3354 2200
f 274 410 714
f 1682 714 3689
f 274 714 1682
f 3353 715 711
f 3355 716 2622
f 998 717 3690
f 2622 716 3690
f 3035 4030 710
f 3907 700 2228
f 4168 1243 734
f 54 2249 719
f 4126 75 735
f 911 2231 724
f 2231 722 2234
f 2233 723 722
f 2235 2231 2234
f 727 3691 2234
f 2237 2238 3785
f 2235 3691 2238
f 2116 2238 2237
f 2243 3785 2236
f 728 3036 3356
f 2562 3356 3036
f 2240 3037 2242
f 3037 4072 2245
f 3357 2245 96
f 3357 96 95
f 3357 731 3037
f 730 2270 2242
f 2278 2244 2238
f 2244 2235 2238
f 726 3238 2236
f 378 753 752
f 730 3037 731
f 730 731 755
f 755 3043 730
f 96 759 732
f 732 97 96
f 2272 3453 3358
f 2248 3358 2273
f 1243 3462 734
f 2249 208 719
f 76 2249 2250
f 735 2250 736
f 736 766 2252
f 2251 734 2253
f 2254 101 2280
f 766 736 781
f 736 2251 740
f 3995 741 3039
f 3360 3039 741
f 742 3360 741
f 742 2256 3360
f 742 743 2257
f 744 2256 4073
f 2258 744 4073
f 1040 743 741
f 2258 4064 2259
f 2260 3995 3039
f 2260 3039 748
f 3040 3360 3041
f 2263 2261 750
f 2263 2303 2264
f 2264 764 2262
f 3501 2303 750
f 749 748 3361
f 3362 3361 754
f 748 3042 751
f 3042 3786 4150
f 753 4150 3786
f 753 3692 4150
f 3692 2266 4150
f 3693 4150 2266
f 751 3042 3693
f 2266 2265 2270
f 2851 3456 2262
f 2303 3501 2302
f 3361 751 2268
f 754 3043 2284
f 1315 2284 3043
f 2270 730 3945
f 755 1315 3043
f 2246 2271 4072
f 2271 2246 756
f 756 2246 2247
f 3694 2271 3695
f 2275 721 3694
f 758 2275 3695
f 758 760 2275
f 761 2276 3816
f 2230 760 762
f 2230 762 763
f 2286 762 2276
f 2277 640 729
f 2255 764 2264
f 3359 2254 2280
f 2281 3359 2280
f 3363 2279 2281
f 765 2252 766
f 2283 2284 2285
f 2283 2285 3364
f 195 1314 4126
f 2252 3364 4126
f 3364 195 4126
f 763 2297 767
f 2297 2826 767
f 2295 2294 2288
f 2295 2288 2289
f 2288 3365 2289
f 778 3365 3696
f 3697 771 2292
f 2300 2299 2289
f 2300 2289 768
f 777 2830 769
f 2296 770 776
f 2298 2286 2276
f 778 2297 2286
f 1149 773 779
f 2300 772 2299
f 2300 2301 779
f 2301 2300 3908
f 2267 766 780
f 780 781 782
f 766 781 780
f 781 739 2302
f 782 781 2302
f 780 782 3362
f 782 749 3362
f 2255 2303 738
f 3502 3699 549
f 1647 1648 2304
f 3366 1650 783
f 3698 3366 2306
f 3366 783 2305
f 2306 2305 2310
f 2310 784 2306
f 784 2308 2307
f 784 2310 2308
f 783 1650 3367
f 783 3367 786
f 786 2309 787
f 786 787 2305
f 2312 2308 2311
f 2311 2316 2312
f 3006 785 2313
f 2314 3006 788
f 788 2315 2320
f 790 788 3044
f 2313 2312 3044
f 2311 3368 2316
f 2316 3368 3045
f 2319 792 791
f 2318 791 2317
f 2317 789 3046
f 3369 3046 3503
f 3369 3817 2318
f 793 3989 2320
f 793 2320 2321
f 2321 2326 2325
f 2321 2325 2323
f 795 2324 3047
f 795 2323 2324
f 2327 2326 794
f 797 796 2327
f 796 4089 2327
f 4060 2328 796
f 4060 4213 2328
f 4213 4090 2328
f 847 796 797
f 2330 3503 3045
f 3503 2330 841
f 3369 3503 799
f 2330 3371 2408
f 3701 2329 3371
f 800 3853 2410
f 3370 350 2332
f 2333 1660 3374
f 2350 2335 2334
f 3374 2334 2335
f 2337 801 3374
f 2336 802 3051
f 2339 3050 3909
f 2338 2339 3909
f 2338 3909 2337
f 2340 3050 2339
f 3049 3909 3050
f 4121 3049 3053
f 3052 3051 802
f 3052 803 3051
f 3052 2341 2344
f 2342 2345 3702
f 2499 2343 802
f 2341 3702 2348
f 2344 2341 2348
f 2331 3702 844
f 3911 1226 2346
f 846 4067 2347
f 3720 2351 3703
f 2351 3720 2349
f 2349 2340 3377
f 2335 2350 806
f 3377 2340 2334
f 3054 3703 2351
f 2352 2506 3703
f 3377 2353 3505
f 3505 2370 2351
f 809 3054 2370
f 809 808 2352
f 808 2506 2352
f 2506 808 807
f 2355 807 808
f 2355 2356 807
f 808 818 2371
f 2356 2355 2357
f 2359 3723 3056
f 3723 2359 2358
f 2363 4134 811
f 2358 811 4137
f 2359 2360 2358
f 2360 813 811
f 3705 813 2360
f 812 2364 2362
f 812 2361 2363
f 2363 813 812
f 814 812 813
f 815 3704 2366
f 3055 2367 2364
f 2368 2369 2367
f 3508 2381 3055
f 3385 816 2368
f 2417 815 2369
f 2420 2417 2369
f 3705 2359 3056
f 3056 3506 819
f 3056 819 3706
f 2377 3507 824
f 2379 2377 4123
f 2380 4123 363
f 3508 2378 2380
f 2378 2375 2379
f 2375 3056 2379
f 2381 3508 2380
f 821 2381 2380
f 822 821 2380
f 821 823 3385
f 1672 4225 820
f 824 4232 4225
f 4232 820 4225
f 2038 827 2036
f 4033 2040 3057
f 825 3057 3379
f 3057 825 4033
f 4033 825 826
f 4090 4213 3656
f 4213 4060 3656
f 4090 2382 828
f 831 2323 2383
f 2325 2383 2323
f 4026 829 3912
f 4026 3912 3708
f 2386 4026 3708
f 830 3818 573
f 830 2386 3818
f 829 3058 831
f 831 3058 2384
f 2323 831 2384
f 2061 3320 3380
f 830 573 2385
f 2387 3818 2386
f 3912 828 2382
f 2382 2390 3912
f 3708 3912 2398
f 2390 2389 2391
f 3509 3059 832
f 3381 2073 832
f 2391 2399 833
f 834 4009 2392
f 3059 2392 4009
f 2401 2400 3709
f 3709 3059 2401
f 4009 2401 3059
f 835 2394 2393
f 2394 835 2397
f 2387 838 3847
f 4135 838 2387
f 2388 3847 838
f 838 2396 2388
f 2397 836 4074
f 836 3510 4074
f 3510 4135 4074
f 838 4135 3510
f 3708 4135 2386
f 4135 3708 840
f 840 833 2399
f 2399 2391 3060
f 2399 839 840
f 4135 840 4074
f 2394 839 3511
f 4074 839 2397
f 2400 839 2399
f 3511 2400 2401
f 3061 3511 2401
f 834 3061 4009
f 2074 3061 834
f 826 4027 3901
f 3512 3901 4027
f 4059 3512 3819
f 2421 4059 3819
f 3819 3787 2403
f 2406 2408 2405
f 3379 4136 799
f 799 2406 3379
f 4136 2407 799
f 841 2408 2406
f 2405 2404 3787
f 842 2409 2411
f 3371 3382 2409
f 2329 2410 3382
f 2410 4147 843
f 2411 2403 842
f 4147 2412 843
f 843 2412 3062
f 2403 2404 842
f 2404 2403 3787
f 3819 2403 3062
f 2421 3062 4067
f 2412 4067 3062
f 2413 4147 3383
f 4147 2415 3383
f 3913 844 2416
f 1491 4059 226
f 226 4059 2421
f 3385 823 3384
f 845 2420 2418
f 816 3385 2418
f 798 3369 2407
f 2407 2422 798
f 2422 797 798
f 3319 849 3326
f 2423 848 850
f 847 2423 849
f 849 2423 850
f 4061 4883 2426
f 4883 2958 2426
f 2426 1733 2428
f 3621 4836 3387
f 4836 2430 3387
f 2431 3711 2429
f 3389 4894 3063
f 4894 3711 3063
f 2432 4814 3389
f 3711 4894 4814
f 4894 3389 4814
f 2449 4893 2446
f 4893 3711 2446
f 2434 2435 3996
f 3996 2435 2433
f 3388 2454 2451
f 3996 2436 2434
f 2436 2431 3064
f 2434 2436 2437
f 2437 2439 2438
f 2440 4870 853
f 4870 851 853
f 2441 4790 2440
f 4790 3513 2440
f 2441 2457 2442
f 4042 4824 2494
f 4824 853 2494
f 2444 3401 853
f 2444 2445 854
f 2438 2439 3789
f 2447 2446 2432
f 2452 3514 2450
f 4079 2450 2447
f 2447 2432 3390
f 855 2432 2451
f 2451 4895 855
f 4895 856 855
f 3388 2442 3065
f 2458 852 3515
f 2455 3391 856
f 3392 3712 2492
f 3393 860 3914
f 3914 860 857
f 3516 2455 857
f 3516 857 859
f 4062 858 2455
f 3391 2455 858
f 2455 3713 4062
f 3713 2455 3516
f 860 2459 859
f 3516 859 3066
f 3915 861 3394
f 2495 4091 3066
f 3713 4878 4091
f 4878 3066 4091
f 3066 4878 3516
f 4878 3713 3516
f 2460 3713 4091
f 3395 2461 4062
f 3395 3069 3396
f 3074 3069 3395
f 2460 3074 3820
f 2495 3790 2463
f 2487 3790 862
f 861 3915 2465
f 3394 864 2467
f 2466 3916 2465
f 864 3398 2467
f 3398 864 2468
f 3280 4872 878
f 867 4892 4872
f 4892 878 4872
f 867 4872 869
f 4872 3280 869
f 2476 3398 2468
f 2466 2467 2470
f 2466 2470 3916
f 2465 3916 2469
f 2464 2465 2469
f 2474 865 866
f 868 2474 866
f 1120 867 869
f 3854 2473 3860
f 865 2474 2476
f 2473 3854 2477
f 3854 2478 2477
f 2477 3399 3714
f 870 3714 3399
f 3714 870 2471
f 2471 870 2479
f 3715 870 3399
f 3517 3399 2478
f 870 3715 2479
f 2471 2479 2484
f 3916 2484 874
f 2480 2485 3715
f 3448 872 4002
f 2482 872 2481
f 2799 873 2483
f 2480 3715 871
f 873 2485 2480
f 2486 2482 3071
f 2488 875 2489
f 2488 2489 862
f 3790 1894 3072
f 1895 2487 3400
f 3400 2487 2489
f 3400 2489 3997
f 3997 2489 875
f 876 875 2482
f 2481 876 2482
f 2481 3518 876
f 2490 877 3518
f 3518 3997 876
f 3997 875 876
f 3487 877 2490
f 877 3487 3961
f 3400 3961 1895
f 2491 879 2492
f 880 878 3397
f 879 878 880
f 880 3392 2492
f 2428 2429 2449
f 1912 4144 3637
f 2493 4144 852
f 1914 3637 4144
f 2493 4042 1915
f 3072 3075 2462
f 12 2496 1195
f 881 4236 4208
f 4236 3851 4208
f 4208 10 881
f 3402 881 10
f 3402 2496 2497
f 882 2497 885
f 3076 4195 885
f 4195 882 885
f 4181 2497 2496
f 3910 889 3050
f 804 3375 3053
f 2535 2343 2500
f 2345 2535 3710
f 2501 4217 2500
f 4217 2502 2500
f 2501 3053 3375
f 3718 3405 3375
f 3405 2501 3375
f 3085 4230 2503
f 4230 2535 2503
f 884 883 882
f 2535 4230 3083
f 4230 3085 3083
f 908 4242 4199
f 4242 3076 4199
f 4199 3719 908
f 2504 3719 886
f 3519 889 3910
f 3718 3077 2509
f 3703 2506 3721
f 807 2512 2506
f 2512 890 3721
f 3519 2507 3077
f 3519 3077 3718
f 3077 2508 2509
f 3962 4190 3963
f 3405 4207 4190
f 4207 3963 4190
f 3963 4207 3078
f 4207 3405 3078
f 2508 4231 2509
f 4231 3078 2509
f 2510 2222 3821
f 2511 2510 3403
f 3404 2511 3403
f 890 3406 3520
f 4146 2511 891
f 3111 4241 892
f 4241 2222 892
f 3791 2510 2511
f 2511 4146 3791
f 893 2512 807
f 890 2512 894
f 2357 893 2356
f 4146 4247 2513
f 4247 3722 2513
f 2513 897 892
f 4111 4233 897
f 4233 892 897
f 894 4228 2514
f 4228 895 2514
f 2515 896 895
f 2372 3998 2357
f 3998 895 2357
f 2374 2516 2372
f 2518 2514 896
f 896 2517 2518
f 2519 2518 2517
f 3722 3407 897
f 897 3407 2520
f 907 897 2520
f 2520 1063 907
f 2732 4251 2523
f 4251 2520 2523
f 3081 2523 2519
f 898 3079 2516
f 3964 2517 899
f 3408 899 2521
f 3723 898 3506
f 3082 3408 3080
f 902 3082 3080
f 2524 2523 3081
f 899 3409 2522
f 2525 2524 3081
f 900 2525 3081
f 2524 3746 2732
f 902 2532 3082
f 2527 902 3080
f 3412 2532 902
f 903 3412 2527
f 810 2528 4134
f 2362 905 2361
f 3724 904 3411
f 2526 3409 2531
f 2526 2531 906
f 2532 2531 3409
f 3411 2734 2530
f 2736 3746 2525
f 2525 2534 2736
f 907 4111 897
f 3710 2535 3083
f 909 2536 911
f 2536 2537 911
f 2102 910 2537
f 910 2101 2538
f 3331 2538 2101
f 3331 2106 2538
f 3331 3018 2106
f 2538 2106 916
f 912 2538 3521
f 3521 916 2539
f 3521 913 912
f 2537 912 927
f 2543 3416 914
f 915 914 2539
f 916 915 2539
f 916 3414 915
f 607 2541 3414
f 2543 2541 3792
f 917 608 918
f 915 2543 914
f 3792 2544 2543
f 3415 2545 920
f 3415 2547 2545
f 2542 2547 3415
f 3522 2551 919
f 919 2545 921
f 2547 921 2545
f 2546 922 3417
f 923 3522 2548
f 2544 920 2550
f 2574 2554 2552
f 3086 2549 2554
f 2548 2549 3727
f 2556 2551 923
f 2557 2556 923
f 2556 2557 926
f 923 2555 925
f 2569 925 3727
f 3727 925 2555
f 2557 3087 926
f 926 4092 3965
f 2558 2559 3917
f 2558 3917 3087
f 926 3087 4092
f 4092 3416 3965
f 3416 2560 2540
f 2540 2560 927
f 927 928 930
f 720 927 930
f 928 2561 930
f 2232 720 930
f 2561 2562 929
f 2563 2562 2561
f 2564 931 2241
f 4107 2564 2563
f 932 931 2564
f 2566 932 2564
f 2566 2564 3087
f 932 2566 2565
f 2823 2821 2567
f 934 2567 2559
f 2821 2559 2567
f 2569 936 925
f 935 2568 925
f 935 3089 2568
f 3089 924 2568
f 3090 924 3089
f 3418 2570 935
f 3088 936 3523
f 937 3523 936
f 938 2572 937
f 2558 934 2559
f 2558 3090 934
f 3090 3091 934
f 3093 2571 2576
f 3089 2576 2571
f 3418 941 2570
f 2573 3086 2554
f 2575 2574 2553
f 942 941 3419
f 938 945 2572
f 3420 2574 2575
f 2577 631 633
f 3793 3338 943
f 3728 2578 3130
f 2580 2578 3094
f 3728 2572 945
f 945 3094 3728
f 2134 3793 3918
f 3094 945 2573
f 2573 2580 3094
f 948 947 2579
f 948 2579 666
f 2581 950 952
f 2583 940 941
f 3822 3440 939
f 4022 4182 2584
f 956 955 2584
f 3524 956 2585
f 957 2763 3534
f 3423 651 2587
f 3423 959 958
f 2587 652 2588
f 2587 2588 959
f 2588 960 2589
f 654 960 2588
f 2589 960 961
f 961 960 962
f 962 2605 961
f 969 164 961
f 969 961 970
f 2604 962 2590
f 960 2591 2590
f 2594 2593 2591
f 653 2592 3525
f 964 2592 653
f 3525 2592 2591
f 967 2591 963
f 654 2588 652
f 966 2593 2594
f 968 967 2157
f 968 3919 966
f 2157 2600 968
f 976 2595 3421
f 970 973 487
f 970 2596 973
f 487 969 970
f 971 487 973
f 2596 1877 973
f 2598 2599 448
f 2603 2602 2598
f 965 2598 972
f 972 2596 965
f 974 2157 3342
f 2601 974 3673
f 2589 1403 959
f 959 3423 2587
f 970 2605 2597
f 4140 4689 3526
f 4689 2607 3526
f 3450 977 2610
f 4116 4739 4716
f 4739 978 4716
f 4716 2608 4116
f 4116 4771 3424
f 4771 981 3424
f 2610 3424 3729
f 3729 2624 2623
f 982 981 983
f 2612 983 3946
f 2609 3946 983
f 983 2612 982
f 2616 982 2617
f 2616 3428 2611
f 3428 2616 3425
f 2613 2614 3427
f 3527 2614 2613
f 986 2619 3527
f 303 2615 2930
f 2930 2615 992
f 2619 4109 992
f 2617 985 3425
f 986 3920 2620
f 986 4109 2619
f 3731 4109 986
f 990 3731 986
f 2620 990 986
f 2648 3999 2621
f 2618 2612 3946
f 979 4748 980
f 4748 2623 980
f 3426 2625 3427
f 2625 2623 2624
f 2623 2625 988
f 4012 2623 988
f 980 2623 4012
f 988 2625 3426
f 2646 3528 2633
f 3999 2648 2629
f 2621 2630 3730
f 3097 2629 3920
f 4109 3735 2632
f 991 3735 3731
f 2634 3528 995
f 991 3528 2634
f 413 2636 2635
f 2637 2636 413
f 3429 425 2642
f 2642 994 3429
f 993 4693 2640
f 4693 2658 2640
f 2643 4010 4183
f 2659 4701 4183
f 4701 3430 4183
f 996 3529 2644
f 3529 2645 2644
f 1007 995 2645
f 2644 2646 2626
f 2644 997 996
f 2626 2627 3099
f 3430 1005 2641
f 2647 997 3099
f 3099 1001 2647
f 2621 2654 2648
f 717 4108 2631
f 2631 4108 2652
f 4108 2649 2652
f 999 2652 2649
f 999 2649 3732
f 3733 3431 2657
f 3431 2655 999
f 3431 3733 2656
f 2652 999 2651
f 1001 2648 2654
f 1000 1003 2653
f 1002 1000 1004
f 1006 1000 1002
f 1004 2653 2655
f 3733 1005 2656
f 426 3734 1758
f 3733 3734 2658
f 2639 2658 3734
f 1006 2647 1003
f 2632 2961 2931
f 1009 1008 3529
f 1010 1007 1008
f 1008 1009 1010
f 1013 2660 2643
f 4010 1014 1009
f 1009 1014 1010
f 4000 2660 2662
f 2660 4000 1014
f 1011 1010 1014
f 1011 1014 4000
f 2661 2662 429
f 2661 3100 2662
f 2632 3735 3432
f 2663 4110 3735
f 1029 3294 4138
f 1015 4093 520
f 3858 1032 4093
f 3736 4122 2667
f 335 4021 336
f 2666 335 3736
f 1016 2666 3736
f 1016 3736 3737
f 4063 1016 2669
f 2667 4122 2675
f 3737 2667 2675
f 2673 3530 2672
f 3856 2673 3922
f 1020 3530 2673
f 2675 2670 2674
f 2674 2670 1017
f 1017 2671 2676
f 3856 1017 2676
f 3101 3856 2676
f 3856 3101 1020
f 3952 3530 1020
f 3952 2683 3530
f 1022 1021 2840
f 2680 2679 1022
f 1158 2680 2840
f 2680 1024 2679
f 2685 2682 2681
f 1023 2682 2677
f 2672 4943 4911
f 4943 2683 4911
f 4911 2687 2672
f 3857 4921 4911
f 4921 2687 4911
f 4911 2683 3857
f 2677 2684 2683
f 2681 3538 4082
f 2681 4082 3102
f 2689 2684 2682
f 2687 4921 2688
f 4921 3857 2688
f 1028 2688 3857
f 2686 4947 2687
f 4947 2672 2687
f 1025 4063 1026
f 2687 2691 2686
f 1032 2686 2691
f 4093 2688 1027
f 1027 2688 1028
f 524 1029 4163
f 524 1030 526
f 524 4163 1030
f 2689 3857 2684
f 3102 1031 2685
f 1031 4138 2689
f 1031 4163 4138
f 1025 4119 2690
f 1025 2690 2664
f 3738 2686 1032
f 4093 1032 2691
f 1215 1034 1035
f 2692 1045 1035
f 1041 1039 1037
f 1039 1041 1040
f 1038 1039 746
f 1042 2693 2704
f 2704 2693 2702
f 2781 2703 2693
f 1040 2694 743
f 2695 743 2694
f 2257 743 2695
f 1044 2257 2695
f 4064 1044 3433
f 1695 3739 2697
f 3739 2698 3931
f 2704 2702 2707
f 3434 1106 2783
f 3434 2783 3451
f 3105 2699 2700
f 380 3105 2706
f 2705 1696 3474
f 1697 2705 3474
f 2706 3105 2700
f 2706 3434 2814
f 2814 380 2706
f 2814 3434 3451
f 3794 2259 388
f 1471 951 3523
f 1046 3584 218
f 218 1047 1046
f 1471 2708 951
f 3740 1050 2708
f 1050 1049 2708
f 1047 2711 1050
f 1049 1050 2709
f 1048 1049 2710
f 4022 954 2709
f 2709 2711 2712
f 2709 2712 3106
f 218 2723 3824
f 3584 3467 2714
f 2727 3107 2713
f 3749 2727 2773
f 3108 1096 1052
f 3108 1056 2715
f 2716 1052 1096
f 1096 2715 2768
f 1054 1056 2717
f 1056 3531 2717
f 2717 1055 1054
f 2719 3531 1057
f 1058 235 2719
f 3966 2719 236
f 1509 2718 1510
f 1510 2720 3109
f 2721 2722 2720
f 1052 3741 1053
f 2725 2721 1053
f 2725 2722 2721
f 3824 4044 2713
f 1055 3110 3743
f 3743 2728 1055
f 2728 3744 2729
f 3743 1062 3744
f 1060 2728 2729
f 1060 2729 2777
f 1062 2731 3744
f 250 2730 2916
f 2730 249 2916
f 2225 3111 4111
f 2520 4251 1063
f 4251 2732 1063
f 3410 3795 4145
f 817 3795 3410
f 3924 1064 3795
f 1064 3435 2733
f 3796 2733 3923
f 1064 3725 4145
f 3796 3725 1064
f 3112 3796 3923
f 901 906 3413
f 3859 2732 3746
f 1063 3113 2745
f 2742 3113 1063
f 3745 2736 2534
f 2737 1067 2736
f 2739 1067 2737
f 2739 2737 4117
f 1068 2738 2739
f 2743 3113 2742
f 2743 3747 3825
f 2744 2749 1673
f 3825 3116 3532
f 3035 4216 4030
f 4216 3116 4030
f 1069 3532 3116
f 3035 2225 1069
f 2745 3532 1069
f 2745 1069 4111
f 4111 907 2745
f 2746 2751 1070
f 1070 2751 2747
f 1073 2747 2751
f 2747 3437 4174
f 1073 1072 2747
f 1072 2753 4139
f 4139 1075 2740
f 2753 2743 1075
f 2749 2748 3384
f 2749 3384 823
f 2738 2740 1075
f 2752 3437 2740
f 3437 4139 2740
f 1074 3747 2753
f 1078 1033 1077
f 1036 1033 2754
f 1080 1079 2755
f 1076 1079 1081
f 1081 1079 1080
f 1080 2755 32
f 53 1081 51
f 53 51 3554
f 3748 1083 1036
f 1035 3748 1036
f 1084 3748 1045
f 2758 1082 1083
f 1084 2757 1083
f 1086 2757 1084
f 2761 2757 1086
f 1088 1085 2758
f 1091 1110 1090
f 1090 2847 1091
f 933 109 1321
f 4004 1092 3561
f 4004 3439 2762
f 3092 1093 2762
f 3534 2763 2764
f 1095 3441 3440
f 3947 3107 1094
f 1094 3107 3749
f 3535 2773 2772
f 1101 2765 4034
f 2764 2765 3117
f 3117 1095 2764
f 2766 1095 3117
f 3441 1095 2766
f 1096 2768 1097
f 2767 2716 1097
f 2768 3444 1097
f 2775 3118 1054
f 2716 2767 3932
f 3442 3443 2772
f 2727 2726 2773
f 3826 1100 2771
f 1521 219 3826
f 219 1100 3826
f 3535 2772 3443
f 1101 3443 1100
f 1475 248 1517
f 1099 1520 2774
f 1099 1098 1520
f 248 1099 2774
f 1102 4189 2776
f 1102 3750 2769
f 1060 2776 4189
f 2777 250 3445
f 1224 2779 1115
f 37 2779 1224
f 3446 2779 37
f 3446 1103 2779
f 1103 4764 2792
f 4764 2780 2792
f 2781 1041 4045
f 2782 1082 2788
f 2778 1082 4045
f 1082 2778 1036
f 1105 1106 2781
f 1104 1106 1105
f 2783 1106 1104
f 1104 1107 2784
f 1132 2783 1108
f 2807 1132 1108
f 2807 3119 3125
f 1112 2786 2788
f 1109 1107 2786
f 3119 2784 2787
f 1110 2788 1082
f 2788 1091 1112
f 2788 1110 1091
f 4001 2786 1112
f 1109 4001 2787
f 4001 1113 3925
f 2789 2853 3536
f 1111 3536 1171
f 3867 2790 1111
f 3120 1111 2790
f 2791 4757 1116
f 4757 1141 1116
f 4112 2791 1116
f 1141 4726 2792
f 4726 2779 2792
f 2794 2793 1117
f 497 1117 2793
f 2796 4075 1118
f 2796 1118 1117
f 1893 498 1117
f 1119 1117 498
f 2802 4075 2796
f 3933 2795 1121
f 3751 3753 3447
f 4075 3753 3751
f 3860 4783 2797
f 3447 4804 4783
f 4804 2797 4783
f 2797 4804 2798
f 4804 3447 2798
f 3860 2472 1121
f 3860 2473 2472
f 3854 3860 2797
f 3517 2478 3926
f 2478 3854 3926
f 3752 4002 3121
f 2800 3448 4002
f 3448 4118 3073
f 2799 4844 3121
f 4844 3926 3121
f 3926 4844 3517
f 4844 2799 3517
f 2799 2483 3517
f 4118 2490 3073
f 1127 2490 4118
f 1123 2800 1122
f 1122 2800 3752
f 1124 1123 3123
f 1122 4879 3122
f 4879 3447 3122
f 2802 3449 3753
f 3449 2801 3753
f 1125 2801 3449
f 2984 499 3449
f 2801 1125 1126
f 1127 1124 1902
f 3861 3808 1902
f 1126 3123 3122
f 499 1903 1126
f 1126 1903 3861
f 1128 2805 3754
f 3754 2805 2804
f 1129 2804 1130
f 1130 3450 979
f 3207 1130 2806
f 1131 2806 1130
f 1131 1130 979
f 302 4012 1563
f 2808 4709 2807
f 4709 1132 2807
f 1132 1133 3451
f 3754 2804 1129
f 386 3827 2812
f 2812 2811 3755
f 385 386 2812
f 385 2812 2813
f 1134 4696 1133
f 4696 3451 1133
f 2780 2203 4151
f 1136 4714 697
f 696 4765 4714
f 4765 697 4714
f 1136 4717 3452
f 4717 2816 3452
f 3452 4735 4691
f 4735 4140 4691
f 4691 2817 3452
f 3758 4761 3797
f 4761 2817 3797
f 3124 2787 3756
f 1141 2792 1139
f 2780 2818 1139
f 1137 4712 2818
f 4712 1139 2818
f 3757 2819 1137
f 2819 1140 1137
f 3758 3828 2819
f 1138 1141 1140
f 1138 1116 1141
f 3759 3828 3758
f 3759 3798 3124
f 3124 3798 2785
f 2272 733 2820
f 3453 3126 3358
f 3862 1142 2820
f 2822 3126 3967
f 3126 1142 2823
f 2273 2822 757
f 2822 2293 757
f 3127 2824 3967
f 1321 3127 2823
f 1143 3127 1144
f 3127 1143 1146
f 2824 3128 2293
f 1321 1144 3127
f 2828 1320 2287
f 2828 2287 2827
f 2826 2827 767
f 2826 2829 2827
f 4003 2829 1145
f 775 771 2825
f 3537 1143 2882
f 1147 2828 2827
f 3760 1147 2827
f 1147 1146 1143
f 2825 1146 775
f 3129 2831 1145
f 774 1148 3129
f 777 2831 2830
f 1148 1149 3129
f 1149 779 2301
f 541 4937 1150
f 4937 1151 1150
f 333 4913 1152
f 4913 332 1152
f 2832 1153 2671
f 1154 2834 2078
f 4175 4922 2835
f 1154 4923 4922
f 4923 2835 4922
f 1155 4936 1154
f 4936 2836 1154
f 2838 1153 337
f 2837 4175 2838
f 4175 4997 1156
f 4997 1158 1156
f 1156 1158 2840
f 2671 1153 1156
f 2840 2671 1156
f 3102 4082 1030
f 1160 1030 4082
f 1159 2996 1160
f 1151 4164 2939
f 2671 2840 1021
f 1162 3829 3454
f 3363 2282 1162
f 1162 2852 3363
f 1313 110 3454
f 1162 1331 3540
f 3540 1331 1161
f 1162 3454 1331
f 1331 3454 110
f 1331 110 1332
f 1164 937 2572
f 2572 2841 1164
f 1164 3339 2842
f 1164 2842 2130
f 4084 3761 636
f 3339 3761 4084
f 2841 3761 1164
f 2841 1163 3761
f 1165 1163 3131
f 1165 2843 2844
f 2844 2843 3762
f 2578 944 3130
f 2578 2579 944
f 2843 944 3132
f 2845 3762 3132
f 2845 3132 2579
f 1166 2844 3762
f 949 2135 2844
f 2845 949 1166
f 638 2135 949
f 3130 2572 3728
f 947 2845 2579
f 747 2261 1087
f 2262 1089 2261
f 1088 3456 2759
f 1088 2846 3456
f 1089 2846 1088
f 2262 3456 2846
f 1077 3539 1222
f 2886 2848 1213
f 2850 3867 1111
f 1170 1169 2849
f 1170 2849 1333
f 1170 1333 2848
f 2886 1335 2848
f 1170 2850 1169
f 1169 2850 3455
f 3143 3763 3928
f 3539 3928 3763
f 3457 2847 1167
f 3457 1172 2847
f 1172 3540 1161
f 1172 1161 1168
f 2789 1168 1173
f 2853 1173 1171
f 1173 3455 1171
f 2849 3872 1333
f 2849 1334 3872
f 2849 1169 1334
f 3455 1334 1169
f 1190 3968 3542
f 3542 2855 1190
f 8 2860 1192
f 11 3865 12
f 1197 1198 4141
f 3545 3831 4128
f 1209 1211 23
f 1388 4958 4915
f 4958 3255 4915
f 4915 4035 1388
f 1229 805 2505
f 3832 3193 3549
f 4127 1236 2860
f 1234 1235 3460
f 1236 3460 1235
f 2905 45 204
f 48 1240 1221
f 59 1249 1247
f 1258 2870 2871
f 62 3148 4142
f 65 1259 1255
f 4170 1272 75
f 74 1273 77
f 3151 72 79
f 81 1276 1277
f 1279 83 1280
f 3157 1290 1287
f 3558 1301 2229
f 3462 1242 4032
f 75 1314 1273
f 3154 1282 3184
f 2884 2885 1463
f 3563 1352 1351
f 3169 3563 1351
f 3564 124 126
f 116 3270 3272
f 3834 133 1341
f 1363 3171 1478
f 3940 4941 153
f 4941 1389 153
f 160 157 3178
f 3571 163 160
f 162 3571 164
f 1405 2913 2912
f 1368 1367 1369
f 1381 1425 183
f 205 1419 3575
f 1500 3879 1502
f 1436 2902 193
f 197 198 1446
f 1470 3185 1472
f 221 220 1479
f 3171 2912 2913
f 1492 1493 3182
f 1493 3192 3182
f 1512 239 1511
f 2917 253 4177
f 1529 262 260
f 269 266 268
f 3206 1541 1687
f 1549 278 3596
f 2926 2927 282
f 3210 4753 702
f 4753 284 702
f 1555 285 1556
f 2929 1707 1574
f 1923 327 325
f 2940 336 1598
f 408 3228 1533
f 2942 1606 3225
f 2839 341 3491
f 3644 3229 1997
f 344 1646 1647
f 1661 1652 1655
f 356 1658 3237
f 1661 803 351
f 1674 822 365
f 361 370 3775
f 2921 272 1681
f 1544 2922 1543
f 3474 384 1700
f 386 1707 1573
f 3618 382 3239
f 1724 2954 1725
f 3477 1722 402
f 397 3246 396
f 2963 4051 398
f 1745 1729 1744
f 1547 276 1550
f 1750 3249 412
f 413 1750 1751
f 419 420 1754
f 1773 3222 1772
f 1773 1772 3223
f 4083 1731 1792
f 443 1805 1807
f 453 1821 1823
f 1828 1863 1829
f 2973 4820 3268
f 4820 3267 3268
f 461 1834 4019
f 3274 1785 1874
f 3258 485 2976
f 2981 496 507
f 1892 1896 1893
f 3636 1896 3279
f 509 4862 4020
f 4862 4180 4020
f 489 3289 2991
f 1932 2665 4011
f 2996 1939 1160
f 2997 514 1946
f 3004 3641 3490
f 1950 4949 3301
f 4949 3640 3301
f 4160 1966 534
f 536 1963 1778
f 1151 1982 1978
f 3005 1994 3930
f 3652 3782 2003
f 2013 2017 3492
f 2020 4994 3007
f 4994 2007 3007
f 559 558 2029
f 563 561 2030
f 3847 2062 573
f 3943 577 2074
f 3848 2072 3013
f 3329 3664 2093
f 608 917 3902
f 614 922 2114
f 625 375 619
f 2128 629 632
f 3340 621 622
f 2146 2144 649
f 2155 647 658
f 4124 2162 4055
f 3342 2156 2158
f 3904 634 3581
f 3344 3348 682
f 2175 3499 2186
f 2202 683 3351
f 2206 4686 3030
f 3500 4750 4686
f 4750 3030 4686
f 2204 4705 695
f 4705 698 695
f 3208 3685 307
f 2216 2213 3033
f 3353 711 4186
f 707 705 708
f 2251 2249 734
f 2254 4173 737
f 781 736 739
f 741 3995 746
f 2260 750 2261
f 748 3039 3040
f 2268 754 3361
f 2280 101 2282
f 3363 2281 2280
f 2280 2282 3363
f 768 2290 769
f 770 2290 2291
f 2300 768 3908
f 3366 2305 2306
f 3368 2311 2310
f 785 2312 2313
f 794 3700 797
f 2329 3701 3372
f 3913 3853 3048
f 2342 3702 2341
f 2950 4244 357
f 4244 2353 357
f 2353 4244 2354
f 4244 2950 2354
f 3706 819 2373
f 3707 4240 3507
f 4240 2376 3507
f 3378 820 3507
f 1673 2749 822
f 827 4136 3057
f 830 3058 4026
f 2387 3847 3818
f 578 2395 2393
f 2436 4834 2431
f 4834 3063 2431
f 3389 3063 2433
f 2436 3064 2437
f 3391 3390 855
f 878 4892 866
f 4892 867 866
f 2471 2467 3398
f 3070 3071 2488
f 3071 875 2488
f 2491 2492 3282
f 3791 892 2222
f 2521 899 2517
f 3410 904 905
f 3413 2531 2533
f 3085 4224 3083
f 4224 3855 3083
f 2536 2102 2537
f 912 913 927
f 917 2541 607
f 2542 3415 917
f 3792 920 2544
f 2562 3036 929
f 2565 733 932
f 2571 3091 3090
f 2577 633 3918
f 956 2583 955
f 3095 2595 976
f 3422 2598 2602
f 2601 2602 2603
f 2609 983 2608
f 984 987 2614
f 988 3426 987
f 2627 2626 2628
f 3999 2629 3097
f 2636 4058 2635
f 2658 4693 2641
f 4693 993 2641
f 2621 3730 2631
f 2995 520 1027
f 519 1015 520
f 2664 4011 2665
f 1019 2673 2672
f 2674 3922 2675
f 2840 2680 1022
f 3857 2683 2684
f 2664 4021 1025
f 2689 4138 2995
f 3931 1697 1712
f 3931 2699 1697
f 2701 2704 2707
f 1048 952 1049
f 2711 1047 1051
f 3108 1057 1056
f 2721 2720 2718
f 3932 3741 2716
f 2752 2740 2738
f 1085 1090 1082
f 1043 2760 1084
f 3441 2766 1092
f 3443 2771 1100
f 4046 2789 3536
f 2795 3751 1121
f 3860 1121 3751
f 2805 4775 1130
f 4775 3450 1130
f 2805 1130 2804
f 2808 1135 3927
f 1135 2810 3927
f 3451 4696 2814
f 1134 4759 4696
f 4759 2814 4696
f 1140 2819 3828
f 1154 2837 2833
f 99 35 1313
f 1087 2261 2761
f 3540 1172 2852
f 2851 2279 2852
f 3363 2852 2279
f 3133 3458 1174
f 2854 3133 1174
f 3134 1174 1179
f 1181 3864 1175
f 2 3187 3864
f 3 3140 2861
f 1186 1183 1187
f 1188 3135 2856
f 3135 1188 3543
f 3135 4028 3136
f 3136 2856 3135
f 4028 3968 1190
f 3137 8 1192
f 2855 3137 1190
f 4028 1190 1193
f 2856 3138 11
f 11 1188 2856
f 2197 1189 10
f 38 4238 3544
f 4238 4141 3544
f 1198 1199 16
f 3544 1200 2859
f 1200 17 2859
f 3137 1192 1201
f 1201 2859 4013
f 43 2859 1201
f 8 4127 2860
f 1202 1235 1234
f 4047 3188 19
f 2 1181 4077
f 4113 3546 2
f 4077 1205 4113
f 2904 3546 4113
f 20 4113 1205
f 2863 4774 4749
f 4774 21 4749
f 4749 1208 2863
f 1180 1206 1179
f 22 1180 2201
f 3863 3831 3545
f 24 4128 2862
f 1209 1 1223
f 1212 23 1211
f 1447 1212 1445
f 27 1034 1215
f 4153 1256 29
f 29 3142 3143
f 32 1219 31
f 2886 36 1223
f 1 2863 1223
f 3351 692 3459
f 232 1232 3194
f 3145 42 3553
f 3552 43 1238
f 1460 1501 3145
f 3145 1501 3194
f 3553 1233 3578
f 2906 1233 1237
f 43 3544 2859
f 18 3139 47
f 51 50 3954
f 51 3954 3554
f 52 49 1245
f 1243 1242 3462
f 4168 54 49
f 4094 58 57
f 3147 1246 59
f 59 1247 3147
f 59 28 2756
f 2868 2869 1252
f 57 1253 4094
f 60 1253 1269
f 2868 60 1254
f 2871 2870 2869
f 2871 2869 2868
f 1251 3555 2870
f 1214 1445 3866
f 3189 1257 1217
f 1258 3189 2872
f 220 3869 3148
f 64 3148 62
f 1259 64 1255
f 63 64 1259
f 3149 67 1260
f 65 66 2873
f 1263 1262 1261
f 3570 1264 2875
f 1265 67 3149
f 68 1253 57
f 2877 1269 1253
f 2877 68 1267
f 79 72 73
f 77 3150 74
f 73 71 3150
f 1275 78 85
f 3151 1274 80
f 82 1266 80
f 82 3970 3153
f 1281 1314 1443
f 2879 87 4154
f 3970 4154 3152
f 86 1284 88
f 1289 1285 88
f 3158 1289 1292
f 1292 1289 3156
f 3156 1289 3557
f 3155 1290 3157
f 3157 1287 3159
f 3155 3157 1295
f 89 3156 3557
f 1291 3156 89
f 1294 3158 1293
f 1292 1293 3158
f 3833 1294 1293
f 1309 3161 3160
f 3161 94 3160
f 3871 3870 91
f 3870 1300 91
f 1299 3764 1298
f 3764 1299 3870
f 92 3764 2881
f 1298 4014 1301
f 2229 1301 4014
f 1303 4031 1300
f 1304 91 1323
f 1306 1305 1304
f 1322 1304 1323
f 1306 1304 1322
f 3162 1310 1293
f 2109 1311 4103
f 1311 1326 4103
f 1312 3038 95
f 2880 98 3461
f 97 98 95
f 48 4032 1239
f 48 1221 99
f 2282 101 3829
f 103 1318 1316
f 1318 102 1316
f 4023 3164 1287
f 3165 2881 3461
f 4014 3165 97
f 2230 763 3558
f 2287 1320 763
f 1321 1303 1144
f 1324 1303 1321
f 109 2883 1324
f 3559 1291 94
f 108 3167 3582
f 1322 3971 4015
f 4015 1329 3561
f 111 110 1313
f 111 30 1332
f 1333 3872 30
f 1213 36 2886
f 1360 3873 3562
f 3562 1336 1360
f 3168 1337 114
f 3168 114 113
f 1341 1340 4029
f 1345 4005 1339
f 117 113 115
f 115 141 117
f 2892 1336 139
f 1346 1343 3973
f 126 1346 3973
f 2888 1342 1345
f 120 118 1347
f 1365 1349 144
f 119 1349 1365
f 1351 121 124
f 122 3874 123
f 1353 1375 1354
f 3874 1375 123
f 1385 3874 122
f 3564 1351 124
f 2887 1351 125
f 2887 1357 1358
f 1358 1357 1392
f 4095 3465 1861
f 2891 3465 132
f 1345 132 2888
f 4029 3565 1341
f 1361 1360 135
f 4129 1442 1362
f 1442 1361 174
f 172 138 1364
f 138 2892 1364
f 134 2892 138
f 2892 3875 1363
f 2892 139 3875
f 175 143 142
f 2912 143 175
f 2912 175 1405
f 3173 1366 141
f 1367 1368 144
f 1375 1374 1373
f 3801 1376 148
f 1376 4069 148
f 1378 4069 1376
f 2894 1375 3801
f 148 1382 1381
f 183 1374 2894
f 1430 2895 3880
f 1383 4946 1377
f 4946 1380 1377
f 1380 4946 4904
f 4946 1383 4904
f 4904 1437 1380
f 3881 151 152
f 3940 3876 3273
f 1389 4941 1789
f 4941 3940 1789
f 3566 1389 4035
f 3566 4925 3877
f 3811 4967 4925
f 4967 3877 4925
f 152 4924 3466
f 4924 3877 3466
f 3176 3466 3955
f 3466 3176 3838
f 3897 1393 3935
f 192 3897 3935
f 4148 3177 1393
f 2976 485 3567
f 3567 155 3568
f 1396 166 3844
f 3567 1398 2976
f 3835 159 158
f 158 1397 3569
f 3570 2874 1264
f 160 3178 2897
f 1398 156 1400
f 3275 1401 969
f 3571 1403 164
f 167 3572 81
f 167 81 168
f 3571 2897 2586
f 138 172 173
f 1364 1478 221
f 1405 1450 1406
f 3172 176 1407
f 3179 1408 178
f 4078 178 180
f 4078 1411 181
f 1412 1411 2898
f 3577 1412 2899
f 4171 3836 3974
f 1414 1456 3974
f 4097 1415 1413
f 1418 2900 1416
f 1458 1417 1419
f 1381 183 2894
f 1422 1423 3180
f 1410 184 3975
f 1427 3878 1426
f 3975 3878 1427
f 185 3180 2901
f 4018 2895 190
f 149 1382 1429
f 1429 3181 149
f 185 2901 3878
f 2901 3767 1426
f 3767 2901 1425
f 3837 3767 187
f 3878 2901 1426
f 207 4130 1427
f 3879 1500 188
f 3580 3579 1460
f 1500 3579 188
f 3576 233 2895
f 1432 1483 4157
f 1431 4157 3880
f 1484 1507 3183
f 1435 1434 191
f 3177 1435 1436
f 1435 191 2902
f 3838 3949 3881
f 151 1441 150
f 4017 1385 3169
f 2911 1257 3189
f 2903 197 2911
f 1448 1447 26
f 2914 2903 2911
f 1449 2903 3585
f 3840 199 1449
f 1453 1452 3839
f 175 1450 1405
f 4036 3546 2904
f 1415 1414 3577
f 202 1415 3769
f 204 1458 1419
f 2905 205 1459
f 3578 3580 1460
f 1237 46 206
f 68 55 1272
f 3581 209 108
f 3581 108 1461
f 212 1466 211
f 211 213 212
f 1468 4188 3583
f 1469 2907 1464
f 1463 3185 3582
f 3768 3583 1473
f 1472 3740 1470
f 3584 1474 3467
f 215 1521 1467
f 212 213 3186
f 1328 213 211
f 3869 221 1477
f 2910 3189 1258
f 2913 1405 1480
f 1405 3840 1480
f 4078 181 178
f 181 4131 1481
f 1433 1483 1484
f 234 3196 1485
f 223 1488 1489
f 1507 1484 4098
f 3901 2402 1488
f 1489 224 3191
f 227 1493 3191
f 1493 1492 1490
f 3192 3195 3182
f 229 3192 228
f 229 230 1498
f 1496 1497 1494
f 1497 1496 40
f 231 230 1495
f 1500 1502 1499
f 1499 3194 1501
f 189 1503 3588
f 3192 1503 3195
f 3195 1503 3589
f 3586 4131 4171
f 1502 3879 3588
f 233 3576 1504
f 3197 3198 1508
f 3198 1511 3199
f 3966 236 2915
f 1513 1514 240
f 243 247 240
f 1516 244 1514
f 1510 3109 1516
f 245 217 244
f 1517 244 217
f 1519 1512 242
f 239 3590 2916
f 3750 246 1520
f 3590 246 250
f 3203 4177 251
f 1532 1522 4037
f 253 3200 252
f 1525 3200 1522
f 3883 1523 1526
f 3200 2918 252
f 1524 255 3803
f 260 259 1529
f 3594 264 2917
f 256 3593 3202
f 3204 3205 1525
f 1533 1532 3976
f 267 265 1531
f 265 3206 1687
f 1536 2920 266
f 268 3771 407
f 3771 268 266
f 269 268 2923
f 269 277 1540
f 3206 267 1540
f 1540 3468 3206
f 2921 271 1544
f 2921 1680 271
f 1544 271 2922
f 2922 271 1680
f 668 1683 2921
f 275 274 273
f 2923 276 277
f 278 2925 3596
f 1552 4727 3681
f 4727 2926 3681
f 1569 4719 293
f 1554 4746 4719
f 4746 293 4719
f 702 284 283
f 1556 285 3597
f 3597 4722 292
f 4722 3212 292
f 1558 3597 292
f 288 1560 287
f 288 287 290
f 288 416 1560
f 304 1561 1563
f 3211 1569 1568
f 294 2207 282
f 3475 1570 3978
f 1573 2929 298
f 296 4713 299
f 4713 3600 299
f 3213 1715 3599
f 387 4736 3617
f 4736 1573 3617
f 3617 4683 300
f 297 4695 4683
f 4695 300 4683
f 1565 4777 301
f 4777 1705 301
f 3207 301 1705
f 2930 1577 303
f 305 304 3214
f 1764 1577 2931
f 414 1752 3624
f 3610 1526 3591
f 308 3603 3980
f 3602 309 4158
f 4158 311 317
f 317 311 3772
f 2933 317 1585
f 1586 315 1584
f 2935 318 1585
f 314 3606 2934
f 1601 4948 4099
f 4948 3605 4099
f 324 4933 4901
f 4933 2936 4901
f 4901 3773 324
f 322 4989 1594
f 4989 1595 1594
f 1595 326 321
f 1597 327 1596
f 325 3219 3291
f 329 1597 3806
f 328 511 3219
f 329 3806 2937
f 1927 1599 1598
f 1601 2937 3806
f 330 3471 1601
f 1590 3216 1605
f 3217 1604 1602
f 3220 1605 337
f 3221 3201 2941
f 3224 1606 2942
f 1772 264 3594
f 1772 3594 3223
f 1533 3976 408
f 3223 1632 3472
f 2942 3225 1616
f 1616 3225 338
f 1609 338 2943
f 1609 2943 310
f 1613 4985 1611
f 4985 310 1611
f 1614 1611 1610
f 1612 2944 1613
f 1615 4909 1618
f 1619 4966 4909
f 4966 1618 4909
f 1618 2944 1612
f 1622 1621 1620
f 1625 3226 1623
f 1987 339 1625
f 1628 3772 2945
f 1629 1628 2945
f 1629 2945 3951
f 3951 261 343
f 343 2946 1629
f 3613 1629 2946
f 3228 3205 3204
f 1748 408 3976
f 434 3254 3472
f 1632 3221 3252
f 1633 3937 3612
f 1633 3309 3937
f 1647 2304 1634
f 3227 1635 345
f 1637 1638 347
f 1637 346 4155
f 4155 346 1640
f 349 1652 2948
f 1641 3614 3230
f 3230 3614 3231
f 3370 1651 350
f 3231 1651 3370
f 4050 2949 1653
f 353 3982 354
f 348 3774 354
f 1652 1661 1649
f 1657 1655 349
f 1657 2949 1659
f 3233 1656 355
f 3233 355 2333
f 3234 2949 4050
f 4050 4070 3234
f 2949 1658 1659
f 1669 4214 4203
f 4214 358 4203
f 4203 2950 1669
f 358 4214 1668
f 4214 1669 1668
f 1662 4184 1664
f 1664 1665 1663
f 2221 4205 1665
f 4205 1667 1665
f 1669 4187 1670
f 1670 4209 1669
f 4209 1668 1669
f 1675 1666 1667
f 1676 1672 3615
f 1679 368 1677
f 3983 3775 370
f 3983 370 1679
f 1654 1690 2952
f 371 2922 1680
f 1688 374 1771
f 1688 1771 262
f 4038 1688 262
f 3237 3234 4070
f 2952 3237 1654
f 1693 744 2258
f 3794 1693 2258
f 3239 382 381
f 1704 385 2813
f 1705 1704 3207
f 1701 300 2953
f 1134 387 1706
f 1706 4703 4682
f 4703 3617 4682
f 4682 1702 1706
f 379 1709 3238
f 388 3433 1710
f 4083 2697 1711
f 4086 3618 1716
f 3618 4086 384
f 3618 384 382
f 3239 2953 1713
f 3239 1713 1714
f 1720 2955 4024
f 2955 1700 384
f 1700 1718 383
f 1721 1718 389
f 1724 1716 2954
f 4039 1554 1728
f 393 390 1729
f 4083 1732 1731
f 1698 3243 1711
f 2426 2958 2965
f 2136 1735 395
f 3244 639 1691
f 3246 1735 3244
f 3246 3244 3245
f 397 3476 395
f 1737 1739 3247
f 3242 383 2956
f 1722 3247 1723
f 402 403 3477
f 3247 1722 3477
f 3984 3477 1740
f 2439 3477 1741
f 430 3789 1742
f 403 1729 3248
f 1729 1730 1744
f 1551 278 1744
f 1745 1744 1746
f 2959 404 2923
f 3228 2960 1537
f 408 1780 3938
f 3776 2960 3251
f 412 3249 411
f 1751 1750 412
f 413 1751 1756
f 415 306 1752
f 1753 1752 427
f 420 4704 1754
f 1579 4751 4704
f 4751 1754 4704
f 1759 1755 1751
f 1758 2657 1757
f 1579 4690 417
f 4690 418 417
f 418 420 423
f 422 1755 1759
f 3887 421 423
f 425 3887 423
f 419 423 420
f 1761 424 3250
f 1765 1753 427
f 424 1765 1762
f 1762 3250 424
f 1762 1764 428
f 2962 1766 3288
f 2963 4853 2962
f 4853 1766 2962
f 431 406 405
f 3623 3776 3251
f 1767 432 433
f 398 4805 2963
f 1766 4853 4805
f 4853 2963 4805
f 433 3623 3251
f 3938 1768 433
f 1768 3938 1749
f 3222 1783 1748
f 1779 1783 3222
f 1774 1787 1786
f 1776 2964 1622
f 1776 3777 2964
f 3777 4988 1225
f 4988 3255 1225
f 1777 3777 1776
f 3253 1778 1777
f 1619 1778 3253
f 1782 1773 3223
f 3472 1782 3223
f 1781 1783 1779
f 409 1783 435
f 3841 409 435
f 409 3841 1780
f 1785 1783 1781
f 435 1785 1784
f 1875 1781 1782
f 1871 1875 1782
f 1872 1870 1871
f 1787 1788 1789
f 1225 4942 1788
f 4942 1789 1788
f 1795 1793 3478
f 1731 3478 1792
f 3481 395 1790
f 3478 3889 1795
f 1796 4040 437
f 441 439 3479
f 3480 506 1816
f 2136 395 1800
f 436 440 3481
f 2966 4087 1801
f 1801 4087 1804
f 443 442 1805
f 445 1798 2967
f 3257 445 2967
f 3257 1813 445
f 1809 1807 1813
f 446 3256 1809
f 3258 1806 447
f 1810 2968 446
f 2969 1402 166
f 1809 1810 446
f 3257 1822 1813
f 1822 3257 1814
f 2967 1814 3257
f 1814 1808 1909
f 506 1815 1816
f 1819 1820 466
f 4120 4800 3483
f 4800 451 3483
f 4120 1819 467
f 1821 1822 1817
f 1812 452 453
f 453 452 1821
f 1823 451 1878
f 1824 455 1825
f 1826 4866 3482
f 4866 1829 3482
f 1825 4821 1826
f 1829 4866 4821
f 4866 1826 4821
f 3260 1836 457
f 1834 459 458
f 458 459 460
f 458 4856 4851
f 4856 1831 4851
f 4851 3261 458
f 3262 449 1829
f 3262 1829 1863
f 3274 1833 1784
f 464 1838 463
f 1837 464 3890
f 1837 1840 1845
f 1838 4860 4830
f 4860 457 4830
f 4830 463 1838
f 463 4830 1836
f 4830 457 1836
f 1843 4871 1841
f 4871 1842 1841
f 3484 4854 456
f 4854 2990 456
f 1846 4120 1847
f 1848 4801 1849
f 4801 467 1849
f 467 4801 1847
f 4801 1848 1847
f 3283 3939 1909
f 2424 2972 2971
f 1853 4796 2972
f 4796 468 2972
f 3778 3842 469
f 3778 469 1851
f 1855 4802 472
f 4802 1852 472
f 3268 3267 3266
f 3485 3268 3266
f 3265 2425 3386
f 1856 3386 473
f 1845 1770 1857
f 3631 481 1861
f 131 3631 3465
f 2975 3272 3270
f 475 3271 133
f 476 1863 1830
f 1865 1864 1866
f 1864 478 483
f 480 3273 1387
f 483 478 1868
f 478 1865 1867
f 1786 4905 482
f 4905 1789 482
f 482 3632 1786
f 971 1877 486
f 1878 1879 1812
f 488 3269 2977
f 1880 489 2973
f 3633 1881 2973
f 3267 4820 1881
f 4820 2973 1881
f 2978 4864 1855
f 4864 494 1855
f 470 4780 4779
f 4780 494 4779
f 4779 1885 470
f 1886 2979 1889
f 1887 4863 2979
f 4863 3891 2979
f 1889 2979 3891
f 3891 4863 2981
f 4863 1887 2981
f 3277 496 2980
f 492 4900 4822
f 4900 1883 4822
f 4822 3276 492
f 3069 2977 3269
f 2453 4877 473
f 4877 3396 473
f 2793 1905 497
f 1892 1893 497
f 498 1893 2982
f 498 2982 2803
f 2982 3636 2802
f 500 3961 1897
f 1901 1900 3278
f 3278 3635 1901
f 1902 3635 500
f 3635 2992 1901
f 3808 501 2992
f 1904 3279 501
f 1904 2984 3636
f 1904 3636 3279
f 1892 2988 503
f 503 2987 491
f 3280 879 2491
f 2970 1908 505
f 1909 3939 450
f 1814 1909 450
f 3986 4813 4149
f 4813 3287 4149
f 463 1836 4143
f 4143 4812 3285
f 4812 1911 3285
f 507 4818 508
f 4818 1919 508
f 1916 1917 1914
f 3401 3288 1916
f 1919 1917 4180
f 4180 4862 1920
f 4862 509 1920
f 490 4888 3634
f 4888 1906 3634
f 2991 3289 1900
f 1901 1922 1900
f 1736 1843 1921
f 1925 529 1940
f 1926 3779 3291
f 1599 511 328
f 1928 511 1599
f 3293 514 513
f 515 525 1930
f 518 2993 512
f 4101 1933 3987
f 1934 3987 1933
f 2994 3987 1934
f 520 1935 519
f 1935 3294 1934
f 2665 1932 1927
f 3297 1937 3298
f 3295 2836 1936
f 516 4996 3295
f 4996 2836 3295
f 527 2835 2836
f 526 1939 525
f 527 516 2996
f 1947 3218 528
f 3218 3296 528
f 3981 4974 4918
f 4974 1923 4918
f 4918 3296 3981
f 1924 3779 1941
f 3489 1943 1979
f 3490 3641 2998
f 2998 3641 3000
f 3297 3780 1945
f 1946 2999 2997
f 2999 1945 530
f 3300 3639 3000
f 3809 1942 3300
f 532 4910 1950
f 4910 3001 1950
f 1948 1949 532
f 1948 1614 1610
f 1951 4951 3302
f 4951 1950 3302
f 1950 4951 532
f 4951 1951 532
f 1954 1951 3302
f 3302 3301 1952
f 1953 1952 3301
f 4102 4939 533
f 4939 3302 533
f 533 4908 4102
f 4908 1959 4102
f 3002 1956 531
f 1958 4102 1959
f 1959 4916 1958
f 4916 534 1958
f 1957 4903 4041
f 4903 3893 4041
f 1961 531 535
f 1991 4956 1966
f 4956 1960 1966
f 3988 4953 1965
f 1964 4995 4953
f 4995 1965 4953
f 1964 4938 3144
f 4938 544 3144
f 1969 1968 1959
f 1993 3003 1969
f 3303 1969 1959
f 1972 1971 1974
f 3306 3307 1974
f 3307 3894 1972
f 537 3307 3306
f 542 539 3895
f 4053 1970 540
f 3809 3781 1953
f 3000 3642 1977
f 1977 1980 1984
f 1982 1985 1984
f 4053 1985 1975
f 541 1150 2839
f 3491 541 2839
f 543 3896 548
f 1988 3896 543
f 545 3988 1965
f 1990 546 3304
f 1969 1973 1993
f 3003 2004 1967
f 3896 1624 3229
f 3005 3782 1996
f 3006 1998 3309
f 1997 3845 3644
f 3930 3644 2003
f 3989 2322 2000
f 1992 552 1990
f 2019 2008 3311
f 2004 2023 553
f 551 553 2010
f 2021 2010 2022
f 3644 3845 2003
f 3312 3845 3310
f 2012 2047 3492
f 4054 554 2014
f 3942 3313 2044
f 3313 3009 3648
f 2017 3009 3313
f 3314 4210 3645
f 4210 2012 3645
f 2010 2024 2022
f 2024 2010 553
f 2029 3315 4065
f 3652 562 3315
f 560 4185 2007
f 554 4054 3008
f 2031 3008 2033
f 2033 565 2031
f 561 563 3654
f 3655 564 584
f 1395 2075 1485
f 567 568 566
f 567 566 2035
f 566 2036 3011
f 566 2038 2036
f 566 568 2038
f 567 2035 2037
f 3008 4054 2033
f 3898 3318 585
f 2039 3959 586
f 3648 2045 569
f 2018 3319 557
f 3319 2018 3656
f 2046 2051 2018
f 2055 2046 2050
f 2048 2052 3314
f 2056 571 2051
f 2056 3659 3325
f 570 2049 2057
f 2059 2063 2068
f 3943 3899 576
f 2066 3493 580
f 575 2069 2063
f 3013 2069 3848
f 2067 3015 3493
f 2076 585 586
f 223 1486 3663
f 3319 3326 557
f 2045 557 3326
f 2081 167 169
f 3494 2879 3799
f 3799 593 3494
f 587 588 2081
f 2083 2080 587
f 3016 2083 590
f 595 3016 590
f 595 2088 3016
f 591 644 589
f 589 644 592
f 643 591 2082
f 2085 2082 2084
f 3327 3016 2088
f 2087 3327 2088
f 2145 643 2143
f 3327 2086 2084
f 90 1285 3158
f 90 3328 593
f 2089 598 594
f 3833 2090 1294
f 2095 2107 599
f 620 2097 2119
f 2101 2100 2119
f 2100 3333 2098
f 2098 2103 3017
f 2100 910 3333
f 3813 3666 3335
f 2096 2107 2095
f 2109 2096 3833
f 3336 3330 2108
f 3990 4103 3812
f 610 3990 605
f 605 3812 3991
f 3813 2113 606
f 615 2111 609
f 609 2111 2112
f 615 609 612
f 918 608 615
f 3017 2117 619
f 3665 2099 2118
f 3665 3667 3495
f 2119 3665 3495
f 624 3903 2138
f 2121 2138 3903
f 2123 613 3020
f 3020 611 2123
f 2129 2128 2133
f 2842 2133 2130
f 2133 4084 2132
f 635 3338 2132
f 4166 3338 635
f 635 4084 636
f 2135 1165 2844
f 3338 666 943
f 2137 1691 639
f 3668 1691 2137
f 642 660 624
f 623 624 2140
f 2120 2140 2141
f 4104 2120 645
f 2086 3341 4115
f 2144 650 644
f 645 647 3669
f 2150 649 3670
f 650 651 3423
f 3671 3496 3905
f 2146 649 655
f 2153 2148 3905
f 2149 3496 2150
f 2150 648 2151
f 657 4124 2154
f 658 647 2141
f 660 642 2139
f 662 2595 3095
f 661 2161 4056
f 2162 2161 2163
f 4056 663 661
f 2162 2159 4056
f 2142 663 4056
f 2160 663 2142
f 2163 665 3343
f 2163 662 664
f 2164 664 3673
f 1330 3904 3581
f 1544 2167 668
f 672 671 2168
f 674 1743 3595
f 672 1545 670
f 670 2171 671
f 2176 2177 3906
f 3021 2174 2170
f 675 3814 3345
f 2925 4088 3596
f 4088 4105 3596
f 3344 682 3024
f 2175 4125 2176
f 2176 4125 2177
f 2175 2186 4125
f 3346 3498 2183
f 3498 3849 2183
f 684 2185 4057
f 3347 4125 2186
f 3349 3347 2186
f 673 2191 2175
f 693 682 4161
f 3676 2188 3348
f 3950 2188 3676
f 3885 279 681
f 3499 2191 3677
f 693 3029 3850
f 683 3678 4106
f 2186 3499 3349
f 3026 4057 3349
f 1183 1186 3023
f 3023 686 2194
f 3350 3135 3027
f 687 1189 2197
f 687 4222 689
f 4222 4133 689
f 4133 688 2199
f 4133 2199 2200
f 677 676 685
f 677 685 713
f 3851 4236 883
f 4236 881 883
f 2202 22 2201
f 2190 3030 3031
f 3950 3682 2190
f 2204 4715 3681
f 4715 3950 3681
f 3030 2190 3682
f 3030 3682 2206
f 3993 4708 695
f 3682 4733 4708
f 4733 695 4708
f 3030 4750 3031
f 4750 3500 3031
f 698 4705 2926
f 4705 2204 2926
f 2926 282 698
f 700 3907 2208
f 978 701 3852
f 3684 701 2228
f 2209 4728 2227
f 4058 4773 4728
f 4773 2227 4728
f 2227 4773 2211
f 4773 4058 2211
f 2635 4058 3208
f 3403 3994 2508
f 3686 704 2214
f 4186 711 704
f 2218 2216 2217
f 2220 705 2217
f 3821 706 2217
f 3235 707 708
f 4162 2219 709
f 3235 708 2219
f 367 2219 4162
f 2223 2224 3035
f 1667 710 3687
f 2169 2180 275
f 2169 3022 2180
f 3784 3906 2169
f 3500 4681 3029
f 4681 4106 3029
f 696 1137 2818
f 3689 714 3353
f 2636 3690 4058
f 2211 716 2227
f 716 2211 3690
f 3851 4191 2198
f 4191 718 2198
f 911 720 2231
f 2232 2233 722
f 930 2233 2232
f 724 729 909
f 729 724 725
f 2231 2235 724
f 2239 2236 3785
f 2237 3785 2243
f 2265 723 2270
f 723 2240 2242
f 3037 2245 3357
f 755 731 3038
f 931 2246 2241
f 3358 2248 2272
f 76 735 75
f 4126 1314 75
f 4126 735 2252
f 2250 2251 736
f 100 101 2253
f 2255 738 4173
f 739 738 2302
f 740 2251 737
f 2258 4073 2257
f 1044 2258 2257
f 3995 2260 746
f 748 749 2260
f 378 752 745
f 2267 780 3362
f 2284 1315 1317
f 2269 2268 3693
f 3693 2268 751
f 3038 1315 755
f 3694 2245 4072
f 3695 756 2272
f 2293 3697 2274
f 2274 761 3816
f 2274 3816 2273
f 762 760 2276
f 2116 2278 2238
f 2255 2281 764
f 2283 765 2267
f 2826 2294 774
f 2295 2289 2299
f 3908 768 769
f 3697 4169 771
f 2295 774 2294
f 774 2295 773
f 773 1148 774
f 2292 776 2298
f 2292 2298 761
f 761 2298 2276
f 779 773 772
f 779 772 2300
f 2830 3908 769
f 2303 2302 738
f 2304 2307 3699
f 3698 2306 2947
f 3699 785 549
f 785 2307 2308
f 3368 2310 787
f 2310 2311 2308
f 1998 3006 2314
f 2320 2314 788
f 2313 3044 788
f 3046 789 2316
f 2317 791 789
f 790 3044 792
f 790 3817 3700
f 2322 3989 793
f 2326 2320 2315
f 2323 795 2321
f 795 3047 793
f 2322 793 3047
f 2057 2001 2322
f 2057 3047 2324
f 2324 2323 2384
f 2326 2327 2325
f 2327 794 797
f 3504 4089 2328
f 798 3700 3369
f 2309 4226 2330
f 4226 3371 2330
f 3370 4235 3367
f 4235 3701 3367
f 3913 3373 2331
f 2348 3702 2331
f 2348 2331 3373
f 2332 3372 3370
f 2344 351 803
f 3374 801 2333
f 1656 3233 2336
f 3049 2336 3909
f 3053 3049 804
f 803 1656 3051
f 2343 2345 2342
f 3702 3710 844
f 3376 2505 805
f 3726 3376 3911
f 2346 1227 3550
f 2413 2346 2347
f 2350 2340 806
f 806 2340 2339
f 2353 2334 357
f 3054 2352 3703
f 2950 4203 2354
f 4203 358 2354
f 3723 3506 3056
f 810 4134 2361
f 811 2358 2360
f 814 2365 812
f 2364 2367 815
f 2365 3508 3055
f 815 2367 2369
f 2381 2368 3055
f 2417 2419 3704
f 3378 3505 2354
f 2371 4204 2372
f 4204 2374 2372
f 2374 4204 2373
f 4204 2371 2373
f 3707 3706 2373
f 898 2374 819
f 4123 2380 2378
f 814 2375 2378
f 822 2380 365
f 2381 821 3385
f 820 4232 3507
f 4232 824 3507
f 2036 827 2040
f 3057 2040 827
f 3656 571 4090
f 2382 4090 571
f 829 2383 3504
f 3912 829 828
f 3380 2324 2384
f 570 2057 2324
f 3380 2384 2385
f 2061 3380 2385
f 2385 2384 3058
f 579 3324 2388
f 579 2388 837
f 2073 581 832
f 3015 2073 3381
f 2389 3015 3381
f 2400 3060 3709
f 3060 2400 2399
f 3061 577 2394
f 836 835 2395
f 2393 2395 835
f 2398 2390 833
f 2390 2391 833
f 833 840 2398
f 839 2394 2397
f 3061 2401 4009
f 3853 2415 4147
f 2410 843 3382
f 2411 3382 843
f 843 3062 2403
f 3819 3062 2421
f 4067 2412 2347
f 2413 2347 2412
f 2402 225 1488
f 225 2402 4059
f 841 799 3503
f 2038 4237 850
f 4237 2079 850
f 4136 848 2407
f 2422 848 2423
f 847 2422 2423
f 2958 4883 2424
f 4883 4061 2424
f 3788 4867 3386
f 4867 2453 3386
f 2425 2452 3788
f 2425 3788 3386
f 2428 1733 2427
f 2427 3621 3387
f 2429 2427 3387
f 2430 2431 3387
f 3063 4834 3996
f 4834 2436 3996
f 3389 3388 2451
f 2433 3063 3996
f 2431 2430 3064
f 851 4870 3513
f 4870 2440 3513
f 3513 4847 851
f 4847 2438 851
f 853 4824 2440
f 4824 4042 2440
f 1915 4042 2494
f 3789 851 2438
f 2447 4809 4079
f 4809 3067 4079
f 2425 4837 3514
f 4837 2972 3514
f 858 2461 3067
f 856 4895 2454
f 4895 2451 2454
f 2458 2457 852
f 2456 4826 2457
f 4826 2442 2457
f 2454 4786 3914
f 4786 3393 3914
f 2455 856 857
f 860 4873 2459
f 4873 863 2459
f 858 4062 2461
f 3067 4874 2453
f 4874 3395 2453
f 3712 2458 3068
f 3074 4846 4845
f 4846 3075 4845
f 4845 3069 3074
f 3269 3396 3069
f 3396 4877 3395
f 4877 2453 3395
f 3395 4062 3820
f 3395 3820 3074
f 2462 2460 4091
f 2464 3790 2495
f 3790 2487 1894
f 2468 864 3397
f 866 865 878
f 2467 2471 2470
f 2470 2471 2484
f 3916 2470 2484
f 3714 3398 2476
f 2475 2476 2474
f 2473 2477 2475
f 3399 2477 2478
f 3714 2471 3398
f 3448 3073 2481
f 3448 2481 872
f 3073 3518 2481
f 2483 871 3517
f 2480 871 2483
f 874 2469 3916
f 2484 2485 874
f 3071 874 2486
f 2488 862 3070
f 3070 874 3071
f 3071 2482 875
f 1894 3075 3072
f 878 879 3280
f 1912 3515 4144
f 2494 3401 1916
f 2494 853 3401
f 2463 2462 4091
f 2463 4091 2495
f 1195 2496 3402
f 882 883 881
f 882 4195 884
f 3076 4197 4195
f 4197 884 4195
f 2498 2497 4181
f 2498 2504 886
f 2498 13 2504
f 2502 4217 4211
f 4217 2501 4211
f 4211 3962 2502
f 2501 2499 3053
f 2503 3962 884
f 884 4197 2503
f 3076 4227 4197
f 4227 2503 4197
f 887 3726 3084
f 3548 888 2504
f 3718 889 3519
f 3718 2509 3405
f 3720 3910 2349
f 3520 3721 890
f 2508 3077 3404
f 3403 2508 3404
f 3078 4231 3994
f 4231 2508 3994
f 2222 2510 3791
f 894 4229 890
f 4229 891 890
f 4146 2513 3791
f 3722 4247 894
f 4247 4146 894
f 892 4233 3111
f 4233 4111 3111
f 3722 897 2513
f 2514 3722 894
f 2514 3407 3722
f 896 2515 2517
f 3407 2523 2520
f 2521 2517 2515
f 2521 2515 3079
f 2519 3964 3081
f 3723 3080 898
f 3964 899 2522
f 3081 3964 2522
f 2732 2523 2524
f 2526 900 2522
f 3746 2524 2525
f 2534 2525 900
f 901 900 906
f 2526 906 900
f 3412 902 2527
f 4137 2527 2358
f 2528 903 4137
f 905 2529 810
f 3410 4145 904
f 3411 2530 3724
f 903 2533 3412
f 3082 2532 3409
f 883 4202 3851
f 4202 4043 3851
f 3855 4224 908
f 4224 3085 908
f 3521 2538 916
f 915 2541 2543
f 2541 3415 3792
f 2545 919 920
f 2551 920 919
f 2549 921 2547
f 3417 2547 2542
f 2542 918 3417
f 2546 3417 918
f 2554 2549 2552
f 2551 2550 920
f 2556 926 2550
f 2549 2548 921
f 924 2557 923
f 2550 926 3965
f 924 923 2568
f 2569 3086 938
f 2558 3087 2557
f 2560 928 927
f 928 2563 2561
f 3356 2562 2563
f 931 2247 2246
f 3917 2821 3862
f 2821 3917 2559
f 3917 3862 2566
f 934 933 2567
f 3089 935 2570
f 2558 2557 924
f 935 3088 3418
f 936 935 925
f 937 936 2569
f 3419 3088 3523
f 3419 3418 3088
f 940 2570 941
f 631 3420 614
f 3093 2576 3822
f 940 2582 2576
f 3418 3419 941
f 3419 951 942
f 3793 943 2580
f 666 2578 2580
f 3793 946 3918
f 946 2580 2574
f 951 2581 942
f 940 3524 2582
f 2583 2581 955
f 2581 952 953
f 2585 2582 3524
f 956 3534 2585
f 2584 957 3534
f 1403 958 959
f 2604 2590 2593
f 2157 967 659
f 968 966 967
f 2596 972 1877
f 971 973 1877
f 974 2600 2157
f 2601 3919 968
f 974 2601 2600
f 2602 2601 975
f 3095 3422 975
f 3673 3095 2601
f 2588 2589 959
f 1403 2586 958
f 2606 3096 2607
f 979 3450 2610
f 977 3424 2610
f 978 4739 4711
f 4739 4116 4711
f 4711 3096 978
f 983 4116 2608
f 2607 4116 3424
f 2611 2624 3729
f 2614 3426 3427
f 3426 2614 987
f 986 3527 2613
f 992 2615 2619
f 2930 992 2931
f 2613 985 3920
f 2613 3920 986
f 3999 2618 2630
f 2624 2611 3428
f 2625 3428 3427
f 3428 2625 2624
f 3098 988 987
f 2622 3946 3355
f 2629 2627 2628
f 2648 2627 2629
f 3920 2629 2628
f 2620 3920 989
f 2637 998 2636
f 425 3429 3887
f 993 2640 3429
f 1760 3823 2638
f 2639 426 2638
f 2641 993 4183
f 993 994 2643
f 2643 2642 3921
f 1012 1013 3921
f 2659 4183 4010
f 995 2646 2644
f 2648 3099 2627
f 3430 2641 4183
f 2631 2650 2621
f 2651 2650 2631
f 2651 2653 2650
f 2657 3431 3732
f 2650 2653 2654
f 2654 2653 1003
f 1758 3733 2657
f 1002 1005 3430
f 3430 1006 1002
f 1009 3529 2659
f 2663 1007 1011
f 1010 1011 1007
f 2660 4010 2643
f 2661 429 428
f 3100 3432 4110
f 2995 1935 520
f 1029 2994 3294
f 517 4011 2690
f 2664 2690 4011
f 4021 335 2666
f 4122 2832 2670
f 3738 1026 1019
f 1017 2832 2671
f 4122 2670 2675
f 1018 3737 3922
f 3952 3101 2678
f 2677 2678 1023
f 2678 2679 1023
f 1024 2681 2682
f 2685 2681 3102
f 2686 3738 1019
f 1028 2689 2995
f 4138 4163 1029
f 4119 3738 1032
f 1033 1034 3143
f 1037 1039 3103
f 1040 3104 1039
f 1038 746 1043
f 2694 1040 2693
f 3433 1044 2696
f 2696 2698 3433
f 2701 2698 2696
f 388 4064 3433
f 2697 3931 1711
f 2697 3739 3931
f 2699 3931 2698
f 2701 2700 2699
f 2702 2703 3434
f 388 2259 4064
f 1046 1047 3740
f 952 2708 1049
f 2711 2709 1050
f 2710 2709 954
f 953 2710 954
f 3824 1047 218
f 1051 2713 2712
f 2712 2711 1051
f 3106 2712 3107
f 2721 1052 1053
f 1056 2768 2715
f 1055 2775 1054
f 1057 3531 1056
f 3108 2721 2718
f 2720 2722 3109
f 3109 2714 3882
f 2714 3109 2722
f 2722 1059 2723
f 3741 1052 2716
f 3741 3742 1053
f 2726 3741 3932
f 3824 2713 1051
f 2723 2724 3824
f 3110 1055 2717
f 237 249 2915
f 250 2777 2730
f 3435 4174 2733
f 3725 904 4145
f 904 3725 3411
f 3413 2734 3436
f 4080 3436 3112
f 4080 3112 4117
f 2742 2732 3859
f 2745 3113 3532
f 3116 1066 4030
f 2743 3825 3113
f 1067 2741 3859
f 1066 3687 4030
f 3115 3114 3747
f 2749 2744 3115
f 2748 3115 1074
f 3924 3704 2419
f 2419 2746 3924
f 2746 845 2751
f 1071 2746 1070
f 3533 2750 2748
f 1072 1074 2753
f 28 1215 1076
f 1215 1079 1076
f 28 1076 2756
f 33 1080 32
f 53 1249 59
f 1083 2757 2758
f 1082 1090 1110
f 1088 2758 1089
f 1084 1038 1043
f 1329 109 3439
f 3092 2762 3091
f 1093 939 3441
f 3947 1094 2763
f 3117 1100 219
f 3441 1092 1093
f 3749 4034 1094
f 4034 3749 3535
f 4034 3535 1101
f 2764 2763 2765
f 1098 2770 2767
f 2768 3118 3444
f 3932 2771 3442
f 1099 2771 2770
f 3932 3442 2772
f 3443 3442 2771
f 1099 3826 2771
f 248 3826 1099
f 248 1521 3826
f 1101 1100 3117
f 1475 1521 248
f 3118 2775 4189
f 1055 1060 2775
f 3445 1102 2776
f 2788 1107 2782
f 2703 2781 1106
f 1104 2784 1108
f 2783 1104 1108
f 3119 2785 3125
f 2787 2784 1109
f 2784 1107 1109
f 2787 4001 3925
f 1091 2789 4046
f 3756 3925 1114
f 4112 1116 1113
f 2791 3536 3120
f 2791 3120 1115
f 1114 1113 1116
f 3120 2790 1224
f 2794 3933 2793
f 2794 1118 2795
f 3753 4075 2802
f 3447 4783 3751
f 4783 3860 3751
f 3926 3854 2797
f 3447 4879 2798
f 4879 1122 2798
f 2798 1122 3752
f 3448 2800 4118
f 3121 3717 2799
f 2802 2796 2803
f 2984 3449 2802
f 499 1126 1125
f 3861 1902 1124
f 3123 1126 3861
f 4140 3526 4152
f 301 3207 2806
f 980 1131 979
f 1563 4012 3098
f 3827 1134 1133
f 3827 2808 2811
f 1135 3125 2810
f 2809 2810 3125
f 3754 4743 4738
f 4743 2810 4738
f 4738 1128 3754
f 1129 3755 3754
f 2813 3755 1129
f 2816 2815 699
f 3452 4680 1136
f 1137 4776 4680
f 4776 1136 4680
f 1137 4680 3757
f 4680 3452 3757
f 2817 4687 1128
f 4152 4766 4687
f 4766 1128 4687
f 1114 1138 3124
f 3828 3124 1138
f 3828 3759 3124
f 2787 3124 2785
f 1142 3453 2820
f 2829 2826 774
f 2828 1147 3537
f 2829 774 1145
f 2301 2830 1149
f 3129 1149 2831
f 2939 1150 1151
f 337 2833 2837
f 2833 2834 1154
f 1153 2838 1156
f 1157 2835 527
f 1159 527 2996
f 4082 3538 1159
f 4164 1152 332
f 1313 3454 99
f 3454 3829 99
f 3829 1162 2282
f 1161 3455 1168
f 636 3761 1165
f 1165 3761 1163
f 3130 944 2843
f 2843 3131 3130
f 3130 1163 2572
f 949 2844 1166
f 947 949 2845
f 1089 2761 2261
f 2759 3456 1167
f 1089 2262 2846
f 1170 1335 2850
f 3455 2850 1171
f 1172 3457 2852
f 1172 1168 2847
f 3457 3456 2851
f 3455 1173 1168
f 1178 3 4
f 1197 14 1196
f 1448 25 1447
f 1209 1223 1211
f 4076 3193 41
f 2860 1236 44
f 1236 1235 45
f 3554 3954 1248
f 2879 1279 3799
f 3161 1305 1306
f 3867 2850 1335
f 4129 137 1442
f 1421 1372 1370
f 3765 1404 3569
f 3836 4131 181
f 3802 1414 202
f 1408 1372 1420
f 1372 1421 1420
f 1422 1421 1373
f 4157 1431 1432
f 1393 3177 3935
f 3165 98 97
f 3769 1415 4097
f 1203 203 3948
f 222 3190 1477
f 3586 1407 3574
f 2166 1538 1545
f 1555 283 284
f 1556 286 3977
f 1576 3214 1575
f 1575 3804 984
f 2943 3980 3603
f 1601 3806 321
f 328 1598 1599
f 1592 1590 1604
f 1649 1661 351
f 402 1719 393
f 390 1730 1729
f 394 391 1725
f 1750 413 3601
f 418 4690 420
f 1579 4704 4690
f 4704 420 4690
f 1753 424 419
f 432 3623 433
f 1775 2964 3777
f 1804 2139 642
f 468 4891 2971
f 4891 3263 2971
f 475 1832 3262
f 1905 869 1891
f 489 1899 3289
f 3295 1937 3638
f 3780 1944 3299
f 532 1949 1947
f 3306 1970 1975
f 1999 2000 2002
f 2000 2322 2001
f 2001 555 2000
f 3650 2026 3643
f 3311 3010 3316
f 2106 2105 603
f 2114 631 614
f 1542 670 1545
f 3021 675 2174
f 674 3595 3596
f 3347 3675 3346
f 3345 3677 2191
f 1180 2193 2201
f 3907 4720 978
f 4720 701 978
f 3906 2178 3022
f 3238 2243 2236
f 2244 725 2235
f 2262 2261 2263
f 2279 764 2281
f 2337 3909 801
f 1668 4193 358
f 820 4248 4193
f 4248 358 4193
f 822 823 821
f 577 3061 2074
f 877 3400 3997
f 3721 2506 2512
f 893 2357 895
f 917 918 2542
f 3522 919 921
f 2563 2564 3356
f 2591 960 3525
f 3424 981 3729
f 3527 984 2614
f 3731 990 991
f 3823 2639 2638
f 336 2664 2665
f 2674 1017 3856
f 1034 1033 1036
f 1038 3103 1039
f 1075 2743 2742
f 3825 3747 3114
f 3437 1072 4139
f 3533 2748 1074
f 3533 1073 2750
f 2760 1086 1084
f 1096 1097 2716
f 3926 4799 3121
f 4799 3752 3121
f 1129 1130 3207
f 3797 2809 3758
f 2827 2287 767
f 1320 3537 2882
f 3134 1179 21
f 2854 1176 3133
f 3134 3545 2854
f 3968 1185 1186
f 1187 7 3542
f 4028 1185 3968
f 10 1195 3402
f 17 1200 16
f 17 16 3138
f 3948 19 3188
f 1202 1234 3948
f 4113 2 4077
f 3141 21 1206
f 1206 1180 3459
f 25 1210 24
f 3143 27 4153
f 1215 4153 27
f 1240 32 34
f 33 32 1240
f 3868 3550 1228
f 1229 1196 1230
f 1196 14 1230
f 14 4245 1230
f 4245 2864 1230
f 3553 1460 3145
f 46 1237 44
f 47 2867 1238
f 34 1221 1240
f 49 1239 1242
f 3954 52 1245
f 3147 57 58
f 58 2870 3555
f 1252 4094 60
f 3969 3150 77
f 78 1275 79
f 1265 3153 66
f 1277 3153 3152
f 1284 86 1280
f 84 104 1283
f 2879 3970 1279
f 168 4154 169
f 3162 3156 1291
f 2109 3833 1311
f 1295 3157 1309
f 1309 3157 1296
f 2881 3871 1296
f 3870 1299 1300
f 2880 103 1312
f 1303 1302 2882
f 1327 3463 105
f 1325 3972 1326
f 3560 1325 3463
f 108 209 3167
f 1322 4015 106
f 1329 3971 2883
f 30 3872 1332
f 3873 112 3562
f 3973 1343 114
f 127 1356 1359
f 129 127 128
f 128 4095 130
f 1341 133 1340
f 137 4129 3873
f 1832 3834 4096
f 3934 141 3172
f 1421 1370 1373
f 153 1386 3876
f 485 155 3567
f 155 166 1396
f 1396 3568 155
f 3568 1397 156
f 158 156 1397
f 3178 2874 3570
f 3572 170 161
f 3765 3568 1396
f 3573 1404 3765
f 173 172 3766
f 1415 3577 1413
f 1414 3974 3577
f 3575 1419 2900
f 1429 1382 4018
f 187 3879 188
f 2902 191 1438
f 3176 192 1440
f 194 4114 3176
f 198 1445 1446
f 1452 26 199
f 1451 3802 200
f 1457 1417 1458
f 4130 1428 1424
f 3580 4130 207
f 210 107 211
f 1468 211 1466
f 214 215 1466
f 3185 2908 216
f 2909 216 1474
f 213 3561 3186
f 1414 1415 202
f 1485 4098 1395
f 3196 1507 4098
f 1492 233 1504
f 1509 1513 3198
f 241 1516 1514
f 1517 1518 1515
f 246 3750 250
f 256 3202 3883
f 1526 1523 309
f 1524 1527 257
f 1528 1527 258
f 343 259 260
f 3221 3594 3201
f 267 1536 1540
f 1541 3469 1539
f 1548 1546 1547
f 410 2951 2182
f 694 1552 3681
f 2927 4707 282
f 4707 1569 282
f 3209 4725 3210
f 1555 4768 4725
f 4768 3210 4725
f 3977 1559 411
f 302 1563 1564
f 1554 4039 3978
f 299 4731 4695
f 4731 300 4695
f 4695 297 299
f 297 4683 1573
f 4683 3617 1573
f 1705 1572 1574
f 427 1576 1577
f 3805 1582 308
f 3602 4998 3805
f 4998 1581 3805
f 3805 3956 1582
f 1580 3884 311
f 4158 1580 311
f 319 2934 312
f 1587 315 1586
f 319 3215 314
f 3215 3605 314
f 4099 3605 320
f 3215 320 3605
f 4099 330 1601
f 328 3219 329
f 1603 335 3470
f 2938 1600 331
f 1605 3220 1604
f 1606 4978 3225
f 4978 3611 3225
f 2936 4933 4917
f 4933 324 4917
f 4917 3607 2936
f 310 4985 1609
f 4985 1613 1609
f 1615 1613 1614
f 1622 1608 1621
f 1624 3896 1988
f 1626 339 1987
f 2935 1628 3613
f 1997 3937 3309
f 1530 353 354
f 351 2344 1651
f 1655 1656 1661
f 3616 2950 356
f 4184 367 4162
f 1674 360 1675
f 2921 369 1680
f 272 273 1681
f 410 274 2951
f 370 1684 371
f 1690 373 1684
f 1535 1688 4038
f 2952 3616 3237
f 376 3245 1691
f 1708 3794 388
f 1694 379 378
f 3474 381 382
f 1698 3886 1699
f 385 1704 1705
f 1701 3617 300
f 1707 386 385
f 3618 3239 1714
f 1714 1716 3618
f 1716 4729 2954
f 4729 1726 2954
f 1719 1720 4024
f 1719 1722 389
f 390 392 1551
f 1697 1711 1712
f 1691 3245 3244
f 402 393 403
f 1741 3477 403
f 1741 406 1742
f 1730 390 1551
f 3776 407 1747
f 3622 2959 407
f 2959 3622 431
f 306 1576 1752
f 419 1754 1753
f 3625 1012 3921
f 1764 1762 1577
f 1775 4963 1607
f 4963 3252 1607
f 1619 4909 1961
f 4909 1615 1961
f 437 1799 1796
f 1800 395 3481
f 1837 1838 464
f 456 4787 1836
f 4787 4143 1836
f 400 2971 4052
f 3265 4876 1853
f 4876 1851 1853
f 1851 4876 471
f 4876 3265 471
f 461 4019 435
f 462 1858 1859
f 2974 3421 2139
f 1862 1863 476
f 481 478 1867
f 1867 484 3486
f 481 3631 478
f 1865 1874 3929
f 3929 1875 1869
f 492 4838 493
f 4838 1888 493
f 1888 3276 495
f 3637 507 496
f 503 1896 1892
f 1895 3961 1898
f 2985 2983 1898
f 2985 1894 2983
f 503 4852 1896
f 4852 502 1896
f 2987 2988 1907
f 1908 506 505
f 3284 4815 4813
f 4815 3287 4813
f 4813 3986 3284
f 2981 507 508
f 507 3637 1913
f 1913 3637 1914
f 3891 4781 1889
f 3985 4831 4781
f 4831 1889 4781
f 4020 1918 3288
f 3488 3293 1929
f 3638 1930 3941
f 2834 1152 2078
f 3299 1944 3490
f 4132 2999 530
f 3640 3809 1953
f 1965 4952 545
f 3304 4969 4952
f 4969 545 4952
f 1991 1966 2005
f 1970 1971 1955
f 1972 3894 1973
f 1995 3894 538
f 1953 3781 1976
f 3641 3642 3000
f 1151 4937 1981
f 4937 541 1981
f 1981 1986 1985
f 1986 542 3895
f 1986 3491 542
f 3897 3649 1989
f 3003 1993 3308
f 548 1995 538
f 3930 2003 3782
f 2021 2005 3957
f 552 1992 2008
f 2041 3942 2043
f 2041 2015 3942
f 3643 2026 3897
f 3653 2027 2028
f 2031 2030 3317
f 2034 4066 563
f 2034 565 2032
f 2032 565 2037
f 2032 3898 2034
f 2041 567 2037
f 568 4172 2042
f 3323 576 3899
f 3900 3848 2070
f 3509 3662 582
f 2079 3326 849
f 2879 587 87
f 592 588 589
f 596 2091 597
f 2096 2090 3833
f 3335 3330 3813
f 3336 2108 2109
f 3812 4103 1326
f 917 607 3902
f 3019 2114 922
f 918 922 2546
f 617 2117 2103
f 620 3495 3340
f 624 623 622
f 375 2118 619
f 1164 2131 634
f 4084 2133 3339
f 635 2132 4084
f 2121 2137 639
f 2140 624 2160
f 592 644 650
f 658 657 2155
f 2142 658 2141
f 3497 656 3672
f 656 3497 2156
f 2161 661 2595
f 2163 3343 2162
f 3972 209 628
f 3497 3343 2156
f 672 2166 1545
f 2168 671 3784
f 3021 3814 675
f 3498 2184 3849
f 2187 2191 673
f 3345 2173 3677
f 680 279 3025
f 279 680 2189
f 3676 694 3950
f 2192 3024 3850
f 1185 3350 2195
f 3350 3680 2195
f 687 3027 1189
f 687 689 2196
f 10 4208 688
f 4208 3851 688
f 690 4223 3028
f 4223 691 3028
f 2205 3682 3950
f 2815 2208 3683
f 3684 4763 4756
f 4763 3032 4756
f 4756 701 3684
f 2227 3852 2209
f 2220 2217 706
f 2221 709 2223
f 2223 709 3352
f 2220 3352 709
f 715 3354 691
f 691 711 715
f 2636 998 3690
f 4168 2249 54
f 760 2230 721
f 2231 2232 722
f 2234 722 727
f 725 724 2235
f 3036 728 723
f 723 728 2240
f 2237 2243 616
f 758 2248 2273
f 3126 2822 3358
f 735 736 2252
f 739 737 4173
f 743 742 741
f 2262 2263 2264
f 2284 2283 754
f 3043 3945 730
f 757 2293 2274
f 3697 761 2274
f 3238 726 379
f 764 2279 2851
f 765 3364 2252
f 2291 3365 778
f 776 775 4085
f 3128 771 4169
f 2295 2299 772
f 1648 784 2307
f 3046 2316 3503
f 801 2336 3233
f 2336 4121 802
f 3702 2345 3710
f 3911 2346 2413
f 2370 3054 2351
f 2361 4134 2363
f 2369 816 2420
f 3378 2354 358
f 358 4248 3378
f 4248 820 3378
f 826 825 4027
f 3847 573 3818
f 3058 829 4026
f 579 2395 578
f 3658 4201 2390
f 4201 2389 2390
f 2389 4201 580
f 4201 3658 580
f 581 3509 832
f 3059 3709 832
f 3381 832 3709
f 2391 2389 3060
f 2389 3381 3060
f 3381 3709 3060
f 2396 837 2388
f 3510 2396 838
f 2404 2408 842
f 2408 2409 842
f 3371 2329 3382
f 2416 844 3710
f 3083 4192 2416
f 2415 4234 4192
f 4234 2416 4192
f 3384 2750 2418
f 3711 4893 2429
f 4893 2449 2429
f 2438 2434 2437
f 3513 4790 2435
f 2441 4889 4790
f 4889 2435 4790
f 2442 4782 2441
f 2435 4889 4782
f 4889 2441 4782
f 2493 852 2443
f 2446 2450 2448
f 3072 2463 3790
f 862 3790 2464
f 2477 3714 2475
f 2799 3716 873
f 3717 872 3716
f 2486 3716 2482
f 3518 877 3997
f 1891 869 3280
f 3392 4880 3393
f 4880 863 3393
f 2463 3072 2462
f 886 3076 885
f 2503 2535 2502
f 3963 4196 3962
f 4196 884 3962
f 3520 2507 3721
f 3404 3520 3406
f 2507 3404 3077
f 891 4229 4146
f 4229 894 4146
f 807 2356 893
f 2374 898 2516
f 3409 2526 2522
f 2529 904 3724
f 3410 2362 2366
f 3076 4242 3085
f 4242 908 3085
f 2537 927 720
f 914 3521 2539
f 2552 922 2553
f 938 3086 945
f 925 2568 923
f 2550 3965 2544
f 2566 3862 2820
f 2567 933 1321
f 937 2569 938
f 922 614 2553
f 2577 3918 2574
f 4182 957 2584
f 2147 588 958
f 961 2605 970
f 960 654 3525
f 3919 2603 966
f 2601 968 2600
f 3095 975 2601
f 3096 4711 2607
f 4711 4116 2607
f 981 4771 983
f 4771 4116 983
f 981 982 2611
f 2608 4745 2609
f 4745 3355 2609
f 3355 4745 2210
f 4745 2608 2210
f 2622 2618 3946
f 2637 2649 998
f 3823 1760 3429
f 3823 3429 2640
f 994 993 3429
f 2643 3921 1013
f 3430 4701 996
f 4701 2659 996
f 1015 517 3858
f 2668 1019 1026
f 2832 1017 2670
f 2668 3737 1018
f 2673 3856 1020
f 2676 2671 1021
f 2692 2778 3103
f 1036 2778 2692
f 1037 3103 2778
f 3433 2698 3739
f 3434 2703 1106
f 3434 2706 2707
f 1472 1046 3740
f 1050 3740 1047
f 2709 2710 1049
f 3108 2715 1096
f 2721 3108 1052
f 1057 3108 2718
f 2714 3467 3882
f 2713 4044 2727
f 3744 2728 3743
f 817 3704 3795
f 4145 3795 1064
f 1065 2534 901
f 3413 3436 901
f 3796 3112 3436
f 3825 3532 3113
f 2735 2739 4117
f 2753 3747 2743
f 3115 2744 3114
f 1079 1215 1035
f 1033 1078 2754
f 1078 2755 1079
f 1035 3438 1079
f 1085 1088 2759
f 1089 2757 2761
f 933 2762 3439
f 3534 2764 1095
f 1098 1097 2769
f 1099 2770 1098
f 2726 2772 2773
f 3443 1101 3535
f 219 1521 215
f 2807 1108 3119
f 4112 1112 4046
f 3536 1111 3120
f 3125 2785 3798
f 1224 1115 3120
f 2779 4726 2791
f 1141 4757 4726
f 4757 2791 4726
f 2793 3933 869
f 1121 2472 1120
f 1902 3808 3635
f 3451 2783 1132
f 697 2815 1136
f 699 2606 2816
f 2817 4724 3452
f 4724 3757 3452
f 3798 3759 2809
f 3126 2823 3967
f 2823 1142 2821
f 1143 3537 1147
f 2830 2831 1149
f 2078 1155 1154
f 2838 4175 1156
f 1158 4997 1157
f 4997 4175 1157
f 527 1159 1157
f 3538 2681 2680
f 1077 2848 30
f 2848 1333 30
f 3831 2862 4128
f 3867 4772 2863
f 4772 1223 2863
f 1227 1226 805
f 41 3832 1231
f 2865 1231 2864
f 1307 1308 1327
f 1272 2249 76
f 2884 3464 2885
f 2884 3167 1325
f 143 3171 3875
f 3275 2896 1401
f 136 4096 3565
f 3181 3767 1425
f 3579 3837 188
f 3949 4979 1439
f 4979 1438 1439
f 4017 150 1385
f 1522 253 4037
f 251 252 255
f 1526 309 3602
f 1531 4178 1534
f 1538 2166 270
f 1549 1547 1550
f 3212 4752 1557
f 4752 285 1557
f 1557 4734 4706
f 4734 3475 4706
f 4706 3212 1557
f 327 1597 3219
f 1772 3976 264
f 3367 1650 3370
f 2961 2661 428
f 1766 4805 1736
f 4805 398 1736
f 4159 1781 1875
f 1829 449 4100
f 2971 3263 4052
f 472 1854 3266
f 409 1748 1783
f 3631 1861 3465
f 3986 4839 4828
f 4839 1889 4828
f 4828 3284 3986
f 1915 1916 1914
f 2994 521 515
f 1944 3489 3490
f 3810 4954 3893
f 4954 4041 3893
f 1955 540 1970
f 3646 2025 554
f 2052 570 3320
f 3324 574 2062
f 1488 1487 3901
f 2153 2149 2151
f 634 3904 937
f 3676 3348 3344
f 978 3096 3683
f 707 3235 1677
f 690 2198 718
f 788 790 2315
f 800 2329 3372
f 3507 2377 3707
f 3509 2392 3059
f 4059 2402 3512
f 2427 2429 2428
f 851 2444 853
f 3397 3394 863
f 3394 2466 3915
f 2507 3720 3703
f 898 3080 3079
f 899 3408 3082
f 3855 2414 2415
f 910 2538 912
f 3088 935 936
f 3338 3793 2134
f 2581 2583 941
f 2583 956 3524
f 966 2604 2593
f 3422 3095 976
f 429 2662 1012
f 3794 2258 2259
f 2734 3796 3436
f 3923 2735 3112
f 2808 2807 3125
f 1128 3797 2817
f 21 3863 3134
f 4028 1193 3136
f 1234 2857 9
f 1191 9 6
f 2858 1193 4013
f 13 3865 15
f 16 4141 1198
f 3948 1234 19
f 3541 4077 1181
f 3546 1204 2
f 4113 20 201
f 2904 4113 201
f 21 4774 1
f 4774 2863 1
f 3866 3142 1214
f 3143 4153 29
f 29 1256 1214
f 37 3547 1207
f 4035 4915 3144
f 4915 3255 3144
f 3144 3811 4035
f 4141 4238 14
f 4238 38 14
f 2864 3551 1230
f 3194 1232 3145
f 3553 3578 1460
f 1238 43 18
f 1236 46 44
f 1248 1247 1249
f 2872 1217 1251
f 4142 1258 2871
f 1261 3556 1263
f 4253 4255 4252
f 4255 1264 4252
f 1264 4255 1263
f 4255 4253 1263
f 4254 4256 4253
f 4256 1263 4253
f 4257 4258 4256
f 4258 1263 4256
f 4259 4260 4258
f 4260 1263 4258
f 4261 4262 4260
f 4262 1263 4260
f 4263 4264 4262
f 4264 1263 4262
f 4265 4266 4264
f 4266 1263 4264
f 4267 4268 4266
f 4268 1263 4266
f 4269 4270 4268
f 4270 1263 4268
f 4271 4272 4270
f 4272 1263 4270
f 4273 4274 4272
f 4274 1263 4272
f 4275 4276 4274
f 4276 1263 4274
f 4277 4278 4276
f 4278 1263 4276
f 4279 4280 4278
f 4280 1263 4278
f 4281 4282 4280
f 4282 1263 4280
f 4283 4284 4282
f 4284 1263 4282
f 4285 4286 4284
f 4286 1263 4284
f 4287 4288 4286
f 4288 1263 4286
f 4289 4290 4288
f 4290 1263 4288
f 4291 4292 4290
f 4292 1263 4290
f 4293 4294 4292
f 4294 1263 4292
f 4295 4296 4294
f 4296 1263 4294
f 4297 4298 4296
f 4298 1263 4296
f 4299 4300 4298
f 4300 1263 4298
f 4301 4302 4300
f 4302 1263 4300
f 4303 4304 4302
f 4304 1263 4302
f 4305 4306 4304
f 4306 1263 4304
f 4307 4308 4306
f 4308 1263 4306
f 4309 4310 4308
f 4310 1263 4308
f 4311 4312 4310
f 4312 1263 4310
f 4313 4314 4312
f 4314 1263 4312
f 4315 4316 4314
f 4316 1263 4314
f 4317 4318 4316
f 4318 1263 4316
f 4319 4320 4318
f 4320 1263 4318
f 4321 4322 4320
f 4322 1263 4320
f 4323 4324 4322
f 4324 1263 4322
f 4325 4326 4324
f 4326 1263 4324
f 4327 4328 4326
f 4328 1263 4326
f 4329 4330 4328
f 4330 1263 4328
f 4331 4332 4330
f 4332 1263 4330
f 4333 4334 4332
f 4334 1263 4332
f 4335 4336 4334
f 4336 1263 4334
f 4337 4338 4336
f 4338 1263 4336
f 4339 4340 4338
f 4340 1263 4338
f 4341 4342 4340
f 4342 1263 4340
f 4343 4344 4342
f 4344 1263 4342
f 4345 4346 4344
f 4346 1263 4344
f 4347 4348 4346
f 4348 1263 4346
f 4349 4350 4348
f 4350 1263 4348
f 4351 4352 4350
f 4352 1263 4350
f 4353 4354 4352
f 4354 1263 4352
f 4355 4356 4354
f 4356 1263 4354
f 4357 4358 4356
f 4358 1263 4356
f 4359 4360 4358
f 4360 1263 4358
f 4361 4362 4360
f 4362 1263 4360
f 4363 4364 4362
f 4364 1263 4362
f 4365 4366 4364
f 4366 1263 4364
f 4367 4368 4366
f 4368 1263 4366
f 4369 4370 4368
f 4370 1263 4368
f 4371 4372 4370
f 4372 1263 4370
f 4373 4374 4372
f 4374 1263 4372
f 4375 4376 4374
f 4376 1263 4374
f 4377 4378 4376
f 4378 1263 4376
f 4379 4380 4378
f 4380 1263 4378
f 4381 4382 4380
f 4382 1263 4380
f 4383 4384 4382
f 4384 1263 4382
f 4385 4386 4384
f 4386 1263 4384
f 4387 4388 4386
f 4388 1263 4386
f 4389 4390 4388
f 4390 1263 4388
f 4391 4392 4390
f 4392 1263 4390
f 4393 4394 4392
f 4394 1263 4392
f 4395 4396 4394
f 4396 1263 4394
f 4397 4398 4396
f 4398 1263 4396
f 4399 4400 4398
f 4400 1263 4398
f 4401 4402 4400
f 4402 1263 4400
f 4403 4404 4402
f 4404 1263 4402
f 4405 4406 4404
f 4406 1263 4404
f 4407 4408 4406
f 4408 1263 4406
f 4409 4410 4408
f 4410 1263 4408
f 4411 4412 4410
f 4412 1263 4410
f 4413 4414 4412
f 4414 1263 4412
f 4415 4416 4414
f 4416 1263 4414
f 4417 4418 4416
f 4418 1263 4416
f 4419 4420 4418
f 4420 1263 4418
f 4421 4422 4420
f 4422 1263 4420
f 4423 4424 4422
f 4424 1263 4422
f 4425 4426 4424
f 4426 1263 4424
f 4427 4428 4426
f 4428 1263 4426
f 4429 4430 4428
f 4430 1263 4428
f 4431 4432 4430
f 4432 1263 4430
f 4433 4434 4432
f 4434 1263 4432
f 4435 4436 4434
f 4436 1263 4434
f 4437 4438 4436
f 4438 1263 4436
f 4439 4440 4438
f 4440 1263 4438
f 4441 4442 4440
f 4442 1263 4440
f 4443 4444 4442
f 4444 1263 4442
f 4445 4446 4444
f 4446 1263 4444
f 4447 4448 4446
f 4448 1263 4446
f 4449 4450 4448
f 4450 1263 4448
f 4451 4452 4450
f 4452 1263 4450
f 4453 4454 4452
f 4454 1263 4452
f 4455 4456 4454
f 4456 1263 4454
f 4457 4458 4456
f 4458 1263 4456
f 4459 4460 4458
f 4460 1263 4458
f 4461 4462 4460
f 4462 1263 4460
f 4463 4464 4462
f 4464 1263 4462
f 4465 4466 4464
f 4466 1263 4464
f 4467 4468 4466
f 4468 1263 4466
f 4469 4470 4468
f 4470 1263 4468
f 4471 4472 4470
f 4472 1263 4470
f 4473 4474 4472
f 4474 1263 4472
f 4475 4476 4474
f 4476 1263 4474
f 4477 4478 4476
f 4478 1263 4476
f 4479 4480 4478
f 4480 1263 4478
f 4481 4482 4480
f 4482 1263 4480
f 4483 4484 4482
f 4484 1263 4482
f 4485 4486 4484
f 4486 1263 4484
f 4487 4488 4486
f 4488 1263 4486
f 4489 4490 4488
f 4490 1263 4488
f 4491 4492 4490
f 4492 1263 4490
f 4493 4494 4492
f 4494 1263 4492
f 4495 4496 4494
f 4496 1263 4494
f 4497 4498 4496
f 4498 1263 4496
f 4499 4500 4498
f 4500 1263 4498
f 4501 4502 4500
f 4502 1263 4500
f 4503 4504 4502
f 4504 1263 4502
f 4505 4506 4504
f 4506 1263 4504
f 4507 4508 4506
f 4508 1263 4506
f 4509 4510 4508
f 4510 1263 4508
f 4511 4512 4510
f 4512 1263 4510
f 4513 4514 4512
f 4514 1263 4512
f 4515 4516 4514
f 4516 1263 4514
f 4517 4518 4516
f 4518 1263 4516
f 4519 4520 4518
f 4520 1263 4518
f 4521 4522 4520
f 4522 1263 4520
f 4523 4524 4522
f 4524 1263 4522
f 4525 4526 4524
f 4526 1263 4524
f 4527 4528 4526
f 4528 1263 4526
f 4529 4530 4528
f 4530 1263 4528
f 4531 4532 4530
f 4532 1263 4530
f 4533 4534 4532
f 4534 1263 4532
f 4535 4536 4534
f 4536 1263 4534
f 4537 4538 4536
f 4538 1263 4536
f 4539 4540 4538
f 4540 1263 4538
f 4541 4542 4540
f 4542 1263 4540
f 4543 4544 4542
f 4544 1263 4542
f 4545 4546 4544
f 4546 1263 4544
f 4547 4548 4546
f 4548 1263 4546
f 4549 4550 4548
f 4550 1263 4548
f 4551 4552 4550
f 4552 1263 4550
f 4553 4554 4552
f 4554 1263 4552
f 4555 4556 4554
f 4556 1263 4554
f 4557 4558 4556
f 4558 1263 4556
f 4559 4560 4558
f 4560 1263 4558
f 4561 4562 4560
f 4562 1263 4560
f 4563 4564 4562
f 4564 1263 4562
f 4565 4566 4564
f 4566 1263 4564
f 4567 4568 4566
f 4568 1263 4566
f 4569 4570 4568
f 4570 1263 4568
f 4571 4572 4570
f 4572 1263 4570
f 4573 4574 4572
f 4574 1263 4572
f 4575 4576 4574
f 4576 1263 4574
f 4577 4578 4576
f 4578 1263 4576
f 4579 4580 4578
f 4580 1263 4578
f 4581 4582 4580
f 4582 1263 4580
f 4583 4584 4582
f 4584 1263 4582
f 4585 4586 4584
f 4586 1263 4584
f 4587 4588 4586
f 4588 1263 4586
f 4589 4590 4588
f 4590 1263 4588
f 4591 4592 4590
f 4592 1263 4590
f 4593 4594 4592
f 4594 1263 4592
f 4595 4596 4594
f 4596 1263 4594
f 4597 4598 4596
f 4598 1263 4596
f 4599 4600 4598
f 4600 1263 4598
f 4601 4602 4600
f 4602 1263 4600
f 4603 4604 4602
f 4604 1263 4602
f 4605 4606 4604
f 4606 1263 4604
f 4607 4608 4606
f 4608 1263 4606
f 4609 4610 4608
f 4610 1263 4608
f 4611 4612 4610
f 4612 1263 4610
f 4613 4614 4612
f 4614 1263 4612
f 4615 4616 4614
f 4616 1263 4614
f 4617 4618 4616
f 4618 1263 4616
f 4619 4620 4618
f 4620 1263 4618
f 4621 4622 4620
f 4622 1263 4620
f 4623 4624 4622
f 4624 1263 4622
f 4625 4626 4624
f 4626 1263 4624
f 4627 4628 4626
f 4628 1263 4626
f 4629 4630 4628
f 4630 1263 4628
f 4631 4632 4630
f 4632 1263 4630
f 4633 4634 4632
f 4634 1263 4632
f 4635 4636 4634
f 4636 1263 4634
f 4637 4638 4636
f 4638 1263 4636
f 4639 4640 4638
f 4640 1263 4638
f 4641 4642 4640
f 4642 1263 4640
f 4643 4644 4642
f 4644 1263 4642
f 4645 4646 4644
f 4646 1263 4644
f 4647 4648 4646
f 4648 1263 4646
f 4649 4650 4648
f 4650 1263 4648
f 4651 4652 4650
f 4652 1263 4650
f 4653 4654 4652
f 4654 1263 4652
f 4655 4656 4654
f 4656 1263 4654
f 4657 4658 4656
f 4658 1263 4656
f 4659 4660 4658
f 4660 1263 4658
f 4661 4662 4660
f 4662 1263 4660
f 4663 4664 4662
f 4664 1263 4662
f 4665 4666 4664
f 4666 1263 4664
f 4667 4668 4666
f 4668 1263 4666
f 4669 4670 4668
f 4670 1263 4668
f 4671 4672 4670
f 4672 1263 4670
f 4673 4674 4672
f 4674 1263 4672
f 4675 4676 4674
f 4676 1263 4674
f 4677 4678 4676
f 4678 1263 4676
f 4678 4679 1263
f 4679 159 1263
f 159 4679 4677
f 4679 4678 4677
f 159 4677 4675
f 4677 4676 4675
f 159 4675 4673
f 4675 4674 4673
f 159 4673 4671
f 4673 4672 4671
f 159 4671 4669
f 4671 4670 4669
f 159 4669 4667
f 4669 4668 4667
f 159 4667 4665
f 4667 4666 4665
f 159 4665 4663
f 4665 4664 4663
f 159 4663 4661
f 4663 4662 4661
f 159 4661 4659
f 4661 4660 4659
f 159 4659 4657
f 4659 4658 4657
f 159 4657 4655
f 4657 4656 4655
f 159 4655 4653
f 4655 4654 4653
f 159 4653 4651
f 4653 4652 4651
f 159 4651 4649
f 4651 4650 4649
f 159 4649 4647
f 4649 4648 4647
f 159 4647 4645
f 4647 4646 4645
f 159 4645 4643
f 4645 4644 4643
f 159 4643 4641
f 4643 4642 4641
f 159 4641 4639
f 4641 4640 4639
f 159 4639 4637
f 4639 4638 4637
f 159 4637 4635
f 4637 4636 4635
f 159 4635 4633
f 4635 4634 4633
f 159 4633 4631
f 4633 4632 4631
f 159 4631 4629
f 4631 4630 4629
f 159 4629 4627
f 4629 4628 4627
f 159 4627 4625
f 4627 4626 4625
f 159 4625 4623
f 4625 4624 4623
f 159 4623 4621
f 4623 4622 4621
f 159 4621 4619
f 4621 4620 4619
f 159 4619 4617
f 4619 4618 4617
f 159 4617 4615
f 4617 4616 4615
f 159 4615 4613
f 4615 4614 4613
f 159 4613 4611
f 4613 4612 4611
f 159 4611 4609
f 4611 4610 4609
f 159 4609 4607
f 4609 4608 4607
f 159 4607 4605
f 4607 4606 4605
f 159 4605 4603
f 4605 4604 4603
f 159 4603 4601
f 4603 4602 4601
f 159 4601 4599
f 4601 4600 4599
f 159 4599 4597
f 4599 4598 4597
f 159 4597 4595
f 4597 4596 4595
f 159 4595 4593
f 4595 4594 4593
f 159 4593 4591
f 4593 4592 4591
f 159 4591 4589
f 4591 4590 4589
f 159 4589 4587
f 4589 4588 4587
f 159 4587 4585
f 4587 4586 4585
f 159 4585 4583
f 4585 4584 4583
f 159 4583 4581
f 4583 4582 4581
f 159 4581 4579
f 4581 4580 4579
f 159 4579 4577
f 4579 4578 4577
f 159 4577 4575
f 4577 4576 4575
f 159 4575 4573
f 4575 4574 4573
f 159 4573 4571
f 4573 4572 4571
f 159 4571 4569
f 4571 4570 4569
f 159 4569 4567
f 4569 4568 4567
f 159 4567 4565
f 4567 4566 4565
f 159 4565 4563
f 4565 4564 4563
f 159 4563 4561
f 4563 4562 4561
f 159 4561 4559
f 4561 4560 4559
f 159 4559 4557
f 4559 4558 4557
f 159 4557 4555
f 4557 4556 4555
f 159 4555 4553
f 4555 4554 4553
f 159 4553 4551
f 4553 4552 4551
f 159 4551 4549
f 4551 4550 4549
f 159 4549 4547
f 4549 4548 4547
f 159 4547 4545
f 4547 4546 4545
f 159 4545 4543
f 4545 4544 4543
f 159 4543 4541
f 4543 4542 4541
f 159 4541 4539
f 4541 4540 4539
f 159 4539 4537
f 4539 4538 4537
f 159 4537 4535
f 4537 4536 4535
f 159 4535 4533
f 4535 4534 4533
f 159 4533 4531
f 4533 4532 4531
f 159 4531 4529
f 4531 4530 4529
f 159 4529 4527
f 4529 4528 4527
f 159 4527 4525
f 4527 4526 4525
f 159 4525 4523
f 4525 4524 4523
f 159 4523 4521
f 4523 4522 4521
f 159 4521 4519
f 4521 4520 4519
f 159 4519 4517
f 4519 4518 4517
f 159 4517 4515
f 4517 4516 4515
f 159 4515 4513
f 4515 4514 4513
f 159 4513 4511
f 4513 4512 4511
f 159 4511 4509
f 4511 4510 4509
f 159 4509 4507
f 4509 4508 4507
f 159 4507 4505
f 4507 4506 4505
f 159 4505 4503
f 4505 4504 4503
f 159 4503 4501
f 4503 4502 4501
f 159 4501 4499
f 4501 4500 4499
f 159 4499 4497
f 4499 4498 4497
f 159 4497 4495
f 4497 4496 4495
f 159 4495 4493
f 4495 4494 4493
f 159 4493 4491
f 4493 4492 4491
f 159 4491 4489
f 4491 4490 4489
f 159 4489 4487
f 4489 4488 4487
f 159 4487 4485
f 4487 4486 4485
f 159 4485 4483
f 4485 4484 4483
f 159 4483 4481
f 4483 4482 4481
f 159 4481 4479
f 4481 4480 4479
f 159 4479 4477
f 4479 4478 4477
f 159 4477 4475
f 4477 4476 4475
f 159 4475 4473
f 4475 4474 4473
f 159 4473 4471
f 4473 4472 4471
f 159 4471 4469
f 4471 4470 4469
f 159 4469 4467
f 4469 4468 4467
f 159 4467 4465
f 4467 4466 4465
f 159 4465 4463
f 4465 4464 4463
f 159 4463 4461
f 4463 4462 4461
f 159 4461 4459
f 4461 4460 4459
f 159 4459 4457
f 4459 4458 4457
f 159 4457 4455
f 4457 4456 4455
f 159 4455 4453
f 4455 4454 4453
f 159 4453 4451
f 4453 4452 4451
f 159 4451 4449
f 4451 4450 4449
f 159 4449 4447
f 4449 4448 4447
f 159 4447 4445
f 4447 4446 4445
f 159 4445 4443
f 4445 4444 4443
f 159 4443 4441
f 4443 4442 4441
f 159 4441 4439
f 4441 4440 4439
f 159 4439 4437
f 4439 4438 4437
f 159 4437 4435
f 4437 4436 4435
f 159 4435 4433
f 4435 4434 4433
f 159 4433 4431
f 4433 4432 4431
f 159 4431 4429
f 4431 4430 4429
f 159 4429 4427
f 4429 4428 4427
f 159 4427 4425
f 4427 4426 4425
f 159 4425 4423
f 4425 4424 4423
f 159 4423 4421
f 4423 4422 4421
f 159 4421 4419
f 4421 4420 4419
f 159 4419 4417
f 4419 4418 4417
f 159 4417 4415
f 4417 4416 4415
f 159 4415 4413
f 4415 4414 4413
f 159 4413 4411
f 4413 4412 4411
f 159 4411 4409
f 4411 4410 4409
f 159 4409 4407
f 4409 4408 4407
f 159 4407 4405
f 4407 4406 4405
f 159 4405 4403
f 4405 4404 4403
f 159 4403 4401
f 4403 4402 4401
f 159 4401 4399
f 4401 4400 4399
f 159 4399 4397
f 4399 4398 4397
f 159 4397 4395
f 4397 4396 4395
f 159 4395 4393
f 4395 4394 4393
f 159 4393 4391
f 4393 4392 4391
f 159 4391 4389
f 4391 4390 4389
f 159 4389 4387
f 4389 4388 4387
f 159 4387 4385
f 4387 4386 4385
f 159 4385 4383
f 4385 4384 4383
f 159 4383 4381
f 4383 4382 4381
f 159 4381 4379
f 4381 4380 4379
f 159 4379 4377
f 4379 4378 4377
f 159 4377 4375
f 4377 4376 4375
f 159 4375 4373
f 4375 4374 4373
f 159 4373 4371
f 4373 4372 4371
f 159 4371 4369
f 4371 4370 4369
f 159 4369 4367
f 4369 4368 4367
f 159 4367 4365
f 4367 4366 4365
f 159 4365 4363
f 4365 4364 4363
f 159 4363 4361
f 4363 4362 4361
f 159 4361 4359
f 4361 4360 4359
f 159 4359 4357
f 4359 4358 4357
f 159 4357 4355
f 4357 4356 4355
f 159 4355 4353
f 4355 4354 4353
f 159 4353 4351
f 4353 4352 4351
f 159 4351 4349
f 4351 4350 4349
f 159 4349 4347
f 4349 4348 4347
f 159 4347 4345
f 4347 4346 4345
f 159 4345 4343
f 4345 4344 4343
f 159 4343 4341
f 4343 4342 4341
f 159 4341 4339
f 4341 4340 4339
f 159 4339 4337
f 4339 4338 4337
f 159 4337 4335
f 4337 4336 4335
f 159 4335 4333
f 4335 4334 4333
f 159 4333 4331
f 4333 4332 4331
f 159 4331 4329
f 4331 4330 4329
f 159 4329 4327
f 4329 4328 4327
f 159 4327 4325
f 4327 4326 4325
f 159 4325 4323
f 4325 4324 4323
f 159 4323 4321
f 4323 4322 4321
f 159 4321 4319
f 4321 4320 4319
f 159 4319 4317
f 4319 4318 4317
f 159 4317 4315
f 4317 4316 4315
f 159 4315 4313
f 4315 4314 4313
f 159 4313 4311
f 4313 4312 4311
f 159 4311 4309
f 4311 4310 4309
f 159 4309 4307
f 4309 4308 4307
f 159 4307 4305
f 4307 4306 4305
f 159 4305 4303
f 4305 4304 4303
f 159 4303 4301
f 4303 4302 4301
f 159 4301 4299
f 4301 4300 4299
f 159 4299 4297
f 4299 4298 4297
f 159 4297 4295
f 4297 4296 4295
f 159 4295 4293
f 4295 4294 4293
f 159 4293 4291
f 4293 4292 4291
f 159 4291 4289
f 4291 4290 4289
f 159 4289 4287
f 4289 4288 4287
f 159 4287 4285
f 4287 4286 4285
f 159 4285 4283
f 4285 4284 4283
f 159 4283 4281
f 4283 4282 4281
f 159 4281 4279
f 4281 4280 4279
f 159 4279 4277
f 4279 4278 4277
f 159 4277 4275
f 4277 4276 4275
f 159 4275 4273
f 4275 4274 4273
f 159 4273 4271
f 4273 4272 4271
f 159 4271 4269
f 4271 4270 4269
f 159 4269 4267
f 4269 4268 4267
f 159 4267 4265
f 4267 4266 4265
f 159 4265 4263
f 4265 4264 4263
f 159 4263 4261
f 4263 4262 4261
f 159 4261 4259
f 4261 4260 4259
f 159 4259 4257
f 4259 4258 4257
f 159 4257 4254
f 4257 4256 4254
f 159 4254 4252
f 4254 4253 4252
f 3153 1277 66
f 55 68 3146
f 69 1269 1268
f 72 71 73
f 80 1266 3151
f 82 1265 1266
f 83 80 1274
f 4154 87 169
f 1278 1279 3970
f 86 1288 3799
f 1288 86 1285
f 3164 2880 1296
f 1300 1298 4048
f 91 4031 2883
f 2249 1272 208
f 763 1320 93
f 1324 1321 109
f 1325 3167 209
f 1338 117 1344
f 1340 3270 116
f 1343 3173 115
f 1345 1342 4005
f 118 120 1348
f 3563 123 1352
f 2887 1358 3169
f 1357 3800 1392
f 129 3800 127
f 2890 1359 2888
f 2889 1359 2890
f 3834 1341 3565
f 136 4129 1362
f 138 174 135
f 1347 1365 3173
f 1367 177 1369
f 2895 1378 3880
f 146 150 1383
f 1437 4904 1439
f 4904 1383 1439
f 3949 1439 1384
f 1390 1389 3566
f 3835 171 159
f 2897 3178 161
f 3275 1876 2896
f 2896 1400 163
f 3572 167 170
f 3171 2913 1478
f 1417 2900 1419
f 3575 1424 1428
f 1430 4157 3183
f 1440 1436 194
f 4114 3949 3838
f 175 3586 1455
f 201 1210 1448
f 1457 4097 1413
f 4097 1203 3188
f 1468 1466 1467
f 210 3768 1465
f 1472 216 2909
f 3584 2909 1474
f 2910 2911 3189
f 1498 230 231
f 235 3197 236
f 1508 236 3197
f 3197 235 1509
f 1513 240 3198
f 240 242 1511
f 3590 1519 246
f 2941 3201 3202
f 3202 3593 2941
f 3593 256 3610
f 1534 266 2920
f 266 1747 3771
f 1541 3206 3468
f 1686 1538 270
f 277 269 2923
f 276 1547 1546
f 3601 3208 307
f 1555 4754 283
f 4754 307 283
f 3684 3210 702
f 298 291 297
f 1573 1707 2929
f 1705 4777 1572
f 4777 1565 1572
f 3214 3804 1575
f 3603 308 1582
f 3603 310 2943
f 3603 1593 310
f 3773 322 1594
f 332 1600 2938
f 332 4970 1600
f 4970 334 1600
f 1605 3216 2833
f 2834 2833 333
f 3979 4960 3224
f 4960 1606 3224
f 1618 4966 1620
f 1619 4971 4966
f 4971 1620 4966
f 1629 3951 343
f 1632 434 3472
f 1641 1640 346
f 2306 784 2947
f 365 1676 1674
f 1679 3236 368
f 1678 1682 3689
f 1689 1686 1543
f 625 3245 375
f 1694 378 1693
f 1702 2953 381
f 1708 396 1694
f 1694 1709 379
f 4083 1792 2697
f 1700 2955 1720
f 3619 1725 391
f 4039 1717 1726
f 2957 3620 392
f 2958 1799 2965
f 2426 2965 1733
f 1739 1723 3247
f 407 2959 268
f 408 409 1780
f 409 408 1748
f 412 417 1751
f 423 424 1761
f 3888 429 1012
f 4051 433 1768
f 433 3251 3938
f 1791 1790 1792
f 441 1805 442
f 4087 2139 1804
f 2969 3628 3259
f 166 1402 3844
f 452 1810 1809
f 1814 2967 1808
f 462 1834 458
f 477 459 1833
f 1850 4797 1848
f 4797 1847 1848
f 1885 4795 470
f 4149 4807 4795
f 4807 470 4795
f 3266 1854 3485
f 462 1859 1834
f 479 1864 483
f 480 3630 3486
f 3271 479 483
f 3929 4159 1875
f 1402 1832 4096
f 969 487 3275
f 1878 1827 1879
f 492 4081 1882
f 495 1890 2980
f 3396 3269 473
f 3281 1907 2491
f 508 4811 4781
f 4811 3985 4781
f 4781 3891 508
f 1843 4869 509
f 4869 1920 509
f 509 4020 1921
f 489 1880 1899
f 511 1926 3291
f 1932 1931 1927
f 1937 3295 523
f 1938 3638 1937
f 529 4980 1942
f 4980 1941 1942
f 1979 1155 2078
f 1945 3299 2998
f 1617 4972 3002
f 4972 1948 3002
f 1960 1958 534
f 1973 3894 547
f 537 3894 3307
f 1978 3642 3004
f 1986 541 3491
f 1988 1987 1623
f 1989 3811 544
f 3643 545 3650
f 4008 1994 548
f 3229 3644 4008
f 1997 1998 3845
f 3957 2005 1966
f 3312 3783 2025
f 4054 2014 2015
f 556 3647 2015
f 3647 2016 3942
f 1482 4185 560
f 2033 2037 565
f 2060 3659 2055
f 3657 2059 2060
f 3847 4250 2062
f 4250 3324 2062
f 2075 1486 583
f 4164 1978 1979
f 587 2081 87
f 2082 2080 3016
f 90 1288 1285
f 2087 2091 596
f 2093 3664 600
f 2089 2095 598
f 600 3664 3018
f 2104 3334 601
f 608 2110 2111
f 626 612 613
f 3019 922 918
f 2116 2237 617
f 2118 375 376
f 631 626 633
f 632 2133 2128
f 4166 1165 2135
f 2149 2150 2151
f 2152 2155 657
f 4124 658 2159
f 659 3342 2157
f 660 663 2160
f 1164 634 937
f 2167 270 2166
f 2167 2168 668
f 1548 670 1542
f 3814 3021 4105
f 2179 4071 2181
f 2184 5 3849
f 2191 2187 3345
f 682 693 3850
f 3026 2201 684
f 4 3830 678
f 3543 3027 3135
f 3682 4708 2206
f 3993 4740 4708
f 4740 2206 4708
f 3907 3683 2208
f 2608 4716 3852
f 4716 978 3852
f 4058 3685 3208
f 2212 2510 3821
f 2214 690 2213
f 2222 4241 3352
f 4241 3111 3352
f 4030 3687 710
f 2236 2239 3815
f 2240 4072 3037
f 101 2254 2253
f 4173 2254 3359
f 2251 2253 737
f 2256 742 4073
f 745 752 2256
f 747 2260 2261
f 3786 3042 3040
f 752 3786 3041
f 753 3786 752
f 3692 3815 2265
f 721 2229 732
f 3694 721 759
f 760 3816 2276
f 729 725 2277
f 769 2290 770
f 3696 2297 778
f 4085 2296 776
f 2298 778 2286
f 3697 2292 761
f 1634 3699 3502
f 2307 2304 1648
f 2308 2312 785
f 3503 2316 3045
f 2318 3046 3369
f 3817 790 792
f 794 2315 790
f 2057 2322 3047
f 3701 2309 3367
f 3701 4235 3372
f 4235 3370 3372
f 800 2410 2329
f 3048 3373 3913
f 2334 2340 2350
f 2337 3374 2335
f 1656 2336 3051
f 2336 3049 4121
f 2342 802 2343
f 803 3052 2344
f 3050 889 804
f 2371 2355 808
f 3055 2364 2365
f 2417 3704 815
f 2379 4123 2378
f 2749 823 822
f 848 4246 4198
f 4246 827 4198
f 4198 850 848
f 829 831 2383
f 2382 3658 2390
f 2394 577 2393
f 836 2397 835
f 3787 3819 3512
f 4147 2410 3853
f 3726 3911 3383
f 2415 4192 3855
f 4192 3083 3855
f 845 2419 2417
f 3385 2368 2381
f 2407 3369 799
f 3388 2433 2442
f 2435 2434 3513
f 2448 4061 2449
f 3394 2459 863
f 859 2459 3066
f 3820 4062 3713
f 3282 3712 3068
f 864 3394 3397
f 868 866 867
f 2475 3714 2476
f 2485 2484 2479
f 873 2480 2483
f 872 2482 3716
f 2492 3712 3282
f 2445 4843 854
f 4843 2962 854
f 4181 2496 12
f 882 3402 2497
f 889 3718 804
f 3719 3084 908
f 888 3548 2505
f 895 4228 893
f 4228 894 893
f 3998 2515 895
f 2514 2518 3407
f 3964 2519 2517
f 3413 906 2531
f 2540 914 3416
f 3415 920 3792
f 2548 3522 921
f 3522 923 2551
f 2552 2553 2574
f 929 930 2561
f 3091 933 934
f 3093 3092 2571
f 3091 2571 3092
f 940 2576 3089
f 2573 2554 2574
f 943 666 2580
f 952 950 951
f 963 2591 2592
f 3421 2974 976
f 2974 2599 976
f 664 3095 3673
f 2610 3729 2623
f 984 3527 2615
f 985 2618 3097
f 3355 3946 2609
f 3823 2640 2639
f 2659 3529 996
f 2654 2621 2650
f 2649 4108 998
f 3432 3735 4110
f 2663 2634 1007
f 4122 3736 1603
f 3737 2675 3922
f 1019 1018 2673
f 3101 1022 2678
f 1031 3102 1030
f 2691 2688 4093
f 1034 1036 2692
f 1045 2692 3103
f 2692 1035 1034
f 1039 3104 746
f 2781 2693 1041
f 2693 1042 2694
f 2701 1042 2704
f 2709 3106 4022
f 1054 2768 1056
f 2723 2714 2722
f 3742 1059 2725
f 3743 3110 1061
f 3744 2731 2729
f 1061 1062 3743
f 2730 2729 2731
f 3745 1065 4080
f 2732 2742 1063
f 3116 3825 1066
f 2733 4174 1068
f 2735 4117 3112
f 1075 2742 2741
f 1083 3748 1084
f 1084 1045 1038
f 1082 2758 1085
f 2847 2789 1091
f 3106 3107 3947
f 2769 3750 1520
f 2769 1520 1098
f 1055 2728 1060
f 1060 4189 2775
f 1102 3444 4189
f 3444 3118 4189
f 3445 2776 2777
f 1103 2792 2779
f 4045 1041 1037
f 1105 2782 1107
f 4001 1112 1113
f 4002 3717 3121
f 3447 3753 2801
f 3827 4684 2808
f 1132 4709 4684
f 4709 2808 4684
f 1128 4738 3797
f 4738 2810 3797
f 2810 4743 3927
f 4743 3754 3927
f 3754 3755 3927
f 2606 4140 2816
f 3453 2272 2820
f 1159 1160 4082
f 2852 1162 3540
f 1166 3762 2845
f 1167 1090 2759
f 2848 1077 1222
f 27 3143 1034
f 1241 52 50
f 2890 132 3465
f 1380 1431 1379
f 4131 3836 4171
f 200 1453 3839
f 3770 1497 1495
f 1545 1538 3469
f 296 299 1567
f 4162 1664 4184
f 417 1759 1751
f 1803 2966 438
f 3985 4798 3284
f 3892 4833 4798
f 4833 3284 4798
f 3489 1979 3004
f 4025 1999 2002
f 545 2019 3650
f 2041 2043 567
f 3848 3900 2072
f 3333 2102 602
f 3944 633 2129
f 3690 2630 2622
f 740 737 739
f 3040 3039 3360
f 2376 818 809
f 3378 3507 2376
f 2385 573 2061
f 4079 2452 2450
f 2490 3518 3073
f 3719 2504 888
f 3994 703 3078
f 2519 2523 3407
f 2604 965 2597
f 991 2634 2663
f 2683 4943 3530
f 4943 2672 3530
f 2695 1042 2696
f 2915 249 2731
f 2767 2770 2771
f 1091 4046 1112
f 4151 4737 2780
f 4737 2818 2780
f 1176 1175 1178
f 3830 5 2184
f 1183 5 1182
f 1182 1187 1183
f 3137 4200 1190
f 4200 1193 1190
f 17 2858 2859
f 3187 2 1204
f 23 1447 25
f 1789 4942 1388
f 1225 4944 4942
f 4944 1388 4942
f 232 41 1232
f 1244 54 208
f 58 2869 2870
f 1214 1446 1445
f 1271 3151 1266
f 66 1277 1276
f 1275 1280 1274
f 1274 79 1275
f 86 3799 1279
f 89 3557 3155
f 3871 1297 1296
f 1312 98 2880
f 77 1273 1314
f 3463 1326 4156
f 3991 1326 3972
f 3464 1328 107
f 1344 3562 1338
f 1339 1337 1340
f 3169 122 3563
f 1355 3170 3564
f 147 3801 3874
f 3169 1385 122
f 3570 161 3178
f 1399 81 3572
f 3839 199 1406
f 179 2900 180
f 1443 3184 1282
f 197 1446 1257
f 1452 1453 1448
f 4097 1457 1203
f 1458 1235 203
f 1458 204 1235
f 205 2905 204
f 1459 206 2905
f 1258 4142 2910
f 3190 2914 2911
f 3574 4131 3586
f 178 181 1409
f 3196 4098 1485
f 1510 241 1509
f 3750 3445 250
f 2916 3590 250
f 253 2917 4037
f 4177 3201 2917
f 254 251 255
f 1580 257 3884
f 1531 1534 2920
f 263 3592 265
f 1539 1538 1686
f 2924 3469 1541
f 1548 2924 1546
f 1553 1728 280
f 1552 281 2927
f 296 4721 292
f 4721 1562 292
f 1569 294 282
f 293 4746 1570
f 4746 1554 1570
f 3214 306 305
f 2934 4935 312
f 4935 1582 312
f 3772 1585 317
f 3772 2935 1585
f 1583 316 1587
f 1593 2936 310
f 3953 3613 2946
f 341 4991 3227
f 4991 1630 3227
f 1634 3226 1647
f 3231 3614 1649
f 1649 351 1651
f 1657 1659 355
f 1660 1658 356
f 803 1661 1656
f 366 1066 2744
f 4187 1684 361
f 1678 3688 1677
f 1677 368 1678
f 352 1654 4070
f 406 3248 405
f 3254 1782 3472
f 3481 1790 1791
f 1793 1791 1792
f 505 506 3480
f 2968 166 165
f 1812 4865 3628
f 4865 3259 3628
f 1808 1815 506
f 1822 1809 1813
f 1827 1824 1826
f 4052 2970 400
f 4165 3265 1854
f 3269 3485 1856
f 1857 4019 1859
f 1869 1873 484
f 495 4859 1888
f 2981 4885 4859
f 4885 1888 4859
f 501 1903 1904
f 1896 502 3279
f 3287 1911 4149
f 2989 1911 3286
f 1919 4785 3985
f 4785 1920 3985
f 2995 3294 1935
f 3638 1938 3488
f 3001 4910 1947
f 4910 532 1947
f 1951 4932 3002
f 4932 1956 3002
f 3894 1995 547
f 1984 1980 1982
f 1993 547 3308
f 1990 552 546
f 2006 2008 3007
f 2021 3957 2010
f 3654 559 561
f 559 4973 3653
f 3958 4983 4973
f 4983 3653 4973
f 2036 2039 3318
f 585 2039 586
f 2013 2047 2046
f 2046 2056 2051
f 2055 3659 2056
f 3324 4250 2388
f 4250 3847 2388
f 2069 575 3848
f 2082 3016 3327
f 2091 2088 595
f 617 2103 3334
f 3813 3336 4103
f 3812 605 3990
f 631 2114 626
f 2133 2842 3339
f 592 3423 588
f 654 652 655
f 656 2153 3672
f 662 2163 2161
f 4105 681 3814
f 2177 3346 2178
f 3024 2192 3677
f 2201 3679 2202
f 701 4720 2228
f 4720 3907 2228
f 2928 2228 700
f 3906 3022 2169
f 3500 4770 2818
f 4770 696 2818
f 2115 2243 1692
f 2242 3037 730
f 76 2250 735
f 752 3041 2256
f 3695 2275 3694
f 763 767 2287
f 770 2296 769
f 775 776 771
f 1634 2304 3699
f 786 3367 2309
f 549 785 3006
f 2318 3817 2319
f 2309 2330 3045
f 3052 802 2342
f 3052 2342 2341
f 3708 2398 840
f 3061 2394 3511
f 2416 4234 3913
f 4234 2415 3913
f 2453 4079 3067
f 2449 4896 2428
f 4896 2426 2428
f 4042 2493 2443
f 2444 3789 2445
f 2450 3514 2448
f 3067 4809 4806
f 4809 2447 4806
f 4806 858 3067
f 2458 2456 2457
f 2458 3712 2456
f 3069 4845 2977
f 4845 3075 2977
f 2473 2475 2474
f 862 2489 2487
f 804 3718 3375
f 3962 2503 2502
f 887 3084 3719
f 887 3719 888
f 2518 2519 3407
f 2522 900 3081
f 4043 4202 3963
f 883 4219 4202
f 4219 3963 4202
f 3855 908 3084
f 2565 2566 2820
f 942 2581 941
f 958 2586 2147
f 970 2597 2596
f 2621 3999 2630
f 3730 717 2631
f 2632 2931 992
f 2637 413 1757
f 2655 2653 2651
f 3294 2995 4138
f 3858 517 2690
f 2668 2669 1016
f 1022 3101 1021
f 3738 4119 1026
f 1045 3103 1038
f 2696 1044 2695
f 1042 2695 2694
f 3105 2705 2699
f 3966 1061 2719
f 2729 2730 2777
f 1067 3859 3746
f 1070 2747 1071
f 2747 1072 3437
f 1081 33 50
f 1095 3440 2585
f 2773 3535 3749
f 2785 3119 2787
f 3927 2811 2808
f 3755 2813 2812
f 2816 4717 2815
f 4717 1136 2815
f 3126 3453 1142
f 2824 2293 2822
f 2834 333 1152
f 2939 2839 1150
f 3870 3871 3764
f 1319 3154 3184
f 137 3873 1360
f 147 1377 1376
f 1398 1400 2896
f 247 242 240
f 1687 1535 265
f 539 537 3306
f 2031 3317 3646
f 2086 2087 2092
f 602 601 3334
f 624 660 2160
f 688 4133 2197
f 4106 692 683
f 3128 4169 2293
f 849 850 2079
f 2448 2449 2446
f 2551 2556 2550
f 2584 3534 956
f 164 2589 961
f 1234 9 2861
f 16 1200 4141
f 30 111 1077
f 4076 41 232
f 1241 1239 49
f 1264 1263 3556
f 69 60 1269
f 1463 2885 2907
f 1328 4015 213
f 133 3270 1340
f 1478 1364 1363
f 139 142 3875
f 3800 3174 1392
f 1388 1389 1789
f 560 2027 1394
f 2896 163 1401
f 2586 161 170
f 173 1404 174
f 1416 2900 1417
f 1438 1437 1439
f 1436 193 194
f 1438 4979 193
f 4979 3949 193
f 3585 2903 2914
f 1461 108 3582
f 1467 1466 215
f 1469 1464 1465
f 3769 1476 4036
f 1488 225 224
f 269 1540 1536
f 1544 270 2167
f 285 4752 4722
f 4752 3212 4722
f 4722 3597 285
f 298 3598 291
f 1575 303 1576
f 3249 4718 3977
f 4718 2932 3977
f 1590 3608 3216
f 327 3219 325
f 3291 3219 511
f 1606 4960 2941
f 4960 3979 2941
f 1609 1616 338
f 342 1627 3609
f 2946 343 1635
f 3204 1533 3228
f 352 1643 3982
f 3237 3616 356
f 1665 1664 2221
f 820 4193 1672
f 1668 4194 4193
f 4194 1672 4193
f 372 2922 371
f 3476 1708 388
f 1769 1770 1844
f 1739 1721 1723
f 1744 278 1746
f 3841 1749 1780
f 2962 4835 2963
f 4835 1767 2963
f 1789 4905 1787
f 4905 1786 1787
f 1794 1795 439
f 2965 1799 437
f 461 435 1784
f 1869 1871 1870
f 3637 496 1912
f 1029 521 2994
f 1943 522 1155
f 3300 1942 3639
f 1968 1969 3003
f 544 4938 3988
f 1964 4953 4938
f 4953 3988 4938
f 557 2017 2013
f 563 565 2034
f 2036 3318 3011
f 3959 2040 4033
f 3321 3657 2054
f 2068 2060 2059
f 2063 2059 574
f 3329 2093 596
f 3330 3335 2105
f 2109 2107 2096
f 618 617 2104
f 4104 622 2120
f 663 660 661
f 2147 2586 170
f 3849 1183 3023
f 2173 3024 3677
f 3458 679 2193
f 3031 3029 693
f 3620 3885 4088
f 2239 727 2265
f 2255 4173 3359
f 3042 748 3040
f 754 2267 3362
f 2269 2270 3945
f 2262 764 2851
f 762 2297 763
f 2307 785 3699
f 3817 3369 3700
f 3371 2409 2408
f 3372 3048 800
f 2340 3910 3050
f 3053 2499 4121
f 2355 2372 2357
f 3506 898 819
f 2453 4867 4079
f 4867 3788 4079
f 3711 4814 2446
f 4814 2432 2446
f 2432 3389 2451
f 3395 4874 2461
f 4874 3067 2461
f 3515 1912 3277
f 3515 852 4144
f 3412 2533 2532
f 2548 2555 923
f 4092 4107 2560
f 2576 2582 3822
f 2615 303 984
f 989 2628 2646
f 2626 997 2644
f 997 2626 3099
f 1019 2668 1018
f 2684 2677 2682
f 741 3104 1040
f 3796 2734 3725
f 1073 1074 1072
f 4174 2752 1068
f 2758 2757 1089
f 3932 2767 2771
f 3445 3750 1102
f 2781 4045 2782
f 2787 3925 3756
f 1118 4075 2795
f 3751 2795 4075
f 2798 4829 2797
f 4829 3926 2797
f 3752 4799 2798
f 3926 4829 4799
f 4829 2798 4799
f 3755 2811 3927
f 3797 2810 2809
f 2824 2822 3967
f 1158 3538 2680
f 3555 3147 58
f 3202 3203 3883
f 4099 1591 330
f 2143 2085 2084
f 2315 794 2326
f 2573 945 3086
f 1310 3559 4156
f 1375 1373 1354
f 3567 3568 156
f 1404 173 3766
f 1465 2908 1469
f 1562 4721 1567
f 4721 296 1567
f 1560 415 414
f 1640 344 4155
f 3616 2952 4187
f 1577 1762 1765
f 438 436 439
f 1803 1860 4087
f 4100 449 1811
f 1866 1864 477
f 1127 3487 2490
f 1904 1903 2984
f 1918 1916 3288
f 1998 2314 3845
f 2021 2022 3651
f 3646 562 2025
f 3653 2020 3651
f 4066 2034 564
f 2075 584 2076
f 1487 3959 2077
f 2076 564 585
f 3329 2094 3664
f 640 618 641
f 3950 2190 2188
f 2266 2270 2269
f 769 2296 777
f 3371 4226 3701
f 4226 2309 3701
f 824 364 4123
f 4027 3787 3512
f 845 2418 2751
f 226 2421 846
f 827 4246 4136
f 4246 848 4136
f 855 856 3391
f 868 867 1120
f 3517 871 3399
f 3720 3519 3910
f 2516 3998 2372
f 2549 3086 3727
f 2575 2553 614
f 951 950 2581
f 3822 2585 3440
f 659 967 963
f 966 965 2604
f 2623 4748 2610
f 4748 979 2610
f 1016 3737 2668
f 3101 3952 1020
f 2679 1024 1023
f 2666 4063 4021
f 4063 1025 4021
f 3143 3928 1033
f 1711 3931 1712
f 2736 1067 3746
f 1076 53 2756
f 53 1076 1081
f 3933 1121 1120
f 1116 1138 1114
f 3757 4724 3758
f 2817 4761 4724
f 4761 3758 4724
f 3974 1456 4171
f 234 1485 583
f 359 1663 1671
f 514 3293 1946
f 4150 3693 3042
f 732 2229 4014
f 4027 2405 3787
f 1195 1188 11
f 42 1232 2866
f 1244 1245 54
f 3871 2881 3764
f 3463 1325 1326
f 3184 195 3163
f 242 247 2774
f 261 259 343
f 3225 3611 338
f 2942 1616 2944
f 1751 1755 1756
f 1774 4975 1787
f 4975 1788 1787
f 467 1819 466
f 1127 1897 3487
f 2020 3007 2009
f 2076 584 564
f 3011 3318 3898
f 3314 2050 2047
f 2595 661 3421
f 715 714 410
f 2269 3693 2266
f 2348 3373 2332
f 3374 1660 2334
f 3377 2351 2349
f 2390 2398 3912
f 2414 3726 3383
f 3070 2464 2469
f 2530 2533 903
f 2532 2533 2531
f 937 1471 3523
f 1006 1003 1000
f 1005 1002 1004
f 4063 2666 1016
f 746 2760 1043
f 4117 3745 4080
f 2832 3220 1153
f 2835 4923 2836
f 4923 1154 2836
f 104 1286 1283
f 1376 1377 1379
f 1237 206 2906
f 1467 1475 4188
f 4176 4188 217
f 3979 3252 3221
f 1640 1646 344
f 377 396 3245
f 3886 1700 1699
f 1617 4992 1615
f 4992 1961 1615
f 2139 4087 1860
f 1908 4855 3283
f 4855 4052 3283
f 3292 512 513
f 3959 3663 586
f 4151 4767 4106
f 4767 692 4106
f 3815 753 2236
f 754 3945 3043
f 3696 3365 2288
f 2371 2372 2355
f 2486 874 2485
f 3961 3400 877
f 3952 2677 2683
f 4163 1031 1030
f 1062 2915 2731
f 2777 2776 1060
f 4047 19 3140
f 3968 1186 1187
f 1194 1189 3543
f 1197 1196 3548
f 13 4218 2504
f 4218 3548 2504
f 1229 2505 3548
f 39 4212 805
f 4212 1227 805
f 3552 2866 2865
f 61 1255 62
f 74 1267 4170
f 1297 1305 3161
f 93 3558 763
f 2883 109 1329
f 1390 1391 3174
f 3570 2875 1399
f 1407 176 3574
f 201 1453 2904
f 216 1473 1474
f 1499 231 1495
f 1519 3590 1512
f 248 2774 247
f 3205 3228 1537
f 1544 668 2921
f 1571 1564 289
f 314 326 3606
f 1597 329 3219
f 3470 3471 1603
f 1611 4906 3607
f 4906 2936 3607
f 1642 3473 1644
f 346 1644 1645
f 1655 1657 1656
f 3616 4187 1669
f 1681 368 3236
f 625 377 3245
f 1708 1694 3794
f 394 1725 1717
f 3984 1737 3247
f 432 3622 407
f 1780 1749 3938
f 1761 3250 1763
f 3921 2642 3625
f 1775 4931 1788
f 4931 1225 1788
f 440 1802 474
f 2966 1801 436
f 456 4875 3484
f 4875 455 3484
f 2972 4061 3514
f 3841 435 4019
f 1869 1870 1873
f 1871 1869 1875
f 3635 3278 500
f 1925 510 1924
f 3987 515 4101
f 4132 1941 3779
f 1957 4962 4907
f 4962 1954 4907
f 4907 1958 1957
f 542 1987 1988
f 4148 3316 3010
f 2031 3646 3008
f 2037 2033 2041
f 2044 2043 3942
f 2051 3656 2018
f 2078 4977 1979
f 4977 4164 1979
f 90 3158 594
f 2092 3341 2086
f 2106 603 916
f 4104 645 4115
f 649 2144 3670
f 2152 648 2155
f 2166 672 2167
f 2180 2179 2181
f 3351 22 2202
f 978 3683 3907
f 789 3044 2312
f 2316 789 2312
f 2333 801 3233
f 3911 3376 1226
f 818 3707 2373
f 2379 3706 2377
f 2074 834 2071
f 3379 2406 2405
f 3788 2452 4079
f 2425 3514 2452
f 3065 4793 4786
f 4793 3393 4786
f 4786 2454 3065
f 856 3914 857
f 2462 3074 2460
f 885 2497 2498
f 3413 2533 2530
f 2574 3420 2577
f 3094 2578 3728
f 2591 2593 2590
f 965 2596 2597
f 3735 991 2663
f 1757 3732 2637
f 2681 1024 2680
f 2701 2696 1042
f 2915 1062 3966
f 2733 3796 1064
f 1065 3745 2534
f 3116 4216 1069
f 4216 3035 1069
f 2418 2750 2751
f 3438 1035 1036
f 4045 1037 2778
f 2794 2795 3933
f 2472 868 1120
f 2567 1321 2823
f 526 1030 1160
f 2572 1163 2841
f 3132 3762 2843
f 213 4015 3561
f 3835 1404 3766
f 1715 1713 3599
f 1593 3603 1582
f 1721 1739 2956
f 1867 3486 481
f 3930 4008 3644
f 4115 3340 4104
f 2507 3519 3720
f 3952 2678 2677
f 4004 1093 1092
f 4112 4046 3536
f 1222 1213 2848
f 56 55 3146
f 58 4094 2869
f 2877 1267 1268
f 3167 2884 1463
f 4069 4018 1382
f 151 4017 1358
f 2896 2976 1398
f 1428 205 3575
f 2285 3163 195
f 222 3585 2914
f 3936 3025 1552
f 3597 4769 1556
f 4769 286 1556
f 3600 3599 1713
f 340 1636 4155
f 1659 2333 355
f 1679 1677 3235
f 1726 4729 3213
f 4729 1716 3213
f 389 1718 1720
f 3984 1740 3064
f 2430 3984 3064
f 2136 1800 474
f 1849 468 3264
f 1898 3289 2985
f 1940 510 1925
f 530 1945 3639
f 3897 1989 3643
f 3645 2048 3314
f 4185 4049 3010
f 4065 3317 2030
f 562 3317 4065
f 2037 2035 2032
f 3645 2049 2048
f 3901 1487 2077
f 2045 2079 569
f 3026 3349 3679
f 1667 4205 3034
f 4205 2221 3034
f 2248 758 3695
f 3786 3040 3041
f 766 2267 765
f 570 2324 3380
f 2468 3397 865
f 2358 2527 3723
f 2552 3417 922
f 652 2587 651
f 2598 3422 2599
f 2690 4119 3858
f 952 951 2708
f 3749 3107 2727
f 3742 2725 1053
f 3435 1064 3924
f 3436 4080 901
f 3115 2748 2749
f 3457 2851 2852
f 1350 121 1352
f 290 1567 291
f 495 2980 496
f 2112 2111 606
f 1760 3887 3429
f 3758 2809 3759
f 1206 3547 3141
f 4029 136 3565
f 2147 170 167
f 1397 3765 3569
f 2913 222 1478
f 1410 179 180
f 1417 1457 1413
f 1451 1455 1456
f 1543 372 1685
f 1863 1831 1830
f 479 3271 476
f 2990 1846 3286
f 3304 4968 3810
f 4968 1962 3810
f 3655 1395 3958
f 574 2059 3012
f 3905 654 3671
f 3691 2239 3785
f 742 2257 4073
f 776 778 2298
f 2365 814 2378
f 2511 3406 891
f 2619 2615 3527
f 2754 1078 1079
f 1142 3862 2821
f 3538 1157 1159
f 1217 2872 3189
f 1258 2872 2870
f 83 1274 1280
f 200 3839 1406
f 1949 1610 3807
f 1715 3213 1716
f 3250 1762 428
f 2007 2028 560
f 3012 2059 2058
f 3660 2061 573
f 2092 596 2093
f 1692 2243 3238
f 2344 2348 2332
f 2507 3703 3721
f 891 3406 890
f 4108 717 998
f 3438 2754 1079
f 3798 2809 3125
f 3128 2824 2825
f 711 691 2215
f 9 2857 7
f 1439 1383 1384
f 4178 1531 3592
f 1690 1654 373
f 1803 443 448
f 3283 1909 1908
f 518 1931 1932
f 1976 540 1952
f 2023 3315 2024
f 797 3700 798
f 2367 3055 2368
f 858 4806 3390
f 4806 2447 3390
f 3356 2564 2241
f 4080 1065 901
f 384 3474 382
f 3545 1205 2854
f 1257 1446 1214
f 3690 2211 4058
f 2296 4085 777
f 850 4198 2038
f 4198 827 2038
f 2682 1023 1024
f 2685 2689 2682
f 3104 741 746
f 3932 2772 2726
f 3698 2947 1641
f 3248 1745 405
f 3845 2314 3310
f 1348 1353 119
f 1385 146 3874
f 350 2344 2332
f 3050 804 3049
f 4107 2563 928
f 517 1015 4068
f 2747 4174 1071
f 1279 1278 83
f 3811 4925 4035
f 4925 3566 4035
f 156 158 157
f 3571 2586 1403
f 1480 3585 222
f 3210 3211 3209
f 1620 4950 1618
f 4950 2944 1618
f 1638 3232 1642
f 2136 639 3244
f 3662 3900 2071
f 2202 3678 683
f 2400 3511 839
f 3913 2415 3853
f 2603 965 966
f 4110 2663 1011
f 3760 2829 4003
f 1227 2346 1226
f 3551 3832 3549
f 1237 2867 47
f 47 1238 18
f 1253 68 2877
f 168 3152 4154
f 4048 1301 3558
f 3167 1463 3582
f 141 115 3173
f 132 1345 116
f 3897 192 3649
f 2586 2897 161
f 210 211 1468
f 1262 1479 63
f 1497 3770 1494
f 1455 4171 1456
f 1508 3199 239
f 248 1518 1517
f 3774 260 354
f 1546 2924 276
f 3591 308 3610
f 1620 4971 3253
f 4971 1619 3253
f 1630 1635 3227
f 3236 371 1680
f 1717 1727 394
f 3242 401 1734
f 441 442 438
f 441 445 1805
f 1818 1820 1819
f 1847 4120 467
f 1874 1866 3274
f 3930 1994 4008
f 2004 1996 2023
f 2012 3492 3647
f 2054 3657 3846
f 3016 2080 2083
f 2137 3903 3668
f 2125 3991 3972
f 629 2126 632
f 653 3905 2148
f 669 1743 674
f 3023 2194 4071
f 2926 2204 3681
f 733 2272 756
f 753 3815 3692
f 2318 2317 3046
f 2334 1660 357
f 2353 3377 2334
f 365 2380 363
f 3383 2415 2414
f 4060 849 3319
f 2426 4896 4061
f 4896 2449 4061
f 3388 3065 2454
f 3288 3401 854
f 886 885 2498
f 2366 3704 3410
f 3704 817 3410
f 2566 3087 3917
f 2622 2630 2618
f 3528 2646 995
f 2730 2731 249
f 2751 2750 1073
f 2789 2847 1168
f 2585 3534 1095
f 2727 4044 2726
f 2808 3125 1135
f 4122 3220 2832
f 1154 4922 2837
f 4922 4175 2837
f 2855 8 3137
f 3575 179 1424
f 1932 517 4068
f 3667 376 3668
f 2206 4740 697
f 4740 3993 697
f 771 776 2292
f 2552 2549 2547
f 1283 85 84
f 3168 1338 112
f 1470 3740 1462
f 244 1517 1515
f 277 3468 1540
f 352 4070 1643
f 1813 1807 445
f 471 3265 4165
f 1906 4888 4887
f 4888 490 4887
f 4887 3290 1906
f 1936 4940 522
f 4940 1155 522
f 2210 2227 3355
f 2207 700 698
f 837 2395 579
f 2331 844 3913
f 3068 3515 3277
f 2582 2585 3822
f 955 953 954
f 653 3525 654
f 1005 2658 2641
f 336 2665 1598
f 1048 2710 953
f 3106 4182 4022
f 4044 3824 2724
f 1086 2760 2761
f 3092 939 1093
f 2801 3122 3447
f 1127 4118 1123
f 4152 4758 2805
f 3450 4775 4758
f 4775 2805 4758
f 3450 4758 4692
f 4758 4152 4692
f 4692 977 3450
f 302 980 4012
f 3757 3758 2819
f 1165 3131 2843
f 2847 1090 1167
f 97 732 4014
f 291 1567 297
f 3712 3392 2456
f 152 3466 3838
f 223 1489 583
f 3208 3601 2635
f 1593 1582 4167
f 3776 3623 432
f 3315 2023 3652
f 562 3646 3317
f 2099 2098 3017
f 2129 2123 2128
f 3390 3391 858
f 2515 3998 2516
f 927 913 2540
f 4107 4092 2564
f 2739 2735 1068
f 1129 3207 1704
f 1987 3491 1626
f 792 3044 791
f 2467 2466 3394
f 1233 2867 1237
f 1342 3973 4005
f 1389 1390 153
f 3197 1509 3198
f 3774 1639 1635
f 1714 1715 1716
f 1785 4159 1874
f 1956 4932 4902
f 4932 1951 4902
f 4902 1957 1956
f 2118 376 3667
f 2437 3064 1740
f 3717 4002 872
f 588 3423 958
f 2898 2899 1412
f 3165 92 2881
f 3892 3285 3287
f 3324 579 2064
f 2630 3690 717
f 3574 1368 1481
f 1700 383 1699
f 3929 484 1867
f 2364 812 2365
f 3493 2389 580
f 4043 3078 703
f 957 4182 3947
f 3432 2661 2961
f 4140 4735 2816
f 4735 3452 2816
f 332 2939 4164
f 1461 1470 1462
f 3285 1910 4143
f 3014 3900 2070
f 2121 2136 474
f 2269 3945 2268
f 789 791 3044
f 717 3730 2630
f 871 3715 3399
f 1210 20 4128
f 1287 1286 196
f 3980 3611 3610
f 3244 1735 2136
f 3305 1967 551
f 799 841 2406
f 2662 3100 4000
f 218 2714 2723
f 1928 3292 1926
f 3301 3640 1953
f 800 3048 3853
f 830 4026 2386
f 4064 2258 1044
f 3865 4181 12
f 2060 2068 2066
f 768 2289 2290
f 1584 3604 2938
f 3393 4849 3392
f 4849 2456 3392
f 962 2604 2597
f 1248 56 1247
f 1283 88 1284
f 2893 3179 177
f 1956 535 531
f 775 777 4085
f 3727 3086 2569
f 3438 1036 2754
f 1097 1098 2767
f 3332 2097 600
f 2761 2760 1087
f 2972 468 2971
f 3063 3711 2431
f 3473 1643 1653
f 1653 2949 1657
f 1871 3254 1872
f 1949 4957 1947
f 4957 3218 1947
f 2082 591 589
f 2108 2107 2109
f 2182 677 2226
f 4089 796 2328
f 2493 1915 1914
f 2734 3413 2530
f 3947 2763 957
f 2746 1071 3924
f 3864 1181 2
f 1184 2857 4127
f 105 3463 4156
f 1412 3836 1411
f 1444 103 2880
f 415 1560 416
f 1571 1572 1565
f 334 3608 331
f 3604 3953 3609
f 3242 2956 401
f 1921 1766 1736
f 3256 1807 1809
f 457 4860 1835
f 1838 4898 4860
f 4898 1835 4860
f 1880 3268 488
f 530 3639 1942
f 598 595 594
f 608 2111 615
f 2174 3674 2171
f 3346 2183 2179
f 4105 4088 681
f 3680 3350 3027
f 1664 4162 2221
f 3036 723 2233
f 2240 2241 4072
f 726 753 378
f 775 1146 777
f 2359 3705 2360
f 851 3789 2444
f 861 3066 2459
f 2486 873 3716
f 604 3414 916
f 3087 2564 4092
f 2633 2620 989
f 3735 4109 3731
f 3737 3736 2667
f 4111 1069 2225
f 3861 1124 3123
f 696 4714 1137
f 1136 4776 4714
f 4776 1137 4714
f 2792 2780 1139
f 1145 774 3129
f 165 485 447
f 3280 2491 1891
f 1187 3542 3968
f 236 1508 237
f 342 3953 1630
f 3309 1633 3502
f 374 1686 1771
f 418 423 421
f 432 1767 430
f 1777 1776 3253
f 1880 488 2977
f 2985 4886 1894
f 4886 3075 1894
f 529 3809 3640
f 4053 1975 1970
f 3652 2003 562
f 3010 4049 4148
f 2371 818 2373
f 4136 3379 3057
f 2655 2651 999
f 1013 2662 2660
f 517 1932 4011
f 1061 3966 1062
f 32 2755 1219
f 1132 4684 1133
f 4684 3827 1133
f 362 1665 1666
f 3969 73 3150
f 1432 4927 1483
f 4927 1434 1483
f 3606 326 322
f 2963 1767 433
f 1983 1977 1984
f 610 3337 2124
f 3372 2332 3048
f 1435 4148 4049
f 1407 142 3172
f 3674 2174 673
f 2248 3695 2272
f 2361 812 2362
f 2634 995 1007
f 2831 4003 1145
f 777 3760 4003
f 643 2085 2143
f 3473 1642 1643
f 1839 1837 1845
f 2175 2191 3499
f 797 2422 847
f 3425 985 2613
f 2800 1123 4118
f 1278 3970 82
f 1941 4132 530
f 848 2422 2407
f 1256 4153 1217
f 182 1418 2898
f 3881 3949 1441
f 3256 1806 444
f 2075 1395 584
f 3505 2351 3377
f 52 1241 49
f 4048 3166 1302
f 1475 1517 217
f 2668 1026 2669
f 1082 1036 1083
f 1461 3582 1470
f 4106 4681 4151
f 4681 3500 4151
f 521 524 525
f 3201 4177 3203
f 3432 2961 2632
f 422 426 1758
f 220 3148 1479
f 2642 425 1763
f 2637 3732 2649
f 430 2445 3789
f 4149 4795 3986
f 4795 1885 3986
f 1975 3895 539
f 3813 3990 2113
f 2389 3493 3015
f 1006 996 2647
f 3605 326 314
f 2510 2212 3403
f 276 404 1550
f 776 770 778
f 2215 2214 704
f 2679 2678 1022
f 301 1131 302
f 460 459 3843
f 3201 3203 3202
f 2626 2646 2628
f 103 1444 1318
f 3647 556 2012
f 2156 3343 2158
f 2418 2420 816
f 3521 914 2540
f 3549 39 3551
f 4031 91 1300
f 171 172 221
f 3975 1424 179
f 210 1468 3583
f 2921 1683 272
f 1549 3595 1743
f 1581 3956 3805
f 2919 2945 311
f 263 1535 4038
f 1699 383 3242
f 2439 1740 3477
f 1785 3274 1784
f 3482 4789 1879
f 4789 3259 1879
f 1864 479 476
f 485 165 155
f 2990 4848 4787
f 4848 4143 4787
f 4787 456 2990
f 3299 3490 2998
f 1971 1972 1973
f 3324 2065 574
f 2111 2110 606
f 2122 377 625
f 3906 3674 2176
f 685 676 2194
f 3026 3679 2201
f 3357 95 731
f 2244 2278 725
f 4169 3697 2293
f 2456 4849 4793
f 4849 3393 4793
f 4793 3065 2456
f 4137 4134 2528
f 2590 962 960
f 3422 2602 975
f 2714 218 3584
f 1075 4139 2753
f 2765 2763 1094
f 3075 4846 2462
f 4846 3074 2462
f 3174 1391 1392
f 3589 1503 189
f 237 1508 239
f 1640 1641 1646
f 2947 1646 1641
f 260 1530 354
f 1686 1689 353
f 505 3480 1796
f 1926 3292 514
f 3310 2314 1999
f 3493 2066 2068
f 602 3334 2103
f 861 4857 2495
f 4857 2464 2495
f 4144 2493 1914
f 3719 4199 886
f 4199 3076 886
f 888 2505 887
f 1057 1058 2719
f 3114 1066 3825
f 4055 3672 2151
f 2983 1894 2487
f 841 2330 2408
f 930 929 2233
f 3218 4957 3807
f 4957 1949 3807
f 1711 1697 1698
f 1066 3114 2744
f 1231 2865 1232
f 1311 1310 4156
f 165 166 155
f 131 483 1868
f 715 3353 714
f 3550 846 2347
f 2708 1471 1462
f 1158 1157 3538
f 1747 266 1534
f 3252 434 1632
f 2887 3169 1351
f 2448 3514 4061
f 4160 534 3305
f 1073 3533 1074
f 144 176 1366
f 145 1371 177
f 1548 1743 670
f 1675 3687 366
f 1366 3173 144
f 1420 1421 184
f 2437 1740 2439
f 1349 145 177
f 3585 3840 1449
f 1806 446 3627
f 3643 1989 3988
f 1788 4975 1775
f 4975 1774 1775
f 3305 551 4160
f 1997 3309 1998
f 2750 3384 2748
f 1147 3760 1146
f 3295 1936 523
f 1912 496 3277
f 4166 636 1165
f 2332 3373 3048
f 2364 2366 2362
f 294 2928 2207
f 638 948 666
f 2701 2699 2698
f 333 3216 334
f 2442 4826 3065
f 4826 2456 3065
f 3734 426 2639
f 8 2855 1184
f 33 1220 50
f 1184 2855 3542
f 1077 111 1078
f 3164 4023 1444
f 4156 3559 105
f 199 3839 1452
f 3193 1497 40
f 244 1515 1514
f 1537 1747 1534
f 324 4965 3218
f 4965 3981 3218
f 1614 1613 1611
f 4051 1769 1844
f 1849 466 3263
f 3264 4810 469
f 4810 3629 469
f 1934 3294 2994
f 3957 4160 551
f 728 2241 2240
f 2243 2115 616
f 811 4134 4137
f 2472 2473 2474
f 2529 2528 810
f 2577 3420 631
f 2574 3918 946
f 954 2584 955
f 3096 2606 699
f 2705 1697 2699
f 2733 1068 2735
f 2812 3827 2811
f 3620 712 392
f 3626 1763 3250
f 6 3830 4
f 45 2905 1236
f 3580 3578 4130
f 542 4987 539
f 4987 543 539
f 2091 2087 2088
f 3902 607 3414
f 608 3902 2110
f 2120 2141 647
f 2204 695 2205
f 3084 3726 2414
f 1051 1047 3824
f 1094 4034 2765
f 1987 542 3491
f 1087 2760 746
f 160 1400 157
f 1525 4178 3200
f 439 436 1794
f 154 2027 3958
f 2616 2611 982
f 107 1328 211
f 3460 4127 2857
f 1214 3142 29
f 3544 43 3552
f 3254 1871 1782
f 787 2310 2305
f 933 3439 109
f 1114 3925 1113
f 749 2302 3501
f 4112 3536 2791
f 4043 4221 4191
f 4221 718 4191
f 4191 3851 4043
f 2438 4847 2434
f 4847 3513 2434
f 4020 1766 1921
f 1507 3196 1505
f 472 471 4165
f 3544 3552 38
f 665 2163 664
f 1840 398 4051
f 3070 862 2464
f 1607 3979 3224
f 2882 3166 1320
f 980 302 1131
f 260 3774 343
f 3297 1945 2999
f 749 3501 2260
f 1118 2794 1117
f 3038 731 95
f 907 1063 2745
f 1484 154 4098
f 1854 472 4165
f 2336 801 3909
f 2435 4782 2433
f 4782 2442 2433
f 1319 3163 102
f 2762 933 3091
f 1107 2788 2786
f 1128 4766 2805
f 4766 4152 2805
f 985 2617 2618
f 1310 3833 1293
f 142 140 3172
f 3354 713 2200
f 3509 582 2392
f 2733 2735 3923
f 4174 3437 2752
f 650 3423 592
f 976 2599 3422
f 2249 4168 734
f 1710 1790 395
f 2953 1702 1701
f 1111 1171 2850
f 2552 2547 3417
f 2319 3817 792
f 2233 929 3036
f 2860 3139 1192
f 1209 2862 3831
f 195 1443 1314
f 3884 2919 311
f 325 4961 1923
f 4961 510 1923
f 3526 4760 977
f 4760 3424 977
f 13 4181 3865
f 39 1230 3551
f 1316 102 3038
f 1276 81 1399
f 162 969 1401
f 3844 136 1396
f 386 4697 3827
f 4697 1134 3827
f 353 1530 262
f 1971 3303 533
f 3009 2045 3648
f 2072 2073 3013
f 646 2155 648
f 689 713 685
f 4058 4728 3685
f 4728 2209 3685
f 707 3686 705
f 2232 2231 720
f 4173 738 739
f 2379 3056 3706
f 2328 828 3504
f 2412 4147 2413
f 2443 2441 4042
f 2464 4857 2465
f 4857 861 2465
f 2528 2529 3724
f 1018 3922 2673
f 3435 3924 1071
f 3455 1161 1334
f 1015 519 4068
f 1182 5 3830
f 1260 1254 2876
f 4096 3834 3565
f 1413 3577 2899
f 3868 40 1496
f 549 3309 3502
f 2029 558 3315
f 737 2253 2254
f 837 2396 836
f 836 2395 837
f 4067 846 2421
f 951 3419 3523
f 380 2814 1703
f 3045 787 2309
f 149 1381 1382
f 2444 854 3401
f 2645 995 2644
f 3579 207 3837
f 3614 2948 1649
f 546 552 2019
f 2077 3959 4033
f 3031 693 2188
f 861 2495 3066
f 3146 68 57
f 288 290 289
f 3408 2521 3079
f 3793 2580 946
f 1482 1434 4049
f 3877 3955 3466
f 839 4074 840
f 1743 1548 1547
f 514 2997 1926
f 2544 3965 3416
f 4130 1459 1428
f 3353 4186 3688
f 2803 2796 1119
f 2868 1254 1255
f 1495 4076 1499
f 98 1312 95
f 425 1761 1763
f 1483 1482 1484
f 1939 516 3941
f 85 78 84
f 3186 214 212
f 1481 1368 1409
f 3090 2558 924
f 1 3831 3863
f 729 640 641
f 3651 559 3653
f 762 2286 2297
f 3461 98 3165
f 2202 3677 3678
f 78 79 73
f 1971 1973 3303
f 3469 1538 1539
f 2527 3080 3723
f 2905 46 1236
f 4172 568 567
f 604 3902 3414
f 791 2318 2319
f 2066 3325 3659
f 830 2385 3058
f 667 2165 634
f 2338 806 2339
f 2656 1005 1004
f 2799 3717 3716
f 2320 3989 1999
f 2320 1999 2314
f 1860 448 2599
f 1117 1119 2796
