# DenseCorr3D prepared geometry
v -0.09387901 0.00229357 0.02574131
v -0.09013636 -0.00362107 0.03160693
v -0.08957998 -0.00104398 0.03188589
v -0.08327144 0.00408771 0.03479128
v -0.08006582 0.00364616 0.03619019
v -0.07590184 0.00095434 0.03800153
v -0.08957338 0.00738038 0.02852584
v -0.08962355 -0.00812887 0.03171754
v -0.07975054 -0.01090855 0.03846448
v -0.09364152 0.00537502 0.02460823
v -0.09213692 0.01342435 0.01245198
v -0.09447788 0.00917195 0.01560045
v -0.09160081 0.02133760 0.00329207
v -0.08296231 0.02721040 0.00341648
v -0.07579065 0.02772653 0.01182505
v -0.07947670 0.02365360 0.01781394
v -0.08933552 0.01493590 0.02087637
v -0.09123553 0.01234455 0.02154863
v -0.08374077 0.01027681 0.03151105
v -0.08949018 0.01167404 0.02547945
v -0.08042320 0.00917339 0.03391957
v -0.07621356 0.00954150 0.03489155
v -0.07286359 0.01350232 0.03348081
v -0.07130240 0.00194242 0.03807327
v -0.06717895 0.00442718 0.03701307
v -0.06299742 -0.00490941 0.03861475
v -0.09097546 -0.01143468 0.02969845
v -0.08191945 0.02996889 -0.00132744
v -0.06661876 0.03148581 0.00994741
v -0.06228233 0.03411184 0.00478990
v -0.05410544 0.03562801 0.00625286
v -0.06328356 0.03485325 -0.00292676
v -0.07207692 0.03293229 -0.00048863
v -0.07512470 0.03216736 -0.00336899
v -0.07789066 0.03158751 -0.00140377
v -0.07558572 -0.01249243 0.04005067
v -0.06016862 -0.00893940 0.03855030
v -0.05807954 -0.00355263 0.03723455
v -0.05303705 -0.00441297 0.03455234
v -0.04047849 0.00632628 0.03475043
v -0.03261447 -0.00144720 0.03799105
v -0.04200958 -0.01151635 0.03482532
v -0.04788295 -0.00720430 0.03329140
v -0.01939562 0.02599369 0.03051795
v -0.03934596 0.02450393 0.02866265
v -0.04688438 0.00592936 0.03259794
v -0.05698249 0.00249059 0.03517983
v -0.06461268 0.01256491 0.03347513
v -0.04058243 0.03764584 0.01272972
v -0.04405599 0.03965321 0.00038570
v -0.03600912 0.03708742 0.01686922
v -0.03243583 0.03706630 0.01848524
v -0.03248531 0.04353389 0.00219582
v -0.01067427 0.06015169 0.00161261
v -0.01325068 0.05882112 0.00335349
v -0.01623709 0.05596250 0.00488000
v -0.00451417 0.06402741 0.00550706
v -0.05065508 0.02854171 0.02101739
v -0.05359071 0.02359864 0.02491634
v -0.03530293 0.03296113 0.02239355
v -0.01784663 0.05204588 0.01064482
v -0.01519653 0.05167558 0.01375740
v -0.01396427 0.04891568 0.01720710
v -0.00201214 0.06772441 0.00369872
v 0.00797084 0.05916868 0.00893816
v 0.00091573 0.06912947 0.00297330
v 0.00433274 0.06906579 0.00453138
v 0.01182991 0.06684800 -0.00274602
v 0.01602194 0.06568111 0.00724854
v 0.00121842 0.05697399 0.01074228
v 0.01508884 0.07108672 0.00046313
v 0.01594608 0.07002448 -0.00084204
v 0.02119791 0.07169747 0.00189214
v 0.02574209 0.07021767 -0.00137950
v 0.02254894 0.06497807 0.00769000
v 0.02997817 0.06793778 0.00672237
v 0.03349875 0.07312009 0.00386999
v 0.02538601 0.07184537 0.00391546
v 0.03717571 0.07482024 0.00340413
v 0.04601193 0.07714443 0.00356968
v 0.04421186 0.07153478 0.00700421
v 0.03106531 0.06381942 0.00880764
v 0.03623393 0.06410125 0.00934514
v 0.02496407 0.05588795 0.01704938
v 0.02637867 0.05380937 0.01952121
v 0.02048974 0.05115500 0.02103085
v 0.04277153 0.06600501 0.00924413
v 0.04429254 0.05713824 0.01921476
v 0.04950342 0.07955736 0.00120271
v 0.04954487 0.07393364 0.00708890
v 0.05438951 0.07292673 0.00835722
v 0.06317651 0.08132754 0.00721327
v 0.05811392 0.07112133 0.01115840
v 0.05515500 0.06202772 0.01839717
v 0.06341926 0.06302088 0.01864627
v 0.06187942 0.05801565 0.01891476
v 0.05719206 0.05325456 0.01908508
v 0.04296398 0.04943652 0.02214738
v 0.03331399 0.04710986 0.02310507
v 0.02378882 0.04331630 0.02426071
v 0.00793793 0.04885330 0.02165779
v 0.00515979 0.05597893 0.01225630
v -0.01347674 0.05407034 0.01110111
v -0.00871637 0.05695492 0.00909120
v -0.00471261 0.05266197 0.01673214
v -0.00142015 0.04677730 0.02358004
v -0.01059980 0.04545361 0.02230883
v -0.01455097 0.04295104 0.02245413
v -0.00933598 0.02809371 0.03436065
v -0.00838479 0.02236771 0.03717583
v -0.01261375 0.01858778 0.03660878
v -0.01788000 -0.00213992 0.03714477
v -0.01110860 -0.00603118 0.03594035
v -0.00282592 -0.00662604 0.04116318
v 0.00137348 -0.00778486 0.04200490
v -0.00240164 -0.01047345 0.03877975
v 0.00527077 -0.01107398 0.03929313
v 0.00191112 -0.01387959 0.03728992
v -0.00838893 -0.01484647 0.03304487
v -0.02191757 -0.00545377 0.03859034
v -0.02616253 -0.00897227 0.03858317
v -0.02814515 -0.00386876 0.03874589
v -0.03438155 -0.01305949 0.03681236
v -0.04094031 -0.01587478 0.03435193
v -0.05557127 -0.00922870 0.03690562
v -0.04894272 -0.01330489 0.03268281
v -0.06167508 -0.01410160 0.03854616
v -0.06740783 -0.01723232 0.03985388
v -0.08213378 -0.01589910 0.03763203
v -0.08825634 -0.02083768 0.03295396
v -0.08550508 -0.01991455 0.03583143
v -0.06648871 -0.02208692 0.03916945
v -0.09027211 -0.02409155 0.02962156
v -0.09408669 -0.06899049 0.03228857
v -0.09735814 -0.07036549 0.03084105
v -0.09538648 -0.07487527 0.03041578
v -0.09739957 -0.07740651 0.02817900
v -0.10062982 -0.08594137 0.01902686
v -0.08450840 -0.09077883 0.01814478
v -0.08364689 -0.09232494 0.02120297
v -0.08397350 -0.08794233 0.02041578
v -0.08307721 -0.09519869 0.01958346
v -0.08448097 -0.08534152 0.02296721
v -0.09527138 -0.09615038 0.02413136
v -0.09819175 -0.08848152 0.02250047
v -0.09753281 -0.09518819 0.02037085
v -0.06245594 0.03069653 0.01539787
v -0.04258991 -0.01863698 0.03281183
v -0.04956356 -0.02208420 0.02815375
v -0.05296721 -0.02368589 0.02822446
v -0.04761795 -0.02674977 0.02471856
v -0.04500618 -0.02977430 0.02271232
v -0.05428086 -0.02746184 0.02689687
v -0.04769970 -0.03117840 0.01903255
v -0.05467863 -0.02959048 0.01981261
v -0.06601247 -0.04937976 0.02714384
v -0.06999294 -0.04881200 0.03359699
v -0.06891031 -0.05372871 0.02675926
v -0.05640944 -0.03303030 0.02337536
v -0.05808940 -0.03580110 0.02261500
v -0.05601072 -0.03250965 0.02623032
v -0.05837827 -0.03063875 0.03215869
v -0.05628486 -0.02488776 0.03257768
v -0.08326434 -0.02821657 0.03794495
v -0.08635578 -0.02810891 0.03526547
v -0.08740819 -0.03285966 0.03398508
v -0.02203758 -0.01029642 0.03813479
v -0.03417933 -0.02352632 0.03208251
v -0.04047164 -0.03140754 0.02215282
v -0.07051858 -0.02738274 0.04021492
v -0.06495992 -0.02769059 0.03780194
v -0.08005734 -0.03114178 0.03940208
v -0.07378296 -0.03251420 0.04024899
v -0.06498992 -0.03213355 0.03713464
v -0.07427537 -0.03809775 0.03973575
v -0.08091141 -0.03737846 0.03893946
v -0.09480467 -0.04669985 0.02399733
v -0.09420805 -0.04256365 0.02499134
v -0.09367023 -0.05249308 0.02818159
v -0.09028706 -0.05920362 0.03385819
v -0.08639891 -0.08015996 0.02673780
v -0.09520593 -0.08166007 0.02821609
v -0.08425615 -0.07747216 0.02605676
v -0.08270088 -0.07632349 0.02160110
v -0.07532189 -0.06043025 0.02290263
v -0.08101545 -0.07300486 0.02301994
v -0.08063849 -0.06816640 0.02904587
v -0.07972404 -0.06314664 0.03138773
v -0.07401033 -0.06063259 0.02707747
v -0.07674962 -0.06225273 0.02942799
v -0.08173307 -0.05813829 0.03439903
v -0.08505382 -0.06043263 0.03415092
v -0.08682027 -0.05341731 0.03505102
v -0.08277077 -0.05430479 0.03567559
v -0.08672196 -0.04774712 0.03499366
v -0.07959861 -0.04850419 0.03768133
v -0.07768787 -0.03963770 0.03967085
v -0.07507531 -0.04373602 0.03881770
v -0.07185607 -0.04402331 0.03764477
v -0.02275468 -0.03129210 0.02266167
v -0.01991230 -0.03210041 0.02034180
v -0.02211001 -0.03477856 0.01474593
v -0.01665049 -0.03189713 0.01590078
v -0.02569432 -0.03631736 0.01043492
v -0.01940271 -0.03477685 0.01325777
v -0.01048235 -0.02624895 0.02096701
v -0.01137034 -0.02408965 0.02453477
v -0.01329231 -0.02155390 0.02884847
v -0.01422511 -0.01615639 0.03288128
v -0.01956118 -0.01464700 0.03608470
v -0.00115345 -0.01601650 0.03562590
v 0.00142298 -0.02198204 0.03487067
v 0.00129788 -0.02607451 0.03438530
v 0.00052179 -0.03442309 0.03322946
v 0.00297378 -0.03889391 0.03328577
v 0.01058593 -0.02251009 0.03498593
v 0.01861993 -0.02139073 0.03034759
v 0.01996390 -0.02590143 0.02829125
v 0.02012761 -0.03634258 0.02515577
v -0.00092082 -0.04421321 0.02966527
v -0.00779567 -0.03004395 0.00506701
v -0.01150162 -0.03111111 0.00438012
v -0.01712762 -0.03500571 0.00743486
v -0.01893353 -0.03605529 0.00585760
v -0.00835607 -0.03031868 0.00021151
v -0.02679034 -0.02857855 0.02772860
v -0.07042489 -0.05306588 0.03072235
v -0.03245043 0.03008795 0.02570578
v 0.03138839 -0.00811568 0.01812977
v 0.02620712 -0.00990389 0.00747693
v 0.02804286 -0.01092183 0.01190438
v 0.03325247 -0.00286035 0.01247241
v 0.02288241 -0.01655131 0.01167659
v 0.03180275 -0.00853558 0.02141288
v 0.03184149 -0.00743376 0.02547182
v 0.02102256 -0.02106905 0.02540658
v 0.02406282 -0.01799940 0.01741859
v 0.02217460 -0.03124806 0.02035354
v 0.03518749 0.00067294 0.01390345
v 0.03409975 -0.00322936 0.01759105
v 0.03344318 -0.00592825 0.02342807
v 0.03542491 0.00122295 0.02721217
v 0.03643006 0.00009996 0.02230060
v 0.03292525 0.00576904 0.03214408
v 0.03058999 -0.00049441 0.03333618
v 0.00359041 -0.00443981 0.04355349
v 0.00506483 -0.00127478 0.04428295
v 0.00317376 0.00533774 0.04386589
v 0.02916490 0.00308086 0.03543726
v 0.02385472 -0.00279191 0.03766013
v 0.03416574 0.00382752 0.00365527
v 0.03754062 0.00631746 0.02161940
v 0.03766428 0.00633757 0.01928653
v 0.03843333 0.01045545 0.01375382
v 0.04080022 0.01265120 0.01117101
v 0.03937235 0.01052268 0.00849680
v 0.03794109 0.01193953 0.02239417
v 0.04192330 0.01351178 0.00402085
v 0.04030732 0.01461204 0.01569796
v 0.04881977 0.02344377 0.00927978
v 0.04680119 0.02542392 0.01456758
v 0.04485087 0.01739004 0.00443035
v 0.02664168 0.00600137 0.03718009
v -0.00971080 0.01650368 0.03809429
v 0.01721821 0.01779386 0.03983136
v 0.01207892 0.02765881 0.03707052
v 0.01501423 0.03381089 0.03148541
v 0.02309160 0.02940590 0.03166213
v 0.02596223 0.02701177 0.03167612
v 0.03254816 0.02565821 0.02716273
v 0.02970519 0.03125901 0.02537150
v 0.03657003 0.02248586 0.02374164
v 0.03078256 0.02439933 0.02964740
v 0.02253745 0.02204764 0.03636468
v 0.02885220 0.01926855 0.03353722
v 0.02776239 0.01283322 0.03589416
v 0.03051054 0.00859978 0.03452473
v 0.01769222 0.00976265 0.04035330
v 0.03400627 0.02774889 0.02439051
v 0.03628968 0.02920530 0.02279416
v 0.05635778 0.03154700 0.01320019
v 0.06017165 0.03556111 0.01357414
v 0.06340636 0.03623431 0.01004421
v 0.04903711 0.03710222 0.01961870
v 0.05279148 0.04202489 0.01914381
v 0.06982878 0.04204801 0.00859527
v 0.07647027 0.05387484 0.01289179
v 0.06313945 0.05285443 0.01736112
v 0.06803108 0.06115472 0.01797337
v 0.07514855 0.06378490 0.01661963
v 0.08031995 0.05362607 0.00911262
v 0.08182257 0.05120618 -0.00084993
v 0.07447197 0.04478554 0.00478279
v 0.07847838 0.04748132 -0.00350635
v 0.07402571 0.04418121 -0.00617754
v 0.08898187 0.05879387 -0.00186047
v 0.09136489 0.06215244 -0.00140685
v 0.09500436 0.06596838 0.00015863
v 0.10280818 0.07723236 0.00272708
v 0.10801597 0.08571766 0.00019654
v 0.05403299 0.02521027 -0.00109583
v 0.06356847 0.03400901 0.00208345
v 0.06131587 0.03134594 0.00011423
v -0.00259315 -0.04794564 0.02694465
v -0.00269187 -0.05312470 0.02599773
v -0.00280510 -0.06278241 0.02693970
v 0.00079913 -0.06827092 0.02762067
v 0.00332221 -0.06238582 0.02942167
v 0.00169984 -0.05386798 0.02953780
v 0.00995612 -0.05694701 0.03035735
v 0.01291596 -0.05695946 0.02908339
v 0.01198659 -0.06149350 0.02922376
v 0.00917848 -0.06342401 0.02971992
v 0.00887170 -0.04644653 0.03220813
v 0.01763286 -0.04103215 0.02716818
v 0.01804039 -0.05008694 0.02181427
v 0.01501048 -0.06198009 0.01761855
v 0.01651307 -0.05796189 0.02287120
v 0.15393803 0.15383705 -0.00572702
v 0.15137747 0.16150278 -0.00690926
v 0.14855039 0.16384757 -0.00727545
v 0.14319390 0.16262978 -0.00661543
v 0.15786579 0.15101969 0.00076806
v 0.15751284 0.14794484 0.00628423
v 0.15571080 0.15173459 0.00550578
v 0.14616868 0.16526850 0.00259104
v 0.14980628 0.16640578 0.00783433
v 0.15297319 0.16069451 0.00752806
v 0.14367810 0.16579504 0.00611862
v 0.14575088 0.16480955 -0.00273533
v 0.14274475 0.16108559 0.00263329
v 0.13931710 0.16185907 -0.00826897
v 0.13564144 0.16574268 -0.00874643
v 0.12919472 0.15758009 -0.00695644
v 0.13207956 0.16218431 -0.00523447
v 0.12881900 0.16552600 -0.00863432
v 0.13605870 0.16001263 -0.00472334
v 0.13356844 0.15970893 -0.00429760
v 0.12947869 0.15263629 -0.00314214
v 0.13017578 0.15559168 0.00167202
v 0.13000612 0.16766044 -0.01022337
v 0.12793638 0.16906612 -0.01635892
v 0.12769175 0.16809826 -0.01740600
v 0.12661287 0.16816238 -0.01648377
v 0.12642023 0.16572362 -0.01581436
v 0.13387150 0.16574769 -0.01261120
v 0.13846736 0.15835136 0.00392006
v 0.13493434 0.15753311 0.00599761
v 0.13992697 0.16353053 0.00752893
v 0.12513585 0.14891195 0.00583695
v 0.12439394 0.15195447 -0.00202410
v 0.11888300 0.14932323 -0.00102851
v 0.11411947 0.14479944 0.00210407
v 0.14210516 0.12369949 0.00080230
v 0.14616005 0.12384421 0.00333893
v 0.14239186 0.12757170 0.00880113
v 0.13391078 0.12260523 -0.00074012
v 0.13776183 0.12982692 0.01066183
v 0.14498255 0.12910388 0.01206683
v 0.13259675 0.12733406 0.00989977
v 0.12967068 0.12417086 0.00902705
v 0.14076142 0.13312387 0.01394751
v 0.14495166 0.14061236 0.01477585
v 0.13707162 0.13536981 0.01343051
v 0.10635385 0.13386786 0.00499676
v 0.09358129 0.11981937 0.00509016
v 0.10023648 0.12484904 0.00604544
v 0.10196128 0.11670522 0.00910252
v 0.09605542 0.11144122 0.00850162
v 0.08262582 0.10811040 0.00186647
v 0.08496026 0.11219042 0.00276629
v 0.08598949 0.11203425 0.00545270
v 0.12782376 0.14791135 -0.00365141
v 0.14951317 0.16494727 -0.00245686
v 0.13413873 0.16100739 0.01000669
v 0.13925000 0.16372859 0.00954350
v 0.14192718 0.16326481 0.00910841
v 0.14284712 0.15997718 0.01099417
v 0.14101163 0.16006312 0.01176910
v 0.13103059 0.16280648 0.01279113
v 0.13161451 0.16636218 0.01391406
v 0.12760387 0.16117112 0.01711318
v 0.12943161 0.15793343 0.01445467
v 0.12814163 0.16352963 0.01645315
v 0.12861022 0.15983266 0.02024566
v 0.13117188 0.15384473 0.01141225
v 0.13087833 0.14957142 0.01145956
v 0.12050341 0.14660159 0.00462080
v 0.13105918 0.15539519 0.01729926
v 0.13173157 0.15831743 0.01871002
v 0.13513839 0.15879881 0.01510931
v 0.13547848 0.15270212 0.01366672
v 0.12685725 0.14419906 0.01076599
v 0.11464708 0.13522753 0.00707563
v 0.11275267 0.13915759 0.00468908
v 0.10836910 0.13768275 0.00207958
v 0.11812818 0.12900445 0.01227270
v 0.11675575 0.11525656 0.01272105
v 0.08125791 0.10294824 0.00557587
v 0.07706007 0.10238223 0.00262994
v 0.14999346 0.15074417 0.01372202
v 0.14215560 0.15670599 0.01246212
v 0.16184385 0.14211480 0.00488446
v 0.15409830 0.14961730 0.01193666
v 0.15076037 0.14120990 0.01428052
v 0.13064824 0.16842198 0.01633345
v 0.12808760 0.16495216 0.01854154
v 0.12905456 0.16181669 0.02127881
v 0.12801674 0.16418751 0.02059649
v 0.13536088 0.16855332 0.01505071
v 0.13287134 0.16905048 0.01562914
v 0.13439356 0.16752012 0.01726676
v 0.13372625 0.16925813 0.01642722
v 0.12097242 0.11414690 0.01009068
v 0.12029359 0.10439518 0.00384513
v 0.12241164 0.10707882 0.00064208
v 0.11816671 0.10265231 -0.00163756
v 0.11808740 0.10595392 0.00779469
v 0.12257779 0.11073895 0.00610507
v 0.11135754 0.11599059 0.01308835
v 0.09983594 0.10115494 0.01372349
v 0.09495032 0.10408823 0.01117164
v 0.10902702 0.10632095 0.01332404
v 0.10494362 0.08791843 0.01068323
v 0.09540465 0.09068481 0.01454050
v 0.10303207 0.08269631 0.00942249
v 0.09966429 0.07858181 0.01042528
v 0.09578231 0.07239762 0.00953943
v 0.10651175 0.08436444 0.00573222
v 0.09925327 0.07409751 0.00658601
v 0.11522556 0.09721706 0.00480372
v 0.11110456 0.09484929 0.00866365
v 0.10980824 0.08951791 0.00533555
v 0.08479469 0.09859344 0.00826940
v 0.08946531 0.09721705 0.01180796
v 0.07194562 0.09568821 0.00132158
v 0.06863257 0.09295093 0.00313513
v 0.08081582 0.09393665 0.00836928
v 0.08525750 0.09299552 0.01168700
v 0.08481476 0.08707051 0.01418548
v 0.08875889 0.08972823 0.01425592
v 0.08041389 0.08683590 0.01270027
v 0.07761042 0.08790160 0.01006359
v 0.07421088 0.08575672 0.00912863
v 0.06033977 0.08547363 0.00126786
v 0.09119045 0.07830834 0.01484883
v 0.08501172 0.08148285 0.01571004
v 0.08031408 0.08192599 0.01494760
v 0.08079065 0.07641218 0.01626265
v 0.07571619 0.07056777 0.01678874
v 0.15723559 0.14273545 0.01074745
v 0.16525714 0.13939054 0.00393068
v 0.16898139 0.13764161 0.00224987
v 0.16375916 0.14266816 0.00107888
v 0.16636240 0.13955410 -0.00016023
v 0.17358412 0.13330038 -0.00232160
v 0.16874535 0.13327010 0.00671619
v 0.17682076 0.13324112 0.00388596
v 0.17843015 0.12869841 0.00522937
v 0.17773388 0.13124976 0.00505037
v 0.17854273 0.13227592 0.00176201
v 0.17778499 0.13134225 -0.00297770
v 0.15299350 0.12189150 -0.00131116
v 0.17988731 0.12454840 0.00197516
v 0.17894384 0.12018469 0.00167928
v 0.17631026 0.12026025 0.00599604
v 0.17486213 0.12081475 0.00682925
v 0.15058033 0.12683022 0.00893062
v 0.15922721 0.12351564 0.00532809
v 0.16539119 0.11694387 -0.00419458
v 0.17561333 0.11664734 -0.00475687
v 0.17774425 0.11728125 -0.00462786
v 0.17944443 0.12023807 -0.00303903
v 0.17975487 0.12063462 -0.00017501
v 0.17044038 0.11627287 0.00144123
v 0.16274965 0.12423870 0.00732744
v 0.16563137 0.12253713 0.00745690
v 0.16710761 0.11937167 0.00508474
v 0.16721584 0.12401600 0.00850858
v 0.16273740 0.12903719 0.00838129
v 0.15851255 0.12635759 0.00752965
v 0.01558719 -0.06573225 0.02275565
v 0.01576929 -0.06171812 0.02480566
v 0.01487724 -0.07082819 0.02234586
v 0.01390998 -0.07454686 0.02055843
v 0.01317281 -0.07599433 0.01629972
v 0.01273686 -0.08530606 0.01754988
v 0.00882870 -0.08933213 0.01065720
v 0.01096540 -0.08925299 0.01279800
v 0.01294112 -0.09064104 0.01592878
v 0.01215514 -0.08904794 0.01876081
v 0.01037335 -0.08165997 0.02264272
v 0.00985075 -0.07925514 0.02448343
v 0.00344780 -0.07790294 0.02616668
v 0.01006667 -0.08733355 0.02252472
v 0.00767983 -0.08562112 0.02452218
v 0.01135958 -0.09836870 0.02098832
v 0.00293957 -0.09873236 0.02189689
v 0.00716338 -0.10131129 0.02303038
v 0.00871882 -0.09793252 0.00800485
v 0.01116881 -0.10250214 0.00712450
v -0.00181864 -0.08397257 0.02098233
v 0.00045821 -0.08037549 0.02410682
v -0.00150870 -0.08872573 0.01987513
v -0.00120172 -0.09116522 0.01813451
v 0.01400410 -0.10157645 0.01085075
v 0.01394685 -0.10037217 0.01734942
v 0.01305878 -0.10448650 0.02086011
v 0.01252907 -0.10795909 0.02115348
v 0.00712156 -0.10807968 0.02182161
v 0.01495176 -0.10434809 0.01855558
v 0.01547492 -0.11155466 0.01885449
v 0.01138321 -0.11553499 0.01840308
v 0.01437708 -0.11808673 0.01874886
v 0.01951401 -0.11158000 0.00743899
v 0.01771162 -0.10979239 0.01571517
v 0.01919839 -0.11035772 0.01088353
v 0.01404985 -0.12244363 0.01778866
v 0.01688409 -0.12754147 0.01637205
v 0.01696020 -0.12898353 0.01205001
v 0.01979025 -0.12879077 0.01315662
v 0.02267065 -0.12757835 0.01367310
v 0.02280417 -0.11639591 0.01558812
v 0.02527990 -0.12273446 0.00836127
v 0.02487021 -0.12351988 0.01469080
v 0.02396815 -0.11954845 0.00454791
v 0.09650443 0.06839295 0.00368031
v 0.02755389 0.04217433 0.02361096
v 0.02257286 0.03877278 0.02540209
v 0.04128280 0.02993515 0.02077878
v 0.01631433 -0.10487672 0.01445655
v 0.00183115 -0.10263737 0.01907264
v 0.00401301 -0.10681933 0.02004310
v 0.00008392 -0.09783392 0.01862993
v -0.00558812 0.03992507 0.02837044
v 0.00477311 0.04418821 0.02580354
v 0.00285429 0.02384742 0.03943777
v -0.00315821 0.02875257 0.03596865
v -0.08236205 -0.09893037 0.01922068
v -0.08791788 -0.10793082 0.02588620
v -0.08103156 -0.10533343 0.02151741
v -0.07948513 -0.10641656 0.01897017
v -0.08099590 -0.10587664 0.01288147
v -0.07799026 -0.11423068 0.02395254
v -0.07472676 -0.11232054 0.01475501
v -0.08695531 -0.11394456 0.02389218
v -0.07144979 -0.11636668 0.02065688
v -0.07578232 -0.12552284 0.01805639
v -0.07251586 -0.12319128 0.02246651
v -0.07731505 -0.11879544 0.02519817
v -0.08256072 -0.12017289 0.02323243
v -0.08033302 -0.12494595 0.02251985
v -0.09190392 -0.10516834 0.02531726
v -0.08955681 -0.11351606 0.02132449
v -0.07716478 -0.12604664 0.02163604
v -0.08041101 0.03053919 -0.00255981
v -0.05738670 0.01941540 -0.03076976
v -0.06967029 0.01196096 -0.03580269
v -0.07348348 0.01325270 -0.03394783
v -0.07775804 0.02370211 -0.01940433
v -0.07113457 0.02756162 -0.01794591
v -0.07396264 0.02802324 -0.01417716
v -0.08219709 0.01966088 -0.02168241
v -0.08422643 0.01232136 -0.02805326
v -0.08516848 0.01649573 -0.02292123
v -0.08901016 0.00629222 -0.02741422
v -0.06807591 0.00452323 -0.03863560
v -0.06655405 0.00858811 -0.03769629
v -0.06366017 0.00141701 -0.03993735
v -0.09013984 0.00855771 -0.02389488
v -0.08142865 -0.00835249 -0.03567111
v -0.08326688 -0.01631973 -0.03295755
v -0.08550870 -0.01201355 -0.03160456
v -0.03992316 0.04006581 -0.00305496
v -0.02975118 0.03922073 -0.01469937
v -0.02877173 0.03678403 -0.01890702
v -0.02306414 0.04878070 0.00084065
v -0.01324950 0.05608908 -0.00142919
v -0.00445537 0.06067421 -0.00255342
v -0.00841536 0.05653979 -0.00642311
v 0.00681707 0.06727847 -0.00214849
v -0.00282953 0.06504011 -0.00045258
v 0.00212288 0.06047806 -0.00503861
v -0.00621339 0.05772704 -0.00537686
v -0.00171618 0.05792207 -0.00774465
v 0.00332745 0.05956062 -0.00672593
v 0.01432581 0.06215020 -0.00547921
v 0.02073502 0.06447284 -0.00445944
v 0.03505371 0.06504115 -0.00539665
v -0.02535384 -0.03360998 -0.01997197
v -0.02491951 -0.03185719 -0.02349094
v -0.03129529 -0.03200477 -0.02498027
v -0.03087481 -0.02719404 -0.03076779
v -0.04578120 -0.03398075 -0.02483787
v -0.04569418 -0.03460118 -0.02106630
v -0.04569436 -0.03619063 -0.01943804
v -0.04576015 -0.03835605 -0.03080167
v -0.04848698 -0.03807586 -0.03388532
v -0.05289057 -0.04029814 -0.03609943
v -0.05701320 -0.04260906 -0.03718324
v -0.06371625 -0.04931787 -0.03530844
v -0.06401697 -0.04012168 -0.03745082
v -0.05141079 -0.03324678 -0.03690184
v -0.04528253 -0.02893003 -0.03445306
v -0.04582937 -0.02435822 -0.03627487
v -0.04643130 -0.03256510 -0.03380121
v -0.05509610 -0.03432051 -0.03811866
v -0.05657794 -0.01949276 -0.04168798
v -0.04628072 -0.02034722 -0.03669527
v -0.04461227 -0.01863841 -0.03451312
v -0.04255085 -0.02302076 -0.03258694
v -0.04287177 -0.02561524 -0.03133139
v -0.04397117 -0.02963427 -0.02811774
v -0.04337746 -0.03094487 -0.02549877
v -0.03816816 -0.01465651 -0.03526091
v -0.06570071 -0.01695224 -0.04232766
v -0.06996915 -0.01800041 -0.04160992
v -0.06484669 -0.05250894 -0.03431047
v -0.05772801 -0.04822311 -0.03625593
v -0.05651093 -0.05310152 -0.03517859
v -0.04655783 -0.05188988 -0.02744596
v -0.05274525 -0.06010309 -0.03150352
v -0.06153389 -0.05917677 -0.03323481
v -0.07176491 -0.03639928 -0.03594923
v -0.08264771 -0.02268261 -0.03310015
v -0.06886441 -0.05012924 -0.03264552
v -0.04432022 -0.04655080 -0.02400987
v -0.04565037 -0.05301509 -0.02421477
v -0.04536139 -0.04392674 -0.02836032
v -0.04709192 -0.06144987 -0.01838082
v -0.04979991 -0.06616029 -0.02855251
v -0.04680873 -0.06843111 -0.02436790
v -0.04622513 -0.07352281 -0.02259538
v -0.04805562 -0.07244627 -0.02786650
v -0.05580430 -0.06946044 -0.03369030
v -0.05940579 -0.07446499 -0.03424601
v -0.05651110 -0.08609051 -0.03095064
v -0.05184299 -0.08490101 -0.03048904
v -0.05643524 -0.07690668 -0.03445727
v -0.04909578 -0.08628084 -0.02751090
v -0.05190214 -0.07589259 -0.03285234
v -0.04819622 -0.07706311 -0.02901958
v -0.04617569 -0.07840347 -0.02418086
v -0.05348601 -0.09567770 -0.02852930
v -0.04818124 -0.09713394 -0.02790290
v -0.05103116 -0.10489196 -0.02963592
v -0.04734104 -0.11218903 -0.03152148
v -0.04444031 -0.10212412 -0.02701451
v -0.03740434 -0.12136328 -0.03141996
v -0.03390353 -0.11295579 -0.03048106
v -0.04109557 -0.10520717 -0.02593844
v -0.03840217 -0.11062101 -0.02384967
v -0.03013857 -0.11769035 -0.03122626
v -0.03205767 -0.12050453 -0.02346088
v -0.02993434 -0.12388091 -0.03109916
v -0.03028121 -0.12497458 -0.02495578
v -0.03226579 -0.12829378 -0.03065411
v -0.03512314 -0.11760939 -0.02091110
v -0.03430268 -0.12121657 -0.01719122
v -0.03700162 -0.11406720 -0.02199350
v -0.04437071 -0.09366294 -0.02393528
v 0.03229472 -0.00177147 0.00710932
v 0.01906153 -0.03314942 0.01306472
v 0.02067744 -0.00993198 0.00150581
v 0.02587154 -0.00596531 0.00256574
v 0.01959779 -0.01984141 0.00995224
v 0.03315065 0.00396354 -0.00469068
v 0.04260358 0.01421220 -0.00002394
v 0.02857899 -0.00072845 -0.00005253
v 0.06879470 0.04203838 -0.00921153
v 0.09326982 0.06701289 -0.00386891
v 0.08961075 0.06836591 -0.00735302
v 0.09313136 0.07196115 -0.00680464
v 0.09766673 0.08037923 -0.00711386
v 0.10238066 0.08846089 -0.00679238
v 0.09118952 0.07724921 -0.00849903
v 0.08770480 0.07287840 -0.00895240
v 0.08464353 0.06195041 -0.00802851
v 0.08070460 0.07044669 -0.01016210
v 0.09028156 0.08508337 -0.00839466
v 0.10144828 0.09584753 -0.00743186
v 0.10912974 0.10013945 -0.00673774
v 0.10637281 0.09360872 -0.00635211
v 0.10600999 0.08844799 -0.00485774
v 0.09377760 0.09418982 -0.00718114
v 0.08169521 0.08973682 -0.00326607
v 0.07829636 0.08099673 -0.00730147
v 0.07211383 0.07159083 -0.00959895
v 0.07822490 0.05485956 -0.00927153
v 0.02276064 -0.02061141 -0.01169452
v 0.02521703 -0.01985514 -0.01599492
v 0.02651823 -0.03042435 -0.01402123
v 0.02646170 -0.02267271 -0.01745631
v 0.02917625 -0.02803537 -0.02471379
v 0.02975427 -0.03810726 -0.02820439
v 0.02512940 -0.01692843 -0.02072307
v 0.02754424 -0.00619754 -0.01461305
v 0.03684324 0.01516336 -0.01792501
v 0.04019541 0.01848041 -0.01463682
v 0.03560048 0.00902583 -0.01864019
v 0.03331763 0.00289127 -0.01135133
v 0.02553739 -0.01145802 -0.02240639
v 0.02366381 -0.01407664 -0.02687503
v 0.02215549 -0.01802395 -0.03198424
v 0.02180747 -0.01450588 -0.03073129
v 0.02295397 -0.00645676 -0.03202683
v 0.01829218 -0.00471583 -0.03695530
v 0.02747850 -0.00516620 -0.02529961
v 0.02850935 0.00043550 -0.03143306
v 0.03007170 0.00000861 -0.02801596
v 0.02910510 -0.00384291 -0.02238123
v 0.03385042 0.00323652 -0.01649703
v 0.04787384 0.02096588 -0.00738265
v 0.04740724 0.02174511 -0.00938047
v 0.03813153 0.02221285 -0.01767067
v 0.04592078 0.02957393 -0.01460390
v 0.05333135 0.02769580 -0.00921258
v 0.05462180 0.03446726 -0.01314965
v 0.04917470 0.03482586 -0.01543925
v 0.05393216 0.03850438 -0.01483154
v 0.04937296 0.04006289 -0.01662566
v 0.03166651 0.01703996 -0.02973655
v 0.03293241 0.01966478 -0.02609149
v 0.03541371 0.02382801 -0.02000154
v 0.03136025 0.02129614 -0.02812467
v 0.02843971 0.00341859 -0.03364118
v 0.02147394 -0.00348136 -0.03577539
v 0.02530125 0.00452995 -0.03711433
v 0.02898350 0.01192136 -0.03407608
v 0.02560204 0.01153588 -0.03721048
v 0.00283639 -0.01274882 -0.03841573
v 0.00545183 -0.01579567 -0.03681346
v 0.00093013 -0.02093304 -0.03325814
v 0.00999717 -0.02330906 -0.03645970
v 0.00163685 -0.02658199 -0.03137111
v -0.00341607 -0.01943232 -0.03356709
v -0.00934727 -0.01758654 -0.03243038
v 0.01890484 -0.01803541 -0.03569530
v 0.02315607 -0.02367473 -0.03336038
v 0.02792627 -0.03266417 -0.02912612
v 0.02813341 -0.03699351 -0.03143675
v 0.03053598 -0.04118562 -0.01471311
v 0.02567247 -0.03959990 -0.01234503
v 0.03731459 -0.04985853 -0.02411881
v 0.02826744 -0.04378959 -0.03355782
v 0.02950962 -0.05003921 -0.03365296
v 0.03776178 -0.05476310 -0.02967963
v 0.04088495 -0.06646915 -0.01634498
v 0.04280918 -0.06792640 -0.01866272
v -0.00057148 -0.03196623 -0.02354893
v -0.00657089 -0.02287633 -0.02831274
v -0.00989521 -0.02022731 -0.02897942
v -0.02714275 -0.02922027 -0.02814404
v -0.02277699 -0.02192071 -0.03270945
v -0.02325591 -0.02796848 -0.02804148
v -0.01735491 -0.02235486 -0.03035976
v -0.01209261 -0.01563375 -0.03226032
v -0.01316344 -0.01367188 -0.03323333
v -0.01511105 -0.01621265 -0.03280031
v -0.01700029 -0.00817451 -0.03627545
v -0.02027964 -0.00996608 -0.03684135
v -0.02475705 -0.01099376 -0.03719410
v -0.00711101 -0.01236432 -0.03804850
v -0.00120813 -0.00948494 -0.04006617
v 0.00273797 -0.00473072 -0.04058057
v -0.00593625 -0.00877083 -0.03966954
v -0.00757198 -0.00449016 -0.04014285
v -0.01044407 -0.00526064 -0.03843954
v -0.01289988 -0.00148995 -0.03708787
v -0.02619806 -0.00824913 -0.03776747
v -0.02759331 -0.00414046 -0.03800596
v -0.05243873 -0.01589908 -0.04018373
v -0.05805552 -0.01557332 -0.04178402
v -0.05803691 -0.00791133 -0.04088037
v -0.05407234 -0.00451804 -0.03924107
v -0.05219723 -0.01014009 -0.03934351
v -0.05726989 0.00383228 -0.03848295
v -0.07985511 -0.00053563 -0.03666837
v 0.00819421 -0.04275122 0.00807241
v 0.01300040 -0.04654049 0.01229817
v 0.01313942 -0.04081614 0.01018997
v 0.01508648 -0.05612992 0.01719191
v 0.01274476 -0.05442408 0.01371160
v 0.01294303 -0.06285184 0.01454299
v 0.14827353 0.14949003 -0.01011484
v 0.13979369 0.15776034 -0.00963830
v 0.13928568 0.15335953 -0.01107500
v 0.15323290 0.14550471 -0.01064727
v 0.15766180 0.14528675 -0.00687615
v 0.13638707 0.15594669 -0.01443093
v 0.13468505 0.16286536 -0.01262862
v 0.13109860 0.16102931 -0.01975874
v 0.13278726 0.15891024 -0.01894771
v 0.13417432 0.15623225 -0.01710630
v 0.13540870 0.14948606 -0.01091278
v 0.13758059 0.14129236 -0.01039281
v 0.16154441 0.13881212 -0.00543412
v 0.15137988 0.13513260 -0.00946298
v 0.13895158 0.13632336 -0.01036091
v 0.13184988 0.15180486 -0.01087116
v 0.13400850 0.15321888 -0.01353924
v 0.12878360 0.14562355 -0.00648176
v 0.12840137 0.15698111 -0.00963735
v 0.12851951 0.16334257 -0.01863587
v 0.12882800 0.16069125 -0.01801066
v 0.12676066 0.16223481 -0.01361874
v 0.12829702 0.15906620 -0.01512223
v 0.12947443 0.15540163 -0.01292763
v 0.12511605 0.14372994 -0.00381947
v 0.12378760 0.14817449 -0.00249538
v 0.12146215 0.13929537 -0.00327248
v 0.11926112 0.14326692 -0.00184080
v 0.13108601 0.13411987 -0.00793116
v 0.13647628 0.13274336 -0.00873384
v 0.13525136 0.12697315 -0.00472564
v 0.11274001 0.14226089 -0.00014357
v 0.11105944 0.13300921 -0.00090855
v 0.13006856 0.12002855 -0.00190370
v 0.12617140 0.11985025 -0.00500265
v 0.11397875 0.11271165 -0.00711480
v 0.11139333 0.11688066 -0.00683231
v 0.10448052 0.10841921 -0.00656816
v 0.11425213 0.10252206 -0.00530249
v 0.10795242 0.12287948 -0.00237693
v 0.10466649 0.11956432 -0.00190470
v 0.10280547 0.12479296 -0.00000869
v 0.09826921 0.12644002 0.00256068
v 0.10081755 0.11869518 -0.00061307
v 0.10049448 0.11408806 -0.00188762
v 0.09007263 0.11688858 0.00174365
v 0.08622718 0.09984941 -0.00140063
v 0.09825541 0.10531152 -0.00530776
v 0.08131611 0.10438333 -0.00004713
v 0.08339687 0.09602437 -0.00142975
v 0.08663162 0.09541596 -0.00303337
v 0.07530502 0.09932579 0.00143639
v 0.07667881 0.08958124 -0.00167471
v 0.06913257 0.07791972 -0.00424594
v 0.06339967 0.07484598 -0.00446032
v 0.06575762 0.06349943 -0.01117164
v 0.06766198 0.05916311 -0.01208354
v 0.05963063 0.03689938 -0.01167526
v 0.06092195 0.04185028 -0.01328989
v 0.05652329 0.04541346 -0.01499343
v 0.04397926 0.05057247 -0.01652693
v 0.06683420 0.05009883 -0.01262482
v 0.05733588 0.06758387 -0.00773933
v 0.05768318 0.05598586 -0.01339637
v 0.05757805 0.06090214 -0.01173444
v 0.06532728 0.07770898 -0.00282622
v 0.04345996 0.06065710 -0.01227888
v 0.03801658 0.06311920 -0.00919292
v 0.04005551 0.06620920 -0.00471770
v 0.05139902 0.06844917 -0.00481174
v 0.04529463 0.06704903 -0.00479876
v 0.03379056 0.05895508 -0.01285716
v 0.02843500 0.06280782 -0.00798392
v 0.01553842 0.05921581 -0.01200242
v 0.02490800 0.05725460 -0.01385630
v 0.12650673 0.11485958 -0.00110503
v 0.12507090 0.11127275 0.00216908
v 0.12194203 0.10991053 -0.00310504
v 0.10611088 0.09713279 -0.00715126
v 0.11266008 0.09771667 -0.00426270
v 0.11341089 0.09328172 0.00180335
v 0.07240251 0.09288175 -0.00170010
v 0.06409698 0.08918421 0.00229963
v 0.05312087 0.07832974 -0.00164859
v 0.04982118 0.07469697 -0.00256872
v 0.17715618 0.12857325 -0.00589199
v 0.17922474 0.12711975 -0.00525292
v 0.17506029 0.12656756 -0.00740679
v 0.17330751 0.12265197 -0.00835367
v 0.15952557 0.13267180 -0.00701299
v 0.15432546 0.13073015 -0.00773694
v 0.15811788 0.12895769 -0.00702354
v 0.15314756 0.12614217 -0.00612973
v 0.15536541 0.12356555 -0.00446070
v 0.16013330 0.12584740 -0.00689150
v 0.16752525 0.11928206 -0.00760689
v 0.17243694 0.12028868 -0.00803724
v 0.16815101 0.11586834 -0.00358876
v 0.17589176 0.12129444 -0.00751930
v 0.00249234 -0.07987953 0.00886056
v 0.01052516 -0.07817483 0.01318533
v 0.00297870 -0.09039252 0.00854724
v 0.00639042 -0.08882888 0.00919889
v 0.00675817 -0.09335744 0.00870787
v 0.04074606 -0.05823848 -0.02735591
v 0.03475892 -0.05647265 -0.03303434
v 0.03243361 -0.05460666 -0.03345654
v 0.02379569 -0.04100319 -0.03531468
v 0.02278129 -0.03308392 -0.03525235
v 0.01980534 -0.03981406 -0.03544972
v 0.02067568 -0.02399728 -0.03575681
v 0.00599365 -0.04091934 -0.02847868
v 0.00980702 -0.04815641 -0.02695598
v 0.03827365 -0.06245078 -0.03193554
v 0.03002504 -0.06876626 -0.03238636
v 0.02540036 -0.06842966 -0.03060151
v 0.03099152 -0.07531001 -0.03062750
v 0.02149026 -0.06660452 -0.02952872
v 0.02539909 -0.07167666 -0.02912916
v 0.02335657 -0.07346299 -0.02091611
v 0.04300483 -0.06615839 -0.02703108
v 0.04200149 -0.07203331 -0.02834266
v 0.04146907 -0.06268777 -0.02824504
v 0.03683346 -0.05883648 -0.01460539
v 0.04200180 -0.06207397 -0.02091780
v 0.01730302 -0.05712698 -0.03019452
v 0.01468716 -0.05044113 -0.03193137
v 0.01321589 -0.05356060 -0.02600133
v 0.02129936 -0.06981716 -0.02195163
v 0.03623812 -0.07243805 -0.03249867
v 0.02824088 -0.08566874 -0.02540402
v 0.04123507 -0.07784417 -0.02845529
v 0.04341224 -0.07902829 -0.02538294
v 0.04289807 -0.07834215 -0.01815614
v 0.04129082 -0.08100651 -0.01578155
v 0.04366968 -0.08240397 -0.02174857
v 0.04340125 -0.08316088 -0.02460828
v 0.04458043 -0.09472665 -0.02221853
v 0.04396273 -0.09144524 -0.01868225
v 0.02914918 -0.09279235 -0.02186001
v 0.02829449 -0.08942981 -0.01870072
v 0.02682976 -0.08121942 -0.01998390
v 0.03879678 -0.08477542 -0.03009813
v 0.03077478 -0.09672045 -0.02051838
v 0.03170478 -0.09959992 -0.02287881
v 0.03068354 -0.09681544 -0.02378262
v 0.02818721 -0.08938351 -0.02314186
v 0.03299742 -0.09531614 -0.02768999
v 0.03501883 -0.08631244 -0.03031757
v 0.04002038 -0.09169404 -0.02894924
v 0.04165949 -0.08741568 -0.02736480
v 0.03880893 -0.09603272 -0.02908190
v 0.04380604 -0.08692040 -0.02515025
v 0.03386825 -0.10880959 -0.02697191
v 0.03417358 -0.11312544 -0.02759994
v 0.03406430 -0.11768183 -0.02558290
v 0.03753319 -0.11884359 -0.02740509
v 0.03529932 -0.12149516 -0.02235841
v 0.03799491 -0.12362046 -0.01768919
v 0.05113716 -0.11958877 -0.00827501
v 0.04895630 -0.12113500 -0.00563380
v 0.03868559 -0.12712377 -0.01957617
v 0.04144713 -0.12875867 -0.02234288
v 0.03773519 -0.12330298 -0.02410533
v 0.04473807 -0.12581398 -0.02495671
v 0.04141987 -0.12473314 -0.02491320
v 0.04773230 -0.12392923 -0.02435890
v 0.04472502 -0.12915447 -0.02347586
v 0.05064119 -0.12820056 -0.01930607
v 0.05153252 -0.12535846 -0.00758098
v 0.05269583 -0.12501532 -0.01658601
v 0.05300713 -0.12527211 -0.01227967
v 0.05310334 -0.12278076 -0.00912063
v 0.05146682 -0.12228778 -0.00649281
v 0.05313972 -0.12187681 -0.01227817
v 0.04030075 0.04607624 -0.01815424
v 0.03628169 0.04506877 -0.01881971
v 0.03167087 0.04556908 -0.01942707
v 0.02718346 0.03660703 -0.02308381
v 0.02252320 0.04032809 -0.02405772
v 0.01901788 0.03593734 -0.02915319
v 0.02822205 0.02497843 -0.02970526
v 0.02183883 0.05328566 -0.01688814
v 0.01386958 0.05689698 -0.01473170
v 0.01187686 0.05872904 -0.01198878
v 0.00013356 0.05491709 -0.01494104
v 0.00798225 0.05765323 -0.01276220
v 0.01318772 0.03878091 -0.03058237
v 0.00325045 0.04914203 -0.02318361
v 0.00894132 0.04790657 -0.02403390
v 0.00918049 0.04283513 -0.02905171
v 0.00369239 0.04333930 -0.02952830
v 0.00645234 0.03781645 -0.03313274
v 0.00977744 0.03870861 -0.03181900
v 0.01541453 0.02258022 -0.03793299
v 0.02491750 0.02364975 -0.03357031
v 0.02259914 0.01428710 -0.03824383
v 0.01717309 0.01789317 -0.03882359
v 0.00748579 0.01633705 -0.03912510
v -0.00238111 0.01353989 -0.03848446
v -0.00822885 0.02306242 -0.03545361
v 0.00023684 0.03420671 -0.03478003
v -0.00613920 0.03699716 -0.03178840
v -0.00982758 0.02678882 -0.03400296
v -0.00711164 0.01591461 -0.03695261
v -0.01015228 0.04119452 -0.02718213
v -0.00478103 0.04228961 -0.02882772
v -0.01996004 0.03415003 -0.02554911
v -0.01177819 0.04779356 -0.01923782
v -0.00782616 0.04603638 -0.02366587
v -0.00154599 0.04070572 -0.03110162
v 0.00073521 0.04466429 -0.02810920
v -0.00492334 0.00382608 -0.04002098
v -0.00126503 0.00156294 -0.04077916
v -0.01549644 0.00514934 -0.03675945
v -0.01978783 0.00106753 -0.03757998
v -0.01976536 0.00623085 -0.03709262
v -0.01252873 0.01564940 -0.03535799
v -0.02194725 0.01232621 -0.03586159
v -0.04827558 -0.00372219 -0.03567276
v -0.03851597 0.00079877 -0.03654774
v -0.03447921 0.00515492 -0.03672168
v -0.03795997 0.00723390 -0.03550321
v -0.05072414 0.00566052 -0.03532352
v -0.04397191 0.01813422 -0.02878666
v -0.02390444 0.03846750 -0.01988921
v -0.02344546 0.03514906 -0.02356713
v -0.03406375 0.02795496 -0.02554886
v -0.03993083 0.02257664 -0.02751925
v 0.00057411 -0.03029191 -0.02920035
v 0.00543473 -0.03232997 -0.03264762
v 0.01141742 -0.04065696 -0.03266255
v 0.05049277 -0.12677333 -0.02241501
v 0.04339897 -0.12128572 -0.02586199
v 0.05222902 -0.12165757 -0.01710942
v 0.04982008 -0.11720292 -0.01671823
v 0.04753777 -0.11303937 -0.02261068
v 0.04624899 -0.10393383 -0.02157794
v 0.04783325 -0.11272119 -0.01911124
v 0.04237021 -0.10336024 -0.02603995
v 0.04003271 -0.11276119 -0.02881548
v 0.04029642 -0.10650671 -0.02834191
v 0.04456129 -0.11303062 -0.02624566
v -0.05482743 -0.00008071 -0.03853203
v -0.05833713 0.00855606 -0.03740849
v -0.05396046 0.00820793 -0.03603081
v -0.05086438 0.02351345 -0.02407182
v -0.05634675 0.01194584 -0.03542995
v -0.05271531 0.01874418 -0.02918517
v -0.05194043 -0.09084425 -0.02895706
v -0.04672796 -0.08840984 -0.02500123
v -0.04601959 -0.08448424 -0.02268700
v -0.04489619 -0.08941942 -0.02099836
v -0.04744869 -0.08050375 -0.01815844
v -0.04386511 -0.09661876 -0.01914881
v -0.09678390 -0.00668480 -0.01259606
v -0.09753755 -0.00538711 -0.00165656
v -0.09820065 -0.00423905 -0.00532582
v -0.09525938 -0.00611496 -0.00215260
v -0.09594499 -0.00503326 0.00035188
v -0.05718791 -0.03081203 0.01503950
v -0.05135701 -0.03433761 0.00722464
v -0.06014735 -0.03223845 0.01278127
v -0.05971009 -0.03442049 0.01688930
v -0.06025732 -0.03807189 0.02183686
v -0.04300187 -0.03322307 0.01745764
v -0.04366715 -0.03480602 0.01328845
v -0.03831345 -0.03654494 0.00827616
v -0.05999075 -0.03151486 0.00754214
v -0.06415189 -0.03141767 0.00486723
v -0.05865595 -0.03181652 0.00292265
v -0.05143506 -0.03504760 -0.00270015
v -0.04684137 -0.03624040 0.00194150
v -0.04244873 -0.03673479 -0.00301795
v -0.05466284 -0.03368187 -0.00881825
v -0.04343152 -0.03650209 -0.00638921
v -0.02268409 -0.03638142 -0.00638385
v -0.02783724 -0.03721112 0.00486086
v -0.02159894 -0.03645219 -0.00179548
v -0.02426924 -0.03604104 -0.01045752
v -0.02836512 -0.03477474 -0.01727472
v -0.03629288 -0.03593975 -0.01605129
v -0.04132791 -0.03644988 -0.01365988
v -0.04252099 -0.03406341 -0.02108274
v -0.06539056 -0.05896282 -0.03108067
v -0.07631844 -0.04262767 -0.02891563
v -0.07858412 -0.04311740 -0.02253664
v -0.07451691 -0.05237034 -0.02287839
v -0.08283274 -0.03523382 -0.02111804
v -0.07941344 -0.02919463 -0.03346109
v -0.09024177 -0.02211825 -0.02228011
v -0.09638036 -0.00890090 -0.01215861
v -0.08871566 -0.02546390 -0.02116539
v -0.08634984 -0.02774630 -0.01781946
v -0.08619427 -0.02651402 -0.02671588
v -0.08892061 -0.01786589 -0.00886252
v -0.09338015 -0.01521810 -0.01118247
v -0.09603533 -0.01090858 -0.01024867
v -0.09739540 -0.00828018 -0.00960179
v -0.09733911 -0.00723528 -0.00776822
v -0.08281911 -0.02181054 -0.00650111
v -0.07603185 -0.03242110 -0.01305367
v -0.07417672 -0.03020780 -0.01085656
v -0.08241459 -0.03182381 -0.01570296
v -0.07799351 -0.04021177 -0.01884113
v -0.07974704 -0.03568051 -0.01670722
v -0.06962477 -0.03351847 -0.01082747
v -0.06555445 -0.03911055 -0.01116235
v -0.06779862 -0.02812648 -0.00434065
v -0.05940542 -0.03139775 -0.00330797
v -0.05987439 -0.03024277 -0.00043924
v -0.06136314 -0.02930028 -0.00213492
v -0.06413766 -0.02888336 -0.00389413
v -0.00678976 -0.02972063 -0.00784858
v -0.03370400 -0.03737780 0.00313983
v -0.03277960 -0.03663758 0.00944265
v -0.03566811 -0.03553616 0.01376339
v -0.05667393 -0.03697174 -0.01065340
v -0.05404688 -0.04024396 -0.01190794
v -0.04765499 -0.04079402 -0.01556316
v -0.06135764 -0.03810690 -0.01008028
v -0.07161353 -0.04034014 -0.01433993
v -0.07554193 -0.04293343 -0.01796598
v -0.06983685 -0.06091834 -0.02354167
v -0.07323159 -0.05635618 -0.02230510
v -0.06618119 -0.05417616 -0.01314076
v -0.06269133 -0.05588188 -0.01231605
v -0.05794773 -0.05284811 -0.01155734
v -0.06093469 -0.06687797 -0.03183255
v -0.06398963 -0.06729073 -0.02812352
v -0.05829581 -0.05873731 -0.01245278
v -0.06155393 -0.07140002 -0.01492686
v -0.05677382 -0.07063781 -0.01321342
v -0.05240991 -0.07160577 -0.01404510
v -0.06569078 -0.06896979 -0.02541968
v -0.06560231 -0.07281228 -0.02361103
v -0.05834307 -0.07585238 -0.01440287
v -0.06114570 -0.08019669 -0.01796592
v -0.06399679 -0.07488318 -0.01865992
v -0.06458160 -0.07805334 -0.02528439
v -0.06320090 -0.07925059 -0.02956359
v -0.06014965 -0.08483478 -0.02045718
v -0.05369658 -0.08289567 -0.01520490
v -0.05854539 -0.09193769 -0.02539661
v -0.06035719 -0.08802619 -0.02420216
v -0.05687136 -0.09129277 -0.01967547
v -0.05747060 -0.09577660 -0.02482779
v -0.05166169 -0.09334502 -0.01578791
v -0.05343017 -0.11040302 -0.02471379
v -0.05183784 -0.11292458 -0.02963323
v -0.05390841 -0.10686286 -0.02228851
v -0.05384252 -0.10382970 -0.02004886
v -0.05155279 -0.11620675 -0.02724955
v -0.05001649 -0.11557297 -0.01761531
v -0.04720806 -0.11699063 -0.01602961
v -0.04859047 -0.12266345 -0.02573569
v -0.03203578 -0.12840666 -0.02681522
v -0.03193301 -0.12574878 -0.02004183
v -0.03682080 -0.12926623 -0.03031733
v -0.04137599 -0.12854213 -0.03244977
v -0.03519487 -0.12807545 -0.02072554
v -0.03412265 -0.12595926 -0.01548060
v -0.03833081 -0.12769832 -0.01507461
v -0.03920741 -0.11521062 -0.01797406
v -0.04595163 -0.12308114 -0.01612355
v -0.04758055 -0.12304244 -0.02963105
v -0.01315730 -0.03213726 -0.00308677
v -0.01456318 -0.03212294 -0.01150558
v -0.01963120 -0.03451769 -0.01418110
v -0.02095617 -0.03662933 -0.00012862
v -0.01984563 -0.03653137 0.00230638
v -0.01765924 -0.03412152 -0.01293724
v -0.08594333 -0.01837790 -0.00780897
v -0.09077442 -0.01737215 -0.00739925
v -0.08372995 -0.01881359 -0.00620412
v -0.09153905 -0.01052095 -0.00449134
v -0.09359030 -0.01469905 -0.00575630
v -0.09317100 -0.01630135 -0.00663535
v -0.05025711 -0.08746792 -0.01556649
v -0.05297603 -0.07862171 -0.01473547
v -0.05039553 -0.07614546 -0.01536940
v -0.05599527 -0.08771526 -0.01696470
v -0.04658305 -0.09508744 -0.01592208
v -0.05031544 -0.10722823 -0.01590777
v -0.05064291 -0.09882804 -0.01556332
v -0.04541112 -0.11028031 -0.01472308
v -0.05016872 -0.11081914 -0.01573065
v -0.04633760 -0.09917309 -0.01553111
v -0.04524909 -0.12760545 -0.02995180
v -0.04371883 -0.12689623 -0.01547369
v -0.04272935 -0.12382883 -0.01411003
v -0.04274230 -0.11905842 -0.01547912
v -0.03805815 -0.12323479 -0.01397080
v -0.00792189 -0.02741187 0.02237846
v -0.00686399 -0.03296315 0.02480335
v -0.00404660 -0.04235511 0.02624767
v -0.00522640 -0.04361301 0.02370993
v -0.00541512 -0.03614238 0.00901042
v -0.00744659 -0.03869062 0.01340695
v 0.00036929 -0.03570201 0.00601136
v -0.00011457 -0.04242841 0.00805464
v -0.00324513 -0.04464774 0.01017311
v -0.00650066 -0.02969248 -0.00522083
v 0.01192654 -0.02187333 0.00410550
v 0.01518081 -0.01385357 -0.00212668
v 0.01297228 -0.01664422 -0.00326557
v 0.01203546 -0.01913591 -0.00440862
v 0.01101479 -0.02551217 -0.00665208
v 0.00620956 -0.02705862 -0.00949846
v 0.00588298 -0.02443242 -0.00858331
v -0.00342701 -0.02772994 -0.01062241
v -0.00340788 -0.02706094 -0.01419547
v -0.00430804 -0.02671026 -0.01634691
v 0.00209904 -0.03321547 -0.01876033
v 0.00315188 -0.03660018 -0.02142435
v 0.01548693 -0.01425860 -0.00008450
v 0.02113299 -0.00786259 -0.00065045
v 0.02303771 -0.01045399 -0.00916834
v 0.01636017 -0.03679360 -0.01135295
v 0.02201795 -0.03130987 -0.01104068
v 0.01241267 -0.03342061 -0.01054443
v 0.02891004 -0.04527596 -0.01310743
v 0.02215925 -0.05314590 -0.01437823
v 0.01907046 -0.05299852 -0.01618110
v 0.03152100 -0.05639332 -0.01378317
v 0.02313306 -0.06239815 -0.01661912
v 0.02004454 -0.05673347 -0.01750601
v 0.01498947 -0.04806444 -0.01682022
v 0.01374291 -0.05088647 -0.02082611
v 0.01053126 -0.04537619 -0.01891689
v 0.01152979 -0.04912033 -0.02212094
v 0.00741573 -0.04422000 -0.02505612
v -0.00100907 -0.04865671 0.00954847
v -0.00715865 -0.04275718 0.01428002
v -0.00677198 -0.04616948 0.02000908
v -0.00479528 -0.05424013 0.02149384
v -0.00629733 -0.05240741 0.01732926
v -0.00536289 -0.06001973 0.01396967
v -0.00305138 -0.06550585 0.01037070
v -0.00602690 -0.06448779 0.01847038
v -0.00535459 -0.06268901 0.02267592
v -0.00568969 -0.06790343 0.01953736
v -0.00340466 -0.06808023 0.02366425
v -0.00438098 -0.06964726 0.01262054
v -0.00121094 -0.08450263 0.01114240
v -0.00087780 -0.07356593 0.00949281
v -0.00450434 -0.07379542 0.01421211
v -0.00281371 -0.07840014 0.02105471
v -0.00046016 -0.08103956 0.00984000
v 0.00104125 -0.09373128 0.00954288
v -0.00071598 -0.09080981 0.01159314
v 0.00079499 -0.09830658 0.01211734
v 0.00196628 -0.10335305 0.01142247
v 0.00239426 -0.10093299 0.00816643
v 0.00753076 -0.10300493 0.00547563
v 0.00344185 -0.10791962 0.01249404
v 0.01641259 -0.11641220 0.00103892
v 0.01924406 -0.11509667 0.00293389
v 0.02141790 -0.11871707 0.00052408
v 0.01539677 -0.12235875 -0.00112414
v 0.01188240 -0.12450254 0.00064449
v 0.01540830 -0.12625068 -0.00051380
v 0.01824158 -0.12691550 0.00017618
v 0.01408215 -0.12791045 0.00315862
v 0.01092049 -0.12362515 0.01018418
v 0.02512336 -0.07707097 -0.02025179
v 0.00330890 -0.02519557 -0.01030673
v 0.00424587 -0.02611909 -0.01065655
v 0.03585891 -0.08160178 -0.01479957
v 0.04133349 -0.09008288 -0.01509986
v 0.03696258 -0.09468289 -0.01414158
v 0.03403478 -0.10770255 -0.01493772
v 0.03757057 -0.10978287 -0.01128738
v 0.03884346 -0.11264587 -0.01101879
v 0.03921466 -0.11804117 -0.01125718
v 0.03470903 -0.11392923 -0.01614311
v 0.03599431 -0.11479168 -0.01277209
v 0.03908285 -0.12171049 -0.01358048
v 0.04415043 -0.11634406 -0.00934744
v 0.04612848 -0.12372773 -0.00639934
v 0.04917622 -0.12462734 -0.00627436
v -0.09107279 -0.03880002 0.01139455
v -0.10623981 -0.00617315 -0.00603528
v -0.09878970 -0.01522831 -0.00238951
v -0.09671890 -0.01568095 -0.00157576
v -0.09667376 -0.01620377 0.00157543
v -0.09809711 -0.00938373 0.00021223
v -0.09542696 -0.01947735 0.00037368
v -0.10478541 -0.01347083 -0.00432559
v -0.10722075 -0.02236658 -0.00127554
v -0.10135236 -0.02074697 -0.00209651
v -0.10621928 -0.02028480 -0.00250961
v -0.09675785 -0.02510001 -0.00002588
v -0.09265754 -0.02799874 0.01142869
v -0.09426644 -0.02600998 0.00671253
v -0.09072125 -0.03449941 0.01187194
v -0.08067282 -0.02989435 0.00596187
v -0.08442757 -0.03212932 0.00924477
v -0.07744101 -0.03168603 0.00613254
v -0.07764642 -0.03844528 0.00933771
v -0.07296264 -0.03564401 0.00802867
v -0.08356532 -0.03988001 0.01068842
v -0.07913249 -0.04466692 0.01083532
v -0.09484245 -0.03490123 0.00552454
v -0.08732607 -0.04207314 0.01166534
v -0.08410590 -0.04568947 0.01109368
v -0.09158359 -0.04879032 0.01076362
v -0.10603373 -0.03324429 0.00442112
v -0.09709476 -0.04415427 0.00589980
v -0.10491341 -0.03703767 0.00955574
v -0.10700194 -0.03093170 0.00615876
v -0.08356232 -0.05251733 0.01171963
v -0.06996094 -0.04828996 0.01732590
v -0.08260331 -0.05981118 0.01368711
v -0.09365620 -0.05422498 0.00957011
v -0.09246939 -0.05687770 0.01078454
v -0.10329578 -0.05380019 0.00704124
v -0.10428745 -0.06498816 0.01872498
v -0.10516394 -0.06792530 0.01737199
v -0.10725515 -0.06827177 0.01618390
v -0.10454006 -0.07054797 0.02025226
v -0.10408400 -0.06663506 0.02283553
v -0.10166588 -0.08317020 0.01710806
v -0.10217125 -0.07597645 0.01463812
v -0.10831491 -0.06510142 0.01507275
v -0.11116731 -0.06842469 0.01242489
v -0.10814262 -0.07871635 0.01072698
v -0.10591356 -0.07540397 0.00597649
v -0.10078150 -0.07153544 0.01167047
v -0.09750905 -0.07280987 0.01135079
v -0.09116363 -0.09196243 0.01259413
v -0.09490445 -0.09304193 0.01307564
v -0.09792969 -0.09325592 0.01565304
v -0.08473659 -0.09588781 0.01566755
v -0.08667028 -0.08756004 0.01667225
v -0.08880763 -0.07654626 0.01309546
v -0.08419944 -0.08033969 0.02030161
v -0.06452084 -0.04131914 0.01754310
v -0.08493206 -0.07525226 0.01784092
v -0.08454370 -0.07083054 0.01593862
v -0.09493515 -0.06488901 0.01015671
v -0.08872309 -0.06339526 0.01159426
v -0.11076538 -0.07470898 0.00452415
v -0.11112547 -0.07011017 0.00605313
v -0.10598874 -0.07324110 0.00458184
v -0.10504725 -0.06759264 0.00416419
v -0.10201303 -0.06153455 0.00558247
v -0.10330687 -0.06565645 0.00475118
v -0.10907283 -0.06682999 0.00537342
v -0.11173687 -0.07048658 0.01131299
v -0.10999206 -0.06546869 0.00767268
v -0.08587141 -0.10039219 0.01144722
v -0.07264806 -0.11821458 0.01055011
v -0.08081912 -0.12077188 0.00802384
v -0.07778187 -0.11877135 0.00785847
v -0.07582402 -0.12232082 0.00844179
v -0.08231401 -0.11473121 0.00872844
v -0.08191301 -0.12588562 0.01776696
v -0.08335406 -0.12552479 0.01293981
v -0.08637428 -0.11860505 0.02018310
v -0.08642228 -0.12171832 0.01495647
v -0.08408799 -0.11748350 0.00897499
v -0.08907429 -0.11689956 0.01326215
v -0.08551563 -0.10510354 0.00997185
v -0.08802371 -0.11086652 0.00963108
v -0.09210777 -0.10286227 0.01042364
v -0.09523876 -0.10377478 0.01315898
v -0.09367954 -0.10789751 0.01301145
v -0.09274436 -0.10977088 0.01987290
v -0.09074046 0.02442011 -0.00010574
v -0.09706315 0.01428124 0.00376397
v -0.10757581 0.00423408 0.00148558
v -0.10631942 0.00666094 -0.00174680
v -0.11041066 -0.00421398 0.00363370
v -0.11043850 -0.00142748 -0.00218530
v -0.09206350 0.00385839 -0.02355097
v -0.08863291 0.01445351 -0.01830987
v -0.08896270 0.01652445 -0.01299886
v -0.10346352 0.00228851 -0.00717630
v -0.10873297 -0.00160971 -0.00408498
v -0.11135638 -0.00526066 -0.00080782
v -0.10815290 0.00110569 -0.00402594
v -0.10817377 -0.02085092 0.00841612
v -0.10984407 -0.01688833 0.00067597
v -0.09105687 -0.01707720 -0.02194929
v -0.09553930 0.00189712 -0.01034846
v -0.09715275 -0.00418051 -0.00755019
v -0.09820310 -0.00111509 -0.00791914
v -0.09420536 -0.00203998 0.02564786
v -0.09616941 0.00273556 0.01884884
v -0.09203213 -0.01986424 0.02637816
v -0.09608904 -0.00669047 0.01829828
v -0.09365547 -0.01716096 0.02073673
v -0.09691272 -0.01442723 0.01248075
v -0.09403645 -0.02042107 0.01770808
v -0.09421531 -0.02203091 0.01189134
v -0.09253640 -0.02441536 0.01273061
v -0.09235962 -0.03012098 0.01164070
v -0.09435374 -0.02348761 0.01050079
v -0.10305725 -0.03026921 0.01239716
v -0.10617316 -0.03073728 0.00906637
v -0.10261933 -0.03960723 0.01368161
v -0.10299425 -0.03465481 0.01271728
v -0.10256208 -0.04935087 0.01546776
v -0.10396899 -0.04741224 0.01199537
v -0.09946211 -0.05459737 0.01817793
v -0.09995579 -0.05978645 0.02141834
v -0.09276576 -0.02707546 0.01787123
v -0.09297405 -0.02766852 0.01481178
v -0.09442669 -0.03208869 0.01892552
v -0.09235616 -0.03461155 0.02624752
v -0.10087921 -0.04402735 0.01584260
v -0.09796125 -0.04685964 0.01742122
v -0.09624012 -0.04395153 0.01795539
v -0.09568810 -0.04704580 0.02122477
v -0.09593387 0.00935675 0.00921389
v -0.10471247 0.00242516 0.00556807
v -0.09990196 0.00072263 0.00703311
v -0.10211531 -0.01040846 0.00961309
v -0.10009527 -0.00890724 0.00829588
v -0.10024773 -0.02444360 0.01178244
v -0.09719778 -0.03047841 0.01309469
v -0.09561703 -0.00543661 0.00495087
v -0.08984322 -0.01836395 0.00695568
v -0.09221947 -0.01085772 0.00491653
v -0.09666292 -0.01628811 0.00659046
v -0.09791075 -0.00784919 0.00595879
v -0.09458981 -0.01900689 0.01128765
v -0.09445069 -0.02076307 0.01054141
v -0.08109447 -0.02395969 0.00007021
v -0.08175185 -0.02130891 -0.00194445
v -0.09276708 -0.02247150 0.01112192
v -0.09001611 -0.02372212 0.01016704
v -0.09384137 -0.02588924 0.01062674
v -0.09223706 -0.02708872 0.01264640
v -0.09174469 0.00312771 0.02834412
v -0.09227274 -0.00114038 0.02882558
v -0.08843587 0.00241389 0.03196635
v -0.08595414 0.00291325 0.03360832
v -0.08154362 0.00112547 0.03638234
v -0.08524323 0.00629808 0.03295557
v -0.08398762 0.00068718 0.03534807
v -0.07940251 -0.00127424 0.03775108
v -0.07854709 0.00210831 0.03721298
v -0.07860404 0.00561940 0.03595697
v -0.08676092 -0.00584016 0.03444901
v -0.08665033 -0.00149331 0.03411061
v -0.07715695 -0.00515445 0.03884885
v -0.09238084 -0.00623944 0.02856188
v -0.09500390 0.00609413 0.02019136
v -0.09291988 0.00810133 0.02364544
v -0.09636445 0.00590039 0.01323661
v -0.09085531 0.01457037 0.01504515
v -0.08821332 0.01852467 0.01155575
v -0.08850560 0.02050537 0.00772658
v -0.08500113 0.02354434 0.00772754
v -0.08844665 0.02438879 0.00248142
v -0.08059104 0.02557774 0.00932820
v -0.08200202 0.02346195 0.01237180
v -0.08869303 0.01691366 0.01616490
v -0.08486036 0.01848405 0.02129356
v -0.07442628 0.02458882 0.02166170
v -0.07806396 0.02217800 0.02277954
v -0.08143286 0.01896846 0.02474477
v -0.08527977 0.01525853 0.02616771
v -0.08739927 0.01144250 0.02808345
v -0.07835229 0.01347489 0.03234329
v -0.08244767 0.01470987 0.02920252
v -0.07829741 0.01926543 0.02712739
v -0.07754887 0.01661250 0.03037419
v -0.06941780 0.00951856 0.03533413
v -0.07351135 0.00713162 0.03620410
v -0.07329044 -0.00377343 0.03928069
v -0.06404953 -0.00017596 0.03795914
v -0.07216986 -0.01209145 0.04022730
v -0.09333275 -0.00838648 0.02586248
v -0.08438731 0.02811095 0.00054717
v -0.07757340 0.02874396 0.00578611
v -0.07220414 0.02837008 0.01435868
v -0.07344376 0.03009158 0.00775853
v -0.06871279 0.03203283 0.00559485
v -0.05533693 0.03435505 0.01027275
v -0.04666730 0.03667800 0.01014678
v -0.06933647 0.03366883 -0.00386771
v -0.04925279 0.03667770 -0.00499554
v -0.05433377 0.03631379 -0.00338103
v -0.05523861 0.03626810 0.00254481
v -0.06510375 -0.00893592 0.03919296
v -0.06073135 -0.00112926 0.03740399
v -0.06267888 0.00375893 0.03658604
v -0.06465142 0.00768625 0.03546221
v -0.05030136 -0.00500144 0.03333019
v -0.04971553 0.00030469 0.03274691
v -0.04563496 0.00007039 0.03353726
v -0.03753660 0.00165556 0.03647979
v -0.04226780 -0.00429157 0.03498675
v -0.03360849 0.00366138 0.03730285
v -0.03482715 0.00881941 0.03603778
v -0.03688013 -0.00607366 0.03685390
v -0.02874385 0.00344798 0.03804227
v -0.02548080 0.00769689 0.03747184
v -0.02376569 0.00712135 0.03754994
v -0.02439575 0.01154546 0.03644937
v -0.03650033 0.01537095 0.03377650
v -0.02570383 0.01512423 0.03507154
v -0.02689860 0.02022009 0.03267469
v -0.03044100 0.01701654 0.03395673
v -0.02541029 0.02528185 0.02961860
v -0.02034929 0.02127132 0.03251376
v -0.01421248 0.02298812 0.03436265
v -0.01710039 0.01667074 0.03541521
v -0.02131553 0.02933305 0.02787727
v -0.02669617 0.02973611 0.02633700
v -0.03017865 0.02764247 0.02788801
v -0.03061312 0.02339154 0.03073441
v -0.03473729 0.02128714 0.03141744
v -0.03448663 0.02571371 0.02878040
v -0.03968923 0.01887427 0.03174724
v -0.04265172 0.01295022 0.03283851
v -0.05259183 0.00251934 0.03305078
v -0.04994518 0.00685594 0.03209011
v -0.06161910 0.01642884 0.03135487
v -0.05859914 0.00803933 0.03405607
v -0.06572488 0.02060955 0.02911171
v -0.05950951 0.01982235 0.02874236
v -0.06039096 0.02290857 0.02630610
v -0.06840488 0.01661054 0.03193690
v -0.06764229 0.02396948 0.02571926
v -0.06991352 0.02456139 0.02437302
v -0.06358510 0.02551550 0.02396072
v -0.06434710 0.02771418 0.02068907
v -0.05715018 0.02760026 0.02138825
v -0.05194049 0.03454727 0.01266103
v -0.04800805 0.03462492 0.01465144
v -0.04561684 0.03301769 0.01796929
v -0.03962293 0.04066289 0.00289074
v -0.05002042 0.03788178 -0.00023302
v -0.04390244 0.03907596 0.00391579
v -0.04147607 0.03092156 0.02226719
v -0.03362337 0.03994642 0.01333871
v -0.03504007 0.04161011 0.00728533
v -0.03508085 0.04195733 -0.00338815
v -0.03227966 0.04340797 -0.00116389
v -0.02822181 0.04588525 0.00303952
v -0.02798202 0.04541693 0.00619540
v -0.02271094 0.05001630 0.00448854
v -0.03063717 0.04272374 0.00926728
v -0.02586135 0.04382236 0.01277211
v -0.02162166 0.04841897 0.01151250
v -0.02445237 0.04684461 0.00944154
v -0.02023754 0.05185540 0.00715532
v -0.01951294 0.05323710 0.00415576
v -0.00884706 0.06298465 0.00301061
v -0.01161174 0.05995829 0.00511702
v -0.00680853 0.06312412 0.00049532
v -0.00625521 0.06502548 0.00251433
v -0.00542175 0.06522403 0.00426689
v -0.05357292 0.00974006 0.03226303
v -0.04384953 0.02662757 0.02550654
v -0.02954509 0.03447827 0.02196137
v -0.02961701 0.04004288 0.01541857
v -0.02282726 0.04204139 0.01763943
v -0.01680068 0.04501941 0.01922790
v -0.01525795 0.05532175 0.00738583
v -0.00091408 0.06721217 0.00527047
v -0.00035455 0.06474113 0.00612962
v -0.00367679 0.05795065 0.00898993
v 0.00262389 0.06745533 0.00543337
v 0.00543014 0.07000750 0.00279851
v 0.01098076 0.06944551 -0.00072935
v 0.00918970 0.07026543 0.00404055
v 0.01274641 0.06998779 0.00542865
v 0.00921884 0.06738979 0.00595717
v 0.00969366 0.06262436 0.00765939
v 0.00232915 0.05842751 0.00890347
v 0.01582996 0.06068536 0.00923853
v 0.01727099 0.05895882 0.01112654
v 0.01468261 0.07146048 0.00402939
v -0.00319348 0.06666214 0.00190138
v 0.01370887 0.07169133 0.00236380
v 0.01988659 0.06886745 0.00598994
v 0.01775932 0.07077999 0.00495247
v 0.01790254 0.07169886 0.00255327
v 0.02907339 0.07262805 0.00260914
v 0.04152238 0.07481994 0.00059700
v 0.03481821 0.06941804 0.00666618
v 0.04516112 0.07476690 -0.00132060
v 0.04063984 0.07427297 0.00488486
v 0.02573140 0.06292623 0.00896954
v 0.02507537 0.06034113 0.01136716
v 0.03035265 0.06128159 0.01147310
v 0.03488655 0.06146252 0.01203417
v 0.02740789 0.05776189 0.01473013
v 0.02223741 0.05796125 0.01348116
v 0.01831859 0.05638881 0.01477845
v 0.02059847 0.05344386 0.01883790
v 0.02939933 0.04982534 0.02251357
v 0.02499350 0.05152806 0.02132214
v 0.03413571 0.05833906 0.01584190
v 0.04123816 0.06324551 0.01162908
v 0.04025700 0.05761685 0.01826519
v 0.04732046 0.06126596 0.01639485
v 0.04233272 0.06058264 0.01533698
v 0.04784803 0.06474802 0.01265145
v 0.05299952 0.07808790 0.00598858
v 0.03954068 0.06789389 0.00785150
v 0.04769028 0.06773371 0.00923370
v 0.05361765 0.06784619 0.01248523
v 0.04899773 0.05884466 0.01903275
v 0.05966643 0.07640924 0.00824162
v 0.06195956 0.06740738 0.01649904
v 0.05403186 0.06495957 0.01594513
v 0.05047221 0.05276752 0.02078659
v 0.03858514 0.05446418 0.02052447
v 0.04325775 0.05318283 0.02140245
v 0.03191499 0.05534512 0.01896379
v 0.03237381 0.05215783 0.02168405
v 0.03594059 0.04961699 0.02272072
v 0.03748496 0.04711590 0.02274434
v 0.04250813 0.04556420 0.02200774
v 0.01994884 0.04911214 0.02236321
v 0.01444511 0.04738145 0.02290763
v 0.02672496 0.04697331 0.02330688
v 0.02003682 0.04524074 0.02391415
v 0.01534173 0.03843138 0.02797947
v 0.01761958 0.04138444 0.02578412
v 0.01133772 0.04370663 0.02544021
v 0.01465239 0.05051305 0.02088254
v 0.01403241 0.05418281 0.01642123
v 0.02151051 0.06071210 0.01044489
v 0.00123950 0.04864069 0.02194608
v 0.01055865 0.05725360 0.01162098
v -0.00898425 0.05978298 0.00631298
v -0.00019686 0.05428966 0.01467662
v 0.00994121 0.05364096 0.01622777
v 0.00677018 0.05223205 0.01778913
v 0.00181928 0.05117259 0.01911509
v -0.00386728 0.05010410 0.02005295
v -0.00569886 0.05545537 0.01219905
v -0.01016492 0.04195340 0.02528339
v -0.02006880 0.03900940 0.02211578
v -0.02748991 0.03808096 0.01882348
v -0.01442403 0.02862383 0.03171241
v -0.01385515 0.03372936 0.02938083
v -0.02325194 0.03477086 0.02346566
v -0.01837190 0.03366670 0.02680125
v -0.00762410 0.03479557 0.03137688
v -0.01318651 0.03878301 0.02632437
v -0.01031305 0.03695812 0.02907350
v -0.00204986 0.03483085 0.03246969
v -0.02128088 0.01556375 0.03470600
v -0.01504712 0.00913940 0.03672186
v -0.01997805 0.00953718 0.03629153
v -0.02491204 0.00208698 0.03849891
v -0.01642094 0.00416580 0.03663607
v -0.01271197 -0.00040724 0.03663566
v -0.00784595 -0.00075996 0.03906454
v -0.00971132 0.00631279 0.03861260
v -0.01134667 0.01119439 0.03797599
v -0.01423913 0.01433768 0.03691596
v -0.00725008 0.01156553 0.04005472
v -0.00580346 0.00505208 0.04095344
v -0.00254325 0.00175128 0.04261385
v -0.00388654 -0.00275764 0.04160463
v -0.01415493 -0.00924196 0.03537516
v -0.00890827 -0.00975885 0.03552958
v -0.00752090 -0.00656864 0.03792150
v -0.00565773 -0.01065559 0.03703431
v -0.00082825 -0.00413320 0.04290107
v 0.00093116 -0.00158427 0.04370376
v 0.00187373 0.00115356 0.04393225
v 0.00113410 -0.01075054 0.03969678
v -0.01164652 -0.01689216 0.03165951
v -0.01876063 -0.00845409 0.03715360
v -0.02368583 -0.00291221 0.03887403
v -0.02954475 -0.01379875 0.03744398
v -0.03287694 -0.01675001 0.03617063
v -0.05745720 -0.00799413 0.03772989
v -0.05162850 -0.00937888 0.03411238
v -0.05298278 -0.01472702 0.03401022
v -0.07015494 -0.01629747 0.04044006
v -0.07814761 -0.01836949 0.04008127
v -0.07463567 -0.01907923 0.04084961
v -0.08277893 -0.02051635 0.03795189
v -0.07982153 -0.02396372 0.03970028
v -0.07242989 -0.02260250 0.04083691
v -0.10003801 -0.06787077 0.02929371
v -0.10035852 -0.07162144 0.02729118
v -0.09900544 -0.06223761 0.02696615
v -0.09150343 -0.07418851 0.03145637
v -0.09901284 -0.07982317 0.02495463
v -0.08436860 -0.09495737 0.02272925
v -0.08299841 -0.10053031 0.02226769
v -0.08699457 -0.08532480 0.02536550
v -0.08624478 -0.08929800 0.02424439
v -0.08714771 -0.09626427 0.02500794
v -0.09181523 -0.09755998 0.02575431
v -0.09473231 -0.10253453 0.02373358
v -0.09648228 -0.10029915 0.02015435
v -0.09465604 -0.08980975 0.02612736
v -0.05032852 0.01570641 0.03039464
v -0.05235051 0.01887479 0.02863299
v -0.04493971 0.01948247 0.02977909
v -0.04296009 0.02296193 0.02854817
v -0.04808737 0.02422746 0.02547285
v -0.06976844 0.02098528 0.02867856
v -0.06918665 0.02703508 0.02019298
v -0.07486235 0.02621139 0.01749461
v -0.07350928 0.01727862 0.03114335
v -0.07367114 0.02135793 0.02718025
v -0.07563763 0.01937587 0.02862962
v -0.05805018 -0.01405320 0.03738301
v -0.04860102 -0.01949075 0.03029475
v -0.04099494 -0.02250928 0.03115822
v -0.04362712 -0.02532821 0.02798124
v -0.05138287 -0.02194670 0.02831006
v -0.05257337 -0.02612635 0.02462634
v -0.05279584 -0.02800780 0.02160526
v -0.05201251 -0.02967237 0.01864260
v -0.03746285 -0.03014744 0.02464064
v -0.06236886 -0.04421943 0.02641497
v -0.06478600 -0.04631242 0.02390868
v -0.07299464 -0.04822398 0.03612513
v -0.05957867 -0.03920105 0.02663147
v -0.06274863 -0.04300901 0.02994215
v -0.06059369 -0.03844296 0.03058651
v -0.05932478 -0.03456867 0.03129784
v -0.05686080 -0.03357103 0.02777024
v -0.05504872 -0.02649039 0.02993227
v -0.05567671 -0.01803287 0.03473870
v -0.06100392 -0.01989626 0.03693981
v -0.05221327 -0.01897001 0.03127747
v -0.03619592 -0.01964918 0.03419190
v -0.07455378 -0.02714783 0.04072181
v -0.07705747 -0.02458511 0.04055052
v -0.07642416 -0.03459074 0.04009708
v -0.06944302 -0.03202597 0.03929219
v -0.08395766 -0.03390954 0.03733974
v -0.08709807 -0.03878003 0.03431394
v -0.08449458 -0.04063297 0.03666637
v -0.09775689 -0.05832479 0.02487782
v -0.09197900 -0.04598295 0.02822497
v -0.09041639 -0.03963767 0.03016154
v -0.09014688 -0.04894206 0.03190706
v -0.09019393 -0.05290423 0.03327907
v -0.09481585 -0.05782102 0.03003546
v -0.09238525 -0.05652309 0.03241526
v -0.09639364 -0.06392831 0.03119738
v -0.09069123 -0.06920354 0.03269335
v -0.08757968 -0.07571239 0.02993284
v -0.08670126 -0.07051931 0.03184136
v -0.08932802 -0.08296926 0.02764896
v -0.07866721 -0.06829762 0.02403654
v -0.08190036 -0.07202304 0.02732969
v -0.08317029 -0.06914473 0.03069189
v -0.07762852 -0.06368964 0.02226303
v -0.07652470 -0.06468560 0.02607133
v -0.08258415 -0.06350804 0.03272242
v -0.07857257 -0.05776732 0.03361367
v -0.07471535 -0.05465356 0.03322109
v -0.07394506 -0.05793021 0.03012594
v -0.08684941 -0.06597631 0.03314837
v -0.09046499 -0.06438073 0.03340239
v -0.08317735 -0.04894291 0.03665695
v -0.08846958 -0.04456755 0.03279488
v -0.07989280 -0.04396825 0.03855442
v -0.07086002 -0.04054816 0.03832043
v -0.07612761 -0.04763782 0.03774465
v -0.06858941 -0.04349284 0.03566098
v -0.06273298 -0.03524182 0.03480822
v -0.06068472 -0.02875903 0.03495939
v -0.06665084 -0.03815645 0.03663604
v -0.07011007 -0.03640420 0.03886465
v -0.03826206 -0.02721053 0.02759867
v -0.03176317 -0.02822649 0.02807377
v -0.03000259 -0.03077337 0.02438238
v -0.03498913 -0.03234166 0.02168842
v -0.02335981 -0.02867621 0.02729118
v -0.01890957 -0.02903286 0.02518851
v -0.02491847 -0.03381312 0.01811284
v -0.01580220 -0.03215754 0.01310320
v -0.01854259 -0.03537431 0.01023255
v -0.01560909 -0.02890726 0.01932939
v -0.01459558 -0.02548693 0.02453693
v -0.01323834 -0.02756945 0.01874312
v -0.01434149 -0.03020394 0.01334418
v -0.01171561 -0.03061778 0.00885198
v -0.01266250 -0.02918293 0.01413173
v -0.01016137 -0.02791210 0.01749609
v -0.00861782 -0.03008031 0.01426126
v -0.01062689 -0.01953415 0.02964031
v -0.00867268 -0.02407434 0.02462714
v -0.00573367 -0.02276869 0.02846907
v -0.00745556 -0.02445964 0.02543546
v -0.00333388 -0.02943644 0.03039256
v -0.00647428 -0.02085422 0.02919970
v -0.00852932 -0.02083984 0.02823125
v -0.01795181 -0.02551810 0.02913129
v -0.02045439 -0.02605161 0.03050576
v -0.01812253 -0.02338742 0.03129481
v -0.02001371 -0.02298483 0.03263817
v -0.02169681 -0.02442995 0.03205017
v -0.02048639 -0.01935207 0.03465155
v -0.01608272 -0.02002406 0.03194551
v -0.00337680 -0.02417407 0.03081443
v -0.00177813 -0.02090911 0.03344830
v -0.00110037 -0.02962193 0.03254863
v 0.00257097 -0.02995311 0.03464997
v -0.00500586 -0.03379487 0.02780413
v 0.00556639 -0.03127043 0.03515481
v 0.00910763 -0.03098088 0.03469229
v 0.00626238 -0.01647617 0.03659818
v 0.00762606 -0.02328981 0.03553345
v 0.01491969 -0.02190192 0.03314121
v 0.01366219 -0.02705415 0.03331497
v 0.01113696 -0.01691941 0.03551123
v 0.01511871 -0.01675744 0.03372407
v 0.01730487 -0.02643797 0.03142276
v 0.01821774 -0.03063217 0.02999487
v 0.02060465 -0.03069347 0.02640332
v 0.01418728 -0.03285201 0.03273527
v 0.01906592 -0.03357581 0.02809851
v 0.01513359 -0.03665193 0.03155864
v 0.00780582 -0.03559366 0.03449593
v 0.00506985 -0.03688604 0.03431651
v -0.00194824 -0.03697651 0.03059443
v -0.00645807 -0.03839414 0.02349992
v -0.00777623 -0.03090237 0.00765313
v -0.01580292 -0.03310322 0.00921842
v -0.01545458 -0.03347279 0.00562854
v -0.01684000 -0.03488763 0.00221670
v -0.01409210 -0.03269920 0.00279525
v -0.02217707 -0.03636673 0.00861064
v -0.02502377 -0.02635035 0.03040362
v -0.02356733 -0.02139860 0.03414659
v -0.02532822 -0.01290624 0.03781234
v -0.02241366 -0.01432111 0.03712566
v -0.03026040 -0.02091571 0.03425890
v -0.02818286 -0.02493239 0.03153128
v -0.05488763 -0.02970989 0.02271311
v -0.07745516 -0.05204015 0.03606010
v -0.07155287 -0.05685078 0.02676355
v -0.03852936 0.02836160 0.02587224
v 0.02576857 -0.01593029 0.01904420
v 0.03085866 -0.00745050 0.01312291
v 0.02575005 -0.01484732 0.01442059
v 0.02862922 -0.01236127 0.01793641
v 0.02948131 -0.01124503 0.02145759
v 0.02821924 -0.01151339 0.02375126
v 0.02199842 -0.01911286 0.01390918
v 0.02144586 -0.02769439 0.02450147
v 0.02160056 -0.03448343 0.02162566
v 0.02181065 -0.03030798 0.02320940
v 0.02225314 -0.02372886 0.02192773
v 0.02245068 -0.02817525 0.02086439
v 0.02146308 -0.03465746 0.01807501
v 0.02209985 -0.02905929 0.01754838
v 0.03378078 -0.00504769 0.02065443
v 0.03135484 -0.00535090 0.02973472
v 0.02105659 -0.02572478 0.01535091
v 0.02261186 -0.02231183 0.01846363
v 0.03542889 -0.00153230 0.02460430
v 0.03616250 0.00647133 0.02645171
v 0.03450308 0.00606198 0.03008505
v 0.03394727 0.00081081 0.02965010
v 0.03006230 -0.00783293 0.02855298
v 0.02836423 -0.00663192 0.03254578
v 0.03013650 -0.00353052 0.03277335
v 0.02556675 -0.00564425 0.03558718
v 0.02712821 -0.01020613 0.02893663
v 0.01847926 -0.01529425 0.03146858
v 0.01569719 -0.01187947 0.03505401
v 0.01276627 -0.00809028 0.03814483
v 0.01047649 -0.01202193 0.03718559
v 0.00730141 -0.00852169 0.04062869
v 0.01150237 -0.00259525 0.04191406
v 0.01007287 -0.00576738 0.04111355
v 0.00782235 -0.00212030 0.04375846
v 0.00605300 0.00195259 0.04423157
v 0.01478310 0.00097542 0.04109450
v -0.00060078 0.00648030 0.04310187
v 0.01027836 0.00330379 0.04343007
v 0.01207666 0.00137805 0.04269149
v 0.00382741 0.00933300 0.04351802
v 0.00777080 0.00767811 0.04363060
v 0.02115719 -0.01620185 0.02691615
v 0.02476943 -0.01404104 0.02409589
v 0.02451691 -0.01012315 0.03199311
v 0.02710103 -0.00071811 0.03656600
v 0.02397047 -0.00798973 0.03473166
v 0.01966576 -0.00912718 0.03545957
v 0.02049376 -0.00500863 0.03760478
v 0.02033128 -0.01117002 0.03359794
v 0.02172709 -0.01365979 0.02923195
v 0.03610669 0.00042556 0.01915045
v 0.03611973 0.00517037 0.01115271
v 0.03451635 0.00240262 0.00747283
v 0.03679793 0.00739397 0.00720546
v 0.03696560 0.00554890 0.01588761
v 0.03736532 0.00862867 0.01252517
v 0.03857296 0.01844356 0.02160017
v 0.04329119 0.01689887 0.01081983
v 0.04542938 0.02131158 0.01213718
v 0.04223610 0.01924663 0.01565918
v 0.04155625 0.02283202 0.01851089
v 0.02479314 0.00112343 0.03815381
v 0.02229877 0.00003641 0.03881486
v 0.02092604 0.00401431 0.03945478
v 0.01426308 0.01217097 0.04147130
v -0.00092907 0.01096256 0.04271116
v -0.00383261 0.00905198 0.04192374
v -0.00447582 0.01536328 0.04070437
v -0.00305281 0.01929055 0.04009850
v 0.01048183 0.00880700 0.04299920
v 0.01315848 0.01716980 0.04106839
v 0.01419201 0.00595508 0.04187643
v 0.00174533 0.01878735 0.04139045
v -0.00120597 0.02253881 0.03947285
v 0.00625831 0.02361789 0.03964100
v 0.01502853 0.02171569 0.03942887
v 0.00985826 0.02156640 0.04029592
v 0.01566783 0.02597703 0.03743284
v 0.01957215 0.03271191 0.03069994
v 0.02641084 0.03101231 0.02800694
v 0.02893243 0.02803932 0.02861377
v 0.02461259 0.02516981 0.03389373
v 0.02077638 0.02559522 0.03560618
v 0.03261498 0.02116022 0.02982616
v 0.02834065 0.02296200 0.03260018
v 0.03128071 0.01377864 0.03324750
v 0.03396212 0.01192938 0.03085619
v 0.02238839 0.01737011 0.03769997
v 0.03547321 0.01921674 0.02658490
v 0.03703997 0.01416666 0.02477078
v 0.04404117 0.02781810 0.01856882
v 0.05187486 0.02724461 0.01118434
v 0.05378887 0.02642736 0.00616362
v 0.05227592 0.03031269 0.01509056
v 0.04908650 0.03002588 0.01693633
v 0.05844434 0.03102814 0.00910002
v 0.05623214 0.02783078 0.00258517
v 0.06277129 0.04012225 0.01408895
v 0.05420594 0.03373007 0.01640505
v 0.05646325 0.03759177 0.01696635
v 0.04613569 0.03323748 0.01957530
v 0.05764108 0.04175426 0.01734056
v 0.05702567 0.04578461 0.01792115
v 0.05542661 0.04983018 0.01897990
v 0.06679016 0.04348798 0.01302442
v 0.06227466 0.04514237 0.01614670
v 0.06710028 0.04725125 0.01492511
v 0.06958455 0.05154729 0.01543260
v 0.07172256 0.04814141 0.01290069
v 0.07202622 0.04212553 0.00373745
v 0.07557587 0.04788310 0.00882242
v 0.06228651 0.04893889 0.01669649
v 0.06492250 0.07322968 0.01285365
v 0.06964970 0.05673221 0.01673241
v 0.07409444 0.05657989 0.01510108
v 0.07957336 0.06090509 0.01435961
v 0.08021468 0.05124672 0.00518442
v 0.08009671 0.06581443 0.01569720
v 0.08237986 0.05952248 0.01188811
v 0.07764577 0.04735970 0.00156221
v 0.06561959 0.03644506 0.00602201
v 0.08339285 0.05380675 0.00226476
v 0.08742747 0.05816940 0.00308460
v 0.08514216 0.05646001 0.00555916
v 0.08611038 0.05556526 -0.00105645
v 0.08001755 0.05124420 -0.00588350
v 0.08460781 0.05584991 -0.00467301
v 0.09115576 0.06244146 0.00383916
v 0.08711492 0.06056636 0.00812487
v 0.08763279 0.06392150 0.01070020
v 0.08462138 0.06623732 0.01409267
v 0.09740797 0.06989954 -0.00078751
v 0.10574079 0.08110113 0.00189456
v 0.06988712 0.03930053 -0.00065062
v 0.06735671 0.03763140 0.00295171
v 0.06553747 0.03510810 -0.00335259
v 0.06192530 0.03139078 -0.00359715
v 0.05731422 0.02772167 -0.00293132
v -0.00099662 -0.05084098 0.02851593
v -0.00504935 -0.04967048 0.02227791
v -0.00259401 -0.05707018 0.02685437
v -0.00025732 -0.05887984 0.02861108
v 0.00013249 -0.06395145 0.02860643
v 0.00297828 -0.06674857 0.02881020
v 0.00530452 -0.07104424 0.02801197
v 0.00688584 -0.06570737 0.02928848
v 0.00686483 -0.05900795 0.03015975
v 0.00184903 -0.04931837 0.03058327
v 0.01405784 -0.06268377 0.02713657
v 0.00632517 -0.04995252 0.03142180
v 0.01199310 -0.04998414 0.03056801
v 0.00898811 -0.06975286 0.02804007
v 0.01139988 -0.06567334 0.02829643
v 0.00284908 -0.07293594 0.02700796
v 0.00017145 -0.07141429 0.02592132
v 0.01092235 -0.07189037 0.02687687
v 0.01064270 -0.07486887 0.02563505
v 0.01381511 -0.06887819 0.02563968
v 0.01523560 -0.05786330 0.02594542
v 0.01487604 -0.05365127 0.02661691
v 0.01372954 -0.04559407 0.03014774
v 0.01120619 -0.04428577 0.03218516
v 0.01267623 -0.04166589 0.03204170
v 0.00814907 -0.04105609 0.03336958
v 0.01570162 -0.03980000 0.02998492
v 0.01197683 -0.03792907 0.03312071
v 0.01695665 -0.04755682 0.02543627
v 0.01925670 -0.04661592 0.02232897
v 0.01914262 -0.04461253 0.01942989
v 0.02029744 -0.04096615 0.02033126
v 0.02113819 -0.03738157 0.02140991
v 0.01618823 -0.05789945 0.01999059
v 0.01696298 -0.05327680 0.02040650
v 0.01654849 -0.05448081 0.02336808
v 0.15363884 0.15909982 -0.00424719
v 0.15645283 0.15062015 -0.00358640
v 0.15468803 0.15679520 0.00230442
v 0.15564813 0.15443961 -0.00100668
v 0.15219502 0.16205567 0.00062169
v 0.15163091 0.16445847 0.00434273
v 0.14434019 0.16250852 -0.00032367
v 0.14046776 0.15935534 -0.00273805
v 0.13849694 0.16228005 -0.00615056
v 0.13733003 0.16458285 -0.00839347
v 0.12973538 0.15323900 -0.00611956
v 0.13079982 0.15482256 -0.00411651
v 0.12748137 0.16102968 -0.01014391
v 0.13083893 0.15937802 -0.00527164
v 0.12934378 0.16288544 -0.00703863
v 0.12752229 0.16358747 -0.00989875
v 0.13171238 0.16531128 -0.00699889
v 0.13283563 0.15608706 -0.00280025
v 0.13568991 0.15711945 -0.00088811
v 0.13512090 0.16387829 -0.00622875
v 0.13680790 0.16317998 -0.00981966
v 0.13186182 0.16787088 -0.01237155
v 0.12871900 0.16912203 -0.01376376
v 0.13011006 0.16875713 -0.01447528
v 0.12785091 0.16693138 -0.01110232
v 0.12711009 0.16871041 -0.01426571
v 0.14192422 0.16386296 0.00540336
v 0.13870771 0.16129659 0.00716630
v 0.13791791 0.16303009 0.00903401
v 0.12906410 0.15275957 0.00576761
v 0.13231395 0.15551707 0.00770336
v 0.12800851 0.15028492 0.00847207
v 0.12588564 0.15401447 0.00203080
v 0.12216927 0.15194884 0.00175968
v 0.13782945 0.12371219 0.00101376
v 0.13794902 0.12663856 0.00677926
v 0.13427681 0.12354788 0.00477330
v 0.13007048 0.11798936 0.00197454
v 0.13050508 0.12108335 0.00539152
v 0.13135134 0.13432744 0.01241883
v 0.14509730 0.13451831 0.01401185
v 0.13348339 0.13117906 0.01146407
v 0.12617488 0.11547112 0.00536727
v 0.10224140 0.13133389 0.00352116
v 0.10863756 0.12733248 0.00780020
v 0.10502349 0.12357026 0.00770355
v 0.08894038 0.11491346 0.00535335
v 0.14482419 0.16567431 0.00864652
v 0.14517552 0.16239494 0.01016219
v 0.14956537 0.15976797 0.01029754
v 0.13841647 0.16053581 0.01411517
v 0.13977450 0.16310029 0.01121225
v 0.13654119 0.16508150 0.01140807
v 0.13751991 0.16580300 0.01266947
v 0.13657676 0.16666287 0.01548695
v 0.13848349 0.16453913 0.01391361
v 0.13939331 0.16194925 0.01332225
v 0.13423283 0.16478786 0.01173823
v 0.13100153 0.15939261 0.01185656
v 0.12847237 0.16169834 0.01527850
v 0.12945451 0.16479775 0.01495821
v 0.12893251 0.16669206 0.01712383
v 0.12742813 0.16324462 0.01883437
v 0.12757832 0.16199619 0.02010587
v 0.13025537 0.15796512 0.01975963
v 0.12905112 0.15703374 0.01821491
v 0.13032407 0.15481512 0.01597951
v 0.12402837 0.14523831 0.00858171
v 0.11801098 0.14210510 0.00554039
v 0.13242175 0.15444788 0.01548401
v 0.13184850 0.15621562 0.01787195
v 0.13295878 0.15682752 0.01686516
v 0.12789936 0.13874812 0.01224561
v 0.11434156 0.13066049 0.00982134
v 0.11295482 0.12664507 0.01088340
v 0.11330298 0.12318025 0.01231751
v 0.11767666 0.12124752 0.01299630
v 0.11121342 0.13406360 0.00613253
v 0.12062772 0.13929631 0.00954397
v 0.11777540 0.13699324 0.00867337
v 0.11749586 0.13348415 0.01042759
v 0.12223034 0.13565508 0.01151565
v 0.12312306 0.13061503 0.01273811
v 0.12140363 0.12664278 0.01295826
v 0.10730154 0.11869305 0.01121997
v 0.09980016 0.11059181 0.01075027
v 0.08518142 0.10575964 0.00662000
v 0.08900107 0.10955076 0.00723494
v 0.15083915 0.15446478 0.01088823
v 0.15366045 0.15405755 0.00750396
v 0.14570899 0.15472810 0.01266972
v 0.14088334 0.15248334 0.01364154
v 0.15732345 0.14651729 0.00994897
v 0.16018568 0.13901049 0.00845783
v 0.15941834 0.14359915 0.00760527
v 0.14943466 0.14587609 0.01456599
v 0.15431981 0.14457002 0.01345108
v 0.13752294 0.14814346 0.01346039
v 0.13229336 0.14155546 0.01244394
v 0.13936922 0.14179575 0.01446602
v 0.14022766 0.13810328 0.01479901
v 0.12985149 0.16861987 0.01801123
v 0.13167614 0.16908500 0.01801801
v 0.12953512 0.16707325 0.01906310
v 0.13231787 0.16802481 0.01833237
v 0.12851900 0.16573013 0.01943886
v 0.12918712 0.16443762 0.02078296
v 0.13072008 0.16128370 0.02009187
v 0.13683119 0.16355701 0.01552888
v 0.13392629 0.16350549 0.01680476
v 0.13482530 0.16740249 0.01358570
v 0.13163836 0.16404244 0.01878960
v 0.12689351 0.12910151 0.01218480
v 0.12579766 0.11972860 0.00913407
v 0.12462480 0.12422051 0.01187202
v 0.12263487 0.11996081 0.01165960
v 0.11683863 0.10056561 0.00541007
v 0.11509693 0.10718763 0.01112780
v 0.11414512 0.10025564 0.00873401
v 0.10499548 0.11122221 0.01268434
v 0.09037192 0.10448326 0.00861426
v 0.10408215 0.09596989 0.01337908
v 0.09308045 0.09470209 0.01388771
v 0.10558936 0.09171028 0.01190792
v 0.10072108 0.08915133 0.01355229
v 0.09829742 0.08360744 0.01323356
v 0.10313175 0.07968287 0.00692308
v 0.10036318 0.07370110 0.00239160
v 0.11052944 0.09930056 0.01159899
v 0.11273566 0.10365544 0.01154268
v 0.11088859 0.08928860 0.00177051
v 0.11321130 0.11086290 0.01284476
v 0.07656997 0.09717419 0.00539471
v 0.07361921 0.09205407 0.00642279
v 0.06642888 0.08859009 0.00555870
v 0.08237913 0.09020877 0.01143877
v 0.09106150 0.08274195 0.01516319
v 0.07022056 0.09001641 0.00618736
v 0.06882644 0.08502670 0.00762826
v 0.06323076 0.08661801 0.00516254
v 0.05854079 0.08331941 0.00480551
v 0.07023694 0.08184125 0.00913150
v 0.07515605 0.08180305 0.01274045
v 0.06552421 0.07797195 0.00927378
v 0.06853814 0.07738775 0.01164791
v 0.05395823 0.08188692 0.00302743
v 0.05707581 0.08197366 -0.00042580
v 0.09450012 0.07580470 0.01271110
v 0.09144964 0.07048491 0.01193300
v 0.08685336 0.07192278 0.01502804
v 0.07460316 0.07512529 0.01597990
v 0.07091178 0.06775647 0.01738065
v 0.06946854 0.07356200 0.01519306
v 0.16260993 0.13378394 0.00804979
v 0.15979920 0.14759091 0.00275099
v 0.15944825 0.14794573 -0.00122532
v 0.17081174 0.13606854 -0.00072280
v 0.17252527 0.13533393 0.00133421
v 0.17222524 0.13149856 -0.00483756
v 0.17213106 0.13376847 0.00523987
v 0.16523902 0.13461930 0.00714718
v 0.17548776 0.13411963 0.00275071
v 0.17437477 0.13161284 0.00654416
v 0.17569038 0.12956256 0.00719097
v 0.17616709 0.13305292 -0.00087817
v 0.17863110 0.13145418 -0.00118812
v 0.18020439 0.12950251 -0.00025049
v 0.17034285 0.13432340 -0.00323490
v 0.15773581 0.12128178 -0.00224042
v 0.15800752 0.12083131 -0.00008047
v 0.16237637 0.11856841 -0.00212628
v 0.18090075 0.12715413 -0.00081375
v 0.17568485 0.11761776 0.00130838
v 0.17783144 0.11931631 0.00305167
v 0.17557743 0.11871572 0.00414998
v 0.17746313 0.12047353 0.00494803
v 0.17865653 0.12516156 0.00461180
v 0.17698644 0.12627344 0.00700897
v 0.17648017 0.12230349 0.00679006
v 0.17219606 0.12841387 0.00833964
v 0.16992724 0.12597832 0.00882128
v 0.16656908 0.12955581 0.00831783
v 0.15871055 0.13183360 0.00905891
v 0.15460946 0.13790698 0.01184448
v 0.15218605 0.12213900 0.00130101
v 0.14891836 0.12282671 -0.00179609
v 0.16252734 0.11888475 0.00081925
v 0.15940835 0.12140168 0.00281061
v 0.16583893 0.11620478 -0.00204958
v 0.16375668 0.12032110 0.00426049
v 0.16518880 0.11737369 0.00172518
v 0.16721268 0.11589344 0.00056234
v 0.18052782 0.12402868 -0.00168771
v 0.17780575 0.11770850 -0.00000458
v 0.17877562 0.11756975 -0.00214017
v 0.17617306 0.11637219 -0.00208290
v 0.17090754 0.12207343 0.00775500
v 0.17410131 0.12328231 0.00808787
v 0.17276949 0.11640187 -0.00099647
v 0.15396103 0.12922883 0.01002554
v 0.16496825 0.12618688 0.00861850
v 0.01599757 -0.06208992 0.02123756
v 0.01511873 -0.06913171 0.01927865
v 0.01145354 -0.08376940 0.01390871
v 0.01229760 -0.08678152 0.01484768
v 0.01299395 -0.08049693 0.01752165
v 0.01142277 -0.09209955 0.01261726
v 0.01309672 -0.09491584 0.01390099
v 0.01322125 -0.09748314 0.01133087
v 0.01192237 -0.08262489 0.01998648
v 0.01341143 -0.07736716 0.01951314
v 0.01182413 -0.07700297 0.02252303
v 0.00659844 -0.07685816 0.02652292
v 0.00659595 -0.08091176 0.02573501
v 0.01204003 -0.09290323 0.01928646
v 0.01329248 -0.09468494 0.01710834
v 0.00549850 -0.09745643 0.02322478
v 0.00467588 -0.10332253 0.02237539
v 0.00308226 -0.08610102 0.02458021
v 0.00111085 -0.08977396 0.02270085
v 0.00353987 -0.09279667 0.02343414
v 0.01046106 -0.10457853 0.02232750
v 0.00020652 -0.09362388 0.02055372
v 0.01585642 -0.10783928 0.00791555
v 0.01012344 -0.11037909 0.02082952
v 0.01285017 -0.11096453 0.02017429
v 0.01549612 -0.10793928 0.01871823
v 0.00712413 -0.11132292 0.01887375
v 0.00863440 -0.11482759 0.01628093
v 0.02252726 -0.11513808 0.00687478
v 0.01006998 -0.11952358 0.01435907
v 0.01595853 -0.11481353 0.01896495
v 0.01818919 -0.12111380 0.01907127
v 0.01875167 -0.11296742 0.01670417
v 0.02022941 -0.11791899 0.01822475
v 0.02148737 -0.11337195 0.01407464
v 0.01877396 -0.12441002 0.01846711
v 0.01239014 -0.12542713 0.01450889
v 0.02178196 -0.12282603 0.01797587
v 0.02386738 -0.12046283 0.01664091
v 0.02311764 -0.11537905 0.01156513
v 0.02480111 -0.12558334 0.01183543
v 0.02466953 -0.11962781 0.00893302
v 0.02453066 -0.11857538 0.01320481
v 0.09218569 0.06543374 0.00688767
v 0.02113194 0.03623675 0.02720977
v 0.02856473 0.03653055 0.02366817
v 0.03368300 0.03378449 0.02298991
v 0.03957045 0.02642101 0.02097248
v 0.04105049 0.03424810 0.02154731
v 0.03297861 0.03936793 0.02263250
v 0.03547352 0.04389349 0.02262909
v 0.04226508 0.04142072 0.02149588
v 0.04735823 0.04513326 0.02087060
v 0.01162999 0.03298909 0.03290547
v 0.00789790 0.03175130 0.03433337
v 0.00465522 0.03704837 0.03075469
v -0.00091408 0.03904340 0.02968794
v -0.00762178 0.04929030 0.01991414
v -0.00974136 0.05270910 0.01535885
v -0.09197644 -0.08177590 0.02892728
v -0.09132901 -0.08959220 0.02677686
v -0.09704282 -0.08618793 0.02514484
v 0.01637420 -0.10620461 0.01045761
v 0.01750569 -0.10737175 0.01306462
v -0.00529930 0.04560902 0.02392880
v -0.00579998 0.02740338 0.03601360
v 0.00191092 0.02917949 0.03623882
v -0.08065571 -0.10432554 0.01630292
v -0.08792590 -0.10218237 0.02576045
v -0.08498853 -0.10317588 0.02465165
v -0.08313759 -0.10768050 0.02466371
v -0.07811323 -0.10855697 0.01559576
v -0.07740709 -0.11063548 0.02056265
v -0.08106190 -0.11101918 0.02400508
v -0.07395650 -0.11345460 0.02015205
v -0.08253553 -0.11581691 0.02460836
v -0.08537232 -0.11689114 0.02312667
v -0.07188533 -0.11521904 0.01672101
v -0.07048807 -0.11944412 0.01449327
v -0.07234234 -0.11535119 0.01226321
v -0.07052247 -0.12072779 0.01862012
v -0.07134865 -0.12294990 0.01424862
v -0.07223962 -0.12379665 0.01756125
v -0.07895520 -0.12223238 0.02470257
v -0.07504299 -0.12192819 0.02518042
v -0.08598733 0.02769238 -0.00119632
v -0.08734595 0.02505526 -0.00564776
v -0.08929069 0.02535243 -0.00260937
v -0.08536892 0.02773626 -0.00347170
v -0.08191466 0.02804482 -0.00622330
v -0.07889832 0.03044198 -0.00449412
v -0.06419353 0.03382234 -0.00656959
v -0.06147870 0.03340514 -0.00879876
v -0.06056933 0.03134501 -0.01364699
v -0.05591881 0.03255762 -0.01194510
v -0.05260224 0.03113153 -0.01476302
v -0.05440854 0.02545208 -0.02252850
v -0.05928800 0.02577811 -0.02350764
v -0.05417360 0.02118150 -0.02762694
v -0.06013571 0.01962233 -0.03113354
v -0.05904483 0.02282854 -0.02757810
v -0.06438228 0.02695723 -0.02202166
v -0.06325560 0.02432817 -0.02591343
v -0.06824929 0.02700236 -0.02071050
v -0.06787171 0.02432911 -0.02527291
v -0.06464542 0.01939052 -0.03127779
v -0.07002356 0.01908255 -0.03118114
v -0.06908247 0.01748145 -0.03250437
v -0.06416308 0.01560323 -0.03423408
v -0.06859514 0.01504192 -0.03424991
v -0.06579874 0.02191289 -0.02873736
v -0.07175286 0.01664600 -0.03249630
v -0.06784943 0.01210377 -0.03609422
v -0.07147432 0.02141382 -0.02821068
v -0.07500806 0.01899040 -0.02882041
v -0.07866464 0.02003804 -0.02463640
v -0.07332933 0.02389959 -0.02291603
v -0.08491855 0.02426816 -0.00899933
v -0.08118115 0.02209996 -0.01832567
v -0.07665826 0.01487534 -0.03153075
v -0.07968734 0.01597624 -0.02842940
v -0.08242809 0.01036809 -0.03109360
v -0.08690853 0.01098243 -0.02643998
v -0.08516667 0.01461448 -0.02526433
v -0.08644359 0.00667968 -0.02998633
v -0.07618498 0.00871067 -0.03500130
v -0.07389391 0.00490909 -0.03719496
v -0.08062787 0.00570942 -0.03460584
v -0.08270466 -0.00239415 -0.03485320
v -0.08240858 0.00238079 -0.03458235
v -0.08475744 0.00445787 -0.03226821
v -0.08993232 0.00376614 -0.02781105
v -0.08714733 0.00072613 -0.03092960
v -0.09119681 -0.00410171 -0.02641044
v -0.09110857 0.00016141 -0.02704936
v -0.08568513 0.01748893 -0.01977783
v -0.08858188 0.02076227 -0.00954606
v -0.08556817 0.02035839 -0.01413439
v -0.04529173 0.03633106 -0.00832067
v -0.03053752 0.04188886 -0.00838181
v -0.02416568 0.04644689 -0.00372934
v -0.03794672 0.03849705 -0.00909556
v -0.03808399 0.03394511 -0.01645971
v -0.03438031 0.03307928 -0.01994032
v -0.02823918 0.03321069 -0.02345043
v -0.02410011 0.04276323 -0.01326927
v -0.02208356 0.04586868 -0.00974932
v -0.02861631 0.04464578 -0.00111106
v -0.01403984 0.05372510 -0.00585050
v -0.01820228 0.05305235 0.00027856
v -0.01540260 0.05003190 -0.01219221
v -0.02108269 0.04222443 -0.01684539
v -0.01701993 0.04267855 -0.01997936
v -0.01905100 0.04603332 -0.01382137
v -0.01498835 0.04684402 -0.01740626
v -0.01005831 0.05208176 -0.01509426
v -0.01089723 0.05410654 -0.01008362
v -0.00749052 0.05415426 -0.01336061
v -0.01040309 0.05786165 -0.00089223
v -0.00446140 0.05287850 -0.01664287
v -0.00671062 0.04959827 -0.01994620
v 0.00379732 0.06745394 -0.00126939
v 0.00741026 0.06938241 -0.00006413
v 0.00649055 0.06382262 -0.00383088
v 0.00190273 0.06859402 0.00053393
v 0.00323697 0.06969979 0.00170834
v -0.00159595 0.06236243 -0.00294154
v 0.00156864 0.06310154 -0.00341971
v -0.00070536 0.05933861 -0.00530157
v -0.00619392 0.05932862 -0.00260055
v 0.00716692 0.06166852 -0.00507315
v 0.00334476 0.05803725 -0.01053741
v 0.00605477 0.06000944 -0.00769187
v 0.00859571 0.06102984 -0.00623513
v 0.01390300 0.06374010 -0.00448295
v 0.01094968 0.06039921 -0.00916360
v 0.01413053 0.06139106 -0.00713550
v 0.01601295 0.06114537 -0.00940301
v 0.01714744 0.06767409 -0.00244076
v 0.02115213 0.06918132 -0.00155504
v 0.02906648 0.06579499 -0.00416383
v 0.03152434 0.06973021 -0.00258982
v 0.02587303 0.06367487 -0.00544308
v 0.03273236 0.06315617 -0.00829240
v 0.03525433 0.07283931 -0.00050949
v 0.04277983 0.07072750 -0.00285373
v 0.03947926 0.07216100 -0.00188161
v -0.04505735 -0.03310791 -0.02333569
v -0.03022262 -0.03338077 -0.02213695
v -0.03185308 -0.03030256 -0.02745681
v -0.04481556 -0.03182577 -0.02539804
v -0.04469315 -0.03137528 -0.02942090
v -0.04576924 -0.03681195 -0.02282026
v -0.04503801 -0.03900587 -0.02138917
v -0.04468292 -0.04103053 -0.02562883
v -0.04499349 -0.03460208 -0.02886542
v -0.04612807 -0.03745596 -0.01722379
v -0.04832463 -0.04406095 -0.03240612
v -0.05415031 -0.04902161 -0.03539201
v -0.05892571 -0.03771215 -0.03823142
v -0.04853496 -0.02254451 -0.03836278
v -0.04407946 -0.02488861 -0.03380124
v -0.04391683 -0.02784991 -0.03115723
v -0.04416465 -0.02250513 -0.03398439
v -0.05021910 -0.02685209 -0.03833902
v -0.05297331 -0.02294396 -0.04043934
v -0.05601703 -0.02640502 -0.04079314
v -0.06016244 -0.02081371 -0.04213063
v -0.05202163 -0.01951722 -0.04018447
v -0.04898294 -0.01644661 -0.03853739
v -0.03704154 -0.02971571 -0.02770669
v -0.03041796 -0.02305179 -0.03358611
v -0.03884060 -0.02067610 -0.03342905
v -0.03893362 -0.02664706 -0.03011467
v -0.03982623 -0.02396076 -0.03191359
v -0.03398016 -0.02239247 -0.03353942
v -0.03305335 -0.01613652 -0.03593615
v -0.04257581 -0.01667348 -0.03408835
v -0.06310928 -0.02628495 -0.04122278
v -0.07216224 -0.02209430 -0.03999324
v -0.06443851 -0.03371082 -0.03889208
v -0.06096033 -0.04382754 -0.03702466
v -0.04949854 -0.05558208 -0.03075333
v -0.05183556 -0.06440059 -0.03089646
v -0.05399358 -0.05641252 -0.03341227
v -0.05741604 -0.05912527 -0.03355348
v -0.05697960 -0.06360902 -0.03294990
v -0.05987608 -0.05472193 -0.03487996
v -0.06385824 -0.05595924 -0.03374577
v -0.06742921 -0.05443670 -0.03188854
v -0.06612261 -0.04490903 -0.03557741
v -0.06823490 -0.03744844 -0.03702196
v -0.07553720 -0.03388821 -0.03459831
v -0.07087075 -0.03038686 -0.03822837
v -0.07372872 -0.02740453 -0.03788811
v -0.08116188 -0.02531499 -0.03364024
v -0.07616484 -0.01909515 -0.03810485
v 0.00246647 -0.02997187 0.00414612
v 0.00398277 -0.04281611 0.00745218
v 0.00216637 -0.04785729 0.00842473
v 0.00469339 -0.03590149 0.00595708
v -0.04546300 -0.04618110 -0.01784371
v -0.04445207 -0.04258959 -0.02066956
v -0.04447087 -0.05035920 -0.02051295
v -0.06221354 -0.07017568 -0.03126815
v -0.04974042 -0.06197818 -0.02848585
v -0.04760445 -0.05018251 -0.03040139
v -0.05183588 -0.04652624 -0.03459616
v -0.04530138 -0.05606973 -0.02147225
v -0.04712394 -0.05707147 -0.02655043
v -0.04772003 -0.06504995 -0.02569911
v -0.04630199 -0.06205676 -0.02299784
v -0.04609264 -0.05155988 -0.01678664
v -0.04827113 -0.06758117 -0.01694520
v -0.04655913 -0.06950394 -0.01978427
v -0.04789897 -0.07300070 -0.01685121
v -0.04718091 -0.07633080 -0.01798331
v -0.05108684 -0.06960295 -0.03152923
v -0.05989648 -0.08091588 -0.03287349
v -0.06236654 -0.07710917 -0.03277300
v -0.05467343 -0.07366043 -0.03435566
v -0.05121551 -0.08091756 -0.03114529
v -0.05596631 -0.08149315 -0.03311377
v -0.04858494 -0.08190366 -0.02761407
v -0.05353872 -0.10026851 -0.02867385
v -0.04994834 -0.10059470 -0.02918320
v -0.04636382 -0.10741239 -0.03010336
v -0.04946174 -0.11728869 -0.03025900
v -0.04041092 -0.10987458 -0.02795595
v -0.04215837 -0.11422904 -0.02997941
v -0.03916180 -0.11666262 -0.02970085
v -0.04174218 -0.11922506 -0.03082214
v -0.04496242 -0.12147538 -0.03132633
v -0.03958912 -0.12512586 -0.03268772
v -0.03473613 -0.11712097 -0.03177267
v -0.03764250 -0.11208363 -0.02758090
v -0.03971714 -0.10733759 -0.02296907
v -0.03323234 -0.11459047 -0.02700968
v -0.03059183 -0.12001508 -0.02715920
v -0.03285661 -0.12118969 -0.03276383
v -0.03543782 -0.12582898 -0.03263573
v -0.03745275 -0.11828883 -0.01740770
v -0.04317265 -0.10707555 -0.02860761
v -0.04358295 -0.09812857 -0.02539235
v -0.04729809 -0.09248076 -0.02616854
v -0.06756566 0.03063308 -0.01268415
v -0.07546496 0.03004197 -0.00776694
v -0.07026570 0.03212978 -0.00757963
v -0.06527942 0.02951191 -0.01647817
v 0.02952729 -0.00494891 0.00620416
v 0.01915527 -0.03587353 0.01426953
v 0.01644835 -0.03755852 0.01144421
v 0.01031057 -0.02955490 0.00625221
v 0.00720492 -0.03140699 0.00542491
v 0.01051788 -0.02540326 0.00523039
v 0.01676818 -0.01602536 0.00342714
v -0.01389772 -0.03027848 -0.01643163
v -0.01771773 -0.03177666 -0.01900141
v -0.01190040 -0.02748452 -0.01998254
v -0.00764536 -0.02806098 -0.01509245
v -0.00781471 -0.02656467 -0.01826674
v -0.00884697 -0.02529177 -0.02109325
v -0.00635454 -0.02449911 -0.02564784
v -0.01696424 -0.02808201 -0.02431878
v -0.01545412 -0.02430413 -0.02737895
v 0.01903386 -0.02288380 0.01108204
v 0.01820101 -0.02731458 0.01098816
v 0.01449229 -0.03000503 0.00845863
v 0.01447284 -0.02428443 0.00715227
v 0.01688895 -0.01995409 0.00673419
v 0.02102660 -0.01484937 0.00660974
v 0.02402456 -0.01650529 -0.01419411
v 0.02469124 -0.00437797 -0.00262392
v 0.02976370 0.00072467 -0.00118332
v 0.03617612 0.00692018 -0.00485813
v 0.07471300 0.04950713 -0.00909282
v 0.07263332 0.05444419 -0.01147342
v 0.10098277 0.07656415 -0.00271798
v 0.09646228 0.07340525 -0.00507159
v 0.10471870 0.08196853 -0.00234918
v 0.10116485 0.08104227 -0.00535452
v 0.10198825 0.08491249 -0.00619813
v 0.09892803 0.08744772 -0.00760407
v 0.08827513 0.06230973 -0.00578509
v 0.08459122 0.07687024 -0.00944876
v 0.07701719 0.07145355 -0.01022065
v 0.08245616 0.06643352 -0.00980069
v 0.08445759 0.08837725 -0.00636601
v 0.09710846 0.09182114 -0.00765392
v 0.11041036 0.09225170 -0.00299474
v 0.08793774 0.09174135 -0.00611915
v 0.09346992 0.09806239 -0.00614307
v 0.07671316 0.07573798 -0.00921939
v 0.07190817 0.07525595 -0.00802764
v 0.07304852 0.05897472 -0.01157106
v 0.07815617 0.06002379 -0.01049056
v 0.02977100 0.00018402 -0.00450180
v 0.03000383 -0.00224140 -0.01141858
v 0.02520113 -0.01061326 -0.01345307
v 0.02479641 -0.01460935 -0.01787480
v 0.02912115 -0.03336806 -0.01626588
v 0.03048282 -0.03378060 -0.01956082
v 0.02951991 -0.02924482 -0.02223739
v 0.02834027 -0.02868278 -0.01828066
v 0.02781183 -0.02470673 -0.02021288
v 0.02875578 -0.02499855 -0.02457359
v 0.02800873 -0.02831941 -0.02723912
v 0.02893130 -0.03578971 -0.01493028
v 0.03216071 -0.03810564 -0.02083274
v 0.03157162 -0.03873166 -0.01724070
v 0.03001882 -0.03318822 -0.02403646
v 0.03124536 0.00065064 -0.00769418
v 0.03267241 0.00345896 -0.00762799
v 0.03570926 0.00745168 -0.00961069
v 0.03846120 0.01064268 -0.00987663
v 0.03479621 0.00598604 -0.01258027
v 0.03825640 0.01403427 -0.01514824
v 0.04040636 0.01405015 -0.01104642
v 0.04147344 0.01314926 -0.00568421
v 0.03638493 0.00976941 -0.01527114
v 0.02624802 -0.00919223 -0.01835993
v 0.02514050 -0.00992360 -0.02570236
v 0.02352495 -0.01021027 -0.02884976
v 0.02085475 -0.01106384 -0.03256952
v 0.02670159 -0.00441159 -0.02855724
v 0.02551212 -0.00250622 -0.03289008
v 0.03264353 0.00419176 -0.02549911
v 0.03165040 0.00413691 -0.02832734
v 0.03045667 0.00549266 -0.03161147
v 0.03083202 -0.00047263 -0.02429119
v 0.03472036 0.00908077 -0.02258695
v 0.03328113 0.00395052 -0.02216765
v 0.03267662 0.00123854 -0.01838333
v 0.04587883 0.01793753 -0.00293025
v 0.04295922 0.01715432 -0.01011472
v 0.04963670 0.02146111 -0.00418436
v 0.04338265 0.01967002 -0.01203534
v 0.03676737 0.01877991 -0.01853647
v 0.04218921 0.02311111 -0.01474036
v 0.04175863 0.02651752 -0.01591563
v 0.04637302 0.02406824 -0.01201953
v 0.05225954 0.02410361 -0.00574945
v 0.07049047 0.04019146 -0.00566753
v 0.06495586 0.04078515 -0.01100703
v 0.06736150 0.04556195 -0.01164936
v 0.06356779 0.03571416 -0.00831558
v 0.05104408 0.03091455 -0.01306150
v 0.04440544 0.03359042 -0.01645019
v 0.04535958 0.03828407 -0.01723604
v 0.04578740 0.04397177 -0.01741483
v 0.04064418 0.04206178 -0.01842281
v 0.03936490 0.03793359 -0.01854991
v 0.03442758 0.03471655 -0.02030335
v 0.03510670 0.01678310 -0.02189030
v 0.03086008 0.02746784 -0.02337848
v 0.03211027 0.02405147 -0.02414999
v 0.02782400 0.02082415 -0.03247183
v 0.02517815 0.00130375 -0.03601366
v 0.02196314 0.00509702 -0.03887394
v 0.02749280 0.00726689 -0.03569794
v 0.02158867 0.00181297 -0.03829610
v 0.01897422 0.00135020 -0.03890308
v 0.02025113 0.00842449 -0.03948582
v 0.02284755 0.00922833 -0.03872806
v 0.01122344 0.00382497 -0.03984240
v 0.01468743 -0.00996485 -0.03659044
v 0.01321154 -0.00586046 -0.03795627
v 0.00913248 -0.01146221 -0.03774748
v 0.00776010 -0.01820531 -0.03653783
v -0.00098032 -0.01557584 -0.03715122
v 0.00183185 -0.01854172 -0.03509175
v 0.00490201 -0.01921250 -0.03548213
v 0.00180922 -0.02353236 -0.03248701
v 0.00518524 -0.02529180 -0.03411315
v -0.00585651 -0.01732256 -0.03527299
v -0.00797093 -0.01534313 -0.03573700
v -0.00152769 -0.02731863 -0.02843996
v 0.00855921 -0.02896578 -0.03509429
v 0.01075249 -0.01834964 -0.03710925
v 0.01363015 -0.01766635 -0.03715422
v 0.01898581 -0.00933236 -0.03440846
v 0.01850888 -0.01433514 -0.03482133
v 0.01494909 -0.01321713 -0.03643084
v 0.02123171 -0.02027562 -0.03436796
v 0.01743110 -0.01839680 -0.03644840
v 0.02663514 -0.02331274 -0.02745775
v 0.02418062 -0.02275291 -0.03103897
v 0.02495645 -0.01920417 -0.02765359
v 0.02492490 -0.01759912 -0.02502290
v 0.02739998 -0.02092403 -0.02371885
v 0.02572388 -0.02920321 -0.03191543
v 0.03243194 -0.04333517 -0.02653911
v 0.03068885 -0.04181184 -0.02912825
v 0.02614083 -0.03340065 -0.03277198
v 0.02759772 -0.03791966 -0.01358356
v 0.03645527 -0.04851746 -0.02017532
v 0.03494804 -0.04529023 -0.02397187
v 0.03535151 -0.04931531 -0.01622336
v 0.03356958 -0.04817853 -0.02875040
v 0.02638275 -0.03851889 -0.03399359
v 0.03062901 -0.04672182 -0.03201701
v 0.03428338 -0.05226754 -0.03121723
v 0.03699417 -0.05156039 -0.02755905
v 0.03806169 -0.05150455 -0.02020572
v 0.03831087 -0.05303369 -0.01776627
v 0.03813982 -0.06304295 -0.01483166
v 0.04238730 -0.07195118 -0.01764488
v 0.00320283 -0.03769333 -0.02482824
v -0.00366083 -0.02550321 -0.02769259
v -0.01214516 -0.02379631 -0.02520016
v -0.02239834 -0.03031528 -0.02466290
v -0.02183180 -0.03298685 -0.01946810
v -0.02596751 -0.02644962 -0.03072302
v -0.02733829 -0.02410944 -0.03266725
v -0.02068788 -0.02587977 -0.02886412
v -0.01186008 -0.01968251 -0.02905339
v -0.01418992 -0.01928015 -0.03051231
v -0.01125511 -0.01216073 -0.03499242
v -0.01744835 -0.01308915 -0.03516059
v -0.01867852 -0.01727631 -0.03399409
v -0.02566084 -0.01770630 -0.03545944
v -0.02930569 -0.01693392 -0.03603588
v -0.03182341 -0.01138736 -0.03717085
v -0.01318064 -0.00675506 -0.03614321
v -0.00891956 -0.00981712 -0.03810813
v -0.00329991 -0.01284863 -0.03872759
v 0.00473977 -0.00865039 -0.03936091
v -0.00446042 -0.00561672 -0.04070865
v -0.01479432 -0.00312952 -0.03654798
v -0.01601810 -0.00492320 -0.03649989
v -0.02184983 -0.00434943 -0.03782642
v -0.02670470 -0.00071558 -0.03800217
v -0.03317742 -0.00747855 -0.03750332
v -0.03834974 -0.01024618 -0.03606997
v -0.04994769 -0.01018479 -0.03794682
v -0.06397157 -0.01216434 -0.04200812
v -0.06887857 -0.01451149 -0.04192703
v -0.07091838 -0.01311646 -0.04141143
v -0.07472639 -0.01492396 -0.03963140
v -0.07357720 -0.00994018 -0.04033631
v -0.06789986 -0.00890022 -0.04162523
v -0.05505759 -0.00951925 -0.04039918
v -0.04547381 -0.01265783 -0.03513541
v -0.05756868 -0.00207634 -0.03984948
v -0.06297868 -0.00725545 -0.04131491
v -0.06760655 -0.00239448 -0.04052480
v -0.07383521 0.00015703 -0.03882042
v -0.07557932 -0.00344655 -0.03904284
v -0.07101540 -0.00638754 -0.04078919
v 0.01060869 -0.03794953 0.00783817
v 0.01104433 -0.03466901 0.00731446
v 0.00398760 -0.05013262 0.00857216
v 0.01895637 -0.03945737 0.01614583
v 0.01479534 -0.03531748 0.00944280
v 0.00842904 -0.04876077 0.00943187
v 0.00669271 -0.05671232 0.00963225
v 0.01637687 -0.04969627 0.01764870
v 0.00494026 -0.06496363 0.00968782
v 0.01077368 -0.06434324 0.01241990
v 0.14974126 0.15412357 -0.00884267
v 0.14597654 0.15899336 -0.00871236
v 0.14589973 0.14474210 -0.01102481
v 0.15238513 0.15696640 -0.00734962
v 0.14431371 0.15424022 -0.00948543
v 0.13976893 0.14742881 -0.01068255
v 0.14297193 0.15012416 -0.01029180
v 0.13758183 0.16011424 -0.00986579
v 0.13687859 0.15759370 -0.01196556
v 0.13348863 0.16140431 -0.01808610
v 0.13189338 0.16281737 -0.01931863
v 0.13463429 0.15807556 -0.01751251
v 0.14140354 0.13936310 -0.01098342
v 0.14919907 0.14060770 -0.01120521
v 0.15385538 0.13992649 -0.00988062
v 0.13340101 0.14422710 -0.00919850
v 0.13048235 0.14886074 -0.00803060
v 0.13540594 0.15406163 -0.01396036
v 0.12929566 0.15318485 -0.00888308
v 0.12994723 0.16755950 -0.01671819
v 0.12648675 0.16542569 -0.01339248
v 0.12923837 0.16655751 -0.01762407
v 0.13260306 0.16433468 -0.01698769
v 0.13270631 0.15555744 -0.01641954
v 0.13076128 0.15771291 -0.01749747
v 0.13133225 0.16491869 -0.01807375
v 0.12770170 0.15886316 -0.01214980
v 0.12622289 0.13859895 -0.00672597
v 0.12987491 0.14081235 -0.00783418
v 0.14285177 0.13059291 -0.00932579
v 0.13976794 0.12790936 -0.00712925
v 0.14394015 0.12744817 -0.00782753
v 0.14579380 0.12511466 -0.00552753
v 0.14100261 0.12556669 -0.00394169
v 0.12820101 0.12785381 -0.00695251
v 0.12161425 0.13420507 -0.00593395
v 0.11556056 0.13721979 -0.00121559
v 0.11714150 0.13322480 -0.00344868
v 0.12532261 0.13250846 -0.00731709
v 0.13104440 0.12478442 -0.00509170
v 0.12050512 0.11990673 -0.00696176
v 0.12091929 0.11293827 -0.00535738
v 0.12065670 0.13000248 -0.00664899
v 0.12026954 0.12632866 -0.00707367
v 0.11639400 0.12354676 -0.00667573
v 0.11203609 0.12158138 -0.00575024
v 0.11574014 0.12931603 -0.00443823
v 0.11246154 0.12756395 -0.00291059
v 0.10912818 0.11010855 -0.00715739
v 0.10696752 0.11585182 -0.00526860
v 0.10272722 0.11166249 -0.00477798
v 0.10593057 0.13040915 -0.00022585
v 0.10113653 0.12837772 0.00089143
v 0.10451128 0.13425812 0.00149761
v 0.09591945 0.12219848 0.00093827
v 0.09838229 0.10990403 -0.00254683
v 0.09334551 0.11261990 -0.00024165
v 0.09337226 0.11770944 0.00032239
v 0.08758220 0.11111073 0.00027448
v 0.08799204 0.10632387 -0.00043702
v 0.09329286 0.10637453 -0.00147663
v 0.08999966 0.10310218 -0.00162488
v 0.09373739 0.10269839 -0.00390497
v 0.09015912 0.09764551 -0.00437843
v 0.10179728 0.10458378 -0.00666582
v 0.08057448 0.09366612 -0.00151010
v 0.07875870 0.08578120 -0.00422866
v 0.07992534 0.10026387 -0.00100409
v 0.07667541 0.09651735 -0.00162044
v 0.07333334 0.08090486 -0.00429975
v 0.06755551 0.07395754 -0.00695198
v 0.06366652 0.06806032 -0.00926450
v 0.07285085 0.06431057 -0.01117885
v 0.06281542 0.05325779 -0.01332371
v 0.06036184 0.07166907 -0.00563024
v 0.05360103 0.05033823 -0.01506469
v 0.07363310 0.08551234 -0.00182638
v 0.06834262 0.08212301 -0.00174542
v 0.03993734 0.05771957 -0.01405003
v 0.04674442 0.06266944 -0.01110383
v 0.04358575 0.06395733 -0.00914297
v 0.05339033 0.06269601 -0.01089006
v 0.05476420 0.07084338 -0.00394080
v 0.05584315 0.07440658 -0.00314475
v 0.04968973 0.06534229 -0.00853823
v 0.03540908 0.06956868 -0.00291549
v 0.02358619 0.06209967 -0.00820643
v 0.02537794 0.06032000 -0.01097234
v 0.03064763 0.06055945 -0.01129041
v 0.03459690 0.05467789 -0.01570460
v 0.01981403 0.06092986 -0.00994438
v 0.11646467 0.10762487 -0.00565168
v 0.10449774 0.10140762 -0.00739899
v 0.09895863 0.10039855 -0.00693817
v 0.11456054 0.09633245 -0.00100251
v 0.06882763 0.08945569 -0.00099666
v 0.06528221 0.08652695 -0.00083479
v 0.06271037 0.08180828 -0.00135614
v 0.17862387 0.12944825 -0.00441142
v 0.17157118 0.12939851 -0.00642308
v 0.16680324 0.13771290 -0.00236608
v 0.16739547 0.13441084 -0.00454788
v 0.16932587 0.12205788 -0.00859385
v 0.16557248 0.12934613 -0.00705453
v 0.16992228 0.12576407 -0.00815198
v 0.16611896 0.13219494 -0.00604166
v 0.16230536 0.13432348 -0.00604213
v 0.15686457 0.13656789 -0.00763355
v 0.14736106 0.13259487 -0.00960380
v 0.14878082 0.12831491 -0.00795167
v 0.16242695 0.11989348 -0.00483357
v 0.16137141 0.12209800 -0.00597273
v 0.16599137 0.12511793 -0.00815020
v 0.17552069 0.12399550 -0.00783530
v 0.18033987 0.12573250 -0.00374315
v 0.16512100 0.12040150 -0.00756285
v 0.16655594 0.11795419 -0.00641178
v 0.16930670 0.11748995 -0.00597475
v 0.17440523 0.11853720 -0.00690755
v 0.17803350 0.12515691 -0.00639364
v 0.17861341 0.12200040 -0.00555363
v 0.17682366 0.11882640 -0.00637611
v 0.17209685 0.11660503 -0.00392115
v 0.00230685 -0.07075247 0.00907937
v 0.00853357 -0.06660948 0.01102687
v 0.01173194 -0.06983089 0.01372629
v 0.01398353 -0.06920142 0.01646209
v 0.00627105 -0.07904156 0.01015960
v 0.00685264 -0.07049536 0.01045501
v 0.00955099 -0.05882395 0.01109813
v 0.03938781 -0.05441558 -0.02689326
v 0.03938498 -0.05401285 -0.02280336
v 0.03982372 -0.05612048 -0.01841490
v 0.02496997 -0.05249596 -0.03404424
v 0.02381294 -0.04528804 -0.03504486
v 0.01824811 -0.03181147 -0.03639690
v 0.02303649 -0.02789279 -0.03458054
v 0.01918664 -0.02688126 -0.03654910
v 0.00324805 -0.03407405 -0.03025291
v 0.01539441 -0.02468389 -0.03709705
v 0.01318927 -0.02862027 -0.03660263
v 0.01496758 -0.03449138 -0.03584265
v 0.01007936 -0.03591912 -0.03369339
v 0.00987803 -0.04440545 -0.03117764
v 0.01196138 -0.04955847 -0.03062388
v 0.01597086 -0.03988130 -0.03451169
v 0.01469195 -0.04507404 -0.03285734
v 0.02259493 -0.05917914 -0.03216268
v 0.02695852 -0.05961915 -0.03375747
v 0.02948882 -0.05668714 -0.03432653
v 0.02668817 -0.06384590 -0.03288841
v 0.03134511 -0.06132259 -0.03417904
v 0.03815301 -0.05793655 -0.03092405
v 0.03428684 -0.05956848 -0.03363067
v 0.03582105 -0.06649177 -0.03332233
v 0.02202573 -0.06295162 -0.03111939
v 0.02835289 -0.07917848 -0.02795392
v 0.02560712 -0.07966770 -0.02323055
v 0.02426262 -0.07670457 -0.02287591
v 0.02388425 -0.07275968 -0.02659133
v 0.04324139 -0.07122240 -0.02141765
v 0.04038640 -0.07350034 -0.01568508
v 0.03904468 -0.07798234 -0.01511396
v 0.04323903 -0.06681244 -0.02214445
v 0.04026176 -0.06878237 -0.03090644
v 0.04165939 -0.06025977 -0.02319450
v 0.04095751 -0.06143344 -0.01758326
v 0.03913267 -0.06002694 -0.01573402
v 0.01976230 -0.05155938 -0.03285180
v 0.01915541 -0.06198487 -0.02904152
v 0.02068124 -0.06793579 -0.02678433
v 0.01875509 -0.06325758 -0.02574992
v 0.01209889 -0.05190280 -0.02798899
v 0.01555904 -0.05657972 -0.02667716
v 0.03501306 -0.07625124 -0.03181851
v 0.03169552 -0.08044030 -0.02967519
v 0.03466458 -0.08163622 -0.03078356
v 0.03880369 -0.07828302 -0.03077682
v 0.04318642 -0.07506143 -0.02554950
v 0.04345125 -0.07761353 -0.02189980
v 0.04348687 -0.08513823 -0.01891621
v 0.04422132 -0.08848121 -0.02186384
v 0.04310909 -0.09494384 -0.01600920
v 0.02704704 -0.08566459 -0.01914584
v 0.03756263 -0.08110530 -0.03087813
v 0.04194572 -0.08061516 -0.02731318
v 0.03233391 -0.10226759 -0.02216417
v 0.03222941 -0.09886757 -0.02609538
v 0.03081178 -0.09341040 -0.02591005
v 0.03360200 -0.09034594 -0.02917099
v 0.03136189 -0.08483371 -0.02845594
v 0.03550351 -0.09373718 -0.02946975
v 0.04344106 -0.09095448 -0.02496896
v 0.03955662 -0.09934781 -0.02841596
v 0.03264983 -0.10512324 -0.02438083
v 0.03546806 -0.09773212 -0.02882147
v 0.03326843 -0.10267951 -0.02665714
v 0.03742778 -0.10523456 -0.02865046
v 0.03321835 -0.10650875 -0.02197114
v 0.04112731 -0.10925081 -0.01122922
v 0.03365226 -0.11239056 -0.02185014
v 0.03283395 -0.11263288 -0.02522320
v 0.03660013 -0.11134069 -0.02880407
v 0.03488570 -0.11533687 -0.02094642
v 0.03482776 -0.11824562 -0.02185260
v 0.03650915 -0.12024475 -0.01917801
v 0.04638349 -0.11373378 -0.01137590
v 0.04792971 -0.11749777 -0.00813642
v 0.04539178 -0.12838385 -0.01681312
v 0.04993076 -0.12688263 -0.01162170
v 0.03209185 0.02913292 -0.02184363
v 0.03881844 0.02950170 -0.01823079
v 0.03731207 0.05079308 -0.01728389
v 0.02623247 0.03394972 -0.02442779
v 0.02682952 0.04405114 -0.02104565
v 0.02733797 0.03076868 -0.02512390
v 0.02960098 0.02578078 -0.02688707
v 0.01878382 0.03969415 -0.02683326
v 0.02931078 0.05036682 -0.01801080
v 0.02528568 0.04811121 -0.01950598
v 0.02121823 0.04667878 -0.02109378
v 0.02021162 0.04993573 -0.01937614
v 0.01650643 0.05036129 -0.02008099
v -0.00401598 0.05605757 -0.01121108
v 0.01722316 0.05526831 -0.01606094
v 0.01656998 0.04492054 -0.02398766
v 0.01549881 0.04139365 -0.02730705
v 0.00888385 0.04545258 -0.02666784
v 0.00497278 0.04540918 -0.02751241
v 0.00600324 0.04147810 -0.03080618
v 0.01432380 0.03486038 -0.03272878
v 0.01589189 0.03633826 -0.03114812
v 0.01294879 0.02732239 -0.03673178
v 0.00753702 0.02802056 -0.03692746
v 0.00938236 0.03184612 -0.03564509
v 0.01033274 0.03458571 -0.03420619
v 0.00302819 0.02654146 -0.03713474
v -0.00177574 0.02686133 -0.03667331
v 0.00191658 0.01964808 -0.03811939
v 0.00937454 0.02194620 -0.03824051
v 0.01107376 0.02482522 -0.03762334
v 0.01395707 0.02987304 -0.03550065
v 0.01816705 0.02921820 -0.03424912
v 0.01967441 0.03195755 -0.03175489
v 0.02259160 0.03302836 -0.02832817
v 0.02246912 0.02154167 -0.03598006
v 0.02102258 0.01784928 -0.03801004
v 0.01935369 0.01318739 -0.03926609
v 0.01379491 0.01625889 -0.03930065
v -0.00105643 0.00652853 -0.03983120
v 0.00321171 0.01236455 -0.03942297
v -0.00744435 0.00880470 -0.03817233
v -0.00418003 0.02177922 -0.03696060
v -0.00541923 0.02869044 -0.03543516
v -0.00259485 0.03095378 -0.03548940
v 0.00306386 0.03106964 -0.03617956
v -0.00177054 0.03737589 -0.03291089
v -0.00834823 0.03275002 -0.03306425
v -0.01265676 0.02978730 -0.03173315
v -0.01192854 0.03564375 -0.02982604
v -0.00929216 0.03900424 -0.02932639
v -0.01605028 0.03754344 -0.02551622
v -0.01351983 0.04223870 -0.02376199
v -0.01551655 0.03291276 -0.02872537
v -0.01611252 0.02730985 -0.03063081
v -0.01079743 0.04397599 -0.02406736
v -0.00230848 0.04645475 -0.02546138
v -0.00007890 0.05028773 -0.02122292
v 0.00362819 0.00293936 -0.04023127
v -0.01278849 0.00513059 -0.03698187
v -0.00474569 -0.00116613 -0.04086104
v -0.00969002 -0.00135016 -0.03913364
v -0.00822268 0.00148608 -0.03957839
v -0.00125536 -0.00321072 -0.04108977
v -0.01029073 0.00454106 -0.03809288
v -0.01755383 0.01127356 -0.03596184
v -0.02505255 0.00400112 -0.03752723
v -0.01442775 0.01104336 -0.03605650
v -0.01759323 0.01542356 -0.03484511
v -0.02703062 0.01029032 -0.03620204
v -0.04373657 -0.00791065 -0.03527198
v -0.04881626 -0.00786908 -0.03654779
v -0.04641827 -0.00774189 -0.03548523
v -0.05171446 -0.00407979 -0.03771426
v -0.04657527 -0.00249446 -0.03533240
v -0.03371058 -0.00398120 -0.03757732
v -0.04329829 -0.00167263 -0.03562604
v -0.04271756 0.00201913 -0.03544634
v -0.03384519 0.00055936 -0.03741645
v -0.04888315 -0.00005760 -0.03555515
v -0.04529751 0.00479708 -0.03450594
v -0.04689885 0.00668689 -0.03394359
v -0.04937026 0.01386184 -0.03124177
v -0.04599462 0.01396291 -0.03081667
v -0.04844470 0.01993765 -0.02682539
v -0.04574879 0.02384360 -0.02406001
v -0.02891604 0.02985265 -0.02600382
v -0.01964160 0.03810345 -0.02245166
v -0.02140976 0.02794172 -0.02909280
v -0.02528998 0.02884478 -0.02768465
v -0.03914758 0.02717173 -0.02385007
v -0.03671197 0.02002836 -0.03059650
v -0.04071038 0.01325855 -0.03243002
v -0.03274615 0.02432561 -0.02914339
v -0.03239228 0.01781865 -0.03263089
v -0.02721167 0.02244374 -0.03125405
v -0.03719667 0.01111779 -0.03431083
v -0.01774968 0.02212102 -0.03240081
v -0.01199948 0.02139658 -0.03409367
v -0.03057911 0.00448102 -0.03725541
v 0.00760082 -0.03918731 -0.03153270
v 0.02801830 0.01637986 -0.03394820
v 0.04710333 -0.12730429 -0.02430505
v 0.04872674 -0.12960853 -0.02194502
v 0.05143164 -0.12339641 -0.02118926
v 0.04179594 -0.11802172 -0.02743794
v 0.05010587 -0.11986428 -0.02101479
v 0.05172021 -0.11903886 -0.01296376
v 0.04985300 -0.11672613 -0.01085659
v 0.04720429 -0.11954980 -0.02407832
v 0.04416285 -0.11603034 -0.02665974
v 0.03993380 -0.11588909 -0.02853778
v 0.04811583 -0.11657108 -0.02296118
v 0.04734134 -0.11300281 -0.01588274
v 0.04538965 -0.10939595 -0.01330455
v 0.04507607 -0.10327319 -0.01570262
v 0.04640211 -0.10556375 -0.01707416
v 0.04548820 -0.10083894 -0.01853051
v 0.04688510 -0.11016872 -0.01654427
v 0.04688553 -0.10853623 -0.01972163
v 0.04530481 -0.09945942 -0.02101335
v 0.04383167 -0.09960857 -0.02426071
v 0.03617970 -0.11483873 -0.02838059
v 0.04534306 -0.10702108 -0.02396372
v -0.03147483 0.01149106 -0.03532046
v -0.02376307 0.01731704 -0.03402201
v -0.05090173 -0.00185957 -0.03675788
v -0.06121509 0.00657174 -0.03842683
v -0.05032977 0.01939955 -0.02761601
v -0.04809654 0.02871651 -0.01879173
v -0.04575519 0.03301123 -0.01417651
v -0.04386843 0.02993573 -0.01893399
v -0.05445499 0.01668185 -0.03171047
v -0.05223313 0.01226600 -0.03329555
v -0.06322744 0.01167936 -0.03654793
v -0.05942969 0.01511974 -0.03444785
v -0.04682980 -0.08558119 -0.01789847
v -0.04592400 -0.09033825 -0.01747366
v 0.05892510 0.07757050 -0.00234015
v 0.04149624 -0.09634325 -0.02681050
v 0.02631568 -0.08358108 -0.02285472
v -0.09778674 -0.00560974 0.00187789
v -0.09943535 -0.00540979 -0.00448603
v -0.09690700 -0.00434622 0.00296956
v -0.05402552 -0.02978148 0.01793252
v -0.05214908 -0.03143107 0.01513997
v -0.04995615 -0.03325678 0.01289904
v -0.05876850 -0.03124437 0.01172286
v -0.05580250 -0.03043365 0.01792246
v -0.05753622 -0.03197841 0.01761738
v -0.06221759 -0.03941084 0.01939492
v -0.04689295 -0.03592196 0.00555589
v -0.05130561 -0.03505344 0.00112643
v -0.05576071 -0.03295409 0.00544511
v -0.06082001 -0.03101462 0.00318217
v -0.05587210 -0.03316547 -0.00049055
v -0.04452885 -0.03659274 -0.00013612
v -0.04774706 -0.03621421 -0.00336292
v -0.04897013 -0.03524270 -0.00739192
v -0.03247488 -0.03695537 -0.00320521
v -0.02967134 -0.03716100 -0.00109527
v -0.03472041 -0.03670117 -0.00566821
v -0.02420447 -0.03710513 0.00175864
v -0.01993325 -0.03616145 -0.00433728
v -0.02309408 -0.03516862 -0.01385445
v -0.01919161 -0.03556745 -0.00912299
v -0.03116246 -0.03607144 -0.01244495
v -0.03993639 -0.03653172 -0.00818073
v -0.03761212 -0.03637271 -0.01139292
v -0.04318411 -0.03556263 -0.01760010
v -0.03908389 -0.03502810 -0.01968153
v -0.03538258 -0.03439218 -0.02098048
v -0.04014003 -0.03257680 -0.02376699
v -0.04504186 -0.03594416 -0.01193663
v -0.04715621 -0.03597889 -0.00758143
v -0.04859202 -0.03459925 -0.00966964
v -0.05129530 -0.03650833 -0.01227139
v -0.05164541 -0.03481371 -0.01101609
v -0.04806060 -0.03618582 -0.01433663
v -0.05057012 -0.03409588 -0.00995253
v -0.04680025 -0.03513934 -0.01302178
v -0.04576860 -0.03587199 -0.01664274
v -0.06303479 -0.06297585 -0.03044790
v -0.07327867 -0.04041982 -0.03329945
v -0.07293799 -0.04544432 -0.03114227
v -0.06968290 -0.04669302 -0.03324967
v -0.07927059 -0.04074723 -0.02566339
v -0.08229695 -0.03450372 -0.02607752
v -0.07859370 -0.03634582 -0.03006840
v -0.07597533 -0.04745649 -0.02612082
v -0.07669567 -0.04759377 -0.02248923
v -0.08623807 -0.02977582 -0.02248123
v -0.09258302 -0.01288611 -0.01793069
v -0.09349521 -0.01290019 -0.01426922
v -0.09498797 -0.01414671 -0.00979055
v -0.09132595 -0.01702559 -0.01421629
v -0.09052950 -0.02103204 -0.01697266
v -0.08306397 -0.03078315 -0.02840474
v -0.09704099 -0.00573761 -0.01053223
v -0.09494007 -0.00823936 -0.00588892
v -0.09428561 -0.01122254 -0.00660236
v -0.09590677 -0.01061123 -0.00825208
v -0.09491606 -0.01294101 -0.00717372
v -0.09480661 -0.01461981 -0.00744503
v -0.08406927 -0.02533908 -0.00943840
v -0.08312538 -0.02815588 -0.01254625
v -0.08112739 -0.02560371 -0.00778990
v -0.08347519 -0.02395771 -0.00772677
v -0.08085717 -0.02257194 -0.00569838
v -0.08032233 -0.02778134 -0.00951798
v -0.08675063 -0.02368639 -0.01278733
v -0.07826744 -0.02883457 -0.01073218
v -0.07778747 -0.02693137 -0.00683129
v -0.07574504 -0.03792188 -0.01567818
v -0.06594464 -0.04584476 -0.01216649
v -0.07353515 -0.02877744 -0.00896944
v -0.06309642 -0.03420614 -0.00922749
v -0.06452683 -0.03199439 -0.00831324
v -0.06802713 -0.02979753 -0.00708915
v -0.07648344 -0.02778633 -0.00831585
v -0.05725290 -0.03254764 -0.00571596
v -0.05946048 -0.03267133 -0.00802019
v -0.06280118 -0.03053255 -0.00555185
v -0.06896487 -0.02791246 -0.00245940
v -0.06943320 -0.02885646 0.00058003
v -0.07133670 -0.02810043 -0.00548211
v -0.07396334 -0.02773192 -0.00543116
v -0.07730284 -0.02569428 -0.00450950
v -0.06382340 -0.03270987 0.00852310
v -0.06798951 -0.03244461 0.00562932
v -0.06604626 -0.02919069 0.00145072
v -0.03654464 -0.03421443 0.01758884
v -0.03070252 -0.03336061 0.01988012
v -0.02941175 -0.03503498 0.01592764
v -0.01149449 -0.03127640 -0.00736394
v -0.03795827 -0.03702442 0.00113233
v -0.05007764 -0.04136486 -0.01384563
v -0.05436380 -0.04677103 -0.01200618
v -0.05104024 -0.04812776 -0.01315674
v -0.04830549 -0.04868983 -0.01464651
v -0.06164914 -0.04664522 -0.01097460
v -0.07057901 -0.04874922 -0.01522966
v -0.07458996 -0.04691482 -0.01871754
v -0.06986549 -0.05609196 -0.02773462
v -0.06862202 -0.05628799 -0.01543405
v -0.06865938 -0.06122512 -0.01844325
v -0.07240769 -0.05194487 -0.01788544
v -0.06305886 -0.05120228 -0.01157521
v -0.05412841 -0.05810443 -0.01309335
v -0.06656589 -0.06071322 -0.02777764
v -0.06646787 -0.06492627 -0.02500183
v -0.05140007 -0.06427730 -0.01459496
v -0.04683365 -0.05666950 -0.01720808
v -0.04983374 -0.05710852 -0.01471225
v -0.04887936 -0.05312799 -0.01453541
v -0.05297391 -0.05329091 -0.01263626
v -0.05869876 -0.06300010 -0.01302911
v -0.06411042 -0.05959292 -0.01371440
v -0.06049036 -0.06608517 -0.01369109
v -0.06439136 -0.06685976 -0.01612495
v -0.05485542 -0.06575134 -0.01334758
v -0.06713046 -0.06646352 -0.02116731
v -0.06465308 -0.07325613 -0.02823652
v -0.06538168 -0.07078374 -0.01847070
v -0.06314846 -0.07947678 -0.02160499
v -0.05805350 -0.08125311 -0.01597250
v -0.06286835 -0.08269493 -0.02558750
v -0.06060931 -0.08606972 -0.02758697
v -0.05551110 -0.10161003 -0.02515731
v -0.05483776 -0.09751533 -0.01944071
v -0.05390644 -0.10693300 -0.02707630
v -0.05122958 -0.10944666 -0.03058383
v -0.05193964 -0.11230920 -0.02014462
v -0.05018636 -0.11698742 -0.02098263
v -0.04822303 -0.12047497 -0.01885374
v -0.04983116 -0.11864059 -0.02411405
v -0.03570564 -0.12874097 -0.02533698
v -0.04138362 -0.12901784 -0.02714082
v -0.04001215 -0.11025540 -0.01919187
v -0.04100843 -0.10603969 -0.01947884
v -0.04729643 -0.12420978 -0.01983161
v -0.04480084 -0.12767798 -0.02070242
v -0.01652043 -0.03405710 -0.00777379
v -0.01854779 -0.03585066 -0.00133196
v -0.01598624 -0.03413479 -0.00174015
v -0.08490145 -0.01997365 -0.00791544
v -0.08675312 -0.01529238 -0.00567184
v -0.08794486 -0.01348119 -0.00414396
v -0.08796453 -0.01573138 -0.00682554
v -0.09013296 -0.01316916 -0.00629702
v -0.09168320 -0.01463129 -0.00646723
v -0.09339881 -0.01634438 -0.00814858
v -0.09214825 -0.01594353 -0.00624919
v -0.05131891 -0.10283579 -0.01625065
v -0.04269104 -0.11339217 -0.01601919
v -0.04302385 -0.10671785 -0.01637077
v -0.04189029 -0.10212888 -0.02110603
v -0.04527512 -0.12756109 -0.02565577
v -0.04093961 -0.12847005 -0.02074006
v -0.00810055 -0.02965026 0.01845887
v -0.00623036 -0.02776659 0.02639360
v -0.00734524 -0.03058270 0.02268596
v -0.00754722 -0.03326039 0.02108660
v -0.00775949 -0.03355847 0.01131687
v -0.00965346 -0.03051410 0.01096717
v -0.00787027 -0.03722437 0.01881647
v -0.00720044 -0.04151557 0.02066093
v -0.00223965 -0.03720001 0.00732946
v -0.00272511 -0.03188334 0.00559941
v -0.00544739 -0.03013557 0.00516526
v 0.00206784 -0.02673841 0.00177244
v -0.00227674 -0.02898779 0.00293623
v -0.00304351 -0.02820137 -0.00226493
v 0.00135751 -0.02617494 -0.00019064
v 0.00727021 -0.02572177 0.00360977
v 0.01114343 -0.01996142 0.00145461
v 0.00717495 -0.02353672 0.00135798
v 0.00899987 -0.02066355 -0.00352798
v 0.00992343 -0.02328325 -0.00587705
v 0.00793565 -0.02195200 -0.00520675
v 0.00631195 -0.02291452 -0.00182043
v 0.00388509 -0.02437245 -0.00473275
v 0.00557062 -0.02354554 -0.00745847
v 0.00095136 -0.02581697 -0.00669602
v 0.01354236 -0.02080601 -0.00565039
v 0.01697634 -0.01234914 -0.00453262
v 0.01885360 -0.01032864 -0.00493303
v 0.01777256 -0.01483692 -0.00619071
v 0.01668988 -0.01802176 -0.00646676
v 0.01667440 -0.02358746 -0.00803957
v 0.00803793 -0.02578844 -0.00767194
v 0.01357621 -0.02818267 -0.00819363
v 0.00973549 -0.02722757 -0.00758799
v 0.01119886 -0.03003788 -0.00884533
v 0.00832669 -0.02924991 -0.00918536
v 0.00129306 -0.02558758 -0.00950878
v -0.00043101 -0.02637010 -0.01192269
v -0.00731149 -0.02494051 -0.02196123
v -0.00454524 -0.02660482 -0.02017731
v -0.00264818 -0.02746848 -0.01703875
v 0.00119610 -0.02877959 -0.01526283
v 0.00319281 -0.03134229 -0.01569656
v 0.00543069 -0.03054564 -0.01190947
v -0.00148764 -0.03020108 -0.02112850
v 0.00898190 -0.03368233 -0.01158894
v 0.00670466 -0.04094004 -0.02041313
v 0.01787311 -0.01069450 -0.00382882
v 0.02091924 -0.01658327 -0.00977553
v 0.02257410 -0.01386900 -0.01095833
v 0.01997816 -0.01154720 -0.00671381
v 0.02566976 -0.00666767 -0.00961227
v 0.02185485 -0.00880255 -0.00654669
v 0.02693382 -0.00393961 -0.00677339
v 0.01985805 -0.02383307 -0.00954996
v 0.01658160 -0.03348197 -0.01049528
v 0.01817133 -0.02979414 -0.00966559
v 0.02512515 -0.02540214 -0.01341311
v 0.02256531 -0.02725488 -0.01120780
v 0.02102062 -0.03678501 -0.01127292
v 0.01276871 -0.03758986 -0.01240671
v 0.02122115 -0.04371774 -0.01201081
v 0.03246721 -0.04464267 -0.01537124
v 0.02520191 -0.04397688 -0.01208641
v 0.02332957 -0.04982159 -0.01294119
v 0.02637602 -0.05006197 -0.01280592
v 0.02644975 -0.05517301 -0.01377699
v 0.02024429 -0.04786794 -0.01317712
v 0.01562651 -0.04374592 -0.01371751
v 0.03289512 -0.04909021 -0.01437167
v 0.02848882 -0.06169759 -0.01445384
v 0.03420459 -0.06330059 -0.01425928
v 0.03091772 -0.06760260 -0.01485906
v 0.03105953 -0.07386972 -0.01572557
v 0.03566144 -0.07449995 -0.01478441
v 0.03706814 -0.06999841 -0.01476826
v 0.03299624 -0.08143266 -0.01567916
v 0.02321786 -0.05883808 -0.01552630
v 0.02091875 -0.06531446 -0.02027583
v 0.02540205 -0.07003262 -0.01839282
v 0.01698871 -0.05289043 -0.01882516
v 0.01719861 -0.05592604 -0.02106700
v 0.01248473 -0.04329633 -0.01562400
v 0.00893140 -0.04085491 -0.01747843
v 0.01499675 -0.05452732 -0.02319478
v -0.00352892 -0.02752412 -0.02451741
v -0.00423646 -0.05679033 0.02333147
v -0.00570524 -0.05603458 0.01727396
v -0.00643729 -0.04798994 0.01543459
v -0.00720934 -0.04302083 0.01774460
v -0.00090060 -0.05503860 0.00963419
v -0.00559158 -0.04507069 0.01237450
v -0.00492088 -0.05430811 0.01339629
v -0.00293100 -0.05946458 0.01055604
v -0.00524315 -0.06340111 0.01387016
v -0.00530271 -0.06760146 0.01553976
v -0.00581336 -0.05985346 0.01939621
v -0.00464163 -0.07330735 0.01880277
v -0.00171378 -0.06969242 0.00944376
v 0.00807875 -0.08425611 0.01086109
v -0.00351006 -0.07979180 0.01748065
v -0.00257589 -0.07814240 0.01155877
v -0.00358265 -0.07961345 0.01409091
v 0.00095363 -0.08749047 0.00926368
v 0.00358641 -0.09401891 0.00814772
v -0.00226623 -0.08532562 0.01374316
v -0.00192000 -0.08850176 0.01527952
v -0.00223404 -0.08630905 0.01741690
v 0.00579427 -0.09781316 0.00729834
v 0.00316933 -0.10528719 0.00721128
v 0.00609463 -0.10596350 0.00465956
v 0.00427296 -0.10192072 0.00608646
v 0.00484851 -0.10878748 0.00528237
v 0.00406377 -0.10992419 0.00807807
v 0.00815548 -0.11054568 0.00387514
v 0.01243878 -0.10844986 0.00514281
v 0.00600747 -0.11166251 0.01423418
v 0.00612205 -0.11297175 0.00882877
v 0.00617577 -0.11293416 0.00508215
v 0.00893074 -0.10648207 0.00450082
v 0.00984681 -0.11665994 0.00295364
v 0.00760723 -0.11618997 0.00561447
v 0.01042083 -0.12079032 0.00249895
v 0.01405791 -0.11923233 -0.00002762
v 0.01325487 -0.11412577 0.00261089
v 0.01670075 -0.11131845 0.00574898
v 0.01798830 -0.11949462 -0.00099504
v 0.02122410 -0.12163943 -0.00083752
v 0.01845028 -0.12418550 -0.00130220
v 0.01096556 -0.12475411 0.00416583
v 0.01427412 -0.12788907 0.01390769
v 0.01346383 -0.12721157 0.01087209
v 0.01202677 -0.12634875 0.00665783
v 0.01477442 -0.12824620 0.00723664
v 0.01888405 -0.12836838 0.00679173
v 0.02161337 -0.12664251 0.00527607
v 0.02155363 -0.12566169 0.00095108
v 0.01850833 -0.12782042 0.00324331
v 0.02012814 -0.12834238 0.00958901
v 0.02321292 -0.12692142 0.00984937
v 0.02442320 -0.12503788 0.00669645
v 0.02365660 -0.12397546 0.00358921
v 0.02350676 -0.12148200 0.00144287
v 0.02832348 -0.07724808 -0.01791233
v 0.01741691 -0.05937634 -0.02716616
v 0.01722254 -0.05834154 -0.02291794
v 0.01915093 -0.06359058 -0.02240904
v 0.03934414 -0.08389395 -0.01474629
v 0.04202304 -0.08528090 -0.01605166
v 0.03772581 -0.08910295 -0.01435383
v 0.04293517 -0.08865402 -0.01695499
v 0.03040149 -0.08516453 -0.01716473
v 0.03493518 -0.08878438 -0.01496987
v 0.03315562 -0.09153505 -0.01620453
v 0.03035632 -0.09312204 -0.01906163
v 0.03966742 -0.09417362 -0.01410181
v 0.04077655 -0.09949619 -0.01359673
v 0.03726497 -0.09787242 -0.01382051
v 0.03250556 -0.10107687 -0.01798649
v 0.03474858 -0.10036837 -0.01475385
v 0.03320280 -0.10792533 -0.01890761
v 0.03576629 -0.10774369 -0.01259701
v 0.03663630 -0.10211197 -0.01329019
v 0.03890673 -0.10521600 -0.01214837
v 0.04265585 -0.10452137 -0.01319300
v 0.03689821 -0.11843637 -0.01511914
v 0.04220194 -0.12409128 -0.00942798
v 0.04283179 -0.11913656 -0.00881238
v 0.04578041 -0.11978573 -0.00693779
v 0.04011386 -0.12495342 -0.01391208
v 0.04032200 -0.12694137 -0.01620828
v 0.04271062 -0.12918052 -0.01979315
v 0.04507471 -0.12644070 -0.01031767
v 0.00109455 -0.10162571 0.01555720
v -0.09261614 -0.03235951 0.01107584
v -0.09343326 -0.03133361 0.00958211
v -0.09270743 -0.03465550 0.00989298
v -0.08863629 -0.03276537 0.01146596
v -0.09015244 -0.02891378 0.01119146
v -0.10581878 -0.00950707 -0.00541147
v -0.10747022 -0.01234739 -0.00436930
v -0.10242203 -0.00791471 -0.00524305
v -0.09962078 -0.01162420 -0.00251140
v -0.09771390 -0.01352217 -0.00067630
v -0.09484531 -0.02282997 0.00693342
v -0.09547488 -0.02043032 -0.00133518
v -0.09476506 -0.02240285 -0.00022723
v -0.09550148 -0.02139434 0.00276200
v -0.09509546 -0.02522721 0.00212277
v -0.10789216 -0.02398981 0.00042489
v -0.10609469 -0.01761343 -0.00321418
v -0.09670207 -0.01826193 -0.00180742
v -0.09956058 -0.02762579 0.00022140
v -0.09875701 -0.02283222 -0.00138599
v -0.09330863 -0.02834949 0.00952963
v -0.09443938 -0.02971018 0.00634827
v -0.10547554 -0.02997990 0.00159930
v -0.10251625 -0.02678183 -0.00054430
v -0.10263956 -0.03195801 0.00131763
v -0.09886889 -0.03267375 0.00190448
v -0.09726131 -0.03003930 0.00172140
v -0.09551711 -0.02914265 0.00335323
v -0.09421562 -0.03272011 0.00666115
v -0.08849333 -0.03698919 0.01200462
v -0.07932996 -0.03564551 0.00869519
v -0.07314780 -0.04119847 0.01085657
v -0.07184430 -0.03063814 0.00364758
v -0.07635376 -0.02892665 0.00264328
v -0.09328486 -0.04009057 0.00881265
v -0.09606750 -0.03827853 0.00500325
v -0.09663930 -0.03363268 0.00327804
v -0.09821990 -0.03806396 0.00390596
v -0.10032993 -0.03512478 0.00248280
v -0.10252888 -0.03634070 0.00321917
v -0.08936434 -0.04555602 0.01154895
v -0.09390905 -0.04950535 0.00888573
v -0.07885176 -0.05320232 0.01346039
v -0.07689713 -0.04768884 0.01218877
v -0.09007102 -0.05218666 0.01124461
v -0.10388661 -0.04103213 0.00690994
v -0.10286169 -0.03982488 0.00496026
v -0.10131722 -0.04036518 0.00451388
v -0.09385968 -0.04513313 0.00850583
v -0.09581065 -0.04817729 0.00708744
v -0.09987734 -0.04615991 0.00573763
v -0.10470950 -0.03930238 0.00880428
v -0.10569169 -0.03610066 0.00715502
v -0.10391119 -0.04441309 0.00904911
v -0.09863143 -0.05202773 0.00657524
v -0.09570538 -0.05233072 0.00796919
v -0.07263595 -0.04763274 0.01449668
v -0.07580108 -0.05764074 0.01888510
v -0.07706828 -0.05600414 0.01630349
v -0.07994595 -0.05976775 0.01611634
v -0.08342021 -0.05677231 0.01246032
v -0.10200000 -0.05003687 0.00656184
v -0.10213985 -0.04597261 0.00625447
v -0.10331803 -0.04572959 0.00711350
v -0.10481969 -0.06767988 0.02069017
v -0.10448850 -0.07079994 0.01771515
v -0.10458544 -0.06881777 0.01904069
v -0.10156440 -0.07519624 0.02326619
v -0.10287039 -0.07028243 0.02456057
v -0.10196163 -0.06352651 0.02387625
v -0.10226556 -0.06208504 0.01921266
v -0.10213467 -0.06666023 0.02685300
v -0.10238484 -0.07981356 0.01965763
v -0.10400194 -0.07367372 0.01942880
v -0.10217047 -0.08073437 0.01620696
v -0.10410281 -0.07383935 0.01610490
v -0.10401806 -0.07536875 0.01335062
v -0.10672319 -0.07200219 0.01573679
v -0.11028463 -0.06915292 0.01417692
v -0.11002702 -0.06512015 0.01213104
v -0.11094406 -0.07190758 0.01291189
v -0.10961175 -0.07119485 0.01457329
v -0.10589509 -0.07702913 0.01179990
v -0.10106388 -0.07644947 0.01394885
v -0.10977275 -0.07885290 0.00911449
v -0.11100838 -0.07537798 0.00808826
v -0.10990387 -0.07502724 0.01229588
v -0.10839825 -0.07982756 0.00863142
v -0.10661450 -0.07865565 0.00951929
v -0.10456072 -0.07635957 0.01102597
v -0.10852563 -0.07959149 0.00645529
v -0.10856516 -0.07802837 0.00500990
v -0.10257606 -0.07365426 0.01205686
v -0.09513631 -0.08545896 0.01252599
v -0.09061117 -0.08638714 0.01313199
v -0.09936266 -0.08410957 0.01458131
v -0.09800685 -0.08907260 0.01455405
v -0.08868659 -0.09655878 0.01195140
v -0.09227030 -0.09756918 0.01186982
v -0.09930085 -0.09023850 0.01785032
v -0.09666117 -0.09761238 0.01586851
v -0.08694846 -0.09285098 0.01462834
v -0.09202308 -0.08056550 0.01221236
v -0.08375959 -0.09940355 0.01496718
v -0.08793674 -0.08082612 0.01532899
v -0.09415239 -0.10613650 0.02273569
v -0.06301936 -0.03577682 0.01358102
v -0.06497054 -0.04396801 0.01990627
v -0.10750150 -0.02896891 0.00401028
v -0.07365474 -0.03307183 0.00647033
v -0.09136619 -0.07080412 0.01098658
v -0.09426626 -0.07276084 0.01065435
v -0.08736251 -0.07168109 0.01307222
v -0.08191869 -0.07009141 0.02013225
v -0.08063855 -0.06606293 0.01907537
v -0.06821024 -0.05018976 0.02205286
v -0.06777912 -0.03582764 0.00962212
v -0.07160982 -0.05337556 0.01991538
v -0.06996769 -0.05350226 0.02313755
v -0.07349004 -0.05691560 0.02162416
v -0.06676449 -0.03956879 0.01359663
v -0.10428891 -0.05054220 0.00851826
v -0.10471644 -0.05508842 0.00795572
v -0.09762130 -0.05527131 0.00710948
v -0.08278254 -0.06610571 0.01611248
v -0.08640462 -0.06532696 0.01251469
v -0.11148442 -0.07198616 0.00755394
v -0.11108769 -0.07676338 0.00595444
v -0.10972638 -0.07698365 0.00433103
v -0.11019337 -0.07157588 0.00444392
v -0.10783547 -0.07174551 0.00373400
v -0.10792144 -0.06801185 0.00439732
v -0.10232782 -0.06997534 0.00692162
v -0.10294869 -0.06837612 0.00532411
v -0.09984197 -0.06631493 0.00734186
v -0.10010625 -0.06953365 0.00923889
v -0.09786193 -0.06931846 0.01027515
v -0.09926835 -0.06146668 0.00668567
v -0.10059617 -0.05633191 0.00640237
v -0.10686056 -0.05942460 0.00782617
v -0.10532399 -0.05956400 0.00637010
v -0.10419803 -0.06171860 0.00523136
v -0.10910942 -0.06289889 0.00962578
v -0.10869900 -0.06479853 0.00622295
v -0.11152919 -0.06818204 0.00919492
v -0.09139325 -0.10979231 0.02382129
v -0.07673314 -0.11163593 0.01205173
v -0.07609098 -0.11474569 0.00981736
v -0.07286615 -0.12128272 0.00983587
v -0.07866091 -0.12413041 0.00890340
v -0.08112845 -0.11030044 0.01028644
v -0.08430217 -0.12252904 0.01025107
v -0.07404088 -0.12412531 0.01063841
v -0.07729399 -0.12571794 0.01322293
v -0.08040069 -0.12617023 0.01147602
v -0.08478805 -0.12272009 0.01844341
v -0.08647881 -0.11880286 0.01046819
v -0.08466619 -0.10890447 0.00962438
v -0.09092533 -0.10661285 0.00970372
v -0.08785307 -0.11490444 0.01045748
v -0.09159267 -0.11171466 0.01208070
v -0.08787576 -0.10225262 0.00974917
v -0.09455790 -0.10010757 0.01310534
v -0.09259748 -0.10931727 0.01639207
v -0.08982715 -0.11483306 0.01677551
v -0.10860804 -0.01413483 -0.00313395
v -0.10822053 -0.01866727 -0.00183071
v -0.09410999 0.01808728 0.00393479
v -0.09415355 0.02108849 0.00022156
v -0.09718467 0.01738041 0.00046447
v -0.09786493 0.01618867 -0.00543737
v -0.09742236 0.01838699 -0.00211497
v -0.10274797 0.01022586 0.00087979
v -0.10283593 0.00836905 0.00308046
v -0.10596465 0.00682572 0.00031111
v -0.10953094 0.00154035 -0.00076876
v -0.10682381 0.00281281 0.00401189
v -0.10958019 0.00066479 0.00174702
v -0.10803019 0.00375679 -0.00285628
v -0.10238023 0.01182227 -0.00164426
v -0.10014223 0.01531800 -0.00256960
v -0.09828727 0.01729330 -0.00388266
v -0.09454787 0.02025978 -0.00459506
v -0.09361360 0.02201140 -0.00257406
v -0.11143230 -0.00571650 0.00170847
v -0.10533192 0.00652158 -0.00419669
v -0.10094263 0.01388153 -0.00394999
v -0.10171971 0.01113451 -0.00503386
v -0.09374931 0.01822903 -0.00704210
v -0.08771321 -0.01328052 -0.02901049
v -0.08972753 -0.00797745 -0.02748684
v -0.08988649 -0.01262022 -0.02598344
v -0.09142520 -0.01062128 -0.02308505
v -0.09250236 0.00012847 -0.02366298
v -0.09425438 -0.00091617 -0.01763434
v -0.09463349 -0.00117835 -0.01416448
v -0.08893112 0.01240738 -0.02228215
v -0.09129663 0.00909771 -0.02031082
v -0.09254228 0.00693004 -0.01817757
v -0.09719664 0.01308483 -0.00749000
v -0.09228373 0.01595663 -0.00955918
v -0.09931580 0.00835830 -0.00777157
v -0.10149429 0.00828720 -0.00668232
v -0.09710196 0.00539890 -0.00921474
v -0.09458534 0.01121966 -0.00977034
v -0.09231661 0.01045508 -0.01315938
v -0.11130497 -0.00297412 -0.00028241
v -0.10546656 0.00326484 -0.00588140
v -0.11090363 -0.00834467 0.00460054
v -0.10843439 -0.00252186 0.00543472
v -0.10920825 -0.00859294 0.00680678
v -0.10990407 -0.01216428 0.00671777
v -0.10627800 -0.00312913 -0.00629565
v -0.10579750 -0.00022873 -0.00648960
v -0.09983166 0.00080775 -0.00819825
v -0.10246446 -0.00491572 -0.00660665
v -0.09914562 -0.00829716 -0.00241877
v -0.10844398 -0.02390634 0.00581771
v -0.10868262 -0.01725963 0.00822320
v -0.11125622 -0.01120939 0.00062629
v -0.11029688 -0.01251370 -0.00104998
v -0.11102786 -0.01227779 0.00400130
v -0.10991816 -0.01661339 0.00615170
v -0.11015795 -0.01739332 0.00314657
v -0.10843454 -0.02390464 0.00253852
v -0.08509583 -0.01971935 -0.03074843
v -0.08731654 -0.02155943 -0.02709219
v -0.08908898 -0.01790403 -0.02561658
v -0.09167415 -0.01835491 -0.01905698
v -0.09568773 -0.00417335 -0.01258512
v -0.09457962 0.00035407 -0.01254212
v -0.09585413 -0.00326864 -0.01089376
v -0.09702662 -0.00237046 -0.00856496
v -0.09370449 0.00286588 -0.01674385
v -0.09384181 0.00518360 -0.01355222
v -0.09513123 0.00119862 0.02314649
v -0.09691720 -0.00213664 0.01724253
v -0.09763340 -0.00496849 0.01370464
v -0.09777064 0.00084797 0.01309020
v -0.09853798 0.00121105 0.00887437
v -0.09958876 -0.00536181 0.00932502
v -0.09955600 -0.00210910 0.00887610
v -0.09262203 -0.01401987 0.02563557
v -0.09753851 -0.00824292 0.01163509
v -0.09447224 -0.01066445 0.02094218
v -0.09534242 -0.01296692 0.01648180
v -0.09624152 -0.01306494 0.01280780
v -0.09570820 -0.01736067 0.01488980
v -0.09458298 -0.02059667 0.01392350
v -0.09344159 -0.02395428 0.01553448
v -0.09559817 -0.01964137 0.01240241
v -0.09689194 -0.02159887 0.01154187
v -0.09251445 -0.02356520 0.01965274
v -0.09348425 -0.02972342 0.01447347
v -0.09513956 -0.03274562 0.01396883
v -0.10409805 -0.02213567 0.01106135
v -0.10725783 -0.02590235 0.00868031
v -0.10025876 -0.03982513 0.01527855
v -0.09939206 -0.03424602 0.01418313
v -0.10264351 -0.04450177 0.01425508
v -0.10368209 -0.04245029 0.01093883
v -0.10191741 -0.05343019 0.01683534
v -0.10028861 -0.05085461 0.01732230
v -0.10403997 -0.05994274 0.01661549
v -0.09991688 -0.05783964 0.01873374
v -0.10160837 -0.05954176 0.01774941
v -0.10532125 -0.05386231 0.01050670
v -0.10540978 -0.05568720 0.01361770
v -0.10631865 -0.05705614 0.01074363
v -0.10765642 -0.06116408 0.01333123
v -0.08980215 -0.03041697 0.03050015
v -0.09220588 -0.02198887 0.02389760
v -0.09182130 -0.02623179 0.02296445
v -0.09283429 -0.02903111 0.02127018
v -0.10156516 -0.03516120 0.01380573
v -0.09513595 -0.03447197 0.01604577
v -0.10469671 -0.03084310 0.01115074
v -0.09199376 -0.03021549 0.02535558
v -0.09441287 -0.03719181 0.02289426
v -0.09512079 -0.03701215 0.01941883
v -0.09626512 -0.03945137 0.01684713
v -0.09674621 -0.03706215 0.01559189
v -0.09844891 -0.04199729 0.01629380
v -0.09637602 -0.04638076 0.01850875
v -0.09753906 -0.05031928 0.01853942
v -0.09788980 -0.05307372 0.01945811
v -0.09669107 -0.04997719 0.02039156
v -0.09521192 -0.04251569 0.02198995
v -0.09613255 -0.05303583 0.02438779
v -0.09322461 0.01413636 0.00847380
v -0.09873746 0.00556548 0.00724195
v -0.09869087 0.00939026 0.00551715
v -0.10236691 0.00556912 0.00521014
v -0.10077956 0.00249836 0.00637388
v -0.10431593 -0.00033265 0.00643791
v -0.10098750 -0.00261084 0.00778394
v -0.09825353 -0.01732996 0.01224257
v -0.10084927 -0.01439940 0.01076049
v -0.09437435 -0.02912096 0.01207893
v -0.09829528 -0.01505576 0.01221894
v -0.09796868 -0.01320496 0.00964298
v -0.10045390 -0.01120914 0.00994947
v -0.10421637 -0.01192512 0.00944060
v -0.10509263 -0.01569700 0.00982105
v -0.10711812 -0.00625563 0.00730481
v -0.10432541 -0.00638399 0.00797015
v -0.10114618 -0.02987781 0.01295027
v -0.10806925 -0.01296514 0.00846141
v -0.10717688 -0.01873842 0.00952824
v -0.09628209 -0.01071946 0.01011448
v -0.09437086 -0.01521736 0.00977996
v -0.09467123 -0.01096641 0.00816383
v -0.09740822 -0.00762276 0.00765460
v -0.09921405 -0.00726447 0.00867129
v -0.09441058 -0.00598205 0.00147475
v -0.09233680 -0.01484728 0.00800943
v -0.08745984 -0.01456552 0.00050164
v -0.09159588 -0.00973604 0.00049296
v -0.09270769 -0.00870831 0.00320846
v -0.08863410 -0.01260596 -0.00132723
v -0.09636418 -0.01353335 0.01036009
v -0.09607762 -0.01515571 0.00971657
v -0.09810969 -0.01091856 0.00751319
v -0.09532629 -0.01821238 0.00999631
v -0.09760030 -0.01126766 0.00353291
v -0.08039307 -0.02737108 0.00317142
v -0.07965503 -0.02348473 -0.00375306
v -0.08270879 -0.01947819 -0.00462532
v -0.08298906 -0.01901464 -0.00312640
v -0.07574312 -0.02668309 -0.00304527
v -0.07477321 -0.02808552 0.00024614
v -0.07851890 -0.02519284 -0.00155257
v -0.08588855 -0.02438147 0.00585425
v -0.08535535 -0.01974094 0.00202859
v -0.08562353 -0.01599031 -0.00405350
v -0.08508248 -0.01677017 -0.00151347
v -0.09360108 -0.01774153 0.01073455
v -0.09295919 -0.02041886 0.01094306
v -0.09149317 -0.02025265 0.00993038
v -0.09686153 -0.00410797 0.00508770
v -0.09744685 -0.00538177 0.00583346
v -0.09013499 -0.02604091 0.01074394
v -0.09094937 -0.01638449 0.02912660
v -0.03110306 0.01185780 0.03581963
v -0.03130464 0.00726444 0.03696755
v -0.05531444 -0.00045426 0.03509415
v 0.05732018 0.05785780 0.01963528
v -0.02161541 0.00331983 0.03782658
v -0.05079929 -0.02712338 0.02295639
v 0.00882876 0.01455907 0.04242006
v 0.04966925 0.02252434 0.00529712
v 0.07446193 0.04354211 -0.00088724
v 0.08520930 0.07732507 0.01597103
v -0.06896016 -0.04288618 -0.03498313
v 0.01799720 -0.02235647 -0.03680746
v 0.02579395 -0.02678657 -0.03034914
v 0.03088234 -0.03719177 -0.02485206
v -0.06056175 -0.00103761 -0.04022811
v 0.15359432 0.14894347 -0.00832454
v 0.12708937 0.16423862 -0.01682540
v 0.11201870 0.10747651 -0.00698221
v 0.01192799 -0.03326528 -0.03537244
v 0.04331751 -0.06968608 -0.02625603
v 0.03659745 -0.08944853 -0.03023393
v 0.02729033 0.04046174 -0.02213162
v 0.00638242 0.05357253 -0.01797048
v -0.09477566 -0.00842785 -0.01537962
v 0.02191978 -0.00735289 -0.00393107
v 0.01738894 -0.04200734 -0.01237078
v 0.02642377 -0.06657162 -0.01616658
v 0.00046014 -0.06328512 0.00906783
v 0.03228207 -0.09653230 -0.01752917
v 0.04211878 -0.11257925 -0.01061307
v -0.09148231 -0.04337472 0.01092678
v -0.10600919 -0.06390244 0.00493224
v -0.10186686 -0.01513657 -0.00307263
v -0.08815745 -0.01424339 0.03284325
v -0.06348892 0.03497773 -0.00056001
v -0.02272811 0.01964737 0.03292485
v -0.04442979 0.03901449 -0.00202436
v 0.00417368 0.06209235 0.00732215
v -0.00000464 0.04380166 0.02613561
v -0.01854870 -0.03339326 0.01629654
v -0.01740482 -0.03444713 0.01220270
v -0.01382593 -0.03147808 0.00768419
v -0.02660221 -0.01731258 0.03634426
v 0.03666845 0.00168306 0.02433880
v 0.00558866 0.01806606 0.04193220
v 0.03281512 0.01787940 0.03084065
v 0.03518062 0.01102010 0.02877319
v 0.04945503 0.02177749 0.00149772
v 0.12786013 0.15952562 0.01839476
v 0.12927791 0.15640107 0.01557805
v 0.13800049 0.15702488 0.01389637
v 0.13296369 0.16006461 0.01688756
v 0.10642550 0.10153869 0.01354818
v 0.18031819 0.12789050 -0.00308051
v 0.15249059 0.12435853 0.00510834
v 0.17794675 0.11653400 -0.00242478
v 0.03870249 0.03672719 0.02190861
v 0.04568620 0.03916238 0.02065870
v 0.00941472 0.03999600 0.02828606
v -0.01951328 0.04973388 -0.00506566
v -0.03703837 -0.03265173 -0.02425158
v -0.07747104 -0.02382926 -0.03630580
v 0.01709022 -0.03089536 0.01048067
v -0.01693331 -0.03019389 -0.02130190
v 0.03465671 0.01214877 -0.02370637
v 0.02966481 -0.00361462 -0.01786013
v 0.05885662 0.03053197 -0.00702018
v 0.03297463 0.01411906 -0.02805070
v 0.01716704 0.00612993 -0.03976928
v 0.01463565 -0.00122596 -0.03895802
v 0.00873130 -0.00260412 -0.03923063
v 0.03397975 -0.04421450 -0.01811583
v -0.00939840 -0.02219616 -0.02660430
v 0.09724327 0.11885614 0.00018851
v 0.16490500 0.12284707 -0.00810166
v 0.03110218 -0.06481119 -0.03367078
v 0.03960833 -0.07426488 -0.03085336
v 0.04377807 -0.09919060 -0.01553364
v 0.03324686 0.04056161 -0.02008279
v 0.01178948 0.00725147 -0.03998343
v -0.01855093 -0.00210765 -0.03740080
v -0.09533662 -0.00456125 -0.01521285
v -0.02724659 -0.03654721 -0.00757075
v -0.05889111 -0.04440509 -0.01085990
v -0.05751515 -0.03469288 -0.00967763
v -0.08520311 -0.02218532 -0.00857123
v -0.04583277 -0.10504737 -0.01494056
v -0.00429967 -0.02869995 0.00146601
v 0.01065482 -0.01909081 -0.00107777
v 0.03662052 -0.05380296 -0.01523484
v -0.00329322 -0.05028026 0.01136527
v -0.00334297 -0.07225759 0.01133742
v 0.00305094 -0.09768414 0.00821584
v -0.09451320 -0.03963853 0.00683092
v -0.10749944 -0.07551327 0.01319084
v -0.10509327 -0.07559542 0.00806156
v -0.09215771 -0.07552839 0.01121848
v -0.08673363 -0.08360561 0.01729924
v -0.08407179 -0.02483281 -0.03065649
v -0.10587893 -0.02447282 0.01041004
v -0.10442480 -0.05684819 0.01559654
v -0.10273209 -0.00419932 0.00758184
v -0.10042364 -0.02003321 0.01118328
v -0.07758906 0.03080824 0.00131490
v -0.05170654 0.03487192 -0.00825937
v -0.08490082 -0.01156326 0.03551959
v -0.04902723 0.01264147 0.03145193
v 0.00339991 -0.03331712 0.03457785
v 0.03640144 0.00657409 0.00060418
v 0.04574179 0.01977687 0.00886112
v 0.03201468 0.03208417 0.02378602
v 0.13702069 0.15855663 -0.00409402
v 0.13581656 0.14146934 0.01329093
v 0.02141536 -0.12643343 0.01651835
v -0.07973961 0.00999187 -0.03293823
v -0.08767253 -0.00475434 -0.03039328
v -0.06016634 -0.03045516 -0.03994465
v 0.03387900 0.02217336 -0.02203590
v -0.00546540 -0.02119346 -0.03109149
v 0.13454524 0.16108499 -0.01519700
v 0.14287986 0.13463013 -0.01042349
v 0.00979804 -0.07249296 0.01223150
v 0.02572518 -0.07666884 -0.02643238
v 0.01132972 0.05227579 -0.01948040
v 0.00973482 0.01220092 -0.03982776
v 0.04273058 -0.10808620 -0.02698060
v -0.07228971 -0.02818150 -0.00231357
v -0.06288876 -0.02883281 -0.00022595
v -0.07155269 -0.05768988 -0.01943951
v 0.03115095 -0.05152454 -0.01354855
v -0.09549048 -0.04042279 0.01844418
v -0.09305900 0.01034481 0.02015677
v -0.03127052 -0.00861715 0.03800733
v -0.04847161 0.03742554 0.00474676
v 0.00191635 -0.04168401 0.03208429
v 0.03913907 0.01448856 0.01898999
v 0.02272361 0.01034259 0.03850242
v 0.01553970 -0.05071680 0.02618277
v 0.13298665 0.16644214 -0.00866100
v 0.16981505 0.11775639 0.00380697
v 0.00601212 -0.09028337 0.02424940
v 0.00854426 -0.09613778 0.02291970
v -0.04517175 -0.03735871 -0.02715224
v -0.06550641 -0.02064222 -0.04217342
v -0.08031190 -0.01876202 -0.03507820
v 0.03027353 -0.00078188 0.00240034
v 0.08373090 0.08089581 -0.00870512
v 0.03298961 0.00862230 -0.02800042
v 0.13191406 0.15395556 -0.01378081
v 0.01821682 0.02383900 -0.03674124
v -0.00023731 -0.02704287 -0.01387004
v 0.00913384 -0.11926867 0.00781203
v -0.10466459 -0.02581696 -0.00083474
v -0.01439194 -0.01037556 -0.03486711
v -0.11027383 -0.00774948 -0.00205155
v -0.06885806 -0.00156818 0.03877227
v -0.05683669 0.01291225 0.03206968
v -0.02001261 0.04730698 0.01496247
v 0.17972296 0.12964199 0.00234272
v 0.15594038 0.12276806 0.00358334
v -0.07250895 -0.11784226 0.02372308
v -0.07877750 -0.01241780 -0.03712597
v 0.03296903 -0.10908331 -0.02379909
v 0.02249989 0.02741214 -0.03282412
v -0.07240160 -0.05040350 -0.02888977
v -0.06496324 -0.02815687 -0.00185414
v -0.04380207 -0.12515512 -0.03233769
v -0.09804908 -0.01880831 -0.00200888
v -0.08746373 -0.05265208 0.01151241
v -0.01184868 -0.01141528 0.03437028
v 0.00529430 -0.00651849 0.04246789
v 0.03777602 0.00793261 0.00353223
v 0.03881405 0.00952158 -0.00217850
v 0.08173299 0.07221150 0.01635103
v 0.15136421 0.13513264 0.01237122
v 0.17250860 0.11871570 0.00431663
v -0.07817738 0.00164085 -0.03697564
v -0.03401517 -0.02653688 -0.03104161
v 0.01999309 -0.01617099 -0.03403188
v 0.01995201 -0.04478630 -0.03450667
v -0.09156293 -0.06037724 0.01118300
v 0.03110084 0.01066778 -0.03163710
v 0.06958330 0.08589204 -0.00126295
v -0.03613286 0.04232336 0.00101679
v 0.00086468 0.01470977 0.04236162
v 0.00108195 -0.03356631 -0.02739340
v 0.00788056 -0.02358054 -0.00689142
v -0.10191847 -0.07135762 0.00957740
v -0.11151547 -0.00876194 0.00238030
v -0.09493090 -0.00475356 0.02322319
v -0.08355060 -0.00344774 0.03615878
v -0.00498790 -0.01648540 0.03351406
v 0.01108036 -0.09501938 0.01054582
v 0.02699275 0.03445838 0.02498559
v -0.05958595 -0.02479813 -0.04154490
v -0.06093798 -0.01719528 -0.04225862
v -0.05053341 -0.05120937 -0.03301187
v -0.04591109 -0.11755269 -0.03127270
v -0.04082949 -0.03670600 0.00544577
v 0.00466060 -0.08632948 0.00881265
v -0.09460561 0.00696650 -0.01114072
v -0.10858230 -0.00512791 -0.00428508
v -0.09843659 -0.05617838 0.02117031
v -0.11012162 -0.07923925 0.00662343
v -0.01223496 -0.00901495 -0.03577714
v -0.01721206 -0.02983293 0.02143352
v 0.02076924 -0.03200872 0.01539968
v 0.01395237 -0.10515898 0.00826264
v -0.07908951 0.02647780 -0.01200913
v -0.08323079 0.02270804 -0.01394664
v -0.06803168 -0.02397695 -0.04102046
v -0.07779186 -0.00588314 -0.03822491
v -0.02466300 -0.03676605 -0.00255998
v -0.02153353 -0.03687265 0.00335744
v -0.00226591 -0.07439259 0.02268093
v 0.00319986 -0.02773745 -0.01229122
v -0.09707058 -0.07807365 0.01228132
v -0.06278498 -0.04234835 0.02274529
v -0.06665809 -0.04758358 0.03111174
v 0.00463587 -0.02380075 0.03556042
v 0.01807371 0.02922400 0.03423676
v 0.17447053 0.12586018 0.00822497
v 0.16868472 0.11552303 -0.00135335
v -0.04732945 -0.01473262 -0.03664215
v -0.05574475 -0.03155741 0.01162760
v -0.04543101 -0.03548045 0.00945747
v 0.01967780 -0.06026030 -0.01956536
v -0.10441806 -0.03404547 0.00312668
v -0.11083067 -0.07455695 0.01079408
v -0.09572973 -0.02627204 0.01170319
v 0.02340009 -0.01825013 0.02039553
v -0.05624764 0.03649617 -0.00041034
v -0.00381471 -0.02070080 0.03183517
v 0.03366652 -0.00326508 0.02734693
v 0.01606374 -0.00472031 0.03846345
v 0.13420631 0.15525475 0.01488657
v 0.00946975 -0.09145753 0.02274358
v -0.06018686 0.02869706 -0.01860562
v 0.01626936 -0.04357594 0.01455535
v 0.00996043 -0.05224224 0.01088437
v 0.00484416 0.03451518 -0.03498871
v -0.00836434 -0.02963953 -0.01101252
v 0.00509426 -0.03635381 -0.01851093
v 0.00829597 -0.03623828 -0.01425876
v -0.08420202 0.02089816 0.01605808
v -0.05833479 0.02964190 0.01877811
v 0.01087350 0.07085273 0.00129222
v 0.02464605 0.01818882 -0.03601477
v 0.11775450 0.09966677 0.00202695
v -0.09612915 -0.00625934 -0.00564494
v -0.00826228 -0.03382299 0.01577255
v 0.03494705 -0.11189525 -0.01335249
v -0.09657713 -0.06115846 0.00884590
v -0.05471396 0.03182410 0.01624318
v -0.07885950 -0.02060214 0.04006629
v 0.01888652 -0.00000266 0.03944192
v 0.03416302 -0.04347532 -0.02099294
v 0.13427338 0.13892543 -0.00936190
v 0.11495077 0.11784539 -0.00717980
v 0.04846991 0.05699956 -0.01374859
v 0.02779938 0.05338715 -0.01646721
v 0.02614506 0.02932069 -0.02816817
v 0.01840657 -0.01007848 -0.00230143
v -0.10479466 -0.06294942 0.01710116
v 0.00294308 -0.01866094 0.03591575
v 0.01967572 -0.04243024 0.02328054
v 0.14398892 0.14701101 0.01442969
v -0.04188553 -0.02801119 -0.02881399
v 0.03019118 0.01873295 -0.03111580
v 0.16061921 0.14311811 -0.00400076
v -0.08494236 -0.03699921 0.01088390
v -0.10892607 0.00040874 0.00337460
v -0.09038143 0.01286560 -0.01525069
v -0.08575080 -0.02793393 0.00794238
v -0.10112637 -0.00579312 0.00791592
v -0.10413719 -0.00248234 -0.00700502
v -0.10331223 -0.07736466 0.01759797
v -0.00191868 0.06088784 0.00726104
v -0.06408626 -0.04137332 0.03305334
v 0.03256002 0.00085509 -0.01378182
v 0.12942535 0.16416672 -0.01886763
v -0.03899886 -0.00549306 -0.03646406
v -0.05138740 -0.03447473 -0.00618694
v -0.00034359 -0.09554535 0.01581956
v 0.00447499 0.01331226 0.04301941
v 0.01826646 0.02163219 0.03851029
v 0.00426087 -0.04385757 0.03233458
v 0.00273169 -0.05781208 0.00916686
v 0.01454100 -0.05498981 -0.02960135
v 0.04923090 -0.12797682 -0.01650125
v 0.01622058 0.01252011 -0.03968204
v 0.01792112 -0.05019777 -0.01547718
v -0.09485681 -0.10588127 0.01897556
v -0.05742981 0.03508425 -0.00564665
v 0.00918930 -0.04615228 -0.02269985
v -0.05943618 -0.02441389 0.03504608
v 0.00297463 0.03867100 -0.03272859
v -0.10485806 -0.03467305 0.01020240
v 0.01419111 -0.09878263 0.01411882
v -0.10606434 -0.02608454 -0.00024431
v -0.09327933 -0.00478923 -0.02087025
v -0.00091078 -0.02926508 -0.01844467
v 0.02253199 -0.11668988 0.00325590
v 0.16917211 0.13184676 -0.00543961
v 0.16884507 0.13079673 -0.00623237
v 0.16857183 0.12937233 -0.00673881
v 0.17036130 0.11991490 0.00578099
v 0.17500511 0.13142040 -0.00390763
v 0.17469071 0.13003591 -0.00536477
v 0.17263904 0.11755879 0.00166008
v 0.16774738 0.12755510 -0.00760326
v 0.16716015 0.11763255 0.00282354
v 0.17436367 0.12898588 -0.00615754
v 0.16981035 0.13295470 -0.00469272
v 0.17867522 0.12251096 0.00346160
v 0.16487001 0.11738910 0.00069080
v 0.17046025 0.11613511 -0.00229261
v 0.17185596 0.11801358 -0.00644115
v 0.17249128 0.12616581 -0.00777938
v 0.17918974 0.12740177 0.00347726
v 0.17980513 0.12709519 0.00215894
v 0.17170808 0.12039457 0.00603581
v 0.16998109 0.11978537 -0.00782206
v 0.17201427 0.12463032 0.00845457
v 0.16744775 0.12608260 0.00871989
v 0.16824816 0.12776706 0.00856956
v 0.17817883 0.11964083 -0.00509075
v 0.17805983 0.12281755 0.00477992
v 0.16449144 0.11892383 -0.00562268
v 0.17957062 0.12301454 -0.00362067
v 0.17568456 0.13232131 -0.00264965
v 0.17087182 0.11888932 -0.00700600
v 0.16722344 0.12122969 -0.00807835
v 0.17885974 0.11887722 -0.00023045
v 0.17161489 0.12420802 -0.00825283
v 0.17331573 0.12798303 -0.00691494
v 0.17219889 0.12591925 0.00852313
v 0.17696263 0.12322567 -0.00695647
v 0.16851386 0.11682491 0.00218466
v 0.16765863 0.12358791 -0.00837203
v 0.16711544 0.12245248 -0.00834776
v 0.17409673 0.11816673 0.00281251
v 0.17947665 0.12386645 -0.00464839
v 0.17413495 0.11648861 -0.00300203
v 0.17941558 0.12236655 0.00182722
v 0.17982109 0.12259151 0.00090008
v 0.17418391 0.12460977 -0.00788023
v 0.17947465 0.12967235 -0.00213431
v 0.16614822 0.11837268 0.00340496
v 0.17074673 0.12758130 -0.00728753
v 0.17547536 0.12408184 0.00750752
v 0.17147449 0.11749429 0.00287893
v 0.17288484 0.12144409 0.00729213
v 0.17325103 0.11757112 -0.00541435
v 0.17756835 0.12373252 0.00570093
v 0.17072710 0.11596245 -0.00117491
v 0.18031186 0.12839806 0.00076448
v 0.17998612 0.12213337 -0.00236337
v 0.17041740 0.12402587 0.00828814
v 0.16447274 0.11884740 0.00299284
v 0.16924706 0.12756820 -0.00744539
v 0.17608064 0.12999684 -0.00489981
v 0.17747059 0.12995775 -0.00443484
v 0.17508045 0.12771137 0.00770797
v 0.17131668 0.12235492 -0.00847376
v 0.17368537 0.11976522 0.00557294
v 0.17012393 0.11623669 -0.00375496
v 0.17673331 0.12428847 0.00689952
v 0.17022210 0.12809047 0.00845460
v 0.16795683 0.12544100 -0.00815109
v 0.17559776 0.13242698 0.00521506
v 0.18039402 0.12585126 0.00058071
v 0.16839559 0.12882313 0.00838621
v 0.17422718 0.11700982 0.00015596
v 0.16735348 0.11691126 -0.00500027
v 0.17394322 0.12898821 0.00776530
v 0.17029583 0.12861851 0.00836293
v 0.16843246 0.12908715 0.00834038
v 0.17031425 0.12875050 0.00834001
v 0.16844167 0.12915316 0.00832892
v 0.17031887 0.12878352 0.00833428
v 0.16844398 0.12916967 0.00832605
v 0.17032002 0.12879178 0.00833285
v 0.16844454 0.12917379 0.00832534
v 0.17032030 0.12879384 0.00833249
v 0.17937356 0.13088921 0.00075576
v 0.17862749 0.13045122 -0.00279977
v 0.18014134 0.12233165 -0.00093136
v 0.16962408 0.12391098 -0.00837291
v 0.17926525 0.11910219 -0.00115759
v 0.17859435 0.11875966 -0.00383345
v 0.18020757 0.12428854 0.00014373
v 0.17128405 0.13291098 -0.00403623
v 0.17771854 0.12041340 -0.00596487
v 0.17872843 0.13044587 0.00369655
v 0.17386441 0.13309772 0.00522747
v 0.17605433 0.13143130 0.00579727
v 0.16720878 0.13007143 -0.00664345
v 0.17289940 0.12440889 -0.00806653
v 0.17592895 0.11699498 -0.00038726
v 0.17416435 0.12079155 -0.00777827
v 0.17203122 0.12778217 -0.00710123
v 0.17088141 0.12117328 -0.00831554
v 0.17385510 0.11662619 -0.00433901
v 0.16700841 0.12781921 0.00851886
v 0.17820349 0.12032911 0.00331366
v 0.17854334 0.12692998 0.00492059
v 0.17070177 0.11704749 -0.00494795
v 0.17447127 0.11638703 -0.00153968
v 0.17037165 0.13062263 -0.00593134
v 0.17759484 0.12686509 -0.00614281
v 0.17918669 0.12544471 -0.00506839
v 0.17633840 0.12791800 0.00709997
v 0.17813832 0.13176283 0.00340619
v 0.17196348 0.13381189 -0.00277825
v 0.17706028 0.12913048 0.00621017
v 0.17521977 0.11976524 0.00548961
v 0.17781860 0.11851241 0.00152355
v 0.16842556 0.12066997 -0.00810037
v 0.17654690 0.12586224 -0.00690021
v 0.17250443 0.12267787 0.00792143
v 0.17725259 0.12164742 -0.00653647
v 0.17333329 0.12713704 0.00828230
v 0.17671213 0.13040616 0.00612067
v 0.16846132 0.11856402 0.00444586
v 0.16956255 0.11589795 0.00004394
v 0.17290467 0.13239947 -0.00357958
v 0.17160493 0.11633737 0.00022238
v 0.16873446 0.11964329 0.00543286
v 0.16982099 0.12085836 0.00659393
v 0.16846430 0.12011501 0.00583934
v 0.16968593 0.12109422 0.00679717
v 0.16839677 0.12023294 0.00594095
v 0.16965216 0.12115318 0.00684798
v 0.16837989 0.12026243 0.00596636
v 0.16964372 0.12116793 0.00686068
v 0.16837567 0.12026980 0.00597271
v 0.16964161 0.12117161 0.00686385
v 0.16837461 0.12027164 0.00597430
v 0.16964108 0.12117253 0.00686465
v 0.16882652 0.11608315 0.00100179
v 0.17106165 0.12719610 0.00858046
v 0.16857153 0.12499716 0.00866493
v 0.17313094 0.12971720 -0.00589393
v 0.17770830 0.12748593 0.00611917
v 0.17832345 0.12357865 -0.00597364
v 0.18062031 0.12644331 -0.00227845
v 0.17678005 0.11659067 -0.00359083
v 0.17907655 0.12917021 0.00378605
v 0.17953852 0.12597509 0.00272621
v 0.17328510 0.12060466 0.00643253
v 0.17610824 0.12757041 -0.00664939
v 0.18071428 0.12559140 -0.00125073
v 0.17138761 0.13494021 -0.00175052
v 0.18026128 0.12869650 -0.00166550
v 0.17534259 0.13316941 0.00455671
v 0.17373683 0.13346894 0.00489829
v 0.17527878 0.13335502 0.00439213
v 0.17370492 0.13356175 0.00481600
v 0.17526284 0.13340142 0.00435098
v 0.17369695 0.13358495 0.00479542
v 0.17525885 0.13341303 0.00434069
v 0.17369495 0.13359076 0.00479028
v 0.17525786 0.13341594 0.00433812
v 0.17369446 0.13359220 0.00478900
v 0.17675814 0.11846703 0.00218002
v 0.16828379 0.13312879 -0.00499375
v 0.16881663 0.12402093 0.00839836
v 0.17837480 0.11894660 0.00083735
v 0.16495246 0.11934689 0.00383273
v 0.16385807 0.11812922 0.00127222
v 0.17514849 0.11991582 -0.00721342
v 0.17902893 0.12111924 -0.00429633
v 0.18035294 0.12712467 0.00067259
v 0.17047039 0.12313294 -0.00842334
v 0.17697604 0.13219759 -0.00192794
v 0.16879046 0.12467599 -0.00826200
v 0.16535446 0.11679694 -0.00067939
v 0.16394091 0.11784084 0.00006993
v 0.16488992 0.11702281 -0.00098983
v 0.16370863 0.11795378 -0.00008529
v 0.16477378 0.11707928 -0.00106743
v 0.16365056 0.11798202 -0.00012409
v 0.16474473 0.11709340 -0.00108684
v 0.16363603 0.11798908 -0.00013379
v 0.16473748 0.11709693 -0.00109169
v 0.16363241 0.11799084 -0.00013622
v 0.16473567 0.11709781 -0.00109290
v 0.16764554 0.13202085 -0.00574064
v 0.17069867 0.13167265 -0.00513859
v 0.17782149 0.12571749 0.00581038
v 0.17677709 0.12457620 -0.00711447
v 0.16872886 0.11667915 -0.00478176
v 0.17500928 0.11759228 -0.00583221
v 0.17404301 0.11871571 0.00423330
v 0.17020813 0.13009763 -0.00632773
v 0.16748202 0.13149583 -0.00613701
v 0.17416194 0.11758828 0.00148423
v 0.16583848 0.11917785 -0.00698732
v 0.16686937 0.12633651 -0.00787673
v 0.16622093 0.12784132 -0.00746563
v 0.17563114 0.11816674 0.00272918
v 0.18017446 0.12331010 -0.00039382
v 0.17459963 0.12197320 -0.00793649
v 0.17363825 0.12806262 0.00802380
v 0.17520012 0.11669101 -0.00096347
v 0.16677110 0.11640611 -0.00389167
v 0.16964389 0.11863766 -0.00689841
v 0.16707215 0.12935923 -0.00689667
v 0.17007151 0.12938541 -0.00658094
v 0.16841596 0.11838600 -0.00679082
v 0.16726182 0.11586390 -0.00170146
v 0.17243317 0.11650345 -0.00245881
v 0.17063442 0.12099417 0.00676799
v 0.17008817 0.11883564 0.00479398
v 0.17927192 0.12485498 0.00329348
v 0.17621849 0.11773687 -0.00556649
v 0.16652581 0.11604911 -0.00074362
v 0.17698941 0.11704034 -0.00104374
v 0.17913285 0.13095896 0.00205237
v 0.17880952 0.12134783 0.00257044
v 0.17639506 0.13138133 -0.00344267
v 0.17361517 0.13145947 -0.00437259
v 0.16986209 0.12304718 0.00807668
v 0.17415899 0.13030052 0.00715473
v 0.17317753 0.12935719 0.00774719
v 0.16350004 0.11886607 0.00190604
v 0.17727739 0.12500298 0.00635495
v 0.17592344 0.12930459 -0.00562838
v 0.17345798 0.13076723 -0.00510117
v 0.18046093 0.12493997 -0.00055350
v 0.17738429 0.12830821 0.00616467
v 0.17959964 0.12043635 -0.00160702
v 0.17116183 0.11823605 0.00406180
v 0.17270426 0.11698033 0.00033180
v 0.17257382 0.11813725 0.00298835
v 0.17693281 0.13066953 -0.00393876
v 0.17197640 0.11730930 -0.00518115
v 0.17243409 0.13310568 -0.00317892
v 0.17911002 0.11890391 -0.00258960
v 0.17866588 0.12383626 0.00403670
v 0.17529073 0.12279290 0.00743897
v 0.17635772 0.12006041 -0.00694771
v 0.17146090 0.12335187 0.00810479
v 0.17448172 0.12204853 0.00745856
v 0.16665992 0.12845062 -0.00732889
v 0.16883484 0.12665959 -0.00787762
v 0.16965929 0.12847681 -0.00701317
v 0.17342108 0.11941294 -0.00747239
v 0.16628182 0.12321749 -0.00823684
v 0.17143494 0.11931530 0.00504881
v 0.17012772 0.11701463 0.00262410
v 0.16713388 0.11850211 0.00395414
v 0.16718641 0.11676300 0.00169294
v 0.16853896 0.12353159 0.00829263
v 0.17632756 0.12671632 -0.00677480
v 0.17429462 0.13236040 -0.00311462
v 0.17950752 0.12162630 -0.00332985
v 0.17214644 0.11915113 -0.00723920
v 0.17575993 0.12877956 -0.00602476
v 0.17296743 0.12919220 -0.00629031
v 0.16848761 0.11769447 0.00331526
v 0.16972324 0.12280251 0.00802382
v 0.16846955 0.12340926 0.00826620
v 0.17995524 0.12437352 -0.00368191
v 0.16606422 0.12203838 -0.00809000
v 0.16968855 0.12274134 0.00801060
v 0.16845220 0.12337867 0.00825959
v 0.16967988 0.12272605 0.00800729
v 0.16844785 0.12337103 0.00825794
v 0.16967770 0.12272222 0.00800647
v 0.16844678 0.12336911 0.00825752
v 0.17572848 0.12606680 0.00761697
v 0.16793132 0.11772206 -0.00619327
v 0.16860291 0.13368277 -0.00462030
v 0.17101780 0.13222663 -0.00476514
v 0.17377615 0.13048501 0.00714567
v 0.17298611 0.12944944 0.00774266
v 0.17368044 0.13053113 0.00714341
v 0.17293826 0.12947249 0.00774152
v 0.17365652 0.13054267 0.00714284
v 0.17292629 0.12947828 0.00774124
v 0.17365053 0.13054556 0.00714270
v 0.17292330 0.12947971 0.00774117
v 0.17364904 0.13054627 0.00714266
v 0.16610615 0.12647963 -0.00780791
v 0.16583931 0.12791288 -0.00743122
v 0.16591534 0.12651540 -0.00779071
v 0.16574392 0.12793076 -0.00742262
v 0.16586764 0.12652434 -0.00778641
v 0.16572006 0.12793523 -0.00742047
v 0.16585571 0.12652658 -0.00778534
v 0.16571409 0.12793636 -0.00741993
v 0.16585273 0.12652715 -0.00778507
v 0.16571259 0.12793663 -0.00741980
v 0.17471197 0.12777671 -0.00678216
v 0.17248586 0.13412029 -0.00203606
v 0.17164880 0.13509440 -0.00137943
v 0.17261645 0.13419738 -0.00185052
v 0.17171410 0.13513297 -0.00128666
v 0.17264912 0.13421667 -0.00180413
v 0.17173043 0.13514259 -0.00126346
v 0.17265728 0.13422149 -0.00179253
v 0.17173451 0.13514501 -0.00125767
v 0.17265931 0.13422269 -0.00178963
v 0.17173553 0.13514560 -0.00125622
v 0.17928126 0.12352968 0.00271838
v 0.17806917 0.12149224 0.00420481
v 0.16699496 0.11603656 -0.00281917
v 0.16604134 0.11664127 0.00062657
v 0.16369867 0.11813693 0.00075502
v 0.16362837 0.11959359 0.00308327
v 0.17697164 0.12138851 0.00586904
v 0.16620074 0.11663356 0.00114376
v 0.17324239 0.12524524 0.00833977
v 0.17589319 0.11650977 -0.00341988
v 0.17570622 0.12264497 -0.00767730
v 0.17189822 0.13044854 -0.00563032
v 0.17825994 0.11742550 -0.00338402
v 0.17623091 0.12517764 0.00725824
v 0.16597357 0.11744903 -0.00530318
v 0.17652029 0.11959462 0.00454901
v 0.17787625 0.11712125 -0.00121468
v 0.16941130 0.11923946 0.00511342
v 0.17776489 0.12660171 0.00596478
v 0.16971532 0.11686332 -0.00486485
v 0.17941774 0.13047835 -0.00071931
v 0.18043384 0.12488059 -0.00271543
v 0.17863558 0.13136089 0.00272928
v 0.17958522 0.12150058 0.00082611
v 0.17987049 0.12138399 -0.00126919
v 0.16930562 0.11600173 -0.00294069
v 0.17161487 0.11626849 -0.00164454
v 0.17947103 0.12866938 -0.00374596
v 0.16632313 0.11984178 -0.00758487
v 0.17808202 0.12997408 0.00513987
v 0.17058374 0.11611766 0.00013316
v 0.17529050 0.12528153 -0.00762104
v 0.17313060 0.11827539 -0.00667435
v 0.17058133 0.11775176 -0.00620795
v 0.17996368 0.12957224 0.00104612
v 0.17441410 0.12332374 -0.00809448
v 0.17377579 0.12636667 -0.00759309
v 0.17120677 0.12596494 -0.00796568
v 0.17443219 0.11710922 -0.00508561
v 0.16307786 0.11923917 0.00195126
v 0.16341728 0.11978014 0.00310587
v 0.16598833 0.12700304 0.00856868
v 0.16627871 0.12827942 0.00844325
v 0.16297230 0.11933245 0.00196256
v 0.16336450 0.11982678 0.00311153
v 0.16294593 0.11935577 0.00196539
v 0.16335130 0.11983843 0.00311294
v 0.16293931 0.11936159 0.00196609
v 0.16334799 0.11984135 0.00311329
v 0.16293767 0.11936305 0.00196627
v 0.17428592 0.12457125 0.00815642
v 0.17727000 0.12256052 0.00578499
v 0.17819047 0.12784651 -0.00557246
v 0.17875507 0.12451168 -0.00552102
v 0.16494131 0.11793385 -0.00490863
v 0.16368413 0.11891367 -0.00487110
v 0.16453767 0.11792877 -0.00453284
v 0.16348231 0.11891112 -0.00468320
v 0.16443676 0.11792750 -0.00443889
v 0.16343185 0.11891049 -0.00463623
v 0.16441151 0.11792718 -0.00441541
v 0.16341923 0.11891033 -0.00462449
v 0.16440521 0.11792710 -0.00440953
v 0.16341609 0.11891029 -0.00462155
v 0.16440365 0.11792708 -0.00440807
v 0.17463140 0.11924047 0.00486146
v 0.16720137 0.13266186 -0.00551770
v 0.17670444 0.11901601 0.00360083
v 0.17945635 0.12852189 0.00290999
v 0.17892313 0.12628166 0.00404453
v 0.17862913 0.12613833 -0.00582328
v 0.17153971 0.11691583 0.00155065
v 0.17680514 0.12085392 -0.00674209
v 0.17976405 0.12836859 0.00225083
v 0.17984623 0.12582180 0.00206705
v 0.17977147 0.12750512 -0.00416671
v 0.17892431 0.12828401 -0.00483217
v 0.17287222 0.12147032 -0.00819546
v 0.17130780 0.12123400 0.00689541
v 0.17210834 0.11955513 0.00517622
v 0.17503259 0.13058770 0.00686757
v 0.17820443 0.13039525 -0.00369456
v 0.16480622 0.11966266 -0.00659276
v 0.16361658 0.11977807 -0.00571317
v 0.16875318 0.11953372 -0.00771448
v 0.17120901 0.12003702 -0.00792965
v 0.17594385 0.11948799 0.00507301
v 0.18055257 0.12832832 -0.00053212
v 0.17305779 0.12395632 0.00827122
v 0.17097075 0.12530431 0.00863793
v 0.17728396 0.11805382 -0.00550199
v 0.17739707 0.13019012 0.00563027
v 0.17219748 0.12716657 0.00843138
v 0.17674530 0.11766313 0.00065190
v 0.17561445 0.11868180 -0.00664183
v 0.16603003 0.11935928 0.00445873
v 0.17778802 0.12261304 -0.00625505
v 0.16965348 0.12092163 -0.00820796
v 0.17603344 0.12699240 0.00735847
v 0.18057406 0.12523600 -0.00198308
v 0.16868749 0.12603046 0.00877059
v 0.16620800 0.12613474 0.00866919
v 0.17881164 0.11993945 -0.00406489
v 0.17727733 0.13224544 0.00446816
v 0.16489336 0.11984019 0.00435961
v 0.16562349 0.12723315 0.00853088
v 0.16609628 0.12839448 0.00842435
v 0.16553226 0.12729068 0.00852143
v 0.16605067 0.12842324 0.00841963
v 0.16550946 0.12730506 0.00851906
v 0.16603927 0.12843043 0.00841845
v 0.16550377 0.12730865 0.00851847
v 0.16603643 0.12843223 0.00841815
v 0.16550234 0.12730956 0.00851833
v 0.17129838 0.11877567 0.00455530
v 0.16740862 0.12866142 0.00844369
v 0.16908771 0.12687269 0.00869542
v 0.16436879 0.12008978 -0.00663801
v 0.16339788 0.11999163 -0.00573579
v 0.16425943 0.12019657 -0.00664932
v 0.16334319 0.12004502 -0.00574145
v 0.16423211 0.12022326 -0.00665215
v 0.16332953 0.12005837 -0.00574286
v 0.16422527 0.12022994 -0.00665285
v 0.16332611 0.12006171 -0.00574321
v 0.16422355 0.12023161 -0.00665303
v 0.16666387 0.13113318 -0.00634255
v 0.18060946 0.12752232 -0.00194713
v 0.17666581 0.13183837 0.00513272
v 0.16794869 0.11570823 -0.00039550
v 0.17839612 0.12082061 -0.00532219
v 0.17796154 0.11846104 -0.00485930
v 0.17904925 0.12956029 -0.00327287
v 0.17428479 0.11966438 -0.00734291
v 0.17345223 0.11644524 -0.00199925
v 0.17776148 0.12164554 0.00486397
v 0.17897357 0.12368298 0.00337754
v 0.17835818 0.12398955 0.00469586
v 0.16345920 0.11940865 -0.00522812
v 0.16552369 0.11843900 -0.00601723
v 0.16628358 0.11634519 -0.00005853
v 0.16838762 0.11589570 0.00030314
v 0.17187682 0.12132180 -0.00825550
v 0.18004921 0.12352161 -0.00265419
v 0.17909202 0.12250747 -0.00458715
v 0.16600049 0.11960593 0.00472218
v 0.16487858 0.11996351 0.00449133
v 0.16599309 0.11966759 0.00478804
v 0.16487488 0.11999434 0.00452426
v 0.16599125 0.11968300 0.00480450
v 0.16487396 0.12000205 0.00453250
v 0.16599078 0.11968686 0.00480862
v 0.16487373 0.12000398 0.00453455
v 0.17587236 0.13049692 0.00649412
v 0.17127855 0.11637007 -0.00310688
v 0.16671193 0.12507537 0.00858889
v 0.17829069 0.11763912 -0.00107237
v 0.17857930 0.12957214 0.00446296
v 0.17349307 0.12236320 0.00769000
v 0.17673478 0.13183178 -0.00281367
v 0.17463434 0.13281085 -0.00248562
v 0.17395489 0.13190994 -0.00374361
v 0.17008926 0.11818963 -0.00649037
v 0.17263852 0.11871326 -0.00695677
v 0.17165437 0.11958900 -0.00752162
v 0.17784551 0.11690763 -0.00352632
v 0.17978230 0.12642613 -0.00449804
v 0.17603379 0.12492887 -0.00736776
v 0.16858457 0.11895986 -0.00725265
v 0.16841787 0.11569569 -0.00247105
v 0.17675173 0.11806509 0.00141596
v 0.17129844 0.13106060 -0.00538445
v 0.16617222 0.12081560 -0.00782060
v 0.16827466 0.12164378 -0.00833610
v 0.17890179 0.11953095 0.00072442
v 0.17881769 0.11822349 -0.00118531
v 0.16947287 0.13400309 -0.00392760
v 0.17616779 0.11859138 0.00316500
v 0.17880994 0.12805009 0.00435332
v 0.17246120 0.12343000 -0.00830325
v 0.17333759 0.12538779 -0.00782981
v 0.17076859 0.12498605 -0.00820240
v 0.17487414 0.11656797 -0.00387945
v 0.17523596 0.12827814 -0.00640346
v 0.17161900 0.12687355 -0.00753346
v 0.17418802 0.12727529 -0.00716086
v 0.17244345 0.12869078 -0.00666901
v 0.17106307 0.12594879 0.00867220
v 0.17333472 0.12588972 0.00837405
v 0.17749807 0.12419129 -0.00667506
v 0.17642719 0.12226006 -0.00723789
v 0.16916445 0.11729065 0.00299581
v 0.16786328 0.11635917 0.00137350
v 0.16781074 0.11809829 0.00363470
v 0.16682500 0.12435292 -0.00826111
v 0.16849226 0.12282290 -0.00848294
v 0.16617447 0.11750312 0.00227436
v 0.16723725 0.11587867 -0.00056956
v 0.17789003 0.12901075 -0.00515170
v 0.17591646 0.11820933 -0.00610416
v 0.17267808 0.13060787 -0.00536574
v 0.16601022 0.12264977 -0.00822471
v 0.16822065 0.12225518 -0.00847080
v 0.16833009 0.11720061 -0.00548751
v 0.18032902 0.12681150 -0.00341183
v 0.17330267 0.11844122 0.00356457
v 0.17343311 0.11728431 0.00090802
v 0.17489079 0.11789225 0.00206044
v 0.17764729 0.11989492 0.00399985
v 0.17904502 0.12293343 -0.00510101
v 0.17990826 0.12479948 -0.00419577
v 0.17311591 0.11654682 -0.00346159
v 0.17515400 0.11643040 -0.00254246
v 0.17917971 0.12127562 0.00175325
v 0.17965144 0.12345748 0.00190119
v 0.17843935 0.12142004 0.00338763
v 0.17909753 0.12556833 0.00366900
v 0.17540070 0.13293189 -0.00168190
v 0.17978798 0.12161307 0.00036253
v 0.13260187 0.16533318 -0.01534248
v 0.13190937 0.16665360 -0.01466469
v 0.12769319 0.16165242 -0.01597382
v 0.12698406 0.16322768 -0.01176819
v 0.12926924 0.16023277 -0.00699754
v 0.12906837 0.15511006 -0.00787846
v 0.13199078 0.16725241 -0.01354324
v 0.13453233 0.16115215 0.01595704
v 0.13598479 0.16117790 0.01531909
v 0.13364406 0.16360003 -0.01480816
v 0.12833804 0.15930489 -0.00855017
v 0.12810563 0.16572040 -0.01802094
v 0.13561237 0.16553856 0.01639782
v 0.13434467 0.16179362 -0.00526317
v 0.13323727 0.16504118 -0.01479945
v 0.13301596 0.16578129 0.01802818
v 0.13230103 0.16205353 0.01783858
v 0.12946504 0.15540954 -0.00653800
v 0.12888572 0.15723392 -0.01402493
v 0.13085926 0.16648586 -0.00861113
v 0.12965497 0.15989091 0.02051922
v 0.12999727 0.15620133 -0.00553648
v 0.13558981 0.16194546 -0.00547604
v 0.13644040 0.16717815 0.01386009
v 0.13009135 0.16113174 -0.00615514
v 0.13274679 0.15723383 -0.01768363
v 0.13357416 0.16270983 -0.01609235
v 0.12794137 0.15900540 -0.00989063
v 0.12659045 0.16397922 -0.01471655
v 0.13838495 0.16476581 0.01110649
v 0.12654981 0.16679403 -0.01493813
v 0.12795869 0.16246493 -0.01741803
v 0.13184188 0.16067415 0.01848971
v 0.12700452 0.16450658 -0.01164562
v 0.12841257 0.16195756 -0.00859127
v 0.13415992 0.16551280 0.01703576
v 0.13197812 0.16603363 0.01856099
v 0.13005137 0.16660987 0.01564583
v 0.12936255 0.16839123 -0.01199356
v 0.13092995 0.15937111 -0.01862811
v 0.12982351 0.15747342 -0.01576120
v 0.12884852 0.15508297 -0.00926021
v 0.12685111 0.16620049 -0.01665458
v 0.12858807 0.15713239 -0.01253871
v 0.12739056 0.16616844 -0.01711570
v 0.13677743 0.15966731 0.01461224
v 0.12752885 0.16065051 -0.01437049
v 0.13864720 0.16445164 0.01194086
v 0.12893790 0.15619138 -0.01128249
v 0.12723118 0.16054899 -0.01288427
v 0.12692502 0.16323671 -0.01522207
v 0.13341664 0.16459478 -0.00661382
v 0.13132255 0.16458434 0.01335260
v 0.13292366 0.16557503 0.01282614
v 0.12712102 0.16163224 -0.01188133
v 0.13811225 0.16275313 0.01442556
v 0.12975147 0.16225241 0.01403482
v 0.13037650 0.16082251 0.01294569
v 0.12916148 0.15524229 -0.01109392
v 0.13127455 0.16644634 -0.01603033
v 0.12837531 0.16063122 -0.00857072
v 0.12748051 0.16782090 -0.01268401
v 0.13058674 0.16555785 0.01892635
v 0.13762383 0.16204640 0.01482202
v 0.12952915 0.15838955 -0.01630985
v 0.13026197 0.16259801 -0.01931319
v 0.13029042 0.16849646 -0.01306766
v 0.13065729 0.15668017 0.01852944
v 0.12980905 0.16218594 -0.01919731
v 0.13727781 0.16114634 -0.00543695
v 0.13360023 0.16303131 -0.00573161
v 0.13568324 0.16624200 0.01249688
v 0.13189596 0.16374779 -0.00611668
v 0.12979464 0.15920207 -0.01775406
v 0.13149638 0.16705129 -0.00944219
v 0.12995359 0.16286066 0.02043742
v 0.13344499 0.16178505 0.01684616
v 0.12768659 0.16525942 -0.01050054
v 0.13427578 0.16833031 0.01500646
v 0.13406146 0.15973994 -0.01779930
v 0.13789558 0.16440505 0.01047578
v 0.12828496 0.16802670 -0.01243304
v 0.13348079 0.15757126 -0.01802700
v 0.12964897 0.15643752 -0.01434441
v 0.13020512 0.15707521 -0.01592094
v 0.12983978 0.15623842 -0.01442429
v 0.13030052 0.15697566 -0.01596088
v 0.12988748 0.15618864 -0.01444425
v 0.13032438 0.15695077 -0.01597086
v 0.12989941 0.15617621 -0.01444925
v 0.13033035 0.15694456 -0.01597336
v 0.12990239 0.15617310 -0.01445049
v 0.13033184 0.15694299 -0.01597398
v 0.12883067 0.15843320 0.01923028
v 0.12843303 0.16323645 -0.00846869
v 0.12679842 0.16706805 -0.01382910
v 0.12887894 0.16495004 -0.01812997
v 0.13224292 0.16770634 0.01477160
v 0.13722955 0.16405579 0.01022104
v 0.13573119 0.16442183 0.01097963
v 0.13122582 0.15980056 0.01940095
v 0.13321990 0.16688234 0.01374988
v 0.13052808 0.16409835 -0.00701876
v 0.13048773 0.15962441 0.01992575
v 0.12856251 0.15987873 -0.01656644
v 0.13568176 0.16235459 0.01574296
v 0.13071167 0.16253488 -0.00613655
v 0.13024256 0.16380212 0.01387467
v 0.13277769 0.16468610 0.01254541
v 0.13026568 0.16541864 -0.00781661
v 0.12853706 0.16511086 0.01678849
v 0.13912900 0.16381970 0.01256293
v 0.13113138 0.16739208 0.01512375
v 0.13041809 0.15778968 -0.00540406
v 0.13063973 0.16623910 -0.01739597
v 0.13384832 0.16822648 0.01460742
v 0.12896344 0.16324805 0.01511835
v 0.13617261 0.16660275 0.01312758
v 0.13753012 0.16560100 0.01470028
v 0.13060895 0.15630612 -0.00476028
v 0.13452907 0.16609517 0.01266196
v 0.13304585 0.16286950 -0.01753690
v 0.13682455 0.16372596 0.01000682
v 0.13552868 0.16425690 0.01087253
v 0.13672329 0.16364349 0.00995327
v 0.13547806 0.16421568 0.01084575
v 0.13669798 0.16362289 0.00993988
v 0.13546541 0.16420537 0.01083905
v 0.13669166 0.16361773 0.00993653
v 0.13546225 0.16420279 0.01083738
v 0.13669008 0.16361645 0.00993570
v 0.13296124 0.15844607 0.01687636
v 0.13303486 0.16830257 0.01764238
v 0.12805153 0.15792213 -0.01089357
v 0.12662371 0.16383025 -0.01350561
v 0.13117921 0.16266307 0.01944074
v 0.13041274 0.16424003 0.01978628
v 0.13537875 0.16353124 0.01616682
v 0.12936112 0.16575544 0.01992303
v 0.12942444 0.16126043 0.01411209
v 0.13021299 0.16032651 0.01298433
v 0.12934268 0.16101243 0.01413141
v 0.13017210 0.16020252 0.01299399
v 0.12932223 0.16095042 0.01413624
v 0.13016188 0.16017151 0.01299640
v 0.12931713 0.16093493 0.01413745
v 0.13015933 0.16016376 0.01299701
v 0.12931585 0.16093105 0.01413775
v 0.13015869 0.16016182 0.01299716
v 0.12908140 0.16420573 -0.00783648
v 0.13461515 0.16197518 -0.01391281
v 0.13574687 0.15978444 -0.01293918
v 0.13521597 0.16132489 -0.01278390
v 0.13604727 0.15945929 -0.01237473
v 0.13536617 0.16116232 -0.01250168
v 0.13612238 0.15937801 -0.01223362
v 0.13540372 0.16112168 -0.01243112
v 0.13614115 0.15935770 -0.01219834
v 0.13541311 0.16111153 -0.01241348
v 0.13614586 0.15935262 -0.01218952
v 0.13541546 0.16110899 -0.01240907
v 0.13614702 0.15935135 -0.01218732
v 0.13072394 0.15784207 -0.00501596
v 0.13076188 0.15633231 -0.00456624
v 0.13080040 0.15785517 -0.00491894
v 0.13080010 0.15633887 -0.00451772
v 0.13081951 0.15785845 -0.00489468
v 0.13080966 0.15634051 -0.00450560
v 0.13082430 0.15785927 -0.00488862
v 0.13081205 0.15634091 -0.00450256
v 0.13082549 0.15785947 -0.00488710
v 0.13060564 0.16807912 0.01854055
v 0.13670397 0.16510993 0.01550792
v 0.12759110 0.16158366 0.01860953
v 0.13704833 0.16623294 0.01407821
v 0.13401693 0.16124466 -0.01664155
v 0.13274810 0.16338955 -0.00592414
v 0.13405104 0.15943171 0.01599843
v 0.13375777 0.16467386 -0.01370968
v 0.13278233 0.16377397 0.01779718
v 0.13145924 0.16078117 -0.00525306
v 0.13167910 0.16746108 -0.01090687
v 0.12716883 0.16617852 -0.01224740
v 0.13323668 0.16554043 -0.01397684
v 0.13196707 0.16512594 -0.01670811
v 0.12799937 0.15896468 -0.01363602
v 0.13282400 0.16094662 -0.00476603
v 0.13092649 0.16754903 0.01869773
v 0.13105193 0.15709037 0.01881579
v 0.12922856 0.15421358 -0.00998850
v 0.12935150 0.15480760 -0.01145807
v 0.12932357 0.15399623 -0.01017057
v 0.12939900 0.15469894 -0.01154910
v 0.12934732 0.15394190 -0.01021609
v 0.12941088 0.15467176 -0.01157186
v 0.12935327 0.15392831 -0.01022747
v 0.12941384 0.15466496 -0.01157755
v 0.12935475 0.15392491 -0.01023032
v 0.12941459 0.15466326 -0.01157897
v 0.12771922 0.16076091 0.01925031
v 0.13704337 0.16211276 -0.00581330
v 0.12833495 0.16622868 -0.00986832
v 0.13738896 0.15834609 0.01425431
v 0.13427827 0.16430652 -0.01261991
v 0.13554308 0.16374326 -0.01121978
v 0.13092831 0.16710655 -0.01569144
v 0.13289043 0.16620064 -0.01363795
v 0.13430335 0.16041246 -0.01649815
v 0.13001683 0.15847906 -0.00611404
v 0.12759154 0.15994641 -0.01114685
v 0.13470729 0.16474548 -0.01191549
v 0.13575760 0.16396272 -0.01086758
v 0.13481455 0.16485521 -0.01173939
v 0.13581122 0.16401759 -0.01077952
v 0.13484135 0.16488263 -0.01169536
v 0.13582462 0.16403130 -0.01075751
v 0.13484806 0.16488948 -0.01168436
v 0.13582799 0.16403472 -0.01075201
v 0.13484974 0.16489121 -0.01168160
v 0.13582882 0.16403559 -0.01075063
v 0.12917858 0.15954040 -0.01716026
v 0.13548516 0.16709149 0.01637685
v 0.13229361 0.16121681 -0.01892242
v 0.13714924 0.15985149 -0.00476548
v 0.13782309 0.16106577 -0.00545802
v 0.13742189 0.15981120 -0.00477602
v 0.13795942 0.16104563 -0.00546329
v 0.13749006 0.15980113 -0.00477866
v 0.13799350 0.16104059 -0.00546461
v 0.13750710 0.15979861 -0.00477931
v 0.13800201 0.16103932 -0.00546494
v 0.13751134 0.15979797 -0.00477948
v 0.13800414 0.16103901 -0.00546502
v 0.12919351 0.16574490 0.01604102
v 0.12941256 0.16659322 -0.00942885
v 0.12849471 0.15705675 -0.01108803
v 0.12902322 0.16891162 -0.01541710
v 0.12996331 0.16086027 -0.01888470
v 0.13098595 0.16831401 -0.01342341
v 0.13224822 0.16357604 -0.01815316
v 0.13514605 0.16043472 -0.01406809
v 0.13601232 0.15901421 -0.01301683
v 0.13527878 0.16004960 -0.01410691
v 0.13607869 0.15882164 -0.01303624
v 0.13531196 0.15995333 -0.01411662
v 0.13609529 0.15877351 -0.01304109
v 0.13532026 0.15992925 -0.01411904
v 0.13609943 0.15876147 -0.01304230
v 0.13532233 0.15992323 -0.01411965
v 0.13610047 0.15875846 -0.01304261
v 0.13053450 0.16557997 0.01443614
v 0.12879804 0.15728059 -0.00829689
v 0.13151056 0.16166861 0.01896523
v 0.13353410 0.16755441 0.01417865
v 0.12761527 0.15975684 -0.01326014
v 0.13065937 0.16349205 -0.01909313
v 0.13061987 0.16331661 -0.00657765
v 0.13093397 0.16776566 -0.01129746
v 0.13194293 0.15996978 -0.01935323
v 0.13013244 0.15511605 -0.00532725
v 0.13404982 0.15862244 0.01599284
v 0.13234763 0.15919101 0.01779879
v 0.13893840 0.16324419 0.01361793
v 0.12735628 0.16078934 -0.01151409
v 0.13233288 0.16695161 -0.00978393
v 0.13320164 0.16551846 -0.00763741
v 0.13416126 0.16469838 -0.00693308
v 0.12799510 0.16035931 -0.01554802
v 0.12739128 0.16294551 -0.01639961
v 0.13720062 0.16085686 0.01471713
v 0.13209735 0.16741124 -0.01107774
v 0.12673540 0.16432668 -0.01258034
v 0.12723272 0.16212869 -0.01095605
v 0.13100971 0.16770536 -0.01456999
v 0.13177428 0.15831158 -0.01822259
v 0.12829371 0.15804854 -0.01308736
v 0.14058858 0.16349670 0.00932596
v 0.13254200 0.16692668 -0.00986937
v 0.13220191 0.16739878 -0.01112046
v 0.13259429 0.16692045 -0.00989073
v 0.13222805 0.16739567 -0.01113114
v 0.13260734 0.16691890 -0.00989607
v 0.13223457 0.16739489 -0.01113381
v 0.13261062 0.16691852 -0.00989741
v 0.13223621 0.16739470 -0.01113448
v 0.12967354 0.16481218 -0.00782654
v 0.13387448 0.16648877 0.01320592
v 0.12867376 0.16201690 -0.01832327
v 0.13347113 0.16464339 0.01741647
v 0.13313794 0.16015728 -0.01851691
v 0.12960300 0.16352507 0.01449651
v 0.13357395 0.16557026 -0.00779704
v 0.13434742 0.16472428 -0.00701290
v 0.13366704 0.16558321 -0.00783695
v 0.13439396 0.16473076 -0.00703285
v 0.13369030 0.16558644 -0.00784692
v 0.13440560 0.16473237 -0.00703784
v 0.13369612 0.16558725 -0.00784942
v 0.13440850 0.16473277 -0.00703908
v 0.13369757 0.16558746 -0.00785004
v 0.12832770 0.16909407 -0.01506134
v 0.13075662 0.16655344 0.01881204
v 0.12933186 0.16536212 -0.01824585
v 0.12751600 0.16220787 0.01797378
v 0.13409466 0.16234252 -0.01500258
v 0.13028531 0.16573811 -0.01784891
v 0.12698363 0.16662329 -0.01303825
v 0.12853566 0.16300210 0.02093765
v 0.13476932 0.16452202 0.01660129
v 0.13227373 0.16906774 0.01682357
v 0.12912084 0.16312715 0.02103088
v 0.13234517 0.15757248 0.01778759
v 0.12930651 0.16155910 -0.00701808
v 0.12923199 0.15890643 -0.00697699
v 0.12940188 0.15417454 -0.00699901
v 0.12873487 0.15604559 -0.00875790
v 0.12817064 0.16455674 -0.00926653
v 0.13631272 0.15868907 -0.01245237
v 0.13518101 0.16087981 -0.01342600
v 0.13608214 0.16299552 -0.00602103
v 0.12913156 0.15634507 -0.00741745
v 0.13079599 0.16345155 0.01961351
v 0.13487722 0.16803673 0.01615874
v 0.12742771 0.16571897 -0.01137397
v 0.13270119 0.16917157 0.01722261
v 0.12722692 0.16194361 -0.01479628
v 0.13293114 0.16650005 -0.01307722
v 0.13105041 0.16800477 -0.01400926
v 0.12988693 0.16499773 0.01985466
v 0.13061219 0.16813105 -0.01218256
v 0.13190414 0.16374630 0.01266827
v 0.13306849 0.16426708 0.01220325
v 0.13204953 0.16353679 0.01249719
v 0.13314119 0.16416232 0.01211771
v 0.13208589 0.16348439 0.01245442
v 0.13315937 0.16413613 0.01209632
v 0.13209498 0.16347131 0.01244373
v 0.13316390 0.16412959 0.01209098
v 0.13209724 0.16346803 0.01244105
v 0.13316503 0.16412795 0.01208964
v 0.13483536 0.15997548 0.01553317
v 0.13422930 0.16232882 0.01638090
v 0.12750183 0.16230857 -0.01002133
v 0.13446882 0.15924400 -0.01700533
v 0.13450703 0.16016451 -0.01610117
v 0.12836970 0.15814300 -0.00909376
v 0.12979037 0.16755703 0.01672864
v 0.12987897 0.16003117 -0.01831938
v 0.13130340 0.16568252 -0.01705204
v 0.13251384 0.16024506 -0.00477533
v 0.13002864 0.16815832 -0.01559674
v 0.13481358 0.15986079 -0.00451047
v 0.13591713 0.15920871 -0.00430224
v 0.12872575 0.16621110 0.01828134
v 0.12894180 0.16831282 -0.01653855
v 0.12651655 0.16694300 -0.01614907
v 0.12943280 0.15889889 0.02000264
v 0.13640800 0.16236746 0.01542399
v 0.13556159 0.15998836 0.01521420
v 0.13520169 0.16090313 -0.00499326
v 0.12811461 0.16424090 0.01749735
v 0.13416456 0.16323268 -0.01371839
v 0.13312356 0.16396736 -0.01589792
v 0.13457066 0.15912002 -0.01680684
v 0.13455795 0.16010252 -0.01600192
v 0.13459611 0.15908903 -0.01675721
v 0.13457067 0.16008702 -0.01597711
v 0.13460249 0.15908128 -0.01674481
v 0.13457386 0.16008314 -0.01597090
v 0.13460407 0.15907934 -0.01674171
v 0.13457465 0.16008216 -0.01596935
v 0.12826060 0.16117182 -0.01699224
v 0.13728954 0.16263779 -0.00608579
v 0.13765734 0.16404808 0.01472124
v 0.12787275 0.16235039 0.01678317
v 0.13161281 0.16386804 -0.01869619
v 0.13620523 0.16325805 -0.00615727
v 0.12778488 0.16338712 0.01764376
v 0.12876639 0.15844250 -0.00775331
v 0.12790971 0.16016728 -0.00934704
v 0.12884091 0.16109517 -0.00779440
v 0.13735108 0.16276905 -0.00615392
v 0.13623598 0.16332367 -0.00619133
v 0.12789869 0.16690934 -0.01771347
v 0.12831256 0.16453148 -0.01832840
v 0.13736646 0.16280186 -0.00617095
v 0.13624367 0.16334008 -0.00619985
v 0.13737030 0.16281006 -0.00617520
v 0.13624561 0.16334417 -0.00620198
v 0.13737127 0.16281211 -0.00617627
v 0.13005409 0.15980539 -0.00613459
v 0.13371077 0.15849289 -0.01823011
v 0.13622178 0.16454779 0.01596335
v 0.13500297 0.16652934 0.01683229
v 0.12780443 0.16379058 -0.01773063
v 0.13038853 0.16469105 0.01415540
v 0.13269100 0.16211084 -0.01870237
v 0.13626367 0.15857245 0.01468181
v 0.13713208 0.15779866 0.01428909
v 0.12645349 0.16557465 -0.01460342
v 0.12892851 0.16729590 -0.01066284
v 0.13108546 0.16165802 -0.00569480
v 0.13395655 0.16075128 -0.00478039
v 0.13473278 0.16283596 -0.00574596
v 0.13790271 0.15944095 0.01418474
v 0.13795160 0.15823291 0.01404055
v 0.12881950 0.16782889 -0.01706209
v 0.13175979 0.16873623 0.01598129
v 0.13311365 0.16277951 0.01732167
v 0.13474278 0.15945882 -0.00429992
v 0.13588174 0.15900773 -0.00419697
v 0.13472509 0.15935832 -0.00424729
v 0.13587290 0.15895748 -0.00417065
v 0.13472067 0.15933320 -0.00423413
v 0.13587068 0.15894490 -0.00416407
v 0.13471955 0.15932691 -0.00423084
v 0.13587013 0.15894178 -0.00416243
v 0.13471928 0.15932536 -0.00423001
v 0.12809427 0.16091442 0.02017577
v 0.12851006 0.16582212 0.01783269
v 0.13335571 0.16777247 0.01779956
v 0.13355438 0.16539443 -0.01370532
v 0.13292018 0.16468793 -0.01589357
v 0.13353139 0.16205707 -0.01708922
v 0.13234952 0.16587672 -0.00782995
v 0.13613524 0.15829873 0.01469920
v 0.13706785 0.15766180 0.01429779
v 0.13610312 0.15823030 0.01470355
v 0.13705181 0.15762758 0.01429996
v 0.13609511 0.15821320 0.01470463
v 0.13704780 0.15761903 0.01430050
v 0.13609309 0.15820892 0.01470491
v 0.13704678 0.15761690 0.01430064
v 0.13178673 0.15949580 0.01859987
v 0.13266692 0.16690305 0.01818028
v 0.12879807 0.16416369 0.01570568
v 0.13254043 0.16006353 -0.01893507
v 0.13480403 0.16293004 0.01627386
v 0.13818404 0.15938437 0.01407786
v 0.13809226 0.15820462 0.01398712
v 0.13825437 0.15937021 0.01405114
v 0.13812743 0.15819755 0.01397376
v 0.13827196 0.15936668 0.01404446
v 0.13813622 0.15819578 0.01397042
v 0.13827634 0.15936580 0.01404279
v 0.13813841 0.15819535 0.01396958
v 0.13538700 0.16493468 0.01157315
f 1 3621 1373
f 1421 1373 1433
f 1426 1431 3919
f 21 19 1425
f 7 20 1435
f 1431 3 2
f 1436 1434 12
f 1436 1374 1434
f 3624 1374 1436
f 12 1434 3860
f 1434 1435 3860
f 11 1400 12
f 1437 11 12
f 13 3553 1439
f 1440 1443 1442
f 1439 1440 1441
f 3554 13 1441
f 1463 15 1692
f 1692 15 1443
f 1446 1692 16
f 1453 1695 1694
f 1453 1448 1449
f 1435 18 3860
f 17 18 20
f 1450 20 7
f 23 1451 22
f 25 3884 1458
f 3884 1472 26
f 1457 36 1459
f 3628 3728 27
f 30 29 1466
f 1464 3832 1462
f 33 3832 1465
f 1471 30 31
f 3763 30 1471
f 3832 556 28
f 4022 2296 2295
f 1471 1521 3960
f 3833 2298 4022
f 38 26 1662
f 1458 1473 1474
f 1474 25 1458
f 1507 1474 1473
f 1504 39 1476
f 1663 43 1476
f 1486 1485 1638
f 1486 1637 1487
f 1489 1490 1491
f 1489 1487 1635
f 3764 1492 1490
f 1496 1492 1493
f 44 1494 1627
f 1635 1493 3764
f 1496 1497 1492
f 45 1688 1502
f 1478 40 46
f 1503 3835 46
f 3731 1504 47
f 1542 3885 1507
f 1510 1512 1508
f 1691 1513 1515
f 1514 1510 1516
f 3974 1514 1516
f 58 3982 1516
f 3974 3982 147
f 1515 147 1691
f 1516 59 58
f 1517 1518 1467
f 1519 49 1518
f 3862 1467 1522
f 1521 3765 1469
f 2342 1469 3765
f 3765 50 574
f 49 1519 51
f 1543 1523 58
f 1524 1531 1525
f 1527 2351 2343
f 1529 1528 1525
f 1532 1533 1534
f 61 1533 3886
f 56 55 1536
f 1540 1539 1537
f 57 1538 1617
f 1544 52 60
f 1531 1524 1545
f 3886 63 62
f 1538 55 56
f 1550 1549 1541
f 1550 57 4006
f 1559 65 3766
f 1557 1555 67
f 1564 3975 1555
f 1555 1557 1556
f 1562 1555 1556
f 3766 65 1558
f 102 65 1559
f 1551 70 1559
f 65 1560 1558
f 1579 1616 1613
f 1555 1562 1564
f 1567 71 1564
f 1567 72 71
f 1562 1566 1567
f 1614 1560 1561
f 76 1568 78
f 1569 1572 80
f 76 75 1573
f 82 1573 1575
f 1600 84 85
f 1580 84 1579
f 1590 83 87
f 1584 1587 1588
f 1576 1583 1584
f 1585 1583 1600
f 1587 1585 88
f 87 1584 1588
f 80 81 90
f 90 1589 80
f 81 1590 1591
f 91 90 1591
f 93 91 1592
f 88 1593 1586
f 91 93 1594
f 1595 1592 1596
f 1932 1597 2256
f 88 1585 1598
f 1598 1601 1599
f 1603 1604 98
f 1600 85 1601
f 1608 100 1607
f 100 1610 529
f 1612 101 1606
f 1609 1611 3787
f 1611 101 536
f 1615 106 3767
f 1551 104 1623
f 1620 102 1618
f 1615 1622 106
f 2261 105 2262
f 103 2262 1623
f 1625 1626 1629
f 1629 1626 1544
f 1629 1544 1497
f 1630 1627 1628
f 2269 538 1631
f 1625 1632 108
f 1633 1632 1628
f 535 1633 1631
f 109 1494 110
f 1495 111 1494
f 264 110 111
f 112 1638 1659
f 1640 113 1641
f 1642 1643 1636
f 1643 1642 1645
f 1651 113 1650
f 1654 1655 1647
f 1865 1647 1655
f 1653 115 246
f 115 114 116
f 117 3899 115
f 116 211 118
f 121 120 1659
f 121 3861 1660
f 123 1661 1660
f 1664 1663 125
f 128 127 1472
f 36 1667 1459
f 1666 36 9
f 3983 1667 1666
f 1670 1667 1719
f 1719 3983 1669
f 3983 1666 1668
f 9 3834 129
f 129 3834 131
f 1669 1668 164
f 1670 170 128
f 128 170 132
f 1719 1718 1670
f 3457 1673 3455
f 134 135 136
f 1733 134 1674
f 1674 2263 1734
f 1675 1672 3453
f 3453 3458 1675
f 1672 1675 137
f 141 139 1319
f 140 1318 139
f 1676 1677 539
f 539 3489 1318
f 1679 1676 140
f 143 1321 183
f 2264 1681 1680
f 144 1682 1681
f 1689 59 1686
f 147 1463 1691
f 1463 1692 1691
f 1694 1695 1693
f 127 1715 1696
f 42 126 124
f 1700 150 1701
f 3734 152 151
f 1701 153 1824
f 1708 1705 3946
f 1705 1706 3946
f 1709 1710 4007
f 160 161 1708
f 1712 162 1711
f 1712 1713 162
f 1713 163 162
f 172 1669 164
f 166 1723 1722
f 1727 166 3656
f 1395 1727 3656
f 1661 1822 3771
f 1758 152 1704
f 1715 171 4024
f 170 171 132
f 171 1755 4024
f 1755 163 4024
f 173 1718 1720
f 197 172 176
f 1728 1726 179
f 1732 180 1731
f 1674 1734 1735
f 1734 1736 181
f 1746 1735 1742
f 1734 1738 1739
f 183 1738 1734
f 2265 182 137
f 1741 1737 1740
f 187 190 188
f 188 1743 1742
f 190 189 1745
f 1740 185 1741
f 1744 190 1745
f 191 1742 1743
f 1747 1746 192
f 191 192 1742
f 197 175 1720
f 198 1751 175
f 194 1825 196
f 1753 1751 199
f 174 1754 1755
f 1758 1704 1759
f 1760 1762 226
f 1760 200 1762
f 1763 200 201
f 1783 1762 1763
f 1768 1763 3934
f 3146 202 1764
f 1764 202 201
f 3768 201 202
f 205 202 1817
f 3769 1765 203
f 205 1766 3769
f 3769 1813 1765
f 1770 203 1765
f 203 1767 3934
f 207 206 1776
f 1775 208 207
f 3213 1777 1778
f 1779 1789 3213
f 208 1775 1657
f 208 1788 1784
f 1783 1782 1784
f 1780 3961 3920
f 1805 1799 1795
f 1805 1807 1803
f 220 1810 1180
f 1771 1812 3217
f 3770 1814 1816
f 1814 223 1815
f 223 1814 1813
f 223 1766 224
f 3197 1151 1816
f 1817 224 1766
f 1823 1758 1759
f 1759 226 1818
f 167 210 1658
f 210 1821 1787
f 1706 156 3501
f 1826 158 227
f 191 1743 1825
f 191 1825 194
f 192 191 194
f 189 1741 185
f 189 185 1826
f 45 1543 1688
f 1827 1501 228
f 228 1544 60
f 1842 234 229
f 1831 1832 1828
f 1828 1833 1871
f 1838 236 1835
f 219 1999 1836
f 1837 1836 238
f 663 2510 3935
f 240 1842 229
f 1850 1833 235
f 1843 235 3962
f 1843 3962 1852
f 3962 1849 1852
f 1879 240 239
f 1845 1844 1834
f 243 1842 1879
f 242 1848 1849
f 1851 1854 1850
f 1855 217 1870
f 1800 1796 216
f 1801 1856 1858
f 1857 1858 1856
f 1796 1800 117
f 1856 1875 3963
f 248 1655 1863
f 1862 1867 1866
f 1860 3963 1864
f 1865 1895 1647
f 1877 1878 1872
f 1872 1854 1851
f 1890 1873 249
f 250 1853 1873
f 1874 1875 1877
f 1877 1872 1874
f 662 251 1881
f 1879 1883 253
f 253 1884 254
f 1884 1882 256
f 3864 257 252
f 3864 1888 1885
f 259 1886 1888
f 3838 262 3736
f 1888 261 1889
f 1868 1869 4013
f 1897 3913 1901
f 1905 1903 3773
f 1899 1905 3735
f 278 1900 1892
f 1893 265 1899
f 278 265 1893
f 3949 266 1906
f 3949 267 2257
f 2248 1907 268
f 1911 268 3949
f 1906 1911 3949
f 270 272 279
f 270 273 1912
f 275 3774 1912
f 1915 3775 1917
f 277 244 1915
f 3865 276 1916
f 1917 1885 272
f 3922 271 3839
f 1889 261 1919
f 1925 3776 301
f 1928 282 1926
f 284 1928 285
f 1928 1926 1930
f 284 285 3786
f 2256 1931 1932
f 97 1597 1932
f 1926 1935 1934
f 286 293 1939
f 287 1943 1936
f 1941 1595 2155
f 1595 2154 2155
f 1944 287 1947
f 291 1947 287
f 290 450 2154
f 291 1952 1957
f 1950 1953 1951
f 294 3737 295
f 1951 296 297
f 1956 297 527
f 2521 1961 299
f 2523 300 1961
f 1966 301 2579
f 1971 1970 306
f 309 1969 1970
f 1975 309 1970
f 1971 308 1970
f 307 1227 1983
f 1978 309 310
f 310 314 1978
f 1979 311 1988
f 1977 1981 1986
f 1983 503 1982
f 503 494 1982
f 1986 484 482
f 1979 3866 1989
f 1994 1808 1990
f 1807 1994 1991
f 1995 1989 3866
f 1989 1995 315
f 1995 1996 3994
f 316 2700 1997
f 483 2204 318
f 1987 318 2002
f 3866 2002 316
f 2002 318 2001
f 2003 2006 319
f 4777 4778 4623
f 4778 2011 4623
f 4779 4780 4778
f 4780 2011 4778
f 4781 4782 4780
f 4782 2011 4780
f 4783 4784 4782
f 4784 2011 4782
f 4785 4786 4784
f 4786 2011 4784
f 2011 4786 3840
f 4786 4785 3840
f 3840 4785 4783
f 4785 4784 4783
f 3840 4783 4781
f 4783 4782 4781
f 3840 4781 4779
f 4781 4780 4779
f 3840 4779 4777
f 4779 4778 4777
f 3840 4777 337
f 4777 4623 337
f 2004 319 2006
f 328 2008 327
f 329 2050 327
f 2011 322 332
f 2022 2012 333
f 2023 2012 332
f 4558 4614 4564
f 2015 4933 4614
f 4933 4564 4614
f 4564 4932 4867
f 4932 334 4867
f 4867 4558 4564
f 4588 4934 4866
f 4934 4558 4866
f 4866 2017 4588
f 2015 4614 4588
f 4558 4934 4614
f 4934 4588 4614
f 336 4755 4631
f 4755 2027 4631
f 2018 4870 4631
f 4870 336 4631
f 4605 4730 4624
f 4730 335 4624
f 4624 2022 4605
f 2019 4626 4605
f 335 4730 4626
f 4730 4605 4626
f 4567 4913 4576
f 4913 337 4576
f 2022 4957 4576
f 4957 4567 4576
f 4567 4956 4905
f 4956 338 4905
f 337 4913 4905
f 4913 4567 4905
f 2016 2020 338
f 4905 4906 337
f 4906 3840 337
f 4963 4964 4906
f 4964 3840 4906
f 4965 4966 4964
f 4966 3840 4964
f 4967 4968 4966
f 4968 3840 4966
f 4969 4970 4968
f 4970 3840 4968
f 4970 4971 3840
f 4971 338 3840
f 338 4971 4969
f 4971 4970 4969
f 338 4969 4967
f 4969 4968 4967
f 338 4967 4965
f 4967 4966 4965
f 338 4965 4963
f 4965 4964 4963
f 338 4963 4905
f 4963 4906 4905
f 3867 4628 4573
f 4628 341 4573
f 2019 4978 4573
f 4978 3867 4573
f 2028 4615 2025
f 2027 4635 4615
f 4635 2025 4615
f 2025 4620 2026
f 2024 4792 4620
f 4792 2026 4620
f 2026 4790 2025
f 342 4854 4790
f 4854 2025 4790
f 344 4584 2028
f 2723 4649 4584
f 4649 2028 4584
f 342 4908 343
f 2722 4960 4908
f 4960 343 4908
f 329 2029 349
f 331 347 2030
f 375 2030 348
f 2031 349 2030
f 2033 2032 2034
f 388 352 353
f 2039 2037 2038
f 2038 355 356
f 357 2039 2040
f 2041 2040 2039
f 357 815 2037
f 360 2117 361
f 2042 2101 2075
f 861 2040 2045
f 357 2040 818
f 365 2046 367
f 2047 367 2048
f 366 830 2049
f 2050 329 377
f 327 2050 2051
f 376 4830 349
f 4830 377 349
f 2051 2052 327
f 378 2093 2051
f 402 379 2053
f 2059 2053 379
f 2058 4665 4601
f 4665 2054 4601
f 4601 2056 2058
f 2111 4927 4672
f 4927 2058 4672
f 2057 4726 4672
f 4726 2111 4672
f 4756 4958 4599
f 4958 2053 4599
f 4959 4992 4958
f 4992 2053 4958
f 4993 4994 4992
f 4994 2053 4992
f 4995 4996 4994
f 4996 2053 4994
f 4997 4998 4996
f 4998 2053 4996
f 4998 4999 2053
f 4999 3779 2053
f 3779 4999 4997
f 4999 4998 4997
f 3779 4997 4995
f 4997 4996 4995
f 3779 4995 4993
f 4995 4994 4993
f 3779 4993 4959
f 4993 4992 4959
f 3779 4959 4756
f 4959 4958 4756
f 4951 4952 4756
f 4952 3779 4756
f 4979 4980 4952
f 4980 3779 4952
f 4981 4982 4980
f 4982 3779 4980
f 4983 4984 4982
f 4984 3779 4982
f 4985 4986 4984
f 4986 3779 4984
f 3779 4986 391
f 4986 4985 391
f 391 4985 4983
f 4985 4984 4983
f 391 4983 4981
f 4983 4982 4981
f 391 4981 4979
f 4981 4980 4979
f 391 4979 4951
f 4979 4952 4951
f 391 4951 4599
f 4951 4756 4599
f 2060 375 380
f 4606 4949 4804
f 4949 2063 4804
f 4804 381 4606
f 380 4661 4606
f 2063 4949 4661
f 4949 4606 4661
f 4611 4693 4610
f 4693 2062 4610
f 4694 4695 4693
f 4695 2062 4693
f 4696 4697 4695
f 4697 2062 4695
f 4698 4699 4697
f 4699 2062 4697
f 4700 4701 4699
f 4701 2062 4699
f 4701 4702 2062
f 4702 2061 2062
f 2061 4702 4700
f 4702 4701 4700
f 2061 4700 4698
f 4700 4699 4698
f 2061 4698 4696
f 4698 4697 4696
f 2061 4696 4694
f 4696 4695 4694
f 2061 4694 4611
f 4694 4693 4611
f 2061 4611 380
f 4611 4610 380
f 385 4972 4753
f 4972 2066 4753
f 4753 3777 385
f 2067 4910 4647
f 4910 385 4647
f 4647 2068 2067
f 2034 387 386
f 350 388 2070
f 386 392 2069
f 2069 2072 389
f 390 4865 4685
f 4865 2074 4685
f 3780 4815 4685
f 4815 390 4685
f 2070 2071 2082
f 2071 394 2082
f 2087 2077 2047
f 394 2076 2082
f 397 2077 2078
f 2083 2076 397
f 2082 2083 2081
f 2079 2086 397
f 2083 397 2084
f 397 2085 2084
f 2118 2079 398
f 414 398 2120
f 398 420 2134
f 2079 2078 420
f 2122 420 2087
f 2090 2049 372
f 369 2090 2123
f 2091 2093 401
f 404 325 2092
f 324 2157 323
f 3995 2098 401
f 2098 2099 404
f 451 2099 2186
f 392 2094 3779
f 364 2102 3841
f 363 2043 405
f 2102 364 2103
f 2066 409 2065
f 2105 4725 2107
f 2106 4741 4725
f 4741 2107 4725
f 390 4654 2067
f 2110 4657 4654
f 4657 2067 4654
f 4569 4842 4589
f 4842 2112 4589
f 4589 412 4569
f 2114 4733 4569
f 2112 4842 4733
f 4842 4569 4733
f 413 4878 4686
f 4878 2105 4686
f 4686 412 413
f 2085 2086 2115
f 414 2116 2118
f 3977 417 415
f 2132 2121 2120
f 2088 369 422
f 422 369 2123
f 425 2127 2124
f 2127 2126 2124
f 423 421 3781
f 2124 2126 2131
f 2150 427 2128
f 426 424 2128
f 428 427 2150
f 2129 1961 429
f 2129 427 430
f 2133 433 300
f 2134 423 2120
f 2120 423 2132
f 2125 435 439
f 436 437 2136
f 2140 437 2137
f 2140 2136 437
f 435 438 439
f 2138 440 439
f 2125 439 441
f 425 2125 441
f 443 442 2138
f 2141 2137 2142
f 2140 2141 444
f 444 443 2136
f 2142 2143 92
f 2148 445 2149
f 89 2148 2149
f 2152 2150 446
f 527 1960 2130
f 2151 2152 1959
f 444 2145 443
f 3902 290 1946
f 2153 2145 2155
f 2099 451 2095
f 2096 2163 403
f 454 2158 2157
f 454 453 455
f 2157 2158 323
f 454 3998 2158
f 2159 2170 2803
f 456 2159 2160
f 2164 2160 2162
f 4125 4488 4152
f 4488 2166 4152
f 4152 460 4125
f 2165 4415 4125
f 2166 4488 4415
f 4488 4125 4415
f 4144 4426 4152
f 4426 460 4152
f 4152 2166 4144
f 459 4364 4144
f 460 4426 4364
f 4426 4144 4364
f 4099 4463 4438
f 4463 460 4438
f 4438 458 4099
f 2165 4125 4099
f 460 4463 4125
f 4463 4099 4125
f 4123 4492 4177
f 4492 459 4177
f 4177 3887 4123
f 460 4364 4123
f 459 4492 4364
f 4492 4123 4364
f 461 4114 2168
f 2169 4355 4114
f 4355 2168 4114
f 2167 4204 4059
f 462 4494 4204
f 4494 4059 4204
f 4495 4552 4059
f 4552 2167 4059
f 2167 4552 456
f 4552 4495 456
f 463 2171 2172
f 2171 2173 2172
f 4194 4512 4230
f 4512 2177 4230
f 4230 2175 4194
f 2176 4402 4194
f 2177 4512 4402
f 4512 4194 4402
f 2181 4270 467
f 2200 4273 4270
f 4273 467 4270
f 4081 4493 4149
f 4493 2200 4149
f 4149 2199 4081
f 467 4273 4081
f 2200 4493 4273
f 4493 4081 4273
f 4097 4101 4054
f 2184 4450 4101
f 4450 4054 4101
f 4105 4106 4101
f 4106 2184 4101
f 4107 4108 4106
f 4108 2184 4106
f 4109 4110 4108
f 4110 2184 4108
f 4111 4112 4110
f 4112 2184 4110
f 4112 4113 2184
f 4113 2182 2184
f 2182 4113 4111
f 4113 4112 4111
f 2182 4111 4109
f 4111 4110 4109
f 2182 4109 4107
f 4109 4108 4107
f 2182 4107 4105
f 4107 4106 4105
f 2182 4105 4097
f 4105 4101 4097
f 2183 4170 4097
f 4170 2182 4097
f 4054 4451 4097
f 4451 2183 4097
f 2163 2184 457
f 2156 480 2184
f 3783 468 355
f 355 2188 2187
f 2190 2189 2192
f 4088 4255 4199
f 4255 2189 4199
f 4199 2193 4088
f 4340 4374 4255
f 4374 2189 4255
f 4375 4378 4374
f 4378 2189 4374
f 4379 4380 4378
f 4380 2189 4378
f 4381 4382 4380
f 4382 2189 4380
f 4383 4384 4382
f 4384 2189 4382
f 2189 4384 2192
f 4384 4383 2192
f 2192 4383 4381
f 4383 4382 4381
f 2192 4381 4379
f 4381 4380 4379
f 2192 4379 4375
f 4379 4378 4375
f 2192 4375 4340
f 4375 4374 4340
f 2192 4340 4088
f 4340 4255 4088
f 4206 4475 4338
f 4475 2194 4338
f 4338 4044 4206
f 2191 4246 4206
f 2194 4475 4246
f 4475 4206 4246
f 4207 4208 4206
f 4208 2191 4206
f 4209 4210 4208
f 4210 2191 4208
f 4211 4212 4210
f 4212 2191 4210
f 4213 4214 4212
f 4214 2191 4212
f 4215 4216 4214
f 4216 2191 4214
f 2191 4216 2189
f 4216 4215 2189
f 2189 4215 4213
f 4215 4214 4213
f 2189 4213 4211
f 4213 4212 4211
f 2189 4211 4209
f 4211 4210 4209
f 2189 4209 4207
f 4209 4208 4207
f 4044 4339 4207
f 4339 2189 4207
f 4207 4206 4044
f 471 4245 472
f 2824 4425 4245
f 4425 472 4245
f 2176 4146 465
f 2196 4197 4146
f 4197 465 4146
f 472 4500 4176
f 4500 3784 4176
f 4176 471 472
f 4196 4252 4087
f 4252 2199 4087
f 4283 4291 4252
f 4291 2199 4252
f 4292 4295 4291
f 4295 2199 4291
f 4296 4297 4295
f 4297 2199 4295
f 4298 4299 4297
f 4299 2199 4297
f 4299 4300 2199
f 4300 479 2199
f 479 4300 4298
f 4300 4299 4298
f 479 4298 4296
f 4298 4297 4296
f 479 4296 4292
f 4296 4295 4292
f 479 4292 4283
f 4292 4291 4283
f 479 4283 4196
f 4283 4252 4196
f 2183 4171 4087
f 479 4196 4171
f 4196 4087 4171
f 2177 4223 4070
f 3904 4540 4223
f 4540 4070 4223
f 4070 4542 4230
f 4542 2175 4230
f 4230 2177 4070
f 2203 480 476
f 481 3888 469
f 485 486 2205
f 487 490 2207
f 2212 487 2208
f 2209 3921 488
f 489 490 2209
f 490 2218 2210
f 2210 2211 3921
f 2210 3921 2209
f 490 491 2217
f 2212 2208 2213
f 2213 486 485
f 2212 2213 2214
f 495 2212 492
f 494 503 2221
f 491 2212 495
f 2219 3870 3869
f 498 2219 2223
f 499 2224 3870
f 3943 1232 503
f 2218 507 4027
f 2227 2228 510
f 509 2229 508
f 2226 517 515
f 2235 514 518
f 511 516 531
f 518 519 2239
f 519 522 3842
f 520 3350 521
f 523 2246 2243
f 2246 2232 2243
f 2237 2242 523
f 524 526 2245
f 280 530 2252
f 1919 1923 1929
f 1929 530 1919
f 530 1929 2252
f 100 528 1607
f 2254 1603 99
f 267 3787 2257
f 2257 2259 2258
f 3787 267 1609
f 2259 2257 3787
f 2260 535 1634
f 145 2265 1675
f 2264 1679 1678
f 2266 2226 3936
f 1622 2261 2268
f 2261 107 2268
f 1624 1633 535
f 536 3767 2260
f 2270 538 537
f 2273 1677 1680
f 540 2274 2272
f 2273 541 1677
f 2275 2271 542
f 2278 2281 545
f 3531 546 540
f 546 2279 540
f 2282 1337 2283
f 547 3889 2284
f 550 2279 551
f 2287 2288 550
f 549 2288 555
f 555 548 549
f 2290 3574 3568
f 3586 3574 2340
f 2289 2292 2291
f 2289 1461 28
f 2290 2292 2293
f 2294 2490 2293
f 34 2490 2294
f 2296 2297 2489
f 2298 3833 2299
f 2298 2299 3966
f 1031 2302 2300
f 2314 2308 2306
f 2312 2313 2311
f 2314 2310 2317
f 2316 2312 3047
f 2327 2324 564
f 2328 564 2325
f 563 565 2339
f 3582 2339 565
f 2329 3843 559
f 3047 568 2316
f 3047 3040 568
f 3040 569 568
f 2330 2690 3905
f 2331 3843 2329
f 2331 2329 2330
f 566 2335 1360
f 571 3844 2332
f 3890 572 571
f 2341 3938 2339
f 3765 574 2342
f 575 2343 2349
f 575 2347 2346
f 2342 2345 3043
f 2347 2348 1012
f 2353 577 1530
f 2353 2352 3788
f 2360 2354 2352
f 2359 993 2358
f 580 2361 2360
f 1539 2373 54
f 54 578 55
f 2363 2364 2359
f 2361 580 2926
f 2366 581 2365
f 2367 581 68
f 68 72 2382
f 2365 2370 582
f 2926 584 585
f 2378 587 2374
f 2376 971 2375
f 2376 2377 2379
f 2379 969 971
f 588 2378 2382
f 588 74 2384
f 77 2388 1568
f 2384 2387 857
f 2384 2385 589
f 1571 2389 2390
f 2389 2788 2390
f 855 853 2389
f 614 3085 1068
f 3906 2393 2414
f 3789 3085 2414
f 2394 2391 594
f 596 2400 2397
f 3871 2396 2397
f 2451 598 2401
f 600 599 2402
f 2451 2402 599
f 2406 2405 612
f 2409 2404 2408
f 610 609 3952
f 604 2395 606
f 2417 2414 3996
f 2418 612 611
f 2416 610 2421
f 2665 762 2664
f 3872 3939 617
f 2680 616 617
f 3845 2403 2424
f 601 618 626
f 2450 2426 3925
f 622 2428 2426
f 623 2432 2431
f 618 2431 2432
f 618 2432 2433
f 2433 2432 1069
f 2437 2436 2438
f 2423 3939 2438
f 1185 2442 2443
f 2447 627 2446
f 3925 2451 2401
f 2452 2453 628
f 621 627 628
f 2456 2452 2447
f 2459 2458 2457
f 2458 633 632
f 641 2461 634
f 2461 641 635
f 2448 636 2463
f 2463 636 2462
f 637 2462 2466
f 638 2467 640
f 2465 642 2467
f 2476 3895 1150
f 2473 2475 3926
f 650 2478 2474
f 2479 2481 650
f 2481 653 650
f 2482 653 2481
f 653 2478 650
f 2478 2483 649
f 657 655 656
f 2481 660 658
f 654 659 1142
f 1144 2484 1143
f 2477 2484 1144
f 3895 2477 1144
f 2487 651 648
f 2491 2295 2489
f 2490 562 3937
f 2495 2494 2696
f 2511 2694 2496
f 2502 2507 2653
f 2508 2653 2507
f 2510 2511 2512
f 2509 2513 666
f 664 1201 665
f 2540 2517 2516
f 665 669 3874
f 2522 2524 2521
f 2524 2523 2521
f 2524 2525 684
f 2523 684 300
f 676 680 2526
f 676 672 677
f 680 676 2528
f 3875 680 2528
f 2528 2529 3875
f 2531 687 2769
f 681 2526 2532
f 863 683 681
f 300 684 2533
f 683 863 682
f 2535 685 2534
f 2529 2536 3875
f 2536 688 2537
f 1955 297 296
f 3269 2547 693
f 692 2544 2547
f 2546 694 2549
f 2550 694 2554
f 2552 3742 2554
f 692 2551 2544
f 2638 692 1204
f 2638 2551 692
f 2554 740 2550
f 2550 740 2634
f 3265 2541 2555
f 2556 2540 2555
f 2558 2560 2561
f 701 2559 2556
f 2543 702 2564
f 2633 2632 696
f 705 2625 2567
f 2567 2624 706
f 2569 706 727
f 2569 709 2568
f 2570 710 2571
f 2573 2570 2575
f 2573 708 710
f 2573 2575 2576
f 2564 708 711
f 2578 713 2577
f 724 2581 3846
f 2582 2583 2584
f 2584 714 2580
f 1966 2579 2585
f 2587 670 2589
f 1965 3795 1964
f 716 2914 2591
f 2592 2591 2595
f 718 720 842
f 960 2593 2594
f 2914 2596 2595
f 3846 723 2599
f 3846 2913 724
f 2599 2598 3846
f 2913 2914 724
f 722 725 723
f 725 722 3997
f 2599 725 2919
f 728 2601 2604
f 2603 2572 726
f 729 2603 730
f 707 2610 3798
f 2609 2610 707
f 2609 2611 2610
f 2611 732 731
f 2621 2617 734
f 2615 2617 2616
f 733 2615 2616
f 2618 2613 736
f 2652 3847 2616
f 2621 1015 2617
f 2626 2624 2625
f 2628 2623 2626
f 3907 2625 705
f 2627 738 3907
f 2628 3740 2623
f 734 2622 2842
f 2627 739 895
f 2629 2633 2549
f 3741 739 2630
f 2640 2642 2635
f 2551 2638 742
f 3800 2553 3274
f 2640 2639 744
f 2645 746 2644
f 748 2870 2649
f 748 2864 2650
f 2506 2652 3297
f 3250 3801 2506
f 3250 2653 3801
f 2654 3792 2501
f 2657 2415 2664
f 754 2657 2664
f 2656 754 2658
f 2661 2619 737
f 3933 758 3882
f 759 2660 2663
f 2663 2662 759
f 760 2662 761
f 615 2677 2666
f 2619 2668 763
f 766 2669 763
f 731 764 2670
f 769 2667 2672
f 2674 1000 3809
f 775 2685 2687
f 2678 2686 3952
f 2986 2984 2678
f 3940 2691 2683
f 2442 779 2695
f 2495 2697 3791
f 2511 2697 2694
f 3968 2698 780
f 2699 2695 2698
f 780 781 3967
f 785 3744 788
f 2704 2707 786
f 2710 786 2711
f 2710 791 2023
f 785 2705 2709
f 787 2708 795
f 2720 794 790
f 2705 788 2716
f 2718 795 796
f 2718 796 3986
f 801 800 3877
f 4559 4874 4805
f 4874 334 4805
f 803 4869 4805
f 4869 4559 4805
f 4559 4868 4571
f 4868 2013 4571
f 334 4874 4571
f 4874 4559 4571
f 2729 4687 4581
f 4687 803 4581
f 2015 4763 4581
f 4763 2729 4581
f 343 4960 2724
f 4960 2722 2724
f 4563 4858 4580
f 4858 3848 4580
f 2725 4916 4580
f 4916 4563 4580
f 4563 4915 4704
f 4915 791 4704
f 3848 4858 4704
f 4858 4563 4704
f 2725 4793 2728
f 2713 4929 4793
f 4929 2728 4793
f 805 4841 4622
f 4841 804 4622
f 792 4791 4622
f 4791 805 4622
f 2727 4828 4579
f 4828 793 4579
f 4579 2726 2727
f 2722 4668 2724
f 2728 4859 4668
f 4859 2724 4668
f 4556 4925 4658
f 4925 805 4658
f 807 4821 4658
f 4821 4556 4658
f 4556 4822 4585
f 4822 3745 4585
f 805 4925 4585
f 4925 4556 4585
f 806 4608 4557
f 2015 4826 4608
f 4826 4557 4608
f 4557 4825 4688
f 4825 2723 4688
f 4688 806 4557
f 810 809 812
f 2715 3849 799
f 814 2733 815
f 2738 2741 2745
f 2730 2738 811
f 817 816 2739
f 819 2742 818
f 3987 2747 2743
f 2741 2746 2745
f 2745 2749 2738
f 2745 2747 2749
f 2750 2748 824
f 3746 820 2794
f 822 2795 2767
f 2758 829 2753
f 829 825 2752
f 2756 2755 2046
f 2753 832 2758
f 822 2767 832
f 2759 829 2758
f 3802 2760 2757
f 2760 830 2757
f 832 2535 2765
f 2796 685 2535
f 2766 2534 835
f 2766 835 831
f 831 835 834
f 686 2769 837
f 833 2770 836
f 837 2771 2768
f 836 2771 436
f 687 2537 2772
f 2773 688 2774
f 2520 846 2538
f 2778 844 845
f 846 2588 844
f 841 840 2775
f 847 2777 2774
f 847 2784 2787
f 2784 849 3988
f 2035 351 2036
f 851 3988 2781
f 2781 845 2915
f 851 852 2783
f 853 852 589
f 2784 2782 2787
f 2788 2389 853
f 589 2788 853
f 589 852 2387
f 2387 2791 857
f 2793 2381 2380
f 2793 858 2381
f 2927 858 2793
f 858 969 2379
f 2794 2744 862
f 823 417 864
f 437 2798 867
f 867 2799 445
f 2799 867 2798
f 4036 4090 4037
f 870 4257 4090
f 4257 4037 4090
f 4037 4258 4251
f 4258 2161 4251
f 4251 4036 4037
f 4090 4265 4091
f 4265 462 4091
f 4091 870 4090
f 4036 4250 4090
f 462 4265 4250
f 4265 4090 4250
f 4076 4467 4115
f 4467 2801 4115
f 4115 2168 4076
f 3782 4362 4076
f 2801 4467 4362
f 4467 4076 4362
f 2803 2804 797
f 4032 4195 4042
f 2804 4303 4195
f 4303 4042 4195
f 4042 4304 4218
f 4304 2161 4218
f 4218 4032 4042
f 4195 4401 2804
f 4401 2808 2804
f 4032 4217 4195
f 2808 4401 4217
f 4401 4195 4217
f 4032 4138 4033
f 2802 4224 4138
f 4224 4033 4138
f 4033 4225 4217
f 4225 2808 4217
f 4217 4032 4033
f 4138 4506 4346
f 4506 2161 4346
f 4346 2802 4138
f 4032 4218 4138
f 2161 4506 4218
f 4506 4138 4218
f 4228 4229 4039
f 2806 4274 4229
f 4274 4039 4229
f 4314 4315 4229
f 4315 2806 4229
f 4316 4317 4315
f 4317 2806 4315
f 4318 4319 4317
f 4319 2806 4317
f 4320 4321 4319
f 4321 2806 4319
f 4322 4323 4321
f 4323 2806 4321
f 2806 4323 2815
f 4323 4322 2815
f 2815 4322 4320
f 4322 4321 4320
f 2815 4320 4318
f 4320 4319 4318
f 2815 4318 4316
f 4318 4317 4316
f 2815 4316 4314
f 4316 4315 4314
f 2815 4314 4228
f 4314 4229 4228
f 4039 4275 4098
f 4275 2807 4098
f 2815 4228 4098
f 4228 4039 4098
f 2808 2806 2809
f 2811 798 875
f 2812 2811 875
f 2811 2812 2732
f 877 2735 2812
f 2814 2818 2813
f 4236 4503 4419
f 4503 880 4419
f 4419 4051 4236
f 2820 4239 4236
f 880 4503 4239
f 4503 4236 4239
f 4051 4420 4060
f 881 4499 4420
f 4499 4060 4420
f 4060 4497 4236
f 4497 2820 4236
f 4236 4051 4060
f 4051 4432 4131
f 4432 2805 4131
f 881 4420 4131
f 4420 4051 4131
f 4051 4419 4147
f 4419 880 4147
f 2805 4432 4147
f 4432 4051 4147
f 880 4363 4061
f 2818 4507 4363
f 4507 4061 4363
f 4061 4508 4147
f 4508 2805 4147
f 4147 880 4061
f 2819 4227 880
f 2818 4363 4227
f 4363 880 4227
f 4139 4284 4180
f 4284 872 4180
f 4180 870 4139
f 2822 4148 4139
f 872 4284 4148
f 4284 4139 4148
f 871 4501 4140
f 4501 2817 4140
f 2822 4405 4140
f 4405 871 4140
f 4103 4538 4221
f 4538 2820 4221
f 4221 882 4103
f 2819 4302 4103
f 2820 4538 4302
f 4538 4103 4302
f 2816 4220 4066
f 2822 4524 4220
f 4524 4066 4220
f 4066 4525 4345
f 4525 883 4345
f 4345 2816 4066
f 2826 2701 2831
f 2699 2827 2701
f 885 2828 486
f 885 486 2206
f 488 2206 489
f 887 3311 488
f 887 488 888
f 887 888 886
f 884 2826 2830
f 2834 744 2647
f 2834 2833 744
f 2648 2835 2647
f 889 2834 2868
f 2855 2856 890
f 890 2856 891
f 2837 892 746
f 2637 2643 893
f 2838 893 892
f 892 894 2838
f 2839 2637 893
f 895 2839 2840
f 2839 893 2840
f 2843 2844 3747
f 734 2842 2843
f 2872 910 2858
f 2850 2851 2853
f 2851 3804 2853
f 2858 900 902
f 900 899 903
f 2862 2861 904
f 2864 918 2650
f 905 2867 907
f 2870 2835 3818
f 3818 2835 2648
f 909 2868 2835
f 2649 2870 908
f 2872 3356 910
f 2873 2862 904
f 2867 898 907
f 2867 906 3805
f 3805 914 2867
f 2877 899 914
f 901 2877 2878
f 2859 901 2878
f 914 2880 2877
f 3805 906 916
f 3805 916 2880
f 2888 916 2881
f 2881 917 2888
f 2882 917 2881
f 3360 2883 918
f 920 2882 918
f 923 2883 3362
f 2879 2877 2887
f 2880 916 927
f 924 930 928
f 2891 930 924
f 915 2892 2891
f 2878 2879 2893
f 2879 927 933
f 2898 932 2894
f 2894 936 2898
f 936 3749 934
f 935 2895 934
f 922 2895 2884
f 3034 3052 922
f 2897 2901 2889
f 2898 2900 2899
f 939 938 2905
f 2909 3027 2902
f 2905 3035 939
f 940 2907 2906
f 2906 2907 2908
f 941 948 940
f 942 946 943
f 947 950 952
f 956 957 954
f 959 956 955
f 944 957 959
f 962 2915 961
f 962 3750 2917
f 963 2596 2913
f 965 964 2947
f 966 2600 980
f 2922 2917 2923
f 2924 2922 2923
f 967 2924 2925
f 2793 859 2927
f 968 969 858
f 2927 3852 968
f 3852 2927 2925
f 974 2925 2928
f 2934 2929 2920
f 975 972 978
f 975 978 2932
f 2932 977 4025
f 978 2938 977
f 2933 972 2934
f 2944 2933 2945
f 2936 2937 2935
f 2935 979 2943
f 2955 2941 984
f 980 3990 966
f 730 981 3976
f 2607 981 730
f 2950 982 2949
f 3878 2949 982
f 982 2950 4019
f 2951 3853 983
f 984 989 2955
f 2956 2960 2957
f 2936 2939 2958
f 2940 2958 2939
f 2959 2960 987
f 2956 988 2960
f 990 2962 2964
f 995 987 2963
f 995 2963 991
f 2968 990 2965
f 2962 2966 2964
f 2966 2962 2961
f 992 2964 2966
f 2959 995 4025
f 2375 971 970
f 3853 2971 2953
f 767 2974 2973
f 769 2972 2977
f 3809 1000 999
f 3809 999 2972
f 2675 2979 1000
f 2676 2677 4010
f 2686 2985 2983
f 2989 4010 2983
f 2991 2988 1005
f 2987 2993 2990
f 1007 2993 3009
f 3005 2993 2994
f 2347 1012 3003
f 992 3002 1011
f 3001 3010 3008
f 3002 3001 3008
f 3006 2999 3002
f 3011 3010 2967
f 3016 3015 1017
f 3016 952 3015
f 3017 951 3022
f 941 3018 1018
f 3020 959 1019
f 1018 3018 3023
f 3024 3023 3018
f 3027 2909 3026
f 2902 3027 3376
f 3027 3031 3029
f 3029 3028 3027
f 3026 3031 3027
f 1022 3034 3033
f 3023 3024 1025
f 2896 1026 2900
f 3036 1027 3854
f 3996 612 2418
f 777 3743 3040
f 1029 777 3040
f 1033 2302 3041
f 2997 3041 1031
f 2998 2997 1031
f 3042 2300 2299
f 3045 3046 1032
f 2303 557 3048
f 1035 640 1036
f 1035 661 2488
f 1163 3049 1038
f 2466 639 641
f 2487 3209 651
f 2900 2898 936
f 2783 855 2787
f 3056 3054 1041
f 1043 1042 1371
f 1043 1041 1042
f 154 3059 1050
f 1045 3953 3057
f 3060 1047 3141
f 3492 1048 1322
f 3946 3493 3063
f 1057 3064 3065
f 3068 3065 3066
f 3141 1054 1053
f 3068 1055 1095
f 3070 1058 3069
f 3071 3087 3070
f 1059 3090 3092
f 3088 3071 4011
f 3074 3072 3148
f 3811 3941 3073
f 3073 3941 3075
f 1061 1064 3078
f 3076 1061 3078
f 3074 3081 3079
f 1066 3082 3083
f 1068 3083 3082
f 3077 590 2655
f 3083 3085 3789
f 592 3084 3789
f 3094 3082 3086
f 3088 3087 3071
f 3097 3096 3098
f 3101 3099 3100
f 1072 3103 3102
f 1073 1090 1088
f 3827 3110 1079
f 1079 1075 3612
f 3105 3108 3106
f 1076 1040 3752
f 1075 1079 1077
f 3104 1077 1079
f 1040 1076 1082
f 1371 1084 3978
f 3114 3115 3113
f 1081 3108 1080
f 3123 1078 3118
f 3120 3117 3119
f 3814 3120 1085
f 1086 3118 1088
f 1086 1090 3126
f 1107 1089 1071
f 3128 3124 1087
f 3132 3128 3138
f 3138 1093 3136
f 3855 3138 3136
f 3139 3855 3715
f 3856 1095 3067
f 1095 3856 1096
f 3135 1096 1097
f 1050 3144 1761
f 3144 3146 3145
f 1101 3146 3144
f 3150 3151 3149
f 3812 3150 1103
f 3812 1105 3153
f 3812 3153 1112
f 1112 3153 3160
f 3127 3153 1105
f 3129 1105 3813
f 3857 3159 1109
f 1110 3127 3154
f 3160 3127 1110
f 1111 3160 1110
f 1111 1110 3170
f 3168 3150 1112
f 3169 1111 3170
f 3158 3172 3157
f 3163 1114 1119
f 2448 1114 1113
f 3166 3164 630
f 3161 3164 3166
f 3152 3167 2456
f 3172 3158 3174
f 1119 1120 3174
f 1122 1121 1123
f 1120 1124 1123
f 3179 1124 1125
f 2463 1125 3175
f 3177 3179 1126
f 637 1128 3180
f 1136 1135 1168
f 3185 3186 1138
f 3188 1140 3193
f 2485 659 658
f 1145 1141 1142
f 3189 1141 1145
f 1143 3189 3190
f 3194 3190 3211
f 1176 2485 1148
f 3192 3191 652
f 1140 3210 3194
f 1102 3089 3090
f 3090 3813 1102
f 1152 3970 3147
f 1153 2501 1156
f 2501 1153 2655
f 3078 3077 1153
f 1064 3077 3078
f 3942 1154 1155
f 1155 3196 1815
f 1085 3198 3814
f 3200 3705 1160
f 3116 1161 3115
f 3203 3115 1161
f 3205 1162 1158
f 1038 1164 1127
f 2459 1165 2460
f 3206 3815 1169
f 1139 1170 1171
f 3185 1138 1171
f 1130 3182 1132
f 3192 1039 3208
f 1146 1147 1145
f 1778 1776 1178
f 3214 3212 3215
f 3218 3215 3979
f 3221 3224 2441
f 2441 3227 2497
f 2441 3223 3227
f 1195 1187 1098
f 3228 1188 3229
f 3225 3234 3226
f 3235 3915 3232
f 3230 1190 3817
f 1190 3238 1189
f 3991 1189 3259
f 1192 3244 3237
f 3245 3246 1192
f 3244 3242 3237
f 3248 3236 1195
f 3249 1196 3879
f 1197 3252 3879
f 3252 1197 3251
f 3944 3879 3253
f 4030 3251 3256
f 3254 1198 3971
f 3254 3971 3972
f 3257 3272 1205
f 3971 3258 3295
f 3260 3261 3240
f 3262 3264 3239
f 3991 2516 1201
f 2542 3263 1202
f 1204 3270 3266
f 3266 3242 1204
f 1205 3246 3257
f 3246 3247 3257
f 3267 3268 3244
f 3267 3271 3268
f 3272 3294 3280
f 3754 3279 3273
f 3271 3275 743
f 1206 3274 742
f 3278 1209 3277
f 3282 1209 3278
f 3818 3858 908
f 3284 3286 3287
f 1210 3289 3955
f 3282 3289 3755
f 3292 1211 1208
f 1213 3293 3292
f 1212 3292 4020
f 1212 3294 1214
f 3296 1213 912
f 3258 1214 3295
f 1213 1214 1215
f 750 3297 3914
f 1185 2443 1186
f 3301 1183 1218
f 1218 3300 3301
f 3219 3301 1219
f 1219 1221 1968
f 1221 3299 1220
f 1186 3819 3303
f 3305 1222 3304
f 1224 3308 1222
f 3302 3756 3305
f 1224 3307 1226
f 1226 3309 1227
f 1223 3756 2826
f 3310 1223 2826
f 1223 3310 3820
f 1228 1231 3307
f 2830 3311 3928
f 3928 886 3315
f 1233 3315 1229
f 3313 1231 3820
f 1231 3312 3309
f 1229 3315 1235
f 3315 1234 1235
f 888 3320 3316
f 504 502 3319
f 3318 4012 505
f 3821 1234 3316
f 3323 3321 1238
f 3321 3324 3325
f 533 3328 2230
f 533 1240 3328
f 3330 3333 3329
f 3329 3880 3328
f 3330 3326 3332
f 3333 3332 3334
f 3335 3334 3332
f 3327 3337 3336
f 1241 3336 3337
f 1243 3339 3338
f 1243 3338 1241
f 3341 3344 1249
f 3343 3342 2240
f 1249 3343 2240
f 1248 3345 3344
f 3350 520 3346
f 1215 4023 897
f 3286 2864 3287
f 1251 1193 1194
f 1251 1252 1193
f 1254 3359 3361
f 1254 3361 3367
f 3361 1253 3364
f 3365 3366 3757
f 3365 3757 3369
f 924 928 3366
f 3371 3373 3374
f 1261 1257 3373
f 2902 3758 2909
f 1259 3758 1258
f 1259 3377 1262
f 3382 3383 2911
f 1265 945 1264
f 4012 1236 3385
f 3386 1382 1280
f 3390 3389 1382
f 1273 3393 3394
f 1269 3403 1268
f 1041 3054 1271
f 1276 1274 3552
f 3409 3881 1276
f 1276 3402 1275
f 3409 3405 3404
f 3405 3397 1277
f 3403 3397 3896
f 3410 3424 3425
f 3494 3408 1292
f 3412 3422 3411
f 1279 3413 3400
f 3711 1281 4002
f 3999 1282 3416
f 3416 1283 3495
f 3416 1284 1286
f 3418 1283 3419
f 3495 1283 3418
f 1285 3502 3417
f 1290 1286 1287
f 3388 1288 3414
f 1288 3413 3414
f 3424 3433 3425
f 3421 1293 3423
f 3408 3956 1292
f 3433 3448 3449
f 3435 1293 3434
f 1295 3438 1294
f 1299 3509 3441
f 1300 3430 3897
f 3444 3443 3445
f 3446 1326 3897
f 1300 3981 1299
f 3447 3524 1301
f 1302 1303 3452
f 3451 3452 1303
f 1303 3463 3451
f 3450 3452 1305
f 1306 3450 1305
f 3461 3459 3451
f 3464 1310 3466
f 3478 1308 3462
f 3470 3473 1311
f 3471 3932 3470
f 3472 3467 3466
f 3957 3512 3471
f 3513 3932 3471
f 3932 3473 3470
f 3475 3474 3824
f 3477 3476 3932
f 3476 3477 1312
f 1314 1313 3522
f 1313 3521 3522
f 1316 3479 1315
f 1317 1316 3486
f 3484 3548 3486
f 146 1317 3486
f 1318 1336 3483
f 3487 3483 1315
f 3490 3480 3488
f 3496 1320 3825
f 3502 3141 3492
f 3492 3506 3502
f 1706 3501 3493
f 3418 3142 3495
f 1285 3142 3502
f 3496 3498 1320
f 1314 3522 3497
f 3496 3511 3498
f 184 1323 3499
f 1322 1297 3506
f 3142 3141 3502
f 3506 3417 3502
f 3443 3505 185
f 1740 3443 185
f 3508 3654 3652
f 3508 3652 3507
f 3509 3524 3440
f 3510 1298 3445
f 1327 1329 3514
f 1312 1329 3518
f 3497 3522 1325
f 1310 3465 3530
f 3528 1335 3530
f 3483 1336 3547
f 3547 1336 1348
f 3533 1341 3536
f 1339 1338 1346
f 1340 3538 3535
f 1342 3540 3539
f 3535 3540 3537
f 1344 3541 551
f 1346 3537 3542
f 3543 1348 3536
f 3545 1346 3542
f 1345 1347 3537
f 3544 1348 1349
f 1352 3544 3546
f 3547 1348 3544
f 3547 3544 1350
f 3548 1350 1351
f 3491 4021 1353
f 3550 3549 3546
f 555 1342 548
f 13 3554 3553
f 3561 1356 3564
f 1357 3571 3564
f 1356 3563 4000
f 3592 3563 3561
f 3573 1357 3572
f 3568 3556 3567
f 3567 3569 3568
f 3569 3554 1354
f 3571 3593 3564
f 2337 3576 3578
f 3575 3577 3576
f 4029 3105 3752
f 3810 3580 4029
f 3581 3580 3810
f 1362 2341 1361
f 2341 1362 2340
f 3573 3588 3571
f 3929 3590 3591
f 3589 3929 1370
f 3620 3591 3584
f 1362 3591 3590
f 3883 1365 3930
f 1366 3599 1364
f 3607 3597 3594
f 3598 3599 4004
f 3392 3930 1267
f 3602 3393 3055
f 3608 3607 3609
f 3552 3401 1368
f 3603 3494 1295
f 1369 3614 3105
f 3615 1040 3111
f 1371 1042 3618
f 1368 3606 3552
f 3918 1373 3621
f 3626 3629 3623
f 1379 3638 3657
f 1379 3657 1377
f 3633 1377 3631
f 3633 3631 1378
f 3685 3682 1378
f 3636 3634 3633
f 3634 3636 1380
f 1393 1392 3635
f 3684 3640 1382
f 3828 3694 1367
f 1386 4026 1294
f 1294 3646 1386
f 1386 3660 1387
f 3643 3668 3667
f 1388 3648 1396
f 1388 3829 3647
f 3653 3652 3654
f 1309 3992 3649
f 3639 3661 1394
f 3659 3658 1392
f 1394 3664 3663
f 1394 3665 3664
f 1388 3647 3648
f 1396 1397 3668
f 3625 1402 3627
f 3677 3559 3678
f 3595 1401 3562
f 3625 3676 1402
f 3830 4003 3681
f 3626 4003 3699
f 3683 3682 3685
f 1405 3637 3831
f 3683 1403 3688
f 3687 1403 3683
f 4003 3691 1404
f 3596 3693 3690
f 3958 1405 1406
f 3597 3604 3693
f 3641 3689 3694
f 3698 3695 3629
f 3698 3697 3695
f 3701 3696 3697
f 3698 3726 1407
f 3701 1409 1408
f 3702 3704 3703
f 3686 3708 1404
f 1410 3707 3709
f 3717 3716 3419
f 3714 3713 1415
f 3721 1415 3719
f 3724 3696 3701
f 1413 1412 3723
f 1411 1271 3054
f 3056 3725 3726
f 1418 1278 3406
f 1417 3727 1381
f 1416 1417 1381
f 1416 3724 1417
f 1278 3958 3684
f 1421 1420 1
f 1 1373 1421
f 2 3 1421
f 1420 1421 3
f 7 1420 1422
f 2 1421 1433
f 1422 1420 3
f 7 1422 1425
f 1423 1425 1422
f 1422 3 1431
f 1422 1431 1423
f 1423 1431 1426
f 1423 1426 4
f 1424 4 1426
f 1424 5 4
f 4 1425 1423
f 4 21 1425
f 1425 19 7
f 21 4 1429
f 4 5 1429
f 1426 3919 1427
f 1426 1427 1424
f 3919 9 1432
f 3919 1432 1427
f 1424 1427 1428
f 6 1427 1432
f 1432 1457 6
f 1428 1429 5
f 1429 1428 6
f 6 1456 1429
f 1450 7 19
f 7 1435 10
f 1420 7 10
f 1420 10 1
f 2 1433 8
f 1373 3918 1460
f 1460 1433 1373
f 1433 27 8
f 8 1430 2
f 1430 1431 2
f 9 3919 3834
f 3834 3919 1430
f 3834 1430 8
f 8 3762 3834
f 3621 1434 1374
f 1434 3621 10
f 10 3621 1
f 1434 10 1435
f 11 1438 3675
f 1438 11 1437
f 1438 1439 3675
f 3675 1439 3553
f 13 1439 1441
f 3973 1443 1438
f 1439 1438 1443
f 1444 1438 1437
f 1443 1440 1439
f 1440 14 1441
f 1442 14 1440
f 1441 1461 1354
f 1441 14 1461
f 1464 1462 15
f 16 1443 3973
f 1445 3973 1444
f 1447 16 1445
f 1445 16 3973
f 16 1447 1446
f 1445 1444 17
f 17 1444 1437
f 1449 1448 1445
f 1453 1447 1448
f 1694 1447 1453
f 1449 1445 17
f 18 1437 3860
f 1449 17 20
f 1450 1449 20
f 1452 1449 1450
f 19 1452 1450
f 20 18 1435
f 21 1429 22
f 21 1451 19
f 1451 1452 19
f 1452 1453 1449
f 1451 21 22
f 1451 1454 1452
f 1454 1453 1452
f 1455 48 1511
f 23 1456 1455
f 22 1456 23
f 6 24 1456
f 1455 1475 48
f 1455 25 1475
f 1456 25 1455
f 24 25 1456
f 24 3884 25
f 6 1457 24
f 1432 36 1457
f 3884 1459 1472
f 9 36 1432
f 8 27 3762
f 3762 27 3728
f 3918 3630 1460
f 3832 28 1461
f 1464 15 1463
f 1464 1463 29
f 29 1465 1464
f 1464 1465 3832
f 30 33 1465
f 1466 31 30
f 31 1466 1467
f 1468 3763 32
f 33 3763 1468
f 30 3763 33
f 34 33 1468
f 32 2295 1468
f 1462 3832 14
f 1461 14 3832
f 3832 35 556
f 35 3832 33
f 33 34 35
f 2491 34 1468
f 4022 2295 32
f 3960 4022 32
f 3763 3960 32
f 4022 3960 1470
f 3763 1471 3960
f 1470 3960 1521
f 37 26 1472
f 1458 26 1473
f 26 38 1473
f 1662 3731 38
f 38 3731 47
f 1473 38 47
f 1474 1475 25
f 1473 47 1507
f 1662 39 3731
f 1662 125 39
f 1504 1476 1477
f 43 1477 1476
f 43 1478 1477
f 1477 1478 46
f 1479 40 1480
f 1478 1480 40
f 1483 1479 1480
f 1478 43 1480
f 39 1663 1476
f 1483 1480 42
f 41 1479 1483
f 40 1479 1482
f 1482 1479 1481
f 41 1481 1479
f 1481 3730 1482
f 41 1484 1481
f 3861 1483 123
f 42 1480 43
f 125 1663 39
f 43 126 42
f 3861 41 1483
f 1484 3730 1481
f 1482 1503 40
f 1488 1503 1482
f 1482 3729 1488
f 122 1484 41
f 41 3861 122
f 1484 1638 1485
f 1486 1638 3733
f 3729 1485 1487
f 1487 1489 3729
f 3729 1489 1491
f 1491 1488 3729
f 1490 1489 3764
f 1635 3764 1489
f 1635 1487 1637
f 1490 1499 1491
f 3764 1493 1492
f 1497 1498 1492
f 44 1496 1493
f 1494 44 1493
f 1495 1494 1493
f 1495 1493 1635
f 1496 1629 1497
f 1497 228 1498
f 1499 1498 1501
f 1499 1492 1498
f 1500 1491 1499
f 1502 1500 45
f 1502 1688 1687
f 1687 1503 1502
f 1502 1503 1488
f 3835 1505 46
f 1504 3731 39
f 1477 1505 1504
f 1542 1504 1505
f 1475 1474 1507
f 1507 48 1475
f 3885 1506 48
f 48 1507 3885
f 1508 1509 1510
f 1511 1508 1690
f 23 1511 1693
f 1512 1690 1508
f 1512 1513 1690
f 1691 1446 1513
f 1512 1515 1513
f 1514 1515 1512
f 1514 3974 1515
f 147 1515 3974
f 1516 3982 3974
f 1466 147 1517
f 1519 3982 58
f 1519 1518 3982
f 1467 1518 49
f 1467 49 1525
f 1525 1522 1467
f 1470 1521 1469
f 1521 1471 3862
f 1521 3862 50
f 50 3765 1521
f 50 3862 1522
f 50 1522 1520
f 50 1520 574
f 574 1520 3912
f 49 1524 1525
f 49 51 1524
f 1519 1523 51
f 58 1523 1519
f 1524 51 1545
f 52 1545 51
f 60 51 1523
f 51 60 52
f 52 1626 1545
f 52 1544 1626
f 1525 3912 1520
f 574 3912 1526
f 1527 1526 3912
f 2343 1526 1527
f 1527 53 2351
f 53 1528 2351
f 1525 1528 53
f 1529 1530 1528
f 1534 1530 1529
f 1529 1532 1534
f 3886 1533 1532
f 1533 1535 1534
f 1530 1534 1535
f 1535 1536 1530
f 1537 1539 54
f 55 1537 54
f 1538 1537 55
f 1540 1563 1539
f 57 1541 1538
f 1540 64 1563
f 3885 1542 1685
f 3885 1686 1506
f 59 1516 1510
f 1510 1509 59
f 1689 58 59
f 1827 1523 1543
f 1545 1532 1531
f 1545 1546 1532
f 3886 1532 1546
f 1545 1626 1546
f 1547 3886 1546
f 62 103 61
f 61 1535 1533
f 1548 56 1535
f 61 1548 1535
f 1547 63 3886
f 1548 1538 56
f 57 1617 4006
f 1541 57 1550
f 1549 64 1541
f 4006 1617 1551
f 1559 4006 1551
f 1552 1549 1550
f 1550 4006 3766
f 3766 1552 1550
f 1552 67 66
f 67 1553 2369
f 1555 1553 67
f 1557 67 1552
f 3766 1558 1552
f 3975 1554 2366
f 1556 1557 69
f 1618 102 70
f 102 1616 65
f 1557 1558 69
f 1558 1560 69
f 1616 1560 65
f 1616 1619 1613
f 1616 1561 1560
f 1616 1579 1561
f 1562 1556 1566
f 69 1566 1556
f 1554 72 68
f 71 72 1554
f 71 3975 1564
f 1564 1562 1567
f 1567 73 72
f 69 1565 1566
f 1567 1566 73
f 78 73 1566
f 78 1565 75
f 75 1565 69
f 1560 75 69
f 1614 1573 75
f 1614 75 1560
f 76 78 75
f 77 1568 76
f 77 76 1570
f 78 1568 73
f 1568 74 73
f 1572 79 77
f 1572 1569 79
f 77 1570 1572
f 1590 1572 1570
f 80 1571 1569
f 1590 1570 82
f 82 1570 76
f 1575 1573 1574
f 1590 82 83
f 1576 83 82
f 1576 82 1575
f 1577 1583 1575
f 1574 1577 1575
f 1600 1583 1577
f 1600 1577 84
f 84 1577 1578
f 84 1578 1579
f 1580 85 84
f 1580 86 85
f 1580 1579 1613
f 1612 86 1580
f 1612 1580 1613
f 1605 86 1612
f 86 1582 85
f 1581 1601 1582
f 1584 83 1576
f 87 83 1584
f 1583 1587 1584
f 1587 88 1586
f 1586 1588 1587
f 81 1572 1590
f 81 80 1572
f 1589 89 80
f 2148 89 1589
f 1590 87 1591
f 87 1588 1591
f 1592 91 1591
f 1596 1588 1586
f 1588 1596 1592
f 90 91 1589
f 1589 91 1594
f 1594 2143 1589
f 1594 92 2143
f 1594 93 2146
f 1941 2146 93
f 1595 1941 93
f 1595 93 1592
f 1595 1596 94
f 1593 94 1596
f 1596 1586 1593
f 95 94 3732
f 95 1595 94
f 95 96 289
f 95 3732 96
f 96 3732 97
f 1593 1597 94
f 3732 94 1597
f 88 1599 1597
f 98 2256 1597
f 1597 1599 98
f 1585 1600 1598
f 88 1598 1599
f 1600 1601 1598
f 1599 1602 98
f 1604 2256 98
f 98 1602 1603
f 2254 1604 1603
f 1603 1602 99
f 1581 1602 1601
f 1601 85 1582
f 1605 1581 1582
f 1582 86 1605
f 1606 1605 1612
f 1608 1605 1606
f 1607 1605 1608
f 1581 1605 1607
f 1610 100 1608
f 1606 1611 1610
f 1611 1609 1610
f 1611 1606 101
f 1613 1619 1612
f 1577 1574 1578
f 1578 1574 1614
f 1573 1614 1574
f 1578 1614 1561
f 1561 1579 1578
f 1612 1619 1620
f 101 1612 1620
f 1615 536 101
f 3767 536 1615
f 1620 1621 101
f 1620 1619 102
f 1551 1623 70
f 104 1551 1617
f 104 1617 1548
f 1548 1617 1538
f 1548 103 104
f 104 103 1623
f 1618 70 1623
f 105 1618 1623
f 1618 105 1621
f 1621 105 1622
f 1620 1618 1621
f 1622 1615 1621
f 106 2268 3767
f 105 2261 1622
f 1623 2262 105
f 2262 103 62
f 63 2262 62
f 108 63 1547
f 108 1547 1625
f 107 63 108
f 108 1624 107
f 2261 63 107
f 1546 1625 1547
f 1632 1624 108
f 1625 1546 1626
f 44 1627 1630
f 109 1628 1627
f 1494 109 1627
f 1631 1628 109
f 1629 1496 1630
f 1630 1625 1629
f 1631 1633 1628
f 2269 1631 109
f 1634 1631 538
f 1628 1632 1630
f 1632 1625 1630
f 1634 535 1631
f 2270 1634 538
f 110 2269 109
f 1494 111 110
f 1495 1644 111
f 1635 1636 1495
f 1644 1495 1636
f 1486 3733 1637
f 1639 1637 3733
f 1484 122 1638
f 1659 1638 122
f 3733 1638 112
f 112 1639 3733
f 1639 112 1640
f 1639 1636 1637
f 1639 1640 1636
f 1640 1641 1642
f 1646 1645 1642
f 1645 264 1643
f 1895 1645 1646
f 1646 1648 1647
f 1641 1648 1646
f 112 1649 1640
f 113 1640 1649
f 113 3898 1650
f 1651 1650 1652
f 1651 1652 114
f 1648 1653 1654
f 1653 114 115
f 1865 1655 248
f 246 1654 1653
f 114 1652 116
f 115 116 1656
f 3898 1657 119
f 119 1652 1650
f 116 118 1656
f 211 116 1652
f 3920 1652 119
f 1649 209 3898
f 1649 112 1658
f 121 1659 122
f 121 122 3861
f 42 124 123
f 1661 123 124
f 1661 1717 1822
f 124 1717 1661
f 1717 124 148
f 1696 125 1662
f 37 127 1662
f 1696 1662 127
f 1664 125 1696
f 126 1663 1664
f 1696 1714 1664
f 37 1472 127
f 1715 127 128
f 1665 1472 1459
f 1715 128 132
f 1665 1670 128
f 1667 1670 1665
f 3983 1719 1667
f 3762 131 3834
f 3762 130 131
f 1669 3983 1668
f 131 164 1668
f 1718 170 1670
f 3457 1732 1673
f 3454 3453 1672
f 1672 137 135
f 1671 1672 135
f 1671 1732 3457
f 1732 1730 1673
f 135 134 1732
f 1674 134 136
f 182 136 137
f 136 135 137
f 138 1675 3458
f 141 140 139
f 1679 141 143
f 1679 140 141
f 140 142 1318
f 140 539 142
f 140 1676 539
f 142 539 1318
f 1677 1676 1680
f 3826 141 1319
f 1678 1679 143
f 181 143 183
f 181 1678 143
f 1679 2264 1680
f 1679 1680 1676
f 1680 1681 2272
f 144 1681 1684
f 144 1683 1682
f 553 1681 1682
f 2264 1684 1681
f 145 144 1684
f 182 2265 1684
f 145 146 144
f 1685 1542 3835
f 1542 1505 3835
f 1685 3835 1503
f 1503 1687 1685
f 1686 1509 1506
f 59 1509 1686
f 1686 1685 1687
f 1688 1543 1689
f 1688 1689 1687
f 58 1689 1543
f 1511 1690 1693
f 1463 147 29
f 1692 1446 1691
f 1694 1446 1447
f 1446 1694 1513
f 1693 1690 1694
f 23 1693 1451
f 1693 1454 1451
f 1693 1695 1454
f 1454 1695 1453
f 1507 1504 1542
f 47 1504 1507
f 1664 1716 126
f 1716 1697 126
f 148 126 1697
f 1717 1698 168
f 1698 1758 168
f 1699 1698 1697
f 1758 1698 1699
f 148 1697 1698
f 149 1699 1697
f 149 1697 1700
f 1716 1700 1697
f 163 1713 1716
f 1716 1713 150
f 1700 1716 150
f 149 151 1699
f 149 3734 151
f 1700 3734 149
f 1713 153 150
f 150 153 1701
f 151 152 1699
f 1701 1702 3734
f 1702 1703 3734
f 1701 1824 1702
f 1824 155 1702
f 1702 155 1703
f 3734 1703 154
f 169 152 154
f 1758 1699 152
f 1703 155 3057
f 1706 1705 156
f 157 227 3947
f 156 3947 227
f 227 158 156
f 157 1744 227
f 157 3947 4007
f 1753 1707 157
f 4007 1753 157
f 4007 3947 1709
f 1709 156 1705
f 1709 1705 1708
f 1708 1710 1709
f 161 160 159
f 1710 1708 1712
f 161 1712 1708
f 153 1712 161
f 153 161 1824
f 1713 1712 153
f 1714 4024 163
f 1714 163 1716
f 1714 1716 1664
f 1715 4024 1714
f 130 165 131
f 165 130 133
f 164 131 165
f 164 165 1722
f 1722 165 166
f 166 165 133
f 133 3656 166
f 172 1722 176
f 147 1466 29
f 120 167 1658
f 1660 1820 121
f 1660 1661 3771
f 1660 3771 1820
f 168 1822 1717
f 152 169 1704
f 1714 1696 1715
f 171 1715 132
f 170 1721 171
f 170 1718 173
f 1719 1669 172
f 172 1720 1719
f 1719 1720 1718
f 173 1721 170
f 1721 173 1757
f 1720 175 173
f 1757 173 175
f 1721 174 171
f 171 174 1755
f 1723 166 1727
f 1749 1723 1727
f 1727 1726 1749
f 1395 178 1727
f 177 1726 178
f 1730 1725 1673
f 1725 1730 179
f 3674 179 177
f 1726 177 179
f 1728 1730 1731
f 1728 1731 1729
f 1749 1726 1728
f 1749 1728 195
f 1729 195 1728
f 180 1729 1731
f 1732 1731 1730
f 1747 1732 134
f 1733 1747 134
f 1733 1674 1735
f 1736 1734 2263
f 183 1734 181
f 1735 1734 1739
f 1735 1746 1733
f 1733 1746 1747
f 1739 1738 187
f 1675 2265 137
f 1736 1678 181
f 1737 186 3499
f 184 3499 186
f 1738 186 1737
f 1737 1741 1738
f 186 183 184
f 1738 183 186
f 1738 1741 187
f 1739 187 188
f 1739 188 1742
f 1739 1742 1735
f 1743 188 190
f 190 1744 1743
f 190 1741 189
f 1745 189 1826
f 1744 1745 227
f 192 1746 1742
f 180 1747 192
f 180 1732 1747
f 1729 180 193
f 193 195 1729
f 194 193 180
f 180 192 194
f 195 193 1748
f 1748 194 196
f 1724 1748 1750
f 1749 1724 1723
f 1724 1749 195
f 1757 175 1751
f 1756 1757 1751
f 1751 198 199
f 1724 1750 176
f 196 1752 1750
f 198 197 1750
f 1750 1752 198
f 199 198 1752
f 1752 1707 199
f 1825 1752 196
f 1753 199 1707
f 1751 1753 1756
f 1753 4007 1756
f 1754 4007 1710
f 1756 4007 1754
f 1754 1710 1711
f 1711 162 1754
f 162 163 1755
f 1754 162 1755
f 174 1757 1756
f 1721 1757 174
f 1754 174 1756
f 1759 1760 226
f 1759 1704 1760
f 1760 1704 1761
f 1761 1704 169
f 1761 3145 1760
f 3145 1764 200
f 200 1764 201
f 1762 200 1763
f 1783 1763 1782
f 1782 1763 1768
f 201 3934 1763
f 202 205 3768
f 3934 201 3768
f 203 3934 3768
f 3769 3768 205
f 3768 3769 203
f 3769 223 1813
f 223 3769 1766
f 1765 1813 1770
f 1768 206 207
f 1768 1769 206
f 1767 1768 3934
f 1768 1767 1769
f 1770 1769 1767
f 1769 1773 206
f 1769 1772 1773
f 1772 1771 3217
f 1772 3217 1773
f 1769 1770 1772
f 206 1773 1178
f 1178 1776 206
f 208 1768 207
f 1768 208 1782
f 1775 207 1781
f 1781 207 1776
f 1780 1778 1777
f 3213 1789 1777
f 1773 3217 1774
f 1789 1779 1791
f 3961 1777 1789
f 119 1781 1780
f 1781 119 1775
f 1788 208 1657
f 1784 1782 208
f 1818 226 1762
f 1786 1783 1785
f 1783 1784 1785
f 1784 1787 1785
f 1787 1784 1788
f 1787 1788 209
f 209 1788 1657
f 210 1787 209
f 3898 209 1657
f 1657 1775 119
f 118 211 3993
f 1780 3920 119
f 1790 3961 1789
f 1790 1789 213
f 1790 3920 3961
f 212 1790 213
f 212 211 1790
f 211 212 3993
f 1656 118 117
f 1656 117 115
f 118 3993 1796
f 3948 3993 212
f 212 213 3948
f 213 1789 1791
f 213 1792 3948
f 213 1791 1792
f 1779 1810 1791
f 1793 1810 1779
f 1793 1179 1811
f 1791 1810 214
f 1791 214 1792
f 1792 214 3836
f 1792 1794 3948
f 3836 1809 1794
f 1794 1808 1795
f 3948 1794 1797
f 1797 1796 3948
f 3993 3948 1796
f 117 118 1796
f 216 1796 1797
f 1798 1800 216
f 216 1797 1795
f 1797 1794 1795
f 1799 1802 1798
f 1802 217 1798
f 1800 1798 1801
f 1801 1798 217
f 217 1802 218
f 1802 1803 218
f 1803 1806 1804
f 1805 1802 1799
f 1805 1803 1802
f 1807 1993 1803
f 1803 1993 1806
f 1804 1806 219
f 1806 1993 315
f 1807 1805 1994
f 1994 1805 1795
f 1808 1994 1795
f 1809 1808 1794
f 1808 1809 1992
f 1810 215 214
f 1180 1810 1793
f 1180 1793 1811
f 1810 3863 215
f 1809 4015 1992
f 3216 1774 3217
f 3770 1770 1813
f 3770 222 1771
f 221 1812 1771
f 222 221 1771
f 222 225 221
f 222 3770 1816
f 1814 1815 1816
f 1815 223 224
f 1815 3197 1816
f 1151 222 1816
f 224 1817 3942
f 168 1758 1823
f 168 1823 1822
f 1823 1759 1818
f 1823 1818 1786
f 1819 1786 1785
f 1787 1819 1785
f 1649 210 209
f 1658 210 1649
f 210 167 1821
f 1821 1820 3771
f 1820 1821 167
f 3771 1787 1821
f 3771 1819 1787
f 3771 1822 1819
f 1819 1823 1786
f 1819 1822 1823
f 155 1824 3062
f 1824 161 159
f 3504 156 158
f 158 1826 3504
f 1707 1744 157
f 1825 1744 1707
f 1825 1743 1744
f 1826 3505 3504
f 1826 185 3505
f 1501 1827 45
f 45 1827 1543
f 1523 1827 60
f 228 1501 1498
f 228 60 1827
f 1831 229 234
f 1833 1828 1832
f 1831 1829 229
f 1831 231 1829
f 1831 1830 231
f 2493 1829 231
f 229 1829 232
f 232 240 229
f 237 233 1830
f 1828 1830 1831
f 234 1832 1831
f 1832 235 1833
f 235 1832 234
f 1870 3959 1871
f 3959 1870 236
f 1828 237 1830
f 233 237 1834
f 237 1845 1834
f 237 3959 1845
f 1845 3959 1838
f 236 218 1835
f 1835 218 1804
f 1839 1835 1837
f 1835 1804 1837
f 1804 219 1837
f 1836 1837 219
f 1839 1838 1835
f 1837 238 1839
f 1841 1839 238
f 1840 1841 238
f 1840 238 1836
f 3935 1841 1840
f 2696 1840 1998
f 1839 1841 1845
f 1845 1838 1839
f 1844 1845 1841
f 3935 1844 1841
f 1881 232 662
f 239 232 1881
f 241 234 1842
f 234 241 235
f 1854 1871 1833
f 241 3962 235
f 239 240 232
f 1842 240 1879
f 242 3962 1846
f 242 1846 3772
f 1848 242 1847
f 242 3772 1847
f 1847 3772 252
f 1846 243 3772
f 1847 252 257
f 244 245 1849
f 245 1852 1849
f 1850 235 1843
f 1852 1851 1843
f 1843 1851 1850
f 1853 1851 1852
f 1853 1874 1851
f 1874 1872 1851
f 1878 1870 1871
f 1855 1801 217
f 1856 1855 1877
f 1856 1801 1855
f 1858 1800 1801
f 1857 1856 3963
f 1861 1858 1857
f 117 1800 1858
f 117 1858 1859
f 1861 1859 1858
f 1857 1860 1861
f 1856 1877 1875
f 1861 1862 3899
f 1861 3899 1859
f 246 3899 1862
f 247 246 1862
f 1654 246 247
f 247 1655 1654
f 1655 247 1863
f 1862 1863 247
f 1863 1862 1866
f 1862 1860 1867
f 1864 1867 1860
f 1863 1866 1869
f 1868 248 1863
f 1869 1868 1863
f 1869 1866 1898
f 1647 1895 1646
f 1894 1865 248
f 1866 1900 1898
f 1866 1867 1900
f 1864 1900 1867
f 3984 1864 3963
f 1878 1877 1855
f 1854 1872 1878
f 1873 1853 1852
f 1873 1852 245
f 249 245 244
f 244 1849 1848
f 263 1890 249
f 250 1876 1853
f 1876 1874 1853
f 1876 1875 1874
f 1873 1890 250
f 1890 1891 250
f 1876 250 1891
f 3963 1875 1876
f 1878 1871 1854
f 2517 3837 251
f 3837 3900 251
f 3900 1882 251
f 1881 251 1882
f 1881 1882 1880
f 1882 1884 1880
f 3864 252 253
f 256 255 254
f 1884 256 254
f 3837 2518 3901
f 1882 3900 256
f 254 3864 253
f 3864 254 259
f 257 3864 1885
f 3864 259 1888
f 259 255 1886
f 3900 3901 258
f 256 3900 258
f 258 255 256
f 258 1886 255
f 668 262 258
f 262 1886 258
f 3838 1886 262
f 1887 1886 3838
f 1888 1886 1887
f 1888 1887 261
f 3838 3736 260
f 3838 260 1887
f 261 260 1920
f 260 3736 1921
f 3776 3736 262
f 2577 3776 262
f 668 2577 262
f 1892 1890 263
f 1892 263 3865
f 1892 1891 1890
f 1892 3984 1891
f 1900 1864 1892
f 1893 1898 1900
f 4013 1869 3735
f 1894 248 1868
f 1865 1894 1895
f 1645 1896 264
f 1895 1896 1645
f 1894 1896 1895
f 3913 1896 1894
f 3913 1894 1868
f 1868 4013 3913
f 3773 4013 3735
f 1897 1896 3913
f 3913 3773 1901
f 1898 1899 3735
f 1899 1898 1893
f 1893 1900 278
f 3773 3735 1905
f 1903 1901 3773
f 1897 1901 1902
f 1902 1901 537
f 1903 537 1901
f 1899 265 1904
f 1905 1899 1904
f 1905 1906 266
f 1916 4014 265
f 1904 4014 1906
f 2257 266 3949
f 2258 266 2257
f 1609 2248 1610
f 529 1610 2248
f 2248 267 1907
f 1907 267 3949
f 268 1908 2248
f 1908 3922 2248
f 1908 271 3922
f 269 1909 1908
f 268 269 1908
f 1911 274 1910
f 1911 1910 268
f 274 275 1913
f 274 1913 1910
f 1910 1913 269
f 1912 272 270
f 1913 1912 273
f 1912 1913 275
f 1913 273 269
f 1916 275 274
f 1911 4014 274
f 1911 1906 4014
f 1912 3774 1917
f 275 1914 3774
f 276 1914 275
f 3774 1914 1915
f 277 1915 1914
f 3774 1915 1917
f 244 277 249
f 263 249 277
f 3865 278 1892
f 276 277 1914
f 1916 276 275
f 265 3865 1916
f 3865 265 278
f 263 276 3865
f 276 263 277
f 272 1912 1917
f 257 1918 1847
f 3775 1847 1918
f 1918 1917 3775
f 1885 1917 1918
f 1909 279 271
f 271 279 3839
f 3839 279 280
f 280 279 272
f 1885 1888 1889
f 1885 1889 272
f 272 1889 2251
f 2251 280 272
f 1889 530 2251
f 530 1889 1919
f 1919 261 1923
f 1920 1922 261
f 281 1920 1924
f 1921 1924 1920
f 1922 1920 281
f 281 1924 282
f 1929 1923 1927
f 1922 1927 1923
f 281 1927 1922
f 3736 3776 1925
f 1924 1921 1925
f 1949 283 1924
f 282 1924 283
f 282 283 1926
f 1927 281 282
f 1928 1927 282
f 284 1927 1928
f 284 1929 1927
f 1928 1930 285
f 285 1930 1931
f 2256 285 1931
f 1926 1934 1930
f 1926 283 286
f 1933 1926 286
f 1931 1930 1934
f 1933 286 1937
f 1933 1935 1926
f 1940 1932 1931
f 97 1932 288
f 1932 1940 288
f 1940 1934 1935
f 1940 1935 1936
f 1935 1933 1937
f 1937 1936 1935
f 1937 286 1939
f 1939 293 1945
f 1939 287 1937
f 1937 287 1936
f 1936 288 1940
f 96 97 288
f 2146 1941 2147
f 95 2154 1595
f 95 289 290
f 290 2154 95
f 96 1942 289
f 288 1942 96
f 1936 1942 288
f 1939 291 287
f 287 1944 1943
f 1936 1943 1942
f 1945 291 1939
f 290 1942 1943
f 1944 290 1943
f 290 1944 1946
f 1958 1947 1957
f 1957 1947 291
f 1952 291 1945
f 1950 1952 1945
f 1945 1948 292
f 1948 1945 293
f 283 1949 286
f 1962 1938 1963
f 293 1938 3737
f 1948 293 3737
f 294 292 1948
f 1945 292 1950
f 1950 292 1953
f 1951 1952 1950
f 1951 1957 1952
f 1956 2247 1957
f 1957 1951 1956
f 296 1951 1953
f 292 1955 1953
f 294 1955 292
f 294 2519 1954
f 295 3737 2586
f 297 1956 1951
f 1959 1947 1958
f 1958 1957 2247
f 2247 1956 527
f 527 297 298
f 1960 2521 2130
f 299 2130 2521
f 2521 2523 1961
f 3776 2579 301
f 2577 2579 3776
f 303 1925 1966
f 302 1924 1925
f 2586 3737 1962
f 302 1963 1949
f 1962 1963 1964
f 1964 302 303
f 303 1965 1964
f 303 1966 1965
f 215 3863 4015
f 220 304 1967
f 304 1968 305
f 1220 305 1968
f 1969 1967 305
f 3298 305 1220
f 305 3298 1969
f 1227 306 1225
f 307 306 1227
f 1967 1969 309
f 307 1971 306
f 1971 1972 308
f 1972 307 1982
f 308 1972 1974
f 1972 1973 1974
f 1975 1974 313
f 309 1976 1967
f 1976 309 1978
f 309 1975 310
f 220 1967 1976
f 1978 4015 1976
f 1975 313 310
f 312 310 313
f 310 312 311
f 313 1974 1980
f 1981 313 1980
f 1981 312 313
f 1977 312 1981
f 1979 314 310
f 4015 3863 220
f 4015 220 1976
f 310 311 1979
f 311 1977 1987
f 312 1977 311
f 1980 1974 1973
f 3943 1983 1227
f 503 1983 3943
f 307 1983 1982
f 1984 1985 1986
f 1980 2215 1984
f 1973 2215 1980
f 1982 494 1973
f 1973 494 2215
f 1985 485 1986
f 1986 485 484
f 1977 1986 483
f 482 483 1986
f 1987 1988 311
f 1988 3866 1979
f 1990 1979 1989
f 1989 1991 1990
f 314 1992 1978
f 1992 4015 1978
f 1992 314 1990
f 1991 1989 1993
f 1991 1994 1990
f 1990 1808 1992
f 3994 315 1995
f 1993 1989 315
f 1807 1991 1993
f 1806 315 219
f 1996 1998 3994
f 1996 1997 1998
f 1995 316 1996
f 1996 316 1997
f 219 3994 1999
f 1998 1999 3994
f 2001 318 2000
f 2000 318 2204
f 2829 317 2205
f 2001 316 2002
f 316 1995 3866
f 316 2001 2700
f 2706 2003 319
f 2003 2706 320
f 2003 2007 2005
f 320 374 2007
f 320 321 374
f 332 322 786
f 322 2011 2010
f 2010 2011 3840
f 323 2004 2006
f 2006 2005 323
f 323 2158 2004
f 2004 2158 789
f 2005 325 323
f 323 325 324
f 2092 325 2005
f 2008 374 326
f 2008 2007 374
f 2008 328 2007
f 326 327 2008
f 327 326 329
f 330 2009 326
f 322 330 321
f 322 2009 330
f 326 2009 331
f 2009 322 2010
f 331 2029 326
f 326 2029 329
f 331 2009 2010
f 4754 4873 4576
f 4873 2022 4576
f 4926 4930 4873
f 4930 2022 4873
f 4935 4936 4930
f 4936 2022 4930
f 4939 4940 4936
f 4940 2022 4936
f 4941 4942 4940
f 4942 2022 4940
f 4942 4943 2022
f 4943 2011 2022
f 2011 4943 4941
f 4943 4942 4941
f 2011 4941 4939
f 4941 4940 4939
f 2011 4939 4935
f 4939 4936 4935
f 2011 4935 4926
f 4935 4930 4926
f 2011 4926 4754
f 4926 4873 4754
f 337 4623 4576
f 2011 4754 4623
f 4754 4576 4623
f 332 2012 2011
f 2022 2011 2012
f 789 2158 3998
f 339 2719 373
f 2014 2013 339
f 4564 4899 4805
f 4899 803 4805
f 334 4932 4805
f 4932 4564 4805
f 4564 4933 4581
f 4933 2015 4581
f 803 4899 4581
f 4899 4564 4581
f 2018 4896 4588
f 4896 2015 4588
f 2017 4648 4588
f 4648 2018 4588
f 4558 4944 4578
f 4944 2016 4578
f 2017 4866 4578
f 4866 4558 4578
f 4558 4867 4762
f 4867 334 4762
f 2016 4944 4762
f 4944 4558 4762
f 4626 4810 4660
f 4810 2017 4660
f 4660 335 4626
f 2019 4656 4626
f 2017 4810 4656
f 4810 4626 4656
f 4578 4955 4660
f 4955 335 4660
f 4660 2017 4578
f 2016 4734 4578
f 335 4955 4734
f 4955 4578 4734
f 4656 4839 4703
f 4839 336 4703
f 4703 2017 4656
f 2019 4663 4656
f 336 4839 4663
f 4839 4656 4663
f 335 4740 4567
f 338 4956 4740
f 4956 4567 4740
f 4567 4957 4624
f 4957 2022 4624
f 4624 335 4567
f 4734 4903 4740
f 4903 338 4740
f 4740 335 4734
f 338 4903 2016
f 4903 4734 2016
f 4575 4667 334
f 2016 4762 4667
f 4762 334 4667
f 4673 4716 4667
f 4716 2016 4667
f 4717 4718 4716
f 4718 2016 4716
f 4719 4720 4718
f 4720 2016 4718
f 4721 4722 4720
f 4722 2016 4720
f 4723 4724 4722
f 4724 2016 4722
f 2016 4724 2014
f 4724 4723 2014
f 2014 4723 4721
f 4723 4722 4721
f 2014 4721 4719
f 4721 4720 4719
f 2014 4719 4717
f 4719 4718 4717
f 2014 4717 4673
f 4717 4716 4673
f 2014 4673 4575
f 4673 4667 4575
f 2020 2016 2014
f 338 2020 3840
f 2020 2021 3840
f 2020 2014 339
f 339 340 2020
f 2020 340 2021
f 340 348 2021
f 348 347 2021
f 336 4663 4573
f 4663 2019 4573
f 341 4788 4573
f 4788 336 4573
f 341 4954 4755
f 4954 2027 4755
f 336 4788 4755
f 4788 341 4755
f 2012 2023 346
f 333 2012 346
f 333 2024 3867
f 333 346 2024
f 2027 4954 4592
f 4954 341 4592
f 2025 4635 4592
f 4635 2027 4592
f 4628 4735 341
f 2024 4811 4735
f 4811 341 4735
f 4818 4824 4735
f 4824 2024 4735
f 4831 4832 4824
f 4832 2024 4824
f 4833 4834 4832
f 4834 2024 4832
f 4835 4836 4834
f 4836 2024 4834
f 4837 4838 4836
f 4838 2024 4836
f 2024 4838 3867
f 4838 4837 3867
f 3867 4837 4835
f 4837 4836 4835
f 3867 4835 4833
f 4835 4834 4833
f 3867 4833 4831
f 4833 4832 4831
f 3867 4831 4818
f 4831 4824 4818
f 3867 4818 4628
f 4818 4735 4628
f 4592 4883 4620
f 4883 2024 4620
f 4620 2025 4592
f 341 4811 4592
f 2024 4883 4811
f 4883 4592 4811
f 4587 4877 4736
f 4877 2027 4736
f 4736 2723 4587
f 2018 4631 4587
f 2027 4877 4631
f 4877 4587 4631
f 4615 4860 4736
f 4860 2723 4736
f 4736 2027 4615
f 2028 4649 4615
f 2723 4860 4649
f 4860 4615 4649
f 2722 4908 4790
f 4908 342 4790
f 2026 4904 4790
f 4904 2722 4790
f 344 342 343
f 344 2028 342
f 345 4953 4584
f 4953 2723 4584
f 344 4909 4584
f 4909 345 4584
f 346 4880 2024
f 4880 4560 2024
f 4560 4881 4792
f 4881 2026 4792
f 4792 2024 4560
f 347 2010 2021
f 331 2010 347
f 2030 349 2029
f 331 2030 2029
f 2030 347 348
f 376 349 2031
f 2031 2030 375
f 2033 348 340
f 2033 340 2032
f 2034 2032 350
f 2032 340 2035
f 2034 386 2033
f 2036 388 350
f 340 339 2035
f 2035 339 351
f 2071 388 353
f 2037 815 354
f 354 2038 2037
f 355 2038 354
f 354 2188 355
f 356 358 2038
f 360 2038 358
f 2044 360 358
f 2038 360 2039
f 361 2041 2039
f 360 361 2039
f 360 2044 2115
f 2116 2045 2041
f 2041 361 2116
f 2115 2117 360
f 2044 358 364
f 362 358 359
f 362 359 2043
f 359 356 468
f 359 468 2202
f 359 3903 2043
f 364 358 362
f 362 2043 363
f 364 362 2103
f 361 2117 2116
f 2040 860 818
f 861 860 2040
f 2047 365 367
f 367 2046 827
f 2080 365 2047
f 367 827 366
f 367 366 369
f 2049 369 366
f 369 368 367
f 2049 830 371
f 371 370 2049
f 2089 372 370
f 370 400 399
f 321 330 374
f 326 374 330
f 2061 348 2033
f 348 2061 375
f 2060 2031 375
f 4652 4653 2055
f 2060 5000 4653
f 5000 2055 4653
f 4676 4677 4653
f 4677 2060 4653
f 4678 4679 4677
f 4679 2060 4677
f 4680 4681 4679
f 4681 2060 4679
f 4682 4683 4681
f 4683 2060 4681
f 4683 4684 2060
f 4684 2031 2060
f 2031 4684 4682
f 4684 4683 4682
f 2031 4682 4680
f 4682 4681 4680
f 2031 4680 4678
f 4680 4679 4678
f 2031 4678 4676
f 4678 4677 4676
f 2031 4676 4652
f 4676 4653 4652
f 2031 4652 4634
f 4652 2055 4634
f 4634 376 2031
f 349 377 329
f 2051 2050 377
f 378 2051 377
f 377 4830 2054
f 4830 376 2054
f 379 378 377
f 377 2054 379
f 2059 379 2054
f 2052 2051 2093
f 2091 2052 2093
f 378 379 402
f 2054 4665 2059
f 2058 4816 4665
f 4816 2059 4665
f 376 4583 2054
f 2056 4601 4583
f 4601 2054 4583
f 2056 4583 2055
f 376 4634 4583
f 4634 2055 4583
f 2055 4625 2056
f 2113 4671 4625
f 4671 2056 4625
f 2056 4728 4672
f 4728 2057 4672
f 4672 2058 2056
f 2058 4927 4609
f 4927 2111 4609
f 2059 4816 4609
f 4816 2058 4609
f 2059 4609 2053
f 2111 4617 4609
f 4617 2053 4609
f 402 2053 3779
f 4562 4823 4617
f 4823 2053 4617
f 2111 4911 4617
f 4911 4562 4617
f 4562 4912 4599
f 4912 391 4599
f 2053 4823 4599
f 4823 4562 4599
f 2060 4674 4625
f 4674 2113 4625
f 2055 5000 4625
f 5000 2060 4625
f 380 375 2061
f 4662 4884 4606
f 4884 380 4606
f 4885 4886 4884
f 4886 380 4884
f 4887 4888 4886
f 4888 380 4886
f 4889 4890 4888
f 4890 380 4888
f 4891 4892 4890
f 4892 380 4890
f 4892 4893 380
f 4893 2060 380
f 2060 4893 4891
f 4893 4892 4891
f 2060 4891 4889
f 4891 4890 4889
f 2060 4889 4887
f 4889 4888 4887
f 2060 4887 4885
f 4887 4886 4885
f 2060 4885 4662
f 4885 4884 4662
f 381 4607 4606
f 2060 4662 4607
f 4662 4606 4607
f 2061 2033 386
f 386 383 2061
f 384 4989 4670
f 4989 2063 4670
f 4670 2062 384
f 382 2062 383
f 2062 2061 383
f 382 4928 2062
f 4928 384 2062
f 2063 4989 4664
f 4989 384 4664
f 2064 4787 4664
f 4787 2063 4664
f 407 4973 4664
f 4973 2064 4664
f 384 4914 4664
f 4914 407 4664
f 407 4914 2065
f 384 4931 4914
f 4931 2065 4914
f 384 4928 4857
f 4928 382 4857
f 2065 4931 4857
f 4931 384 4857
f 2065 4857 4727
f 4857 382 4727
f 4727 2066 2065
f 3777 4753 4727
f 4753 2066 4727
f 4727 382 3777
f 382 383 3777
f 3777 383 3778
f 2069 2068 3778
f 3777 3778 2068
f 2068 4647 3777
f 4647 385 3777
f 3778 383 386
f 393 387 2070
f 387 2034 2070
f 2070 2034 350
f 352 388 2036
f 353 395 2071
f 395 353 396
f 2070 388 2071
f 2070 2081 393
f 389 4621 2068
f 4621 2067 2068
f 2073 4742 4621
f 4742 2067 4621
f 4621 389 2073
f 389 2068 2069
f 2072 2069 392
f 2072 2073 389
f 2073 2072 2074
f 2067 4742 390
f 4742 2073 390
f 2074 4865 2073
f 4865 390 2073
f 4685 4814 4731
f 4814 391 4731
f 4731 3780 4685
f 391 4814 2074
f 4814 4685 2074
f 2074 3964 391
f 2074 2072 3964
f 2072 392 3964
f 387 2101 2100
f 387 393 2101
f 2101 393 2075
f 2081 2070 2082
f 394 2071 395
f 395 2080 394
f 396 365 2080
f 2080 2047 394
f 395 396 2080
f 2087 2047 2048
f 2087 2078 2077
f 2077 394 2047
f 394 2077 2076
f 2076 2077 397
f 2078 2079 397
f 2076 2083 2082
f 2117 2086 2079
f 2081 2083 2084
f 393 2084 2075
f 2042 2075 2115
f 2115 2075 2085
f 2085 2075 2084
f 397 2086 2085
f 2079 2118 2117
f 420 398 2079
f 414 2118 398
f 420 2078 2087
f 369 2088 368
f 2088 2087 368
f 2088 2122 2087
f 372 2049 370
f 369 2049 2090
f 372 2089 2090
f 370 399 2089
f 2089 2123 2090
f 328 2005 2007
f 2052 2091 328
f 328 2091 2092
f 2094 2100 3995
f 2093 2094 3995
f 404 324 325
f 2095 324 404
f 403 2157 324
f 2097 403 324
f 2095 2097 324
f 403 2097 2096
f 401 404 2091
f 404 401 2098
f 2095 404 2099
f 363 405 2098
f 2186 2099 405
f 3995 363 2098
f 2100 2094 392
f 392 387 2100
f 2100 2101 3841
f 2100 2102 3995
f 2100 3841 2102
f 363 2102 2103
f 3903 2186 405
f 2096 451 2186
f 2043 3903 405
f 2103 362 363
f 364 3841 2101
f 2042 364 2101
f 2042 2044 364
f 2064 4900 4591
f 4900 406 4591
f 2063 4787 4591
f 4787 2064 4591
f 381 4804 4591
f 4804 2063 4591
f 406 4666 4591
f 4666 381 4591
f 406 4961 4651
f 4961 411 4651
f 381 4666 4651
f 4666 406 4651
f 4607 4840 4674
f 4840 2113 4674
f 4674 2060 4607
f 381 4655 4607
f 2113 4840 4655
f 4840 4607 4655
f 4651 4807 4655
f 4807 2113 4655
f 4655 381 4651
f 411 4669 4651
f 2113 4807 4669
f 4807 4651 4669
f 2108 4907 407
f 2064 4973 4907
f 4973 407 4907
f 409 407 2065
f 2066 4972 408
f 4972 385 408
f 408 4861 2066
f 4861 409 2066
f 407 409 2108
f 2064 2106 2104
f 406 4900 2104
f 4900 2064 2104
f 2105 406 2104
f 2106 4725 2104
f 4725 2105 2104
f 2109 2108 409
f 409 4861 2109
f 408 4864 4861
f 4864 2109 4861
f 2110 4629 408
f 2109 4864 4629
f 4864 408 4629
f 4629 4875 4690
f 4875 2114 4690
f 4690 2109 4629
f 2110 4689 4629
f 2114 4875 4689
f 4875 4629 4689
f 4616 4882 4690
f 4882 2109 4690
f 4690 2114 4616
f 2106 4692 4616
f 2109 4882 4692
f 4882 4616 4692
f 385 4910 4574
f 4910 2067 4574
f 4574 408 385
f 408 4574 2110
f 2067 4657 4574
f 4657 2110 4574
f 391 392 3779
f 391 3964 392
f 4659 4991 4895
f 4991 2112 4895
f 4895 4561 4659
f 2111 4691 4659
f 2112 4991 4691
f 4991 4659 4691
f 4561 4894 4562
f 391 4912 4894
f 4912 4562 4894
f 4562 4911 4659
f 4911 2111 4659
f 4659 4561 4562
f 2057 4775 4566
f 412 4947 4775
f 4947 4566 4775
f 4566 4946 4726
f 4946 2111 4726
f 4726 2057 4566
f 2057 4728 4577
f 4728 2056 4577
f 4577 410 2057
f 2105 4863 406
f 411 4961 4863
f 4961 406 4863
f 4590 4855 4616
f 4855 2106 4616
f 4616 2114 4590
f 2107 4741 4590
f 2106 4855 4741
f 4855 4590 4741
f 4586 4987 4815
f 4987 390 4815
f 4815 3780 4586
f 2110 4654 4586
f 390 4987 4654
f 4987 4586 4654
f 3780 4731 4561
f 391 4894 4731
f 4894 4561 4731
f 4561 4895 4630
f 4895 2112 4630
f 4630 3780 4561
f 4570 4806 4586
f 4806 2110 4586
f 4586 3780 4570
f 2114 4689 4570
f 2110 4806 4689
f 4806 4570 4689
f 4570 4962 4733
f 4962 2112 4733
f 4733 2114 4570
f 3780 4630 4570
f 2112 4962 4630
f 4962 4570 4630
f 4569 4988 4590
f 4988 2107 4590
f 4590 2114 4569
f 412 4974 4569
f 2107 4988 4974
f 4988 4569 4974
f 413 4632 411
f 2113 4669 4632
f 4669 411 4632
f 412 4876 413
f 4876 410 413
f 2107 4974 4686
f 4974 412 4686
f 4686 2105 2107
f 2116 2117 2118
f 414 2045 2116
f 419 861 2045
f 862 416 417
f 861 415 416
f 415 417 416
f 418 415 419
f 2119 415 418
f 2121 2119 418
f 2120 418 414
f 2120 2121 418
f 398 2134 2120
f 414 418 419
f 419 2045 414
f 423 420 2122
f 2134 420 423
f 421 423 2122
f 421 2124 3781
f 2125 425 421
f 421 425 2124
f 3781 2124 2131
f 2131 2126 432
f 435 421 422
f 2123 434 422
f 435 422 434
f 435 2125 421
f 425 2128 2127
f 424 2126 2128
f 425 2139 2128
f 2150 2128 446
f 427 426 2128
f 2150 2151 428
f 426 427 2129
f 424 426 429
f 429 426 2129
f 2129 430 299
f 430 2130 299
f 1961 2129 299
f 300 429 1961
f 433 429 300
f 424 429 433
f 2126 424 432
f 2131 423 3781
f 2121 2132 2131
f 423 2131 2132
f 2121 432 431
f 2121 431 2119
f 431 865 3977
f 432 865 431
f 432 433 865
f 433 2133 865
f 434 2089 399
f 400 2135 399
f 2135 400 836
f 2135 438 399
f 2135 836 436
f 436 2136 2135
f 438 2135 2136
f 2137 437 867
f 435 434 438
f 439 438 2138
f 2136 443 438
f 2138 442 440
f 439 440 441
f 442 448 440
f 2138 438 443
f 2140 444 2136
f 2137 2141 2140
f 2142 92 2141
f 2137 867 2142
f 2142 867 445
f 443 2145 442
f 444 2141 2144
f 2141 92 2144
f 2142 445 2143
f 2145 444 2144
f 2147 2145 2144
f 2147 2144 2146
f 2143 445 2148
f 2148 1589 2143
f 80 89 1571
f 441 2139 425
f 2139 446 2128
f 428 430 427
f 430 527 2130
f 2152 2151 2150
f 1959 1958 2151
f 440 447 441
f 447 2139 441
f 2152 446 3738
f 2139 3738 446
f 2139 447 3738
f 447 440 448
f 448 442 2145
f 2147 2155 2145
f 2145 2153 448
f 449 3902 3738
f 449 448 2153
f 2152 3738 3902
f 1944 1947 1959
f 1946 1944 1959
f 1959 2152 1946
f 3902 450 290
f 450 2153 2154
f 2154 2153 2155
f 3902 1946 2152
f 2155 2147 1941
f 2097 2095 451
f 451 2096 2097
f 2096 2156 2163
f 452 453 454
f 403 452 454
f 403 454 2157
f 455 2159 2803
f 453 2159 455
f 4182 4325 4143
f 4325 456 4143
f 4326 4327 4325
f 4327 456 4325
f 4328 4329 4327
f 4329 456 4327
f 4330 4331 4329
f 4331 456 4329
f 4332 4333 4331
f 4333 456 4331
f 4333 4334 456
f 4334 2159 456
f 2159 4334 4332
f 4334 4333 4332
f 2159 4332 4330
f 4332 4331 4330
f 2159 4330 4328
f 4330 4329 4328
f 2159 4328 4326
f 4328 4327 4326
f 2159 4326 4182
f 4326 4325 4182
f 2159 4182 2170
f 4182 4143 2170
f 453 2160 2159
f 453 2162 2160
f 2162 453 457
f 4121 4267 4155
f 4267 456 4155
f 4155 2161 4121
f 2170 4143 4121
f 456 4267 4143
f 4267 4121 4143
f 2160 2167 456
f 2164 2167 2160
f 2165 2162 457
f 2164 2162 458
f 4099 4124 2165
f 4124 2162 2165
f 4184 4185 4124
f 4185 2162 4124
f 4186 4187 4185
f 4187 2162 4185
f 4188 4189 4187
f 4189 2162 4187
f 4190 4191 4189
f 4191 2162 4189
f 4192 4193 4191
f 4193 2162 4191
f 2162 4193 458
f 4193 4192 458
f 458 4192 4190
f 4192 4191 4190
f 458 4190 4188
f 4190 4189 4188
f 458 4188 4186
f 4188 4187 4186
f 458 4186 4184
f 4186 4185 4184
f 458 4184 4099
f 4184 4124 4099
f 457 2182 2165
f 4253 4254 4104
f 4254 2182 4104
f 4305 4306 4254
f 4306 2182 4254
f 4307 4308 4306
f 4308 2182 4306
f 4309 4310 4308
f 4310 2182 4308
f 4311 4312 4310
f 4312 2182 4310
f 4312 4313 2182
f 4313 2165 2182
f 2165 4313 4311
f 4313 4312 4311
f 2165 4311 4309
f 4311 4310 4309
f 2165 4309 4307
f 4309 4308 4307
f 2165 4307 4305
f 4307 4306 4305
f 2165 4305 4253
f 4305 4254 4253
f 2166 4415 4253
f 4415 2165 4253
f 4253 4104 2166
f 4141 4260 4144
f 4260 459 4144
f 4144 2166 4141
f 2180 4173 4141
f 459 4260 4173
f 4260 4141 4173
f 458 461 2164
f 2164 461 2168
f 462 4204 2168
f 4204 2167 2168
f 3887 4369 4114
f 4369 2169 4114
f 461 4248 4114
f 4248 3887 4114
f 4036 4285 4059
f 456 4495 4285
f 4495 4059 4285
f 4059 4494 4250
f 4494 462 4250
f 4250 4036 4059
f 4155 4496 4251
f 4496 4036 4251
f 4251 2161 4155
f 456 4285 4155
f 4036 4496 4285
f 4496 4155 4285
f 2170 4121 4042
f 2161 4304 4121
f 4304 4042 4121
f 4303 4511 4042
f 4511 2170 4042
f 2170 4511 2804
f 4511 4303 2804
f 2171 2813 2173
f 2195 4478 4293
f 4478 4058 4293
f 2817 4356 4293
f 4356 2195 4293
f 4058 4479 4071
f 2823 4544 4479
f 4544 4071 4479
f 4071 4545 4293
f 4545 2817 4293
f 4293 4058 4071
f 4175 4434 4356
f 4434 2195 4356
f 4356 2817 4175
f 2174 4181 4175
f 2195 4434 4181
f 4434 4175 4181
f 3782 4462 4175
f 4462 2174 4175
f 2817 4539 4175
f 4539 3782 4175
f 2174 4462 4183
f 4462 3782 4183
f 2169 4422 4183
f 4422 2174 4183
f 2169 4369 4085
f 4369 3887 4085
f 2174 4422 4085
f 4422 2169 4085
f 4049 4202 4085
f 4202 2174 4085
f 3887 4408 4085
f 4408 4049 4085
f 4049 4409 4100
f 4409 464 4100
f 2174 4202 4100
f 4202 4049 4100
f 4100 4259 4181
f 4259 2195 4181
f 4181 2174 4100
f 464 4120 4100
f 2195 4259 4120
f 4259 4100 4120
f 4048 4178 4049
f 464 4409 4178
f 4409 4049 4178
f 4049 4408 4403
f 4408 3887 4403
f 4403 4048 4049
f 4178 4551 4244
f 4551 2179 4244
f 4244 464 4178
f 4048 4404 4178
f 2179 4551 4404
f 4551 4178 4404
f 4048 4513 4135
f 4513 459 4135
f 2179 4404 4135
f 4404 4048 4135
f 4048 4403 4177
f 4403 3887 4177
f 459 4513 4177
f 4513 4048 4177
f 4135 4353 4219
f 4353 2180 4219
f 4219 2179 4135
f 459 4173 4135
f 2180 4353 4173
f 4353 4135 4173
f 4073 4358 4074
f 474 4553 4358
f 4553 4074 4358
f 464 4549 4074
f 4549 4073 4074
f 474 4358 465
f 4073 4548 4358
f 4548 465 4358
f 4074 4231 4120
f 4231 2195 4120
f 4120 464 4074
f 4074 4553 4116
f 4553 474 4116
f 2195 4231 4116
f 4231 4074 4116
f 4043 4249 4073
f 465 4548 4249
f 4548 4073 4249
f 4073 4549 4335
f 4549 464 4335
f 4335 4043 4073
f 4134 4550 4336
f 4550 4043 4336
f 4336 2178 4134
f 465 4249 4134
f 4043 4550 4249
f 4550 4134 4249
f 465 4134 2176
f 2178 4543 4134
f 4543 2176 4134
f 4146 4505 4428
f 4505 2175 4428
f 4428 2196 4146
f 2176 4194 4146
f 2175 4505 4194
f 4505 4146 4194
f 2176 4543 4350
f 4543 2178 4350
f 2177 4402 4350
f 4402 2176 4350
f 466 4421 4350
f 4421 2177 4350
f 4350 2178 466
f 467 4145 466
f 2177 4421 4145
f 4421 466 4145
f 4094 4400 4145
f 4400 2177 4145
f 4145 467 4094
f 3904 4223 4094
f 2177 4400 4223
f 4400 4094 4223
f 2178 4341 466
f 4341 2181 466
f 4056 4386 4341
f 4386 2181 4341
f 2178 4470 4341
f 4470 4056 4341
f 4056 4472 4083
f 4472 2179 4083
f 2181 4386 4083
f 4386 4056 4083
f 4043 4269 4056
f 2179 4472 4269
f 4472 4056 4269
f 4056 4470 4336
f 4470 2178 4336
f 4336 4043 4056
f 4244 4471 4335
f 4471 4043 4335
f 4335 464 4244
f 2179 4269 4244
f 4043 4471 4269
f 4471 4244 4269
f 4083 4256 4096
f 4256 2180 4096
f 4096 2181 4083
f 2179 4219 4083
f 2180 4256 4219
f 4256 4083 4219
f 467 466 2181
f 2200 4270 4079
f 4270 2181 4079
f 3950 4385 4079
f 4385 2200 4079
f 4079 4348 4301
f 4348 2180 4301
f 4301 3950 4079
f 2181 4096 4079
f 2180 4348 4096
f 4348 4079 4096
f 4092 4433 4141
f 4433 2180 4141
f 4141 2166 4092
f 3950 4301 4092
f 2180 4433 4301
f 4433 4092 4301
f 4092 4233 4151
f 4233 2182 4151
f 4151 3950 4092
f 2166 4104 4092
f 2182 4233 4104
f 4233 4092 4104
f 2182 457 2184
f 2096 2185 2156
f 2185 2096 2186
f 2186 2202 2185
f 359 2202 3903
f 356 355 468
f 355 2187 3783
f 2187 2188 463
f 3888 2187 2172
f 2190 3888 2172
f 2190 469 3888
f 2172 2173 2189
f 2173 470 2191
f 2189 2173 2191
f 2189 2190 2172
f 469 2190 2192
f 470 4235 2191
f 882 4337 4235
f 4337 2191 4235
f 882 4504 4240
f 4504 3951 4240
f 2191 4337 4240
f 4337 882 4240
f 4240 4532 4246
f 4532 2194 4246
f 4246 2191 4240
f 3951 4464 4240
f 2194 4532 4464
f 4532 4240 4464
f 2193 4199 4044
f 2189 4339 4199
f 4339 4044 4199
f 4044 4338 2193
f 2194 4342 4338
f 4342 2193 4338
f 4077 4198 4088
f 4198 2192 4088
f 4088 2193 4077
f 4430 4439 4198
f 4439 2192 4198
f 4480 4481 4439
f 4481 2192 4439
f 4482 4483 4481
f 4483 2192 4481
f 4484 4485 4483
f 4485 2192 4483
f 4486 4487 4485
f 4487 2192 4485
f 2192 4487 478
f 4487 4486 478
f 478 4486 4484
f 4486 4485 4484
f 478 4484 4482
f 4484 4483 4482
f 478 4482 4480
f 4482 4481 4480
f 478 4480 4430
f 4480 4439 4430
f 478 4430 4077
f 4430 4198 4077
f 2193 4342 4282
f 4342 2194 4282
f 4040 4531 4282
f 4531 2193 4282
f 4040 4281 4077
f 4281 478 4077
f 2193 4531 4077
f 4531 4040 4077
f 4154 4476 4464
f 4476 2194 4464
f 4464 3951 4154
f 475 4169 4154
f 2194 4476 4169
f 4476 4154 4169
f 3951 4504 4360
f 4504 882 4360
f 4360 4045 3951
f 4045 4361 4084
f 4361 2201 4084
f 4084 3951 4045
f 4222 4534 4245
f 4534 2824 4245
f 4245 471 4222
f 2821 4429 4222
f 2824 4534 4429
f 4534 4222 4429
f 4058 4286 4201
f 4286 473 4201
f 2823 4479 4201
f 4479 4058 4201
f 4058 4478 4086
f 4478 2195 4086
f 473 4286 4086
f 4286 4058 4086
f 4086 4359 4261
f 4359 474 4261
f 4261 473 4086
f 2195 4116 4086
f 474 4359 4116
f 4359 4086 4116
f 473 4261 4118
f 4261 474 4118
f 2197 4268 4118
f 4268 473 4118
f 2197 4491 4351
f 4491 2196 4351
f 4351 3784 2197
f 2196 4428 4128
f 4428 2175 4128
f 2198 4247 4128
f 4247 2196 4128
f 3784 4351 4247
f 4351 2196 4247
f 4247 2198 3784
f 2824 4122 4055
f 2823 4465 4122
f 4465 4055 4122
f 4055 4466 4425
f 4466 472 4425
f 4425 2824 4055
f 4055 4437 4119
f 4437 473 4119
f 472 4466 4119
f 4466 4055 4119
f 4055 4465 4201
f 4465 2823 4201
f 473 4437 4201
f 4437 4055 4201
f 2197 4347 4119
f 4347 472 4119
f 473 4268 4119
f 4268 2197 4119
f 3784 4500 4347
f 4500 472 4347
f 4347 2197 3784
f 4072 4517 4344
f 4517 471 4344
f 2198 4547 4344
f 4547 4072 4344
f 4072 4546 4132
f 4546 2825 4132
f 471 4517 4132
f 4517 4072 4132
f 4072 4469 4241
f 4469 2201 4241
f 2825 4546 4241
f 4546 4072 4241
f 4072 4547 4137
f 4547 2198 4137
f 2201 4469 4137
f 4469 4072 4137
f 475 4280 4067
f 3868 4526 4280
f 4526 4067 4280
f 4067 4527 4169
f 4527 2194 4169
f 4169 475 4067
f 4153 4528 4290
f 4528 4040 4290
f 4290 3868 4153
f 478 4281 4153
f 4040 4528 4281
f 4528 4153 4281
f 4040 4282 4067
f 2194 4527 4282
f 4527 4067 4282
f 4067 4526 4290
f 4526 3868 4290
f 4290 4040 4067
f 469 2192 476
f 477 476 478
f 2192 478 476
f 476 477 479
f 479 2203 476
f 2199 479 477
f 3868 4280 4080
f 4280 475 4080
f 3904 4262 4080
f 4262 3868 4080
f 4038 4226 4070
f 2175 4542 4226
f 4542 4070 4226
f 4070 4540 4264
f 4540 3904 4264
f 4264 4038 4070
f 4102 4541 4263
f 4541 4038 4263
f 4263 2201 4102
f 2175 4226 4102
f 4038 4541 4226
f 4541 4102 4226
f 4102 4234 4128
f 4234 2198 4128
f 4128 2175 4102
f 2201 4137 4102
f 2198 4234 4137
f 4234 4102 4137
f 479 4171 4053
f 2183 4435 4171
f 4435 4053 4171
f 4436 4490 4053
f 4490 479 4053
f 479 4490 2203
f 4490 4436 2203
f 480 481 476
f 468 481 2202
f 481 468 3783
f 3783 3888 481
f 3783 2187 3888
f 4052 4272 4149
f 4272 2199 4149
f 2200 4423 4149
f 4423 4052 4149
f 4052 4424 4087
f 4424 2183 4087
f 2199 4272 4087
f 4272 4052 4087
f 4052 4343 4065
f 3950 4523 4343
f 4523 4065 4343
f 4065 4522 4424
f 4522 2183 4424
f 4424 4052 4065
f 2200 4385 4343
f 4385 3950 4343
f 4052 4423 4343
f 4423 2200 4343
f 4065 4427 4170
f 4427 2182 4170
f 2183 4522 4170
f 4522 4065 4170
f 4065 4523 4151
f 4523 3950 4151
f 2182 4427 4151
f 4427 4065 4151
f 482 2205 2204
f 483 1987 1977
f 1987 483 318
f 483 482 2204
f 484 485 2205
f 482 484 2205
f 2208 2206 486
f 2206 2208 487
f 487 2207 2206
f 489 2206 2207
f 489 2209 488
f 489 2207 490
f 2217 2218 490
f 490 2210 2209
f 2218 4027 2210
f 487 491 490
f 487 2212 491
f 2213 2208 486
f 2212 2214 492
f 493 492 2214
f 1985 2214 485
f 1985 493 2214
f 1985 1984 2215
f 1985 2216 493
f 2215 2216 1985
f 2216 2215 494
f 2216 496 493
f 492 493 496
f 496 495 492
f 3965 3869 3870
f 496 3869 3965
f 2221 496 2216
f 496 2221 3869
f 2218 2217 497
f 3965 497 2217
f 3870 497 3965
f 2219 499 3870
f 2219 498 2220
f 3869 2223 2219
f 2221 2223 3869
f 2222 2221 503
f 498 532 2220
f 499 2219 2220
f 3870 2224 497
f 508 497 2224
f 2220 510 499
f 508 511 497
f 497 507 2218
f 2211 2210 4027
f 506 2211 4027
f 2211 506 501
f 500 501 1239
f 2222 503 502
f 2221 2222 2223
f 2222 2225 2223
f 504 505 2225
f 2226 3327 3936
f 497 511 507
f 2224 509 508
f 510 509 2224
f 510 2228 509
f 508 2229 511
f 509 512 2229
f 512 509 2228
f 510 2230 2227
f 513 2227 2230
f 2230 510 533
f 510 2220 533
f 2227 513 2228
f 3337 3327 2226
f 517 2232 515
f 2231 2233 513
f 2228 513 2234
f 2234 512 2228
f 2235 2237 514
f 2237 2234 514
f 512 2234 2236
f 2236 516 512
f 511 2229 516
f 531 516 2267
f 516 517 2267
f 516 2238 517
f 2236 2238 516
f 2234 2237 2236
f 2237 523 2236
f 2237 2235 2241
f 2235 518 2239
f 2240 519 518
f 2240 518 2233
f 2240 3342 519
f 2239 519 3842
f 3343 520 3342
f 519 521 522
f 2235 2239 2241
f 2241 2242 2237
f 2238 2243 517
f 517 2243 2232
f 2241 525 2242
f 3842 2241 2239
f 525 2241 3842
f 525 3842 522
f 525 522 2244
f 524 525 2244
f 2242 2246 523
f 2242 525 2246
f 2245 2232 2246
f 2245 526 2232
f 2151 1958 428
f 428 527 430
f 428 2247 527
f 1958 2247 428
f 3922 529 2248
f 529 3922 2249
f 3922 3839 2249
f 528 2249 2253
f 2250 2249 3839
f 2250 3839 280
f 280 2252 3785
f 2250 280 3785
f 3785 2253 2250
f 2251 530 280
f 284 2252 1929
f 3786 2252 284
f 99 1607 528
f 2254 99 528
f 2255 3785 3786
f 1604 2255 2256
f 3786 2256 2255
f 285 2256 3786
f 99 1581 1607
f 1581 99 1602
f 1634 2259 2260
f 3767 535 2260
f 106 1622 2268
f 2261 2262 63
f 1678 1736 2264
f 1736 2263 2264
f 182 2264 2263
f 182 1684 2264
f 145 1675 138
f 531 2267 2266
f 2267 517 2266
f 2266 517 2226
f 2266 506 531
f 506 2266 3936
f 507 531 506
f 511 531 507
f 532 533 2220
f 534 532 2225
f 534 2225 4012
f 1624 2268 107
f 1633 1624 1632
f 2260 2259 536
f 536 2259 3787
f 2259 1634 2270
f 1902 538 2269
f 264 1896 110
f 1897 110 1896
f 2269 1897 1902
f 1897 2269 110
f 538 1902 537
f 2258 2259 2270
f 2258 2270 266
f 1903 266 2270
f 1903 2270 537
f 1644 1643 264
f 31 3862 1471
f 539 1677 541
f 539 2271 3489
f 3489 2271 543
f 1680 2272 2273
f 553 2272 1681
f 2273 2272 2274
f 2273 2274 541
f 540 553 3531
f 2275 3532 543
f 2276 541 2277
f 541 2276 542
f 542 2276 2275
f 2275 2276 545
f 2276 2277 544
f 541 2274 2277
f 2277 2274 540
f 546 3531 554
f 540 2279 2277
f 544 2277 2279
f 546 2280 2279
f 2279 2280 551
f 2279 550 544
f 3889 2278 544
f 2281 2278 547
f 2278 3889 547
f 547 2284 2281
f 2282 2281 2284
f 2281 2282 2283
f 2283 545 2281
f 2282 2284 2285
f 2284 3889 549
f 2285 2284 2286
f 549 2286 2284
f 544 550 3889
f 550 551 2287
f 2288 2287 555
f 555 2287 552
f 549 3889 2288
f 553 540 2272
f 552 2287 551
f 3569 2290 3568
f 2291 2290 3569
f 2340 3574 2290
f 2340 2290 2321
f 2292 2290 2291
f 556 2293 2292
f 2290 2293 2321
f 2321 2293 3937
f 28 556 2292
f 556 2294 2293
f 556 34 2294
f 35 34 556
f 1468 2295 2491
f 2298 3966 2297
f 3966 2299 2300
f 2297 3966 2492
f 2492 2489 2297
f 2305 2492 3966
f 3966 2301 2305
f 2300 2302 2304
f 2301 2300 2304
f 557 2304 2302
f 2302 1031 3041
f 2304 2306 2301
f 2305 2308 2307
f 2303 2314 2304
f 2314 2303 2309
f 2312 2303 3048
f 2309 2303 2312
f 2310 2309 2311
f 2311 2313 2315
f 2320 2308 2317
f 2308 2314 2317
f 2310 2311 2315
f 558 2315 2313
f 2316 2313 2312
f 2313 2316 558
f 2315 558 559
f 2317 2310 2318
f 2318 2310 2315
f 559 2323 2315
f 2318 2315 2323
f 2320 2318 2319
f 2324 2319 2318
f 559 558 2329
f 560 2319 563
f 561 2320 560
f 560 3937 562
f 560 562 561
f 2322 3938 3937
f 2321 3937 3938
f 3937 560 2322
f 563 2322 560
f 2339 2322 563
f 563 2319 565
f 559 3843 2323
f 3843 2325 2323
f 2324 2323 2325
f 2324 2325 564
f 2328 2326 564
f 2319 2324 565
f 2327 565 2324
f 565 2327 3582
f 2327 564 2326
f 3582 2327 2326
f 3582 1361 2339
f 2326 570 3582
f 570 2326 566
f 566 2326 2328
f 2328 2325 2334
f 2330 2329 558
f 2316 568 558
f 3040 3047 1029
f 568 2330 558
f 568 567 2330
f 567 568 569
f 2330 567 2690
f 569 2689 567
f 2325 3843 2331
f 2325 2331 2334
f 3905 2331 2330
f 2331 3905 2333
f 2334 2331 2333
f 2332 778 3940
f 2333 778 2332
f 2333 3905 778
f 2336 2333 2332
f 2333 2336 2334
f 2335 566 2328
f 1360 570 566
f 2328 2334 2335
f 3844 2336 2332
f 571 3940 3890
f 3844 571 573
f 573 3576 3844
f 3890 2682 2440
f 3890 2440 3873
f 3873 572 3890
f 571 572 573
f 3844 2338 2336
f 3844 2337 2338
f 2337 3844 3576
f 3576 573 3575
f 2338 1360 2335
f 2339 3938 2322
f 2321 3938 2341
f 2341 2340 2321
f 2345 2343 575
f 2343 2351 2344
f 2344 2350 2343
f 575 576 2347
f 2345 575 2346
f 1526 2343 2345
f 2345 2342 574
f 2346 3043 2345
f 576 2348 2347
f 575 1010 576
f 1010 575 2355
f 2349 2355 575
f 2343 2350 2349
f 1528 2344 2351
f 1530 577 1528
f 2344 577 3788
f 2353 3788 577
f 2350 2344 3788
f 2354 2350 3788
f 578 2352 2353
f 1536 2353 1530
f 2349 2357 2355
f 3000 2355 2356
f 2355 3000 1010
f 2356 2964 3000
f 2357 2356 2355
f 2356 2357 2358
f 3788 2352 2354
f 2354 2359 2358
f 2360 2359 2354
f 2362 580 578
f 580 2352 578
f 580 2360 2352
f 2359 2360 2361
f 2362 54 2373
f 54 2362 578
f 2353 1536 55
f 1563 582 1539
f 1539 579 2373
f 1539 582 579
f 582 2370 579
f 2361 2926 970
f 2361 970 2363
f 2969 2364 2970
f 2359 2364 993
f 2369 1553 2366
f 2366 1554 581
f 1554 68 581
f 2369 2365 2368
f 66 2369 2368
f 2365 582 2368
f 2365 581 2371
f 2367 2371 581
f 2371 2370 2365
f 1563 2368 582
f 2362 2373 584
f 2367 2374 583
f 2371 583 2372
f 2372 2370 2371
f 2372 579 2370
f 579 2372 2373
f 585 2373 2372
f 584 2373 585
f 2372 586 585
f 2372 583 586
f 583 2374 586
f 586 2376 2375
f 2367 68 2378
f 2374 2367 2378
f 2374 587 2377
f 2374 2377 586
f 2376 586 2377
f 971 2376 2379
f 2377 2380 2379
f 2377 587 2380
f 2381 2379 2380
f 2379 2381 858
f 2382 2378 68
f 587 2378 588
f 588 2793 2380
f 72 2383 2382
f 73 2383 72
f 73 74 2383
f 588 2382 2383
f 2383 74 588
f 2384 2386 588
f 1568 2388 2385
f 2385 2388 2788
f 74 2385 2384
f 857 2386 2384
f 2384 589 2387
f 2788 589 2385
f 79 2388 77
f 79 1569 2388
f 1569 1571 2390
f 1569 2390 2388
f 1068 2391 614
f 590 2392 591
f 2393 3789 2414
f 2393 593 753
f 3906 593 2393
f 2417 3906 2414
f 2393 592 3789
f 2391 2394 614
f 594 2395 2394
f 595 594 2391
f 595 596 2396
f 595 2396 594
f 594 2396 3871
f 596 2397 2396
f 2397 2398 3871
f 2399 594 3871
f 594 2399 2395
f 2399 597 606
f 2398 597 3871
f 2400 2446 2397
f 2446 2398 2397
f 629 597 2398
f 2398 627 629
f 629 2401 597
f 2401 598 597
f 598 2451 599
f 598 599 603
f 2402 619 600
f 620 619 2402
f 2425 600 619
f 2403 600 2425
f 602 2425 601
f 600 607 599
f 603 599 607
f 603 606 598
f 607 600 2403
f 2410 2408 603
f 607 2410 603
f 606 2408 604
f 598 606 597
f 2408 2404 605
f 2405 2406 604
f 604 2406 2395
f 612 2405 611
f 2407 611 2405
f 2409 2408 2410
f 2412 2404 2409
f 608 2412 2409
f 3845 607 2403
f 2411 2410 3923
f 3872 3923 2422
f 3924 608 2411
f 609 2404 2413
f 2412 2413 2404
f 2412 772 2413
f 3952 609 2413
f 610 611 2407
f 3996 2406 612
f 613 2406 3996
f 2406 613 2395
f 3996 614 613
f 3996 3085 614
f 2414 3085 3996
f 2418 2416 2419
f 593 3906 2415
f 2416 2420 2419
f 2416 2418 611
f 611 610 2416
f 615 2416 2421
f 2415 2419 2665
f 2665 2419 2420
f 2664 2415 2665
f 2686 2421 610
f 2412 608 772
f 773 772 608
f 773 608 3924
f 3939 3872 2422
f 3845 2424 2422
f 2411 3923 3872
f 616 3924 2411
f 3872 617 616
f 2424 3939 2422
f 2424 602 2435
f 602 2434 2435
f 602 601 2434
f 2435 2434 3739
f 2434 601 3098
f 619 620 2431
f 619 2431 601
f 2431 618 601
f 2428 620 2402
f 2428 2402 3925
f 2426 2428 3925
f 2451 3925 2402
f 2450 621 2426
f 2453 2426 621
f 2453 2449 2426
f 622 2426 2449
f 622 2429 2428
f 620 2428 2429
f 2429 622 2430
f 2430 622 2427
f 635 2430 2461
f 2430 635 1113
f 623 2430 3095
f 2429 2431 620
f 623 2431 2429
f 626 618 2433
f 2432 623 1069
f 626 3098 601
f 3739 2434 3098
f 624 2435 3739
f 624 3739 3096
f 2437 2424 2435
f 2436 624 3096
f 2438 2436 1074
f 2437 2438 3939
f 3790 2438 1074
f 3873 2439 625
f 3873 3790 2439
f 625 572 3873
f 572 625 3611
f 3611 625 3827
f 617 2423 2682
f 2681 2680 617
f 3924 616 2679
f 616 2680 2679
f 2682 2681 617
f 2682 2423 2440
f 3098 3096 3739
f 3893 626 2433
f 2441 2444 1184
f 1184 2444 2442
f 2442 2444 779
f 2446 627 2398
f 2446 2445 2447
f 2430 1113 3095
f 1113 635 636
f 2461 2427 631
f 3925 2401 2450
f 621 628 2453
f 2452 2455 2453
f 2455 2449 2453
f 631 2449 2454
f 2455 632 2454
f 630 632 2455
f 629 621 2450
f 628 627 2447
f 2445 1104 3152
f 3152 2456 2445
f 2447 2452 628
f 630 2455 2452
f 630 2458 632
f 2457 2458 630
f 2456 3165 2452
f 2459 633 2458
f 643 2460 1038
f 2460 643 633
f 634 631 632
f 631 634 2461
f 634 642 641
f 2464 635 641
f 636 635 2464
f 1113 636 2448
f 2448 2463 3175
f 2466 638 637
f 638 1034 637
f 2462 636 639
f 636 2464 639
f 639 2466 2462
f 638 2466 2465
f 2464 641 639
f 2465 2466 641
f 2465 641 642
f 643 2467 642
f 643 642 634
f 2467 1036 640
f 3181 2468 646
f 644 2469 2468
f 2469 644 645
f 2469 645 648
f 646 2469 2470
f 2470 647 646
f 646 647 3184
f 1134 3184 647
f 2486 2472 2470
f 647 2470 2472
f 2476 2471 3926
f 2472 2479 2473
f 2473 2474 2475
f 647 2473 3926
f 2475 2476 3926
f 2477 2476 2475
f 2476 2477 3895
f 649 2477 2475
f 2474 649 2475
f 2474 2478 649
f 2474 2479 650
f 652 2479 2472
f 652 2472 651
f 651 2480 652
f 660 2481 2479
f 652 660 2479
f 654 2482 2481
f 654 656 2482
f 2478 653 2483
f 649 2483 2484
f 2483 653 655
f 2482 656 655
f 655 657 2484
f 2484 2483 655
f 1142 656 654
f 658 654 2481
f 1148 2485 660
f 2485 658 660
f 3191 1148 660
f 651 2486 648
f 661 2487 645
f 645 2487 648
f 651 3209 2480
f 649 2484 2477
f 34 2491 2490
f 2491 2489 562
f 2489 561 562
f 2489 2492 561
f 2492 2307 561
f 2307 2308 2320
f 1830 230 231
f 2493 231 230
f 1830 233 230
f 2696 2494 1840
f 3935 1840 2494
f 2495 2696 3967
f 2510 663 3791
f 2495 3791 663
f 2694 2497 2496
f 2511 2496 2512
f 2496 2498 2512
f 3227 2496 2497
f 2498 2496 3227
f 2498 3227 1188
f 2513 1188 2499
f 3970 2500 2503
f 2501 3792 2500
f 2500 2502 2503
f 2502 3792 2507
f 2503 2502 2504
f 2502 2653 2505
f 2502 2505 2504
f 3251 2506 3297
f 230 665 2493
f 1834 1844 2509
f 1834 2509 666
f 666 233 1834
f 2509 2512 2513
f 2510 2512 2509
f 2510 3791 2511
f 2512 1188 2513
f 2512 2498 1188
f 2499 1200 664
f 2513 2499 2514
f 666 2513 2514
f 2514 2499 664
f 3261 2515 2542
f 1201 2516 669
f 665 1201 669
f 2516 2517 669
f 665 230 664
f 664 230 2514
f 233 2514 230
f 2514 233 666
f 3874 669 251
f 662 3874 251
f 669 2517 251
f 2517 667 3837
f 2562 668 3901
f 3874 2493 665
f 294 1954 1955
f 1954 689 1955
f 2519 689 1954
f 2519 2520 689
f 2539 689 2520
f 2520 2519 846
f 294 295 2519
f 295 670 2519
f 670 2588 2519
f 670 295 2586
f 2588 846 2519
f 2520 2538 2539
f 298 297 671
f 1960 298 671
f 2527 672 671
f 1960 671 2522
f 671 673 2522
f 671 672 673
f 1960 2522 2521
f 2522 674 2524
f 2523 2524 684
f 2524 674 2525
f 674 675 2525
f 2526 675 674
f 675 684 2525
f 2532 2526 680
f 2522 673 676
f 676 673 672
f 2530 679 677
f 2527 678 672
f 671 297 2527
f 678 677 672
f 678 2530 677
f 2528 676 679
f 3875 2534 680
f 3875 687 2531
f 3875 2531 2534
f 2529 2528 679
f 2539 2530 678
f 2538 679 2530
f 2775 679 2538
f 685 680 2534
f 685 2532 680
f 684 675 683
f 675 2526 681
f 683 682 864
f 2533 684 683
f 683 864 2533
f 685 681 2532
f 2534 2531 686
f 686 2531 2769
f 681 685 2796
f 687 3875 2536
f 2536 2529 688
f 687 2536 2537
f 2539 2538 2530
f 1955 689 678
f 2527 297 1955
f 1955 296 1953
f 2540 667 2517
f 2555 2540 3265
f 3265 3263 2541
f 3263 697 2541
f 3263 2542 697
f 2542 2515 2543
f 2564 2542 2543
f 690 691 2515
f 2515 691 696
f 2543 2515 696
f 3269 693 691
f 3269 3270 692
f 693 2547 2548
f 2545 2552 2554
f 2554 2546 2545
f 2548 2546 2549
f 691 693 696
f 696 693 2633
f 693 2548 2633
f 2546 2554 694
f 2550 2549 694
f 2549 2550 2629
f 2629 2550 3741
f 2552 2545 2553
f 740 2554 3742
f 3741 2550 2634
f 701 2556 2555
f 2559 2557 2556
f 2557 667 2556
f 668 2562 2577
f 3901 2518 2562
f 2558 2562 2518
f 2557 2558 2518
f 2557 2559 2563
f 2558 2563 2560
f 2561 2562 2558
f 699 2578 2561
f 2561 2560 699
f 698 2560 2563
f 2581 2560 698
f 2560 2581 699
f 2563 712 700
f 2541 3794 4008
f 2543 696 702
f 696 2632 703
f 696 703 702
f 3794 697 2564
f 2566 2565 703
f 2566 703 705
f 2631 703 2632
f 705 703 2631
f 705 2567 2566
f 2567 2625 2624
f 2566 2567 706
f 2566 706 2568
f 2568 708 2565
f 702 2565 708
f 2569 2568 706
f 706 2624 727
f 2624 707 727
f 727 2601 2569
f 2568 710 708
f 709 710 2568
f 2572 709 726
f 710 709 2571
f 709 2572 2571
f 2573 710 2570
f 3910 3876 2572
f 2572 3876 2571
f 711 708 2573
f 700 2575 2574
f 711 2573 2576
f 3794 711 2576
f 4008 3794 2576
f 2576 712 4008
f 3794 2541 697
f 2564 711 3794
f 2562 2578 2577
f 2579 2577 713
f 2578 2562 2561
f 699 2580 2578
f 699 2581 715
f 2581 698 2597
f 2597 3846 2581
f 2597 698 3793
f 698 2563 700
f 700 2574 3793
f 723 3846 2597
f 699 715 2582
f 2580 699 2582
f 2584 2580 2582
f 2583 716 2584
f 716 2590 2584
f 2583 2914 716
f 2584 2590 717
f 713 2585 2579
f 2587 2588 670
f 2587 843 2588
f 2589 670 2586
f 2589 2586 1964
f 1966 3795 1965
f 2589 1964 3795
f 1966 717 3795
f 1966 2585 717
f 2589 842 2587
f 3795 842 2589
f 714 2585 713
f 714 2584 717
f 714 717 2585
f 717 718 842
f 716 2591 719
f 717 2590 718
f 719 718 2590
f 719 720 718
f 721 720 719
f 2592 719 2591
f 2593 721 2592
f 2592 2594 2593
f 720 721 844
f 2914 2595 2591
f 715 2914 2583
f 2582 715 2583
f 2597 3793 3796
f 729 3910 2603
f 2914 715 724
f 2913 3846 2598
f 723 3796 722
f 3796 723 2597
f 722 729 3014
f 725 3997 2600
f 2919 725 966
f 966 725 2600
f 2600 3014 3976
f 3910 2572 2603
f 709 2601 726
f 2601 709 2569
f 2604 2601 727
f 2604 2602 728
f 2601 728 726
f 728 2603 726
f 728 2607 2603
f 2602 2607 728
f 2607 730 2603
f 3014 729 730
f 2606 2607 2602
f 2604 2605 2602
f 727 707 2604
f 707 2605 2604
f 707 3798 2605
f 2605 3797 2602
f 3798 2608 3797
f 3798 3799 2608
f 2624 2609 707
f 2611 3799 2610
f 2670 3799 2611
f 3799 3798 2610
f 2611 2623 2622
f 2622 2612 2611
f 2612 732 2611
f 2670 2611 731
f 2613 2669 731
f 2613 731 732
f 2613 732 2614
f 2613 2618 2669
f 2614 736 2613
f 2614 2615 733
f 732 2615 2614
f 732 2612 2615
f 2622 734 2612
f 2615 2612 2617
f 2614 733 736
f 2616 2617 735
f 735 1014 2620
f 2616 735 2620
f 3847 733 2616
f 3847 736 733
f 3847 2618 736
f 751 3847 2652
f 2620 2652 2616
f 3914 3297 2620
f 2620 1014 3914
f 735 2617 1015
f 1015 1014 735
f 1014 1015 2841
f 2623 2611 2626
f 2626 2611 2609
f 2626 2609 2624
f 2626 2625 2628
f 2628 2625 738
f 738 2625 3907
f 705 704 3907
f 704 2627 3907
f 704 2630 739
f 704 739 2627
f 2627 895 2628
f 2628 895 3740
f 2623 2842 2622
f 2623 3740 2842
f 2629 2630 2631
f 2629 3741 2630
f 2632 2633 2631
f 2548 2549 2633
f 2637 2634 740
f 740 741 2637
f 2552 3985 3742
f 3742 2635 695
f 3800 3985 2552
f 3985 2640 2635
f 695 2635 2636
f 741 695 2636
f 740 695 741
f 2553 3800 2552
f 2551 2553 2544
f 2553 2551 742
f 743 742 2638
f 742 3274 2553
f 3985 2639 2640
f 3800 2639 3985
f 744 2639 2647
f 3274 2641 3800
f 3281 2641 3274
f 1206 3281 3274
f 2641 2648 2639
f 2648 2647 2639
f 2636 2635 2644
f 2636 2644 745
f 745 741 2636
f 2643 741 745
f 2644 2635 2642
f 2645 891 746
f 2646 2645 2642
f 2646 747 2645
f 2641 3281 3818
f 2869 2870 748
f 2869 748 749
f 748 3287 2864
f 2651 750 3914
f 896 2651 3914
f 2620 3297 2652
f 751 2652 2506
f 3250 2505 2653
f 3801 2653 752
f 3801 751 2506
f 752 751 3801
f 752 3847 751
f 752 737 3847
f 2659 752 2653
f 2660 2659 2653
f 2507 2658 2508
f 2507 755 2658
f 2654 755 2507
f 3792 2654 2507
f 2501 2655 2654
f 2655 590 591
f 591 592 753
f 591 753 2654
f 2654 753 755
f 753 593 2656
f 2656 755 753
f 2655 591 2654
f 2656 593 2657
f 2415 2657 593
f 2657 754 2656
f 755 2656 2658
f 756 2658 754
f 756 2508 2658
f 2653 2508 2660
f 2663 756 754
f 2508 756 2660
f 752 2659 757
f 757 2659 2660
f 757 2660 759
f 757 759 758
f 757 737 752
f 737 757 2661
f 757 758 2661
f 3933 2661 758
f 756 2663 2660
f 759 2662 758
f 758 2662 3882
f 2667 3933 3882
f 760 3882 2662
f 2664 2663 754
f 761 2663 2664
f 2664 762 761
f 2665 2420 2666
f 615 2666 2420
f 762 2665 2666
f 2674 761 762
f 2672 2667 2673
f 2668 3933 768
f 2619 2661 2668
f 2618 737 2619
f 2669 2619 763
f 763 2668 766
f 764 731 2669
f 2670 764 765
f 766 2671 764
f 767 2671 766
f 2973 2671 767
f 2973 2976 2671
f 767 766 2668
f 2667 768 3933
f 2667 769 768
f 2668 768 767
f 2977 2974 769
f 2972 769 2672
f 760 761 3809
f 761 2674 3809
f 770 2674 762
f 3809 2672 2673
f 2674 2675 1000
f 2675 2674 771
f 2676 2666 2677
f 615 2421 2677
f 2413 2678 3952
f 2678 2413 772
f 772 773 2685
f 774 773 2679
f 2688 774 2679
f 2683 2681 2682
f 2683 2682 3890
f 2692 2681 2683
f 2684 2679 2680
f 2685 774 2687
f 775 776 2685
f 2678 772 776
f 2421 2983 2677
f 2983 2421 2686
f 2984 2686 2678
f 772 2685 776
f 2986 776 775
f 776 2986 2678
f 1028 775 2687
f 2687 774 3743
f 3743 774 2688
f 2688 569 3743
f 2688 2689 569
f 3743 777 2687
f 3040 3743 569
f 567 2689 2690
f 2690 2691 3905
f 2690 2689 2692
f 2690 2692 2691
f 778 3905 2691
f 778 2691 3940
f 2689 2688 2684
f 2684 2692 2689
f 2691 2692 2683
f 3940 2683 3890
f 2693 2497 2694
f 2497 2693 2444
f 3302 2695 4016
f 1998 1997 2696
f 2697 2511 3791
f 2694 2697 2693
f 781 2697 2495
f 781 2693 2697
f 779 2693 781
f 2698 779 781
f 779 2698 2695
f 2699 4016 2695
f 3968 780 783
f 2700 783 780
f 3967 2700 780
f 3967 781 2495
f 2696 1997 3967
f 782 2700 2001
f 782 2001 2000
f 317 782 2000
f 784 782 317
f 2698 3968 2699
f 2701 3756 4016
f 2826 3756 2701
f 4016 2699 2701
f 2832 3968 783
f 782 783 2700
f 784 2832 783
f 2699 3968 2832
f 2702 2832 784
f 2702 784 2828
f 1997 2700 3967
f 2707 2703 785
f 787 2707 2709
f 2707 2704 2703
f 320 2706 2703
f 785 2709 2707
f 785 788 2705
f 3744 789 788
f 2004 789 3744
f 321 2704 322
f 322 2704 786
f 2710 332 786
f 786 787 2711
f 2709 2705 2708
f 787 2709 2708
f 2023 332 2710
f 4704 4872 4794
f 4872 4705 4794
f 4794 3848 4704
f 4795 4796 4794
f 4796 3848 4794
f 4797 4798 4796
f 4798 3848 4796
f 4799 4800 4798
f 4800 3848 4798
f 4801 4802 4800
f 4802 3848 4800
f 4802 4803 3848
f 4803 2711 3848
f 2711 4803 4801
f 4803 4802 4801
f 2711 4801 4799
f 4801 4800 4799
f 2711 4799 4797
f 4799 4798 4797
f 2711 4797 4795
f 4797 4796 4795
f 4705 4871 4795
f 4871 2711 4795
f 4795 4794 4705
f 4706 4707 4705
f 2711 4871 4707
f 4871 4705 4707
f 4708 4709 4707
f 4709 2711 4707
f 4710 4711 4709
f 4711 2711 4709
f 4712 4713 4711
f 4713 2711 4711
f 4714 4715 4713
f 4715 2711 4713
f 2711 4715 791
f 4715 4714 791
f 791 4714 4712
f 4714 4713 4712
f 791 4712 4710
f 4712 4711 4710
f 791 4710 4708
f 4710 4709 4708
f 791 4708 4706
f 4708 4707 4706
f 791 4706 4704
f 4705 4872 4706
f 4872 4704 4706
f 2711 787 790
f 2711 790 3848
f 3848 790 2714
f 4580 4977 4675
f 4977 2712 4675
f 4675 2725 4580
f 3848 4729 4580
f 2712 4977 4729
f 4977 4580 4729
f 2713 4950 4776
f 4950 2712 4776
f 4776 792 2713
f 793 4843 4633
f 4843 2712 4633
f 2714 4945 4633
f 4945 793 4633
f 794 4636 2714
f 793 4945 4636
f 4945 2714 4636
f 790 794 2714
f 787 2720 790
f 2720 787 795
f 795 2708 796
f 2705 2716 2715
f 789 3998 797
f 2717 788 797
f 2717 2716 788
f 2715 2716 3849
f 796 2715 799
f 814 3986 799
f 795 2718 2719
f 2719 800 795
f 801 795 800
f 795 801 2720
f 2721 800 2719
f 2721 2719 2013
f 802 2719 2718
f 373 2719 802
f 2013 4868 2721
f 4868 4559 2721
f 4559 4869 4595
f 4869 803 4595
f 4595 2721 4559
f 800 2721 808
f 4612 4743 4595
f 4743 2721 4595
f 4744 4745 4743
f 4745 2721 4743
f 4746 4747 4745
f 4747 2721 4745
f 4748 4749 4747
f 4749 2721 4747
f 4750 4751 4749
f 4751 2721 4749
f 4751 4752 2721
f 4752 808 2721
f 808 4752 4750
f 4752 4751 4750
f 808 4750 4748
f 4750 4749 4748
f 808 4748 4746
f 4748 4747 4746
f 808 4746 4744
f 4746 4745 4744
f 808 4744 4612
f 4744 4743 4612
f 803 4602 4595
f 808 4612 4602
f 4612 4595 4602
f 4603 4817 4608
f 4817 2015 4608
f 4608 806 4603
f 2729 4763 4603
f 2015 4817 4763
f 4817 4603 4763
f 4757 4758 791
f 4758 2023 791
f 4764 4765 4758
f 4765 2023 4758
f 4766 4767 4765
f 4767 2023 4765
f 4768 4769 4767
f 4769 2023 4767
f 4770 4771 4769
f 4771 2023 4769
f 4772 4773 4771
f 4773 2023 4771
f 2023 4773 346
f 4773 4772 346
f 346 4772 4770
f 4772 4771 4770
f 346 4770 4768
f 4770 4769 4768
f 346 4768 4766
f 4768 4767 4766
f 346 4766 4764
f 4766 4765 4764
f 346 4764 4757
f 4764 4758 4757
f 2723 4953 4582
f 4953 345 4582
f 806 4688 4582
f 4688 2723 4582
f 2724 4650 4565
f 804 4938 4650
f 4938 4565 4650
f 4565 4937 2724
f 4937 343 2724
f 3745 4598 4565
f 343 4937 4598
f 4937 4565 4598
f 4565 4938 3745
f 804 4948 4938
f 4948 3745 4938
f 345 4909 4596
f 4909 344 4596
f 4596 3745 345
f 804 4650 4009
f 2724 4856 4650
f 4856 4009 4650
f 4555 4827 4560
f 2026 4881 4827
f 4881 4560 4827
f 4560 4880 4760
f 4880 346 4760
f 4760 4555 4560
f 2026 4827 4759
f 4827 4555 4759
f 2722 4904 4759
f 4904 2026 4759
f 791 4915 4732
f 4915 4563 4732
f 346 4757 4732
f 4757 791 4732
f 4563 4916 4568
f 2725 4976 4916
f 4976 4568 4916
f 4568 4975 4732
f 4975 346 4732
f 4732 4563 4568
f 2728 4738 2725
f 4738 4554 2725
f 4554 4737 4568
f 346 4975 4737
f 4975 4568 4737
f 4568 4976 4554
f 4976 2725 4554
f 4593 4901 4791
f 4901 805 4791
f 4791 792 4593
f 2727 4627 4593
f 805 4901 4627
f 4901 4593 4627
f 2726 4579 794
f 793 4636 4579
f 4636 794 4579
f 801 2726 2720
f 2720 2726 794
f 3877 2726 801
f 2727 2726 3877
f 808 2727 3877
f 793 4828 4593
f 4828 2727 4593
f 792 4812 4593
f 4812 793 4593
f 4618 4774 4627
f 4774 805 4627
f 4627 2727 4618
f 807 4658 4618
f 805 4774 4658
f 4774 4618 4658
f 804 4841 4585
f 4841 805 4585
f 3745 4948 4585
f 4948 804 4585
f 4009 4856 2728
f 2724 4859 4856
f 4859 2728 4856
f 2728 4929 4809
f 4929 2713 4809
f 4809 4009 2728
f 4556 4879 4604
f 4879 806 4604
f 3745 4822 4604
f 4822 4556 4604
f 4556 4821 4600
f 4821 807 4600
f 806 4879 4600
f 4879 4556 4600
f 4600 4808 4603
f 4808 2729 4603
f 4603 806 4600
f 807 4739 4600
f 2729 4808 4739
f 4808 4600 4739
f 4594 4637 4572
f 4637 808 4572
f 4638 4639 4637
f 4639 808 4637
f 4640 4641 4639
f 4641 808 4639
f 4642 4643 4641
f 4643 808 4641
f 4644 4645 4643
f 4645 808 4643
f 4645 4646 808
f 4646 2727 808
f 2727 4646 4644
f 4646 4645 4644
f 2727 4644 4642
f 4644 4643 4642
f 2727 4642 4640
f 4642 4641 4640
f 2727 4640 4638
f 4640 4639 4638
f 2727 4638 4594
f 4638 4637 4594
f 807 4618 4594
f 4618 2727 4594
f 4594 4572 807
f 4572 4829 4739
f 4829 2729 4739
f 4739 807 4572
f 808 4597 4572
f 2729 4829 4597
f 4829 4572 4597
f 4597 4789 4687
f 4789 803 4687
f 4687 2729 4597
f 808 4602 4597
f 803 4789 4602
f 4789 4597 4602
f 3877 800 808
f 810 339 373
f 351 339 810
f 810 373 809
f 809 373 802
f 802 2718 2731
f 802 2731 2730
f 802 2730 809
f 810 352 351
f 811 812 809
f 811 809 2730
f 2731 813 2730
f 2731 3986 813
f 2732 799 3849
f 2811 2732 3849
f 799 2732 814
f 2732 2734 2733
f 814 815 813
f 2735 2733 2734
f 2733 2736 815
f 2737 813 815
f 2730 2741 2738
f 812 811 2739
f 811 2738 2740
f 2739 811 2740
f 812 816 352
f 2739 816 812
f 817 2739 2740
f 817 2740 2750
f 2741 813 2737
f 2742 2737 815
f 819 2737 2742
f 2736 354 815
f 354 2736 2735
f 354 2735 2188
f 357 818 815
f 818 2742 815
f 819 2743 2737
f 818 860 819
f 2743 819 2744
f 2794 820 2743
f 820 3987 2743
f 2740 2738 2749
f 2748 2747 3987
f 2749 2747 2748
f 2750 2740 2749
f 2750 2749 2748
f 821 2752 2748
f 3987 820 2751
f 2752 821 2751
f 2752 2751 822
f 824 2748 2752
f 2753 2752 822
f 829 2752 2753
f 822 2751 2795
f 2794 823 682
f 2795 3746 682
f 817 2750 824
f 824 826 817
f 2754 817 826
f 828 824 825
f 826 824 828
f 3802 826 828
f 2756 2754 2755
f 2754 826 2755
f 826 2757 2755
f 2046 2755 827
f 2757 827 2755
f 2756 396 2754
f 2757 826 3802
f 828 825 829
f 827 2757 366
f 2753 822 832
f 832 2763 2758
f 2759 2758 2763
f 828 829 2759
f 2760 3802 2759
f 830 2760 2759
f 830 2759 2761
f 366 2757 830
f 2761 2759 2762
f 2762 2759 2763
f 2761 371 830
f 2763 832 2765
f 2763 2765 2764
f 2762 2763 2764
f 371 2761 370
f 2762 370 2761
f 2764 831 2762
f 2764 2765 831
f 2766 831 2765
f 2765 2535 2766
f 2795 2796 2767
f 2796 832 2767
f 2766 2535 2534
f 2762 831 833
f 833 370 2762
f 833 831 2770
f 686 835 2534
f 835 2768 834
f 835 686 2768
f 831 834 2768
f 2768 2770 831
f 370 833 400
f 2768 2771 2770
f 2772 2769 687
f 2537 838 2772
f 838 2537 2773
f 688 2773 2537
f 2774 839 2773
f 2773 839 838
f 2774 2777 839
f 688 2529 840
f 840 2529 2775
f 2775 2538 841
f 841 2538 2776
f 842 843 2587
f 2588 843 844
f 845 844 2593
f 3988 2778 845
f 3988 848 2778
f 844 2778 2776
f 2776 2538 846
f 2776 846 844
f 848 841 2776
f 848 840 841
f 688 840 2774
f 840 848 849
f 849 847 2774
f 847 849 2784
f 849 848 3988
f 2036 351 352
f 2771 837 866
f 837 2769 2772
f 838 850 2780
f 850 838 839
f 850 839 3051
f 850 3051 2800
f 3051 2149 2800
f 3051 839 2786
f 2786 839 2777
f 2785 2777 847
f 854 847 2787
f 2782 2784 3988
f 845 2781 3988
f 852 851 2781
f 3988 851 2782
f 2783 2787 2782
f 2387 852 2791
f 2786 2777 2785
f 2786 2785 869
f 854 869 2785
f 2389 854 855
f 2787 855 854
f 2791 852 856
f 2781 856 852
f 2915 2792 2781
f 2790 857 2791
f 857 2789 2386
f 2386 2789 588
f 2793 588 2789
f 856 2781 2792
f 2792 2915 2921
f 2921 2915 962
f 859 2790 2791
f 856 859 2791
f 858 2927 968
f 2790 859 2793
f 859 967 2927
f 967 3989 2922
f 3989 2921 2922
f 3989 2792 2921
f 856 2792 3989
f 3989 859 856
f 861 862 860
f 862 2744 860
f 2795 682 863
f 2795 863 681
f 2795 681 2796
f 862 861 416
f 417 2794 862
f 823 2794 417
f 864 682 823
f 2533 865 300
f 300 865 2133
f 2797 865 2533
f 864 2797 2533
f 3977 865 2797
f 864 417 2797
f 437 866 2798
f 866 437 436
f 866 436 2771
f 89 869 1571
f 868 869 89
f 866 837 2798
f 2779 3911 837
f 3911 2779 2780
f 2780 2799 3911
f 850 2800 2780
f 2799 2780 2800
f 2800 445 2799
f 445 2800 2149
f 89 2149 868
f 3051 2786 868
f 2786 869 868
f 1571 869 2389
f 2801 4533 4091
f 4533 870 4091
f 462 4416 4091
f 4416 2801 4091
f 2168 4115 462
f 2801 4416 4115
f 4416 462 4115
f 2801 4411 4387
f 4411 871 4387
f 870 4533 4387
f 4533 2801 4387
f 871 4411 4362
f 4411 2801 4362
f 3782 4410 4362
f 4410 871 4362
f 4041 4324 4064
f 872 4520 4324
f 4520 4064 4324
f 4064 4521 4289
f 4521 2802 4289
f 4289 4041 4064
f 4180 4518 4288
f 4518 4041 4288
f 4288 870 4180
f 872 4324 4180
f 4041 4518 4324
f 4518 4180 4324
f 4172 4535 4258
f 4535 2161 4258
f 4258 4037 4172
f 2802 4346 4172
f 2161 4535 4346
f 4535 4172 4346
f 4037 4257 4041
f 870 4288 4257
f 4288 4041 4257
f 4041 4289 4172
f 4289 2802 4172
f 4172 4037 4041
f 2816 4370 4075
f 4370 873 4075
f 872 4366 4075
f 4366 2816 4075
f 4093 4477 4131
f 4477 881 4131
f 4131 2805 4093
f 873 4412 4093
f 881 4477 4412
f 4477 4093 4412
f 4034 4089 4039
f 2807 4275 4089
f 4275 4039 4089
f 4039 4274 4237
f 4274 2806 4237
f 4237 4034 4039
f 4078 4276 4238
f 4276 4034 4238
f 4238 2802 4078
f 2807 4089 4078
f 4034 4276 4089
f 4276 4078 4089
f 4126 4461 4225
f 4461 2808 4225
f 4225 4033 4126
f 2808 4461 2806
f 4461 4126 2806
f 4033 4224 4034
f 2802 4238 4224
f 4238 4034 4224
f 4034 4237 4126
f 4237 2806 4126
f 4126 4033 4034
f 2804 2808 2809
f 2809 797 2804
f 2809 2806 874
f 2810 2809 874
f 2810 797 2809
f 2810 874 875
f 875 798 2810
f 797 2810 2717
f 2716 2811 3849
f 2811 2716 798
f 2812 2734 2732
f 2735 2734 2812
f 874 876 875
f 877 876 879
f 877 2812 875
f 878 877 879
f 2188 877 878
f 2188 878 463
f 463 878 2171
f 879 876 2806
f 2806 876 874
f 2815 879 2806
f 879 2815 3803
f 2814 2171 878
f 2814 2813 2171
f 879 3803 2814
f 2815 4529 4278
f 4529 4068 4278
f 4278 3803 2815
f 4068 4530 4069
f 2805 4537 4530
f 4537 4069 4530
f 4069 4536 4278
f 4536 3803 4278
f 4278 4068 4069
f 4061 4294 4069
f 3803 4536 4294
f 4536 4069 4294
f 4069 4537 4508
f 4537 2805 4508
f 4508 4061 4069
f 3803 4294 2818
f 4061 4507 4294
f 4507 2818 4294
f 4277 4498 4287
f 4498 4046 4287
f 4287 881 4277
f 2821 4367 4277
f 4046 4498 4367
f 4498 4277 4367
f 4046 4368 4060
f 2820 4497 4368
f 4497 4060 4368
f 4060 4499 4287
f 4499 881 4287
f 4287 4046 4060
f 4148 4502 4366
f 4502 2816 4366
f 4366 872 4148
f 2822 4220 4148
f 2816 4502 4220
f 4502 4148 4220
f 871 4405 4139
f 4405 2822 4139
f 870 4387 4139
f 4387 871 4139
f 2817 4501 4410
f 4501 871 4410
f 3782 4539 4410
f 4539 2817 4410
f 4071 4388 4140
f 4388 2822 4140
f 2817 4545 4140
f 4545 4071 4140
f 4071 4544 4174
f 4544 2823 4174
f 2822 4388 4174
f 4388 4071 4174
f 877 2188 2735
f 2173 2813 470
f 4389 4390 4057
f 2813 4473 4390
f 4473 4057 4390
f 4391 4392 4390
f 4392 2813 4390
f 4393 4394 4392
f 4394 2813 4392
f 4395 4396 4394
f 4396 2813 4394
f 4397 4398 4396
f 4398 2813 4396
f 4398 4399 2813
f 4399 470 2813
f 470 4399 4397
f 4399 4398 4397
f 470 4397 4395
f 4397 4396 4395
f 470 4395 4393
f 4395 4394 4393
f 470 4393 4391
f 4393 4392 4391
f 470 4391 4389
f 4391 4390 4389
f 4057 4474 4349
f 4474 2819 4349
f 470 4389 4349
f 4389 4057 4349
f 470 4349 4103
f 4349 2819 4103
f 882 4235 4103
f 4235 470 4103
f 880 4239 2819
f 2820 4302 4239
f 4302 2819 4239
f 4046 4266 4136
f 4266 2825 4136
f 2820 4368 4136
f 4368 4046 4136
f 4046 4367 4082
f 4367 2821 4082
f 2825 4266 4082
f 4266 4046 4082
f 4082 4373 4132
f 4373 471 4132
f 4132 2825 4082
f 2821 4222 4082
f 471 4373 4222
f 4373 4082 4222
f 2824 4429 4200
f 4429 2821 4200
f 883 4271 4200
f 4271 2824 4200
f 2816 4345 4232
f 4345 883 4232
f 873 4370 4232
f 4370 2816 4232
f 4066 4431 4150
f 4431 2823 4150
f 883 4525 4150
f 4525 4066 4150
f 4066 4524 4174
f 4524 2822 4174
f 2823 4431 4174
f 4431 4066 4174
f 4122 4407 4150
f 4407 883 4150
f 4150 2823 4122
f 2824 4271 4122
f 883 4407 4271
f 4407 4122 4271
f 2827 3850 2831
f 2827 2831 2701
f 2702 2828 2827
f 2827 2828 3850
f 486 2828 2829
f 2828 885 3850
f 3311 885 2206
f 2206 488 3311
f 888 488 3921
f 3850 885 2830
f 2831 3850 2830
f 2830 2826 2831
f 500 3320 888
f 2827 2699 2832
f 744 2646 2642
f 744 2833 2646
f 2833 747 2646
f 889 2833 2834
f 2647 2835 2834
f 2641 3818 2648
f 2833 889 747
f 907 889 2868
f 890 747 2855
f 2645 890 891
f 2836 746 2852
f 2644 746 745
f 741 2643 2637
f 2643 745 892
f 746 892 745
f 2837 746 2836
f 894 892 2837
f 2837 3908 894
f 894 3908 2848
f 2838 894 2844
f 2848 3747 2844
f 739 3741 2634
f 739 2839 895
f 2839 739 2634
f 2840 893 2838
f 2840 3740 895
f 3740 2840 2842
f 734 2843 2621
f 3747 2621 2843
f 2841 896 3914
f 896 3013 2846
f 2621 2845 1015
f 2621 3747 2845
f 2842 2838 2843
f 2844 2843 2838
f 3747 2848 2845
f 2845 2848 1016
f 3013 1016 2846
f 896 2846 897
f 2846 2847 897
f 1016 2849 2846
f 2846 911 2847
f 2846 2849 911
f 1016 2848 2849
f 3908 2849 2848
f 2871 3908 2837
f 2837 2836 2871
f 2836 2851 2850
f 2850 2871 2836
f 2849 3908 2871
f 2871 2850 910
f 2858 910 2850
f 2836 2852 2851
f 2850 2853 2858
f 898 2856 2855
f 2856 2857 2854
f 899 2853 3804
f 899 900 2853
f 901 903 899
f 3804 914 899
f 899 2877 901
f 902 900 903
f 903 901 2859
f 2862 903 3851
f 3851 2861 2862
f 2861 3851 2860
f 2861 2860 1250
f 1250 904 2861
f 2873 903 2862
f 2873 902 903
f 2650 918 2863
f 2865 919 918
f 918 2864 2865
f 2882 2881 2863
f 749 2866 909
f 905 909 2866
f 2866 3748 905
f 906 905 3748
f 905 906 2867
f 909 905 2868
f 908 2870 3818
f 2868 2834 2835
f 2835 2869 909
f 2870 2869 2835
f 902 2873 2872
f 2847 2875 897
f 911 910 4017
f 4017 912 2875
f 912 4017 2876
f 910 2876 4017
f 2876 910 3356
f 913 2873 904
f 2874 2872 2873
f 2867 2857 898
f 3804 2854 2857
f 2867 914 2857
f 914 3804 2857
f 2860 3053 926
f 915 2860 2859
f 2877 2879 2878
f 3748 2881 906
f 2881 916 906
f 3805 2880 914
f 921 2888 917
f 2882 2863 918
f 3360 918 919
f 920 918 2883
f 2883 2884 920
f 3362 1254 2885
f 923 3362 2885
f 925 931 924
f 2887 2877 2880
f 927 2887 2880
f 927 916 2888
f 935 2888 921
f 920 2884 921
f 3370 929 2889
f 928 929 3370
f 931 2891 924
f 1256 3370 3372
f 3370 2889 3372
f 929 2899 2889
f 929 2890 2899
f 930 2890 929
f 932 2891 2892
f 2891 932 2890
f 2890 932 2898
f 915 2891 931
f 2893 2879 933
f 2887 927 2879
f 933 3749 2892
f 933 927 3749
f 935 927 2888
f 927 934 3749
f 2892 3749 2894
f 2892 2894 932
f 935 934 927
f 3749 936 2894
f 937 2895 935
f 936 934 3052
f 2895 3052 934
f 921 2884 937
f 2884 2895 937
f 3052 2895 922
f 2890 2898 2899
f 2889 2899 2897
f 2889 2901 3372
f 2899 938 2897
f 2901 2897 3891
f 3891 2897 938
f 2899 2900 938
f 2900 2905 938
f 939 2904 938
f 2904 3891 938
f 2901 3891 3372
f 2903 3372 3891
f 3891 2904 2903
f 3806 3028 3030
f 940 2903 2904
f 1260 2903 2906
f 2900 1025 2905
f 3035 2905 1025
f 940 939 3035
f 3035 941 940
f 941 3035 3024
f 945 944 2910
f 3382 943 946
f 3383 946 947
f 948 947 946
f 946 942 948
f 942 940 948
f 952 950 949
f 941 950 948
f 951 3015 949
f 947 3016 3383
f 953 955 4018
f 956 4018 955
f 2912 4018 956
f 2912 956 954
f 958 954 957
f 944 958 957
f 961 2594 2595
f 960 845 2593
f 961 960 2594
f 961 2595 3807
f 2915 960 961
f 3807 963 3750
f 3807 3750 962
f 962 961 3807
f 2921 962 2917
f 2917 3750 964
f 2921 2917 2922
f 964 2923 2917
f 2913 2596 2914
f 2598 2599 2919
f 2598 2919 2918
f 2918 2919 3990
f 2947 2916 2918
f 2947 964 2916
f 964 965 2920
f 3990 2947 2918
f 967 2922 2924
f 964 2920 2928
f 2923 964 2928
f 2925 2923 2928
f 2923 2925 2924
f 2927 967 2925
f 585 2375 2926
f 969 968 971
f 968 3751 971
f 3751 968 3852
f 974 3852 2925
f 975 2929 972
f 974 2928 2930
f 2928 2929 2930
f 3751 3852 974
f 974 973 3751
f 2931 975 976
f 2931 973 974
f 2970 973 996
f 973 2931 996
f 2931 976 996
f 976 975 2932
f 976 2932 4025
f 2932 978 977
f 2933 2944 2938
f 2934 2946 2933
f 2920 965 2934
f 965 2947 2946
f 2945 2933 2946
f 2938 2944 2937
f 2937 2944 2935
f 2935 2943 2936
f 2939 2936 2942
f 977 2938 3969
f 2938 2937 3969
f 2940 2939 2941
f 2939 2942 2941
f 2953 984 2941
f 2953 2941 983
f 2942 983 2941
f 2943 2951 2942
f 2943 979 2951
f 982 2951 979
f 3878 979 2935
f 2945 3878 2944
f 2935 2944 3878
f 2946 3892 2945
f 3990 2919 966
f 2948 980 3976
f 980 2600 3976
f 2948 3976 2949
f 3878 2948 2949
f 2949 3976 981
f 3878 982 979
f 2607 2950 981
f 2950 2607 2606
f 983 2942 2951
f 2950 2606 4019
f 2951 4019 3853
f 3808 3797 2608
f 2953 983 3853
f 2952 984 2953
f 2971 2952 2953
f 989 984 2954
f 2940 2941 2955
f 2956 2940 2955
f 2956 2955 985
f 2940 2956 2957
f 2957 2958 2940
f 2959 986 2957
f 2957 2960 2959
f 2958 2957 986
f 986 3969 2958
f 2937 2936 2958
f 2958 3969 2937
f 2961 2960 988
f 985 2955 989
f 989 2954 2972
f 1002 3011 989
f 988 985 3011
f 988 2967 2961
f 2960 2961 2962
f 2960 2962 987
f 2963 987 2962
f 990 2963 2962
f 2965 990 2964
f 994 991 990
f 990 991 2963
f 2966 2961 2967
f 2967 988 3011
f 2967 992 2966
f 2356 2965 2964
f 993 2364 994
f 993 2968 2965
f 2968 993 994
f 2968 994 990
f 994 2969 991
f 2364 2969 994
f 2969 996 991
f 2959 987 995
f 2959 4025 986
f 3969 986 4025
f 4025 977 3969
f 4025 995 976
f 995 996 976
f 995 991 996
f 2969 2970 996
f 3751 973 2970
f 2970 970 3751
f 2363 970 2970
f 3751 970 971
f 3853 3808 2971
f 765 3799 2670
f 3799 2971 2608
f 2954 2977 2972
f 2954 997 2977
f 997 2975 2977
f 2971 998 2952
f 765 2971 3799
f 2974 767 768
f 2975 2973 2974
f 2974 2977 2975
f 2973 998 2976
f 997 998 2973
f 998 997 2952
f 3809 2972 2672
f 2980 2972 999
f 2978 999 1001
f 999 1000 1001
f 1001 1000 2979
f 2978 2980 999
f 1002 2972 2980
f 2972 1002 989
f 2981 1002 2980
f 2981 2980 2978
f 2978 1003 2981
f 1001 2979 1003
f 2979 2982 1003
f 2982 2979 3012
f 2675 3012 2979
f 2675 771 2988
f 2991 2675 2988
f 2676 2988 771
f 2985 2686 2984
f 3039 2984 2986
f 2984 3039 1004
f 2985 2987 2983
f 2992 2987 1004
f 3039 2992 1004
f 2986 775 1028
f 2992 3039 1008
f 2676 4010 2988
f 2988 4010 1005
f 2990 1005 2989
f 4010 2989 1005
f 1006 2991 1005
f 1005 1007 1006
f 2989 2987 2990
f 2992 2993 2987
f 2993 2992 2994
f 2990 2993 1007
f 1005 2990 1007
f 3005 3009 2993
f 3005 2994 2996
f 2996 2994 1008
f 2994 2992 1008
f 3046 2995 1008
f 1008 2995 2996
f 2995 3041 2996
f 3041 2997 2996
f 1009 3005 2996
f 3005 1009 3004
f 3004 1009 1013
f 1013 2998 3003
f 3042 2998 1031
f 3044 2998 3042
f 3044 3003 2998
f 2348 2999 1012
f 1010 2348 576
f 992 3000 2964
f 992 2967 3001
f 1010 1011 2348
f 1011 1010 3000
f 3000 992 1011
f 2348 1011 2999
f 3001 3002 992
f 1011 3002 2999
f 3008 3006 3002
f 2999 3006 1012
f 3003 1012 1013
f 1013 3006 3004
f 3006 1013 1012
f 3004 3007 3005
f 3005 3007 3009
f 3006 3008 3007
f 3006 3007 3004
f 3007 3037 3009
f 3008 3038 3007
f 3007 3038 3037
f 3010 3011 1002
f 3010 2981 3038
f 3010 1002 2981
f 1003 3038 2981
f 3008 3010 3038
f 3038 1003 2982
f 3037 2982 3012
f 1006 3037 3012
f 3012 2991 1006
f 2841 3914 1014
f 3013 1015 2845
f 2845 1016 3013
f 3892 980 2948
f 3878 2945 2948
f 3997 3014 2600
f 2911 3016 4018
f 4018 3016 953
f 953 3016 1017
f 953 1017 955
f 3017 955 1017
f 3019 3017 3022
f 3017 1017 951
f 1018 951 949
f 941 1018 950
f 3024 3018 941
f 955 3017 1019
f 955 1019 959
f 1019 3017 3019
f 1020 1019 3019
f 1019 1020 3020
f 3021 944 3020
f 944 945 958
f 3021 2910 944
f 2910 3021 2909
f 2909 3021 1020
f 3021 3020 1020
f 1021 3019 3025
f 3025 3019 3022
f 3022 1018 3023
f 3022 3023 3025
f 3025 3023 1027
f 1021 3025 1027
f 3019 1021 1020
f 2909 1020 3026
f 3030 3028 3029
f 3030 3029 1022
f 3032 3029 3031
f 3031 3026 1023
f 3026 1020 1023
f 1023 1020 1021
f 1023 1021 3032
f 3036 1022 3032
f 3033 3030 1022
f 3034 3036 1024
f 922 923 3030
f 3030 3033 922
f 3035 1025 3024
f 1027 3023 1025
f 1025 2900 1026
f 2896 1024 1026
f 1026 1024 3854
f 3034 1024 2896
f 3854 1027 1025
f 1027 3036 1021
f 1025 1026 3854
f 3034 1022 3036
f 3036 3854 1024
f 3009 3037 1007
f 2982 3037 3038
f 2418 2417 3996
f 1028 3039 2986
f 777 1028 2687
f 1030 777 1029
f 1008 3039 1028
f 3046 1030 1032
f 3046 3045 2995
f 2995 1033 3041
f 2995 3045 1033
f 3043 2346 3044
f 3003 3044 2347
f 2346 2347 3044
f 1469 2342 3833
f 2300 3042 1031
f 2342 3043 3833
f 3833 3043 2299
f 1029 1032 1030
f 3047 3048 1029
f 3048 1032 1029
f 2312 3048 3047
f 3048 3045 1032
f 557 3045 3048
f 3045 557 1033
f 1035 2488 1034
f 1034 640 1035
f 1034 2488 645
f 644 1034 645
f 1035 1036 1037
f 1038 1036 643
f 3049 1036 1038
f 1036 3049 1037
f 661 1035 1037
f 661 1037 1039
f 1037 3050 1039
f 1037 3049 3050
f 1163 3050 3049
f 1039 3209 2487
f 2487 661 1039
f 2522 676 674
f 2896 3052 3034
f 2900 936 2896
f 3052 2896 936
f 853 855 2783
f 844 721 2593
f 720 843 842
f 2915 845 960
f 2886 931 925
f 2859 2893 915
f 3055 1042 1041
f 1044 1041 1043
f 1043 3978 1160
f 1044 3056 1041
f 1043 3700 1044
f 3700 1043 3703
f 1043 1160 3703
f 3978 3112 1160
f 3057 155 3061
f 3058 3059 154
f 154 1703 3058
f 3059 1051 1050
f 3057 3058 1703
f 3059 3954 1051
f 3059 1046 3954
f 3953 3059 3058
f 3057 3061 1045
f 1046 3059 3953
f 3066 1046 3953
f 3141 1047 3492
f 1048 3492 1047
f 1045 1047 3060
f 1047 1045 3062
f 1047 3062 1048
f 3061 3062 1045
f 160 1048 3062
f 160 1049 1048
f 1048 1049 3063
f 1048 3063 1322
f 3063 1049 3946
f 3063 3493 1322
f 1708 3946 1049
f 1708 1049 160
f 3062 159 160
f 1051 3954 1052
f 3954 3927 1052
f 3954 1046 3064
f 3064 1046 3065
f 3066 3953 1053
f 1053 1055 3066
f 1053 3067 1055
f 1053 3060 3141
f 1054 3067 1053
f 3066 1055 3068
f 3068 1056 3065
f 1056 3070 1057
f 1057 3065 1056
f 1057 3070 3069
f 3148 3069 1058
f 3070 1060 1058
f 4011 3070 1056
f 4011 3071 3070
f 3133 4011 1056
f 3074 3148 1058
f 3074 1058 1060
f 1064 1061 3811
f 3941 3811 1061
f 1063 3941 3076
f 3811 3079 1064
f 3079 1065 1064
f 3196 1063 3076
f 3196 3076 3197
f 3195 3197 3076
f 3076 3078 3195
f 3811 3074 3079
f 3074 3080 3081
f 3080 1067 3081
f 3079 3081 1066
f 1065 590 3077
f 1065 3084 2392
f 1066 1065 3079
f 1066 1067 3082
f 3086 3082 1067
f 1068 3085 3083
f 590 1065 2392
f 3084 592 2392
f 595 1068 3082
f 596 595 3082
f 3086 1067 3080
f 1060 3086 3080
f 3087 3086 1060
f 4011 3092 3088
f 3091 3092 3090
f 3092 3091 3093
f 3092 3093 3088
f 3088 3093 3086
f 3088 3086 3087
f 3093 3094 3086
f 3091 3094 3093
f 3091 2400 3094
f 3090 3089 3091
f 3089 3149 3091
f 3091 3149 1104
f 2400 3091 1104
f 3094 2400 596
f 1104 2445 2400
f 3095 1069 623
f 3827 625 2439
f 3101 1074 2436
f 3096 3101 2436
f 3101 3096 1070
f 3099 3101 1070
f 3096 3097 1070
f 3097 3893 1070
f 3097 3098 626
f 3097 626 3893
f 1070 3893 3102
f 3099 1070 1071
f 3100 3099 1073
f 1070 3102 1071
f 3102 3893 1072
f 3102 3103 1071
f 1071 3103 3155
f 1071 3155 1107
f 1073 1071 1089
f 3100 3104 3110
f 3110 3101 3100
f 3827 1074 3110
f 3612 3827 1079
f 3614 1369 1075
f 3752 3105 3106
f 3106 1082 3752
f 1082 1076 3752
f 1082 3106 3107
f 3107 3106 1081
f 3108 1081 3106
f 1075 3109 3614
f 3109 1075 1077
f 1078 3109 1077
f 1077 3104 1078
f 3110 1074 3101
f 3123 3109 1078
f 3109 3123 3108
f 1080 3108 3123
f 1083 1040 1082
f 1083 3111 1040
f 1371 3978 1043
f 1371 3111 1084
f 3112 1084 3113
f 1084 3114 3113
f 1084 1083 3114
f 1084 3111 1083
f 1083 1082 3114
f 1082 3115 3114
f 3115 1082 3116
f 3116 1082 3107
f 3123 3814 1080
f 3118 3117 3123
f 3117 3118 3119
f 3122 3119 3118
f 3119 3122 3125
f 3117 3120 3814
f 3119 3121 1085
f 3125 3121 3119
f 3139 3125 3132
f 3124 1086 1087
f 3118 1078 1088
f 1073 1078 3104
f 1073 1088 1078
f 1088 1090 1086
f 1090 1073 1089
f 1091 1086 3126
f 3126 1106 1091
f 1090 1089 3126
f 1089 1107 3126
f 3126 1107 1106
f 1106 1092 1091
f 1106 3127 1092
f 1087 1086 1091
f 1087 1091 3128
f 3131 1091 3130
f 1091 1092 3129
f 1091 3131 3128
f 1093 3131 1097
f 3135 1097 3131
f 3134 3135 3130
f 3130 3129 3134
f 3129 3813 3134
f 3135 3134 3133
f 1094 3135 3133
f 1093 1097 3894
f 3894 3137 3136
f 3855 3136 3137
f 3138 3855 3139
f 3138 3139 3132
f 3125 3139 3140
f 3141 3142 1054
f 1054 3143 3067
f 1095 1094 3068
f 3068 3133 1056
f 1094 3133 3068
f 3135 1094 1096
f 3142 3143 1054
f 1761 169 1050
f 3146 1764 3145
f 3144 3145 1761
f 3144 1051 1101
f 1101 1100 3146
f 202 3146 204
f 1187 225 1151
f 1151 3147 1187
f 3970 1098 3147
f 224 1155 1815
f 3942 1155 224
f 3942 1817 1062
f 1099 3072 3073
f 3072 1099 3148
f 1099 1052 3148
f 3927 3148 1052
f 3069 3148 3927
f 3927 1057 3069
f 1101 1052 1100
f 1100 1052 1099
f 1100 204 3146
f 1100 1062 204
f 1102 1103 3089
f 3149 3089 1103
f 1103 3150 3149
f 3151 1104 3149
f 1112 3150 3812
f 3127 3160 3153
f 1092 3127 1105
f 3812 1103 1102
f 1105 3812 1102
f 1105 1102 3813
f 3154 3127 1106
f 3155 3154 1107
f 3155 1072 3159
f 1072 3155 3103
f 3893 3156 1072
f 3893 2433 3156
f 3156 1108 1109
f 3156 3162 1108
f 3159 1072 1109
f 3857 1109 1108
f 3857 1108 3158
f 3159 3857 3157
f 3157 3857 3158
f 3157 3154 3159
f 1110 3154 3157
f 3157 3170 1110
f 1115 3160 1111
f 1112 3160 1115
f 3151 3150 3168
f 3170 3171 3169
f 1108 3174 3158
f 3170 3157 3172
f 3163 3174 1108
f 1108 3162 3163
f 2433 1069 3156
f 3162 3156 1069
f 3162 1069 3095
f 3162 3095 3163
f 3163 3095 1114
f 1114 3095 1113
f 3164 2457 630
f 3166 630 3165
f 3165 3167 3166
f 3167 3165 2456
f 3151 3167 3152
f 3151 3168 3167
f 3166 3167 3168
f 3168 3161 3166
f 1115 3161 1112
f 3170 3172 3171
f 3171 3172 1116
f 1121 1117 1116
f 3171 1117 3169
f 1118 3173 1117
f 3169 1117 3173
f 3173 1115 3169
f 3173 3161 1115
f 3164 3161 3173
f 3173 1118 3164
f 1118 2459 2457
f 2459 1118 1165
f 2448 1119 1114
f 3174 3163 1119
f 1119 3175 1120
f 1119 2448 3175
f 3174 1120 3176
f 3172 3176 1116
f 3176 1120 1123
f 1116 3176 1123
f 1122 1123 3177
f 1121 1122 3178
f 1120 3175 1124
f 1125 1124 3175
f 1123 1124 3177
f 1124 3179 3177
f 2463 2462 1125
f 1122 3177 1126
f 3178 1127 1121
f 3179 3180 1129
f 1125 3180 3179
f 1128 637 1034
f 637 3180 2462
f 3180 1125 2462
f 1129 1130 1126
f 1131 1130 1129
f 1129 1128 1131
f 1166 3178 1122
f 1126 1130 1166
f 3181 3182 1131
f 3181 1131 644
f 644 2468 3181
f 3182 3181 1136
f 3206 1132 3182
f 3181 646 3183
f 1133 3183 1134
f 1134 3183 3184
f 1135 3183 1133
f 3181 3183 1135
f 3181 1135 1136
f 1135 3185 1168
f 3185 1135 1133
f 3185 1137 3188
f 1134 2471 1137
f 1137 2471 1140
f 3185 3188 3186
f 1138 3186 3187
f 3187 1139 1138
f 3193 1149 3187
f 3187 3188 3193
f 3186 3188 3187
f 1140 3188 1137
f 656 1141 657
f 3189 1143 1141
f 1142 1141 656
f 657 1143 2484
f 3189 1145 3190
f 1144 1143 3190
f 3210 1144 3190
f 1144 3210 1173
f 3194 3210 3190
f 1142 659 1146
f 1142 1146 1145
f 659 1177 1146
f 659 2485 1177
f 1147 1146 1177
f 1176 1177 2485
f 3191 3208 3207
f 3192 652 2480
f 1139 1176 3207
f 1174 1149 3193
f 3193 3194 1174
f 3193 1140 3194
f 1140 1150 3210
f 3090 1059 3813
f 3133 3134 1059
f 1151 1152 3147
f 1151 3195 1152
f 1152 2500 3970
f 1156 2501 2500
f 2655 1153 3077
f 3078 1153 1156
f 3196 1154 1063
f 1154 3075 1063
f 3942 3075 1154
f 3196 3197 1815
f 1156 3195 3078
f 1085 3121 1159
f 3198 1085 1159
f 3814 3198 1080
f 1157 1080 3198
f 3199 1159 3713
f 3720 3199 3713
f 3720 3200 3199
f 1159 1157 3198
f 3199 1157 1159
f 3201 1157 3199
f 1157 3201 1080
f 3202 3201 3199
f 3202 3199 3200
f 1160 3202 3200
f 3705 3703 1160
f 3112 3202 1160
f 3112 3113 3202
f 3113 3203 3202
f 1162 1161 3116
f 3116 3107 3204
f 3204 1080 1158
f 1158 1162 3204
f 1161 1162 3205
f 3203 1161 3205
f 3201 3202 3203
f 3203 1080 3201
f 1080 3203 3205
f 3205 1158 1080
f 1038 1127 1163
f 1165 1038 2460
f 1118 1164 1165
f 1121 1164 1118
f 1117 1121 1118
f 1121 1127 1164
f 1163 1132 1167
f 1163 1167 3050
f 1039 3050 1167
f 1163 1166 1132
f 3178 1166 1127
f 1132 1169 1167
f 1136 1168 3206
f 1168 1170 3815
f 1170 3207 3208
f 1168 1171 1170
f 1171 1168 3185
f 1170 1139 3207
f 1138 1139 1171
f 1039 3192 3209
f 3815 3208 1039
f 1172 1169 3815
f 1169 1172 1167
f 1039 1167 1172
f 1039 1172 3815
f 1150 3895 1173
f 1150 1173 3210
f 1175 1149 1174
f 1147 1177 1174
f 1174 1177 1175
f 3211 1174 3194
f 1145 1147 3211
f 1051 1052 1101
f 1773 1774 3212
f 1773 3212 1178
f 1778 1178 3213
f 1178 3212 3214
f 1178 3214 3213
f 3213 1179 1793
f 3213 3214 1179
f 1179 3214 3215
f 3212 3979 3215
f 3215 1811 1179
f 1811 3215 3218
f 1779 3213 1793
f 1180 1811 1181
f 3219 1811 3218
f 3212 1774 3979
f 3979 1183 3218
f 3979 3216 1183
f 3222 1812 221
f 3216 1812 3221
f 3220 1182 3221
f 3216 1182 1183
f 1183 1182 1186
f 3221 1184 3220
f 1182 3216 3221
f 3224 3221 3222
f 225 3816 221
f 221 3816 3222
f 3816 3224 3222
f 2441 3224 3223
f 1186 1182 3220
f 3220 1185 1186
f 2497 2444 2441
f 3225 3816 225
f 3816 3225 3226
f 225 1187 3225
f 3224 3226 3223
f 3227 3223 3229
f 3234 3225 3236
f 3226 3234 3233
f 3233 3229 3226
f 3223 3226 3229
f 3229 3233 3228
f 3233 3817 3228
f 3230 3817 3233
f 3229 1188 3227
f 3228 2499 1188
f 3232 3231 1191
f 3233 3232 3230
f 3232 3233 3234
f 3234 3235 3232
f 3236 3225 1187
f 1187 1195 3236
f 1187 3147 1098
f 3970 1195 1098
f 3228 3817 1200
f 1200 1190 1189
f 1191 1190 3230
f 3237 3231 1192
f 3237 3241 1191
f 1191 3241 1190
f 1190 3241 3240
f 2499 3228 1200
f 1189 3238 3259
f 3240 3238 1190
f 3238 3240 3262
f 3237 3242 3241
f 1192 3231 3245
f 3247 3245 3243
f 1192 3246 3244
f 3268 3242 3244
f 3246 3245 3247
f 3247 3243 1193
f 3235 1194 3915
f 3249 3248 1195
f 3249 1195 1196
f 3879 1196 1197
f 1251 3248 3249
f 1196 1195 2503
f 1195 3970 2503
f 2504 1196 2503
f 1197 1196 2504
f 1197 2504 3250
f 3250 2504 2505
f 3251 1197 3250
f 2506 3251 3250
f 3251 4030 3252
f 3254 3253 4030
f 3252 4030 3253
f 4030 1198 3254
f 4030 3256 1198
f 3254 3255 3253
f 1193 3944 3255
f 3972 3257 3255
f 3255 3254 3972
f 1199 1198 3256
f 3251 3297 3256
f 3256 3297 750
f 1199 3256 750
f 1198 1199 3971
f 3971 3295 3972
f 3971 1199 3258
f 2651 1199 750
f 1200 1189 3991
f 1201 664 1200
f 3991 1201 1200
f 3260 3240 3241
f 3262 3240 3261
f 3260 2515 3261
f 1202 3261 2542
f 3262 3261 1202
f 3264 3262 1202
f 3264 3753 3239
f 3239 3753 3259
f 3991 3259 3753
f 3265 3753 3264
f 3263 3264 1202
f 3264 3263 3265
f 3753 3265 2516
f 3260 690 2515
f 3266 3241 3242
f 690 3266 3270
f 3270 3269 690
f 1204 3242 3268
f 3246 1205 3244
f 3247 1193 3255
f 1205 3267 3244
f 3268 3271 1204
f 3271 3267 1203
f 3270 1204 692
f 743 2638 1204
f 3271 743 1204
f 1203 3273 3271
f 3273 1203 3754
f 3272 3754 1203
f 3272 3280 3754
f 3257 3972 3272
f 3295 3294 3972
f 3280 3279 3754
f 3271 3273 3275
f 743 1206 742
f 743 3275 1206
f 3277 3273 3276
f 3275 3858 1206
f 3279 1207 3276
f 3279 4020 1207
f 1212 4020 3280
f 1207 4020 1208
f 3276 1207 3278
f 1208 3289 1207
f 3278 1207 3289
f 3281 3858 3818
f 3282 3283 1209
f 3858 1209 908
f 1209 3283 908
f 3282 3284 3283
f 3284 3287 3283
f 2649 3283 3287
f 3283 2649 908
f 3285 3284 3755
f 3285 3286 3284
f 3288 3286 3285
f 3755 3291 3285
f 3282 3755 3284
f 3282 3278 3289
f 3955 3289 1211
f 3289 1208 1211
f 1211 3293 3955
f 3955 3290 1210
f 3289 1210 3755
f 3290 3755 1210
f 904 3291 913
f 3290 913 3291
f 913 3290 3358
f 3290 3955 3358
f 3358 3955 3357
f 3357 3955 3293
f 3293 1211 3292
f 3293 3296 3357
f 1213 3296 3293
f 1214 3294 3295
f 1213 1212 1214
f 912 1213 1215
f 1215 1214 4023
f 3258 1216 4023
f 2651 1216 3258
f 1199 2651 3258
f 3819 1186 1217
f 1186 2443 1217
f 1183 3303 1218
f 1183 3301 3218
f 3218 3301 3219
f 3219 1181 1811
f 3300 1219 3301
f 1219 1181 3219
f 1968 1181 1219
f 1180 1181 304
f 304 220 1180
f 1221 1220 1968
f 1220 3299 3298
f 1225 306 3298
f 3299 3308 3298
f 1219 3300 1221
f 3819 1217 3302
f 3300 3303 3819
f 3819 3302 3304
f 3304 3300 3819
f 3300 1218 3303
f 1221 3304 3299
f 3304 3302 3305
f 1217 2443 3302
f 3302 2443 2695
f 1222 3299 3304
f 3305 1223 1222
f 1224 3306 3307
f 3302 4016 3756
f 1228 3306 1223
f 3298 3308 1225
f 3308 1224 1225
f 1226 1225 1224
f 1231 3309 1226
f 1226 3307 1231
f 3309 3943 1227
f 3310 2826 1230
f 1223 3820 1228
f 1230 3820 3310
f 1228 3307 3306
f 1228 3820 1231
f 3311 2830 885
f 3928 884 2830
f 1233 884 3315
f 887 3928 3311
f 3315 884 3928
f 3928 887 886
f 3921 500 888
f 3820 1230 3313
f 1232 3943 3309
f 1232 3309 3312
f 1232 3312 502
f 1231 3314 3312
f 1231 3313 3314
f 1233 3313 1230
f 1233 1230 884
f 3313 1233 1229
f 3317 3314 1229
f 3313 1229 3314
f 1229 1235 3317
f 3315 886 1234
f 886 888 3316
f 1235 3318 3317
f 3319 3317 3318
f 3314 3317 3319
f 3312 3314 3319
f 504 3319 505
f 3318 505 3319
f 1235 1234 1236
f 3316 3320 3821
f 1236 1234 3821
f 4012 1235 1236
f 1236 3821 1238
f 1236 1238 1237
f 1238 3321 1237
f 3326 3324 3322
f 3322 3321 3323
f 3322 3323 1239
f 3821 3323 1238
f 3323 3821 3320
f 3320 1239 3323
f 1239 3331 3322
f 3322 3331 3326
f 3330 3325 3324
f 1240 3321 3325
f 1240 1237 3321
f 3385 1237 1240
f 1240 3325 3329
f 3324 3326 3330
f 3327 501 3936
f 2231 2230 3328
f 1240 3329 3328
f 3325 3330 3329
f 3328 2233 2231
f 3328 3880 2233
f 3329 3333 3880
f 3326 3331 3327
f 3336 3326 3327
f 3330 3332 3333
f 3326 3336 3332
f 3327 3331 1239
f 501 3327 1239
f 1241 3337 1242
f 3336 1241 3335
f 3334 3335 1244
f 3337 515 1242
f 3338 3335 1241
f 3338 1244 3335
f 4031 1243 1242
f 2232 4031 1242
f 2232 526 4031
f 1246 1244 3340
f 1244 1246 1245
f 3341 1245 1248
f 3334 1245 3341
f 3341 1248 3344
f 3334 3341 3880
f 1249 3880 3341
f 3333 3334 3880
f 1249 2240 2233
f 2233 3880 1249
f 1249 3344 3343
f 3343 3344 3345
f 3349 3345 1248
f 3345 3349 3346
f 3345 3346 520
f 3347 3346 3349
f 3347 3349 3348
f 3349 1248 1247
f 1246 3340 1247
f 3348 3353 3347
f 522 521 3350
f 522 3350 3351
f 3350 3346 3351
f 3347 3351 3346
f 522 3351 2244
f 2244 3351 3352
f 3351 3347 3352
f 2244 3352 524
f 3353 524 3352
f 3353 3352 3347
f 3348 3339 3354
f 3353 3354 526
f 526 524 3353
f 3339 1243 3354
f 2651 896 1216
f 896 897 1216
f 1216 897 4023
f 1250 2860 926
f 926 3355 1250
f 3355 904 1250
f 2864 3286 2865
f 3356 2872 2874
f 912 1215 897
f 897 2875 912
f 2876 3296 912
f 3296 2876 3357
f 2876 3356 3357
f 2874 3357 3356
f 3357 2874 3358
f 913 3358 2873
f 2874 2873 3358
f 3235 1251 1194
f 1252 3944 1193
f 1253 3288 3364
f 1253 3361 3359
f 3362 3360 1254
f 1255 3361 3364
f 1255 3367 3361
f 3367 2885 1254
f 3367 3368 2885
f 3364 3288 3363
f 3288 3355 926
f 926 3363 3288
f 3363 925 3364
f 2886 925 3363
f 3364 925 3365
f 3365 3369 1255
f 3366 925 924
f 3363 926 2886
f 3288 3285 3355
f 3291 3355 3285
f 3355 3291 904
f 3806 2885 3368
f 3368 3367 3369
f 3371 3374 3369
f 3757 3366 928
f 3757 928 3370
f 3370 3371 3757
f 1256 3371 3370
f 1256 3373 3371
f 3372 2903 1260
f 1256 3372 1260
f 3373 1257 3375
f 3375 3374 3373
f 3375 3369 3374
f 3806 3376 3028
f 3368 3375 3376
f 3376 3375 2902
f 3375 1257 2902
f 3376 3027 3028
f 3980 3373 1256
f 3373 3980 1261
f 1258 1257 1261
f 2902 1258 3758
f 1261 1259 1258
f 2906 2908 1260
f 1260 2908 3377
f 1261 1260 3377
f 3980 1260 1261
f 1261 3377 1259
f 3377 2908 1262
f 1262 943 3381
f 1259 3378 3379
f 3379 3380 1263
f 3758 1259 1263
f 3758 1263 2909
f 2910 1263 3380
f 2910 2909 1263
f 2910 3380 945
f 1264 3380 3378
f 3379 3378 3380
f 3381 3378 1262
f 3382 3381 943
f 3381 3382 3378
f 3378 3382 3384
f 3382 2911 3384
f 3383 3382 946
f 3384 2911 2912
f 3383 3016 2911
f 3378 3384 1264
f 958 945 1265
f 3380 1264 945
f 1265 3384 2912
f 1264 3384 1265
f 533 532 1240
f 3385 1240 532
f 534 3385 532
f 4012 3385 534
f 3385 1236 1237
f 1382 3386 3387
f 1280 1382 3389
f 3387 3414 3407
f 3387 3388 3414
f 1266 3388 1280
f 4002 1282 3389
f 3390 4002 3389
f 1267 3391 3392
f 3601 3393 3391
f 3602 3055 1041
f 3394 3393 3602
f 1271 3710 3395
f 1271 3395 3394
f 3761 1273 3394
f 3394 1268 3761
f 3395 1269 3394
f 3394 1269 1268
f 3896 1268 3403
f 1269 3395 1270
f 3710 1270 3395
f 1271 3394 3602
f 1410 3396 3399
f 1272 3398 3397
f 3399 3398 1272
f 3399 3400 3398
f 3396 3400 3399
f 3391 1273 3392
f 3401 3552 1274
f 1274 3881 4028
f 1274 4028 3401
f 3552 3402 1276
f 1275 3402 3761
f 3896 1275 3761
f 1272 3403 1269
f 1270 1272 1269
f 1272 3397 3403
f 3405 1275 3896
f 3409 1275 3405
f 3397 3398 1277
f 3896 3397 3405
f 3400 1277 3398
f 1279 3400 3396
f 3407 1279 3406
f 3387 3406 1382
f 3407 3413 1279
f 3881 3409 3410
f 3404 1277 3412
f 3412 1277 3400
f 3411 3404 3412
f 3410 3408 4028
f 3424 3410 3409
f 3424 3409 3411
f 3408 3410 3956
f 3401 3408 3494
f 3610 3401 3494
f 3410 3425 3956
f 3424 3411 3423
f 3413 3422 3412
f 3400 3413 3412
f 3413 3407 3414
f 3415 1280 3389
f 3999 3415 3389
f 3999 3389 1282
f 1281 1283 1282
f 1283 3416 1282
f 1281 3419 1283
f 3999 3416 1286
f 3417 1284 1285
f 1285 3416 3495
f 3711 3717 3419
f 3716 3418 3419
f 1284 3417 1287
f 1284 1287 1286
f 1287 3417 3429
f 3415 3999 1286
f 3415 1286 1289
f 1266 3415 1289
f 1280 3415 1266
f 1266 3420 3388
f 3388 3420 1288
f 1288 3420 3822
f 3822 3421 1288
f 1288 3422 3413
f 1288 3421 3422
f 3422 3421 3423
f 3423 3411 3422
f 3424 3423 3433
f 3433 3423 3436
f 1266 3759 3420
f 3434 3822 3420
f 1293 3822 3434
f 3426 1291 3759
f 1290 3426 1289
f 1286 1290 1289
f 1290 1287 1296
f 1291 3427 3434
f 3897 3430 3426
f 1290 1296 3897
f 3428 3446 3429
f 1296 3429 3446
f 3430 1291 3426
f 1291 3430 1299
f 1291 1299 3427
f 1293 3436 3423
f 3425 3433 3432
f 1292 3432 3431
f 1292 3956 3432
f 3438 1292 3431
f 3431 3432 3449
f 3432 3433 3449
f 3427 3435 3434
f 3435 3427 3441
f 3433 3436 3448
f 3438 3431 3437
f 1295 1292 3438
f 1292 1295 3494
f 3431 3449 3439
f 3439 3449 3507
f 3436 1293 3440
f 3435 3441 3440
f 3441 3427 1299
f 3509 3440 3441
f 3440 3524 3447
f 1299 3430 1300
f 3444 3428 3442
f 3442 3428 3429
f 1297 3444 3442
f 3442 3429 3417
f 3503 3444 1297
f 3443 3444 3503
f 3444 1298 3428
f 1298 3446 3428
f 3445 1298 3444
f 3511 1326 3446
f 3897 3909 1300
f 3909 3897 1326
f 3507 3447 1301
f 3448 3436 3447
f 3449 3448 3447
f 3449 3447 3507
f 3992 1302 3456
f 1302 3992 1303
f 3452 3450 1302
f 1305 3452 3451
f 1303 1304 3463
f 1306 1302 3450
f 3459 3453 3454
f 1305 3451 3459
f 1302 1306 3456
f 3455 3456 1306
f 1306 3457 3455
f 3456 3455 1391
f 3454 3457 1306
f 3457 3454 1672
f 1671 3457 1672
f 3458 3453 3459
f 3459 4005 3458
f 3451 3463 3461
f 3461 3463 3823
f 1307 3458 4005
f 4005 3460 1307
f 3460 1308 3469
f 3461 3462 1308
f 3463 1304 3467
f 1304 3464 3467
f 3992 1309 1304
f 1309 3465 1310
f 1309 3464 1304
f 1309 1310 3464
f 3467 3464 3466
f 3475 3462 3468
f 1308 3478 3469
f 3468 3823 1311
f 3468 3474 3475
f 3474 3468 1311
f 1311 3473 3474
f 3472 3957 3470
f 3957 3471 3470
f 3824 3474 3473
f 3473 3476 3824
f 3932 3476 3473
f 3477 3932 3514
f 3513 3514 3932
f 1312 3824 3476
f 3478 3824 3916
f 3916 1313 3478
f 3469 3478 1313
f 1313 1314 3469
f 1314 3945 3469
f 3469 3945 3481
f 3469 3481 3460
f 3481 1307 3460
f 3488 3479 3945
f 3488 3945 1314
f 3488 1314 3497
f 3497 3825 3488
f 3458 1307 138
f 1307 3481 3482
f 1316 3482 3479
f 1316 1315 3484
f 3482 1316 1317
f 1317 3485 3482
f 3483 3484 1315
f 1316 3484 3486
f 3485 138 3482
f 3485 1317 146
f 145 3485 146
f 138 3485 145
f 3489 1336 1318
f 3487 1318 3483
f 3480 3487 1315
f 3480 1319 3487
f 3488 3825 1320
f 3825 3497 3496
f 3480 3490 3826
f 3826 1319 3480
f 1319 139 3487
f 3487 139 1318
f 1321 3826 3490
f 3490 1323 1321
f 3490 1320 1323
f 1320 1324 1323
f 1683 3491 1682
f 3491 1683 4021
f 146 3486 1683
f 1322 3506 3492
f 1297 3493 3501
f 3493 3946 1706
f 3137 3716 3855
f 3137 3418 3716
f 3142 1285 3495
f 3142 3418 3137
f 1324 3499 1323
f 3500 1740 3499
f 1297 3442 3506
f 1297 3501 3503
f 3501 3504 3503
f 3505 3443 3503
f 3504 3505 3503
f 1740 3445 3443
f 3442 3417 3506
f 3525 3654 3508
f 3507 1301 3508
f 3526 3508 1301
f 3527 1301 3524
f 3527 3526 1301
f 3527 3524 1331
f 3524 3509 3523
f 3524 3523 1331
f 3981 1300 1325
f 1300 3909 1325
f 1326 1325 3909
f 3496 1326 3511
f 1324 3498 3510
f 1324 3510 3499
f 3510 3500 3499
f 3500 3510 3445
f 3511 3510 3498
f 3511 1298 3510
f 3445 1740 3500
f 1410 3399 1270
f 1334 3466 1310
f 1334 3957 3466
f 3512 1327 3471
f 3513 3471 1327
f 1327 3514 3513
f 1312 3477 1329
f 3516 1329 1327
f 1327 3515 3516
f 1327 1328 3515
f 1327 3512 1328
f 1333 3515 1328
f 3517 3516 3515
f 1333 3517 3515
f 1330 1329 3516
f 3517 1330 3516
f 1329 1330 3519
f 3519 1330 1332
f 3518 1329 3519
f 3824 1312 3518
f 3518 3916 3824
f 3519 3520 3518
f 3521 3518 3520
f 3518 3521 3916
f 3520 3519 3523
f 3519 1332 3523
f 3520 3522 3521
f 1313 3916 3521
f 3497 1325 3496
f 1325 3522 3520
f 1325 1326 3496
f 1325 3520 3981
f 3520 3523 3981
f 3654 3525 3528
f 1332 1331 3523
f 3526 3527 3760
f 3527 1331 1332
f 3529 3760 1333
f 3526 3760 3529
f 3525 3526 3529
f 1335 3525 3529
f 3528 3530 3465
f 1333 1328 3529
f 3530 1335 1328
f 3530 1328 3512
f 3530 3512 1334
f 1334 3512 3957
f 1310 3530 1334
f 1328 1335 3529
f 3484 3483 3547
f 543 1348 1336
f 1336 3489 543
f 545 3532 2275
f 545 2283 3532
f 3532 2283 3533
f 2283 1337 3533
f 2282 2285 1337
f 1340 1337 3534
f 1339 1337 1340
f 1339 3533 1337
f 3533 1339 1341
f 3538 1340 3534
f 1338 1340 3535
f 1339 1340 1338
f 1341 1339 1346
f 3536 3532 3533
f 543 3532 3536
f 543 3536 1348
f 3535 3537 1338
f 3534 2285 3538
f 3539 3538 2285
f 3539 2285 2286
f 2286 548 3539
f 3539 548 1342
f 1343 3540 1342
f 3540 1343 3537
f 3537 1343 1345
f 1345 1343 1342
f 3541 1345 1342
f 1342 552 3541
f 3541 1344 1345
f 551 3541 552
f 2280 1344 551
f 1346 1338 3537
f 1349 1341 1346
f 3543 3536 1341
f 1346 3545 1349
f 1347 1345 3550
f 1347 3542 3537
f 1341 1349 3543
f 1349 1348 3543
f 3544 1349 3546
f 3546 3545 1347
f 1349 3545 3546
f 3484 3547 1350
f 3484 1350 3548
f 1351 1350 3544
f 1351 3544 1352
f 4021 1352 3549
f 4021 1351 1352
f 1683 3486 1351
f 3486 3548 1351
f 1683 1351 4021
f 4021 3549 1353
f 3491 553 1682
f 3491 3531 553
f 1353 3531 3491
f 554 3531 1353
f 3546 1347 3550
f 3546 3549 1352
f 554 1344 546
f 546 1344 2280
f 552 1342 555
f 3549 3550 1353
f 1353 3550 554
f 554 3550 1344
f 3551 3402 3552
f 3553 1355 3675
f 1354 3554 1441
f 3555 3553 3554
f 1355 3553 3555
f 3555 3557 3566
f 3557 3555 3554
f 3555 3566 3558
f 1355 3555 3558
f 3559 1355 3558
f 3677 1355 3559
f 3560 1356 3559
f 3560 3559 3558
f 1356 3562 3559
f 1356 1357 3564
f 3561 3563 1356
f 3562 1356 4000
f 1359 3561 1366
f 3564 1366 3561
f 1357 3573 3571
f 3565 3558 3566
f 3566 3572 3565
f 3557 3567 3566
f 3572 3566 3567
f 3567 3556 3572
f 3567 3557 3569
f 3554 3569 3557
f 3568 3574 3556
f 2291 3569 1354
f 2291 1354 2289
f 1461 2289 1354
f 1358 3563 3592
f 3570 1358 3592
f 1366 1364 1359
f 3564 3593 1366
f 3571 3588 3593
f 3572 3556 3573
f 3573 3556 3588
f 3556 3585 3588
f 3556 3574 3585
f 2337 3579 2338
f 3579 2337 4029
f 4029 2337 3578
f 3578 3576 3577
f 3613 3577 3575
f 1360 2338 3579
f 3580 3579 4029
f 3810 4029 3752
f 3616 3581 3615
f 3616 3619 3581
f 3579 3580 1360
f 3583 3582 570
f 1361 3582 3583
f 1360 3584 3583
f 3580 3619 1360
f 1361 2341 2339
f 1362 3586 2340
f 3586 1362 3590
f 3574 3586 3585
f 3585 3586 3590
f 3593 3588 1363
f 3588 3587 1363
f 3587 3589 1363
f 3590 3929 3589
f 3589 3587 3590
f 3585 3587 3588
f 3585 3590 3587
f 3929 3591 3620
f 1362 1361 4001
f 3591 4001 3584
f 3620 3584 3619
f 1361 3583 4001
f 1365 1359 1364
f 1359 1365 3592
f 3592 1365 3570
f 3917 3570 1365
f 3593 1363 3599
f 3593 3599 1366
f 3599 3598 1364
f 3917 1365 3605
f 3595 1358 3596
f 3594 3917 3607
f 3596 3594 3597
f 1364 3598 3930
f 4004 1363 3600
f 4004 3600 3601
f 3600 1372 3601
f 3392 3883 3930
f 3551 3883 3392
f 3393 3601 3055
f 3601 1042 3055
f 1372 1042 3601
f 3608 3603 1367
f 1367 3604 3608
f 3917 3605 3607
f 3607 3605 3609
f 3605 1368 3609
f 3608 3609 3603
f 3609 3610 3603
f 1368 3401 3610
f 3610 3609 1368
f 3605 3606 1368
f 3606 3551 3552
f 3610 3494 3603
f 3642 3603 1295
f 573 572 3611
f 573 3611 3575
f 3575 3611 3612
f 3575 3612 3613
f 3827 3612 3611
f 3577 3613 1369
f 1075 3613 3612
f 1075 1369 3613
f 3109 3108 3614
f 3615 3810 1040
f 3616 3615 3617
f 3617 1370 3616
f 1370 3617 3618
f 3617 3615 3111
f 3618 1042 1372
f 3581 3619 3580
f 3620 3616 1370
f 3620 3619 3616
f 3618 1372 1370
f 1372 3589 1370
f 3589 1372 3600
f 3622 3918 3621
f 1374 3622 3621
f 3622 1374 3624
f 1376 3918 3622
f 3622 3623 1376
f 3627 3623 3624
f 3624 3625 3627
f 1436 3625 3624
f 3623 3627 3626
f 3629 3626 3699
f 133 3728 1375
f 1377 1375 3628
f 1375 3728 3628
f 3628 1460 3630
f 3918 1376 3630
f 3623 3629 1376
f 1376 3629 3631
f 3629 3632 3631
f 1376 3631 3630
f 3629 3695 3632
f 3632 3706 1378
f 1375 3657 133
f 1377 3628 3630
f 3630 3631 1377
f 1378 3631 3632
f 3633 1379 1377
f 1378 3682 3633
f 3633 3634 1379
f 3634 3635 1379
f 3635 3638 1379
f 1381 3635 3634
f 3636 3633 3682
f 3636 3682 3637
f 1380 3637 1383
f 3634 1380 1381
f 3635 1392 3638
f 1382 3640 3639
f 1393 3635 1381
f 1384 3641 3828
f 3662 1384 3828
f 3828 3641 3694
f 3642 3828 1367
f 3828 3642 3662
f 3597 3608 3604
f 1385 3662 3642
f 3437 1294 3438
f 1294 1385 1295
f 1294 4026 1385
f 3646 1294 3437
f 3646 3437 3439
f 3437 3431 3439
f 3646 3645 1386
f 1386 1387 4026
f 4026 1387 3662
f 3643 3660 1386
f 1396 3643 1386
f 3660 3643 3644
f 3644 3643 3667
f 3643 1396 3668
f 1396 1386 3645
f 1396 3645 1388
f 3829 1388 3653
f 3653 1388 1389
f 1388 3645 1389
f 1389 3645 3646
f 1389 3646 3439
f 3439 3507 1389
f 3647 1390 3648
f 3647 3649 1390
f 3649 3647 3829
f 1390 3649 3650
f 3651 3650 3649
f 3651 3456 3650
f 3456 3651 3992
f 1391 3931 3650
f 1391 1725 3931
f 3651 3649 3992
f 1389 3652 3653
f 3652 1389 3507
f 3655 3653 3654
f 3829 3653 3655
f 3829 3655 1309
f 3649 3829 1309
f 1725 1391 1673
f 1725 3674 3931
f 3655 3465 1309
f 3658 3657 3638
f 3638 1392 3658
f 1392 1393 1394
f 1393 3639 1394
f 3659 1392 1394
f 3660 3692 1384
f 3640 3667 3661
f 3640 1406 3644
f 3662 1385 4026
f 133 3663 3656
f 3663 3659 1394
f 3663 3664 1395
f 178 1395 3664
f 3667 3640 3644
f 3666 3667 3668
f 1396 3648 1397
f 3648 3670 1397
f 1398 3666 3668
f 3668 1397 1398
f 3669 1397 3670
f 3648 1390 3670
f 3671 3650 3931
f 3671 3672 3670
f 3669 3670 3672
f 3672 1399 3669
f 3931 3674 3672
f 1399 3672 3674
f 1399 1398 3669
f 1398 3859 3666
f 3666 3859 3661
f 1398 3673 3859
f 3673 1398 1399
f 1399 177 3673
f 3664 3673 178
f 3658 3659 3663
f 3673 3664 3665
f 3528 3655 3654
f 3655 3528 3465
f 12 1400 1436
f 3625 1436 3676
f 1400 3676 1436
f 11 3675 1400
f 1400 3675 3677
f 3677 3676 1400
f 3677 3675 1355
f 3676 3677 3678
f 3678 3679 3676
f 3678 3559 3562
f 1401 3678 3562
f 3595 3562 4000
f 3680 1401 3595
f 3679 1401 3680
f 1402 3679 3680
f 3679 1402 3676
f 3626 3681 4003
f 3626 3627 3681
f 1402 3681 3627
f 3680 3830 3681
f 3830 3680 3691
f 3595 3690 3680
f 3685 1378 3686
f 3682 3689 3831
f 3682 3831 3637
f 3636 3637 1380
f 3640 3684 1406
f 1405 3958 3637
f 3683 3685 3687
f 3686 3687 3685
f 3687 3686 1404
f 3688 3689 3683
f 1404 1403 3687
f 3596 3690 3595
f 3691 1403 1404
f 3691 3688 1403
f 3691 3690 3688
f 3690 3693 3688
f 3693 3596 3597
f 3688 3693 3689
f 3641 3692 1405
f 3684 3958 1406
f 1405 3692 1406
f 3692 3641 1384
f 1367 3694 3604
f 3692 3644 1406
f 3689 3693 3694
f 3604 3694 3693
f 3695 3696 3706
f 3706 3632 3695
f 1407 3697 3698
f 3629 3699 3698
f 1409 3697 1407
f 1407 3704 1409
f 1407 3700 3704
f 3703 3704 3700
f 3697 1409 3701
f 1409 3719 1408
f 3719 1409 3702
f 3705 3721 3702
f 3705 3200 3721
f 3702 1409 3704
f 3705 3702 3703
f 3706 3707 3686
f 3706 3696 3707
f 3686 1410 3708
f 1410 3686 3707
f 3710 1411 3708
f 1404 3708 1411
f 3722 3709 3696
f 1412 3709 3722
f 1416 1383 1413
f 1413 3709 1412
f 3396 3709 1413
f 1413 1383 3396
f 3709 3396 1410
f 1410 1270 3710
f 3708 1410 3710
f 3720 3713 3714
f 1414 3717 3711
f 3712 3121 3140
f 3712 3717 1415
f 3717 3712 3715
f 3712 3140 3715
f 3713 3121 3712
f 3713 3712 1415
f 3121 3713 1159
f 3855 3716 3715
f 1414 1415 3717
f 3716 3717 3715
f 1408 3719 3718
f 3719 1414 3718
f 3718 1414 3711
f 3702 3721 3719
f 3721 3714 1415
f 1414 3719 1415
f 1383 1416 1380
f 3722 3723 1412
f 3722 3724 3723
f 3696 3724 3722
f 1408 3724 3701
f 1413 3723 1416
f 3724 1408 1417
f 3699 4003 1404
f 3698 1411 3726
f 1411 3710 1271
f 3056 1044 3700
f 3056 3700 1407
f 3725 3056 1407
f 3726 3054 3056
f 3726 1411 3054
f 3725 1407 3726
f 4002 1281 1282
f 1383 1279 3396
f 1383 1418 1279
f 3406 1279 1418
f 1380 1416 1381
f 1419 1278 1393
f 3639 1393 1382
f 1381 1419 1393
f 1278 3390 1382
f 3390 1278 3727
f 1419 3727 1278
f 1381 3727 1419
f 3684 1382 1278
f 1278 1382 3406
f 3200 3720 3721
f 1465 29 30
f 1485 3730 1484
f 1643 1644 1636
f 1748 1724 195
f 236 217 218
f 253 3772 243
f 3735 1869 1898
f 4013 3773 3913
f 1909 269 273
f 1938 293 286
f 396 2756 2046
f 2102 363 3995
f 2224 499 510
f 3785 2252 3786
f 1563 66 2368
f 2445 2446 2400
f 643 634 633
f 702 708 2564
f 2617 2612 734
f 788 789 797
f 343 4598 4596
f 4598 3745 4596
f 4596 344 343
f 2774 840 849
f 848 2776 2778
f 2854 3804 2851
f 2866 2863 3748
f 923 922 2884
f 3806 3030 2885
f 3808 4019 3797
f 3012 2675 2991
f 1008 1030 3046
f 2467 643 1036
f 3122 3132 3125
f 3131 3130 3135
f 3138 3128 3131
f 3238 3262 3239
f 1253 3286 3288
f 1251 3879 1252
f 1320 3498 1324
f 3584 4001 3583
f 1408 3718 1417
f 1430 3919 1431
f 3728 130 3762
f 130 3728 133
f 3729 3730 1485
f 1486 1487 1485
f 46 40 1503
f 1511 1506 1508
f 1538 1541 1537
f 1559 3766 4006
f 1649 3898 113
f 1650 3898 119
f 112 1659 120
f 1663 126 43
f 1666 1667 36
f 141 3826 1321
f 1701 3734 1700
f 154 152 3734
f 1711 1710 1712
f 167 120 121
f 197 1720 172
f 1727 178 1726
f 1760 3145 200
f 1778 1780 1776
f 1809 215 4015
f 1813 1814 3770
f 1151 225 222
f 1838 3959 236
f 1854 1833 1850
f 3984 1892 1864
f 255 259 254
f 1921 1920 260
f 668 258 3901
f 1905 1904 1906
f 1848 1915 244
f 1923 261 1922
f 3736 1925 1921
f 1938 1949 1963
f 3737 1938 1962
f 1925 301 1966
f 303 302 1925
f 1962 1964 2586
f 302 1964 1963
f 1181 1968 304
f 305 1967 304
f 1975 1970 308
f 1971 307 1972
f 1979 1990 314
f 1987 2002 1988
f 336 4870 4648
f 4870 2018 4648
f 2017 4703 4648
f 4703 336 4648
f 2032 2035 350
f 358 356 359
f 2044 2042 2115
f 4610 4844 4661
f 4844 2063 4661
f 4661 380 4610
f 2062 4670 4610
f 2063 4844 4670
f 4844 4610 4670
f 3778 386 2069
f 2084 393 2081
f 2048 368 2087
f 3779 2094 402
f 410 4577 2113
f 2056 4671 4577
f 4671 2113 4577
f 2113 4632 410
f 4632 413 410
f 410 4876 4775
f 4876 412 4775
f 4775 2057 410
f 2089 434 2123
f 399 438 434
f 447 448 3738
f 3738 448 449
f 3902 449 450
f 453 452 457
f 2803 2170 2804
f 2169 4183 4076
f 4183 3782 4076
f 2168 4355 4076
f 4355 2169 4076
f 480 2156 2185
f 477 478 2199
f 4038 4406 4156
f 4406 475 4156
f 2201 4263 4156
f 4263 4038 4156
f 4038 4264 4080
f 4264 3904 4080
f 475 4406 4080
f 4406 4038 4080
f 4035 4279 4050
f 3904 4414 4279
f 4414 4050 4279
f 4050 4413 4242
f 4413 2199 4242
f 4242 4035 4050
f 4243 4449 4279
f 4449 3904 4279
f 4279 4035 4243
f 3868 4262 4243
f 3904 4449 4262
f 4449 4243 4262
f 4050 4179 4081
f 4179 467 4081
f 2199 4413 4081
f 4413 4050 4081
f 4050 4414 4094
f 4414 3904 4094
f 467 4179 4094
f 4179 4050 4094
f 2202 481 2185
f 4133 4376 4053
f 2203 4436 4376
f 4436 4053 4376
f 4377 4440 4376
f 4440 2203 4376
f 4441 4442 4440
f 4442 2203 4440
f 4443 4444 4442
f 4444 2203 4442
f 4445 4446 4444
f 4446 2203 4444
f 4447 4448 4446
f 4448 2203 4446
f 2203 4448 2184
f 4448 4447 2184
f 2184 4447 4445
f 4447 4446 4445
f 2184 4445 4443
f 4445 4444 4443
f 2184 4443 4441
f 4443 4442 4441
f 2184 4441 4377
f 4441 4440 4377
f 2184 4377 4133
f 4377 4376 4133
f 4053 4435 4054
f 2183 4451 4435
f 4451 4054 4435
f 4054 4450 4133
f 4450 2184 4133
f 4133 4053 4054
f 2184 480 2203
f 481 469 476
f 2829 2205 486
f 3965 2217 495
f 494 2221 2216
f 515 3337 2226
f 2246 525 524
f 2253 2255 2254
f 532 498 2225
f 539 541 2271
f 2296 4022 2298
f 3966 2300 2301
f 2492 2305 2307
f 571 2332 3940
f 574 1526 2345
f 55 578 2353
f 2357 2354 2358
f 2369 2366 2365
f 2367 583 2371
f 2394 613 614
f 613 2394 2395
f 629 2450 2401
f 2422 3923 3845
f 609 605 2404
f 605 609 2407
f 610 2407 609
f 2425 619 601
f 623 2429 2430
f 2449 2427 622
f 3939 2424 2437
f 3790 2423 2438
f 3873 2440 3790
f 2442 1185 1184
f 631 2454 632
f 3165 630 2452
f 632 633 634
f 2465 2467 638
f 2469 646 2468
f 1134 647 2471
f 2471 647 3926
f 2307 2320 561
f 2494 2495 663
f 3837 667 2518
f 2544 2545 2547
f 2553 2545 2544
f 2558 2557 2563
f 2565 702 703
f 2570 2571 3876
f 2574 2575 2570
f 3796 3793 3876
f 701 4008 712
f 700 3793 698
f 3795 717 842
f 716 719 2590
f 719 2592 721
f 724 715 2581
f 3997 722 3014
f 2649 3287 748
f 749 748 2650
f 2863 749 2650
f 3882 760 2673
f 762 2666 770
f 771 770 2676
f 2684 2681 2692
f 2684 2688 2679
f 2693 779 2444
f 2704 320 2703
f 786 2707 787
f 2710 2711 791
f 2716 2717 798
f 3986 796 799
f 4009 4619 804
f 792 4622 4619
f 4622 804 4619
f 2018 4587 4557
f 2723 4825 4587
f 4825 4557 4587
f 4557 4826 2018
f 2015 4896 4826
f 4896 2018 4826
f 2718 3986 2731
f 352 810 812
f 2735 2736 2733
f 353 816 396
f 817 2754 396
f 2794 682 3746
f 2768 686 837
f 852 853 2783
f 2798 837 3911
f 2149 3051 868
f 4063 4203 4117
f 4203 2805 4117
f 2807 4516 4117
f 4516 4063 4117
f 4063 4514 4093
f 4514 873 4093
f 2805 4203 4093
f 4203 4063 4093
f 2814 3803 2818
f 2828 784 2829
f 2838 2842 2840
f 2854 2851 2852
f 2852 2856 2854
f 891 2856 2852
f 907 898 2855
f 2859 3851 903
f 2849 2871 911
f 3360 3362 2883
f 2884 2883 923
f 2891 2890 930
f 2907 940 942
f 2908 2907 942
f 947 948 950
f 2916 963 2913
f 2913 2918 2916
f 586 2375 585
f 2930 2929 975
f 3892 2947 3990
f 2950 2949 981
f 3853 4019 3808
f 984 2952 2954
f 2608 2971 3808
f 2954 2952 997
f 764 2671 2976
f 2976 998 2971
f 985 989 3011
f 3892 2948 2945
f 1028 777 1008
f 2886 3053 931
f 1040 3810 3752
f 3057 3953 3058
f 3061 155 3062
f 1050 1051 3144
f 3066 3065 1046
f 3067 1095 1055
f 3073 3072 3811
f 3811 3072 3074
f 3827 2439 1074
f 3112 3978 1084
f 3124 3132 3122
f 1086 3124 3118
f 3124 3128 3132
f 3131 1093 3138
f 3151 3152 1104
f 3129 1092 1105
f 3187 1149 1139
f 1139 1149 1176
f 1156 1152 3195
f 1156 2500 1152
f 3196 1155 1154
f 3197 3195 1151
f 3113 3115 3203
f 3116 3204 1162
f 3206 1168 3815
f 3208 3191 3192
f 1144 1173 3895
f 1812 3222 3221
f 3224 3816 3226
f 3879 3252 3253
f 1252 3879 3944
f 3991 3753 2516
f 1205 3272 1203
f 3273 3277 3275
f 3858 3281 1206
f 3858 3275 3277
f 3273 3279 3276
f 3277 1209 3858
f 3300 3304 1221
f 3308 3299 1222
f 1222 3306 1224
f 1226 1227 1225
f 2826 884 1230
f 886 3316 1234
f 3320 500 1239
f 3332 3336 3335
f 3348 3340 3339
f 3348 3349 1247
f 3354 1243 526
f 3249 3879 1251
f 2865 1253 3359
f 3359 919 2865
f 3359 3360 919
f 3367 1255 3369
f 3375 3368 3369
f 3369 3757 3371
f 1262 2908 943
f 1262 3378 1259
f 3386 3388 3387
f 1280 3388 3386
f 1275 3409 1276
f 3406 3387 3407
f 3411 3409 3404
f 3401 4028 3408
f 3416 1285 1284
f 3759 3434 3420
f 3429 1296 1287
f 3446 3897 1296
f 3456 1391 3650
f 3459 3454 1305
f 1305 3454 1306
f 3823 3468 3462
f 3478 3475 3824
f 3477 3514 1329
f 3760 1330 3517
f 3534 1337 2285
f 1356 3560 1357
f 4029 3578 3105
f 3577 1369 3578
f 3615 3581 3810
f 3930 1365 1364
f 1358 3594 3596
f 3606 3883 3551
f 3608 3597 3607
f 3105 3578 1369
f 3929 3620 1370
f 1363 3589 3600
f 1395 3656 3663
f 3657 3658 133
f 3639 3640 3661
f 3665 3661 3859
f 3674 177 1399
f 3681 1402 3680
f 3689 3641 3831
f 1405 3831 3641
f 3691 3680 3690
f 4002 3718 3711
f 1404 3698 3699
f 3698 1404 1411
f 3973 1438 1444
f 3884 1457 1459
f 3861 123 1660
f 1636 1640 1642
f 1647 1648 1654
f 211 3920 1790
f 1792 3836 1794
f 2091 404 2092
f 3785 2255 2253
f 2306 2304 2314
f 3871 597 2399
f 3796 3910 722
f 2602 3797 2606
f 3744 785 2703
f 321 320 2704
f 4761 4897 4633
f 4897 2714 4633
f 4898 4917 4897
f 4917 2714 4897
f 4918 4919 4917
f 4919 2714 4917
f 4920 4921 4919
f 4921 2714 4919
f 4922 4923 4921
f 4923 2714 4921
f 4923 4924 2714
f 4924 3848 2714
f 3848 4924 4922
f 4924 4923 4922
f 3848 4922 4920
f 4922 4921 4920
f 3848 4920 4918
f 4920 4919 4918
f 3848 4918 4898
f 4918 4917 4898
f 3848 4898 4761
f 4898 4897 4761
f 2712 4729 4633
f 3848 4761 4729
f 4761 4633 4729
f 873 4232 4129
f 4232 883 4129
f 881 4412 4129
f 4412 873 4129
f 940 2904 939
f 1060 3080 3074
f 1169 1132 3206
f 3303 1183 1186
f 1260 3980 1256
f 3511 3446 1298
f 3570 3594 1358
f 3689 3682 3683
f 1511 48 1506
f 1466 1517 1467
f 3729 1482 3730
f 1517 3982 1518
f 53 3912 1525
f 3885 1685 1686
f 88 1597 1593
f 1601 1602 1599
f 102 1619 1616
f 1653 1648 114
f 2263 136 182
f 1717 148 1698
f 203 1770 1767
f 1799 1798 216
f 1803 1804 218
f 1829 2493 662
f 232 1829 662
f 3962 241 1846
f 3963 1860 1857
f 245 249 1873
f 1891 3984 1876
f 1916 274 4014
f 1918 257 1885
f 2146 92 1594
f 302 1949 1924
f 1969 3298 306
f 219 315 3994
f 317 2204 2205
f 3840 2021 2010
f 2025 4854 2028
f 4854 342 2028
f 327 2052 328
f 405 2099 2098
f 2109 4692 2108
f 4692 2106 2108
f 411 4863 413
f 2105 4878 4863
f 4878 413 4863
f 2088 422 2122
f 421 2122 422
f 2144 92 2146
f 3998 455 2803
f 4045 4489 4241
f 4489 2825 4241
f 2201 4361 4241
f 4361 4045 4241
f 4045 4360 4095
f 4360 882 4095
f 2825 4489 4095
f 4489 4045 4095
f 2185 481 480
f 495 2217 491
f 2230 2231 513
f 514 2234 513
f 535 2268 1624
f 1644 264 111
f 541 542 2271
f 549 548 2286
f 2296 2298 2297
f 602 2424 2403
f 605 604 2408
f 605 2405 604
f 608 2409 2411
f 2399 606 2395
f 2416 615 2420
f 3924 2679 773
f 2471 2476 1150
f 651 2472 2486
f 3191 660 652
f 1844 2510 2509
f 2775 2529 679
f 2547 3269 692
f 2547 2546 2548
f 695 740 3742
f 2555 2541 4008
f 705 2631 704
f 2574 2570 3876
f 3876 3793 2574
f 3796 3876 3910
f 714 2578 2580
f 3882 2673 2667
f 2669 766 764
f 2673 760 3809
f 2676 770 2666
f 774 2685 773
f 319 3744 2703
f 3745 4604 4582
f 4604 806 4582
f 4582 345 3745
f 2780 2772 838
f 2780 2779 2772
f 2785 847 854
f 2783 2782 851
f 2848 2844 894
f 2853 900 2858
f 2892 915 2893
f 2885 3030 923
f 940 2906 2903
f 2931 2930 975
f 972 2938 978
f 2946 2934 965
f 2936 2943 2942
f 2976 765 764
f 2973 2975 997
f 951 1017 3015
f 950 1018 949
f 3029 3032 1022
f 922 3033 3034
f 1021 3036 3032
f 1030 1008 777
f 3042 3043 3044
f 3053 2886 926
f 2859 2878 2893
f 169 154 1050
f 1068 595 2391
f 596 3082 3094
f 3119 1085 3120
f 3143 3142 3137
f 3942 1062 3075
f 1107 3154 1106
f 3155 3159 3154
f 3174 3176 3172
f 1117 3171 1116
f 3182 1130 1131
f 3915 3231 3232
f 3817 1190 1200
f 3238 3239 3259
f 3279 3280 4020
f 1223 3305 3756
f 3321 3322 3324
f 3334 1244 1245
f 3353 3348 3354
f 1255 3364 3365
f 3368 3376 3806
f 1259 3379 1263
f 1277 3404 3405
f 3432 3956 3425
f 3440 1293 3435
f 3981 3509 1299
f 3467 3472 3823
f 3479 3480 1315
f 1297 1322 3493
f 3508 3526 3525
f 3760 3517 1333
f 1347 3545 3542
f 1377 3657 1375
f 3665 1394 3661
f 3663 133 3658
f 3669 1398 1397
f 3931 3672 3671
f 1393 1278 1382
f 179 1730 1728
f 1988 2002 3866
f 3915 1194 1193
f 1365 3883 3605
f 4003 3830 3691
f 1750 1748 196
f 1780 1781 1776
f 1786 1818 1783
f 1771 1770 3770
f 3775 1848 1847
f 3775 1915 1848
f 4153 4352 4157
f 4352 4035 4157
f 4157 478 4153
f 3868 4243 4153
f 4035 4352 4243
f 4352 4153 4243
f 4158 4159 4157
f 4159 478 4157
f 4160 4161 4159
f 4161 478 4159
f 4162 4163 4161
f 4163 478 4161
f 4164 4165 4163
f 4165 478 4163
f 4166 4167 4165
f 4167 478 4165
f 4167 4168 478
f 4168 2199 478
f 2199 4168 4166
f 4168 4167 4166
f 2199 4166 4164
f 4166 4165 4164
f 2199 4164 4162
f 4164 4163 4162
f 2199 4162 4160
f 4162 4161 4160
f 2199 4160 4158
f 4160 4159 4158
f 4035 4242 4158
f 4242 2199 4158
f 4158 4157 4035
f 502 2225 2222
f 3767 2268 535
f 605 2407 2405
f 616 2411 3872
f 2680 2681 2684
f 2457 3164 1118
f 3134 3813 1059
f 3915 1193 3243
f 1205 1203 3267
f 3338 3340 1244
f 3339 3340 3338
f 1359 3592 3561
f 3624 3623 3622
f 56 1536 1535
f 1818 1762 1783
f 236 1870 217
f 452 2163 457
f 502 503 1232
f 2278 545 2276
f 792 4619 2713
f 4009 4809 4619
f 4809 2713 4619
f 4554 4613 4555
f 2722 4759 4613
f 4759 4555 4613
f 4555 4760 4737
f 4760 346 4737
f 4737 4554 4555
f 4613 4902 4668
f 4902 2728 4668
f 4668 2722 4613
f 4554 4738 4613
f 2728 4902 4738
f 4902 4613 4738
f 2741 2737 2746
f 2881 3748 2863
f 902 2872 2858
f 2916 964 963
f 2933 2938 972
f 3083 3084 1066
f 3856 3143 3894
f 3856 3067 3143
f 204 1062 1817
f 3550 1345 1344
f 3105 3614 3108
f 1416 3723 3724
f 1457 3884 24
f 1499 1490 1492
f 46 1505 1477
f 1565 78 1566
f 82 76 1573
f 1611 536 3787
f 115 3899 246
f 164 1722 172
f 184 183 1321
f 197 198 175
f 216 1795 1799
f 3836 214 215
f 227 1745 1826
f 1840 1836 1999
f 1973 1972 1982
f 2007 2003 320
f 333 3867 2022
f 4605 4819 2019
f 3867 4978 4819
f 4978 2019 4819
f 4820 4845 4819
f 4845 3867 4819
f 4846 4847 4845
f 4847 3867 4845
f 4848 4849 4847
f 4849 3867 4847
f 4850 4851 4849
f 4851 3867 4849
f 4852 4853 4851
f 4853 3867 4851
f 3867 4853 2022
f 4853 4852 2022
f 2022 4852 4850
f 4852 4851 4850
f 2022 4850 4848
f 4850 4849 4848
f 2022 4848 4846
f 4848 4847 4846
f 2022 4846 4820
f 4846 4845 4820
f 2022 4820 4605
f 4820 4819 4605
f 386 387 392
f 2168 2167 2164
f 2184 2163 2156
f 2196 4491 4062
f 2197 4510 4491
f 4510 4062 4491
f 4062 4509 4197
f 4509 465 4197
f 4197 2196 4062
f 465 4509 474
f 4509 4062 474
f 4062 4510 4118
f 4510 2197 4118
f 4118 474 4062
f 501 500 3921
f 2229 512 516
f 2292 2289 28
f 2305 2306 2308
f 2335 2334 2336
f 2357 2350 2354
f 2419 3906 2417
f 2459 2460 633
f 2473 647 2472
f 2488 661 645
f 678 2527 1955
f 4008 701 2555
f 771 2674 770
f 784 783 782
f 784 317 2829
f 2706 319 2703
f 2745 2746 2747
f 2751 820 3746
f 3802 828 2759
f 836 400 833
f 2790 2789 857
f 2798 3911 2799
f 4047 4127 4063
f 873 4514 4127
f 4514 4063 4127
f 4063 4516 4372
f 4516 2807 4372
f 4372 4047 4063
f 4075 4515 4371
f 4515 4047 4371
f 4371 872 4075
f 873 4127 4075
f 4047 4515 4127
f 4515 4075 4127
f 3998 2803 797
f 2882 920 917
f 917 920 921
f 937 935 921
f 942 943 2908
f 949 3015 952
f 963 3807 2596
f 2947 3892 2946
f 4019 2951 982
f 959 3020 944
f 1033 557 2302
f 1053 3953 3060
f 1065 1066 3084
f 3121 3125 3140
f 1062 1099 3073
f 3062 1824 159
f 657 1141 1143
f 3915 3243 3231
f 3243 3245 3231
f 3280 3294 1212
f 1212 1213 3292
f 1246 1247 1248
f 1273 3391 3393
f 1268 3896 3761
f 3399 1272 1270
f 3426 3759 1266
f 3434 3759 1291
f 4005 1308 3460
f 3527 1332 1330
f 1335 3528 3525
f 1371 3617 3111
f 3603 3642 1367
f 3671 3670 1390
f 3671 1390 3650
f 3402 1273 3761
f 102 1559 70
f 3732 1597 97
f 2605 3798 3797
f 1266 1289 3426
f 1770 1771 1772
f 2479 2474 2473
f 2852 746 891
f 2869 749 909
f 3750 963 964
f 1081 3204 3107
f 3137 3894 3143
f 3912 53 1527
f 1544 228 1497
f 2013 2719 339
f 2039 357 2037
f 2271 2275 543
f 2305 2301 2306
f 3790 2440 2423
f 690 3269 691
f 2595 2596 3807
f 1007 3037 1006
f 3070 3087 1060
f 1065 3077 1064
f 3211 3190 1145
f 3211 1147 1174
f 3509 3981 3523
f 3392 1273 3402
f 3697 3696 3695
f 1428 5 1424
f 12 3860 1437
f 1662 26 37
f 147 3982 1517
f 31 1467 3862
f 61 3886 62
f 3920 211 1652
f 1687 1689 1686
f 121 1820 167
f 3959 237 1828
f 117 1859 3899
f 1855 1870 1878
f 520 3343 3345
f 528 529 2249
f 2288 3889 550
f 2296 2489 2295
f 2335 2336 2338
f 2388 2390 2788
f 3923 2410 3845
f 2470 648 2486
f 2559 712 2563
f 749 2863 2866
f 854 2389 869
f 4095 4354 4136
f 4354 2820 4136
f 4136 2825 4095
f 882 4221 4095
f 2820 4354 4221
f 4354 4095 4221
f 2859 2860 3851
f 2847 911 4017
f 2929 2934 972
f 4019 2606 3797
f 2358 993 2965
f 3053 915 931
f 1071 1073 3099
f 3715 3140 3139
f 1095 1096 1094
f 1062 3073 3075
f 1100 1099 1062
f 1072 3156 1109
f 3161 3168 1112
f 1116 1123 1121
f 3180 1128 1129
f 1122 1126 1166
f 3191 3207 1148
f 1166 1130 1132
f 3247 3255 3257
f 3294 3272 3972
f 3318 1235 4012
f 3235 3248 1251
f 3235 3236 3248
f 3461 3823 3462
f 1323 184 1321
f 3539 3535 3538
f 3551 3392 3402
f 3560 3558 3565
f 3917 3594 3570
f 3618 3617 1371
f 1606 1610 1608
f 1809 3836 215
f 3921 2211 501
f 2427 2449 631
f 2746 2737 2743
f 3711 3419 1281
f 602 2403 2425
f 1871 3959 1828
f 2225 502 504
f 2410 2411 2409
f 2436 2437 624
f 2542 2564 697
f 1023 3032 3031
f 2255 1604 2254
f 253 252 3772
f 4068 4205 4117
f 4205 2807 4117
f 2805 4530 4117
f 4530 4068 4117
f 4068 4529 4098
f 4529 2815 4098
f 2807 4205 4098
f 4205 4068 4098
f 1910 269 268
f 113 1651 1641
f 1748 193 194
f 243 1846 1842
f 606 603 2408
f 2456 2447 2445
f 729 722 3910
f 3990 980 3892
f 1267 3601 3391
f 3958 1278 1418
f 1445 1448 1447
f 1880 1884 1883
f 528 2253 2254
f 2410 607 3845
f 701 712 2559
f 2628 738 2627
f 2686 610 3952
f 3894 1097 1096
f 1081 1080 3204
f 3292 1208 4020
f 3436 3440 3447
f 3479 3481 3945
f 3619 3584 1360
f 1363 4004 3599
f 1692 1443 16
f 1455 1511 23
f 1433 1460 27
f 1469 3833 1470
f 1499 1501 1500
f 2369 66 67
f 64 66 1563
f 1583 1576 1575
f 1694 1690 1513
f 1709 3947 156
f 1825 1707 1752
f 220 3863 1810
f 3504 3501 156
f 242 1849 3962
f 1887 260 261
f 266 1903 1905
f 3949 268 1907
f 289 1942 290
f 1986 1981 1980
f 1980 1984 1986
f 2093 402 2094
f 3977 2119 431
f 4084 4365 4154
f 4365 475 4154
f 4154 3951 4084
f 2201 4156 4084
f 475 4365 4156
f 4365 4084 4156
f 506 3936 501
f 519 3342 520
f 2245 2246 524
f 2253 2249 2250
f 2320 2317 2318
f 2362 584 580
f 2364 2363 2970
f 617 3939 2423
f 2427 2461 2430
f 627 621 629
f 1128 1034 644
f 2470 2469 648
f 3192 2480 3209
f 2491 562 2490
f 3935 2494 663
f 2594 2592 2595
f 3847 737 2618
f 3742 3985 2635
f 2827 2832 2702
f 4776 4990 4812
f 4990 793 4812
f 4812 792 4776
f 2712 4843 4776
f 793 4990 4843
f 4990 4776 4843
f 821 3987 2751
f 824 2752 825
f 836 2770 2771
f 2789 2790 2793
f 4129 4468 4277
f 4468 2821 4277
f 4277 881 4129
f 883 4200 4129
f 2821 4468 4200
f 4468 4129 4200
f 744 2642 2640
f 896 2841 3013
f 2868 905 907
f 730 3976 3014
f 2987 2985 1004
f 3042 2299 3043
f 3060 3953 1045
f 3084 3083 3789
f 1079 3110 3104
f 3856 3894 1096
f 1163 1127 1166
f 1184 1185 3220
f 3235 3234 3236
f 3276 3278 3277
f 1242 515 2232
f 2865 3286 1253
f 1271 3602 1041
f 1673 1391 3455
f 3467 3823 3463
f 3472 3470 1311
f 3930 3598 1267
f 3642 1295 1385
f 3673 3665 3859
f 3637 3958 1383
f 1666 9 129
f 2576 700 712
f 2631 2630 704
f 832 2796 2535
f 1812 3216 3217
f 146 1683 144
f 202 204 1817
f 878 879 2814
f 239 1880 1883
f 520 521 519
f 120 1658 112
f 1908 1909 271
f 485 2214 2213
f 498 2223 2225
f 2547 2545 2546
f 2198 4344 4176
f 4344 471 4176
f 4176 3784 2198
f 3605 3883 3606
f 365 396 2046
f 1267 3598 4004
f 273 270 1909
f 952 3016 947
f 3954 3064 3927
f 925 3366 3365
f 3539 3540 3535
f 2985 2984 1004
f 1383 3958 1418
f 1443 15 1442
f 1583 1585 1587
f 3961 1780 1777
f 1861 1860 1862
f 1949 1938 286
f 2119 3977 415
f 2526 674 676
f 2705 2715 796
f 2875 2847 4017
f 3459 3461 4005
f 3488 3480 3479
f 22 1429 1456
f 17 1437 18
f 1483 42 123
f 1529 1525 1531
f 1537 1541 1540
f 1554 3975 71
f 1651 1648 1641
f 1668 1666 129
f 136 2263 1674
f 3499 1740 1737
f 1998 1840 1999
f 1884 253 1883
f 3900 3837 3901
f 294 1948 3737
f 306 1970 1969
f 1974 1975 308
f 4571 4813 4575
f 4813 2014 4575
f 4575 334 4571
f 2014 4813 2013
f 4813 4571 2013
f 2093 378 402
f 2005 328 2092
f 2202 2186 3903
f 528 100 529
f 588 2380 587
f 3184 3183 646
f 662 2493 3874
f 675 681 683
f 2566 2568 2565
f 713 2578 714
f 2839 2634 2637
f 2393 753 592
f 3986 814 813
f 2744 2794 2743
f 2751 3746 2795
f 892 893 2643
f 2856 898 2857
f 930 929 928
f 2598 2918 2913
f 974 2930 2931
f 2976 2971 765
f 1001 1003 2978
f 1009 2998 1013
f 3001 2967 3010
f 3075 3941 1063
f 3076 3941 1061
f 3104 3100 1073
f 3124 3122 3118
f 3136 1093 3894
f 1184 3221 2441
f 3230 3232 1191
f 3755 3290 3291
f 1243 1241 1242
f 1254 3360 3359
f 1258 2902 1257
f 2911 4018 2912
f 3482 138 1307
f 3714 3721 3720
f 2117 2115 2086
f 449 2153 450
f 3560 3565 1357
f 3595 4000 1358
f 267 2248 1609
f 1883 1879 239
f 584 2926 580
f 1059 3092 4011
f 1514 1512 1510
f 2036 350 2035
f 518 514 513
f 3130 1091 3129
f 14 1442 1462
f 367 368 2048
f 2730 813 2741
f 3258 4023 1214
f 2708 2705 796
f 1568 2385 74
f 1191 3231 3237
f 177 178 3673
f 1500 1501 45
f 1529 1531 1532
f 1558 1557 1552
f 90 81 1591
f 2641 2639 3800
f 2698 781 780
f 2797 417 3977
f 1330 3760 3527
f 1540 1541 64
f 1548 61 103
f 1642 1641 1646
f 1665 128 1472
f 148 124 126
f 190 187 1741
f 241 1842 1846
f 2005 2006 2003
f 2093 3995 401
f 3965 495 496
f 2309 2312 2311
f 2350 2357 2349
f 2417 2418 2419
f 2455 2454 2449
f 3935 2510 1844
f 677 679 676
f 761 2662 2663
f 3933 2668 2661
f 2618 2619 2669
f 2004 3744 319
f 2713 4793 4675
f 4793 2725 4675
f 2712 4950 4675
f 4950 2713 4675
f 817 396 816
f 2747 2746 2743
f 2748 3987 821
f 2855 889 907
f 2997 1009 2996
f 3133 1059 4011
f 1133 1137 3185
f 1170 3208 3815
f 1774 3216 3979
f 3241 3266 690
f 2225 505 4012
f 1274 1276 3881
f 4028 3881 3410
f 3421 3822 1293
f 3992 1304 1303
f 3466 3957 3472
f 4000 3563 1358
f 1362 4001 3591
f 3692 3660 3644
f 3660 1384 1387
f 2366 1555 3975
f 26 1458 3884
f 458 4438 4142
f 4438 460 4142
f 4142 461 458
f 544 2278 2276
f 1417 3718 4002
f 1245 1246 1248
f 3340 3348 1247
f 1960 527 298
f 654 658 659
f 1175 1176 1149
f 3179 1129 1126
f 1133 1134 1137
f 1488 1500 1502
f 253 243 1879
f 2324 2318 2323
f 2987 2989 2983
f 3260 3241 690
f 3472 1311 3823
f 3727 1417 4002
f 1651 114 1648
f 1267 4004 3601
f 1934 1940 1931
f 3727 4002 3390
f 3833 4022 1470
f 1881 1880 239
f 265 4014 1904
f 2772 2779 837
f 2965 2356 2358
f 2645 2644 2642
f 4047 4130 4064
f 2802 4521 4130
f 4521 4064 4130
f 4064 4520 4371
f 4520 872 4371
f 4371 4047 4064
f 4078 4519 4372
f 4519 4047 4372
f 4372 2807 4078
f 2802 4130 4078
f 4047 4519 4130
f 4519 4078 4130
f 2926 2375 970
f 2998 1009 2997
f 3312 3319 502
f 1428 1427 6
f 15 1462 1442
f 3628 27 1460
f 1525 1520 1522
f 1615 101 1621
f 1637 1636 1635
f 1668 129 131
f 1724 176 1722
f 197 176 1750
f 1817 1766 205
f 317 2000 2204
f 2045 2040 2041
f 2128 2126 2127
f 4123 4357 4142
f 4357 461 4142
f 4142 460 4123
f 3887 4248 4123
f 461 4357 4248
f 4357 4123 4248
f 2172 2187 463
f 2238 2236 523
f 2238 523 2243
f 506 4027 507
f 2490 3937 2293
f 2314 2309 2310
f 560 2320 2319
f 1034 638 640
f 2540 2516 3265
f 2695 2443 2442
f 816 353 352
f 860 2744 819
f 875 876 877
f 2855 747 889
f 910 911 2871
f 933 2892 2893
f 3013 2841 1015
f 720 844 843
f 3064 1057 3927
f 1067 1066 3081
f 3169 1115 1111
f 1177 1176 1175
f 3462 3475 3478
f 3481 3479 3482
f 3565 3572 1357
f 570 1360 3583
f 1387 1384 3662
f 3678 1401 3679
f 2344 1528 577
f 667 2540 2556
f 526 1243 4031
f 3490 3488 1320
f 3022 951 1018
f 861 419 415
f 768 769 2974
f 3661 3667 3666
f 2392 592 591
f 2645 747 890
f 644 1131 1128
f 1165 1164 1038
f 44 1630 1496
f 1909 270 279
f 1176 1148 3207
f 2435 624 2437
f 959 957 956
f 3182 1136 3206
f 3706 3686 1378
f 1552 66 64
f 2121 2131 432
f 2163 452 403
f 2304 557 2303
f 2363 2359 2361
f 3906 2419 2415
f 2732 2733 814
f 4057 4417 4227
f 4417 2818 4227
f 2819 4474 4227
f 4474 4057 4227
f 4418 4452 4417
f 4452 2818 4417
f 4453 4454 4452
f 4454 2818 4452
f 4455 4456 4454
f 4456 2818 4454
f 4457 4458 4456
f 4458 2818 4456
f 4459 4460 4458
f 4460 2818 4458
f 2818 4460 2813
f 4460 4459 2813
f 2813 4459 4457
f 4459 4458 4457
f 2813 4457 4455
f 4457 4456 4455
f 2813 4455 4453
f 4455 4454 4453
f 2813 4453 4418
f 4453 4452 4418
f 4057 4473 4418
f 4473 2813 4418
f 4418 4417 4057
f 1509 1508 1506
f 1588 1592 1591
f 1671 135 1732
f 143 141 1321
f 145 1684 2265
f 1724 1722 1723
f 1725 179 3674
f 3963 1876 3984
f 4566 4862 4691
f 4862 2112 4691
f 2111 4946 4691
f 4946 4566 4691
f 4566 4947 4589
f 4947 412 4589
f 2112 4862 4589
f 4862 4566 4589
f 424 433 432
f 454 455 3998
f 518 513 2233
f 2500 3792 2502
f 678 689 2539
f 2557 2518 667
f 700 2576 2575
f 2599 723 725
f 967 859 3989
f 2717 2810 798
f 2928 2920 2929
f 2983 4010 2677
f 3814 3123 3117
f 3944 3253 3255
f 1265 2912 954
f 3426 1290 3897
f 1553 1555 2366
f 3790 1074 2439
f 3053 2860 915
f 653 2482 655
f 1222 1223 3306
f 4005 3461 1308
f 1665 1459 1667
f 64 1549 1552
f 1500 1488 1491
f 1265 954 958
f 988 2956 985
f 2631 2633 2629
f 1140 2471 1150
f 3707 3696 3709
f 2064 4907 2106
f 4907 2108 2106
