# DenseCorr3D prepared geometry
v -0.09384061 0.00221442 0.02577116
v -0.08984516 -0.00234364 0.03169784
v -0.08317368 0.00413120 0.03479474
v -0.07936107 0.00281175 0.03668331
v -0.07591626 0.00096220 0.03796503
v -0.08953366 0.00737704 0.02850971
v -0.08956078 -0.00816727 0.03175105
v -0.07979017 -0.01092822 0.03843120
v -0.09359356 0.00532096 0.02463417
v -0.09216925 0.01340256 0.01241405
v -0.09443103 0.00923407 0.01555636
v -0.09157707 0.02131199 0.00331599
v -0.08290852 0.02718775 0.00348751
v -0.07586975 0.02767450 0.01177368
v -0.07949746 0.02357228 0.01787761
v -0.08926087 0.01493096 0.02088225
v -0.09122725 0.01231101 0.02150799
v -0.08375403 0.01028772 0.03145724
v -0.08947422 0.01166629 0.02542573
v -0.08046168 0.00909683 0.03390533
v -0.07625654 0.00956061 0.03485070
v -0.07289329 0.01340288 0.03349372
v -0.07133806 0.00190177 0.03805576
v -0.06722714 0.00439636 0.03700507
v -0.06291197 -0.00489280 0.03857050
v -0.09099165 -0.01141861 0.02963921
v -0.08112191 0.03020275 -0.00200037
v -0.06671485 0.03145179 0.00991801
v -0.06283063 0.03395492 0.00480814
v -0.05394088 0.03566530 0.00628089
v -0.06303912 0.03488464 -0.00290262
v -0.07196190 0.03290857 -0.00039988
v -0.07511413 0.03211588 -0.00339873
v -0.07767513 0.03111748 0.00013214
v -0.07562712 -0.01229779 0.03999706
v -0.06028094 -0.00895542 0.03853971
v -0.05811382 -0.00347024 0.03719355
v -0.05305569 -0.00439476 0.03455463
v -0.04048406 0.00631636 0.03473784
v -0.03263041 -0.00141772 0.03795662
v -0.04203263 -0.01152330 0.03480782
v -0.04776042 -0.00719635 0.03331666
v -0.01934543 0.02603221 0.03052183
v -0.03932165 0.02446130 0.02866127
v -0.04676938 0.00588142 0.03264809
v -0.05698895 0.00237810 0.03519488
v -0.06450406 0.01250899 0.03346664
v -0.04060236 0.03761271 0.01276367
v -0.04408312 0.03960264 0.00043806
v -0.03604255 0.03706080 0.01685081
v -0.03238466 0.03705054 0.01849456
v -0.03244544 0.04353945 0.00220988
v -0.01060370 0.06011568 0.00150943
v -0.01316054 0.05883777 0.00329627
v -0.01600800 0.05612820 0.00491244
v -0.00460569 0.06387472 0.00553190
v -0.05034311 0.02854960 0.02110293
v -0.05389148 0.02349487 0.02502443
v -0.03532657 0.03297576 0.02232469
v -0.01796027 0.05186735 0.01074099
v -0.01536277 0.05149537 0.01379853
v -0.01399608 0.04882123 0.01726321
v -0.00201443 0.06764924 0.00370095
v 0.00796977 0.05919602 0.00898312
v 0.00093435 0.06905513 0.00297286
v 0.00439380 0.06905524 0.00448261
v 0.01183398 0.06685997 -0.00271933
v 0.01597086 0.06574448 0.00720484
v 0.00108761 0.05692970 0.01079530
v 0.01499232 0.07105919 0.00050029
v 0.01598412 0.06999147 -0.00081828
v 0.02095916 0.07134350 0.00065531
v 0.02151575 0.07201090 0.00314377
v 0.02497360 0.07093953 -0.00066848
v 0.02252068 0.06500660 0.00769173
v 0.02993642 0.06790747 0.00674628
v 0.03368757 0.07383779 0.00353139
v 0.02580028 0.07264683 0.00275543
v 0.03714646 0.07484323 0.00277093
v 0.04485497 0.07706782 0.00142172
v 0.04422005 0.07160753 0.00697549
v 0.03012476 0.06316476 0.00919724
v 0.03626139 0.06412634 0.00937090
v 0.02492503 0.05587972 0.01702293
v 0.02633950 0.05376486 0.01954469
v 0.02055571 0.05119710 0.02099521
v 0.04166208 0.06621640 0.00891994
v 0.04356432 0.05755346 0.01899250
v 0.05042423 0.08021171 0.00332683
v 0.04949983 0.07390101 0.00708529
v 0.05568717 0.07251438 0.00884345
v 0.06321516 0.08130515 0.00723934
v 0.05970862 0.07289288 0.01010683
v 0.05451258 0.06292624 0.01786456
v 0.06236948 0.06335950 0.01859198
v 0.06450672 0.06266101 0.01865572
v 0.06196432 0.05800012 0.01887173
v 0.05725250 0.05332115 0.01908532
v 0.05583269 0.06111758 0.01889562
v 0.04451285 0.04863955 0.02197817
v 0.03321657 0.04706907 0.02309034
v 0.02371784 0.04328373 0.02427215
v 0.00807727 0.04898779 0.02152565
v 0.00518805 0.05598046 0.01229178
v -0.01318689 0.05415354 0.01109372
v -0.00877257 0.05691983 0.00909973
v -0.00461196 0.05272155 0.01662056
v -0.00146517 0.04679823 0.02353491
v -0.01060750 0.04545628 0.02227305
v -0.01458830 0.04288559 0.02245763
v -0.00944995 0.02812205 0.03427576
v -0.00863636 0.02236572 0.03704637
v -0.01266204 0.01860339 0.03657145
v -0.01797486 -0.00212332 0.03717117
v -0.01086725 -0.00600435 0.03606554
v -0.00285213 -0.00666094 0.04107341
v 0.00136913 -0.00777939 0.04193428
v -0.00227909 -0.01051175 0.03878157
v 0.00529801 -0.01111679 0.03926351
v 0.00191897 -0.01388191 0.03731886
v -0.00825523 -0.01482326 0.03309350
v -0.02190059 -0.00554187 0.03854136
v -0.02614872 -0.00891567 0.03855490
v -0.02816819 -0.00384617 0.03871305
v -0.03439775 -0.01306387 0.03678300
v -0.04084797 -0.01583291 0.03436959
v -0.05656139 -0.00858498 0.03724876
v -0.04874999 -0.01335516 0.03268586
v -0.06155453 -0.01394045 0.03849261
v -0.06755872 -0.01764032 0.03986666
v -0.08214040 -0.01592753 0.03762705
v -0.08824621 -0.02081177 0.03294203
v -0.08547436 -0.01991436 0.03582333
v -0.06660661 -0.02221223 0.03919400
v -0.08965718 -0.02397820 0.03095490
v -0.09394152 -0.06928249 0.03223989
v -0.09695594 -0.06918288 0.03125235
v -0.09458350 -0.07459404 0.03085114
v -0.09614437 -0.07538769 0.02987938
v -0.09738801 -0.07745180 0.02815930
v -0.10054569 -0.08559931 0.02015253
v -0.08456296 -0.09079330 0.01807480
v -0.08342789 -0.09178262 0.01978639
v -0.08424857 -0.08674803 0.01952812
v -0.08309901 -0.09518892 0.01957493
v -0.08488100 -0.08433893 0.02382605
v -0.09528222 -0.09609271 0.02410947
v -0.09740537 -0.08893520 0.02344895
v -0.09724835 -0.09496862 0.02173411
v -0.06259821 0.03058842 0.01550217
v -0.04263687 -0.01862128 0.03278103
v -0.04938663 -0.02225509 0.02806287
v -0.05298490 -0.02370736 0.02825514
v -0.04754152 -0.02671957 0.02477548
v -0.04498428 -0.02972992 0.02273165
v -0.05433043 -0.02757488 0.02689767
v -0.04771863 -0.03117427 0.01896573
v -0.05470511 -0.02962182 0.01979225
v -0.06517237 -0.04887764 0.02623076
v -0.07002672 -0.04883046 0.03358391
v -0.06965354 -0.05468630 0.02618081
v -0.05642717 -0.03298786 0.02328885
v -0.05809750 -0.03571894 0.02255984
v -0.05605983 -0.03255165 0.02611822
v -0.05835820 -0.03062822 0.03210253
v -0.05630730 -0.02492344 0.03255785
v -0.08324955 -0.02805998 0.03791590
v -0.08635496 -0.02798894 0.03523107
v -0.08744635 -0.03282783 0.03391344
v -0.02206316 -0.01033610 0.03808867
v -0.03417935 -0.02350350 0.03205652
v -0.04048849 -0.03140377 0.02209878
v -0.07042467 -0.02731516 0.04016284
v -0.06498394 -0.02769937 0.03778867
v -0.08021185 -0.03111980 0.03932840
v -0.07365266 -0.03260909 0.04020035
v -0.06505181 -0.03220657 0.03712870
v -0.07423948 -0.03809444 0.03970441
v -0.08103373 -0.03737097 0.03885860
v -0.09477883 -0.04674569 0.02406422
v -0.09412715 -0.04244709 0.02503891
v -0.09371842 -0.05243772 0.02810613
v -0.09019647 -0.05910609 0.03383721
v -0.08642840 -0.08016846 0.02676856
v -0.09601933 -0.08177463 0.02774792
v -0.08420286 -0.07746502 0.02598845
v -0.08333539 -0.07563805 0.02050359
v -0.07526728 -0.06038276 0.02293884
v -0.08207321 -0.07690195 0.02270581
v -0.08061478 -0.07269485 0.02393626
v -0.08056188 -0.06805603 0.02902611
v -0.07977357 -0.06322834 0.03136474
v -0.07327182 -0.05975570 0.02647454
v -0.07677189 -0.06218313 0.02948550
v -0.08155741 -0.05810897 0.03437767
v -0.08527679 -0.06034173 0.03416381
v -0.08680507 -0.05335357 0.03503835
v -0.08305588 -0.05440034 0.03561588
v -0.08676156 -0.04778611 0.03494557
v -0.07942051 -0.04846811 0.03766967
v -0.07669898 -0.04049552 0.03969122
v -0.07504743 -0.04364158 0.03880512
v -0.07192594 -0.04407967 0.03761989
v -0.02284160 -0.03126538 0.02269518
v -0.01997870 -0.03209428 0.02029364
v -0.02212880 -0.03475827 0.01473644
v -0.01663736 -0.03186459 0.01590484
v -0.02578311 -0.03627611 0.01053848
v -0.01943102 -0.03478447 0.01319056
v -0.01063108 -0.02625020 0.02099587
v -0.01144066 -0.02401896 0.02465184
v -0.01337631 -0.02160024 0.02885766
v -0.01431616 -0.01606818 0.03296717
v -0.01950643 -0.01459843 0.03604870
v -0.00117051 -0.01602595 0.03563350
v 0.00138797 -0.02190920 0.03486708
v 0.00121213 -0.02599304 0.03431562
v 0.00057438 -0.03436945 0.03322161
v 0.00291215 -0.03881099 0.03325140
v 0.01057526 -0.02253092 0.03497094
v 0.01859281 -0.02132020 0.03032402
v 0.01992966 -0.02593489 0.02826897
v 0.02013487 -0.03629123 0.02509983
v -0.00086497 -0.04425304 0.02966125
v -0.00782664 -0.03006424 0.00503136
v -0.01148969 -0.03111265 0.00436647
v -0.01713046 -0.03496979 0.00744482
v -0.01896640 -0.03603804 0.00584444
v -0.00837215 -0.03031744 0.00016292
v -0.02685010 -0.02857279 0.02771333
v -0.07042059 -0.05302929 0.03070273
v -0.03240136 0.03009235 0.02567654
v 0.03144297 -0.00799289 0.01805525
v 0.02609659 -0.01000319 0.00750606
v 0.02805499 -0.01084027 0.01189861
v 0.03323688 -0.00286474 0.01250567
v 0.02290039 -0.01651460 0.01167296
v 0.03176431 -0.00852294 0.02140952
v 0.03181657 -0.00740295 0.02547514
v 0.02103196 -0.02115909 0.02540578
v 0.02403661 -0.01798617 0.01733056
v 0.02215143 -0.03125515 0.02034642
v 0.03518663 0.00071854 0.01390754
v 0.03408723 -0.00320981 0.01753273
v 0.03343205 -0.00586702 0.02346567
v 0.03538383 0.00124900 0.02720169
v 0.03648540 0.00092509 0.02330114
v 0.03364985 0.00579845 0.03109885
v 0.03060781 -0.00036592 0.03331795
v 0.00356528 -0.00439684 0.04352413
v 0.00498397 -0.00125341 0.04424719
v 0.00308345 0.00538883 0.04383653
v 0.02914305 0.00310676 0.03541395
v 0.02387040 -0.00273194 0.03763495
v 0.03416029 0.00385391 0.00358658
v 0.03758088 0.00640981 0.02034145
v 0.03840151 0.01040421 0.01403933
v 0.04083409 0.01275001 0.01105804
v 0.03953150 0.01072739 0.00842473
v 0.03792207 0.01194273 0.02239889
v 0.04189920 0.01351346 0.00413539
v 0.04045147 0.01474432 0.01544612
v 0.04882493 0.02347105 0.00931354
v 0.04681030 0.02541236 0.01457584
v 0.04490352 0.01744614 0.00439069
v 0.02658875 0.00605452 0.03716524
v -0.00986562 0.01651314 0.03802028
v 0.01725242 0.01762937 0.03981096
v 0.01192743 0.02766674 0.03702013
v 0.01508195 0.03390054 0.03138414
v 0.02303330 0.02941871 0.03165864
v 0.02604753 0.02699735 0.03160102
v 0.03255081 0.02558689 0.02716922
v 0.02970519 0.03125901 0.02537150
v 0.03641588 0.02248263 0.02391534
v 0.03069433 0.02444469 0.02967367
v 0.02264428 0.02204380 0.03628014
v 0.02880391 0.01919028 0.03355680
v 0.02770670 0.01281138 0.03588519
v 0.03051150 0.00861959 0.03446526
v 0.01770601 0.00978607 0.04034322
v 0.03390045 0.02756054 0.02455975
v 0.03640389 0.02944488 0.02273040
v 0.05585231 0.03049802 0.01225686
v 0.06054135 0.03487971 0.01246424
v 0.06340563 0.03624265 0.01002470
v 0.04911982 0.03704725 0.01955003
v 0.05272479 0.04194438 0.01912993
v 0.07014333 0.04151984 0.00732815
v 0.07643635 0.05386230 0.01288058
v 0.06308238 0.05286106 0.01738761
v 0.06813158 0.06118125 0.01794118
v 0.07459548 0.06529663 0.01700560
v 0.07908311 0.05317073 0.01022336
v 0.08079454 0.05046324 0.00036123
v 0.07448037 0.04479904 0.00472284
v 0.08280483 0.05194116 -0.00208638
v 0.07857213 0.04815348 -0.00477176
v 0.07430243 0.04370919 -0.00515881
v 0.08920749 0.05865315 -0.00075756
v 0.09108755 0.06124307 0.00116386
v 0.09481592 0.06594764 -0.00071622
v 0.10282361 0.07752568 0.00425648
v 0.10835461 0.08563795 0.00296569
v 0.05400686 0.02520023 -0.00110074
v 0.06412730 0.03442768 0.00104454
v 0.06130793 0.03136875 0.00013570
v -0.00263812 -0.04789422 0.02687460
v -0.00274672 -0.05309549 0.02591015
v -0.00317836 -0.06148642 0.02666470
v -0.00230388 -0.06420076 0.02710417
v 0.00073982 -0.06823889 0.02755973
v 0.00332210 -0.06242368 0.02939555
v 0.00180554 -0.05392445 0.02953482
v 0.00985799 -0.05680261 0.03034799
v 0.01292408 -0.05697101 0.02902136
v 0.01194780 -0.06146502 0.02919936
v 0.00919195 -0.06339785 0.02968054
v 0.00892404 -0.04660642 0.03215791
v 0.01762566 -0.04102024 0.02715611
v 0.01797755 -0.05004519 0.02183829
v 0.01500054 -0.06205241 0.01765845
v 0.01648139 -0.05795598 0.02285156
v 0.15450323 0.15500730 -0.00453097
v 0.15234707 0.16199309 -0.00522803
v 0.14751726 0.16236447 -0.00858379
v 0.14963603 0.16430809 -0.00710007
v 0.14790025 0.16504228 -0.00581947
v 0.14192101 0.16133037 -0.00768118
v 0.14265949 0.16276826 -0.00645439
v 0.15754129 0.15128160 0.00186989
v 0.15752663 0.14796129 0.00627348
v 0.15571234 0.15174496 0.00551189
v 0.14783074 0.16547306 0.00139778
v 0.15103778 0.16658875 0.00775966
v 0.15107580 0.16645052 0.00648720
v 0.15335561 0.16159098 0.00588655
v 0.14631397 0.16614302 0.00381994
v 0.14301278 0.16541356 0.00694247
v 0.14633660 0.16537364 -0.00146966
v 0.14481290 0.16415337 -0.00625858
v 0.14378917 0.16303971 -0.00730327
v 0.14335990 0.16226560 0.00251652
v 0.13929416 0.16179973 -0.00829108
v 0.13552886 0.16573963 -0.00881897
v 0.12921382 0.15761815 -0.00696429
v 0.13208255 0.16218816 -0.00529308
v 0.12885645 0.16550593 -0.00866777
v 0.13605815 0.16010010 -0.00476089
v 0.13360235 0.15973350 -0.00433183
v 0.13015024 0.15297194 -0.00356994
v 0.12928370 0.15564567 0.00075703
v 0.13003163 0.16759700 -0.01022592
v 0.12797068 0.16901295 -0.01629171
v 0.12773433 0.16796942 -0.01738214
v 0.12665364 0.16805956 -0.01641924
v 0.12644561 0.16566697 -0.01575562
v 0.13384256 0.16573434 -0.01262882
v 0.14153028 0.16062681 0.00373866
v 0.13819398 0.15792827 0.00246071
v 0.13549004 0.15713684 0.00508813
v 0.13996901 0.16352318 0.00755539
v 0.12463846 0.14919162 0.00502145
v 0.12568541 0.15216517 -0.00201938
v 0.11757376 0.14933851 0.00134021
v 0.11309799 0.14346872 0.00282202
v 0.14323463 0.12328040 0.00122058
v 0.14150381 0.12371752 -0.00043455
v 0.14639279 0.12300904 0.00226499
v 0.14073157 0.12773789 0.00851133
v 0.13368146 0.12199582 0.00029753
v 0.13435255 0.12345675 -0.00178852
v 0.13782552 0.12984638 0.01069061
v 0.14259845 0.12918152 0.01203420
v 0.13226035 0.12725532 0.00996373
v 0.12959890 0.12409356 0.00900588
v 0.14173338 0.13196748 0.01381024
v 0.14148824 0.13532639 0.01466506
v 0.14490975 0.14061643 0.01475416
v 0.13742115 0.13395815 0.01319039
v 0.10559260 0.13471073 0.00435294
v 0.09557364 0.12403898 0.00307564
v 0.10136786 0.12455926 0.00651771
v 0.09503599 0.12326520 0.00389522
v 0.09221253 0.12018858 0.00397631
v 0.10191976 0.11835878 0.00832540
v 0.09518919 0.11234927 0.00802617
v 0.08381706 0.11085716 0.00445401
v 0.08492299 0.11244475 0.00356150
v 0.08602991 0.11193534 0.00546925
v 0.08117507 0.10755311 0.00221970
v 0.12819400 0.14734028 -0.00421311
v 0.12861766 0.14945827 -0.00356550
v 0.14865136 0.16538715 -0.00312441
v 0.13416936 0.16102104 0.01000472
v 0.13922477 0.16374777 0.00959284
v 0.14192118 0.16325213 0.00914268
v 0.14883713 0.16454279 0.00989197
v 0.14919101 0.16678533 0.00885413
v 0.14291257 0.15998212 0.01099628
v 0.14099088 0.16013186 0.01177710
v 0.13106701 0.16282259 0.01280454
v 0.13165952 0.16635010 0.01393475
v 0.12764773 0.16118313 0.01712441
v 0.12941557 0.15800729 0.01449985
v 0.12815669 0.16354801 0.01649489
v 0.12862220 0.15981944 0.02019007
v 0.13113192 0.15272357 0.01088032
v 0.13013218 0.15048170 0.01086528
v 0.11959736 0.14771456 0.00374626
v 0.13103686 0.15545122 0.01731228
v 0.13173299 0.15832974 0.01867684
v 0.13517022 0.15879773 0.01512901
v 0.13233118 0.15248498 0.01316614
v 0.12682870 0.14271967 0.01123939
v 0.11442477 0.13395558 0.00769123
v 0.11273359 0.13916755 0.00468165
v 0.10899680 0.13695367 0.00455370
v 0.11900637 0.12816694 0.01270294
v 0.11730658 0.11428440 0.01233801
v 0.08233678 0.10229933 0.00636628
v 0.07576112 0.10106131 0.00286228
v 0.14881311 0.15120828 0.01361784
v 0.14211054 0.15676568 0.01248136
v 0.16185202 0.14214686 0.00486895
v 0.15615274 0.14862384 0.01159846
v 0.15447278 0.14911000 0.01284403
v 0.15282087 0.14823739 0.01373704
v 0.15072073 0.14120165 0.01424110
v 0.13065505 0.16834299 0.01632883
v 0.12809719 0.16493014 0.01853736
v 0.12905510 0.16180071 0.02119760
v 0.12804013 0.16414820 0.02053520
v 0.13536468 0.16845539 0.01505363
v 0.13284148 0.16897492 0.01563126
v 0.13436261 0.16744539 0.01722980
v 0.13373420 0.16918327 0.01638585
v 0.12063259 0.11530311 0.01095255
v 0.12025144 0.10530631 0.00491774
v 0.12214321 0.10738660 -0.00046871
v 0.11865266 0.10235718 -0.00056696
v 0.11811855 0.10600103 0.00779494
v 0.12257957 0.11070132 0.00605696
v 0.11262933 0.11549362 0.01326685
v 0.10126575 0.10077156 0.01393840
v 0.09609747 0.10360289 0.01206051
v 0.10822392 0.10775611 0.01351208
v 0.10615454 0.08849124 0.00981146
v 0.09694390 0.09085113 0.01444464
v 0.10299386 0.08270767 0.00944091
v 0.09887614 0.07891142 0.01128100
v 0.09575894 0.07239882 0.00952069
v 0.10647724 0.08437961 0.00577443
v 0.09926248 0.07409351 0.00651647
v 0.11520083 0.09726095 0.00484426
v 0.11211139 0.09473742 0.00730371
v 0.10978714 0.08952955 0.00535786
v 0.08504182 0.09792347 0.00845538
v 0.08845992 0.09748327 0.01117383
v 0.07250127 0.09639363 0.00330573
v 0.07078389 0.09528735 0.00211084
v 0.06694923 0.09251021 0.00271174
v 0.08033971 0.09530660 0.00762464
v 0.08415165 0.09365311 0.01084359
v 0.08473530 0.08700580 0.01416604
v 0.08883615 0.08972865 0.01425197
v 0.08040294 0.08675914 0.01271885
v 0.07717629 0.08853895 0.00923260
v 0.07482867 0.08552378 0.00962090
v 0.05916518 0.08574139 0.00260102
v 0.09116422 0.07828502 0.01483013
v 0.08505532 0.08158812 0.01566870
v 0.08106501 0.08076568 0.01548780
v 0.08069386 0.07634804 0.01624510
v 0.07424048 0.07086848 0.01685676
v 0.15799846 0.14351730 0.01002187
v 0.16529411 0.13930967 0.00395722
v 0.16941842 0.13691367 0.00322645
v 0.16445571 0.14188734 0.00196863
v 0.16632022 0.13958023 -0.00020291
v 0.17356215 0.13332461 -0.00228676
v 0.16879129 0.13327953 0.00667331
v 0.17672741 0.13319026 0.00391664
v 0.17837639 0.12867276 0.00523030
v 0.17769627 0.13121688 0.00500574
v 0.17850733 0.13221663 0.00178893
v 0.17764737 0.13133258 -0.00299987
v 0.15298201 0.12191516 -0.00129459
v 0.17985028 0.12449629 0.00194178
v 0.17891525 0.12017326 0.00164701
v 0.17629310 0.12028559 0.00597070
v 0.17481829 0.12082092 0.00677752
v 0.14919829 0.12652732 0.00854889
v 0.15928465 0.12344639 0.00529004
v 0.16536549 0.11700419 -0.00416317
v 0.17563346 0.11670430 -0.00472753
v 0.17775428 0.11738963 -0.00458151
v 0.17941554 0.12024327 -0.00302286
v 0.17973575 0.12068897 -0.00021241
v 0.17042099 0.11631969 0.00142731
v 0.16290224 0.12506290 0.00791624
v 0.16565529 0.12253879 0.00741916
v 0.16708030 0.11939181 0.00503767
v 0.16718799 0.12404365 0.00847711
v 0.16271523 0.12903146 0.00837947
v 0.15897015 0.12744538 0.00820698
v 0.15189345 0.12712534 0.00922357
v 0.01554946 -0.06579601 0.02274812
v 0.01572383 -0.06178346 0.02476235
v 0.01485568 -0.07072771 0.02232284
v 0.01385847 -0.07445821 0.02064216
v 0.01315026 -0.07593998 0.01633729
v 0.01270143 -0.08532640 0.01749195
v 0.00887840 -0.08934652 0.01070334
v 0.01099927 -0.08919473 0.01286151
v 0.01288590 -0.09063967 0.01592317
v 0.01213804 -0.08894505 0.01878437
v 0.01036498 -0.08171658 0.02265594
v 0.00981655 -0.07931577 0.02446168
v 0.00350382 -0.07791373 0.02615288
v 0.01010988 -0.08732440 0.02242864
v 0.00769917 -0.08559431 0.02446851
v 0.01140846 -0.09838890 0.02092076
v 0.00295644 -0.09867117 0.02188371
v 0.00717113 -0.10135959 0.02299065
v 0.00869863 -0.09796507 0.00799090
v 0.01120157 -0.10247236 0.00719064
v -0.00176790 -0.08407763 0.02094019
v 0.00045919 -0.08029439 0.02408922
v -0.00148896 -0.08872909 0.01982687
v -0.00119838 -0.09111530 0.01810687
v 0.01474533 -0.10160715 0.01206909
v 0.01396272 -0.10037805 0.01725779
v 0.01305084 -0.10449868 0.02081919
v 0.01251958 -0.10795707 0.02109795
v 0.00724123 -0.10799988 0.02176395
v 0.01492745 -0.10434473 0.01851230
v 0.01548089 -0.11148944 0.01883187
v 0.01139795 -0.11552320 0.01839479
v 0.01447838 -0.11816338 0.01871884
v 0.01945589 -0.11158837 0.00744707
v 0.01769592 -0.10974611 0.01571603
v 0.02013150 -0.11131657 0.01137334
v 0.01289192 -0.12239870 0.01708543
v 0.01633237 -0.12645431 0.01710024
v 0.01750475 -0.12846781 0.01548652
v 0.01696026 -0.12892064 0.01196754
v 0.01975044 -0.12875627 0.01312193
v 0.02258990 -0.12752208 0.01362176
v 0.02273962 -0.11639991 0.01554660
v 0.02521087 -0.12269706 0.00841806
v 0.02475885 -0.12351479 0.01463793
v 0.02392030 -0.11956590 0.00456101
v 0.09558878 0.06753637 0.00433014
v 0.02767435 0.04218283 0.02360785
v 0.02271757 0.03893907 0.02531640
v 0.04129543 0.02985716 0.02074273
v 0.01627922 -0.10488261 0.01446188
v 0.00187271 -0.10253926 0.01905026
v 0.00409467 -0.10687304 0.01989128
v 0.00013298 -0.09787586 0.01855960
v -0.00561050 0.03987117 0.02837788
v 0.00462443 0.04415700 0.02580345
v 0.00271475 0.02390564 0.03936614
v -0.00295037 0.02851175 0.03611442
v -0.08245953 -0.09840497 0.02036540
v -0.08622393 -0.10776690 0.02589319
v -0.08168996 -0.10617541 0.02298930
v -0.07948133 -0.10644501 0.01896917
v -0.08101059 -0.10589103 0.01288783
v -0.07685132 -0.11374883 0.02337936
v -0.07475732 -0.11231651 0.01484194
v -0.08675648 -0.11295566 0.02466101
v -0.08718599 -0.11496411 0.02303810
v -0.07148148 -0.11641156 0.02064996
v -0.07582045 -0.12551376 0.01806456
v -0.07082945 -0.12148678 0.02191211
v -0.07222708 -0.12255062 0.02327989
v -0.07854246 -0.11900668 0.02503598
v -0.08188184 -0.11905003 0.02403556
v -0.07994051 -0.12433009 0.02332823
v -0.07970888 -0.12610847 0.02173520
v -0.09219529 -0.10645069 0.02492618
v -0.08955424 -0.11300138 0.02259163
v -0.07628653 -0.12593094 0.02205244
v -0.05732848 0.01938454 -0.03073061
v -0.06883762 0.01201409 -0.03588627
v -0.07357433 0.01318858 -0.03391865
v -0.07774535 0.02366911 -0.01941886
v -0.07107871 0.02751268 -0.01798533
v -0.07396264 0.02802324 -0.01417716
v -0.08215665 0.01968521 -0.02162886
v -0.08421846 0.01227359 -0.02806842
v -0.08502610 0.01651189 -0.02298183
v -0.08901715 0.00633035 -0.02732801
v -0.06815864 0.00436420 -0.03865153
v -0.06654749 0.00844950 -0.03770313
v -0.06372725 0.00142359 -0.03990005
v -0.09010001 0.00855530 -0.02390326
v -0.08152398 -0.00840139 -0.03555288
v -0.08318913 -0.01626679 -0.03303199
v -0.08553340 -0.01199118 -0.03155977
v -0.03989321 0.04006588 -0.00303201
v -0.02970713 0.03923792 -0.01467228
v -0.02879550 0.03672087 -0.01895405
v -0.02309871 0.04875540 0.00080118
v -0.01304441 0.05626944 -0.00136184
v -0.00438907 0.06076738 -0.00252196
v -0.00843906 0.05649656 -0.00647398
v 0.00683274 0.06723025 -0.00213740
v -0.00274121 0.06502185 -0.00046749
v 0.00223862 0.06055969 -0.00502514
v -0.00620823 0.05771223 -0.00540866
v -0.00171830 0.05795563 -0.00768179
v 0.00334541 0.05957844 -0.00673211
v 0.01429396 0.06217462 -0.00548186
v 0.02083981 0.06286561 -0.00575131
v 0.03674144 0.06477152 -0.00597375
v -0.02538046 -0.03361187 -0.01991382
v -0.02503588 -0.03186218 -0.02346985
v -0.03127912 -0.03200179 -0.02493466
v -0.03078439 -0.02726870 -0.03065368
v -0.04535806 -0.03360504 -0.02415287
v -0.04561046 -0.03543960 -0.02028416
v -0.04577019 -0.03843797 -0.03070324
v -0.04852899 -0.03808829 -0.03389915
v -0.05289923 -0.04032496 -0.03609251
v -0.05698216 -0.04257904 -0.03715688
v -0.06235315 -0.04953462 -0.03566852
v -0.06397571 -0.04020942 -0.03742017
v -0.05143498 -0.03322844 -0.03691359
v -0.04532711 -0.02888444 -0.03439037
v -0.04590760 -0.02436956 -0.03627518
v -0.04535567 -0.03304020 -0.03249967
v -0.05517406 -0.03438456 -0.03812455
v -0.05653957 -0.01942591 -0.04164602
v -0.04629836 -0.02032673 -0.03666463
v -0.04456621 -0.01859951 -0.03454585
v -0.04369572 -0.02382348 -0.03355765
v -0.04282897 -0.02563897 -0.03133344
v -0.04433859 -0.03054782 -0.02881487
v -0.04399756 -0.03141370 -0.02543685
v -0.03806899 -0.01468590 -0.03526714
v -0.06563700 -0.01697376 -0.04230289
v -0.06992504 -0.01800286 -0.04157810
v -0.06482509 -0.05249333 -0.03428265
v -0.05778760 -0.04827172 -0.03622635
v -0.05652068 -0.05313347 -0.03514021
v -0.04656444 -0.05187204 -0.02743997
v -0.05272561 -0.06005837 -0.03150604
v -0.06124054 -0.05789574 -0.03375645
v -0.07173382 -0.03644781 -0.03592339
v -0.08265842 -0.02254718 -0.03306143
v -0.06885399 -0.05009783 -0.03262639
v -0.04471008 -0.04751776 -0.02496583
v -0.04564403 -0.05302584 -0.02417640
v -0.04578242 -0.04588167 -0.02824634
v -0.04643535 -0.06086498 -0.01936010
v -0.04974947 -0.06622231 -0.02851910
v -0.04644066 -0.06746345 -0.02334422
v -0.04635190 -0.07233202 -0.02385818
v -0.04784031 -0.07396650 -0.02808766
v -0.05432569 -0.06988780 -0.03355155
v -0.06027434 -0.07233913 -0.03372077
v -0.05497044 -0.08663999 -0.03094217
v -0.05183565 -0.08488913 -0.03044654
v -0.05646131 -0.07690720 -0.03441488
v -0.04906306 -0.08626616 -0.02745879
v -0.05318360 -0.07668201 -0.03350183
v -0.05050549 -0.07663444 -0.03194315
v -0.04826779 -0.07714856 -0.02901976
v -0.04662659 -0.07996340 -0.02536442
v -0.05183376 -0.09555055 -0.02879058
v -0.04814480 -0.09705301 -0.02784833
v -0.04970062 -0.10560690 -0.03003227
v -0.04650729 -0.11321836 -0.03140780
v -0.04421226 -0.10405555 -0.02753082
v -0.03617541 -0.12126333 -0.03159748
v -0.03494208 -0.11185899 -0.02963460
v -0.04068423 -0.10647151 -0.02631237
v -0.03881041 -0.10942730 -0.02435663
v -0.03257516 -0.11322370 -0.03058281
v -0.03015745 -0.11536846 -0.03030623
v -0.03210281 -0.12048815 -0.02338691
v -0.02889921 -0.12187821 -0.02947451
v -0.03013295 -0.12607612 -0.02589004
v -0.03229788 -0.12818867 -0.03058102
v -0.03512727 -0.11757044 -0.02095896
v -0.03432570 -0.12123359 -0.01727886
v -0.03635716 -0.11425208 -0.02335013
v -0.04155860 -0.10401759 -0.02551513
v -0.04445406 -0.09370349 -0.02397814
v 0.03227424 -0.00188690 0.00732602
v 0.01900323 -0.03311588 0.01302086
v 0.02082071 -0.01007230 0.00178694
v 0.02583947 -0.00614901 0.00276546
v 0.01965925 -0.01974772 0.00995625
v 0.03311601 0.00394231 -0.00489517
v 0.04260234 0.01421939 -0.00005949
v 0.02848841 -0.00084215 -0.00005242
v 0.06879829 0.04203367 -0.00918005
v 0.09448384 0.06752770 -0.00284055
v 0.08951945 0.06831347 -0.00736792
v 0.09313810 0.07193261 -0.00676281
v 0.09755648 0.08169919 -0.00748904
v 0.10237411 0.08848334 -0.00678678
v 0.09050979 0.07882727 -0.00873666
v 0.08763857 0.07277705 -0.00894978
v 0.09119430 0.06263387 -0.00301411
v 0.08533899 0.06119807 -0.00739792
v 0.07966998 0.07105037 -0.01024313
v 0.09028178 0.08508001 -0.00837276
v 0.10269479 0.09497107 -0.00735925
v 0.10980748 0.09925013 -0.00638073
v 0.10643709 0.09365899 -0.00630451
v 0.10611463 0.08981250 -0.00532351
v 0.09388904 0.09422501 -0.00717910
v 0.08057121 0.08949517 -0.00252095
v 0.07981890 0.08142624 -0.00771467
v 0.07207509 0.07159216 -0.00957312
v 0.07933710 0.05447488 -0.00852620
v 0.02270435 -0.02064770 -0.01168013
v 0.02517569 -0.01990065 -0.01595502
v 0.02649619 -0.03050157 -0.01402778
v 0.02646075 -0.02266962 -0.01754265
v 0.02916821 -0.02810756 -0.02469842
v 0.02977493 -0.03813062 -0.02820536
v 0.02513606 -0.01694421 -0.02068936
v 0.02752930 -0.00621900 -0.01457527
v 0.03675204 0.01501440 -0.01805972
v 0.04025078 0.01847175 -0.01454262
v 0.03552288 0.00892762 -0.01870940
v 0.03329421 0.00288696 -0.01137412
v 0.02552716 -0.01147333 -0.02241168
v 0.02372523 -0.01409142 -0.02679462
v 0.02215769 -0.01806127 -0.03197557
v 0.02185496 -0.01451650 -0.03070424
v 0.02294503 -0.00648696 -0.03203869
v 0.01824089 -0.00464373 -0.03698045
v 0.02749321 -0.00520196 -0.02521523
v 0.02849158 0.00048572 -0.03142193
v 0.03003684 -0.00000923 -0.02795345
v 0.02912709 -0.00381079 -0.02225784
v 0.03388020 0.00337448 -0.01637738
v 0.04785420 0.02092704 -0.00730979
v 0.04746374 0.02181065 -0.00937480
v 0.03825502 0.02237884 -0.01759342
v 0.04586811 0.02960026 -0.01465048
v 0.05375899 0.02678782 -0.00791426
v 0.05462589 0.03443761 -0.01310094
v 0.04917966 0.03484434 -0.01541506
v 0.05400256 0.03857245 -0.01480704
v 0.04943447 0.04013148 -0.01658517
v 0.03089104 0.01776838 -0.03044237
v 0.03291595 0.01964239 -0.02606654
v 0.03565861 0.02399035 -0.01983748
v 0.03127301 0.02136826 -0.02813779
v 0.02835554 0.00344956 -0.03369981
v 0.02152284 -0.00346811 -0.03572123
v 0.02524395 0.00454259 -0.03709520
v 0.02895510 0.01198744 -0.03405271
v 0.02561504 0.01164331 -0.03712309
v 0.00279396 -0.01271315 -0.03840736
v 0.00535545 -0.01580864 -0.03680740
v 0.00085031 -0.02088900 -0.03328100
v 0.01000861 -0.02336589 -0.03643031
v 0.00168951 -0.02667566 -0.03137163
v -0.00329543 -0.01937480 -0.03363157
v -0.00924658 -0.01755957 -0.03249312
v 0.01815100 -0.01826236 -0.03605202
v 0.02367697 -0.02324368 -0.03216435
v 0.02796260 -0.03275280 -0.02908696
v 0.02813821 -0.03707793 -0.03141224
v 0.03042844 -0.04111690 -0.01469044
v 0.02568913 -0.03958461 -0.01236815
v 0.03728715 -0.04990961 -0.02413627
v 0.02826123 -0.04368760 -0.03348044
v 0.02942565 -0.04996467 -0.03365052
v 0.03773182 -0.05479394 -0.02966505
v 0.04082422 -0.06649882 -0.01635063
v 0.04275394 -0.06782512 -0.01871708
v -0.00048704 -0.03205829 -0.02357369
v -0.00660161 -0.02286413 -0.02828797
v -0.00971923 -0.02028617 -0.02902985
v -0.02714921 -0.02923799 -0.02806535
v -0.02286623 -0.02174284 -0.03281591
v -0.02325634 -0.02796924 -0.02801535
v -0.01730870 -0.02241885 -0.03024446
v -0.01222283 -0.01585439 -0.03214259
v -0.01313316 -0.01338936 -0.03339652
v -0.01495347 -0.01631219 -0.03268719
v -0.01707350 -0.00826664 -0.03626680
v -0.02032920 -0.01012332 -0.03677284
v -0.02484472 -0.01102882 -0.03716659
v -0.00706466 -0.01231077 -0.03804946
v -0.00116448 -0.00937274 -0.04004434
v 0.00275310 -0.00468844 -0.04053378
v -0.00589563 -0.00879746 -0.03964000
v -0.00755550 -0.00455737 -0.04009036
v -0.01045233 -0.00525342 -0.03840698
v -0.01363407 -0.00220214 -0.03689022
v -0.02632943 -0.00820279 -0.03774928
v -0.02755186 -0.00434461 -0.03798141
v -0.05250467 -0.01578000 -0.04016770
v -0.05803802 -0.01542321 -0.04174020
v -0.05816987 -0.00791344 -0.04088439
v -0.05408840 -0.00457094 -0.03923520
v -0.05223314 -0.01003610 -0.03932379
v -0.05722767 0.00382057 -0.03844202
v -0.07981329 -0.00061601 -0.03667377
v 0.00813656 -0.04274948 0.00808584
v 0.01298597 -0.04667746 0.01233327
v 0.01309107 -0.04089318 0.01021001
v 0.01508258 -0.05617457 0.01720214
v 0.01275076 -0.05442062 0.01373020
v 0.01292338 -0.06279208 0.01454788
v 0.15014394 0.16040123 -0.00825396
v 0.14821470 0.14946474 -0.01011383
v 0.14097720 0.15830885 -0.00913733
v 0.14043088 0.15363778 -0.01044234
v 0.13869263 0.15723778 -0.01013771
v 0.13854770 0.15194938 -0.01146517
v 0.15320650 0.14702813 -0.01053842
v 0.15746555 0.14479952 -0.00787331
v 0.13632131 0.15602282 -0.01444562
v 0.13474077 0.16279685 -0.01263762
v 0.13107589 0.16105035 -0.01965649
v 0.13278912 0.15886424 -0.01885030
v 0.13419111 0.15625450 -0.01703813
v 0.13566071 0.15082043 -0.01151882
v 0.13761987 0.14133207 -0.01038021
v 0.15456651 0.14570861 -0.01045268
v 0.16299476 0.13832837 -0.00463085
v 0.15142243 0.13514256 -0.00943976
v 0.13894625 0.13637169 -0.01033663
v 0.13186665 0.15178502 -0.01087164
v 0.13396837 0.15321982 -0.01352051
v 0.12893495 0.14567502 -0.00657438
v 0.12843437 0.15694660 -0.00962877
v 0.12854958 0.16340558 -0.01859157
v 0.12885402 0.16072220 -0.01797524
v 0.12679949 0.16224733 -0.01364188
v 0.12830813 0.15912947 -0.01512618
v 0.12949614 0.15544458 -0.01289847
v 0.12609653 0.14359893 -0.00460176
v 0.12456659 0.14740317 -0.00251293
v 0.12297678 0.15160520 -0.00198685
v 0.12049229 0.13960457 -0.00241961
v 0.12006830 0.14214382 -0.00192882
v 0.12932858 0.13480133 -0.00789689
v 0.13690984 0.13398951 -0.00936259
v 0.13400143 0.12742515 -0.00537565
v 0.11311381 0.14121069 -0.00078084
v 0.11733212 0.14832589 -0.00095231
v 0.11062553 0.13475645 -0.00062419
v 0.12992710 0.11989697 -0.00191430
v 0.12558106 0.12091167 -0.00586118
v 0.11399241 0.11268421 -0.00709822
v 0.11161025 0.13140969 -0.00121180
v 0.11140638 0.11679231 -0.00683134
v 0.10301740 0.10810109 -0.00622494
v 0.11425407 0.10257243 -0.00529174
v 0.10836390 0.12175688 -0.00330566
v 0.10469759 0.11958172 -0.00192732
v 0.10143943 0.12495956 0.00017948
v 0.09796751 0.12589125 0.00173985
v 0.10090065 0.11881408 -0.00062459
v 0.10051954 0.11413033 -0.00191290
v 0.09035344 0.11694667 0.00124377
v 0.08950745 0.11727352 0.00271284
v 0.08784810 0.09929187 -0.00196570
v 0.09779005 0.10365166 -0.00590457
v 0.08217840 0.10368532 -0.00066292
v 0.08341198 0.09600676 -0.00145778
v 0.08654439 0.09535265 -0.00304761
v 0.07602438 0.09976388 0.00028047
v 0.07649278 0.09049840 -0.00126443
v 0.06876103 0.07684369 -0.00536608
v 0.06461807 0.07245705 -0.00723828
v 0.06578214 0.06354927 -0.01115636
v 0.06758384 0.05915550 -0.01208505
v 0.05916222 0.03819412 -0.01264188
v 0.06098210 0.04190625 -0.01325710
v 0.05591512 0.04686227 -0.01515655
v 0.04538718 0.04964621 -0.01654303
v 0.06607690 0.05088006 -0.01286188
v 0.05713482 0.06869464 -0.00663559
v 0.05769549 0.05599756 -0.01338121
v 0.05760793 0.06095096 -0.01171065
v 0.06421161 0.07840512 -0.00232564
v 0.06977583 0.07859473 -0.00376658
v 0.04341489 0.06062684 -0.01226044
v 0.03803501 0.06305069 -0.00923598
v 0.04061512 0.06550493 -0.00538227
v 0.05097159 0.06996571 -0.00390382
v 0.04512511 0.06641463 -0.00546170
v 0.04542622 0.06769626 -0.00419299
v 0.03378782 0.05892517 -0.01286230
v 0.02840404 0.06277964 -0.00799644
v 0.01548924 0.05917010 -0.01201884
v 0.02487932 0.05724970 -0.01385561
v 0.12569101 0.11471480 -0.00233599
v 0.12450639 0.11050162 0.00051752
v 0.12191117 0.10985293 -0.00305272
v 0.10615286 0.09719948 -0.00713283
v 0.11262125 0.09772432 -0.00425126
v 0.11309244 0.09296265 0.00051466
v 0.07352941 0.09302407 -0.00195580
v 0.06447251 0.08821863 0.00036468
v 0.07434445 0.09093280 -0.00150221
v 0.05398642 0.07714321 -0.00224596
v 0.05232640 0.07949734 -0.00101767
v 0.04952331 0.07312171 -0.00303398
v 0.17706968 0.12857918 -0.00585152
v 0.17919832 0.12713899 -0.00520902
v 0.17499562 0.12651601 -0.00738824
v 0.17328502 0.12270606 -0.00831930
v 0.16005428 0.13925256 -0.00625709
v 0.15952981 0.13265006 -0.00701383
v 0.15581478 0.13142143 -0.00755943
v 0.15809657 0.12894119 -0.00702691
v 0.15159197 0.12600051 -0.00608295
v 0.15397021 0.12363839 -0.00425066
v 0.16138820 0.12638816 -0.00730851
v 0.16760717 0.11931057 -0.00758363
v 0.17237215 0.12028310 -0.00799367
v 0.16819200 0.11593741 -0.00358625
v 0.17586775 0.12132182 -0.00748298
v 0.00246434 -0.07986543 0.00890702
v 0.01048990 -0.07812598 0.01315966
v 0.00305228 -0.09041120 0.00857911
v 0.00638006 -0.08882125 0.00922436
v 0.00675898 -0.09335555 0.00872438
v 0.04065726 -0.05816708 -0.02732396
v 0.03480891 -0.05642112 -0.03293412
v 0.03243616 -0.05463869 -0.03343381
v 0.02382126 -0.04094974 -0.03527063
v 0.02278266 -0.03309732 -0.03522692
v 0.01977754 -0.03979243 -0.03543531
v 0.02066547 -0.02392865 -0.03570395
v 0.00599684 -0.04086068 -0.02845407
v 0.00983529 -0.04810229 -0.02694098
v 0.03828181 -0.06257804 -0.03188650
v 0.03003255 -0.06889653 -0.03232384
v 0.02537838 -0.06829681 -0.03063422
v 0.03091997 -0.07530621 -0.03059271
v 0.02157363 -0.06660382 -0.02951324
v 0.02543267 -0.07169906 -0.02910789
v 0.02341920 -0.07343245 -0.02101151
v 0.04293496 -0.06614672 -0.02691522
v 0.04199582 -0.07202463 -0.02831691
v 0.04139247 -0.06265379 -0.02825771
v 0.03669705 -0.05877078 -0.01460218
v 0.04199490 -0.06215753 -0.02093812
v 0.01737620 -0.05712744 -0.03018447
v 0.01468736 -0.05044203 -0.03187428
v 0.01321319 -0.05346047 -0.02594826
v 0.02134757 -0.06967717 -0.02193595
v 0.03619238 -0.07233328 -0.03246634
v 0.02831577 -0.08567697 -0.02543705
v 0.04119417 -0.07781708 -0.02848465
v 0.04338973 -0.07908771 -0.02529021
v 0.04283495 -0.07835122 -0.01816374
v 0.04125375 -0.08103598 -0.01580039
v 0.04365439 -0.08236851 -0.02175305
v 0.04337867 -0.08323954 -0.02462393
v 0.04453110 -0.09477288 -0.02222539
v 0.04396332 -0.09150006 -0.01871425
v 0.02920536 -0.09282072 -0.02185941
v 0.02846787 -0.08943482 -0.01870807
v 0.02692126 -0.08123420 -0.01994221
v 0.03878200 -0.08469876 -0.03004648
v 0.03080188 -0.09671533 -0.02051823
v 0.03172567 -0.09961096 -0.02287790
v 0.03070358 -0.09677245 -0.02375621
v 0.02819702 -0.08930679 -0.02307552
v 0.03303946 -0.09527634 -0.02770627
v 0.03501769 -0.08630408 -0.03027205
v 0.04002942 -0.09162479 -0.02888075
v 0.04167888 -0.08733070 -0.02732346
v 0.03874502 -0.09604768 -0.02905650
v 0.04375602 -0.08696701 -0.02511435
v 0.03390076 -0.10878162 -0.02692976
v 0.03421644 -0.11312027 -0.02755135
v 0.03415801 -0.11760250 -0.02548935
v 0.03766800 -0.11888757 -0.02732491
v 0.03540626 -0.12151180 -0.02227619
v 0.03802216 -0.12363041 -0.01767157
v 0.05111670 -0.11963703 -0.00836138
v 0.04892805 -0.12114440 -0.00574997
v 0.03873086 -0.12699786 -0.01964337
v 0.04151807 -0.12863269 -0.02233957
v 0.03776237 -0.12328723 -0.02407262
v 0.04474910 -0.12577137 -0.02492682
v 0.04143399 -0.12471661 -0.02489545
v 0.04770531 -0.12393654 -0.02431427
v 0.04472198 -0.12900162 -0.02349320
v 0.05061282 -0.12813200 -0.01931053
v 0.05151687 -0.12527940 -0.00770713
v 0.05259642 -0.12501585 -0.01664288
v 0.05289501 -0.12524888 -0.01227982
v 0.05301961 -0.12278844 -0.00914149
v 0.05141196 -0.12232061 -0.00656355
v 0.05307378 -0.12190472 -0.01231371
v 0.04038314 0.04616401 -0.01810184
v 0.03634635 0.04496988 -0.01880641
v 0.03167415 0.04554093 -0.01943790
v 0.02735854 0.03679983 -0.02296861
v 0.02255968 0.04046736 -0.02397545
v 0.01902642 0.03574463 -0.02927484
v 0.02820185 0.02491410 -0.02971639
v 0.02185085 0.05321372 -0.01694172
v 0.01374770 0.05685692 -0.01473511
v 0.01189351 0.05871402 -0.01200288
v 0.00009377 0.05493686 -0.01486008
v 0.00801029 0.05763262 -0.01276409
v 0.01309106 0.03876840 -0.03060494
v 0.00301667 0.04900875 -0.02330221
v 0.00916613 0.04807210 -0.02378111
v 0.00915481 0.04277475 -0.02906155
v 0.00393451 0.04333142 -0.02949591
v 0.00655530 0.03777689 -0.03311852
v 0.00971775 0.03873986 -0.03179795
v 0.01535269 0.02253602 -0.03792588
v 0.02494818 0.02365465 -0.03348687
v 0.02260676 0.01426397 -0.03821199
v 0.01718622 0.01787818 -0.03879681
v 0.00749545 0.01634878 -0.03911367
v -0.00238614 0.01359056 -0.03846516
v -0.00829711 0.02326745 -0.03537817
v 0.00014642 0.03429349 -0.03470421
v -0.00614365 0.03701336 -0.03175311
v -0.00988341 0.02678388 -0.03396225
v -0.00707859 0.01562653 -0.03700839
v -0.01011560 0.04122617 -0.02712827
v -0.00479039 0.04228977 -0.02878026
v -0.01991752 0.03412639 -0.02558848
v -0.01173401 0.04774564 -0.01928394
v -0.00780075 0.04602440 -0.02365655
v -0.00161431 0.04064730 -0.03107454
v 0.00059548 0.04470824 -0.02799231
v -0.00496981 0.00381009 -0.03998350
v -0.00129747 0.00158058 -0.04074937
v -0.01569810 0.00517752 -0.03676416
v -0.01989392 0.00118306 -0.03756210
v -0.01982863 0.00629213 -0.03706367
v -0.01270963 0.01573242 -0.03530684
v -0.02195836 0.01228300 -0.03584900
v -0.04741877 -0.00313488 -0.03551736
v -0.03846338 0.00077853 -0.03653540
v -0.03445940 0.00518532 -0.03669187
v -0.03792520 0.00711044 -0.03551797
v -0.05075812 0.00571274 -0.03529458
v -0.04382749 0.01818330 -0.02880910
v -0.02390829 0.03846841 -0.01985963
v -0.02347973 0.03509480 -0.02358215
v -0.03404641 0.02796787 -0.02552740
v -0.03999474 0.02257916 -0.02747085
v 0.00068616 -0.03033049 -0.02926600
v 0.00542148 -0.03226142 -0.03261019
v 0.01143556 -0.04067588 -0.03266991
v 0.05043110 -0.12673086 -0.02232435
v 0.04340804 -0.12126198 -0.02584800
v 0.05216955 -0.12161023 -0.01708400
v 0.04976451 -0.11712453 -0.01669003
v 0.04753663 -0.11308133 -0.02251310
v 0.04619247 -0.10389949 -0.02151256
v 0.04782211 -0.11269470 -0.01904598
v 0.04236873 -0.10342055 -0.02606816
v 0.04004902 -0.11264987 -0.02873625
v 0.04030659 -0.10644682 -0.02829700
v 0.04456869 -0.11296830 -0.02617256
v -0.05473792 -0.00011480 -0.03848106
v -0.05835615 0.00863633 -0.03734070
v -0.05404220 0.00822747 -0.03602739
v -0.05103288 0.02339326 -0.02421998
v -0.05629366 0.01196348 -0.03536185
v -0.05274953 0.01869329 -0.02923380
v -0.05024492 -0.09078564 -0.02847314
v -0.04674891 -0.08849861 -0.02499855
v -0.04609326 -0.08443663 -0.02273179
v -0.04607160 -0.07947147 -0.02236051
v -0.04494464 -0.08942953 -0.02102997
v -0.04823930 -0.08097637 -0.01710125
v -0.04361809 -0.09554423 -0.02049727
v -0.09683537 -0.00631164 -0.01163023
v -0.09637707 -0.00588523 -0.00198981
v -0.09883974 -0.00482228 -0.00497456
v -0.09619601 -0.00545647 0.00173338
v -0.05716311 -0.03083571 0.01516141
v -0.05131633 -0.03431359 0.00726149
v -0.06008463 -0.03231913 0.01302131
v -0.05977194 -0.03453711 0.01696721
v -0.06026908 -0.03807598 0.02180588
v -0.04294221 -0.03319954 0.01748948
v -0.04366671 -0.03477076 0.01330811
v -0.03828485 -0.03652036 0.00831078
v -0.06009101 -0.03152492 0.00743826
v -0.06411846 -0.03141426 0.00489909
v -0.05879591 -0.03177238 0.00311781
v -0.05142023 -0.03502974 -0.00263321
v -0.04690399 -0.03621188 0.00184187
v -0.04240385 -0.03672472 -0.00303155
v -0.05477204 -0.03370249 -0.00886431
v -0.04341883 -0.03649490 -0.00632882
v -0.02271422 -0.03636824 -0.00641792
v -0.02780027 -0.03717739 0.00492787
v -0.02160390 -0.03645622 -0.00175743
v -0.02427769 -0.03602614 -0.01045091
v -0.02838566 -0.03477652 -0.01724206
v -0.03628142 -0.03591352 -0.01603149
v -0.04105745 -0.03643640 -0.01351709
v -0.04261586 -0.03403378 -0.02117459
v -0.06536357 -0.05892796 -0.03107744
v -0.07724021 -0.04275019 -0.02765904
v -0.07857835 -0.04340347 -0.02384765
v -0.07446432 -0.05284241 -0.02451887
v -0.07853651 -0.04275621 -0.02114761
v -0.08194313 -0.03648326 -0.02032253
v -0.08053850 -0.02967078 -0.03233390
v -0.08957221 -0.02274234 -0.02367988
v -0.09072919 -0.02147896 -0.02097651
v -0.09634256 -0.00887010 -0.01217772
v -0.08870629 -0.02560131 -0.02261171
v -0.08665728 -0.02664890 -0.01664022
v -0.08622009 -0.02646415 -0.02664313
v -0.08840447 -0.01952920 -0.01018019
v -0.09331599 -0.01523193 -0.01125736
v -0.09600513 -0.01082079 -0.01039896
v -0.09732167 -0.00830256 -0.00970616
v -0.09626499 -0.00741379 -0.00669795
v -0.08184176 -0.02228808 -0.00618666
v -0.07735181 -0.03166759 -0.01305184
v -0.07385019 -0.02954468 -0.00988591
v -0.08399265 -0.03018704 -0.01575390
v -0.08124257 -0.03204964 -0.01482525
v -0.07798129 -0.04018952 -0.01880793
v -0.07958367 -0.03666542 -0.01744071
v -0.06963009 -0.03506039 -0.01166925
v -0.06561073 -0.03917251 -0.01119736
v -0.06843528 -0.02806990 -0.00348320
v -0.05961956 -0.03127924 -0.00335080
v -0.05983488 -0.03030328 -0.00043276
v -0.06143428 -0.02936827 -0.00227703
v -0.06459787 -0.02859150 -0.00300772
v -0.00684231 -0.02970975 -0.00790509
v -0.03373155 -0.03734067 0.00311944
v -0.03276864 -0.03662635 0.00938943
v -0.03562363 -0.03551901 0.01375875
v -0.05659620 -0.03705949 -0.01067155
v -0.05406396 -0.04032078 -0.01190949
v -0.04769154 -0.04093326 -0.01551147
v -0.06134073 -0.03827789 -0.01012105
v -0.07152824 -0.04043807 -0.01430312
v -0.07456389 -0.04264662 -0.01684295
v -0.06939898 -0.06077680 -0.02473737
v -0.07251684 -0.05745083 -0.02324777
v -0.06620017 -0.05411651 -0.01319193
v -0.06264155 -0.05599867 -0.01235336
v -0.05691269 -0.05073136 -0.01146199
v -0.06093037 -0.06693302 -0.03182520
v -0.06396393 -0.06725028 -0.02817716
v -0.05832593 -0.05861266 -0.01244408
v -0.06018123 -0.07131697 -0.01413412
v -0.05640275 -0.06927553 -0.01315858
v -0.05372835 -0.07184415 -0.01362960
v -0.05103458 -0.07129570 -0.01458050
v -0.06563452 -0.06898614 -0.02550232
v -0.06579500 -0.07152429 -0.02404053
v -0.05993652 -0.07614987 -0.01500660
v -0.06106891 -0.08025745 -0.01796985
v -0.06338739 -0.07502616 -0.01743378
v -0.06535952 -0.07402361 -0.02313624
v -0.06452580 -0.07803524 -0.02524564
v -0.06366988 -0.07785019 -0.02948721
v -0.06013099 -0.08485680 -0.02047112
v -0.05584227 -0.07660113 -0.01401311
v -0.05489486 -0.08339772 -0.01531276
v -0.05757366 -0.09119295 -0.02755381
v -0.05979779 -0.08873722 -0.02319415
v -0.05687938 -0.09132795 -0.01970869
v -0.05739783 -0.09642539 -0.02361631
v -0.05360566 -0.09516057 -0.01689887
v -0.05336748 -0.11046588 -0.02467470
v -0.05258480 -0.11243969 -0.02845481
v -0.05387048 -0.10686592 -0.02225747
v -0.05383326 -0.10378206 -0.02003756
v -0.05151638 -0.11617182 -0.02717491
v -0.05001335 -0.11555606 -0.01770314
v -0.04786136 -0.11801469 -0.01656141
v -0.04856785 -0.12262762 -0.02572168
v -0.03216537 -0.12836687 -0.02672444
v -0.03190511 -0.12686910 -0.02133123
v -0.03684661 -0.12919679 -0.03026140
v -0.04272966 -0.12834969 -0.03191471
v -0.03529423 -0.12808307 -0.02082451
v -0.03427036 -0.12459137 -0.01493680
v -0.03410804 -0.12727253 -0.01624208
v -0.03756367 -0.12696406 -0.01391645
v -0.03929630 -0.11516702 -0.01793480
v -0.04594675 -0.12299648 -0.01617698
v -0.04643116 -0.12413475 -0.03096619
v -0.01312940 -0.03213783 -0.00308657
v -0.01446015 -0.03208410 -0.01145985
v -0.01965262 -0.03447021 -0.01423676
v -0.02097136 -0.03662398 -0.00004961
v -0.01980696 -0.03649359 0.00228141
v -0.01760013 -0.03403607 -0.01294248
v -0.08546610 -0.01914215 -0.00780808
v -0.09064064 -0.01742860 -0.00755170
v -0.08332384 -0.01908085 -0.00541056
v -0.09156450 -0.01050575 -0.00439800
v -0.09358134 -0.01480613 -0.00688887
v -0.05180167 -0.08773804 -0.01533425
v -0.05290914 -0.07853750 -0.01475979
v -0.05037747 -0.07608248 -0.01540393
v -0.04996224 -0.09421572 -0.01528373
v -0.05601018 -0.08767990 -0.01698910
v -0.04670436 -0.09501509 -0.01592571
v -0.05169390 -0.10733359 -0.01697577
v -0.05056714 -0.09879402 -0.01558685
v -0.04673590 -0.11093746 -0.01459079
v -0.05061796 -0.10952836 -0.01586780
v -0.04964598 -0.11204351 -0.01564877
v -0.04637401 -0.09917350 -0.01557427
v -0.04524271 -0.12749964 -0.02989298
v -0.04506413 -0.12624581 -0.01611259
v -0.04302435 -0.12794946 -0.01592639
v -0.04274424 -0.12376262 -0.01419256
v -0.04134099 -0.11887143 -0.01556932
v -0.03946266 -0.12350900 -0.01371562
v -0.04148331 -0.12699361 -0.01417219
v -0.00788294 -0.02746425 0.02243958
v -0.00683626 -0.03294688 0.02476260
v -0.00401824 -0.04223253 0.02631077
v -0.00523655 -0.04367131 0.02367500
v -0.00534222 -0.03623197 0.00901295
v -0.00776665 -0.03844561 0.01476742
v 0.00042059 -0.03578186 0.00604430
v -0.00008887 -0.04236571 0.00804052
v -0.00321166 -0.04454142 0.01014119
v -0.00650306 -0.02967042 -0.00523746
v 0.01199990 -0.02187480 0.00414517
v 0.01532288 -0.01372358 -0.00214104
v 0.01300499 -0.01679403 -0.00336101
v 0.01276331 -0.02015387 -0.00511206
v 0.00994428 -0.02599010 -0.00718261
v 0.00723275 -0.02867844 -0.00959100
v 0.00604834 -0.02503579 -0.00851579
v -0.00356783 -0.02778735 -0.01046367
v -0.00328774 -0.02704790 -0.01424340
v -0.00340404 -0.02710032 -0.01672991
v 0.00207577 -0.03317843 -0.01878278
v 0.00310029 -0.03647710 -0.02140627
v 0.01570719 -0.01396577 -0.00021317
v 0.02118563 -0.00782245 -0.00069966
v 0.02303914 -0.01044167 -0.00919142
v 0.01640327 -0.03687682 -0.01136606
v 0.02203730 -0.03129707 -0.01105428
v 0.01247922 -0.03341054 -0.01053931
v 0.02896955 -0.04525415 -0.01315798
v 0.02212295 -0.05309286 -0.01438904
v 0.01915013 -0.05310753 -0.01619402
v 0.03144604 -0.05642311 -0.01379318
v 0.02308718 -0.06242599 -0.01672027
v 0.01997943 -0.05668941 -0.01756417
v 0.01495425 -0.04803786 -0.01685309
v 0.01378005 -0.05092373 -0.02083941
v 0.01057530 -0.04539541 -0.01895763
v 0.01151119 -0.04909682 -0.02219767
v 0.00738083 -0.04410418 -0.02502565
v -0.00103380 -0.04872065 0.00957654
v -0.00713206 -0.04275201 0.01429550
v -0.00673149 -0.04617422 0.01998531
v -0.00479898 -0.05416681 0.02151196
v -0.00642018 -0.05152793 0.01848827
v -0.00531831 -0.06005952 0.01401847
v -0.00300935 -0.06555059 0.01044049
v -0.00598164 -0.06441501 0.01839261
v -0.00530490 -0.06272172 0.02261033
v -0.00562431 -0.06793731 0.01948591
v -0.00335820 -0.06806923 0.02368229
v -0.00437361 -0.06955646 0.01265618
v -0.00122845 -0.08442520 0.01117575
v -0.00085149 -0.07370418 0.00953499
v -0.00447426 -0.07377443 0.01428482
v -0.00277706 -0.07839756 0.02103519
v -0.00044285 -0.08101369 0.00985789
v 0.00107147 -0.09365577 0.00957349
v -0.00076585 -0.09200723 0.01237277
v 0.00082762 -0.09826943 0.01207426
v 0.00198330 -0.10330996 0.01139741
v 0.00241479 -0.10096318 0.00823397
v 0.00757070 -0.10300619 0.00551911
v 0.00344917 -0.10782886 0.01253899
v 0.01646843 -0.11640570 0.00109974
v 0.01929259 -0.11508702 0.00303093
v 0.02136020 -0.11870956 0.00061229
v 0.01534114 -0.12236279 -0.00103015
v 0.01197062 -0.12449170 0.00071726
v 0.01540292 -0.12616093 -0.00045449
v 0.01814339 -0.12689212 0.00027803
v 0.01284368 -0.12758303 0.00277495
v 0.01093965 -0.12358722 0.01020070
v 0.02516756 -0.07711814 -0.02031035
v 0.00265444 -0.02573510 -0.01006138
v 0.03591963 -0.08168293 -0.01481090
v 0.04129087 -0.09002358 -0.01512144
v 0.03692956 -0.09449175 -0.01418546
v 0.03405706 -0.10765887 -0.01499258
v 0.03761513 -0.10979461 -0.01134064
v 0.03887239 -0.11266533 -0.01105183
v 0.03929871 -0.11799523 -0.01126352
v 0.03473355 -0.11390212 -0.01622230
v 0.03606275 -0.11466520 -0.01278776
v 0.03906199 -0.12169882 -0.01364849
v 0.04414185 -0.11638018 -0.00936141
v 0.04613724 -0.12368680 -0.00650486
v 0.04914998 -0.12460159 -0.00641303
v -0.09186394 -0.03765126 0.01094530
v -0.10622714 -0.00622824 -0.00597845
v -0.09775928 -0.01451023 -0.00125197
v -0.09666157 -0.01626134 0.00162863
v -0.09807130 -0.00936911 0.00023918
v -0.09525893 -0.02106564 -0.00031551
v -0.10473491 -0.01340069 -0.00427971
v -0.10657528 -0.02146871 -0.00180871
v -0.10143609 -0.02072390 -0.00207980
v -0.09596027 -0.02511008 0.00116373
v -0.09407321 -0.02724072 0.01100701
v -0.09433280 -0.02600652 0.00670166
v -0.08962724 -0.03366362 0.01157929
v -0.08068886 -0.02987156 0.00595107
v -0.08436914 -0.03212131 0.00918662
v -0.07743698 -0.03162571 0.00608942
v -0.07766278 -0.03851462 0.00936714
v -0.07306245 -0.03586954 0.00817627
v -0.08317633 -0.03985648 0.01060317
v -0.07900915 -0.04446867 0.01082818
v -0.09456699 -0.03380444 0.00611549
v -0.09021484 -0.03999491 0.01177181
v -0.08738445 -0.04207210 0.01166102
v -0.08435784 -0.04588563 0.01113243
v -0.09160409 -0.04875661 0.01071341
v -0.10516497 -0.03370128 0.00381938
v -0.09705014 -0.04421571 0.00596358
v -0.10480700 -0.03804861 0.00917944
v -0.10694096 -0.03093452 0.00623281
v -0.08379227 -0.05224030 0.01168095
v -0.07083481 -0.04846471 0.01654888
v -0.08256947 -0.05984381 0.01373007
v -0.09366808 -0.05418816 0.00955578
v -0.09251982 -0.05701659 0.01073992
v -0.10400245 -0.05453391 0.00752989
v -0.10453802 -0.06400983 0.01793035
v -0.10462788 -0.07005296 0.01909111
v -0.10723386 -0.06827778 0.01618285
v -0.10417639 -0.06712443 0.02242672
v -0.10201362 -0.08252744 0.01789468
v -0.10321058 -0.07565185 0.01400064
v -0.10821191 -0.06498279 0.01505329
v -0.11062217 -0.07055088 0.01297735
v -0.10822587 -0.07878930 0.00950881
v -0.10553015 -0.07543787 0.00711081
v -0.10135736 -0.07149986 0.01051493
v -0.09772169 -0.07261998 0.01125797
v -0.09037448 -0.09123101 0.01284312
v -0.09488500 -0.09303663 0.01308833
v -0.09815203 -0.09413667 0.01654259
v -0.08473442 -0.09589186 0.01569892
v -0.08664560 -0.08760632 0.01667195
v -0.08969237 -0.07637817 0.01230570
v -0.08498691 -0.07979764 0.01919508
v -0.06458296 -0.04131585 0.01747589
v -0.08495771 -0.07529170 0.01780155
v -0.08459113 -0.07088699 0.01592645
v -0.09501131 -0.06472436 0.01011077
v -0.08861177 -0.06345371 0.01162013
v -0.11030687 -0.07583531 0.00504013
v -0.11097473 -0.07140059 0.00651676
v -0.10692352 -0.07237460 0.00427601
v -0.10419530 -0.06657573 0.00453028
v -0.10312574 -0.06152664 0.00546869
v -0.10841761 -0.06746034 0.00492489
v -0.10929535 -0.06516710 0.00695383
v -0.08582748 -0.10040405 0.01153071
v -0.07173458 -0.11865682 0.01155899
v -0.08079056 -0.12077019 0.00805665
v -0.07876489 -0.11907016 0.00775792
v -0.07502274 -0.12110446 0.00836524
v -0.08222848 -0.11470768 0.00875368
v -0.08024625 -0.12636755 0.01699606
v -0.08253942 -0.12587786 0.01222685
v -0.08178669 -0.12481680 0.02150432
v -0.08643140 -0.11849369 0.02019343
v -0.08717830 -0.11996080 0.01603522
v -0.08405882 -0.11748357 0.00899118
v -0.08926643 -0.11686650 0.01423587
v -0.08674815 -0.10536402 0.00937336
v -0.08945704 -0.11031529 0.00978608
v -0.09287234 -0.10399842 0.01058322
v -0.09476576 -0.10353614 0.01232929
v -0.09364132 -0.10761157 0.01214359
v -0.09225899 -0.11059199 0.02158805
v -0.08954524 -0.11403453 0.02003838
v -0.08084834 -0.12641208 0.01918468
v -0.09062839 0.02443704 -0.00016765
v -0.09715027 0.01417997 0.00374366
v -0.10752389 0.00420956 0.00144791
v -0.10596232 0.00691050 -0.00077587
v -0.11083874 -0.00494000 0.00274136
v -0.10950846 -0.00152697 -0.00314345
v -0.09202723 0.00387757 -0.02346866
v -0.08861995 0.01448046 -0.01824181
v -0.08906943 0.01631213 -0.01308895
v -0.10437688 0.00282237 -0.00648825
v -0.11122555 -0.00416499 -0.00051881
v -0.10809450 0.00109784 -0.00402161
v -0.10817708 -0.02085697 0.00835064
v -0.10994077 -0.01719285 0.00195461
v -0.09104357 -0.01697251 -0.02195232
v -0.09547266 0.00190569 -0.01051630
v -0.09715413 -0.00424983 -0.00738904
v -0.09916770 -0.00021407 -0.00797921
v -0.09416129 -0.00210382 0.02566751
v -0.09617486 0.00270719 0.01873145
v -0.09200259 -0.01984493 0.02638310
v -0.09609305 -0.00673834 0.01821081
v -0.09366497 -0.01712850 0.02074560
v -0.09618115 -0.01436162 0.01051593
v -0.09401257 -0.02045838 0.01770909
v -0.09490217 -0.02135911 0.01161765
v -0.09258503 -0.02447873 0.01272376
v -0.09271625 -0.03100745 0.01096429
v -0.10210750 -0.02997836 0.01260881
v -0.10536843 -0.03091289 0.01011349
v -0.10264666 -0.03957562 0.01355995
v -0.10229287 -0.03490490 0.01321562
v -0.10256277 -0.04943847 0.01544328
v -0.10395344 -0.04758885 0.01202431
v -0.09881601 -0.05391863 0.01877459
v -0.09996185 -0.05981744 0.02149614
v -0.09278807 -0.02709032 0.01794807
v -0.09325737 -0.02867843 0.01463731
v -0.09436392 -0.03206823 0.01897102
v -0.09234100 -0.03472304 0.02629017
v -0.10170692 -0.04430105 0.01502487
v -0.09678965 -0.04528315 0.01799755
v -0.09571255 -0.04708510 0.02125160
v -0.09590759 0.00937606 0.00931040
v -0.10570809 0.00260907 0.00476007
v -0.10044681 0.00164528 0.00671234
v -0.10125760 -0.01078984 0.00975155
v -0.09992723 -0.00693250 0.00862853
v -0.10013186 -0.02450446 0.01178125
v -0.09727719 -0.03043346 0.01308113
v -0.09631201 -0.00535558 0.00522280
v -0.08982394 -0.01841333 0.00693710
v -0.09241366 -0.00998468 0.00407751
v -0.09662297 -0.01630165 0.00656065
v -0.09764148 -0.00779530 0.00673675
v -0.09432182 -0.01824276 0.01056258
v -0.08119744 -0.02393084 0.00018551
v -0.08176700 -0.02135057 -0.00186442
v -0.09011590 -0.02481866 0.01039102
v -0.09170726 0.00306403 0.02836211
v -0.09228402 -0.00113220 0.02876020
v -0.08841465 0.00243269 0.03193292
v -0.08589967 0.00287559 0.03363468
v -0.08278618 0.00088266 0.03583761
v -0.08524243 0.00627751 0.03291009
v -0.07942921 -0.00123413 0.03770021
v -0.07856409 0.00562006 0.03594054
v -0.08677339 -0.00580440 0.03440114
v -0.08661597 -0.00144567 0.03409901
v -0.07721749 -0.00515465 0.03880370
v -0.09232728 -0.00618646 0.02859024
v -0.09496661 0.00609606 0.02016740
v -0.09284634 0.00816273 0.02362728
v -0.09638823 0.00582816 0.01324124
v -0.09086861 0.01449800 0.01519417
v -0.08823762 0.01845881 0.01164034
v -0.08854057 0.02050472 0.00767802
v -0.08496116 0.02359910 0.00767453
v -0.08842636 0.02433731 0.00254377
v -0.08059703 0.02562252 0.00923998
v -0.08200829 0.02345141 0.01237735
v -0.08859705 0.01695918 0.01622897
v -0.08477420 0.01852311 0.02124271
v -0.07439269 0.02455107 0.02166886
v -0.07811438 0.02208800 0.02282146
v -0.08144826 0.01895470 0.02471255
v -0.08523755 0.01528905 0.02609495
v -0.08729584 0.01147589 0.02809096
v -0.07833264 0.01343798 0.03232181
v -0.08239344 0.01468416 0.02920775
v -0.07836598 0.01919232 0.02711810
v -0.07755687 0.01662917 0.03031939
v -0.06934734 0.00958271 0.03527503
v -0.07347595 0.00708116 0.03619636
v -0.07330687 -0.00385035 0.03925789
v -0.06408468 -0.00015262 0.03793665
v -0.07204416 -0.01181321 0.04017290
v -0.09332728 -0.00837092 0.02584294
v -0.08439276 0.02806455 0.00052300
v -0.07761598 0.02871331 0.00583976
v -0.07205925 0.02841043 0.01431154
v -0.07341679 0.03007835 0.00777075
v -0.06885035 0.03202731 0.00549867
v -0.05509793 0.03442509 0.01022756
v -0.04667458 0.03666883 0.01015847
v -0.06942277 0.03359636 -0.00391843
v -0.04924509 0.03669409 -0.00495139
v -0.05422158 0.03630488 -0.00342327
v -0.05529400 0.03626755 0.00245069
v -0.06517577 -0.00899315 0.03919287
v -0.06071800 -0.00096357 0.03734008
v -0.06270794 0.00375978 0.03656947
v -0.06463911 0.00768429 0.03544867
v -0.05047078 -0.00490193 0.03337619
v -0.04948151 0.00018488 0.03278398
v -0.04558492 0.00009931 0.03355772
v -0.03752073 0.00165190 0.03645937
v -0.04226374 -0.00431099 0.03498117
v -0.03360259 0.00370151 0.03727566
v -0.03486475 0.00876903 0.03601698
v -0.03681547 -0.00611023 0.03684701
v -0.02879587 0.00342617 0.03802057
v -0.02559452 0.00763105 0.03746281
v -0.02372655 0.00709862 0.03753056
v -0.02445100 0.01149815 0.03643120
v -0.03647203 0.01534089 0.03376152
v -0.02573882 0.01519231 0.03501957
v -0.02691234 0.02023826 0.03264270
v -0.03047865 0.01704274 0.03392160
v -0.02541230 0.02527297 0.02962956
v -0.02024037 0.02129195 0.03254837
v -0.01421841 0.02298578 0.03435309
v -0.01708524 0.01664961 0.03540960
v -0.02134599 0.02929341 0.02790768
v -0.02665203 0.02977180 0.02633720
v -0.03015886 0.02757845 0.02791579
v -0.03059392 0.02339154 0.03071199
v -0.03471949 0.02124217 0.03141837
v -0.03447243 0.02572694 0.02874838
v -0.03972923 0.01891842 0.03167443
v -0.04261363 0.01301514 0.03281378
v -0.05270166 0.00251502 0.03311032
v -0.05019616 0.00679784 0.03213545
v -0.06158876 0.01646646 0.03129940
v -0.05863779 0.00790161 0.03408650
v -0.06564650 0.02057440 0.02907697
v -0.05944756 0.01987529 0.02868812
v -0.06047086 0.02296138 0.02624382
v -0.06838982 0.01654899 0.03192570
v -0.06868668 0.02423135 0.02502026
v -0.06344231 0.02558835 0.02383919
v -0.06435678 0.02769152 0.02068796
v -0.05722801 0.02752806 0.02144046
v -0.05180554 0.03460698 0.01255376
v -0.04787332 0.03466629 0.01459640
v -0.04556906 0.03296566 0.01802971
v -0.03963344 0.04065081 0.00286147
v -0.05005764 0.03783819 -0.00020926
v -0.04382705 0.03908462 0.00399414
v -0.04145993 0.03095934 0.02220435
v -0.03366528 0.03993303 0.01327763
v -0.03506710 0.04160583 0.00722199
v -0.03502910 0.04192365 -0.00347524
v -0.03227463 0.04338035 -0.00121486
v -0.02817192 0.04589402 0.00301680
v -0.02801456 0.04538416 0.00625379
v -0.02268015 0.05000857 0.00448349
v -0.03059256 0.04272266 0.00934000
v -0.02584481 0.04382955 0.01278193
v -0.02164323 0.04837798 0.01150941
v -0.02444683 0.04688980 0.00933707
v -0.02031685 0.05171597 0.00722679
v -0.01958259 0.05310944 0.00414123
v -0.00885959 0.06290995 0.00300122
v -0.01151152 0.05998591 0.00510442
v -0.00674898 0.06310124 0.00049492
v -0.00617532 0.06503495 0.00252715
v -0.00538240 0.06516809 0.00428266
v -0.05357991 0.00969739 0.03226857
v -0.04381262 0.02664928 0.02547433
v -0.02951774 0.03448001 0.02196638
v -0.02963717 0.04005370 0.01538919
v -0.02279314 0.04205946 0.01764552
v -0.01684392 0.04500670 0.01919321
v -0.01498173 0.05548368 0.00737900
v -0.00094424 0.06713810 0.00523940
v -0.00040580 0.06472049 0.00610673
v -0.00367292 0.05796104 0.00899754
v 0.00262917 0.06738285 0.00542299
v 0.00552948 0.06998576 0.00280274
v 0.01100851 0.06942952 -0.00072494
v 0.00930774 0.07060483 0.00334857
v 0.00915992 0.06990805 0.00463599
v 0.01279602 0.06991249 0.00542392
v 0.00917536 0.06736748 0.00595497
v 0.00970982 0.06268184 0.00764998
v 0.00231518 0.05846068 0.00893132
v 0.01577014 0.06073769 0.00923920
v 0.01730459 0.05893013 0.01118944
v 0.01458129 0.07140616 0.00401876
v -0.00313916 0.06664434 0.00187944
v 0.01369659 0.07164735 0.00236284
v 0.01999450 0.06885311 0.00599034
v 0.01778111 0.07073143 0.00493468
v 0.01783698 0.07165939 0.00251759
v 0.02342411 0.07145238 0.00468543
v 0.02636273 0.07046904 0.00538697
v 0.02836384 0.07267052 0.00376311
v 0.03063511 0.07240392 0.00474680
v 0.03342829 0.07245290 0.00513235
v 0.03716954 0.07468904 0.00398788
v 0.02904975 0.07290396 0.00153415
v 0.04143548 0.07479898 0.00060205
v 0.03482580 0.06940324 0.00667113
v 0.04516914 0.07476213 -0.00130333
v 0.04278380 0.07488748 0.00511873
v 0.03228873 0.06467890 0.00840477
v 0.02579910 0.06293705 0.00901023
v 0.02510518 0.06032413 0.01140337
v 0.03028761 0.06123171 0.01151677
v 0.03489093 0.06149055 0.01202071
v 0.02746433 0.05779635 0.01472741
v 0.02225238 0.05799169 0.01346262
v 0.01831526 0.05638022 0.01477667
v 0.02053507 0.05346084 0.01879332
v 0.02942100 0.04979738 0.02250685
v 0.02503755 0.05147953 0.02134372
v 0.03421410 0.05838518 0.01580608
v 0.04117270 0.06325314 0.01162476
v 0.04022271 0.05763057 0.01823004
v 0.04732983 0.06135084 0.01632002
v 0.04227331 0.06059307 0.01531687
v 0.04424627 0.05929694 0.01763521
v 0.04472834 0.05586479 0.02010208
v 0.04618882 0.06439106 0.01212959
v 0.04395841 0.06577077 0.00966301
v 0.03951554 0.07324001 0.00550282
v 0.04741004 0.07634990 0.00546455
v 0.04532029 0.07751538 0.00308741
v 0.05294099 0.07806745 0.00596088
v 0.03952886 0.06791794 0.00784842
v 0.04701349 0.06831709 0.00881684
v 0.05369139 0.06790774 0.01244572
v 0.04834402 0.06729000 0.00967452
v 0.04947615 0.06506618 0.01322396
v 0.05305195 0.07326275 0.00795437
v 0.04832604 0.05965832 0.01848873
v 0.05653951 0.07051769 0.01103400
v 0.05823427 0.07720171 0.00756367
v 0.06098622 0.07567982 0.00887933
v 0.05979243 0.07066733 0.01247902
v 0.06055421 0.06803355 0.01566019
v 0.05389457 0.06489400 0.01592521
v 0.04975525 0.05808944 0.01952967
v 0.04886474 0.05367529 0.02100370
v 0.05196717 0.05184264 0.02052420
v 0.04149961 0.05027342 0.02225784
v 0.03859803 0.05451573 0.02047826
v 0.04309630 0.05314839 0.02139965
v 0.03187529 0.05536210 0.01890915
v 0.03235565 0.05218245 0.02163057
v 0.03598077 0.04967416 0.02267763
v 0.03759502 0.04714740 0.02272156
v 0.04242037 0.04553790 0.02200316
v 0.02002169 0.04909472 0.02235476
v 0.01457263 0.04735259 0.02290865
v 0.02662943 0.04694399 0.02329611
v 0.02007431 0.04527217 0.02389898
v 0.01532935 0.03829137 0.02806061
v 0.01782689 0.04156791 0.02565108
v 0.01133772 0.04370663 0.02544021
v 0.01466125 0.05056343 0.02079976
v 0.01409493 0.05418803 0.01642509
v 0.02150559 0.06073314 0.01043427
v 0.00112996 0.04844686 0.02210184
v 0.01072566 0.05723336 0.01170830
v -0.00887479 0.05973502 0.00638597
v -0.00012036 0.05427282 0.01468694
v 0.00997104 0.05363679 0.01624030
v 0.00670020 0.05225759 0.01774292
v 0.00186971 0.05123952 0.01900300
v -0.00381993 0.04990212 0.02023610
v -0.00569212 0.05542592 0.01221389
v -0.01009437 0.04193938 0.02530197
v -0.02004835 0.03903787 0.02209942
v -0.02745983 0.03811611 0.01882215
v -0.01444571 0.02858036 0.03171063
v -0.01382366 0.03374210 0.02936015
v -0.02328918 0.03476572 0.02348271
v -0.01839206 0.03366065 0.02678651
v -0.00766053 0.03477566 0.03133468
v -0.01321547 0.03875654 0.02631142
v -0.01029471 0.03702845 0.02899939
v -0.00221540 0.03501017 0.03231171
v -0.02127463 0.01553177 0.03472244
v -0.01508832 0.00914064 0.03671254
v -0.01998769 0.00949657 0.03630939
v -0.02493185 0.00206570 0.03846626
v -0.01650299 0.00414372 0.03665911
v -0.01296734 -0.00043494 0.03661901
v -0.00782677 -0.00076304 0.03905990
v -0.00949173 0.00623064 0.03872553
v -0.01147886 0.01136499 0.03791744
v -0.01419190 0.01432401 0.03690781
v -0.00714654 0.01135589 0.04009423
v -0.00580678 0.00498343 0.04092882
v -0.00249070 0.00184312 0.04260767
v -0.00387775 -0.00268410 0.04157136
v -0.01422769 -0.00917742 0.03540218
v -0.00884913 -0.00974018 0.03556603
v -0.00745567 -0.00653101 0.03795893
v -0.00561868 -0.01072629 0.03699246
v -0.00077507 -0.00417363 0.04286147
v 0.00090028 -0.00158687 0.04365930
v 0.00188488 0.00123011 0.04390834
v 0.00116645 -0.01075473 0.03966839
v -0.01177201 -0.01695973 0.03164972
v -0.01872751 -0.00845679 0.03712211
v -0.02366314 -0.00292422 0.03882258
v -0.02953613 -0.01372975 0.03743153
v -0.03283203 -0.01675732 0.03613449
v -0.05175493 -0.00928363 0.03416760
v -0.05318155 -0.01455039 0.03416044
v -0.07003349 -0.01583477 0.04038167
v -0.07830079 -0.01809626 0.03995675
v -0.07475407 -0.01936062 0.04082041
v -0.08269858 -0.02057686 0.03797478
v -0.07999849 -0.02417661 0.03959890
v -0.07237282 -0.02256369 0.04079401
v -0.09994963 -0.06787468 0.02928384
v -0.10046200 -0.07149192 0.02718736
v -0.09899192 -0.06219257 0.02691897
v -0.09148800 -0.07409100 0.03145285
v -0.09899591 -0.07999615 0.02489780
v -0.08377054 -0.08918875 0.02130941
v -0.08439611 -0.08712330 0.02275637
v -0.08394273 -0.09263998 0.02201598
v -0.08436300 -0.09506197 0.02272712
v -0.08229410 -0.09949133 0.01800333
v -0.08241341 -0.10053261 0.02152769
v -0.08364493 -0.10053042 0.02307552
v -0.08702781 -0.08531956 0.02540181
v -0.08622809 -0.08937347 0.02422054
v -0.08714325 -0.09631040 0.02499340
v -0.09052317 -0.09796479 0.02598437
v -0.09306937 -0.09715936 0.02550096
v -0.09153280 -0.10375758 0.02565023
v -0.09465419 -0.10247222 0.02375863
v -0.09618749 -0.10071428 0.02127676
v -0.09468427 -0.08984108 0.02607894
v -0.05064251 0.01555729 0.03044215
v -0.05267262 0.01878030 0.02870200
v -0.04481230 0.01950415 0.02976890
v -0.04297787 0.02294443 0.02852301
v -0.04791489 0.02429244 0.02548483
v -0.06978837 0.02090841 0.02869497
v -0.06921270 0.02703023 0.02010618
v -0.07491452 0.02617896 0.01740470
v -0.07352851 0.01728969 0.03108187
v -0.07370295 0.02134001 0.02712087
v -0.07564715 0.01931609 0.02865575
v -0.05801181 -0.01413485 0.03729721
v -0.04841660 -0.01944358 0.03035464
v -0.04086818 -0.02254533 0.03112537
v -0.04366997 -0.02528202 0.02796270
v -0.05147901 -0.02202516 0.02828868
v -0.05262854 -0.02612924 0.02470023
v -0.05289590 -0.02804522 0.02166756
v -0.05186879 -0.02969146 0.01867463
v -0.03746111 -0.03011393 0.02464490
v -0.06241641 -0.04420346 0.02641134
v -0.06480473 -0.04633976 0.02389850
v -0.06611487 -0.04908726 0.02851243
v -0.06816630 -0.05266869 0.02732423
v -0.07300836 -0.04822696 0.03609973
v -0.05923991 -0.03858653 0.02555848
v -0.05997448 -0.03973764 0.02772527
v -0.06280509 -0.04305246 0.02992367
v -0.05962583 -0.03760557 0.02964132
v -0.06153288 -0.03916032 0.03148837
v -0.05936535 -0.03462458 0.03128858
v -0.05693945 -0.03359824 0.02783208
v -0.05506478 -0.02649696 0.02992854
v -0.05581022 -0.01788828 0.03484849
v -0.06080099 -0.01953623 0.03693577
v -0.05232153 -0.01931742 0.03116961
v -0.03625739 -0.01961468 0.03415478
v -0.07455378 -0.02714783 0.04072181
v -0.07693987 -0.02455579 0.04054347
v -0.07639809 -0.03461504 0.04008735
v -0.06939736 -0.03196190 0.03925706
v -0.07855210 -0.03882182 0.03961945
v -0.08397922 -0.03390670 0.03728419
v -0.08708617 -0.03874335 0.03430399
v -0.08449602 -0.04075126 0.03662844
v -0.09769657 -0.05821284 0.02491639
v -0.09197689 -0.04596970 0.02826075
v -0.09039818 -0.03954988 0.03016071
v -0.09022925 -0.04911857 0.03186792
v -0.09012020 -0.05292523 0.03330835
v -0.09482203 -0.05776133 0.02997323
v -0.09238382 -0.05652603 0.03238647
v -0.09634193 -0.06385569 0.03114324
v -0.09064042 -0.06927045 0.03265678
v -0.08893001 -0.07615390 0.03031102
v -0.08612608 -0.07522377 0.02945100
v -0.08564268 -0.07004569 0.03161374
v -0.08785922 -0.07101212 0.03203602
v -0.08932330 -0.08297773 0.02764845
v -0.08291599 -0.07896838 0.02149943
v -0.08318613 -0.08019590 0.02247227
v -0.07897703 -0.06809908 0.02301195
v -0.07842495 -0.06853601 0.02512435
v -0.08144306 -0.07325863 0.02214944
v -0.08189356 -0.07197616 0.02733051
v -0.08313914 -0.06910909 0.03065820
v -0.07766498 -0.06370727 0.02218919
v -0.07602830 -0.06394070 0.02525099
v -0.07710940 -0.06543569 0.02689342
v -0.08258633 -0.06355017 0.03270292
v -0.07854594 -0.05781328 0.03355817
v -0.07484747 -0.06152412 0.02768562
v -0.07445737 -0.05577790 0.03226592
v -0.07391012 -0.05794874 0.03004285
v -0.08683501 -0.06617321 0.03307847
v -0.09047405 -0.06412533 0.03337571
v -0.08327611 -0.04886039 0.03661549
v -0.08847010 -0.04449178 0.03278819
v -0.08138046 -0.04336415 0.03823584
v -0.07087865 -0.04055645 0.03828626
v -0.07843001 -0.04442934 0.03879533
v -0.07611091 -0.04757359 0.03772683
v -0.06862775 -0.04351318 0.03565041
v -0.06269329 -0.03522063 0.03472944
v -0.06072037 -0.02879173 0.03495634
v -0.06667035 -0.03815985 0.03660972
v -0.07010129 -0.03633821 0.03884038
v -0.03822882 -0.02716104 0.02763552
v -0.03178261 -0.02822300 0.02801984
v -0.02998005 -0.03077202 0.02435691
v -0.03502328 -0.03230457 0.02169883
v -0.02336588 -0.02866252 0.02727222
v -0.01895384 -0.02898404 0.02518374
v -0.02495220 -0.03378007 0.01815141
v -0.01582202 -0.03217797 0.01306827
v -0.01857992 -0.03537079 0.01017176
v -0.01557697 -0.02891453 0.01928638
v -0.01460859 -0.02557551 0.02445574
v -0.01321730 -0.02760312 0.01870774
v -0.01434724 -0.03023676 0.01334627
v -0.01167394 -0.03060210 0.00887285
v -0.01260816 -0.02918964 0.01412064
v -0.01028532 -0.02793977 0.01740384
v -0.00884908 -0.02952822 0.01487191
v -0.01074498 -0.01963904 0.02953689
v -0.00799149 -0.02436574 0.02509026
v -0.00718258 -0.02133086 0.02866939
v -0.00334976 -0.02951887 0.03033164
v -0.00834404 -0.03075139 0.01380967
v -0.01788166 -0.02548486 0.02904678
v -0.02047607 -0.02602896 0.03044242
v -0.01811648 -0.02332289 0.03129417
v -0.02008185 -0.02297996 0.03262950
v -0.02183694 -0.02442304 0.03203376
v -0.02048467 -0.01932220 0.03461289
v -0.01606449 -0.01995675 0.03196457
v -0.00336639 -0.02430721 0.03081454
v -0.00276089 -0.02082133 0.03266697
v -0.00106925 -0.02966601 0.03253229
v 0.00255625 -0.02993697 0.03461739
v -0.00499047 -0.03386317 0.02773889
v 0.00558069 -0.03121247 0.03512901
v 0.00919514 -0.03090811 0.03465224
v 0.00626550 -0.01664533 0.03657421
v 0.00759451 -0.02342724 0.03552264
v 0.01487850 -0.02189736 0.03314734
v 0.01362690 -0.02704474 0.03332141
v 0.01108112 -0.01690908 0.03553604
v 0.01510027 -0.01674228 0.03372892
v 0.01724809 -0.02645270 0.03141328
v 0.01815417 -0.03076346 0.02997808
v 0.02056470 -0.03069738 0.02641440
v 0.01419100 -0.03275300 0.03270451
v 0.01901720 -0.03374575 0.02806994
v 0.01508706 -0.03664584 0.03155999
v 0.00786237 -0.03571161 0.03444078
v 0.00509301 -0.03692167 0.03428077
v -0.00188234 -0.03696262 0.03059946
v -0.00644155 -0.03834805 0.02348426
v -0.00781970 -0.03085144 0.00754979
v -0.01579144 -0.03307850 0.00927292
v -0.01546123 -0.03346975 0.00564785
v -0.01686409 -0.03488233 0.00227880
v -0.01409725 -0.03269865 0.00275139
v -0.02216352 -0.03633038 0.00863890
v -0.02500691 -0.02637508 0.03034927
v -0.02364518 -0.02141908 0.03410119
v -0.02533013 -0.01290896 0.03778946
v -0.02244482 -0.01436765 0.03708405
v -0.03026096 -0.02089004 0.03424442
v -0.02820930 -0.02491987 0.03150697
v -0.05488845 -0.02971830 0.02272651
v -0.06673214 -0.05035348 0.02530134
v -0.07492002 -0.05347433 0.03413593
v -0.07744545 -0.05206137 0.03602465
v -0.07174365 -0.05705546 0.02554026
v -0.07138265 -0.05658048 0.02790062
v -0.03847250 0.02837022 0.02584668
v 0.02577991 -0.01584091 0.01907895
v 0.03083177 -0.00740085 0.01305650
v 0.02576462 -0.01477511 0.01440637
v 0.02865273 -0.01225443 0.01788023
v 0.02882799 -0.01134134 0.02268694
v 0.02196182 -0.01925467 0.01391570
v 0.02143827 -0.02761052 0.02448939
v 0.02157994 -0.03444376 0.02162687
v 0.02177785 -0.03039850 0.02320470
v 0.02224779 -0.02371056 0.02192762
v 0.02241991 -0.02811257 0.02087529
v 0.02140795 -0.03468965 0.01809985
v 0.02207221 -0.02905623 0.01759127
v 0.03380768 -0.00494129 0.02068935
v 0.03131159 -0.00538194 0.02970300
v 0.02103492 -0.02570268 0.01528805
v 0.02260087 -0.02237889 0.01844271
v 0.03536041 -0.00160374 0.02458734
v 0.03615914 0.00654721 0.02638219
v 0.03384800 0.00074352 0.02970662
v 0.03001794 -0.00786233 0.02849744
v 0.02829779 -0.00668054 0.03248280
v 0.03013233 -0.00349144 0.03272025
v 0.02557369 -0.00554832 0.03556529
v 0.02706849 -0.01023855 0.02887535
v 0.01850294 -0.01528483 0.03146939
v 0.01573172 -0.01181119 0.03508448
v 0.01276597 -0.00803481 0.03819294
v 0.01052253 -0.01196314 0.03722183
v 0.00733959 -0.00854759 0.04057960
v 0.01155133 -0.00261939 0.04183608
v 0.01000255 -0.00583756 0.04107913
v 0.00779948 -0.00213699 0.04369349
v 0.00603402 0.00205293 0.04419075
v 0.01483710 0.00096395 0.04106310
v -0.00058884 0.00641399 0.04309447
v 0.01111309 0.00238968 0.04303883
v 0.00380666 0.00930573 0.04350085
v 0.00774705 0.00773459 0.04359680
v 0.02117153 -0.01628844 0.02690881
v 0.02476163 -0.01405946 0.02412994
v 0.02449990 -0.01010782 0.03197837
v 0.02712103 -0.00077075 0.03648002
v 0.02390535 -0.00798662 0.03471030
v 0.01963740 -0.00904930 0.03549404
v 0.02057205 -0.00495354 0.03756964
v 0.02035887 -0.01118407 0.03354929
v 0.02180735 -0.01359416 0.02925351
v 0.03607396 0.00046037 0.01910920
v 0.03611085 0.00510180 0.01125627
v 0.03449213 0.00223464 0.00776776
v 0.03673177 0.00727286 0.00691652
v 0.03692646 0.00544459 0.01585156
v 0.03735852 0.00848842 0.01274810
v 0.03846574 0.01828483 0.02173586
v 0.04327120 0.01690125 0.01077685
v 0.04542527 0.02128330 0.01211321
v 0.04233538 0.01932416 0.01555418
v 0.04165466 0.02306698 0.01847877
v 0.02480952 0.00116186 0.03810301
v 0.02225813 -0.00000915 0.03878672
v 0.02087207 0.00403511 0.03945257
v 0.01428592 0.01214911 0.04145166
v -0.00086866 0.01088924 0.04270061
v -0.00381403 0.00901016 0.04190503
v -0.00434495 0.01518350 0.04076242
v -0.00295053 0.01932815 0.04008970
v 0.01056849 0.00890076 0.04293963
v 0.01311485 0.01708439 0.04106887
v 0.01424763 0.00598629 0.04183877
v 0.00175647 0.01891197 0.04131847
v -0.00122807 0.02262500 0.03940156
v 0.00621146 0.02358320 0.03962126
v 0.01501296 0.02164466 0.03942879
v 0.00994514 0.02154125 0.04026075
v 0.01566883 0.02586410 0.03744019
v 0.01955261 0.03266851 0.03073583
v 0.02628034 0.03094520 0.02814962
v 0.02901320 0.02796946 0.02857881
v 0.02457492 0.02518859 0.03386878
v 0.02074426 0.02559369 0.03558569
v 0.03258158 0.02120306 0.02977281
v 0.02827823 0.02297914 0.03259144
v 0.03125044 0.01379724 0.03322148
v 0.03451419 0.01153994 0.02980134
v 0.02242879 0.01736608 0.03765251
v 0.03546448 0.01908754 0.02659936
v 0.03700031 0.01411406 0.02481865
v 0.04411568 0.02785593 0.01852922
v 0.05193301 0.02728286 0.01116056
v 0.05372036 0.02639913 0.00620659
v 0.05684596 0.03261705 0.01405172
v 0.05228963 0.03028126 0.01502323
v 0.04907466 0.03007723 0.01694406
v 0.05891933 0.03193404 0.01028309
v 0.05801540 0.03022256 0.00783802
v 0.05623935 0.02782685 0.00258083
v 0.06336942 0.03884747 0.01296733
v 0.05413993 0.03374450 0.01641127
v 0.05642228 0.03768181 0.01697343
v 0.05972410 0.03628474 0.01468130
v 0.06221199 0.04143041 0.01514172
v 0.04609869 0.03318749 0.01956383
v 0.05766738 0.04185065 0.01732984
v 0.05850163 0.04620270 0.01747781
v 0.05556430 0.04979777 0.01894105
v 0.05542465 0.04536986 0.01841406
v 0.06685565 0.04356094 0.01303204
v 0.06221678 0.04514016 0.01616021
v 0.06703860 0.04725852 0.01493902
v 0.06800373 0.05091212 0.01577839
v 0.07190083 0.04702544 0.01197904
v 0.07105651 0.05225780 0.01510051
v 0.07147570 0.04926167 0.01380159
v 0.06953242 0.04263808 0.00985959
v 0.07193203 0.04203574 0.00368449
v 0.07518103 0.04852637 0.01021534
v 0.07589948 0.04726098 0.00742692
v 0.06229763 0.04891888 0.01670254
v 0.06330311 0.06677268 0.01729359
v 0.06485737 0.07321562 0.01285130
v 0.07557879 0.06220687 0.01622096
v 0.06958629 0.05669654 0.01672459
v 0.07412571 0.05663046 0.01509830
v 0.07958005 0.06092311 0.01434650
v 0.08153926 0.05406269 0.00794598
v 0.08020096 0.05122539 0.00514732
v 0.08007862 0.06590898 0.01571316
v 0.08233065 0.06073414 0.01265709
v 0.08244611 0.05828859 0.01106069
v 0.07764172 0.04736850 0.00159916
v 0.06560521 0.03647488 0.00606240
v 0.07832159 0.04687896 -0.00222474
v 0.08343556 0.05385175 0.00229336
v 0.08744694 0.05818074 0.00304333
v 0.08506080 0.05640266 0.00555531
v 0.08604332 0.05553932 -0.00101577
v 0.08007275 0.05133175 -0.00587883
v 0.08443826 0.05468357 -0.00375305
v 0.09113055 0.06243674 0.00387405
v 0.08771365 0.06022407 0.00700326
v 0.08656619 0.06092630 0.00914262
v 0.08761232 0.06394622 0.01071404
v 0.08519650 0.06502743 0.01315798
v 0.09511716 0.06600984 0.00095383
v 0.09793997 0.07015375 0.00019370
v 0.10277785 0.07697482 0.00122239
v 0.10539874 0.08086929 0.00066727
v 0.10599069 0.08135698 0.00306755
v 0.08868217 0.05895822 -0.00289330
v 0.06984437 0.03926589 -0.00065869
v 0.06732952 0.03759563 0.00290429
v 0.06598666 0.03525908 -0.00411696
v 0.06558135 0.03509669 -0.00156908
v 0.06190072 0.03142395 -0.00358979
v 0.05797324 0.02836975 -0.00165490
v -0.00098690 -0.05084757 0.02849576
v -0.00502608 -0.04965225 0.02231700
v -0.00251599 -0.05697091 0.02687576
v -0.00015413 -0.05893953 0.02860641
v 0.00013832 -0.06392667 0.02856249
v 0.00299726 -0.06679929 0.02877148
v 0.00530346 -0.07109277 0.02798216
v 0.00682346 -0.06568229 0.02926758
v 0.00672611 -0.05910347 0.03010612
v 0.00186700 -0.04925662 0.03056022
v 0.01401485 -0.06263688 0.02713890
v 0.00628298 -0.04984290 0.03141993
v 0.01202903 -0.05003799 0.03048579
v 0.00900169 -0.06969807 0.02801808
v 0.01141631 -0.06563919 0.02826887
v 0.00279661 -0.07291115 0.02698916
v 0.00013271 -0.07152603 0.02584890
v 0.01084945 -0.07194630 0.02684348
v 0.01063147 -0.07492901 0.02555384
v 0.01374239 -0.06885855 0.02560140
v 0.01522583 -0.05786697 0.02592154
v 0.01484168 -0.05367924 0.02664992
v 0.01379354 -0.04554702 0.03006240
v 0.01116915 -0.04415170 0.03219265
v 0.01274610 -0.04160079 0.03199032
v 0.00807767 -0.04119856 0.03332618
v 0.01573157 -0.03967136 0.02997292
v 0.01195358 -0.03785515 0.03310718
v 0.01698512 -0.04743863 0.02541367
v 0.01922197 -0.04649709 0.02230733
v 0.01906717 -0.04464884 0.01937982
v 0.02026875 -0.04095759 0.02031370
v 0.02109776 -0.03741312 0.02143261
v 0.01616630 -0.05793051 0.01998055
v 0.01692266 -0.05336473 0.02041244
v 0.01652018 -0.05443644 0.02341646
v 0.15360376 0.15907133 -0.00422243
v 0.15046637 0.16442586 -0.00585813
v 0.14625961 0.16413364 -0.00740307
v 0.14502504 0.16217199 -0.00838742
v 0.14324376 0.16089392 -0.00817863
v 0.15643772 0.15062729 -0.00361168
v 0.15470938 0.15768631 0.00048288
v 0.15509857 0.15527473 0.00274186
v 0.15566720 0.15439777 -0.00099438
v 0.15815488 0.15068664 -0.00028054
v 0.15375574 0.15891653 0.00331816
v 0.15201521 0.16243730 0.00212631
v 0.15242562 0.16161312 -0.00085007
v 0.15039295 0.16441408 -0.00170804
v 0.15240058 0.16415943 0.00523010
v 0.15080954 0.16474332 0.00345294
v 0.14823607 0.16736226 0.00663994
v 0.14438722 0.16584113 0.00472931
v 0.14440598 0.16636035 0.00590877
v 0.14469384 0.16468866 0.00241109
v 0.14279316 0.16222021 -0.00451991
v 0.14516890 0.16414663 -0.00395231
v 0.14459762 0.16365363 -0.00026091
v 0.14421299 0.16157095 0.00050568
v 0.14389761 0.16113350 -0.00127375
v 0.14345667 0.15955889 0.00129147
v 0.14115593 0.15917824 -0.00132688
v 0.14052835 0.16192144 -0.00710273
v 0.13844669 0.16221625 -0.00614989
v 0.13726704 0.16451873 -0.00841300
v 0.12972341 0.15331684 -0.00616954
v 0.13077985 0.15490505 -0.00418185
v 0.12751614 0.16103369 -0.01016316
v 0.13087611 0.15933803 -0.00525583
v 0.12936939 0.16282144 -0.00708284
v 0.12756021 0.16364925 -0.00991184
v 0.13168679 0.16526739 -0.00705259
v 0.13285010 0.15614812 -0.00281571
v 0.13687751 0.15737019 -0.00205404
v 0.13445550 0.15690207 0.00028379
v 0.13040145 0.15600859 0.00245415
v 0.13971205 0.15960146 -0.00411509
v 0.13508998 0.16383067 -0.00626251
v 0.13678783 0.16316828 -0.00986238
v 0.13186401 0.16782084 -0.01229491
v 0.12875316 0.16904555 -0.01371329
v 0.13013862 0.16868642 -0.01446644
v 0.12787168 0.16691062 -0.01114985
v 0.12714298 0.16863289 -0.01426207
v 0.14182188 0.15896258 0.00214929
v 0.14196959 0.16385517 0.00538059
v 0.13327029 0.15669328 0.00383026
v 0.13867632 0.15879500 0.00529518
v 0.13869277 0.16129550 0.00714855
v 0.13785511 0.16304678 0.00907651
v 0.13550793 0.15821707 0.00757366
v 0.12915806 0.15281937 0.00583966
v 0.13165700 0.15455778 0.00724188
v 0.12820843 0.15047248 0.00848920
v 0.12538616 0.14844950 0.00662645
v 0.12225774 0.14573859 0.00592576
v 0.12630355 0.15332547 0.00340870
v 0.12892719 0.15242954 -0.00272023
v 0.12512600 0.15455088 0.00165788
v 0.12084142 0.15218611 0.00098966
v 0.12199946 0.15307701 -0.00030314
v 0.12526938 0.15396130 -0.00098262
v 0.11415754 0.14561859 0.00105553
v 0.11520480 0.14450237 0.00349488
v 0.13912120 0.12384247 0.00183529
v 0.14409377 0.12736826 0.00905535
v 0.13903250 0.12623556 0.00574856
v 0.13365375 0.12398158 0.00609717
v 0.13519788 0.12328129 0.00339652
v 0.13661477 0.12362801 0.00016953
v 0.13061617 0.11862709 0.00126432
v 0.13157414 0.12106811 0.00434774
v 0.12936603 0.11732811 0.00273895
v 0.12922207 0.12091424 0.00645010
v 0.13694389 0.12693229 0.00772548
v 0.13155439 0.13448346 0.01242598
v 0.14405745 0.12976164 0.01281284
v 0.14713453 0.12984057 0.01231311
v 0.14619055 0.12782128 0.01099121
v 0.14511514 0.13448960 0.01397998
v 0.14014336 0.13140872 0.01306887
v 0.13977405 0.13387311 0.01414382
v 0.13363731 0.13132693 0.01152395
v 0.12613885 0.11549224 0.00541779
v 0.09845261 0.12662713 0.00386096
v 0.09866073 0.12729278 0.00300737
v 0.10191981 0.13133843 0.00202558
v 0.10209247 0.13047281 0.00441122
v 0.10743975 0.13776162 0.00104624
v 0.09908000 0.12507392 0.00555104
v 0.10867173 0.12815338 0.00727685
v 0.10398173 0.12418407 0.00716370
v 0.09460419 0.12164007 0.00508594
v 0.10612819 0.12295481 0.00828358
v 0.09377562 0.11840257 0.00614972
v 0.08971743 0.11416919 0.00612742
v 0.08828019 0.11559924 0.00459997
v 0.08032553 0.10645816 0.00345754
v 0.08013221 0.10343922 0.00481179
v 0.13292004 0.15649916 0.00819482
v 0.14480922 0.16562898 0.00863955
v 0.14715491 0.16611139 0.00925095
v 0.14617664 0.16150661 0.01060077
v 0.14952585 0.15975729 0.01029327
v 0.15239872 0.16472626 0.00813203
v 0.15216219 0.16236676 0.00911781
v 0.13844356 0.16046761 0.01408046
v 0.13976036 0.16311024 0.01125295
v 0.13655783 0.16507103 0.01140056
v 0.13749903 0.16578525 0.01268678
v 0.13657203 0.16660941 0.01543886
v 0.13844636 0.16451316 0.01389204
v 0.13935412 0.16198204 0.01332109
v 0.13424179 0.16474737 0.01174237
v 0.13104035 0.15936828 0.01184905
v 0.12855010 0.16169089 0.01522458
v 0.12948269 0.16480741 0.01498681
v 0.12895206 0.16664955 0.01715735
v 0.12746473 0.16323844 0.01881258
v 0.12761971 0.16196688 0.02005025
v 0.13025866 0.15801242 0.01970700
v 0.12909219 0.15705685 0.01818781
v 0.13036942 0.15483940 0.01592310
v 0.12391735 0.14509073 0.00854951
v 0.12287394 0.15111941 0.00318852
v 0.11781861 0.14866266 0.00218858
v 0.11716852 0.14308010 0.00468575
v 0.12048680 0.14514771 0.00507604
v 0.13241757 0.15447991 0.01550279
v 0.13183545 0.15624562 0.01785208
v 0.13296622 0.15685599 0.01683527
v 0.12655702 0.14537112 0.01021701
v 0.12768774 0.13855329 0.01220811
v 0.11884648 0.14105752 0.00646451
v 0.11478534 0.13646889 0.00645956
v 0.10899098 0.13964370 0.00229635
v 0.10841287 0.13829739 0.00342492
v 0.10708920 0.13293675 0.00560992
v 0.10954690 0.12627004 0.00868435
v 0.11447264 0.13078223 0.00982711
v 0.11295746 0.12677018 0.01080250
v 0.11322863 0.12315913 0.01227672
v 0.11497426 0.12146830 0.01298188
v 0.11112626 0.13401774 0.00612375
v 0.12075482 0.13932288 0.00958456
v 0.11777569 0.13696285 0.00867950
v 0.11696346 0.12098738 0.01315660
v 0.11757103 0.13356280 0.01041545
v 0.12220727 0.13554361 0.01152835
v 0.12311470 0.13063556 0.01270900
v 0.12142473 0.12657025 0.01292957
v 0.11621288 0.11629339 0.01306992
v 0.10713749 0.11996271 0.01049728
v 0.10202947 0.11516338 0.00986830
v 0.10743789 0.11746228 0.01187935
v 0.11008181 0.11648592 0.01287974
v 0.09978052 0.11051983 0.01076999
v 0.08217764 0.10929272 0.00311982
v 0.08515473 0.10576615 0.00659806
v 0.08905705 0.10956567 0.00722199
v 0.09686308 0.11057327 0.00897660
v 0.07707690 0.10185521 0.00373463
v 0.07452261 0.09845782 0.00340969
v 0.15340236 0.16306151 0.00773184
v 0.15262552 0.15807784 0.00809838
v 0.15325759 0.16004974 0.00741290
v 0.15009072 0.15556601 0.01073572
v 0.15364181 0.15405558 0.00755336
v 0.15156651 0.15327984 0.01107364
v 0.14569910 0.15474506 0.01264651
v 0.14086848 0.15246320 0.01362925
v 0.15736414 0.14713170 0.00908982
v 0.16111481 0.13983169 0.00766309
v 0.15938240 0.14367193 0.00761794
v 0.15488414 0.15064026 0.00954946
v 0.15358646 0.15086816 0.01175879
v 0.14942209 0.14595152 0.01452744
v 0.15119508 0.15025616 0.01369976
v 0.15723616 0.14592080 0.01080570
v 0.15554908 0.14500859 0.01281117
v 0.15309346 0.14412898 0.01397625
v 0.13754916 0.14811747 0.01346791
v 0.13180304 0.14866500 0.01212093
v 0.13240229 0.14156717 0.01246902
v 0.13485603 0.15105507 0.01337238
v 0.13935715 0.14177909 0.01443216
v 0.14024197 0.13802987 0.01475449
v 0.13673028 0.13682587 0.01363358
v 0.12987922 0.16855572 0.01798110
v 0.13169456 0.16902070 0.01796015
v 0.12959656 0.16704033 0.01902944
v 0.13227731 0.16793725 0.01832853
v 0.12853763 0.16570920 0.01942148
v 0.12921861 0.16440439 0.02071044
v 0.13072689 0.16126959 0.02003397
v 0.13681416 0.16354115 0.01549821
v 0.13394763 0.16344880 0.01679769
v 0.13480347 0.16736911 0.01360555
v 0.13165636 0.16408373 0.01876334
v 0.12684226 0.12915076 0.01215963
v 0.12572618 0.11967202 0.00914149
v 0.12464779 0.12418743 0.01182239
v 0.12254749 0.11988069 0.01164278
v 0.12593015 0.11266150 0.00242761
v 0.12255108 0.10666579 0.00176782
v 0.12036591 0.10375609 0.00353799
v 0.11690262 0.10068111 0.00540141
v 0.12031350 0.10342705 0.00197728
v 0.11450526 0.10807215 0.01182949
v 0.11574879 0.10637903 0.01039277
v 0.11418306 0.10032329 0.00870048
v 0.12130734 0.11292228 0.00915816
v 0.12375201 0.10927401 0.00337173
v 0.10572376 0.11034140 0.01306461
v 0.09840132 0.10150023 0.01347980
v 0.08966345 0.10533182 0.00810901
v 0.09094749 0.10353380 0.00911248
v 0.09386262 0.10461702 0.01028148
v 0.10253386 0.09598312 0.01382834
v 0.09431700 0.09426309 0.01422412
v 0.10556836 0.09172582 0.01190359
v 0.09189881 0.09519706 0.01351665
v 0.10079467 0.08931232 0.01353129
v 0.09377225 0.09036652 0.01461934
v 0.10366137 0.08729849 0.01150029
v 0.09757514 0.08447950 0.01376059
v 0.09900582 0.08272517 0.01264750
v 0.10039197 0.07815522 0.00946458
v 0.10312310 0.07968526 0.00688387
v 0.10034730 0.07371463 0.00238029
v 0.10940950 0.09931735 0.01224374
v 0.11160742 0.09919062 0.01085635
v 0.10986091 0.10485196 0.01307716
v 0.11271921 0.10360371 0.01151669
v 0.11367322 0.09366317 0.00312603
v 0.11083251 0.08925755 0.00175121
v 0.11317226 0.11088830 0.01285277
v 0.09045197 0.09699641 0.01238285
v 0.08374621 0.09946709 0.00755174
v 0.08686621 0.09789602 0.00954035
v 0.07658452 0.09721895 0.00538378
v 0.07306243 0.09335373 0.00559090
v 0.06959213 0.09351562 0.00419978
v 0.06644053 0.09170646 0.00393465
v 0.06644126 0.08859348 0.00554679
v 0.08131741 0.09270908 0.00912145
v 0.08238915 0.09018998 0.01146009
v 0.08654041 0.09235990 0.01257366
v 0.08979877 0.08327232 0.01531032
v 0.07022540 0.09000329 0.00618158
v 0.06873905 0.08508909 0.00757044
v 0.06420951 0.08961120 0.00418144
v 0.06334223 0.08942612 0.00304068
v 0.06326522 0.08653545 0.00520371
v 0.07342710 0.08599602 0.00860664
v 0.06050613 0.08635782 0.00393977
v 0.06116125 0.08690611 0.00165993
v 0.05821319 0.08411735 0.00403985
v 0.06980962 0.08242209 0.00865979
v 0.07366543 0.08176398 0.01173646
v 0.07062101 0.08127692 0.00964971
v 0.06551401 0.07795241 0.00931989
v 0.06859940 0.07740416 0.01167743
v 0.05884051 0.08248535 0.00555383
v 0.05405048 0.08147474 0.00390021
v 0.05046174 0.08039217 0.00129010
v 0.05399306 0.08234591 0.00217844
v 0.05550265 0.08296095 0.00098658
v 0.09448208 0.07585862 0.01270628
v 0.09137704 0.07040683 0.01192057
v 0.08847375 0.07183573 0.01441101
v 0.07661863 0.08177716 0.01374913
v 0.07798288 0.08721855 0.01089809
v 0.07963073 0.08305496 0.01438514
v 0.07466430 0.07515284 0.01595370
v 0.08519096 0.07199671 0.01560290
v 0.08404998 0.06748892 0.01500003
v 0.07234209 0.06744295 0.01738690
v 0.06947218 0.07355899 0.01517005
v 0.15642726 0.14183964 0.01149525
v 0.16255812 0.13376315 0.00808589
v 0.16036566 0.14757429 0.00161405
v 0.16304390 0.14339705 0.00016135
v 0.15942262 0.14788896 -0.00129450
v 0.16848099 0.13828909 0.00135853
v 0.17072186 0.13609667 -0.00073711
v 0.17250776 0.13531399 0.00132539
v 0.17224158 0.13152948 -0.00480298
v 0.17219266 0.13379453 0.00514591
v 0.16521139 0.13469303 0.00711499
v 0.17551297 0.13404508 0.00266606
v 0.17429666 0.13160208 0.00652292
v 0.17569105 0.12949233 0.00715433
v 0.17612192 0.13305749 -0.00084636
v 0.17859352 0.13142508 -0.00117405
v 0.18015788 0.12951697 -0.00024609
v 0.17032854 0.13434540 -0.00321284
v 0.15777873 0.12129825 -0.00232685
v 0.15800782 0.12083659 -0.00004951
v 0.16234531 0.11860348 -0.00212390
v 0.18084204 0.12713306 -0.00080790
v 0.17566560 0.11763808 0.00131617
v 0.17777252 0.11928621 0.00300083
v 0.17559338 0.11878110 0.00417065
v 0.17747964 0.12055554 0.00487509
v 0.17861694 0.12517449 0.00462011
v 0.17696717 0.12627694 0.00696101
v 0.17645147 0.12237209 0.00676922
v 0.17217375 0.12845293 0.00829416
v 0.16993795 0.12595020 0.00877675
v 0.16661249 0.12961265 0.00828842
v 0.15921912 0.13817494 0.00927807
v 0.15867925 0.13183440 0.00907910
v 0.15457793 0.13791478 0.01184712
v 0.14594544 0.12473889 0.00446513
v 0.15212613 0.12218758 0.00134761
v 0.14808881 0.12234382 0.00008864
v 0.16257417 0.11886648 0.00081202
v 0.15944703 0.12139069 0.00280833
v 0.16582972 0.11626416 -0.00201737
v 0.16369507 0.12035715 0.00424429
v 0.16518579 0.11747321 0.00180170
v 0.16720256 0.11600925 0.00062563
v 0.18047148 0.12397716 -0.00170402
v 0.17778604 0.11772642 -0.00001233
v 0.17876211 0.11766526 -0.00208352
v 0.17610477 0.11641594 -0.00206021
v 0.16257964 0.12341160 0.00669543
v 0.17084663 0.12203228 0.00766372
v 0.17403957 0.12329222 0.00805557
v 0.17270495 0.11642659 -0.00096109
v 0.15401594 0.12927738 0.01000637
v 0.16504046 0.12622984 0.00860028
v 0.15800904 0.12528835 0.00686348
v 0.01597359 -0.06211504 0.02123616
v 0.01508110 -0.06909115 0.01930525
v 0.01143325 -0.08376379 0.01393322
v 0.01227573 -0.08681839 0.01486357
v 0.01295759 -0.08053817 0.01751604
v 0.01141955 -0.09207816 0.01262917
v 0.01306430 -0.09490538 0.01387758
v 0.01319749 -0.09760947 0.01132296
v 0.01192357 -0.08262306 0.01999940
v 0.01335969 -0.07742845 0.01950232
v 0.01181301 -0.07711371 0.02249211
v 0.00668258 -0.07666112 0.02654063
v 0.00661896 -0.08084692 0.02570168
v 0.01200062 -0.09282475 0.01931760
v 0.01326342 -0.09478993 0.01709398
v 0.00549695 -0.09742771 0.02320554
v 0.00468271 -0.10325722 0.02230655
v 0.00316533 -0.08604340 0.02456711
v 0.00110947 -0.08958196 0.02270330
v 0.00350801 -0.09278589 0.02338882
v 0.01042120 -0.10443016 0.02228495
v 0.01329780 -0.10162437 0.00971529
v 0.00023118 -0.09361115 0.02051427
v 0.01590050 -0.10790635 0.00792394
v 0.01008315 -0.11046681 0.02074861
v 0.01279003 -0.11099832 0.02016071
v 0.01543605 -0.10791439 0.01874299
v 0.00718464 -0.11131447 0.01885202
v 0.00865812 -0.11488246 0.01626212
v 0.02250225 -0.11520482 0.00695738
v 0.01064964 -0.12021075 0.01540220
v 0.00948015 -0.11875606 0.01323820
v 0.01592273 -0.11478881 0.01892922
v 0.01818068 -0.12111495 0.01901616
v 0.01876708 -0.11304799 0.01672013
v 0.02016226 -0.11793309 0.01818042
v 0.02140881 -0.11335525 0.01408390
v 0.01875996 -0.12436636 0.01841734
v 0.01244542 -0.12536605 0.01447686
v 0.02173734 -0.12278474 0.01791931
v 0.02378545 -0.12041359 0.01658458
v 0.02305208 -0.11534493 0.01161787
v 0.02474433 -0.12554935 0.01174093
v 0.02462209 -0.11957751 0.00887815
v 0.02447834 -0.11861230 0.01309305
v 0.09733333 0.06929073 0.00306081
v 0.09233251 0.06479421 0.00581591
v 0.09190405 0.06596278 0.00796871
v 0.02103227 0.03598377 0.02743033
v 0.02866040 0.03658705 0.02366946
v 0.03368516 0.03386438 0.02298735
v 0.03958158 0.02649326 0.02095025
v 0.04114166 0.03422749 0.02150751
v 0.03302832 0.03933189 0.02264685
v 0.03553537 0.04384656 0.02262060
v 0.04218188 0.04145206 0.02151140
v 0.04743608 0.04513771 0.02084256
v 0.01159472 0.03300982 0.03288859
v 0.00787157 0.03174871 0.03432609
v 0.00489987 0.03676281 0.03092959
v -0.00096742 0.03914643 0.02958560
v -0.00774824 0.04914335 0.01997310
v -0.00959907 0.05281738 0.01519767
v -0.09438337 -0.08146743 0.02869021
v -0.09196256 -0.08177166 0.02891566
v -0.09016769 -0.08935808 0.02665538
v -0.09244809 -0.08971772 0.02688277
v -0.09887370 -0.08815987 0.02164106
v -0.09705542 -0.08609188 0.02514053
v 0.01632018 -0.10614063 0.01048715
v 0.01752599 -0.10744744 0.01301779
v 0.01822516 -0.10938799 0.01036068
v -0.00532247 0.04561913 0.02388221
v -0.00553377 0.02709330 0.03621358
v 0.00216587 0.02914748 0.03623579
v 0.10795074 0.08480449 0.00076466
v -0.08051393 -0.10418638 0.01759608
v -0.08789990 -0.10227998 0.02573787
v -0.08494417 -0.10319737 0.02462832
v -0.08381504 -0.10767573 0.02505971
v -0.07815629 -0.10850084 0.01561347
v -0.08002548 -0.10701090 0.02131516
v -0.07731225 -0.11005484 0.01938271
v -0.07746954 -0.11119383 0.02163894
v -0.08012399 -0.11016553 0.02323691
v -0.07433002 -0.11275665 0.01894852
v -0.08253733 -0.10760659 0.02425949
v -0.08859469 -0.10976990 0.02544622
v -0.08634297 -0.11027917 0.02563638
v -0.08206359 -0.11178306 0.02477533
v -0.08256101 -0.11574923 0.02460440
v -0.08531509 -0.11690860 0.02313041
v -0.07913861 -0.11475781 0.02451273
v -0.07193353 -0.11525660 0.01676522
v -0.07055463 -0.11944154 0.01454424
v -0.07243656 -0.11537012 0.01230561
v -0.07053932 -0.11938828 0.01851069
v -0.07092831 -0.12273902 0.01538237
v -0.07236934 -0.12383576 0.01745129
v -0.07303889 -0.12443098 0.02112521
v -0.07897910 -0.12219698 0.02464060
v -0.07611766 -0.11847389 0.02526308
v -0.07509374 -0.12189965 0.02510747
v -0.07696047 -0.12499505 0.02347946
v -0.07061093 -0.12201764 0.01874748
v -0.08895983 -0.10694993 0.02598382
v -0.07417855 -0.12417968 0.02339443
v -0.08568846 0.02764701 -0.00236039
v -0.08746888 0.02493402 -0.00561380
v -0.08930434 0.02529074 -0.00263406
v -0.08189833 0.02809736 -0.00608042
v -0.07885984 0.03041679 -0.00452065
v -0.06464214 0.03374850 -0.00650192
v -0.06119822 0.03337238 -0.00892789
v -0.06041969 0.03147592 -0.01338499
v -0.05592452 0.03260421 -0.01182451
v -0.05245933 0.03120563 -0.01466895
v -0.05459278 0.02536789 -0.02266846
v -0.05936541 0.02576807 -0.02349339
v -0.05416971 0.02121169 -0.02757344
v -0.06026443 0.01957615 -0.03113679
v -0.05905778 0.02280443 -0.02754576
v -0.06435344 0.02692928 -0.02199977
v -0.06325732 0.02433081 -0.02587424
v -0.06826131 0.02695832 -0.02072782
v -0.06786183 0.02432297 -0.02523121
v -0.06466680 0.01934769 -0.03129452
v -0.06949092 0.01829371 -0.03178706
v -0.06422257 0.01562547 -0.03418619
v -0.06859210 0.01508984 -0.03420035
v -0.06574605 0.02187637 -0.02873814
v -0.07177341 0.01654732 -0.03251446
v -0.07138135 0.02141934 -0.02815526
v -0.07496306 0.01896981 -0.02880120
v -0.07868011 0.02001800 -0.02458781
v -0.07329339 0.02385091 -0.02296847
v -0.08473542 0.02418122 -0.00934845
v -0.08121403 0.02209257 -0.01824874
v -0.07668692 0.01482165 -0.03151130
v -0.07979602 0.01592904 -0.02835299
v -0.08237259 0.01033878 -0.03109539
v -0.08694141 0.01091547 -0.02641672
v -0.08515209 0.01453625 -0.02529320
v -0.08642494 0.00678781 -0.02989516
v -0.07611426 0.00874814 -0.03499536
v -0.07383629 0.00498907 -0.03716432
v -0.08055010 0.00573791 -0.03458085
v -0.08270568 -0.00242153 -0.03481787
v -0.08239283 0.00231839 -0.03456644
v -0.08476335 0.00449631 -0.03220687
v -0.08981147 0.00376052 -0.02786882
v -0.08709000 0.00071628 -0.03094800
v -0.09117728 -0.00414494 -0.02633157
v -0.09102675 0.00014347 -0.02705552
v -0.08562928 0.01755477 -0.01969963
v -0.08878544 0.02068105 -0.00937568
v -0.08562560 0.02025681 -0.01418816
v -0.04532792 0.03631341 -0.00832207
v -0.03053798 0.04188458 -0.00837073
v -0.02421109 0.04642533 -0.00378015
v -0.03797368 0.03847926 -0.00908863
v -0.03812509 0.03395594 -0.01642734
v -0.03434465 0.03309374 -0.01993210
v -0.02821830 0.03322645 -0.02341586
v -0.02412656 0.04277388 -0.01324520
v -0.02207533 0.04588994 -0.00971500
v -0.02861586 0.04464983 -0.00114566
v -0.01432817 0.05348111 -0.00589463
v -0.01832756 0.05289605 0.00023338
v -0.01539167 0.04998341 -0.01222280
v -0.02108625 0.04222002 -0.01686096
v -0.01704253 0.04265009 -0.01998447
v -0.01906333 0.04600824 -0.01382804
v -0.01502431 0.04680962 -0.01737337
v -0.01018194 0.05185295 -0.01523925
v -0.01066169 0.05420578 -0.01006828
v -0.00733378 0.05421391 -0.01324059
v -0.01028679 0.05787010 -0.00104833
v -0.00439877 0.05301107 -0.01644351
v -0.00672179 0.04953802 -0.01998130
v 0.00368222 0.06737716 -0.00124537
v 0.00739304 0.06937864 -0.00000102
v 0.00655008 0.06382500 -0.00382986
v 0.00178134 0.06851427 0.00056899
v 0.00329520 0.06963891 0.00169839
v -0.00151026 0.06242317 -0.00291416
v 0.00166884 0.06312987 -0.00341987
v -0.00072827 0.05943069 -0.00523201
v -0.00616671 0.05934575 -0.00261834
v 0.00724377 0.06167879 -0.00509120
v 0.00325802 0.05799319 -0.01055074
v 0.00611759 0.05995557 -0.00780331
v 0.00865412 0.06101651 -0.00628658
v 0.01380125 0.06379031 -0.00444437
v 0.01099018 0.06035783 -0.00919873
v 0.01419984 0.06140321 -0.00716155
v 0.01600202 0.06108745 -0.00943432
v 0.01715220 0.06758459 -0.00248424
v 0.01872608 0.06407084 -0.00443078
v 0.02167062 0.06555250 -0.00382763
v 0.02115345 0.06917983 -0.00155394
v 0.02656109 0.06941026 -0.00213796
v 0.02798841 0.06664251 -0.00370599
v 0.02830280 0.07242102 0.00044461
v 0.03134920 0.07119635 -0.00172396
v 0.02583897 0.06371223 -0.00546199
v 0.03006647 0.06492651 -0.00471637
v 0.03274414 0.06319023 -0.00821432
v 0.03345329 0.06538894 -0.00485575
v 0.03525517 0.07282648 -0.00047980
v 0.04285010 0.07071665 -0.00286972
v 0.03952295 0.07219167 -0.00184312
v -0.03016735 -0.03339327 -0.02204367
v -0.03193694 -0.03024267 -0.02748549
v -0.04573417 -0.03677309 -0.02285225
v -0.04505789 -0.03895008 -0.02145745
v -0.04469435 -0.04104067 -0.02557890
v -0.04500964 -0.03459776 -0.02884988
v -0.04591611 -0.03682738 -0.01696191
v -0.04561112 -0.04297265 -0.02917109
v -0.04460347 -0.04393463 -0.02695406
v -0.04829334 -0.04411462 -0.03232850
v -0.05416692 -0.04896708 -0.03536908
v -0.05903421 -0.03769578 -0.03822110
v -0.04761467 -0.03214252 -0.03507031
v -0.04860292 -0.02248049 -0.03836670
v -0.04389293 -0.02781211 -0.03117523
v -0.05017434 -0.02688200 -0.03826940
v -0.05304922 -0.02291678 -0.04042417
v -0.05598840 -0.02650325 -0.04070019
v -0.06011858 -0.02084495 -0.04208847
v -0.05201203 -0.01951307 -0.04015709
v -0.04901835 -0.01650722 -0.03852127
v -0.03691502 -0.02966122 -0.02774745
v -0.03031022 -0.02283049 -0.03365326
v -0.03888689 -0.02057954 -0.03348381
v -0.03866120 -0.02676540 -0.03005543
v -0.03986088 -0.02397223 -0.03193102
v -0.03400485 -0.02221322 -0.03359068
v -0.03316297 -0.01622234 -0.03586823
v -0.04249216 -0.01647008 -0.03415702
v -0.06314420 -0.02631949 -0.04118217
v -0.07225715 -0.02202316 -0.03992126
v -0.06446464 -0.03360122 -0.03890209
v -0.06520747 -0.04892185 -0.03490446
v -0.06088366 -0.04381523 -0.03701917
v -0.05001546 -0.05469154 -0.03162507
v -0.04904092 -0.05644852 -0.02983925
v -0.05182170 -0.06446422 -0.03088461
v -0.05395816 -0.05626267 -0.03340946
v -0.05737602 -0.05907385 -0.03355087
v -0.06179607 -0.06047811 -0.03267469
v -0.05853764 -0.06344082 -0.03298631
v -0.05546256 -0.06383305 -0.03287200
v -0.05993183 -0.05464635 -0.03486071
v -0.06382439 -0.05600229 -0.03369450
v -0.06742226 -0.05440269 -0.03186438
v -0.06614383 -0.04486011 -0.03557552
v -0.06819177 -0.03749808 -0.03700795
v -0.07550883 -0.03379344 -0.03461494
v -0.07082424 -0.03052695 -0.03817504
v -0.07372792 -0.02738437 -0.03785337
v -0.08111332 -0.02526974 -0.03364319
v -0.07620684 -0.01903998 -0.03806662
v 0.00253816 -0.03014397 0.00424007
v 0.00392143 -0.04278779 0.00745724
v 0.00202907 -0.04781164 0.00846322
v 0.00475560 -0.03597068 0.00599978
v -0.04507044 -0.04763534 -0.01847534
v -0.04401732 -0.04561792 -0.02311732
v -0.04449631 -0.04266913 -0.02065273
v -0.04451373 -0.05024931 -0.02056645
v -0.06227998 -0.07022056 -0.03116492
v -0.05736026 -0.06902631 -0.03377296
v -0.04969919 -0.06194942 -0.02844793
v -0.04766486 -0.05022298 -0.03040382
v -0.05175918 -0.04636680 -0.03456118
v -0.04550334 -0.05720340 -0.02279624
v -0.04712399 -0.05707376 -0.02650423
v -0.04773378 -0.06507887 -0.02570353
v -0.04636941 -0.06201977 -0.02310776
v -0.04520719 -0.05496431 -0.02013485
v -0.04611459 -0.05150568 -0.01684628
v -0.04829127 -0.06752189 -0.01695619
v -0.04658714 -0.06948926 -0.01982384
v -0.04830796 -0.07084465 -0.02761241
v -0.04618979 -0.07466914 -0.02133214
v -0.04792906 -0.07296854 -0.01691586
v -0.04721148 -0.07641579 -0.01804216
v -0.05201447 -0.06915136 -0.03229749
v -0.05019529 -0.06996213 -0.03068190
v -0.05086606 -0.07365463 -0.03231454
v -0.05778378 -0.07361030 -0.03458099
v -0.05974729 -0.07593215 -0.03423954
v -0.05914461 -0.08010059 -0.03358639
v -0.06197796 -0.07857712 -0.03298004
v -0.05566582 -0.08991471 -0.02951890
v -0.05273031 -0.08902808 -0.02967389
v -0.05466050 -0.07369926 -0.03430415
v -0.05031684 -0.08135552 -0.03018335
v -0.05206696 -0.08039373 -0.03201912
v -0.05589747 -0.08150165 -0.03304867
v -0.04859254 -0.08193894 -0.02760893
v -0.04609911 -0.07699694 -0.02451476
v -0.05348891 -0.10021160 -0.02865320
v -0.05511010 -0.09579933 -0.02823708
v -0.04992459 -0.10067229 -0.02915590
v -0.04607803 -0.10593989 -0.02943721
v -0.04662400 -0.10878828 -0.03067039
v -0.04817709 -0.11104522 -0.03150357
v -0.04591642 -0.10213093 -0.02776378
v -0.05061359 -0.11227494 -0.03119909
v -0.04890448 -0.11624576 -0.03106201
v -0.04817541 -0.12164359 -0.02945066
v -0.04121535 -0.11047006 -0.02884717
v -0.04114680 -0.11307628 -0.02949731
v -0.03912559 -0.11667406 -0.02976080
v -0.04317969 -0.11546612 -0.03047784
v -0.04177336 -0.11924827 -0.03084431
v -0.04502515 -0.12142480 -0.03130032
v -0.04092846 -0.12449659 -0.03251497
v -0.03556364 -0.11800029 -0.03135983
v -0.03765548 -0.11211865 -0.02756519
v -0.03976154 -0.10927305 -0.02709715
v -0.03978575 -0.10721803 -0.02303721
v -0.03805315 -0.11180234 -0.02327761
v -0.03559932 -0.11399407 -0.03097919
v -0.03323047 -0.11468646 -0.02699837
v -0.03060072 -0.12007328 -0.02710199
v -0.02878237 -0.11856479 -0.03095116
v -0.03088541 -0.11742447 -0.03227279
v -0.03387160 -0.11626924 -0.03214803
v -0.03286297 -0.12114681 -0.03271322
v -0.03052084 -0.12001793 -0.03232903
v -0.02974998 -0.12278354 -0.03181406
v -0.02949117 -0.12570408 -0.03042884
v -0.03055261 -0.12376890 -0.02406365
v -0.03186328 -0.12501012 -0.03252835
v -0.03501255 -0.12438810 -0.03276294
v -0.03206205 -0.12454440 -0.01887109
v -0.03584760 -0.12721628 -0.03244226
v -0.03825242 -0.12564687 -0.03276429
v -0.03985734 -0.12853064 -0.03276857
v -0.03744848 -0.11828841 -0.01743671
v -0.03764898 -0.11391613 -0.02065750
v -0.04314700 -0.10706997 -0.02855357
v -0.04450163 -0.09768681 -0.02617896
v -0.04730500 -0.09248219 -0.02618196
v -0.04274784 -0.09868316 -0.02456306
v -0.03871565 -0.12146331 -0.03127724
v -0.06761697 0.03046538 -0.01304638
v -0.07555182 0.03009429 -0.00757891
v -0.07032684 0.03215341 -0.00740472
v -0.06536136 0.02940458 -0.01663140
v 0.02945751 -0.00512921 0.00638270
v 0.01917003 -0.03583295 0.01431404
v 0.01648640 -0.03751481 0.01153609
v 0.01035242 -0.02947705 0.00624791
v 0.00724711 -0.03147801 0.00545915
v 0.01055605 -0.02539969 0.00523435
v 0.01673333 -0.01612845 0.00347953
v -0.01390076 -0.03029871 -0.01641474
v -0.01776713 -0.03180978 -0.01889666
v -0.01191120 -0.02748311 -0.02000342
v -0.00778753 -0.02810485 -0.01508556
v -0.00794667 -0.02659516 -0.01830322
v -0.00898882 -0.02534431 -0.02109778
v -0.00631305 -0.02453445 -0.02558622
v -0.01697429 -0.02800687 -0.02435694
v -0.01547792 -0.02423888 -0.02741679
v 0.01900736 -0.02286953 0.01104997
v 0.01818466 -0.02740315 0.01103469
v 0.01447843 -0.03003177 0.00847035
v 0.01447354 -0.02436441 0.00718410
v 0.01690884 -0.01995453 0.00675984
v 0.02098477 -0.01489086 0.00662460
v 0.02400657 -0.01647709 -0.01420686
v 0.02467359 -0.00438663 -0.00249776
v 0.02983074 0.00075139 -0.00107321
v 0.03617612 0.00692018 -0.00485813
v 0.07380937 0.05070223 -0.01016762
v 0.07710715 0.05530331 -0.00998866
v 0.07259936 0.05443230 -0.01146598
v 0.07371605 0.04467355 -0.00712886
v 0.09238247 0.06580050 -0.00413332
v 0.09173512 0.06724429 -0.00566017
v 0.09687065 0.06968100 -0.00170757
v 0.10087526 0.07535569 -0.00170817
v 0.09645105 0.07176957 -0.00421582
v 0.10098474 0.07771326 -0.00368197
v 0.10463811 0.08192135 -0.00237296
v 0.10117522 0.08103644 -0.00531624
v 0.10197451 0.08488159 -0.00618348
v 0.09881784 0.08747768 -0.00760721
v 0.09194237 0.07564903 -0.00818625
v 0.08833262 0.06237476 -0.00575000
v 0.08388118 0.06272510 -0.00866664
v 0.08452840 0.07678333 -0.00944690
v 0.07695762 0.07141893 -0.01021257
v 0.08240230 0.06638009 -0.00979926
v 0.08442662 0.08825361 -0.00637783
v 0.09709081 0.09182774 -0.00764776
v 0.10010232 0.09670050 -0.00747840
v 0.10580665 0.08695549 -0.00435772
v 0.10787244 0.08624380 -0.00139395
v 0.11034819 0.09220417 -0.00298205
v 0.08930252 0.09117562 -0.00689810
v 0.08277310 0.08999604 -0.00401554
v 0.08660865 0.09234344 -0.00529039
v 0.09351611 0.09807706 -0.00613327
v 0.07672729 0.07579078 -0.00917756
v 0.07679157 0.08058915 -0.00684289
v 0.07195751 0.07534820 -0.00796632
v 0.07304422 0.05901757 -0.01155934
v 0.07816044 0.06001619 -0.01046837
v 0.08472604 0.05703500 -0.00560072
v 0.02986937 0.00025197 -0.00467738
v 0.02991843 -0.00231427 -0.01144289
v 0.02517241 -0.01064986 -0.01346003
v 0.02483094 -0.01447576 -0.01787100
v 0.02912496 -0.03337716 -0.01630915
v 0.03045396 -0.03376244 -0.01958120
v 0.02948613 -0.02921713 -0.02221011
v 0.02830209 -0.02866929 -0.01822584
v 0.02782525 -0.02469615 -0.02032899
v 0.02870700 -0.02506850 -0.02456383
v 0.02798552 -0.02831887 -0.02725624
v 0.02894231 -0.03583260 -0.01494905
v 0.03213583 -0.03813162 -0.02083011
v 0.03153365 -0.03873126 -0.01723047
v 0.02999625 -0.03313135 -0.02403997
v 0.03121585 0.00061470 -0.00781804
v 0.03269849 0.00346394 -0.00769014
v 0.03559260 0.00731910 -0.00964524
v 0.03858794 0.01089083 -0.00993660
v 0.03476347 0.00593608 -0.01253958
v 0.03837090 0.01406282 -0.01488464
v 0.04039538 0.01410151 -0.01105008
v 0.04147721 0.01321090 -0.00571175
v 0.03630293 0.00964167 -0.01525350
v 0.02631192 -0.00909116 -0.01842129
v 0.02515976 -0.00985487 -0.02575798
v 0.02352458 -0.01019929 -0.02889461
v 0.02089074 -0.01107087 -0.03253105
v 0.02665908 -0.00444516 -0.02860658
v 0.02546822 -0.00250749 -0.03287977
v 0.03261265 0.00419411 -0.02550437
v 0.03159310 0.00410597 -0.02837411
v 0.03042257 0.00551389 -0.03159904
v 0.03083555 -0.00042975 -0.02423785
v 0.03464948 0.00896134 -0.02266821
v 0.03328221 0.00400351 -0.02214465
v 0.03263270 0.00124389 -0.01846260
v 0.04585256 0.01794379 -0.00294111
v 0.04302669 0.01722196 -0.01002664
v 0.04970108 0.02153450 -0.00411412
v 0.04341802 0.01976937 -0.01204678
v 0.03664809 0.01872071 -0.01870292
v 0.04217153 0.02303741 -0.01471758
v 0.04180087 0.02645160 -0.01587862
v 0.04640984 0.02419511 -0.01205975
v 0.05219277 0.02407371 -0.00578577
v 0.07065649 0.03960201 -0.00443536
v 0.06483769 0.04069769 -0.01099501
v 0.06838866 0.04480731 -0.01093442
v 0.06763999 0.04938002 -0.01235607
v 0.06498934 0.03505582 -0.00591834
v 0.05660773 0.02710350 -0.00419459
v 0.06365461 0.03585380 -0.00832680
v 0.06003888 0.03558379 -0.01068486
v 0.05285608 0.02860010 -0.01050288
v 0.05094344 0.03086519 -0.01306798
v 0.04435122 0.03362510 -0.01647913
v 0.04531414 0.03832063 -0.01722919
v 0.04580843 0.04399397 -0.01738385
v 0.04070615 0.04207819 -0.01839178
v 0.03933781 0.03791359 -0.01854644
v 0.03444565 0.03483130 -0.02027803
v 0.03507221 0.01680111 -0.02195702
v 0.03141645 0.02809183 -0.02276611
v 0.03208943 0.02400280 -0.02422999
v 0.02783932 0.02078994 -0.03243127
v 0.02517490 0.00125558 -0.03592124
v 0.02188782 0.00510894 -0.03886132
v 0.02749602 0.00733462 -0.03563089
v 0.02161068 0.00172238 -0.03821422
v 0.01895463 0.00135575 -0.03887648
v 0.02019187 0.00848914 -0.03946806
v 0.02287761 0.00922525 -0.03866858
v 0.01122079 0.00371882 -0.03982577
v 0.01470557 -0.00988107 -0.03659917
v 0.01320228 -0.00587119 -0.03795148
v 0.00917588 -0.01152974 -0.03773248
v 0.00774491 -0.01826116 -0.03651781
v -0.00093459 -0.01561897 -0.03708431
v 0.00179550 -0.01851357 -0.03510477
v 0.00481609 -0.01930617 -0.03542091
v 0.00168734 -0.02354731 -0.03241889
v 0.00522870 -0.02523574 -0.03412787
v -0.00579439 -0.01729649 -0.03523388
v -0.00794378 -0.01521034 -0.03577911
v -0.00143331 -0.02735981 -0.02846692
v 0.00861866 -0.02903166 -0.03507194
v 0.01078692 -0.01840690 -0.03710045
v 0.01369165 -0.01769685 -0.03713207
v 0.01898080 -0.00931895 -0.03445321
v 0.01928979 -0.01522865 -0.03437607
v 0.01500456 -0.01325169 -0.03640169
v 0.02119587 -0.02023284 -0.03434555
v 0.02662310 -0.02336960 -0.02748598
v 0.02490942 -0.01918042 -0.02771696
v 0.02498770 -0.01766411 -0.02498410
v 0.02702229 -0.02026737 -0.02251410
v 0.02764196 -0.02162327 -0.02482760
v 0.02572696 -0.02916399 -0.03184575
v 0.03240465 -0.04330581 -0.02656360
v 0.03062120 -0.04181005 -0.02922607
v 0.02610268 -0.03337335 -0.03276762
v 0.02752872 -0.03773904 -0.01356968
v 0.03642033 -0.04848397 -0.02017723
v 0.03493515 -0.04540085 -0.02398335
v 0.03533310 -0.04928077 -0.01627263
v 0.03363870 -0.04817803 -0.02865601
v 0.02633803 -0.03844971 -0.03396744
v 0.03069536 -0.04670970 -0.03189360
v 0.03423393 -0.05222719 -0.03121299
v 0.03695171 -0.05158729 -0.02760487
v 0.03807739 -0.05156887 -0.02024172
v 0.03822700 -0.05293917 -0.01778904
v 0.03809862 -0.06309763 -0.01485652
v 0.04235984 -0.07191445 -0.01767755
v 0.00326362 -0.03772069 -0.02479284
v -0.00365647 -0.02542221 -0.02775047
v -0.01221612 -0.02384438 -0.02517992
v -0.02231863 -0.03028386 -0.02461764
v -0.02183580 -0.03295695 -0.01947631
v -0.02592934 -0.02653890 -0.03058153
v -0.02725405 -0.02385212 -0.03276734
v -0.02062094 -0.02590518 -0.02878169
v -0.01194318 -0.01971288 -0.02904570
v -0.01418860 -0.01933409 -0.03046745
v -0.01118845 -0.01221673 -0.03500053
v -0.01754471 -0.01298647 -0.03520403
v -0.01890755 -0.01714785 -0.03407798
v -0.02559145 -0.01770982 -0.03540015
v -0.02935714 -0.01693478 -0.03599149
v -0.03182622 -0.01144431 -0.03712024
v -0.01265146 -0.00796881 -0.03596947
v -0.00892596 -0.00978918 -0.03806508
v -0.00333565 -0.01286772 -0.03865065
v 0.00471627 -0.00861485 -0.03934869
v -0.00443507 -0.00560135 -0.04068123
v -0.01601810 -0.00492320 -0.03649989
v -0.02207840 -0.00466846 -0.03779648
v -0.02679881 -0.00057049 -0.03796439
v -0.03300252 -0.00756073 -0.03748334
v -0.03831346 -0.01035619 -0.03605310
v -0.04991705 -0.01030515 -0.03792941
v -0.06391086 -0.01220033 -0.04198596
v -0.06878364 -0.01445671 -0.04191658
v -0.07092580 -0.01303599 -0.04137744
v -0.07463587 -0.01499223 -0.03964198
v -0.07367515 -0.00989397 -0.04025909
v -0.06787279 -0.00893260 -0.04160155
v -0.05508457 -0.00950595 -0.04038434
v -0.04553232 -0.01260236 -0.03518738
v -0.05749420 -0.00216669 -0.03983171
v -0.06303021 -0.00708823 -0.04127910
v -0.06763090 -0.00242220 -0.04049779
v -0.07371971 0.00012906 -0.03882363
v -0.07558967 -0.00345014 -0.03901028
v -0.07105973 -0.00637842 -0.04074953
v 0.01054761 -0.03785840 0.00782981
v 0.01107937 -0.03452323 0.00732797
v 0.00402626 -0.05014199 0.00859284
v 0.01894354 -0.03946404 0.01616223
v 0.01471602 -0.03531733 0.00943039
v 0.00848771 -0.04871584 0.00947264
v 0.00670739 -0.05673927 0.00966016
v 0.01633812 -0.04970510 0.01760146
v 0.00491274 -0.06490877 0.00969184
v 0.01076698 -0.06435810 0.01243419
v 0.14969698 0.15410475 -0.00883635
v 0.14723793 0.15957309 -0.00870312
v 0.14473826 0.15839170 -0.00871739
v 0.14590898 0.14470631 -0.01100983
v 0.15233982 0.15697730 -0.00731963
v 0.15129735 0.16113386 -0.00740021
v 0.14433803 0.15427388 -0.00948110
v 0.13912530 0.14897534 -0.01070631
v 0.14295241 0.15014832 -0.01030179
v 0.15573511 0.14619687 -0.00910303
v 0.15784721 0.14577094 -0.00580923
v 0.13755721 0.16014832 -0.00992147
v 0.13685675 0.15767360 -0.01199756
v 0.13774918 0.15439798 -0.01195483
v 0.13344370 0.16137533 -0.01807551
v 0.13186908 0.16284564 -0.01924152
v 0.13460568 0.15812676 -0.01745180
v 0.14036602 0.14593002 -0.01066228
v 0.13518207 0.14816475 -0.01032834
v 0.14147577 0.13935599 -0.01095959
v 0.14918116 0.14060254 -0.01117710
v 0.15322226 0.14370780 -0.01114693
v 0.15563016 0.14340772 -0.00979520
v 0.15507326 0.14050299 -0.00923315
v 0.15259193 0.14023161 -0.01080644
v 0.13339555 0.14420438 -0.00918802
v 0.13132662 0.14799573 -0.00871873
v 0.13542184 0.15405689 -0.01394524
v 0.12933822 0.15320438 -0.00892298
v 0.12970552 0.14978018 -0.00733320
v 0.12916844 0.14864288 -0.00515798
v 0.12998325 0.16750880 -0.01665950
v 0.12653647 0.16540740 -0.01336483
v 0.12924996 0.16648227 -0.01764937
v 0.13265103 0.16426416 -0.01690019
v 0.13274384 0.15556741 -0.01637040
v 0.13075873 0.15772000 -0.01741159
v 0.13130179 0.16493545 -0.01802597
v 0.12773220 0.15886952 -0.01216101
v 0.12685744 0.14695840 -0.00320489
v 0.12290434 0.14892185 -0.00244633
v 0.12402450 0.14378470 -0.00300752
v 0.12235875 0.13895839 -0.00412542
v 0.12531394 0.13957125 -0.00609896
v 0.13005714 0.14098141 -0.00787524
v 0.14161430 0.13037883 -0.00920283
v 0.14415987 0.13087374 -0.00942323
v 0.14086017 0.12813455 -0.00791653
v 0.13604051 0.13138980 -0.00801667
v 0.13885936 0.12935971 -0.00807589
v 0.13978015 0.12708224 -0.00622080
v 0.14332764 0.12653831 -0.00712792
v 0.14436826 0.12497249 -0.00494242
v 0.14094220 0.12556262 -0.00391418
v 0.12789172 0.12623331 -0.00669914
v 0.12691793 0.13736425 -0.00726400
v 0.12166002 0.13421687 -0.00592913
v 0.11640363 0.13743015 -0.00122268
v 0.11730549 0.14667699 -0.00149724
v 0.10846132 0.13695171 -0.00010741
v 0.11745127 0.13593493 -0.00207841
v 0.11585709 0.13311772 -0.00243467
v 0.11833798 0.13324560 -0.00444379
v 0.12526043 0.13242400 -0.00729433
v 0.13667323 0.12661017 -0.00410111
v 0.13076967 0.12452400 -0.00505688
v 0.12031750 0.12155648 -0.00712392
v 0.12071935 0.11828464 -0.00676821
v 0.12177145 0.11268862 -0.00478064
v 0.12058435 0.12993693 -0.00662331
v 0.12033572 0.12632878 -0.00706486
v 0.11547098 0.12439290 -0.00622346
v 0.11328501 0.12128751 -0.00647276
v 0.11078402 0.12173358 -0.00502245
v 0.11617967 0.12858611 -0.00507987
v 0.11238477 0.12866518 -0.00229307
v 0.11242268 0.12635684 -0.00353487
v 0.11532815 0.13008203 -0.00377894
v 0.10917085 0.11016811 -0.00714122
v 0.10836087 0.11551417 -0.00610316
v 0.10560282 0.11626440 -0.00437287
v 0.10274291 0.11163693 -0.00477076
v 0.10595188 0.13039844 -0.00021878
v 0.10825948 0.12382326 -0.00186413
v 0.10686923 0.12419017 -0.00109837
v 0.10415901 0.12458741 -0.00022150
v 0.10114837 0.12835127 0.00089090
v 0.10448003 0.13331233 0.00069388
v 0.09596603 0.12218932 0.00093799
v 0.09838592 0.10991588 -0.00256731
v 0.09546460 0.11136229 -0.00061599
v 0.09395757 0.12170909 0.00202952
v 0.09395950 0.11258192 -0.00014000
v 0.09088301 0.11584961 0.00035051
v 0.09337427 0.11762349 0.00032919
v 0.09410276 0.12218167 0.00291994
v 0.09185916 0.11320778 -0.00011355
v 0.08727202 0.11197172 0.00055237
v 0.08510461 0.11199167 0.00196212
v 0.08912028 0.10613830 -0.00045490
v 0.09181591 0.10653833 -0.00088877
v 0.09482134 0.10636315 -0.00208359
v 0.08339929 0.10899102 0.00094853
v 0.08679117 0.10653646 -0.00043131
v 0.09001698 0.10314110 -0.00161768
v 0.09313494 0.10302885 -0.00303018
v 0.09432596 0.10229409 -0.00480145
v 0.09865659 0.10681485 -0.00469021
v 0.09016110 0.09762417 -0.00438419
v 0.10175471 0.10461336 -0.00664031
v 0.08464672 0.10046185 -0.00089229
v 0.08248471 0.09247074 -0.00221599
v 0.07766222 0.08549143 -0.00341614
v 0.07985951 0.08594485 -0.00513939
v 0.08009644 0.09227490 -0.00148382
v 0.08042473 0.09910516 -0.00121295
v 0.08370234 0.10695215 -0.00019525
v 0.08048873 0.10500145 0.00057935
v 0.07711796 0.09551329 -0.00177310
v 0.07617874 0.09742521 -0.00141260
v 0.07983945 0.09495591 -0.00120742
v 0.07789239 0.08837468 -0.00199621
v 0.07323167 0.08138720 -0.00350257
v 0.07319614 0.07971511 -0.00552769
v 0.06756820 0.07385964 -0.00701066
v 0.06371520 0.06811024 -0.00923845
v 0.06262578 0.07320342 -0.00548433
v 0.07288098 0.06436312 -0.01116360
v 0.06629882 0.04634984 -0.01234002
v 0.05720069 0.04403569 -0.01478385
v 0.06279648 0.05330026 -0.01331768
v 0.06118557 0.07107460 -0.00699751
v 0.05751735 0.06649413 -0.00879964
v 0.05353200 0.05049339 -0.01503148
v 0.12007277 0.14993218 -0.00179742
v 0.11825291 0.15026776 -0.00008738
v 0.11240470 0.14318754 0.00046932
v 0.07469186 0.09929673 0.00179893
v 0.07131645 0.09277213 -0.00136382
v 0.07361457 0.08286004 -0.00257154
v 0.07361323 0.08561388 -0.00181766
v 0.06834175 0.08218474 -0.00175084
v 0.06930584 0.07943398 -0.00254551
v 0.06497719 0.07503393 -0.00484641
v 0.05965369 0.07308321 -0.00366541
v 0.06239536 0.07574201 -0.00331087
v 0.06649263 0.07708121 -0.00336381
v 0.05932704 0.07125695 -0.00496065
v 0.04921056 0.06811943 -0.00453800
v 0.04075877 0.05650450 -0.01478054
v 0.03905130 0.05884967 -0.01329266
v 0.04684813 0.06259616 -0.01111807
v 0.04433879 0.06345833 -0.01010370
v 0.04293313 0.06449842 -0.00809473
v 0.05330550 0.06262726 -0.01091845
v 0.05585915 0.06995177 -0.00428522
v 0.05588418 0.07443265 -0.00313606
v 0.05370425 0.07180150 -0.00362923
v 0.04866550 0.06572946 -0.00768425
v 0.03547341 0.06957370 -0.00290395
v 0.02358094 0.06209544 -0.00820618
v 0.02532806 0.06033566 -0.01094215
v 0.03062565 0.06055719 -0.01126160
v 0.03455923 0.05470495 -0.01567545
v 0.01963597 0.05942560 -0.01187654
v 0.01916240 0.06164444 -0.00877312
v 0.12670614 0.11872858 -0.00414690
v 0.12733054 0.11503464 0.00016061
v 0.11756157 0.10703358 -0.00493577
v 0.11542094 0.10830402 -0.00633757
v 0.10586010 0.10100024 -0.00739373
v 0.10856643 0.10115026 -0.00705470
v 0.09891142 0.10035545 -0.00692691
v 0.11764684 0.10294633 -0.00267278
v 0.11459918 0.09646398 -0.00102873
v 0.07275829 0.09550013 -0.00060958
v 0.07186256 0.09561526 0.00058388
v 0.06874377 0.09252933 0.00077376
v 0.07019366 0.08959568 -0.00140499
v 0.06750872 0.08937653 -0.00057005
v 0.06438746 0.08939187 0.00163103
v 0.04858651 0.07868031 0.00006541
v 0.06020111 0.08443021 0.00005729
v 0.06535028 0.08647790 -0.00083580
v 0.06269456 0.08179933 -0.00136069
v 0.05812606 0.08110888 -0.00129863
v 0.05645073 0.08260531 -0.00003933
v 0.17862381 0.12943447 -0.00435277
v 0.17157066 0.12938285 -0.00642008
v 0.16681331 0.13767068 -0.00239680
v 0.16737434 0.13440356 -0.00455678
v 0.16925649 0.12208015 -0.00854594
v 0.16556299 0.12932426 -0.00705249
v 0.16992165 0.12581167 -0.00810235
v 0.16612585 0.13218680 -0.00603653
v 0.16234295 0.13432951 -0.00604767
v 0.15683274 0.13645200 -0.00764118
v 0.14736053 0.13267863 -0.00961111
v 0.15530145 0.13870776 -0.00851103
v 0.14462715 0.12841451 -0.00848390
v 0.14721650 0.12524635 -0.00596170
v 0.14879330 0.12735517 -0.00734437
v 0.15284233 0.13009746 -0.00790366
v 0.14864591 0.12936021 -0.00856426
v 0.15472946 0.12627807 -0.00614468
v 0.15892427 0.12529616 -0.00643882
v 0.15680507 0.12351459 -0.00467190
v 0.16248015 0.11986531 -0.00482700
v 0.16134414 0.12215434 -0.00596535
v 0.16600849 0.12513132 -0.00812582
v 0.17552491 0.12398928 -0.00780194
v 0.18028094 0.12571856 -0.00374746
v 0.14778721 0.12267892 -0.00123713
v 0.14989419 0.12323832 -0.00310335
v 0.16513947 0.12042449 -0.00751143
v 0.16653711 0.11798291 -0.00634899
v 0.16937779 0.11753790 -0.00598308
v 0.17434840 0.11853626 -0.00684275
v 0.17798290 0.12514760 -0.00637590
v 0.17859641 0.12198390 -0.00549090
v 0.17679405 0.11885246 -0.00633586
v 0.17214802 0.11662751 -0.00393156
v 0.00227604 -0.07075657 0.00912840
v 0.00854049 -0.06651115 0.01105045
v 0.01170458 -0.06984062 0.01372726
v 0.01395248 -0.06910193 0.01644858
v 0.00628039 -0.07891688 0.01018667
v 0.00681403 -0.07051750 0.01045357
v 0.00960889 -0.05888048 0.01117319
v 0.03931201 -0.05435727 -0.02684607
v 0.03939409 -0.05409712 -0.02284820
v 0.03979912 -0.05619232 -0.01847611
v 0.02500073 -0.05259458 -0.03401132
v 0.02374517 -0.04539431 -0.03498554
v 0.01826392 -0.03187887 -0.03636638
v 0.02303593 -0.02792510 -0.03454003
v 0.01922682 -0.02691511 -0.03650372
v 0.00331917 -0.03416885 -0.03022072
v 0.01534001 -0.02464055 -0.03706734
v 0.01318872 -0.02868434 -0.03655793
v 0.01503644 -0.03450635 -0.03582857
v 0.01008516 -0.03590275 -0.03368887
v 0.00995818 -0.04444151 -0.03114105
v 0.01198066 -0.04959212 -0.03053645
v 0.01586852 -0.03982231 -0.03449801
v 0.01473883 -0.04509119 -0.03286397
v 0.02262344 -0.05907946 -0.03218774
v 0.02701769 -0.05962751 -0.03374049
v 0.02952310 -0.05665420 -0.03428335
v 0.02666121 -0.06385499 -0.03283998
v 0.03136002 -0.06133163 -0.03414404
v 0.03813139 -0.05802404 -0.03090187
v 0.03428989 -0.05955692 -0.03358226
v 0.03576254 -0.06636738 -0.03329318
v 0.02203210 -0.06294443 -0.03108874
v 0.02835919 -0.07917868 -0.02792280
v 0.02567113 -0.07969534 -0.02326647
v 0.02430076 -0.07664229 -0.02292459
v 0.02388430 -0.07280209 -0.02648223
v 0.04322538 -0.07132339 -0.02142211
v 0.04032809 -0.07347689 -0.01572111
v 0.03906030 -0.07804835 -0.01515755
v 0.04320990 -0.06686052 -0.02220146
v 0.04118185 -0.06847306 -0.02995779
v 0.04161238 -0.06022955 -0.02326918
v 0.04095535 -0.06152064 -0.01761779
v 0.03911219 -0.06002086 -0.01576883
v 0.01975860 -0.05148482 -0.03286070
v 0.01919194 -0.06205612 -0.02899211
v 0.02075165 -0.06793247 -0.02669476
v 0.01875271 -0.06317664 -0.02574303
v 0.01212148 -0.05187588 -0.02801352
v 0.01557693 -0.05655898 -0.02666400
v 0.03920721 -0.06901506 -0.03182403
v 0.03495465 -0.07629947 -0.03176019
v 0.03172602 -0.08036043 -0.02969541
v 0.03468406 -0.08168824 -0.03073745
v 0.03874545 -0.07824277 -0.03077604
v 0.04314413 -0.07509129 -0.02555203
v 0.04343767 -0.07758138 -0.02194389
v 0.04347072 -0.08518860 -0.01891568
v 0.04418474 -0.08842842 -0.02190094
v 0.04306541 -0.09493555 -0.01601418
v 0.02712374 -0.08567188 -0.01924371
v 0.03750318 -0.08103580 -0.03087742
v 0.04194595 -0.08066309 -0.02728091
v 0.03236786 -0.10239170 -0.02216146
v 0.03225018 -0.09876555 -0.02608428
v 0.03080500 -0.09335689 -0.02586176
v 0.03354849 -0.09030372 -0.02909424
v 0.03140727 -0.08476144 -0.02849020
v 0.03550281 -0.09374021 -0.02943214
v 0.04337623 -0.09095255 -0.02500287
v 0.03964851 -0.09949446 -0.02831849
v 0.03268837 -0.10518296 -0.02437538
v 0.03543375 -0.09780513 -0.02875102
v 0.03330046 -0.10266668 -0.02658129
v 0.03741255 -0.10516790 -0.02861752
v 0.03318400 -0.10647604 -0.02199848
v 0.04117276 -0.10928647 -0.01127878
v 0.03366228 -0.11242051 -0.02184349
v 0.03290687 -0.11259970 -0.02521821
v 0.03657903 -0.11130975 -0.02874644
v 0.03487504 -0.11542980 -0.02094441
v 0.03485671 -0.11828114 -0.02186571
v 0.03648782 -0.12014259 -0.01910308
v 0.04635011 -0.11375508 -0.01142671
v 0.04791214 -0.11752880 -0.00818453
v 0.04544038 -0.12834021 -0.01675323
v 0.04984847 -0.12683947 -0.01162219
v 0.03890637 0.02952297 -0.01818370
v 0.03724833 0.05072771 -0.01728826
v 0.02623247 0.03394972 -0.02442779
v 0.02678048 0.04414726 -0.02101836
v 0.02734720 0.03063579 -0.02523388
v 0.02958826 0.02583453 -0.02684121
v 0.01884484 0.03992856 -0.02660841
v 0.02941251 0.05029200 -0.01802906
v 0.02522561 0.04823172 -0.01945059
v 0.02122646 0.04664725 -0.02111367
v 0.02029167 0.04990961 -0.01937743
v 0.01657009 0.05034952 -0.02006245
v -0.00396613 0.05609693 -0.01109264
v 0.01725789 0.05528933 -0.01602107
v 0.01658701 0.04498160 -0.02391074
v 0.01518610 0.04133552 -0.02748729
v 0.00896386 0.04527339 -0.02677098
v 0.00515514 0.04528650 -0.02758469
v 0.00610503 0.04141384 -0.03081232
v 0.01515448 0.03551419 -0.03192913
v 0.01292064 0.02728305 -0.03673152
v 0.00758568 0.02795960 -0.03692733
v 0.00933422 0.03177025 -0.03565394
v 0.01033708 0.03464331 -0.03413949
v 0.00310780 0.02645888 -0.03714221
v -0.00155711 0.02669319 -0.03670733
v 0.00193198 0.01966903 -0.03811032
v 0.00922239 0.02194559 -0.03822434
v 0.01113298 0.02469726 -0.03763961
v 0.01396258 0.02991534 -0.03545409
v 0.01820602 0.02915038 -0.03423905
v 0.01965860 0.03198007 -0.03171838
v 0.02261908 0.03287243 -0.02841431
v 0.02239786 0.02168710 -0.03592045
v 0.02100021 0.01787383 -0.03797016
v 0.01940692 0.01320176 -0.03923111
v 0.01367963 0.01642450 -0.03925666
v -0.00109423 0.00658008 -0.03980619
v 0.00321248 0.01232464 -0.03941072
v -0.00736283 0.00876007 -0.03819007
v -0.00403267 0.02155616 -0.03700835
v -0.00556568 0.02866631 -0.03536055
v -0.00271963 0.03111548 -0.03537772
v 0.00318701 0.03094862 -0.03618710
v -0.00178511 0.03731660 -0.03291250
v -0.00829324 0.03268915 -0.03306211
v -0.01264027 0.02983704 -0.03170872
v -0.01188682 0.03568783 -0.02977681
v -0.00916351 0.03901958 -0.02934569
v -0.01602572 0.03754029 -0.02552534
v -0.01354384 0.04220391 -0.02374029
v -0.01553849 0.03288193 -0.02871194
v -0.01614327 0.02732433 -0.03063503
v -0.01082844 0.04401438 -0.02398754
v -0.00238021 0.04642915 -0.02542952
v -0.00023179 0.05011587 -0.02138046
v 0.00372773 0.00299921 -0.04021799
v -0.01253929 0.00525916 -0.03702404
v -0.00479334 -0.00116190 -0.04080877
v -0.00964978 -0.00133814 -0.03912205
v -0.00815786 0.00148421 -0.03957429
v -0.00122577 -0.00317381 -0.04104561
v -0.01022635 0.00438561 -0.03812152
v -0.01757720 0.01117445 -0.03597474
v -0.02501325 0.00407460 -0.03749608
v -0.01453697 0.01110981 -0.03603047
v -0.01762365 0.01543954 -0.03483724
v -0.02703414 0.01023366 -0.03619318
v -0.04376154 -0.00808464 -0.03527072
v -0.04880271 -0.00776798 -0.03653786
v -0.04641385 -0.00775346 -0.03549557
v -0.05172081 -0.00421544 -0.03774204
v -0.03370717 -0.00374156 -0.03754937
v -0.04304063 -0.00161016 -0.03566817
v -0.04249414 0.00202720 -0.03548202
v -0.03381853 0.00061662 -0.03739612
v -0.04883246 0.00014183 -0.03552727
v -0.04549258 0.00450721 -0.03454550
v -0.04696493 0.00663920 -0.03395213
v -0.04950666 0.01390909 -0.03124839
v -0.04626151 0.01375805 -0.03091383
v -0.04815795 0.02002175 -0.02679323
v -0.04567007 0.02386434 -0.02406870
v -0.02894304 0.02982751 -0.02600302
v -0.01963916 0.03812104 -0.02244864
v -0.02138818 0.02792573 -0.02909628
v -0.02529757 0.02884931 -0.02767169
v -0.03917222 0.02718180 -0.02381985
v -0.03667083 0.02003117 -0.03057125
v -0.04058217 0.01342655 -0.03237844
v -0.03276388 0.02431846 -0.02910331
v -0.03237690 0.01774017 -0.03264787
v -0.02724823 0.02242707 -0.03123555
v -0.03710372 0.01117974 -0.03429485
v -0.01770766 0.02212884 -0.03241249
v -0.01207326 0.02142965 -0.03407894
v -0.03051466 0.00443337 -0.03724488
v 0.00760677 -0.03909639 -0.03152892
v 0.02798459 0.01635518 -0.03395554
v 0.04711770 -0.12728442 -0.02423507
v 0.04854603 -0.12949717 -0.02183894
v 0.05132324 -0.12334856 -0.02116828
v 0.04175284 -0.11802096 -0.02741220
v 0.05004858 -0.11976071 -0.02099584
v 0.05168146 -0.11906859 -0.01297046
v 0.04981661 -0.11678103 -0.01090757
v 0.04722725 -0.11960018 -0.02404600
v 0.04411603 -0.11608630 -0.02662911
v 0.03993437 -0.11590590 -0.02847394
v 0.04800372 -0.11654963 -0.02305403
v 0.04733502 -0.11297414 -0.01584499
v 0.04536844 -0.10932444 -0.01339450
v 0.04504941 -0.10332350 -0.01568858
v 0.04636959 -0.10560061 -0.01711331
v 0.04543377 -0.10069719 -0.01852619
v 0.04687592 -0.11014275 -0.01658224
v 0.04687136 -0.10855263 -0.01975566
v 0.04528341 -0.09948482 -0.02106404
v 0.04380971 -0.09968779 -0.02426316
v 0.03624983 -0.11484686 -0.02833341
v 0.04530608 -0.10702619 -0.02396019
v -0.03153439 0.01150948 -0.03528489
v -0.02377285 0.01731138 -0.03400134
v -0.05086147 -0.00183794 -0.03673959
v -0.06124602 0.00648647 -0.03842337
v -0.05035328 0.01930781 -0.02769381
v -0.04800831 0.02877763 -0.01872706
v -0.04573977 0.03300152 -0.01417026
v -0.04381254 0.02998770 -0.01888566
v -0.05446501 0.01656534 -0.03176523
v -0.05229218 0.01218645 -0.03334769
v -0.06321536 0.01163129 -0.03653292
v -0.05940733 0.01509306 -0.03440327
v -0.05305385 -0.09232416 -0.02919742
v -0.04676173 -0.08013222 -0.01920714
v -0.04681414 -0.08562339 -0.01796124
v -0.04639850 -0.09102961 -0.01660002
v -0.04542337 -0.08982487 -0.01842592
v -0.04381419 -0.10112759 -0.02637785
v 0.09772474 0.07917164 -0.00673185
v 0.05897560 0.07761304 -0.00233555
v 0.04151306 -0.09626731 -0.02677093
v 0.03951542 0.06694567 -0.00413897
v 0.02638502 -0.08364026 -0.02280084
v -0.05417465 -0.02982126 0.01790524
v -0.05208541 -0.03142989 0.01517281
v -0.04987426 -0.03324802 0.01290653
v -0.05901958 -0.03131381 0.01142764
v -0.05580687 -0.03044221 0.01789670
v -0.05750245 -0.03198050 0.01771948
v -0.06223164 -0.03943128 0.01939182
v -0.04686951 -0.03590542 0.00549661
v -0.05130995 -0.03501806 0.00126267
v -0.05558544 -0.03300004 0.00539926
v -0.06093131 -0.03101225 0.00326325
v -0.05580197 -0.03317414 -0.00053786
v -0.04442868 -0.03659056 -0.00004747
v -0.04768929 -0.03618521 -0.00340851
v -0.04895017 -0.03524863 -0.00733658
v -0.03248125 -0.03695053 -0.00319014
v -0.02956603 -0.03714762 -0.00105534
v -0.03482226 -0.03669560 -0.00572570
v -0.02421825 -0.03708462 0.00165313
v -0.01992936 -0.03611664 -0.00434125
v -0.02313181 -0.03513120 -0.01393858
v -0.01929961 -0.03553861 -0.00919230
v -0.03115661 -0.03606098 -0.01242665
v -0.03988017 -0.03653122 -0.00821649
v -0.03748824 -0.03637063 -0.01134898
v -0.04331349 -0.03555897 -0.01759619
v -0.03885622 -0.03497208 -0.01974123
v -0.03527353 -0.03437162 -0.02093509
v -0.04035557 -0.03246292 -0.02387484
v -0.04508019 -0.03594567 -0.01226737
v -0.04715853 -0.03595174 -0.00751119
v -0.04863836 -0.03464988 -0.00946034
v -0.05134106 -0.03660683 -0.01225881
v -0.05130038 -0.03453869 -0.01052716
v -0.04751767 -0.03581931 -0.01366533
v -0.06304951 -0.06300329 -0.03041619
v -0.07326930 -0.04042738 -0.03328065
v -0.07285763 -0.04548892 -0.03118300
v -0.06964521 -0.04659387 -0.03329111
v -0.07933874 -0.04056546 -0.02568323
v -0.08229117 -0.03450832 -0.02604738
v -0.07942349 -0.03678275 -0.02870492
v -0.08308413 -0.03486595 -0.02317426
v -0.07595685 -0.04740341 -0.02614040
v -0.07700877 -0.04646889 -0.02188132
v -0.07632309 -0.04871773 -0.02311065
v -0.07453620 -0.05174519 -0.02122601
v -0.07650881 -0.04323273 -0.01908515
v -0.08406726 -0.03335070 -0.02058467
v -0.08307133 -0.03302684 -0.01747395
v -0.08616170 -0.02979092 -0.02254598
v -0.07780576 -0.03598561 -0.03130762
v -0.09256960 -0.01288308 -0.01796043
v -0.09352344 -0.01291635 -0.01417766
v -0.09493323 -0.01405569 -0.00995931
v -0.09129200 -0.01709008 -0.01420149
v -0.09151064 -0.01901966 -0.01834094
v -0.08962210 -0.02222068 -0.01638742
v -0.08863794 -0.02532687 -0.01972159
v -0.08300829 -0.03081156 -0.02839994
v -0.08603704 -0.02882099 -0.01896628
v -0.09455568 -0.01203254 -0.00690110
v -0.09587574 -0.01053530 -0.00813814
v -0.08374089 -0.02468107 -0.00868658
v -0.08198196 -0.02932040 -0.01246781
v -0.08111899 -0.02565740 -0.00787579
v -0.08026803 -0.02778266 -0.00952933
v -0.08586210 -0.02399046 -0.01166201
v -0.08427031 -0.02687482 -0.01259953
v -0.07825600 -0.02885948 -0.01071550
v -0.07714476 -0.02732444 -0.00756244
v -0.07982381 -0.03462712 -0.01593334
v -0.07476246 -0.03316639 -0.01301147
v -0.07572041 -0.03788979 -0.01565915
v -0.06722102 -0.04605425 -0.01276539
v -0.06960434 -0.03208541 -0.01002236
v -0.06316487 -0.03425380 -0.00927682
v -0.06453338 -0.03198327 -0.00828697
v -0.06801480 -0.02979920 -0.00704282
v -0.05698210 -0.03264884 -0.00554896
v -0.05954528 -0.03269935 -0.00804399
v -0.06280820 -0.03053903 -0.00553090
v -0.06949161 -0.02895512 0.00075310
v -0.07141181 -0.02812682 -0.00551981
v -0.07400756 -0.02770007 -0.00539424
v -0.07733027 -0.02569959 -0.00465819
v -0.06373554 -0.03262551 0.00843648
v -0.06800307 -0.03232751 0.00551949
v -0.06601045 -0.02933010 0.00161984
v -0.03655183 -0.03417875 0.01760527
v -0.03071002 -0.03335609 0.01984090
v -0.02942245 -0.03502527 0.01587596
v -0.01140995 -0.03124695 -0.00734767
v -0.03801948 -0.03701013 0.00106663
v -0.05014918 -0.04136378 -0.01378577
v -0.05433417 -0.04673887 -0.01203031
v -0.05098709 -0.04806472 -0.01321398
v -0.04827363 -0.04860757 -0.01471131
v -0.06163943 -0.04661616 -0.01098294
v -0.05966453 -0.05193686 -0.01132117
v -0.06457405 -0.04556076 -0.01155273
v -0.07060295 -0.04870123 -0.01526166
v -0.07461404 -0.04690592 -0.01874452
v -0.07382073 -0.05517702 -0.02134878
v -0.07102407 -0.05609787 -0.02658826
v -0.06955293 -0.05495195 -0.01576910
v -0.06957560 -0.06102358 -0.01980290
v -0.06771237 -0.06153684 -0.01715990
v -0.06766585 -0.05767121 -0.01519278
v -0.07241052 -0.05199594 -0.01794396
v -0.06304723 -0.05121064 -0.01161516
v -0.05749158 -0.05432002 -0.01177746
v -0.05413074 -0.05816891 -0.01310569
v -0.06762267 -0.06023890 -0.02692673
v -0.06561536 -0.06111114 -0.02860225
v -0.06865562 -0.05616841 -0.02885984
v -0.06648682 -0.06484167 -0.02504758
v -0.05139859 -0.06432264 -0.01461198
v -0.04687554 -0.05666480 -0.01720384
v -0.04987341 -0.05717479 -0.01472905
v -0.04890341 -0.05308370 -0.01456120
v -0.05299614 -0.05323699 -0.01266178
v -0.05876012 -0.06296623 -0.01303559
v -0.06405032 -0.05967277 -0.01372972
v -0.06049520 -0.06621011 -0.01372894
v -0.06444188 -0.06668562 -0.01612612
v -0.06283259 -0.07150445 -0.01573679
v -0.05721175 -0.07184510 -0.01332229
v -0.05490164 -0.06562968 -0.01334505
v -0.06675476 -0.06781749 -0.02201686
v -0.06691862 -0.06568587 -0.01914351
v -0.06462483 -0.07329625 -0.02816249
v -0.06535283 -0.07079437 -0.01856839
v -0.06454471 -0.07483531 -0.02004301
v -0.06264807 -0.08071496 -0.02963428
v -0.06266017 -0.07557055 -0.03241282
v -0.06311493 -0.07946748 -0.02154886
v -0.05769212 -0.07468017 -0.01380946
v -0.05842852 -0.08250935 -0.01669993
v -0.06317268 -0.08208944 -0.02679419
v -0.06058720 -0.08603103 -0.02763881
v -0.06089901 -0.08728455 -0.02524083
v -0.06061016 -0.08176066 -0.03201827
v -0.05865130 -0.09297580 -0.02432850
v -0.05560453 -0.10170168 -0.02368221
v -0.05748415 -0.09502868 -0.02600581
v -0.05484943 -0.09759702 -0.01950014
v -0.05533191 -0.10144309 -0.02659471
v -0.05230407 -0.10425571 -0.02920337
v -0.05387425 -0.10691228 -0.02703130
v -0.05122976 -0.10939233 -0.03050527
v -0.05135163 -0.11450133 -0.03031524
v -0.05202241 -0.11120094 -0.01897658
v -0.04988118 -0.11836398 -0.02941995
v -0.05016955 -0.11699010 -0.02094328
v -0.05178171 -0.11351034 -0.02145083
v -0.04824763 -0.12039071 -0.01888188
v -0.04981378 -0.11866850 -0.02397204
v -0.03575789 -0.12873702 -0.02541000
v -0.04126629 -0.12897715 -0.02698195
v -0.03675487 -0.12293882 -0.01437459
v -0.04001723 -0.11025084 -0.01923843
v -0.04042160 -0.10653710 -0.02053644
v -0.04650415 -0.11586186 -0.01549547
v -0.04729395 -0.12411528 -0.01986151
v -0.04586806 -0.12696274 -0.02055226
v -0.04734237 -0.12483752 -0.02854137
v -0.01650566 -0.03403397 -0.00772361
v -0.01859944 -0.03584656 -0.00127178
v -0.01602855 -0.03414792 -0.00175451
v -0.08665747 -0.01546986 -0.00570121
v -0.08801704 -0.01346402 -0.00408502
v -0.09054111 -0.01747466 -0.01024200
v -0.08787540 -0.01585149 -0.00684135
v -0.09034938 -0.01304633 -0.00626012
v -0.09339881 -0.01634438 -0.00814858
v -0.08835752 -0.01728766 -0.00757788
v -0.09214825 -0.01594353 -0.00624919
v -0.04879184 -0.08721531 -0.01585762
v -0.05042934 -0.09116005 -0.01522303
v -0.05259807 -0.09285673 -0.01585892
v -0.05011471 -0.10300222 -0.01539135
v -0.04406958 -0.10962439 -0.01496387
v -0.04346995 -0.11433122 -0.01555227
v -0.04301578 -0.10672227 -0.01641956
v -0.04164248 -0.10543126 -0.01850150
v -0.04414845 -0.09783395 -0.01781905
v -0.04225393 -0.10149492 -0.01986805
v -0.04633530 -0.12679191 -0.02547574
v -0.04371130 -0.12827979 -0.02100480
v -0.04421008 -0.12823756 -0.02589930
v -0.04090463 -0.12845965 -0.02069633
v -0.03906256 -0.12826440 -0.01636251
v -0.00809667 -0.02974809 0.01845478
v -0.00622422 -0.02778482 0.02640654
v -0.00734425 -0.03055292 0.02268102
v -0.00754211 -0.03330139 0.02105350
v -0.00829397 -0.03352864 0.01262596
v -0.00713609 -0.03371524 0.01001609
v -0.00877548 -0.03112596 0.01054255
v -0.00783336 -0.03729284 0.01882439
v -0.00716098 -0.04152907 0.02066853
v -0.00705858 -0.03893473 0.01206969
v -0.00223857 -0.03727687 0.00736469
v -0.00269929 -0.03209560 0.00573577
v -0.00545457 -0.03009741 0.00509449
v 0.00206923 -0.02669799 0.00174007
v -0.00222104 -0.02890374 0.00286559
v -0.00301947 -0.02817091 -0.00231102
v 0.00129381 -0.02621607 -0.00020926
v 0.00736742 -0.02587540 0.00372353
v 0.01139975 -0.01988045 0.00163955
v 0.00673797 -0.02377032 0.00131261
v 0.00909823 -0.02063146 -0.00351756
v 0.00844953 -0.02270911 -0.00574896
v 0.00655562 -0.02274659 -0.00195216
v 0.00364707 -0.02451009 -0.00463108
v 0.00079622 -0.02590114 -0.00659358
v 0.01697634 -0.01234914 -0.00453262
v 0.01897783 -0.01027029 -0.00495880
v 0.01784089 -0.01487661 -0.00629033
v 0.01676893 -0.01813507 -0.00656137
v 0.01671514 -0.02371530 -0.00806235
v 0.01360758 -0.02817152 -0.00822112
v 0.01113809 -0.03003486 -0.00889002
v -0.00030670 -0.02675060 -0.01295966
v -0.00720210 -0.02495306 -0.02198678
v -0.00448924 -0.02665669 -0.02027502
v 0.00119508 -0.02877971 -0.01521422
v 0.00322012 -0.03142688 -0.01573613
v 0.00542478 -0.03058846 -0.01200538
v -0.00142604 -0.03025401 -0.02112986
v 0.00902844 -0.03360824 -0.01156204
v 0.00671133 -0.04094770 -0.02048196
v 0.01807420 -0.01054620 -0.00387708
v 0.02090685 -0.01659812 -0.00978556
v 0.02251395 -0.01383335 -0.01087494
v 0.02004539 -0.01155608 -0.00678146
v 0.02567719 -0.00669757 -0.00966960
v 0.02192503 -0.00876888 -0.00657138
v 0.02691864 -0.00394751 -0.00681425
v 0.01988074 -0.02385899 -0.00956115
v 0.01655973 -0.03344303 -0.01047213
v 0.01815556 -0.02986416 -0.00967702
v 0.02513998 -0.02536332 -0.01352213
v 0.02262057 -0.02717978 -0.01126669
v 0.02099870 -0.03679848 -0.01127391
v 0.01279351 -0.03765906 -0.01243654
v 0.02123685 -0.04373249 -0.01203289
v 0.03244642 -0.04464210 -0.01539184
v 0.02524377 -0.04401826 -0.01212071
v 0.02332641 -0.04983533 -0.01296428
v 0.02638426 -0.05006511 -0.01282341
v 0.02640167 -0.05515862 -0.01379335
v 0.02019337 -0.04780699 -0.01320156
v 0.01565369 -0.04383323 -0.01376512
v 0.03289552 -0.04907598 -0.01439770
v 0.02851284 -0.06166684 -0.01447582
v 0.03417448 -0.06327083 -0.01428256
v 0.03101639 -0.06766023 -0.01487244
v 0.03097110 -0.07379197 -0.01577145
v 0.03563517 -0.07455125 -0.01482029
v 0.03703862 -0.06984408 -0.01479699
v 0.03290591 -0.08134534 -0.01574300
v 0.02321491 -0.05882083 -0.01557067
v 0.02104641 -0.06532491 -0.02018849
v 0.02538831 -0.07011380 -0.01842737
v 0.01700251 -0.05285662 -0.01875752
v 0.01719170 -0.05590048 -0.02101945
v 0.01243453 -0.04319089 -0.01562206
v 0.00890666 -0.04082179 -0.01748374
v 0.01502803 -0.05456984 -0.02321903
v -0.00344164 -0.02760401 -0.02454491
v -0.00424311 -0.05686333 0.02331301
v -0.00573822 -0.05546325 0.01859804
v -0.00639771 -0.04801496 0.01543810
v -0.00720879 -0.04296748 0.01771076
v -0.00085664 -0.05495349 0.00966443
v -0.00558027 -0.04505846 0.01239796
v -0.00610054 -0.05324714 0.01622646
v -0.00487807 -0.05433654 0.01338941
v -0.00564830 -0.05659748 0.01602218
v -0.00291693 -0.05947793 0.01061458
v -0.00520970 -0.06356522 0.01389608
v -0.00529201 -0.06762110 0.01555595
v -0.00578018 -0.05981260 0.01935112
v -0.00456614 -0.07334094 0.01888028
v -0.00167598 -0.06975867 0.00949387
v 0.00807418 -0.08425531 0.01087117
v -0.00349052 -0.07974710 0.01750300
v -0.00255620 -0.07808800 0.01156894
v -0.00351339 -0.07974926 0.01410436
v 0.00097853 -0.08741091 0.00929521
v 0.00361347 -0.09406506 0.00817290
v -0.00222333 -0.08544019 0.01372525
v -0.00187567 -0.08862750 0.01529622
v -0.00223598 -0.08622829 0.01739025
v 0.00578297 -0.09782702 0.00730965
v 0.00322530 -0.10530767 0.00727654
v 0.00609916 -0.10596680 0.00471922
v 0.00430491 -0.10190954 0.00614657
v 0.00490317 -0.10879896 0.00532228
v 0.00411879 -0.10989666 0.00805420
v 0.00819311 -0.11054184 0.00390282
v 0.01365130 -0.10835941 0.00584218
v 0.00607528 -0.11178046 0.01421099
v 0.00611802 -0.11297267 0.00883333
v 0.00622363 -0.11290048 0.00513734
v 0.00887650 -0.10652440 0.00451014
v 0.00985469 -0.11657806 0.00297940
v 0.00766584 -0.11621677 0.00560012
v 0.01048877 -0.12076099 0.00252805
v 0.01404421 -0.11915830 0.00006770
v 0.01322364 -0.11403649 0.00267487
v 0.01116740 -0.10844841 0.00449440
v 0.01667042 -0.11139195 0.00565926
v 0.01797536 -0.11956899 -0.00093848
v 0.02117284 -0.12166093 -0.00076059
v 0.01843843 -0.12414828 -0.00122927
v 0.01098323 -0.12467001 0.00423978
v 0.01435751 -0.12784523 0.01391788
v 0.01347134 -0.12717491 0.01086293
v 0.01207036 -0.12634514 0.00668844
v 0.01482684 -0.12820998 0.00718265
v 0.01890929 -0.12832499 0.00687832
v 0.01548098 -0.12810156 0.00355565
v 0.02162082 -0.12661491 0.00526893
v 0.02148878 -0.12558202 0.00100743
v 0.01850096 -0.12778111 0.00330392
v 0.02014218 -0.12832527 0.00971022
v 0.02312283 -0.12692174 0.00977958
v 0.02436637 -0.12504856 0.00678332
v 0.02363534 -0.12393886 0.00366575
v 0.02341535 -0.12151612 0.00146784
v 0.02825450 -0.07716274 -0.01795867
v 0.01743148 -0.05938289 -0.02714616
v 0.01724765 -0.05840014 -0.02297970
v 0.01919959 -0.06363569 -0.02244625
v 0.03936030 -0.08391653 -0.01478259
v 0.04201171 -0.08522000 -0.01609626
v 0.03774910 -0.08908431 -0.01437698
v 0.04292300 -0.08871195 -0.01695474
v 0.03037101 -0.08517586 -0.01720722
v 0.03483060 -0.08868677 -0.01504136
v 0.03317111 -0.09168456 -0.01621781
v 0.03038631 -0.09314444 -0.01905371
v 0.03965633 -0.09418882 -0.01413395
v 0.04078619 -0.09948207 -0.01363975
v 0.03721513 -0.09788379 -0.01387253
v 0.03252320 -0.10111777 -0.01805259
v 0.03474856 -0.10051277 -0.01477569
v 0.03321426 -0.10789654 -0.01898188
v 0.03579457 -0.10771698 -0.01264687
v 0.03663913 -0.10216703 -0.01329337
v 0.03890045 -0.10515049 -0.01219381
v 0.04264411 -0.10450397 -0.01322443
v 0.03691451 -0.11838093 -0.01507650
v 0.04221127 -0.12397134 -0.00954800
v 0.04283220 -0.11917087 -0.00884680
v 0.04574729 -0.11982863 -0.00701953
v 0.04009679 -0.12488442 -0.01393723
v 0.04043536 -0.12688656 -0.01614052
v 0.04272695 -0.12909915 -0.01975987
v 0.04511075 -0.12638751 -0.01038219
v 0.00111065 -0.10157026 0.01550670
v -0.09269381 -0.03469723 0.00986249
v -0.09017657 -0.02891496 0.01112864
v -0.10573649 -0.00947795 -0.00539395
v -0.10800896 -0.01300503 -0.00373542
v -0.10237031 -0.00798339 -0.00517267
v -0.09970514 -0.01161015 -0.00252619
v -0.09487821 -0.02271459 0.00690427
v -0.09552883 -0.02130941 0.00279374
v -0.10808931 -0.02392188 0.00145899
v -0.10710205 -0.01805783 -0.00244023
v -0.09750262 -0.01856243 -0.00188732
v -0.09945723 -0.02761608 0.00027164
v -0.09874765 -0.02287273 -0.00132355
v -0.09443542 -0.02969506 0.00643732
v -0.10549981 -0.02989302 0.00163206
v -0.10245072 -0.02683254 -0.00049009
v -0.10274858 -0.03183481 0.00132647
v -0.09782134 -0.03305713 0.00259213
v -0.09636442 -0.02956335 0.00264119
v -0.08845799 -0.03708426 0.01196458
v -0.07922821 -0.03583305 0.00874770
v -0.07196689 -0.04162720 0.01145373
v -0.07195870 -0.03062804 0.00364513
v -0.07642737 -0.02891742 0.00266658
v -0.07434724 -0.04078997 0.01029387
v -0.09391514 -0.03983989 0.00784477
v -0.09721990 -0.03823721 0.00450660
v -0.10141330 -0.03559151 0.00284064
v -0.08932886 -0.04554291 0.01152672
v -0.09392617 -0.04952342 0.00887721
v -0.07879308 -0.05320224 0.01350229
v -0.07691484 -0.04777750 0.01222254
v -0.08882376 -0.05238620 0.01134438
v -0.10390027 -0.04091347 0.00691080
v -0.10205952 -0.04009532 0.00476359
v -0.09386797 -0.04517403 0.00851050
v -0.09581301 -0.04821353 0.00712582
v -0.09988300 -0.04607160 0.00574412
v -0.10565487 -0.03608818 0.00710307
v -0.10376795 -0.04346435 0.01001752
v -0.09861183 -0.05189365 0.00658371
v -0.09572301 -0.05229157 0.00795930
v -0.07266784 -0.04759644 0.01446454
v -0.07583816 -0.05773704 0.01895503
v -0.07708634 -0.05596742 0.01627373
v -0.07991935 -0.05988438 0.01620374
v -0.08331613 -0.05678591 0.01249005
v -0.10197505 -0.05010535 0.00658911
v -0.10272315 -0.04580032 0.00671538
v -0.10163207 -0.07492927 0.02330571
v -0.10286667 -0.07031893 0.02444128
v -0.10192686 -0.06353212 0.02383688
v -0.10226822 -0.06212921 0.01933837
v -0.10201991 -0.06666090 0.02682655
v -0.10222269 -0.08004256 0.01979560
v -0.10394516 -0.07364782 0.01948468
v -0.10206038 -0.08079048 0.01614258
v -0.10416449 -0.07385612 0.01613724
v -0.10673290 -0.07197459 0.01571962
v -0.10998270 -0.06515760 0.01212455
v -0.10524016 -0.07662845 0.01139205
v -0.10096422 -0.07670918 0.01397303
v -0.11091869 -0.07543665 0.00806363
v -0.11031495 -0.07475934 0.01142463
v -0.10928144 -0.07917839 0.00660668
v -0.10267349 -0.07374819 0.01195332
v -0.10120171 -0.08392813 0.01632633
v -0.09514923 -0.08547814 0.01256606
v -0.09183626 -0.08607216 0.01254294
v -0.09929898 -0.08400095 0.01454134
v -0.09799843 -0.08899266 0.01457793
v -0.09191263 -0.09260642 0.01236827
v -0.09766041 -0.09237108 0.01482625
v -0.08953151 -0.09541970 0.01214913
v -0.08784189 -0.09759177 0.01185061
v -0.09332609 -0.09760650 0.01233077
v -0.09911461 -0.09029242 0.01677920
v -0.10064611 -0.08626970 0.01787188
v -0.09941836 -0.09023310 0.01891614
v -0.09654146 -0.09626177 0.01511405
v -0.09122542 -0.09751518 0.01145291
v -0.08699954 -0.09279852 0.01461165
v -0.08935409 -0.08669709 0.01379316
v -0.09075731 -0.08051034 0.01259248
v -0.08370049 -0.09957372 0.01490704
v -0.08789891 -0.08079429 0.01536324
v -0.09410710 -0.10615757 0.02267078
v -0.09670733 -0.09992531 0.01895097
v -0.06305831 -0.03586460 0.01366319
v -0.06501157 -0.04402087 0.01993215
v -0.10745035 -0.02892996 0.00399076
v -0.07355636 -0.03295325 0.00636362
v -0.09227541 -0.06997463 0.01072778
v -0.09413279 -0.07296924 0.01070248
v -0.09031226 -0.07164748 0.01132824
v -0.08737189 -0.07164127 0.01308277
v -0.08106953 -0.06951573 0.02105506
v -0.08062722 -0.06599756 0.01906862
v -0.06818082 -0.05011535 0.02202651
v -0.06785235 -0.03601469 0.00978513
v -0.06901194 -0.04806728 0.01818830
v -0.07166523 -0.05333623 0.01985283
v -0.06998798 -0.05352309 0.02316332
v -0.07344134 -0.05687450 0.02166148
v -0.06683479 -0.03963286 0.01359271
v -0.10423677 -0.05043267 0.00854667
v -0.09760406 -0.05535014 0.00715470
v -0.08275654 -0.07066525 0.01914432
v -0.08281083 -0.06609000 0.01609356
v -0.08638592 -0.06537028 0.01256242
v -0.10261048 -0.06916478 0.00620496
v -0.09973305 -0.06622759 0.00741960
v -0.09900576 -0.06938615 0.00970600
v -0.09937896 -0.06153795 0.00667295
v -0.10061024 -0.05629034 0.00642135
v -0.10611016 -0.05960225 0.00713235
v -0.10906026 -0.06288232 0.00964834
v -0.11141180 -0.06809006 0.00922942
v -0.09132953 -0.10979447 0.02381053
v -0.08428254 -0.10497200 0.01061762
v -0.07676540 -0.11159135 0.01210376
v -0.07555813 -0.11406890 0.01045028
v -0.07143155 -0.12241261 0.01275252
v -0.07288872 -0.12124634 0.00989393
v -0.07694107 -0.11841222 0.00805118
v -0.07366333 -0.11782027 0.00959118
v -0.07676837 -0.11539742 0.00921975
v -0.07682277 -0.12126377 0.00786055
v -0.07946099 -0.12320564 0.00835307
v -0.08105148 -0.11034035 0.01030380
v -0.08331256 -0.12261380 0.00939792
v -0.07779896 -0.12500511 0.00954615
v -0.07583407 -0.12340576 0.00882556
v -0.07407928 -0.12405519 0.01064043
v -0.07229974 -0.12376733 0.01348193
v -0.07652624 -0.12555771 0.01200577
v -0.08074274 -0.12579367 0.01030083
v -0.08418781 -0.12499721 0.01373371
v -0.08279003 -0.12595367 0.01601832
v -0.08403837 -0.12506309 0.01615763
v -0.08304766 -0.12515503 0.01866392
v -0.08571878 -0.12297357 0.01537497
v -0.08477007 -0.12267488 0.01849030
v -0.08318532 -0.12129243 0.02240719
v -0.08693680 -0.12093890 0.01323157
v -0.08525737 -0.12234420 0.01120569
v -0.08643086 -0.11880887 0.01046637
v -0.08463004 -0.10893838 0.00962978
v -0.08658306 -0.11137491 0.00949688
v -0.08974268 -0.10580515 0.00932255
v -0.08784991 -0.11486064 0.01044737
v -0.08881798 -0.11692965 0.01226541
v -0.09135152 -0.11121002 0.01101498
v -0.09208568 -0.10741290 0.01019106
v -0.08789799 -0.10222366 0.00981715
v -0.09133490 -0.10166247 0.01036348
v -0.09368531 -0.10816661 0.01398602
v -0.09453511 -0.10012653 0.01308602
v -0.09669357 -0.09895035 0.01648248
v -0.09332810 -0.10876075 0.01916322
v -0.09194735 -0.11097219 0.01960735
v -0.09259585 -0.10938342 0.01643548
v -0.09173508 -0.11224178 0.01322454
v -0.08982620 -0.11481246 0.01680139
v -0.07771784 -0.12650654 0.02045500
v -0.09407254 0.01809674 0.00392204
v -0.09403837 0.02109812 0.00027307
v -0.09729952 0.01778054 -0.00079014
v -0.09805856 0.01659474 -0.00468107
v -0.10261169 0.01039045 0.00081470
v -0.10284169 0.00830596 0.00307321
v -0.10948752 0.00147042 -0.00079414
v -0.10922704 0.00045101 0.00253018
v -0.10793710 0.00376187 -0.00282448
v -0.10244135 0.01171833 -0.00159533
v -0.10061063 0.01442579 -0.00315903
v -0.09399039 0.02114497 -0.00353401
v -0.10523756 0.00652360 -0.00421878
v -0.10175009 0.01109060 -0.00495213
v -0.09368357 0.01827385 -0.00701857
v -0.08771781 -0.01344200 -0.02893674
v -0.08966137 -0.00810448 -0.02750772
v -0.08987975 -0.01268037 -0.02593914
v -0.09141426 -0.01056427 -0.02311333
v -0.09249262 0.00002560 -0.02361819
v -0.09420060 -0.00088167 -0.01773551
v -0.09461733 -0.00036919 -0.01342145
v -0.08882233 0.01246268 -0.02229294
v -0.09122878 0.00915753 -0.02030550
v -0.09252030 0.00696665 -0.01809094
v -0.09711119 0.01322303 -0.00746057
v -0.09235511 0.01606880 -0.00943653
v -0.10042453 0.00839903 -0.00714378
v -0.09743747 0.00525887 -0.00905928
v -0.09437545 0.01122732 -0.00998335
v -0.09233021 0.01041454 -0.01318517
v -0.11114281 -0.00859410 0.00348201
v -0.10838077 -0.00254665 0.00540756
v -0.10921831 -0.00846328 0.00668609
v -0.10892494 -0.01253868 0.00754135
v -0.10550243 -0.00155593 -0.00648638
v -0.10250488 -0.00492367 -0.00656111
v -0.09913968 -0.00826536 -0.00245491
v -0.10842365 -0.02386401 0.00578286
v -0.10786654 -0.01806643 0.00886680
v -0.11070345 -0.01184085 -0.00018881
v -0.11095990 -0.01236331 0.00398409
v -0.10985222 -0.01668085 0.00614772
v -0.08509517 -0.01961765 -0.03074751
v -0.08728903 -0.02150139 -0.02714279
v -0.08911462 -0.01792203 -0.02554853
v -0.09575716 -0.00360906 -0.01180986
v -0.09713084 -0.00242505 -0.00842683
v -0.09368507 0.00287091 -0.01678464
v -0.09384533 0.00515161 -0.01357369
v -0.09511784 0.00118922 0.02307195
v -0.09686682 -0.00212078 0.01733395
v -0.09767064 -0.00490986 0.01363691
v -0.09776092 0.00078522 0.01311281
v -0.09855071 0.00129920 0.00894206
v -0.10027440 -0.00232837 0.00840806
v -0.09261783 -0.01401689 0.02562132
v -0.09748790 -0.00832003 0.01165859
v -0.09446076 -0.01066434 0.02100331
v -0.09536300 -0.01292331 0.01645687
v -0.09568254 -0.01735295 0.01488930
v -0.09343273 -0.02397751 0.01554796
v -0.09254163 -0.02359473 0.01964813
v -0.09516012 -0.03356645 0.01501086
v -0.10406840 -0.02214393 0.01102819
v -0.10653645 -0.02519186 0.00950284
v -0.10025469 -0.03973359 0.01523041
v -0.09935699 -0.03425242 0.01418058
v -0.10193176 -0.05347980 0.01681380
v -0.10024867 -0.05073711 0.01731779
v -0.10397183 -0.05983125 0.01663942
v -0.10080715 -0.05873940 0.01831755
v -0.10527156 -0.05380489 0.01051997
v -0.10492490 -0.05623948 0.01454423
v -0.10630786 -0.05713341 0.01071971
v -0.10766290 -0.06117406 0.01325962
v -0.08985423 -0.03045704 0.03039338
v -0.09089447 -0.02435954 0.02815705
v -0.09222838 -0.02198321 0.02379547
v -0.09185129 -0.02621514 0.02294507
v -0.09282770 -0.02902085 0.02127090
v -0.09202302 -0.03024211 0.02528242
v -0.09437075 -0.03713656 0.02288844
v -0.09511220 -0.03701665 0.01940873
v -0.09590584 -0.03990854 0.01765083
v -0.09683236 -0.03713101 0.01559907
v -0.09843457 -0.04193950 0.01629470
v -0.09715822 -0.05021952 0.01952003
v -0.09521573 -0.04249428 0.02192370
v -0.09614157 -0.05293816 0.02428900
v -0.09324840 0.01418911 0.00841491
v -0.09873493 0.00556075 0.00731267
v -0.09866443 0.00940275 0.00556890
v -0.10227953 0.00556446 0.00523066
v -0.10431015 -0.00046870 0.00646073
v -0.09830140 -0.01731951 0.01218032
v -0.10086104 -0.01437020 0.01072853
v -0.10423720 -0.01183801 0.00939246
v -0.10496816 -0.01577138 0.00984855
v -0.10706455 -0.00630490 0.00730023
v -0.10347596 -0.00538184 0.00781854
v -0.09547210 -0.01077698 0.00902454
v -0.09239644 -0.01483796 0.00801839
v -0.08755315 -0.01449846 0.00052140
v -0.09163831 -0.00973675 0.00043365
v -0.08864133 -0.01263867 -0.00136752
v -0.09806993 -0.01094963 0.00748816
v -0.09759144 -0.01136649 0.00353519
v -0.08047201 -0.02731858 0.00319663
v -0.07957633 -0.02355755 -0.00362728
v -0.08310365 -0.01889892 -0.00325502
v -0.07589559 -0.02659546 -0.00293657
v -0.07474165 -0.02808343 0.00026282
v -0.07852041 -0.02523250 -0.00145821
v -0.08585097 -0.02432763 0.00579423
v -0.08542503 -0.01963747 0.00202615
v -0.08551930 -0.01613650 -0.00410823
v -0.08517422 -0.01673580 -0.00147056
v -0.09160801 -0.02012543 0.00991249
v -0.09089642 -0.01646463 0.02917603
v -0.03108610 0.01187931 0.03579218
v -0.03122767 0.00728676 0.03696108
v -0.05532457 -0.00060299 0.03512398
v 0.05729122 0.05783970 0.01961968
v -0.02154421 0.00333084 0.03778636
v -0.08332261 -0.09231843 0.02084020
v -0.05060575 -0.02718486 0.02293204
v 0.00880690 0.01454901 0.04239906
v 0.04967801 0.02253722 0.00528724
v 0.07441794 0.04352946 -0.00084516
v 0.13115975 0.15500250 0.01191744
v 0.15556100 0.14745142 0.01278778
v 0.08525299 0.07735606 0.01594075
v -0.08119491 -0.10403349 0.02083189
v -0.06902869 -0.04274920 -0.03498604
v -0.07819643 -0.02868186 -0.03460739
v 0.01795030 -0.02235107 -0.03678493
v 0.02581116 -0.02672463 -0.03029745
v 0.03089782 -0.03726811 -0.02486032
v -0.06052654 -0.00102690 -0.04019509
v 0.15481555 0.14852656 -0.00753641
v 0.12712942 0.16421175 -0.01679470
v 0.12820765 0.12932724 -0.00719372
v 0.11191900 0.10741096 -0.00698216
v 0.08790835 0.11015163 -0.00001121
v 0.02138761 0.06093992 -0.01030494
v 0.01197801 -0.03329010 -0.03535456
v 0.04328688 -0.06973180 -0.02614731
v 0.03662633 -0.08953128 -0.03017638
v 0.02737037 0.04053867 -0.02208424
v 0.00643944 0.05361037 -0.01788511
v -0.09478243 -0.00845256 -0.01531787
v -0.05761114 -0.07980798 -0.01517060
v 0.02187650 -0.00743996 -0.00405822
v 0.01737736 -0.04200219 -0.01238376
v 0.02640288 -0.06650022 -0.01619729
v 0.00046461 -0.06320281 0.00912234
v 0.03235025 -0.09655232 -0.01749144
v 0.04210479 -0.11269316 -0.01063168
v -0.09150842 -0.04333067 0.01087170
v -0.10602794 -0.06391504 0.00499840
v -0.10182453 -0.01521906 -0.00302273
v -0.08817434 -0.01428077 0.03281376
v -0.06317293 0.03503017 -0.00056592
v -0.02279228 0.01964785 0.03292158
v -0.04449076 0.03894410 -0.00215450
v 0.00414268 0.06213462 0.00731777
v -0.00011697 0.04382769 0.02608304
v -0.08384649 -0.08216879 0.02072966
v -0.01856737 -0.03335957 0.01629792
v -0.01740532 -0.03438517 0.01220299
v -0.01382530 -0.03150928 0.00765903
v -0.02658235 -0.01729263 0.03631226
v 0.00556864 0.01804148 0.04189934
v 0.03279459 0.01780743 0.03082157
v 0.04945746 0.02175966 0.00142535
v 0.06298992 0.03357823 0.00319858
v 0.14873374 0.16624720 0.00441863
v 0.10678101 0.12854552 0.00665921
v 0.07774412 0.10326143 0.00196592
v 0.14422746 0.16332574 0.00969977
v 0.12791869 0.15948848 0.01833268
v 0.12930110 0.15643711 0.01559483
v 0.11941168 0.12119588 0.01288006
v 0.13805775 0.15697543 0.01389167
v 0.13294144 0.16009645 0.01695483
v 0.10428316 0.11205710 0.01229620
v 0.10638735 0.10151816 0.01353144
v 0.09232140 0.08234689 0.01498046
v 0.07705881 0.07028547 0.01671254
v 0.18026507 0.12793142 -0.00304287
v 0.15249707 0.12439031 0.00515250
v 0.17788881 0.11658055 -0.00244860
v 0.03868715 0.03673283 0.02191801
v 0.04564558 0.03914175 0.02066507
v 0.00959437 0.03964191 0.02848568
v -0.01952658 0.04970611 -0.00509252
v -0.03686980 -0.03262268 -0.02424435
v -0.04589931 -0.04469483 -0.01723523
v -0.07743029 -0.02380840 -0.03632509
v -0.04724428 -0.06924270 -0.02538422
v 0.01705098 -0.03103725 0.01049659
v -0.01695113 -0.03016482 -0.02128081
v 0.03466064 0.01214746 -0.02363777
v 0.02966680 -0.00358386 -0.01775049
v 0.05885130 0.03061233 -0.00707606
v 0.03297286 0.01413318 -0.02796334
v 0.01710862 0.00606516 -0.03973892
v 0.01463279 -0.00115289 -0.03894347
v 0.00871061 -0.00268340 -0.03923135
v 0.03395696 -0.04418118 -0.01814438
v -0.00924917 -0.02227133 -0.02657398
v 0.11852650 0.14438701 -0.00176332
v 0.11422125 0.13790093 -0.00084065
v 0.10580175 0.10868819 -0.00684260
v 0.09722511 0.11874869 0.00016812
v 0.05265428 0.06781613 -0.00552158
v 0.16488236 0.12287670 -0.00805521
v 0.03110835 -0.06485941 -0.03363088
v 0.03962369 -0.07416587 -0.03081024
v 0.04374951 -0.09930453 -0.01552346
v 0.03320336 0.04052144 -0.02010704
v 0.01177391 0.00727320 -0.03997440
v -0.01847823 -0.00169036 -0.03738232
v -0.09530436 -0.00452272 -0.01520304
v -0.02730311 -0.03654400 -0.00750727
v -0.05880508 -0.04441311 -0.01088674
v -0.05753206 -0.03471868 -0.00966720
v -0.08519204 -0.02216371 -0.00859701
v -0.04590601 -0.10497382 -0.01499533
v -0.00429652 -0.02872212 0.00149439
v 0.01055668 -0.01916947 -0.00122125
v 0.03658800 -0.05381812 -0.01528079
v -0.00332449 -0.05020067 0.01139686
v -0.00330359 -0.07221498 0.01133308
v 0.00304532 -0.09769239 0.00824336
v -0.10745381 -0.07544488 0.01317919
v -0.09212822 -0.07551253 0.01124566
v -0.08668859 -0.08363475 0.01731882
v -0.07796888 -0.12580678 0.01457434
v -0.08404396 -0.02486016 -0.03062736
v -0.10043126 -0.02004497 0.01119294
v -0.05171987 0.03486968 -0.00825026
v -0.08491427 -0.01153400 0.03550198
v -0.04868650 0.01238534 0.03155323
v 0.00339516 -0.03339458 0.03454180
v 0.03620686 0.00639506 0.00059396
v 0.04579541 0.01981982 0.00882366
v 0.03208117 0.03217131 0.02373520
v 0.13695960 0.15860470 -0.00408818
v 0.14226858 0.12417130 0.00278267
v 0.11715137 0.12972505 0.01178149
v 0.13581115 0.14147055 0.01329338
v 0.02132700 -0.12636432 0.01649756
v -0.07959057 0.01003918 -0.03296204
v -0.08761670 -0.00476201 -0.03040759
v -0.06011534 -0.03046184 -0.03993312
v 0.03386296 0.02212077 -0.02208550
v -0.00538824 -0.02117212 -0.03112418
v 0.13456398 0.16100115 -0.01520273
v 0.14287513 0.13460727 -0.01039192
v 0.05060552 0.06495618 -0.00932027
v 0.10315313 0.10185367 -0.00737185
v 0.00971683 -0.07251996 0.01218983
v 0.02570726 -0.07661513 -0.02639428
v 0.01140360 0.05230372 -0.01942239
v 0.00970444 0.01212713 -0.03981148
v 0.04271379 -0.10812218 -0.02695666
v -0.07220472 -0.02816303 -0.00251017
v -0.06288876 -0.02883281 -0.00022595
v -0.07146572 -0.05768140 -0.01941040
v -0.07023672 -0.06099342 -0.02234952
v -0.04782539 -0.06208142 -0.01739206
v -0.05250228 -0.08234842 -0.01513880
v 0.03115439 -0.05148758 -0.01356175
v -0.09304617 0.01032174 0.02008072
v -0.03131388 -0.00861774 0.03797556
v -0.04845666 0.03742944 0.00476047
v 0.00185035 -0.04162811 0.03203515
v 0.03905894 0.01427280 0.01903481
v 0.02267411 0.01041886 0.03849441
v 0.09202607 0.06230620 -0.00072894
v 0.01552511 -0.05067751 0.02619417
v 0.13297720 0.16641420 -0.00868122
v 0.10290202 0.13275397 0.00329387
v 0.13385175 0.15297960 0.01397024
v 0.16980068 0.11781312 0.00380897
v 0.00603534 -0.09038831 0.02419511
v 0.00852691 -0.09622617 0.02290698
v -0.04518018 -0.03734802 -0.02702796
v -0.06542002 -0.02073519 -0.04213097
v -0.08028015 -0.01885652 -0.03508841
v 0.03036144 -0.00059537 0.00235242
v 0.08376884 0.08095646 -0.00867969
v 0.03295848 0.00861638 -0.02794803
v 0.07019149 0.04072690 -0.00684675
v 0.15336156 0.15265509 -0.00689607
v 0.13190174 0.15401825 -0.01381843
v 0.07935463 0.10137638 -0.00076451
v 0.01814407 0.02383220 -0.03674169
v -0.07539959 -0.04247513 -0.03013808
v 0.00910668 -0.11919944 0.00785911
v -0.10534354 -0.02601857 -0.00046497
v -0.08789456 -0.07655736 0.01394297
v -0.01427543 -0.01040779 -0.03484549
v -0.11022650 -0.00781648 -0.00206330
v -0.06879047 -0.00171149 0.03876033
v -0.05683753 0.01296399 0.03203980
v -0.01991096 0.04733593 0.01495240
v 0.17968063 0.12954025 0.00235604
v 0.15597306 0.12276427 0.00354759
v -0.07119292 -0.11909265 0.02300441
v -0.07872979 -0.01249039 -0.03712737
v 0.03344956 0.07359292 0.00172454
v 0.08177017 0.06990115 -0.01005951
v 0.15232325 0.14939667 -0.00911630
v 0.15154693 0.16253114 -0.00660509
v 0.03299052 -0.10906852 -0.02375256
v 0.02248609 0.02746872 -0.03275887
v -0.07235846 -0.05042012 -0.02889830
v -0.04382404 -0.12516114 -0.03226163
v -0.01198512 -0.01160185 0.03430154
v 0.00534317 -0.00652645 0.04240848
v 0.03761701 0.00777255 0.00355538
v 0.03906893 0.00984981 -0.00204921
v 0.08168238 0.07217526 0.01633556
v 0.15134059 0.13508692 0.01236330
v 0.17253713 0.11870019 0.00424895
v -0.07813919 0.00163190 -0.03696312
v -0.03406802 -0.02669112 -0.03087920
v -0.05802206 -0.08548528 -0.03091773
v -0.02959242 -0.11756998 -0.02879810
v 0.01986055 -0.04474927 -0.03447758
v -0.06803368 -0.06446201 -0.02154897
v -0.06246249 -0.08332013 -0.02434208
v -0.09160248 -0.06019203 0.01115022
v -0.09780353 -0.09539901 0.01897199
v 0.03106379 0.01068514 -0.03161097
v 0.06964531 0.08597583 -0.00127909
v -0.03610133 0.04228733 0.00099898
v 0.00087755 0.01473430 0.04232554
v 0.15066861 0.16546741 0.00905058
v 0.00107986 -0.03350715 -0.02736497
v -0.09493840 -0.00475620 0.02311387
v -0.08346527 -0.00357567 0.03618047
v -0.00499388 -0.01650495 0.03350301
v -0.01054396 -0.02996713 0.01168695
v 0.14681858 0.16720213 0.00782921
v 0.01103068 -0.09504780 0.01052894
v 0.02699275 0.03445838 0.02498559
v -0.05969846 -0.02480790 -0.04152154
v -0.06093443 -0.01717960 -0.04223695
v -0.05056884 -0.05112434 -0.03300867
v -0.04584533 -0.11751811 -0.03125374
v -0.04093282 -0.03667787 0.00542561
v -0.05928457 -0.09047195 -0.02546845
v 0.00464995 -0.08622164 0.00886619
v -0.09456282 0.00698429 -0.01118607
v -0.10857534 -0.00517524 -0.00423679
v -0.09843364 -0.05613507 0.02117281
v -0.01722477 -0.02985720 0.02134009
v 0.02072153 -0.03192507 0.01535833
v 0.13099515 0.15559851 0.00436297
v 0.15924427 0.14751062 0.00384306
v 0.06936317 0.06804368 0.01735630
v 0.01396087 -0.10516955 0.00825810
v -0.07930412 0.02621514 -0.01226192
v -0.08323541 0.02266249 -0.01400285
v -0.06807241 -0.02409907 -0.04093892
v -0.07786081 -0.00590698 -0.03814955
v 0.13284522 0.13326350 -0.00792169
v -0.02462781 -0.03675554 -0.00261417
v -0.02159690 -0.03685483 0.00339905
v -0.00224832 -0.07438643 0.02268326
v -0.00063236 -0.08951873 0.01088640
v 0.00320151 -0.02776420 -0.01226177
v -0.09714483 -0.07827922 0.01237185
v -0.09330264 -0.08056407 0.01187881
v 0.04663250 0.07753694 0.00435086
v -0.06274644 -0.04230203 0.02275321
v -0.06666443 -0.04751707 0.03114471
v 0.00458145 -0.02381334 0.03553968
v 0.01797445 0.02926493 0.03420482
v 0.08310851 0.10869741 0.00492126
v 0.17445132 0.12586889 0.00818349
v 0.16870055 0.11557145 -0.00131918
v -0.07394202 -0.11624519 0.02392818
v -0.04730785 -0.01480641 -0.03663602
v -0.05546963 -0.03167241 0.01151157
v -0.04540299 -0.03546163 0.00943302
v 0.01971370 -0.06025253 -0.01955809
v 0.02337546 -0.01829049 0.02051558
v -0.05623658 0.03646927 -0.00049577
v -0.09772490 -0.07161910 0.03028843
v 0.03361979 -0.00325235 0.02736346
v 0.01607916 -0.00475101 0.03845739
v 0.13421109 0.15525889 0.01490001
v 0.00945487 -0.09148289 0.02271730
v -0.06023908 0.02855528 -0.01880789
v 0.07551103 0.04832529 -0.00803431
v 0.01626200 -0.04353895 0.01455301
v 0.00997028 -0.05230705 0.01091237
v 0.15100807 0.14654270 -0.01094872
v 0.00504125 0.03446032 -0.03497288
v -0.00842920 -0.02965330 -0.01101359
v -0.04893378 -0.10716827 -0.01493834
v 0.00511840 -0.03636806 -0.01847048
v 0.00828240 -0.03623825 -0.01429766
v -0.08423779 0.02084291 0.01604063
v -0.05850405 0.02956416 0.01883873
v 0.01090631 0.07081996 0.00127612
v 0.10550666 0.09590007 0.01293297
v -0.08084065 -0.10433759 0.01511874
v -0.07295893 -0.11928479 0.02454174
v 0.02464525 0.01817449 -0.03598427
v 0.11766213 0.09959513 0.00204286
v -0.08764189 -0.02327689 -0.01381517
v -0.00824066 -0.03382036 0.01583687
v 0.03496137 -0.11182697 -0.01341329
v -0.09655486 -0.06105305 0.00882687
v -0.09562181 -0.10402434 0.01414164
v -0.04411286 -0.11928656 -0.01539590
v 0.07428687 0.09085926 0.00724016
v 0.10466576 0.13523285 0.00231136
v -0.05508194 0.03162321 0.01642544
v -0.07861847 -0.02070054 0.04011699
v 0.01888864 -0.00007769 0.03941349
v 0.03410809 -0.04341936 -0.02110666
v 0.13432254 0.13887775 -0.00934751
v 0.12008311 0.11325359 -0.00591038
v 0.11501922 0.11784859 -0.00716125
v 0.04843229 0.05696879 -0.01374634
v 0.02781639 0.05343586 -0.01642966
v 0.02612239 0.02918328 -0.02826723
v 0.01846388 -0.01007926 -0.00222703
v -0.08383236 -0.08538789 0.02153504
v 0.00291690 -0.01864255 0.03592161
v 0.01964046 -0.04236776 0.02330917
v 0.12517804 0.15475699 0.00020146
v 0.14404216 0.14699644 0.01441404
v -0.07209815 -0.11680023 0.02321554
v -0.04193713 -0.02806220 -0.02880736
v 0.16063516 0.14310108 -0.00398873
v 0.11732081 0.12272636 -0.00709086
v -0.08514964 -0.03677930 0.01089101
v -0.09041093 0.01275573 -0.01535794
v -0.08576261 -0.02799869 0.00796468
v -0.10334591 -0.07712711 0.01751088
v -0.00191221 0.06091044 0.00725569
v -0.06417036 -0.04139814 0.03307203
v 0.10999715 0.09493579 0.01003792
v 0.03249867 0.00081550 -0.01378867
v 0.12950464 0.16413203 -0.01885280
v -0.03895961 -0.00518308 -0.03647363
v -0.05138762 -0.03448274 -0.00613263
v -0.00033583 -0.09547978 0.01584085
v -0.07996324 -0.12642010 0.01272311
v 0.00454708 0.01327682 0.04299966
v 0.01832004 0.02164161 0.03844765
v 0.00420986 -0.04380044 0.03231612
v 0.13043383 0.15508728 -0.00093216
v -0.07367031 -0.11417566 0.02133273
v 0.00275604 -0.05782923 0.00917902
v 0.04268047 0.05153020 -0.01644505
v 0.01450873 -0.05484622 -0.02954547
v 0.04929768 -0.12791686 -0.01649517
v 0.01617167 0.01244817 -0.03966698
v -0.04154053 -0.10273238 -0.02234557
v 0.01794181 -0.05016479 -0.01548033
v -0.09483863 -0.10583423 0.01890284
v -0.05743811 0.03506806 -0.00562223
v -0.05250253 -0.10262787 -0.01717049
v 0.00918997 -0.04610511 -0.02269927
v 0.04077972 0.07558665 0.00338860
v -0.05953274 -0.02462978 0.03505143
v 0.03154826 0.06818312 -0.00342970
v 0.09646177 0.07509741 -0.00590829
v 0.14867723 0.16341117 -0.00804591
v 0.05016913 0.07634027 -0.00203288
v 0.00265453 0.03857168 -0.03274477
v -0.10477233 -0.03476872 0.01031084
v 0.13693947 0.15356539 0.01387570
v 0.01414894 -0.09870512 0.01413629
v 0.01532029 -0.12240947 0.01846438
v -0.04191156 -0.11237708 -0.01652817
v -0.09326926 -0.00487907 -0.02079281
v -0.00087822 -0.02928698 -0.01840534
v 0.02247258 -0.11672470 0.00329304
v 0.14174329 0.14298975 -0.01071733
v 0.15431535 0.13356452 0.01092621
v 0.14794013 0.13782968 0.01411564
v 0.14601530 0.13759317 -0.01079873
v 0.16352433 0.13838840 0.00603112
v 0.13489667 0.14490300 0.01294827
v 0.14832596 0.13661438 -0.01039487
v 0.16373795 0.14038321 -0.00314089
v 0.14483806 0.15085681 0.01356587
v 0.14529631 0.14005671 -0.01108728
v 0.15670063 0.13490503 0.01041943
v 0.16348687 0.14135887 -0.00205711
v 0.16701503 0.13630924 0.00531666
v 0.16181062 0.12919410 -0.00704312
v 0.14908773 0.12344901 0.00290706
v 0.15968065 0.14504434 0.00556932
v 0.13639042 0.14475867 -0.01034534
v 0.14327917 0.12623537 0.00645938
v 0.14249015 0.12549768 0.00507825
v 0.16224840 0.13643427 0.00817475
v 0.15055783 0.12959923 0.01118219
v 0.13785408 0.15802987 -0.00051810
v 0.15545604 0.12723646 0.00869041
v 0.15786444 0.14138001 -0.00801534
v 0.14594004 0.15812203 0.01162178
v 0.14364639 0.14203054 -0.01100001
v 0.16238986 0.14471835 0.00185832
v 0.14165337 0.14443877 0.01443080
v 0.14715540 0.14328104 0.01465972
v 0.16255610 0.13104551 -0.00701021
v 0.13671318 0.14476153 0.01339573
v 0.15265253 0.13215508 0.01119278
v 0.14917520 0.13248578 0.01237572
v 0.13903965 0.12513852 -0.00221965
v 0.15491959 0.12619248 0.00801097
v 0.13507022 0.13399521 0.01257124
v 0.15384021 0.14104880 0.01293656
v 0.14765240 0.15723148 0.01147205
v 0.14482118 0.12300273 -0.00015928
v 0.13847521 0.14495502 0.01396115
v 0.14025643 0.13333902 -0.00978375
v 0.16316760 0.13722780 0.00739472
v 0.13447832 0.13905403 0.01303888
v 0.14079963 0.14763966 0.01394968
v 0.15387198 0.15667605 0.00541272
v 0.14922412 0.12455142 0.00479261
v 0.14721583 0.15628041 -0.00878744
v 0.16108988 0.14490931 0.00327431
v 0.14824484 0.13483898 0.01319389
v 0.14446892 0.14381218 0.01460104
v 0.14465500 0.12319224 -0.00084457
v 0.15880729 0.14209844 -0.00702697
v 0.14644533 0.14907216 0.01405460
v 0.15107056 0.13815984 0.01331265
v 0.15900758 0.13498823 0.00915803
v 0.14994077 0.15729962 -0.00854067
v 0.14245078 0.14972623 0.01402409
v 0.14321016 0.13791195 0.01471986
v 0.13326466 0.15877324 0.00969029
v 0.14945669 0.12843788 0.01078626
v 0.16484517 0.12140942 0.00590565
v 0.13633835 0.12901828 -0.00610935
v 0.15011203 0.13138984 -0.00877177
v 0.16917683 0.13183181 -0.00545376
v 0.15010364 0.14361008 -0.01109582
v 0.14629613 0.15187547 -0.00979082
v 0.14426868 0.15735458 0.01184088
v 0.13783999 0.15173978 0.01351784
v 0.17047077 0.13083167 0.00752404
v 0.14443108 0.14744398 -0.01064770
v 0.15029486 0.13789241 -0.01034641
v 0.14504604 0.13757946 0.01439574
v 0.16879357 0.13076754 -0.00624094
v 0.16052903 0.14484206 0.00436699
v 0.15507160 0.12151894 0.00063130
v 0.15363239 0.13324252 -0.00847931
v 0.14715077 0.12407976 -0.00402689
v 0.15959483 0.13546701 -0.00682892
v 0.13254881 0.16535774 -0.01540289
v 0.15753455 0.13989067 -0.00775652
v 0.14847949 0.15686387 -0.00877342
v 0.16395472 0.13182549 -0.00654791
v 0.14904194 0.12744179 0.01010367
v 0.16860430 0.12932865 -0.00675694
v 0.13407542 0.13557875 0.01302331
v 0.13461401 0.14840856 0.01278599
v 0.13601336 0.12508748 0.00559750
v 0.15464313 0.15675263 -0.00260160
v 0.13926619 0.13214336 -0.00929069
v 0.16123009 0.14565787 -0.00054294
v -0.04088550 0.03913091 0.00866697
v -0.03326239 -0.02605397 0.02958581
v -0.04180153 0.03573836 -0.01167494
v -0.04138165 0.00101118 0.03487419
v -0.04082163 0.03502180 0.01742242
v -0.03913417 0.03144121 -0.01948410
v -0.03397078 0.03657075 -0.01553811
v -0.03383873 0.03886915 -0.01186344
v -0.03871521 0.03400458 0.01958173
v -0.03950194 0.04032545 0.00560867
v -0.02765124 0.01442891 -0.03465239
v -0.04604193 0.02970020 0.02167127
v -0.02245115 0.02232569 -0.03180582
v -0.03656745 0.01553998 -0.03252739
v -0.02627980 0.04388129 -0.00903380
v -0.02539424 0.04068909 -0.01582255
v -0.03872943 0.01088337 0.03443116
v -0.02091543 0.02528051 0.03020538
v -0.01809232 0.03072531 -0.02810387
v -0.03203690 0.03617135 -0.01731678
v -0.01814256 0.01238451 0.03572407
v -0.02739078 0.04415649 -0.00600368
v -0.03897601 -0.03278351 0.01958494
v -0.03158431 0.04376722 0.00515673
v -0.02349582 0.00816754 -0.03669253
v -0.05105693 0.03551299 0.01015352
v 0.00033387 0.04748891 -0.02465232
v -0.02897990 0.02656772 -0.02842261
v -0.01516875 0.01886820 -0.03389418
v -0.01157271 0.03094346 0.03185770
v -0.02808407 0.01763625 -0.03329267
v -0.03913583 -0.03660450 -0.00598800
v -0.03778159 0.03961202 0.01008859
v -0.04163551 -0.02847932 0.02516914
v -0.02674642 -0.03230460 0.02130617
v -0.03797783 0.03624050 -0.01279716
v -0.04316071 0.03532884 0.01534491
v -0.04878825 0.03389850 -0.01127385
v -0.01881154 0.02982398 0.02870549
v -0.04488920 -0.01459218 0.03351829
v -0.03671784 0.03011916 -0.02192792
v -0.01386613 -0.03215156 -0.00730708
v -0.00279307 -0.02776316 -0.00597784
v -0.05036039 0.03616573 0.00817096
v -0.03476322 0.01443009 -0.03348904
v -0.04254622 0.03820372 -0.00573205
v -0.04724527 0.02756044 0.02327379
v -0.04007421 -0.03451662 0.01541354
v -0.02144620 -0.00001726 0.03784297
v -0.04644719 -0.03323001 0.01521763
v -0.03686883 -0.01628421 0.03527412
v -0.04580652 -0.01601371 0.03271367
v 0.00045014 -0.02627527 -0.00349662
v -0.02432815 0.02521182 -0.03014880
v -0.04431877 0.03613016 0.01365288
v -0.01873977 0.04797908 -0.01088442
v -0.01741528 0.04992108 -0.00862020
v -0.04476497 -0.02105401 0.03069051
v -0.01600622 -0.00564053 0.03628535
v -0.04471632 0.00944438 0.03274770
v -0.03695313 0.02525222 -0.02656162
v -0.04309961 0.00320934 0.03412743
v -0.04470149 0.02692155 -0.02152368
v -0.03428559 0.04020039 -0.00866367
v -0.02378115 0.03850682 0.02048308
v -0.03854649 -0.03672334 -0.00424924
v -0.02734730 0.04229499 -0.01086782
v -0.00542072 0.03984652 -0.03021777
v -0.03120776 0.03063966 -0.02439812
v 0.03133852 0.00151066 0.00175415
v -0.03235191 -0.03534085 -0.01670403
v -0.03149597 0.04350241 0.00675934
v -0.03878688 0.01668864 -0.03145676
v -0.01639682 0.03117065 0.02924737
v -0.01664648 0.03881082 0.02426536
v -0.04193458 0.03343330 -0.01535511
v -0.02636551 -0.03542505 -0.01380456
v -0.02537230 0.01378614 -0.03511820
v -0.03967414 -0.03519057 0.01342863
v -0.00499120 0.03501378 -0.03302782
v -0.03819076 -0.01221178 0.03582303
v -0.04615674 -0.02237478 0.02915008
v -0.02961386 0.04327407 -0.00471048
v -0.02617043 0.03244565 -0.02482395
v -0.01403007 0.02439961 -0.03238839
v -0.01423305 0.04457119 -0.02056756
v -0.01420818 0.04593108 0.01985946
v -0.03184993 -0.03457488 -0.01913849
v -0.01607887 0.01292265 0.03607839
v -0.02617960 0.04618796 -0.00033652
v -0.04408241 -0.03130120 0.02057238
v -0.03593215 0.03753999 -0.01233755
v -0.02068400 0.01967617 -0.03322199
v -0.02683847 0.03884048 -0.01729611
v -0.02261711 0.03149932 -0.02660540
v -0.04122725 -0.02996044 0.02367559
v -0.01112996 -0.02996432 -0.01370515
v -0.03725892 -0.00221592 0.03664621
v -0.03472541 0.00930661 -0.03542493
v -0.02436913 0.03199701 -0.02562890
v -0.03951314 -0.00876458 0.03581069
v -0.03987774 -0.00128912 0.03573465
v -0.00448727 0.04803193 -0.02269341
v -0.04030110 0.01910244 -0.02968457
v -0.01228524 -0.03161957 0.00068094
v -0.03104155 -0.03661684 -0.00669705
v -0.04164363 0.03739654 -0.00870627
v -0.02607328 0.03584419 -0.02165251
v -0.03299569 -0.03639079 -0.00905456
v -0.01680368 -0.01196810 0.03568150
v -0.03621634 0.00522774 0.03624950
v -0.05978945 0.03565511 -0.00169553
v -0.01956840 0.02502196 -0.03076610
v -0.04483345 0.02099964 -0.02645330
v -0.04672826 -0.00350401 0.03343243
v -0.01653693 0.04011340 -0.02276215
v -0.03421146 0.03051060 -0.02276270
v -0.03144540 0.04264697 -0.00474463
v -0.02626737 0.02565405 -0.02946232
v -0.03635914 0.02341896 -0.02834068
v -0.05216121 0.03301164 -0.01151401
v -0.01256601 0.04944089 -0.01622885
v -0.03765658 -0.01446046 0.03558046
v -0.02661528 -0.02975245 0.02577921
v -0.03629547 -0.03686399 -0.00229643
v -0.04105430 -0.03566968 0.01077436
v -0.03371846 -0.03045335 0.02452629
v -0.02003102 -0.03106775 -0.02177427
v -0.03105268 -0.03584943 0.01262245
v -0.04549763 -0.01231338 0.03374774
v -0.02639169 -0.03103245 0.02352330
v -0.04095804 0.03196252 -0.01768408
v -0.04486697 -0.00930473 0.03408191
v -0.00383699 0.03735963 0.03042456
v -0.01844492 0.04203368 0.02064684
v -0.03085949 0.02709637 -0.02754992
v -0.03559493 -0.00960201 0.03683633
v -0.02624028 0.04103852 0.01649975
v -0.00983283 -0.03091018 -0.00413070
v -0.02574270 -0.03491311 0.01529427
v -0.05977364 0.03574633 -0.00044824
v -0.04244504 0.02547668 -0.02397716
v -0.03250550 0.02106232 -0.03090525
v -0.02845725 -0.00018918 0.03838812
v -0.02835719 -0.02726710 0.02925435
v -0.01264408 0.04498583 -0.02153294
v -0.03298648 -0.03461765 0.01676078
v -0.04152635 0.02857953 -0.02135503
v -0.03709519 0.03877859 0.01305038
v -0.01419655 -0.01265840 0.03416510
v -0.03104947 0.00798300 -0.03628923
v -0.02016740 -0.02802813 -0.02620346
v -0.01924913 0.03635787 0.02443389
v -0.01803547 0.04436307 -0.01690938
v -0.01575769 0.03622837 0.02657232
v -0.03196530 -0.00502974 0.03799122
v -0.02067073 0.03104859 -0.02732225
v -0.04183374 -0.03601982 0.00883670
v -0.03034974 -0.00006499 -0.03769759
v -0.01318712 -0.02155644 -0.02787063
v -0.02229375 0.03203793 0.02570737
v -0.03653654 0.04022328 -0.00622805
v -0.01737440 -0.01773748 0.03377637
v 0.03204161 0.00234752 0.00123465
v -0.04214096 -0.00795091 0.03490776
v -0.04157265 0.00965921 0.03378582
v -0.04525998 0.03789329 0.00701929
v -0.00538987 0.04275612 0.02615319
v -0.05186342 0.03684314 0.00362035
v -0.02538010 0.04767711 0.00534548
v -0.03282173 0.03856280 0.01613462
v -0.02827426 0.00976245 0.03664824
v -0.02767849 -0.03605309 -0.01142192
v -0.03810110 -0.03679497 0.00468779
v -0.02924614 -0.03647932 0.00989215
v -0.00281168 0.04182504 0.02727965
v -0.02290848 0.04555129 0.01389564
v -0.01298550 0.02705017 -0.03230612
v -0.03297282 0.00833704 -0.03601422
v -0.03053869 0.02022602 0.03233359
v -0.01308620 0.03935187 -0.02636697
v -0.01768251 0.01879348 -0.03361985
v -0.03563404 0.01206622 0.03491601
v -0.04914811 0.03204169 -0.01449117
v -0.01682735 0.02450917 0.03242721
v -0.02036615 0.04018031 -0.01965996
v -0.02542258 0.03642935 0.02114741
v -0.03625622 -0.02532531 0.02986143
v -0.02694661 0.04462622 0.00947858
v -0.02982283 0.02009875 -0.03194905
v -0.02286364 0.02323794 0.03108528
v -0.03125582 0.03316653 -0.02169569
v -0.00630067 0.04414946 -0.02624979
v -0.02410200 0.02243596 0.03129568
v -0.01175944 0.02553911 0.03436495
v -0.02810985 0.03212008 0.02416665
v -0.02541593 0.04796269 0.00373712
v -0.04432902 -0.02755405 0.02533039
v -0.01568944 0.01983344 0.03487583
v -0.01222834 0.04720173 0.01976254
v -0.05431541 -0.03379852 -0.00417328
v -0.03520878 -0.03699511 -0.00097754
v -0.04391045 -0.03646456 0.00365429
v -0.00219184 0.03418364 -0.03418750
v 0.07740205 0.06445293 -0.01080886
v 0.07138322 0.06749276 -0.01068134
v 0.09827062 0.11842559 0.00728689
v 0.08614275 0.07436240 -0.00940122
v 0.07775320 0.06268472 -0.01068470
v 0.10135862 0.10681976 0.01288555
v 0.09471177 0.08319469 -0.00816470
v 0.06243974 0.04674083 -0.01357654
v 0.06792486 0.05606116 -0.01244439
v 0.10019091 0.10785535 0.01217078
v 0.09170778 0.06816305 0.01011282
v 0.08653590 0.08605336 -0.00779416
v 0.08038517 0.07617985 -0.00945773
v 0.06153948 0.04743769 -0.01385416
v 0.10206807 0.10589305 0.01328292
v 0.11805183 0.11335225 -0.00657184
v 0.12431380 0.12543872 -0.00715089
v 0.06175639 0.05975424 -0.01226900
v 0.06101699 0.04888069 -0.01400714
v 0.05055258 0.04814298 -0.01589677
v 0.10160806 0.08806103 0.01282615
v 0.07305498 0.07770480 0.01444033
v 0.03779366 0.05264514 0.02154642
v 0.08582418 0.06777198 -0.00879360
v 0.12433527 0.12234846 -0.00674741
v 0.06960773 0.05492067 -0.01220410
v 0.09903524 0.09582099 0.01420325
v 0.05084363 0.04530889 -0.01628842
v 0.11256704 0.10373431 -0.00637543
v 0.06950675 0.06398383 0.01784809
v 0.10352795 0.10558605 0.01350904
v 0.06265640 0.05753152 -0.01274251
v 0.07731596 0.06711264 -0.01062461
v 0.09340078 0.08700954 0.01488985
v 0.10362900 0.11403742 0.01131978
v 0.11175698 0.13230847 0.00687857
v 0.06887391 0.06758876 -0.01035708
v 0.06505838 0.07079112 0.01543435
v 0.12085506 0.14107840 0.00860175
v 0.05243007 0.05737804 0.01996092
v 0.10424713 0.12881292 0.00605454
v 0.11817428 0.11084245 0.01068887
v 0.10615636 0.10594112 -0.00727023
v 0.10782557 0.12791973 -0.00070568
v 0.08048592 0.05891949 -0.00931538
v 0.11197789 0.10471593 -0.00670644
v 0.05310523 0.05892400 -0.01273566
v 0.05646936 0.03209735 -0.01058184
v 0.08742456 0.08093220 -0.00891386
v 0.10475229 0.10425565 0.01373484
v 0.06181144 0.03332831 0.00697983
v 0.07818883 0.06870946 0.01666246
v 0.07154997 0.07767949 0.01344104
v 0.06176699 0.04516953 -0.01356244
v 0.09209336 0.08967689 -0.00777561
v 0.05818124 0.05175645 -0.01419807
v 0.09224420 0.10051613 0.01162457
v 0.09464306 0.08655462 0.01471517
v 0.09756871 0.12151726 0.00633607
v 0.10755609 0.10554845 -0.00727560
v 0.09035514 0.10121872 0.00992797
v 0.06067208 0.06446180 -0.01049821
v 0.11206535 0.11400974 -0.00716079
v 0.05936671 0.05003405 -0.01424479
v 0.11756512 0.11170320 0.01140771
v 0.07629841 0.06773844 -0.01070324
v 0.09376666 0.08842015 -0.00801339
v 0.03772384 0.06080150 0.01373349
v 0.03760049 0.04039097 0.02207238
v 0.09776857 0.09752518 0.01408980
v 0.05148740 0.04752733 0.01990657
v 0.07716765 0.07914018 0.01517866
v 0.06639536 0.07011189 0.01626564
v 0.05268903 0.04344441 -0.01588745
v 0.02472149 0.04946002 0.02243344
v 0.05956529 0.06398515 0.01807431
v 0.05310748 0.05571290 0.02032662
v 0.12547325 0.13458945 0.01246620
v 0.08167924 0.05861098 -0.00858630
v 0.06841778 0.06509091 0.01802406
v 0.12283171 0.11705662 -0.00587671
v 0.08077301 0.07413969 -0.00983559
v 0.09512447 0.08056198 0.01376440
v 0.07212318 0.04515789 -0.00864109
v 0.12369441 0.11680515 -0.00532115
v 0.05308598 0.05641878 -0.01358571
v 0.09444812 0.09928450 0.01294079
v 0.06224563 0.03416360 0.00816691
v 0.09936522 0.11442885 0.00864826
v 0.07267828 0.04501222 0.00878964
v 0.11183960 0.14143501 0.00346568
v 0.12415688 0.12393229 -0.00692696
v 0.11196316 0.13009733 0.00818164
v 0.08690308 0.08558653 0.01497392
v 0.09813093 0.11506455 -0.00060241
v 0.06790439 0.06986261 -0.00940120
v 0.05281354 0.02478013 0.00207373
v 0.08237659 0.05782628 -0.00794420
v 0.09515588 0.09831482 0.01351471
v 0.05818260 0.06455816 0.01731936
v 0.05200261 0.06991112 0.00923163
v 0.02936839 0.05803769 -0.01339432
v 0.09388602 0.10706586 0.00902865
v 0.10914309 0.09160377 0.00855712
v 0.10408634 0.11905693 0.00907855
v 0.09115912 0.10101249 0.01074773
v 0.05314846 0.02429145 -0.00414751
v 0.09458929 0.08624673 -0.00800338
v 0.10888911 0.10417778 -0.00719357
v 0.09859974 0.11532928 0.00818992
v 0.07944395 0.05738272 0.01278254
v 0.11008578 0.12331644 0.01069795
v 0.09330343 0.10802771 0.00852397
v 0.03084209 0.05617993 -0.01465692
v 0.05963185 0.03071328 0.00290415
v 0.05326167 0.04200759 -0.01570350
v 0.07005224 0.04847774 -0.01125504
v 0.09240692 0.10880096 0.00807648
v 0.08798632 0.05981949 -0.00429839
v 0.06677218 0.03888525 0.00870453
v 0.09435400 0.08135464 0.01431261
v 0.01277291 0.04911250 -0.02204451
v 0.06642736 0.03940431 0.00996689
v 0.05296532 0.02519509 0.00394760
v 0.06881898 0.03929600 0.00489111
v 0.08154278 0.05143336 -0.00424735
v 0.07203217 0.07161468 0.01664783
v 0.00618027 0.06502789 0.00655011
v 0.08490149 0.09508935 0.01015145
v 0.07873322 0.05066424 0.00768736
v 0.01010720 0.05522395 -0.01634190
v 0.11732688 0.11552460 -0.00694867
v 0.11038146 0.11163114 0.01338772
v 0.12859763 0.12581165 0.01087470
v 0.05012252 0.02516089 -0.00994171
v 0.08735754 0.10159656 0.00828306
v 0.08460478 0.05713717 0.00752288
v 0.09145290 0.11863558 0.00485819
v 0.12373860 0.14248027 0.00989503
v 0.11049045 0.08961685 -0.00045855
v 0.08021618 0.07833584 -0.00894763
v 0.08401797 0.05748501 0.00858678
v 0.11849605 0.10961618 0.00979293
v 0.04507849 0.03569615 0.02056436
v 0.08881468 0.07984715 0.01546916
v 0.08815987 0.07514405 0.01523129
v 0.05012646 0.03348698 0.01800167
v 0.03609697 0.05647781 0.01859724
v 0.11346738 0.12515666 -0.00504368
v 0.12460761 0.13925043 0.01138216
v 0.07732034 0.04798684 0.00496407
v 0.01064042 0.05136753 0.01932011
v 0.12434127 0.12786940 -0.00713534
v 0.09326636 0.10027125 0.01223520
v 0.09643460 0.12177306 0.00585933
v 0.06164798 0.06219723 -0.01145059
v 0.06090963 0.06026980 0.01914601
v 0.00409013 0.05626595 -0.01386771
v 0.10926561 0.12778613 -0.00115825
v 0.07786135 0.07795535 0.01573924
v 0.10918679 0.11296860 0.01317041
v -0.06898305 -0.02230902 0.04003315
v -0.06879941 -0.04403872 0.01509844
v -0.06972902 -0.04357061 0.01401464
v -0.07391597 -0.05217598 0.01642262
v -0.07491611 -0.05182488 0.01536252
v -0.06771259 -0.04493015 0.01703207
v -0.06706296 -0.04511048 0.03332761
v -0.09723301 -0.08175699 0.02664982
v -0.09709524 -0.09212551 0.02286716
v -0.08494245 -0.06107178 0.01249363
v -0.09897772 -0.08400431 0.02324119
v -0.09451228 -0.08568744 0.02739483
v -0.09339473 -0.08558191 0.02779103
v -0.09035497 -0.09368992 0.02631949
v -0.09152427 -0.09389275 0.02642256
v -0.06213559 -0.03785878 0.01718707
v -0.08951182 -0.06754227 0.01145446
v -0.07574908 -0.05039097 0.01397117
v -0.07224312 -0.05232046 0.03292962
v -0.09535590 -0.08579069 0.02691872
v -0.09218126 -0.08580457 0.02788256
v -0.09108066 -0.08556876 0.02779716
v -0.07948148 -0.06871080 0.02709395
v -0.06677634 -0.04470216 0.01786108
v -0.05367079 -0.02279247 0.03059672
v -0.09176618 -0.07789971 0.03020114
v -0.09328955 -0.07821742 0.02988969
v -0.09354348 -0.08907420 0.01246280
v -0.10018955 -0.08024449 0.01426424
v -0.08508860 -0.06886082 0.01457772
v -0.07444970 -0.04465739 0.01181994
v -0.09982430 -0.08271230 0.02250591
v -0.07562934 -0.04422495 0.01123821
v -0.07876454 -0.06173362 0.01918131
v -0.08866453 -0.09280916 0.02581636
v -0.09634447 -0.09244594 0.02379953
v -0.09611156 -0.08179007 0.01243646
v -0.05596976 -0.02999149 0.02887832
v -0.09505021 -0.08924299 0.01282877
v -0.08070821 -0.05650201 0.01360608
v -0.09279364 -0.09338262 0.02619294
v -0.08837852 -0.06853338 0.01191649
v -0.09387638 -0.09352971 0.02579116
v -0.08345697 -0.10309623 0.01218918
f 1 4062 1425
f 1467 1425 1477
f 1470 1475 4356
f 20 18 1471
f 6 19 1479
f 1480 1478 11
f 1480 1426 1478
f 4065 1426 1480
f 11 1478 4287
f 1478 1479 4287
f 10 1450 11
f 1481 10 11
f 12 4012 1483
f 1484 1487 1486
f 1483 1484 1485
f 4013 12 1485
f 1507 14 1764
f 1764 14 1487
f 1490 1764 15
f 1497 1767 1766
f 1497 1492 1493
f 1479 17 4287
f 16 17 19
f 1494 19 6
f 22 1495 21
f 24 4318 1502
f 4318 1516 25
f 1501 35 1503
f 4068 4131 26
f 29 28 1510
f 1508 34 1506
f 32 34 1509
f 1515 29 30
f 4175 29 1515
f 4482 2559 2558
f 1515 1564 4404
f 4254 2561 4482
f 37 25 127
f 1502 1517 1518
f 1518 24 1502
f 1551 1518 1517
f 1548 38 1520
f 1728 42 1520
f 1530 1529 1704
f 1530 1703 1531
f 1533 1534 1535
f 1533 1531 1701
f 4176 4783 1534
f 4783 1536 1534
f 1536 4780 4607
f 4780 1537 4607
f 4607 1540 1536
f 43 4774 1693
f 4774 1538 1693
f 1701 1537 4176
f 1540 1541 1536
f 44 1760 1546
f 1522 4651 45
f 4651 39 45
f 45 4649 4256
f 4649 1547 4256
f 4134 1548 46
f 1585 4319 1551
f 1554 1556 1552
f 1763 1556 1558
f 1557 1554 1559
f 4421 1557 1559
f 57 4436 1559
f 4421 4436 150
f 1558 150 1763
f 1559 58 57
f 1560 1561 1511
f 1562 4626 1561
f 48 4644 4626
f 4644 1561 4626
f 1511 4756 4289
f 4756 1565 4289
f 1564 4177 1513
f 2603 1513 4177
f 4177 49 603
f 48 4626 4594
f 4626 1562 4594
f 4594 50 48
f 1566 4601 1586
f 57 4636 4601
f 4636 1586 4601
f 1567 1574 1568
f 2612 4672 1570
f 2604 4707 4672
f 4707 1570 4672
f 1571 4613 1572
f 1568 4661 4613
f 4661 1572 4613
f 1575 1576 1577
f 60 1576 4320
f 55 54 1579
f 1583 1582 1580
f 56 1581 1683
f 1587 51 59
f 1574 1567 1588
f 4320 62 61
f 1581 54 55
f 1593 1592 1584
f 1593 56 4460
f 1603 64 4178
f 1601 1599 66
f 1608 4422 1598
f 1599 1601 1600
f 1606 1599 1600
f 4178 64 1602
f 104 64 1603
f 1594 69 1603
f 64 1604 1602
f 1630 1682 1679
f 1598 1606 1608
f 1611 70 1608
f 1611 71 70
f 1606 1610 1611
f 73 1612 78
f 1680 1604 1605
f 76 1615 1613
f 77 1614 1615
f 2649 78 1618
f 1619 4485 80
f 76 75 1624
f 82 1624 1626
f 1623 82 83
f 1666 84 85
f 1631 84 1630
f 1647 83 87
f 87 1635 1642
f 1635 1638 1641
f 1634 4861 1627
f 4861 1635 1627
f 1666 4941 1634
f 4941 1636 1634
f 1638 1636 1639
f 1653 88 1640
f 1642 1635 1641
f 1644 81 90
f 90 1646 1644
f 81 1647 1648
f 1652 90 1648
f 1654 91 1649
f 1639 1653 1637
f 91 93 1656
f 1658 1649 1659
f 4135 4950 95
f 4950 96 95
f 2502 4864 1662
f 4864 2020 1662
f 88 1636 1664
f 1667 4816 1664
f 4816 1665 1664
f 1669 1670 100
f 1666 85 1667
f 1674 102 1673
f 102 1676 556
f 1678 103 1672
f 1675 1677 4207
f 1677 103 563
f 1681 108 4179
f 1594 106 1689
f 1686 104 1684
f 1681 1688 108
f 2507 107 2508
f 105 2508 1689
f 1691 4654 1695
f 1692 4776 4654
f 4776 1695 4654
f 1695 4776 1587
f 4776 1692 1587
f 1587 4785 1695
f 4785 1541 1695
f 1696 4663 1694
f 4663 1693 1694
f 2519 565 1697
f 1691 4664 110
f 4664 1698 110
f 1699 1698 1694
f 562 1699 1697
f 111 4784 112
f 4784 1538 112
f 1538 4788 113
f 4788 1539 113
f 267 112 113
f 114 4638 1725
f 4638 1704 1725
f 1706 115 1707
f 1708 1709 1702
f 1709 1708 1711
f 1717 115 1716
f 1720 1721 1713
f 1950 1713 1721
f 1719 117 250
f 117 116 118
f 119 4334 117
f 118 215 120
f 123 122 1725
f 123 4288 1726
f 125 1727 1726
f 1729 1728 127
f 130 129 1516
f 35 1732 1503
f 1731 35 8
f 4437 1732 1731
f 1735 1732 1795
f 1795 4437 1734
f 4437 1731 1733
f 8 4255 131
f 131 4255 133
f 1734 1733 167
f 173 4955 1735
f 4955 130 1735
f 130 4955 134
f 4955 173 134
f 1795 1794 1735
f 3900 1738 3898
f 136 137 138
f 1810 136 1739
f 1739 4980 1811
f 4980 2510 1811
f 1740 1737 3896
f 3896 3901 1740
f 1737 1740 140
f 144 142 1371
f 143 1370 142
f 145 143 4137
f 1744 1746 566
f 1745 3931 1370
f 1749 1744 1743
f 146 1817 186
f 1750 4989 4968
f 4989 2511 4968
f 4968 1751 1750
f 147 1754 1752
f 1752 1753 1751
f 1761 58 1758
f 150 1507 1763
f 1507 1764 1763
f 1766 1767 1765
f 129 1791 1768
f 41 4719 4629
f 4719 128 4629
f 4629 126 41
f 1772 153 1773
f 4138 155 154
f 1773 156 1908
f 1782 1777 4391
f 1777 1778 4391
f 1779 159 1777
f 1829 4973 1910
f 4973 160 1910
f 1777 1782 1783
f 1784 1786 4461
f 163 164 1782
f 1788 165 1787
f 1788 4992 165
f 4992 1789 165
f 1789 166 165
f 175 1734 167
f 169 1800 1799
f 1804 169 4088
f 1446 1804 4088
f 1727 1906 4184
f 1844 4623 1776
f 155 4685 4623
f 4685 1776 4623
f 1791 174 4486
f 173 174 134
f 174 1841 4486
f 1841 166 4486
f 176 1794 1796
f 1798 175 179
f 1805 1803 182
f 1809 183 1808
f 1739 1811 1814
f 1811 1815 184
f 1812 1811 184
f 1811 1812 1813
f 1813 1831 1814
f 1831 1813 1826
f 1812 1821 1822
f 186 1821 1812
f 140 4962 185
f 4962 2514 185
f 1816 1373 187
f 1824 1818 1823
f 1818 1819 190
f 191 194 192
f 192 1827 1826
f 194 1828 1830
f 1823 188 1824
f 1829 194 1830
f 195 1826 1827
f 1832 1831 196
f 195 196 1826
f 201 178 1796
f 202 1836 178
f 198 1911 200
f 1839 1836 203
f 177 1840 1841
f 1844 1776 1845
f 1846 4713 230
f 4713 1848 230
f 1848 4713 204
f 1846 4720 4713
f 4720 204 4713
f 1849 204 205
f 1867 1848 1849
f 1854 1849 4372
f 3573 4729 1850
f 4729 206 1850
f 1850 206 205
f 4181 205 206
f 209 206 1901
f 4182 1851 207
f 209 1852 4182
f 4182 1897 1851
f 1856 207 1851
f 207 1853 4372
f 211 210 1862
f 1861 212 211
f 3676 1863 1862
f 1864 1873 3676
f 212 1861 1723
f 212 1872 1868
f 1867 1866 1868
f 1863 1874 4357
f 1889 1883 1879
f 1889 1891 1887
f 224 1894 1235
f 1857 1896 3681
f 4358 1857 3681
f 4183 1898 1900
f 1898 227 1899
f 227 1898 1897
f 227 1852 228
f 3651 1203 1900
f 1901 228 1852
f 1907 4591 1845
f 4591 1844 1845
f 1902 4734 230
f 4734 1845 230
f 170 214 1724
f 214 1905 1871
f 159 1909 1778
f 1778 1909 3945
f 1909 159 1780
f 1913 1780 231
f 195 1827 1911
f 195 1911 198
f 196 195 198
f 193 1824 188
f 193 188 1912
f 44 1586 1760
f 1914 1545 232
f 232 1587 59
f 1928 238 233
f 1918 1919 1915
f 1915 1919 1955
f 1924 240 1921
f 223 2103 1922
f 1923 1922 242
f 694 2817 4373
f 244 1928 233
f 1935 1919 239
f 1929 239 4406
f 1929 4406 1937
f 4406 1934 1937
f 1963 244 243
f 1931 1930 1920
f 247 1928 1963
f 246 248 1934
f 1936 1939 1935
f 1940 221 1954
f 1884 1880 220
f 1885 1941 1943
f 1942 1943 1941
f 1880 1884 119
f 1941 1959 4407
f 252 1721 1948
f 1945 4407 1949
f 1950 1979 1713
f 1961 1962 1956
f 1956 1939 1936
f 1974 1957 253
f 254 1938 1957
f 1958 1959 1961
f 1961 1956 1958
f 693 255 1965
f 1963 1967 256
f 256 1968 257
f 1968 1966 259
f 4291 260 256
f 4291 1972 1969
f 262 1970 1972
f 4259 265 4140
f 1972 264 1973
f 1952 1953 4469
f 1981 4352 1985
f 1989 1987 4185
f 1983 1989 4139
f 281 1984 1976
f 1977 268 1983
f 281 268 1977
f 4394 269 1990
f 4394 270 2503
f 2494 1991 271
f 1995 271 4394
f 1990 1995 4394
f 273 275 282
f 273 276 1996
f 278 4186 1996
f 280 248 1999
f 4292 279 2000
f 2001 1969 275
f 4361 274 4260
f 1973 264 2003
f 284 2006 2007
f 2011 4890 305
f 4890 4187 305
f 2029 4916 4913
f 4916 286 4913
f 4913 289 2029
f 285 2012 2015
f 2014 2015 2016
f 287 2014 288
f 2014 2016 2018
f 287 288 4206
f 2020 4864 2021
f 4864 2502 2021
f 98 1662 2020
f 2016 2012 2022
f 2016 2024 2023
f 2024 2027 2025
f 289 296 2032
f 2031 2032 294
f 290 2038 2027
f 1658 4831 2035
f 4831 2390 2035
f 95 96 4376
f 2390 4866 4376
f 4866 2034 4376
f 290 4904 2039
f 4904 2043 2039
f 294 2044 290
f 293 4201 2389
f 2042 293 2036
f 297 295 2047
f 2055 4930 2050
f 4930 2040 2050
f 2048 2051 2049
f 2047 298 297
f 298 2047 299
f 2047 4141 299
f 2049 300 301
f 2054 301 554
f 2063 2061 2062
f 2833 2062 2061
f 2836 2850 2062
f 2850 2521 2062
f 300 2051 2064
f 2901 4900 305
f 4900 2913 305
f 2010 4844 2009
f 2046 4881 4844
f 4881 2009 4844
f 2075 2074 310
f 314 2073 2074
f 2079 314 2074
f 2075 313 2074
f 312 1282 2087
f 2082 314 315
f 315 319 2082
f 2083 316 2092
f 2081 2085 2090
f 2087 529 2086
f 529 520 2086
f 2090 510 508
f 2083 4294 2093
f 2098 1892 2094
f 1891 2098 2095
f 2099 2093 4294
f 2093 2099 320
f 2099 2100 4449
f 321 3025 2101
f 509 2446 323
f 2091 323 2106
f 4294 2106 321
f 2106 323 2105
f 2107 4587 324
f 4587 2115 324
f 2109 326 2110
f 329 2111 819
f 329 342 2111
f 330 329 2134
f 344 2134 329
f 4261 2135 349
f 2112 324 2115
f 2122 336 2121
f 2216 2121 336
f 2123 4189 338
f 338 2124 2125
f 2123 2125 4359
f 339 2212 4359
f 338 334 2126
f 340 2126 334
f 2109 2110 342
f 2129 2128 2131
f 2125 2157 339
f 2135 2134 344
f 2149 2136 345
f 2150 2136 344
f 351 3058 393
f 346 2141 2139
f 2154 2142 348
f 2149 2143 347
f 350 349 2149
f 2140 2144 350
f 350 4261 349
f 2145 2133 2148
f 2143 4295 353
f 2155 2154 2152
f 2151 2153 2152
f 2153 354 2152
f 3060 2155 356
f 355 354 3059
f 2146 4521 2145
f 4521 2133 2145
f 339 2157 362
f 360 361 2159
f 359 2159 2160
f 361 2158 2211
f 395 2160 2162
f 2161 362 2160
f 2164 2163 2165
f 2166 363 2167
f 4450 2173 2172
f 2174 2237 365
f 410 2237 2175
f 367 2176 368
f 2180 2176 2178
f 2178 4518 4517
f 4518 2426 4517
f 4517 370 2178
f 371 2180 2182
f 2183 2180 2179
f 2183 2182 2180
f 372 3092 2181
f 375 4927 376
f 4927 2313 376
f 2192 374 377
f 377 374 2188
f 2177 2190 374
f 374 2190 2188
f 2189 2188 2190
f 2188 2189 2191
f 2187 2295 2244
f 2315 2184 2195
f 371 2182 856
f 866 2197 2198
f 2199 4296 2197
f 4435 3115 2198
f 383 4834 2199
f 4834 2249 2199
f 2200 3087 3115
f 4190 383 2203
f 2196 384 2204
f 385 870 2208
f 2206 2208 2207
f 2201 4948 4852
f 4948 2206 4852
f 4852 383 2201
f 2265 4898 386
f 4898 2205 386
f 390 388 4395
f 2269 388 389
f 422 2273 4191
f 2212 339 397
f 2213 2212 4192
f 362 396 397
f 2214 2215 398
f 400 4566 4524
f 4566 2281 4524
f 4524 2214 400
f 424 401 2218
f 2224 2218 401
f 2221 2223 2219
f 2307 2223 2222
f 2218 413 4196
f 2225 395 402
f 403 402 2228
f 402 2226 2227
f 2231 4193 407
f 2232 407 2233
f 2165 409 408
f 2171 2236 2170
f 2166 2167 2235
f 4142 414 2234
f 2234 2240 411
f 2242 4197 412
f 2243 4932 415
f 4932 2256 415
f 2257 4832 2245
f 4832 2235 2245
f 2245 416 2257
f 366 2247 2248
f 418 2248 381
f 2250 4886 2202
f 4886 416 2202
f 2264 4905 2250
f 4905 2252 2250
f 416 2251 2257
f 4263 2252 2253
f 2259 2251 4263
f 2257 2259 2256
f 2258 2262 419
f 2259 4263 2260
f 419 2261 2260
f 2263 4195 2258
f 2314 4195 420
f 438 4835 2323
f 2321 4936 4835
f 4936 2323 4835
f 2320 4858 420
f 4858 438 420
f 2263 444 2348
f 2254 2253 2267
f 4198 2267 2266
f 2207 2208 390
f 2271 2207 390
f 388 2269 2209
f 2327 4911 2271
f 4911 387 2271
f 4191 3165 422
f 422 3165 2274
f 2217 2277 2275
f 2121 2216 2275
f 2277 2217 2276
f 2280 2278 423
f 2278 2281 423
f 2286 333 2279
f 332 4375 331
f 2393 2116 331
f 426 2286 2287
f 428 4143 427
f 2289 2280 423
f 423 4552 2288
f 4552 4451 2288
f 2288 2292 428
f 2292 4536 2391
f 4536 2425 2391
f 4493 2282 4196
f 414 2296 4297
f 2299 2297 4264
f 379 4571 4502
f 4571 2191 4502
f 4502 429 379
f 2391 2291 2292
f 2297 2299 2298
f 2231 433 2230
f 2302 2303 2301
f 2306 2232 412
f 4408 4297 4493
f 2310 2308 436
f 437 2301 436
f 2261 2262 2311
f 438 2312 2314
f 2323 2312 438
f 2316 440 903
f 4427 441 2319
f 2345 2322 2321
f 2268 2272 2329
f 2267 4198 2325
f 2272 4896 2329
f 4896 2328 2329
f 449 2331 2335
f 4199 2330 4423
f 449 2334 2330
f 2334 4423 2330
f 2334 2332 4423
f 447 4843 4199
f 4843 445 4199
f 4423 2332 2342
f 2329 4899 4850
f 4899 459 4850
f 4850 446 2329
f 458 4929 2350
f 4929 2327 2350
f 2336 2337 2338
f 2380 451 2338
f 450 2336 2338
f 452 451 2380
f 2336 450 448
f 2340 2063 453
f 2340 2339 454
f 2063 303 2061
f 2347 457 304
f 2348 2344 2320
f 2320 2344 2345
f 2333 2349 2359
f 463 458 2350
f 458 2357 2351
f 460 2354 2353
f 2354 460 461
f 2354 2355 2361
f 2361 2355 2356
f 2361 2353 2354
f 463 2357 458
f 459 4922 464
f 4922 2357 464
f 4434 2352 2353
f 2358 465 2359
f 2333 2359 466
f 2335 2331 466
f 2384 467 2358
f 2357 468 2384
f 2353 2361 4434
f 2362 2356 2365
f 2364 470 2367
f 2361 2362 2366
f 2366 468 4434
f 2365 2375 92
f 2370 2372 469
f 2377 1645 89
f 2378 470 2379
f 2377 2378 2379
f 2382 2380 471
f 2491 2060 2341
f 2381 2382 2058
f 469 2371 2384
f 4337 4845 2042
f 4845 293 2042
f 2383 4815 2386
f 4815 2390 2386
f 2291 476 2290
f 2391 2423 476
f 2284 4541 4504
f 4541 2401 4504
f 4504 425 2284
f 2423 4519 2284
f 2401 4541 4519
f 4541 2284 4519
f 4375 4573 4547
f 4573 425 4547
f 4547 2393 4375
f 2394 4589 2393
f 4589 2395 2393
f 479 2396 480
f 2393 2395 2116
f 2395 4589 4454
f 4589 2394 4454
f 478 2398 2396
f 2397 2408 3217
f 481 2397 2398
f 2402 2398 2400
f 485 2403 2404
f 2404 484 485
f 483 2403 485
f 485 484 4321
f 2406 486 2407
f 2405 487 481
f 488 2409 2410
f 2409 2411 2410
f 2414 2415 2413
f 2419 2441 492
f 2440 492 2441
f 2420 2422 2421
f 2401 2422 482
f 2392 505 2422
f 2426 4545 493
f 4545 4203 493
f 369 2428 2427
f 2430 2429 2432
f 2432 2429 2433
f 2434 2429 2431
f 497 496 3248
f 2414 2436 490
f 4204 496 497
f 501 2439 502
f 2421 504 2440
f 4339 2413 2415
f 2444 505 501
f 506 4522 2445
f 507 4534 4522
f 4534 2445 4522
f 2445 4322 494
f 511 512 2447
f 513 516 2449
f 2454 513 2450
f 2451 4360 514
f 515 516 2451
f 516 2460 2452
f 2452 2453 4360
f 2452 4360 2451
f 516 517 2459
f 2454 2450 2455
f 2455 512 511
f 2454 2455 2456
f 521 2454 518
f 520 529 2463
f 517 2454 521
f 2461 4300 4299
f 524 2461 2465
f 525 2466 4300
f 4385 1287 529
f 2460 533 4494
f 2470 2471 536
f 535 2472 534
f 2477 2476 2474
f 2469 2517 541
f 2479 540 4495
f 537 542 558
f 4495 545 2483
f 546 549 4265
f 545 3802 546
f 547 3811 548
f 550 2490 2487
f 2490 2475 2487
f 2481 2486 550
f 551 553 2489
f 2832 2059 302
f 283 557 2498
f 2003 2008 2017
f 2017 557 2003
f 557 2017 2498
f 102 555 1673
f 2500 1669 101
f 270 4207 2503
f 2503 2505 2504
f 4207 270 1675
f 2505 2503 4207
f 562 4723 2506
f 4723 1700 2506
f 185 4974 4966
f 4974 1756 4966
f 4966 2509 185
f 148 2514 2513
f 1740 4965 2514
f 4965 2513 2514
f 2511 1749 1748
f 532 2515 2467
f 2515 2469 4377
f 1688 2507 2518
f 2507 109 2518
f 1690 1699 562
f 563 4179 2506
f 2520 565 564
f 566 2522 1745
f 2524 1747 1750
f 567 2525 2523
f 2525 2532 2524
f 2524 568 1747
f 2526 2522 569
f 2527 568 2530
f 2531 2539 572
f 2535 2538 2530
f 3965 573 2533
f 573 2536 2534
f 2540 1387 2541
f 4473 4398 4452
f 575 4323 2542
f 579 2536 580
f 2546 2548 579
f 2552 2548 2549
f 4011 576 2545
f 2533 2551 583
f 2554 4026 4023
f 4038 4026 2601
f 2553 1505 27
f 2554 2553 2556
f 2557 2797 2556
f 33 2797 2557
f 2559 2560 2796
f 4254 4710 2561
f 4710 2562 2561
f 2561 2562 4410
f 1076 2565 2563
f 2576 2571 2569
f 2574 2575 2573
f 2576 2573 2578
f 587 2574 3469
f 2588 2585 593
f 2589 593 2586
f 592 594 2600
f 4034 2600 594
f 2590 4266 588
f 3469 597 587
f 3469 3462 597
f 3462 598 597
f 2591 3015 4340
f 2592 4266 2590
f 2592 2590 2591
f 595 2596 1413
f 600 4267 2593
f 4324 601 600
f 2602 4379 2600
f 603 4635 4177
f 4635 2603 4177
f 2604 4656 604
f 4656 2610 604
f 2607 4596 2608
f 604 4609 4596
f 4609 2608 4596
f 2603 4696 4592
f 4696 2606 4592
f 4592 3465 2603
f 2608 4781 4658
f 4781 2609 4658
f 1057 4706 4658
f 4706 2608 4658
f 2614 606 1573
f 2614 2613 4208
f 2621 2615 2613
f 2619 4711 1038
f 4711 2620 1038
f 609 2622 2621
f 1582 2634 53
f 53 607 54
f 2624 2625 2620
f 2622 609 3350
f 2627 610 2626
f 2628 610 67
f 67 71 2643
f 2626 2631 611
f 3350 613 614
f 2639 616 2635
f 2637 1016 2636
f 2637 2638 2640
f 2640 1014 1016
f 2644 2639 2643
f 2645 2647 2648
f 4325 2655 2649
f 3187 4487 2650
f 2647 74 2650
f 2652 2653 899
f 2652 4487 2654
f 1621 2656 2657
f 2656 3187 2657
f 897 3480 2656
f 642 3510 1113
f 4341 2659 2679
f 4209 3510 2679
f 624 2664 2661
f 4301 2660 2661
f 657 2667 2665
f 2722 626 2667
f 628 627 2668
f 2722 2668 627
f 2672 639 640
f 2674 2671 2673
f 638 637 4399
f 632 641 634
f 2682 2679 4453
f 2683 640 639
f 2681 638 2686
f 2991 794 2990
f 4302 4380 645
f 3005 644 645
f 4268 2669 2689
f 646 2690 629
f 2690 646 654
f 2721 2692 4364
f 650 2695 2692
f 651 2701 2700
f 646 2700 2701
f 646 2701 2702
f 2702 2701 1114
f 2706 2705 2707
f 2688 4380 2707
f 1240 2711 2712
f 2717 2715 2716
f 4364 2722 2667
f 2723 2724 656
f 649 655 656
f 4210 2728 2714
f 660 4212 2725
f 2728 2727 2717
f 2733 2730 2729
f 2730 661 660
f 661 662 2731
f 2737 2736 662
f 2735 2737 663
f 2737 669 2744
f 2718 664 3617
f 2741 2739 2740
f 4342 2740 2747
f 2741 2740 3624
f 666 2748 668
f 2745 671 2748
f 2752 675 3630
f 675 2753 2754
f 2765 4332 1202
f 2763 2764 4365
f 2787 2766 2795
f 2772 2767 2762
f 2770 680 691
f 2768 2773 679
f 2773 683 682
f 2774 4343 2773
f 4343 2775 683
f 2776 2777 682
f 2767 2778 678
f 2783 2780 2781
f 687 2781 686
f 2773 690 688
f 684 689 2785
f 2788 2786 1194
f 2787 2786 2788
f 2787 2788 2766
f 1195 2766 2788
f 4332 2766 1195
f 691 680 2791
f 2794 691 3476
f 2787 2784 2786
f 2798 2558 2796
f 2797 591 4378
f 2802 2801 3021
f 2818 3019 2803
f 2809 2814 2979
f 2815 2979 2814
f 2817 2818 2819
f 2816 2820 697
f 695 1256 696
f 2862 2824 2823
f 696 700 4304
f 2826 721 4411
f 2829 298 299
f 2910 2826 4411
f 709 2830 702
f 4488 2837 2835
f 2837 2836 2835
f 3477 705 2838
f 2837 2838 2849
f 2836 2849 2850
f 705 2840 707
f 712 4901 4800
f 4901 2839 4800
f 4800 707 712
f 2840 703 708
f 2843 4842 707
f 4842 712 707
f 712 4842 4305
f 4842 2843 4305
f 2843 4875 4806
f 4875 2844 4806
f 4806 4305 2843
f 2846 719 3141
f 713 2839 2847
f 905 715 713
f 2850 2849 2851
f 715 905 714
f 2846 2854 2852
f 2855 717 2852
f 2856 4934 4806
f 4934 4305 4806
f 4806 2844 2856
f 2856 720 2858
f 710 4891 4872
f 4891 721 4872
f 4872 2842 710
f 2861 4912 2064
f 4912 709 2064
f 3726 2869 725
f 724 2866 2869
f 2868 726 2871
f 2872 726 2876
f 2874 4150 2876
f 724 2873 2866
f 2964 724 1259
f 2964 2873 724
f 2876 772 2872
f 2872 772 2960
f 3722 2863 2877
f 2878 2862 2877
f 2880 2882 2883
f 733 2881 2878
f 2865 734 2886
f 2958 2957 728
f 737 2952 2889
f 2889 2951 738
f 2891 738 759
f 2891 741 2890
f 2892 742 2893
f 2895 2892 2897
f 2895 740 742
f 2895 2897 2898
f 2886 740 743
f 2900 745 2899
f 756 2903 4269
f 2904 2905 2906
f 2906 746 2902
f 2913 4900 2907
f 4900 2901 2907
f 2070 305 2913
f 883 3156 2910
f 2909 701 2914
f 2067 2069 2912
f 2069 4217 2912
f 749 2916 4217
f 748 3338 2918
f 2919 2918 2922
f 750 752 882
f 1005 2920 2921
f 3338 2923 2922
f 4269 755 2926
f 4269 2925 756
f 2926 2925 4269
f 2925 3338 756
f 754 757 755
f 2926 757 3343
f 760 2928 2931
f 2930 2894 758
f 761 2930 762
f 739 2937 4220
f 2936 2937 739
f 2936 2938 2937
f 2938 764 763
f 2948 2944 766
f 2942 2944 2943
f 765 2942 2943
f 2945 2940 768
f 2978 4270 2943
f 2948 1060 2944
f 2953 2951 2952
f 770 2950 2953
f 2954 770 2952
f 770 4148 2950
f 766 2949 3266
f 2954 771 940
f 2958 2959 2957
f 2955 2959 2871
f 2966 2968 2961
f 2873 2964 774
f 4222 2875 3731
f 2966 2965 776
f 2971 778 2970
f 780 3294 2975
f 780 3288 2976
f 2813 2978 3754
f 3708 4223 2813
f 3708 2979 4223
f 2808 4717 4214
f 4717 2980 4214
f 2983 2680 2990
f 786 2983 2990
f 2982 786 2984
f 2987 2946 769
f 2993 790 4316
f 791 2986 2989
f 2989 2988 791
f 792 2988 793
f 643 3002 2992
f 2946 2994 795
f 798 2995 795
f 763 796 2996
f 2999 1045 4235
f 807 3010 3012
f 3003 3011 4399
f 3409 3407 3003
f 4381 3016 3008
f 2711 811 3020
f 2802 3022 4213
f 2818 3022 3019
f 4413 3023 812
f 3024 3020 3023
f 812 813 4412
f 818 4327 4414
f 3030 3034 819
f 821 819 820
f 819 821 344
f 3039 821 3040
f 3039 826 2150
f 3031 4569 818
f 4569 3036 818
f 3036 3045 3035
f 822 3035 830
f 3037 3038 824
f 3055 829 825
f 3035 3046 830
f 4414 4564 3031
f 4564 3048 3031
f 3046 4516 3053
f 4516 831 3053
f 918 4454 833
f 3053 831 4440
f 836 3054 3057
f 837 836 4309
f 3057 3054 838
f 346 839 2137
f 2139 3066 839
f 355 3059 3061
f 826 4271 3062
f 3062 3043 3065
f 840 827 841
f 828 3063 3064
f 3061 3059 3065
f 841 843 4153
f 3060 842 2139
f 364 3068 847
f 846 3069 849
f 3086 3162 4224
f 850 4440 4382
f 3047 4272 835
f 3073 4272 3074
f 851 3077 3076
f 3074 3227 3073
f 3092 4561 3077
f 4561 3076 3077
f 4154 850 4382
f 3084 3091 3097
f 3071 3084 3070
f 848 3088 3085
f 2174 3163 854
f 2171 3163 365
f 855 853 4225
f 2200 3164 3087
f 3194 857 3093
f 3195 902 856
f 3194 3093 856
f 4441 4874 3096
f 857 4878 4874
f 4878 3096 4874
f 4442 4455 3094
f 3091 3098 3097
f 3097 3102 3084
f 3099 3098 4455
f 3097 3099 3102
f 3104 3103 3105
f 3102 3104 3105
f 3104 3101 863
f 4155 858 3197
f 4226 861 3109
f 4226 4274 3137
f 3117 868 3109
f 868 864 3108
f 3113 867 865
f 3115 3114 2198
f 866 3119 382
f 3109 3135 3117
f 861 3137 3135
f 3118 868 3117
f 4227 3122 3116
f 4156 3125 3124
f 3122 869 3116
f 3128 3129 3132
f 3126 2269 389
f 3133 3135 3134
f 872 2855 3134
f 3200 717 2855
f 3136 2854 875
f 3136 875 871
f 871 875 874
f 718 3140 3149
f 3145 4310 876
f 3143 3147 4310
f 910 3146 3148
f 876 3147 3203
f 877 3148 3142
f 2857 2858 3151
f 720 4889 3152
f 4889 3153 3152
f 3152 879 3171
f 886 4819 2828
f 4819 2859 2828
f 884 4813 3161
f 4813 885 3161
f 884 4812 4807
f 4812 886 4807
f 4807 3157 884
f 3156 4847 4801
f 4847 3157 4801
f 4801 2911 3156
f 881 880 3155
f 3160 3159 3153
f 3160 3182 4273
f 889 4840 3182
f 4840 4443 3182
f 3058 838 392
f 3067 393 392
f 2173 847 2172
f 3145 391 3130
f 3150 3167 3140
f 891 3174 3170
f 4228 4273 3186
f 892 4443 3177
f 3177 4475 3339
f 892 893 3180
f 894 893 618
f 3182 3179 4273
f 3183 3172 3175
f 3187 2656 3480
f 2654 3187 3480
f 618 893 2653
f 2653 3190 899
f 3193 2642 2641
f 3192 3193 4157
f 3192 900 2642
f 3351 900 3192
f 900 1014 2640
f 3096 4878 3194
f 4878 857 3194
f 3198 713 4274
f 3196 3096 904
f 862 3201 906
f 3165 3204 461
f 3205 3207 909
f 908 3206 3166
f 3208 909 2368
f 2377 912 3209
f 3210 3214 2379
f 909 3211 3210
f 3211 909 3207
f 877 3168 910
f 4490 912 911
f 4490 911 913
f 914 2399 487
f 4202 3215 2406
f 3217 3218 833
f 2399 4563 3218
f 4563 3222 3218
f 3216 4572 4563
f 4572 3222 4563
f 4563 2399 3216
f 3237 3220 3221
f 3220 4581 3222
f 4581 3223 3222
f 3230 4562 834
f 4562 3225 834
f 3225 4562 3231
f 4562 3230 3231
f 3225 3231 3074
f 922 3228 3229
f 2409 923 3234
f 924 3236 3233
f 3236 3242 3235
f 3244 925 926
f 3219 926 925
f 3242 3219 925
f 3242 925 3243
f 914 3246 916
f 3239 3246 915
f 3241 488 3240
f 927 3243 3244
f 3238 3246 928
f 3250 3026 3255
f 3024 3251 3026
f 930 3252 512
f 930 512 2448
f 514 2448 515
f 932 3770 514
f 932 514 933
f 932 933 931
f 929 3250 3254
f 3258 776 2973
f 3258 3257 776
f 2974 3259 2973
f 934 3258 3292
f 3279 3280 935
f 935 3280 936
f 3261 937 778
f 2963 2969 938
f 3262 938 937
f 937 939 3262
f 3263 2963 938
f 940 3263 3264
f 3263 938 3264
f 3267 3268 4158
f 766 3266 3267
f 3296 955 3282
f 3274 3275 3277
f 3275 4230 3277
f 3282 945 947
f 945 944 948
f 3286 3285 949
f 3288 963 2976
f 950 3291 952
f 3294 3259 4244
f 4244 3259 2974
f 954 3292 3259
f 2975 3294 953
f 3296 3817 955
f 3297 3286 949
f 3291 943 952
f 3291 951 4231
f 4231 959 3301
f 3302 944 959
f 946 3302 3303
f 3283 946 3303
f 959 3305 3302
f 4231 951 961
f 4231 961 3305
f 3313 961 3306
f 3306 962 3313
f 3307 962 3306
f 3821 3308 963
f 965 3307 963
f 968 3308 3823
f 3304 3302 3312
f 3305 961 972
f 969 975 973
f 3316 975 969
f 960 3317 3316
f 3303 3304 3318
f 3304 972 978
f 3323 977 3319
f 3319 981 3323
f 981 4160 979
f 980 3320 979
f 967 3320 3309
f 3456 3479 967
f 3322 3326 3314
f 3323 3325 3324
f 984 983 3330
f 3334 3449 3327
f 3330 3457 984
f 985 3332 3331
f 3331 3332 3333
f 986 993 985
f 987 991 988
f 992 995 997
f 1001 1002 999
f 1004 1001 1000
f 989 1002 1004
f 1007 3339 1006
f 1007 4161 3341
f 1008 2923 2925
f 1010 1009 3370
f 1011 2927 1025
f 3346 3341 3347
f 3348 3346 3347
f 1012 3348 3349
f 3192 901 3351
f 1013 1014 900
f 3351 4277 1013
f 4277 3351 3349
f 1019 4915 3352
f 4915 3349 3352
f 3357 3353 3344
f 1020 1017 1023
f 1020 1023 3356
f 3356 1022 4491
f 1023 3361 1022
f 3367 3357 3368
f 3359 3360 3358
f 3358 1024 3366
f 3378 3364 1029
f 1025 4445 1011
f 762 1026 4426
f 2934 1026 762
f 3373 1027 3372
f 4311 3372 1027
f 1027 3373 4478
f 3374 4278 1028
f 1029 1034 3378
f 3379 3383 3380
f 3359 3362 3381
f 3363 3381 3362
f 3382 4669 1032
f 4669 3383 1032
f 3379 1033 3383
f 3387 4770 3385
f 4770 1035 3385
f 3386 4657 1032
f 4657 1040 1032
f 1040 4657 1036
f 4657 3386 1036
f 3391 1035 3388
f 3385 3389 3387
f 3389 3385 3384
f 1037 3387 3389
f 3382 1040 4491
f 1016 4951 2636
f 4951 1015 2636
f 4278 3394 3376
f 799 3397 3396
f 801 3395 3400
f 4235 1045 1044
f 4235 1044 3395
f 3000 3402 1045
f 3001 3002 4465
f 3011 3408 3406
f 3411 4465 3406
f 3413 3410 1050
f 1049 3415 3412
f 1052 3415 3431
f 3427 3415 3416
f 3425 4630 1057
f 2608 4706 4630
f 4706 1057 4630
f 1037 4684 1056
f 3424 4689 4684
f 4689 1056 4684
f 3423 4702 4602
f 4702 3432 4602
f 3430 4643 4602
f 4643 3423 4602
f 3423 4643 3424
f 3430 4708 4643
f 4708 3424 4643
f 3424 4617 3421
f 3428 4725 4617
f 4725 3421 4617
f 3390 4674 3432
f 4674 3433 3432
f 3438 3437 1062
f 3438 997 3437
f 3439 996 3444
f 986 3440 1063
f 3442 1004 1064
f 1063 3440 3445
f 3446 3445 3440
f 3449 3334 3448
f 3327 3449 3837
f 3449 3453 3451
f 3451 3450 3449
f 3448 3453 3449
f 1067 3456 3455
f 3445 3446 1070
f 3321 1071 3325
f 3458 1072 4279
f 4453 640 2683
f 809 4151 3462
f 1074 809 3462
f 1078 2565 3463
f 3419 3463 1076
f 3420 3419 1076
f 3464 2563 2562
f 3467 3468 1077
f 2566 586 3470
f 1080 668 1081
f 1080 692 2793
f 1084 3473 3472
f 3660 3473 1084
f 3474 3668 3475
f 2747 667 669
f 2794 4479 691
f 3325 3323 981
f 3181 896 3186
f 1087 1088 1423
f 3484 4639 157
f 4639 1095 157
f 1090 4400 3482
f 3485 1092 3568
f 1093 4970 3935
f 4970 1374 3935
f 4391 3936 3488
f 1102 3489 3490
f 3493 3490 3491
f 3568 1099 1098
f 3493 1100 1143
f 3495 1103 3494
f 3496 3512 3495
f 3513 3496 4466
f 3497 4791 4714
f 4791 3575 4714
f 4714 3499 3497
f 4237 4383 3498
f 3498 4383 3500
f 1106 1109 3503
f 3501 1106 3503
f 3504 4698 3506
f 4698 3499 3506
f 1111 3507 3508
f 1113 3508 3507
f 3502 619 2981
f 3508 3510 4209
f 621 3509 4209
f 2664 3507 3511
f 3513 3512 3496
f 3533 4312 1115
f 3523 3533 1115
f 3519 3518 3520
f 3523 3521 3522
f 1116 1119 3524
f 1117 3527 3525
f 3529 3584 1155
f 1119 1138 3531
f 4252 3541 1126
f 1126 1121 4056
f 3534 3537 3535
f 1123 1086 4163
f 1121 1126 1124
f 3532 1124 1126
f 3537 1127 3654
f 1086 1123 1129
f 1128 3537 3654
f 4428 1125 3550
f 3546 3545 3550
f 4240 3545 1132
f 1133 3546 1136
f 3546 3550 1135
f 3554 3553 3555
f 3529 1137 1118
f 1138 3555 3553
f 3552 1134 3565
f 4280 3565 1141
f 3566 4280 4123
f 4281 1143 3492
f 1143 4281 1144
f 3563 1144 1145
f 1847 4612 3571
f 4612 1095 3571
f 3571 4736 3572
f 4736 3573 3572
f 3573 4736 1149
f 4736 3571 1149
f 3577 3578 3576
f 4238 3577 1151
f 4238 1153 3580
f 4238 3580 3581
f 3581 3580 3592
f 3582 3580 1153
f 3558 1153 4239
f 3556 3582 1140
f 4282 3591 3585
f 1158 3556 3583
f 3556 3592 3582
f 3592 3556 1158
f 1159 3592 1158
f 1158 3587 3590
f 1159 1158 3605
f 3603 3577 1160
f 3593 3603 1160
f 3604 1159 3605
f 3589 3607 3590
f 3598 1162 1168
f 2718 1162 1161
f 3601 3599 4284
f 3594 3599 3601
f 3579 3602 2728
f 3581 1163 3593
f 3607 3589 3612
f 1168 1169 3611
f 1171 1170 1172
f 1173 1174 3615
f 3621 1174 1175
f 3617 1175 3613
f 4164 1170 3620
f 3618 4346 1176
f 3621 3623 4346
f 4342 1179 3622
f 3625 3627 1182
f 3632 2757 1185
f 1187 1186 1220
f 2758 3635 3633
f 3637 3636 1189
f 2759 3648 1191
f 3639 1191 3646
f 2759 2765 1202
f 2782 1193 686
f 2789 689 688
f 1196 1192 1193
f 3640 1192 1196
f 1194 3640 3641
f 3671 3641 3673
f 1230 2789 1200
f 3644 3643 681
f 3667 3643 3644
f 1191 3670 3647
f 1150 3514 3515
f 3515 4239 1150
f 1204 4416 3574
f 1205 2808 1208
f 2808 1205 2981
f 3503 3502 1205
f 1109 3502 3503
f 4384 1206 1207
f 1207 3650 1899
f 1132 1209 4240
f 1127 1209 3658
f 3653 4117 1212
f 3659 1213 1210
f 3660 1214 3661
f 1084 1215 4285
f 2733 1216 2734
f 3609 3619 1177
f 3609 1166 1165
f 3662 1218 1183
f 3662 1221 1217
f 3663 4241 1221
f 4241 1222 3664
f 1223 1224 4417
f 3645 1222 1224
f 3634 1189 1224
f 1189 3634 3637
f 1181 3628 1183
f 3667 3668 3666
f 3647 3671 1227
f 3672 3671 3647
f 1229 1227 1232
f 1230 4433 1229
f 1198 3674 1196
f 3677 3675 3678
f 3682 3678 4429
f 3686 3689 2710
f 2710 3692 2804
f 2710 3688 3692
f 1250 1242 1146
f 3693 1243 3694
f 3690 4642 3691
f 4642 3698 3691
f 3695 1245 4243
f 1245 3700 1244
f 4446 1244 3716
f 1247 3705 1246
f 3705 3704 1246
f 1306 3699 1250
f 4387 3707 3710
f 4498 3709 3713
f 3711 1253 4418
f 3711 4418 4419
f 3714 3729 1260
f 4418 3715 3752
f 3717 3718 3702
f 3719 3721 3701
f 4446 2823 1256
f 2864 3720 1257
f 1259 3727 3723
f 3723 3704 1259
f 1260 3706 3714
f 3706 1248 3714
f 3724 3725 3705
f 3724 3728 3725
f 3729 3751 3737
f 4166 3736 3730
f 3728 3732 775
f 1261 3731 774
f 3735 1264 3734
f 3739 1264 3735
f 4244 4286 953
f 3741 3743 3744
f 1265 3746 4402
f 3739 3746 4167
f 3749 1266 1263
f 1268 3750 3749
f 1267 3749 4480
f 1267 3751 1269
f 3753 1268 957
f 3715 1269 3752
f 1268 1269 1270
f 782 3754 4354
f 1240 2712 1241
f 3758 1238 1273
f 1273 3757 3758
f 3683 3758 1274
f 1274 1276 2072
f 1276 3756 1275
f 1241 4245 3760
f 3764 1277 3762
f 1279 3767 1277
f 3759 4168 3764
f 1279 3766 1281
f 1281 3768 1282
f 1278 4168 3250
f 3769 1278 3250
f 1278 3769 4246
f 1283 1286 3766
f 3254 3770 4368
f 4368 931 3774
f 1288 3774 1284
f 3772 1286 4246
f 1286 3771 3768
f 1284 3774 4386
f 3774 1289 4386
f 933 3779 3775
f 530 528 3778
f 3777 4467 531
f 4247 1289 3775
f 3782 3780 1293
f 3780 3783 3784
f 560 3787 2473
f 560 1295 3787
f 3789 3792 3788
f 3788 4313 3787
f 3789 3785 3791
f 3792 3791 3793
f 3794 3793 3791
f 3786 3796 527
f 3786 3797 3795
f 1296 3795 3797
f 1298 3799 3798
f 1298 3798 1296
f 3801 3804 1304
f 3803 3802 2484
f 1304 3803 2484
f 1303 3805 3804
f 3811 547 3806
f 1270 4484 942
f 3743 3288 3744
f 1308 3820 3822
f 1308 3822 3828
f 3822 1307 3825
f 3826 3827 4169
f 3826 4169 3830
f 969 973 3827
f 3832 3834 3835
f 1315 1311 3834
f 3327 4170 3334
f 1313 4170 1312
f 1313 3838 1316
f 3843 3844 3336
f 1319 990 1318
f 4467 1291 3846
f 3848 1332 1434
f 1326 3851 3852
f 1087 1089 1324
f 3862 4314 1327
f 1327 3856 1328
f 3862 3859 3858
f 3859 1325 1329
f 3937 3861 1345
f 1331 3865 1329
f 1320 1332 1341
f 4120 1333 4458
f 4456 1334 3867
f 3867 1335 3938
f 3867 1336 1338
f 3869 1335 3870
f 3938 1335 3869
f 1337 3946 3868
f 1343 1338 1339
f 1341 4171 1320
f 3883 1346 3882
f 1348 3885 1347
f 1352 3953 3888
f 3948 1350 3947
f 3891 3890 3892
f 3893 1378 3879
f 1353 4431 1352
f 3894 3961 1354
f 3904 3902 1356
f 1359 3903 3913
f 3909 3911 1363
f 3910 1380 3909
f 1379 3911 3909
f 3907 1363 1364
f 3911 1379 1364
f 1366 1365 3959
f 1368 4993 4982
f 4993 3914 4982
f 4982 3918 1368
f 3919 1368 3926
f 3922 4004 3926
f 1369 3925 3923
f 4348 1369 4005
f 1370 1386 3921
f 3928 3920 1367
f 3932 3929 3930
f 3930 1372 4315
f 3941 1372 4249
f 3946 3568 3935
f 3935 3951 3946
f 1778 3945 3936
f 3869 3569 3938
f 1337 3569 3946
f 3941 3942 1372
f 1366 3959 3940
f 3941 4996 3942
f 4996 3956 3942
f 187 1375 3954
f 1374 4960 4956
f 4960 1350 4956
f 4956 3951 1374
f 1350 4960 3947
f 1374 4978 4960
f 4978 3947 4960
f 3569 3568 3946
f 3951 3868 3946
f 3890 3950 188
f 1823 3890 188
f 1354 4086 4084
f 1354 4084 3952
f 3953 3961 3887
f 3955 1351 3892
f 1364 1381 3957
f 3940 3959 1377
f 1362 3906 3964
f 3963 1385 3964
f 3921 1386 4001
f 4001 1386 3966
f 3973 1391 3976
f 3979 3974 1390
f 3975 3979 3978
f 1389 1388 1397
f 3976 3968 3973
f 3979 3980 3978
f 4468 3982 4251
f 3982 4468 3983
f 1392 4468 4251
f 3975 3983 3977
f 3988 3989 1396
f 1395 3989 3990
f 1397 3977 3993
f 3994 3966 3976
f 3997 1397 3993
f 3991 3998 3992
f 3996 1399 3995
f 1403 3999 4009
f 1403 4000 3999
f 4001 1399 3996
f 4001 3996 4002
f 4432 1403 4003
f 4004 1401 1402
f 3933 4481 4006
f 4006 4007 1404
f 4006 4008 4007
f 4009 3998 1398
f 4010 4008 4009
f 584 1405 1395
f 3985 1392 1406
f 4011 1392 576
f 1392 4011 1406
f 12 4013 4012
f 4018 1409 4020
f 1410 4024 4020
f 1417 4019 4018
f 4025 1410 4022
f 4023 4013 1407
f 4024 1416 4020
f 2598 4028 4030
f 4027 4029 4028
f 4497 3534 4163
f 4236 4032 4497
f 4033 4032 4236
f 1415 2602 1414
f 2602 1415 2601
f 4025 4039 4024
f 4369 4041 4042
f 4040 4369 1422
f 4061 4042 4036
f 1415 4042 4041
f 4317 1417 4370
f 1418 4047 1412
f 4053 4046 4043
f 3850 4370 1321
f 4049 3851 1088
f 4054 4053 1420
f 3856 3855 1420
f 4050 3937 1348
f 1421 3538 3534
f 1423 1088 4059
f 1420 4052 3856
f 4355 1425 4062
f 1454 4069 4064
f 135 1427 4089
f 1431 4074 4090
f 1431 4090 1429
f 4072 1429 4071
f 4072 4071 1430
f 1444 1443 4073
f 1330 4075 1434
f 4077 4051 1419
f 1437 4492 1347
f 1347 3886 1437
f 4078 4098 4097
f 1439 4081 1447
f 1439 4085 4080
f 4085 4084 4086
f 1361 1355 4082
f 1444 4075 1445
f 4092 4091 1443
f 1445 4094 4093
f 1445 4095 4094
f 1439 4080 4081
f 1447 1448 4098
f 4066 1452 4067
f 4104 4017 4105
f 4066 4103 1452
f 4112 1454 4067
f 4108 4107 1430
f 1455 1432 4253
f 4108 1453 4109
f 4045 4046 4111
f 1330 1455 1456
f 4076 4110 4051
f 1461 4113 4069
f 4114 1430 4113
f 4114 1459 1458
f 4115 1459 4116
f 1430 4118 1454
f 1460 1430 1462
f 4125 4124 3870
f 4122 1211 1464
f 4129 1464 4127
f 4130 1430 4114
f 1461 1324 1089
f 1432 1465 1433
f 1432 4130 1465
f 1467 1466 1
f 1 1425 1467
f 1466 1467 2
f 6 1466 1468
f 2 1467 1477
f 1468 1466 2
f 6 1468 1471
f 1469 1471 1468
f 1468 2 1475
f 1468 1475 1469
f 1469 1475 1470
f 1469 1470 3
f 1470 4 3
f 3 1471 1469
f 3 20 1471
f 1471 18 6
f 20 3 1473
f 3 4 1473
f 1470 4356 1472
f 4356 8 1476
f 4356 1476 1472
f 1470 1472 4
f 5 1472 1476
f 1476 1501 5
f 1473 4 5
f 5 1500 1473
f 1494 6 18
f 6 1479 9
f 1466 6 9
f 1466 9 1
f 2 1477 7
f 1425 4355 1504
f 1504 1477 1425
f 1477 26 7
f 7 1474 2
f 1474 1475 2
f 8 4356 4255
f 4255 4356 1474
f 4255 1474 7
f 7 4174 4255
f 4062 1478 1426
f 1478 4062 9
f 9 4062 1
f 1478 9 1479
f 10 1482 4102
f 1482 10 1481
f 1482 1483 4102
f 4102 1483 4012
f 12 1483 1485
f 4420 1487 1482
f 1483 1482 1487
f 1488 1482 1481
f 1487 1484 1483
f 1484 13 1485
f 1486 13 1484
f 1485 1505 1407
f 1485 13 1505
f 1508 1506 14
f 15 1487 4420
f 1489 4420 1488
f 1491 15 1489
f 1489 15 4420
f 15 1491 1490
f 1489 1488 16
f 16 1488 1481
f 1493 1492 1489
f 1497 1491 1492
f 1766 1491 1497
f 1493 1489 16
f 17 1481 4287
f 1493 16 19
f 1494 1493 19
f 1496 1493 1494
f 18 1496 1494
f 19 17 1479
f 20 1473 21
f 20 1495 18
f 1495 1496 18
f 1496 1497 1493
f 1495 20 21
f 1495 1498 1496
f 1498 1497 1496
f 1499 47 1555
f 22 1500 1499
f 21 1500 22
f 5 23 1500
f 1499 1519 47
f 1499 24 1519
f 1500 24 1499
f 23 24 1500
f 23 4318 24
f 5 1501 23
f 1476 35 1501
f 4318 1503 1516
f 8 35 1476
f 7 26 4174
f 4174 26 4131
f 4355 4070 1504
f 34 27 1505
f 1508 14 1507
f 1508 1507 28
f 28 1509 1508
f 1508 1509 34
f 29 32 1509
f 1510 30 29
f 1510 4615 30
f 1511 4633 4615
f 4633 30 4615
f 1512 4175 31
f 32 4175 1512
f 29 4175 32
f 33 32 1512
f 31 2558 1512
f 1506 34 13
f 1505 13 34
f 32 33 34
f 2798 33 1512
f 4482 2558 31
f 31 4701 4482
f 4701 4404 4482
f 4175 4730 4701
f 4730 4404 4701
f 4701 31 4175
f 4482 4404 1514
f 4404 4730 1515
f 4730 4175 1515
f 1514 4404 1564
f 36 25 1516
f 1502 25 1517
f 25 37 1517
f 127 4134 37
f 37 4134 46
f 1517 37 46
f 1518 1519 24
f 1517 46 1551
f 127 38 4134
f 1548 1520 1521
f 42 1521 1520
f 42 4704 1521
f 4704 1522 1521
f 1521 1522 45
f 39 4593 1523
f 1524 4691 4593
f 4691 1523 4593
f 1524 4593 1522
f 39 4651 4593
f 4651 1522 4593
f 1527 4687 1524
f 1523 4691 4687
f 4691 1524 4687
f 1522 4704 1524
f 4704 42 1524
f 38 1728 1520
f 1524 4754 4690
f 4754 41 4690
f 4690 1527 1524
f 1523 4687 40
f 4687 1527 40
f 1523 4700 39
f 4700 1526 39
f 1526 4700 1525
f 4700 1523 1525
f 40 1525 1523
f 1525 4133 1526
f 40 1528 1525
f 1527 4726 4288
f 4726 125 4288
f 42 4722 1524
f 41 4754 4722
f 4754 1524 4722
f 127 1728 38
f 128 4719 42
f 41 4722 4719
f 4722 42 4719
f 4288 4745 1527
f 4745 40 1527
f 1528 4133 1525
f 1526 4606 39
f 1547 4755 4606
f 4755 39 4606
f 1547 4606 1532
f 1526 4772 4606
f 4772 1532 4606
f 1532 4772 4132
f 4772 1526 4132
f 124 4733 40
f 4733 1528 40
f 40 4745 124
f 4745 4288 124
f 1528 1704 1529
f 1530 1704 4136
f 4132 4761 1531
f 4761 1529 1531
f 1531 1533 4132
f 4132 1533 1535
f 1535 1532 4132
f 1534 1533 4176
f 1701 4176 1533
f 1701 1531 1703
f 1543 4769 1534
f 4769 1535 1534
f 1537 4780 4176
f 1536 4783 4780
f 4783 4176 4780
f 1541 1542 1536
f 1540 4607 43
f 4607 1537 43
f 1538 4774 1537
f 4774 43 1537
f 1539 4788 1537
f 4788 1538 1537
f 1539 1537 1701
f 1540 4750 1541
f 4750 1695 1541
f 1541 232 1542
f 1543 1542 1545
f 1543 1536 1542
f 1535 4769 1544
f 4769 1543 1544
f 1546 1544 44
f 1546 1760 1759
f 1759 1547 1546
f 1546 1547 1532
f 4256 1549 45
f 1548 4134 38
f 1521 1549 1548
f 1585 1548 1549
f 1519 1518 1551
f 1551 47 1519
f 4319 1550 47
f 47 1551 4319
f 1552 1553 1554
f 1555 1552 1762
f 22 1555 1765
f 1556 1762 1552
f 1763 1490 1556
f 1557 1558 1556
f 1557 4421 1558
f 150 1558 4421
f 1559 4436 4421
f 1510 150 1560
f 1562 4436 57
f 1562 1561 4436
f 1561 4644 1511
f 4644 48 1511
f 48 4622 4590
f 4622 1568 4590
f 4590 1511 48
f 1565 4756 4590
f 4756 1511 4590
f 1568 4599 4590
f 4599 1565 4590
f 1514 1564 1513
f 1515 4758 1564
f 4758 4289 1564
f 1564 4289 49
f 49 4177 1564
f 49 4289 1565
f 49 1565 1563
f 49 1563 603
f 603 1563 4351
f 1568 4622 1567
f 48 4738 4622
f 4738 1567 4622
f 1567 4738 50
f 4738 48 50
f 1566 4598 4594
f 4598 50 4594
f 4594 1562 1566
f 57 4601 1562
f 4601 1566 1562
f 50 4760 1567
f 4760 1588 1567
f 1588 4760 51
f 4760 50 51
f 50 4598 59
f 4598 1566 59
f 50 59 51
f 51 1692 1588
f 51 1587 1692
f 1568 4351 1563
f 603 4351 1569
f 1570 1569 4351
f 1570 4707 1569
f 4707 2604 1569
f 1570 52 2612
f 52 1571 2612
f 1568 4613 52
f 4613 1571 52
f 1572 4759 1571
f 1573 4786 4759
f 4786 1571 4759
f 1573 4759 1577
f 4759 1572 1577
f 1572 4778 1577
f 4778 1575 1577
f 1575 4766 1576
f 4766 4320 1576
f 1576 1578 1577
f 1573 1577 1578
f 1578 1579 1573
f 1580 1582 53
f 54 1580 53
f 1581 1580 54
f 1583 1607 1582
f 56 1584 1581
f 1583 63 1607
f 4319 1585 1757
f 4319 1758 1550
f 58 1559 1554
f 1554 1553 58
f 1761 57 58
f 1914 1566 1586
f 1588 1575 1574
f 1588 4727 1575
f 4727 1589 1575
f 4320 4766 1589
f 4766 1575 1589
f 1589 4727 1692
f 4727 1588 1692
f 1590 4320 1589
f 61 105 60
f 60 1578 1576
f 1591 55 1578
f 60 1591 1578
f 1590 62 4320
f 1591 1581 55
f 56 1683 4460
f 1584 56 1593
f 1592 63 1584
f 4460 1683 1594
f 1603 4460 1594
f 1595 1592 1593
f 1593 4460 4178
f 4178 1595 1593
f 1595 66 65
f 66 1596 2630
f 1598 1596 1599
f 1599 1596 66
f 1601 66 1595
f 1602 4921 4178
f 4921 1595 4178
f 4422 1597 2627
f 1606 1598 1599
f 1600 1601 68
f 1684 104 69
f 104 1682 64
f 1601 1602 68
f 1602 1604 68
f 1682 1604 64
f 1682 1685 1679
f 1682 1605 1604
f 1682 1630 1605
f 1606 1600 1610
f 68 1610 1600
f 1597 71 67
f 70 71 1597
f 70 4422 1608
f 1608 1606 1611
f 1611 72 71
f 68 1609 1610
f 1611 1610 73
f 1611 73 72
f 1612 73 1610
f 78 72 73
f 78 1612 1614
f 1613 1609 75
f 75 1609 68
f 1604 75 68
f 1680 1624 75
f 1680 75 1604
f 1612 1613 1614
f 76 1613 75
f 1613 1615 1614
f 1616 1615 76
f 1616 76 1620
f 1616 77 1615
f 77 1616 1617
f 1617 79 77
f 4325 77 79
f 77 4325 1614
f 1614 1618 78
f 78 2649 72
f 2649 74 72
f 1643 1617 1616
f 79 1617 4485
f 4485 1619 79
f 1622 4485 1643
f 1616 1620 1643
f 1647 1643 1620
f 4485 1622 1645
f 80 1621 1619
f 1645 80 4485
f 1645 1622 4390
f 1644 4390 1622
f 81 1622 1643
f 1647 1620 1623
f 1623 1620 76
f 1623 76 82
f 1626 1624 1625
f 1647 1623 83
f 1627 83 82
f 1627 82 1626
f 1628 1634 1626
f 1625 1628 1626
f 1666 1634 1628
f 1666 1628 84
f 84 1628 1629
f 84 1629 1630
f 1631 85 84
f 1631 86 85
f 1631 1630 1679
f 1678 86 1631
f 1678 1631 1679
f 1671 86 1678
f 86 1633 85
f 1632 1667 1633
f 1635 83 1627
f 87 83 1635
f 1635 4861 1638
f 4861 1634 1638
f 88 1639 1636
f 88 1653 1639
f 1638 1639 1637
f 1637 1641 1638
f 1651 1641 1637
f 81 1643 1647
f 81 1644 1622
f 2377 80 1645
f 4390 89 1645
f 1646 89 4390
f 1646 4390 1644
f 2376 89 1646
f 1647 87 1648
f 1648 87 1642
f 1642 1641 1650
f 1650 1652 1648
f 1651 1650 1641
f 91 4894 1649
f 4894 1650 1649
f 1650 4894 1652
f 4894 91 1652
f 1659 1651 1637
f 1651 1659 1649
f 90 1652 1646
f 1654 93 91
f 1646 1652 1655
f 91 1655 1652
f 1654 1649 1657
f 1657 93 1654
f 1656 1655 91
f 1655 2375 1646
f 1655 92 2375
f 2035 93 1657
f 1656 93 2373
f 2035 2373 93
f 1658 2035 1657
f 1658 1657 1649
f 1658 1659 94
f 1653 94 1659
f 1659 1637 1653
f 1653 1660 94
f 94 1660 99
f 99 4893 94
f 4893 1658 94
f 95 99 4135
f 1658 4893 4869
f 4893 99 4869
f 4869 2034 1658
f 2034 4869 95
f 4869 99 95
f 96 97 292
f 96 4950 97
f 4950 4135 97
f 97 4135 98
f 1661 4833 1660
f 4833 99 1660
f 99 4833 4135
f 1661 4870 4833
f 4870 4135 4833
f 1660 1653 1640
f 1640 1665 1661
f 4135 4870 1662
f 4870 1661 1662
f 1661 100 1662
f 100 2502 1662
f 100 1661 1663
f 1661 1665 1663
f 1640 88 1664
f 1636 4941 1664
f 4941 1666 1664
f 1640 1664 1665
f 1666 1667 1664
f 1665 1668 1663
f 1670 2502 100
f 1669 100 1663
f 1663 1668 1669
f 2500 1670 1669
f 1669 1668 101
f 1632 1668 1667
f 1667 85 1633
f 1671 4868 1633
f 4868 1632 1633
f 1633 86 1671
f 1672 1671 1678
f 1674 1671 1672
f 1673 1671 1674
f 1632 4868 1673
f 4868 1671 1673
f 1676 102 1674
f 1672 1677 1676
f 1677 1675 1676
f 1677 1672 103
f 1679 1685 1678
f 1628 1625 1629
f 1629 1625 1680
f 1624 1680 1625
f 1629 1680 1605
f 1605 1630 1629
f 1686 4945 1685
f 4945 1678 1685
f 1678 4945 103
f 4945 1686 103
f 1681 563 103
f 4179 563 1681
f 1686 1687 103
f 1686 1685 104
f 1594 1689 69
f 106 1594 1683
f 106 1683 1591
f 1591 1683 1581
f 1591 105 106
f 106 105 1689
f 1684 69 1689
f 107 1684 1689
f 1684 107 1687
f 1687 107 1688
f 1686 1684 1687
f 1688 1681 1687
f 108 2518 4179
f 107 2507 1688
f 1689 2508 107
f 2508 105 61
f 62 2508 61
f 110 4676 1590
f 4676 62 1590
f 1590 4724 110
f 4724 1691 110
f 109 4789 4676
f 4789 62 4676
f 4676 110 109
f 110 1690 109
f 62 4789 2507
f 4789 109 2507
f 1691 4724 1589
f 4724 1590 1589
f 1698 1690 110
f 1692 4654 1589
f 4654 1691 1589
f 1693 4663 4628
f 4663 1696 4628
f 4628 43 1693
f 111 4619 1693
f 4619 1694 1693
f 1538 4784 1693
f 4784 111 1693
f 1694 4619 1697
f 4619 111 1697
f 1695 4750 1696
f 4750 1540 1696
f 1696 4742 1695
f 4742 1691 1695
f 1697 1699 1694
f 2519 1697 111
f 1700 1697 565
f 1698 4744 1694
f 4744 1696 1694
f 1696 4744 4664
f 4744 1698 4664
f 1691 4742 4664
f 4742 1696 4664
f 1700 4723 1697
f 4723 562 1697
f 2520 1700 565
f 112 2519 111
f 1538 113 112
f 1539 1710 113
f 1701 4610 1539
f 1702 4678 4610
f 4678 1539 4610
f 1539 4678 1710
f 4678 1702 1710
f 1530 4136 1703
f 1705 1703 4136
f 1528 4733 1704
f 4733 124 1704
f 1725 1704 124
f 1704 4638 4136
f 4638 114 4136
f 114 1705 4136
f 1705 114 1706
f 1705 1702 1703
f 1705 1706 1702
f 1706 1707 1708
f 1712 1711 1708
f 1711 267 1709
f 1979 1711 1712
f 1712 1714 1713
f 1707 1714 1712
f 114 4648 1706
f 4648 1715 1706
f 115 1706 1715
f 115 4333 1716
f 1717 1716 1718
f 1717 1718 116
f 1714 1719 1720
f 1719 116 117
f 1950 1721 252
f 250 1720 1719
f 116 1718 118
f 117 118 1722
f 4333 1723 121
f 121 1718 1716
f 118 120 1722
f 215 118 1718
f 4357 1718 121
f 1715 4739 4333
f 4739 213 4333
f 1715 4648 1724
f 4648 114 1724
f 123 1725 124
f 123 124 4288
f 126 4712 4670
f 4712 125 4670
f 4670 41 126
f 125 4712 4640
f 4712 126 4640
f 4640 1727 125
f 1727 1793 1906
f 1727 4640 1793
f 4640 126 1793
f 1793 126 151
f 36 129 127
f 1768 127 129
f 1729 127 1768
f 128 1728 1729
f 1768 1790 1729
f 36 1516 129
f 1791 129 130
f 1730 1516 1503
f 1791 130 134
f 1730 1735 130
f 1732 1735 1730
f 4437 1795 1732
f 4174 133 4255
f 4174 132 133
f 1734 4437 1733
f 133 167 1733
f 1794 173 1735
f 3900 1809 1738
f 3897 3896 1737
f 1737 140 4405
f 1736 1737 4405
f 137 1736 4405
f 1736 1809 3900
f 1809 1807 1738
f 137 136 1809
f 4405 138 137
f 1739 136 138
f 185 139 140
f 139 185 2509
f 139 4405 140
f 141 4986 3901
f 4986 1740 3901
f 144 143 142
f 1743 4137 1741
f 1741 143 144
f 1749 1741 1742
f 1749 1743 1741
f 1743 145 4137
f 143 145 1370
f 1743 566 145
f 1743 1744 566
f 566 1745 145
f 1747 1746 1744
f 145 1745 1370
f 1747 1744 1750
f 4447 1741 144
f 4250 144 1371
f 4180 1373 1816
f 1373 4180 4250
f 146 1749 1742
f 1748 1749 146
f 4447 146 1742
f 1817 4180 1816
f 4447 4180 1817
f 146 4447 1817
f 184 146 186
f 184 1748 146
f 2511 4989 1749
f 4989 1750 1749
f 1749 1750 1744
f 1750 1751 2523
f 1752 4997 147
f 4997 1756 147
f 147 1755 1754
f 1753 1752 1754
f 1754 583 1753
f 1756 4997 4995
f 4997 1752 4995
f 4995 2512 1756
f 1751 4969 1752
f 2512 4995 4969
f 4995 1752 4969
f 148 4990 1756
f 4990 147 1756
f 1756 4974 2514
f 4974 185 2514
f 147 4963 149
f 4963 2513 149
f 1757 1585 4256
f 1585 1549 4256
f 1757 4256 1547
f 1547 1759 1757
f 1758 1553 1550
f 58 1553 1758
f 1758 1757 1759
f 1760 1586 1761
f 1760 1761 1759
f 1586 4636 1761
f 4636 57 1761
f 1555 1762 1765
f 1507 150 28
f 1764 1490 1763
f 1766 1490 1491
f 1490 1766 1556
f 1765 1762 1766
f 22 1765 1495
f 1765 1498 1495
f 1765 1767 1498
f 1498 1767 1497
f 1551 1548 1585
f 46 1548 1551
f 1729 1792 128
f 1792 1769 128
f 151 4641 1769
f 4641 128 1769
f 1793 1770 171
f 1844 4777 1770
f 4777 171 1770
f 1770 4647 1771
f 1769 4671 4647
f 4671 1771 4647
f 1844 1770 1771
f 1769 4647 151
f 4647 1770 151
f 1771 4671 152
f 4671 1769 152
f 152 1769 1772
f 1792 1772 1769
f 1789 4979 166
f 4979 1792 166
f 1792 4979 153
f 4979 1789 153
f 1772 1792 153
f 152 154 1771
f 152 4138 154
f 1772 4138 152
f 1789 156 153
f 153 156 1773
f 155 4787 154
f 4787 1771 154
f 1773 1774 4138
f 1774 1775 4138
f 1773 1908 1774
f 1908 158 1774
f 1774 158 1775
f 4138 1775 157
f 157 4680 155
f 4680 172 155
f 1771 4787 4623
f 4787 155 4623
f 4623 1844 1771
f 1775 158 3482
f 1778 1777 159
f 1779 1780 159
f 160 231 4392
f 1779 4392 231
f 231 1780 1779
f 160 4973 231
f 4973 1829 231
f 4461 4961 4392
f 4961 160 4392
f 1780 1913 161
f 1839 1781 160
f 160 4961 1839
f 4961 4461 1839
f 4461 4392 1784
f 1784 1779 1777
f 1784 1777 1783
f 1783 1786 1784
f 164 163 162
f 1785 1783 1788
f 164 1788 1782
f 1786 1785 1787
f 156 1788 164
f 156 164 1908
f 1789 4992 156
f 4992 1788 156
f 1790 4486 166
f 1790 166 1792
f 1790 1792 1729
f 1791 4486 1790
f 132 168 133
f 168 132 135
f 167 133 168
f 167 168 1799
f 1799 168 169
f 169 168 135
f 135 4088 169
f 175 1799 179
f 150 1510 28
f 122 170 1724
f 1726 1904 123
f 1726 1727 4184
f 1726 4184 1904
f 171 1906 1793
f 1776 4685 172
f 4685 155 172
f 1790 1768 1791
f 174 1791 134
f 173 1797 174
f 173 1794 176
f 1795 1734 175
f 175 1796 1795
f 1795 1796 1794
f 176 1797 173
f 1797 176 1843
f 1796 178 176
f 1843 176 178
f 1797 177 174
f 174 177 1841
f 1800 169 1804
f 1834 1800 1804
f 1804 1803 1834
f 1446 181 1804
f 180 1803 181
f 1807 1802 1738
f 1802 1807 182
f 4101 182 180
f 1803 180 182
f 1805 1807 1808
f 1805 1808 1806
f 1834 1803 1805
f 1834 1805 199
f 1806 199 1805
f 183 1806 1808
f 1809 1808 1807
f 1832 1809 136
f 1810 1832 136
f 1810 1739 1814
f 1814 1811 1813
f 1815 1811 2510
f 186 1812 184
f 1813 1812 1822
f 1814 1831 1810
f 1810 1831 1832
f 1822 1821 191
f 2514 4962 1740
f 4962 140 1740
f 1815 1748 184
f 1824 1819 1818
f 1818 1820 3943
f 187 3943 1820
f 189 1820 190
f 190 1820 1818
f 1821 190 1819
f 1825 4977 1819
f 4977 1821 1819
f 189 1817 1816
f 190 186 189
f 1821 186 190
f 1821 4977 191
f 4977 1825 191
f 1825 1819 1824
f 1822 191 192
f 1822 192 1826
f 1822 1826 1813
f 1827 192 194
f 194 1829 1827
f 194 1825 1828
f 193 1828 1824
f 1824 1828 1825
f 1910 1827 1829
f 193 1830 1828
f 1830 193 1913
f 1829 1830 231
f 196 1831 1826
f 183 1832 196
f 183 1809 1832
f 1806 183 197
f 197 199 1806
f 198 197 183
f 183 196 198
f 199 197 1833
f 1833 198 200
f 1801 1833 1835
f 1834 1801 1800
f 1801 1834 199
f 1798 201 1796
f 1843 178 1836
f 1842 1843 1836
f 1836 202 203
f 1798 1837 201
f 1837 1798 1835
f 1801 1835 179
f 200 1838 1837
f 202 201 1837
f 1837 1838 202
f 203 202 1838
f 1838 1781 203
f 1911 1838 200
f 1839 203 1781
f 1836 1839 1842
f 1839 4461 1842
f 1840 4461 1786
f 1842 4461 1840
f 1840 1786 1787
f 1787 165 1840
f 165 166 1841
f 1840 165 1841
f 177 1843 1842
f 1797 1843 177
f 1840 177 1842
f 1845 1846 230
f 1776 4716 1845
f 4716 1846 1845
f 1846 4716 1847
f 4716 1776 1847
f 1847 1776 172
f 1847 3572 1846
f 204 4624 1850
f 4624 3572 1850
f 204 1850 205
f 1848 204 1849
f 1867 1849 1866
f 1866 1849 1854
f 205 4372 1849
f 206 209 4181
f 4372 205 4181
f 207 4372 4181
f 4182 4181 209
f 4181 4182 207
f 4182 227 1897
f 227 4182 1852
f 1851 1897 1856
f 1854 210 211
f 1854 1855 210
f 1853 1854 4372
f 1854 1853 1855
f 1856 1855 1853
f 1855 1859 210
f 1855 1858 1859
f 1858 1857 4358
f 1858 4358 1859
f 1855 1856 1858
f 210 1859 1233
f 1233 1862 210
f 212 1854 211
f 1854 212 1866
f 1861 211 1863
f 1863 211 1862
f 3676 1873 1863
f 1859 4358 1860
f 1860 4358 1865
f 1873 1864 1875
f 1874 1863 1873
f 1863 121 1861
f 1872 212 1723
f 1868 1866 212
f 1902 230 1848
f 1870 1867 1869
f 1867 1868 1869
f 1868 1871 1869
f 1871 1868 1872
f 213 4752 1872
f 4752 1871 1872
f 213 1872 1723
f 1871 4752 214
f 4752 213 214
f 4333 213 1723
f 1723 1861 121
f 120 215 4448
f 1863 4357 121
f 1874 1873 217
f 216 1874 217
f 216 215 1874
f 215 216 4448
f 1722 120 119
f 1722 119 117
f 120 4448 1880
f 4393 4448 216
f 216 217 4393
f 217 1873 1875
f 217 1876 4393
f 217 1875 1876
f 1864 1894 1875
f 1877 1894 1864
f 1877 1234 1895
f 1875 1894 218
f 1875 218 1876
f 1876 218 4257
f 1876 1878 4393
f 4257 1893 1878
f 1878 1892 1879
f 4393 1878 1881
f 1881 1880 4393
f 4448 4393 1880
f 119 120 1880
f 220 1880 1881
f 1882 1884 220
f 220 1881 1879
f 1881 1878 1879
f 1883 1886 1882
f 1886 221 1882
f 1884 1882 1885
f 1885 1882 221
f 221 1886 222
f 1886 1887 222
f 1887 1890 1888
f 1889 1886 1883
f 1889 1887 1886
f 1891 2097 1887
f 1887 2097 1890
f 1888 1890 223
f 1890 2097 320
f 1891 1889 2098
f 2098 1889 1879
f 1892 2098 1879
f 1893 1892 1878
f 1892 1893 2096
f 1894 219 218
f 1235 1894 1877
f 1235 1877 1895
f 1894 4290 219
f 1893 4471 2096
f 3679 1865 3681
f 3681 1865 4358
f 4183 1856 1897
f 4183 226 1857
f 225 1896 1857
f 226 225 1857
f 226 229 225
f 226 4183 1900
f 1898 1899 1900
f 1899 227 228
f 1899 3651 1900
f 1203 4694 1900
f 4694 226 1900
f 228 1901 4384
f 171 4777 4591
f 4777 1844 4591
f 4591 1907 171
f 171 1907 1906
f 1845 4734 1907
f 4734 1902 1907
f 1907 1902 1870
f 1903 1870 1869
f 1871 1903 1869
f 213 4739 4699
f 4739 1715 4699
f 4699 214 213
f 214 4699 1724
f 4699 1715 1724
f 214 170 1905
f 1905 1904 4184
f 1904 1905 170
f 4184 1871 1905
f 4184 1903 1871
f 4184 1906 1903
f 1903 1907 1870
f 1903 1906 1907
f 158 1908 3487
f 1908 164 162
f 1780 161 1909
f 3949 1909 161
f 161 1912 3949
f 1913 1912 161
f 1781 1910 160
f 1911 1910 1781
f 1911 1827 1910
f 1912 3950 3949
f 1912 188 3950
f 1913 193 1912
f 1545 1914 44
f 44 1914 1586
f 1566 1914 59
f 232 1545 1542
f 232 59 1914
f 1918 233 238
f 1918 1916 233
f 1918 235 1916
f 1918 1917 235
f 2800 1916 235
f 233 1916 236
f 236 244 233
f 241 237 1917
f 1915 1917 1918
f 238 1919 1918
f 239 1919 238
f 1954 4403 1955
f 4403 1954 240
f 1915 241 1917
f 237 241 1920
f 241 1931 1920
f 241 4403 1931
f 1931 4403 1924
f 240 222 1921
f 1921 222 1888
f 1925 1921 1923
f 1921 1888 1923
f 1888 223 1923
f 1922 1923 223
f 1925 1924 1921
f 1923 242 1925
f 1927 1925 242
f 1926 1927 242
f 1926 242 1922
f 4373 1927 1926
f 3021 1926 2102
f 1925 1927 1931
f 1931 1924 1925
f 1930 1931 1927
f 4373 1930 1927
f 1965 236 693
f 243 236 1965
f 245 238 1928
f 238 245 239
f 1939 1955 1919
f 245 4406 239
f 243 244 236
f 1928 244 1963
f 246 4406 1932
f 246 1932 247
f 248 246 1933
f 246 247 1933
f 1933 247 256
f 1933 256 260
f 248 249 1934
f 249 1937 1934
f 1935 239 1929
f 1937 1936 1929
f 1929 1936 1935
f 1938 1936 1937
f 1938 1958 1936
f 1958 1956 1936
f 1962 1954 1955
f 1940 1885 221
f 1941 1940 1961
f 1941 1885 1940
f 1943 1884 1885
f 1942 1941 4407
f 1946 1943 1942
f 119 1884 1943
f 119 1943 1944
f 1946 1944 1943
f 1942 1945 1946
f 1941 1961 1959
f 1946 1947 4334
f 1946 4334 1944
f 250 4334 1947
f 251 250 1947
f 1720 250 251
f 251 1721 1720
f 1721 251 1948
f 1947 1948 251
f 1948 1947 1951
f 1947 1945 1951
f 1949 1951 1945
f 1948 1951 1953
f 1952 252 1948
f 1953 1952 1948
f 1953 1951 1982
f 1713 1979 1712
f 1978 1950 252
f 1951 1984 1982
f 1949 1984 1951
f 4438 1949 4407
f 1962 1961 1940
f 1939 1956 1962
f 1957 1938 1937
f 1957 1937 249
f 253 249 248
f 266 1974 253
f 254 1960 1938
f 1960 1958 1938
f 1960 1959 1958
f 1957 1974 254
f 1974 1975 254
f 1960 254 1975
f 4407 1959 1960
f 1962 1955 1939
f 255 4753 4258
f 4753 2824 4258
f 4258 4335 255
f 4335 1966 255
f 1965 255 1966
f 1965 1966 1964
f 1966 1968 1964
f 259 258 257
f 1968 259 257
f 4258 2825 4336
f 1966 4335 259
f 257 4291 256
f 4291 257 262
f 260 4291 1969
f 4291 262 1972
f 262 258 1970
f 4335 4336 261
f 259 4335 261
f 261 258 259
f 261 1970 258
f 699 265 261
f 265 1970 261
f 4259 1970 265
f 1971 1970 4259
f 1972 1970 1971
f 1972 1971 264
f 4259 4140 263
f 4259 263 1971
f 264 263 2004
f 263 4140 2005
f 4187 4140 265
f 2899 4187 265
f 699 2899 265
f 1976 1974 266
f 1976 266 4292
f 1976 1975 1974
f 1976 4438 1975
f 1984 1949 1976
f 1977 1982 1984
f 4469 1953 4139
f 1978 252 1952
f 1950 1978 1979
f 1711 1980 267
f 1979 1980 1711
f 1978 1980 1979
f 4352 1980 1978
f 4352 1978 1952
f 1952 4469 4352
f 4185 4469 4139
f 1981 1980 4352
f 4352 4185 1985
f 1982 1983 4139
f 1983 1982 1977
f 1977 1984 281
f 4185 4139 1989
f 1987 1985 4185
f 1981 1985 1986
f 1986 1985 564
f 1987 564 1985
f 1983 268 1988
f 1989 1983 1988
f 1989 1990 269
f 2000 4470 268
f 1988 4470 1990
f 2503 269 4394
f 2504 269 2503
f 1675 2494 1676
f 556 1676 2494
f 2494 270 1991
f 1991 270 4394
f 271 1992 2494
f 1992 4361 2494
f 1992 274 4361
f 272 1993 1992
f 271 272 1992
f 1995 277 1994
f 1995 1994 271
f 277 278 1997
f 277 1997 1994
f 1994 1997 272
f 1996 275 273
f 1997 1996 276
f 1996 1997 278
f 1997 276 272
f 2000 278 277
f 1995 4470 277
f 1995 1990 4470
f 1996 4186 2001
f 278 1998 4186
f 279 1998 278
f 4186 1998 1999
f 280 1999 1998
f 4186 1999 2001
f 248 280 253
f 266 253 280
f 4292 281 1976
f 279 280 1998
f 2000 279 278
f 268 4292 2000
f 4292 268 281
f 266 279 4292
f 279 266 280
f 275 1996 2001
f 260 2002 1933
f 1999 1933 2002
f 2002 2001 1999
f 1969 2001 2002
f 1993 282 274
f 274 282 4260
f 4260 282 283
f 283 282 275
f 1969 1972 1973
f 1969 1973 275
f 275 1973 2497
f 2497 283 275
f 1973 557 2497
f 557 1973 2003
f 2003 264 2008
f 2004 2007 264
f 284 2004 2010
f 2005 2010 2004
f 2007 2004 284
f 2006 2009 285
f 2006 284 2009
f 2013 4940 2008
f 4940 2017 2008
f 2007 2013 2008
f 2006 2013 2007
f 4187 4890 4140
f 2011 4917 4890
f 4917 4140 4890
f 2010 2005 2011
f 2009 4881 286
f 4881 2046 286
f 285 2009 286
f 285 286 2012
f 2015 2006 285
f 2013 2006 2015
f 2014 2013 2015
f 2016 2015 2012
f 287 2013 2014
f 2017 4940 287
f 4940 2013 287
f 2014 2018 288
f 2021 2018 2019
f 288 2018 2021
f 2502 288 2021
f 2019 2020 2021
f 2016 2023 2018
f 286 4916 2012
f 4916 2029 2012
f 2022 2012 2029
f 2019 2018 2023
f 2022 2029 2026
f 2022 2024 2016
f 2033 2020 2019
f 98 2020 291
f 2020 2033 291
f 2033 2023 2024
f 2033 2024 2025
f 2024 2022 2028
f 2026 2028 2022
f 2028 2027 2024
f 289 4883 2029
f 4883 2031 2029
f 2026 2029 2031
f 2031 4883 2032
f 4883 289 2032
f 296 4944 2032
f 4944 2041 2032
f 2028 2026 290
f 2031 290 2026
f 2028 290 2027
f 2025 291 2033
f 97 98 291
f 2034 4866 4831
f 4866 2390 4831
f 4831 1658 2034
f 2373 2035 2374
f 95 4376 2034
f 293 4823 292
f 4823 96 292
f 2389 4873 4823
f 4873 96 4823
f 4823 293 2389
f 97 2037 292
f 291 2037 97
f 96 4873 4376
f 4873 2389 4376
f 2025 2037 291
f 2027 2037 2025
f 2031 294 290
f 290 2039 2038
f 2027 2038 2037
f 2032 4923 294
f 4923 2040 294
f 2040 4923 2041
f 4923 2032 2041
f 2036 2037 2038
f 2043 4904 2044
f 4904 290 2044
f 2039 2036 2038
f 2036 2039 2042
f 2057 2043 2044
f 2057 2044 2056
f 2040 2044 294
f 2040 4935 2044
f 4935 2056 2044
f 2056 4935 4930
f 4935 2040 4930
f 4930 2055 2056
f 2050 2040 2041
f 2048 2050 2041
f 2041 2045 295
f 2041 4944 2045
f 4944 296 2045
f 289 4913 2046
f 4913 286 2046
f 2065 2030 2066
f 296 2030 4141
f 2045 296 4141
f 2047 295 2045
f 2041 295 2048
f 2048 295 2051
f 2051 295 297
f 2049 2050 2048
f 2049 2055 2050
f 2054 2492 2055
f 2055 2049 2054
f 300 2049 2051
f 297 2053 2051
f 298 4919 297
f 4919 2053 297
f 298 4411 2052
f 299 4141 2908
f 301 2054 2049
f 2058 2043 2057
f 2057 2056 2493
f 2056 2055 2493
f 2493 2055 2492
f 2492 2054 554
f 554 301 2059
f 4293 709 302
f 2060 2833 2341
f 2061 2341 2833
f 2835 2836 2833
f 2833 2836 2062
f 2063 2062 2521
f 2521 304 2063
f 4187 2901 305
f 2899 2901 4187
f 307 2011 2070
f 2011 4908 2010
f 4908 4188 2010
f 2908 4141 2065
f 4188 2066 2046
f 2065 2066 2068
f 2068 2067 2065
f 306 2066 4188
f 2068 306 307
f 2067 2068 2069
f 307 2069 2068
f 307 2070 2069
f 219 4290 4471
f 224 308 2071
f 308 2072 309
f 1275 309 2072
f 2073 2071 309
f 3755 309 1275
f 309 3755 2073
f 1282 310 1280
f 312 311 1282
f 1282 311 310
f 2075 310 311
f 2071 2073 314
f 312 2075 311
f 2075 2076 313
f 2076 312 2086
f 313 2076 2078
f 2076 2077 2078
f 2079 2078 318
f 314 2080 2071
f 2080 314 2082
f 314 2079 315
f 224 2071 2080
f 2082 4471 2080
f 2079 318 315
f 317 315 318
f 315 317 316
f 318 2078 2084
f 2085 318 2084
f 2085 317 318
f 2081 317 2085
f 2083 319 315
f 4471 4290 224
f 4471 224 2080
f 315 316 2083
f 316 2081 2091
f 317 2081 316
f 2084 2078 2077
f 4385 2087 1282
f 529 2087 4385
f 312 2087 2086
f 2088 2089 2090
f 2084 2457 2088
f 2077 2457 2084
f 2086 520 2077
f 2077 520 2457
f 2089 511 2090
f 2090 511 510
f 2081 2090 509
f 508 509 2090
f 2091 2092 316
f 2092 4294 2083
f 2094 2083 2093
f 2093 2095 2094
f 319 2096 2082
f 2096 4471 2082
f 2096 319 2094
f 2095 2093 2097
f 2095 2098 2094
f 2094 1892 2096
f 4449 320 2099
f 2097 2093 320
f 1891 2095 2097
f 1890 320 223
f 2100 2102 4449
f 2100 2101 2102
f 2099 321 2100
f 2100 321 2101
f 223 4449 2103
f 2102 2103 4449
f 2105 323 2104
f 2104 323 2446
f 3253 322 2447
f 2105 321 2106
f 321 2099 4294
f 321 2105 3025
f 4308 324 2112
f 4308 3032 324
f 3032 2107 324
f 2107 3032 3033
f 2107 3033 325
f 2107 2119 2113
f 2117 2113 2119
f 325 2120 2119
f 325 2108 2120
f 2109 4489 326
f 327 4489 2109
f 2108 4328 327
f 3033 327 4328
f 2108 327 328
f 328 394 2108
f 342 2110 2111
f 344 329 819
f 2134 2127 330
f 2134 2148 2127
f 2134 2135 2148
f 2148 2135 4261
f 2116 2112 2115
f 2113 2114 2115
f 2115 2114 331
f 2116 2115 331
f 2116 2395 2112
f 2112 2395 3038
f 2114 333 331
f 331 333 332
f 2279 333 2114
f 2118 2117 2119
f 2118 2119 2120
f 2122 2120 334
f 2122 2118 2120
f 2121 337 2118
f 2122 2121 2118
f 4189 336 2122
f 4189 2122 334
f 2123 335 336
f 4189 334 338
f 2123 338 2125
f 4359 2125 339
f 2124 338 2126
f 340 2129 2126
f 341 2128 328
f 341 2109 342
f 330 341 342
f 330 2127 341
f 341 2127 2128
f 2127 2131 2128
f 2129 2130 343
f 2126 2129 343
f 2130 2129 2131
f 2131 2127 2133
f 2133 2127 2148
f 343 2157 2126
f 2126 2157 2124
f 2125 2124 2157
f 343 359 2157
f 343 2130 2132
f 2130 2131 2132
f 2132 2131 2133
f 2149 349 2135
f 344 2136 2135
f 2149 2135 2136
f 3038 2395 4454
f 351 3057 3058
f 2138 2137 351
f 2139 839 346
f 2139 2141 2142
f 346 2140 2141
f 2143 2141 347
f 2140 347 2141
f 2141 2143 348
f 347 350 2149
f 350 347 2140
f 2140 346 2138
f 2144 2140 2138
f 350 2144 4261
f 2144 2145 4261
f 2144 2138 351
f 351 4472 2144
f 2144 4472 2146
f 2146 2145 2144
f 2146 4472 352
f 352 2147 2146
f 2147 2158 2146
f 2158 360 2146
f 353 348 2143
f 353 2154 348
f 2136 2150 358
f 345 2136 358
f 345 2151 4295
f 345 358 2151
f 2154 353 2152
f 2151 353 4295
f 2151 2152 353
f 2142 2154 3060
f 3060 2154 2155
f 354 2153 3059
f 356 354 355
f 356 2155 354
f 356 357 3060
f 2151 358 2153
f 2133 4521 360
f 4521 2146 360
f 2156 2133 360
f 2156 2132 2133
f 359 2132 2156
f 343 2132 359
f 2160 362 2157
f 359 2160 2157
f 2156 2159 359
f 361 360 2158
f 2159 2156 360
f 2160 2159 2162
f 2162 361 2211
f 2162 2159 361
f 396 362 2161
f 2161 2160 395
f 2211 2158 2164
f 2164 2158 4374
f 2164 4374 2163
f 408 4142 2164
f 2165 2163 2166
f 2163 4374 2168
f 2147 2168 4374
f 2170 2168 2147
f 2147 352 2170
f 2165 408 2164
f 2167 363 2239
f 2236 2239 363
f 2170 352 4450
f 352 4472 2173
f 4472 351 2169
f 4472 2169 2173
f 2173 2169 364
f 352 2173 4450
f 4450 2172 2170
f 2171 2170 2172
f 2174 366 2237
f 2175 2237 366
f 2238 410 2175
f 3092 4533 2181
f 4533 368 2181
f 4262 2178 2176
f 2426 4518 4262
f 4518 2178 4262
f 2426 4262 369
f 4262 367 369
f 368 4538 367
f 4538 2428 367
f 367 2428 369
f 2186 4586 2178
f 4586 2180 2178
f 2180 2181 2176
f 2181 371 372
f 2182 2183 2184
f 2185 2184 2183
f 2180 4586 2179
f 4586 2186 2179
f 370 373 2186
f 375 2186 373
f 374 370 2177
f 2194 375 373
f 2186 375 2179
f 376 2183 2179
f 375 376 2179
f 375 2194 2311
f 2183 376 2185
f 2312 2195 2185
f 2185 376 2312
f 2313 4927 2311
f 4927 375 2311
f 2194 373 380
f 2192 373 374
f 377 2188 2191
f 2190 2177 493
f 507 4582 493
f 4582 2190 493
f 2190 4582 4559
f 4582 507 4559
f 4559 2189 2190
f 2443 4520 507
f 2189 4559 4520
f 4559 507 4520
f 2189 4532 2191
f 4338 4548 4532
f 4548 2191 4532
f 378 377 2191
f 2193 377 378
f 2193 380 2192
f 380 373 2192
f 2191 4571 4557
f 4571 379 4557
f 4557 378 2191
f 378 2298 2193
f 380 2193 2298
f 376 2313 2312
f 371 856 372
f 2182 3195 856
f 2184 3195 2182
f 2315 3195 2184
f 2199 2197 2196
f 2197 4296 2198
f 4296 4435 2198
f 4296 2199 381
f 2249 381 2199
f 2199 2201 383
f 3115 4435 2200
f 2248 2247 4435
f 2249 4834 4190
f 4834 383 4190
f 2201 2199 2196
f 384 2197 382
f 2197 384 2196
f 2255 2249 4190
f 2202 2255 4190
f 2201 2196 2204
f 384 385 2204
f 2208 4931 385
f 4931 2204 385
f 2204 4931 2206
f 4931 2208 2206
f 2206 4948 2204
f 4948 2201 2204
f 2203 2202 4190
f 2202 2205 2250
f 2203 2205 2202
f 2203 386 2205
f 387 4796 2206
f 383 4852 4796
f 4852 2206 4796
f 2207 387 2206
f 383 4796 386
f 387 4903 4796
f 4903 386 4796
f 2208 870 389
f 3126 389 870
f 389 388 2208
f 2270 390 4395
f 2269 3126 391
f 4191 2273 2209
f 391 4191 2209
f 2209 2273 2210
f 3058 392 393
f 328 340 394
f 334 2120 394
f 334 394 340
f 2226 4558 2211
f 4558 2162 2211
f 2162 4558 395
f 4558 2226 395
f 2225 2161 395
f 2161 2225 2220
f 2220 396 2161
f 362 397 339
f 4192 2212 397
f 2213 4359 2212
f 398 2213 2214
f 399 2123 4359
f 2123 399 335
f 399 4353 335
f 399 2213 398
f 400 4192 397
f 2219 397 396
f 401 400 397
f 397 2219 401
f 2224 401 2219
f 400 2214 4192
f 2214 4524 2215
f 2281 4537 4524
f 4537 2215 4524
f 4353 398 2217
f 398 4353 399
f 335 4353 2216
f 2217 2216 4353
f 2216 2217 2275
f 2215 4537 2278
f 4537 2281 2278
f 400 401 424
f 2223 2224 2219
f 2221 2219 396
f 2221 396 2220
f 2220 2309 2221
f 2222 2223 2221
f 2307 2224 2223
f 2224 2307 2218
f 424 2218 4196
f 2307 413 2218
f 2309 2220 2225
f 402 395 2226
f 403 2225 402
f 2226 2211 4142
f 4142 405 2226
f 406 2228 2227
f 404 2227 405
f 2227 2226 405
f 2227 404 406
f 2229 2228 406
f 406 431 2229
f 431 406 2230
f 404 2230 406
f 2230 404 2231
f 4193 2231 404
f 404 405 4193
f 4193 405 4194
f 2234 2233 4194
f 4193 4194 2233
f 2233 407 4193
f 4194 405 4142
f 2243 409 2235
f 409 2165 2235
f 2235 2165 2166
f 2239 2236 410
f 2168 2170 2236
f 365 2237 2171
f 2171 2237 2236
f 2237 410 2236
f 2238 2239 410
f 2175 417 2238
f 366 2174 2247
f 2248 4884 366
f 4884 2175 366
f 2175 4884 417
f 4884 2248 417
f 2239 2245 2167
f 2245 2239 2238
f 2235 2167 2245
f 2256 4932 2235
f 4932 2243 2235
f 2243 2294 409
f 414 4142 408
f 2233 411 2232
f 2232 411 2241
f 411 2233 2234
f 2240 2234 414
f 2240 2241 411
f 2241 2240 2242
f 2232 2241 412
f 412 2241 2242
f 4197 2242 413
f 2242 4408 413
f 2242 2240 4408
f 2240 4297 4408
f 2295 4505 2294
f 2293 4585 4505
f 4585 2294 4505
f 2294 415 2295
f 2294 2243 415
f 2295 415 2244
f 2235 4832 2256
f 4832 2257 2256
f 2246 416 2245
f 2238 2246 2245
f 2246 2238 417
f 417 2255 2246
f 381 2249 418
f 418 2249 2255
f 2202 4829 2255
f 4829 2246 2255
f 417 418 2255
f 417 2248 418
f 2246 4829 416
f 4829 2202 416
f 2264 2250 2205
f 2252 4905 2253
f 4905 2264 2253
f 416 4886 2252
f 4886 2250 2252
f 416 2252 2251
f 2251 2252 4263
f 2253 2254 419
f 2251 2259 2257
f 2254 2258 419
f 2258 4195 2262
f 2313 2262 4195
f 2256 2259 2260
f 415 4943 2244
f 4943 2260 2244
f 2187 2244 2311
f 2244 4871 2311
f 4871 2261 2311
f 2260 4263 419
f 2261 4871 2260
f 4871 2244 2260
f 419 2262 2261
f 4195 2314 2313
f 444 2263 2258
f 4195 2263 420
f 438 2314 420
f 2348 420 2263
f 2267 2253 2266
f 2264 2266 2253
f 386 4882 2265
f 4882 2272 2265
f 2272 4882 387
f 386 4903 4882
f 4903 387 4882
f 2272 2268 2265
f 2266 2264 2265
f 2268 4828 2265
f 4828 2266 2265
f 2266 4828 4198
f 4828 2268 4198
f 390 2208 388
f 387 2207 2271
f 390 2270 2271
f 4395 388 2209
f 391 2209 2269
f 2210 4395 2209
f 4395 2210 2270
f 2270 2327 2271
f 2210 421 2270
f 2273 422 2274
f 337 2117 2118
f 2121 2275 337
f 2275 2277 337
f 2276 2217 2215
f 2117 2277 2276
f 2215 2278 2276
f 2276 2278 2279
f 2293 4543 2282
f 4451 4556 4543
f 4556 2282 4543
f 2282 4556 4508
f 4556 4451 4508
f 4508 2281 2282
f 2287 2286 2279
f 2286 332 333
f 2283 332 2286
f 332 4515 4375
f 425 4573 4515
f 4573 4375 4515
f 425 4515 2285
f 4515 332 2285
f 2283 2285 332
f 425 2285 2284
f 2283 2286 426
f 427 426 2287
f 2289 427 2287
f 2289 2287 2280
f 427 2289 428
f 428 2289 2288
f 428 2291 4143
f 427 4143 426
f 4143 2290 426
f 426 2290 2283
f 2285 2283 2290
f 2290 4143 2291
f 428 2292 2291
f 2288 4528 429
f 4528 379 429
f 2425 4536 429
f 4536 2292 429
f 4451 4549 4528
f 4549 379 4528
f 4528 2288 4451
f 2282 4567 2293
f 4567 2296 2293
f 2296 4567 4493
f 4567 2282 4493
f 4297 2296 4493
f 414 409 2294
f 414 2294 2296
f 2294 4585 2296
f 4585 2293 2296
f 4264 4530 4505
f 4530 2293 4505
f 4505 2295 4264
f 2293 4539 4527
f 4539 2297 4527
f 4451 4543 4527
f 4543 2293 4527
f 2297 4539 4530
f 4539 2293 4530
f 4530 4264 2297
f 379 2297 2298
f 429 4553 2425
f 4553 4338 2425
f 2423 2391 2425
f 4338 4553 4502
f 4553 429 4502
f 2191 4548 4502
f 4548 4338 4502
f 378 4557 2298
f 4557 379 2298
f 2299 380 2298
f 2295 4542 4264
f 4542 2299 4264
f 2187 4584 4542
f 4584 2299 4542
f 4542 2295 2187
f 2194 4535 2187
f 2299 4584 4535
f 4584 2187 4535
f 2299 4535 380
f 4535 2194 380
f 430 2228 2229
f 430 403 2228
f 430 435 403
f 2309 2225 403
f 435 2309 403
f 431 2304 2229
f 433 431 2230
f 2231 407 432
f 2231 432 433
f 431 433 2304
f 2229 2302 2300
f 2300 430 2229
f 2301 430 2300
f 2300 2302 2301
f 2305 2304 433
f 433 432 2305
f 2305 432 2306
f 2310 2305 2306
f 2305 2310 2302
f 432 407 2232
f 432 2232 2306
f 413 4493 4196
f 413 4408 4493
f 2307 2308 413
f 436 2307 2222
f 2221 434 2222
f 430 2301 435
f 2302 2310 2303
f 412 4197 2306
f 4197 413 2308
f 2306 4197 2310
f 2308 2310 4197
f 2310 436 2303
f 435 437 2309
f 437 436 434
f 436 2301 2303
f 2312 2313 2314
f 2323 2195 2312
f 443 2315 2195
f 2324 903 2315
f 904 440 3201
f 2324 2317 2316
f 439 2317 2324
f 3201 440 441
f 2319 441 440
f 440 2316 2319
f 2317 2319 2316
f 2317 4427 2319
f 439 2318 2317
f 442 439 443
f 2318 439 442
f 2322 2318 442
f 2323 4936 442
f 4936 2321 442
f 2321 2322 442
f 2320 2345 2321
f 420 2348 2320
f 2321 4835 2320
f 438 4858 4835
f 4858 2320 4835
f 2323 442 443
f 443 2195 2323
f 443 2324 2315
f 2329 446 2268
f 2325 4954 2267
f 4954 444 2267
f 4198 4799 2325
f 2326 4808 4799
f 4808 2325 4799
f 445 4824 4808
f 4824 2325 4808
f 4808 2326 445
f 447 4926 2325
f 444 4954 4926
f 4954 2325 4926
f 444 4926 2348
f 4926 447 2348
f 2325 4824 447
f 445 4843 4824
f 4843 447 4824
f 2328 4896 2327
f 2272 4906 4896
f 4906 2327 4896
f 387 4911 4906
f 4911 2327 4906
f 4906 2272 387
f 2331 4863 2326
f 4863 445 2326
f 445 2330 4199
f 449 4820 2331
f 445 4863 4820
f 4863 2331 4820
f 445 4820 2330
f 4820 449 2330
f 2332 2336 448
f 4199 4423 2342
f 2344 447 4199
f 2342 2332 4462
f 446 4947 4880
f 4947 2349 4880
f 4880 2326 446
f 2327 4929 2328
f 4929 458 2328
f 2351 4854 2328
f 4854 2329 2328
f 459 4899 4854
f 4899 2329 4854
f 4854 2351 459
f 458 2351 2328
f 2349 4947 4850
f 4947 446 4850
f 4850 459 2349
f 2333 4892 4880
f 4892 2326 4880
f 4880 2349 2333
f 2333 466 2331
f 449 2337 2334
f 2332 4814 2336
f 4814 2337 2336
f 449 4851 2337
f 4851 4200 2337
f 2337 4914 4876
f 4914 471 4876
f 4876 2338 2337
f 2338 4876 2380
f 4876 471 2380
f 451 450 2338
f 450 451 2339
f 2380 2381 452
f 451 452 2339
f 450 2339 2340
f 448 450 453
f 453 450 2340
f 2340 454 303
f 454 2341 303
f 2061 303 2341
f 2063 2340 303
f 304 453 2063
f 457 453 304
f 448 453 457
f 2332 448 4462
f 2342 2344 4199
f 2342 2343 2345
f 2322 2345 2343
f 2342 4462 2343
f 4462 456 2343
f 448 4897 4462
f 4897 456 4462
f 2344 2342 2345
f 2322 456 455
f 2322 455 2318
f 455 2346 4427
f 456 2346 455
f 2346 907 4427
f 456 457 2346
f 457 2347 2346
f 2347 304 2521
f 2350 2270 421
f 2210 2352 421
f 2273 2352 2210
f 2352 2273 2274
f 2352 463 421
f 2352 2274 460
f 461 460 3165
f 460 2353 2352
f 463 2352 4434
f 462 461 3205
f 462 2355 2354
f 2355 462 2364
f 2356 2355 2363
f 2357 4922 2351
f 4922 459 2351
f 459 464 2349
f 464 2357 2358
f 4434 468 2357
f 464 2358 2359
f 2358 467 465
f 2359 465 466
f 2360 4827 2335
f 4827 449 2335
f 467 2385 465
f 2358 2357 2384
f 2361 2366 4434
f 2356 2362 2361
f 2365 92 2362
f 2364 2363 2355
f 2356 2363 2365
f 2364 2367 2363
f 2365 2363 2367
f 2384 2383 467
f 2384 468 469
f 469 468 2366
f 2366 2362 2370
f 2362 92 2370
f 2365 2367 2375
f 470 2369 2367
f 2368 470 2364
f 2375 2367 2369
f 2370 2373 2372
f 469 2366 2370
f 2371 469 2372
f 2374 2371 2372
f 2374 2372 2373
f 2375 2369 2376
f 2369 470 2376
f 2376 1646 2375
f 2377 3209 80
f 80 3209 1621
f 2377 89 2378
f 2378 89 2376
f 2379 470 2368
f 466 2360 2335
f 471 4914 4200
f 4914 2337 4200
f 471 4939 2382
f 4939 2387 2382
f 452 454 2339
f 454 2491 2341
f 2382 2381 2380
f 2058 2057 2381
f 2058 2382 2388
f 472 4887 465
f 4887 466 465
f 466 4887 2360
f 4887 472 2360
f 2387 4939 4144
f 4939 471 4144
f 4200 4938 471
f 4938 4144 471
f 4144 4938 2360
f 4938 4200 2360
f 2360 472 4144
f 472 465 473
f 2385 467 2383
f 2383 2384 2371
f 473 465 2385
f 2390 4846 2374
f 4846 2371 2374
f 2371 4846 4815
f 4846 2390 4815
f 4815 2383 2371
f 2386 4865 2383
f 4865 2385 2383
f 2385 4865 473
f 2386 4953 4865
f 4953 473 4865
f 474 4337 4144
f 473 4953 474
f 4953 2386 474
f 2387 4144 4337
f 2039 2043 2058
f 2058 2388 2039
f 2042 2039 2388
f 2388 2387 2042
f 293 4845 4201
f 4845 4337 4201
f 4376 2389 475
f 2386 4920 475
f 4920 4376 475
f 4376 4920 2390
f 4920 2386 2390
f 4337 2042 2387
f 2390 2374 2035
f 2285 2290 476
f 476 2284 2285
f 2291 2391 476
f 476 2423 2284
f 2401 4519 2392
f 4519 2423 2392
f 478 2396 477
f 477 2396 479
f 425 477 479
f 479 4526 425
f 2393 4547 4526
f 4547 425 4526
f 4375 2393 331
f 2393 4526 2394
f 4526 479 2394
f 480 2394 479
f 480 2397 3217
f 2396 2397 480
f 2397 481 2408
f 2396 2398 2397
f 478 2400 2398
f 2400 478 482
f 2399 2408 481
f 2398 2405 481
f 2402 2405 2398
f 2403 2400 482
f 2402 2400 483
f 2400 2403 483
f 482 4568 2403
f 4568 2420 2403
f 2420 2404 2403
f 2404 2418 484
f 483 486 2402
f 2402 486 2406
f 487 2405 2406
f 4321 2407 486
f 481 487 2399
f 2408 2399 3218
f 2409 3235 2411
f 3239 2435 3247
f 2412 2435 3239
f 2412 3239 4202
f 2407 2412 4202
f 4321 2412 2407
f 489 2412 4321
f 489 2435 2412
f 489 4321 2417
f 484 2417 4321
f 2417 484 2418
f 499 489 490
f 489 499 2435
f 490 489 2416
f 2416 2414 490
f 2414 2413 2436
f 2414 2416 2415
f 491 2415 2416
f 492 2415 491
f 2415 492 4339
f 491 2416 2419
f 2419 2416 2417
f 2417 2416 489
f 2417 2418 2419
f 492 491 2419
f 4396 2441 2419
f 4396 2419 2418
f 2418 2404 4396
f 2404 2420 4396
f 2420 4568 2422
f 4568 482 2422
f 2423 4554 2392
f 4554 2424 2392
f 2425 4510 2423
f 2424 4554 4510
f 4554 2423 4510
f 2424 4510 4501
f 4510 2425 4501
f 4501 2443 2424
f 4338 4532 4520
f 4532 2189 4520
f 2443 4531 4520
f 4531 4338 4520
f 2177 2426 493
f 2427 4514 369
f 4514 2426 369
f 4203 4545 4514
f 4545 2426 4514
f 4514 2427 4203
f 2427 2428 488
f 2427 4574 4322
f 4574 2410 4322
f 2430 4322 2410
f 2430 494 4322
f 2410 2411 2429
f 2411 495 2431
f 2429 2411 2431
f 2429 2430 2410
f 494 2430 2432
f 495 927 2431
f 2431 927 4397
f 2434 2431 4397
f 2433 2429 2434
f 2432 2433 503
f 503 2433 2434
f 2434 4397 500
f 4397 927 2442
f 3245 3248 496
f 498 3247 2435
f 2435 499 498
f 498 499 2437
f 2437 2436 4204
f 2436 2413 2438
f 2436 2438 4204
f 3248 3247 497
f 498 497 3247
f 497 498 2437
f 2437 4204 497
f 3249 496 2438
f 2442 3249 2438
f 2434 500 4298
f 503 2434 4298
f 494 2432 2439
f 2439 4560 502
f 4560 503 502
f 503 4560 2432
f 4560 2439 2432
f 501 502 504
f 504 2444 501
f 2440 504 502
f 500 4339 4298
f 4339 2442 2413
f 2442 2438 2413
f 2444 504 2421
f 505 506 501
f 501 506 2445
f 507 4522 2443
f 4522 506 2443
f 507 493 4203
f 2445 4534 4203
f 4534 507 4203
f 4203 4322 2445
f 4203 2427 4322
f 2421 2440 2441
f 2421 2441 4396
f 2421 4396 2420
f 508 2447 2446
f 509 2091 2081
f 2091 509 323
f 509 508 2446
f 510 511 2447
f 508 510 2447
f 2450 2448 512
f 2448 2450 513
f 513 2449 2448
f 515 2448 2449
f 515 2451 514
f 515 2449 516
f 2459 2460 516
f 516 2452 2451
f 2460 4494 2452
f 513 517 516
f 513 2454 517
f 2455 2450 512
f 2454 2456 518
f 519 518 2456
f 2089 2456 511
f 2089 519 2456
f 2089 2088 2457
f 2089 2458 519
f 2457 2458 2089
f 2458 2457 520
f 2458 522 519
f 518 519 522
f 522 521 518
f 4409 4299 4300
f 522 4299 4409
f 2463 522 2458
f 522 2463 4299
f 2460 2459 523
f 4409 523 2459
f 4300 523 4409
f 2461 525 4300
f 2461 524 2462
f 4299 2465 2461
f 2463 2465 4299
f 2464 2463 529
f 524 559 2462
f 525 2461 2462
f 4300 2466 523
f 534 523 2466
f 2462 536 525
f 534 537 523
f 523 533 2460
f 2453 2452 4494
f 532 2453 4494
f 532 2467 2453
f 2453 2467 527
f 526 527 1294
f 2464 529 528
f 2463 2464 2465
f 2464 2468 2465
f 530 531 2468
f 2469 3786 4377
f 523 537 533
f 2466 535 534
f 536 535 2466
f 536 2471 535
f 534 2472 537
f 535 538 2472
f 538 535 2471
f 536 2473 2470
f 539 2470 2473
f 2473 536 560
f 536 2462 560
f 2470 539 2471
f 3797 3786 2469
f 541 2517 543
f 543 2475 541
f 2474 2476 539
f 2471 539 2478
f 2478 538 2471
f 2479 2481 540
f 540 544 4495
f 2481 2478 540
f 538 2478 2480
f 2480 542 538
f 537 2472 542
f 558 542 2516
f 542 543 2516
f 542 2482 543
f 2480 2482 542
f 2478 2481 2480
f 2481 550 2480
f 2481 2479 2485
f 2479 4495 2483
f 545 4495 544
f 2484 545 544
f 2484 544 2476
f 2484 3802 545
f 2483 545 4265
f 3803 547 3802
f 2476 2477 1304
f 546 548 549
f 2479 2483 2485
f 2485 2486 2481
f 2482 2487 543
f 543 2487 2475
f 2485 552 2486
f 4265 2485 2483
f 552 2485 4265
f 552 4265 549
f 552 549 2488
f 551 552 2488
f 2486 2490 550
f 2486 552 2490
f 2489 2475 2490
f 2489 553 2475
f 2057 4804 2381
f 4804 452 2381
f 452 554 454
f 554 2491 454
f 554 2059 2491
f 2493 2492 554
f 452 2493 554
f 452 4804 2493
f 4804 2057 2493
f 4361 556 2494
f 556 4361 2495
f 4361 4260 2495
f 555 2495 2499
f 2496 2495 4260
f 2496 4260 283
f 283 2498 4205
f 2496 283 4205
f 4205 2499 2496
f 2497 557 283
f 287 4937 2017
f 4937 2498 2017
f 2498 4937 4206
f 4937 287 4206
f 101 1673 555
f 2500 101 555
f 2501 4205 4206
f 1670 2501 2502
f 4206 2502 2501
f 288 2502 4206
f 101 1632 1673
f 1632 101 1668
f 1700 2505 2506
f 4179 4765 2506
f 4765 562 2506
f 108 1688 2518
f 2507 2508 62
f 1748 1815 2511
f 2510 4976 1815
f 4976 2511 1815
f 2511 4976 4975
f 4976 2510 4975
f 4975 2512 2511
f 2509 4967 2510
f 2512 4975 4967
f 4975 2510 4967
f 2512 4967 4966
f 4967 2509 4966
f 4966 1756 2512
f 2513 4965 141
f 1740 4986 4965
f 4986 141 4965
f 558 2516 2515
f 2516 2517 2515
f 2517 2516 543
f 2515 2517 2469
f 2515 532 558
f 2467 2515 4377
f 533 558 532
f 537 558 533
f 559 560 2462
f 561 559 2468
f 561 2468 4467
f 1690 2518 109
f 1699 1690 1698
f 2506 2505 563
f 563 2505 4207
f 2505 1700 2520
f 1986 565 2519
f 267 1980 112
f 1981 112 1980
f 2519 1981 1986
f 1981 2519 112
f 565 1986 564
f 2504 2505 2520
f 2504 2520 269
f 1987 269 2520
f 1987 2520 564
f 1710 1709 267
f 4289 4758 30
f 4758 1515 30
f 2347 2521 2850
f 566 1746 4145
f 4424 1745 2522
f 1745 4424 3931
f 3931 4424 570
f 1747 568 1746
f 1750 2523 2524
f 1753 2523 1751
f 2524 2523 2525
f 2524 2532 568
f 568 4145 1746
f 2533 583 3965
f 2534 2551 2533
f 2551 2534 567
f 568 2527 4145
f 4145 2527 569
f 4424 2522 2526
f 2526 3967 570
f 2529 2527 2530
f 2529 2528 2527
f 2527 2528 569
f 569 2528 2526
f 2526 2528 572
f 2529 2530 571
f 2529 4473 2531
f 2530 2538 571
f 2532 2535 2530
f 568 2532 2530
f 2535 2525 567
f 2535 567 2534
f 573 3965 584
f 2533 573 2534
f 2534 2536 2535
f 573 574 2537
f 584 574 573
f 2538 2535 2536
f 573 2537 2536
f 2536 2537 580
f 580 2537 3990
f 2536 579 2538
f 2538 579 2547
f 571 2538 2547
f 4398 4473 571
f 4473 2539 2531
f 2539 4473 575
f 4473 4452 575
f 575 2542 2539
f 2540 2539 2542
f 2539 2540 2541
f 2541 572 2539
f 2550 2540 2542
f 2540 2550 2543
f 4452 4323 575
f 2542 4323 577
f 2543 2550 2544
f 2543 2544 3981
f 2545 2544 2550
f 577 4323 578
f 578 4323 4425
f 2547 4425 4398
f 571 2547 4398
f 579 580 2546
f 579 2548 2547
f 2548 2546 2549
f 2549 2546 581
f 581 582 2549
f 2548 2552 578
f 578 4425 2548
f 2542 577 2550
f 2550 577 2545
f 578 2545 577
f 585 4011 2545
f 1753 2551 2523
f 580 3990 2546
f 581 2546 3990
f 2552 585 2545
f 2549 585 2552
f 582 4011 585
f 582 585 2549
f 2552 2545 578
f 2555 2554 4023
f 2601 4026 2554
f 2601 2554 2582
f 2553 2554 2555
f 27 2556 2553
f 2554 2556 2582
f 2582 2556 4378
f 27 2557 2556
f 27 33 2557
f 34 33 27
f 1512 2558 2798
f 2561 4410 2560
f 4410 2562 2563
f 2560 4410 2799
f 2799 2796 2560
f 2568 2799 4410
f 4410 2564 2568
f 2563 2565 2567
f 2564 2563 2567
f 586 2567 2565
f 2565 1076 3463
f 2567 2569 2564
f 2568 2571 2570
f 2566 2576 2567
f 2576 2566 2572
f 2574 2566 3470
f 2572 2566 2574
f 2573 2575 2577
f 2581 2571 2578
f 2571 2576 2578
f 587 2577 2575
f 587 2575 2574
f 2577 587 588
f 2578 2573 2579
f 2579 2573 2577
f 588 2584 2577
f 2579 2577 2584
f 2581 2579 2580
f 2585 2580 2579
f 588 587 2590
f 589 2580 592
f 590 2581 589
f 589 4378 591
f 589 591 590
f 2583 4379 4378
f 2582 4378 4379
f 4378 589 2583
f 592 2583 589
f 2600 2583 592
f 592 2580 594
f 588 4266 2584
f 4266 2586 2584
f 2585 2584 2586
f 2585 2586 593
f 2589 2587 593
f 2580 2585 594
f 2588 594 2585
f 594 2588 4034
f 2588 593 2587
f 4034 2588 2587
f 4034 1414 2600
f 2587 599 4034
f 599 2587 595
f 595 2587 2589
f 2589 2586 2595
f 2591 2590 587
f 3462 3469 1074
f 597 2591 587
f 597 596 2591
f 596 597 598
f 2591 596 3015
f 598 3014 596
f 2586 4266 2592
f 2586 2592 2595
f 4340 2592 2591
f 2592 4340 2594
f 2595 2592 2594
f 2593 810 4381
f 2594 810 2593
f 2594 4340 810
f 2597 2594 2593
f 2594 2597 2595
f 2596 595 2589
f 1413 599 595
f 2589 2595 2596
f 4267 2597 2593
f 600 4381 4324
f 4267 600 602
f 602 4028 4267
f 4324 3007 2709
f 4324 2709 4303
f 4303 601 4324
f 600 601 602
f 4267 2599 2597
f 4267 2598 2599
f 2598 4267 4028
f 4028 602 4027
f 2599 1413 2596
f 2600 4379 2583
f 2582 4379 2602
f 2602 2601 2582
f 604 4597 2604
f 2606 4653 4597
f 4653 2604 4597
f 2605 4611 2612
f 2604 4672 4611
f 4672 2612 4611
f 2611 4604 2605
f 2604 4611 4604
f 4611 2605 4604
f 2608 4609 605
f 4609 604 605
f 4596 4681 4597
f 4681 2606 4597
f 4597 604 4596
f 2607 4625 4596
f 2606 4681 4625
f 4681 4596 4625
f 2604 4653 1569
f 2606 4751 4653
f 4751 1569 4653
f 2606 4696 4635
f 4696 2603 4635
f 4635 603 2606
f 2607 4665 4592
f 4665 3465 4592
f 2606 4625 4592
f 4625 2607 4592
f 2609 4781 605
f 4781 2608 605
f 604 4683 605
f 4683 1055 605
f 1055 4683 4605
f 4683 604 4605
f 4605 2616 1055
f 2616 4605 2610
f 4605 604 2610
f 2610 4656 4604
f 4656 2604 4604
f 4604 2611 2610
f 1571 4679 2612
f 4679 2605 2612
f 1571 4786 606
f 4786 1573 606
f 2605 606 4208
f 2614 4208 606
f 2611 2605 4208
f 4208 4646 4645
f 4646 2615 4645
f 4645 2611 4208
f 607 2613 2614
f 1579 2614 1573
f 2610 2618 2616
f 3422 4775 2617
f 4775 2616 2617
f 2616 4775 1055
f 4775 3422 1055
f 2617 4705 3422
f 4705 3387 3422
f 2618 4743 2616
f 4743 2617 2616
f 2617 4743 2619
f 4743 2618 2619
f 2615 4646 2613
f 4646 4208 2613
f 2620 4711 2615
f 4711 2619 2615
f 2621 2620 2615
f 2623 609 607
f 609 2613 607
f 609 2621 2613
f 2620 2621 2622
f 2623 53 2634
f 53 2623 607
f 2614 1579 54
f 1607 611 1582
f 1582 608 2634
f 1582 611 608
f 611 2631 608
f 2622 3350 1015
f 2622 1015 2624
f 3392 4692 3393
f 4692 2625 3393
f 2620 2625 1038
f 2630 1596 2627
f 2627 1597 610
f 1597 67 610
f 2630 2626 2629
f 65 2630 2629
f 2626 611 2629
f 2626 610 2632
f 2628 2632 610
f 2632 2631 2626
f 1607 2629 611
f 2623 2634 613
f 2628 2635 612
f 2632 612 2633
f 2633 2631 2632
f 2633 608 2631
f 608 2633 2634
f 614 2634 2633
f 613 2634 614
f 2633 615 614
f 2633 612 615
f 612 2635 615
f 615 2637 2636
f 2628 67 2639
f 2635 2628 2639
f 2635 616 2638
f 2635 2638 615
f 2637 615 2638
f 1016 2637 2640
f 2638 2641 2640
f 2638 616 2641
f 2642 2640 2641
f 2640 2642 900
f 2643 2639 67
f 616 2639 2644
f 2644 617 616
f 617 3193 2641
f 71 2646 2643
f 72 2646 71
f 72 74 2646
f 2645 2643 2646
f 617 2644 2645
f 617 2645 2651
f 2646 2647 2645
f 74 2647 2646
f 2648 2651 2645
f 2649 1618 4325
f 1614 4325 1618
f 2649 2655 2650
f 2650 2655 3187
f 2647 4487 2648
f 2652 2651 2648
f 899 2651 2652
f 4487 2647 2650
f 2648 4487 2652
f 2652 2654 2653
f 2653 2654 618
f 3187 2654 4487
f 79 2655 4325
f 79 1619 2655
f 1619 1621 2657
f 1619 2657 2655
f 1113 623 642
f 619 2658 620
f 2659 4209 2679
f 2659 622 785
f 4341 622 2659
f 2682 4341 2679
f 2659 621 4209
f 623 641 642
f 624 2660 623
f 623 2660 4301
f 624 2661 2660
f 2661 2662 4301
f 2663 623 4301
f 623 2663 641
f 2663 625 634
f 2662 625 4301
f 2664 2716 2661
f 2716 2662 2661
f 2666 625 2662
f 2666 2665 625
f 2662 2715 2666
f 2665 2667 625
f 2667 626 625
f 626 2722 627
f 626 627 631
f 2668 647 628
f 648 647 2668
f 2691 628 647
f 2669 628 2691
f 630 2691 629
f 628 635 627
f 631 627 635
f 631 2670 626
f 635 628 2669
f 2675 2673 631
f 635 2675 631
f 2670 2673 632
f 626 634 625
f 626 2670 634
f 2670 632 634
f 2673 2671 633
f 639 2672 632
f 632 2672 641
f 2674 2673 2675
f 2677 2671 2674
f 636 2677 2674
f 4268 635 2669
f 2676 2675 4362
f 4302 4362 2687
f 4363 636 2676
f 637 2671 2678
f 2677 2678 2671
f 2677 804 2678
f 4399 637 2678
f 4453 2672 640
f 641 2672 4453
f 4453 642 641
f 4453 3510 642
f 2679 3510 4453
f 2683 2681 2684
f 622 4341 2680
f 2681 2685 2684
f 2681 2683 639
f 639 638 2681
f 643 2681 2686
f 2680 2684 2991
f 2991 2684 2685
f 2990 2680 2991
f 3011 2686 638
f 2677 636 804
f 805 804 636
f 805 636 4363
f 4380 4302 2687
f 4268 2689 2687
f 2676 4362 4302
f 644 4363 2676
f 4302 645 644
f 2689 4380 2687
f 2689 630 2704
f 630 2703 2704
f 630 629 2703
f 2704 2703 4146
f 629 2690 2703
f 2703 2690 3520
f 647 648 2700
f 647 2700 629
f 2700 646 629
f 2695 648 2668
f 2695 2668 4364
f 2692 2695 4364
f 2722 4364 2668
f 2721 2693 2692
f 2721 649 2693
f 2724 2693 649
f 2693 650 2692
f 2724 2720 2693
f 650 2693 2720
f 650 2696 2695
f 648 2695 2696
f 2696 650 2699
f 2698 2696 2699
f 2697 651 2698
f 2699 650 2694
f 663 2699 2735
f 2699 2719 2698
f 2699 663 2719
f 2698 2719 1161
f 2697 2698 3517
f 2696 2700 648
f 651 2700 2696
f 654 646 2702
f 2701 2697 1114
f 651 2697 2701
f 654 3520 2690
f 4146 2703 3520
f 652 2704 4146
f 652 4146 3518
f 2706 2689 2704
f 2705 652 3518
f 2707 2705 4147
f 2706 2707 4380
f 4211 2707 4147
f 4303 2708 653
f 4303 4211 2708
f 653 601 4303
f 601 653 4055
f 4055 653 4252
f 645 2688 3007
f 3006 3005 645
f 4363 644 3004
f 644 3005 3004
f 3007 3006 645
f 3007 2688 2709
f 3520 3518 4146
f 4331 654 2702
f 2710 2713 1239
f 1239 2713 2711
f 2711 2713 811
f 4210 2714 2716
f 2716 2715 2662
f 2715 655 2666
f 2716 2714 2717
f 2698 1161 3517
f 1161 2719 664
f 2736 2694 659
f 4364 2667 2721
f 649 656 2724
f 2723 2726 2724
f 2726 2720 2724
f 659 2720 2725
f 2726 660 2725
f 658 660 2726
f 2723 656 2727
f 657 649 2721
f 655 657 2666
f 656 655 2717
f 2715 2717 655
f 4210 1152 3579
f 3579 2728 4210
f 2717 2727 656
f 658 2723 2727
f 658 2726 2723
f 658 2730 660
f 2729 2730 658
f 2728 3600 2727
f 2732 661 2730
f 661 4212 660
f 2733 2732 2730
f 1082 2734 3472
f 2734 1082 2732
f 2732 2749 661
f 2731 659 4212
f 659 2731 2736
f 2735 2694 2736
f 662 671 2737
f 2736 2737 2735
f 2744 663 2737
f 2738 663 2744
f 1161 664 2718
f 664 2719 2738
f 2718 3617 3613
f 2739 664 2738
f 664 2739 3617
f 3617 2739 2741
f 3471 2742 2743
f 2743 2742 665
f 2747 666 665
f 666 2743 665
f 4342 3624 2740
f 2740 2739 667
f 2738 2744 667
f 2738 667 2739
f 667 2747 2740
f 666 2747 2746
f 666 2746 2745
f 671 2745 2746
f 2744 669 667
f 2746 2747 669
f 2746 670 671
f 2746 669 670
f 671 670 2737
f 672 2748 671
f 2749 671 662
f 671 2749 672
f 2748 1081 668
f 1079 2743 666
f 3629 2750 3630
f 673 2752 2750
f 2751 673 2750
f 2752 673 674
f 2752 674 2756
f 675 2752 2753
f 2754 2755 675
f 675 2755 3632
f 2757 3632 2755
f 2755 2754 676
f 2791 2760 2754
f 676 2754 2760
f 2755 676 2757
f 2757 2758 3633
f 3635 2758 2765
f 2765 2758 4365
f 676 2761 2763
f 2760 2768 2761
f 2763 2761 2762
f 2763 2762 2764
f 676 2763 4365
f 2764 2765 4365
f 2766 2765 2764
f 2765 2766 4332
f 2795 2766 2764
f 2762 2795 2764
f 2762 678 2795
f 2762 2767 678
f 2762 2768 2772
f 679 2772 2768
f 2769 2768 2760
f 681 2768 2769
f 681 2769 680
f 680 2770 681
f 679 682 2772
f 2777 2772 682
f 679 2773 682
f 2773 4343 683
f 690 2773 2768
f 2771 690 2768
f 684 2774 2773
f 684 2782 2774
f 4343 685 2775
f 2776 683 2775
f 2775 2779 2776
f 2772 2777 2767
f 2778 2767 2777
f 2777 2776 2778
f 678 2778 2784
f 2775 2780 2779
f 2780 2775 685
f 2778 2779 2780
f 2780 2783 2778
f 685 2781 2780
f 2781 687 2783
f 686 2781 685
f 2774 686 685
f 2782 686 2774
f 2783 687 2786
f 2784 2778 2783
f 2786 2784 2783
f 2785 2782 684
f 688 684 2773
f 1200 2789 2790
f 2789 688 2790
f 2790 688 690
f 3643 1200 2790
f 3643 2771 681
f 691 2791 677
f 677 2756 3476
f 692 2792 674
f 692 2794 2792
f 674 2792 2756
f 2756 2792 3476
f 691 4479 2770
f 678 2784 2787
f 678 2787 2795
f 33 2798 2797
f 2798 2796 591
f 2796 590 591
f 2796 2799 590
f 2799 2570 590
f 2570 2571 2581
f 1917 234 235
f 2800 235 234
f 1917 237 234
f 3021 2801 1926
f 4373 1926 2801
f 2802 3021 4412
f 2817 694 4213
f 2802 4213 694
f 3019 2804 2803
f 2818 2803 2819
f 2803 2805 2819
f 3692 2803 2804
f 2805 2803 3692
f 2805 3692 1243
f 2820 1243 2806
f 4416 4686 2810
f 4686 2807 2810
f 2808 4214 2807
f 2807 2809 2810
f 2809 4214 2814
f 2810 2809 2811
f 2809 2979 2812
f 2809 2812 2811
f 3709 2813 3754
f 234 696 2800
f 1920 1930 2816
f 1920 2816 697
f 697 237 1920
f 2816 2819 2820
f 2817 2819 2816
f 2817 4213 2818
f 2819 1243 2820
f 2819 2805 1243
f 2806 1255 695
f 2820 2806 2821
f 697 2820 2821
f 2821 2806 695
f 3718 2822 2864
f 1256 2823 700
f 696 1256 700
f 2823 2824 700
f 696 234 695
f 695 234 2821
f 237 2821 234
f 2821 237 697
f 700 4659 4304
f 4659 255 4304
f 693 4304 255
f 2824 4753 4659
f 4753 255 4659
f 4659 700 2824
f 2824 698 4258
f 2884 699 4336
f 4304 2800 696
f 2053 4919 2052
f 4919 298 2052
f 2052 2861 2053
f 2052 721 2861
f 4411 721 2052
f 721 2826 2827
f 2826 2828 2827
f 2860 2827 2828
f 2828 2826 2911
f 298 2829 4411
f 701 4877 2829
f 4877 4411 2829
f 4411 4877 2910
f 4877 701 2910
f 701 2829 4307
f 299 4307 2829
f 2908 4307 299
f 3156 4910 2910
f 4910 2826 2910
f 2826 4910 2911
f 4910 3156 2911
f 2828 2859 2860
f 2827 4838 721
f 2842 4872 4838
f 4872 721 4838
f 302 709 702
f 2832 302 702
f 2841 703 2831
f 2830 2841 2831
f 2834 2830 2831
f 2830 2834 702
f 2832 702 2834
f 2060 2832 2833
f 2831 704 2834
f 2831 703 704
f 2832 2834 2833
f 2835 2833 2834
f 4488 3477 2837
f 2836 2837 2849
f 2837 3477 2838
f 705 706 2838
f 2839 706 705
f 705 3477 2840
f 2849 2838 716
f 706 716 2838
f 2839 4901 4860
f 4901 712 4860
f 4860 2847 2839
f 4488 704 2840
f 2840 704 703
f 707 2840 708
f 2845 4326 708
f 710 2842 703
f 2841 710 703
f 2830 709 2841
f 4293 2064 709
f 2842 4817 703
f 4817 708 703
f 708 4817 2845
f 4817 2842 2845
f 707 4797 2843
f 4797 4326 2843
f 4305 4805 712
f 4805 2852 712
f 4305 719 2846
f 2852 4805 2846
f 4805 4305 2846
f 2844 4875 711
f 4875 2843 711
f 2860 2845 2842
f 2845 4798 4794
f 4798 2859 4794
f 4794 4326 2845
f 3155 4826 4794
f 4826 4326 4794
f 4794 2859 3155
f 717 4848 2852
f 4848 712 2852
f 2847 4860 4848
f 4860 712 4848
f 4848 717 2847
f 716 706 715
f 706 2839 713
f 715 714 906
f 2851 716 715
f 2851 2849 716
f 715 906 2851
f 717 2848 2847
f 2854 2846 2853
f 2853 2846 3141
f 2848 717 3200
f 3141 719 2857
f 4305 4934 719
f 4934 2856 719
f 2857 719 2856
f 2856 2844 720
f 2857 2856 2858
f 2859 4798 2860
f 4798 2845 2860
f 721 4891 2861
f 4891 710 2861
f 709 4912 2841
f 4912 2861 2841
f 2861 2064 2053
f 2053 2064 2051
f 4293 300 2064
f 2862 698 2824
f 2877 2862 3722
f 3722 3720 2863
f 3720 729 2863
f 3720 2864 729
f 2864 2822 2865
f 2886 2864 2865
f 722 723 2822
f 2822 723 728
f 2865 2822 728
f 3726 725 723
f 3726 3727 724
f 725 2869 2870
f 2867 2874 2876
f 2876 2868 2867
f 2870 2868 2871
f 723 725 728
f 728 725 2958
f 725 2870 2958
f 2868 2876 726
f 2872 2871 726
f 2871 2872 2955
f 2955 2872 4149
f 2874 2867 2875
f 772 2876 4150
f 4149 2872 2960
f 733 2878 2877
f 2881 2879 2878
f 2879 698 2878
f 699 2884 2899
f 4336 2825 2884
f 2880 2884 2825
f 2879 2880 2825
f 2879 2881 2885
f 2880 2885 2882
f 2883 2884 2880
f 731 2900 2883
f 2883 2882 731
f 730 2882 2885
f 2903 2882 730
f 2882 2903 731
f 2885 744 732
f 2863 4216 4463
f 2865 728 734
f 728 2957 735
f 728 735 734
f 4216 729 2886
f 2888 2887 735
f 2888 735 737
f 2956 735 2957
f 737 735 2956
f 737 2889 2888
f 2889 2952 2951
f 2888 2889 738
f 2888 738 2890
f 2890 740 2887
f 734 2887 740
f 2891 2890 738
f 738 2951 759
f 2951 739 759
f 759 2928 2891
f 2890 742 740
f 741 742 2890
f 2894 741 758
f 742 741 2893
f 741 2894 2893
f 2895 742 2892
f 4349 4306 2894
f 2894 4306 2893
f 743 740 2895
f 732 2897 2896
f 743 2895 2898
f 4216 743 2898
f 4463 4216 2898
f 2898 744 4463
f 4216 2863 729
f 2886 743 4216
f 2884 2900 2899
f 2901 2899 745
f 2900 2884 2883
f 731 2902 2900
f 731 2903 747
f 2903 730 2924
f 2924 4269 2903
f 2924 730 4215
f 730 2885 732
f 732 2896 4215
f 755 4269 2924
f 731 747 2904
f 2902 731 2904
f 2906 2902 2904
f 2905 748 2906
f 748 2917 2906
f 2905 3338 748
f 2906 2917 2916
f 745 2907 2901
f 2909 2910 701
f 2909 883 2910
f 2914 701 4307
f 2914 4307 2912
f 2912 2908 2067
f 2913 4217 2069
f 2914 2912 4217
f 2913 2069 2070
f 2913 749 4217
f 2913 2907 749
f 2914 2915 2909
f 4217 2915 2914
f 746 2907 745
f 2916 4928 2906
f 4928 746 2906
f 746 749 2907
f 746 4928 749
f 4928 2916 749
f 2915 4841 750
f 4841 2916 750
f 748 2918 751
f 2916 2917 750
f 751 750 2917
f 751 752 750
f 753 752 751
f 2919 751 2918
f 2920 753 2919
f 2919 2921 2920
f 753 4909 752
f 4909 3157 752
f 3338 2922 2918
f 747 3338 2905
f 2904 747 2905
f 2924 4215 4218
f 761 4349 2930
f 3338 747 756
f 755 4218 754
f 4218 755 2924
f 754 761 3436
f 757 754 2927
f 3343 757 1011
f 1011 757 2927
f 2927 3436 4426
f 4349 2894 2930
f 741 2928 758
f 2928 741 2891
f 2931 2928 759
f 2931 2929 760
f 2928 760 758
f 760 2930 758
f 760 2934 2930
f 2929 2934 760
f 2934 762 2930
f 3436 761 762
f 2933 2934 2929
f 2931 2932 2929
f 759 739 2931
f 739 2932 2931
f 739 4220 2932
f 2932 4219 2929
f 4220 2935 4219
f 4220 4221 2935
f 2951 2936 739
f 2938 4221 2937
f 2996 4221 2938
f 4221 4220 2937
f 2938 2950 2949
f 2949 2939 2938
f 2939 764 2938
f 2996 2938 763
f 2940 2995 763
f 2940 763 764
f 2940 764 2941
f 2940 2945 2995
f 2941 768 2940
f 2941 2942 765
f 764 2942 2941
f 764 2939 2942
f 2949 766 2939
f 2942 2939 2944
f 2941 765 768
f 2943 2944 767
f 767 1059 2947
f 2943 767 2947
f 4270 765 2943
f 4270 768 765
f 4270 2945 768
f 783 4270 2978
f 2947 2978 2943
f 4354 3754 2947
f 2947 1059 4354
f 767 2944 1060
f 1060 1059 767
f 1059 1060 3265
f 2950 2938 2953
f 2953 2938 2936
f 2953 2936 2951
f 2953 2952 770
f 737 736 2952
f 736 2954 2952
f 736 771 2954
f 2954 940 770
f 770 940 4148
f 2950 3266 2949
f 2950 4148 3266
f 2955 771 2956
f 2955 4149 771
f 2957 2959 2956
f 2958 2870 2959
f 2870 2871 2959
f 2963 2960 772
f 772 773 2963
f 2874 4439 4150
f 4150 2961 727
f 4222 4439 2874
f 4439 2966 2961
f 727 2961 2962
f 773 727 2962
f 772 727 773
f 2875 4222 2874
f 2873 2875 2866
f 2875 2873 774
f 775 774 2964
f 774 3731 2875
f 4439 2965 2966
f 4222 2965 4439
f 776 2965 2973
f 3731 2967 4222
f 3738 2967 3731
f 1261 3738 3731
f 2967 2974 2965
f 2974 2973 2965
f 2962 2961 2970
f 2962 2970 777
f 777 773 2962
f 2969 773 777
f 2970 2961 2968
f 2971 936 778
f 2972 2971 2968
f 2972 779 2971
f 2967 3738 4244
f 3293 3294 780
f 3293 780 781
f 780 3744 3288
f 2977 782 4354
f 941 2977 4354
f 2947 3754 2978
f 783 2978 2813
f 3708 2812 2979
f 4223 2979 784
f 4223 783 2813
f 784 783 4223
f 784 4270 783
f 784 769 4270
f 2985 784 2979
f 2979 4749 2985
f 4749 2986 2985
f 2814 2984 2815
f 2814 4741 2984
f 4741 787 2984
f 787 4741 2980
f 4741 2814 2980
f 4214 2980 2814
f 2980 4717 2981
f 4717 2808 2981
f 2981 619 620
f 620 621 785
f 620 785 2980
f 2980 785 787
f 785 622 2982
f 2982 787 785
f 2981 620 2980
f 2982 622 2983
f 2680 2983 622
f 2983 786 2982
f 787 2982 2984
f 788 2984 786
f 788 2815 2984
f 2986 4749 2815
f 4749 2979 2815
f 2989 788 786
f 2815 788 2986
f 784 2985 789
f 789 2985 2986
f 789 2986 791
f 789 791 790
f 789 769 784
f 769 789 2987
f 789 790 2987
f 2993 2987 790
f 788 2989 2986
f 791 2988 790
f 790 2988 4316
f 792 4316 2988
f 2990 2989 786
f 793 2989 2990
f 2990 794 793
f 2991 2685 2992
f 643 2992 2685
f 794 2991 2992
f 2999 793 794
f 801 2993 2998
f 2994 2993 800
f 2946 2987 2994
f 2945 769 2946
f 2995 2946 795
f 795 2994 798
f 796 763 2995
f 2996 796 797
f 798 2997 796
f 799 2997 798
f 3396 2997 799
f 3396 3399 2997
f 799 798 2994
f 2993 801 800
f 2994 800 799
f 3400 3397 801
f 792 793 4235
f 793 2999 4235
f 802 2999 794
f 4235 801 2998
f 2999 3000 1045
f 3000 2999 803
f 3001 2992 3002
f 643 2686 3002
f 2678 3003 4399
f 3003 2678 804
f 804 805 3010
f 806 805 3004
f 3013 806 3004
f 3008 3006 3007
f 3008 3007 4324
f 3017 3006 3008
f 3009 3004 3005
f 3010 806 3012
f 807 808 3010
f 3003 804 808
f 2686 3406 3002
f 3406 2686 3011
f 3407 3011 3003
f 804 3010 808
f 3409 808 807
f 808 3409 3003
f 1073 807 3012
f 3012 806 4151
f 4151 806 3013
f 3013 598 4151
f 3013 3014 598
f 4151 809 3012
f 3462 4151 598
f 596 3014 3015
f 3015 3016 4340
f 3015 3014 3017
f 3015 3017 3016
f 810 4340 3016
f 810 3016 4381
f 3014 3013 3009
f 3009 3017 3014
f 3016 3017 3008
f 4381 3008 4324
f 3018 2804 3019
f 2804 3018 2713
f 3759 3020 4474
f 2102 2101 3021
f 3022 2818 4213
f 3019 3022 3018
f 813 3022 2802
f 813 3018 3022
f 811 3018 813
f 3023 811 813
f 811 3023 3020
f 3024 4474 3020
f 4413 812 815
f 3025 815 812
f 4412 3025 812
f 4412 813 2802
f 3021 2101 4412
f 814 3025 2105
f 814 2105 2104
f 322 814 2104
f 816 814 322
f 3023 4413 3024
f 3026 4168 4474
f 3250 4168 3026
f 4474 3024 3026
f 3256 4413 815
f 814 815 3025
f 816 3256 815
f 3024 4413 3256
f 3027 3256 816
f 3027 816 3252
f 2101 3025 4412
f 818 4565 3028
f 4565 3034 3028
f 820 3034 3036
f 3030 4546 3034
f 4546 3028 3034
f 3028 4555 3032
f 4555 817 3032
f 3034 4565 3036
f 4565 818 3036
f 818 4414 3031
f 4327 4308 4152
f 4152 3038 3037
f 2112 3038 4152
f 3032 817 3033
f 3033 4328 325
f 2110 3030 2111
f 326 3029 2110
f 327 3033 4489
f 2111 3030 819
f 3039 344 821
f 821 3041 3040
f 3041 821 820
f 3041 820 822
f 3036 4569 3045
f 4569 3031 3045
f 822 3036 3035
f 4327 823 4414
f 2150 344 3039
f 826 3040 4271
f 3040 3041 825
f 3040 825 4271
f 4271 825 3044
f 3062 4271 3042
f 827 3043 3042
f 3042 3044 828
f 828 3044 829
f 825 829 3044
f 3041 3055 825
f 822 3055 3041
f 3055 822 830
f 836 830 3046
f 3046 3035 3045
f 3048 4564 3049
f 4564 4414 3049
f 831 4516 3045
f 4516 3046 3045
f 3048 4509 3031
f 3047 4525 4509
f 4525 3031 4509
f 832 3049 823
f 3049 832 3050
f 918 4551 4454
f 4551 824 4454
f 824 3050 3037
f 3037 3050 832
f 3050 4523 3051
f 918 4579 4523
f 4579 3051 4523
f 3050 3051 3052
f 3050 3052 3049
f 3052 3048 3049
f 3047 4509 4503
f 4509 3048 4503
f 4503 4272 3047
f 831 3047 835
f 851 4440 835
f 3046 3053 3054
f 3054 836 3046
f 837 830 836
f 830 837 3055
f 3056 836 3057
f 3056 3057 2137
f 838 3054 3053
f 3058 3057 838
f 3056 2137 839
f 836 3056 844
f 844 3056 839
f 2139 842 3066
f 826 358 2150
f 357 842 3060
f 840 355 3061
f 355 840 4153
f 356 4153 357
f 3061 4464 840
f 2153 358 3059
f 358 826 3062
f 3065 4578 3062
f 4578 358 3062
f 3064 841 827
f 828 829 3063
f 837 3063 3055
f 3055 3063 829
f 4309 3063 837
f 3064 3063 4309
f 844 3064 4309
f 3064 827 828
f 841 3064 843
f 4153 840 841
f 3061 3065 4464
f 3065 3043 4464
f 843 842 4153
f 842 843 3066
f 843 3064 844
f 3066 843 844
f 839 3066 844
f 4309 836 844
f 846 2169 393
f 364 2169 846
f 2173 364 847
f 3067 846 393
f 846 3067 3069
f 3067 845 3069
f 3067 392 845
f 845 392 838
f 838 3053 3072
f 838 3072 3071
f 838 3071 845
f 3068 3162 847
f 3069 845 3070
f 3069 3070 848
f 4224 846 849
f 848 849 3069
f 3070 845 3071
f 3071 3072 3083
f 3072 850 3083
f 3072 4440 850
f 3073 4540 4272
f 4540 835 4272
f 3225 3074 4272
f 835 4540 851
f 3073 4588 4540
f 4588 851 4540
f 3075 3077 3073
f 3073 3227 3075
f 3079 3075 3227
f 3076 4382 851
f 3076 852 4382
f 3080 3078 3079
f 3228 3080 3079
f 3078 3081 3092
f 3078 3092 3077
f 4154 4382 852
f 4154 852 3082
f 3083 3091 3084
f 3083 3084 3071
f 849 848 3085
f 3085 4224 849
f 3070 3088 848
f 3070 3084 3090
f 3088 3070 3090
f 3090 3089 3088
f 4224 853 3086
f 3164 3086 853
f 854 3086 3164
f 854 3162 3086
f 365 3163 2174
f 3164 853 3087
f 4225 853 4224
f 3085 855 4225
f 859 855 3085
f 3085 3088 859
f 859 3088 3089
f 859 3089 3103
f 3089 3090 3105
f 3091 850 4154
f 3093 3082 852
f 857 3082 3093
f 368 4533 3081
f 4533 3092 3081
f 368 3081 3080
f 3240 4550 3080
f 4550 368 3080
f 2428 4538 3240
f 368 4550 4538
f 4550 3240 4538
f 852 3092 372
f 372 856 852
f 856 3093 852
f 3095 4818 857
f 4818 3082 857
f 856 902 3194
f 857 4874 3095
f 4874 4441 3095
f 858 4925 4809
f 4925 3095 4809
f 4809 3197 858
f 3095 4925 4442
f 4925 858 4442
f 3094 3095 4442
f 3090 3084 3102
f 3105 3090 3102
f 3100 4455 4442
f 3099 4455 3100
f 3101 4942 3099
f 4942 3102 3099
f 3103 3089 3105
f 855 859 3110
f 3102 4942 3104
f 4942 3101 3104
f 3101 3100 3107
f 860 3107 3100
f 3196 3197 4441
f 3106 4856 858
f 4856 4442 858
f 3107 860 3106
f 3101 3107 3108
f 3107 3106 4226
f 863 3101 3108
f 3108 3107 3109
f 3109 3107 4226
f 868 3108 3109
f 3106 4836 4226
f 4836 4274 4226
f 714 4822 862
f 4822 3197 862
f 3199 4839 4822
f 4839 3197 4822
f 4822 714 3199
f 3198 4902 3199
f 4902 4155 3199
f 4274 4836 3198
f 3106 4853 4836
f 4853 3198 4836
f 861 4226 3137
f 3111 3104 863
f 3104 3111 3103
f 3112 3103 3111
f 3112 4952 3103
f 4952 859 3103
f 3113 4837 3112
f 859 4952 4837
f 4952 3112 4837
f 859 4837 3110
f 4837 3113 3110
f 3113 865 3110
f 864 3112 3111
f 867 3112 864
f 3113 3112 867
f 4227 865 867
f 3115 3110 3114
f 3110 865 3114
f 865 3116 3114
f 2198 3114 866
f 3116 866 3114
f 3115 3087 3110
f 3164 2200 2247
f 3116 865 4227
f 867 864 868
f 866 3116 3119
f 384 382 3123
f 3109 861 3135
f 3135 3129 3117
f 3118 3117 3129
f 3118 4888 868
f 4888 867 868
f 3122 4227 3120
f 3128 3118 3129
f 3128 3120 3118
f 3121 3122 3124
f 3121 3124 3125
f 3121 869 3122
f 3119 3116 869
f 869 870 3119
f 3119 870 385
f 3119 385 3123
f 3123 385 384
f 869 3121 3125
f 4156 3124 3127
f 3124 3120 3127
f 3127 3120 3128
f 3127 3131 4156
f 3125 3126 869
f 3126 870 869
f 3129 3135 3133
f 3129 3133 3132
f 3127 3128 3132
f 3144 3125 4156
f 3130 3125 3144
f 3126 3125 3130
f 3131 3144 4156
f 3127 3138 3131
f 3135 3137 872
f 872 3134 3135
f 3133 3134 3136
f 3132 871 3138
f 3132 3138 3127
f 3132 3133 871
f 3136 871 3133
f 3134 2855 3136
f 4274 3200 3137
f 3200 872 3137
f 3136 2855 2852
f 3136 2852 2854
f 3138 871 874
f 3131 3138 873
f 3130 3144 3145
f 873 3144 3131
f 873 3138 3143
f 2853 875 2854
f 875 3139 874
f 875 2853 3139
f 3139 3142 874
f 3142 3148 874
f 3142 3139 718
f 718 2853 3140
f 3140 2853 3141
f 3138 874 3148
f 3148 3143 3138
f 3145 873 4310
f 391 3145 4191
f 876 3165 4191
f 3147 3143 3146
f 3148 3146 3143
f 3149 877 3142
f 3168 877 3149
f 3140 3141 2857
f 3151 3140 2857
f 3140 3151 3150
f 2858 878 3151
f 878 2858 3152
f 891 3151 878
f 891 3150 3151
f 720 3152 2858
f 3153 879 3152
f 3152 3171 878
f 3154 3171 879
f 3154 879 3159
f 3153 3159 879
f 2844 4795 720
f 880 4830 4795
f 4830 720 4795
f 880 4795 3155
f 4795 2844 3155
f 3155 2859 881
f 2859 4802 881
f 4802 3158 881
f 882 883 2909
f 2909 2915 882
f 2915 750 882
f 3157 4847 883
f 4847 3156 883
f 885 4813 2920
f 884 4821 4813
f 4821 2920 4813
f 4443 3161 885
f 4443 4879 3161
f 4879 888 3161
f 3161 4849 884
f 3158 4857 4849
f 4857 884 4849
f 2911 4801 886
f 3157 4807 4801
f 4807 886 4801
f 3158 4802 886
f 2859 4819 4802
f 4819 886 4802
f 886 4812 3158
f 884 4857 4812
f 4857 3158 4812
f 888 4825 3158
f 4825 881 3158
f 881 4825 4811
f 4825 888 4811
f 4811 880 881
f 3153 4889 4830
f 4889 720 4830
f 4830 880 3153
f 889 4949 4811
f 4949 880 4811
f 4811 888 889
f 3153 4855 3160
f 4855 889 3160
f 3154 3159 3175
f 3175 3159 887
f 3160 887 3159
f 3160 889 3182
f 888 4879 4840
f 4879 4443 4840
f 4840 889 888
f 2172 847 3162
f 2172 3162 3163
f 2171 2172 3163
f 854 3163 3162
f 3126 3130 391
f 3165 876 3204
f 3203 3204 876
f 3147 3146 908
f 3146 910 908
f 3148 877 910
f 3149 3140 3167
f 3167 3150 3170
f 3170 3150 891
f 3170 890 3169
f 3170 3174 890
f 891 878 3174
f 3174 878 3171
f 3172 3171 3154
f 3172 3154 3175
f 3173 3171 3172
f 3173 3174 3171
f 890 3174 3173
f 890 3173 3478
f 890 3478 3212
f 3478 3213 3212
f 3478 3173 3184
f 3184 3173 3172
f 3183 3175 887
f 887 3160 4228
f 3183 4228 895
f 895 3185 3183
f 4228 3160 4273
f 4228 3176 895
f 4228 3186 3176
f 3179 3182 4443
f 4475 3177 4443
f 3177 3178 892
f 893 892 3178
f 3180 893 3181
f 4443 892 3179
f 3180 4273 3179
f 2653 893 3190
f 3186 3180 3181
f 3186 4273 3180
f 3176 897 895
f 3185 3172 3183
f 3184 3172 3185
f 3184 3185 913
f 895 913 3185
f 2656 895 897
f 3186 896 3176
f 897 3176 896
f 897 896 894
f 894 3480 897
f 2654 3480 618
f 3190 893 898
f 3178 898 893
f 3339 3191 3177
f 3178 3177 3191
f 3189 899 3190
f 899 3188 2651
f 2651 3188 617
f 3193 617 3188
f 4157 3193 3188
f 898 3178 3191
f 3191 3339 3345
f 3345 3339 1007
f 901 3189 3190
f 898 4895 3190
f 4895 901 3190
f 3189 3192 4157
f 3193 3192 2642
f 900 3351 1013
f 3189 901 3192
f 901 1012 3351
f 1012 4444 3346
f 4444 3345 3346
f 4444 3191 3345
f 4444 4907 3191
f 4907 898 3191
f 901 4895 4444
f 898 4907 4895
f 4907 4444 4895
f 3195 903 902
f 3195 2315 903
f 903 904 902
f 904 3096 902
f 4441 3096 3196
f 3197 3196 862
f 3198 3199 905
f 714 905 3199
f 3198 905 713
f 4274 2848 3200
f 904 903 440
f 3201 3196 904
f 862 3196 3201
f 906 714 862
f 3201 441 3202
f 864 3111 863
f 907 2346 2347
f 907 4933 2851
f 4933 2850 2851
f 2850 4933 2347
f 4933 907 2347
f 3202 907 2851
f 906 3202 2851
f 4427 907 3202
f 906 3201 3202
f 3204 3203 3205
f 461 3204 3205
f 3205 3166 3207
f 3166 3205 3203
f 3166 3203 3147
f 3166 3206 3207
f 909 3208 3205
f 3208 2364 462
f 3205 3208 462
f 2364 3208 2368
f 2368 909 3210
f 3209 4490 1621
f 912 4490 3209
f 2368 3210 2379
f 908 910 3206
f 3168 4350 910
f 4350 3168 3169
f 3207 3206 3211
f 3169 3211 4350
f 890 3212 3169
f 3211 3169 3212
f 3212 3210 3211
f 3210 3212 3213
f 3213 3214 3210
f 2377 3214 912
f 2379 3214 2377
f 911 912 3213
f 3478 3184 911
f 3184 913 911
f 1621 4490 913
f 1621 913 2656
f 487 3215 914
f 487 2406 3215
f 3215 915 914
f 3215 4202 915
f 3216 914 916
f 2399 914 3216
f 3238 917 916
f 3219 917 926
f 3220 4583 3221
f 4583 3216 3221
f 3222 4572 3220
f 3216 4583 4572
f 4583 3220 4572
f 3218 3222 3223
f 3223 833 3218
f 3223 4581 4529
f 4581 3220 4529
f 4529 919 3223
f 918 833 3223
f 3224 4577 919
f 4577 3223 919
f 3223 4577 918
f 4577 3224 918
f 3224 919 920
f 920 4575 3224
f 4575 834 3224
f 3051 4579 3226
f 4579 918 3226
f 918 3224 3226
f 3226 3052 3051
f 3226 834 3052
f 4272 4503 3225
f 3048 4506 4503
f 4506 3225 4503
f 3225 4506 834
f 3048 4570 4506
f 4570 834 4506
f 834 4575 3230
f 4575 920 3230
f 3231 3227 3074
f 3227 3231 3229
f 3227 3229 3079
f 3228 3079 3229
f 919 921 920
f 921 3230 920
f 3232 921 3233
f 3231 3230 3229
f 922 3229 3230
f 3230 3232 922
f 3232 923 922
f 3234 923 3232
f 3234 3232 3233
f 3241 922 923
f 3241 923 488
f 488 923 2409
f 921 4513 924
f 4513 3220 924
f 919 4529 4513
f 4529 3220 4513
f 4513 921 919
f 3237 924 3220
f 924 3237 4229
f 3236 2409 3234
f 3236 3235 2409
f 924 4229 3236
f 3237 3219 4229
f 4229 3219 3242
f 3245 3244 926
f 916 3246 3238
f 3246 914 915
f 4202 3239 915
f 3247 3246 3239
f 922 3241 3228
f 3240 488 2428
f 2411 3235 495
f 495 3235 3243
f 927 495 3243
f 925 3244 3243
f 3244 3245 3249
f 496 3249 3245
f 3245 928 3248
f 3238 928 917
f 928 3246 3247
f 3247 3248 928
f 3251 4275 3255
f 3251 3255 3026
f 3027 3252 3251
f 3251 3252 4275
f 512 3252 3253
f 3252 930 4275
f 3770 930 2448
f 2448 514 3770
f 933 514 4360
f 4275 930 3254
f 3255 4275 3254
f 3254 3250 3255
f 526 3779 933
f 3251 3024 3256
f 776 2972 2968
f 776 3257 2972
f 3257 779 2972
f 934 3257 3258
f 2973 3259 3258
f 2967 4244 2974
f 3257 934 779
f 952 934 3292
f 935 779 3279
f 2971 935 936
f 3260 778 3276
f 2970 778 777
f 773 2969 2963
f 2969 777 937
f 778 937 777
f 3261 778 3260
f 939 937 3261
f 3261 4344 939
f 939 4344 3272
f 3262 939 3268
f 3272 4158 3268
f 771 4149 2960
f 771 3263 940
f 3263 771 2960
f 3264 938 3262
f 3264 4148 940
f 4148 3264 3266
f 766 3267 2948
f 4158 2948 3267
f 3265 941 4354
f 941 3435 3270
f 2948 3269 1060
f 2948 4158 3269
f 3266 3262 3267
f 3268 3267 3262
f 4158 3272 3269
f 3269 3272 1061
f 3435 1061 3270
f 941 3270 942
f 3270 3271 942
f 1061 3273 3270
f 3270 956 3271
f 3270 3273 956
f 1061 3272 3273
f 4344 3273 3272
f 3295 4344 3261
f 3261 3260 3295
f 3260 3275 3274
f 3274 3295 3260
f 3273 4344 3295
f 3295 3274 955
f 3282 955 3274
f 3260 3276 3275
f 3274 3277 3282
f 943 3280 3279
f 3280 3281 3278
f 944 3277 4230
f 944 945 3277
f 946 948 944
f 4230 959 944
f 944 3302 946
f 947 945 948
f 948 946 3283
f 3286 948 4276
f 4276 3285 3286
f 3285 4276 3284
f 3285 3284 1305
f 1305 949 3285
f 3297 948 3286
f 3297 947 948
f 2976 963 3287
f 3289 964 963
f 963 3288 3289
f 3307 3306 3287
f 781 3290 954
f 950 954 3290
f 3290 4159 950
f 951 950 4159
f 950 951 3291
f 954 950 3292
f 953 3294 4244
f 3292 3258 3259
f 3259 3293 954
f 3294 3293 3259
f 947 3297 3296
f 3271 3299 942
f 956 955 4476
f 4476 957 3299
f 957 4476 3300
f 955 3300 4476
f 3300 955 3817
f 958 3297 949
f 3298 3296 3297
f 3301 3291 4231
f 3301 943 3291
f 3301 3281 943
f 4230 3278 3281
f 3301 959 3281
f 959 4230 3281
f 3284 3481 971
f 960 3284 3283
f 3302 3304 3303
f 4159 3306 951
f 3306 961 951
f 4231 3305 959
f 966 3313 962
f 3307 3287 963
f 3821 963 964
f 965 963 3308
f 3308 3309 965
f 3823 1308 3310
f 968 3823 3310
f 970 976 969
f 3312 3302 3305
f 972 3312 3305
f 972 961 3313
f 980 3313 966
f 965 3309 966
f 3831 974 3314
f 973 974 3831
f 976 3316 969
f 1310 3831 3833
f 3831 3314 3833
f 974 3324 3314
f 974 3315 3324
f 975 3315 974
f 977 3316 3317
f 3316 977 3315
f 3315 977 3323
f 960 3316 976
f 3318 3304 978
f 3312 972 3304
f 978 4160 3317
f 978 972 4160
f 980 972 3313
f 972 979 4160
f 3317 4160 3319
f 3317 3319 977
f 980 979 972
f 4160 981 3319
f 982 3320 980
f 981 979 3479
f 3320 3479 979
f 966 3309 982
f 3309 3320 982
f 3479 3320 967
f 3315 3323 3324
f 3314 3324 3322
f 3314 3326 3833
f 3324 983 3322
f 3326 3322 4329
f 4329 3322 983
f 3324 3325 983
f 3325 3330 983
f 984 3329 983
f 3329 4329 983
f 3326 4329 3833
f 3328 3833 4329
f 4329 3329 3328
f 4232 3450 3452
f 985 3328 3329
f 1314 3328 3331
f 3325 1070 3330
f 3457 3330 1070
f 985 984 3457
f 3457 986 985
f 986 3457 3446
f 990 989 3335
f 3843 988 991
f 3844 991 992
f 993 992 991
f 991 987 993
f 987 985 993
f 997 995 994
f 986 995 993
f 996 3437 994
f 992 3438 3844
f 998 1000 4477
f 1001 4477 1000
f 3337 4477 1001
f 3337 1001 999
f 1003 999 1002
f 989 1003 1002
f 1006 2921 2922
f 1005 885 2920
f 1006 1005 2921
f 1006 2922 4233
f 3339 1005 1006
f 4233 1008 4161
f 4233 4161 1007
f 1007 1006 4233
f 3345 1007 3341
f 3341 4161 1009
f 3345 3341 3346
f 1009 3347 3341
f 2925 2923 3338
f 2925 2926 3343
f 2925 3343 3342
f 3342 3343 4445
f 3370 3340 3342
f 3370 1009 3340
f 1009 1010 3344
f 4445 3370 3342
f 1012 3346 3348
f 1009 3344 3352
f 3347 1009 3352
f 3349 3347 3352
f 3347 3349 3348
f 3351 1012 3349
f 614 2636 3350
f 1014 1013 1016
f 1013 4924 1016
f 4924 4162 1016
f 4162 4924 4277
f 4924 1013 4277
f 3349 4915 4277
f 4915 1019 4277
f 1020 3353 1017
f 1019 3352 3354
f 3352 3353 3354
f 4162 4277 1019
f 1019 1018 4162
f 3355 1020 1021
f 3355 1018 1019
f 1041 4616 1018
f 4616 3393 1018
f 1018 3355 1041
f 3355 1021 1041
f 1021 1020 3356
f 1021 3356 4491
f 3356 1023 1022
f 3357 3367 3361
f 3344 1010 3357
f 1010 3370 3369
f 3368 3357 3369
f 3361 3367 3360
f 3360 3367 3358
f 3358 3366 3359
f 3362 3359 3365
f 1022 3361 4415
f 3361 3360 4415
f 3363 3362 3364
f 3362 3365 3364
f 3376 1029 3364
f 3376 3364 1028
f 3365 1028 3364
f 3366 3374 3365
f 3366 1024 3374
f 1027 3374 1024
f 4311 1024 3358
f 3368 4311 3367
f 3358 3367 4311
f 3369 4330 3368
f 4445 3343 1011
f 3371 1025 4426
f 1025 2927 4426
f 3371 4426 3372
f 4311 3371 3372
f 3372 4426 1026
f 4311 1027 1024
f 2934 3373 1026
f 3373 2934 2933
f 1028 3365 3374
f 3373 2933 4478
f 3374 4478 4278
f 4234 4219 2935
f 3376 1028 4278
f 3375 1029 3376
f 3394 3375 3376
f 1034 1029 3377
f 3363 3364 3378
f 3379 3363 3378
f 3379 3378 1030
f 3363 3379 3380
f 3380 3381 3363
f 3380 4793 1031
f 4793 3382 1031
f 3383 4669 3380
f 3382 4793 4669
f 4793 3380 4669
f 3381 3380 1031
f 1031 4415 3381
f 3360 3359 3381
f 3381 4415 3360
f 3384 3383 1033
f 1030 3378 1034
f 1034 3377 3395
f 1047 3433 1034
f 1033 1030 3433
f 1033 4767 3384
f 4767 3390 3384
f 3383 3384 3385
f 3383 3385 1032
f 3386 1032 3385
f 1035 3386 3385
f 1035 4770 3388
f 4770 3387 3388
f 1039 4782 1035
f 4782 1036 1035
f 1035 1036 3386
f 3389 3384 3390
f 3433 4674 1033
f 3390 4767 4674
f 4767 1033 4674
f 3390 4608 3389
f 4608 1037 3389
f 3387 4705 3388
f 4705 2617 3388
f 1038 2625 1039
f 3388 4735 3391
f 4735 1038 3391
f 3391 1038 1039
f 3391 1039 1035
f 1036 4782 3392
f 4782 1039 3392
f 2625 4692 1039
f 4692 3392 1039
f 3392 1041 1036
f 3382 1032 1040
f 3382 4491 1031
f 4415 1031 4491
f 4491 1022 4415
f 4491 1040 1021
f 1040 1041 1021
f 1040 1036 1041
f 3393 4616 3392
f 4616 1041 3392
f 4162 1018 3393
f 3393 1015 4162
f 2624 1015 3393
f 1015 4951 4162
f 4951 1016 4162
f 4278 4234 3394
f 797 4221 2996
f 4221 3394 2935
f 3377 3400 3395
f 3377 1042 3400
f 1042 3398 3400
f 3394 1043 3375
f 797 3394 4221
f 3397 799 800
f 3398 3396 3397
f 3397 3400 3398
f 3396 1043 3399
f 1042 1043 3396
f 1043 1042 3375
f 4235 3395 801
f 3403 3395 1044
f 3401 1044 1046
f 1044 1045 1046
f 1046 1045 3402
f 3401 3403 1044
f 1047 3395 3403
f 3395 1047 1034
f 3404 1047 3403
f 3404 3403 3401
f 3401 1048 3404
f 3402 4614 1046
f 4614 1048 1046
f 1048 4614 3405
f 4614 3402 3405
f 3405 3402 3434
f 3000 3434 3402
f 3000 803 3410
f 3413 4748 3410
f 4748 3000 3410
f 3001 3410 803
f 3408 3011 3407
f 3461 3407 3409
f 3407 3461 1049
f 3408 1049 3406
f 3461 3414 1049
f 3409 807 1073
f 3414 3461 1053
f 3001 4465 3410
f 3410 4465 1050
f 3412 1050 3411
f 4465 3411 1050
f 1051 3413 1050
f 1050 1052 1051
f 3411 1049 3412
f 3414 3415 1049
f 3415 3414 3416
f 3412 3415 1052
f 1050 3412 1052
f 3427 3431 3415
f 3427 3416 3418
f 3418 3416 1053
f 3416 3414 1053
f 3468 3417 1053
f 1053 3417 3418
f 3417 3463 3418
f 3463 3419 3418
f 1054 3427 3418
f 1054 4693 4662
f 4693 3426 4662
f 4662 3427 1054
f 3426 4693 1058
f 4693 1054 1058
f 3420 4731 1058
f 4731 3425 1058
f 3464 3420 1076
f 3466 4652 3464
f 4652 3420 3464
f 3425 4731 4652
f 4731 3420 4652
f 3466 4737 4652
f 4737 3425 4652
f 1057 4658 3421
f 4658 2609 3421
f 1055 4697 605
f 4697 2609 605
f 1037 3422 3387
f 3423 4746 4608
f 4746 1037 4608
f 4608 3390 3423
f 2609 4697 1056
f 4697 1055 1056
f 1056 1055 3422
f 3422 1037 1056
f 1056 4673 2609
f 4673 3421 2609
f 3424 4684 3423
f 1037 4746 4684
f 4746 3423 4684
f 3421 4673 3424
f 1056 4689 4673
f 4689 3424 4673
f 3428 4617 3430
f 3424 4708 4617
f 4708 3430 4617
f 3421 4725 1057
f 4725 3428 1057
f 1057 4650 3425
f 4650 1058 3425
f 1058 4709 3426
f 4709 3428 3426
f 3428 4709 4650
f 4709 1058 4650
f 4650 1057 3428
f 3429 4603 3426
f 3427 4662 4603
f 4662 3426 4603
f 3427 4603 3431
f 3429 4634 4603
f 4634 3431 4603
f 3430 4779 4732
f 4779 3429 4732
f 4732 3428 3430
f 3428 4732 3426
f 4732 3429 3426
f 3431 4634 3459
f 4634 3429 3459
f 3460 4620 3430
f 3429 4779 4620
f 4779 3430 4620
f 3429 4620 4600
f 4620 3460 4600
f 4600 3459 3429
f 1047 4618 3433
f 4618 3432 3433
f 3460 4682 3404
f 3432 4771 4682
f 4771 3404 4682
f 3404 4771 4618
f 4771 3432 4618
f 4618 1047 3404
f 1048 3460 3404
f 3430 4602 3460
f 3432 4682 4602
f 4682 3460 4602
f 3405 4667 1048
f 4667 3460 1048
f 3434 4740 3405
f 4740 3459 3405
f 1051 4768 4740
f 4768 3459 4740
f 4740 3434 1051
f 3434 3413 1051
f 3265 4354 1059
f 3435 1060 3269
f 3269 1061 3435
f 4330 1025 3371
f 4311 3368 3371
f 754 3436 2927
f 3336 3438 4477
f 4477 3438 998
f 998 3438 1062
f 998 1062 1000
f 3439 1000 1062
f 3441 3439 3444
f 3439 1062 996
f 1063 996 994
f 986 1063 995
f 3446 3440 986
f 1000 3439 1064
f 1000 1064 1004
f 1064 3439 3441
f 1065 1064 3441
f 1064 1065 3442
f 3443 989 3442
f 989 990 1003
f 3443 3335 989
f 3335 3443 3334
f 3334 3443 1065
f 3443 3442 1065
f 1066 3441 3447
f 3447 3441 3444
f 3444 1063 3445
f 3444 3445 3447
f 3447 3445 1072
f 1066 3447 1072
f 3441 1066 1065
f 3334 1065 3448
f 3452 3450 3451
f 3452 3451 1067
f 3454 3451 3453
f 3453 3448 1068
f 3448 1065 1068
f 1068 1065 1066
f 1068 1066 3454
f 3458 1067 3454
f 3455 3452 1067
f 3456 3458 1069
f 967 968 3452
f 3452 3455 967
f 3457 1070 3446
f 1072 3445 1070
f 1070 3325 1071
f 3321 1069 1071
f 1071 1069 4279
f 3456 1069 3321
f 4279 1072 1070
f 1072 3458 1066
f 1070 1071 4279
f 3456 1067 3458
f 3458 4279 1069
f 3459 4688 3431
f 4688 1052 3431
f 3459 4600 3405
f 3460 4667 4600
f 4667 3405 4600
f 2683 2682 4453
f 1073 3461 3409
f 809 1073 3012
f 1075 809 1074
f 1053 3461 1073
f 3468 1075 1077
f 3468 3467 3417
f 3417 1078 3463
f 3417 3467 1078
f 3465 4665 3466
f 2607 4721 4665
f 4721 3466 4665
f 3425 4737 4595
f 4737 3466 4595
f 2608 4630 4595
f 4630 3425 4595
f 2608 4595 2607
f 3466 4721 4595
f 4721 2607 4595
f 1513 2603 4254
f 2563 3464 1076
f 3465 4627 2603
f 4627 4254 2603
f 2562 4710 4627
f 4710 4254 4627
f 3465 4773 4627
f 4773 2562 4627
f 1074 1077 1075
f 3469 3470 1074
f 3470 1077 1074
f 2574 3470 3469
f 3470 3467 1077
f 586 3467 3470
f 3467 586 1078
f 3471 2743 1079
f 1080 2793 1079
f 1079 668 1080
f 1079 2793 674
f 673 1079 674
f 3471 1079 673
f 1080 1081 1083
f 3472 1081 1082
f 3473 1081 3472
f 1081 3473 1083
f 692 1080 1083
f 692 1083 1085
f 1083 3475 1085
f 1083 3473 3475
f 3660 3474 3473
f 3473 3474 3475
f 3668 1085 3475
f 669 2737 670
f 2794 3476 2792
f 1085 4479 2794
f 2794 692 1085
f 4488 2840 3477
f 3321 3479 3456
f 3325 981 3321
f 3479 3321 981
f 3480 894 618
f 894 896 3181
f 2920 4821 753
f 884 4867 4821
f 4867 753 4821
f 3157 4909 4867
f 4909 753 4867
f 4867 884 3157
f 752 883 882
f 3339 4475 1005
f 885 1005 4475
f 3311 976 970
f 3283 3318 960
f 1087 1131 1212
f 1089 1087 4116
f 1087 1212 4116
f 3482 158 3486
f 3483 3484 157
f 157 1775 3483
f 1095 4639 1096
f 4639 3484 1096
f 3482 3483 1775
f 3484 4401 1096
f 3484 1091 4401
f 4400 3484 3483
f 3482 3486 1090
f 1091 3484 4400
f 3491 1091 4400
f 3568 1092 3935
f 1093 3935 1092
f 1090 1092 3485
f 1092 1090 3487
f 1092 3487 1093
f 3486 3487 1090
f 163 1093 3487
f 163 1094 1093
f 1093 1094 3488
f 1374 4970 3488
f 4970 1093 3488
f 3488 1094 4391
f 3488 3936 1374
f 1782 4391 1094
f 1782 1094 163
f 3487 162 163
f 4401 4747 4715
f 4747 1097 4715
f 4715 1096 4401
f 1097 4747 4366
f 4747 4401 4366
f 4401 1091 3489
f 3489 1091 3490
f 3491 4400 1098
f 1098 1100 3491
f 1098 3492 1100
f 1098 3485 3568
f 1099 3492 1098
f 3491 1100 3493
f 3493 1101 3490
f 1101 3495 1102
f 1102 3490 1101
f 1102 3495 3494
f 3575 3494 1103
f 3495 1105 1103
f 4466 3495 1101
f 4466 3496 3495
f 1101 4790 4466
f 4790 3561 4466
f 1103 4655 3575
f 3499 4714 4655
f 4714 3575 4655
f 1105 4621 1103
f 3499 4655 4621
f 4655 1103 4621
f 1109 1106 4237
f 4383 4237 1106
f 1108 4383 3501
f 3504 4762 4237
f 4762 1109 4237
f 1110 4666 3504
f 1109 4762 4666
f 4762 3504 4666
f 3650 1108 3501
f 3650 3501 3651
f 3649 3651 3501
f 3501 3503 3649
f 4237 4695 3504
f 3499 4698 4695
f 4698 3504 4695
f 3499 3505 3506
f 3505 1112 3506
f 3504 3506 1111
f 1110 619 3502
f 1110 4677 2658
f 4677 3509 2658
f 1111 4660 3504
f 4660 1110 3504
f 1111 1112 3507
f 3511 3507 1112
f 1113 3510 3508
f 619 1110 2658
f 3509 621 2658
f 624 1113 3507
f 3511 1112 3505
f 1105 3511 3505
f 3512 3511 1105
f 4466 3515 3513
f 3515 3516 3513
f 3513 3516 3511
f 3513 3511 3512
f 3516 2664 3511
f 3515 3514 3516
f 3514 3576 3516
f 3516 3576 1152
f 2664 3516 1152
f 1152 4210 2664
f 3517 1114 2697
f 4252 653 2708
f 1120 4147 2705
f 3533 1120 2705
f 3518 3533 2705
f 3533 3518 4312
f 3521 3523 1115
f 3518 3519 4312
f 3519 4331 4312
f 3519 3520 654
f 3519 654 4331
f 4312 4331 3525
f 3521 1115 1116
f 3522 3521 3524
f 3530 3524 1119
f 1115 3525 1116
f 3525 4331 1117
f 3525 3527 1116
f 3526 1116 3527
f 3585 3528 1117
f 3527 1117 3528
f 1118 3526 3584
f 1118 3584 3529
f 1118 1116 3526
f 1119 1118 1137
f 3532 3524 3530
f 1119 3531 3530
f 1135 3530 3531
f 3522 3532 3541
f 3541 3523 3522
f 3523 3541 3533
f 4252 1120 3541
f 4056 4252 1126
f 1122 1121 1124
f 3538 1421 1122
f 4163 3534 3535
f 3535 1129 4163
f 1129 1123 4163
f 1129 3535 3536
f 3536 3535 1128
f 3537 1128 3535
f 3537 3538 3539
f 3538 1122 3539
f 3539 1122 3540
f 1122 1124 3540
f 1124 3532 3540
f 1125 3539 3540
f 3540 3532 3542
f 3541 1120 3533
f 1125 3540 3542
f 4428 3539 1125
f 3539 4428 3537
f 1127 3537 4428
f 1130 1086 1129
f 1423 1131 1087
f 1423 1086 1131
f 1131 3544 3543
f 1131 1130 3544
f 1131 1086 1130
f 1130 1129 3544
f 1129 3543 3544
f 3543 1129 1213
f 1213 1129 3536
f 4428 3549 1127
f 3549 4240 1127
f 3550 3549 4428
f 3550 3545 3549
f 3545 3546 3547
f 3548 3547 3546
f 3547 3548 3552
f 3552 1132 3547
f 3551 1133 1134
f 3554 1133 3553
f 3546 1135 1136
f 3550 1125 1135
f 3530 3542 3532
f 3530 1135 3542
f 1136 3553 1133
f 3553 1136 3531
f 1138 3553 3531
f 1138 1119 1137
f 3529 1155 1137
f 1139 3554 3555
f 3555 1154 1139
f 1138 1137 3555
f 1137 1155 3555
f 3555 1155 1154
f 1154 1140 1139
f 1154 3556 1140
f 1139 3557 3554
f 1133 3554 1134
f 1134 3554 3557
f 3560 3557 3559
f 1139 1140 3558
f 3557 3560 1134
f 1141 3560 1145
f 3563 1145 3560
f 3562 3563 3559
f 3559 3558 3562
f 3558 4239 3562
f 3563 3562 3561
f 1142 3563 3561
f 1145 3564 1141
f 4280 1141 3564
f 3565 4280 3566
f 3565 3566 3552
f 3552 3566 3567
f 3568 3569 1099
f 1099 3570 3492
f 1143 1142 3493
f 3561 4790 3493
f 4790 1101 3493
f 1142 3561 3493
f 3563 1142 1144
f 3569 3570 1099
f 1095 4612 172
f 4612 1847 172
f 3573 1850 3572
f 3571 3572 1847
f 3571 4637 1149
f 1096 4668 4637
f 4668 1149 4637
f 1148 4718 1149
f 4718 3573 1149
f 206 4729 208
f 4729 3573 208
f 1203 4728 229
f 4728 1242 229
f 1242 4728 3574
f 4728 1203 3574
f 4416 1146 3574
f 228 1207 1899
f 4384 1207 228
f 4384 1901 1107
f 1147 3497 3498
f 3575 4791 1147
f 4791 3497 1147
f 1097 4763 1147
f 4763 3575 1147
f 3575 4763 4366
f 4763 1097 4366
f 3494 3575 4366
f 4366 4792 3494
f 4792 1102 3494
f 1149 1097 1148
f 1148 1097 1147
f 3573 4718 208
f 1148 4764 4718
f 4764 208 4718
f 208 4764 1107
f 4764 1148 1107
f 1150 1151 3514
f 3576 3514 1151
f 1151 3577 3576
f 3578 1152 3576
f 1160 3577 4238
f 3582 3592 3580
f 1140 3582 1153
f 4238 1151 1150
f 1153 4238 1150
f 1153 1150 4239
f 3583 3556 1154
f 3584 3583 1155
f 3584 3528 3591
f 3528 3584 3526
f 3527 3528 3526
f 4331 3586 1117
f 4331 2702 3597
f 3586 1156 1157
f 3586 3595 1156
f 1157 1156 4283
f 3591 3528 3585
f 4282 1157 4283
f 4282 4283 3588
f 3591 4282 3587
f 4282 3590 3587
f 3590 4282 3589
f 3588 3589 4282
f 3587 3583 3591
f 1158 3583 3587
f 3590 3605 1158
f 1163 3592 1159
f 3581 3592 1163
f 3578 3577 3603
f 3605 3606 3604
f 4283 4345 3588
f 3589 3588 3612
f 3605 3590 3607
f 3598 4345 4283
f 1156 3598 4283
f 1156 3595 3598
f 2702 1114 3597
f 3596 3597 1114
f 3586 3597 3595
f 3596 1114 3517
f 3595 3596 3598
f 3596 3517 3598
f 3598 3517 1162
f 1162 3517 1161
f 4284 658 3600
f 3599 2729 4284
f 3601 4284 3600
f 3600 3602 3601
f 3602 3600 2728
f 3578 3602 3579
f 3578 3603 3602
f 3601 3602 3603
f 3603 3594 3601
f 1163 3594 3593
f 3605 3607 3606
f 1164 3606 3608
f 3606 3607 3608
f 3608 1170 1164
f 3619 3609 1164
f 3606 1165 3604
f 1166 3610 1165
f 3604 1165 3610
f 3610 1163 3604
f 3610 3594 1163
f 3599 3594 3610
f 3610 1166 3599
f 1167 2733 2729
f 1166 1167 3599
f 2733 1167 1216
f 2718 1168 1162
f 3611 3598 1168
f 4345 3598 3611
f 4345 3611 3612
f 3611 3614 3612
f 1168 3613 1169
f 1168 2718 3613
f 3611 1169 3614
f 3607 3614 3608
f 1169 1173 3614
f 3614 1173 3615
f 3608 3614 1172
f 1164 1170 3619
f 1171 1172 3618
f 1170 1171 3620
f 3614 3615 1172
f 1169 3613 1173
f 1173 3613 1174
f 1175 1174 3613
f 3615 1174 3618
f 1174 4346 3618
f 1175 3616 3621
f 3617 2741 1175
f 1175 2741 3616
f 2741 3624 3616
f 1171 3618 1176
f 1177 3619 4164
f 4164 3619 1170
f 4164 1178 1177
f 1178 4285 1177
f 3621 3622 3623
f 3616 3622 3621
f 1179 4342 2742
f 4346 3623 1180
f 4367 1179 3627
f 4342 3622 3624
f 3622 3616 3624
f 4367 3627 3625
f 1180 4367 3625
f 3623 4367 1180
f 1180 1181 1176
f 1182 1181 1180
f 1180 3625 1182
f 1218 3620 1171
f 1176 1181 1218
f 3626 3628 1182
f 3629 3626 1182
f 3627 3629 1182
f 3629 3627 2751
f 2751 2750 3629
f 3628 3626 1187
f 4483 1183 3628
f 3629 3630 3631
f 1184 3631 1185
f 1185 3631 3632
f 1185 2757 3633
f 1186 3631 1184
f 3626 3631 1186
f 3626 1186 1187
f 1186 3634 1220
f 3634 1186 1184
f 3634 1184 3637
f 3637 1188 3639
f 1185 3633 1188
f 3633 3635 1188
f 1188 3635 1191
f 3637 3639 3636
f 1189 3636 3638
f 3638 1190 1189
f 3646 1201 3638
f 3638 3639 3646
f 3636 3639 3638
f 1191 3639 1188
f 2759 1202 3648
f 686 1192 687
f 3640 1194 1192
f 1193 1192 686
f 1193 2782 2785
f 687 1194 2786
f 3640 1196 3641
f 1195 1194 3641
f 1194 1195 2788
f 3672 1195 3641
f 1195 3672 1226
f 3671 3672 3641
f 2785 689 1197
f 1193 1198 1196
f 1198 1193 2785
f 2785 1197 1198
f 689 3642 1197
f 689 2789 3642
f 1199 1197 3642
f 1198 1197 1199
f 1199 3642 1231
f 1230 3642 2789
f 3665 1200 4496
f 3643 3666 4496
f 3644 681 2770
f 4433 1230 3665
f 3645 4433 3665
f 1227 1201 3646
f 3646 3647 1227
f 3646 1191 3647
f 1191 3648 3670
f 3515 1104 4239
f 3561 3562 1104
f 1203 4631 3574
f 4631 1204 3574
f 1204 4631 3649
f 4631 1203 3649
f 2807 4686 1204
f 4686 4416 1204
f 1208 2808 2807
f 2981 1205 3502
f 3503 1205 1208
f 3650 1206 1108
f 1206 3500 1108
f 4384 3500 1206
f 3650 3651 1899
f 1208 3649 3503
f 1209 1132 1211
f 4240 1209 1127
f 4128 3652 1211
f 4128 3653 3652
f 1210 3654 1127
f 1210 1127 3658
f 3652 1209 1211
f 3655 1209 3652
f 1209 3655 3658
f 3656 3655 3652
f 3656 3652 3653
f 1212 3656 3653
f 4117 4116 1212
f 1131 3656 1212
f 1131 3543 3656
f 3543 1213 3656
f 1213 3536 3657
f 3657 3654 1210
f 1210 1213 3657
f 3655 3656 1213
f 1213 3658 3655
f 3658 1213 3659
f 3659 1210 3658
f 1084 4285 3660
f 1216 1084 2734
f 1166 1215 1216
f 1177 1215 1166
f 3609 1177 1166
f 1177 4285 1215
f 3660 3661 1219
f 3660 1219 3474
f 3668 3474 1219
f 3661 1217 1219
f 3662 1217 3661
f 3661 1214 3662
f 1214 1218 3662
f 3620 1218 1178
f 1217 1221 1219
f 3662 1183 1221
f 1187 1220 4483
f 1221 4483 3663
f 4417 1222 4241
f 3665 3664 1222
f 4496 3664 3665
f 3664 4496 3666
f 4417 1224 1222
f 4417 1220 1223
f 1223 1220 1224
f 1224 1220 3634
f 1222 3645 3665
f 1189 1190 1224
f 3645 1224 1190
f 3669 3644 4479
f 3644 3669 3667
f 3668 3667 3669
f 4241 3666 3668
f 1225 1221 4241
f 1221 1225 1219
f 3668 1219 1225
f 3668 1225 4241
f 3668 3669 1085
f 3648 1202 1226
f 1202 4332 1226
f 3648 1226 3670
f 3670 1226 3672
f 3670 3672 3647
f 1227 3671 1228
f 1227 1228 1232
f 1229 1201 1227
f 3642 1230 1231
f 1199 1231 1232
f 1232 1231 1229
f 3673 1228 3671
f 1199 3674 1198
f 1232 3674 1199
f 1196 3674 3673
f 1149 4668 1097
f 1096 4715 4668
f 4715 1097 4668
f 1859 1860 3675
f 1859 3675 1233
f 1862 1233 3676
f 1233 3675 3677
f 1233 3677 3676
f 3676 1234 1877
f 3676 3677 1234
f 1234 3677 3678
f 1860 1865 3675
f 3675 4429 3678
f 3678 1895 1234
f 1895 3678 3682
f 1864 3676 1877
f 1235 1895 1236
f 3683 1895 3682
f 3675 1865 4429
f 4429 1238 3682
f 4429 3679 1238
f 3681 3680 3679
f 3687 1896 225
f 3680 1896 3686
f 3684 1238 3679
f 3685 1237 3686
f 3680 1237 3684
f 1238 3684 1273
f 3684 1237 1241
f 3686 1239 3685
f 1237 3680 3686
f 3689 3686 3687
f 229 4242 225
f 225 4242 3687
f 4242 3689 3687
f 2710 3689 3688
f 1241 1237 3685
f 3685 1240 1241
f 2804 2713 2710
f 3690 4242 229
f 4242 3690 3691
f 229 1242 3690
f 3689 3691 3688
f 3692 3688 3694
f 3698 4642 3699
f 4642 3690 3699
f 3691 3698 3697
f 3697 3694 3691
f 3688 3691 3694
f 3694 3697 3693
f 3697 4243 3693
f 3695 4243 3697
f 3694 1243 3692
f 3693 2806 1243
f 3697 3696 3695
f 3696 3697 3698
f 3698 1249 3696
f 1242 4632 3690
f 4632 3699 3690
f 3699 4632 1250
f 4632 1242 1250
f 1242 3574 1146
f 4416 1250 1146
f 3693 4243 1255
f 1255 1245 1244
f 1246 1245 3695
f 1246 3696 1247
f 1246 3703 1245
f 1245 3703 3702
f 2806 3693 1255
f 1244 3700 3716
f 3702 3700 1245
f 3700 3702 3719
f 1246 3704 3703
f 1247 3706 3705
f 3725 3704 3705
f 3706 1247 1248
f 1247 1249 1248
f 3707 1306 1250
f 3707 1250 1251
f 3707 1251 1252
f 1251 1250 2810
f 1250 4416 2810
f 2811 1251 2810
f 1252 1251 2811
f 1252 2811 3708
f 3708 2811 2812
f 3709 1252 3708
f 2813 3709 3708
f 3709 4498 1252
f 3711 3710 4498
f 1252 4498 3710
f 4498 1253 3711
f 4498 3713 1253
f 3711 3712 3710
f 1248 4387 3712
f 4419 3714 3712
f 3712 3711 4419
f 1254 1253 3713
f 3709 3754 3713
f 3713 3754 782
f 1254 3713 782
f 1253 1254 4418
f 4418 3752 4419
f 4418 1254 3715
f 2977 1254 782
f 1255 1244 4446
f 1256 695 1255
f 4446 1256 1255
f 3717 3702 3703
f 3719 3702 3718
f 3717 2822 3718
f 1257 3718 2864
f 3719 3718 1257
f 3721 3719 1257
f 3721 4165 3701
f 3701 4165 3716
f 4446 3716 4165
f 3722 4165 3721
f 3720 3721 1257
f 3721 3720 3722
f 4165 3722 2823
f 3717 722 2822
f 3723 3703 3704
f 722 3723 3727
f 3727 3726 722
f 1259 3704 3725
f 3706 1260 3705
f 1260 3724 3705
f 3725 3728 1259
f 3728 3724 1258
f 3727 1259 724
f 775 2964 1259
f 3728 775 1259
f 1258 3730 3728
f 3730 1258 4166
f 3729 4166 1258
f 3729 3737 4166
f 3714 4419 3729
f 3752 3751 4419
f 3737 3736 4166
f 3728 3730 3732
f 775 1261 774
f 775 3732 1261
f 3734 3730 3733
f 3732 4286 1261
f 3736 1262 3733
f 3736 4480 1262
f 1267 4480 3737
f 1262 4480 1263
f 3733 1262 3735
f 1263 3746 1262
f 3735 1262 3746
f 3738 4286 4244
f 3739 3740 1264
f 4286 1264 953
f 1264 3740 953
f 3739 3741 3740
f 3741 3744 3740
f 2975 3740 3744
f 3740 2975 953
f 3742 3741 4167
f 3742 3743 3741
f 3745 3743 3742
f 4167 3748 3742
f 3739 4167 3741
f 3739 3735 3746
f 4402 3746 1266
f 3746 1263 1266
f 1266 3750 4402
f 4402 3747 1265
f 3746 1265 4167
f 3747 4167 1265
f 949 3748 958
f 3747 958 3748
f 958 3747 3819
f 3747 4402 3819
f 3819 4402 3818
f 3818 4402 3750
f 3750 1266 3749
f 3750 3753 3818
f 1268 3753 3750
f 1269 3751 3752
f 1268 1267 1269
f 957 1268 1270
f 1270 1269 4484
f 3715 1271 4484
f 2977 1271 3715
f 1254 2977 3715
f 4245 1241 1272
f 1241 2712 1272
f 3684 3760 1273
f 1238 3758 3682
f 3682 3758 3683
f 3683 1236 1895
f 3757 1274 3758
f 1274 1236 3683
f 2072 1236 1274
f 1235 1236 308
f 308 224 1235
f 1276 1275 2072
f 1275 3756 3755
f 1280 310 3755
f 3756 3767 3755
f 3767 3756 3763
f 3761 3763 3756
f 1276 3761 3756
f 1274 3757 1276
f 4245 1272 3759
f 3757 3760 4245
f 4245 3759 3762
f 3762 3757 4245
f 3757 1273 3760
f 3757 3761 1276
f 3761 3762 3763
f 3762 3759 3764
f 1272 2712 3759
f 3759 2712 3020
f 1277 3763 3762
f 3764 1278 1277
f 1279 3765 3766
f 3759 4474 4168
f 1283 3765 1278
f 3755 3767 1280
f 3767 1279 1280
f 1281 1280 1279
f 1286 3768 1281
f 1281 3766 1286
f 3768 4385 1282
f 3769 3250 1285
f 1278 4246 1283
f 1285 4246 3769
f 1283 3766 3765
f 1283 4246 1286
f 3770 3254 930
f 4368 929 3254
f 1288 929 3774
f 932 4368 3770
f 3774 929 4368
f 4368 932 931
f 4360 526 933
f 4246 1285 3772
f 1287 4385 3768
f 1287 3768 3771
f 1287 3771 528
f 1286 3773 3771
f 1286 3772 3773
f 1288 3772 1285
f 1288 1285 929
f 3772 1288 1284
f 3776 3773 1284
f 3772 1284 3773
f 1284 4386 3776
f 3774 931 1289
f 931 933 3775
f 1290 3777 3776
f 3776 4386 1290
f 3778 3776 3777
f 3773 3776 3778
f 3771 3773 3778
f 530 3778 531
f 3777 531 3778
f 4386 1289 1290
f 1290 1289 1291
f 3775 3779 4247
f 1291 1289 4247
f 4467 1290 1291
f 1291 4247 1293
f 1291 1293 1292
f 1293 3780 1292
f 3785 3783 3781
f 3781 3780 3782
f 3781 3782 1294
f 4247 3782 1293
f 3782 4247 3779
f 3779 1294 3782
f 1294 3790 3781
f 3781 3790 3785
f 3789 3784 3783
f 1295 3780 3784
f 1295 1292 3780
f 3846 1292 1295
f 1295 3784 3788
f 3783 3785 3789
f 3786 527 4377
f 2474 2473 3787
f 1295 3788 3787
f 3784 3789 3788
f 3787 2477 2474
f 3787 4313 2477
f 3788 3792 4313
f 3785 3790 3796
f 3795 3785 3796
f 3789 3791 3792
f 3785 3795 3791
f 3786 3795 3796
f 3796 3790 1294
f 527 3796 1294
f 1296 3797 1297
f 3795 1296 3794
f 3793 3794 1299
f 3797 541 1297
f 3798 3794 1296
f 3798 1299 3794
f 4499 1298 1297
f 2475 4499 1297
f 2475 553 4499
f 1301 1299 3800
f 1299 1301 1300
f 3801 1300 1303
f 3793 1300 3801
f 3801 1303 3804
f 3793 3801 4313
f 1304 4313 3801
f 3792 3793 4313
f 1304 2484 2476
f 2477 4313 1304
f 1304 3804 3803
f 3803 3804 3805
f 3805 1303 3807
f 3810 3805 3807
f 3805 3810 3806
f 3805 3806 547
f 3808 3806 3810
f 3808 3810 3809
f 3810 3807 1302
f 1301 3800 1302
f 3809 3814 3808
f 549 548 3811
f 549 3811 3812
f 3811 3806 3812
f 3808 3812 3806
f 549 3812 2488
f 2488 3812 3813
f 3812 3808 3813
f 2488 3813 551
f 3814 551 3813
f 3814 3813 3808
f 3809 3799 3815
f 3814 3815 553
f 553 551 3814
f 3799 1298 3815
f 2977 941 1271
f 941 942 1271
f 1271 942 4484
f 1305 3284 971
f 971 3816 1305
f 3816 949 1305
f 3288 3743 3289
f 3817 3296 3298
f 957 1270 942
f 942 3299 957
f 3300 3753 957
f 3753 3300 3818
f 3300 3817 3818
f 3298 3818 3817
f 3818 3298 3819
f 958 3819 3297
f 3298 3297 3819
f 1249 1306 1248
f 1306 4387 1248
f 1307 3745 3825
f 1307 3822 3820
f 3823 3821 1308
f 1309 3822 3825
f 1309 3828 3822
f 3828 3310 1308
f 3828 3829 3310
f 3825 3745 3824
f 3745 3816 971
f 971 3824 3745
f 3824 970 3825
f 3311 970 3824
f 3825 970 3826
f 3826 3830 1309
f 3827 970 969
f 3824 971 3311
f 3745 3742 3816
f 3748 3816 3742
f 3816 3748 949
f 4232 3310 3829
f 3829 3828 3830
f 3832 3835 3830
f 4169 3827 973
f 4169 973 3831
f 3831 3832 4169
f 1310 3832 3831
f 1310 3834 3832
f 3833 3328 1314
f 1310 3833 1314
f 3834 1311 3836
f 3836 3835 3834
f 3836 3830 3835
f 4232 3837 3450
f 3829 3836 3837
f 3837 3836 3327
f 3836 1311 3327
f 3837 3449 3450
f 4430 3834 1310
f 3834 4430 1315
f 1312 1311 1315
f 3327 1312 4170
f 1315 1313 1312
f 3331 3333 1314
f 1314 3333 3838
f 1315 1314 3838
f 4430 1314 1315
f 1315 3838 1313
f 3838 3333 1316
f 1316 988 3842
f 1313 3839 3840
f 3840 3841 1317
f 4170 1313 1317
f 4170 1317 3334
f 3335 1317 3841
f 3335 3334 1317
f 3335 3841 990
f 1318 3841 3839
f 3840 3839 3841
f 3842 3839 1316
f 3843 3842 988
f 3842 3843 3839
f 3839 3843 3845
f 3843 3336 3845
f 3844 3843 991
f 3845 3336 3337
f 3844 3438 3336
f 3839 3845 1318
f 1003 990 1319
f 3841 1318 990
f 1319 3845 3337
f 1318 3845 1319
f 560 559 1295
f 3846 1295 559
f 561 3846 559
f 4467 3846 561
f 3846 1291 1292
f 1434 1340 3860
f 1434 3847 1340
f 1320 3847 1332
f 4458 1334 1332
f 3848 4458 1332
f 1321 3849 3850
f 4048 3851 3849
f 4049 1088 1087
f 3852 3851 4049
f 1324 4119 1322
f 1324 1322 3852
f 4173 1326 3852
f 3852 1322 4173
f 4119 1323 1322
f 1324 3852 4049
f 1460 3853 3854
f 3854 1329 1325
f 3853 1329 3854
f 3849 1326 3850
f 3855 3856 1327
f 1327 4314 3855
f 1328 3856 4173
f 3857 1328 4173
f 1325 3857 1322
f 1323 1325 1322
f 3859 1328 3857
f 3862 1328 3859
f 3857 1325 3859
f 1331 1329 3853
f 3860 1331 1330
f 3860 3865 1331
f 4314 3862 3863
f 3858 1329 3865
f 3864 3858 3865
f 3863 3861 4314
f 3874 3863 3862
f 3874 3862 3864
f 3861 3863 1345
f 3855 3861 3937
f 3863 3874 1345
f 3874 3864 3873
f 3865 3860 1340
f 4456 3866 1332
f 4456 1332 1334
f 1333 1335 1334
f 1335 3867 1334
f 1333 3870 1335
f 4456 3867 1338
f 3871 1336 1337
f 1337 3867 3938
f 1337 3868 3871
f 4120 4125 3870
f 4124 3869 3870
f 1336 3871 1339
f 1336 1339 1338
f 3871 4987 1339
f 4987 3878 1339
f 3868 4985 3871
f 3878 4987 4985
f 4987 3871 4985
f 3866 4456 1338
f 3866 1338 1342
f 1341 3866 1342
f 1332 3866 1341
f 1320 3872 3847
f 3847 3872 1340
f 3872 3873 1340
f 1340 3864 3865
f 1340 3873 3864
f 3874 3873 3881
f 3881 3873 3884
f 1320 4171 3872
f 1346 3872 3882
f 3875 1344 4171
f 1343 3875 1342
f 1338 1343 1342
f 1343 1339 1349
f 1344 3876 3882
f 1343 1349 3879
f 3877 3893 3878
f 1349 3878 3893
f 3879 1344 3875
f 1344 3879 1352
f 1344 1352 3876
f 1346 3884 3873
f 1345 3881 3880
f 3885 1345 3880
f 3880 3881 3895
f 3876 3883 3882
f 3883 3876 3888
f 3881 3884 3895
f 3885 3880 1347
f 1348 1345 3885
f 1345 1348 3937
f 3880 3895 3886
f 3886 3895 3952
f 3884 1346 3887
f 3883 3888 3887
f 3888 3876 1352
f 3953 3887 3888
f 3887 3961 3894
f 1352 3879 1353
f 3877 4972 4959
f 4972 3889 4959
f 4959 3891 3877
f 3889 4972 3878
f 4972 3877 3878
f 1350 4958 3889
f 3891 4959 4958
f 4959 3889 4958
f 3878 4985 3889
f 4985 3868 3889
f 3891 4958 3948
f 4958 1350 3948
f 3890 3891 3948
f 1351 4994 3891
f 4994 3877 3891
f 3877 4994 3893
f 4994 1351 3893
f 3892 1351 3891
f 3893 4964 1378
f 4964 3956 1378
f 3879 4347 1353
f 4347 3879 1378
f 3952 3894 1354
f 3895 3884 3894
f 3895 3894 3952
f 1356 1358 1355
f 1356 1357 3905
f 3902 3896 3897
f 1355 1358 3899
f 3898 3899 1358
f 1358 3900 3898
f 3899 3898 1442
f 3897 3900 1358
f 3900 3897 1737
f 1736 3900 1737
f 3901 3896 3902
f 3902 4459 3901
f 1356 3905 3904
f 3904 3905 4248
f 1359 3901 4459
f 4459 3903 1359
f 3903 1360 3908
f 3905 1357 1362
f 1355 1361 1357
f 1361 3906 1362
f 1361 1362 1357
f 1360 3912 3908
f 3907 4248 1363
f 3910 3909 1363
f 1363 3911 1364
f 3912 1364 1365
f 3908 3912 1365
f 1365 1366 3908
f 1366 4388 3908
f 3916 4983 4388
f 4983 3908 4388
f 3908 4983 3903
f 4983 3916 3903
f 3916 3913 3903
f 3914 4991 4389
f 4991 4388 4389
f 4389 4388 1366
f 4389 1366 3940
f 3940 4249 4389
f 4249 3930 4389
f 3913 3924 1359
f 3901 1359 141
f 1359 3924 141
f 3913 3916 3917
f 3930 3915 4389
f 1367 3918 3915
f 3914 4993 3917
f 4993 1368 3917
f 1368 3918 3927
f 3917 1368 3919
f 3919 3923 3917
f 3927 3922 1368
f 3920 3927 3918
f 1367 3920 3918
f 1368 3922 3926
f 1369 3919 3926
f 1369 3923 3919
f 3923 3924 3917
f 141 3924 3925
f 3925 1369 4348
f 3925 4348 149
f 2513 3925 149
f 141 3925 2513
f 1369 3926 4005
f 3922 3927 4002
f 3920 3921 3927
f 3931 1386 1370
f 3928 1370 3921
f 3929 3928 1367
f 3929 1371 3928
f 3930 3929 3915
f 3930 4249 1372
f 4249 3940 3939
f 4315 1372 3942
f 3929 3932 4250
f 4250 1371 3929
f 1371 142 3928
f 3928 142 1370
f 1373 4250 3932
f 3932 1375 1373
f 3932 4315 1375
f 4315 1376 1375
f 1755 3933 1754
f 3933 1755 4481
f 4348 4005 3934
f 149 4348 1755
f 1755 4348 3934
f 1374 3951 3935
f 3947 3936 3945
f 3936 4391 1778
f 3564 4124 4280
f 3564 3869 4124
f 3569 1337 3938
f 3569 3869 3564
f 1376 3954 1375
f 3941 4249 3939
f 3943 187 3954
f 3954 3944 3943
f 3944 1823 3943
f 3889 4957 4956
f 4957 3951 4956
f 4956 1350 3889
f 3947 3945 3948
f 3945 3949 3948
f 3950 3890 3948
f 3949 3950 3948
f 1823 4988 3890
f 4988 3892 3890
f 3951 4957 3868
f 4957 3889 3868
f 3962 4086 1354
f 1383 1354 3961
f 1383 3962 1354
f 3961 3953 3960
f 3961 3960 1383
f 4431 1353 1377
f 1353 4347 1377
f 1378 1377 4347
f 3956 4996 4971
f 4996 3941 4971
f 4971 1378 3956
f 3942 4984 1376
f 4984 3955 1376
f 1376 3955 3954
f 3955 3944 3954
f 3944 3955 3892
f 3955 4984 3956
f 4984 3942 3956
f 3956 1351 3955
f 3892 4988 3944
f 4988 1823 3944
f 1460 3854 1323
f 1380 1379 3909
f 1364 1379 1381
f 1379 1380 1381
f 1384 1381 1380
f 1384 1382 1381
f 1381 1382 3957
f 3957 1365 1364
f 3959 3957 3958
f 3957 3959 1365
f 3958 3957 3960
f 3957 1382 3960
f 3940 1377 3939
f 1377 3959 3958
f 1377 1378 3939
f 1378 4971 3939
f 4971 3941 3939
f 1377 3958 4431
f 3958 3960 4431
f 4086 3962 3963
f 1382 1383 3960
f 3962 1383 4172
f 1385 4172 1384
f 3962 4172 1385
f 3963 3964 3906
f 1384 1380 1385
f 3964 1385 1380
f 3964 1380 1362
f 1362 1380 3910
f 3927 3921 4001
f 1386 4998 3966
f 4998 570 3966
f 570 4998 3931
f 4998 1386 3931
f 572 3967 2526
f 2541 1387 3972
f 572 2541 3967
f 3967 2541 3968
f 2541 3972 3968
f 3970 3972 1387
f 2540 3969 1387
f 1390 3972 3970
f 3971 3972 1390
f 3971 3973 3972
f 3968 3972 3973
f 3973 3971 1391
f 1391 3971 1389
f 3974 1389 3971
f 3971 1390 3974
f 3980 1390 3970
f 1388 3974 3975
f 3974 3979 3975
f 1389 3974 1388
f 1391 1389 1397
f 3976 3967 3968
f 570 3967 3976
f 570 3976 3966
f 3975 3977 1388
f 3970 3969 3980
f 3982 3980 3981
f 2540 2543 3969
f 3981 3969 2543
f 3982 3981 2544
f 4251 3982 2544
f 2544 576 4251
f 582 581 1394
f 4251 576 1392
f 3975 3978 3983
f 1393 3983 4468
f 1393 4468 1392
f 3985 1393 1392
f 3984 1393 3985
f 1393 3984 3992
f 3983 1393 3977
f 3992 3977 1393
f 3992 3984 3991
f 3986 3984 3985
f 3987 3988 3986
f 3988 3984 3986
f 3988 3991 3984
f 3989 3988 3987
f 3985 3987 3986
f 3987 1394 3989
f 3989 1395 1396
f 3990 3989 1394
f 2537 1395 3990
f 1396 3991 3988
f 1397 1388 3977
f 3995 1391 1397
f 3994 3976 1391
f 1397 3997 3995
f 1398 1396 4010
f 1398 3991 1396
f 1398 3998 3991
f 3998 3993 3992
f 1391 3995 3994
f 3995 1399 3994
f 3994 1399 3966
f 3995 1400 3996
f 1400 4000 3996
f 4000 1400 3999
f 3999 3997 3998
f 1400 3997 3999
f 4002 3996 1401
f 3927 4001 4002
f 3922 4002 4004
f 4004 4002 1401
f 1402 1401 4000
f 1402 4000 1403
f 4432 1402 1403
f 4481 4003 4008
f 4481 4432 4003
f 4432 4005 1402
f 3926 4004 4005
f 3934 4005 4432
f 4005 4004 1402
f 3934 4432 4481
f 3934 4481 1755
f 4481 4008 4006
f 3933 583 1754
f 3933 3965 583
f 1404 3933 4006
f 1404 3965 3933
f 584 3965 1404
f 1405 1404 4007
f 1403 4009 4003
f 4009 3999 3998
f 4009 1398 4010
f 4009 4008 4003
f 1404 1405 584
f 584 1395 574
f 574 1395 2537
f 3990 1394 581
f 1394 3987 582
f 1406 582 3987
f 3987 3985 1406
f 582 1406 4011
f 4008 4010 4007
f 4007 4010 1405
f 1405 4010 1395
f 4012 1408 4102
f 1407 4013 1485
f 4014 4012 4013
f 1408 4012 4014
f 4014 4022 4016
f 1408 4014 4016
f 4017 1408 4016
f 4104 1408 4017
f 1410 1409 4017
f 1410 4017 4016
f 1409 1451 4017
f 1409 1410 4020
f 4018 4019 1409
f 1451 1409 4019
f 1412 4018 1418
f 4020 1418 4018
f 1410 4025 4024
f 4021 4016 4022
f 4014 4015 4022
f 4015 4014 4023
f 4013 4023 4014
f 4023 4026 4015
f 2555 4023 1407
f 2555 1407 2553
f 1505 2553 1407
f 1411 4019 1417
f 4020 1416 1418
f 4024 4039 1416
f 4022 4015 4025
f 4025 4015 4039
f 4015 4037 4039
f 4015 4026 4037
f 2598 4031 2599
f 4031 2598 4497
f 4497 2598 4030
f 4030 4028 4029
f 4057 4029 4027
f 1413 2599 4031
f 4032 4031 4497
f 4236 4497 4163
f 4031 4032 1413
f 4035 4034 599
f 1414 4034 4035
f 1413 4036 4035
f 4032 4060 1413
f 1414 2602 2600
f 1415 4038 2601
f 4038 1415 4041
f 4026 4038 4037
f 4037 4038 4041
f 4039 4040 1416
f 4041 4369 4040
f 4040 4039 4041
f 4037 4041 4039
f 4369 4042 4061
f 1415 1414 4457
f 4042 4457 4036
f 4061 4036 4060
f 1414 4035 4457
f 4043 1411 1417
f 1416 4047 1418
f 4043 1417 4052
f 4044 1411 4045
f 4045 4043 4046
f 1412 4047 4370
f 4047 1416 1424
f 4047 1424 4048
f 3850 4317 4370
f 3851 4048 1088
f 1424 1088 4048
f 4054 4050 1419
f 1419 4051 4054
f 4043 4052 4053
f 4053 4052 1420
f 4054 1420 4050
f 1420 3855 4050
f 4052 3850 3856
f 3855 3937 4050
f 4077 4050 1348
f 602 601 4055
f 602 4055 4027
f 4027 4055 4056
f 4027 4056 4057
f 4252 4056 4055
f 4029 4057 1421
f 1121 4057 4056
f 1122 1421 4057
f 4058 4236 1086
f 4058 1422 4033
f 1422 4058 4059
f 4059 1088 1424
f 4033 4060 4032
f 4061 4033 1422
f 4061 4060 4033
f 4059 1424 1422
f 1424 4040 1422
f 4063 4355 4062
f 1426 4063 4062
f 4063 1426 4065
f 1428 4355 4063
f 4063 4064 1428
f 4067 4064 4065
f 4065 4066 4067
f 1480 4066 4065
f 4064 4067 1454
f 135 4131 1427
f 1429 1427 4068
f 1427 4131 4068
f 4068 1504 4070
f 4355 1428 4070
f 4064 4069 1428
f 1428 4069 4071
f 4069 1430 4071
f 1428 4071 4070
f 4069 4113 1430
f 1427 4090 4089
f 1429 4068 4070
f 4070 4071 1429
f 4072 1431 1429
f 1430 4107 4072
f 4072 1432 1431
f 1432 4073 1431
f 4073 4074 1431
f 1433 4073 1432
f 1432 4072 4107
f 4073 1443 4074
f 1434 4075 1444
f 1444 4073 1433
f 1435 4076 4077
f 1436 1435 4077
f 4077 4076 4051
f 4046 4054 4051
f 1347 1436 1348
f 1347 4492 1436
f 1347 3880 3886
f 3886 1447 1437
f 1437 1438 4492
f 4492 1438 1436
f 4078 1438 1437
f 1447 4078 1437
f 1438 4078 4079
f 4079 4078 4097
f 4078 1447 4098
f 4085 1439 1440
f 1439 1447 1440
f 1440 1447 3886
f 3886 3952 1440
f 4080 1441 4081
f 4080 4082 1441
f 4082 4080 4085
f 1441 4082 4083
f 3899 4083 1355
f 1442 4371 4083
f 1442 1802 4371
f 4083 4082 1355
f 1440 4084 4085
f 4084 1440 3952
f 4087 4085 4086
f 4085 4087 1361
f 4082 4085 1361
f 1802 1442 1738
f 1802 4101 4371
f 4087 3906 1361
f 4091 4090 4074
f 4074 1443 4091
f 1443 1444 1445
f 4092 1443 1445
f 4075 1456 4079
f 4089 4093 4088
f 4093 4092 1445
f 4093 4094 1446
f 181 1446 4094
f 4097 4075 4079
f 4096 4097 4098
f 1447 4081 1448
f 4081 4099 1448
f 1448 4096 4098
f 4081 1441 4099
f 1441 4083 4371
f 4099 1449 1448
f 4371 4101 4099
f 1449 4099 4101
f 1448 4100 4096
f 4100 1448 1449
f 1449 180 4100
f 4094 4100 181
f 4091 4092 4093
f 4100 4094 4095
f 3963 4087 4086
f 4087 3963 3906
f 11 1450 1480
f 4066 1480 4103
f 1450 4103 1480
f 10 4102 1450
f 1450 4102 4104
f 4104 4103 1450
f 4104 4102 1408
f 4103 4104 4105
f 4105 1452 4103
f 4105 4017 1451
f 4044 1451 4019
f 4106 1451 4044
f 1452 1451 4106
f 4106 4112 4067
f 4044 4111 4106
f 4107 4110 4253
f 4107 4253 1432
f 4075 1330 1456
f 1455 1330 1432
f 4108 1430 1453
f 1453 1430 1454
f 4109 4110 4108
f 4045 4111 4044
f 4112 1453 1454
f 4112 4109 1453
f 4112 4111 4109
f 4111 4046 4109
f 4109 4046 4110
f 4076 1435 1455
f 1455 1435 1456
f 1435 4079 1456
f 4110 4046 4051
f 1457 4113 1461
f 4069 1454 1461
f 1459 4113 1457
f 1457 1089 1459
f 4116 1459 1089
f 4113 1459 4114
f 1459 4127 1458
f 4127 1459 4115
f 4117 4129 4115
f 4117 3653 4129
f 4117 4115 4116
f 1430 1460 4118
f 4119 1461 4118
f 1454 4118 1461
f 3853 1462 1432
f 1462 3853 1460
f 1460 1323 4119
f 4118 1460 4119
f 4128 1211 4122
f 1463 4125 4120
f 4121 1132 3567
f 4121 4125 1464
f 4125 4121 4123
f 4121 3567 4123
f 1211 1132 4121
f 1211 4121 1464
f 4280 4124 4123
f 1463 1464 4125
f 4124 4125 4123
f 1458 4127 4126
f 4127 1463 4126
f 4126 1463 4120
f 4115 4129 4127
f 4129 4122 1464
f 1463 4127 1464
f 1462 4130 1432
f 1430 4130 1462
f 1458 4130 4114
f 4130 1458 1465
f 1461 4119 1324
f 1457 1461 1089
f 4458 1333 1334
f 1432 1331 3853
f 1432 1330 1331
f 1433 1330 1444
f 1330 3848 1434
f 3848 1330 1465
f 1433 1465 1330
f 3653 4128 4129
f 1509 28 29
f 1529 4133 1528
f 1709 1710 1702
f 1833 1801 199
f 240 221 222
f 4139 1953 1982
f 4469 4185 4352
f 1993 272 276
f 2030 296 289
f 342 329 330
f 2248 4435 4296
f 379 4549 4527
f 4549 4451 4527
f 4527 2297 379
f 2466 525 536
f 4205 2498 4206
f 2551 567 2523
f 1607 65 2629
f 4210 2716 2664
f 2749 662 661
f 734 740 2886
f 2944 2939 766
f 824 4551 4523
f 4551 918 4523
f 4523 3050 824
f 355 4153 356
f 3080 4576 3240
f 4576 3241 3240
f 880 4949 4855
f 4949 889 4855
f 4855 3153 880
f 3158 4849 888
f 4849 3161 888
f 921 924 3233
f 3278 4230 3275
f 3290 3287 4159
f 968 967 3309
f 4232 3452 3310
f 4234 4478 4219
f 3000 4748 3434
f 4748 3413 3434
f 1053 1075 3468
f 2748 672 1081
f 3560 3559 3563
f 3565 1134 3560
f 3700 3719 3701
f 1307 3743 3745
f 4315 3942 1376
f 3966 1399 4001
f 4036 4457 4035
f 1458 4126 1465
f 1474 4356 1475
f 4131 132 4174
f 132 4131 135
f 1529 4761 4133
f 4761 4132 4133
f 1530 1531 1529
f 39 4755 4649
f 4755 1547 4649
f 4649 45 39
f 1555 1550 1552
f 1581 1584 1580
f 1603 4178 4460
f 1656 92 1655
f 1715 4333 115
f 1716 4333 121
f 114 1725 122
f 1728 128 42
f 1731 1732 35
f 144 4250 4180
f 2512 4969 4968
f 4969 1751 4968
f 4968 2511 2512
f 1773 4138 1772
f 157 155 4138
f 1785 1786 1783
f 1787 1785 1788
f 170 122 123
f 1798 1796 175
f 1804 181 1803
f 1820 189 187
f 1835 200 1837
f 3572 4624 1846
f 204 4720 4624
f 4720 1846 4624
f 1893 219 4471
f 1897 1898 4183
f 226 4694 229
f 4694 1203 229
f 1924 4403 240
f 1939 1919 1935
f 4438 1976 1949
f 258 262 257
f 2005 2004 263
f 699 261 4336
f 1989 1988 1990
f 2008 264 2007
f 284 2010 2009
f 4140 4917 2005
f 4917 2011 2005
f 2030 4918 2066
f 4918 2046 2066
f 4141 2030 2065
f 4293 301 300
f 2011 305 2070
f 4188 4908 307
f 4908 2011 307
f 2065 2067 2908
f 306 2068 2066
f 1236 2072 308
f 309 2071 308
f 2079 2074 313
f 2075 312 2076
f 2083 2094 319
f 2091 2106 2092
f 2117 2114 2113
f 336 4189 2123
f 348 2142 2141
f 2163 2168 363
f 4262 2176 367
f 373 370 374
f 2194 2187 2311
f 2228 402 2227
f 4194 4142 2234
f 2260 4943 2256
f 4943 415 2256
f 2254 444 2258
f 2254 2267 444
f 2205 4898 2264
f 4898 2265 2264
f 2278 2280 2279
f 4196 2282 424
f 423 2288 2289
f 434 2221 2309
f 2309 437 434
f 436 2222 434
f 2270 2350 2327
f 447 2344 2348
f 421 463 2350
f 2274 3165 460
f 462 2354 461
f 2357 463 4434
f 2378 2376 470
f 472 473 4144
f 4144 473 474
f 475 4201 2386
f 4337 474 4201
f 477 4512 478
f 4512 482 478
f 3217 2408 3218
f 2407 4202 2406
f 505 2392 2424
f 502 503 2440
f 4339 500 2442
f 2440 4298 4339
f 2440 4339 492
f 2443 506 2424
f 2421 2422 2444
f 2422 505 2444
f 2445 494 2439
f 3253 2447 512
f 4409 2459 521
f 520 2463 2458
f 541 3797 2469
f 2490 552 551
f 2499 4862 2500
f 4862 2501 2500
f 559 524 2468
f 566 4145 2522
f 2559 4482 2561
f 4410 2563 2564
f 2799 2568 2570
f 600 2593 4381
f 1569 4751 603
f 4751 2606 603
f 54 607 2614
f 2618 2615 2619
f 2630 2627 2626
f 2628 612 2632
f 657 2721 2667
f 2687 4362 4268
f 637 633 2671
f 633 637 639
f 638 639 637
f 2691 647 629
f 651 2696 2698
f 2720 2694 650
f 4380 2689 2706
f 4211 2688 2707
f 4303 2709 4211
f 2711 1240 1239
f 2665 2666 657
f 659 2725 4212
f 3600 658 2727
f 4284 2729 658
f 4212 661 2731
f 1084 3472 2734
f 2731 662 2736
f 2747 665 4342
f 2745 2748 666
f 2751 3471 673
f 2752 3630 2750
f 2757 676 2758
f 2758 676 4365
f 2791 2769 2760
f 2778 2776 2779
f 2570 2581 590
f 2801 2802 694
f 4258 698 2825
f 2866 2867 2869
f 2875 2867 2866
f 2880 2879 2885
f 2887 734 735
f 2892 2893 4306
f 2896 2897 2892
f 4218 4215 4306
f 733 4463 744
f 732 4215 730
f 2916 4841 4217
f 4841 2915 4217
f 748 751 2917
f 751 2919 753
f 756 747 2903
f 2975 3744 780
f 781 780 2976
f 3287 781 2976
f 4316 792 2998
f 794 2992 802
f 803 802 3001
f 3009 3006 3017
f 3009 3013 3004
f 3018 811 2713
f 3029 4580 4546
f 4580 3028 4546
f 4546 3030 3029
f 817 4555 3029
f 3028 4580 4555
f 4580 3029 4555
f 819 3034 820
f 3039 3040 826
f 3036 822 820
f 824 3038 4454
f 834 4570 3052
f 4570 3048 3052
f 4440 831 835
f 840 4464 827
f 2142 3060 2139
f 846 3068 364
f 3053 4440 3072
f 846 4224 3068
f 3162 3068 4224
f 3080 3081 3078
f 3076 4561 852
f 4561 3092 852
f 2174 3164 2247
f 855 3110 3087
f 3094 4885 4818
f 4885 3082 4818
f 4818 3095 3094
f 3197 4839 4155
f 4839 3199 4155
f 3142 718 3149
f 908 3166 3147
f 893 894 3181
f 713 2848 4274
f 3206 910 4350
f 3213 3478 911
f 3221 917 3219
f 3241 4576 3228
f 4576 3080 3228
f 3236 4229 3242
f 3252 816 3253
f 3262 3266 3264
f 3278 3275 3276
f 3276 3280 3278
f 936 3280 3276
f 952 943 3279
f 3283 4276 948
f 3273 3295 956
f 3821 3823 3308
f 3309 3308 968
f 3316 3315 975
f 3332 985 987
f 3333 3332 987
f 992 993 995
f 3340 1008 2925
f 2925 3342 3340
f 615 2636 614
f 3354 3353 1020
f 4330 3370 4445
f 3373 3372 1026
f 4278 4478 4234
f 1029 3375 3377
f 2935 3394 4234
f 3377 3375 1042
f 796 2997 3399
f 3399 1043 3394
f 1030 1034 3433
f 4330 3371 3368
f 1073 809 1053
f 1081 672 1082
f 1082 672 2749
f 3311 3481 976
f 1086 4236 4163
f 3482 4400 3483
f 3486 158 3487
f 1096 4637 1095
f 4637 3571 1095
f 3491 3490 1091
f 3492 1143 1100
f 3498 3497 4237
f 3499 4695 3497
f 4695 4237 3497
f 4252 2708 1120
f 1119 1116 1118
f 3551 3552 3548
f 1133 3551 3546
f 3551 1134 3552
f 3560 1141 3565
f 3578 3579 1152
f 3558 1140 1153
f 3586 4331 3597
f 3581 3593 1160
f 1174 3621 4346
f 1178 4164 3620
f 3629 3631 3626
f 3638 1201 1190
f 1190 1201 4433
f 1208 1204 3649
f 1208 2807 1204
f 3650 1207 1206
f 3651 3649 1203
f 3663 4417 4241
f 3666 3643 3667
f 1195 1226 4332
f 3679 3680 3684
f 1896 3687 3686
f 3689 4242 3691
f 3707 1252 3710
f 1306 3707 4387
f 4446 4165 2823
f 1260 3729 1258
f 3730 3734 3732
f 4286 3738 1261
f 4286 3732 3734
f 3730 3736 3733
f 3734 1264 4286
f 3757 3762 3761
f 3767 3763 1277
f 1277 3765 1279
f 1281 1282 1280
f 3250 929 1285
f 931 3775 1289
f 3779 526 1294
f 3791 3795 3794
f 3807 1303 1302
f 3809 3800 3799
f 3809 3810 1302
f 3815 1298 553
f 3289 1307 3820
f 3820 964 3289
f 3820 3821 964
f 3828 1309 3830
f 3836 3829 3830
f 3830 4169 3832
f 1316 3333 988
f 1316 3839 1313
f 1332 3847 1434
f 1328 3862 1327
f 1330 1434 3860
f 3864 3862 3858
f 3855 4314 3861
f 3867 1337 1336
f 4171 3882 3872
f 3878 1349 1339
f 3893 3879 1349
f 3899 1442 4083
f 3902 3897 1356
f 1356 3897 1358
f 4248 3907 1360
f 3912 3907 1364
f 4172 1382 1384
f 3970 1387 3969
f 3979 1390 3980
f 3981 3980 3969
f 1401 3996 4000
f 4497 4030 3534
f 4029 1421 4030
f 4058 4033 4236
f 4370 1417 1412
f 1411 4043 4045
f 4052 4317 3850
f 4054 4046 4053
f 3534 4030 1421
f 4369 4061 1422
f 1416 4040 1424
f 1446 4088 4093
f 4090 4091 4089
f 4095 4075 4096
f 4101 180 1449
f 4067 1452 4106
f 4110 4076 4253
f 1455 4253 4076
f 4112 4106 4111
f 4458 4126 4120
f 4420 1482 1488
f 4318 1501 1503
f 4288 125 1726
f 1702 1706 1708
f 1713 1714 1720
f 138 139 2509
f 2513 4963 148
f 147 4990 4963
f 4990 148 4963
f 215 4357 1874
f 1876 4257 1878
f 307 306 4188
f 394 2120 2108
f 2280 2287 2279
f 2501 4862 4205
f 4862 2499 4205
f 2569 2567 2576
f 4301 625 2663
f 2911 886 2828
f 4218 4349 754
f 2929 4219 2933
f 4327 818 3028
f 326 817 3029
f 2110 3029 3030
f 4271 3044 3042
f 926 917 928
f 985 3329 984
f 3499 4621 3505
f 4621 1105 3505
f 1221 1183 4483
f 3760 3684 1241
f 1314 4430 1310
f 3956 4964 1351
f 4964 3893 1351
f 4110 4107 4108
f 1555 47 1550
f 1511 4615 1560
f 4615 1510 1560
f 4132 1526 4133
f 1560 4436 1561
f 52 4351 1568
f 4319 1757 1758
f 1650 1648 1642
f 1640 1661 1660
f 1665 4816 1668
f 4816 1667 1668
f 104 1685 1682
f 1719 1714 116
f 2510 4981 2509
f 4981 138 2509
f 1793 151 1770
f 207 1856 1853
f 1883 1882 220
f 1887 1888 222
f 1916 2800 693
f 236 1916 693
f 4406 245 1932
f 4407 1945 1942
f 249 253 1957
f 1975 4438 1960
f 2000 277 4470
f 2002 260 1969
f 2373 92 1656
f 2046 4844 4188
f 4844 2010 4188
f 2073 3755 310
f 223 320 4449
f 322 2446 2447
f 4261 2145 2148
f 354 2155 2152
f 370 4517 2177
f 4517 2426 2177
f 2186 2178 370
f 2247 2200 4435
f 2214 2213 4192
f 398 2215 2217
f 429 2292 2288
f 2302 2304 2305
f 437 435 2301
f 446 4803 2268
f 4803 4198 2268
f 2326 4799 446
f 4198 4803 4799
f 4803 446 4799
f 2326 4892 2331
f 4892 2333 2331
f 2370 92 2373
f 3217 4507 480
f 4454 4511 4507
f 4511 480 4507
f 3249 2442 927
f 2424 506 505
f 521 2459 517
f 2473 2474 539
f 540 2478 539
f 562 4757 1690
f 4757 2518 1690
f 1710 267 113
f 4145 569 2522
f 2525 2535 2532
f 2545 576 2544
f 2551 1753 583
f 2559 2561 2560
f 630 2689 2669
f 633 632 2673
f 633 639 632
f 636 2674 2676
f 2663 634 641
f 2681 643 2685
f 4363 3004 805
f 3632 3630 675
f 3635 2765 2759
f 680 2769 2791
f 3643 2790 2771
f 1930 2817 2816
f 711 4859 2844
f 4859 3155 2844
f 2869 3726 724
f 2869 2868 2870
f 727 772 4150
f 2877 2863 4463
f 737 2956 736
f 2896 2892 4306
f 4306 4215 2896
f 4218 4306 4349
f 746 2900 2902
f 2912 4307 2908
f 4316 2998 2993
f 2995 798 796
f 2998 792 4235
f 3001 802 2992
f 806 3010 805
f 4308 4327 3028
f 4153 842 357
f 4224 3085 4225
f 3169 3167 3170
f 3169 3168 3167
f 3183 887 4228
f 3180 3179 892
f 3213 912 3214
f 3272 3268 939
f 3277 945 3282
f 3317 960 3318
f 3310 3452 968
f 985 3331 3328
f 3355 3354 1020
f 1017 3361 1023
f 3369 3357 1010
f 3359 3366 3365
f 3399 797 796
f 3396 3398 1042
f 996 1062 3437
f 995 1063 994
f 3451 3454 1067
f 967 3455 3456
f 1066 3458 3454
f 1075 1053 809
f 3464 3465 3466
f 3481 3311 971
f 3283 3303 3318
f 172 4680 1095
f 4680 157 1095
f 1113 624 623
f 624 3507 2664
f 3525 1115 4312
f 3547 1132 3545
f 3570 3569 3564
f 4384 1107 3500
f 1155 3583 1154
f 3584 3591 3583
f 3612 3614 3607
f 3609 3606 1164
f 3628 1181 1182
f 4433 3645 1190
f 4243 1245 1255
f 3700 3701 3716
f 3736 3737 4480
f 1278 3764 4168
f 3780 3781 3783
f 3793 1299 1300
f 3814 3809 3815
f 1309 3825 3826
f 3829 3837 4232
f 1313 3840 1317
f 1329 3858 3859
f 3881 1345 3874
f 3887 1346 3883
f 4431 3953 1352
f 1362 3910 4248
f 3918 4982 3915
f 4982 3914 3915
f 3947 4978 3936
f 4978 1374 3936
f 3997 1400 3995
f 3998 3997 3993
f 1429 4090 1427
f 4095 1445 4075
f 4093 4089 4091
f 4371 4099 1441
f 1444 1330 1434
f 182 1807 1805
f 2092 2106 4294
f 3595 3597 3596
f 1417 4317 4052
f 4485 1617 1643
f 187 189 1816
f 1835 1833 200
f 1870 1902 1867
f 1857 1856 4183
f 1999 248 1933
f 337 2277 2117
f 2440 503 4298
f 528 2468 2464
f 2518 4757 4179
f 562 4765 4757
f 4765 4179 4757
f 644 2676 4302
f 3005 3006 3009
f 3606 3609 1165
f 2729 3599 1167
f 3562 4239 1104
f 4285 1178 1214
f 3696 1249 1247
f 1260 1258 3724
f 3798 3800 1299
f 3799 3800 3798
f 1412 1417 4018
f 4065 4064 4063
f 55 1579 1578
f 1902 1848 1867
f 240 1954 221
f 482 4512 2401
f 4512 477 2401
f 528 529 1287
f 545 546 4265
f 2531 572 2528
f 827 4464 3043
f 358 4578 3059
f 4578 3065 3059
f 3075 3079 3078
f 4154 4946 3091
f 4946 3098 3091
f 3306 4159 3287
f 947 3296 3282
f 3340 1009 1008
f 3357 3361 1017
f 3508 3509 1111
f 4281 3570 1145
f 4281 3492 3570
f 208 1107 1901
f 4010 1396 1395
f 3534 3538 3537
f 1501 4318 23
f 1543 1534 1536
f 45 1549 1521
f 1609 1612 1610
f 82 76 1624
f 1677 563 4207
f 117 4334 250
f 138 4405 139
f 1788 1783 1782
f 167 1799 175
f 189 186 1817
f 201 202 178
f 220 1879 1883
f 4257 218 219
f 231 1830 1913
f 1926 1922 2103
f 2077 2076 2086
f 2119 2107 325
f 2129 340 2128
f 345 4295 2149
f 2143 2149 4295
f 2164 4142 2211
f 408 409 414
f 2276 4544 2117
f 4544 2114 2117
f 2406 2405 2402
f 2422 2401 2392
f 490 2436 2437
f 499 490 2437
f 527 526 4360
f 2472 538 542
f 2568 2569 2571
f 2596 2595 2597
f 2611 4645 2618
f 4645 2615 2618
f 2684 4341 2682
f 2733 2734 2732
f 2791 2754 2753
f 2761 676 2760
f 682 683 2776
f 2793 692 674
f 710 2841 2861
f 4463 733 2877
f 803 2999 802
f 816 815 814
f 816 322 3253
f 3032 4308 3028
f 823 4327 4152
f 3097 3098 3099
f 3100 3101 3099
f 3106 858 4155
f 867 4888 4227
f 4888 3118 4227
f 876 4191 3145
f 3189 3188 899
f 3206 4350 3211
f 3221 916 917
f 4454 4507 833
f 4507 3217 833
f 3307 965 962
f 962 965 966
f 982 980 966
f 987 988 3333
f 994 3437 997
f 1008 4233 2923
f 3370 4330 3369
f 4478 3374 1027
f 1004 3442 989
f 1078 586 2565
f 1085 3669 4479
f 1098 4400 3485
f 3509 4677 4660
f 4677 1110 4660
f 4660 1111 3509
f 1136 1135 3531
f 1132 3552 3567
f 1107 1147 3498
f 3487 1908 162
f 4345 3612 3588
f 4367 3622 1179
f 687 1192 1194
f 4417 3663 1220
f 3737 3751 1267
f 1267 1268 3749
f 1301 1302 1303
f 1326 3849 3851
f 1322 3857 4173
f 3854 1325 1323
f 3875 4171 1341
f 3882 4171 1344
f 4459 1360 3903
f 1385 3963 3962
f 1423 4058 1086
f 4050 4077 1419
f 3856 1326 4173
f 104 1603 69
f 4135 1662 98
f 293 292 2036
f 2932 4220 4219
f 3120 4227 3118
f 1341 1342 3875
f 1856 1857 1858
f 2768 2762 2761
f 3276 778 936
f 3293 781 954
f 4161 1008 1009
f 1128 3657 3536
f 3564 1145 3570
f 4351 52 1570
f 1541 4785 232
f 4785 1587 232
f 2137 3057 351
f 2180 371 2181
f 4424 2526 570
f 2568 2564 2569
f 4211 2709 2688
f 2835 2834 4488
f 711 2843 4326
f 722 3726 723
f 2922 2923 4233
f 1052 4688 1051
f 3459 4768 4688
f 4768 1051 4688
f 3495 3512 1105
f 1109 4666 3502
f 4666 1110 3502
f 1167 1166 1216
f 3673 3641 1196
f 3673 3674 1228
f 3953 4431 3960
f 3850 1326 3856
f 11 4287 1481
f 127 25 36
f 150 4436 1560
f 30 4633 4289
f 4633 1511 4289
f 60 4320 61
f 1612 1609 1613
f 4357 215 1718
f 1759 1761 1758
f 123 1904 170
f 4403 241 1915
f 119 1944 4334
f 1940 1954 1962
f 4359 2213 399
f 419 4263 2253
f 2439 501 2445
f 547 3803 3805
f 2059 2832 2060
f 555 556 2495
f 2548 4425 2547
f 2559 2796 2558
f 2596 2597 2599
f 2655 2657 3187
f 4362 2675 4268
f 2753 677 2791
f 3476 691 677
f 2881 744 2885
f 781 3287 3290
f 3078 3077 3075
f 3139 2853 718
f 873 3143 4310
f 3145 3144 873
f 895 2656 913
f 3249 927 3244
f 3283 3284 4276
f 3271 956 4476
f 3353 3357 1017
f 4478 2933 4219
f 1038 4735 4675
f 4735 3388 4675
f 4675 2619 1038
f 3481 960 976
f 1116 3524 3521
f 4123 3567 3566
f 1143 1144 1142
f 1107 3498 3500
f 1148 1147 1107
f 1117 3586 1157
f 3594 3603 3593
f 3608 1172 1170
f 3622 4367 3623
f 1171 1176 1218
f 3643 4496 1200
f 1218 1181 1183
f 1248 3712 3714
f 3751 3729 4419
f 3777 1290 4467
f 1249 3699 1306
f 3904 4248 1360
f 3915 3929 1367
f 1375 187 1373
f 3982 3978 3980
f 3993 3977 3992
f 1410 4016 4021
f 4059 4058 1423
f 1672 1676 1674
f 1893 4257 219
f 2387 2388 2382
f 4360 2453 527
f 2694 2720 659
f 3098 4946 4810
f 4946 4154 4810
f 4810 3094 3098
f 4120 3870 1333
f 630 2669 2691
f 1955 4403 1915
f 2468 528 530
f 2675 2676 2674
f 2705 2706 652
f 2864 2886 729
f 1068 3454 3453
f 2501 1670 2500
f 3082 4885 4810
f 4885 3094 4810
f 4810 4154 3082
f 3221 3219 3237
f 1994 272 271
f 115 1717 1707
f 1833 197 198
f 247 1932 1928
f 2670 631 2673
f 2728 2717 2714
f 761 754 4349
f 4445 1025 4330
f 1321 4048 3849
f 1489 1492 1491
f 1964 1968 1967
f 555 2499 2500
f 2675 635 4268
f 733 744 2881
f 3011 638 4399
f 1128 3654 3657
f 1214 3660 4285
f 3749 1263 4480
f 3884 3887 3894
f 4388 4991 3916
f 4991 3914 3916
f 4060 4036 1413
f 1764 1487 15
f 1499 1555 22
f 1477 1504 26
f 1513 4254 1514
f 1543 1545 1544
f 2630 65 66
f 63 65 1607
f 1634 1627 1626
f 1766 1762 1556
f 1784 4392 1779
f 1911 1781 1838
f 224 4290 1894
f 3949 3945 1909
f 246 1934 4406
f 1971 263 264
f 269 1987 1989
f 4394 271 1991
f 292 2037 2036
f 2090 2085 2084
f 2084 2088 2090
f 2147 4374 2158
f 2281 424 2282
f 4427 2318 455
f 4397 2442 500
f 2467 4377 527
f 546 3802 547
f 2489 2490 551
f 2499 2495 2496
f 2581 2578 2579
f 2623 613 609
f 2625 2624 3393
f 645 4380 2688
f 2694 2735 2699
f 655 649 657
f 2742 4342 665
f 1179 2742 2751
f 2753 2752 2756
f 3644 2770 4479
f 2798 591 2797
f 4373 2801 694
f 713 2847 2848
f 2921 2919 2922
f 4270 769 2945
f 4150 4439 2961
f 3251 3256 3027
f 3042 828 827
f 4442 4856 860
f 4856 3106 860
f 863 3108 864
f 3124 3122 3120
f 876 4310 3147
f 3188 3189 4157
f 3245 926 928
f 776 2968 2966
f 941 3265 3435
f 3292 950 952
f 762 4426 3436
f 2562 4773 3464
f 4773 3465 3464
f 2732 1082 2749
f 3485 4400 1090
f 3509 3508 4209
f 1126 3541 3532
f 3542 1135 1125
f 4281 1145 1144
f 1214 1178 1218
f 1220 3663 4483
f 1239 1240 3685
f 1249 3698 3699
f 3733 3735 3734
f 1297 541 2475
f 3289 3743 1307
f 1324 4049 1087
f 1738 1442 3898
f 1362 4248 3905
f 4370 4047 1321
f 4077 1348 1436
f 4100 4095 4096
f 1731 8 131
f 2898 732 744
f 2956 771 736
f 872 3200 2855
f 1896 3680 3681
f 149 1755 147
f 206 208 1901
f 2753 2756 677
f 3234 3233 3236
f 243 1964 1967
f 547 548 546
f 122 1724 114
f 1992 1993 274
f 511 2456 2455
f 524 2465 2468
f 2869 2867 2868
f 4414 823 3049
f 2438 496 4204
f 381 2248 4296
f 276 273 1993
f 997 3438 992
f 4401 3489 4366
f 3615 3618 1172
f 970 3827 3826
f 3982 3983 3978
f 3408 3407 1049
f 2349 464 2359
f 1487 14 1486
f 1634 1636 1638
f 1946 1945 1947
f 2046 4918 289
f 4918 2030 289
f 2318 4427 2317
f 707 4800 705
f 4800 2839 705
f 4326 4826 711
f 3155 4859 4826
f 4859 711 4826
f 831 4500 3047
f 3031 4525 4500
f 4525 3047 4500
f 3299 3271 4476
f 3902 3904 4459
f 4389 3915 3914
f 21 1473 1500
f 16 1481 17
f 1527 4690 4670
f 4690 41 4670
f 125 4726 4670
f 4726 1527 4670
f 1572 4661 1574
f 4661 1568 1574
f 1580 1584 1583
f 1597 4422 70
f 1717 1714 1707
f 1733 1731 131
f 138 4981 4980
f 4981 2510 4980
f 4980 1739 138
f 3943 1823 1818
f 2102 1926 2103
f 1968 256 1967
f 4335 4258 4336
f 2047 2045 4141
f 302 2059 4293
f 310 2074 2073
f 2078 2079 313
f 2109 341 328
f 2137 2138 346
f 2281 4566 424
f 4566 400 424
f 2114 4544 2279
f 4544 2276 2279
f 4338 4531 4501
f 4531 2443 4501
f 4501 2425 4338
f 555 102 556
f 617 2641 616
f 3632 3631 3630
f 2771 2768 681
f 2790 690 2771
f 693 2800 4304
f 706 713 715
f 2888 2890 2887
f 745 2900 746
f 3263 2960 2963
f 2659 785 621
f 4489 817 326
f 4440 851 4382
f 3197 4809 4441
f 4809 3095 4441
f 4155 4902 4853
f 4902 3198 4853
f 4853 3106 4155
f 937 938 2969
f 3280 943 3281
f 975 974 973
f 1019 3354 3355
f 3399 3394 797
f 1046 1048 3401
f 1054 4703 1058
f 4703 3420 1058
f 3432 4702 3390
f 4702 3423 3390
f 3500 4383 1108
f 3501 4383 1106
f 3532 3522 3524
f 3551 3548 3546
f 3585 1157 4282
f 1239 3686 2710
f 3695 3696 1246
f 4167 3747 3748
f 1298 1296 1297
f 1308 3821 3820
f 1312 3327 1311
f 3336 4477 3337
f 3917 3924 3913
f 4122 4129 4128
f 4293 2059 301
f 2313 2311 2262
f 474 2386 4201
f 4044 4019 1411
f 270 2494 1675
f 1967 1963 243
f 613 3350 609
f 1104 3515 4466
f 3557 1139 3558
f 1557 1556 1554
f 2236 363 2168
f 544 540 539
f 3559 3557 3558
f 3920 3928 3921
f 13 1486 1506
f 383 386 2203
f 4452 4425 4323
f 3083 850 3091
f 3715 4484 1269
f 3031 4500 3045
f 4500 831 3045
f 2649 2650 74
f 180 181 4100
f 1544 1545 44
f 1575 4778 1574
f 4778 1572 1574
f 1595 4921 1601
f 4921 1602 1601
f 90 81 1648
f 328 327 2109
f 340 328 2128
f 2967 2965 4222
f 3023 813 812
f 3202 441 4427
f 1382 4172 1383
f 1583 1584 63
f 1591 60 105
f 1708 1707 1712
f 1730 130 1516
f 126 4629 151
f 128 4641 4629
f 4641 151 4629
f 194 191 1825
f 245 1928 1932
f 2115 4587 2113
f 4587 2107 2113
f 2108 325 4328
f 2163 363 2166
f 2281 4508 423
f 4451 4552 4508
f 4552 423 4508
f 2324 2316 903
f 4409 521 522
f 2572 2574 2573
f 2611 2618 2610
f 2682 2683 2684
f 2726 2725 2720
f 4373 2817 1930
f 4488 2834 704
f 4326 4797 708
f 4797 707 708
f 793 2988 2989
f 2993 2994 2987
f 2945 2946 2995
f 2112 4152 4308
f 823 4152 3037
f 3062 3042 3043
f 855 3087 853
f 4455 3098 3094
f 3100 4442 860
f 3279 934 952
f 3419 1054 3418
f 3561 1104 4466
f 1117 1157 3585
f 1184 1188 3637
f 3664 3666 4241
f 3674 1232 1228
f 1865 3679 4429
f 3703 3723 722
f 2468 531 4467
f 3873 3872 1346
f 1355 1357 1356
f 1415 4457 4042
f 1435 1438 4079
f 2627 1598 4422
f 475 2389 4201
f 25 1502 4318
f 483 485 486
f 571 4473 2529
f 1465 4126 4458
f 1300 1301 1303
f 3800 3809 1302
f 2060 2491 2059
f 684 688 689
f 1229 4433 1201
f 4346 1180 1176
f 1184 1185 1188
f 1532 1544 1546
f 256 247 1963
f 2585 2579 2584
f 1049 3411 3406
f 3717 3703 722
f 3910 1363 4248
f 1717 116 1714
f 1321 4047 4048
f 2023 2033 2019
f 1465 4458 3848
f 4254 4482 1514
f 1965 1964 243
f 268 4470 1988
f 2742 3471 2751
f 3167 3168 3149
f 2619 4675 2617
f 4675 3388 2617
f 4447 1742 1741
f 1120 2708 4147
f 2971 2970 2968
f 3216 916 3221
f 3350 2636 1015
f 3420 4703 3419
f 4703 1054 3419
f 3771 3778 528
f 4 1472 5
f 14 1506 1486
f 4068 26 1504
f 1565 4599 1563
f 4599 1568 1563
f 1681 103 1687
f 1702 4610 1703
f 4610 1701 1703
f 1733 131 133
f 1801 179 1799
f 1798 179 1835
f 1901 1852 209
f 322 2104 2446
f 2195 2184 2185
f 2337 4814 2334
f 4814 2332 2334
f 4200 4851 4827
f 4851 449 4827
f 4827 2360 4200
f 486 485 4321
f 2410 4574 488
f 4574 2427 488
f 2482 2480 550
f 2482 550 2487
f 532 4494 533
f 2529 2531 2528
f 2797 4378 2556
f 2576 2572 2573
f 589 2581 2580
f 663 2738 2719
f 1079 666 668
f 2862 2823 3722
f 3020 2712 2711
f 3037 832 823
f 3164 2174 854
f 902 3096 3194
f 3230 921 3232
f 3279 779 934
f 955 956 3295
f 978 3317 3318
f 3435 3265 1060
f 752 3157 883
f 1102 4792 3489
f 4792 4366 3489
f 1112 1111 3506
f 1121 1122 4057
f 3604 1163 1159
f 1231 1230 1229
f 1360 3907 3912
f 3916 3914 3917
f 4021 4022 1410
f 599 1413 4035
f 1438 1435 1436
f 4105 1451 1452
f 2605 4679 606
f 4679 1571 606
f 698 2862 2878
f 553 1298 4499
f 3932 3930 4315
f 3444 996 1063
f 2324 443 439
f 800 801 3397
f 4075 4097 4096
f 2643 2645 2644
f 2658 621 620
f 2971 779 935
f 2751 3627 1179
f 1216 1215 1084
f 2176 2181 368
f 43 4628 1540
f 4628 1696 1540
f 1993 273 282
f 4452 4398 4425
f 1230 1200 3665
f 2704 652 2706
f 1004 1002 1001
f 3628 1187 4483
f 336 335 2216
f 1595 65 63
f 2322 2343 456
f 425 4504 477
f 4504 2401 477
f 2567 586 2566
f 2624 2620 2622
f 4341 2684 2680
f 851 4588 3077
f 4588 3073 3077
f 3123 382 3119
f 3235 3242 3243
f 3924 3923 3925
f 1553 1552 1550
f 1651 1649 1650
f 1736 137 1809
f 4447 144 4180
f 148 1756 2514
f 1801 1799 1800
f 1802 182 4101
f 4407 1960 4438
f 2307 436 2308
f 456 4897 457
f 4897 448 457
f 480 4511 2394
f 4511 4454 2394
f 544 539 2476
f 2807 4214 2809
f 2842 4838 2860
f 4838 2827 2860
f 2879 2825 698
f 732 2898 2897
f 2926 755 757
f 3033 817 4489
f 1012 901 4444
f 3226 3224 834
f 3352 3344 3353
f 3406 4465 3002
f 4240 3549 3545
f 4387 3710 3712
f 1319 3337 999
f 3875 1343 3879
f 4088 135 4089
f 1596 1598 2627
f 4211 4147 2708
f 3481 3284 960
f 4137 143 1741
f 4343 2774 685
f 1277 1278 3765
f 4459 3904 1360
f 1730 1503 1732
f 63 1592 1595
f 1544 1532 1535
f 4475 4443 885
f 1319 999 1003
f 1033 3379 1030
f 1160 4238 3581
f 382 2197 866
f 2956 2959 2955
f 2192 377 2193
f 2169 351 393
f 2240 414 4297
f 1191 3635 2759
f 2302 2229 2304
