# DenseCorr3D prepared geometry
v 0.06065391 0.04589092 0.03712717
v 0.05956510 0.05311953 0.03340648
v 0.06547133 0.04452342 0.03516056
v 0.07241976 0.04460738 0.02808467
v 0.05277449 0.05272519 0.03568281
v 0.04830932 0.04668634 0.03955617
v 0.03991061 0.03856511 0.04480413
v 0.07267651 0.03242354 0.03388768
v 0.07751958 0.03597225 0.02840521
v 0.06671321 0.05895880 0.01939291
v 0.06918587 0.06078561 0.01287611
v 0.09184593 0.04120181 0.02127287
v 0.07530999 0.00318520 0.03972202
v 0.06108926 0.01552121 0.04579222
v 0.04805116 0.03384701 0.04557118
v 0.04665589 0.01728148 0.04988787
v 0.06597683 0.01093146 0.04447370
v 0.07304881 0.00176395 0.04234295
v 0.04817857 0.05639636 0.03316035
v 0.03711659 0.05871742 0.03009173
v 0.06320370 0.06381249 0.01586547
v 0.03463000 0.05168417 0.03669277
v 0.02918151 0.06303465 0.02235863
v 0.01506634 0.05786084 0.03254737
v 0.01742014 0.05203780 0.03720184
v 0.02824947 0.06524228 0.01803256
v 0.02585803 0.02587461 0.04816794
v 0.02371040 0.02916926 0.04679716
v 0.07415307 -0.00664497 0.03821259
v 0.06999972 -0.03018273 0.03923544
v 0.06953212 -0.04312513 0.04695084
v 0.06248714 -0.03850858 0.04709933
v 0.06916440 -0.02663191 0.03901631
v 0.05891107 -0.03887007 0.04852717
v 0.06668130 -0.02270545 0.04221409
v 0.06845107 -0.01996469 0.04183266
v 0.06062268 -0.01886129 0.04227732
v 0.05111095 -0.04119938 0.05327671
v 0.06612280 -0.00860754 0.04259824
v 0.06168552 -0.01131705 0.04092819
v 0.05510673 -0.00596699 0.04573406
v 0.04865541 -0.00225605 0.05104655
v 0.04838867 0.00280935 0.05181326
v 0.05043183 -0.01563031 0.04488254
v 0.03089401 -0.01647868 0.04710118
v 0.02538059 -0.00883056 0.04778253
v 0.03807434 -0.00997672 0.05056958
v 0.02945384 0.00097140 0.05107397
v 0.02421939 -0.00090496 0.04829053
v 0.01958594 0.00769689 0.04931935
v 0.00915993 -0.00678765 0.04670994
v 0.02218908 -0.01624600 0.03932865
v 0.02632294 -0.02252148 0.04201982
v 0.02468048 -0.02184033 0.03963725
v 0.00099528 -0.02176704 0.03884017
v -0.01755014 -0.01954778 0.04449019
v 0.03618455 -0.03449049 0.04830215
v 0.04216427 -0.04559329 0.05013936
v -0.01998282 -0.02496602 0.03839929
v 0.00231104 0.00227285 0.05239259
v -0.00800545 0.00694760 0.05592166
v -0.00598245 0.01105016 0.05607967
v 0.00719008 0.01739100 0.05350852
v 0.01067226 0.03194262 0.05017224
v -0.00469887 0.04261499 0.05002766
v -0.00326416 0.06877569 0.02473830
v 0.09717273 0.05506008 0.00431756
v 0.11330979 0.05378780 0.00771133
v 0.11547148 0.04427668 0.02083380
v 0.10915648 0.04276256 0.01861867
v 0.11378293 0.03772210 0.02085551
v 0.12663698 0.03027727 0.02075992
v 0.11792685 0.05626544 0.02191646
v 0.12201467 0.05148272 0.02727799
v 0.11997674 0.05351365 0.02684930
v 0.12862222 0.04750984 0.02181649
v 0.12762941 0.03721504 0.01737770
v 0.13082762 0.02394718 0.02209995
v 0.12604415 0.00839138 0.02530494
v 0.12529650 0.00051623 0.02243287
v 0.02705139 0.06839059 0.00730015
v 0.12994759 0.05026474 0.00131499
v 0.11545477 0.05360882 0.01196178
v 0.12817442 0.04924712 0.02340705
v 0.12677021 0.04974597 0.01735890
v 0.12980032 0.04992398 0.01899114
v 0.13233255 0.05191151 0.02205873
v 0.12212442 0.04698741 0.01372113
v 0.12805377 0.04105834 0.01450844
v 0.12647192 0.04603454 0.01085122
v -0.02769080 -0.02507977 0.03815108
v -0.05343078 -0.02454605 0.03175785
v -0.03911540 -0.02342259 0.03906568
v -0.03381022 0.00257967 0.05575886
v -0.07261737 -0.02840083 0.03977445
v 0.04796728 -0.04724834 0.05552043
v 0.05833169 -0.05252533 0.05837883
v 0.04882564 -0.05222522 0.05516266
v 0.07238726 -0.04688582 0.05036108
v 0.07429527 -0.05232010 0.05431143
v 0.06137687 -0.05215702 0.06046870
v 0.07455053 -0.06165925 0.04403425
v 0.07781480 -0.06344686 0.04929312
v 0.08057517 -0.06432656 0.04286895
v 0.08314580 -0.06642210 0.04752688
v 0.08395075 -0.06813070 0.04504136
v 0.07760440 -0.06184898 0.05234014
v 0.08082829 -0.06519325 0.05189662
v 0.08431228 -0.07211597 0.04777934
v 0.07970710 -0.06598894 0.05566799
v 0.07665324 -0.06815174 0.05766059
v 0.08059166 -0.07539708 0.05489813
v 0.07170234 -0.07841695 0.05478818
v 0.07352810 -0.06544087 0.05941349
v 0.06870727 -0.06784648 0.05857427
v 0.07313291 -0.06073850 0.06052838
v 0.06789627 -0.05456309 0.06132949
v 0.06293176 -0.07005662 0.05941029
v 0.06451771 -0.07528790 0.05914827
v 0.06726523 -0.07696524 0.05774999
v 0.06367898 -0.07754747 0.05748283
v 0.05953925 -0.07620034 0.05631249
v 0.03040789 0.02175290 0.05008277
v 0.02000540 0.01326325 0.04969236
v 0.05400908 -0.01062702 0.04147398
v -0.03838047 -0.01096149 0.05008438
v -0.03659200 -0.00616523 0.05280067
v -0.04230824 -0.00210406 0.05278774
v -0.07049297 -0.02310968 0.04780827
v -0.08370507 -0.03388827 0.04337250
v -0.07292806 -0.02551029 0.04680815
v -0.06686031 -0.01251850 0.05106867
v -0.06452028 -0.01367973 0.04923150
v -0.06843125 -0.00702898 0.05313107
v -0.06044945 -0.01659328 0.04007914
v -0.05904226 -0.00234703 0.04811029
v -0.05744597 0.02890478 0.04782393
v -0.05642933 0.03969939 0.04412014
v -0.06466061 0.03202767 0.04610403
v -0.06393395 0.01831933 0.04873062
v -0.05398737 0.01356136 0.05142615
v -0.06747629 0.03463243 0.04668213
v -0.06858651 0.03892328 0.04577837
v -0.07178996 0.02071136 0.05240236
v -0.06718209 0.01493330 0.05023855
v -0.08329276 -0.00236172 0.05208396
v -0.07873476 -0.00362385 0.05318249
v -0.06603271 -0.00430840 0.05092630
v -0.07484814 -0.00024871 0.05397715
v -0.09831850 0.00246043 0.05452558
v -0.07073011 0.04118284 0.04556134
v -0.06725106 0.04292178 0.04292169
v -0.06555019 0.04474267 0.04106456
v -0.07925825 0.03487850 0.04890888
v -0.11191057 0.00982075 0.04846913
v -0.11270762 0.00239867 0.04967742
v -0.07852565 -0.01680432 0.05291841
v -0.07821688 -0.02217919 0.05180766
v -0.08405998 -0.02936835 0.04808287
v -0.08744266 -0.03795007 0.04088157
v -0.08308306 -0.02413437 0.05103778
v -0.08203915 -0.01995165 0.05280151
v -0.11160742 -0.01587258 0.04918387
v -0.09536120 -0.04874994 0.04081070
v -0.10661975 -0.05616705 0.04830610
v -0.10348974 -0.05368575 0.04849718
v -0.11033795 -0.07389859 0.04883818
v -0.11490912 -0.05545812 0.05121280
v -0.11729176 -0.06906278 0.04992379
v -0.11993472 -0.06249027 0.04877609
v -0.11481319 -0.07512435 0.04867836
v -0.11971661 -0.07020038 0.04680770
v -0.11076488 -0.04087500 0.05277273
v -0.11760343 -0.03429041 0.04916489
v -0.09593178 -0.04317366 0.04379111
v -0.09622725 0.02543914 0.05065081
v -0.07710942 0.04349003 0.04486505
v -0.07114556 0.04443758 0.04368139
v -0.07715736 0.04743576 0.04332369
v -0.03007687 0.05906147 0.04032779
v -0.05882470 0.06116796 0.03423497
v -0.06843490 0.06539062 0.02879640
v -0.09062823 0.05783565 0.03198493
v -0.09448021 0.05225225 0.03432570
v -0.09509095 0.05546572 0.03156742
v -0.10033453 0.03074343 0.04848513
v -0.10631800 0.02962895 0.04599747
v -0.09344826 0.06083335 0.02599102
v -0.11624074 -0.07694294 0.04560695
v -0.11054938 -0.07686881 0.04395217
v -0.09293760 -0.06680693 0.03443376
v -0.09274833 -0.06734629 0.03747230
v -0.10273683 -0.07349856 0.04648143
v -0.09196831 -0.07479198 0.03634626
v -0.09386286 -0.07568108 0.03247692
v -0.09486335 -0.07341930 0.04291706
v -0.09572867 -0.06623331 0.04036317
v 0.05330343 0.06586377 0.02206634
v 0.05563265 0.06743884 0.01820256
v 0.05368041 0.07033322 0.00580799
v 0.06051127 0.06830721 0.00117847
v 0.06695458 0.06559799 -0.00306841
v 0.06428352 0.06544939 -0.00663247
v 0.05975912 0.06699847 -0.00414898
v 0.07313051 0.05765437 -0.01283731
v 0.05525848 0.06073349 -0.01463342
v 0.08739319 0.05293777 -0.00921396
v 0.05286453 0.05358873 -0.02275161
v 0.05007865 0.04921756 -0.02642602
v 0.05554934 0.06752929 -0.00132260
v 0.05076567 0.06938046 0.00227164
v 0.03721444 0.06854223 0.01182485
v 0.00956458 0.07131014 0.01105536
v -0.00334190 0.07525260 0.00490464
v -0.00416367 0.07366236 -0.00827121
v -0.01598377 0.07667463 0.00101470
v 0.02022702 0.06708850 -0.00806659
v 0.04128106 0.06316557 -0.00667956
v 0.03796755 0.05298397 -0.02059289
v 0.04506484 0.04949453 -0.02600584
v 0.09115443 0.04492845 -0.01708596
v 0.09203517 0.05502928 -0.00536741
v 0.10421695 0.05222740 -0.00890207
v 0.10256842 0.03324331 -0.02854102
v 0.10896138 0.03784686 -0.02872296
v 0.11772185 0.05459572 -0.02914491
v 0.12976141 0.04153931 -0.02864682
v 0.13090837 0.04336734 -0.02432195
v 0.13041852 0.05000874 -0.01716220
v 0.13256073 0.03914862 -0.02882224
v 0.12845975 0.04105487 -0.03514369
v 0.13252622 0.03160977 -0.03602641
v 0.13014334 0.05225508 -0.00729725
v 0.12645929 0.05193221 -0.01517200
v 0.11483384 -0.00947640 -0.03493771
v 0.10516692 -0.00484856 -0.03002502
v 0.10427599 0.00938509 -0.03723007
v 0.12076164 0.03375936 -0.03688952
v 0.12725516 0.03350720 -0.03651760
v 0.12465088 0.02144491 -0.04192336
v 0.11778465 0.02200193 -0.04125492
v 0.12565881 0.01515745 -0.04318932
v 0.11000247 0.01903598 -0.03701386
v 0.10756826 0.01539620 -0.03720672
v 0.02092575 0.06267335 -0.01689015
v 0.02104483 0.03842169 -0.03468278
v 0.09426018 0.02285104 -0.02932304
v 0.09532753 0.01513011 -0.02996597
v 0.09283592 -0.00297173 -0.02254389
v 0.07532845 0.02844784 -0.02893105
v 0.05702289 0.02872978 -0.03426585
v 0.03952162 0.03307750 -0.03395680
v 0.04704720 0.02268079 -0.03834852
v 0.03455910 0.03303013 -0.03270084
v 0.03481547 0.03966346 -0.02939042
v 0.01816709 0.03966742 -0.03577187
v 0.01727716 0.04617266 -0.03290332
v 0.02552257 0.03223966 -0.03434786
v 0.03311190 0.02983774 -0.03368631
v 0.02401498 0.01975044 -0.03515576
v 0.02353504 0.01590671 -0.03528348
v 0.04119051 0.00542570 -0.04205368
v 0.04433434 0.00891575 -0.04082631
v 0.05164820 0.01381042 -0.04049840
v 0.03192545 0.01375026 -0.03739217
v 0.01565864 0.01318283 -0.03803275
v 0.03209561 0.00268064 -0.03862373
v 0.03637112 -0.00071646 -0.04296642
v 0.04665750 0.00310761 -0.04069533
v 0.04131117 -0.01141299 -0.04248098
v 0.02286553 0.00593666 -0.03519751
v 0.03338049 -0.01498029 -0.04278371
v 0.03009314 -0.01718552 -0.04142602
v 0.06068225 0.01676311 -0.03511236
v 0.05864022 0.01160852 -0.03889048
v 0.05626969 0.00977776 -0.04003552
v 0.08322278 0.01584188 -0.02935864
v 0.06619170 0.00482274 -0.03076173
v 0.08218445 0.00493899 -0.02745163
v 0.05638070 -0.00984201 -0.03775518
v 0.01721503 -0.00985793 -0.03227748
v 0.01556565 -0.00842641 -0.03242998
v 0.06051934 -0.02331994 -0.04047691
v -0.00310480 0.04774060 -0.03902464
v -0.00590349 0.05262247 -0.03684952
v -0.01197250 0.05289148 -0.03752710
v -0.01429079 0.06242671 -0.02952815
v -0.02645528 0.07776722 0.00332255
v -0.02561147 0.07444914 -0.01214716
v -0.02841757 0.06829161 -0.02376496
v -0.02219566 0.06106864 -0.03207867
v -0.02208768 0.05662197 -0.03549242
v -0.03017543 0.06010606 -0.03264375
v -0.03507093 0.07280274 -0.01598465
v -0.02790930 0.04728684 -0.04165889
v 0.07075188 -0.03776949 -0.04406095
v 0.09308434 -0.05331139 -0.05224469
v 0.09039561 -0.05485912 -0.05495385
v 0.08730049 -0.05350619 -0.05231552
v 0.11835357 0.03829671 -0.03595024
v 0.12270355 0.05755817 -0.03321737
v 0.12240851 0.05617022 -0.03885979
v 0.12772869 0.05328623 -0.03803963
v 0.11903230 0.04694771 -0.03987787
v 0.11770015 0.04952424 -0.03932584
v 0.12684512 0.05087468 -0.04055161
v 0.12529039 0.04789386 -0.04140962
v 0.12014490 0.05266187 -0.04064608
v -0.04675972 0.06622117 0.03064426
v -0.02348255 0.07440432 0.01690329
v -0.03255595 0.07623805 0.01042731
v -0.03675137 0.07721144 -0.00262376
v -0.05219628 0.05762469 -0.03307120
v -0.03293003 0.07576329 -0.00911884
v -0.05065103 0.07605249 -0.00242396
v -0.06510031 0.07245178 -0.01019684
v -0.04875596 0.04316353 -0.04130499
v -0.05131325 0.04019145 -0.04261944
v -0.05769291 0.05118275 -0.03705116
v -0.05343706 0.07503812 0.00827732
v -0.06047814 0.07514185 0.00574631
v -0.07354581 0.07025425 -0.01126772
v -0.06589568 0.05014738 -0.03828887
v -0.08021834 0.06337681 -0.02192403
v -0.09005582 0.06236953 -0.01563648
v -0.09238796 0.06604565 -0.00625123
v -0.09945496 0.05518947 -0.01890922
v -0.09900934 0.05745360 -0.01670483
v -0.10248333 0.06335597 -0.00451869
v -0.10351097 0.06365836 0.00252064
v -0.11348764 0.05445996 0.00468307
v -0.11064617 0.05585331 0.00582373
v -0.10652968 0.05711921 0.01358809
v -0.10832357 0.05568691 0.00913309
v -0.10921010 0.06047388 0.00205821
v -0.09444803 0.06480456 0.01212178
v -0.10382992 0.05869067 0.01612601
v -0.10824350 0.05488468 0.01867693
v -0.11405722 0.04136148 0.03179249
v -0.10648742 0.04727412 0.03458396
v -0.10061640 0.04888478 0.03837493
v 0.09235547 -0.05113234 -0.04800247
v -0.04181543 -0.02136841 -0.04389153
v -0.03084534 0.02485899 -0.04620095
v -0.02505320 0.02281089 -0.04742245
v -0.05267564 -0.01725683 -0.05246473
v -0.04648077 -0.03129932 -0.04338357
v -0.05494630 -0.03576645 -0.05026780
v -0.06419058 -0.04490632 -0.05375888
v -0.04950844 -0.03551054 -0.04671659
v -0.04631441 -0.05161459 -0.05770924
v -0.03209673 -0.06538056 -0.06493852
v -0.04022764 -0.05525577 -0.05996649
v -0.03176131 -0.05802848 -0.06407034
v -0.02793386 -0.06027688 -0.06351978
v -0.02764078 -0.05941204 -0.06184684
v -0.03867749 -0.03823156 -0.03841913
v -0.08365209 -0.01709529 0.01099353
v -0.06446797 -0.02786932 0.01108818
v -0.06866693 -0.02346140 0.02667616
v -0.07884275 -0.01940073 0.01888541
v -0.09214003 -0.01522956 0.01149669
v -0.11026937 -0.01434042 -0.01336917
v -0.11317709 -0.00337555 -0.00862638
v -0.11573876 -0.00041079 -0.01120619
v -0.10938613 -0.00540835 0.00538304
v -0.11553968 -0.00753106 0.01030855
v -0.11443832 0.00283274 0.00325661
v -0.11860141 0.00308345 0.00725262
v -0.11098197 0.00826297 -0.00426412
v -0.11176601 0.01298771 -0.00516308
v -0.11972149 0.01071614 0.00726924
v -0.10891771 -0.01331337 0.01284970
v -0.11221439 -0.01075185 0.01125021
v -0.07267471 -0.02903307 0.03576688
v -0.07976235 -0.03149455 0.03329220
v -0.10280926 -0.02375965 0.02075648
v -0.11412325 0.00819822 0.00170461
v -0.11536482 0.01344705 0.00236182
v -0.11128330 0.01495825 -0.00229083
v -0.11222097 0.00161705 -0.00514596
v -0.11709876 -0.00613467 -0.01939477
v -0.11222176 -0.01471083 -0.01766971
v -0.09814658 -0.03630927 -0.02703945
v -0.09912860 -0.03488197 -0.02916531
v -0.10227692 -0.03108493 -0.02347804
v -0.11846202 0.00129227 -0.02070959
v -0.11871649 0.00977855 -0.01692210
v -0.11895625 0.00835310 -0.01919233
v -0.09036577 -0.03737554 -0.03543555
v -0.07890633 -0.04989302 -0.04392365
v -0.03471678 -0.05038359 -0.03832966
v -0.08857607 -0.03196601 0.02801734
v -0.12565964 -0.02971588 0.02573087
v -0.09177545 -0.04387549 0.03575317
v -0.08972089 -0.04144162 0.03873976
v -0.09993269 -0.05361577 0.03355537
v -0.10182501 -0.05731069 0.03235964
v -0.04227774 0.02569029 -0.04506944
v -0.04628721 0.02795537 -0.04614173
v -0.05553396 0.04393012 -0.04155197
v -0.04775396 0.02138553 -0.04934970
v -0.05128829 0.02081561 -0.05085492
v -0.06132748 0.03870074 -0.04585389
v -0.06201600 0.03676260 -0.04883889
v -0.06349811 0.03220249 -0.05126799
v -0.05917789 0.00684847 -0.05347052
v -0.06132615 0.01049246 -0.05239982
v -0.06486141 0.04037495 -0.04694910
v -0.08057974 0.03044869 -0.04753389
v -0.08186294 0.01393636 -0.04903821
v -0.07831746 0.01242659 -0.05057183
v -0.08951477 0.01952546 -0.04842164
v -0.08473293 0.03491428 -0.04579727
v -0.07443178 0.03783095 -0.04711163
v -0.07966623 0.04161210 -0.04470157
v -0.08925691 0.04380628 -0.04061451
v -0.11050029 0.03373476 -0.02425542
v -0.10884860 0.03397073 -0.02870201
v -0.10664168 0.03567778 -0.03183364
v -0.10743201 0.02940156 -0.03774738
v -0.11395546 0.02495149 -0.02720271
v -0.11181916 0.03332356 -0.01899821
v -0.11535094 0.02090644 -0.02453453
v -0.11686579 0.02100935 -0.02039164
v -0.11346532 0.01180858 -0.03339131
v -0.11373907 0.01661264 -0.03199207
v -0.11953387 0.01248609 -0.01959139
v -0.11060554 0.03617475 -0.01538971
v -0.11029674 0.03692899 -0.01328206
v -0.11395891 0.03983324 -0.00928259
v -0.11373179 0.02394067 -0.00834095
v -0.11203005 0.02141948 -0.00570305
v -0.11487676 0.03167668 -0.00740102
v -0.11699641 0.04974177 -0.00379197
v -0.11140178 0.02343467 -0.00435645
v -0.11845505 0.01681525 0.00573669
v -0.05351122 0.00617292 -0.05385980
v -0.05992563 -0.00428680 -0.05545093
v -0.05386170 -0.00560026 -0.05420367
v -0.06905868 0.01012848 -0.05253723
v -0.09382464 0.00991489 -0.04776554
v -0.09308743 -0.02535507 -0.03934271
v -0.09971806 -0.02893113 -0.03198500
v -0.10126715 0.01285261 -0.04356587
v -0.11243375 0.00497878 -0.03396382
v -0.11385033 -0.00409252 -0.02950540
v -0.10623661 -0.00743718 -0.03676843
v -0.10711195 -0.01205456 -0.03588157
v -0.10884152 -0.01345576 -0.03336104
v -0.10992972 -0.01529328 -0.03043328
v -0.09381378 -0.00887134 -0.04441619
v -0.13440064 -0.04950772 0.02733510
v -0.12064636 -0.03856800 0.02278459
v -0.10821436 -0.06205162 0.02309501
v -0.10382588 -0.06498910 0.02364663
v -0.12520726 -0.06706920 0.02054384
v -0.12605375 -0.07213484 0.02187267
v -0.11509705 -0.07760965 0.02753847
v -0.09656836 -0.07488683 0.02565056
v -0.09565253 -0.07095359 0.02464992
v 0.07693109 -0.00751347 0.02725096
v 0.07469719 -0.01190103 0.03314381
v 0.08505157 -0.00310148 0.01898388
v 0.07608644 -0.01156884 0.01625844
v 0.07581601 -0.01161657 0.01985342
v 0.07268964 -0.01464863 0.01732594
v 0.06967544 -0.01749917 0.02067148
v 0.06958303 -0.01665215 0.01538306
v 0.06223908 -0.02093474 0.01528328
v 0.07138638 -0.01822818 -0.00133016
v 0.06826656 -0.01836228 -0.00593262
v 0.08624552 -0.01362490 -0.00185444
v 0.07633682 -0.01620669 -0.00949005
v 0.06933075 -0.01438355 -0.01558962
v 0.06629448 -0.01714702 -0.01394520
v 0.05626228 -0.02390936 0.01058001
v 0.05083995 -0.02432592 0.02043941
v 0.05128611 -0.02608204 0.01126062
v 0.04827624 -0.02651135 0.01282947
v 0.04100126 -0.02866562 0.00099232
v 0.03620537 -0.02925327 -0.01393402
v 0.03770408 -0.02794459 0.01175284
v 0.02021055 -0.01414537 0.03793693
v 0.02260682 -0.01939789 0.03326960
v 0.02501038 -0.02363178 0.02714725
v 0.02290975 -0.02732040 0.02182770
v 0.02478838 -0.02930911 0.01546143
v -0.00110197 -0.03154413 0.01911542
v -0.01525058 -0.03271898 0.01846224
v 0.10958932 -0.00945316 0.00674660
v 0.10356317 -0.01290626 -0.00398905
v 0.10855989 -0.01379192 -0.00254425
v 0.11692341 -0.01614084 -0.00065612
v 0.10962638 -0.01557554 -0.01198287
v 0.09991204 -0.01284807 -0.00578744
v 0.06710562 -0.01366446 -0.01834412
v 0.03842763 -0.03072442 -0.01677067
v 0.02974840 -0.03108113 -0.00404487
v 0.01127451 -0.03257694 -0.00708810
v -0.00246545 -0.03468750 0.00207466
v -0.01076183 -0.03453396 -0.00696128
v -0.01731095 -0.03309282 -0.01099593
v -0.05728527 -0.02829357 0.02131911
v -0.02573710 -0.03359492 -0.00887473
v -0.02471759 -0.03409087 -0.00363878
v -0.04942720 -0.03053727 0.02010804
v 0.06465415 -0.03103961 -0.02061398
v 0.06863178 -0.03866449 -0.02347907
v 0.05190200 -0.03012117 -0.01690038
v 0.05616473 -0.03289908 -0.01941139
v 0.07261701 -0.05115821 -0.02845396
v 0.07556415 -0.05433170 -0.03029318
v 0.07142950 -0.05473530 -0.02903979
v 0.06484937 -0.05302122 -0.02753934
v 0.07901204 -0.07189350 -0.02923790
v 0.07478963 -0.07312650 -0.03307486
v 0.07117193 -0.06980363 -0.03406113
v 0.07117248 -0.07397193 -0.03833362
v 0.07436839 -0.07504731 -0.03661485
v 0.07660464 -0.07557116 -0.03916408
v 0.08693668 -0.07733946 -0.03226804
v 0.08836108 -0.06979110 -0.04240347
v 0.08562879 -0.07309713 -0.04692099
v 0.08271500 -0.07398226 -0.04762148
v 0.07056311 -0.07374827 -0.04312025
v 0.07937307 -0.07441483 -0.04936306
v 0.08788007 -0.07255857 -0.04869540
v 0.08344419 -0.07191491 -0.05409206
v 0.05529325 -0.05386392 -0.02955923
v 0.05235961 -0.04876428 -0.02701185
v -0.03647374 -0.01251967 -0.03732096
v -0.03835903 -0.01663949 -0.03828366
v -0.03839670 -0.01824794 -0.03309975
v -0.03765179 -0.02178475 -0.02650976
v -0.03938764 -0.02211203 -0.03366812
v -0.04734023 -0.03053377 -0.01314310
v -0.04522900 -0.02912331 -0.01750313
v -0.04258475 -0.03955667 -0.03168880
v -0.06762035 -0.02745626 -0.00248046
v -0.05505583 -0.03547970 -0.01951891
v -0.07278802 -0.03168656 -0.01288071
v -0.06663405 -0.04505822 -0.02032975
v -0.03913700 -0.04216364 -0.03825177
v -0.06655444 -0.05004430 -0.02199841
v -0.08455019 -0.01878834 0.00546653
v -0.08716410 -0.02084206 -0.00190237
v -0.09839766 -0.02328655 -0.01065937
v -0.10940266 -0.01034727 -0.00899308
v -0.09112288 -0.04376877 -0.02726020
v -0.07491153 -0.06678375 -0.03512732
v -0.08254208 -0.04854182 -0.02418916
v -0.06390144 -0.06419293 -0.02463936
v -0.05084250 -0.06127503 -0.02538846
v -0.03389558 -0.05919393 -0.03192870
v -0.03553407 -0.05694899 -0.04482156
v -0.03519067 -0.05745119 -0.04693333
v -0.03307600 -0.05825355 -0.04136266
v -0.02646243 -0.05939139 -0.05123346
v -0.02069635 -0.06991220 -0.05949146
v -0.01940003 -0.07310935 -0.05604142
v -0.02026040 -0.07291608 -0.05111527
v -0.02166530 -0.06443164 -0.04733567
v -0.03137071 -0.05829848 -0.03498787
v -0.02908521 -0.06054794 -0.03504893
v -0.02708934 -0.06449790 -0.03218507
v -0.02240025 -0.07561148 -0.03898267
v -0.02503819 -0.06466722 -0.03351113
v -0.02365774 -0.06684300 -0.03384681
v -0.02394803 -0.07482643 -0.02794082
v -0.02326991 -0.07709642 -0.03029697
v -0.02949299 -0.07903546 -0.03407241
v -0.03903829 -0.08076106 -0.04603400
v -0.05961129 -0.07896951 -0.02991939
v -0.06132505 -0.08040658 -0.03300450
v -0.04045031 -0.07328611 -0.02141629
v -0.06131259 -0.07191926 -0.02636857
v -0.04938791 -0.07742245 -0.02362002
v 0.01425318 0.01919332 -0.03913787
v -0.00453676 0.02621594 -0.04568466
v 0.02684482 -0.02160210 -0.03950654
v 0.02772265 -0.03595512 -0.03672706
v 0.03621999 -0.03570782 -0.04035535
v 0.01598851 -0.01707560 -0.02949069
v 0.01385095 -0.01893382 -0.02704695
v 0.01806656 -0.02425968 -0.02470842
v 0.02126042 -0.02709469 -0.02546852
v 0.02029450 -0.02818957 -0.03108553
v 0.03725408 -0.04396750 -0.03910850
v 0.01829687 -0.02783510 -0.01673294
v 0.00213741 -0.02989040 -0.01593848
v -0.00110120 -0.03197464 -0.01312169
v -0.00764389 -0.01095830 -0.03733991
v -0.01418192 -0.02724814 -0.02252580
v -0.01594858 -0.02479015 -0.02641859
v -0.00597859 -0.03242074 -0.01238438
v -0.02585141 -0.02457907 -0.02533813
v -0.01423703 -0.01055215 -0.03875351
v -0.00215991 -0.00860960 -0.03765358
v -0.00858011 -0.00192898 -0.04231460
v -0.03181047 -0.01461759 -0.03492092
v -0.03627802 0.00188961 -0.04354757
v -0.03765966 -0.00119944 -0.04325008
v -0.03446645 -0.02051955 -0.02865944
v -0.04210253 -0.03147248 -0.01335097
v -0.01390376 0.02442820 -0.04738269
v -0.02658918 0.01628776 -0.04714042
v -0.03831435 -0.00400297 -0.04339817
v -0.02051437 0.02003375 -0.04794434
v -0.01304813 0.01726073 -0.04764438
v 0.05595068 -0.04146034 -0.04474211
v 0.04326159 -0.04285997 -0.04230466
v 0.04735330 -0.05450852 -0.03923844
v 0.03897921 -0.04698281 -0.03838878
v 0.09035885 -0.06916737 -0.05353037
v 0.08854014 -0.06651026 -0.05500986
v 0.07022990 -0.05657474 -0.04848842
v 0.07085788 -0.06349986 -0.05171211
v 0.06582970 -0.06365671 -0.04713555
v 0.06003794 -0.06266725 -0.04077734
v 0.07037532 -0.06731704 -0.05091175
v 0.06915068 -0.07102355 -0.04650667
v 0.05957739 -0.06219883 -0.03824443
v 0.00224006 0.00243131 -0.04087135
v 0.00613405 -0.00288938 -0.03813425
v 0.01230011 -0.00651650 -0.03426845
v -0.12431096 -0.00229926 0.01533493
v -0.12655048 0.00290798 0.03442280
v -0.12140598 -0.02284561 0.04346419
v -0.12672457 -0.02632267 0.03413842
v -0.12787572 -0.02991455 0.03370481
v -0.12493023 -0.01788886 0.02764634
v -0.12582892 -0.01013403 0.02536914
v -0.13059257 -0.03356000 0.03374092
v -0.13285695 -0.05387429 0.03696283
v -0.11988634 0.04272353 -0.00047558
v -0.11853690 0.02776823 0.00122619
v -0.11906494 0.02663901 0.00780706
v -0.11801052 0.03823996 0.00506037
v -0.12334374 0.01867685 0.01475959
v -0.12669896 -0.00135261 0.02095341
v -0.11893286 0.03401608 0.01891723
v -0.12122834 0.02904873 0.02108260
v -0.12641175 0.01386894 0.02321684
v -0.12768824 0.01021103 0.02785697
v -0.12292848 0.02455657 0.02563734
v -0.11677241 0.03776148 0.03119599
v -0.12633371 -0.00925750 0.03017849
v -0.11610516 -0.00187113 0.04694699
v -0.12729922 -0.00296086 0.03457746
v -0.13329080 -0.05553107 0.02843490
v -0.12852450 -0.07458197 0.03223279
v 0.14365450 0.02081283 -0.03110450
v 0.12110563 -0.01948138 -0.01242158
v 0.13271697 -0.01367200 -0.00808890
v 0.13195398 -0.01419432 -0.01494193
v 0.13262872 -0.00564428 -0.02477973
v 0.13512056 -0.00787876 -0.02320477
v 0.13978960 -0.01530490 -0.01426342
v 0.14266205 -0.01574560 -0.01907751
v 0.14682245 -0.01500739 -0.02254935
v 0.15142049 -0.01090725 -0.02609172
v 0.15297180 -0.00224064 -0.02806516
v 0.14132965 -0.00325715 -0.02645796
v 0.14663495 -0.00218767 -0.02736400
v 0.13637660 -0.00126322 -0.02634688
v 0.13756530 0.00775251 -0.02969329
v 0.12168438 -0.01462355 -0.02825643
v 0.12267739 -0.01680915 -0.02045490
v 0.11606429 -0.01256527 -0.03104036
v 0.13945282 0.01711994 -0.03362498
v 0.13420379 0.01671154 -0.03792879
v 0.15850386 -0.01266257 -0.01881953
v 0.15727784 -0.01286985 -0.02388656
v 0.15933315 -0.01138941 -0.02323502
v 0.16179994 -0.00415607 -0.02120605
v 0.16257608 -0.00605955 -0.01737652
v 0.16254349 -0.00874465 -0.01553203
v 0.16224286 -0.00665711 -0.00968702
v 0.15905966 0.00904388 -0.02054569
v 0.14778100 0.01499527 -0.02462134
v 0.14990044 0.01708388 -0.02275453
v 0.15168691 0.02089372 -0.02069107
v 0.14699872 0.02480994 -0.02478672
v 0.14890727 0.02711767 -0.02255677
v 0.15036462 0.02982892 -0.01973455
v 0.15618001 0.01878101 -0.01584083
v 0.15937497 0.01127378 -0.01792894
v 0.16139217 0.00330425 -0.01225173
v 0.04692750 -0.02518369 0.02169881
v 0.06621813 -0.02353511 0.02733487
v 0.05733272 -0.02681169 0.02312856
v 0.06224802 -0.02623939 0.02526115
v 0.06719435 -0.02981744 0.03021181
v 0.03584997 -0.03987779 0.03611838
v 0.03018512 -0.02713323 0.03056616
v 0.04040480 -0.04037051 0.03354940
v 0.04793911 -0.05772661 0.03726162
v 0.05272682 -0.06132054 0.03582426
v 0.05174943 -0.07023115 0.04360077
v 0.06457511 -0.06293855 0.03193043
v 0.05989724 -0.07495690 0.03251455
v 0.05632754 -0.07280859 0.03512975
v 0.07627065 -0.07766692 0.05370068
v 0.07473789 -0.07431915 0.02778140
v 0.08078510 -0.07779208 0.04178657
v 0.06522103 -0.07769263 0.03318069
v 0.06172790 -0.07788221 0.04937855
v 0.05877805 -0.07715715 0.04837299
v 0.05520201 -0.07474947 0.04555178
v 0.06965298 -0.07835522 0.03441816
v 0.06214545 -0.00826138 -0.03386403
v 0.06565797 -0.00869238 -0.02808652
v 0.06667414 -0.00307288 -0.02886205
v 0.06787854 -0.01818107 -0.02210910
v 0.06493732 -0.01996869 -0.01783751
v 0.07214760 -0.02590864 -0.03026175
v 0.07380746 -0.03478428 -0.02716485
v 0.07631371 -0.03624966 -0.02943876
v 0.08271080 -0.06337933 -0.03217551
v 0.08886936 -0.06715620 -0.02719992
v 0.09286283 -0.06859218 -0.02855662
v 0.08924687 -0.07366630 -0.02275603
v 0.09104787 -0.06463407 -0.02922577
v 0.09075674 -0.06622683 -0.03241299
v 0.08724233 -0.06686838 -0.03716050
v 0.09132483 -0.06732924 -0.04539677
v 0.09398217 -0.05514207 -0.04495709
v 0.08089341 -0.04776632 -0.04361477
v 0.09192950 -0.04971143 -0.04603140
v 0.08414117 -0.06330144 -0.03506429
v -0.05184474 -0.05955713 -0.05873756
v -0.05549023 -0.06015199 -0.05779797
v -0.07411003 -0.05553527 -0.04542926
v -0.02914738 -0.06856447 -0.06372003
v -0.09008020 -0.04584542 -0.02832619
v -0.08073036 -0.06152929 -0.03297701
v -0.07015829 -0.07176441 -0.03738478
v -0.03778018 -0.08048725 -0.05521377
v -0.05881071 -0.07109818 -0.05482405
v -0.05648380 -0.07175048 -0.05596964
v -0.06665228 -0.07457211 -0.03920105
v -0.06223458 -0.07517186 -0.04104172
v -0.05868072 -0.08050765 -0.03621140
v -0.05740589 -0.07619569 -0.04353022
v -0.05420204 -0.07558719 -0.05514359
v -0.04690507 -0.07915048 -0.05580869
v -0.05092216 -0.07646177 -0.04889029
v 0.14957748 0.03428219 -0.00991417
v 0.15173715 0.02512174 -0.01196025
v 0.13338102 0.05110912 -0.00526801
v 0.14028959 0.04763301 -0.00566478
v 0.15354803 0.02356317 -0.01558727
v 0.15120444 0.02055119 -0.00811609
v 0.14887109 0.01504778 0.00436576
v 0.14574298 0.02571751 0.00497234
v 0.14579387 0.02179274 0.00820999
v 0.13909477 0.04220983 0.00323666
v 0.13415438 -0.00388206 0.01546514
v 0.14269151 -0.01658621 -0.01607348
v 0.13667572 -0.01089135 -0.00723907
v 0.14663868 -0.00693622 -0.00632120
v 0.15126106 -0.00472262 -0.00514156
v 0.13813210 -0.00250684 0.01158532
v 0.13691106 -0.00616891 0.00829195
v 0.13664111 -0.00765224 0.00200061
v 0.13486880 -0.01040845 -0.00278038
v 0.15250283 -0.00066931 -0.00406513
v 0.16027121 -0.00139652 -0.00699320
v 0.06882565 -0.03722029 0.03530471
v 0.07122837 -0.04507598 0.04219128
v 0.07260235 -0.05288863 0.03686616
v 0.07278430 -0.05074182 0.04207205
v 0.07334736 -0.05506646 0.04907622
v 0.08163154 -0.06750826 0.03123727
v 0.07978199 -0.06382084 0.03151056
v 0.07758018 -0.06596434 0.02871124
v 0.07983109 -0.06694340 0.02893576
v 0.08180024 -0.07702664 0.03766876
v 0.06508955 0.05016350 0.03142992
v 0.05139288 0.02987548 0.04495569
v 0.06399756 0.02678767 0.04205054
v 0.07714457 0.04224987 0.02534460
v 0.07619092 0.04852465 0.02166107
v 0.07830679 0.06054209 0.00395623
v 0.07931868 0.04776694 0.02020418
v 0.07192740 0.01955674 0.03685872
v 0.07083440 0.01548669 0.03847326
v 0.08546361 0.03943184 0.02382232
v 0.08665425 0.03380353 0.02534809
v 0.07922097 0.01245932 0.03235425
v 0.08160930 0.01593670 0.02999428
v 0.08182663 0.00799737 0.02943934
v 0.08678883 0.01116100 0.02545229
v 0.07687228 0.00345730 0.03417303
v 0.06913683 0.01318842 0.04107171
v 0.06010103 0.02324491 0.04489558
v 0.04941222 0.02716106 0.04640971
v 0.07231789 0.00505209 0.04275235
v 0.05981615 0.00774414 0.04793366
v 0.04934556 0.02200116 0.04802420
v 0.03846576 0.03208710 0.04708412
v 0.04075616 0.02522820 0.04897305
v 0.03377195 0.03919034 0.04410439
v 0.06460461 0.06592358 0.00851326
v 0.07724669 0.06062408 -0.00020178
v 0.03094234 0.06209430 0.02498465
v 0.03597580 0.06144792 0.02569536
v 0.03179684 0.05944218 0.02836828
v 0.02642895 0.06054763 0.02641316
v 0.00983687 0.06551295 0.02511021
v 0.00057736 0.06305537 0.03225296
v 0.00646656 0.05550032 0.03853294
v 0.00968022 0.04974389 0.04197843
v 0.01961245 0.02831788 0.04788867
v 0.05866629 0.00101258 0.04925147
v 0.06981909 -0.01792630 0.03973138
v 0.06660799 -0.03875988 0.04476155
v 0.06450757 -0.03566148 0.04445102
v 0.05796798 -0.04124971 0.05044457
v 0.05537395 -0.03919736 0.05124935
v 0.06521165 -0.03096428 0.04290591
v 0.05959411 -0.02966553 0.04935566
v 0.06116694 -0.02447279 0.04516602
v 0.05131559 -0.03818593 0.05297802
v 0.04705729 -0.04384972 0.05392515
v 0.04179790 -0.02415217 0.04963761
v 0.05954840 -0.02176444 0.04329583
v 0.06164531 0.00031260 0.04760558
v 0.06176510 -0.01472060 0.04045656
v 0.05836782 -0.01456445 0.03958056
v 0.05914954 -0.00444952 0.04639833
v 0.05275062 -0.00757680 0.04469976
v 0.05607250 -0.01438376 0.04023083
v 0.05521929 -0.02009866 0.04503089
v 0.03493854 -0.01933042 0.04740364
v 0.02754321 -0.01484854 0.04728510
v 0.02902412 -0.01139862 0.04809890
v 0.02980311 -0.00656328 0.04926683
v 0.04901846 -0.00585294 0.04887318
v 0.02601942 -0.00264736 0.04918579
v 0.02407989 -0.01312296 0.04570141
v 0.02990823 -0.02412309 0.04600484
v 0.02633152 -0.01923100 0.04539843
v 0.02358014 0.00731171 0.04933346
v 0.03268956 0.01113958 0.05112752
v 0.01322198 -0.01010920 0.04309398
v -0.00285919 -0.02345602 0.03805525
v -0.00970224 -0.01774517 0.04560648
v 0.00277230 -0.02443684 0.03488823
v 0.02697889 -0.02566743 0.04093010
v -0.00111213 -0.00898623 0.04927615
v -0.02312728 -0.02227442 0.04156734
v -0.01311345 -0.01097775 0.05057515
v -0.01345490 0.00439227 0.05604144
v 0.01311148 0.00951959 0.05096668
v 0.00394260 0.02416079 0.05384722
v -0.00467131 0.03138715 0.05424064
v 0.01837095 0.03588597 0.04559232
v 0.00793327 0.03891937 0.04880814
v -0.00236987 0.03648343 0.05221584
v -0.00022516 0.05793655 0.03821954
v -0.00072498 0.05429584 0.04176329
v -0.00713038 0.06623419 0.02973252
v -0.00516818 0.04757661 0.04740595
v -0.01784937 0.04912702 0.04793662
v 0.08943298 0.05526389 0.00809744
v 0.11014870 0.05569242 0.00142720
v 0.11741841 0.05404864 0.00213685
v 0.08666871 0.04835325 0.01759977
v 0.11528158 0.04817185 0.02206932
v 0.11181676 0.04562740 0.01866174
v 0.12261916 0.03304050 0.02059606
v 0.11801207 0.05463980 0.02494784
v 0.11855268 0.05044419 0.02657888
v 0.12093922 0.05537254 0.02345469
v 0.12503302 0.03922655 0.01918053
v 0.11945441 0.02327673 0.02372884
v 0.13506314 0.02201990 0.02040170
v 0.11052017 0.02554478 0.02269493
v 0.09972011 0.02556047 0.02425390
v 0.10495351 0.02086872 0.02314631
v 0.10501333 0.02513439 0.02339916
v 0.12609860 0.01662239 0.02552364
v 0.13344505 0.00448764 0.02238024
v 0.11929826 -0.00278301 0.01909379
v 0.09073022 0.01325151 0.02435664
v 0.12264981 0.05222582 0.00163127
v 0.11580400 0.05525270 0.01526767
v 0.11813307 0.05578675 0.01765247
v 0.11585878 0.05531542 0.01913107
v 0.12097394 0.05532567 0.02039631
v 0.11891191 0.05228397 0.01424371
v 0.13100387 0.05293514 0.02005506
v 0.12696606 0.04692629 0.01783437
v 0.12438077 0.04202875 0.01588625
v 0.12312829 0.04564314 0.01276040
v 0.13825445 0.01945122 0.01929188
v 0.13784914 0.00389858 0.01921572
v -0.05899980 -0.02672149 0.02364303
v -0.06101123 -0.02583342 0.02525704
v -0.05921391 -0.02293279 0.03048245
v -0.01749644 0.01842395 0.05752485
v -0.02055558 0.01393629 0.05755629
v -0.03431046 0.02250934 0.05601144
v -0.02623859 0.01259187 0.05731309
v -0.04674980 0.01351630 0.05365182
v -0.04420136 0.02752636 0.05296009
v -0.03007176 0.04696248 0.04958116
v -0.01485792 0.06943344 0.02629525
v 0.04169881 -0.05061112 0.04672637
v 0.05567083 -0.05452603 0.05762594
v 0.07603867 -0.05841032 0.05243619
v 0.05906377 -0.04903945 0.05853259
v 0.07805476 -0.06332107 0.05536103
v 0.08236264 -0.07234599 0.05459997
v 0.08291035 -0.07460711 0.05294471
v 0.08392264 -0.07216445 0.05092302
v 0.05411851 -0.06787969 0.05651642
v 0.07430988 -0.07581124 0.05650011
v 0.06915813 -0.06406579 0.06123727
v 0.07086901 -0.06235178 0.06159059
v 0.05919522 -0.06110869 0.06005904
v 0.06232399 -0.06617886 0.05962654
v 0.06627787 -0.07227058 0.05871075
v 0.05867857 -0.07266262 0.05874578
v 0.05792198 -0.07410073 0.05635169
v 0.10907203 0.01597215 0.02204526
v 0.05026042 -0.01146580 0.04119624
v 0.05389335 -0.01367089 0.04088707
v -0.03787664 0.00579457 0.05555368
v -0.04098291 -0.01616192 0.04599153
v -0.04437415 -0.02666664 0.03214619
v -0.07494991 -0.02778885 0.04367191
v -0.08013466 -0.02950789 0.04647700
v -0.06894986 -0.02300217 0.04534420
v -0.06383676 -0.00956316 0.04958440
v -0.06360169 -0.01579430 0.04504978
v -0.06215034 -0.00485973 0.04868028
v -0.05250394 -0.01329234 0.04432450
v -0.05532335 0.00258046 0.04996264
v -0.05760268 0.00694272 0.05002993
v -0.05193314 0.00950922 0.05186845
v -0.06542124 0.01954551 0.04906686
v -0.06069439 0.01358923 0.04927853
v -0.06529401 0.03776209 0.04432093
v -0.06992454 0.03538419 0.04791398
v -0.06490088 0.01474843 0.04911082
v -0.06561561 0.01127239 0.04951498
v -0.07389846 0.02268664 0.05271016
v -0.07584147 0.02492192 0.05273206
v -0.07628648 0.00800256 0.05344965
v -0.08261912 0.00331308 0.05351133
v -0.08763684 0.00507800 0.05283361
v -0.09236319 0.00144490 0.05316032
v -0.07079691 -0.00396783 0.05388400
v -0.09166474 -0.00192251 0.05205264
v -0.08877233 0.00863109 0.05290800
v -0.08300658 0.02031724 0.05267387
v -0.07970777 0.02805863 0.05199213
v -0.07771961 0.03041729 0.05114708
v -0.05939461 0.04450767 0.04130621
v -0.09339894 0.01046791 0.05302589
v -0.10358736 0.01124593 0.05203222
v -0.09599741 -0.00486183 0.05346605
v -0.10908405 0.00298395 0.05157216
v -0.10904868 0.01410189 0.04904848
v -0.10245398 0.01992134 0.05049171
v -0.10222438 -0.01170419 0.05307219
v -0.08756846 -0.01065466 0.05239161
v -0.08351146 -0.01276512 0.05287155
v -0.08511336 -0.02117776 0.05176602
v -0.11257514 -0.02031706 0.04910439
v -0.10061496 -0.05143088 0.04412919
v -0.10158841 -0.05828821 0.04104468
v -0.10269098 -0.05125879 0.04652962
v -0.10835930 -0.05407659 0.04980903
v -0.10614236 -0.05671407 0.04519935
v -0.10405232 -0.06471973 0.04364980
v -0.09560742 -0.06215673 0.03485503
v -0.10899227 -0.06324509 0.04741703
v -0.11399302 -0.06969663 0.05054263
v -0.11540315 -0.06063690 0.05094330
v -0.11808878 -0.05793563 0.05064806
v -0.11421644 -0.06489623 0.05042071
v -0.11854143 -0.07401489 0.04711286
v -0.10452542 -0.04800339 0.04903594
v -0.10645275 -0.04243906 0.05068333
v -0.10636698 -0.03374004 0.04971990
v -0.11205058 -0.03633398 0.05043660
v -0.09889714 -0.03714443 0.04753429
v -0.08968054 -0.03481169 0.04595660
v -0.11818358 -0.02879865 0.04767501
v -0.05506341 -0.01896735 0.03796672
v -0.06845393 -0.00190551 0.05253493
v -0.09954087 0.01051467 0.05300145
v -0.08920890 0.02067664 0.05169438
v -0.09182169 0.02735037 0.05056816
v -0.06997376 0.04598179 0.04149816
v -0.07467473 0.04881900 0.04160786
v -0.03344517 0.04271080 0.05103186
v -0.03260389 0.06273202 0.03643801
v -0.07446260 0.06472903 0.02892255
v -0.06336252 0.06334449 0.03194555
v -0.07629612 0.05281924 0.03876393
v -0.08119179 0.05420879 0.03727553
v -0.08487800 0.05187469 0.03884738
v -0.09055203 0.05042424 0.04093269
v -0.09128933 0.04779137 0.04210231
v -0.11048977 0.03371333 0.04212576
v -0.10262099 0.04017202 0.04355131
v -0.09031258 0.03945588 0.04631924
v -0.11540756 0.03076184 0.04063563
v -0.02768502 0.04189141 0.05209649
v -0.11558246 -0.07825425 0.04003552
v -0.10103998 -0.06878146 0.04471736
v -0.09177647 -0.07357158 0.04004748
v -0.09570933 -0.07701966 0.03422443
v 0.08323725 0.05896010 0.00256916
v 0.08917064 0.05733618 0.00281529
v 0.05618529 0.06852140 0.01577277
v 0.05651658 0.06974735 0.01200342
v 0.06319842 0.06682182 -0.00343787
v 0.05327361 0.06411306 -0.00585791
v 0.07091815 0.06304144 -0.00373187
v 0.07436121 0.06101536 -0.00405276
v 0.06889197 0.06231926 -0.00888539
v 0.06072543 0.06090774 -0.01414676
v 0.07004130 0.05305235 -0.01961638
v 0.08289611 0.05461025 -0.00886083
v 0.04796396 0.06357218 -0.00527519
v 0.01310733 0.07106554 0.00939369
v 0.00489175 0.07362171 0.00430015
v 0.01185188 0.07146315 0.00017822
v -0.00570696 0.07531302 0.00073238
v 0.00008949 0.07183252 -0.01227070
v 0.04213075 0.06079572 -0.01161532
v 0.04528710 0.05154777 -0.02356657
v 0.03307441 0.04932005 -0.02338069
v 0.05359727 0.03747346 -0.03099201
v 0.05700456 0.03833091 -0.03018550
v 0.07499952 0.04809482 -0.02095712
v 0.08546523 0.04657842 -0.01631885
v 0.08717340 0.03892248 -0.02173847
v 0.09131785 0.05078650 -0.01092121
v 0.09657994 0.04751765 -0.01504981
v 0.09723280 0.04150631 -0.02118677
v 0.09733484 0.03334340 -0.02661560
v 0.09914333 0.03726806 -0.02474799
v 0.10418438 0.02264299 -0.03215495
v 0.10509317 0.04158051 -0.02437397
v 0.10882583 0.04606286 -0.02054635
v 0.10568655 0.05603219 0.00063883
v 0.11261713 0.05264379 -0.01159772
v 0.11161167 0.04422748 -0.02676505
v 0.11333316 0.04726784 -0.03183891
v 0.11404793 0.05026130 -0.03222655
v 0.11648566 0.05401355 -0.03299059
v 0.12816839 0.04887836 -0.02065253
v 0.12574425 0.05225156 -0.02726171
v 0.13269536 0.04737182 -0.01939236
v 0.14236695 0.03997158 -0.02328914
v 0.13660155 0.03195139 -0.03396432
v 0.12888643 0.03884808 -0.03344632
v 0.12557150 0.05275641 -0.01105898
v 0.11137332 -0.00880561 -0.03349512
v 0.09823601 -0.00076571 -0.02683263
v 0.10273194 -0.00213139 -0.03089239
v 0.11154842 0.02240991 -0.03642215
v 0.11045571 0.03309621 -0.03145967
v 0.12753399 0.03664254 -0.03624049
v 0.13560051 0.02826256 -0.03672838
v 0.13412634 0.02453284 -0.03844462
v 0.12500943 0.01850628 -0.04297589
v 0.11329851 0.02125265 -0.03907928
v 0.11536652 0.01480791 -0.04271513
v 0.11140095 0.01069128 -0.04182887
v 0.10747480 0.00748704 -0.03992143
v 0.04181767 0.06471971 -0.00276357
v 0.02515274 0.06728989 -0.00086220
v 0.03272730 0.05934665 -0.01431788
v 0.01780802 0.06582399 -0.01455415
v 0.01898741 0.05778445 -0.02345800
v 0.02597304 0.04482736 -0.02910434
v 0.03210451 0.04145232 -0.02868328
v 0.07909547 0.03777592 -0.02434003
v 0.09328187 0.00886266 -0.02897677
v 0.08778562 0.00582718 -0.02744069
v 0.03694755 0.02859955 -0.03465525
v 0.03610568 0.03588876 -0.03107219
v 0.03940701 0.03865898 -0.03064727
v 0.02678531 0.03589374 -0.03306410
v 0.02145725 0.03416382 -0.03539275
v 0.01205779 0.04932755 -0.03367205
v 0.01437989 0.04393963 -0.03556409
v 0.00706250 0.03527461 -0.04116049
v 0.00615276 0.02608908 -0.04259199
v 0.03070074 0.03401973 -0.03229310
v 0.03301712 0.02399123 -0.03545064
v 0.03920329 0.00956249 -0.04146462
v 0.02205177 0.01020382 -0.03534477
v -0.00453774 0.03363961 -0.04440337
v -0.00127166 0.02961035 -0.04452833
v 0.04969285 -0.00134998 -0.04061544
v 0.03301560 -0.00249887 -0.04236851
v 0.02554622 0.00070867 -0.03634564
v 0.03669070 -0.01150897 -0.04363706
v 0.02672607 -0.01242906 -0.03945767
v 0.02144130 -0.00076305 -0.03441190
v 0.02201861 -0.00431506 -0.03488846
v 0.04769126 -0.01182313 -0.04080283
v 0.05190643 0.00527383 -0.04020856
v 0.05428554 0.02771757 -0.03650219
v 0.06384774 0.03192771 -0.03139442
v 0.07042798 0.02742894 -0.03021721
v 0.05616812 0.02193258 -0.03711354
v 0.06109336 0.02024181 -0.03480255
v 0.06250598 0.02511280 -0.03389781
v 0.06404069 0.01685342 -0.03263873
v 0.05681991 0.01687914 -0.03778126
v 0.06482568 0.01285203 -0.03237421
v 0.08831745 0.01208730 -0.02886535
v 0.08446083 0.01154392 -0.02884797
v 0.06720563 0.00878181 -0.03107598
v 0.07975993 0.00730342 -0.02855654
v 0.06919447 0.00209082 -0.02877722
v 0.05058010 -0.01044554 -0.04019865
v 0.02522192 -0.01788957 -0.03867216
v 0.12286112 0.05425145 -0.00477742
v -0.00845077 0.07337753 -0.01175802
v -0.00082909 0.06776811 -0.02093161
v -0.01009382 0.04408698 -0.04190898
v 0.00539605 0.05863997 -0.02971482
v -0.01345621 0.04893955 -0.03989176
v -0.01007592 0.05521620 -0.03573709
v -0.01280203 0.06621400 -0.02537894
v -0.02178595 0.07054174 -0.02028210
v -0.01726615 0.07443158 -0.01089826
v -0.02513619 0.07741186 -0.00049571
v -0.03586146 0.06864535 -0.02280716
v -0.01986101 0.03513136 -0.04598610
v -0.02714954 0.05111614 -0.03919108
v -0.03457262 0.05362185 -0.03761036
v -0.03537193 0.04107464 -0.04281455
v 0.06242231 -0.03733034 -0.04501578
v 0.06804176 -0.03352287 -0.04261814
v 0.07519901 -0.04804353 -0.04587266
v 0.07841826 -0.05900156 -0.05319561
v 0.07586222 -0.05652401 -0.04988074
v 0.11961034 0.04249064 -0.03824225
v 0.12788680 0.05266288 -0.03340325
v 0.12812369 0.04584284 -0.03763562
v 0.12115269 0.05003397 -0.04186943
v -0.03893804 0.06823809 0.02921842
v -0.04472293 0.05864174 -0.03333557
v -0.04641951 0.04966280 -0.03895130
v -0.05123291 0.07143669 -0.01542558
v -0.05461894 0.07410331 -0.00873709
v -0.05722483 0.07526283 -0.00429001
v -0.04302442 0.07630154 0.00789937
v -0.03770307 0.07757407 0.00430049
v -0.03628836 0.07661039 0.00869355
v -0.04237064 0.07489959 0.01340201
v -0.06792968 0.07331698 -0.00676004
v -0.06657413 0.04538069 -0.04196024
v -0.07363082 0.05066701 -0.03770239
v -0.07155410 0.06182435 -0.02601413
v -0.06939270 0.07395703 -0.00191984
v -0.07377023 0.07330391 0.00241276
v -0.08267003 0.07023707 0.00594565
v -0.06789849 0.06779240 0.02493516
v -0.05567098 0.07038944 0.02212600
v -0.04941835 0.06786388 0.02817238
v -0.06234147 0.06673370 0.02726253
v -0.08673259 0.06401206 0.02485183
v -0.08586181 0.06667565 0.01812478
v -0.08331524 0.06779832 -0.00986733
v -0.08633342 0.06561358 -0.01210327
v -0.08896201 0.06866118 -0.00302264
v -0.07969467 0.06007946 -0.02659039
v -0.09026620 0.05681545 -0.02594178
v -0.08772944 0.06003780 -0.02272931
v -0.09092050 0.05280204 -0.03037833
v -0.10336021 0.05518322 -0.01318022
v -0.09748707 0.06179379 -0.01037787
v -0.10669274 0.06156262 -0.00379257
v -0.10300642 0.06147280 -0.00672848
v -0.09437777 0.06715795 -0.00214532
v -0.09847319 0.06578938 -0.00199026
v -0.11093269 0.05983207 -0.00260277
v -0.10650935 0.05959091 0.00608755
v -0.11450201 0.05677980 -0.00211348
v -0.11301054 0.05727527 0.00257833
v -0.10295087 0.06254019 0.00569463
v -0.09857264 0.06554934 0.00365523
v -0.09397144 0.06673355 0.00632227
v -0.10789977 0.05175694 0.02560578
v -0.11151261 0.04115331 0.03617048
v -0.10835046 0.04094498 0.03826261
v -0.10288356 0.04901439 0.03574913
v -0.09494077 0.06297837 0.01925092
v -0.09886644 0.05965823 0.02317907
v 0.09158260 -0.05148961 -0.04976747
v -0.04079296 -0.03097088 -0.03901596
v -0.04367763 -0.02737276 -0.04232378
v -0.05162631 -0.02669984 -0.04735142
v -0.06468585 -0.02285369 0.03209294
v -0.01504937 0.03052817 -0.04688838
v -0.04347076 0.02086725 -0.04651814
v -0.04493902 0.01234321 -0.04964500
v -0.04534069 0.00878294 -0.05055613
v -0.04476329 -0.00343708 -0.05083765
v -0.05072060 -0.02206138 -0.04956774
v -0.05460862 -0.02569755 -0.04954510
v -0.05218036 -0.03043003 -0.04753434
v -0.05593735 -0.01822754 -0.05254545
v -0.04953491 -0.01172957 -0.05358937
v -0.06385151 -0.00234547 -0.05550134
v -0.06892113 -0.01965339 -0.05273901
v -0.06877095 -0.04715324 -0.05187527
v -0.07767501 -0.04274852 -0.04641120
v -0.06111187 -0.04272877 -0.05376725
v -0.05972067 -0.05789997 -0.05694805
v -0.08945117 -0.02999990 -0.04011411
v -0.08511113 -0.04307869 -0.03887847
v -0.08277182 -0.04944152 -0.03882509
v -0.04523430 -0.05462054 -0.05953243
v -0.04408629 -0.05088530 -0.05602947
v -0.03423727 -0.05756252 -0.06237218
v -0.03672740 -0.05553719 -0.05984807
v -0.03260566 -0.05732702 -0.06192907
v -0.03888407 -0.05350330 -0.05552539
v -0.04302695 -0.05014651 -0.05294748
v -0.04666381 -0.04284731 -0.04753192
v -0.04420081 -0.03723797 -0.04255089
v -0.04004340 -0.04510883 -0.04002241
v -0.04048001 -0.05177790 -0.04484238
v -0.07018671 -0.02281521 0.02188842
v -0.08426687 -0.01928611 0.01804069
v -0.08787870 -0.01755433 0.01564911
v -0.09372500 -0.01405345 0.00763029
v -0.11555272 -0.00551435 -0.01381386
v -0.11010048 0.00221919 -0.00361038
v -0.09162854 -0.01594985 0.00434193
v -0.10984039 0.00332289 -0.00173168
v -0.11069839 0.00459569 -0.00421783
v -0.11071561 -0.01825570 0.01598606
v -0.10070514 -0.01103000 0.00518479
v -0.09815045 -0.01249768 0.00551380
v -0.08935823 -0.02738006 0.02452762
v -0.09411337 -0.02818179 0.02474911
v -0.12244239 0.00049657 0.01219174
v -0.12144849 -0.00287743 0.01172939
v -0.12229449 0.01080924 0.01097177
v -0.11235547 0.01553251 -0.00529779
v -0.10328579 -0.03158681 -0.02611324
v -0.10462648 -0.02835955 -0.02382682
v -0.11660943 0.00675440 -0.01225563
v -0.11607120 0.00549126 -0.00920511
v -0.11546597 0.00964550 -0.00805736
v -0.09395204 -0.03696765 -0.03224487
v -0.09475187 -0.03199588 0.02653896
v -0.10263588 -0.03114501 0.02488244
v -0.11478098 -0.03351722 0.02335507
v -0.10376335 -0.04609228 0.02832496
v -0.09819589 -0.04358136 0.03039001
v -0.08910611 -0.04051827 0.03555504
v -0.11540723 -0.05242273 0.02328491
v -0.10137842 -0.05116705 0.03109200
v -0.09714385 -0.04990839 0.03422014
v -0.09975295 -0.06043752 0.03144135
v -0.05685385 0.03511929 -0.04716046
v -0.05978980 0.02892724 -0.05166477
v -0.05405498 0.01963677 -0.05221184
v -0.05624177 0.01166814 -0.05349675
v -0.04989126 0.00766930 -0.05288272
v -0.06963297 0.03004738 -0.05026439
v -0.06366700 0.03425394 -0.05081172
v -0.06653710 0.04261306 -0.04490218
v -0.08188398 0.02482653 -0.04855232
v -0.07471368 0.01623234 -0.05147011
v -0.07405731 0.01154248 -0.05271775
v -0.07576613 0.04347024 -0.04136055
v -0.07306910 0.04450180 -0.04097371
v -0.07748993 0.04757895 -0.03979899
v -0.08272360 0.04494113 -0.04163881
v -0.08633769 0.04366711 -0.04248440
v -0.08539864 0.04671030 -0.03906041
v -0.10429121 0.04617988 -0.02186056
v -0.10780025 0.04057252 -0.02361312
v -0.10600507 0.04233654 -0.02558563
v -0.09694336 0.04022663 -0.04001450
v -0.10343063 0.03958993 -0.03341810
v -0.10695384 0.03422915 -0.03482622
v -0.10809107 0.03211070 -0.03552818
v -0.10976391 0.02875825 -0.03481398
v -0.11106046 0.03453510 -0.02103791
v -0.11512959 0.02590634 -0.01986765
v -0.11631051 0.01666823 -0.02637169
v -0.11159013 0.01766287 -0.03558983
v -0.11228435 0.00836997 -0.03417391
v -0.11302711 0.02153520 -0.03397797
v -0.10743107 0.00655718 -0.03780119
v -0.11743920 0.01170053 -0.02452083
v -0.11865696 0.01642554 -0.01972097
v -0.11614913 0.02333266 -0.01725950
v -0.11245736 0.03256141 -0.01205085
v -0.11000777 0.04833371 -0.01104020
v -0.11018439 0.03895853 -0.01347017
v -0.10982175 0.04502434 -0.01170962
v -0.11103939 0.04050891 -0.01171056
v -0.10960560 0.05214136 -0.01019833
v -0.11229342 0.03679737 -0.01060570
v -0.11622404 0.04298231 -0.00781529
v -0.11232903 0.03365024 -0.01060311
v -0.11650977 0.03433310 -0.00665966
v -0.11684167 0.02702964 0.00046076
v -0.11590356 0.01274805 -0.00966619
v -0.11261138 0.01798870 -0.00580859
v -0.11185621 0.01921498 -0.00151976
v -0.05488197 -0.00035674 -0.05405088
v -0.08006195 0.00835108 -0.04975206
v -0.07568809 0.00142319 -0.05162577
v -0.09200586 0.00808697 -0.04782430
v -0.09252582 -0.02089712 -0.04129855
v -0.09525952 0.00336402 -0.04601875
v -0.10181472 0.00934096 -0.04292213
v -0.10091153 0.00356587 -0.04170207
v -0.09253486 -0.00483909 -0.04612335
v -0.10929995 -0.00720699 -0.03405372
v -0.09690203 0.03585938 -0.04190959
v -0.09464230 0.02235954 -0.04669372
v -0.11009691 0.02589978 -0.03667619
v -0.10048363 0.02257256 -0.04379553
v -0.10709708 0.01248634 -0.03897448
v -0.12658645 -0.03928142 0.02411836
v -0.12195785 -0.05164080 0.02231829
v -0.10982217 -0.06816012 0.01993556
v -0.13110268 -0.04563814 0.02557588
v -0.12794764 -0.07198203 0.02412256
v -0.12330755 -0.07124054 0.01987979
v -0.12249185 -0.06473738 0.01996458
v -0.11439471 -0.07281100 0.01965253
v -0.09344333 -0.07109819 0.02947820
v -0.09845809 -0.07680263 0.02784579
v -0.09845518 -0.07752396 0.03183142
v 0.07594191 -0.00266240 0.03601182
v 0.08326910 -0.00016036 0.02383092
v 0.08250517 -0.00766329 0.01553603
v 0.08362219 -0.00890812 0.01285429
v 0.07725357 -0.00943960 0.02202374
v 0.07357671 -0.01514050 0.02626638
v 0.07428560 -0.01372142 0.02945998
v 0.06972498 -0.01686154 -0.01099711
v 0.06592817 -0.01867403 -0.00938649
v 0.06054947 -0.02253710 0.00522463
v 0.05694633 -0.02408333 0.00703502
v 0.05279631 -0.02587452 0.00591013
v 0.04323960 -0.02732483 -0.00745502
v 0.03814927 -0.02870233 -0.00678527
v 0.03212935 -0.03039027 -0.00705740
v 0.03626312 -0.02618947 0.02276202
v -0.01145400 -0.02379883 0.03908622
v 0.02747172 -0.02422562 0.02700701
v 0.01227746 -0.02481301 0.03006412
v 0.12303391 -0.00390912 0.01941199
v 0.11515497 -0.01328711 0.00512447
v 0.11269122 -0.01542582 -0.00507511
v 0.11225832 -0.01726240 -0.01170528
v 0.02772181 -0.02970209 -0.01267209
v 0.07380079 -0.00304999 -0.02557040
v 0.08347562 -0.00217168 -0.02337221
v 0.08184883 -0.00574813 -0.02096539
v 0.08636374 -0.00959801 0.00899844
v 0.09302274 -0.01242605 -0.00540306
v 0.09406611 -0.00979085 -0.01342360
v 0.06283785 -0.02064323 -0.01413353
v 0.05789593 -0.02404202 -0.01347196
v 0.00221047 -0.03390870 0.00426949
v 0.01228241 -0.03312746 0.00711833
v -0.05552975 -0.03003234 0.01649268
v -0.05703174 -0.03066974 0.00924999
v -0.00359743 -0.03403062 0.00582279
v -0.01797438 -0.03489611 0.00398448
v -0.02506469 -0.03490261 0.00320990
v -0.03324843 -0.03451384 0.00520032
v -0.03229889 -0.03459272 0.00840023
v -0.03203846 -0.03400040 0.01242540
v -0.03829346 -0.03317495 0.01398222
v -0.04492280 -0.02900147 0.02664618
v -0.03137567 -0.03343779 0.01638528
v 0.06858081 -0.03157043 -0.02270943
v 0.06296542 -0.03294785 -0.02050333
v 0.05433744 -0.03826126 -0.02182323
v 0.04360392 -0.03312498 -0.01899318
v 0.03097826 -0.03551886 -0.02451645
v 0.03418925 -0.04119907 -0.02871952
v 0.05411100 -0.04420568 -0.02455971
v 0.06590077 -0.05602165 -0.02877035
v 0.07989459 -0.06910131 -0.02915792
v 0.07722834 -0.07060756 -0.03092066
v 0.06672110 -0.06490871 -0.03393878
v 0.07444505 -0.06981743 -0.03199697
v 0.06433360 -0.06714629 -0.03851643
v 0.06576911 -0.06937379 -0.04029869
v 0.07146716 -0.07216812 -0.03558538
v 0.08216146 -0.07547893 -0.03602616
v 0.08921810 -0.07573937 -0.03134888
v 0.08813453 -0.07154902 -0.03977990
v 0.08928537 -0.07218357 -0.05072246
v 0.08757815 -0.07238190 -0.05247960
v 0.07569929 -0.07411584 -0.05036908
v -0.03960923 -0.02548089 -0.03412242
v -0.04075654 -0.02297897 -0.02871007
v -0.04149463 -0.02727721 -0.02936435
v -0.04424037 -0.02783269 -0.02140619
v -0.04857272 -0.03058879 -0.01957843
v -0.05778771 -0.02958253 -0.01044051
v -0.05176932 -0.03230594 0.00181353
v -0.05977762 -0.03014346 0.00162240
v -0.06319854 -0.02868319 -0.00790657
v -0.05258738 -0.03094834 -0.01698714
v -0.06632092 -0.03344190 -0.01468012
v -0.07531773 -0.02430459 0.00237365
v -0.02421672 -0.07814360 -0.05543108
v -0.02097697 -0.07590456 -0.05297802
v -0.04711769 -0.03886303 -0.02693707
v -0.07614352 -0.02522825 -0.00430298
v -0.07861575 -0.03450512 -0.01521280
v -0.08323764 -0.02789218 -0.00978549
v -0.08420505 -0.03717128 -0.01795191
v -0.05882797 -0.04128113 -0.02048092
v -0.05853909 -0.04342289 -0.02155336
v -0.03931969 -0.04543402 -0.03689264
v -0.08180805 -0.02212132 0.00038253
v -0.08185432 -0.01823355 0.00981638
v -0.09552012 -0.03183458 -0.01836579
v -0.09154535 -0.02718066 -0.01095189
v -0.10481625 -0.01460285 -0.00769771
v -0.10969831 -0.00704382 -0.00678258
v -0.08791706 -0.03957215 -0.02155101
v -0.10616499 -0.00630122 -0.00323834
v -0.09892446 -0.03360055 -0.02324296
v -0.08439588 -0.04946948 -0.02640958
v -0.07981937 -0.06099987 -0.03042399
v -0.07508564 -0.06443029 -0.02954298
v -0.07139693 -0.06968608 -0.03072199
v -0.06952830 -0.06014238 -0.02442603
v -0.07295894 -0.05641404 -0.02395942
v -0.04824116 -0.04859571 -0.02841039
v -0.04594060 -0.05074062 -0.03022382
v -0.04092404 -0.04880177 -0.03408615
v -0.04874049 -0.05328040 -0.02750617
v -0.04526443 -0.05396194 -0.03003826
v -0.04197576 -0.05344348 -0.03216306
v -0.04668708 -0.06207921 -0.02574516
v -0.03302163 -0.05666555 -0.03402239
v -0.03488751 -0.05895975 -0.04534998
v -0.03345219 -0.05813826 -0.04830330
v -0.02900855 -0.05780267 -0.05453119
v -0.03025656 -0.05803601 -0.04989106
v -0.03365209 -0.05949109 -0.04704372
v -0.01756745 -0.06510233 -0.05314291
v -0.02999668 -0.07977939 -0.04836227
v -0.01796643 -0.06871877 -0.05490892
v -0.02094441 -0.06294595 -0.04939954
v -0.02039905 -0.06814470 -0.04797643
v -0.02232534 -0.06706673 -0.04436084
v -0.02219639 -0.06924131 -0.03892552
v -0.02385280 -0.06508844 -0.04211942
v -0.02453298 -0.06292865 -0.04432536
v -0.02726887 -0.06148162 -0.04432661
v -0.02631123 -0.06223452 -0.04184303
v -0.02952277 -0.06071012 -0.04171191
v -0.03158860 -0.05751024 -0.03829261
v -0.02701798 -0.06303539 -0.03855194
v -0.02199094 -0.07158653 -0.03579849
v -0.02367976 -0.07766616 -0.03935640
v -0.02595408 -0.07341268 -0.02754853
v -0.02594958 -0.07869130 -0.03142639
v -0.02501505 -0.07749379 -0.03548180
v -0.05417773 -0.07992349 -0.02874905
v -0.04890123 -0.08156289 -0.03697103
v -0.04896448 -0.06556626 -0.02405718
v -0.04390574 -0.06960388 -0.02235022
v -0.05928750 -0.06870758 -0.02467451
v -0.04979601 -0.07044939 -0.02302211
v -0.05907534 -0.07598226 -0.02754837
v -0.04033242 -0.07584338 -0.02436359
v -0.04281428 -0.07931805 -0.02735451
v -0.00212016 0.02176202 -0.04533518
v -0.00064787 0.01484561 -0.04445695
v 0.03980748 -0.02829976 -0.04209504
v 0.03125532 -0.02373521 -0.04127386
v 0.02686824 -0.02899032 -0.03823636
v 0.02472302 -0.03108273 -0.03634328
v 0.03112537 -0.04073521 -0.03714677
v 0.03222675 -0.03867218 -0.03852482
v 0.03362580 -0.02937935 -0.04080683
v 0.01919350 -0.02395842 -0.03206651
v 0.01780032 0.00610347 -0.03577500
v 0.00859639 -0.01990612 -0.02733712
v 0.02226189 -0.02962873 -0.02710714
v 0.03099384 -0.04222854 -0.03440557
v 0.04147011 -0.03484540 -0.04199427
v 0.01276198 -0.02817403 -0.01641231
v 0.00621151 -0.02758437 -0.01858535
v -0.00032865 -0.01823176 -0.03116759
v -0.00793799 -0.02433162 -0.02601937
v -0.02079906 -0.02435771 -0.02668804
v -0.01948194 -0.00960247 -0.03993988
v -0.00478121 0.00138125 -0.04261649
v -0.00573264 0.01494259 -0.04583118
v -0.01968947 0.00217383 -0.04537511
v -0.03513474 -0.00699034 -0.03998861
v -0.03929132 0.00547498 -0.04503206
v -0.04051547 -0.01156064 -0.04630033
v -0.03801778 -0.02758522 -0.01928811
v -0.04185784 -0.02665812 -0.02070465
v -0.03938693 -0.03351068 -0.00898295
v -0.03215364 -0.03244463 -0.01207940
v -0.00963242 0.01251468 -0.04661193
v -0.03135746 0.00851632 -0.04559776
v -0.02346915 0.01859423 -0.04768091
v -0.04239246 -0.00711186 -0.04890746
v 0.05118978 -0.03870808 -0.04438334
v 0.05026747 -0.04782641 -0.04367062
v 0.05244918 -0.05460760 -0.04183370
v 0.05683870 -0.05313155 -0.04382788
v 0.05855059 -0.05857524 -0.04275130
v 0.04434748 -0.05016400 -0.04041303
v 0.08441497 -0.06783311 -0.05527816
v 0.07798264 -0.06292631 -0.05585161
v 0.06568490 -0.05755378 -0.04687985
v 0.07524367 -0.06644502 -0.05436236
v 0.00678532 0.00722041 -0.04040879
v 0.00968518 0.00155903 -0.03833266
v -0.12444352 -0.00955646 0.01838774
v -0.12348883 -0.00663216 0.01508753
v -0.12371643 0.00587501 0.03759232
v -0.11388005 -0.00877755 0.04871834
v -0.12187342 -0.01746723 0.04125094
v -0.12182024 -0.00811565 0.04152186
v -0.12426985 -0.02262413 0.03974279
v -0.11746182 -0.01705568 0.04529883
v -0.12430342 -0.02738114 0.04126981
v -0.12484712 -0.03017501 0.04262484
v -0.12436058 -0.01777763 0.03417204
v -0.12504856 -0.02256170 0.02614901
v -0.12956937 -0.03319015 0.02954171
v -0.12755302 -0.02937143 0.02879494
v -0.12161478 -0.04624710 0.04846948
v -0.13499279 -0.05101176 0.03494409
v -0.13482201 -0.04186325 0.03101080
v -0.12871081 -0.03268579 0.03780087
v -0.12094547 0.02044242 0.00949816
v -0.11814745 0.02229005 0.00528186
v -0.11958604 0.03632977 0.00189367
v -0.11696476 0.04125173 0.00621939
v -0.11797362 0.03338780 0.00471205
v -0.12545681 -0.00532007 0.01871821
v -0.11560820 0.04564362 0.00700555
v -0.11846893 0.03122983 0.01201550
v -0.12706485 0.00740446 0.02454795
v -0.12792067 0.00540587 0.02896177
v -0.12720527 0.00794487 0.03110116
v -0.12209100 0.02340275 0.03621428
v -0.12505682 -0.01312378 0.02968963
v -0.12475919 -0.00646836 0.03731956
v -0.13544108 -0.05188907 0.03037617
v -0.13247469 -0.05866805 0.03205802
v -0.12985316 -0.06478244 0.02471807
v -0.12643884 -0.07673968 0.03300757
v -0.12451793 -0.07505947 0.03826119
v -0.11950492 -0.07833088 0.03464888
v 0.14560638 0.02487151 -0.02906709
v 0.11855946 -0.01708009 -0.00362678
v 0.11508288 -0.01671062 -0.00924590
v 0.12055590 -0.01851257 -0.00964883
v 0.12622656 -0.01702883 -0.01350549
v 0.12803496 -0.01364551 -0.01846436
v 0.15023956 -0.01764960 -0.01793372
v 0.15155375 -0.00664244 -0.02777057
v 0.12486858 -0.00775463 -0.03428869
v 0.12616761 -0.00895919 -0.03047238
v 0.12358250 -0.01203645 -0.03012398
v 0.12013914 -0.01699184 -0.02402939
v 0.11839265 -0.01540965 -0.02750587
v 0.14012820 0.01959553 -0.03536787
v 0.13512546 0.02012258 -0.03880601
v 0.13367559 0.01254198 -0.03678107
v 0.12928008 0.01707087 -0.04182082
v 0.15635952 -0.01385563 -0.01480894
v 0.15218194 -0.01680488 -0.01868232
v 0.15460068 0.01822683 -0.01991103
v 0.11990815 -0.00571067 -0.03881373
v 0.06811765 -0.02048449 0.02513165
v 0.04247747 -0.02574769 0.02327791
v 0.03354718 -0.03538893 0.03448797
v 0.05133144 -0.03215631 0.02689098
v 0.04469771 -0.02934196 0.02637707
v 0.03742721 -0.04231802 0.03635181
v 0.03729250 -0.04561895 0.04121596
v 0.04222313 -0.05234259 0.03928143
v 0.04915317 -0.06656201 0.04236440
v 0.05277752 -0.07156394 0.04187315
v 0.05748983 -0.04758365 0.03194224
v 0.06160566 -0.06823595 0.03155318
v 0.07241701 -0.07816003 0.04290364
v 0.06216887 -0.07815409 0.03690388
v 0.06450897 -0.07813612 0.03954607
v 0.06111610 -0.07813500 0.04068070
v 0.06528464 -0.07848343 0.04784263
v 0.05718387 -0.07650080 0.04188916
v 0.05709266 -0.07411981 0.05163782
v 0.05548470 -0.07069772 0.05408641
v 0.05988209 -0.01044824 -0.03557733
v 0.06649628 -0.02258808 -0.03511764
v 0.06920514 -0.00491502 -0.02590849
v 0.06996962 -0.02472505 -0.02422221
v 0.06311670 -0.02603786 -0.01892347
v 0.07442516 -0.03157444 -0.03103026
v 0.07672846 -0.03895277 -0.03797135
v 0.07491099 -0.03935130 -0.02780672
v 0.07134094 -0.03803374 -0.02483374
v 0.07125780 -0.03203114 -0.02485543
v 0.07698452 -0.03937414 -0.03154254
v 0.07899021 -0.05267698 -0.03401088
v 0.09148654 -0.07359672 -0.02865220
v 0.09109088 -0.07287560 -0.02453279
v 0.09073051 -0.06988997 -0.02571309
v 0.09133168 -0.07267792 -0.03220703
v 0.09249067 -0.06596409 -0.03000162
v 0.09011675 -0.06519046 -0.03181500
v 0.08794993 -0.06729251 -0.04210732
v 0.08545562 -0.06455712 -0.04218872
v 0.09224895 -0.06980955 -0.04657488
v 0.09305423 -0.07081454 -0.04905566
v 0.09259684 -0.06959858 -0.05163196
v 0.09268089 -0.06371170 -0.05354161
v 0.09427629 -0.06384663 -0.05091187
v 0.08728175 -0.05856759 -0.04437755
v 0.09036013 -0.06171806 -0.04532533
v 0.09444726 -0.06034625 -0.04669617
v 0.09137890 -0.05763090 -0.04471838
v 0.09376200 -0.05818451 -0.04519244
v 0.07919177 -0.04461160 -0.03991686
v 0.07856092 -0.04351657 -0.04176982
v 0.08064618 -0.04908720 -0.04148211
v 0.09306459 -0.05157227 -0.04605652
v 0.08555660 -0.05115962 -0.04461108
v 0.08935671 -0.04884035 -0.04639473
v 0.08059633 -0.05231418 -0.04230384
v 0.08339721 -0.05770941 -0.04175192
v 0.08358121 -0.06448413 -0.03959616
v 0.08262606 -0.06070776 -0.04056380
v 0.08540026 -0.06431802 -0.03270187
v -0.05832579 -0.06054262 -0.05727863
v -0.05670238 -0.06440960 -0.05617749
v -0.07099616 -0.06063069 -0.04527274
v -0.04752354 -0.06315064 -0.05986029
v -0.03836502 -0.06884949 -0.06341611
v -0.03527154 -0.06780554 -0.06437391
v -0.03602337 -0.07550482 -0.05960679
v -0.03050862 -0.07488131 -0.06052375
v -0.03045119 -0.07639197 -0.05848411
v -0.02464753 -0.07500369 -0.05968390
v -0.06994996 -0.07340736 -0.03348474
v -0.03634999 -0.08045383 -0.05287716
v -0.05157274 -0.06385713 -0.05741865
v -0.06035288 -0.06831337 -0.05354762
v -0.05636282 -0.06820771 -0.05569932
v -0.05964451 -0.06803612 -0.05520211
v -0.05738534 -0.07288231 -0.05370166
v -0.06050206 -0.06774922 -0.05050986
v -0.05417217 -0.08120039 -0.03954439
v -0.05539956 -0.07405677 -0.05180534
v -0.04519193 -0.08142932 -0.04287493
v -0.05244091 -0.07163172 -0.05671867
v 0.14548445 0.03881598 -0.02177682
v 0.14658718 0.04091652 -0.01711652
v 0.14902198 0.03819863 -0.01022896
v 0.14826535 0.03214332 -0.00747297
v 0.14643335 0.03574990 -0.00626454
v 0.14428569 0.03564039 -0.00002041
v 0.14694813 0.02841914 -0.00042620
v 0.15438955 0.01881276 -0.01277984
v 0.14995767 0.01857448 -0.00228390
v 0.14888625 0.01051444 0.00279349
v 0.14338414 0.02359741 0.01210973
v 0.14132145 0.02717517 0.01129859
v 0.14441894 0.01277166 0.01385149
v 0.13049485 -0.00726389 0.01462657
v 0.12646841 -0.01671958 -0.00120618
v 0.15040155 -0.01456370 -0.01268797
v 0.14162196 -0.00420132 -0.00247810
v 0.15228386 -0.01051101 -0.00931657
v 0.14816356 -0.01720363 -0.01568310
v 0.13399300 -0.01085394 0.00453389
v 0.13960408 -0.00233423 0.00680694
v 0.14425941 0.00117648 0.00020032
v 0.15773159 -0.00539936 -0.00617398
v 0.15769389 -0.00132866 -0.00561826
v 0.15836433 0.00452853 -0.00685416
v 0.16282421 -0.00265754 -0.01029241
v 0.16191055 0.00060673 -0.00919116
v 0.16270927 -0.00052400 -0.01161387
v 0.14169660 0.00452299 0.01426268
v 0.07154080 -0.02097690 0.03526340
v 0.07107266 -0.02352866 0.03172267
v 0.06842064 -0.02479859 0.02936529
v 0.06867894 -0.03567189 0.03222217
v 0.06890864 -0.03512758 0.03913420
v 0.06934108 -0.04056107 0.03824951
v 0.07079028 -0.04911192 0.03406845
v 0.07097944 -0.05289521 0.03338704
v 0.07282378 -0.05527494 0.04182058
v 0.07353592 -0.06123861 0.04657548
v 0.07315335 -0.06086335 0.03298638
v 0.07677726 -0.06154221 0.03457897
v 0.07563721 -0.06363601 0.03081852
v 0.08157792 -0.07685292 0.04761302
v 0.08395090 -0.07355516 0.04553315
v 0.08310057 -0.07614078 0.04307349
v 0.08382014 -0.07240050 0.03686250
v 0.07598850 -0.06957549 0.02805675
v 0.06282603 0.04779812 0.03516470
v 0.05962025 0.03373536 0.04173791
v 0.05953379 0.04009062 0.03992028
v 0.06808507 0.03383191 0.03722908
v 0.04772951 0.03843943 0.04379855
v 0.05784392 0.02489723 0.04538907
v 0.06427432 0.02918390 0.04088737
v 0.06819512 0.04509549 0.03205296
v 0.07527129 0.05815258 0.01152339
v 0.07158037 0.06310895 0.00489005
v 0.07836993 0.02897601 0.03015702
v 0.09004309 0.02675440 0.02598632
v 0.08226545 0.00315079 0.02699296
v 0.06280799 0.00335158 0.04715955
v 0.07173717 -0.00154960 0.04128754
v 0.07179772 -0.00365339 0.04017082
v 0.05050957 0.01349711 0.04934723
v 0.03610428 0.04280542 0.04279885
v 0.02902508 0.04173610 0.04224834
v 0.04485208 0.06116555 0.02860021
v 0.05528403 0.06250150 0.02594576
v 0.05946122 0.06732447 0.01454661
v 0.02756653 0.04541137 0.03998453
v 0.02115339 0.05999977 0.02764135
v 0.02405014 0.05121888 0.03609712
v 0.01803445 0.04618509 0.04117261
v 0.02804463 0.06732959 0.01233645
v 0.00835608 0.06904427 0.01893209
v 0.02104922 0.06938736 0.00849042
v 0.01526908 0.07097896 0.00514697
v 0.00892799 0.06153898 0.03092607
v 0.03022896 0.02710234 0.04857249
v 0.05375170 0.01209088 0.04938028
v 0.05133450 0.00902037 0.05011837
v 0.06353551 -0.00033515 0.04591985
v 0.07325672 -0.01232627 0.03802071
v 0.06756725 -0.04114597 0.04708084
v 0.06948812 -0.04466755 0.05226126
v 0.07241520 -0.04793018 0.05364932
v 0.06838202 -0.04599188 0.05629193
v 0.06159186 -0.04591178 0.05712651
v 0.05415394 -0.04352357 0.05376278
v 0.05853510 -0.03534216 0.05001381
v 0.06318974 -0.02878448 0.04513137
v 0.05566930 -0.03027920 0.05096412
v 0.05614141 -0.03355910 0.05180054
v 0.06940063 -0.02341620 0.03817936
v 0.06942496 -0.01622506 0.04163092
v 0.06534917 -0.01763096 0.04287784
v 0.06586008 -0.02059034 0.04393417
v 0.06398091 -0.02417428 0.04416103
v 0.05179730 -0.03435227 0.05225278
v 0.05402820 -0.03741618 0.05275572
v 0.05866004 -0.04419740 0.05466257
v 0.05693076 -0.04583600 0.05621997
v 0.04152896 -0.03882186 0.05153806
v 0.03897873 -0.03277150 0.05030234
v 0.05248281 0.00193503 0.05099821
v 0.05381783 -0.00087550 0.04959990
v 0.05618773 -0.01770110 0.04262623
v 0.05439419 -0.02261935 0.04731271
v 0.04733034 -0.01922328 0.04775083
v 0.05080043 -0.01773927 0.04632502
v 0.03527125 -0.01568029 0.04788209
v 0.03374521 -0.01162914 0.04875437
v 0.04520306 -0.01365938 0.04896355
v 0.04281397 -0.00984577 0.05111701
v 0.03969381 -0.00697915 0.05126605
v 0.04848625 -0.01083226 0.04484491
v 0.03269478 0.00054928 0.05177280
v 0.02405370 -0.00637654 0.04710315
v 0.03029012 -0.02021885 0.04625959
v 0.02182197 -0.00541187 0.04511525
v 0.02164895 -0.01015960 0.04353699
v 0.01763336 -0.00966515 0.04181147
v 0.01988526 0.00347125 0.04826351
v 0.01417099 0.00388289 0.04953235
v 0.03300161 0.00675586 0.05158304
v 0.03736960 0.00681998 0.05192677
v 0.05038754 0.00577700 0.05109317
v 0.03887613 0.01206141 0.05164791
v 0.02967682 0.00960107 0.05048361
v 0.02458432 -0.01881175 0.04217188
v 0.00875132 -0.01850338 0.03866879
v -0.00376741 -0.01861316 0.04358520
v -0.01001349 -0.02084531 0.04255847
v 0.02956006 -0.02934865 0.04234686
v -0.01671856 -0.01554174 0.04793728
v -0.02554297 -0.01846298 0.04541055
v -0.00298639 0.01703247 0.05571187
v 0.01282360 0.02153477 0.05163565
v 0.00791884 0.02282703 0.05305640
v 0.00123585 0.01996056 0.05482259
v -0.00244743 0.02734025 0.05473053
v 0.01707964 0.03249559 0.04756876
v -0.01035874 0.02692645 0.05603466
v 0.00332065 0.04470158 0.04745913
v -0.00794203 0.05072121 0.04567307
v -0.02112270 0.05239601 0.04596417
v -0.01215023 0.06450478 0.03283309
v 0.08786268 0.04478377 0.02023622
v 0.08737256 0.05085723 0.01468439
v 0.09461126 0.04625005 0.01695705
v 0.10837153 0.04849641 0.01483002
v 0.11128186 0.04914064 0.01736789
v 0.11441065 0.05085014 0.02116151
v 0.10564557 0.03846018 0.02052680
v 0.11946721 0.04774183 0.02538855
v 0.12620431 0.04407481 0.02002313
v 0.12586352 0.02335499 0.02384249
v 0.10524742 0.03229683 0.02257251
v 0.09450280 0.02457622 0.02477731
v 0.11532911 0.02139822 0.02314266
v 0.11473119 0.01492450 0.02302187
v 0.13037820 0.01918249 0.02370539
v 0.12146974 0.01041417 0.02521296
v 0.13416071 0.01497993 0.02367965
v 0.12561864 0.01154788 0.02576394
v 0.12873743 0.00453811 0.02366566
v 0.11040202 0.00809841 0.02060482
v 0.13365045 0.00120713 0.02075440
v 0.06359638 0.05455188 0.02891037
v 0.11763445 0.05220881 0.00530364
v 0.12338027 0.04800675 0.00947373
v 0.11786804 0.05101547 0.01051042
v 0.11726968 0.05371327 0.01297316
v 0.11348556 0.05369764 0.01454715
v 0.12814860 0.05248094 0.02111075
v 0.12789935 0.04667975 0.01987200
v 0.12058069 0.04835505 0.01200039
v 0.12373408 0.04934913 0.01589902
v 0.12518457 0.04258681 0.01816206
v 0.13184768 0.03804744 0.01416299
v 0.13786815 0.01480449 0.02107912
v -0.03534466 -0.01901270 0.04455503
v -0.06354265 -0.02444733 0.02671156
v -0.06116194 -0.02031030 0.03477244
v -0.04419772 -0.02321936 0.03792543
v -0.04828083 -0.01697716 0.04303605
v -0.03382418 -0.00948421 0.05169368
v -0.01360505 0.03020862 0.05573335
v -0.02043999 0.03588377 0.05420018
v -0.02461371 0.01852705 0.05747921
v -0.02747697 0.03465935 0.05453623
v -0.03615472 -0.00144491 0.05447174
v -0.02938642 0.00087007 0.05575874
v -0.04546099 0.01882200 0.05375563
v -0.03369042 0.03754538 0.05286327
v -0.02723797 0.05253307 0.04613291
v -0.02215894 0.06492037 0.03389410
v -0.07651408 -0.03150551 0.03746846
v 0.04409511 -0.04422494 0.05270669
v 0.03944593 -0.04910197 0.04377425
v 0.05162480 -0.05173456 0.05672789
v 0.05596488 -0.05108057 0.05699736
v 0.04581936 -0.05375276 0.05122963
v 0.05030802 -0.06059245 0.05553707
v 0.07687492 -0.06097198 0.03821533
v 0.07528330 -0.07265648 0.05691501
v 0.07498110 -0.06016954 0.05861703
v 0.07363393 -0.05606463 0.05876371
v 0.05280163 -0.06420584 0.05767624
v 0.06804368 -0.07856651 0.05611584
v 0.06799802 -0.06056468 0.06228317
v 0.06653357 -0.06510496 0.06052805
v 0.06406669 -0.06285633 0.06129434
v 0.05854693 -0.06898903 0.05947284
v 0.05626287 -0.07119257 0.05706763
v 0.10345090 0.00856827 0.02028265
v 0.02145318 0.02441049 0.04818932
v 0.02402720 0.02281481 0.04822759
v 0.01828402 0.02346755 0.04940760
v 0.02647326 0.01836435 0.04939363
v 0.02369625 0.01223669 0.04972936
v 0.05033883 -0.01369684 0.04235714
v -0.04206140 0.00898780 0.05487417
v -0.06485853 -0.02279769 0.03686408
v -0.07085166 -0.02552406 0.04215070
v -0.08300406 -0.03574431 0.03793241
v -0.06500062 -0.02145821 0.04112408
v -0.06847459 -0.01877610 0.04991625
v -0.06267337 -0.01708659 0.04162190
v -0.06294037 -0.01975607 0.03902704
v -0.05346654 -0.00938990 0.04623622
v -0.05580795 -0.00525011 0.04744614
v -0.04113807 -0.00682331 0.05147820
v -0.06250660 0.03266028 0.04548674
v -0.06185779 0.02603220 0.04739736
v -0.06645878 0.03333298 0.04654674
v -0.07536381 0.02011047 0.05285603
v -0.07903056 0.02285228 0.05248635
v -0.06796157 0.00776074 0.05073434
v -0.06358526 0.00646483 0.04953328
v -0.07381213 0.01416787 0.05301054
v -0.08101892 0.00797655 0.05270402
v -0.08401466 0.00665299 0.05301237
v -0.08461443 0.00150448 0.05272801
v -0.08467694 -0.00607268 0.05180775
v -0.09202670 -0.00777151 0.05199511
v -0.08327453 0.01285845 0.05244065
v -0.08503848 0.02499630 0.05161737
v -0.07163156 0.03763548 0.04730148
v -0.07467246 0.03691102 0.04752838
v -0.07555518 0.03475105 0.04866029
v -0.09572142 0.00504116 0.05417706
v -0.10190846 0.00284381 0.05408464
v -0.07828547 -0.01117508 0.05364314
v -0.08196312 -0.01668975 0.05317458
v -0.09106720 -0.02716823 0.04942437
v -0.09053027 -0.03840581 0.04370092
v -0.09802053 -0.05297068 0.04095665
v -0.10013182 -0.05519855 0.04108090
v -0.10418456 -0.06123360 0.04296453
v -0.10344030 -0.05446722 0.04329643
v -0.10735255 -0.04666518 0.05076313
v -0.10920274 -0.06008343 0.04761304
v -0.11010454 -0.06650117 0.04861994
v -0.11758418 -0.06436966 0.05009169
v -0.11552742 -0.04436745 0.05150237
v -0.11464487 -0.04059058 0.05183848
v -0.10739990 -0.03785173 0.05079479
v -0.10073516 -0.02743725 0.05030937
v -0.10178186 -0.04481576 0.04683974
v -0.09605913 -0.01665425 0.05245550
v -0.10153460 -0.01910094 0.05235775
v -0.10717279 -0.01974289 0.05127180
v -0.07371885 0.04455768 0.04418882
v -0.03590088 0.04851795 0.04745505
v -0.06006484 0.05348701 0.03828786
v -0.07451425 0.05841372 0.03535264
v -0.08608646 0.04705319 0.04329734
v -0.08651356 0.05581493 0.03537459
v -0.08708511 0.05280720 0.03718127
v -0.08550352 0.06150573 0.02964284
v -0.11111818 0.03807080 0.03870944
v -0.09979270 0.04574293 0.04101245
v -0.09486035 0.04164924 0.04470355
v -0.10094499 0.05426193 0.02914305
v -0.09867976 0.05307834 0.03081100
v -0.09387556 0.05102045 0.03864480
v -0.09913109 0.02529422 0.04993640
v -0.09620009 0.03075414 0.04951721
v -0.09119811 0.03442966 0.04864201
v -0.09538182 0.03693024 0.04698484
v -0.10130055 0.05645185 0.02655213
v -0.11907493 -0.07644763 0.04246371
v -0.11390044 -0.07739500 0.04374954
v -0.11069320 -0.07817613 0.03885674
v -0.10592051 -0.07576574 0.04608184
v -0.09194271 -0.06974369 0.03398953
v -0.09966767 -0.07592180 0.04380058
v -0.09583557 -0.06962989 0.04315815
v -0.09424546 -0.03488469 0.04700945
v 0.05302905 0.06956873 0.01590747
v 0.05294907 0.07031053 0.00943181
v 0.06143328 0.06810549 0.00833798
v 0.05245036 0.06233906 -0.01063841
v 0.05854272 0.06357553 -0.00957828
v 0.07565003 0.05846849 -0.00876774
v 0.06574470 0.05216439 -0.02107092
v 0.06902945 0.04915800 -0.02228671
v 0.06122801 0.05108644 -0.02353402
v 0.06257546 0.04431981 -0.02694302
v 0.05756934 0.04848151 -0.02625058
v 0.05395405 0.05848178 -0.01847740
v 0.06208639 0.06823288 0.00344335
v -0.00526613 0.07297350 0.01559820
v 0.00137062 0.07280741 0.01159242
v -0.01461921 0.07615063 0.00705007
v 0.00788341 0.06992077 -0.01220635
v 0.01405234 0.06989344 -0.00629495
v 0.02052043 0.06828680 -0.00364998
v 0.04571197 0.06959603 0.00444907
v 0.03733962 0.06066944 -0.01102272
v 0.03274915 0.06455803 -0.00482344
v 0.04117646 0.04892257 -0.02522141
v 0.04126000 0.04444303 -0.02831190
v 0.03690650 0.04731242 -0.02495598
v 0.08079592 0.04444738 -0.02000813
v 0.08394552 0.04076299 -0.02098705
v 0.10332808 0.04915797 -0.01368266
v 0.10908051 0.04934890 -0.01524268
v 0.09319275 0.03839063 -0.02255215
v 0.10190928 0.02750400 -0.03044882
v 0.10816736 0.02840311 -0.03223795
v 0.10389268 0.04493820 -0.01923118
v 0.09034959 0.05676007 0.00493617
v 0.10912371 0.05623469 -0.00403248
v 0.11760087 0.05152072 -0.02413075
v 0.12315394 0.05305902 -0.02643790
v 0.12759413 0.04825871 -0.02317163
v 0.13458468 0.04243793 -0.02436467
v 0.13351442 0.03576764 -0.03237198
v 0.13770849 0.03992609 -0.02644431
v 0.13000500 0.03621220 -0.03403115
v 0.13368344 0.05020440 -0.01302043
v 0.12405979 0.05110121 -0.01805827
v 0.11762480 0.05482797 -0.00767927
v 0.10768552 -0.00573883 -0.03335558
v 0.10574873 -0.00069121 -0.03590210
v 0.10125795 0.00734046 -0.03351203
v 0.11184545 0.00163791 -0.04071181
v 0.11313380 0.00616308 -0.04211969
v 0.10328498 0.00346288 -0.03549295
v 0.10501214 0.00544603 -0.03776635
v 0.10364465 0.01243503 -0.03456667
v 0.10846330 0.02330988 -0.03392889
v 0.11209688 0.02709601 -0.03509412
v 0.13041024 0.02786016 -0.03805568
v 0.12019988 0.02698507 -0.03960069
v 0.12857446 0.02210069 -0.04110439
v 0.12120694 0.01032637 -0.04382987
v 0.12043808 0.01496645 -0.04383229
v 0.10768385 0.01195515 -0.03913859
v 0.11643975 0.01023643 -0.04330111
v 0.04519620 0.06753325 0.00055630
v 0.03346443 0.06611461 0.00064831
v 0.03335623 0.06208981 -0.00990048
v 0.02960140 0.06151569 -0.01212481
v 0.02810495 0.05892557 -0.01658475
v 0.01965280 0.04216939 -0.03359050
v 0.09316740 0.02836920 -0.02789404
v 0.08830751 0.00086331 -0.02517221
v 0.09034435 0.01716173 -0.02909303
v 0.08813540 0.02074504 -0.02872819
v 0.08185703 0.03102577 -0.02649380
v 0.05932503 0.03420495 -0.03124064
v 0.05556013 0.03378554 -0.03171265
v 0.02147717 0.02490361 -0.03587240
v 0.01966707 0.02762162 -0.03678510
v 0.01357437 0.05367743 -0.03030713
v 0.01353588 0.04044678 -0.03723830
v 0.00611573 0.03081256 -0.04210557
v 0.03618668 0.02570581 -0.03551370
v 0.03678766 0.02193207 -0.03828208
v 0.04009378 0.01619355 -0.04007204
v 0.03599576 0.01665375 -0.03902624
v 0.03439033 0.01016242 -0.03910722
v 0.03228232 0.00808866 -0.03777860
v 0.03747727 0.00732139 -0.04134405
v -0.00869694 0.03601426 -0.04465036
v 0.03329563 0.00128828 -0.04069068
v 0.03733218 0.00224550 -0.04275389
v 0.03903897 -0.00036721 -0.04318696
v 0.03500433 -0.00455426 -0.04350532
v 0.02848728 -0.00220749 -0.03796712
v 0.01965082 0.01114666 -0.03577512
v 0.02016441 0.00405733 -0.03471184
v 0.02962263 -0.01063521 -0.04148309
v 0.02201092 -0.01116136 -0.03591591
v 0.05425158 0.01570949 -0.03985536
v 0.05347246 0.02169328 -0.03801754
v 0.05830147 0.01903155 -0.03582781
v 0.05854474 0.02346423 -0.03549653
v 0.06316661 0.01993590 -0.03398556
v 0.06062653 0.01261178 -0.03605087
v 0.05964664 0.01398478 -0.03710977
v 0.06709858 0.01889778 -0.03186373
v 0.06890298 0.01324723 -0.03122810
v 0.06031815 0.00594134 -0.03720952
v 0.07265364 0.00700118 -0.02952950
v 0.05389865 -0.00493296 -0.03932612
v 0.04691734 -0.01648250 -0.04166757
v 0.01812669 0.00011858 -0.03417339
v 0.05420577 -0.02198071 -0.04155483
v 0.07538372 0.00067769 -0.02697476
v 0.10048743 -0.01175600 -0.01382154
v 0.09015714 -0.00625513 -0.01815791
v 0.12680808 0.05309683 -0.00246949
v -0.01913540 0.07218771 0.02220298
v -0.01675316 0.07380069 0.01731135
v -0.01679980 0.07690450 0.00432291
v -0.00510711 0.07105944 -0.01629531
v 0.01437364 0.06786615 -0.01279802
v 0.01068203 0.06549136 -0.01923470
v 0.00185494 0.06356633 -0.02552409
v 0.00813331 0.05489324 -0.03190600
v 0.00262477 0.05220461 -0.03545303
v -0.00530607 0.05645655 -0.03391611
v 0.00253008 0.05517964 -0.03331513
v -0.00003780 0.05914024 -0.03057195
v -0.01347760 0.06924504 -0.02173410
v -0.01236517 0.05673883 -0.03453273
v -0.01008036 0.06127630 -0.03028073
v -0.03271157 0.07787536 0.00152942
v -0.02059702 0.06807633 -0.02398876
v -0.02116692 0.06540488 -0.02698644
v -0.03294840 0.07082277 -0.01972284
v -0.03229949 0.06362130 -0.02919863
v -0.03805742 0.07362466 -0.01360640
v -0.04425157 0.06745546 -0.02311945
v -0.03636937 0.05875395 -0.03359083
v -0.02806715 0.05569015 -0.03631434
v -0.02161656 0.05202155 -0.03858007
v -0.01822222 0.04139582 -0.04383946
v -0.02966075 0.04148650 -0.04353145
v -0.03284087 0.04892517 -0.04006239
v 0.05799170 -0.02872506 -0.04308955
v 0.08702876 -0.06161917 -0.05633144
v 0.08658279 -0.05670270 -0.05530333
v 0.11910214 -0.00018041 -0.04155849
v 0.11275071 0.04335786 -0.03075472
v 0.12570134 0.05604342 -0.03739870
v 0.12509914 0.04334541 -0.03998383
v 0.12396643 0.05361129 -0.04128233
v -0.04587509 0.06255291 0.03420378
v -0.03076380 0.07000054 0.02725790
v -0.02796423 0.07178519 0.02401872
v -0.02794744 0.07663269 -0.00546943
v -0.04560540 0.06229277 -0.02926698
v -0.04091796 0.05545451 -0.03610536
v -0.05856926 0.07146835 -0.01404437
v -0.05311250 0.06469380 -0.02546491
v -0.06082962 0.05599923 -0.03336374
v -0.05480982 0.07581148 0.00199010
v -0.06206753 0.07511716 -0.00048499
v -0.06204103 0.07399897 -0.00734644
v -0.07049663 0.06676136 -0.01974184
v -0.06928916 0.07249489 0.00960080
v -0.07435502 0.07227746 0.00690170
v -0.07711878 0.07086880 -0.00737129
v -0.08037095 0.07160295 0.00114639
v -0.08256574 0.07065912 -0.00282672
v -0.07633425 0.06988384 0.01371043
v -0.09032307 0.06889442 0.00079696
v -0.06889474 0.07066087 0.01596284
v -0.05068931 0.07365650 0.01494468
v -0.04872206 0.07417589 0.01263025
v -0.07663718 0.06671663 0.02487155
v -0.08361743 0.06602918 0.02222399
v -0.04929956 0.07192279 0.02096374
v -0.04724643 0.07319917 0.01820990
v -0.09356179 0.06024030 -0.01704011
v -0.08527294 0.05877555 -0.02626968
v -0.09397672 0.05735024 -0.02151600
v -0.08250130 0.04970657 -0.03702977
v -0.09822679 0.05233416 -0.02481886
v -0.10013451 0.04744236 -0.02836133
v -0.11218801 0.05932441 -0.00066607
v -0.10686836 0.06221698 -0.00091542
v -0.10593254 0.05856912 0.00984453
v -0.09068156 0.06675954 0.01073580
v -0.11208892 0.04839849 0.01918123
v -0.11023355 0.05193090 0.02247848
v -0.10863079 0.04303358 0.03678271
v -0.10754724 0.04830756 0.03044443
v -0.10172177 0.05051991 0.03216335
v 0.07127657 -0.05207948 -0.04702193
v 0.09035420 -0.05230468 -0.05153039
v -0.04161170 -0.02442029 -0.04137541
v -0.05582526 -0.03130514 0.00620602
v -0.06005552 -0.02883038 0.01569526
v -0.02163500 0.02953120 -0.04708695
v -0.03468150 0.03094862 -0.04465145
v -0.04045503 -0.01660824 -0.04404369
v -0.05322355 -0.01165459 -0.05419715
v -0.07277119 -0.01857508 -0.05156983
v -0.05756550 -0.02975024 -0.05043629
v -0.06307060 -0.02901630 -0.05167729
v -0.06698840 -0.02708055 -0.05179765
v -0.05665686 -0.04916809 -0.05643228
v -0.06047606 -0.05067569 -0.05595711
v -0.06391861 -0.05166388 -0.05459894
v -0.06270137 -0.05785734 -0.05504503
v -0.04876054 -0.04291308 -0.05007315
v -0.03222585 -0.06106073 -0.06438947
v -0.03949475 -0.03495268 -0.03828926
v -0.04178649 -0.04270986 -0.04125901
v -0.08599230 -0.01684950 0.01352442
v -0.07120109 -0.02226931 0.01807063
v -0.06616276 -0.02420603 0.02541763
v -0.06947903 -0.02548717 0.03132586
v -0.07583714 -0.02642254 0.02898751
v -0.07610237 -0.01939457 0.01788562
v -0.08017730 -0.01774950 0.01606682
v -0.08869470 -0.01614504 0.00998998
v -0.10914871 -0.00152535 -0.00384066
v -0.11128302 0.00462576 -0.00020000
v -0.11364266 0.01276366 -0.00637023
v -0.11127801 0.01101441 -0.00196935
v -0.11751459 -0.00055114 0.00761278
v -0.11480933 -0.00450203 0.00803150
v -0.10297360 -0.01500752 0.01350159
v -0.11396863 -0.01549001 0.01473706
v -0.11732841 -0.01092058 0.01285359
v -0.09814102 -0.01745530 0.01540384
v -0.09629182 -0.02586045 0.02239566
v -0.08176719 -0.02680997 0.02614370
v -0.10382329 -0.01916514 0.01709636
v -0.12239721 -0.01131269 0.01671335
v -0.12005332 -0.01973007 0.01913676
v -0.11124874 0.01311190 -0.00385635
v -0.11488759 0.00585718 -0.00718132
v -0.11431242 0.00172748 -0.00731244
v -0.11640099 0.00344878 -0.01170665
v -0.11547069 -0.00892307 -0.01662533
v -0.10039464 -0.03418051 -0.02608600
v -0.11033179 -0.02058183 -0.02135230
v -0.11513586 -0.01021578 -0.02496004
v -0.11724049 0.00418181 -0.02355758
v -0.11120474 -0.02038415 -0.02558449
v -0.10159875 -0.03204160 -0.02849677
v -0.09124221 -0.04214440 -0.03175013
v -0.09328344 -0.04214693 -0.02873244
v -0.10507914 -0.02735557 0.02257952
v -0.11082003 -0.02543298 0.02103657
v -0.12143778 -0.02273485 0.02153527
v -0.09233460 -0.04003619 0.03234212
v -0.11243461 -0.04519041 0.02467454
v -0.11554940 -0.04140983 0.02357480
v -0.10105496 -0.04745406 0.03035226
v -0.10598860 -0.05222493 0.02815148
v -0.09813713 -0.05760871 0.03415876
v -0.09712104 -0.06469926 0.02823686
v -0.03788687 0.03687243 -0.04314566
v -0.04950741 0.02551254 -0.04894654
v -0.05652939 0.03795394 -0.04518250
v -0.05919207 0.03589135 -0.04775252
v -0.05576465 0.02782831 -0.05144424
v -0.05499785 0.01623540 -0.05340083
v -0.07469761 0.03197211 -0.04851490
v -0.07842818 0.01750835 -0.04970298
v -0.08101360 0.01847123 -0.04948135
v -0.07644251 0.03389855 -0.04719452
v -0.07058710 0.03342923 -0.04957034
v -0.07970343 0.03669023 -0.04624673
v -0.08451276 0.03972614 -0.04461880
v -0.07950741 0.04428060 -0.04160244
v -0.08077324 0.04693729 -0.03963761
v -0.08431564 0.04338431 -0.04315319
v -0.09135877 0.03992213 -0.04258354
v -0.09194079 0.04661359 -0.03597717
v -0.10401907 0.05057612 -0.01721539
v -0.10451194 0.04939700 -0.01579009
v -0.10896975 0.03694767 -0.02490306
v -0.09983750 0.04083705 -0.03635847
v -0.09094536 0.03606057 -0.04390323
v -0.09968963 0.03901417 -0.03839097
v -0.10570540 0.03302581 -0.03741354
v -0.10953540 0.03094053 -0.03138623
v -0.11244754 0.03007193 -0.02462423
v -0.11367369 0.02989383 -0.02090619
v -0.11400199 0.02033707 -0.03051138
v -0.11795150 0.01775840 -0.02247874
v -0.11647316 0.02007981 -0.02226049
v -0.11522139 0.01272620 -0.02973892
v -0.11824623 0.00853221 -0.02231985
v -0.11644313 0.01863574 -0.01328846
v -0.10902356 0.03813747 -0.01812801
v -0.10774939 0.04124066 -0.01848069
v -0.10622047 0.04837092 -0.01316807
v -0.10885830 0.04163822 -0.01404425
v -0.11374166 0.04808050 -0.00867058
v -0.11487724 0.02537925 -0.01359328
v -0.11837431 0.04356933 -0.00478691
v -0.11556902 0.04967794 -0.00622426
v -0.11269704 0.05359683 -0.00712119
v -0.11322311 0.02761608 -0.00589044
v -0.11355057 0.02437591 -0.00179895
v -0.11109738 0.01690537 -0.00416263
v -0.11539110 0.02185683 0.00157006
v -0.04779069 0.01519461 -0.05061996
v -0.04942913 -0.00404109 -0.05322361
v -0.06704862 0.00501725 -0.05350736
v -0.09764431 -0.03378421 -0.03093625
v -0.09272735 0.00050760 -0.04697773
v -0.09782836 0.00030761 -0.04332867
v -0.09719836 0.00642997 -0.04509406
v -0.09813190 0.01079134 -0.04580378
v -0.10136854 -0.00302915 -0.04026819
v -0.10405225 -0.00740621 -0.03812008
v -0.10660783 -0.01665803 -0.03520015
v -0.10447700 -0.02065370 -0.03487587
v -0.10158473 -0.01840737 -0.03765004
v -0.10084498 -0.02335485 -0.03572786
v -0.09686477 0.02728638 -0.04491080
v -0.09499739 0.03135716 -0.04390099
v -0.09981661 0.03039163 -0.04150234
v -0.10841352 0.02299886 -0.03840580
v -0.09665436 0.01388065 -0.04644863
v -0.09275427 0.01649364 -0.04791845
v -0.10653653 -0.05911408 0.02644596
v -0.10383500 -0.06038152 0.02824730
v -0.10564652 -0.06770287 0.02111386
v -0.10251324 -0.07062207 0.02076328
v -0.10952477 -0.07231086 0.02027187
v -0.10543499 -0.07557239 0.02308976
v -0.11240158 -0.06397403 0.02059198
v -0.12537646 -0.05838958 0.02213365
v -0.12513408 -0.07533432 0.02380323
v -0.11957088 -0.07782174 0.02862846
v -0.11864997 -0.07619446 0.02279095
v -0.11429323 -0.06824046 0.01888767
v -0.10244641 -0.07768574 0.02886497
v -0.10354661 -0.07670905 0.02497317
v -0.09967935 -0.07548356 0.02413981
v -0.09710559 -0.06799266 0.02452247
v -0.09880923 -0.07148952 0.02243006
v -0.09463019 -0.07503842 0.02948239
v 0.07790841 0.00202267 0.03136995
v 0.07924805 -0.00123141 0.02743327
v 0.07991551 -0.00724437 0.01886573
v 0.08897986 0.00234876 0.02089543
v 0.07261244 -0.01785684 0.03325445
v 0.06225678 -0.02117993 0.00950751
v 0.06746869 -0.01949877 -0.00179993
v 0.07755991 -0.01475252 0.00330784
v 0.07272834 -0.01632464 -0.01195106
v 0.08142675 -0.00957434 -0.01683390
v 0.07380296 -0.01386087 -0.01501557
v 0.07136209 -0.01169826 -0.01850861
v 0.06722726 -0.01509619 -0.01591258
v 0.06328503 -0.02079916 -0.00419213
v 0.05112329 -0.02510207 0.01670920
v 0.04473683 -0.02763991 0.00680149
v 0.05534865 -0.02463954 -0.00016708
v 0.05968402 -0.02219836 -0.00817642
v 0.04959671 -0.02606283 -0.00847943
v 0.05100272 -0.02632599 -0.01112508
v 0.04617632 -0.02947183 -0.01526805
v 0.04371426 -0.02775763 -0.01128330
v -0.00721637 -0.02601782 0.03522593
v 0.01832472 -0.01604526 0.03599472
v 0.02314400 -0.01892042 0.03711741
v 0.02027610 -0.02110713 0.03073194
v 0.01887138 -0.02579708 0.02508847
v 0.00537396 -0.02644360 0.03063282
v 0.01304595 -0.02727493 0.02518171
v 0.03485863 -0.02729010 0.01845105
v 0.03587300 -0.02924205 0.00672106
v 0.00796903 -0.03176444 0.01576264
v 0.11001388 -0.00296646 0.01474004
v 0.11733168 -0.00642402 0.01492056
v 0.10279252 -0.00339650 0.01300534
v 0.10209331 -0.00769265 0.00689676
v 0.11123717 -0.01733401 -0.01437202
v 0.02592077 -0.03188999 -0.02390071
v 0.03135720 -0.03182259 -0.02039329
v 0.08346383 0.00028780 -0.02493623
v 0.08706529 -0.00374236 -0.02148630
v 0.09024223 -0.00276586 0.01557871
v 0.09258650 -0.01135537 -0.00023949
v 0.03384792 -0.02911180 -0.01077265
v 0.00970296 -0.03073720 -0.01284502
v 0.01606449 -0.03104373 -0.01050882
v 0.00493969 -0.03448353 0.00104495
v 0.02105065 -0.02953114 -0.01363453
v 0.01967065 -0.03285845 0.00121880
v 0.00734676 -0.03369318 0.00555344
v -0.00721043 -0.03445773 -0.00512749
v -0.02943045 -0.03476026 0.00144811
v -0.03121832 -0.03409562 -0.00373586
v -0.01383440 -0.03456231 -0.00284144
v 0.00388773 -0.03355894 0.01061530
v -0.00224915 -0.03417608 0.00963623
v -0.00882410 -0.03461898 0.00856144
v -0.01754362 -0.03480029 0.01060435
v -0.01255743 -0.03073257 0.02615066
v -0.01946944 -0.03068686 0.02890462
v -0.02380832 -0.02986164 0.03084076
v -0.04095762 -0.03081244 0.02358379
v -0.02479720 -0.03368258 0.01557350
v 0.06622282 -0.03550498 -0.02206784
v 0.05916483 -0.02964519 -0.01857785
v 0.06077579 -0.03537059 -0.02114667
v 0.06868324 -0.04209721 -0.02457200
v 0.05928513 -0.04446888 -0.02430995
v 0.04115523 -0.04260213 -0.02665953
v 0.07579699 -0.07462705 -0.03446335
v 0.08668087 -0.07588761 -0.03495422
v 0.08972672 -0.07407692 -0.03440192
v 0.07793908 -0.07472816 -0.04249787
v 0.07443361 -0.07451427 -0.04848017
v 0.08647470 -0.07136466 -0.05399557
v 0.05982042 -0.06122717 -0.03388119
v 0.05763301 -0.05944914 -0.03372124
v 0.05039299 -0.04163521 -0.02376119
v -0.03893187 -0.03474833 -0.03539853
v -0.03953912 -0.02987856 -0.03313072
v -0.04208604 -0.03351266 -0.03003649
v -0.05961844 -0.03008159 -0.00279664
v -0.05902360 -0.03035105 -0.01313279
v -0.04994603 -0.03656305 -0.02336442
v -0.05759495 -0.03255324 -0.01592694
v -0.07663892 -0.02975593 -0.01129010
v -0.07932954 -0.02815058 -0.00990814
v -0.06386811 -0.04050818 -0.01919059
v -0.06136482 -0.04194000 -0.01989697
v -0.08756235 -0.03457608 -0.01680460
v -0.09100504 -0.03112097 -0.01484424
v -0.09269996 -0.02167553 -0.00643107
v -0.09501341 -0.01835217 -0.00391938
v -0.10699463 -0.01612851 -0.01101084
v -0.09274462 -0.03552036 -0.02071028
v -0.09975234 -0.01241221 0.00114232
v -0.09487410 -0.03981484 -0.02695076
v -0.07359777 -0.04946748 -0.02185936
v -0.06961609 -0.06684931 -0.02749964
v -0.06011970 -0.06002483 -0.02437648
v -0.04662847 -0.05851124 -0.02736831
v -0.04326899 -0.05764403 -0.02938970
v -0.03870446 -0.05666668 -0.03174886
v -0.03198415 -0.05900471 -0.03327677
v -0.03617077 -0.05487404 -0.05509628
v -0.03407548 -0.05595097 -0.05437022
v -0.03888109 -0.05315604 -0.04836691
v -0.03558116 -0.05544274 -0.04725896
v -0.02446024 -0.06077785 -0.05135179
v -0.02920489 -0.06028333 -0.04868965
v -0.03097017 -0.06070665 -0.04582220
v -0.01921052 -0.06249012 -0.05241785
v -0.01792053 -0.06356707 -0.05482977
v -0.02960931 -0.07955202 -0.05330018
v -0.02579531 -0.07892311 -0.04621251
v -0.01848076 -0.06677568 -0.05811951
v -0.02652245 -0.06176895 -0.04720815
v -0.03224872 -0.05716426 -0.03455235
v -0.02822588 -0.06179388 -0.03354241
v -0.02806015 -0.07574718 -0.02621083
v -0.02991238 -0.07901309 -0.03018446
v -0.02254829 -0.07593983 -0.03367394
v -0.02586727 -0.07878499 -0.04086614
v -0.02939155 -0.07979272 -0.04377173
v -0.06450927 -0.07773587 -0.03276246
v -0.05085194 -0.08133888 -0.03292550
v -0.03774559 -0.08009154 -0.03599317
v -0.04343479 -0.07911856 -0.04883766
v -0.04043552 -0.07037837 -0.02208523
v -0.03669138 -0.07130148 -0.02338336
v -0.05356852 -0.06880287 -0.02384260
v -0.03495573 -0.07768629 -0.02628198
v -0.04631225 -0.07688358 -0.02306526
v -0.04462574 -0.07759341 -0.02509960
v -0.05425031 -0.07885776 -0.02631805
v -0.04675832 -0.07902566 -0.02744209
v -0.03712203 -0.07918780 -0.02791385
v -0.03561445 -0.07969051 -0.03118976
v -0.04607759 -0.08024424 -0.02951752
v -0.04374586 -0.08067837 -0.03273720
v 0.00051139 0.02574149 -0.04451612
v 0.00403817 0.01317395 -0.04259580
v 0.04327485 -0.02215337 -0.04252533
v 0.02660876 -0.02390934 -0.03913316
v 0.02342114 -0.02171067 -0.03797997
v 0.02526988 -0.03568373 -0.03398849
v 0.02264518 -0.03273448 -0.03201457
v 0.02312212 -0.03299743 -0.03372745
v 0.02696528 -0.03808205 -0.03210637
v 0.03087543 -0.03289472 -0.03901498
v 0.02296140 -0.02589582 -0.03665887
v 0.01850711 -0.01870190 -0.03255840
v 0.00586274 -0.01587182 -0.03145386
v 0.00788117 -0.01016427 -0.03430083
v 0.01547651 -0.02401264 -0.02201050
v 0.00977132 -0.02435056 -0.02232154
v 0.01976200 -0.02586333 -0.02139079
v 0.02455183 -0.02858930 -0.02103124
v -0.01657298 -0.02941624 -0.01899259
v -0.02035455 -0.01379711 -0.03697411
v -0.00947956 0.00416031 -0.04477432
v -0.02706800 -0.01413906 -0.03606379
v -0.02217889 -0.01922239 -0.03188660
v -0.03679596 0.00816103 -0.04478467
v -0.03840843 0.00131807 -0.04422335
v -0.02923701 -0.01746093 -0.03253489
v -0.03395582 -0.01626197 -0.03291685
v -0.03149371 -0.02458632 -0.02423553
v -0.03945325 -0.03099837 -0.01442207
v -0.02657234 -0.02844488 -0.02022673
v -0.04487061 -0.03331458 -0.00402200
v -0.03745667 0.01305103 -0.04542256
v -0.04090836 0.01752160 -0.04554910
v 0.06507052 -0.04522217 -0.04541721
v 0.04547159 -0.03907570 -0.04356030
v 0.04603465 -0.04717506 -0.04272242
v 0.04505551 -0.05269502 -0.03648344
v 0.04314336 -0.05090500 -0.03841010
v 0.04051240 -0.04605874 -0.03988645
v 0.03943042 -0.04588012 -0.03106159
v 0.04115716 -0.04895851 -0.03394787
v 0.05627616 -0.05916440 -0.04003590
v 0.06290233 -0.06353407 -0.04387755
v 0.07342425 -0.07047511 -0.05229714
v 0.07032843 -0.07149979 -0.04942947
v 0.06229377 -0.06591665 -0.03961125
v 0.05198116 -0.05661156 -0.03487048
v 0.01419493 0.00728435 -0.03771991
v 0.00118604 -0.00510261 -0.03861240
v -0.12165143 0.00294492 0.04016789
v -0.11455838 -0.01234497 0.04733000
v -0.12020132 -0.01208329 0.04261491
v -0.12174509 -0.03001750 0.04624515
v -0.12290139 -0.01712783 0.02034967
v -0.12810935 -0.03521058 0.02609842
v -0.13278045 -0.03726162 0.03136077
v -0.12141931 -0.03926667 0.04855211
v -0.12495265 -0.03526760 0.04633502
v -0.12409613 -0.03202250 0.04552560
v -0.11918957 0.04469674 -0.00179402
v -0.11960855 0.03372656 -0.00308317
v -0.11843416 0.02975642 -0.00199972
v -0.12128857 0.01605870 0.01007493
v -0.11799459 0.02989933 0.00673471
v -0.11718374 0.03279431 0.00673824
v -0.12057540 0.02534417 0.01140512
v -0.12518127 0.00231468 0.01834764
v -0.12561312 0.00916426 0.01977957
v -0.12567516 -0.00754239 0.02101476
v -0.11339426 0.04064259 0.01099466
v -0.11245093 0.04516157 0.01431822
v -0.11528956 0.03614221 0.00841431
v -0.11651078 0.03981388 0.02009865
v -0.12417984 0.02075814 0.02213029
v -0.11540285 0.03992144 0.02653441
v -0.12366030 0.02548273 0.02932638
v -0.12661725 0.01597961 0.02981921
v -0.12220655 0.01295043 0.03898492
v -0.12457830 0.02230119 0.03352002
v -0.11459073 0.03705101 0.03711608
v -0.12171771 0.00863248 0.04093703
v -0.12867837 0.00205979 0.02715929
v -0.12894426 -0.00125274 0.02619649
v -0.12838404 -0.00364531 0.03204339
v -0.12446941 -0.01219377 0.03472317
v -0.12665853 -0.00716973 0.03343043
v -0.13116883 -0.04048018 0.02615723
v -0.13090821 -0.06443273 0.03022121
v -0.12940174 -0.07143490 0.02746739
v -0.12986986 -0.07096823 0.03088130
v -0.12733641 -0.07516172 0.02772342
v -0.12783851 -0.06824432 0.02201604
v -0.12459407 -0.07705051 0.03560900
v 0.13968059 0.02835789 -0.03418268
v 0.12368842 -0.01773453 -0.00557202
v 0.11866552 -0.01701797 -0.00677033
v 0.12433268 -0.01864528 -0.01106459
v 0.13098678 -0.01530680 -0.01173871
v 0.13321169 -0.01182001 -0.01940689
v 0.13835274 -0.01368637 -0.01973511
v 0.14298166 -0.01387861 -0.02231688
v 0.14659944 -0.00795518 -0.02639755
v 0.15468797 -0.01132481 -0.02598967
v 0.15636556 -0.00369553 -0.02776913
v 0.13465960 0.00912760 -0.03346311
v 0.13348584 0.00201821 -0.02911441
v 0.13056812 -0.00461247 -0.02750860
v 0.12894222 0.00125647 -0.03506625
v 0.12028546 -0.01316435 -0.03121802
v 0.12108400 -0.01007925 -0.03447917
v 0.13762218 0.02235647 -0.03703613
v 0.13094135 0.01356165 -0.04038142
v 0.11631829 -0.01702282 -0.02161166
v 0.14960013 -0.01676830 -0.02050277
v 0.15158831 -0.01504309 -0.02284406
v 0.15746638 -0.01132866 -0.02525538
v 0.16309148 -0.00639482 -0.01231180
v 0.16064762 -0.00283915 -0.02451897
v 0.15890136 -0.00421044 -0.02657409
v 0.15883994 -0.00178996 -0.02613201
v 0.16028683 0.00138202 -0.01986165
v 0.15968865 0.00587025 -0.02011176
v 0.15831350 0.00463215 -0.02368499
v 0.14465019 0.01795379 -0.02721584
v 0.14620925 0.02095227 -0.02421814
v 0.15084662 0.02536664 -0.01966899
v 0.15692508 0.01738653 -0.01832950
v 0.15829852 0.01494236 -0.01703481
v 0.15725224 0.01566404 -0.01392412
v 0.15441620 0.00973950 -0.02306231
v 0.15759395 0.01283290 -0.01963356
v 0.15982912 0.00774851 -0.01510279
v 0.05201653 -0.02677351 0.02317141
v 0.06579906 -0.02592377 0.02826202
v 0.02794975 -0.02934134 0.03895837
v 0.03115855 -0.03299896 0.03508455
v 0.02567578 -0.02306862 0.03534627
v 0.03110909 -0.02618396 0.02822186
v 0.03346429 -0.02897285 0.02945642
v 0.04566926 -0.03283280 0.02825891
v 0.03927144 -0.03301336 0.02987858
v 0.05216782 -0.04321743 0.03145871
v 0.05557253 -0.03719616 0.02887083
v 0.03515411 -0.04150341 0.03897479
v 0.04908254 -0.05310996 0.03524094
v 0.04952559 -0.06516807 0.03977798
v 0.06382087 -0.04546057 0.03121377
v 0.06761844 -0.04443882 0.03231847
v 0.07014941 -0.07313806 0.02791960
v 0.07157075 -0.06781405 0.02926049
v 0.08017579 -0.07675997 0.05202988
v 0.07786176 -0.07157743 0.02834228
v 0.07186192 -0.07568121 0.02892831
v 0.07098714 -0.07778688 0.03197056
v 0.07650878 -0.07686713 0.02963589
v 0.07674341 -0.07783768 0.03210862
v 0.07326397 -0.07836290 0.04864540
v 0.05959193 -0.07712213 0.03621877
v 0.05913002 -0.07775950 0.04506794
v 0.06958101 -0.07867812 0.05255304
v 0.05948680 -0.07636898 0.05320803
v 0.07286441 -0.07810885 0.03675366
v 0.06177235 -0.00360336 -0.03493325
v 0.06504111 -0.01200228 -0.02885858
v 0.06586821 -0.01529099 -0.02802929
v 0.06566315 -0.01295614 -0.02492274
v 0.06847923 -0.01986429 -0.02833373
v 0.07193610 -0.02527641 -0.02849497
v 0.07018110 -0.02214589 -0.02629809
v 0.06655955 -0.01518119 -0.02179238
v 0.06673926 -0.02034476 -0.02032772
v 0.06604123 -0.01648416 -0.01771805
v 0.07304379 -0.02808440 -0.02907707
v 0.07439387 -0.03224913 -0.02882976
v 0.07326704 -0.04487696 -0.02734084
v 0.07848823 -0.06449586 -0.03073469
v 0.08697755 -0.07061529 -0.02490004
v 0.08894778 -0.06503274 -0.03015586
v 0.09111187 -0.06862008 -0.03321221
v 0.08924984 -0.07135452 -0.03827248
v 0.09313174 -0.06752337 -0.05114425
v 0.09599488 -0.05670084 -0.04661292
v 0.09472225 -0.05398549 -0.04641073
v 0.09586226 -0.06005891 -0.04947239
v 0.09280273 -0.05777951 -0.05469873
v 0.09496089 -0.05989490 -0.05230029
v 0.07647455 -0.03642385 -0.03330688
v 0.07776769 -0.04129086 -0.03702082
v 0.07906786 -0.04657039 -0.03750087
v 0.07800517 -0.04568904 -0.04452016
v 0.08010326 -0.05145597 -0.04063422
v 0.08896089 -0.05035421 -0.04537016
v 0.08705172 -0.05401361 -0.04396588
v 0.08365589 -0.06225271 -0.04240234
v 0.08296555 -0.06165549 -0.03711087
v -0.06642035 -0.05915484 -0.05109534
v -0.04585176 -0.06793649 -0.05901512
v -0.03708839 -0.07187799 -0.06238063
v -0.02780815 -0.07840960 -0.05588510
v -0.03181526 -0.07934759 -0.05542283
v -0.02694210 -0.06344284 -0.06398083
v -0.08442922 -0.05344738 -0.03366346
v -0.08438803 -0.05507265 -0.03155149
v -0.08653836 -0.04985977 -0.03236185
v -0.08685820 -0.05001884 -0.02926239
v -0.08304152 -0.05785463 -0.03115427
v -0.07205150 -0.07043859 -0.03484669
v -0.02051690 -0.06443750 -0.05926845
v -0.04076146 -0.07396259 -0.05933886
v -0.06077105 -0.06566738 -0.05431836
v -0.05909573 -0.07000382 -0.05221875
v -0.06249189 -0.06766939 -0.04728393
v -0.06304457 -0.07733474 -0.03775354
v -0.05844885 -0.07019231 -0.04766257
v -0.04290746 -0.08008569 -0.05414544
v -0.04857712 -0.07911935 -0.05351491
v -0.05192878 -0.07763488 -0.05441510
v -0.04905591 -0.07691147 -0.05677065
v -0.05423044 -0.07538383 -0.04742796
v -0.05288404 -0.07891420 -0.04424812
v 0.14725214 0.03562831 -0.02286311
v 0.14940107 0.03599337 -0.01929649
v 0.14635439 0.03187087 -0.02605689
v 0.15063597 0.03535327 -0.01228941
v 0.14966507 0.02691520 -0.00577277
v 0.14542651 0.04341979 -0.00779422
v 0.13762650 0.04943909 -0.00929367
v 0.15159905 0.02981151 -0.01545713
v 0.14985780 0.02378114 -0.00384251
v 0.15404227 0.01309477 -0.00732579
v 0.15478435 0.00772731 -0.00487417
v 0.14902428 0.01154668 0.00518977
v 0.14039731 0.01955686 0.01666535
v 0.13740496 0.02918953 0.01400077
v 0.14717336 0.01647525 0.00715766
v 0.13307746 0.04649020 0.00452314
v 0.13840474 0.04609595 -0.00157873
v 0.13818823 0.04005333 0.00680973
v 0.13983458 0.03438301 0.00882390
v 0.14388427 0.02838561 0.00729228
v 0.14191103 0.03648300 0.00462304
v 0.13174894 -0.00279661 0.01888092
v 0.12379939 -0.01591157 0.00259773
v 0.12941158 -0.01422295 0.00340445
v 0.14337647 -0.01613782 -0.01375254
v 0.15186596 -0.01675301 -0.01628587
v 0.13470595 -0.00544983 0.01210832
v 0.13098569 -0.01090995 0.00795182
v 0.13736759 -0.00737123 -0.00224206
v 0.14748055 -0.00077480 -0.00265032
v 0.14070781 -0.00191341 0.00112143
v 0.15809454 -0.01024447 -0.00935837
v 0.16161327 -0.01016577 -0.01205823
v 0.15697321 -0.01265070 -0.01216707
v 0.16072524 -0.00789992 -0.00844200
v 0.16128629 -0.00433939 -0.00792968
v 0.16317795 -0.00398644 -0.01368596
v 0.13865511 -0.00421966 0.00389266
v 0.14794330 0.00963655 0.00140195
v 0.07009484 -0.02719268 0.03081959
v 0.06750359 -0.03404909 0.03079654
v 0.06839632 -0.04052772 0.03333917
v 0.06811724 -0.03817879 0.04205954
v 0.07035296 -0.04362958 0.04420115
v 0.07288646 -0.04892479 0.04689211
v 0.07371202 -0.05002632 0.05109304
v 0.07165040 -0.05793144 0.04377568
v 0.08286266 -0.06603878 0.04344254
v 0.08388575 -0.07423102 0.03963759
v 0.08079498 -0.07229844 0.03048603
v 0.07063650 0.03918834 0.03317086
v 0.06369440 0.03603936 0.03928306
v 0.06010880 0.02954337 0.04297683
v 0.05308840 0.04835988 0.03812449
v 0.05516906 0.05550921 0.03368228
v 0.05458799 0.04330504 0.04020863
v 0.05250736 0.03578887 0.04344497
v 0.05455171 0.03102272 0.04411325
v 0.04668972 0.04295915 0.04169562
v 0.04677526 0.05086676 0.03686986
v 0.04346927 0.04642820 0.04000385
v 0.03874248 0.04430233 0.04217954
v 0.05404466 0.02691821 0.04552537
v 0.07415148 0.05357113 0.01869365
v 0.07120242 0.04989940 0.02508545
v 0.08228251 0.05874403 0.00609744
v 0.08114918 0.05512338 0.01218783
v 0.08041890 0.05132072 0.01668174
v 0.07771464 0.04551823 0.02283788
v 0.08038931 0.04209127 0.02348084
v 0.08307433 0.04535814 0.02078268
v 0.08073327 0.03415589 0.02672756
v 0.06791309 0.02475987 0.03936975
v 0.06568822 0.02116586 0.04192568
v 0.07526074 0.01582414 0.03469795
v 0.07454703 0.02500688 0.03406962
v 0.07825689 0.01916789 0.03212488
v 0.08299834 0.02952240 0.02679970
v 0.08494183 0.02407590 0.02703539
v 0.08136800 0.02309025 0.02903609
v 0.07666572 0.00947090 0.03381740
v 0.07328704 0.01163917 0.03702622
v 0.09199645 0.03097792 0.02488938
v 0.09311984 0.03708328 0.02300455
v 0.09755591 0.02857565 0.02417997
v 0.08781321 0.01958677 0.02617753
v 0.08427846 0.01646848 0.02752714
v 0.07538949 0.00722643 0.03611523
v 0.08372661 0.01088065 0.02835709
v 0.07620053 0.00245971 0.03683273
v 0.06952824 0.00990065 0.04286164
v 0.06674889 0.01620246 0.04261302
v 0.06259698 0.01840850 0.04473780
v 0.05606636 0.01887044 0.04705175
v 0.04376137 0.03445697 0.04614304
v 0.05711602 0.01339890 0.04784366
v 0.06299426 0.00811763 0.04597896
v 0.07537816 -0.00014949 0.03877606
v 0.06853785 0.00737767 0.04401971
v 0.07062953 -0.00762193 0.04065482
v 0.04394790 0.02079515 0.04938094
v 0.04501232 0.02874498 0.04757579
v 0.03573139 0.02635604 0.04889257
v 0.03815207 0.02198294 0.05018561
v 0.03331291 0.04773796 0.03987473
v 0.04280940 0.05286798 0.03597708
v 0.03815020 0.04938373 0.03895257
v 0.05631206 0.05927527 0.02952336
v 0.05215808 0.06045732 0.02915547
v 0.03995034 0.05683266 0.03250086
v 0.04716931 0.06766662 0.01984214
v 0.04970251 0.06504966 0.02426038
v 0.05888425 0.06301892 0.02269983
v 0.06702489 0.06643876 0.00196442
v 0.06860664 0.06540428 -0.00059419
v 0.04484942 0.06502417 0.02375515
v 0.03987262 0.06617165 0.01934119
v 0.04168409 0.06206069 0.02655779
v 0.03732092 0.05534594 0.03380503
v 0.03029442 0.05566090 0.03240930
v 0.02860101 0.05005751 0.03675264
v 0.02321287 0.05514817 0.03288715
v 0.03644973 0.06359198 0.02252607
v 0.02368807 0.06197269 0.02411849
v 0.02358946 0.04475900 0.04013740
v 0.01547073 0.06619642 0.02109352
v 0.01873764 0.06325556 0.02418968
v 0.01242851 0.06896774 0.01594229
v 0.03357691 0.06542718 0.01898196
v 0.03198079 0.06702175 0.01495308
v 0.02265125 0.06525918 0.01912021
v 0.01825643 0.06853542 0.01327840
v 0.00018372 0.07059476 0.01961374
v 0.00407452 0.06508598 0.02839186
v 0.00324037 0.06786513 0.02434058
v 0.01609889 0.04172060 0.04445911
v 0.02534470 0.03843085 0.04361443
v 0.02915403 0.03830750 0.04422941
v 0.03143408 0.03252119 0.04696161
v 0.01971605 0.03947178 0.04385331
v 0.02623047 0.03137488 0.04647477
v 0.02009264 0.03186431 0.04642449
v 0.05740419 0.00513753 0.04977155
v 0.06082665 0.00228515 0.04873008
v 0.06738092 -0.00372097 0.04333032
v 0.07154452 -0.01099331 0.04011280
v 0.08656529 0.00622771 0.02452470
v 0.06843052 -0.01377799 0.04146569
v 0.07067023 -0.01879742 0.03721666
v 0.07186585 -0.02488255 0.03563355
v 0.07141140 -0.02825170 0.03762801
v 0.06737258 -0.03290187 0.04140028
v 0.06075087 -0.04265165 0.05245135
v 0.06600345 -0.04367376 0.05384442
v 0.06223705 -0.03284111 0.04697885
v 0.06150164 -0.02747298 0.04671463
v 0.06623076 -0.02553872 0.04091322
v 0.06282022 -0.02153135 0.04399164
v 0.05795633 -0.02491153 0.04693210
v 0.05582451 -0.02673476 0.04902083
v 0.05206447 -0.02625419 0.04955336
v 0.05267858 -0.04779611 0.05609982
v 0.04708800 -0.03876093 0.05285900
v 0.04584414 -0.03444023 0.05201404
v 0.04794198 -0.02992761 0.05180022
v 0.04639425 -0.02555509 0.05013846
v 0.04279090 -0.02969364 0.05133579
v 0.05106320 -0.02128085 0.04815390
v 0.06269050 -0.00492520 0.04516114
v 0.06116760 -0.00851115 0.04337035
v 0.06463045 -0.01293506 0.04110158
v 0.05821435 -0.01129101 0.04086746
v 0.03763587 -0.02697694 0.04947500
v 0.04339309 -0.01900064 0.04842298
v 0.03910627 -0.01813520 0.04849553
v 0.02559542 -0.01546782 0.04646522
v 0.02935356 -0.00351396 0.05039233
v 0.03524917 -0.00387069 0.05146690
v 0.04644081 -0.01086834 0.04867510
v 0.04412952 -0.00617743 0.05100285
v 0.04816684 -0.00845441 0.04788435
v 0.04835813 -0.01404101 0.04526537
v 0.01894657 -0.00600539 0.04408002
v 0.01627720 -0.00420871 0.04520272
v 0.01433643 -0.00087328 0.04759671
v 0.02560930 0.00154815 0.04925464
v 0.02228337 0.00155357 0.04766765
v 0.01934286 -0.00161653 0.04600786
v 0.02699028 0.00588458 0.04988916
v 0.04404182 0.00636046 0.05148512
v 0.04103044 0.01748990 0.05085459
v 0.03518168 0.01230847 0.05169886
v 0.01806729 0.01060673 0.04980484
v 0.02290430 -0.01405422 0.04307767
v 0.03413636 -0.02752046 0.04812943
v 0.00291216 -0.00356295 0.05042142
v 0.00700601 -0.01448434 0.04291408
v -0.00013662 -0.01371842 0.04620206
v 0.00127243 -0.01752157 0.04292282
v 0.01506676 -0.01647770 0.03698883
v 0.00847996 -0.02287096 0.03443096
v 0.01432167 -0.02200098 0.03241352
v 0.02778414 -0.02455013 0.04381128
v 0.03023554 -0.02806848 0.04496337
v 0.03303979 -0.02990374 0.04707750
v 0.03736142 -0.03760855 0.04828410
v 0.03760751 -0.04099276 0.04635453
v 0.03335403 -0.03322259 0.04611214
v 0.03198678 -0.03414217 0.04275963
v 0.03366578 -0.03886886 0.04123745
v -0.00736982 -0.01278523 0.04894523
v -0.00822646 -0.00540112 0.05262030
v -0.00417102 -0.00339708 0.05271332
v -0.02071257 -0.00865247 0.05228682
v -0.01478661 -0.00494660 0.05347254
v -0.01510951 -0.00050602 0.05499826
v -0.00614185 0.00194283 0.05445569
v -0.00119212 0.00646134 0.05438559
v -0.00956067 0.01394590 0.05686966
v -0.01434039 0.00956817 0.05697682
v -0.01166866 0.02008321 0.05692349
v -0.00514218 0.02334541 0.05572429
v 0.00148353 0.01297677 0.05467986
v 0.01305899 0.01531010 0.05166608
v 0.01119083 0.01332685 0.05194354
v 0.00589259 0.02018752 0.05378347
v 0.01493188 0.02739256 0.04990287
v 0.01011491 0.02589430 0.05190615
v 0.00336185 0.02959882 0.05302780
v -0.01007879 0.03539877 0.05381113
v 0.01425130 0.03907727 0.04632825
v 0.01106590 0.04421894 0.04508287
v 0.00283865 0.03623645 0.05144819
v 0.00134472 0.04964615 0.04483912
v -0.00488365 0.06231546 0.03445822
v -0.01376624 0.06034352 0.03792769
v -0.01141618 0.05575464 0.04192881
v -0.01175628 0.04659917 0.04882747
v -0.02407216 0.05736193 0.04192082
v 0.09628630 0.05085259 0.01126458
v 0.10220370 0.04963453 0.01212596
v 0.11215720 0.05592025 -0.00133855
v 0.11085341 0.05192124 0.01266531
v 0.10130750 0.04603918 0.01622266
v 0.10237104 0.04289583 0.01846938
v 0.11903064 0.04468783 0.02262776
v 0.11998698 0.03950224 0.02072795
v 0.11551302 0.02970939 0.02222394
v 0.12077635 0.03557738 0.02040104
v 0.12300426 0.04137742 0.02133770
v 0.11415593 0.05279573 0.01993161
v 0.11631321 0.05150176 0.02438308
v 0.12423652 0.05252804 0.02365873
v 0.12271850 0.04588601 0.02442748
v 0.12250910 0.04878736 0.02677566
v 0.12506390 0.04371253 0.02180328
v 0.12232516 0.02772010 0.02256491
v 0.09964044 0.03687489 0.02171130
v 0.09661707 0.03314973 0.02357424
v 0.09368637 0.01813682 0.02445966
v 0.10307910 0.02859989 0.02348552
v 0.12305203 0.02158576 0.02452641
v 0.13028564 0.01622288 0.02496155
v 0.12940478 0.01316249 0.02537077
v 0.13067763 0.00976418 0.02471915
v 0.12173399 0.00643253 0.02434822
v 0.12393682 0.00364975 0.02378133
v 0.11830797 0.00548614 0.02286797
v 0.11776329 0.01062055 0.02413375
v 0.11398184 0.01035001 0.02230851
v 0.11415412 0.00443840 0.02046155
v 0.10648097 0.00197124 0.01765366
v 0.11535572 -0.00087389 0.01824085
v 0.12073967 0.00106637 0.02192606
v 0.12871511 0.00094027 0.02227811
v 0.05997664 0.05849854 0.02834398
v 0.06418107 0.05709760 0.02509776
v 0.09252468 0.00711567 0.02173565
v 0.09608194 0.00958124 0.02163615
v 0.11591961 0.05294355 0.00793667
v 0.12474293 0.04978215 0.00475391
v 0.12426411 0.05172677 0.01876368
v 0.12145389 0.05129217 0.01658419
v 0.12624013 0.05060580 0.02436342
v 0.13335741 0.05169670 0.01985675
v 0.12035393 0.04910516 0.00832665
v 0.12394813 0.04622209 0.01607043
v 0.12654324 0.04818967 0.00757389
v 0.13422245 0.00794814 0.02297581
v 0.13793375 0.00919511 0.02069295
v -0.03397907 -0.02166474 0.04179343
v -0.02166170 -0.01326183 0.04966713
v -0.06086867 -0.02624749 0.02410669
v -0.05855852 -0.02514279 0.02738674
v -0.06315432 -0.02288997 0.02944193
v -0.05826340 -0.02072090 0.03431475
v -0.05233661 -0.02757373 0.02603353
v -0.02907712 -0.00533470 0.05406416
v -0.02907910 -0.00996454 0.05184440
v -0.02820231 -0.01367139 0.04943838
v -0.03299028 -0.01471259 0.04838788
v -0.04201989 -0.02030238 0.04211419
v -0.01877132 0.02393593 0.05715121
v -0.01308072 0.04078662 0.05187418
v -0.02127078 0.02870712 0.05631373
v -0.02707301 0.02723064 0.05625465
v -0.02905839 0.02203557 0.05678796
v -0.03231054 0.03081348 0.05483762
v -0.03904733 0.03212729 0.05332598
v -0.02214163 0.00619215 0.05674973
v -0.02444953 -0.00203414 0.05507070
v -0.03254400 -0.00222975 0.05486027
v -0.02990276 0.00826119 0.05672508
v -0.03848821 0.01487907 0.05582684
v -0.03168585 0.01593510 0.05711196
v -0.03385626 0.00948859 0.05647656
v -0.02116861 0.04405549 0.05097145
v -0.02550450 0.04814004 0.04906064
v 0.03821335 -0.04581177 0.04404258
v 0.04573812 -0.04696948 0.05421222
v 0.04582179 -0.05012966 0.05263083
v 0.04480819 -0.05547468 0.04908399
v 0.04309819 -0.05568357 0.04432184
v 0.05181404 -0.05640711 0.05728881
v 0.04963101 -0.05744121 0.05516280
v 0.04913137 -0.05943425 0.05299058
v 0.04536656 -0.05892214 0.04687177
v 0.04919501 -0.06578394 0.04593181
v 0.04759381 -0.06090309 0.04912407
v 0.05180048 -0.06427138 0.05422256
v 0.05008418 -0.06312934 0.05044439
v 0.07144504 -0.04874714 0.05681425
v 0.07497680 -0.06046814 0.04907775
v 0.07489214 -0.05545624 0.05482473
v 0.07261001 -0.05177311 0.05763027
v 0.05175656 -0.06079037 0.05802292
v 0.05461039 -0.05964594 0.05910679
v 0.07772551 -0.06212629 0.04092180
v 0.08135865 -0.06437937 0.03980494
v 0.07658103 -0.05952030 0.05510626
v 0.08352017 -0.06854662 0.04875482
v 0.08220527 -0.06857318 0.05315863
v 0.08005335 -0.06986137 0.05594875
v 0.07614902 -0.06444748 0.05836842
v 0.07206843 -0.06973577 0.05773071
v 0.07170621 -0.05510202 0.06021549
v 0.05769638 -0.05633044 0.05935152
v 0.05641640 -0.06394570 0.05935840
v 0.06622195 -0.06950788 0.05830465
v 0.06433354 -0.05988155 0.06196626
v 0.06119382 -0.07427868 0.05909199
v 0.06948735 -0.07385886 0.05803572
v 0.09925251 0.01720016 0.02304164
v 0.09939782 0.00426433 0.01897152
v 0.03533021 0.01882563 0.05092294
v 0.02297822 0.01663385 0.04903436
v 0.02103388 0.02026152 0.04914562
v 0.01584294 0.01892747 0.05078547
v 0.05051139 -0.00942906 0.04297210
v 0.05373850 -0.01674874 0.04399732
v -0.06710912 -0.02397460 0.04090593
v -0.06922051 -0.02640983 0.03903100
v -0.06570572 -0.01985826 0.04404692
v -0.07771719 -0.03085727 0.04169470
v -0.08131742 -0.03293956 0.04110814
v -0.08582845 -0.03736501 0.03716098
v -0.07560743 -0.02396029 0.04958176
v -0.07215551 -0.02188904 0.05007666
v -0.06642602 -0.01886562 0.04762053
v -0.07298273 -0.01805745 0.05159614
v -0.06168531 -0.01098456 0.04613334
v -0.05915770 -0.00903729 0.04542856
v -0.06090980 -0.01322700 0.04335971
v -0.05716773 -0.01405177 0.04196777
v -0.04514715 -0.01188319 0.04772739
v -0.04823537 -0.00609159 0.04959827
v -0.04867717 0.00013331 0.05151274
v -0.04780926 0.00657033 0.05301758
v -0.05149369 0.01726113 0.05202434
v -0.04914009 0.03301438 0.04989912
v -0.04999087 0.03873153 0.04734341
v -0.05309534 0.02801888 0.04956283
v -0.05414633 0.03400280 0.04746804
v -0.05664308 0.02490458 0.04899890
v -0.04394069 0.03473075 0.05122421
v -0.04014388 0.03924141 0.05067056
v -0.05883449 0.03381220 0.04566476
v -0.06047983 0.03899292 0.04339632
v -0.06537537 0.03347561 0.04571659
v -0.06090066 0.02022009 0.04858434
v -0.06391103 0.02370210 0.04805735
v -0.05731651 0.01921851 0.04966683
v -0.05663664 0.01516389 0.05052293
v -0.06370362 0.02784489 0.04699108
v -0.06816364 0.02175091 0.05045727
v -0.06613796 0.02361435 0.04901117
v -0.07091759 0.02563061 0.05124671
v -0.06929196 0.03173654 0.04863888
v -0.06694656 0.03239534 0.04736792
v -0.05880022 0.00953031 0.05005939
v -0.06267877 0.01059398 0.04887598
v -0.07285488 0.03130849 0.05001449
v -0.07485265 0.02655812 0.05226690
v -0.06987528 0.01485419 0.05170667
v -0.07154089 0.00824350 0.05209136
v -0.07951740 0.01037248 0.05287764
v -0.07912325 0.00381877 0.05369860
v -0.08843646 -0.00094498 0.05147030
v -0.08970197 -0.00698273 0.05146207
v -0.07494173 -0.00595037 0.05398788
v -0.07220440 0.00241430 0.05332343
v -0.06497856 0.00090311 0.05001950
v -0.09179457 0.00615270 0.05327290
v -0.08390230 0.01054518 0.05243400
v -0.08795687 0.01409279 0.05239406
v -0.07910095 0.01663949 0.05308991
v -0.06333486 0.03829393 0.04347640
v -0.06248406 0.04812561 0.03977299
v -0.07317319 0.04035082 0.04612988
v -0.08366795 0.03910579 0.04714885
v -0.08447915 0.01683682 0.05252996
v -0.10568517 0.00315789 0.05305654
v -0.10758992 0.01841180 0.04873710
v -0.11044441 0.02246563 0.04677003
v -0.10643315 0.02290934 0.04798616
v -0.11902510 0.01635597 0.04050957
v -0.09566122 -0.01014224 0.05303220
v -0.09093225 -0.01303718 0.05262271
v -0.08038066 -0.00934719 0.05316869
v -0.08095148 -0.02639393 0.04923133
v -0.08877928 -0.03178968 0.04775135
v -0.08527825 -0.03279888 0.04631098
v -0.08688628 -0.03666462 0.04351564
v -0.08587360 -0.02512285 0.04976191
v -0.08912557 -0.01837657 0.05177071
v -0.09005911 -0.02332980 0.05051078
v -0.10672688 -0.01227785 0.05215786
v -0.11075542 -0.01127025 0.05044245
v -0.09550025 -0.05057124 0.03678686
v -0.09694135 -0.05369546 0.03631376
v -0.09514450 -0.04755067 0.03591394
v -0.09747396 -0.04825783 0.04338611
v -0.09817950 -0.05823532 0.03739794
v -0.10096990 -0.04826817 0.04569984
v -0.09951215 -0.06318835 0.03964434
v -0.10137075 -0.06577377 0.04234597
v -0.10554517 -0.06753621 0.04622126
v -0.11628193 -0.05001944 0.05128529
v -0.10936641 -0.04422376 0.05183746
v -0.11719252 -0.03799207 0.05034228
v -0.10243624 -0.03131809 0.04956545
v -0.10799037 -0.02888297 0.04991806
v -0.10249625 -0.03686405 0.04873056
v -0.09818564 -0.03432537 0.04880351
v -0.10268735 -0.03987563 0.04828179
v -0.09326974 -0.04598415 0.03838684
v -0.09318548 -0.04338147 0.04096483
v -0.09691887 -0.02191501 0.05136523
v -0.10533513 -0.02290071 0.05121971
v -0.11259963 -0.02498396 0.04905260
v -0.11321526 -0.03139954 0.04901882
v -0.05165733 -0.01897255 0.03984749
v -0.05838118 -0.01721214 0.03848899
v -0.09860141 0.01652274 0.05202245
v -0.09599473 0.02049544 0.05115937
v -0.09439342 0.01590236 0.05204809
v -0.08527613 0.03332255 0.04964602
v -0.07041004 0.04845165 0.04038370
v -0.08115674 0.04444606 0.04473654
v -0.04212920 0.04496299 0.04727191
v -0.03813789 0.05528080 0.04231237
v -0.03210969 0.05343756 0.04496580
v -0.03873402 0.06034008 0.03778231
v -0.02936750 0.06710103 0.03153542
v -0.04647162 0.05838115 0.03741910
v -0.05420183 0.05762995 0.03651593
v -0.04472899 0.05324202 0.04160543
v -0.05427274 0.05203526 0.03936758
v -0.05249683 0.04643625 0.04242190
v -0.05306865 0.06325134 0.03261079
v -0.02254660 0.06995182 0.02700448
v -0.07189355 0.06262544 0.03202083
v -0.07956731 0.06430038 0.02808128
v -0.06722150 0.06048599 0.03434454
v -0.07104537 0.05309026 0.03835540
v -0.06603441 0.05318660 0.03798348
v -0.06052949 0.05708471 0.03673950
v -0.07956318 0.04973565 0.04157705
v -0.08056565 0.05125457 0.03918001
v -0.07921263 0.05652705 0.03635291
v -0.08129673 0.06001721 0.03302733
v -0.08530989 0.05064515 0.04111925
v -0.09020969 0.05402009 0.03514897
v -0.11600605 0.02168883 0.04307007
v -0.11335308 0.02392181 0.04472296
v -0.10675189 0.03777938 0.04213827
v -0.10695876 0.04033990 0.04062982
v -0.09571559 0.04897372 0.04015773
v -0.09898366 0.04100145 0.04432052
v -0.09545375 0.04475028 0.04290462
v -0.10485652 0.05319908 0.02737923
v -0.09043606 0.04388266 0.04436766
v -0.10235267 0.02548095 0.04851250
v -0.09945389 0.03724914 0.04634954
v -0.09592114 0.03449097 0.04799872
v -0.10388458 0.03403568 0.04580365
v -0.10669924 0.02621713 0.04666265
v -0.11203375 0.02763930 0.04412486
v -0.11334872 0.03300801 0.04100113
v -0.09505509 0.05803281 0.02925636
v -0.09870012 -0.06695451 0.04273611
v -0.10556575 -0.07751606 0.04165907
v -0.10427705 -0.07820303 0.03336356
v -0.09884671 -0.07148352 0.04498570
v -0.10340741 -0.07669550 0.04480329
v -0.10087838 -0.07760035 0.03861521
v -0.09520838 -0.07620475 0.03964346
v -0.09273136 -0.07034396 0.04085305
v -0.09524652 -0.03148015 0.04915978
v 0.05087649 0.06893794 0.01787825
v 0.04067836 0.06836579 0.01580450
v 0.04833551 0.07007749 0.01491427
v 0.05185381 0.07021818 0.01429394
v 0.05752496 0.06997534 0.00817585
v 0.04652061 0.06999017 0.00951296
v 0.05771038 0.06514547 -0.00691932
v 0.06498800 0.06299052 -0.00936964
v 0.06630235 0.06090484 -0.01268630
v 0.05851740 0.06208614 -0.01198618
v 0.05862411 0.05840100 -0.01792891
v 0.07013097 0.05664198 -0.01629424
v 0.08110394 0.05793735 -0.00456371
v 0.06345384 0.05556490 -0.01915076
v 0.05641589 0.05495355 -0.02145041
v 0.06180572 0.03803553 -0.02946215
v 0.05120857 0.04594296 -0.02824537
v 0.05429723 0.04451122 -0.02880493
v 0.05782710 0.04207540 -0.02893003
v 0.04935337 0.04115365 -0.03081358
v 0.05690774 0.06985809 0.00452664
v 0.05111003 0.06620876 -0.00249065
v 0.04949993 0.06991517 0.00561081
v 0.04330306 0.06970174 0.01223698
v 0.00539026 0.07198629 -0.00718859
v -0.00657152 0.07460189 0.00946419
v -0.00008706 0.07356545 -0.00376786
v -0.01113525 0.07498293 -0.00574334
v -0.00906059 0.07604665 0.00335564
v -0.01109178 0.07194548 0.02059291
v 0.01731900 0.06997549 -0.00038708
v 0.03374039 0.06854834 0.00746947
v 0.04766615 0.06174828 -0.01061198
v 0.04766474 0.06047024 -0.01484691
v 0.03967007 0.06264815 -0.00819477
v 0.03620663 0.06295215 -0.00844643
v 0.03627508 0.06478647 -0.00238892
v 0.03622516 0.06405129 -0.00651830
v 0.03004824 0.06547122 -0.00173383
v 0.04982758 0.05648122 -0.01996748
v 0.04641063 0.05661984 -0.01920066
v 0.04202224 0.05692453 -0.01761624
v 0.03478690 0.05570470 -0.01781290
v 0.04517963 0.04368921 -0.02972389
v 0.05111349 0.03853754 -0.03178035
v 0.05150463 0.03604245 -0.03261853
v 0.06579542 0.04719832 -0.02449202
v 0.07864894 0.04887141 -0.01823188
v 0.08250730 0.04988450 -0.01472847
v 0.08826914 0.05691715 -0.00167526
v 0.08695586 0.05611664 -0.00497352
v 0.09902226 0.05240783 -0.00869316
v 0.09952205 0.05530006 -0.00499778
v 0.09018330 0.03402302 -0.02469919
v 0.09928261 0.02248024 -0.03053161
v 0.10465575 0.03742950 -0.02726729
v 0.10670040 0.03393585 -0.02984320
v 0.10936264 0.05466581 -0.00671627
v 0.10280842 0.05405161 -0.00634828
v 0.09405137 0.05589598 -0.00138047
v 0.10110626 0.05632934 -0.00016883
v 0.09491386 0.05611577 0.00165360
v 0.10548142 0.05159599 0.00943718
v 0.10196674 0.05474675 0.00391674
v 0.10343346 0.05644777 -0.00331108
v 0.10905746 0.05413941 0.00602111
v 0.11273895 0.05492049 -0.00753567
v 0.11562673 0.05211115 -0.01394187
v 0.11201034 0.04633690 -0.02386563
v 0.11284855 0.04871973 -0.01936460
v 0.11786272 0.05091677 -0.01915728
v 0.11493856 0.04921919 -0.02323496
v 0.11163271 0.03945523 -0.02996887
v 0.11349642 0.04863414 -0.02726902
v 0.12110038 0.05168571 -0.02357798
v 0.11539163 0.05152662 -0.02724972
v 0.11513391 0.05132122 -0.03452515
v 0.11995945 0.05480413 -0.02792943
v 0.12341084 0.05604074 -0.02984691
v 0.12505192 0.05045028 -0.02258418
v 0.12936042 0.04603464 -0.02278012
v 0.12833861 0.04625404 -0.03103806
v 0.12769610 0.04729214 -0.02602225
v 0.12729847 0.05024119 -0.02918533
v 0.12613107 0.05396134 -0.02978089
v 0.13657491 0.04756206 -0.01703875
v 0.13988873 0.04386538 -0.02013914
v 0.13879830 0.03446594 -0.03110771
v 0.11949360 0.05295696 -0.01355400
v 0.10732469 -0.01435063 -0.01565631
v 0.11006561 -0.00553149 -0.03636591
v 0.11182935 -0.01138322 -0.02844438
v 0.11521781 -0.01436392 -0.02722822
v 0.10868697 -0.00810081 -0.03052212
v 0.10759525 -0.00833920 -0.02711294
v 0.10828032 -0.01130340 -0.02352095
v 0.10401780 -0.00716482 -0.02479758
v 0.11040026 -0.00242291 -0.03875045
v 0.11525679 -0.00376797 -0.03952985
v 0.10784296 0.00199465 -0.03903565
v 0.11597935 0.00161766 -0.04184493
v 0.11984706 0.00531804 -0.04304239
v 0.09792624 0.01012636 -0.03078290
v 0.09741906 0.00481635 -0.02940819
v 0.10089552 0.01328285 -0.03212808
v 0.10593480 0.01715279 -0.03429026
v 0.11485821 0.03182735 -0.03488939
v 0.11268425 0.03535863 -0.03239972
v 0.11637755 0.03529983 -0.03525304
v 0.12444023 0.02860170 -0.03881329
v 0.11688561 0.02764018 -0.03816652
v 0.12140791 0.02110754 -0.04213419
v 0.12427917 0.00686791 -0.04271884
v 0.12388025 0.01171607 -0.04376385
v 0.11718680 0.01836853 -0.04228875
v 0.11283887 0.01667335 -0.04092946
v 0.03968487 0.06879275 0.00485887
v 0.03889905 0.06670308 0.00112961
v 0.03120221 0.06368766 -0.00845119
v 0.02687314 0.06516121 -0.00651853
v 0.03448104 0.06735188 0.00415207
v 0.02529394 0.06832910 0.00319540
v 0.03910532 0.05936196 -0.01440389
v 0.02464124 0.06424298 -0.01166270
v 0.01646949 0.06287664 -0.01954122
v 0.02594280 0.05517179 -0.02145413
v 0.02000621 0.05287462 -0.02707230
v 0.01825342 0.05039130 -0.02973308
v 0.01108725 0.05812863 -0.02777301
v 0.02674072 0.03947031 -0.03158764
v 0.06987298 0.04264103 -0.02536103
v 0.07402774 0.04421459 -0.02331780
v 0.08568976 0.03330396 -0.02498827
v 0.08649875 0.02668007 -0.02759626
v 0.09691612 -0.00588066 -0.02061235
v 0.09293884 0.00310629 -0.02698437
v 0.08582535 0.00836644 -0.02812196
v 0.07682665 0.03237121 -0.02751170
v 0.06798657 0.03802621 -0.02795944
v 0.05300867 0.03229228 -0.03398817
v 0.04896476 0.03601614 -0.03392756
v 0.05979365 0.02870486 -0.03356242
v 0.04587448 0.03187087 -0.03566715
v 0.04513149 0.03652034 -0.03362734
v 0.04638949 0.01869345 -0.03971504
v 0.03961993 0.02245551 -0.03870146
v 0.04103279 0.02643487 -0.03709159
v 0.02006157 0.03115753 -0.03620377
v 0.02244107 0.03061391 -0.03575842
v 0.02614602 0.02900948 -0.03468840
v 0.01805123 0.03187265 -0.03704208
v 0.01705816 0.03532555 -0.03728996
v 0.02191668 0.04816663 -0.02915755
v 0.01128823 0.03598024 -0.03934426
v 0.01435418 0.03120951 -0.03890576
v 0.00809186 0.04914257 -0.03547686
v 0.00787406 0.04359826 -0.03812417
v 0.00325704 0.04184218 -0.04010837
v 0.00671885 0.03808416 -0.04044933
v 0.00158014 0.03528129 -0.04258054
v -0.00291279 0.04155982 -0.04156344
v 0.01212996 0.02489032 -0.04008691
v 0.01735909 0.02253579 -0.03765448
v 0.03356911 0.02639605 -0.03413893
v 0.04561093 0.01437105 -0.04020909
v 0.03290603 0.01900984 -0.03677963
v 0.03071917 0.02629204 -0.03430389
v 0.02599380 0.02506483 -0.03506317
v 0.03015917 0.02233799 -0.03488072
v 0.02901762 0.01831494 -0.03545460
v 0.02052013 0.01890062 -0.03612031
v 0.02500973 0.01205616 -0.03567128
v 0.05014819 0.00982793 -0.04035529
v 0.03600711 0.00490195 -0.04158865
v 0.03107240 -0.00103886 -0.04005955
v 0.04244068 0.00113075 -0.04200877
v 0.04500556 -0.01000137 -0.04134039
v 0.04191089 -0.00662956 -0.04241795
v 0.03697987 -0.00676680 -0.04377700
v 0.03935096 -0.00658577 -0.04334614
v 0.03328755 -0.00901700 -0.04287331
v 0.02982483 -0.00366107 -0.04009875
v 0.03045618 -0.00675726 -0.04158479
v 0.02496575 -0.00620098 -0.03739405
v 0.04883712 -0.00687414 -0.04045190
v 0.05453157 0.00259841 -0.03971995
v 0.06958811 0.03428242 -0.02883137
v 0.06663081 0.02900226 -0.03115219
v 0.06236234 0.00953354 -0.03502890
v 0.06553462 0.02294120 -0.03271883
v 0.07311472 0.02276866 -0.03028124
v 0.06399500 0.00563122 -0.03299027
v 0.06060806 0.00102128 -0.03640689
v 0.05858412 0.00419412 -0.03840687
v 0.07860632 0.02166115 -0.02953096
v 0.06421133 -0.00004075 -0.03257925
v 0.05278712 -0.01444478 -0.04006041
v 0.05767921 -0.00648664 -0.03690368
v 0.05844034 -0.01571017 -0.03795332
v 0.04277193 -0.01553545 -0.04222688
v 0.03766415 -0.01921289 -0.04293799
v 0.03368761 -0.01986681 -0.04280277
v 0.01539094 0.00202501 -0.03585817
v 0.01918502 -0.00382737 -0.03342292
v 0.01794574 -0.00589443 -0.03296108
v 0.07922585 -0.00158792 -0.02472509
v 0.10354999 -0.01048422 -0.01905910
v 0.11151223 -0.01383099 -0.02261716
v 0.08815704 -0.00905599 -0.01486691
v 0.11909045 0.05480150 -0.00105626
v 0.00554109 0.06826799 -0.01721060
v 0.01021114 0.06139699 -0.02477670
v -0.00747015 0.06754940 -0.02287057
v -0.00366881 0.06341375 -0.02704759
v -0.01277612 0.07100154 -0.01828570
v -0.01700336 0.05471652 -0.03661209
v -0.01780396 0.06021108 -0.03221028
v -0.01830528 0.07284644 -0.01513108
v -0.01798384 0.07592132 -0.00574142
v -0.03010884 0.07751763 0.00604413
v -0.01946028 0.06237165 -0.03004400
v -0.02514258 0.06297665 -0.02978384
v -0.03277601 0.06619383 -0.02620552
v -0.04285287 0.07128774 -0.01769157
v -0.03832715 0.06461238 -0.02771453
v -0.02227734 0.04925069 -0.04063788
v -0.01297194 0.04027751 -0.04370318
v -0.01442914 0.03451767 -0.04577894
v -0.02335699 0.04466250 -0.04310907
v -0.01754077 0.04585847 -0.04206603
v 0.06504992 -0.02850937 -0.04101465
v 0.06288534 -0.02991825 -0.04263552
v 0.06493245 -0.03534976 -0.04424137
v 0.05879049 -0.03405219 -0.04453262
v 0.06955697 -0.04238284 -0.04513859
v 0.07227608 -0.04169834 -0.04469742
v 0.07453309 -0.04111606 -0.04381798
v 0.09126084 -0.05640524 -0.05545568
v 0.08802313 -0.05827877 -0.05665375
v 0.08297330 -0.06020530 -0.05620901
v 0.07932532 -0.05169967 -0.04728463
v 0.12190793 0.00153586 -0.04172432
v 0.11603694 0.04473968 -0.03650035
v 0.12353108 0.03902083 -0.03819174
v 0.12691306 0.04086188 -0.03800380
v 0.12559015 0.05568977 -0.03177862
v 0.12080216 0.05714275 -0.03150581
v 0.11915495 0.05625839 -0.03497856
v 0.12560549 0.05630865 -0.03456617
v 0.11880707 0.05413860 -0.03828357
v 0.12881809 0.04995176 -0.03581303
v 0.12262352 0.04639829 -0.04136089
v 0.11460087 0.04743280 -0.03505073
v 0.11721916 0.05204860 -0.03790600
v 0.12411757 0.05066846 -0.04246898
v -0.03850316 0.06535922 0.03279015
v -0.03781483 0.07095459 0.02503254
v -0.02925883 0.07533590 0.01438477
v -0.02766868 0.07271694 -0.01646631
v -0.04641015 0.07337613 -0.01232889
v -0.04085084 0.04847098 -0.04004683
v -0.04918659 0.05368122 -0.03645067
v -0.05618419 0.06049847 -0.02992275
v -0.05063539 0.06920184 -0.01944405
v -0.04461067 0.07543302 -0.00745688
v -0.04343855 0.07723946 0.00018884
v -0.04395118 0.07639779 -0.00366073
v -0.05949963 0.06896915 -0.01857554
v -0.06707090 0.06952317 -0.01560608
v -0.04295610 0.04209207 -0.04172732
v -0.05175238 0.04752095 -0.03932318
v -0.06027035 0.06596753 -0.02294950
v -0.03762410 0.07418413 0.01746539
v -0.03263707 0.07366058 0.01940940
v -0.05765211 0.07333401 0.01220027
v -0.06940565 0.05547239 -0.03300854
v -0.06023379 0.04548249 -0.04142356
v -0.07884000 0.05206086 -0.03546933
v -0.07707725 0.05645067 -0.03110204
v -0.07616741 0.06759709 -0.01582946
v -0.06716942 0.07399939 0.00625302
v -0.06670891 0.07456410 0.00334461
v -0.07789729 0.07210936 0.00426604
v -0.07545222 0.07260799 -0.00330984
v -0.08455900 0.06808098 0.01306119
v -0.08558159 0.07002757 -0.00008309
v -0.08729997 0.06954169 0.00332518
v -0.07721841 0.06911887 0.01768116
v -0.06932379 0.06885888 0.02218730
v -0.06254856 0.07322434 0.01081300
v -0.05496798 0.07247168 0.01715423
v -0.06287545 0.07088854 0.01772733
v -0.04340323 0.07152385 0.02327348
v -0.05263300 0.06911686 0.02557126
v -0.04404061 0.06961633 0.02693432
v -0.06155942 0.06847849 0.02441224
v -0.09026109 0.06574152 0.01566731
v -0.08269997 0.06593796 -0.01507744
v -0.08702973 0.06798485 -0.00638320
v -0.09345693 0.06302445 -0.01169561
v -0.08591193 0.06231787 -0.02038486
v -0.09588259 0.05095672 -0.02864832
v -0.08600417 0.05525476 -0.03011732
v -0.08815466 0.04979843 -0.03498489
v -0.09349326 0.04812670 -0.03394653
v -0.09514609 0.05550377 -0.02391621
v -0.10255678 0.04747186 -0.02432797
v -0.09921121 0.05403456 -0.02190852
v -0.10185049 0.05612433 -0.01498215
v -0.10313177 0.05810978 -0.01094329
v -0.10857303 0.05891268 -0.00600431
v -0.10242059 0.06452158 -0.00140308
v -0.09726197 0.06452065 -0.00556583
v -0.11518432 0.05545362 0.00119594
v -0.11334620 0.05108931 0.00685376
v -0.11283451 0.04762065 0.00849828
v -0.11583151 0.05065759 0.00472475
v -0.10474487 0.05901532 0.01318188
v -0.10304589 0.06092505 0.00998409
v -0.10142294 0.06048658 0.01399919
v -0.09898174 0.06216711 0.01235068
v -0.09971711 0.06378233 0.00760484
v -0.09442633 0.06761543 0.00101781
v -0.08954803 0.06846450 0.00514533
v -0.10276342 0.05866258 0.01916789
v -0.09725520 0.06234324 0.01614188
v -0.10588176 0.05567614 0.02237173
v -0.11122665 0.04799383 0.02571036
v -0.10364932 0.04478429 0.04014016
v -0.10550391 0.04371736 0.03937536
v -0.10569829 0.04658936 0.03685994
v -0.09809773 0.05082280 0.03531180
v 0.01543031 -0.00411053 -0.03378349
v 0.08321917 -0.05055601 -0.04696980
v 0.08799919 -0.05067060 -0.04818471
v -0.04078780 -0.02615529 -0.03826691
v -0.03916040 -0.02963998 -0.03624971
v -0.04359006 -0.02338795 -0.04527163
v -0.04582353 -0.02222002 -0.04801147
v -0.04756220 -0.02724891 -0.04544931
v -0.05025215 -0.02396821 -0.04800395
v -0.04191134 -0.03538382 -0.04069135
v -0.06965394 -0.02585429 0.00655166
v -0.07360759 -0.02320154 0.00768025
v -0.06477198 -0.02786357 0.00686839
v -0.04515698 0.00378020 -0.05064098
v -0.04848681 -0.01947285 -0.05098181
v -0.05930531 -0.01418406 -0.05468805
v -0.06035666 -0.02221487 -0.05228852
v -0.06135495 -0.01690075 -0.05420311
v -0.06550688 -0.01695648 -0.05400652
v -0.06293283 -0.01218132 -0.05543090
v -0.06331892 -0.00607868 -0.05589203
v -0.05847346 -0.01063183 -0.05496376
v -0.06015238 -0.00163605 -0.05491079
v -0.06827117 -0.00938711 -0.05451960
v -0.06930438 -0.00364181 -0.05416821
v -0.05917247 -0.03383609 -0.05131334
v -0.05938420 -0.03838950 -0.05243577
v -0.05238799 -0.04176075 -0.05194978
v -0.06568439 -0.03600221 -0.05195143
v -0.07252195 -0.03757084 -0.05000530
v -0.07477313 -0.02911674 -0.04923667
v -0.07279816 -0.04402538 -0.04975422
v -0.05299903 -0.05311945 -0.05810913
v -0.08069945 -0.04374360 -0.04369135
v -0.08260367 -0.03604282 -0.04365017
v -0.08327834 -0.02783030 -0.04466851
v -0.07267186 -0.05072859 -0.04877933
v -0.05082760 -0.05064743 -0.05743752
v -0.05034763 -0.04746301 -0.05527534
v -0.04724952 -0.03914346 -0.04607139
v -0.02924410 -0.06176857 -0.06440032
v -0.03360424 -0.05625220 -0.05914221
v -0.04420287 -0.04227769 -0.04422424
v -0.04361580 -0.04603054 -0.04397952
v -0.04077093 -0.03987654 -0.04074583
v -0.03849413 -0.04804057 -0.04039829
v -0.04195807 -0.04711648 -0.04233127
v -0.04303341 -0.04874551 -0.04445339
v -0.04009670 -0.05082626 -0.04331173
v -0.03894346 -0.04907130 -0.04174859
v -0.07878540 -0.01789550 0.01409416
v -0.07703511 -0.01985935 0.01158451
v -0.07361515 -0.02111762 0.01406486
v -0.07102802 -0.02426570 0.01019476
v -0.06701024 -0.02614077 0.01299842
v -0.06267691 -0.02678634 0.01983208
v -0.06568953 -0.02591459 0.01790497
v -0.06336082 -0.02581388 0.02217895
v -0.06488071 -0.02526125 0.02283771
v -0.07136391 -0.02366000 0.02633560
v -0.08346604 -0.02397023 0.02283933
v -0.10675214 -0.00448513 -0.00204874
v -0.10839818 -0.00136842 -0.00154553
v -0.11712521 -0.00460658 -0.01539466
v -0.11328212 -0.00723578 -0.01139717
v -0.10928854 0.00078682 -0.00349978
v -0.10365442 -0.00912478 -0.00026069
v -0.10495962 -0.00752117 0.00339623
v -0.10838237 -0.00858667 0.00788298
v -0.11318033 -0.00176479 0.00498193
v -0.10972825 0.00387466 -0.00316032
v -0.11291865 0.00733886 -0.00563172
v -0.11061117 0.00905183 -0.00296449
v -0.11801852 0.00665316 0.00571354
v -0.12044514 -0.00692143 0.01234715
v -0.11948240 -0.01347260 0.01548734
v -0.11172699 -0.02124190 0.01893620
v -0.10763119 -0.01998048 0.01758705
v -0.10344179 -0.01235665 0.01073848
v -0.10709941 -0.01076660 0.00924706
v -0.10491087 -0.00858926 0.00615861
v -0.09605000 -0.01282574 0.00861014
v -0.09535998 -0.01390658 0.01128699
v -0.09117539 -0.02285873 0.02062191
v -0.09359302 -0.01857549 0.01626460
v -0.09443781 -0.01557773 0.01339275
v -0.09848719 -0.02185718 0.01935878
v -0.07510721 -0.02912156 0.03390881
v -0.06942797 -0.02668592 0.03550417
v -0.08071591 -0.03402145 0.03665335
v -0.08177517 -0.02989740 0.02919740
v -0.09319754 -0.03492881 0.02891458
v -0.09021856 -0.02994638 0.02632817
v -0.10676033 -0.02216934 0.01984806
v -0.11654041 -0.01846165 0.01692052
v -0.11741332 -0.00109075 -0.01464025
v -0.11504813 -0.01119826 -0.02134341
v -0.11392576 -0.01280769 -0.01978142
v -0.11271956 -0.01685769 -0.02312150
v -0.10938904 -0.02337493 -0.02402249
v -0.09602852 -0.03751571 -0.02562948
v -0.10850104 -0.02420862 -0.02576116
v -0.11253870 -0.01668067 -0.02542362
v -0.11626678 0.00159365 -0.02593658
v -0.11772204 -0.00128060 -0.02308372
v -0.11534451 -0.00194476 -0.02749075
v -0.11850780 -0.00191675 -0.02024011
v -0.11779571 0.00298572 -0.01602131
v -0.11815567 0.00335093 -0.01917718
v -0.11719482 0.01191862 -0.01337147
v -0.11707856 -0.00431544 -0.02297099
v -0.11327767 -0.01309202 -0.02647013
v -0.10535221 -0.02700318 -0.02789705
v -0.09650061 -0.03712875 -0.03037478
v -0.09493341 -0.03325307 -0.03304344
v -0.09355884 -0.03031764 -0.03648088
v -0.08757853 -0.04658953 -0.03342374
v -0.09099568 -0.04499873 -0.02994173
v -0.03608294 -0.05003504 -0.04038901
v -0.03351296 -0.05276579 -0.03866892
v -0.02436202 -0.06089860 -0.06066888
v -0.11584809 -0.02257835 0.01961879
v -0.08789305 -0.03559529 0.03178497
v -0.09871273 -0.02868648 0.02408125
v -0.11859030 -0.02668236 0.02169496
v -0.12241028 -0.02754927 0.02348633
v -0.11239338 -0.02870403 0.02261703
v -0.10747741 -0.03265047 0.02446905
v -0.10809126 -0.03900704 0.02549322
v -0.09927034 -0.03883295 0.02845391
v -0.10003514 -0.03373837 0.02630775
v -0.10701706 -0.04481319 0.02636061
v -0.12063341 -0.03077889 0.02287914
v -0.11982992 -0.04317094 0.02274729
v -0.11051887 -0.05181408 0.02535083
v -0.09701630 -0.04641372 0.03231575
v -0.10398530 -0.05549679 0.03067153
v -0.09995138 -0.06273065 0.02851227
v -0.04448902 0.03673272 -0.04281145
v -0.03661264 0.02228842 -0.04532128
v -0.03909941 0.03077771 -0.04399560
v -0.04586047 0.03139167 -0.04471264
v -0.05050278 0.03490831 -0.04497574
v -0.04961933 0.02755469 -0.04819524
v -0.05436123 0.02906446 -0.05021999
v -0.05174658 0.03139861 -0.04723552
v -0.06115014 0.04113157 -0.04448907
v -0.05904239 0.03120361 -0.05124741
v -0.05800448 0.03296075 -0.04988285
v -0.05308690 0.02609693 -0.05061933
v -0.05456031 0.02393337 -0.05134303
v -0.05739096 0.01996138 -0.05280063
v -0.05128133 0.01768374 -0.05211957
v -0.05125391 0.01318333 -0.05297250
v -0.06271399 0.00449740 -0.05354022
v -0.06945985 0.01697264 -0.05203725
v -0.06678838 0.02182240 -0.05129836
v -0.06524909 0.02763675 -0.05120881
v -0.06489489 0.03820196 -0.04891610
v -0.07159873 0.02340764 -0.05085577
v -0.07480036 0.02694800 -0.04964505
v -0.06810531 0.03626841 -0.04920929
v -0.06850349 0.04087398 -0.04687829
v -0.07316795 0.04051031 -0.04578231
v -0.08326913 0.02112036 -0.04930295
v -0.08771414 0.01533388 -0.04873450
v -0.08803058 0.02457047 -0.04750378
v -0.09331080 0.02592812 -0.04639772
v -0.07080564 0.04328719 -0.04365671
v -0.07168666 0.04726655 -0.04068160
v -0.07736602 0.04237715 -0.04348448
v -0.07598872 0.04607821 -0.04050932
v -0.09447861 0.04171328 -0.04047949
v -0.09545371 0.04397183 -0.03674042
v -0.09943355 0.04422779 -0.03271519
v -0.10567918 0.04582378 -0.01854369
v -0.10242631 0.05304492 -0.01748732
v -0.10557364 0.05176946 -0.01311632
v -0.10600231 0.04640426 -0.01504282
v -0.10935879 0.03824391 -0.02214866
v -0.10150460 0.03545821 -0.03944530
v -0.10409046 0.03629171 -0.03731991
v -0.11198869 0.02852148 -0.02834672
v -0.11381231 0.03092327 -0.01614051
v -0.11432478 0.02678871 -0.02353095
v -0.11911894 0.01459235 -0.02143948
v -0.10998457 0.01098574 -0.03609034
v -0.11450468 0.00736877 -0.03210476
v -0.11531848 0.00703495 -0.02879228
v -0.11834605 0.01382882 -0.01675863
v -0.10691745 0.05530568 -0.01040386
v -0.10793558 0.04519717 -0.01307717
v -0.11232730 0.03433648 -0.01419456
v -0.11353806 0.04319909 -0.00972582
v -0.11365697 0.02943536 -0.01259381
v -0.11455433 0.01845149 -0.00784749
v -0.11349320 0.02871660 -0.00932270
v -0.11729240 0.03185139 -0.00559624
v -0.11832690 0.03848185 -0.00547034
v -0.11463959 0.05536625 -0.00384825
v -0.11178888 0.05753079 -0.00519869
v -0.11081266 0.01915726 -0.00353125
v -0.12205333 0.00517635 0.01090773
v -0.05740995 0.00252248 -0.05421079
v -0.04942995 0.00367376 -0.05258393
v -0.04854710 -0.01656436 -0.05237737
v -0.04637096 -0.01426224 -0.05202153
v -0.04655633 -0.00871254 -0.05243126
v -0.04346746 -0.01244444 -0.05031084
v -0.04404997 -0.01574074 -0.05116563
v -0.04439096 -0.01846350 -0.05033886
v -0.04238977 -0.01791641 -0.04820397
v -0.08482357 -0.00016413 -0.04873665
v -0.09401809 0.01297410 -0.04802758
v -0.07617314 -0.00639303 -0.05166198
v -0.08148825 -0.01476429 -0.04823811
v -0.08605432 -0.03748593 -0.04015733
v -0.08659271 -0.00717983 -0.04773812
v -0.09637094 -0.00252524 -0.04424069
v -0.08929376 -0.01391014 -0.04508067
v -0.10980698 0.00072485 -0.03494929
v -0.10999012 0.00571084 -0.03534646
v -0.11439506 0.00208246 -0.03027814
v -0.11232116 -0.00524057 -0.03100703
v -0.11332453 0.00107794 -0.03188595
v -0.10204551 -0.00720287 -0.03966587
v -0.09980766 -0.00603487 -0.04163006
v -0.10160807 -0.00966937 -0.03995768
v -0.10456189 0.00015092 -0.03917233
v -0.10319659 -0.01487214 -0.03772256
v -0.10780345 -0.01804628 -0.03294833
v -0.10247443 -0.02502425 -0.03298697
v -0.09845713 -0.01405412 -0.04077178
v -0.09823243 -0.00812909 -0.04231941
v -0.11050541 -0.01878040 -0.02819342
v -0.11371311 -0.00896677 -0.02760530
v -0.10699609 -0.00123968 -0.03756371
v -0.10022294 0.02595044 -0.04290330
v -0.10460669 0.03051797 -0.03902869
v -0.10544732 0.02720528 -0.03961361
v -0.11310294 0.02561504 -0.03230328
v -0.10254217 0.02560618 -0.04124735
v -0.10536711 0.02197931 -0.04055722
v -0.10432782 0.01580312 -0.04144784
v -0.09778473 0.01919970 -0.04536665
v -0.10140505 -0.01133568 0.00869133
v -0.12449226 -0.04344983 0.02285465
v -0.11908775 -0.04981225 0.02282417
v -0.11896666 -0.05988047 0.02059904
v -0.11248023 -0.05836621 0.02276491
v -0.10856128 -0.05686823 0.02527904
v -0.11085723 -0.07667455 0.02519519
v -0.13103116 -0.05466784 0.02573529
v -0.12797113 -0.06323638 0.02249413
v -0.12253962 -0.07525210 0.02151510
v -0.11478280 -0.07497621 0.02196750
v -0.11838862 -0.07337046 0.01908260
v -0.11330345 -0.07862840 0.03233217
v -0.10982090 -0.07805090 0.02853430
v -0.10332778 -0.07359305 0.02126395
v -0.11865579 -0.06854300 0.01859152
v 0.07693015 -0.00441710 0.03082241
v 0.08160834 -0.00303153 0.02215712
v 0.07388755 -0.00091933 0.03991969
v 0.07554137 -0.00781388 0.03484144
v 0.07846969 -0.01133524 0.01329669
v 0.07268861 -0.01510111 0.03732917
v 0.07260454 -0.01571376 0.02297330
v 0.06561854 -0.01988909 0.01820940
v 0.07415488 -0.01438153 0.01249780
v 0.07882044 -0.01280097 0.00937793
v 0.07194374 -0.01682482 0.00520780
v 0.06578123 -0.01968973 0.00618551
v 0.06805851 -0.01810581 0.01075512
v 0.05810460 -0.02295849 0.01351357
v 0.06790457 -0.01948633 0.00146810
v 0.07520833 -0.01678318 -0.00201532
v 0.07251737 -0.01747161 -0.00627404
v 0.08062447 -0.01527633 -0.00209102
v 0.08448177 -0.01160958 0.00603151
v 0.08111691 -0.01570090 -0.00616888
v 0.07539472 -0.00921470 -0.02014520
v 0.06248010 -0.02156079 0.00031121
v 0.05830634 -0.02389212 0.00321349
v 0.05787142 -0.02304178 0.01757480
v 0.05475846 -0.02462124 0.01420938
v 0.05453161 -0.02396516 0.01787992
v 0.05713625 -0.02367978 -0.01038948
v 0.03912866 -0.02790703 -0.00937894
v 0.04810786 -0.02694413 0.00248871
v 0.03693968 -0.02959145 -0.00332859
v 0.04354506 -0.02626272 0.01671577
v 0.02572220 -0.02184249 0.03124790
v 0.02821828 -0.02393252 0.02934493
v 0.00655435 -0.02850538 0.02564691
v 0.01623423 -0.02938241 0.01936197
v 0.02892557 -0.02626085 0.02284229
v 0.03083129 -0.02905717 0.01233085
v 0.00886220 -0.02982557 0.02057304
v 0.00430839 -0.02974092 0.02273997
v -0.00238546 -0.02897806 0.02751519
v -0.00779565 -0.03181306 0.02013897
v -0.01747364 -0.02772686 0.03423948
v -0.00977523 -0.02831923 0.03148487
v 0.10725384 -0.00651358 0.00958813
v 0.12614942 -0.00918432 0.01400203
v 0.12443332 -0.00692242 0.01695089
v 0.12078742 -0.00701691 0.01602138
v 0.11915321 -0.01034359 0.01132855
v 0.11412294 -0.00921854 0.00963473
v 0.11175639 -0.00552081 0.01242781
v 0.09709335 -0.00980627 0.00243450
v 0.11053222 -0.01392499 -0.00002608
v 0.11948152 -0.01571543 0.00267314
v 0.12137458 -0.01442312 0.00617596
v 0.12279095 -0.01149007 0.01085910
v 0.11440936 -0.01452887 0.00184415
v 0.11002021 -0.01464274 -0.00744728
v 0.10546626 -0.01346808 -0.00726444
v 0.02673786 -0.02887643 -0.01742873
v 0.03182957 -0.04207184 -0.03158402
v 0.07586660 -0.00603921 -0.02317672
v 0.10142353 -0.01311782 -0.01011875
v 0.08956935 -0.01155700 -0.01004063
v 0.08551026 -0.01324403 -0.00737324
v 0.08845967 -0.00722214 0.01107510
v 0.09201901 -0.00586195 0.01085593
v 0.09637356 -0.00548370 0.01081299
v 0.09438200 0.00178468 0.01864013
v 0.09900499 -0.00033207 0.01593994
v 0.09637178 -0.00720168 0.00753515
v 0.09282231 -0.00907774 0.00458851
v 0.09618593 -0.01217146 -0.00941811
v 0.09622586 -0.01175245 -0.00275520
v 0.10069847 -0.01144112 -0.00097970
v 0.06850270 -0.01012898 -0.02246417
v 0.05240359 -0.02722462 -0.01392475
v 0.03939968 -0.03426206 -0.02062336
v 0.02497731 -0.03103266 -0.00922108
v 0.03177075 -0.02943760 -0.01454952
v 0.03222783 -0.03033856 -0.01728751
v 0.02744299 -0.02926531 -0.01531160
v 0.00717634 -0.03375551 -0.00435174
v 0.00475404 -0.03295936 -0.00970456
v 0.00081967 -0.03422316 -0.00374228
v 0.01249377 -0.03350173 -0.00020756
v 0.01927763 -0.03217189 -0.00548868
v 0.03337286 -0.03062245 0.00010833
v 0.02731350 -0.03191856 -0.00029892
v 0.02299906 -0.03211810 -0.00167311
v 0.00300741 -0.03357644 0.00733198
v -0.00290695 -0.03394041 -0.00889086
v -0.00624266 -0.03456562 -0.00142259
v -0.03851609 -0.03384954 -0.00511997
v -0.04485422 -0.03353696 0.00336284
v -0.05011871 -0.03273924 0.00696628
v -0.05022957 -0.03189306 0.01275655
v -0.04372775 -0.03378174 0.00788752
v -0.03823971 -0.03417751 0.00793516
v -0.03716716 -0.03411691 0.00112657
v -0.01895326 -0.03400397 -0.00639866
v -0.00847852 -0.03529153 0.00185207
v -0.00903307 -0.03468445 0.00436435
v -0.00317799 -0.03358806 0.01328145
v -0.01039638 -0.03384557 0.01378067
v -0.01904457 -0.03207122 0.02323292
v -0.01675551 -0.03512707 0.00050210
v -0.01872152 -0.03412296 0.01305354
v -0.02076927 -0.03493540 0.00779242
v -0.02624175 -0.03509502 0.00941974
v -0.02529108 -0.03448754 0.01175115
v -0.02600011 -0.02847892 0.03329489
v -0.04475250 -0.03241805 0.01540006
v -0.03536443 -0.02631191 0.03541513
v 0.04694066 -0.05195706 -0.03286888
v 0.04794393 -0.05477369 -0.03557746
v 0.06187515 -0.02341986 -0.01657799
v 0.06258747 -0.03878493 -0.02236954
v 0.05728040 -0.02666507 -0.01607893
v 0.04989208 -0.03461732 -0.01977567
v 0.04664899 -0.03782563 -0.02204370
v 0.03664032 -0.03857692 -0.02489592
v 0.04044440 -0.03852278 -0.02358420
v 0.05854126 -0.05183857 -0.02746727
v 0.06224201 -0.05552125 -0.02857785
v 0.07384694 -0.06133120 -0.03088471
v 0.08179004 -0.06556571 -0.03021513
v 0.07631083 -0.06654295 -0.03080136
v 0.07897681 -0.07408089 -0.03258549
v 0.06489506 -0.05938889 -0.03060964
v 0.07038184 -0.06495617 -0.03249468
v 0.06747661 -0.06912727 -0.03722404
v 0.07873313 -0.07542307 -0.03540308
v 0.08164571 -0.07618860 -0.03233040
v 0.08124568 -0.07439299 -0.02933655
v 0.08240179 -0.07270476 -0.02693621
v 0.08468226 -0.07497358 -0.02625982
v 0.08441135 -0.06850918 -0.02789699
v 0.08376608 -0.07756403 -0.03281414
v 0.08348139 -0.07391749 -0.03990703
v 0.08452546 -0.07716279 -0.03031125
v 0.08703908 -0.07618801 -0.02777328
v 0.08802173 -0.07331473 -0.03814295
v 0.08456130 -0.07260194 -0.04330706
v 0.08904986 -0.07010546 -0.04462239
v 0.07360429 -0.07464839 -0.04430281
v 0.07898007 -0.07406734 -0.04642134
v 0.08311366 -0.07409186 -0.05140773
v 0.08512448 -0.07403740 -0.04973144
v 0.07175247 -0.07324905 -0.04794098
v 0.06188718 -0.06427720 -0.03682262
v 0.05939046 -0.05801845 -0.03110462
v 0.06263037 -0.06272260 -0.03384604
v 0.05264232 -0.05517618 -0.03224958
v -0.04808945 -0.02383712 0.03568113
v -0.02824338 -0.03112131 0.02641735
v -0.02309040 -0.03279441 0.02004129
v 0.01496890 -0.03233387 0.00985837
v 0.02262528 -0.03097077 0.01076468
v 0.02167803 -0.03243323 0.00534830
v 0.02822677 -0.03097334 0.00661198
v 0.02669204 -0.03215196 0.00288591
v 0.03483558 -0.03021892 0.00332156
v 0.04649683 -0.04522718 -0.02663290
v 0.04823456 -0.04979680 -0.02942470
v -0.03693979 -0.01478826 -0.03530560
v -0.03708540 -0.01726269 -0.03268940
v -0.04009404 -0.01932399 -0.04115251
v -0.03977542 -0.02434099 -0.02328095
v -0.04002939 -0.02287254 -0.03804503
v -0.03953130 -0.03726997 -0.03377548
v -0.04047490 -0.02340570 -0.02492034
v -0.04151671 -0.02353315 -0.02575016
v -0.04349510 -0.02888367 -0.02506002
v -0.04438463 -0.02819861 -0.01917270
v -0.04638154 -0.02929914 -0.01897341
v -0.04236053 -0.03669474 -0.03089375
v -0.04867190 -0.02972250 -0.01762120
v -0.04993466 -0.02991461 -0.01522870
v -0.05284636 -0.02997930 -0.01241194
v -0.05150609 -0.03201023 -0.00464515
v -0.05449377 -0.03054139 -0.00758276
v -0.06341283 -0.03088923 -0.01271109
v -0.05401978 -0.02994571 -0.01452876
v -0.06876957 -0.02751056 -0.00724354
v -0.06798361 -0.02977818 -0.01068234
v -0.06679410 -0.02767474 0.00202801
v -0.02471964 -0.07808523 -0.05130104
v -0.02208767 -0.07720905 -0.05528725
v -0.04599154 -0.04383185 -0.02979933
v -0.05003456 -0.03373171 -0.02155045
v -0.05415823 -0.04106155 -0.02279297
v -0.07055491 -0.03552767 -0.01569309
v -0.06945007 -0.04115811 -0.01880508
v -0.06032539 -0.03766936 -0.01878293
v -0.07653274 -0.03979357 -0.01847036
v -0.07684252 -0.04523337 -0.02105093
v -0.06054210 -0.04681442 -0.02199678
v -0.05581525 -0.04650602 -0.02334287
v -0.04054513 -0.04180015 -0.03515546
v -0.04196157 -0.04547394 -0.03394036
v -0.08562410 -0.03019027 -0.01214154
v -0.07741866 -0.02627067 -0.00746948
v -0.07868417 -0.02168672 0.00501700
v -0.08377033 -0.02439321 -0.00631261
v -0.08887869 -0.02487719 -0.00811929
v -0.09643887 -0.02839185 -0.01481211
v -0.09394267 -0.01642486 0.00081904
v -0.09878316 -0.01462478 -0.00193745
v -0.10195257 -0.01316733 -0.00351982
v -0.09887731 -0.01832028 -0.00639912
v -0.10411076 -0.02098741 -0.01254641
v -0.10607098 -0.00873290 -0.00444663
v -0.10031977 -0.02953843 -0.01926709
v -0.08427933 -0.04337588 -0.02243731
v -0.10168225 -0.02524008 -0.01515183
v -0.10796301 -0.01947847 -0.01546575
v -0.11280362 -0.01103830 -0.01375726
v -0.11056487 -0.00341842 -0.00567181
v -0.09162396 -0.04060969 -0.02487794
v -0.07780685 -0.06443351 -0.03315142
v -0.07587241 -0.06635356 -0.03252005
v -0.07377200 -0.06866506 -0.03233520
v -0.07679752 -0.05920665 -0.02714068
v -0.07760404 -0.05322727 -0.02427586
v -0.06855913 -0.05395988 -0.02324462
v -0.07117700 -0.06258693 -0.02589886
v -0.06602826 -0.05752378 -0.02369552
v -0.05425834 -0.05073606 -0.02507745
v -0.03788739 -0.04820672 -0.03639843
v -0.05214989 -0.05647049 -0.02594178
v -0.06688174 -0.06499820 -0.02528263
v -0.06551737 -0.06947724 -0.02731423
v -0.06819087 -0.07242291 -0.03070537
v -0.06030689 -0.06258812 -0.02464491
v -0.03753188 -0.05074396 -0.03482779
v -0.03425207 -0.05245251 -0.03541979
v -0.03603240 -0.05282093 -0.03455731
v -0.03364157 -0.05286924 -0.03650265
v -0.04314926 -0.06469665 -0.02427347
v -0.03489793 -0.05406058 -0.04188306
v -0.02642542 -0.05908339 -0.05721362
v -0.02101987 -0.06213965 -0.05753619
v -0.03712915 -0.05332119 -0.04373488
v -0.03295742 -0.05620294 -0.04074869
v -0.03354074 -0.05991380 -0.04464998
v -0.02287658 -0.06160271 -0.04983153
v -0.02219950 -0.06098678 -0.05415321
v -0.02037265 -0.07308442 -0.05814628
v -0.02088142 -0.07495987 -0.05730189
v -0.02192807 -0.07536214 -0.04744745
v -0.01852776 -0.06919530 -0.05757023
v -0.01730189 -0.06579413 -0.05617231
v -0.01866251 -0.06513046 -0.05078853
v -0.02168527 -0.07250698 -0.04344342
v -0.02314763 -0.07804674 -0.04469142
v -0.03320738 -0.05943855 -0.04297527
v -0.03170446 -0.05578007 -0.03591315
v -0.02966646 -0.06040017 -0.03804411
v -0.02665738 -0.06327703 -0.03559853
v -0.02195544 -0.07396399 -0.03191097
v -0.02476968 -0.06821273 -0.03139612
v -0.02241181 -0.07136537 -0.03077483
v -0.03070771 -0.07812060 -0.02801230
v -0.03224101 -0.07322776 -0.02465043
v -0.03439628 -0.08088854 -0.04483267
v -0.05894542 -0.08008262 -0.03098232
v -0.05605853 -0.08119810 -0.03358838
v -0.05137558 -0.07985377 -0.02929564
v -0.05466789 -0.08159916 -0.03638353
v -0.03589719 -0.08030143 -0.04937232
v -0.04386266 -0.07930442 -0.05156960
v -0.04459167 -0.08079138 -0.04553925
v -0.03189149 -0.06721152 -0.02805190
v -0.06177082 -0.06892938 -0.02516316
v -0.05373377 -0.07648209 -0.02498339
v -0.03878271 -0.07463461 -0.02278242
v -0.03489547 -0.07528579 -0.02464509
v -0.04432954 -0.07285193 -0.02187916
v -0.04388236 -0.07591195 -0.02213713
v -0.03928664 -0.07725881 -0.02584250
v -0.04951508 -0.07860418 -0.02537321
v -0.04079239 -0.07999528 -0.02870714
v -0.04042992 -0.08096660 -0.04118663
v 0.00861958 0.01936881 -0.04146970
v 0.00300408 0.02057062 -0.04381209
v 0.01001518 0.01207525 -0.04011806
v -0.00595046 0.02174160 -0.04643911
v 0.03656067 -0.02280385 -0.04235983
v 0.03005534 -0.02757736 -0.04022447
v 0.02796718 -0.03858072 -0.03516230
v 0.03360332 -0.04319637 -0.03754553
v 0.02447954 -0.03347842 -0.02763995
v 0.02102924 -0.02337614 -0.03518937
v 0.01481606 -0.01436393 -0.03022126
v 0.01227148 -0.01381394 -0.03069699
v 0.00429579 -0.01273233 -0.03398927
v 0.01598093 -0.02077470 -0.02636683
v 0.01832646 -0.02310649 -0.02948477
v 0.02196768 -0.03088190 -0.03401308
v 0.00199305 -0.02257669 -0.02623788
v -0.00954235 -0.02741212 -0.02192808
v -0.00970993 -0.01987670 -0.03112284
v -0.00880832 -0.02979209 -0.01793081
v -0.01420396 -0.01553834 -0.03545567
v -0.01665669 -0.02027325 -0.03126370
v -0.02008148 -0.02717084 -0.02282817
v -0.00217988 -0.02692415 -0.02128110
v -0.01578981 -0.03067825 -0.01582704
v -0.01029420 -0.03318521 -0.01076731
v -0.01150346 -0.00578262 -0.04118176
v -0.00392178 0.00551962 -0.04365956
v -0.00064538 0.00974455 -0.04350817
v -0.02045742 -0.00608763 -0.04199826
v -0.03137514 -0.00275200 -0.04233005
v -0.02445316 -0.01002500 -0.03947200
v -0.03220519 -0.00991343 -0.03840137
v -0.02855271 0.00254306 -0.04467072
v -0.02256458 0.00722292 -0.04652758
v -0.02515318 0.01053916 -0.04685349
v -0.04059358 0.01040485 -0.04552504
v -0.03649676 -0.00315153 -0.04220871
v -0.03785834 -0.00973422 -0.04177444
v -0.03903192 -0.00683264 -0.04462933
v -0.02620048 -0.02164489 -0.02882026
v -0.03686422 -0.01920780 -0.03008469
v -0.03509954 -0.01240857 -0.03617255
v -0.03272105 -0.03004283 -0.01642890
v -0.04498646 -0.03254820 -0.00908329
v -0.02561955 -0.03180544 -0.01318897
v -0.02441288 -0.03031600 -0.01679158
v -0.01852029 0.02633786 -0.04751534
v -0.00868385 0.00861129 -0.04554626
v -0.02028334 0.01394640 -0.04766980
v -0.04177737 0.00625639 -0.04726392
v -0.04075733 -0.00084510 -0.04678877
v -0.04219342 0.01264057 -0.04683797
v -0.04308282 0.01708769 -0.04703857
v -0.03340250 0.01553214 -0.04598358
v -0.01392445 0.00937060 -0.04685688
v 0.05167353 -0.02866673 -0.04339677
v 0.04134489 -0.03971084 -0.04144705
v 0.04640112 -0.03209037 -0.04330817
v 0.04685150 -0.04248369 -0.04420756
v 0.04817602 -0.05202049 -0.04162625
v 0.06157473 -0.05057386 -0.04523497
v 0.05179111 -0.05691104 -0.03829631
v 0.03808636 -0.04733041 -0.03575542
v 0.07941163 -0.07023283 -0.05442622
v 0.08220887 -0.06270161 -0.05656479
v 0.07869925 -0.06537244 -0.05581186
v 0.07431198 -0.06232510 -0.05377024
v 0.07162199 -0.05953100 -0.05080980
v 0.06899745 -0.06071156 -0.04979305
v 0.06271403 -0.05859775 -0.04538549
v 0.06255862 -0.06563401 -0.04174535
v 0.07485474 -0.07251645 -0.05190639
v 0.06559299 -0.06737603 -0.04395073
v 0.06796901 -0.07132633 -0.04292666
v 0.06039813 -0.06429765 -0.03938797
v 0.01058949 -0.00279201 -0.03661536
v -0.11449034 0.00784497 0.04743825
v -0.12050548 0.01146593 0.04166214
v -0.12451057 -0.00049502 0.03808299
v -0.12400305 -0.00379062 0.03895606
v -0.11755633 0.00161687 0.04520909
v -0.12296136 -0.01186892 0.03851293
v -0.12388569 -0.01770102 0.03839815
v -0.11892612 -0.02548899 0.04670836
v -0.12580919 -0.02319224 0.03680228
v -0.12567455 -0.02130833 0.03334870
v -0.12623401 -0.02829712 0.03775021
v -0.12665796 -0.02546656 0.02932411
v -0.12453986 -0.01501232 0.03248610
v -0.12347934 -0.02054214 0.02327488
v -0.12472210 -0.01481559 0.02331257
v -0.12330081 -0.05555604 0.04762089
v -0.12046297 -0.05419340 0.04960583
v -0.13378210 -0.04578846 0.03743917
v -0.13570338 -0.04530790 0.03332059
v -0.13593085 -0.04881902 0.03194845
v -0.12832305 -0.03816550 0.04310782
v -0.13247593 -0.03771910 0.03497454
v -0.13004597 -0.03670622 0.03973032
v -0.12594230 -0.04143021 0.04566122
v -0.12680924 -0.03367621 0.04324015
v -0.12163441 -0.03389306 0.04812744
v -0.11713812 0.05140672 -0.00077319
v -0.12026101 0.03721690 -0.00226346
v -0.12032042 0.03968977 -0.00235877
v -0.11948871 0.03186915 0.00057231
v -0.11660039 0.03342304 0.00914779
v -0.11937045 0.04078405 0.00209700
v -0.11892025 0.04547589 0.00072089
v -0.12018132 0.02878244 0.01493574
v -0.12268717 0.02296608 0.01688900
v -0.12417778 0.01442535 0.01552806
v -0.12397085 0.00739900 0.01463866
v -0.12466888 0.00114223 0.01641847
v -0.12789553 0.00139912 0.02353583
v -0.12750909 -0.00455698 0.02416269
v -0.11553476 0.03804136 0.00755739
v -0.11780202 0.04496318 0.00431180
v -0.11373594 0.04307171 0.00883446
v -0.11455266 0.03773343 0.01052086
v -0.11224131 0.04393432 0.01143042
v -0.11055148 0.04867142 0.01125733
v -0.11078943 0.05114340 0.00889147
v -0.11565509 0.03652351 0.01174264
v -0.11668281 0.03687567 0.01536437
v -0.11414646 0.04104223 0.01415918
v -0.11265537 0.04788663 0.02217676
v -0.11484838 0.04295579 0.02365473
v -0.11806820 0.03677959 0.02332500
v -0.12303179 0.02406511 0.02158735
v -0.12511975 0.01712767 0.01930383
v -0.12728338 0.01399986 0.02736263
v -0.12089242 0.03075327 0.02641777
v -0.11963116 0.03387805 0.03291806
v -0.11545265 0.03832992 0.03490299
v -0.11904502 0.03300999 0.03488273
v -0.11919483 0.03468987 0.02829422
v -0.12592269 0.01726874 0.02559007
v -0.12755896 0.01202213 0.02968219
v -0.12521377 0.01405917 0.03388213
v -0.12476503 0.02137904 0.02828812
v -0.12259734 0.01786401 0.03650308
v -0.12535076 0.01981328 0.03142501
v -0.12485731 0.02349075 0.03117908
v -0.12229864 0.02818278 0.03315313
v -0.11970491 0.02711101 0.03722822
v -0.11657819 0.03395298 0.03742097
v -0.11977158 0.01375910 0.04082804
v -0.12415300 0.00942697 0.03727038
v -0.12639141 0.00916475 0.03327947
v -0.12520754 -0.01097421 0.02256658
v -0.12809902 -0.00572153 0.02852405
v -0.11812422 -0.00621173 0.04523569
v -0.13212937 -0.03835264 0.02819217
v -0.13058488 -0.06106985 0.02591476
v -0.12954177 -0.06773815 0.02456859
v -0.12948267 -0.06934323 0.03345435
v -0.12769371 -0.07196812 0.03597680
v -0.12366894 -0.07722276 0.02790232
v -0.12369082 -0.06607871 0.04281410
v -0.12539071 -0.07008512 0.03924184
v -0.12179194 -0.07343157 0.04223532
v -0.12088598 -0.07723179 0.03824022
v 0.14183897 0.02453305 -0.03346924
v 0.12196889 -0.01723527 -0.00236713
v 0.12361503 -0.01803305 -0.01489244
v 0.11526468 -0.01869973 -0.01392528
v 0.11878949 -0.01915117 -0.01446299
v 0.13053292 -0.00851133 -0.02355372
v 0.13582689 -0.01448279 -0.01553367
v 0.13615970 -0.01430862 -0.01223172
v 0.13854602 -0.01122239 -0.02246919
v 0.14352490 -0.01152611 -0.02419724
v 0.13792647 -0.00709004 -0.02444178
v 0.15749939 -0.00804042 -0.02675277
v 0.15527825 0.00204876 -0.02665013
v 0.14233266 0.00135988 -0.02691244
v 0.14491023 0.00463315 -0.02758718
v 0.13992362 0.00261983 -0.02703708
v 0.13201346 0.00340729 -0.03165229
v 0.12906776 -0.00351979 -0.03076275
v 0.12577249 0.00216342 -0.04011279
v 0.13741823 0.00443953 -0.02844049
v 0.14102326 0.00835279 -0.02798410
v 0.13019283 0.00774018 -0.03781272
v 0.12738959 0.00830117 -0.04140957
v 0.12550236 -0.00259565 -0.03818014
v 0.12323811 -0.01454111 -0.02567745
v 0.13780470 0.01712575 -0.03633210
v 0.13147680 0.01925022 -0.04058982
v 0.13785490 0.01320491 -0.03298000
v 0.14119363 0.01572564 -0.03095425
v 0.12826970 0.01264041 -0.04252347
v 0.12076508 -0.01842392 -0.01686458
v 0.11808527 -0.01826896 -0.01910620
v 0.11291647 -0.01622132 -0.01807496
v 0.15601915 -0.01439189 -0.01988719
v 0.15430537 -0.01512762 -0.02150613
v 0.15981004 -0.00687322 -0.02497442
v 0.16100396 -0.00926591 -0.01967795
v 0.16056859 -0.00807938 -0.02318687
v 0.16075943 -0.01119086 -0.01577389
v 0.16125271 -0.00193932 -0.02167921
v 0.16054289 0.00331491 -0.01660399
v 0.14055631 0.01225353 -0.03047935
v 0.14280844 0.01284276 -0.02805223
v 0.14579830 0.01084091 -0.02640959
v 0.14583156 0.02195499 -0.02768049
v 0.14881483 0.02358319 -0.02200134
v 0.15324278 0.01483538 -0.02149819
v 0.15432084 0.02112631 -0.01805820
v 0.15280858 0.00710586 -0.02560311
v 0.12238099 -0.00334736 -0.03968769
v 0.16232610 -0.00314315 -0.01729333
v 0.06300654 -0.02385572 0.02309945
v 0.05478629 -0.02433512 0.02034613
v 0.06328348 -0.02929282 0.02762403
v 0.06009892 -0.02985949 0.02589091
v 0.05975938 -0.03600987 0.02806224
v 0.02620379 -0.02579973 0.03798334
v 0.03081022 -0.03407143 0.03983485
v 0.03277589 -0.03753563 0.03815920
v 0.02883709 -0.03023737 0.03636811
v 0.02785408 -0.02619912 0.03303231
v 0.03154070 -0.02594263 0.02469974
v 0.03588632 -0.02641344 0.02551779
v 0.05600545 -0.03183845 0.02625289
v 0.03877600 -0.02838076 0.02693021
v 0.03661545 -0.03421705 0.03158872
v 0.04309204 -0.03676806 0.03077254
v 0.04547456 -0.04365054 0.03332163
v 0.04994355 -0.03844949 0.03017353
v 0.05954017 -0.04285354 0.03022005
v 0.04265197 -0.04909732 0.03675124
v 0.03981927 -0.04595248 0.03719651
v 0.03881352 -0.04862048 0.04125218
v 0.04163884 -0.05302125 0.04187246
v 0.04588540 -0.06138616 0.04361843
v 0.04506864 -0.05656392 0.03894764
v 0.05405639 -0.05186198 0.03340600
v 0.05761887 -0.05603267 0.03345619
v 0.05284322 -0.07017000 0.03870877
v 0.05661910 -0.06400609 0.03412570
v 0.05916756 -0.06042740 0.03332112
v 0.06770712 -0.05001976 0.03239841
v 0.05395459 -0.07186888 0.04774657
v 0.05197149 -0.06597546 0.03755503
v 0.05481610 -0.06772427 0.03579073
v 0.05839632 -0.07063080 0.03350788
v 0.06661579 -0.07029898 0.02939671
v 0.06528784 -0.07585526 0.03080714
v 0.05843075 -0.07573786 0.03458234
v 0.06460381 -0.07343439 0.02999485
v 0.07017048 -0.05676252 0.03264615
v 0.07068575 -0.06226785 0.03168532
v 0.07763542 -0.07802162 0.04664884
v 0.07834203 -0.07804031 0.03529019
v 0.07658847 -0.07816850 0.04016511
v 0.05294963 -0.06774658 0.05053057
v 0.05594187 -0.07457969 0.03815258
v 0.06273580 -0.07691313 0.03283017
v 0.06264091 -0.07809619 0.04355894
v 0.06468765 -0.07836521 0.05301777
v 0.05563226 -0.07139312 0.05156826
v 0.06251047 -0.01717786 -0.03541385
v 0.06259354 -0.01270337 -0.03343868
v 0.06510768 -0.01617357 -0.03132535
v 0.06350760 -0.02390137 -0.03898552
v 0.06732978 -0.00720276 -0.02597204
v 0.06960978 -0.02319246 -0.03071117
v 0.06909782 -0.01959125 -0.02620050
v 0.06697218 -0.01662565 -0.02600789
v 0.06644520 -0.01155068 -0.02343672
v 0.06818712 -0.02856501 -0.03882591
v 0.07110837 -0.03042091 -0.03735628
v 0.07160440 -0.03469118 -0.04158646
v 0.07296389 -0.02965854 -0.03282747
v 0.07267529 -0.02879460 -0.02713262
v 0.06678437 -0.02566866 -0.02126710
v 0.07758927 -0.04589556 -0.03238537
v 0.07610530 -0.04149925 -0.02952503
v 0.07464571 -0.04370202 -0.02803295
v 0.07807099 -0.05457456 -0.03213768
v 0.07803850 -0.05949390 -0.03163131
v 0.08022776 -0.06258688 -0.03155439
v 0.08123470 -0.05986876 -0.03419333
v 0.08491576 -0.07375377 -0.02434961
v 0.08744257 -0.07165571 -0.02307823
v 0.09145098 -0.06603695 -0.02800200
v 0.09018291 -0.07189720 -0.02374385
v 0.08655307 -0.07332869 -0.02267226
v 0.08844236 -0.07476170 -0.02377278
v 0.08937029 -0.07510154 -0.02661520
v 0.09286382 -0.06932945 -0.03027268
v 0.08565858 -0.06558791 -0.03002671
v 0.09037833 -0.07207803 -0.03607100
v 0.09074447 -0.07026117 -0.03498390
v 0.08880065 -0.06924491 -0.03886653
v 0.08640377 -0.06635614 -0.04003691
v 0.08761785 -0.06357380 -0.04392411
v 0.09120131 -0.06524301 -0.04570734
v 0.09036766 -0.07133346 -0.04773078
v 0.09297312 -0.06717862 -0.04947869
v 0.09296018 -0.06374625 -0.04711089
v 0.09410783 -0.05647925 -0.05323376
v 0.09557953 -0.05628061 -0.05006837
v 0.09096194 -0.06082617 -0.05527861
v 0.07776731 -0.04328433 -0.04347868
v 0.08111130 -0.05430524 -0.04098945
v 0.08123247 -0.04861717 -0.04532634
v 0.08277244 -0.04933894 -0.04410800
v 0.08539999 -0.04929645 -0.04574843
v 0.09106201 -0.05324088 -0.04516260
v 0.08338098 -0.05415261 -0.04306647
v 0.08261139 -0.05066563 -0.04371317
v 0.08246365 -0.06290683 -0.04016778
v -0.06744257 -0.05390889 -0.05209607
v -0.04886562 -0.05850619 -0.05962404
v -0.04428714 -0.06650628 -0.06116752
v -0.04795467 -0.06684631 -0.05702689
v -0.04240106 -0.06876582 -0.06189208
v -0.04007145 -0.06638833 -0.06290775
v -0.03695946 -0.06464674 -0.06417342
v -0.04063283 -0.07170316 -0.06131369
v -0.03282139 -0.07212247 -0.06260044
v -0.02843897 -0.07188074 -0.06234936
v -0.02538380 -0.07672802 -0.05799609
v -0.02214950 -0.07539760 -0.05818094
v -0.02276048 -0.07247110 -0.06004986
v -0.02526841 -0.07202923 -0.06138820
v -0.02496188 -0.06851581 -0.06235259
v -0.08232778 -0.05710489 -0.03454722
v -0.08465797 -0.05296106 -0.02943070
v -0.08528044 -0.05318210 -0.03137831
v -0.08995081 -0.04712398 -0.02969086
v -0.08890424 -0.04806868 -0.03046844
v -0.08801956 -0.04768329 -0.02818964
v -0.07832524 -0.05784359 -0.03936114
v -0.07972781 -0.05222598 -0.04155504
v -0.07422358 -0.06375872 -0.03904332
v -0.07029438 -0.06774394 -0.03961179
v -0.06651111 -0.06676199 -0.04443134
v -0.06771577 -0.07159293 -0.04013938
v -0.02374211 -0.06356963 -0.06216586
v -0.03210543 -0.07786641 -0.05659501
v -0.04598718 -0.07089657 -0.05855796
v -0.04781907 -0.06530902 -0.05852897
v -0.06190337 -0.06312372 -0.05404553
v -0.06491930 -0.06397077 -0.04933445
v -0.06261248 -0.06510953 -0.05231148
v -0.05176900 -0.06732092 -0.05614863
v -0.05686484 -0.07200915 -0.04916447
v -0.06382050 -0.07089964 -0.04329276
v -0.06429313 -0.07415362 -0.04142619
v -0.06646138 -0.07624152 -0.03579092
v -0.06200467 -0.07905354 -0.03608576
v -0.05746167 -0.07877450 -0.03971902
v -0.05987678 -0.07232074 -0.04465500
v -0.05763289 -0.07260506 -0.04662745
v -0.05250850 -0.07548881 -0.05666539
v -0.04530961 -0.07476625 -0.05766626
v -0.03960264 -0.07918358 -0.05611526
v -0.04840894 -0.07939183 -0.04674948
v -0.04901578 -0.07821275 -0.05137610
v -0.05176447 -0.07745196 -0.05606653
v -0.05429759 -0.07393823 -0.05643225
v -0.04908231 -0.07233813 -0.05736130
v -0.05174541 -0.07636185 -0.05105487
v -0.05428508 -0.07407403 -0.04914193
v -0.05027885 -0.08125684 -0.04135647
v 0.14823295 0.03032828 -0.02387726
v 0.15029418 0.03649753 -0.01594727
v 0.14241843 0.04388437 -0.01752545
v 0.15002714 0.03035456 -0.01078329
v 0.15013875 0.02753828 -0.00906880
v 0.15105119 0.02434035 -0.00751076
v 0.14814009 0.04067915 -0.01299020
v 0.14174293 0.04639888 -0.01170215
v 0.14573215 0.03993714 -0.00653633
v 0.14374258 0.03981154 -0.00415212
v 0.14172693 0.04144622 -0.00128778
v 0.14212903 0.04697065 -0.00848178
v 0.14165585 0.04468261 -0.00493115
v 0.13090611 0.03018111 0.01882260
v 0.13558090 0.04890488 -0.00231864
v 0.15128763 0.01222864 -0.00361131
v 0.15689321 0.01211676 -0.01033411
v 0.15880854 0.00717417 -0.00886819
v 0.14813669 0.00757094 0.00002841
v 0.14960085 0.01399474 0.00014950
v 0.14494374 0.03096535 0.00371201
v 0.14319034 0.01649972 0.01507656
v 0.13943560 0.02469549 0.01448847
v 0.14462732 0.02086922 0.01303272
v 0.14583154 0.01824095 0.01109269
v 0.14715354 0.01277634 0.00941889
v 0.12830427 -0.00612814 0.01738224
v 0.12684079 -0.01200385 0.00894241
v 0.13837956 -0.01232103 -0.00973694
v 0.14624286 -0.01307264 -0.01066185
v 0.14200798 -0.01307888 -0.01060274
v 0.14248993 -0.00811896 -0.00600915
v 0.13638875 0.00005851 0.01787135
v 0.13942076 0.00131964 0.01479982
v 0.14131118 0.00752540 0.01663652
v 0.13373338 -0.00882231 0.00838005
v 0.13185343 -0.01333559 0.00038684
v 0.12816650 -0.01648152 -0.00675991
v 0.14921594 0.00399816 -0.00122581
v 0.14532155 0.00567800 0.00238161
v 0.15631819 -0.00766734 -0.00703737
v 0.15851031 0.01175130 -0.01351145
v 0.16219616 -0.00072139 -0.01483850
v 0.14445509 0.00549432 0.00558008
v 0.14099151 0.00094084 0.00926136
v 0.14292347 0.00284795 0.00445244
v 0.14767465 0.00889158 0.00531836
v 0.14660807 0.00834203 0.00821138
v 0.14308901 0.00475142 0.01106169
v 0.14526956 0.00889110 0.01178572
v 0.07090978 -0.01984552 0.02928212
v 0.07143362 -0.02868376 0.03468052
v 0.06980160 -0.03114400 0.03243378
v 0.06559764 -0.03905529 0.03054696
v 0.07017309 -0.03272314 0.03651289
v 0.06937817 -0.04497322 0.03443088
v 0.07144415 -0.04780966 0.03749478
v 0.07296716 -0.05207724 0.04656214
v 0.07113221 -0.04583169 0.04763230
v 0.07199169 -0.05767842 0.04671783
v 0.07262119 -0.05619929 0.03458214
v 0.07144023 -0.06053777 0.04513070
v 0.07326095 -0.05942227 0.04183377
v 0.07391771 -0.05806646 0.03854019
v 0.07352637 -0.05951740 0.03492894
v 0.07985986 -0.06313495 0.03529683
v 0.08393203 -0.07004672 0.04214014
v 0.08204231 -0.07507079 0.03330704
v 0.08296247 -0.07044724 0.03333573
v 0.08011732 -0.07672442 0.03171543
v 0.07898699 -0.07528992 0.02941648
v 0.06714712 0.00332605 0.04488770
v -0.10265928 -0.00654223 0.05357397
v 0.10756275 0.05209235 -0.01063473
v -0.11090251 0.04394419 0.03428047
v -0.02467979 0.03690785 -0.04542517
v -0.05120849 -0.04449573 -0.02535171
v -0.00865637 0.01783277 -0.04675024
v 0.08098103 -0.05551382 -0.03796032
v 0.07031743 0.00152114 0.04366618
v 0.07189564 0.06342963 0.00061736
v 0.04308204 -0.00006510 0.05157213
v 0.00821249 -0.00040306 0.04984656
v 0.11376046 0.05477986 0.00298272
v 0.07892749 -0.06395973 0.04638571
v 0.06485984 -0.05582316 0.06167620
v 0.05598830 -0.06840876 0.05851576
v -0.07208211 -0.00954047 0.05324149
v 0.07926451 0.05290441 -0.01388460
v -0.05606845 0.06528897 0.03008956
v -0.11582381 0.02870483 -0.00333619
v 0.07850892 -0.00602719 0.02293394
v 0.07693893 -0.01686197 -0.00534946
v 0.04679250 -0.02698611 -0.00289972
v -0.04563151 -0.03270194 -0.02483557
v -0.03954273 -0.06052008 -0.02844374
v -0.00441419 -0.01479754 -0.03442399
v -0.02657589 -0.00579583 -0.04158258
v 0.03582899 -0.04564264 -0.03367987
v -0.12611659 -0.04703631 0.04555104
v 0.12638840 -0.00456985 -0.03529108
v 0.14167972 0.01860125 -0.03251487
v 0.03781626 -0.04446986 0.03813864
v 0.04552649 -0.05979866 0.04151696
v 0.07496770 -0.03791319 -0.04082816
v -0.05952710 -0.07617030 -0.04085694
v 0.14626187 0.03179219 -0.00116757
v 0.08202006 -0.06604759 0.03594100
v 0.13366619 0.04243288 0.00916284
v 0.06352169 -0.04914917 0.05971956
v 0.04575482 -0.00311224 -0.04095097
v -0.07769071 0.07072034 0.00937193
v -0.07811444 0.06817699 0.02039927
v -0.09528546 -0.03943336 -0.02971790
v -0.09068310 0.00317400 -0.04788753
v -0.12707876 -0.05082944 0.02381873
v 0.07921305 -0.01372286 -0.01181799
v 0.10653612 -0.01442863 -0.01061514
v 0.06256447 -0.04891124 -0.02593531
v -0.04756439 -0.07465682 -0.02272161
v 0.05711520 -0.06016146 -0.03621641
v -0.13000202 -0.04433781 0.04205753
v -0.12848547 -0.05465750 0.04211733
v 0.13148022 -0.00129661 -0.02874493
v 0.06246096 -0.03854544 0.02932170
v 0.09231904 -0.07155436 -0.02747124
v 0.06026807 0.05550691 0.03106545
v 0.02622065 0.03428729 0.04571936
v 0.04558761 0.01127234 0.05062742
v 0.06550760 -0.04714575 0.05843171
v 0.11898918 0.01590689 0.02454400
v 0.12946340 0.04385702 0.01087451
v 0.06971718 -0.04963834 0.05881006
v 0.06706865 -0.04997718 0.06001911
v 0.06407365 -0.05251012 0.06101178
v 0.06101080 -0.05799308 0.06101084
v -0.06166039 0.00314949 0.04928277
v 0.06366000 0.05909175 -0.01566301
v 0.10579330 0.05560435 -0.00524589
v 0.10094494 0.00109440 -0.03108425
v 0.08210407 0.02457602 -0.02852972
v 0.05114266 0.03164331 -0.03559328
v 0.01729832 0.02698394 -0.03762862
v 0.05765204 0.01408402 -0.03899034
v 0.08210295 -0.05307578 -0.04880311
v -0.10074616 0.05007268 -0.02446177
v -0.11035503 0.05220801 0.01854536
v -0.03015497 0.02000442 -0.04656562
v -0.07894180 -0.03336949 -0.04655605
v -0.03466856 -0.05966973 -0.06334645
v -0.11023906 0.00563784 -0.00247996
v -0.07675878 0.02167352 -0.05007439
v -0.08603771 0.00915824 -0.04852948
v -0.10699138 0.03838943 -0.02870664
v -0.11787287 0.02609887 0.00390622
v -0.10735660 -0.02165399 -0.03057109
v 0.00036225 -0.02678879 0.03174742
v -0.02937218 -0.03241221 0.02156154
v -0.08772678 -0.04489206 -0.02557237
v -0.03435048 -0.05617229 -0.05123613
v -0.03213092 -0.05666114 -0.05506176
v -0.02218667 -0.07653377 -0.04278724
v -0.02259512 -0.07468291 -0.02939661
v -0.05566524 -0.06293446 -0.02475351
v -0.00961974 0.02985870 -0.04614433
v -0.01698418 0.01067610 -0.04737609
v -0.12769900 -0.05133739 0.04422440
v -0.13241774 -0.04943373 0.03921138
v -0.12337740 -0.06058589 0.04592673
v -0.13466044 -0.05448447 0.03153185
v -0.13551186 -0.04656582 0.02913104
v -0.13331977 -0.04098535 0.03645903
v -0.11458790 0.04334002 0.01903074
v -0.13390858 -0.04296789 0.02775684
v -0.12915182 -0.06026913 0.03783631
v -0.12919562 -0.06546505 0.03527344
v 0.15916795 0.00032975 -0.02453528
v 0.12769379 -0.00977323 -0.02519138
v 0.06439544 -0.03313883 0.02922483
v 0.06714817 -0.07809218 0.04144585
v 0.08469842 -0.07212424 -0.02418578
v 0.14786296 0.02165373 0.00155023
v 0.06924322 -0.07104499 0.05776445
v 0.02932858 0.01430057 0.05055781
v 0.06528778 0.03978564 0.03745101
v 0.05727214 0.02881037 0.04452446
v 0.02095735 0.06920075 0.00044620
v 0.09816826 0.05593022 -0.00114468
v 0.02832610 0.05133821 -0.02344036
v 0.05812054 -0.00125586 -0.03767718
v 0.01833664 -0.01337688 -0.03272821
v -0.10892389 0.05287329 0.01368476
v -0.07074449 -0.02928729 -0.05084420
v -0.06165817 0.01762180 -0.05258930
v -0.03302439 -0.03392616 -0.00824714
v -0.03638367 -0.04826821 -0.03768646
v 0.03395678 -0.04479327 -0.03557078
v -0.01673019 0.01813646 -0.04801936
v -0.11740613 0.01369458 0.04393879
v 0.14300615 0.02849795 -0.03137895
v 0.11564620 -0.00668330 -0.03768122
v 0.03747623 0.00111637 0.05186233
v -0.11212350 -0.05982783 0.04980629
v -0.10772860 -0.00405722 0.00104027
v -0.09473291 -0.06699374 0.02871899
v -0.03544233 -0.02971572 0.02842613
v 0.06778780 -0.06697343 -0.04798337
v 0.14107670 0.03736164 -0.02692657
v 0.05504520 0.00919304 0.04994255
v 0.12305938 0.01568690 0.02547468
v -0.05058806 0.02361197 0.05155098
v -0.07282961 0.03551896 0.04861828
v -0.07819376 0.03892897 0.04673373
v -0.10655479 -0.07104548 0.04773366
v 0.01365960 0.03748130 -0.03809490
v 0.02848524 0.00833879 -0.03659587
v -0.01626492 0.07508372 0.01210796
v -0.10189465 0.04595058 -0.02720930
v -0.10166299 0.05141247 -0.02141719
v -0.02864587 0.03231445 -0.04581984
v -0.04561856 0.02467931 -0.04725958
v -0.04266531 -0.05719556 -0.06077887
v -0.04717395 -0.04641004 -0.05212322
v -0.11803549 -0.00157543 -0.01665760
v -0.05735558 0.02534800 -0.05198072
v -0.06312648 0.01339425 -0.05248946
v -0.10408481 0.04222217 -0.02924434
v -0.08799474 -0.01655797 0.00767913
v -0.05857491 -0.05593793 -0.02449436
v -0.02588054 -0.07759541 -0.02850224
v -0.03179967 -0.07952494 -0.03930996
v 0.15468533 -0.00846442 -0.02750743
v 0.14923045 0.00563838 -0.02706997
v 0.06712111 -0.05821775 0.03235184
v 0.06434360 -0.00523405 -0.03182917
v 0.08800686 -0.06583125 -0.03376641
v -0.04775454 -0.06898539 -0.05723259
v -0.11072196 -0.00055226 0.00141626
v 0.02221857 0.03472121 0.04500605
v -0.02377199 -0.03503330 -0.00007170
v 0.09468203 -0.06222725 -0.04821451
v -0.01055142 0.02247234 -0.04711469
v 0.13522328 0.03698272 0.01194673
v 0.10281238 0.01533791 0.02212184
v 0.04031399 0.06960364 0.00699304
v 0.02956387 0.06768069 0.00494236
v 0.02777552 -0.03716088 -0.02871836
v 0.06210275 -0.07762659 0.05496186
v 0.07648031 -0.04663534 -0.03036821
v -0.05753305 -0.05523996 -0.05735799
v 0.07940732 -0.07347031 0.05636381
v 0.07420953 0.05212945 -0.01844002
v 0.10081295 0.05294275 0.00711144
v 0.07817147 0.01244825 -0.02971728
v -0.04484995 0.07676422 0.00411682
v 0.08059274 -0.07307119 -0.05264883
v 0.03769637 -0.04126169 -0.04003963
v -0.04225024 -0.07711326 -0.05717324
v 0.14090583 0.01242748 0.01799603
v 0.06829593 0.02933856 0.03780784
v 0.03117738 0.01795010 0.05067226
v 0.03446897 -0.03721245 0.04553430
v 0.11595288 0.05572979 -0.00370256
v -0.06852788 0.00449479 0.05168293
v -0.11148104 -0.00581461 0.05061654
v -0.09119351 -0.07041287 0.03796239
v 0.07318343 0.03791234 -0.02636836
v 0.07353392 0.01858807 -0.03075142
v -0.11197787 0.04469347 0.02841624
v -0.10675822 -0.02541333 -0.02237358
v -0.12291025 -0.03447423 0.02372132
v -0.07840192 0.02712817 -0.04862195
v 0.05094189 -0.02590778 -0.00586276
v 0.06815355 -0.07202491 -0.03985414
v -0.06012239 -0.05177389 -0.02353715
v -0.02345010 -0.07744714 -0.04708084
v -0.01496757 0.00257930 -0.04528671
v 0.07296992 -0.07399558 -0.04975343
v -0.12185667 0.03000737 0.03077753
v 0.15294161 0.00604649 -0.00327244
v 0.08357431 -0.07491130 0.04942733
v -0.06861304 0.01895623 0.05114464
v -0.04232664 -0.06149072 -0.06175924
v 0.02993142 0.00314843 -0.03727013
v -0.03905030 -0.03952184 -0.03571653
v 0.07260365 0.00851448 0.04013631
v 0.05029139 0.06721467 0.02032936
v -0.10552552 -0.02425049 -0.01830661
v -0.02617163 -0.03450949 0.00611869
v -0.11801784 0.00737164 0.04461543
v 0.05680722 0.05038929 0.03621128
v -0.10554309 -0.00177345 0.05309034
v -0.02501461 0.07649400 0.00929187
v 0.12298850 -0.00692216 -0.03689601
v 0.06433400 -0.04049128 0.04869961
v 0.00715869 0.00811420 0.05244359
v 0.13617079 0.02441206 0.01827538
v 0.07051676 -0.05923678 0.06183350
v 0.03736205 -0.01676762 -0.04322247
v -0.05531069 -0.04464049 -0.05448801
v -0.04485288 -0.04603178 -0.04756393
v -0.06154049 0.02326318 -0.05183288
v -0.08967561 0.03072495 -0.04562026
v 0.06707709 -0.04555165 -0.02527357
v -0.08034203 -0.05587986 -0.02727863
v -0.03418604 -0.07405979 -0.02357643
v -0.11060905 0.04863878 0.01427224
v -0.12048135 -0.00204226 0.04249287
v -0.13033356 -0.06770010 0.02755886
v 0.06330261 -0.05293579 0.03225406
v 0.14614534 0.04308024 -0.01291636
v 0.08362244 -0.06945984 0.03746801
v -0.09024980 0.05197699 0.03886069
v -0.04268359 -0.04950100 -0.04830808
v 0.06210345 0.01412746 -0.03399114
v 0.09317058 -0.06533271 -0.04815135
v 0.04383599 -0.04053922 0.05270094
v 0.03929922 -0.01349509 0.04917675
v -0.10067160 -0.06822466 0.02248086
v -0.07260195 -0.02812465 -0.00912733
v -0.11728048 0.04890898 0.00279358
v 0.09420942 -0.05293880 -0.04879612
v -0.04044170 0.02266585 0.05483116
v -0.06663445 0.02835891 0.04808400
v 0.12711081 -0.00378347 0.01964453
v -0.03697921 -0.03222104 0.02013057
v 0.13284184 0.03293812 0.01612546
v -0.09586000 -0.03915879 0.04541143
v -0.08997384 0.06409524 0.02148820
v -0.07651768 -0.02230416 0.02273822
v 0.08422524 -0.01118404 -0.01289083
v -0.10006066 -0.00147379 0.05444399
v 0.01901739 0.01699850 0.04972465
v 0.09392820 -0.06962442 -0.04808105
v -0.07813589 0.00060513 0.05387747
v -0.11401653 0.01745022 0.04600900
v -0.04811683 0.01182687 -0.05174878
v -0.07080492 0.00337294 -0.05314380
v -0.05523090 -0.07325982 -0.02428348
v 0.11792298 -0.01047362 -0.03463194
v 0.12482550 0.04826573 0.02548596
v -0.04089068 0.00308497 0.05440981
v 0.03702258 0.01223012 -0.04028897
v -0.11171335 -0.01897134 -0.02280379
v 0.06023264 -0.02332440 0.01932647
v -0.11854725 -0.02207256 0.04610337
v -0.03647953 -0.00825883 -0.03993078
v 0.00423557 0.07343283 0.00694598
v -0.11353131 -0.00109098 0.04927338
v -0.10846322 0.01591366 -0.03843081
v -0.07710145 -0.02235062 -0.04892495
v -0.07351579 -0.02540177 -0.00092495
v -0.07026588 -0.01408892 -0.05332806
v -0.07608204 0.00865318 -0.05147801
v 0.03082291 0.04799712 -0.02482896
v 0.05067053 0.02724096 -0.03713471
v 0.02123770 -0.01947455 -0.03602131
v -0.11867279 0.02075683 0.03998524
v 0.00232367 0.07385129 0.00091770
v 0.11407809 0.04037392 -0.03322818
v -0.06943613 -0.02403081 0.01391051
v -0.10461703 0.00527731 -0.04031436
v 0.06973214 -0.05880823 -0.03017985
v 0.07192317 -0.07502319 -0.04059907
v -0.06518552 -0.03698247 -0.01717369
v -0.12849602 0.00044218 0.03111782
v 0.14370202 0.03380846 -0.02750174
v 0.14730941 -0.01755724 -0.01751572
v -0.11057749 -0.04802774 0.05129163
v 0.03584120 -0.02194905 0.04756521
v 0.03581917 -0.04241813 0.04243810
v -0.06253985 0.06150630 -0.02789737
v -0.10192078 0.01772836 -0.04292294
v 0.10396720 -0.01051513 0.00281985
v -0.02409743 -0.06572589 -0.03742702
v -0.04051137 -0.06664959 -0.02392487
v -0.01651179 -0.00353923 -0.04303846
v -0.00700898 0.05908636 0.03816411
v 0.00936064 0.06703494 0.02273880
v -0.00387543 -0.02120053 -0.02875235
v 0.03055803 0.05540507 -0.01882070
v 0.07569546 -0.04979176 -0.02976510
v 0.05592018 -0.04901370 -0.04446599
v 0.07398362 -0.03380504 -0.03683698
v 0.07487307 -0.03432805 -0.03537752
v 0.06927254 -0.05013541 -0.02715422
v 0.07068045 -0.04661025 -0.02651606
v 0.05885974 -0.04593305 -0.04499306
v 0.08290853 -0.05620180 -0.05275305
v 0.05141025 -0.03367001 -0.04390995
v 0.07444534 -0.04969832 -0.02884622
v 0.07026170 -0.02668886 -0.03406470
v 0.06641101 -0.05123892 -0.04612390
v 0.07040107 -0.04725488 -0.04606828
v 0.06054338 -0.04320827 -0.04508139
v 0.03400075 -0.03519083 -0.02265549
v 0.04322292 -0.04891783 -0.03192782
v 0.04384432 -0.04781095 -0.03020335
v 0.06873815 -0.02639272 -0.03622012
v 0.07801750 -0.04289369 -0.03452224
v 0.05627031 -0.04802560 -0.02601870
v 0.06819112 -0.04864502 -0.04620833
v 0.15120089 0.00170146 -0.02756476
v 0.15533864 0.00234151 -0.00447047
v 0.14735606 -0.01123374 -0.02512368
v 0.15639365 0.01016805 -0.00806092
v 0.15439314 -0.01472108 -0.01421118
v 0.14652702 -0.00999896 -0.00849712
v 0.15508582 -0.00306591 -0.00510739
v 0.14911768 -0.01303066 -0.02429142
v 0.14948510 -0.00866793 -0.00778652
v 0.16038774 0.00388911 -0.00903456
v 0.15183225 -0.00761872 -0.00720338
v 0.15224795 0.00392979 -0.02686530
v 0.14707525 -0.00388201 -0.00448033
v 0.16172837 -0.00130406 -0.01825087
v 0.14408000 -0.00555946 -0.00438214
v 0.15901241 -0.01204887 -0.01342858
v 0.14448307 -0.00250987 -0.00254515
v 0.15366723 -0.01355795 -0.01234939
v 0.14808398 0.00314937 -0.02758247
v 0.15053512 0.00043720 -0.02783353
v 0.14778835 0.00247901 -0.02771440
v 0.15038730 0.00010202 -0.02789949
v 0.14771442 0.00231142 -0.02774738
v 0.15035032 0.00001822 -0.02791598
v 0.14769594 0.00226952 -0.02775563
v 0.15034109 -0.00000272 -0.02792010
v 0.14769132 0.00225905 -0.02775769
v 0.15033877 -0.00000796 -0.02792113
v 0.14764637 0.00229385 -0.02775551
v 0.15032725 0.00000010 -0.02792072
v 0.14764610 0.00229321 -0.02775563
v 0.15268840 0.00270009 -0.00361902
v 0.14972277 0.00992529 -0.00177742
v 0.14927657 -0.01179014 -0.00999638
v 0.15567724 0.00531646 -0.00506131
v 0.15450820 -0.00512431 -0.00564691
v 0.15634175 0.00724499 -0.02338238
v 0.15210555 0.00921173 -0.00343508
v 0.15866689 0.00944266 -0.01117275
v 0.15426150 -0.01536061 -0.01672941
v 0.15553534 0.00585344 -0.02471157
v 0.15077630 0.00160312 -0.00264110
v 0.15939078 0.00736462 -0.01196812
v 0.15395389 -0.00544278 -0.02781804
v 0.15446357 -0.01394018 -0.02343647
v 0.15934564 0.00153985 -0.00692365
v 0.15377581 -0.00620119 -0.00607148
v 0.15434535 0.01049162 -0.00605442
v 0.16057952 -0.00439607 -0.02334412
v 0.15802579 0.00161491 -0.00620343
v 0.15051870 0.00687507 -0.00162745
v 0.14425212 -0.00404822 -0.00345747
v 0.15302238 0.01003093 -0.00424499
v 0.14937909 -0.00272195 -0.00390035
v 0.15470405 -0.01157425 -0.01070422
v 0.14938059 -0.01024547 -0.00889699
v 0.15582633 -0.00082693 -0.02724594
v 0.14670350 0.00263270 -0.00043555
v 0.15400384 0.00462016 -0.02615279
v 0.14898065 -0.00934358 -0.02629090
v 0.15520149 -0.01032722 -0.00925891
v 0.16017884 0.00258615 -0.00802230
v 0.16124402 0.00033896 -0.01732718
v 0.15309678 -0.01318053 -0.02445801
v 0.16012043 0.00526269 -0.01054431
v 0.15682696 0.00740887 -0.00683818
v 0.15949695 0.00837568 -0.01786819
v 0.15134269 -0.01255222 -0.01099405
v 0.14723063 0.00487253 0.00058895
v 0.15411226 -0.01533346 -0.01553372
v 0.15784207 0.00966851 -0.00957521
v 0.15671979 0.00944910 -0.02181601
v 0.15871619 0.00684216 -0.02212081
v 0.16061176 0.00551840 -0.01370801
v 0.15429752 -0.00907740 -0.00815226
v 0.16143395 -0.00668538 -0.02046738
v 0.15511070 -0.00098426 -0.00482354
v 0.15932433 0.00301892 -0.02180265
v 0.15979040 0.00677839 -0.01759900
v 0.15132105 0.00803917 -0.00252855
v 0.15150042 -0.01300744 -0.02448100
v 0.15711072 0.00010793 -0.02639347
v 0.14833994 0.00160445 -0.00191729
v 0.15858337 -0.01253483 -0.01529750
v 0.15931872 -0.01143793 -0.01207158
v 0.15949912 -0.00287956 -0.00674498
v 0.15793218 -0.01277916 -0.02141689
v 0.14444447 -0.00902456 -0.00722320
v 0.14531244 -0.01100839 -0.00890458
v 0.14999205 -0.00073208 -0.00336279
v 0.15658158 0.00613427 -0.00584974
v 0.14385799 -0.00956726 -0.00744990
v 0.14501920 -0.01127974 -0.00901794
v 0.14371136 -0.00970294 -0.00750658
v 0.14494590 -0.01134757 -0.00904627
v 0.14367472 -0.00973686 -0.00752075
v 0.14492756 -0.01136453 -0.00905336
v 0.14366555 -0.00974534 -0.00752429
v 0.14494376 -0.01139562 -0.00908044
v 0.14366847 -0.00975414 -0.00753149
v 0.14494264 -0.01139665 -0.00908087
v 0.14896339 -0.00584679 -0.00574721
v 0.15619901 -0.01413203 -0.01734403
v 0.16165373 -0.00188156 -0.00855515
v 0.15194981 -0.01597596 -0.02100709
v 0.16081986 -0.00551153 -0.02312999
v 0.16287409 -0.00623423 -0.01481328
v 0.15556234 -0.00610637 -0.02766787
v 0.15416899 -0.00015312 -0.02739731
v 0.15036596 -0.00671656 -0.00646565
v 0.15863597 -0.00916593 -0.02513960
v -0.08481255 -0.02161203 -0.04510474
v -0.08697161 -0.01781282 -0.04478932
v -0.07589979 -0.03873478 -0.04813638
v -0.08793731 -0.02441783 -0.04292892
v -0.07667489 -0.04723366 -0.04628398
v -0.06839389 -0.04127588 -0.05187057
v -0.08817588 -0.02658228 -0.04201553
v -0.04785039 -0.05517225 -0.05944785
v -0.04337677 -0.08084754 -0.03652905
v -0.08980763 -0.03390238 -0.03830031
v -0.07174594 -0.02387753 -0.05121456
v -0.06956938 -0.05501882 -0.04991121
v -0.06622379 -0.02198223 -0.05289775
v -0.09645604 -0.02711621 -0.03566504
v -0.07066272 -0.04241421 -0.05094720
v -0.06359246 -0.05494451 -0.02386472
v -0.09680033 -0.02212417 -0.03848905
v -0.09391347 -0.01393630 -0.04293650
v -0.07023702 -0.05738348 -0.04827725
v -0.03575905 -0.06382508 -0.02821865
v -0.06980686 -0.02446493 -0.05179416
v -0.09711978 -0.01964369 -0.03945437
v -0.06500960 -0.07366719 -0.03003270
v -0.07155158 -0.04520681 -0.02029093
v -0.07032934 -0.06528056 -0.04178077
v -0.07470209 -0.05920573 -0.04231939
v -0.08605108 -0.03295738 -0.04186559
v -0.07515322 -0.04675504 -0.04762514
v -0.07893915 -0.02840861 -0.04701754
v -0.08040441 -0.04153062 -0.02039717
v -0.03626334 -0.06693596 -0.02593440
v -0.07386921 -0.02579522 -0.04992112
v -0.05321797 -0.05685017 -0.05849431
v -0.08816871 -0.04262343 -0.03530573
v -0.07839394 -0.03804527 -0.04643478
v -0.04474668 -0.08128530 -0.03910806
v -0.04038731 -0.05325129 -0.05794834
v -0.06290547 -0.07488361 -0.02955231
f 6 2741 2739
f 2751 867 2013
f 2778 2777 2759
f 2837 33 822
f 1781 914 1767
f 36 1776 35
f 825 38 1779
f 1784 43 42
f 836 4821 2860
f 1798 4821 836
f 837 46 2861
f 47 2863 839
f 46 1800 842
f 1809 54 53
f 1821 2912 815
f 63 1817 1818
f 2948 2949 1843
f 2962 2961 1848
f 1853 889 83
f 1855 86 76
f 897 1856 88
f 3011 3016 3015
f 121 4699 4344
f 1897 3042 3041
f 3078 3085 141
f 4716 966 4800
f 969 3122 1952
f 3051 160 396
f 981 985 1943
f 173 3134 988
f 3181 1961 1010
f 3254 1019 1020
f 1756 1034 1033
f 216 3232 3423
f 3245 3244 1038
f 3289 3288 1151
f 2021 1071 1064
f 4591 1068 1067
f 1087 3307 3308
f 2032 237 2027
f 4811 3313 3312
f 2037 4271 1592
f 255 2004 2003
f 3340 1088 1087
f 3348 252 1091
f 256 2058 2047
f 4595 2077 1120
f 1119 1121 4766
f 2091 3401 3403
f 272 3406 273
f 2091 283 2124
f 2049 279 1088
f 233 1065 1129
f 2110 2105 2109
f 302 3453 2129
f 3470 1161 312
f 3512 4597 4670
f 4526 4720 339
f 342 1203 3539
f 3569 2188 2187
f 351 353 1227
f 353 351 1228
f 1238 3595 2197
f 3739 3610 369
f 1267 3051 396
f 3680 2242 3686
f 1279 3705 1165
f 410 4754 414
f 1287 1286 2256
f 1331 2264 1292
f 1335 1303 3723
f 2277 2260 3715
f 1309 1311 2278
f 3728 1311 1310
f 1315 1307 3733
f 1314 431 3735
f 1525 1517 3745
f 3752 2183 4802
f 3702 2307 413
f 461 1344 2325
f 3799 2328 464
f 2093 3294 3859
f 1619 3858 3818
f 2379 3903 506
f 3932 3934 1400
f 524 3945 528
f 3958 3957 3956
f 1417 1416 3972
f 1435 546 547
f 4008 4012 548
f 1455 2427 2428
f 1490 4079 2462
f 4121 2488 1510
f 4129 1522 1513
f 1523 602 2489
f 2546 1540 2515
f 3123 4716 1541
f 4226 1567 4227
f 1567 4223 4809
f 2576 4245 1589
f 494 1368 1577
f 2561 1578 1579
f 4264 4260 666
f 671 4272 4270
f 4278 1594 4279
f 4576 4314 4300
f 1726 705 2614
f 4632 4369 2642
f 2642 4371 1631
f 4386 297 4387
f 4419 4421 737
f 1671 740 2676
f 4438 745 2685
f 4463 4459 2692
f 4476 4475 4473
f 2709 4479 2708
f 774 913 3018
f 4522 705 2617
f 780 4578 2
f 3 1 4636
f 1734 3 2736
f 2737 1733 4711
f 1734 4 780
f 5 2745 2739
f 2 2740 4742
f 2740 19 5
f 5 19 2745
f 2744 2746 2747
f 2748 781 798
f 1732 2748 801
f 1732 801 2779
f 2962 1848 2750
f 2750 2749 2962
f 2749 10 2962
f 2751 2752 867
f 4532 785 806
f 785 2751 1019
f 2753 1828 2752
f 2754 784 783
f 786 2756 2753
f 2759 2758 782
f 2759 788 787
f 2759 2777 788
f 2762 787 2760
f 2761 2765 1737
f 2765 2762 792
f 2764 2771 1738
f 2765 792 2772
f 2766 791 2760
f 2768 2944 2769
f 790 2769 12
f 2768 2770 2944
f 1838 1738 2771
f 794 2832 2963
f 2774 2832 794
f 13 2775 2773
f 796 788 2777
f 2779 14 2778
f 2787 15 2780
f 15 2787 798
f 1741 3800 18
f 1741 1742 29
f 1742 2785 29
f 1761 1740 829
f 800 2782 2781
f 801 1743 2779
f 2786 801 803
f 2788 802 2824
f 1744 1745 804
f 19 2791 2745
f 19 1746 2795
f 20 2795 1746
f 1747 198 2797
f 198 1747 2798
f 2800 2799 4532
f 806 1026 4532
f 2803 2801 2808
f 2803 808 20
f 1745 2790 1749
f 1750 2805 810
f 24 2807 1750
f 807 23 810
f 2823 1745 2822
f 1752 25 814
f 25 24 813
f 2809 23 2816
f 2813 2811 2816
f 2815 3206 212
f 2815 26 2814
f 2816 26 1753
f 2817 213 2813
f 2811 4830 811
f 4830 2820 811
f 24 1757 813
f 812 862 1757
f 2917 1752 814
f 2822 2810 2825
f 2810 2822 1745
f 28 2827 815
f 28 815 1896
f 1899 27 1897
f 2789 2788 3040
f 1759 2781 2779
f 39 2785 2830
f 2831 1762 29
f 2833 2785 39
f 1739 2329 2832
f 1762 2831 1774
f 1773 1709 2834
f 2728 1763 31
f 2728 819 818
f 2840 819 822
f 32 34 820
f 4746 32 2838
f 3017 1766 4584
f 1769 32 2840
f 2841 823 1770
f 823 2845 1771
f 2836 33 30
f 1774 36 817
f 1775 37 2843
f 1771 2846 2850
f 1778 2850 2849
f 38 825 2848
f 914 1781 2847
f 38 2848 826
f 1783 2849 2852
f 2853 2851 2846
f 1775 2856 830
f 832 2855 2854
f 2857 40 2855
f 41 832 1785
f 1784 42 1785
f 43 1806 2875
f 125 930 2857
f 831 834 1786
f 2853 1789 1788
f 57 2891 1783
f 2880 2858 4821
f 836 2860 1790
f 837 45 838
f 837 844 45
f 841 839 2862
f 1791 4769 47
f 1793 4769 1792
f 1793 2864 2865
f 1791 47 839
f 2866 2865 2864
f 2864 2867 1795
f 2865 42 4533
f 2862 2863 1796
f 1797 1800 46
f 842 2879 2861
f 844 2879 1809
f 1797 1799 1800
f 2868 2869 847
f 2873 2872 1802
f 1805 1796 4653
f 1804 48 1796
f 4580 1807 2875
f 3040 1807 2876
f 4635 2877 4712
f 2877 3040 4712
f 50 1900 124
f 51 4534 2881
f 484 52 2879
f 1809 53 844
f 844 843 1798
f 843 2880 4821
f 847 2885 1801
f 51 2881 852
f 1810 55 2886
f 1810 2884 55
f 56 1812 849
f 851 53 54
f 851 2888 53
f 2890 57 1783
f 2891 2893 4713
f 2893 57 2890
f 2890 2889 2893
f 2353 2886 850
f 1814 849 2896
f 2898 852 2881
f 2897 852 2898
f 2900 854 2897
f 1815 56 1814
f 2996 2900 2901
f 2902 2898 60
f 2901 2902 855
f 2902 60 2903
f 60 4534 1803
f 60 2881 4534
f 2910 856 2878
f 62 1816 2904
f 61 2905 855
f 903 2904 2906
f 2907 1822 2906
f 2910 4747 856
f 2910 2908 4747
f 63 1818 2911
f 2907 1820 1822
f 64 2918 2914
f 861 2918 65
f 860 1823 2918
f 813 863 2919
f 862 4829 2922
f 4829 2921 2922
f 66 864 812
f 2920 864 1826
f 2922 866 1824
f 2922 1825 866
f 1826 864 910
f 26 2815 1753
f 1829 2929 2925
f 12 1829 1827
f 69 872 71
f 71 2933 2934
f 873 2934 2933
f 2937 874 2936
f 1832 871 2937
f 875 2937 871
f 73 876 892
f 876 75 2938
f 2938 75 74
f 74 1834 2940
f 76 4792 2941
f 2934 873 877
f 2943 1837 1833
f 2930 12 2769
f 2770 2946 2944
f 1838 2945 3038
f 1840 2954 4582
f 1843 1841 2948
f 2974 1843 2950
f 2950 1845 2974
f 1845 885 2974
f 2954 2951 1842
f 2953 2954 2955
f 1846 2956 2955
f 2953 2956 2958
f 1846 1895 2957
f 2957 2958 2956
f 2958 2359 886
f 886 3844 1366
f 80 1366 4776
f 1847 2960 2707
f 2961 1747 2793
f 10 2798 2962
f 2945 887 3038
f 1851 2971 2965
f 1851 1856 2971
f 893 1851 1852
f 83 889 1852
f 890 73 892
f 892 2967 2968
f 2968 890 892
f 2968 893 890
f 1854 85 2967
f 2970 894 87
f 1835 895 1855
f 86 895 85
f 897 90 1850
f 1858 2972 895
f 2972 85 895
f 877 896 1858
f 2972 896 897
f 2973 90 4583
f 885 899 2974
f 899 4486 2975
f 1862 901 2979
f 2980 1862 2979
f 92 2982 933
f 2984 2985 2977
f 2983 2899 2996
f 2987 2976 1861
f 2901 2995 2996
f 903 1869 904
f 2990 2988 1867
f 2993 2992 2991
f 905 2993 2994
f 905 2994 4774
f 2997 1871 127
f 931 1871 94
f 907 1902 2999
f 907 3063 1902
f 3064 907 1873
f 4774 2994 908
f 2989 3002 1868
f 3003 3002 866
f 1014 3002 3003
f 1826 910 1876
f 3049 1877 95
f 3005 1878 58
f 1882 3006 911
f 96 826 3005
f 3004 911 58
f 97 914 1881
f 2847 1880 1881
f 1880 912 1881
f 912 1880 3009
f 3007 3014 3011
f 3011 3015 1883
f 107 3018 913
f 3020 3031 1887
f 1881 912 97
f 3032 3009 3022
f 3023 1884 4514
f 107 3025 915
f 108 110 3027
f 110 111 3028
f 110 3029 111
f 916 3027 3028
f 1885 920 4702
f 3030 1885 111
f 114 922 921
f 3031 116 1887
f 4586 101 4537
f 97 3032 101
f 3021 3033 3022
f 1888 4538 3033
f 3037 120 920
f 925 3037 4634
f 4749 117 1890
f 1892 1890 3035
f 118 1893 3036
f 118 925 3034
f 119 925 118
f 1889 121 4344
f 926 4538 1894
f 1616 1894 919
f 3036 122 121
f 4695 928 882
f 2957 1895 3039
f 1897 1896 3042
f 4784 3042 3043
f 1900 4635 1899
f 929 930 125
f 3045 1786 930
f 44 3045 1901
f 931 3001 2999
f 931 94 3001
f 126 932 2986
f 933 2982 1390
f 131 129 3053
f 936 129 131
f 3049 934 935
f 3115 935 3052
f 3053 158 3052
f 3046 1906 3048
f 1908 3048 1906
f 1907 3054 133
f 938 3054 3048
f 133 3056 937
f 134 4539 132
f 939 148 937
f 939 3056 3057
f 3056 938 3058
f 1908 1909 135
f 1908 135 3058
f 940 3147 1865
f 3061 3060 1912
f 128 3061 1912
f 3062 941 1911
f 3063 941 3062
f 1919 942 3085
f 942 941 943
f 3067 3065 3068
f 3068 137 3067
f 138 3068 3066
f 2994 3071 3070
f 1913 3102 139
f 1915 3084 3074
f 3084 4775 139
f 1913 1914 3072
f 140 3081 944
f 3085 943 141
f 4775 3076 3079
f 3083 3082 4775
f 3083 3084 142
f 3087 3083 947
f 3082 3081 4775
f 4733 3089 145
f 949 948 145
f 1920 3089 144
f 3088 961 960
f 953 4786 3092
f 1921 3099 1922
f 3092 1922 953
f 1923 146 4786
f 3098 955 954
f 1924 3093 3094
f 4786 146 147
f 995 3097 4715
f 136 4588 939
f 1931 955 3098
f 3098 963 1931
f 963 958 3100
f 1926 3100 3099
f 1917 1927 959
f 1928 1929 4663
f 153 152 946
f 997 3151 3100
f 1932 996 964
f 150 965 955
f 4743 4524 4783
f 4743 4783 1932
f 156 4800 966
f 155 4158 156
f 964 968 3108
f 4524 4743 3122
f 1925 965 3112
f 3112 3113 1925
f 3113 3112 1950
f 970 3113 971
f 971 3113 3120
f 130 3049 935
f 159 3116 3117
f 1936 3118 3117
f 3116 992 3117
f 3119 3121 1935
f 161 3115 158
f 3122 973 1952
f 974 1937 3127
f 1938 1937 974
f 975 1940 978
f 976 1940 974
f 976 166 978
f 166 977 165
f 987 3129 1949
f 4820 977 1941
f 168 4820 3133
f 1942 978 165
f 981 1939 978
f 975 3130 3128
f 3131 979 3132
f 981 979 1939
f 1942 4654 981
f 982 1943 985
f 983 4654 168
f 983 168 984
f 983 1944 985
f 171 167 982
f 986 171 169
f 1552 3133 1945
f 173 988 1947
f 988 3140 1947
f 989 1947 3138
f 3136 989 3138
f 3144 3137 1948
f 991 3139 3138
f 3141 395 396
f 3141 396 3142
f 1949 175 4779
f 4779 175 1936
f 3144 1951 1952
f 1952 973 3145
f 3146 174 990
f 994 3147 940
f 135 1863 3148
f 1863 2981 3148
f 4715 3096 995
f 995 3096 956
f 149 956 3096
f 3151 997 3150
f 3154 4664 177
f 152 153 999
f 3171 3103 1955
f 1001 3071 1874
f 1868 3002 1014
f 909 1954 1001
f 1954 3157 3156
f 3162 3156 3160
f 3158 3460 2132
f 3163 3164 3162
f 182 3167 1004
f 1004 3167 3169
f 1004 3169 181
f 1005 3175 1006
f 1005 3170 1956
f 3172 3169 3171
f 1000 3170 1005
f 1007 3177 3174
f 3174 3177 3173
f 1957 3154 3173
f 3177 1009 1957
f 1958 3176 183
f 4764 1959 184
f 1007 4764 3177
f 3182 3181 1011
f 1009 3183 1962
f 1966 3536 341
f 1966 184 3536
f 3187 1009 3185
f 3187 3185 1963
f 1968 998 1969
f 1970 1012 1963
f 1970 3189 3190
f 187 186 3191
f 3188 187 3192
f 187 3193 3192
f 1013 2545 4228
f 3193 1010 3194
f 184 1965 2173
f 3195 188 1202
f 1972 1015 189
f 189 1973 171
f 190 171 1973
f 167 190 1975
f 190 1974 3197
f 980 197 192
f 197 3131 3196
f 3131 3132 1016
f 4665 1016 3132
f 194 1344 1976
f 194 195 2325
f 1018 2325 195
f 1975 3197 3200
f 1975 1977 193
f 1978 3196 1016
f 3201 1018 3202
f 197 3196 1978
f 196 3203 1978
f 1948 3139 3204
f 1979 3139 991
f 199 3205 4738
f 1980 3208 3205
f 2801 2796 2802
f 1022 1981 3208
f 3209 1982 1992
f 1023 204 201
f 203 202 1027
f 201 204 210
f 1984 1983 3211
f 1984 203 3212
f 1026 1985 1025
f 1985 205 1027
f 1027 3216 3213
f 3214 3213 1028
f 806 1019 3217
f 3251 1990 1988
f 1990 3221 209
f 3224 3221 3222
f 210 1024 3226
f 210 211 3225
f 210 3226 211
f 3228 212 3206
f 4799 1033 214
f 213 4799 1994
f 1034 3229 4810
f 3233 214 1035
f 214 3233 3230
f 215 1036 1130
f 217 2100 1997
f 1998 1997 3235
f 3326 1080 4638
f 3236 1753 212
f 3238 3237 1983
f 206 3238 1983
f 3238 206 1991
f 3237 218 1031
f 2000 3239 1037
f 3239 2000 3240
f 3241 3242 2001
f 3242 3240 3323
f 3240 2000 2044
f 3246 3238 3245
f 3245 1038 3246
f 219 2002 2004
f 1038 220 2002
f 219 1039 3247
f 3248 3348 1091
f 3248 3224 3348
f 1040 3250 3249
f 1041 3223 3220
f 207 1043 3253
f 1043 2006 2005
f 1042 3252 2005
f 1044 221 2009
f 1045 1046 221
f 207 3255 222
f 3256 222 3257
f 3263 3256 3257
f 2007 3256 223
f 223 4525 2007
f 2012 1047 1046
f 1047 1051 1049
f 1051 3260 1049
f 3260 224 1049
f 1049 1048 2009
f 3337 1044 3258
f 3259 247 2048
f 3260 3261 224
f 1070 2011 3261
f 3257 3269 4590
f 3265 1053 3269
f 868 2927 1053
f 4525 3271 1054
f 1065 3293 2024
f 1052 1051 2012
f 3274 3273 1052
f 3274 3275 3276
f 3272 3275 3274
f 2023 3275 3293
f 225 3260 1051
f 3277 3312 225
f 3278 1056 1055
f 3276 3280 3278
f 2015 3280 3276
f 3280 2015 226
f 3458 3281 1058
f 3282 3279 2016
f 2017 3284 1059
f 2023 1059 3284
f 3285 3287 2017
f 3286 3287 227
f 1064 231 3286
f 3285 1059 1061
f 2023 234 229
f 1061 1059 229
f 3290 3291 1061
f 1152 3286 231
f 1064 1071 231
f 2022 3290 229
f 233 2022 1065
f 3299 3298 3296
f 3299 236 3298
f 2028 3303 3302
f 3304 3302 2026
f 2028 2029 3305
f 3304 2029 2028
f 2031 2026 2030
f 2027 2031 2030
f 2032 2027 3309
f 3307 2027 3308
f 3310 2032 3309
f 1075 1069 2034
f 3315 1075 2034
f 2034 1070 3311
f 3448 239 238
f 238 2036 3315
f 2036 3314 3316
f 240 3314 2037
f 3318 242 4274
f 2039 3316 1074
f 243 1069 1075
f 1075 3320 243
f 1076 2039 2041
f 3319 2039 1076
f 244 3320 2040
f 1076 2041 1077
f 3317 3306 2038
f 3322 3321 2042
f 3324 3243 2001
f 4697 3325 2043
f 4697 3243 3326
f 3325 3322 2043
f 3326 4638 1755
f 1080 3324 1998
f 3323 2045 3328
f 3330 1083 245
f 245 1083 3329
f 3328 245 1082
f 1082 3329 2101
f 3329 3416 2101
f 3331 3357 3332
f 256 246 3356
f 3345 3347 3348
f 2054 3344 3250
f 3338 2048 247
f 247 2051 3338
f 3259 3309 248
f 247 2050 2051
f 3336 1086 4718
f 2052 3342 1086
f 3391 250 1115
f 251 3344 2054
f 4807 4593 1113
f 4593 4807 3347
f 3351 252 3347
f 253 3349 3350
f 252 1089 254
f 246 1093 3356
f 3352 4594 3355
f 3332 1094 2057
f 3355 3359 3356
f 3359 3366 2059
f 1094 1095 3360
f 2103 1094 3360
f 2058 3358 3363
f 3361 3362 284
f 3363 1096 3364
f 2056 3367 4594
f 2055 3354 3372
f 1092 1098 258
f 1085 1092 3334
f 2060 3350 2061
f 2061 2063 3370
f 2062 2061 3350
f 3369 263 2062
f 3370 265 3374
f 3374 260 3373
f 3375 261 2073
f 3374 265 3376
f 253 2078 3349
f 3380 262 263
f 263 262 1100
f 267 3378 2068
f 265 4667 3376
f 3364 1103 1102
f 4081 579 266
f 266 2073 2513
f 2068 3378 2069
f 2069 268 2068
f 268 2071 1105
f 2068 268 1105
f 2070 2071 268
f 3382 3384 3380
f 262 3380 2070
f 3381 270 3382
f 3385 2071 3383
f 2072 3379 3386
f 4667 1106 271
f 1101 3376 271
f 2073 1101 271
f 273 2075 272
f 3388 1108 2076
f 1106 2072 3388
f 3404 4750 270
f 276 2077 4595
f 1114 2053 3220
f 1114 3220 3343
f 2079 1116 2080
f 1116 2079 1120
f 274 1119 4766
f 1117 2081 274
f 2082 275 2083
f 1124 3393 1121
f 1121 3393 4766
f 2050 1122 277
f 1123 1122 3341
f 3341 279 1125
f 277 1123 4705
f 2051 277 4592
f 277 3399 4592
f 1119 2084 1121
f 3398 276 2086
f 3390 3398 4641
f 1124 2087 1126
f 4705 4719 277
f 279 2092 1125
f 2092 2087 1125
f 4641 3397 2628
f 2089 3404 3381
f 2468 3404 2089
f 3405 4750 3404
f 4750 3406 272
f 3406 4085 1494
f 281 2076 4642
f 4137 2091 2124
f 278 714 3400
f 3296 3297 3412
f 3294 3300 3412
f 3300 3411 3301
f 3412 2578 4277
f 2094 249 3339
f 2093 3339 3411
f 1995 4744 4668
f 1130 3419 3422
f 1036 3415 2099
f 2101 2102 1131
f 2104 2103 3360
f 284 2104 3360
f 284 3365 1132
f 1133 2106 2107
f 2102 1133 2107
f 3417 1136 2108
f 3418 2110 3417
f 1135 2105 285
f 285 286 1135
f 3420 3421 2109
f 1136 287 2113
f 3424 4744 288
f 4744 3462 310
f 1137 290 2114
f 290 3427 1140
f 2113 3426 2115
f 3426 293 2115
f 2136 3429 2118
f 1140 3429 2117
f 2119 1143 2118
f 292 2119 293
f 3430 2120 1134
f 2121 3434 3431
f 3430 3434 3433
f 2122 295 3433
f 2122 1144 2123
f 1142 2119 2120
f 3465 2123 1144
f 283 3435 3436
f 2124 283 3436
f 1146 3437 3436
f 297 298 2175
f 298 3443 2126
f 1596 3303 2127
f 3446 2127 3306
f 300 3447 1150
f 2016 3289 3283
f 1058 3451 3452
f 3450 301 3283
f 3450 3283 3289
f 3453 1151 303
f 302 301 3453
f 307 1152 2130
f 3457 305 3447
f 3458 308 305
f 302 308 3454
f 2131 3459 1153
f 306 3459 2131
f 3455 306 303
f 3456 3459 307
f 3456 304 1153
f 2132 309 3165
f 2134 3478 3461
f 3477 3461 3478
f 310 2134 2096
f 2117 2136 2139
f 3466 319 313
f 1157 2138 1158
f 1159 1158 2143
f 2143 2138 316
f 3675 317 3474
f 317 318 3475
f 319 3475 401
f 2140 3480 4823
f 1159 2143 2142
f 2141 1159 2142
f 3470 312 3471
f 320 2141 321
f 321 3486 3485
f 1167 4823 3480
f 3480 3483 1167
f 2140 323 3480
f 1166 323 3706
f 1167 3483 1180
f 3486 1169 3485
f 2145 3485 2146
f 2146 4563 2145
f 1164 2147 3488
f 4563 3487 1170
f 2148 3490 1170
f 2150 2152 2145
f 3496 3494 2152
f 3479 320 3494
f 3493 4564 2155
f 3497 2157 3498
f 4541 3498 3500
f 3501 1176 3489
f 3530 1201 3501
f 3501 2168 336
f 1179 2149 3503
f 1178 1177 3502
f 3502 325 1178
f 328 2159 2161
f 324 1180 2160
f 3483 3507 1180
f 1180 3507 2160
f 3482 2162 3507
f 2162 1288 3508
f 3509 3508 2258
f 2164 4669 4597
f 2164 4678 4669
f 3511 4669 1291
f 3511 1291 1289
f 2161 3510 3512
f 2161 3512 327
f 3713 3513 327
f 1187 3515 1186
f 3516 1186 2166
f 1187 329 3517
f 1186 3515 1190
f 3520 3519 3521
f 333 3522 2167
f 1191 335 332
f 2167 3523 1191
f 3526 1194 3523
f 2151 3527 3528
f 338 4643 4598
f 337 3530 3524
f 336 3525 3530
f 3532 1197 2170
f 3532 2170 4208
f 3182 3534 1199
f 4526 1198 2171
f 3535 341 1200
f 1201 3530 3529
f 3445 2174 1147
f 4596 3538 3539
f 3540 3966 1413
f 3540 2176 3966
f 2176 3964 3966
f 1204 1205 3540
f 3544 3545 3543
f 1419 3891 3892
f 2177 1419 3892
f 2067 3432 3431
f 4135 2497 3676
f 4599 3676 344
f 1144 2180 2241
f 1209 2498 4134
f 1209 402 4672
f 343 2181 3964
f 346 3742 3551
f 1214 3545 1206
f 3556 3554 3555
f 3555 3554 3553
f 2186 4977 3553
f 4977 3555 3553
f 3552 2182 1216
f 4804 2183 3751
f 2183 4975 4802
f 4644 4996 4975
f 4996 4802 4975
f 4802 4996 3567
f 4996 4644 3567
f 3562 3563 3565
f 3563 1222 3565
f 348 3563 3562
f 3562 2184 348
f 1220 4979 4970
f 4979 3566 4970
f 4970 349 1220
f 3571 3570 3753
f 1225 3570 1226
f 4420 391 734
f 1228 5001 353
f 5001 1230 353
f 1230 1231 1229
f 354 1231 355
f 1233 1228 4674
f 1235 3579 3576
f 3579 2194 3580
f 3583 3584 3580
f 3584 4765 4752
f 3587 2201 2195
f 1436 3588 3587
f 2200 2196 1238
f 4812 3590 3591
f 3589 3548 3590
f 3595 3594 2978
f 3596 1238 360
f 3596 4781 1238
f 2199 4781 3596
f 2200 3587 3589
f 2200 361 2201
f 3597 1239 361
f 3621 1240 1239
f 383 4795 2224
f 3599 3602 2203
f 381 4015 2203
f 3599 4689 1245
f 3604 366 4655
f 1249 1248 2421
f 366 3605 2208
f 366 2208 3606
f 368 2204 4689
f 4602 3607 1245
f 2204 368 378
f 2206 2204 378
f 2206 3609 2204
f 3609 371 370
f 379 3610 372
f 3611 2207 2208
f 3605 3616 374
f 2209 373 3615
f 2215 1247 373
f 2211 374 2210
f 367 3611 2208
f 3611 367 2211
f 3616 3605 3617
f 3620 3597 1250
f 3629 2214 393
f 3624 2198 375
f 375 95 1877
f 3628 393 3659
f 1251 2213 1250
f 377 3623 2213
f 2216 3611 3612
f 1253 3611 1539
f 1253 627 1252
f 1255 371 2218
f 371 1255 2205
f 1243 1246 381
f 2220 381 2219
f 2221 365 1259
f 3632 3600 1242
f 4675 382 3600
f 3600 382 2222
f 3634 3635 383
f 384 3637 1443
f 384 2422 3637
f 4565 2422 384
f 384 3650 4565
f 385 3650 384
f 1256 385 2223
f 3636 3638 4721
f 3649 1257 3638
f 4795 2227 2224
f 2225 3648 3633
f 382 2225 3633
f 3641 3647 3643
f 3645 2226 387
f 1258 2221 1259
f 388 3644 3646
f 389 3644 388
f 3647 3772 2225
f 1261 3650 2291
f 4565 1261 2229
f 4565 2229 2230
f 1225 4998 390
f 4998 2229 390
f 2229 4998 3653
f 4998 1225 3653
f 3570 391 1226
f 3582 4647 3655
f 4040 3585 3586
f 2519 2217 2233
f 3630 377 2231
f 1251 3629 1262
f 393 3628 1262
f 1263 2231 3660
f 1263 3660 3667
f 3664 3663 2231
f 2217 3661 2233
f 3664 1263 3667
f 1264 3664 3665
f 3666 3667 3628
f 3668 3665 3666
f 1266 1265 3668
f 3659 3051 1267
f 1265 2238 3668
f 2236 3665 2235
f 3661 1264 3669
f 1264 454 3669
f 394 4722 2520
f 2236 3670 454
f 1269 397 3673
f 3666 2234 1266
f 3672 2234 395
f 396 395 1267
f 398 3673 397
f 2238 3787 3671
f 1271 2309 398
f 3124 1270 3126
f 980 1271 2239
f 1271 2240 3674
f 3677 399 3678
f 3678 399 400
f 400 4672 2242
f 3680 3678 400
f 403 3687 2242
f 3683 2243 404
f 409 404 405
f 2244 2243 1272
f 2244 3685 405
f 3681 2245 3684
f 1273 406 3684
f 3689 2288 3690
f 1275 3690 438
f 407 3691 408
f 4645 3692 3693
f 406 1277 2251
f 3699 3698 3700
f 2247 410 2250
f 4603 3701 1280
f 412 1322 411
f 415 2251 2247
f 2252 2253 416
f 1283 1284 3705
f 3700 416 3707
f 3708 2254 1285
f 2254 2255 1285
f 2255 2254 1286
f 2253 2257 1287
f 417 2257 3709
f 1288 2258 3508
f 3710 1292 2262
f 1184 3713 2259
f 2259 2260 3714
f 3712 1290 2276
f 1290 1291 4605
f 2263 1331 2257
f 420 1293 3718
f 421 1295 3775
f 3717 2265 3718
f 2261 419 418
f 418 2267 1297
f 2267 3721 2268
f 2268 3721 1298
f 3721 422 424
f 2269 1299 424
f 2269 427 1299
f 1299 2272 1304
f 426 2272 427
f 426 3723 1301
f 1300 3723 426
f 3722 1304 428
f 1305 428 3726
f 388 3646 3726
f 3646 2274 3726
f 2280 1298 1306
f 423 3729 429
f 3714 2277 1308
f 1308 1312 3714
f 3727 1184 3714
f 3727 3714 1312
f 3715 2278 3728
f 1315 429 3729
f 1310 3730 1308
f 1310 1311 3730
f 1313 1311 1309
f 1308 3730 2279
f 1313 430 1315
f 3720 3731 1307
f 2280 2274 432
f 2282 1314 2281
f 1315 434 1316
f 3737 3736 1192
f 3738 436 433
f 1319 433 3732
f 1319 3732 1255
f 1260 2205 1318
f 380 2286 1255
f 433 1319 3738
f 436 1320 2285
f 380 1320 3738
f 437 379 372
f 1254 3739 4194
f 3739 1252 4195
f 1210 4788 2288
f 4788 3690 2288
f 1276 1211 3550
f 4788 1211 1276
f 3740 1321 3559
f 2289 440 1321
f 1212 3744 2289
f 1212 1525 3744
f 3743 3744 3745
f 1517 3746 3745
f 3746 3747 3742
f 3746 3742 3743
f 3742 3747 3551
f 2181 3748 1517
f 3691 1218 2290
f 3561 2290 1218
f 442 2295 2306
f 444 4978 3652
f 4978 443 3652
f 4802 4965 3752
f 1325 4966 4965
f 4966 3752 4965
f 2295 2294 1327
f 1329 3749 3754
f 3765 4813 1328
f 1303 3773 3757
f 3758 3757 446
f 3725 3724 3759
f 447 3772 3642
f 3761 3642 3759
f 449 448 2297
f 3767 2299 4607
f 2298 2299 3767
f 3768 2299 2301
f 443 4978 2301
f 4978 444 2301
f 1325 4986 3769
f 4986 2300 3769
f 3769 2300 3766
f 3756 4982 452
f 4982 3769 452
f 3754 3756 452
f 3770 3755 452
f 3768 444 3649
f 3771 3639 451
f 450 3772 3760
f 3760 1330 450
f 2303 2304 1331
f 4754 3704 2303
f 4754 3703 3704
f 3717 2304 3775
f 3774 2304 2302
f 1332 1334 2302
f 3778 3776 3775
f 1333 1302 3777
f 2305 1300 1333
f 3778 3779 3776
f 2305 3779 4801
f 1303 1335 1327
f 2306 2307 3750
f 1339 453 4622
f 2235 1268 3784
f 3783 3670 1337
f 2314 3785 3786
f 3789 4567 2315
f 2315 457 3790
f 457 2315 1342
f 2556 2316 4240
f 3791 3793 2318
f 3785 2314 2319
f 4240 2317 1575
f 2313 3796 2322
f 2240 456 3674
f 1345 1346 2320
f 1345 2322 460
f 460 2325 1345
f 3797 2319 3793
f 2226 2273 3725
f 1347 3801 3798
f 2326 3798 2327
f 1762 463 3801
f 462 1351 4543
f 4543 2328 3799
f 464 2367 2329
f 1351 466 2328
f 466 465 2328
f 1352 1351 1353
f 3803 2330 463
f 2330 1353 463
f 1709 2330 2834
f 3804 467 466
f 467 469 3806
f 469 467 468
f 3810 3806 469
f 465 3806 3802
f 3805 3810 469
f 4796 470 3805
f 3809 3819 3812
f 3813 3808 471
f 471 2332 3814
f 4544 474 3817
f 3861 3817 4568
f 2335 4568 2336
f 2335 3818 1373
f 472 2339 1355
f 497 2338 2637
f 2342 2339 3819
f 3822 477 3811
f 478 2340 3823
f 1358 479 2341
f 2343 2339 2342
f 4724 4545 1359
f 2345 3824 2344
f 2347 2345 2344
f 2356 2341 483
f 3827 1360 481
f 498 3825 482
f 481 3884 3827
f 1362 2355 3828
f 1363 2348 848
f 2348 4608 850
f 2885 2349 1801
f 2352 2351 2887
f 2887 1365 2352
f 2353 2354 1365
f 4608 3837 2353
f 3836 3831 3837
f 3832 2354 3835
f 3836 3835 3831
f 3832 488 487
f 1364 3833 4306
f 483 3834 2356
f 59 3839 1363
f 1366 3844 3843
f 3843 3852 3842
f 3845 3846 1367
f 3841 4825 491
f 3864 3867 2361
f 4825 493 3849
f 1367 3850 3851
f 4569 495 3854
f 4569 3294 495
f 3859 3294 4569
f 2363 4698 1396
f 2483 2364 3856
f 3410 3858 1371
f 3410 1373 3858
f 1373 1372 2366
f 3862 1374 3868
f 3816 3868 1374
f 3867 3864 3863
f 3861 3860 1375
f 3860 1376 3869
f 3848 2368 3870
f 1376 2093 3869
f 3872 4350 1619
f 1377 3824 1378
f 1361 499 3875
f 2373 1370 3875
f 500 2371 3883
f 3883 3882 500
f 3875 3883 2371
f 3886 3885 3958
f 505 4646 1521
f 3893 3892 3894
f 504 3592 2178
f 4646 505 2378
f 3903 4691 506
f 1385 1384 4740
f 3899 3898 501
f 2380 2357 3900
f 3899 1384 3903
f 2383 1384 2382
f 2383 3905 1384
f 4740 1387 1386
f 1388 2388 1391
f 2384 2385 3902
f 1389 4777 3909
f 2388 3953 1391
f 3908 3952 2386
f 933 1864 3951
f 509 2389 3914
f 1393 2391 2389
f 2391 1393 511
f 3914 4755 2392
f 1395 3916 510
f 2392 4838 2640
f 4838 512 2640
f 512 514 513
f 515 3921 1399
f 4814 3922 514
f 4365 3922 2641
f 3923 2641 1400
f 3924 1401 1400
f 3932 1400 516
f 2395 3925 517
f 3927 4814 3926
f 1403 3927 518
f 1402 518 3927
f 518 3928 1406
f 4815 520 519
f 3929 521 1407
f 3930 3937 3931
f 1407 3935 3930
f 3935 1407 2396
f 3940 3939 3936
f 2398 3940 3936
f 3940 3941 523
f 523 1409 3940
f 3940 1409 3939
f 3941 524 528
f 2399 3943 3942
f 3945 1410 528
f 1412 4707 527
f 3948 3921 530
f 3950 3948 530
f 2402 2401 3948
f 3950 2402 3948
f 2357 1380 3954
f 2394 2505 3960
f 2505 4849 3960
f 4849 3961 3960
f 536 3966 533
f 1415 536 1414
f 2405 3541 1413
f 2176 343 3964
f 2404 2193 3541
f 3972 1416 3971
f 538 3972 3971
f 1427 3973 2406
f 3974 1417 3972
f 3980 3976 1418
f 3977 1419 2407
f 2407 1421 3978
f 540 1421 2407
f 3979 1421 3982
f 1422 541 1417
f 1417 541 3987
f 4803 540 3983
f 357 2193 2404
f 2409 1427 4546
f 541 3988 2409
f 4771 542 3982
f 2411 542 4771
f 1428 4771 3981
f 2411 1429 542
f 2413 3991 4816
f 3998 1429 2411
f 1429 1431 3992
f 2423 545 543
f 3994 3995 1433
f 544 2194 3581
f 544 4736 3996
f 544 1236 2194
f 3997 1434 3996
f 1450 4528 4025
f 3992 4994 3993
f 4994 4011 3993
f 1431 2415 1441
f 2415 1431 1429
f 1435 4001 1428
f 2420 2416 1437
f 1439 4008 4007
f 4610 1441 4016
f 4010 4739 1257
f 1242 4014 3601
f 364 549 1440
f 4009 4015 1440
f 550 4016 2230
f 1445 4020 4756
f 4018 551 4019
f 4017 1446 1445
f 4021 1449 2423
f 4022 1449 4024
f 4023 1448 1449
f 2424 1447 4030
f 545 4726 3994
f 4025 4027 1453
f 1452 4026 1434
f 2450 4030 1668
f 1456 554 1484
f 4027 2426 1453
f 1454 1453 2427
f 2427 2426 1456
f 4033 4035 392
f 4033 4032 4034
f 4035 4033 1457
f 2433 2432 1237
f 2430 1232 2432
f 3578 4612 1460
f 4039 3657 4038
f 558 556 4041
f 1459 2435 1461
f 2434 2442 4043
f 4043 4044 2434
f 4039 4044 2438
f 2438 2673 4039
f 560 4048 4045
f 3984 2440 1464
f 2439 4067 1669
f 2440 2449 1464
f 2440 3984 4727
f 4047 4727 3984
f 4049 4048 2441
f 1465 4049 1463
f 1465 4048 4049
f 4051 562 1467
f 1468 1467 563
f 4613 4047 4051
f 4051 1468 1469
f 1474 2436 4053
f 1474 4053 558
f 1457 2443 4054
f 2443 2429 564
f 565 564 2429
f 566 2444 555
f 1478 567 1481
f 4614 4057 4059
f 571 2447 4057
f 2445 570 1479
f 1479 4070 4061
f 4681 1480 571
f 4060 2446 4681
f 4074 2445 4757
f 572 1481 1480
f 1481 2448 1478
f 2463 2446 4060
f 2448 4052 1478
f 1488 574 2460
f 1485 4036 1484
f 4073 4757 2455
f 1486 4071 577
f 4077 2457 4074
f 1489 4077 4074
f 2458 4076 4571
f 4076 2459 1489
f 4072 578 4571
f 2459 2461 1490
f 2464 2465 4079
f 4066 4451 1483
f 1103 580 1102
f 580 2466 1491
f 606 4616 4693
f 1491 4084 580
f 4083 4081 266
f 1493 583 1499
f 2475 4086 1499
f 2469 1494 4086
f 273 581 1128
f 4086 1495 2469
f 582 1495 2475
f 2476 1495 1496
f 1496 582 2471
f 1503 2472 4089
f 1504 4087 1497
f 583 4708 1498
f 4642 4808 2477
f 4808 4090 2477
f 4094 585 584
f 1500 4095 2477
f 599 4093 4548
f 4090 2476 1500
f 1500 2476 4096
f 588 4096 2472
f 2373 590 3856
f 1506 2481 2480
f 4104 4097 1507
f 1506 2370 1507
f 2371 590 2373
f 591 2370 3880
f 4099 4101 4548
f 4101 598 4548
f 4102 4101 4099
f 1510 595 4103
f 2484 4103 594
f 594 4098 2484
f 2484 4105 4127
f 4100 4104 592
f 592 3888 596
f 4127 2495 2484
f 2495 597 4103
f 593 4107 599
f 4107 4828 600
f 4108 1512 2486
f 4129 2486 4728
f 4728 4828 1514
f 4112 4110 1511
f 1514 4110 4549
f 4112 2487 4113
f 4121 1510 597
f 1516 2490 4132
f 603 602 4118
f 4120 1517 1525
f 605 538 2494
f 1518 2493 2495
f 4124 1518 2495
f 1521 2494 4124
f 2496 3896 3891
f 4125 3977 3978
f 1419 3977 2496
f 607 1524 4130
f 4133 2498 4117
f 4117 4131 4133
f 2490 608 4132
f 608 603 4118
f 4120 4132 608
f 1210 4131 1211
f 609 1524 345
f 610 1522 4136
f 2499 4846 1145
f 4846 611 1145
f 4708 4138 612
f 4140 2500 1526
f 1527 4834 1529
f 4834 4142 1529
f 1528 1530 2507
f 2503 613 2502
f 2502 2506 4144
f 4144 4550 4648
f 3439 4845 2499
f 2174 4853 4845
f 4853 2499 4845
f 3857 4550 2505
f 4145 1532 529
f 4153 4145 4707
f 1535 618 4148
f 1533 1535 4148
f 3444 1533 1148
f 4729 4153 1412
f 2509 621 1535
f 4729 2510 4153
f 3946 622 2510
f 4154 4658 622
f 4152 4154 1405
f 4152 2511 4156
f 623 620 4156
f 2507 4572 4143
f 4083 2513 1536
f 1537 3407 4157
f 4109 624 4108
f 4109 1536 624
f 600 1512 2514
f 625 4157 2479
f 4093 2514 2479
f 1538 2519 4172
f 2534 1538 4232
f 4650 4158 155
f 4650 4229 4159
f 2546 2515 4741
f 4759 4162 2515
f 4158 4741 4162
f 156 649 4800
f 4234 2516 1541
f 4163 4164 1542
f 4234 2517 2516
f 1543 1569 4163
f 2550 4164 4163
f 2550 1548 4164
f 4167 1549 4169
f 632 1549 4167
f 632 4167 1548
f 4172 4171 632
f 394 1551 1549
f 2522 1552 1945
f 4178 4182 4180
f 4180 4182 1555
f 1546 1555 1547
f 4178 2523 4182
f 1192 3736 4184
f 4184 4190 4772
f 4185 2526 4187
f 2528 372 1254
f 1556 437 2528
f 1563 2529 638
f 1558 639 4189
f 4198 2530 2537
f 4198 1560 2530
f 1563 4205 4188
f 1563 2531 4191
f 2528 1254 4193
f 2532 2533 4194
f 2533 2532 4196
f 641 4195 1561
f 639 4198 1559
f 1559 4200 1562
f 4772 4199 1562
f 4200 3520 1562
f 4198 4201 2535
f 4203 4643 4204
f 4202 2535 4207
f 4207 4201 4205
f 4207 4205 4206
f 4207 4624 2536
f 642 4206 1563
f 642 1563 4191
f 4208 4209 3532
f 2538 4210 4209
f 2538 642 4210
f 642 643 4210
f 4192 640 4212
f 1564 1565 645
f 4213 644 645
f 4218 647 2540
f 4217 4215 4226
f 4222 646 2539
f 4213 4220 2542
f 4219 2542 4224
f 4223 4224 4221
f 4223 2544 4224
f 4225 4222 4224
f 1567 2544 4223
f 4809 4227 1567
f 4223 3111 4809
f 1566 628 4231
f 4817 2548 2549
f 4232 633 2534
f 1568 2550 648
f 4234 4759 1543
f 4237 1340 2554
f 1340 2316 2556
f 1572 2557 4237
f 2557 1572 3790
f 4238 2555 652
f 4627 4239 4242
f 986 4243 1972
f 1573 4240 1575
f 2558 1573 1575
f 4651 2688 1576
f 2589 653 4289
f 2560 2562 4489
f 4246 1577 2560
f 1578 4248 1579
f 2560 2561 1579
f 2562 654 4247
f 4489 1580 2563
f 1581 656 2563
f 4250 657 2564
f 2564 2565 4251
f 2565 2564 4253
f 657 666 658
f 666 4255 658
f 4254 4856 661
f 662 4861 4856
f 4861 661 4856
f 4819 2579 1582
f 661 4861 2580
f 662 4934 4861
f 4934 2580 4861
f 2568 4917 662
f 2580 4934 4917
f 4934 662 4917
f 662 4683 2568
f 4258 4259 665
f 4260 4259 4258
f 666 4260 4258
f 4264 4259 4260
f 666 2571 4264
f 2571 657 4575
f 4575 657 2572
f 4250 2572 657
f 1585 2572 4629
f 1585 4262 2572
f 4266 2570 4261
f 4287 4265 667
f 4263 3317 4267
f 4269 1586 4629
f 668 1587 1588
f 670 2574 1588
f 2575 1584 1586
f 1596 4791 4652
f 235 4652 4791
f 1073 1072 2559
f 4273 671 4553
f 671 4273 4272
f 672 1590 4270
f 4272 672 4270
f 1590 2576 1589
f 2577 4274 1592
f 4267 3318 4274
f 4276 4275 4249
f 2718 4869 4283
f 1593 4937 4869
f 4937 4283 4869
f 4278 4956 4893
f 4956 1593 4893
f 4893 1594 4278
f 1582 2579 1594
f 674 4898 2568
f 2580 4917 4898
f 4917 2568 4898
f 4280 4282 675
f 673 675 4281
f 4278 4279 674
f 678 4281 677
f 2718 678 2582
f 2582 4960 2722
f 4960 677 2722
f 4280 4959 4282
f 4959 676 4282
f 2584 2585 2583
f 4257 4912 4894
f 4912 4293 4894
f 4894 2588 4257
f 4287 4286 2589
f 681 682 4291
f 2593 2596 2592
f 2596 2593 688
f 2594 4493 2593
f 4493 2597 688
f 680 4920 2587
f 2597 4932 4920
f 4932 2587 4920
f 4293 4912 4865
f 4912 4257 4865
f 4865 4684 4293
f 4293 4288 2595
f 3317 4263 3446
f 4294 4263 4268
f 1596 4294 4745
f 2587 4932 4285
f 4932 2597 4285
f 4494 4916 4285
f 4916 2586 4285
f 2586 4916 4867
f 4916 4494 4867
f 4867 4284 2586
f 3805 468 1597
f 4296 4796 3805
f 1597 4296 3805
f 4296 1597 691
f 4297 3821 4796
f 2598 4297 692
f 4309 1598 1601
f 4308 2598 692
f 1600 1601 2598
f 692 4297 4796
f 4296 692 4796
f 4308 4299 4300
f 2613 2612 4505
f 2602 4301 54
f 4303 4302 4304
f 4303 2609 2895
f 2602 4305 4301
f 3830 696 4305
f 3830 1364 4306
f 4307 2604 2603
f 1362 4307 4306
f 4300 2608 4308
f 2606 4310 4309
f 4311 2606 2605
f 4311 4310 2606
f 4314 1607 2607
f 4312 2607 4321
f 695 1602 2609
f 1602 4554 2609
f 2895 2609 4822
f 2609 1603 4822
f 3004 4317 1879
f 1603 4317 3004
f 4317 4318 1879
f 4317 1604 4318
f 4315 4320 1604
f 4318 4320 4555
f 3012 3013 3014
f 2613 4326 2612
f 1608 4330 4324
f 4323 703 4341
f 2614 4331 2615
f 701 4336 2615
f 4325 4685 701
f 4336 4685 1719
f 701 4685 4336
f 2618 2620 2619
f 706 4337 4339
f 1606 1614 710
f 2623 4342 707
f 1610 707 711
f 1610 1612 2623
f 2624 1612 4343
f 709 2624 708
f 1615 709 2626
f 708 2626 709
f 2626 708 4699
f 2626 122 927
f 1617 3403 280
f 1617 280 3402
f 712 3402 2628
f 4348 4347 2629
f 1619 1126 1371
f 4348 1618 4346
f 4348 4351 1618
f 4351 4348 2632
f 2630 4348 2629
f 2632 2630 4353
f 2632 2634 4351
f 1620 2633 2634
f 2635 2631 4354
f 497 2635 4354
f 497 2637 2635
f 715 2637 2636
f 4360 2636 716
f 3913 1621 716
f 4357 1146 3435
f 1622 4358 2638
f 1620 4360 1392
f 4359 2639 2638
f 2639 719 1622
f 4359 718 2639
f 1626 718 4359
f 4358 1622 2652
f 4358 4835 4356
f 4835 4556 4356
f 1625 1624 718
f 513 4842 512
f 4842 2640 512
f 2640 4833 4700
f 4833 4364 4700
f 4700 4364 1628
f 2654 4851 4361
f 4851 1627 4361
f 4361 1628 2654
f 4367 4364 4365
f 1628 4367 4530
f 4376 1657 720
f 4376 720 3923
f 4373 4368 3933
f 4632 3934 3932
f 3934 4632 2642
f 4370 724 721
f 1631 4577 722
f 721 2642 1631
f 723 4371 4369
f 723 4373 1630
f 1631 1630 4577
f 1657 4376 2643
f 1633 725 1634
f 2644 1632 4378
f 4377 2645 4378
f 2644 4378 4379
f 4378 2645 4379
f 726 4379 4380
f 727 4382 4381
f 2646 1638 1639
f 1411 615 1639
f 1641 2649 4692
f 1644 4692 2649
f 1646 1643 1644
f 4394 1645 728
f 1646 1644 2647
f 2647 2649 4387
f 1627 4851 2653
f 4851 2654 2653
f 2654 1647 2653
f 2655 3441 4389
f 4389 729 2655
f 1648 729 4389
f 1647 729 1648
f 729 1647 1649
f 1653 1649 2656
f 729 1649 4392
f 4773 1203 342
f 1651 4392 4396
f 1636 4397 1655
f 4395 4390 1654
f 4390 4530 1654
f 1656 4530 2660
f 2660 4530 4367
f 1655 2660 731
f 726 1655 731
f 2643 4687 1657
f 2190 2661 4398
f 4399 4734 1661
f 4400 4402 2662
f 4428 2662 4401
f 2674 4405 2663
f 2674 2663 1664
f 4406 1663 352
f 735 4406 352
f 4411 4407 735
f 4406 735 4407
f 1664 1666 4426
f 1666 1665 4408
f 2665 4426 2664
f 1665 1667 4408
f 4408 1667 4409
f 560 4410 4412
f 2666 4412 735
f 4610 736 4418
f 550 736 4610
f 550 3654 736
f 4421 4017 737
f 551 4421 4422
f 1447 1668 4030
f 355 356 3657
f 2666 4425 4412
f 560 4412 4425
f 4443 1664 4426
f 4443 4426 739
f 2662 4402 4427
f 2662 4427 4688
f 2675 4431 4429
f 2676 1675 1671
f 1673 1659 1672
f 1670 4432 1659
f 741 740 1673
f 741 1673 1672
f 1672 4432 1679
f 740 741 1674
f 1674 1677 2676
f 2676 4433 1675
f 742 4424 4435
f 2678 742 4435
f 2678 4435 743
f 4439 743 4434
f 4557 4438 4437
f 4437 4438 744
f 575 4437 744
f 744 1676 4066
f 4433 4440 2679
f 4447 746 1674
f 4447 1674 741
f 1679 4447 741
f 4443 739 2680
f 748 4445 4444
f 2682 2681 4445
f 1679 4448 4441
f 4441 4448 2683
f 4449 4450 1677
f 1677 4450 4433
f 4450 2684 4440
f 2685 745 2684
f 1678 4451 4069
f 2687 2686 1680
f 1681 4453 2687
f 4762 1681 4454
f 4458 1681 4762
f 2693 2687 4453
f 2689 749 2693
f 750 4455 4456
f 4456 4455 1683
f 1685 4558 4461
f 4462 1685 4461
f 4472 1686 4558
f 2706 4472 1685
f 4459 4762 4454
f 4464 4462 4461
f 4463 752 2691
f 4466 752 751
f 82 2973 2701
f 2701 2702 4466
f 4778 2699 4694
f 4748 2699 4465
f 2698 4748 898
f 750 2693 4455
f 4633 2694 1686
f 1688 2694 4633
f 750 754 1687
f 4467 4906 4901
f 4906 2696 4901
f 4901 2695 4467
f 1687 687 753
f 1687 4468 2594
f 2695 4857 4468
f 4469 4924 4857
f 4924 4468 4857
f 4471 1689 2724
f 4477 2697 755
f 2700 755 4633
f 4474 2698 1690
f 756 2705 757
f 4560 758 2701
f 758 2702 2701
f 2706 4462 758
f 2699 2704 4694
f 2704 2699 1691
f 2703 2706 758
f 4484 759 764
f 2707 1693 759
f 4478 3842 1693
f 2708 3850 4246
f 1577 4246 494
f 4488 2709 1694
f 760 4819 1698
f 4482 2710 4481
f 761 2714 767
f 4941 4942 4859
f 4942 4481 4859
f 4945 4946 4942
f 4946 4481 4942
f 4947 4948 4946
f 4948 4481 4946
f 4949 4950 4948
f 4950 4481 4948
f 4951 4952 4950
f 4952 4481 4950
f 4953 4954 4952
f 4954 4481 4952
f 4481 4954 4483
f 4954 4953 4483
f 4483 4953 4951
f 4953 4952 4951
f 4483 4951 4949
f 4951 4950 4949
f 4483 4949 4947
f 4949 4948 4947
f 4483 4947 4945
f 4947 4946 4945
f 4483 4945 4941
f 4945 4942 4941
f 4483 4941 762
f 4941 4859 762
f 4859 4909 4862
f 4909 1697 4862
f 4862 762 4859
f 4481 4887 4859
f 1697 4909 4887
f 4909 4859 4887
f 764 4485 4484
f 899 1708 4486
f 759 2712 764
f 1693 2713 4487
f 2712 4487 765
f 2713 1699 4487
f 4489 655 4488
f 4488 655 767
f 767 766 4488
f 765 766 2723
f 762 4868 4483
f 4868 1696 4483
f 2715 4943 4895
f 4943 768 4895
f 4490 4936 4895
f 4936 2715 4895
f 768 4943 4907
f 4943 2715 4907
f 4907 763 768
f 2715 4936 4911
f 4936 4490 4911
f 4911 1701 2715
f 4491 4922 4470
f 4922 4490 4470
f 1697 4921 4871
f 4921 1695 4871
f 2719 4908 4871
f 4908 1697 4871
f 679 2720 2718
f 1702 2720 2721
f 2582 1705 679
f 4468 4924 4892
f 4924 4469 4892
f 4892 4493 4468
f 1706 4915 4899
f 4915 1704 4899
f 4899 769 1706
f 1707 2722 4494
f 2716 4497 2723
f 2716 766 2714
f 4497 1700 2723
f 4495 4497 4491
f 4498 4495 2724
f 1700 4497 4496
f 4500 4497 4495
f 4477 4501 4499
f 2835 1710 1709
f 1711 694 2599
f 2726 4630 694
f 694 1711 2725
f 4503 4504 2725
f 4506 1712 4504
f 2726 1712 4505
f 2727 2613 4505
f 2728 31 2729
f 2729 31 4510
f 2731 4509 2730
f 774 3019 913
f 4509 774 4511
f 1717 4514 4515
f 1717 4511 2732
f 102 4514 4513
f 4336 1719 1721
f 1884 1720 4516
f 1720 4517 776
f 778 776 775
f 778 775 2735
f 4518 109 1723
f 4732 1723 109
f 704 2616 112
f 1722 1723 4732
f 1723 2734 4518
f 4518 1725 4763
f 1724 779 2734
f 1725 4520 4763
f 1725 4519 4520
f 779 4521 4519
f 778 2735 2617
f 2742 1729 2741
f 2779 797 1732
f 2751 2013 1020
f 2750 783 784
f 786 2754 2755
f 2756 2755 789
f 2755 783 2757
f 789 2755 2757
f 1742 2830 2785
f 2802 2808 2801
f 2728 1713 2837
f 818 1763 2728
f 1779 1769 1772
f 33 2837 30
f 1776 1777 35
f 828 2844 824
f 2843 37 828
f 41 2855 832
f 1786 37 831
f 1797 46 839
f 2862 839 2863
f 2865 1794 1793
f 2865 4533 1794
f 45 844 1798
f 2868 1800 1799
f 2873 1802 2870
f 1805 1807 2877
f 2894 1813 4302
f 1816 2907 2906
f 860 2916 2917
f 1834 2939 2940
f 2933 1839 878
f 2944 2946 1837
f 884 1844 2949
f 2949 79 2950
f 3847 2958 2358
f 2958 886 2959
f 886 1366 2959
f 2095 2966 82
f 869 888 3414
f 83 68 2928
f 1857 2972 88
f 90 89 4583
f 3000 906 2992
f 905 2999 3000
f 58 3006 3005
f 3018 103 1718
f 3032 912 3009
f 3023 102 4536
f 4536 104 3023
f 923 3022 3033
f 2788 123 3040
f 1909 1906 1903
f 3050 3626 3049
f 1863 135 1909
f 3060 940 1865
f 4662 3064 1873
f 3068 138 3072
f 3076 4775 3081
f 3090 4715 1918
f 953 954 1923
f 146 1924 147
f 3104 1928 151
f 3102 3103 153
f 1930 1929 4664
f 150 1931 996
f 964 155 966
f 3108 3110 3109
f 1952 1951 969
f 1934 162 157
f 3123 163 3122
f 4797 973 1545
f 4165 3145 973
f 990 989 3146
f 3171 1956 3170
f 3177 4764 1008
f 1012 3105 3187
f 184 3178 185
f 3179 1013 4227
f 4244 1015 1972
f 1973 1974 190
f 193 4665 167
f 3203 4717 192
f 196 1017 3203
f 1977 3202 196
f 202 1025 1027
f 3217 1026 806
f 1027 3213 3212
f 3216 1027 205
f 1986 1988 3218
f 3218 1988 3219
f 1989 3223 1990
f 1990 3223 3222
f 1040 3223 1041
f 4810 1035 214
f 3233 2098 1995
f 1998 217 1997
f 1999 211 2042
f 3238 3244 3245
f 3250 3345 3249
f 1052 2008 3274
f 3262 4590 2014
f 3268 1053 3265
f 1052 3273 1051
f 225 3312 1070
f 3278 1058 1057
f 3289 1060 3288
f 1061 229 3290
f 3301 236 3299
f 1068 3301 1067
f 1083 3333 3416
f 3335 3343 1989
f 1091 1090 255
f 3357 257 3332
f 1098 3354 258
f 261 260 3374
f 4794 2066 2064
f 1113 1116 2078
f 3394 1119 2081
f 1126 278 1124
f 273 1128 1108
f 2076 281 3409
f 283 2091 3403
f 3300 3294 3411
f 2100 3415 1996
f 3333 2057 2103
f 288 216 1139
f 3462 4744 311
f 1132 1134 284
f 1596 2127 4294
f 3282 3451 226
f 304 3456 1150
f 3467 2140 4823
f 323 1166 3480
f 1169 1168 3488
f 1169 3488 2148
f 1003 182 1171
f 2156 1176 4780
f 3502 324 3505
f 1187 3514 3515
f 3516 2166 330
f 2166 1190 335
f 4526 4216 1198
f 3533 1962 341
f 3538 4391 4393
f 3547 3983 3549
f 2179 4527 1141
f 439 1218 3559
f 3560 4804 3751
f 2187 349 1222
f 4399 4997 3569
f 4997 4701 3569
f 4701 2189 2188
f 3576 2191 3564
f 4673 1227 353
f 1230 3578 1231
f 1232 3578 1230
f 1235 2194 3579
f 1238 3593 3595
f 1241 1244 4679
f 3604 4655 3598
f 381 2203 3602
f 373 1247 2210
f 375 1877 3624
f 1539 627 1253
f 1255 2218 380
f 1260 2219 3608
f 3636 4721 2224
f 4795 3635 3639
f 3644 3645 4675
f 3651 390 1261
f 2217 3631 3658
f 2232 3661 3658
f 3671 2235 3668
f 3671 1268 2235
f 3124 3125 1270
f 1271 3674 2309
f 2243 3683 401
f 3688 4676 1274
f 407 408 1275
f 3693 3696 3694
f 3701 3703 1280
f 1285 2255 2162
f 414 4754 2263
f 3713 4670 2259
f 1290 4605 2261
f 2266 1295 1296
f 1295 421 1296
f 3719 422 2267
f 425 424 2271
f 3758 3723 1303
f 3729 423 3720
f 3729 3720 1307
f 4542 3734 434
f 1317 2285 2287
f 4788 1276 3690
f 1322 4805 1323
f 2293 1326 3755
f 448 3765 2297
f 3769 3770 452
f 1300 1302 1333
f 3781 2306 4824
f 413 2307 1332
f 3670 2235 3784
f 2325 1346 1345
f 4543 3799 2327
f 3813 3814 4544
f 2336 3818 2335
f 2338 476 2637
f 2354 2352 1365
f 487 488 3833
f 3841 491 3847
f 4825 3849 1367
f 3848 4825 2361
f 3854 495 1578
f 3855 3854 493
f 492 3859 3855
f 1370 2373 3878
f 3862 2367 1349
f 2367 3863 3866
f 1375 473 3861
f 500 3880 2370
f 3903 3898 3899
f 508 4360 1621
f 514 4365 513
f 3934 3923 1400
f 1402 3927 3926
f 1405 4725 3928
f 1407 3936 2396
f 3940 2398 3943
f 3943 525 3940
f 3942 2398 521
f 531 3960 3961
f 3957 3958 3959
f 3973 3967 2406
f 2406 2405 1415
f 2406 1415 3970
f 3976 3975 537
f 3967 539 3996
f 1424 4000 1435
f 1244 547 546
f 2418 4004 4005
f 2418 4007 2417
f 1454 1455 1451
f 4547 2427 1456
f 1462 4042 2436
f 4053 2436 4042
f 1472 2436 1474
f 1475 4055 1474
f 4070 566 555
f 4056 1476 565
f 4826 568 569
f 571 570 4681
f 573 4069 2453
f 1484 1487 1485
f 2463 4060 2462
f 4078 4065 2461
f 2466 1103 2059
f 4089 2472 2474
f 1504 1497 4088
f 4092 2479 626
f 2479 4157 626
f 2480 585 4094
f 2363 2483 1503
f 2497 1523 2489
f 4119 608 4798
f 3890 2496 1520
f 4134 2498 4133
f 612 2501 2504
f 1504 4550 3857
f 2510 4658 621
f 4155 4154 622
f 2216 1538 1539
f 4229 4650 3111
f 1542 629 1545
f 4163 1542 2517
f 1568 632 4170
f 2522 4181 1552
f 4178 4181 2523
f 2281 2525 435
f 4186 4185 4189
f 4598 4643 4758
f 645 1565 1566
f 646 4211 2539
f 4218 4214 4730
f 4215 4218 4730
f 4226 4215 4730
f 2541 646 4222
f 628 1540 4231
f 2550 4170 1548
f 1570 453 651
f 684 1576 4452
f 2564 656 1581
f 2566 2565 4253
f 1583 665 663
f 4265 4259 4264
f 1596 2575 4791
f 678 2718 4283
f 2583 2585 4628
f 681 2590 682
f 4288 4293 4684
f 1600 2598 4308
f 4305 2601 4304
f 2603 696 3830
f 4312 4315 4316
f 1604 4320 4318
f 4761 4322 1607
f 1726 2617 705
f 2629 4347 713
f 2633 717 4351
f 2632 4353 4352
f 2633 4359 2638
f 1625 509 2640
f 4361 4700 1628
f 4362 4700 4361
f 722 1633 4370
f 2644 726 4687
f 4383 1410 1638
f 4385 4692 1644
f 2651 1640 2650
f 2658 4395 1642
f 2659 4397 1636
f 1656 2659 1654
f 2644 4687 725
f 1659 1658 733
f 2661 4976 4398
f 4976 3573 4398
f 3573 4976 734
f 2661 4983 4976
f 4983 734 4976
f 733 732 1670
f 734 4419 4420
f 742 738 4424
f 2450 4437 575
f 4688 4448 4432
f 746 2682 1677
f 2591 686 2693
f 2704 2705 2706
f 1690 1691 4474
f 758 4462 2702
f 659 660 760
f 899 1847 4484
f 4484 4485 899
f 1693 4479 2713
f 4498 2724 1689
f 4500 4499 4501
f 694 2725 4504
f 1712 770 2727
f 2728 2729 1714
f 2613 1715 4326
f 1718 102 4513
f 1721 2615 4336
f 706 779 1724
f 1727 2 1
f 780 2 1727
f 4742 1 2
f 4742 2739 1
f 2741 1 2739
f 3 1727 1
f 3 780 1727
f 2736 3 4636
f 4 1734 2736
f 2737 4636 1729
f 1730 2736 4636
f 2737 1729 1728
f 1730 2737 4711
f 4636 2737 1730
f 8 2736 1730
f 2737 1728 1733
f 1728 2738 1733
f 1728 1729 2742
f 1729 1 2741
f 2742 2741 1731
f 2742 2743 1728
f 782 1733 2738
f 1730 4711 8
f 8 9 2736
f 780 3 1734
f 1848 4578 780
f 4742 5 2739
f 5 4742 2740
f 2740 2 4578
f 2740 2793 2794
f 2794 19 2740
f 6 2739 2745
f 6 2744 2741
f 2741 2744 1731
f 2743 2742 781
f 2743 2748 4637
f 2748 2743 781
f 781 2742 15
f 15 2742 1731
f 6 2746 2744
f 6 2745 2746
f 2747 2746 2792
f 2747 7 2744
f 1731 2744 7
f 781 15 798
f 2738 4637 1732
f 1732 797 2738
f 801 2748 798
f 782 2738 797
f 2758 1733 782
f 9 8 1737
f 2736 9 783
f 2736 783 4
f 4 2750 780
f 2750 1848 780
f 2749 1735 10
f 11 21 10
f 21 11 805
f 2749 2750 784
f 784 786 2749
f 2752 2751 1735
f 785 1735 2751
f 805 11 1736
f 4532 1736 785
f 1019 2751 1020
f 786 2753 2749
f 786 784 2754
f 2754 783 2755
f 2753 2756 870
f 870 1828 2753
f 1828 867 2752
f 2755 2756 786
f 9 2757 783
f 2757 9 1737
f 1737 8 2761
f 8 4711 2761
f 782 797 2759
f 4711 2758 2761
f 2762 2761 787
f 2765 2761 2762
f 2763 2757 1737
f 790 789 2757
f 2757 2763 790
f 2763 2765 2764
f 2763 1737 2765
f 2764 790 2763
f 2760 787 788
f 2766 2760 2767
f 788 2767 2760
f 2767 2773 2766
f 4737 2773 2767
f 2765 2772 2764
f 2764 2772 2771
f 1738 2768 790
f 790 2768 2769
f 789 790 12
f 2944 2943 2769
f 2774 792 791
f 791 793 2774
f 2766 793 791
f 2766 2773 795
f 2775 795 2773
f 795 2326 2766
f 2326 1739 793
f 2774 793 2832
f 2772 2774 794
f 2772 794 2771
f 2963 887 794
f 793 1739 2832
f 2326 2327 1739
f 13 2773 4737
f 2767 796 4737
f 2767 788 796
f 796 2776 4737
f 797 2778 2759
f 797 2779 2778
f 15 1731 2780
f 2787 801 798
f 16 801 2786
f 2781 14 2779
f 2778 17 2777
f 2778 14 17
f 4737 2776 799
f 799 13 4737
f 799 18 13
f 799 4531 18
f 13 18 2783
f 13 2783 2775
f 18 3800 2783
f 4531 1741 18
f 4523 799 2784
f 14 2782 17
f 2782 2784 17
f 2782 4523 2784
f 1740 2782 800
f 1741 4531 2830
f 2830 1742 1741
f 3800 1741 29
f 29 2785 2831
f 4531 4523 2830
f 4523 1761 2830
f 1761 4523 1740
f 829 1740 2829
f 800 2829 1740
f 2829 800 2828
f 2781 2782 14
f 2779 1743 1759
f 1743 801 16
f 2780 1731 7
f 2747 1744 7
f 7 1744 804
f 2790 1744 2747
f 804 802 7
f 2788 803 802
f 2876 16 2786
f 2789 2876 2786
f 2789 2786 803
f 2789 803 2788
f 802 804 2824
f 2824 804 2823
f 1745 2823 804
f 2790 1745 1744
f 2790 2747 2792
f 2791 2792 2746
f 2746 2745 2791
f 2791 2795 2804
f 2791 19 2795
f 19 2794 1746
f 2794 2797 1746
f 2801 1746 2797
f 20 2804 2795
f 1746 2803 20
f 1746 2801 2803
f 2796 2801 2797
f 2794 1747 2797
f 21 2798 10
f 21 1748 2798
f 1748 199 2798
f 1748 21 805
f 1748 805 1982
f 2799 805 1736
f 1736 4532 2799
f 805 2799 1992
f 2799 202 1992
f 2799 2800 202
f 202 2800 1025
f 2800 4532 1025
f 2803 2808 808
f 20 808 809
f 808 807 809
f 2804 20 809
f 2791 2804 22
f 2790 2792 22
f 2805 22 2804
f 2805 2804 809
f 2807 2806 2805
f 22 2805 2806
f 22 2806 2790
f 2790 2806 1749
f 1749 2806 2810
f 2810 2806 1751
f 2806 2807 1751
f 1750 2807 2805
f 24 1750 1757
f 2809 1750 810
f 2805 809 810
f 809 807 810
f 23 807 808
f 1750 2809 2812
f 2811 811 2812
f 811 1757 2812
f 2812 1757 1750
f 25 2807 24
f 1751 2807 25
f 2810 1751 25
f 1749 2810 1745
f 1752 2810 25
f 1752 2825 2810
f 1752 2917 2821
f 814 25 813
f 2811 2812 2816
f 2809 2816 2812
f 810 23 2809
f 1754 2811 2813
f 2816 2817 2813
f 2816 23 26
f 23 2814 26
f 2808 2814 23
f 2814 2808 2802
f 3206 2814 2802
f 2814 3206 2815
f 2817 2816 1753
f 1754 2813 213
f 2820 4830 1754
f 4830 2811 1754
f 1757 811 2819
f 1994 2818 1754
f 1754 213 1994
f 213 2817 1032
f 2817 1755 1032
f 1756 1032 1755
f 1754 2818 2820
f 2819 812 1757
f 862 812 2920
f 1757 862 813
f 814 813 2919
f 2823 4579 2824
f 2824 1758 2788
f 2788 1758 123
f 27 123 1758
f 1758 2824 2826
f 4579 2826 2824
f 4579 2823 2822
f 4690 2822 2825
f 4579 2822 4690
f 27 1758 28
f 2826 28 1758
f 28 2826 4690
f 28 4690 2827
f 27 28 1896
f 1897 27 1896
f 123 27 1899
f 2876 2789 3040
f 16 2876 4580
f 4580 1743 16
f 2781 1759 4660
f 4660 800 2781
f 2828 1806 1784
f 1784 1806 43
f 1785 2828 1784
f 2828 1785 816
f 816 2829 2828
f 816 829 2829
f 2329 2963 2832
f 1774 3803 1762
f 1774 2831 2833
f 1774 817 3803
f 1773 2835 1709
f 2835 2836 4503
f 30 4506 2836
f 4506 30 1713
f 30 2837 1713
f 2837 822 819
f 2837 819 2728
f 4746 818 32
f 818 819 32
f 818 4746 1763
f 1763 1764 31
f 2839 1764 1763
f 4746 2839 1763
f 2838 32 820
f 1780 1767 2838
f 1767 2839 2838
f 1766 1764 2839
f 1766 3017 1764
f 1764 3017 1765
f 2839 4581 1766
f 4581 1767 4561
f 1780 2838 820
f 1780 820 1768
f 820 821 1768
f 34 821 820
f 34 1769 821
f 1769 34 32
f 1769 2840 823
f 823 2840 1770
f 1770 2840 822
f 1772 1769 823
f 1772 823 1771
f 821 1769 1779
f 1772 1771 1778
f 823 2844 2845
f 2841 2844 823
f 1777 824 2841
f 2841 1770 1777
f 1777 1770 2842
f 1770 822 2842
f 2842 822 33
f 2835 33 2836
f 1773 2834 35
f 36 35 2834
f 36 2834 817
f 1775 1774 2833
f 1774 1775 1776
f 1776 36 1774
f 35 2842 1773
f 1777 2842 35
f 2841 824 2844
f 824 1777 2843
f 1777 1776 2843
f 1776 1775 2843
f 828 824 2843
f 1787 2845 2844
f 1771 2845 2846
f 2845 1787 2846
f 1771 2850 1778
f 1779 1772 825
f 1778 825 1772
f 821 1779 38
f 1778 2849 2848
f 825 1778 2848
f 1783 1782 2849
f 4768 2849 1782
f 2848 2849 4768
f 1768 821 38
f 1781 1780 1768
f 1768 2847 1781
f 2847 1768 38
f 826 96 38
f 2847 38 96
f 4768 1878 826
f 826 2848 4768
f 1782 58 1878
f 1782 1878 4768
f 2850 2852 2849
f 2850 2851 2852
f 2852 2851 827
f 2846 1787 2853
f 2853 1788 2851
f 1787 2844 835
f 828 835 2844
f 828 1786 835
f 2856 1775 2833
f 39 2830 2854
f 829 2854 1761
f 832 2854 829
f 816 832 829
f 1785 832 816
f 2854 2855 39
f 39 2855 40
f 2856 40 830
f 37 830 831
f 830 40 831
f 2857 831 40
f 2857 2855 41
f 1785 833 41
f 2875 4533 43
f 1785 42 840
f 1785 840 833
f 125 41 833
f 41 125 2857
f 930 834 2857
f 831 2857 834
f 2853 1787 835
f 835 1789 2853
f 1789 44 2867
f 1788 1789 2867
f 1788 2859 2851
f 2851 2859 827
f 2852 827 2858
f 2858 1783 2852
f 1783 2891 1782
f 4821 2858 827
f 4821 2859 2860
f 2859 4821 827
f 4769 2860 2859
f 1790 2860 4769
f 1791 1790 4769
f 45 1798 836
f 1790 45 836
f 45 1791 838
f 837 838 46
f 1791 839 838
f 841 1797 839
f 47 4769 1793
f 1792 1788 2867
f 1792 2867 2864
f 1793 1792 2864
f 1793 1794 47
f 2866 2864 1795
f 2867 44 1901
f 1795 2867 929
f 840 2866 833
f 2865 2866 840
f 2865 840 42
f 47 1794 2863
f 48 2862 1796
f 48 841 2862
f 2863 4533 4653
f 49 841 2871
f 2872 1799 49
f 49 1799 1797
f 46 842 2861
f 844 2861 2879
f 2879 52 1809
f 2879 842 1800
f 1801 484 1800
f 1801 1800 2868
f 2873 2868 1799
f 2872 2873 1799
f 1801 2868 847
f 2869 2868 2873
f 2870 2869 2873
f 2872 2871 2874
f 2874 2871 48
f 1802 1803 2870
f 51 2869 2870
f 2870 4534 51
f 50 1803 1802
f 1802 845 50
f 845 2872 2874
f 1796 1805 1804
f 1804 2874 48
f 1804 1808 2874
f 4533 1805 4653
f 4533 2875 1805
f 1805 2875 1807
f 4580 2875 1806
f 1806 1760 4580
f 1760 1743 4580
f 1760 1759 1743
f 2877 1804 1805
f 4580 2876 1807
f 2877 1807 3040
f 846 1804 2877
f 846 1808 1804
f 846 4635 1808
f 4635 846 2877
f 1900 1808 4635
f 1900 2874 1808
f 1900 845 2874
f 1900 50 845
f 124 2878 50
f 856 50 2878
f 1803 50 856
f 2870 1803 4534
f 51 847 2869
f 1800 484 2879
f 52 2350 1809
f 53 2888 844
f 843 844 2888
f 2890 843 2889
f 843 2890 2880
f 843 2888 2889
f 1809 2350 54
f 2885 847 1810
f 1810 847 2882
f 51 2882 847
f 852 2883 51
f 2882 51 2883
f 2882 2884 1810
f 2882 2883 2884
f 2883 1811 2884
f 1811 55 2884
f 2883 852 2896
f 2896 849 2883
f 1811 2883 849
f 1811 1812 55
f 849 1812 1811
f 1812 848 55
f 55 848 850
f 55 850 2886
f 1363 1812 56
f 4608 2353 850
f 1810 2887 2885
f 1810 2886 2887
f 2887 2351 2885
f 4301 851 54
f 2888 851 1813
f 2888 1813 2889
f 2880 1783 2858
f 1783 2880 2890
f 2891 2892 1782
f 1782 2892 58
f 2891 4713 2892
f 2891 57 2893
f 2894 2893 2889
f 2893 2894 4713
f 4713 4822 2892
f 2892 4822 3004
f 4713 2895 4822
f 2895 4713 2894
f 2894 2889 1813
f 851 2600 1813
f 2600 851 4301
f 2600 4302 1813
f 2894 4302 2895
f 1814 56 849
f 854 1814 2896
f 854 2896 2897
f 2897 2896 852
f 59 56 853
f 56 59 1363
f 56 1815 853
f 854 2977 1814
f 2899 854 2900
f 2899 2977 854
f 853 91 59
f 1815 2976 853
f 91 853 2976
f 2977 1815 1814
f 2901 2900 2897
f 2902 2897 2898
f 2897 2902 2901
f 2903 61 2902
f 2905 61 62
f 4747 2903 60
f 60 1803 4747
f 2909 2910 2878
f 2908 2903 4747
f 62 2903 2908
f 61 2903 62
f 2904 1816 2906
f 2905 62 2904
f 903 2905 2904
f 2905 903 904
f 2908 1816 62
f 2907 1816 1819
f 4784 3043 2909
f 4784 2909 2878
f 2910 2909 63
f 63 2909 3043
f 1817 63 3043
f 2913 1817 2912
f 1898 815 2912
f 1821 815 2827
f 2912 64 2913
f 2913 1818 1817
f 2913 857 1818
f 857 2911 1818
f 1816 63 1819
f 63 1816 2908
f 1819 63 2911
f 1819 2911 857
f 857 2907 1819
f 1820 2907 857
f 1822 1820 858
f 858 1820 2914
f 1820 857 2914
f 2914 857 2913
f 2912 1821 64
f 1821 2827 859
f 1821 2916 64
f 64 2916 860
f 2914 2918 858
f 858 2918 861
f 858 861 2915
f 2915 1867 858
f 1867 1822 858
f 1822 2988 2906
f 861 65 2915
f 64 860 2918
f 859 2916 1821
f 2827 4690 859
f 2825 859 4690
f 2916 2825 2821
f 2821 2917 2916
f 860 2917 1823
f 65 2918 1823
f 2917 814 1823
f 1823 2919 65
f 1823 814 2919
f 863 813 862
f 2921 4829 2920
f 4829 862 2920
f 863 862 2922
f 1824 863 2922
f 2919 863 1824
f 2919 1824 865
f 65 2919 865
f 864 2920 812
f 812 2819 66
f 2819 2820 66
f 2820 2818 66
f 864 66 910
f 1826 2921 2920
f 2923 865 1824
f 2923 65 865
f 2989 65 2923
f 1825 2922 2924
f 2923 1824 866
f 2915 65 2989
f 2989 2923 3002
f 3002 2923 866
f 2922 2921 2924
f 2817 1753 1755
f 1753 2815 212
f 2925 67 867
f 4704 2925 2926
f 868 3270 4535
f 3414 4714 2927
f 1830 3267 2926
f 1830 2928 3267
f 2928 3270 3267
f 2926 2929 1830
f 2930 1830 2929
f 867 1828 2925
f 1827 870 2756
f 1827 2756 789
f 1829 1828 870
f 1827 1829 870
f 1828 1829 2925
f 2929 2926 2925
f 2929 1829 12
f 12 1827 789
f 70 1830 2930
f 1831 1830 872
f 70 872 1830
f 1831 1832 2936
f 871 872 69
f 1833 70 2930
f 71 872 70
f 1833 71 70
f 69 71 2932
f 69 2932 2931
f 871 69 2931
f 2932 2935 2931
f 2942 873 2933
f 2942 72 873
f 2931 2935 2939
f 1834 2931 2939
f 871 2931 1834
f 73 891 2936
f 874 2937 75
f 1832 2937 2936
f 1834 875 871
f 75 2937 875
f 75 875 74
f 875 1834 74
f 75 876 874
f 876 73 874
f 4792 74 2940
f 2940 2939 4792
f 2939 2935 2941
f 76 2941 1835
f 76 1835 1855
f 76 84 4792
f 2941 1858 1835
f 877 2941 2935
f 2935 2932 877
f 877 2932 2934
f 877 873 77
f 72 77 873
f 77 72 4465
f 1859 77 4778
f 4778 77 4465
f 78 4748 4465
f 78 4465 72
f 2942 1836 72
f 880 2933 2946
f 878 2947 2942
f 78 72 1836
f 4748 78 879
f 879 898 4748
f 879 78 1841
f 1841 78 1836
f 880 1839 2933
f 2943 1833 2930
f 2930 2929 12
f 2943 2930 2769
f 1837 2943 2944
f 881 2946 2770
f 881 3038 882
f 3038 881 1838
f 1838 2771 2945
f 2945 2771 887
f 2946 883 880
f 880 883 882
f 884 1836 2947
f 884 1841 1836
f 2947 4661 884
f 4661 2947 878
f 4582 878 1839
f 880 882 928
f 878 4582 4661
f 1843 1860 879
f 884 2948 1841
f 4661 1844 884
f 2949 2948 884
f 1844 4661 1842
f 1843 2949 2950
f 79 2949 1844
f 1845 2950 79
f 1842 2951 79
f 79 1844 1842
f 4582 2954 1842
f 1845 2960 885
f 80 1845 2952
f 2953 2951 2954
f 2955 1840 928
f 2954 1840 2955
f 2955 2956 2953
f 928 1846 2955
f 2957 2358 2958
f 2958 3847 2359
f 2957 2360 2358
f 886 2359 3844
f 4776 1366 3843
f 2959 1366 80
f 2951 2953 2959
f 2953 2958 2959
f 2952 2951 2959
f 2952 2959 80
f 4776 2960 80
f 2960 1845 80
f 2960 4776 2707
f 1847 885 2960
f 2961 2798 1747
f 1848 2961 4578
f 81 1755 1753
f 2329 3865 2963
f 3038 2964 4695
f 887 2964 3038
f 2963 2964 887
f 2963 3039 2964
f 2963 3865 3039
f 3039 3865 3866
f 3866 2360 2957
f 2966 2095 888
f 4535 68 2965
f 2928 68 3270
f 83 2928 1853
f 83 2965 68
f 83 1851 2965
f 1849 2971 869
f 2971 888 869
f 2965 2971 1849
f 2971 2966 888
f 1851 893 1856
f 889 1853 891
f 889 890 1852
f 891 890 889
f 890 891 73
f 892 876 2938
f 2967 2938 1854
f 1852 890 893
f 2967 1857 2968
f 1854 86 85
f 86 1854 894
f 2938 2969 1854
f 74 2969 2938
f 74 4792 2969
f 2969 4792 84
f 84 87 2969
f 87 1854 2969
f 87 894 1854
f 84 76 87
f 1835 1858 895
f 86 1855 895
f 87 76 86
f 86 2970 87
f 894 2970 86
f 2967 85 1857
f 1856 897 2971
f 897 1850 2971
f 90 2973 1850
f 1857 88 2968
f 2972 1857 85
f 896 877 77
f 77 1859 89
f 1858 896 2972
f 88 2972 897
f 896 89 897
f 89 90 897
f 2973 82 2966
f 4560 4694 2703
f 1859 4583 89
f 1860 1843 2975
f 2974 899 2975
f 885 1847 899
f 1861 1815 2986
f 2985 2986 1815
f 2976 3910 91
f 2979 901 900
f 901 2978 900
f 2979 900 2982
f 2980 2979 902
f 1863 2980 902
f 2980 1863 1207
f 902 2981 1863
f 2981 902 92
f 902 2979 92
f 2982 92 2979
f 2976 93 3910
f 2899 2984 2977
f 2899 2983 2984
f 2900 2996 2899
f 2984 2986 2985
f 932 1861 2986
f 93 2976 2987
f 1864 93 2987
f 932 2987 1861
f 1865 1864 2987
f 1865 3147 1864
f 932 1865 2987
f 1866 2986 2984
f 2983 1866 2984
f 855 2905 2995
f 2906 2988 903
f 2995 2901 855
f 906 2995 904
f 2988 1869 903
f 1822 1867 2988
f 1868 2990 1867
f 1867 2915 1868
f 2915 2989 1868
f 2991 2988 2990
f 2991 1869 2988
f 1869 2991 2992
f 1869 906 904
f 906 1869 2992
f 2993 905 2992
f 2993 2991 1870
f 1870 2991 2990
f 2990 1868 1870
f 4774 2999 905
f 2996 2995 1872
f 1872 2983 2996
f 2983 1872 2997
f 127 1866 2983
f 1871 4793 128
f 94 1871 2997
f 1872 2998 94
f 94 2997 1872
f 2998 3001 94
f 3000 2999 3001
f 4774 1873 2999
f 4774 908 1873
f 2999 1873 907
f 141 943 907
f 907 943 3063
f 4793 3063 3062
f 4793 3062 128
f 3064 141 907
f 1873 908 4662
f 3065 908 3070
f 3070 908 2994
f 3071 2994 1874
f 866 1825 3003
f 3003 1825 1875
f 909 1014 3003
f 1825 2924 1875
f 1875 909 3003
f 909 1875 3157
f 3157 1954 909
f 1875 2924 3157
f 1876 180 2924
f 1876 2924 2921
f 1876 2921 1826
f 1903 3047 3625
f 3625 3047 95
f 95 934 3049
f 3004 58 2892
f 1878 3005 826
f 3006 58 911
f 3005 3006 96
f 96 1880 2847
f 3007 1882 911
f 911 3004 1879
f 911 3008 3007
f 3007 3008 3012
f 3010 1882 3007
f 98 3006 1882
f 96 3006 98
f 96 98 1880
f 1881 914 2847
f 1880 98 3009
f 3009 98 3010
f 98 1882 3010
f 1883 3010 3011
f 3010 1883 3021
f 3010 3007 3011
f 3007 3012 3014
f 3016 3014 3013
f 3015 3016 4340
f 1883 3015 1888
f 3021 1883 1888
f 3016 3013 4340
f 1765 99 1764
f 99 31 1764
f 2731 99 1765
f 100 2731 1765
f 3025 913 3019
f 1887 3019 100
f 1887 100 3020
f 3025 3019 1887
f 117 3031 4584
f 4585 4561 4586
f 3021 3009 3010
f 1888 3015 919
f 3023 4514 102
f 102 1718 4536
f 104 4536 2733
f 3024 1884 3023
f 104 3024 3023
f 105 106 2733
f 105 2733 4536
f 108 105 4536
f 108 4536 103
f 107 108 103
f 3018 107 103
f 3025 107 913
f 107 915 108
f 108 3026 105
f 106 105 3026
f 3026 109 106
f 918 109 3026
f 3027 918 3026
f 3027 110 3028
f 111 1885 3028
f 4702 3028 1885
f 4702 916 3028
f 112 916 4702
f 3027 916 918
f 916 917 918
f 917 4732 918
f 918 4732 109
f 704 112 920
f 112 4702 920
f 920 113 704
f 920 1885 3037
f 1886 915 3025
f 3029 114 111
f 114 3030 111
f 3030 3037 1885
f 3037 3030 4634
f 115 3030 114
f 115 4634 3030
f 921 1891 115
f 921 115 114
f 114 3029 116
f 116 922 114
f 116 1886 1887
f 3025 1887 1886
f 3032 97 912
f 4587 101 3032
f 3035 4537 4587
f 4587 923 3035
f 3022 3009 3021
f 3021 1888 3033
f 3015 1616 919
f 3015 4340 1616
f 1889 113 120
f 120 113 920
f 4634 115 3034
f 3034 925 4634
f 924 3034 115
f 1891 924 115
f 4749 922 116
f 3035 1890 117
f 4749 1890 922
f 921 922 1890
f 1892 1891 921
f 1892 924 1891
f 1892 3035 923
f 1892 923 924
f 924 923 3033
f 3032 3022 923
f 3033 4538 1893
f 1893 924 3033
f 924 118 3034
f 3036 1893 926
f 3037 925 119
f 3037 119 120
f 1889 120 121
f 3036 121 119
f 119 118 3036
f 926 1893 4538
f 121 122 4699
f 926 122 3036
f 927 122 926
f 3038 4695 882
f 928 1895 1846
f 1895 928 4695
f 1895 4695 2964
f 2964 3039 1895
f 3039 3866 2957
f 4712 3040 123
f 1899 4712 123
f 4712 1899 4635
f 1897 3041 1899
f 3042 4784 3041
f 1896 1898 3042
f 124 4784 2878
f 124 3041 4784
f 1900 3041 124
f 1899 3041 1900
f 2866 1795 3044
f 1795 929 3044
f 125 833 3044
f 930 929 1901
f 930 1786 834
f 3045 44 1789
f 127 126 1866
f 931 2999 1902
f 126 2986 1866
f 994 2981 92
f 1863 1909 1903
f 3046 3047 1903
f 3046 1904 3047
f 1904 95 3047
f 936 1904 3046
f 131 1904 936
f 3048 936 3046
f 1907 3053 129
f 1904 131 934
f 95 1904 934
f 3049 3626 1877
f 3050 1905 3626
f 3050 3051 1905
f 3050 130 3051
f 130 3050 3049
f 935 934 131
f 131 3053 3052
f 3052 935 131
f 158 3115 3052
f 3053 1907 3055
f 1907 129 3054
f 936 3048 3054
f 936 3054 129
f 1908 1906 1909
f 133 3054 938
f 1908 938 3048
f 938 3056 133
f 939 937 3056
f 133 937 132
f 937 134 132
f 134 937 148
f 1908 3058 938
f 135 3059 3058
f 3057 3058 3059
f 3057 3059 1910
f 1910 1911 3057
f 939 3057 1911
f 1910 3059 940
f 1911 1910 3061
f 1911 136 939
f 1910 940 3060
f 932 3060 1865
f 3061 1910 3060
f 3060 932 126
f 1912 3060 126
f 127 1912 126
f 128 3062 3061
f 3062 1911 3061
f 941 136 1911
f 942 4588 941
f 1919 4588 942
f 3085 942 943
f 3063 943 941
f 3065 4662 908
f 3070 3066 3065
f 3065 3066 3068
f 137 3068 3072
f 137 3069 3067
f 3067 3069 4662
f 3071 3066 3070
f 3155 3066 3071
f 3066 3164 138
f 3072 138 3073
f 962 3073 138
f 138 3164 962
f 3073 962 3102
f 1913 3073 3102
f 3073 1913 3072
f 139 3102 3074
f 3074 3084 139
f 4775 3079 139
f 3079 1913 139
f 1914 1913 3079
f 3072 1914 137
f 3069 137 1914
f 4662 3069 3077
f 4662 3077 3064
f 3075 1914 3076
f 3076 140 3075
f 140 3076 3081
f 3077 3069 3075
f 3064 3077 3078
f 141 3064 3078
f 3075 945 3077
f 945 3078 3077
f 140 945 3075
f 944 145 140
f 1914 3079 3076
f 944 3081 3080
f 3082 3080 3081
f 3084 3083 4775
f 142 3084 1915
f 142 1915 3074
f 142 3074 946
f 3074 3102 946
f 152 143 946
f 946 143 142
f 1928 947 143
f 947 142 143
f 142 947 3083
f 4663 3087 947
f 3082 3083 3087
f 3082 144 3080
f 4733 3080 144
f 3089 4733 144
f 145 944 4733
f 948 945 140
f 948 140 145
f 3078 945 3085
f 3085 3086 1919
f 945 3086 3085
f 3086 945 948
f 948 949 3086
f 1920 144 1916
f 950 1916 144
f 144 3082 950
f 951 1916 950
f 951 950 3088
f 3082 3088 950
f 3082 3087 3088
f 3088 3087 961
f 951 3088 960
f 960 1917 951
f 1917 1916 951
f 1920 1916 3101
f 3101 1916 1917
f 1918 949 3089
f 949 1918 1919
f 1919 3086 949
f 1919 3097 4588
f 3097 1919 4715
f 1918 4715 1919
f 952 3090 1920
f 952 3101 3091
f 3091 3101 1926
f 1926 3099 3091
f 952 3092 149
f 952 149 3096
f 3092 952 1921
f 3091 1921 952
f 3099 1921 3091
f 3099 958 1922
f 3092 1921 1922
f 953 1923 4786
f 953 1922 954
f 958 954 1922
f 954 3093 1923
f 1924 146 3093
f 146 1923 3093
f 955 957 3093
f 954 955 3093
f 3098 954 958
f 1924 3094 970
f 4786 147 149
f 1924 3114 147
f 147 3114 3095
f 147 3095 149
f 3097 939 4588
f 939 3097 148
f 148 995 134
f 134 3095 4539
f 134 956 3095
f 995 956 134
f 3095 956 149
f 3095 3114 1933
f 957 965 1925
f 957 1925 3094
f 955 965 957
f 963 3098 958
f 3100 958 3099
f 3106 3101 959
f 997 3106 959
f 959 1927 997
f 3087 1930 961
f 4663 1930 3087
f 143 151 1928
f 143 152 151
f 3102 153 946
f 962 3103 3102
f 151 152 178
f 151 178 3104
f 1929 1928 3104
f 1930 4663 1929
f 154 1930 4664
f 961 1930 154
f 960 961 3152
f 960 3152 1927
f 1927 1917 960
f 961 154 3152
f 154 3105 3152
f 3106 3100 1926
f 3100 3151 963
f 1931 963 996
f 150 996 1932
f 964 3107 1932
f 3107 964 966
f 1931 150 955
f 965 150 4783
f 3107 4743 1932
f 4743 3107 966
f 4743 966 4716
f 4787 3109 3180
f 3108 3109 4787
f 3108 967 964
f 964 996 3149
f 3149 968 964
f 3179 4787 3180
f 4650 4787 3179
f 3179 4809 3111
f 4524 965 4783
f 3122 4743 4716
f 969 4524 3122
f 969 1950 3112
f 3113 970 3094
f 1925 3113 3094
f 1950 3120 3113
f 969 1951 1950
f 3114 1924 970
f 1934 971 3120
f 970 971 3114
f 3114 971 1933
f 1934 1933 971
f 1933 1934 157
f 157 162 158
f 3117 130 935
f 159 3117 935
f 935 3115 159
f 3119 159 3115
f 161 3119 3115
f 1935 3116 159
f 3117 3118 130
f 3118 160 130
f 160 3051 130
f 992 1936 3117
f 162 161 158
f 1934 972 162
f 1934 3120 972
f 3120 3121 972
f 162 972 161
f 161 972 3119
f 3119 972 3121
f 3120 3143 3121
f 1950 3143 3120
f 973 3122 163
f 3123 2516 163
f 163 1545 973
f 4797 4165 973
f 993 3145 4165
f 1936 160 3118
f 3125 3124 164
f 164 1937 3125
f 3127 1937 164
f 974 3127 3129
f 975 3128 1938
f 3128 1937 1938
f 1937 3128 3125
f 3128 2239 3125
f 1940 975 1938
f 978 1939 975
f 1938 974 1940
f 1940 976 978
f 978 166 165
f 1941 977 987
f 987 166 976
f 3129 976 974
f 3129 3127 175
f 175 1949 3129
f 3129 987 976
f 168 977 4820
f 168 4654 977
f 4654 165 977
f 165 4654 1942
f 1942 981 978
f 979 3130 1939
f 1939 3130 975
f 191 4656 980
f 3128 3130 980
f 980 3130 197
f 197 3130 3131
f 979 981 3132
f 981 1943 3132
f 1943 4665 3132
f 1943 982 4665
f 4665 982 167
f 983 985 4654
f 984 1944 983
f 985 1944 169
f 1944 984 170
f 3133 4174 168
f 169 171 982
f 170 172 1944
f 169 172 986
f 1945 3133 4820
f 4820 3134 1945
f 1941 987 988
f 1946 173 3135
f 1946 1945 173
f 993 174 3146
f 1946 2522 1945
f 174 3135 990
f 990 3135 173
f 989 3136 3137
f 1948 3137 3136
f 989 990 1947
f 173 1947 990
f 3136 3139 1948
f 3136 3138 3139
f 3140 991 3138
f 1947 3140 3138
f 988 987 1949
f 988 1949 3140
f 3140 1949 4779
f 3127 164 175
f 175 164 3142
f 3142 164 3141
f 3126 3141 164
f 3141 3126 395
f 1936 3142 396
f 175 3142 1936
f 991 3140 4779
f 1979 4779 1936
f 4779 1979 991
f 1936 992 1979
f 992 3116 1979
f 1979 3116 3204
f 1935 3204 3116
f 1948 3204 1935
f 1948 1935 3143
f 1935 3121 3143
f 1950 1951 3143
f 1951 3144 3143
f 3144 1948 3143
f 3144 3145 3137
f 3146 3137 3145
f 993 3146 3145
f 92 3951 994
f 3147 994 3951
f 3059 994 940
f 994 3059 3148
f 3148 3059 135
f 3148 2981 994
f 3149 3150 968
f 3150 3149 3151
f 996 3151 3149
f 176 3150 997
f 176 997 998
f 968 3150 1967
f 3152 3105 1012
f 1012 1969 3152
f 154 4664 3105
f 1929 3104 4664
f 177 4664 3104
f 3104 1953 177
f 3104 178 1953
f 1953 178 999
f 999 178 152
f 153 3171 3153
f 153 3153 999
f 153 3103 3171
f 1000 999 3153
f 999 1000 1953
f 1953 1000 179
f 177 1953 179
f 177 179 3154
f 3170 3153 3171
f 3163 1955 3103
f 962 3163 3103
f 3066 3155 3164
f 3071 1001 3155
f 1001 1954 3155
f 3155 3162 3164
f 1868 1014 1870
f 909 1001 1014
f 3162 3155 1954
f 180 3157 2924
f 3157 180 3156
f 1954 3156 3162
f 3158 3156 180
f 180 1876 1002
f 1876 3159 1002
f 180 1002 3158
f 1002 3460 3158
f 3159 3460 1002
f 3160 3156 3158
f 3160 3158 2132
f 3162 3160 3161
f 3161 3163 3162
f 3165 3161 3160
f 3160 2132 3165
f 3161 3165 181
f 3164 3163 962
f 3163 3161 1955
f 1955 3161 3172
f 3159 2134 2133
f 2134 3159 3166
f 1876 910 3166
f 1876 3166 3159
f 3176 1003 3168
f 3165 4541 181
f 4541 1004 181
f 3167 1956 3169
f 1956 3167 3176
f 3167 1003 3176
f 3175 1956 3176
f 3175 1005 1956
f 3172 3171 1955
f 3172 181 3169
f 3153 3170 1000
f 1005 1006 3174
f 3174 3173 1005
f 3173 1000 1005
f 179 1000 3173
f 1006 1007 3174
f 1006 3175 1958
f 1959 1006 1958
f 1007 1006 1959
f 3173 3154 179
f 1957 3173 3177
f 3175 3176 1958
f 3176 3168 1960
f 183 3176 1960
f 1958 3178 1959
f 3178 1958 183
f 185 3178 183
f 3178 184 1959
f 1959 4764 1007
f 1966 1008 4764
f 1009 3177 1008
f 1957 3105 3154
f 3105 1957 3187
f 1009 3187 1957
f 3195 185 183
f 1960 3168 1175
f 1013 3179 3180
f 4216 2545 1961
f 4216 1961 1198
f 3194 1961 2545
f 1010 1961 3194
f 3191 3181 1010
f 3533 3182 1011
f 1011 1962 3533
f 1011 3184 1962
f 1962 3184 3185
f 1963 3185 3184
f 1011 3189 3184
f 3185 1009 1962
f 3183 1966 341
f 1964 3186 2173
f 1964 2173 1965
f 4764 184 1966
f 1966 3183 1008
f 1009 1008 3183
f 3187 1963 1012
f 176 998 1968
f 186 1967 176
f 176 1968 186
f 3152 1969 998
f 1968 1969 3190
f 1970 3190 1969
f 1969 1012 1970
f 1970 1963 3184
f 3184 3189 1970
f 3190 3189 186
f 1968 3190 186
f 3191 186 3189
f 3191 3189 1011
f 1011 3181 3191
f 1010 187 3191
f 187 3188 186
f 3188 1967 186
f 3109 3110 3192
f 3193 187 1010
f 3109 3192 3193
f 3109 3193 3180
f 3180 3193 1013
f 1013 3194 2545
f 1013 3193 3194
f 1960 1175 188
f 3195 183 188
f 183 1960 188
f 1971 3186 1964
f 3536 184 2173
f 185 1965 184
f 1965 185 1964
f 185 3195 1971
f 1971 1964 185
f 1971 3195 1202
f 1001 1874 1014
f 1870 1874 2993
f 1874 1870 1014
f 986 1972 189
f 1575 1015 4244
f 189 1015 1973
f 190 167 171
f 1973 1015 1974
f 1575 3794 1015
f 3794 1974 1015
f 3794 3198 1974
f 4656 191 1976
f 980 192 191
f 3131 1016 3196
f 4665 3199 1016
f 4665 193 3199
f 1975 193 167
f 190 3197 1975
f 1976 1344 4656
f 191 4717 1976
f 4717 194 1976
f 192 4717 191
f 194 4717 1017
f 194 2325 1344
f 1017 3202 194
f 3203 1017 4717
f 3202 1018 194
f 195 194 1018
f 1346 2325 1018
f 1346 3198 2320
f 3197 3198 3201
f 1975 3200 1977
f 3199 1978 1016
f 3199 1977 196
f 3199 193 1977
f 3197 3201 1977
f 3200 3197 1977
f 3201 3198 1346
f 3201 1346 1018
f 1978 3203 197
f 3199 196 1978
f 3204 3139 1979
f 1019 806 785
f 1019 3254 3217
f 4738 2797 198
f 2797 4738 2796
f 4738 3205 2796
f 198 199 4738
f 198 2798 199
f 1748 1021 199
f 1980 199 1021
f 1980 3205 199
f 3205 3208 3207
f 3207 2796 3205
f 2796 3207 3206
f 2796 3206 2802
f 1022 1021 1748
f 1980 1021 1022
f 1980 1022 3208
f 1022 3209 1981
f 3210 3207 3208
f 1981 3227 3210
f 1981 200 3227
f 3209 200 1981
f 1022 1982 3209
f 1748 1982 1022
f 1992 1982 805
f 1992 202 1023
f 1992 1023 201
f 1023 202 203
f 1023 203 204
f 204 203 3211
f 1984 3211 203
f 1983 1024 3211
f 3211 1024 210
f 3212 203 1027
f 1025 1985 1027
f 3212 3213 3214
f 1984 3212 3214
f 3213 3216 4589
f 3213 4589 1028
f 1983 1984 3214
f 3214 206 1983
f 3214 1028 206
f 1028 4589 3215
f 206 1028 3215
f 4589 3218 3215
f 4589 3216 3218
f 1029 3218 3216
f 3218 1029 1986
f 1026 3217 1985
f 1985 3217 1030
f 1985 1030 4540
f 4703 205 4540
f 205 4703 3216
f 4703 1029 3216
f 1986 1987 1988
f 1987 1986 1029
f 1990 3219 1988
f 3251 1989 1990
f 1989 3251 3335
f 3220 3223 1989
f 1990 208 3219
f 3215 3218 3219
f 206 3215 1991
f 208 1990 209
f 1990 3222 3221
f 3222 3223 1040
f 3222 1040 3224
f 1040 3249 3224
f 3224 3249 3345
f 1038 208 209
f 3244 208 1038
f 3244 1991 208
f 1991 3219 208
f 1024 1983 1031
f 1031 1983 3237
f 3226 1024 1031
f 201 210 3225
f 1992 201 3225
f 3225 3209 1992
f 3209 3225 200
f 200 3225 211
f 200 211 3227
f 3226 1031 2042
f 3227 211 1999
f 3206 3207 3228
f 1033 1032 1756
f 1033 1034 4810
f 214 1994 4799
f 1994 1993 2818
f 4810 3229 3231
f 3229 1997 1996
f 1034 1997 3229
f 4810 214 1033
f 214 3230 1994
f 1993 1994 3230
f 4810 3231 1035
f 1035 3231 3232
f 3231 215 3232
f 3233 3232 216
f 3233 1035 3232
f 1995 3230 3233
f 2818 1993 3234
f 66 3234 910
f 2096 910 3234
f 3234 1993 2097
f 4668 2097 1993
f 1993 3230 4668
f 1995 4668 3230
f 216 2098 3233
f 215 1130 3232
f 215 3231 3229
f 1036 215 3229
f 1997 2100 1996
f 3235 1997 1034
f 3235 4638 1998
f 4638 1080 1998
f 1756 4638 3235
f 1999 4696 3210
f 211 3226 2042
f 1079 2042 1031
f 3237 3238 1037
f 1037 218 3237
f 1079 1031 218
f 218 1037 3239
f 3239 3240 3242
f 3239 3242 218
f 3242 3241 218
f 3241 2001 3243
f 3242 3323 2001
f 3327 2000 1037
f 3238 3327 1037
f 3246 3327 3238
f 1991 3244 3238
f 3246 1038 219
f 3327 3246 3247
f 3247 3246 219
f 219 2004 1039
f 219 1038 2002
f 2002 3248 2003
f 220 3248 2002
f 3248 220 209
f 1038 209 220
f 209 3221 3248
f 3224 3248 3221
f 2002 2003 2004
f 1039 1085 4806
f 1039 2004 1085
f 3248 1091 2003
f 3348 3224 3345
f 3251 3336 3335
f 1987 3336 3251
f 3336 1987 1042
f 4703 1042 1987
f 4540 3252 4703
f 1030 3253 4540
f 1030 207 3253
f 1045 1043 207
f 3253 2005 3252
f 2005 3253 1043
f 1086 2005 2006
f 1045 221 1043
f 1044 2006 1043
f 221 1044 1043
f 3217 3255 1030
f 3254 3255 3217
f 3254 222 3255
f 3255 207 1030
f 207 222 1045
f 222 3256 1045
f 3256 1046 1045
f 3256 2007 1046
f 1046 1047 221
f 2007 2012 1046
f 3263 223 3256
f 2012 2007 2008
f 2012 2008 1052
f 221 1047 2009
f 2012 1051 1047
f 224 1048 1049
f 1047 1049 2009
f 1048 2048 3258
f 2009 1048 3258
f 2009 3258 1044
f 3337 2006 1044
f 2010 3259 2048
f 3259 2010 1050
f 1048 224 2010
f 224 2011 2010
f 2011 1050 2010
f 1050 2011 2033
f 2034 2033 2011
f 224 3261 2011
f 3260 225 3261
f 4525 2008 2007
f 4525 223 3262
f 3262 3271 4525
f 223 4590 3262
f 223 3263 4590
f 4639 3269 3257
f 3257 3264 4639
f 3264 3257 222
f 3264 222 3254
f 3265 3269 4639
f 3268 3265 4639
f 67 3266 2013
f 2013 3266 1020
f 3254 1020 3264
f 67 2013 867
f 4704 3268 67
f 67 2925 4704
f 4704 2926 3267
f 3267 3268 4704
f 3263 3257 4590
f 2014 4590 3269
f 3269 1053 2014
f 3270 1053 3268
f 3268 3267 3270
f 2014 1053 2927
f 868 1053 3270
f 2014 2927 4714
f 4714 3271 2014
f 3272 3274 2008
f 1054 3272 2008
f 2008 4525 1054
f 3271 2024 1054
f 2024 3272 1054
f 2024 3293 3272
f 4714 2024 3271
f 3272 3293 3275
f 234 2023 3293
f 3274 3276 3273
f 3273 3276 3278
f 3273 3278 1055
f 3273 1055 1051
f 1051 1055 225
f 3261 225 1070
f 3277 1055 2128
f 1055 1056 2128
f 3278 1057 1056
f 1056 3457 2128
f 3275 2023 3279
f 2015 3275 3279
f 226 1058 3280
f 3278 3280 1058
f 1058 3281 1057
f 1057 3281 1056
f 3281 3457 1056
f 3281 3458 3457
f 2015 3282 226
f 3279 3282 2015
f 3284 1060 2016
f 2016 3279 3284
f 3279 2023 3284
f 3284 3287 1060
f 3287 3284 2017
f 3285 2017 1059
f 3285 228 3287
f 227 3287 228
f 3287 3286 3288
f 1060 3287 3288
f 3288 3286 1151
f 227 1064 3286
f 1061 228 3285
f 229 1059 2023
f 1061 2018 228
f 228 230 227
f 2018 230 228
f 4454 3291 3290
f 3291 2018 1061
f 2018 2020 230
f 2019 230 2020
f 2020 3292 2019
f 2020 1062 4659
f 3291 1062 2020
f 2021 230 2019
f 230 2021 227
f 227 2021 1064
f 2021 2019 232
f 1063 232 2019
f 232 1063 1072
f 2559 1072 1063
f 2022 4459 3290
f 2022 229 234
f 1065 2022 234
f 670 1066 235
f 4652 235 3295
f 1066 3295 235
f 1066 2025 3295
f 3298 1066 3296
f 3298 2025 1066
f 3299 3296 3300
f 3301 3299 3300
f 3300 3296 3412
f 2025 236 1068
f 3295 2026 3302
f 4652 3302 3303
f 3302 3304 2028
f 4591 2026 1068
f 4591 2030 2026
f 2030 4591 2027
f 3303 2028 3305
f 2029 3306 3305
f 2031 3304 2026
f 2027 237 2031
f 3309 2027 3307
f 3309 3307 248
f 1050 3310 3309
f 1050 3309 3259
f 2033 1069 243
f 2033 2034 1069
f 3311 3315 2034
f 2034 2011 1070
f 3312 3311 1070
f 3312 3277 4811
f 3312 3313 3311
f 238 3314 2036
f 239 3314 238
f 2035 3314 239
f 2021 239 1071
f 2021 232 239
f 232 1072 2035
f 2035 1072 1073
f 2035 1073 2037
f 4271 2037 1073
f 3315 241 1075
f 2036 3316 241
f 3314 2035 2037
f 1592 1074 2037
f 1074 240 2037
f 240 1074 3316
f 242 1074 1592
f 4274 242 1592
f 3318 2039 242
f 241 3316 3319
f 241 3319 1075
f 3320 1075 3319
f 2038 2041 2039
f 2039 3318 2038
f 243 244 3310
f 2033 3310 1050
f 3310 244 2032
f 3320 1077 2040
f 1077 3320 1076
f 2038 3306 2041
f 2041 3306 2029
f 2041 2029 1077
f 244 2040 2032
f 2032 2040 237
f 2040 1078 237
f 2031 237 1078
f 1078 2040 1077
f 2031 1078 3304
f 1077 2029 1078
f 2029 3304 1078
f 2042 3321 1999
f 2042 1079 3322
f 3241 3322 1079
f 3322 3241 2043
f 2043 3241 3243
f 2001 3323 3324
f 2044 3323 3240
f 2045 2044 1081
f 3323 2044 2045
f 1080 3243 3324
f 4697 2043 3243
f 3326 3243 1080
f 81 4697 3326
f 3325 3321 3322
f 3321 3325 3236
f 1755 81 3326
f 1755 4638 1756
f 1998 3324 217
f 3324 3323 3328
f 2000 1081 2044
f 2000 3327 1081
f 3327 3247 1081
f 2045 1081 2046
f 2046 3328 2045
f 217 1082 2100
f 217 3328 1082
f 217 3324 3328
f 3328 2046 245
f 2046 3330 245
f 1082 245 3329
f 2100 1082 2101
f 3416 3329 1083
f 4640 4832 3247
f 4832 1081 3247
f 1081 4832 2046
f 4832 4640 2046
f 4640 3247 1039
f 2046 4640 3330
f 4640 1039 4806
f 1083 3330 3331
f 4806 1084 4640
f 3330 4640 3331
f 3333 3331 2057
f 3331 3333 1083
f 2057 3331 3332
f 4640 3357 3331
f 4640 1084 3357
f 2047 3334 246
f 256 2047 246
f 3334 1092 246
f 1084 1085 3334
f 4806 1085 1084
f 2004 255 1085
f 2003 1091 255
f 3250 3344 3345
f 1040 2054 3250
f 2054 1040 1041
f 2054 1041 2053
f 3220 1989 3343
f 3335 4718 3343
f 3336 4718 3335
f 1042 2005 3336
f 2005 1086 3336
f 2052 1086 3337
f 3337 1086 2006
f 2048 3337 3258
f 2048 3338 3337
f 3259 248 247
f 1087 248 3307
f 1087 3308 3340
f 1067 3340 3308
f 3340 1067 249
f 3339 249 1067
f 2049 249 2366
f 1088 3341 1087
f 248 2050 247
f 2052 4592 3342
f 3342 4718 1086
f 3342 3391 4718
f 3391 3342 250
f 4593 3345 3344
f 4593 3344 1113
f 251 2054 2053
f 2053 3346 251
f 3345 4593 3347
f 4807 253 3351
f 3347 4807 3351
f 3348 3347 252
f 3350 3351 253
f 3351 3350 2060
f 1089 3351 2060
f 252 3351 1089
f 1090 252 254
f 1090 1091 252
f 1092 258 1093
f 246 1092 1093
f 3355 3356 1093
f 3355 1093 3352
f 1093 3353 3352
f 3353 258 3354
f 3354 2055 3353
f 3352 3353 2056
f 3356 4666 256
f 3357 1084 257
f 1094 2103 2057
f 3332 257 1094
f 257 1084 2047
f 2047 1095 257
f 2047 2058 1095
f 2058 256 4666
f 3358 3356 3359
f 3359 3355 4594
f 4594 3366 3359
f 3358 2058 4666
f 1095 2058 3361
f 1094 257 1095
f 3361 3360 1095
f 3363 3362 3361
f 3361 2058 3363
f 3363 3358 1096
f 3362 3363 3364
f 3365 3362 3364
f 3364 1102 3365
f 2059 3364 1096
f 3358 2059 1096
f 3359 2059 3358
f 4594 3367 3366
f 2056 2055 3367
f 3366 3367 579
f 2055 3375 3367
f 3375 2055 260
f 1085 1098 1092
f 255 1098 1085
f 255 1090 254
f 1098 259 3354
f 254 259 1098
f 259 1089 3368
f 259 3368 3371
f 3368 1099 3371
f 1099 2060 2061
f 1099 2061 3370
f 2063 2061 2062
f 3350 3349 2062
f 264 3369 3349
f 3370 2063 265
f 4794 2063 2062
f 2062 1100 4794
f 4794 2064 2063
f 265 2063 2064
f 1099 3370 3373
f 3371 1099 3373
f 3371 3373 3372
f 3372 3373 260
f 3373 3370 3374
f 261 3375 260
f 3375 579 3367
f 579 3375 2073
f 265 2064 2065
f 265 2065 4667
f 4735 4667 2065
f 267 4735 2065
f 2064 3378 267
f 2065 2064 267
f 2064 2066 3378
f 3369 3377 263
f 4807 2078 253
f 1113 2078 4807
f 2078 2077 3349
f 3349 2077 264
f 2077 276 264
f 3377 264 276
f 264 3377 3369
f 1100 262 2066
f 1101 261 3376
f 1101 2073 261
f 2073 266 579
f 3364 2059 1103
f 3365 1102 2067
f 267 2068 3379
f 2066 2069 3378
f 262 2070 2069
f 2069 2070 268
f 3383 2071 2070
f 3383 2070 3384
f 3384 2070 3380
f 3382 3380 4562
f 263 269 3380
f 263 3377 269
f 1104 3389 4562
f 1112 3390 1104
f 2088 1104 3390
f 1104 2088 3389
f 3389 3381 4562
f 3382 4562 3381
f 3386 1105 3387
f 1105 2071 3387
f 1105 3386 3379
f 2072 4735 267
f 4735 1106 4667
f 271 3376 4667
f 2074 2073 271
f 1501 2073 2074
f 1109 271 1106
f 2072 3386 3388
f 3386 3387 3388
f 3388 3387 2075
f 3387 3385 2075
f 1107 3385 3383
f 1107 272 3385
f 1107 3383 3384
f 1107 3384 270
f 3384 3382 270
f 3385 272 2075
f 1108 3388 2075
f 1109 1106 1110
f 1106 3388 1110
f 2076 1110 3388
f 4750 272 1107
f 270 4750 1107
f 3381 3404 270
f 3389 1111 3381
f 3389 1127 1111
f 4641 2088 3390
f 276 1112 3377
f 275 276 4595
f 2077 2078 1120
f 1116 1120 2078
f 2080 1113 251
f 3346 2053 1114
f 3391 1114 3343
f 3343 4718 3391
f 1115 3392 3391
f 3391 3392 1114
f 1115 3394 3392
f 3392 3394 1118
f 1114 3392 1118
f 1118 3346 1114
f 1118 2080 3346
f 2080 251 3346
f 2080 1116 1113
f 2080 1118 1117
f 1117 2079 2080
f 1118 2081 1117
f 1118 3394 2081
f 274 2081 1119
f 1117 274 2079
f 2082 3393 275
f 274 2082 2083
f 274 2083 1120
f 4595 2083 275
f 3393 2086 275
f 3396 2086 3393
f 3396 3393 1124
f 1119 3394 2084
f 1115 250 3395
f 2050 277 2051
f 1123 3341 1125
f 3341 1088 279
f 277 1122 1123
f 4592 3399 250
f 2085 1121 2084
f 278 3396 1124
f 3396 3397 2086
f 3398 2086 3397
f 3390 1112 276
f 3397 4641 3398
f 3396 3400 3397
f 3397 3400 2628
f 3399 3395 250
f 3395 3399 4719
f 2085 4719 4705
f 2087 2085 4705
f 3399 277 4719
f 1123 1125 4705
f 4705 1125 2087
f 1126 2087 2092
f 278 3400 3396
f 2088 4641 3402
f 280 1127 2088
f 1127 3389 2088
f 1127 3401 1111
f 1127 280 3401
f 3402 280 2088
f 280 3403 3401
f 1111 3401 2089
f 2089 3381 1111
f 2091 2089 3401
f 2089 2091 4137
f 3404 2468 3405
f 4085 3405 2468
f 4137 2468 2089
f 4750 3405 3406
f 4085 3406 3405
f 1494 273 3406
f 1108 1128 2076
f 3409 3408 1110
f 1109 1110 3408
f 3408 2090 1109
f 2074 1109 2090
f 2090 1501 2074
f 3537 2090 3408
f 3408 3409 3537
f 1110 2076 3409
f 4349 283 4346
f 1126 714 278
f 1619 714 1126
f 3410 2092 2365
f 2365 2092 279
f 3410 1371 2092
f 3339 3301 3411
f 3412 4277 3294
f 3294 2093 3411
f 3413 2094 1376
f 3860 3413 1376
f 1376 2094 3339
f 2093 1376 3339
f 1129 1065 2024
f 2095 233 1129
f 3414 2095 1129
f 2097 2096 3234
f 4668 310 2097
f 2098 4744 1995
f 3423 3232 1138
f 1130 1036 2099
f 3232 1130 1138
f 1138 1130 3422
f 1130 2099 3419
f 2099 1131 3417
f 3415 1131 2099
f 3229 1996 1036
f 3415 1036 1996
f 2100 2101 3415
f 3415 2101 1131
f 2101 3416 2102
f 3333 2103 1133
f 2106 2103 2104
f 3360 3361 284
f 284 3362 3365
f 2067 1132 3365
f 2106 2104 2105
f 285 2105 2104
f 285 2104 284
f 285 284 1134
f 2107 2106 2105
f 2106 1133 2103
f 3416 3333 1133
f 2102 3416 1133
f 2102 2107 3418
f 1131 2102 3418
f 1131 3418 3417
f 3419 3417 2108
f 2099 3417 3419
f 3417 2110 1136
f 2108 1136 2112
f 3418 2107 2110
f 2110 2107 2105
f 1135 2109 2105
f 285 1134 286
f 1135 286 2109
f 2109 286 3420
f 287 2109 3421
f 2109 287 2110
f 2110 287 1136
f 3425 2113 287
f 2108 2112 1137
f 3419 2108 1137
f 3422 3419 1137
f 3463 3422 1137
f 3463 289 3422
f 288 2098 216
f 288 4744 2098
f 4744 3424 311
f 1139 2111 288
f 3424 1162 311
f 3424 288 2111
f 216 3423 1139
f 3423 1138 2135
f 2135 1138 289
f 1138 3422 289
f 1137 2112 290
f 3463 1137 2114
f 2114 290 1140
f 2112 2113 290
f 2112 1136 2113
f 3425 287 3421
f 2113 3425 3426
f 290 2113 2115
f 290 2115 3427
f 3425 291 3426
f 291 3425 3421
f 3421 292 291
f 291 293 3426
f 294 3463 2114
f 1140 3427 3429
f 3427 2115 3429
f 293 2119 2118
f 293 2118 2115
f 2118 3429 2115
f 3428 2114 1140
f 294 2114 3428
f 3428 1140 2117
f 2118 1143 2137
f 291 292 293
f 3420 292 3421
f 3420 1134 2120
f 3420 286 1134
f 2120 292 3420
f 1132 2067 3431
f 1132 3434 1134
f 3431 3434 1132
f 3432 2121 3431
f 2121 3432 1141
f 1141 3433 2121
f 3434 2121 3433
f 3433 4527 2122
f 3434 3430 1134
f 4671 2122 4527
f 3430 3433 295
f 295 2122 2123
f 1142 295 2123
f 1142 3430 295
f 2120 3430 1142
f 292 2120 2119
f 1143 2119 1142
f 2123 1143 1142
f 4349 4355 3435
f 3436 3435 1146
f 3437 3438 3436
f 3438 2124 3436
f 4137 2124 3438
f 3438 3437 1145
f 1146 296 3437
f 3437 296 3439
f 2174 4845 1147
f 4845 3439 1147
f 3439 1145 3437
f 3439 296 3440
f 4357 296 1146
f 3440 1147 3439
f 3441 1147 3440
f 297 4386 298
f 2175 298 299
f 4386 3442 298
f 3442 2650 4388
f 3442 3443 298
f 2125 3443 4388
f 2126 3443 3444
f 4146 3444 2125
f 4146 1533 3444
f 298 2126 299
f 1148 2126 3444
f 4596 1148 1149
f 1149 1148 4149
f 617 2174 1149
f 1149 4149 617
f 3303 3305 2127
f 4294 2127 3446
f 3306 2127 3305
f 3446 3306 3317
f 300 3448 238
f 300 238 3313
f 4811 300 3313
f 2128 4811 3277
f 3457 4811 2128
f 300 4811 3447
f 3457 3447 4811
f 300 1150 3448
f 3448 2130 3449
f 3449 1071 3448
f 231 1071 3449
f 3449 1152 231
f 1152 3455 3286
f 1151 3450 3289
f 2016 1060 3289
f 2016 3283 3282
f 3451 3282 3283
f 1058 226 3451
f 1058 3452 3454
f 301 3452 3451
f 3283 301 3451
f 2129 3453 303
f 301 3450 3453
f 302 3452 301
f 3454 3452 302
f 1151 3455 303
f 2130 1152 3449
f 3456 2130 3448
f 3456 3448 1150
f 3447 304 1150
f 3447 305 304
f 3458 305 3457
f 302 2131 308
f 302 2129 2131
f 306 2131 303
f 3455 1152 306
f 2130 3456 307
f 1152 307 306
f 306 307 3459
f 3456 1153 3459
f 2131 1153 308
f 305 1153 304
f 3159 2133 1154
f 3159 1154 3460
f 2132 3460 309
f 3165 1173 4541
f 309 1173 3165
f 3460 1154 309
f 3461 1154 2133
f 2133 2134 3461
f 1154 3461 3499
f 3477 3497 3461
f 910 2096 3166
f 2096 2134 3166
f 2134 310 3478
f 3462 3478 310
f 1161 1162 3424
f 1161 3424 2111
f 2135 312 2111
f 2135 2111 1139
f 2135 289 314
f 314 3463 294
f 2116 294 3428
f 3428 3464 2116
f 2117 3429 2136
f 2117 3468 3428
f 3468 2117 2139
f 1155 2136 2118
f 2137 1155 2118
f 2137 1143 3465
f 2123 3465 1143
f 2137 3465 1156
f 313 2136 1155
f 3466 313 1155
f 1155 2137 3466
f 3465 1144 3474
f 2137 1156 3466
f 313 3467 2136
f 2140 3467 313
f 3467 2139 2136
f 1157 3428 3468
f 3464 3428 1157
f 3464 1157 1158
f 3469 3464 1158
f 314 2116 3469
f 3469 2116 3464
f 312 3469 3471
f 3471 315 3470
f 3469 315 3471
f 315 3469 1158
f 1159 315 1158
f 2138 1157 3472
f 1157 3468 3472
f 3472 3468 3476
f 3468 2139 3476
f 3472 3473 2138
f 1158 2138 2143
f 3473 316 2138
f 3476 2139 4823
f 2139 3467 4823
f 313 319 2140
f 3466 3475 319
f 3475 3466 1156
f 3465 3474 1156
f 3474 1144 2241
f 1156 3474 317
f 1156 317 3475
f 317 3675 318
f 3475 318 401
f 3481 319 401
f 3683 3481 401
f 4823 1167 3476
f 1159 2141 315
f 3470 315 2141
f 4706 3470 2141
f 3470 4706 1161
f 320 4706 2141
f 1160 4706 320
f 1160 1161 4706
f 312 1161 2111
f 1162 1161 1160
f 311 3477 3462
f 3478 3462 3477
f 3477 311 1163
f 1163 1162 1160
f 1160 2154 1163
f 2154 1160 320
f 2154 320 3479
f 2142 321 2141
f 2142 3486 321
f 316 1164 2143
f 322 1164 316
f 316 3473 322
f 3473 3472 2144
f 3472 3476 2144
f 2144 3476 1167
f 3480 1166 3483
f 2140 319 323
f 319 3481 323
f 323 3481 1165
f 323 1165 3706
f 3483 1166 3482
f 1180 324 1167
f 2144 1167 324
f 3473 2144 3484
f 324 3484 2144
f 1164 1168 2143
f 1169 3486 1168
f 2145 3494 3485
f 3494 321 3485
f 321 3494 320
f 2146 3485 1169
f 1164 3488 1168
f 322 2147 1164
f 322 3473 3484
f 3487 2146 1169
f 2146 3487 4563
f 2148 3488 2149
f 2147 2149 3488
f 3487 2148 1170
f 2149 3490 2148
f 2150 4563 3489
f 3489 4563 1170
f 3528 3489 1170
f 1170 3490 3491
f 2149 1179 3490
f 3491 2151 3528
f 1170 3491 3528
f 3492 2150 3489
f 4563 2150 2145
f 3493 2152 3492
f 3493 3492 4564
f 1171 3493 2155
f 2155 1003 1171
f 3494 2145 2152
f 2153 3479 3495
f 2153 1163 2154
f 1163 2153 2158
f 3495 2158 2153
f 3496 3479 3494
f 3496 2152 3493
f 3496 3493 3500
f 3500 3493 1171
f 3167 182 1003
f 1003 2155 3168
f 4564 2156 2155
f 4564 3492 1176
f 3489 1176 3492
f 2156 4564 1176
f 3168 2155 2156
f 1004 1174 182
f 182 1174 1171
f 1174 3500 1171
f 3496 3500 1172
f 3495 1172 2157
f 2157 2158 3495
f 1163 2158 3477
f 3497 3477 2158
f 3497 2158 2157
f 3498 2157 1172
f 3499 3498 1173
f 3499 309 1154
f 309 3499 1173
f 1173 3498 4541
f 3498 1172 3500
f 1174 4541 3500
f 1174 1004 4541
f 1175 3168 2156
f 1176 3501 4780
f 3501 1201 4780
f 336 3530 3501
f 3501 3489 2168
f 3489 3528 2168
f 2149 2147 3503
f 2147 1177 3503
f 3502 2147 322
f 322 3484 3502
f 2147 3502 1177
f 3503 1177 1178
f 3503 1178 3504
f 3504 326 3503
f 1179 3503 326
f 326 1188 1179
f 1188 2151 1179
f 1179 2151 3490
f 3517 326 1185
f 1178 325 3504
f 2159 3504 325
f 2159 3505 1182
f 3505 325 3502
f 3483 3482 3507
f 3507 1181 2160
f 1182 2160 1181
f 3505 2160 1182
f 2160 3505 324
f 324 3502 3484
f 1182 1181 2161
f 1181 3507 1183
f 3510 2161 1181
f 1181 1183 3506
f 3507 2162 3508
f 3507 3508 1183
f 1183 3508 3509
f 1181 3506 3510
f 3510 3506 2163
f 3512 3510 2163
f 3509 3506 1183
f 2258 3710 3509
f 3506 3711 2164
f 3509 3710 3711
f 2163 3506 2164
f 2164 4597 2163
f 4597 4669 3511
f 4678 2164 3711
f 4669 4678 1291
f 3512 2163 4597
f 327 3512 4670
f 327 328 2161
f 328 1185 2159
f 2159 1185 3504
f 1185 328 3514
f 3514 328 3513
f 327 3513 328
f 3514 3513 1184
f 3517 1185 1187
f 1185 3514 1187
f 3515 3737 1190
f 1186 329 1187
f 3516 329 1186
f 329 3516 1189
f 3517 329 1189
f 3517 1188 326
f 1188 3517 1189
f 1195 3516 330
f 1194 1195 330
f 1191 1194 330
f 1191 330 335
f 335 1190 2165
f 2165 1190 1192
f 2165 1192 3518
f 3518 1193 2165
f 1193 335 2165
f 3520 4204 3519
f 3519 4204 332
f 4204 4643 334
f 333 334 4643
f 334 333 2167
f 334 332 4204
f 331 332 1193
f 1193 332 335
f 334 1191 332
f 2167 1191 334
f 1194 1191 3523
f 3526 1195 1194
f 3522 3523 2167
f 3524 3523 3522
f 3525 3523 3524
f 3526 3523 3525
f 336 3526 3525
f 1188 1189 3527
f 3527 2151 1188
f 1196 3528 3527
f 1195 1196 3527
f 1195 3526 1196
f 336 1196 3526
f 2168 3528 1196
f 336 2168 1196
f 3522 333 337
f 338 337 333
f 3529 337 338
f 3530 3525 3524
f 3529 3530 337
f 338 3531 3529
f 2170 338 4598
f 3531 338 2170
f 4598 2169 4208
f 1197 3531 2170
f 3182 3533 3534
f 1199 3534 2171
f 4720 4526 2172
f 2172 3532 4720
f 3532 2172 1197
f 4526 340 2172
f 340 4526 3535
f 3534 3535 2171
f 3534 3533 3535
f 341 1962 3183
f 3533 341 3535
f 341 3536 1200
f 3535 1200 340
f 1200 2173 340
f 340 2173 2172
f 3186 1197 2172
f 1197 3186 3531
f 3529 1202 1201
f 3531 3186 1971
f 1200 3536 2173
f 3537 3407 2090
f 282 3537 3409
f 282 3409 281
f 314 312 2135
f 4780 188 1175
f 1201 188 4780
f 1202 188 1201
f 1147 3441 2655
f 3445 1147 4391
f 4391 1147 2655
f 3538 3445 4391
f 4596 3445 3538
f 4596 3539 299
f 1203 2175 3539
f 2175 299 3539
f 2175 1203 297
f 342 3539 1652
f 4393 1652 3539
f 3538 4393 3539
f 1413 3541 3540
f 2176 3540 1205
f 3541 1204 3540
f 2176 1205 3542
f 3542 343 2176
f 3542 3544 3543
f 1206 3545 3544
f 3544 347 1215
f 1205 1204 347
f 347 1204 3546
f 1204 2193 3546
f 1420 2177 1382
f 3549 1420 1382
f 3590 3548 3547
f 359 1382 2178
f 3592 3593 2178
f 2067 4616 3432
f 3432 4616 1208
f 3432 1208 1141
f 2497 2498 3676
f 4135 3676 4599
f 345 607 4599
f 4671 344 2180
f 345 4599 344
f 2179 4671 4527
f 4671 1144 2122
f 344 4671 2179
f 344 2179 345
f 4128 345 2179
f 2180 1144 4671
f 2180 344 3676
f 2498 399 3676
f 3676 399 3677
f 399 4672 400
f 4134 402 1209
f 402 4134 2288
f 4134 1210 2288
f 343 3748 2181
f 343 3542 3748
f 3748 3542 3747
f 3542 3543 3747
f 1213 3543 3545
f 3545 1214 1213
f 347 1235 350
f 347 350 1215
f 1206 1215 1214
f 1214 1216 1213
f 1213 1216 346
f 1216 2182 346
f 1214 3553 1216
f 3554 3552 1216
f 3553 3554 1216
f 3554 3556 3552
f 1214 2184 3553
f 3553 2184 2185
f 2185 2186 3553
f 3555 4977 1219
f 4977 2186 1219
f 3558 3552 3556
f 3555 3560 3556
f 4804 3560 3555
f 3555 1219 4804
f 3556 3560 3557
f 3556 3557 3558
f 3552 3558 2182
f 440 2182 3558
f 346 2182 3742
f 3743 3742 1217
f 3742 2182 1217
f 440 2289 2182
f 439 3557 1218
f 3557 3561 1218
f 3560 3561 3557
f 3751 2183 3752
f 4804 1219 2183
f 1219 4985 4975
f 4985 4644 4975
f 4975 2183 1219
f 4644 4985 2186
f 4985 1219 2186
f 2184 3562 2185
f 2185 3565 2186
f 2185 3562 3565
f 3564 3563 348
f 2184 1214 1215
f 2184 1215 348
f 3564 4751 3563
f 4751 3564 3575
f 3563 4751 1222
f 3565 1222 349
f 3566 4644 3565
f 3567 4644 3566
f 4600 3567 3566
f 3568 4967 3566
f 4967 4600 3566
f 349 2189 1220
f 3566 4979 3568
f 4979 1220 3568
f 1221 4999 4967
f 4999 4600 4967
f 4967 3568 1221
f 4600 4999 3571
f 4999 1221 3571
f 3571 1221 3570
f 3573 4992 3568
f 4992 1221 3568
f 3568 1220 3573
f 349 2188 2189
f 3574 2187 4751
f 4751 3575 3574
f 349 2187 2188
f 3569 4701 2188
f 3574 3569 2187
f 1223 2189 4701
f 2189 1223 2190
f 4398 2189 2190
f 1220 2189 4398
f 3573 1220 4398
f 1221 4992 4969
f 4992 3573 4969
f 4969 3570 1221
f 3572 4993 4600
f 4993 3567 4600
f 3572 4600 3571
f 3571 4991 3572
f 4991 1224 3572
f 1224 4991 3753
f 4991 3571 3753
f 3753 3570 1225
f 3653 1225 1226
f 4673 4734 4399
f 4673 4972 1227
f 4972 3569 1227
f 3569 4972 4399
f 4972 4673 4399
f 3574 3575 351
f 350 3564 348
f 3576 3564 350
f 2191 4674 3564
f 1228 3575 4674
f 1228 351 3575
f 4601 4734 4673
f 1229 353 1230
f 355 2192 354
f 355 3577 2192
f 2666 3577 355
f 1231 356 355
f 1230 5001 1232
f 5001 1228 1232
f 1232 1228 1233
f 4752 4674 1234
f 4674 2191 1234
f 1234 2191 3576
f 350 1235 3576
f 3579 4752 1234
f 1234 3576 3579
f 2193 357 3546
f 357 3581 3546
f 1235 3546 3581
f 3581 2194 1235
f 3580 2194 3583
f 3579 3580 4752
f 1236 3583 2194
f 1236 3582 3583
f 3584 3583 3585
f 3586 3585 3583
f 3580 3584 4752
f 1233 2432 1232
f 2432 1233 4765
f 1237 2432 4765
f 3584 1237 4765
f 3584 3585 1237
f 3582 3586 3583
f 4679 358 2202
f 2195 2202 358
f 3587 3588 3589
f 2196 3589 4812
f 3588 3548 3589
f 3590 3547 359
f 3547 3549 359
f 1382 359 3549
f 3590 359 3591
f 3591 359 2178
f 4812 3591 3593
f 4812 3593 2196
f 3595 3593 3592
f 3595 3592 3594
f 900 3594 3592
f 1862 3595 901
f 2978 3594 900
f 1238 2197 360
f 2197 2980 360
f 1207 360 2980
f 2198 360 1207
f 1207 3625 2198
f 2198 3596 360
f 2198 2199 3596
f 2198 3624 2199
f 376 2199 3624
f 1238 4781 2200
f 2199 2214 4781
f 2199 3627 2214
f 3597 4781 2214
f 361 4781 3597
f 2200 4781 361
f 2200 2201 3587
f 2201 361 1239
f 1239 3597 3620
f 2201 1239 1240
f 1240 2195 2201
f 2195 1240 3622
f 3622 1240 3621
f 3619 362 3622
f 2195 3622 362
f 362 2202 2195
f 2202 362 1241
f 4679 2202 1241
f 1249 1244 1241
f 363 4014 383
f 383 2224 363
f 363 2224 4013
f 383 2222 3634
f 2203 1442 3598
f 3604 3598 3603
f 3598 1442 3603
f 3599 3598 4655
f 3599 2203 3598
f 3600 2222 1242
f 1242 3601 365
f 3601 364 365
f 2220 364 4015
f 3599 4655 4689
f 4655 366 4689
f 3604 3603 2421
f 3604 2421 1248
f 1248 3617 3604
f 3604 3617 366
f 3605 366 3617
f 367 2208 3605
f 3606 4689 366
f 4689 2204 1245
f 1245 2204 4602
f 1245 3607 1243
f 3607 1246 1243
f 370 1246 4602
f 3608 1246 370
f 2204 3609 4602
f 3606 2207 368
f 2207 3606 2208
f 2205 3608 370
f 370 371 2205
f 3609 2218 371
f 2206 2218 3609
f 379 378 3610
f 3739 372 3610
f 3611 1253 2207
f 367 3605 374
f 374 3616 373
f 373 3616 3615
f 2210 374 373
f 2215 373 2209
f 3614 1247 2215
f 367 374 2211
f 3612 3611 2211
f 2211 2210 3612
f 2217 3612 3631
f 2210 1247 3631
f 3613 3631 1247
f 3613 1247 3614
f 3613 3614 3630
f 3630 3614 2215
f 2209 2212 2215
f 3617 1248 3782
f 3618 1241 362
f 3618 362 3619
f 3621 2212 3622
f 3620 3623 3621
f 3620 3621 1239
f 3623 2215 3621
f 2212 3621 2215
f 3619 3622 3615
f 2209 3615 3622
f 2212 2209 3622
f 2213 3623 3620
f 3597 2214 1250
f 1250 2214 3629
f 376 3627 2199
f 1877 376 3624
f 2198 3625 375
f 3625 95 375
f 3626 376 1877
f 376 3659 3627
f 393 3627 3659
f 1251 1250 3629
f 377 2215 3623
f 2215 377 3630
f 2232 3613 3630
f 2217 2519 3612
f 1252 3739 369
f 379 2206 378
f 380 2206 379
f 380 2218 2206
f 381 3608 2219
f 1246 3608 381
f 4015 381 2220
f 2219 1259 2220
f 1259 365 2220
f 3644 2221 1258
f 2221 3644 365
f 3644 3632 365
f 365 3632 1242
f 3632 4675 3600
f 4675 3643 382
f 382 3633 2222
f 3643 3647 382
f 2222 3633 3634
f 3634 3633 3635
f 4721 4739 2224
f 4721 1257 4739
f 2223 384 1443
f 384 2223 385
f 386 1257 1256
f 3638 1257 4721
f 1257 3649 1256
f 2227 3638 3636
f 2224 2227 3636
f 383 3635 4795
f 2227 4795 3639
f 3633 3639 3635
f 3633 3648 3639
f 3647 2225 382
f 3640 3642 3641
f 2226 3640 387
f 387 3640 3641
f 387 3641 3643
f 4675 3645 387
f 3632 3644 4675
f 3644 1258 3646
f 2219 1260 1259
f 1318 1258 1260
f 1260 1258 1259
f 389 3645 3644
f 389 2273 3645
f 2226 3645 2273
f 2226 3725 3640
f 3641 3642 3647
f 3639 3771 2227
f 2227 3771 3638
f 3771 4607 3638
f 3638 4607 3649
f 2228 1256 3649
f 1256 2228 385
f 385 2228 2291
f 3650 385 2291
f 1261 2291 3651
f 2229 1261 390
f 390 3651 3652
f 3753 4974 1224
f 4974 3652 1224
f 3652 4974 390
f 4974 3753 390
f 390 3753 1225
f 3653 1226 2669
f 2229 3653 3654
f 4647 3582 1236
f 3655 4647 392
f 3586 3582 3655
f 3655 4040 3586
f 4040 3655 4037
f 4037 3655 3656
f 3655 392 3656
f 1232 2430 3578
f 3578 2430 4612
f 1231 3578 356
f 376 3626 3659
f 3626 3051 3659
f 1905 3051 3626
f 3662 1549 4171
f 4171 2519 2233
f 3658 3631 3613
f 2232 3658 3613
f 3630 2231 2232
f 2231 377 2213
f 2213 1251 3660
f 1262 3660 1251
f 393 1262 3629
f 3660 2231 2213
f 3663 2232 2231
f 2231 1263 3664
f 3661 2217 3658
f 3662 4171 2233
f 3662 2233 3661
f 3663 3661 2232
f 1264 3661 3663
f 1264 3663 3664
f 3665 3664 3667
f 3667 3660 1262
f 2234 3628 3659
f 3628 2234 3666
f 3665 3667 3666
f 2235 3665 3668
f 3666 1266 3668
f 2234 3659 1267
f 395 2234 1267
f 2237 1265 1266
f 2238 3671 3668
f 2236 454 1264
f 3661 3669 3662
f 1549 3662 394
f 3669 454 4722
f 3662 4722 394
f 1336 2520 4722
f 2237 2238 1265
f 2237 1266 3672
f 2237 3672 1269
f 1269 2238 2237
f 2238 1269 3673
f 3672 3126 1270
f 3672 1266 2234
f 395 3126 3672
f 1269 1270 397
f 2238 2308 3787
f 3673 2308 2238
f 3673 398 2309
f 2239 398 397
f 3125 2239 397
f 397 1270 3125
f 3128 980 2239
f 2239 1271 398
f 980 4656 2240
f 3474 2241 3675
f 3676 3677 2180
f 2241 3677 3675
f 3675 3678 3679
f 3675 3677 3678
f 3675 3679 318
f 3682 3678 3680
f 400 2242 3680
f 4672 402 2242
f 402 403 2242
f 404 2243 2244
f 1165 3481 3683
f 3683 409 1279
f 3683 404 409
f 404 2244 405
f 1272 2243 3679
f 3679 3682 1272
f 3682 3681 3685
f 405 3685 1278
f 3685 3684 1278
f 3684 3685 3681
f 3684 2245 1273
f 1278 3684 406
f 406 1273 3694
f 1273 4753 3694
f 4676 1273 2245
f 3686 2242 3687
f 3686 2245 3681
f 3686 3687 2245
f 4676 2245 3687
f 3687 403 1274
f 4676 3687 1274
f 3688 4645 4753
f 1274 403 3689
f 402 3689 403
f 402 2288 3689
f 3689 3690 2246
f 3688 1274 2246
f 4645 3688 2246
f 1275 4645 2246
f 4677 4645 1275
f 438 3690 1276
f 3691 441 408
f 4677 408 441
f 4753 4645 3693
f 441 3691 2290
f 3692 441 1282
f 3693 3692 3696
f 3694 4753 3693
f 3696 3692 1281
f 1282 1281 3692
f 2248 4603 1281
f 3696 1281 4603
f 1278 3695 405
f 409 405 3695
f 3695 1278 3698
f 1278 406 2251
f 3696 1277 3694
f 4603 3697 3696
f 1277 3696 3697
f 2247 1277 3697
f 2251 1277 2247
f 3698 1278 2251
f 3699 3695 3698
f 409 3695 3699
f 1279 409 3699
f 3705 1279 3699
f 3705 3699 3700
f 415 3698 2251
f 2247 3697 410
f 4723 410 3697
f 1280 4723 4603
f 410 2252 2250
f 2249 3701 4603
f 3701 413 3703
f 3701 3702 413
f 2248 411 2249
f 2248 412 411
f 2248 1281 412
f 411 3702 2249
f 4604 3702 411
f 412 1281 1282
f 4805 412 1282
f 4604 411 1322
f 1332 3703 413
f 3703 4754 410
f 2252 410 414
f 415 2247 2250
f 3700 3698 415
f 415 2250 2252
f 2253 2252 414
f 416 2253 2256
f 416 415 2252
f 3700 415 416
f 3706 1165 1284
f 3705 1284 1165
f 3700 1283 3705
f 1284 3708 3706
f 1166 3706 3708
f 3708 1285 1166
f 3708 1284 1283
f 1283 3700 3707
f 2254 3707 416
f 1283 3707 2254
f 3708 1283 2254
f 3482 1166 1285
f 3482 1285 2162
f 2254 416 1286
f 1286 416 2256
f 1288 2162 2255
f 2255 1286 1288
f 1287 1288 1286
f 2256 2253 1287
f 2253 2263 2257
f 417 1287 2257
f 1287 417 1288
f 2258 1288 417
f 3709 3710 417
f 2258 417 3710
f 3709 1292 3710
f 2262 3711 3710
f 1291 1290 1289
f 2259 1289 3712
f 2260 2259 3712
f 3513 3713 1184
f 1184 2259 3714
f 2260 3712 3715
f 3712 2276 3715
f 1290 2261 3716
f 3716 2276 1290
f 3716 2261 418
f 1291 4678 4605
f 4678 3711 1293
f 3711 2262 1293
f 2262 1292 2264
f 3709 2257 1292
f 2303 2263 4754
f 1331 2263 2303
f 2257 1331 1292
f 2264 1331 3717
f 2264 3717 3718
f 2262 2264 3718
f 3718 1293 2262
f 419 2261 4605
f 1293 4605 4678
f 3718 1294 420
f 419 420 2266
f 1294 2265 1295
f 2266 1294 1295
f 2265 3775 1295
f 3718 2265 1294
f 421 1333 1296
f 2266 1296 3777
f 2266 3777 3719
f 3719 3777 422
f 419 2266 3719
f 3719 418 419
f 418 3719 2267
f 2268 1297 2267
f 2267 422 3721
f 3716 418 1297
f 2275 3716 1297
f 429 1297 423
f 2268 3720 423
f 3720 2268 1298
f 424 1298 3721
f 1298 424 425
f 422 2269 424
f 2272 1299 427
f 1299 2270 424
f 2270 2271 424
f 2271 2270 425
f 425 2270 1305
f 425 1305 2274
f 1305 2270 3722
f 2270 1299 3722
f 3722 1299 1304
f 1304 2272 3725
f 2272 3724 3725
f 3724 2272 426
f 2269 1302 427
f 427 1302 1300
f 426 427 1300
f 426 1301 3724
f 4801 1335 3723
f 1300 4801 3723
f 1303 3757 3758
f 3725 2273 1304
f 428 1304 2273
f 1305 3722 428
f 2274 1305 3726
f 1298 425 1306
f 3726 428 388
f 389 388 428
f 428 2273 389
f 1318 3646 1258
f 2274 3646 1318
f 3731 3720 2280
f 3720 1298 2280
f 3716 2275 2276
f 1309 2275 429
f 2278 2276 2275
f 3715 2276 2278
f 3728 2277 3715
f 3728 1310 2277
f 1308 2277 1310
f 1184 3727 3514
f 2278 2275 1309
f 1315 3729 1307
f 1315 430 429
f 1309 429 430
f 3728 2278 1311
f 1309 430 1313
f 3730 1311 431
f 1311 1313 431
f 2279 1312 1308
f 2279 2283 1312
f 2283 2279 2282
f 2282 2279 1314
f 3733 1307 3731
f 3731 2280 3733
f 3733 2280 432
f 1318 3732 2274
f 432 2274 3732
f 433 432 3732
f 1316 1313 1315
f 3730 431 1314
f 431 1313 3735
f 1313 1316 3735
f 3733 434 1315
f 2284 4542 434
f 434 3733 2284
f 2284 3733 436
f 2527 3734 4542
f 2526 3734 2527
f 3734 1316 434
f 4185 3735 2526
f 4186 3735 4185
f 3727 1312 2283
f 3515 3727 3737
f 3737 3727 2283
f 3737 2283 3736
f 1190 3737 1192
f 2285 2284 436
f 2285 1317 4542
f 4606 1317 2287
f 2205 1255 3732
f 3732 1318 2205
f 1319 1255 2286
f 3738 2286 380
f 3738 1320 436
f 2285 1320 2287
f 380 379 1320
f 1320 379 2287
f 2287 379 437
f 1557 2287 437
f 4194 3739 4195
f 4195 1252 627
f 1275 438 407
f 3741 438 1276
f 407 3740 3691
f 3740 3559 3691
f 3691 3559 1218
f 1321 440 439
f 438 1321 3740
f 3741 1321 438
f 3741 3550 2289
f 3741 2289 1321
f 3744 3743 1217
f 3744 1525 3745
f 3745 3746 3743
f 3543 1213 3551
f 3747 3543 3551
f 1282 441 4805
f 1323 4805 4789
f 4789 4805 441
f 3561 4789 2290
f 441 2290 4789
f 1323 4789 3561
f 1322 1323 3749
f 1323 3561 3751
f 1323 3751 3749
f 1324 3702 4604
f 2307 3702 3750
f 1324 3750 3702
f 442 3750 1324
f 3750 442 2306
f 2294 2295 442
f 442 1324 2294
f 3749 3751 3754
f 3754 3751 3752
f 1325 4968 443
f 3572 4971 4968
f 4971 443 4968
f 443 4971 1224
f 4971 3572 1224
f 3651 444 3652
f 444 3651 2291
f 444 2291 2228
f 3572 4968 4965
f 4968 1325 4965
f 4965 4802 3572
f 3752 4966 3756
f 4966 1325 3756
f 4566 3749 2292
f 2292 1326 4566
f 1324 4566 1326
f 1326 2294 1324
f 2293 2294 1326
f 1328 2294 2293
f 2295 1327 445
f 2295 445 2306
f 1328 1327 2294
f 3755 1326 2292
f 2292 1329 3755
f 452 3755 1329
f 2293 3755 3763
f 2293 3763 2296
f 1328 2293 2296
f 1328 2296 3765
f 4813 3765 3773
f 1303 4813 3773
f 446 1301 3758
f 1301 446 3724
f 3724 446 3761
f 3761 3759 3724
f 3725 3759 3640
f 3640 3759 3642
f 447 3760 3772
f 3642 3772 3647
f 3761 447 3642
f 3761 3760 447
f 446 3757 3761
f 3761 3757 3760
f 3765 2296 2297
f 2296 3762 2297
f 2296 3763 3762
f 448 3773 3765
f 1330 3773 448
f 3766 2297 3764
f 3764 3769 3766
f 3764 3770 3769
f 3766 449 2297
f 2298 449 3766
f 3766 2300 2298
f 2299 2298 2300
f 450 2298 3767
f 450 449 2298
f 1330 448 449
f 1330 449 450
f 3767 451 450
f 4607 451 3767
f 2301 2299 2300
f 2300 4986 4981
f 4986 1325 4981
f 4981 2301 2300
f 444 3768 2301
f 2301 4981 443
f 4981 1325 443
f 3769 4982 1325
f 4982 3756 1325
f 3754 452 1329
f 3649 444 2228
f 3771 451 4607
f 3772 451 3648
f 3772 450 451
f 1330 3760 3757
f 2303 3704 2302
f 3717 1331 2304
f 2302 2304 2303
f 3704 1332 2302
f 3774 2302 1334
f 2304 3774 3778
f 3775 2304 3778
f 3776 421 3775
f 421 3776 1333
f 1333 3777 1296
f 2269 422 3777
f 3777 1302 2269
f 1300 2305 4801
f 2305 3776 3779
f 1334 3778 3774
f 3778 1334 3779
f 4801 3779 3780
f 4801 3780 1335
f 3779 4824 3780
f 3779 1334 4824
f 1334 3781 4824
f 3781 1334 1332
f 1335 3780 445
f 445 1327 1335
f 4813 1303 1327
f 1327 1328 4813
f 3780 4824 445
f 1332 3704 3703
f 1332 2307 3781
f 2306 3781 2307
f 3619 3782 3618
f 3619 3615 3782
f 3615 3616 3782
f 3782 3616 3617
f 4567 3789 453
f 2520 1336 2552
f 2552 1336 1339
f 1336 454 3783
f 4722 454 1336
f 3670 3783 454
f 1268 3785 3784
f 1337 3670 3784
f 3783 1337 4567
f 3785 1337 3784
f 1337 3785 2315
f 1337 2315 4567
f 3786 3787 455
f 3787 3786 3671
f 456 2309 3674
f 455 456 2310
f 2310 456 4770
f 2310 2312 1338
f 2312 2310 2311
f 3796 2312 2311
f 2313 2312 3796
f 3788 2312 2313
f 1338 2314 2310
f 2315 3785 1342
f 2315 3790 3789
f 1339 3783 4567
f 1339 1336 3783
f 453 1339 4567
f 453 3789 651
f 457 2557 3790
f 457 1341 2557
f 2557 1341 458
f 3785 3797 1342
f 1573 2556 4240
f 2316 3791 4240
f 3791 458 1341
f 4240 3791 2318
f 2317 4240 2318
f 3793 3792 2318
f 3791 1341 3793
f 1338 2319 2314
f 1338 2312 2319
f 2319 3797 3785
f 3792 3793 1343
f 3792 1343 2312
f 2312 3788 3792
f 459 3792 3788
f 1575 2317 3794
f 3794 459 3795
f 3795 459 3788
f 3788 2313 2321
f 2321 3795 3788
f 3794 3795 3198
f 2320 3198 3795
f 2321 2320 3795
f 2322 2320 2321
f 2321 2313 2322
f 2322 3796 2324
f 2324 3796 2311
f 2311 4770 2324
f 4656 461 2323
f 4656 1344 461
f 2322 1345 2320
f 2323 2324 4770
f 2323 461 2324
f 461 460 2324
f 461 2325 460
f 1343 2319 2312
f 3793 2319 1343
f 2326 795 1347
f 2775 1347 795
f 2783 1347 2775
f 1348 1739 2327
f 2326 1347 3798
f 3798 462 2327
f 2327 462 4543
f 2327 3799 1348
f 3801 462 3798
f 29 3801 1347
f 3800 29 1347
f 1347 2783 3800
f 1762 3803 463
f 3801 463 462
f 462 1353 1351
f 2329 1739 1348
f 1348 3799 464
f 1348 464 2329
f 464 2328 1349
f 1349 3802 1350
f 1350 3802 3807
f 1349 1350 3862
f 3807 1374 1350
f 3862 1350 1374
f 1374 3807 3816
f 3816 3807 2333
f 3806 3807 3802
f 1349 465 3802
f 2328 465 1349
f 2328 4543 1351
f 1352 466 1351
f 1352 3804 466
f 462 463 1353
f 3803 2834 2330
f 4502 1353 2330
f 1352 1353 4502
f 466 467 465
f 467 3806 465
f 468 467 3804
f 3804 1597 468
f 3804 1352 1597
f 469 468 3805
f 3806 3808 3807
f 2333 3807 3808
f 3810 3809 3808
f 3810 470 2331
f 3809 3810 2331
f 470 3811 2331
f 3808 3809 3812
f 3812 2332 471
f 3808 3812 471
f 2333 3808 3813
f 471 3814 3813
f 472 1354 3814
f 2334 3814 1354
f 2334 474 3814
f 2333 3813 3815
f 3813 4544 3815
f 3816 2333 3815
f 3816 3815 473
f 3817 473 3815
f 3817 3815 4544
f 4544 3814 474
f 474 2334 2336
f 2336 4568 474
f 4568 2335 4782
f 4782 2335 3413
f 3413 2335 2094
f 2335 2366 2094
f 2335 1373 2366
f 3818 2336 2337
f 475 2337 2336
f 2334 475 2336
f 1354 475 2334
f 472 1355 1354
f 3814 2332 472
f 472 2332 2339
f 1355 476 1354
f 475 1354 476
f 476 1355 1377
f 2343 1377 1355
f 2339 2343 1355
f 3819 2339 2332
f 2331 1356 3809
f 477 1357 2331
f 1356 2331 1357
f 1357 3820 1356
f 3819 3809 1356
f 1356 3820 3819
f 3819 3820 2342
f 3811 477 2331
f 470 3821 3811
f 3823 3811 3821
f 3823 3822 3811
f 3822 479 477
f 479 3822 2340
f 3823 2340 3822
f 2340 478 690
f 479 2340 480
f 477 479 1358
f 2340 3828 480
f 690 3828 2340
f 3828 483 480
f 2341 3826 1358
f 3824 2342 4724
f 2343 3824 1377
f 4724 2344 3824
f 2344 4724 1359
f 2345 2346 3873
f 2346 2345 2347
f 2347 2344 1359
f 1359 4545 1360
f 2347 1359 3825
f 1360 3825 1359
f 481 1360 4545
f 4545 3826 481
f 481 3826 2341
f 2356 481 2341
f 482 3825 2369
f 498 2347 3825
f 2347 498 2346
f 1395 2346 498
f 1361 2369 1360
f 1360 2369 3825
f 1360 3827 1361
f 2355 483 3828
f 3834 483 2355
f 1362 3828 1598
f 848 1812 1363
f 848 2348 850
f 2348 3840 4608
f 1801 2349 484
f 52 484 2350
f 485 484 2349
f 2349 2351 485
f 2351 2349 2885
f 485 486 3829
f 486 485 2351
f 2351 2352 486
f 487 486 2352
f 2886 1365 2887
f 2886 2353 1365
f 2353 3831 2354
f 2353 3837 3831
f 3835 2354 3831
f 2352 3832 487
f 2354 3832 2352
f 2357 3832 3835
f 3832 3955 488
f 486 487 3833
f 1364 486 3833
f 2355 1362 4306
f 2355 4306 3833
f 488 3834 3833
f 3834 2355 3833
f 3955 3832 3954
f 2357 3954 3832
f 2357 3835 489
f 3836 489 3835
f 3840 3837 4608
f 3840 2348 3839
f 1363 3839 2348
f 2384 3837 3840
f 2384 3838 3837
f 489 3836 3837
f 3838 489 3837
f 3838 2384 490
f 3840 3839 2385
f 2384 3840 2385
f 2386 2385 3839
f 91 3908 59
f 3841 2358 2360
f 2358 3841 3847
f 3847 3846 2359
f 4478 2707 4776
f 3843 4478 4776
f 3842 4478 3843
f 3844 3852 3843
f 2359 3845 3844
f 3844 3845 3852
f 3842 3852 4479
f 1367 3853 3850
f 491 3846 3847
f 1367 3846 491
f 2360 2361 3841
f 4825 3841 2361
f 2360 3864 2361
f 491 4825 1367
f 3853 1367 3849
f 3867 3848 2361
f 4825 3848 3871
f 492 4825 3871
f 4825 492 493
f 3850 3853 494
f 3845 1367 3851
f 3851 3852 3845
f 3852 3851 4479
f 3853 3849 494
f 494 3849 1368
f 1369 1578 495
f 1368 3854 1578
f 3849 493 1368
f 493 3854 1368
f 4248 1369 2362
f 495 2362 1369
f 495 3294 2362
f 3855 4569 3854
f 492 3855 493
f 3859 492 496
f 3859 4569 3855
f 4277 2362 3294
f 249 2049 3340
f 4698 4089 2474
f 2373 3856 3878
f 2483 2363 2364
f 2364 2363 1396
f 1397 1396 4698
f 4698 3857 1397
f 1372 3410 2365
f 2366 2365 2049
f 1372 2365 2366
f 3858 1373 3818
f 1373 3410 1372
f 496 3869 3859
f 2093 3859 3869
f 2094 2366 249
f 3413 3860 4782
f 4782 3860 3861
f 473 3817 3861
f 3816 473 2368
f 2367 3862 3863
f 3866 3863 3864
f 3865 2367 3866
f 2329 2367 3865
f 3866 3864 2360
f 3816 2368 3868
f 3867 3863 3868
f 3848 3867 3868
f 2368 473 1375
f 2368 1375 3870
f 3860 3869 1375
f 3869 496 1375
f 3870 1375 496
f 3871 3848 3870
f 3868 2368 3848
f 3870 496 3871
f 1619 1371 3858
f 2337 3872 3818
f 3818 3872 1619
f 475 2338 497
f 3872 475 497
f 3872 2337 475
f 1377 716 2637
f 1377 2637 476
f 1378 3913 1377
f 3824 2345 1378
f 2345 3873 1378
f 2346 510 3873
f 498 3874 1395
f 498 2364 3874
f 498 482 3877
f 482 2369 3876
f 1370 2369 3875
f 3877 482 3876
f 3876 3856 3877
f 498 3877 2364
f 3876 3878 3856
f 499 1361 3827
f 3884 499 3827
f 500 2370 2371
f 1506 2371 2370
f 3882 3879 500
f 3888 592 3880
f 3880 3879 3881
f 3881 3888 3880
f 3882 2375 2372
f 1379 2372 2375
f 2372 3879 3882
f 2372 3881 3879
f 3881 2372 501
f 1379 501 2372
f 3882 1380 2375
f 3875 2371 2373
f 499 3883 3875
f 3886 499 3885
f 499 3884 3885
f 3958 3885 3884
f 3883 499 3886
f 3883 3886 2374
f 2374 3882 3883
f 3958 2374 3886
f 2374 3956 1380
f 3887 1379 2375
f 2376 502 3888
f 3888 3881 2376
f 501 3889 3881
f 3889 2376 3881
f 502 2376 2379
f 2376 3889 2379
f 502 3897 503
f 1520 4646 3890
f 3894 3892 3891
f 1381 2178 1382
f 3892 3893 1382
f 3909 3893 3894
f 1381 1382 3893
f 1381 3893 507
f 3893 3909 507
f 3894 3891 3895
f 3895 3891 3896
f 3896 2378 2377
f 4691 2377 2378
f 2379 506 3897
f 1385 2377 4691
f 1385 4691 1384
f 3898 3889 501
f 3898 2379 3889
f 2379 3898 3903
f 501 1383 3899
f 1383 1379 3887
f 2380 3887 2375
f 2380 1380 2357
f 2380 2375 1380
f 2381 3887 2380
f 3887 2381 1383
f 1383 2381 2382
f 3899 1383 2382
f 2380 3900 2381
f 3900 489 3838
f 490 3901 3838
f 3838 3901 3900
f 3900 2382 2381
f 3901 2382 3900
f 490 2384 3902
f 3953 490 3902
f 490 3904 3901
f 3904 2383 3901
f 2382 1384 3899
f 1384 3905 4740
f 1386 3896 2377
f 1385 1386 2377
f 1386 1385 4740
f 1387 3895 1386
f 3895 3896 1386
f 3906 3907 1387
f 1388 1387 3907
f 1389 3895 1388
f 3895 1387 1388
f 2383 3907 3906
f 2383 3906 3905
f 3904 3907 2383
f 2388 3907 3904
f 2388 3904 490
f 3953 2388 490
f 91 3910 3908
f 2385 3952 3902
f 1389 1388 1391
f 504 1381 507
f 2982 900 504
f 2982 504 507
f 900 3592 504
f 1389 1391 4777
f 507 3909 2387
f 2982 507 1390
f 2387 4657 1390
f 4777 4657 2387
f 3952 4657 4777
f 3902 3952 3953
f 3908 3910 4657
f 3908 4657 3952
f 933 3910 1864
f 3910 93 1864
f 3911 4848 2506
f 4848 2505 2506
f 3961 4849 4848
f 4849 2505 4848
f 4848 3911 3961
f 3911 3912 2512
f 3913 3915 1621
f 1378 3915 3913
f 3915 2390 1621
f 2390 508 1621
f 2389 508 1393
f 508 2389 1392
f 509 1625 1392
f 509 1392 2389
f 2390 1393 508
f 1393 2390 511
f 2391 3914 2389
f 509 3914 2392
f 3914 2393 4755
f 2391 1394 3914
f 511 1394 2391
f 1378 3873 3915
f 3915 3873 510
f 3915 510 2390
f 510 511 2390
f 1395 3917 3916
f 510 3916 511
f 1394 511 3916
f 1398 2393 1394
f 2393 3914 1394
f 1394 2403 1398
f 3916 3917 1394
f 1394 3917 2403
f 3856 2364 3877
f 1396 1397 3918
f 3918 4847 1396
f 4847 2364 1396
f 2364 4847 3874
f 4847 3918 3874
f 3874 3918 3919
f 3874 3919 1395
f 1395 3919 3917
f 3918 2394 3919
f 3918 1397 2394
f 1397 3857 2505
f 2394 1397 2505
f 3919 2394 3917
f 4570 4755 2393
f 512 4838 4755
f 4838 2392 4755
f 4755 4837 512
f 4837 514 512
f 4570 515 4755
f 515 1399 514
f 515 4570 3920
f 1398 4852 2393
f 4852 3920 2393
f 3920 3921 515
f 1399 4814 514
f 514 3922 4365
f 3922 3924 2641
f 1400 2641 3924
f 516 1400 1401
f 3932 516 3931
f 3925 2395 3929
f 1401 517 3925
f 517 1401 1403
f 3924 1403 1401
f 3927 1403 3924
f 3924 3922 3927
f 4814 3927 3922
f 1399 3926 4814
f 518 517 1403
f 518 1402 3928
f 1402 1404 3928
f 3949 1404 1402
f 1404 1405 3928
f 1404 3949 3947
f 517 1406 520
f 517 520 2395
f 3929 2395 520
f 520 4815 521
f 3929 520 521
f 521 2398 3936
f 3929 1407 3930
f 3925 3929 3930
f 3931 3925 3930
f 516 3925 3931
f 3932 3933 4368
f 3933 3937 3938
f 3933 3931 3937
f 521 3936 1407
f 3937 3930 3935
f 3937 3935 522
f 2396 522 3935
f 522 3938 3937
f 3938 522 1408
f 1408 4374 3938
f 1408 522 2396
f 2397 1632 1408
f 1408 2396 2397
f 3939 2397 2396
f 2396 3936 3939
f 524 3940 525
f 3940 524 3941
f 2645 3939 1409
f 3941 4383 1637
f 3941 528 4383
f 527 525 3943
f 4815 3942 521
f 526 3942 4815
f 4725 4815 519
f 526 4815 4725
f 2398 3942 3943
f 3946 2399 3942
f 2399 527 3943
f 525 527 3945
f 527 3944 3945
f 3945 3944 1411
f 3945 1411 1410
f 1410 4383 528
f 529 3944 4707
f 527 4707 3944
f 1412 4153 4707
f 3946 3942 526
f 2401 3947 3949
f 3949 1402 3926
f 3926 3921 3948
f 3921 3920 530
f 531 530 3920
f 530 531 3961
f 2403 531 1398
f 2403 3960 531
f 3950 3961 3911
f 530 3961 3950
f 3948 3949 3926
f 3949 3948 2401
f 2401 2402 4572
f 2512 4572 2402
f 2512 2402 3950
f 4657 3910 933
f 1390 4657 933
f 3952 4777 4609
f 3952 4609 3953
f 92 933 3951
f 3955 3834 488
f 3834 3957 2356
f 3955 3956 3957
f 3955 3954 3956
f 3956 2374 3958
f 3884 3959 3958
f 2356 3957 3959
f 3917 3960 2403
f 2394 3960 3917
f 4119 533 2181
f 533 532 3962
f 3963 534 3962
f 533 3962 534
f 534 536 533
f 4122 534 3963
f 3965 3968 535
f 535 3968 3969
f 4122 535 3969
f 3969 1414 4122
f 1414 534 4122
f 536 534 1414
f 533 3966 3964
f 536 1413 3966
f 1413 536 1415
f 3964 2181 533
f 2405 2404 3541
f 2405 2406 2404
f 2404 2406 3967
f 3973 539 3967
f 1413 1415 2405
f 3969 3968 1519
f 1519 3968 3965
f 1519 1416 3969
f 3970 3969 1416
f 3969 3970 1414
f 4546 2406 3970
f 3975 3974 538
f 538 537 3975
f 1416 4546 3970
f 4546 1427 2406
f 4546 3987 2409
f 1416 3987 4546
f 1417 3987 1416
f 538 3974 3972
f 1417 3974 1422
f 537 3978 3976
f 2408 3980 1418
f 3978 1418 3976
f 3977 2407 3978
f 2407 1419 1420
f 3978 1421 1418
f 1421 2408 1418
f 2177 1420 1419
f 1419 2496 3891
f 1420 3983 2407
f 3981 1421 540
f 3981 3982 1421
f 1421 3979 2408
f 2410 2408 3979
f 3980 2408 2410
f 3975 3976 3980
f 3974 3975 1422
f 3980 2410 1422
f 2410 3979 1423
f 3982 542 1423
f 3981 4771 3982
f 3983 540 2407
f 3983 1420 3549
f 3981 540 4803
f 4803 3983 1424
f 1428 3981 4803
f 2665 2664 2439
f 1425 2439 2664
f 3984 1425 3985
f 3984 2439 1425
f 4736 2404 3967
f 3967 3996 4736
f 1427 539 3973
f 1427 3986 539
f 2410 541 1422
f 2409 4528 1427
f 1427 4528 3986
f 3988 4528 2409
f 541 2409 3987
f 3988 541 3991
f 2410 3991 541
f 3991 2410 4816
f 4816 2410 1423
f 542 1429 3989
f 3999 2411 4771
f 4771 1428 3999
f 4803 1424 1428
f 1424 1435 1428
f 2411 3999 2412
f 1429 3992 3989
f 3989 3992 3990
f 3989 3990 4816
f 3989 4816 1423
f 2412 3998 2411
f 1430 3998 2412
f 4011 4994 1431
f 4994 3992 1431
f 3992 3993 3990
f 543 2413 3990
f 2423 4988 3993
f 4988 3990 3993
f 3994 2414 543
f 2414 2413 543
f 2413 2414 3991
f 3991 2414 1432
f 3991 1432 3988
f 1432 1433 3988
f 1433 1432 2414
f 2414 3994 1433
f 3988 1433 3995
f 3988 3995 4528
f 3995 4025 4528
f 4528 1450 3986
f 2404 4736 357
f 4736 544 357
f 357 544 3581
f 1236 544 1434
f 3996 1434 544
f 3995 4726 4025
f 3994 4726 3995
f 545 2423 4022
f 2423 3993 4021
f 3993 552 4021
f 4011 552 3993
f 1441 4011 1431
f 2415 1429 3998
f 2416 2415 3998
f 2416 2420 2415
f 1438 2416 3998
f 4002 3998 1430
f 4002 1438 3998
f 4001 1430 2412
f 2412 3999 4001
f 3999 1428 4001
f 4000 1424 3548
f 546 1435 4000
f 546 4000 3588
f 1436 546 3588
f 358 1436 3587
f 1435 547 4001
f 4002 1430 4001
f 1438 4003 2416
f 2416 4003 1437
f 4003 548 4012
f 548 4003 1438
f 2417 1438 4002
f 4004 547 1244
f 4679 1244 546
f 546 1436 4679
f 4679 1436 358
f 4000 3548 3588
f 2418 2417 547
f 4004 2418 547
f 4004 2421 4005
f 4005 4007 2418
f 4005 4006 4007
f 2417 548 1438
f 2417 4007 548
f 548 4007 4008
f 1439 549 2419
f 549 363 2419
f 2419 4008 1439
f 3601 4014 549
f 4014 363 549
f 4009 549 1439
f 4009 1440 549
f 363 4013 2419
f 2419 4013 4008
f 4012 4010 4003
f 4003 4010 1437
f 2415 2420 1441
f 1441 4610 4011
f 4016 1441 2420
f 4012 4739 4010
f 386 4010 1257
f 4739 4008 4013
f 4008 4739 4012
f 4739 4013 2224
f 1242 2222 4014
f 364 3601 549
f 4015 364 1440
f 4009 1442 4015
f 2203 4015 1442
f 1442 4009 4006
f 1442 4006 3603
f 2421 3603 4006
f 1249 2421 4004
f 1249 4004 1244
f 386 1443 4010
f 4010 1443 1437
f 2420 1437 1443
f 1443 3637 2420
f 3637 2422 4016
f 3637 4016 2420
f 4016 2422 2230
f 4016 550 4610
f 4418 2670 1444
f 1444 2670 4414
f 1445 737 4017
f 1446 4018 4019
f 4017 4018 1446
f 1445 1446 4020
f 1447 1446 4019
f 4023 1446 1447
f 4020 1446 4023
f 1449 4020 4023
f 4020 1449 4021
f 4021 4756 4020
f 1444 4414 4756
f 4610 1444 552
f 552 1444 4021
f 4021 1444 4756
f 2423 1449 4022
f 545 4022 4726
f 4023 1447 2424
f 2424 4028 4023
f 1448 4023 4028
f 1449 1448 4024
f 1448 553 4024
f 4024 2425 4680
f 4680 4980 4024
f 4980 4022 4024
f 4022 4980 4726
f 4980 4680 4726
f 4726 4680 4025
f 4025 4680 4027
f 4025 1453 1450
f 1451 1450 1453
f 3997 1452 1434
f 1434 4026 4647
f 1434 4647 1236
f 4026 1452 4032
f 1451 1452 3997
f 3986 1451 3997
f 3986 1450 1451
f 1451 1455 1452
f 4027 4615 554
f 4028 2424 4029
f 2424 4030 4029
f 4028 4029 553
f 4031 2425 4024
f 4615 1484 554
f 4027 554 2426
f 554 1456 2426
f 1453 1454 1451
f 2427 1453 2426
f 1454 2427 1455
f 1452 1455 4032
f 4034 4032 1455
f 4032 4647 4026
f 4033 4647 4032
f 4035 3656 392
f 2428 4034 1455
f 555 4034 2428
f 4547 2428 2427
f 4036 4547 1456
f 4036 1456 1484
f 4547 4984 555
f 4984 4070 555
f 2429 1457 555
f 4034 555 4033
f 4054 4035 1457
f 4035 4054 3656
f 4054 1475 3656
f 3656 1475 4041
f 3656 4041 4037
f 1475 558 4041
f 4040 2433 1237
f 4038 3578 1460
f 4044 4039 4038
f 2430 2431 4612
f 2430 4611 2431
f 2433 4611 2432
f 4040 556 2433
f 4041 556 4037
f 556 557 2433
f 557 556 1458
f 1458 556 4053
f 558 4053 556
f 4053 4042 1458
f 557 1458 1462
f 4042 1462 1458
f 557 1459 2433
f 2433 1459 1461
f 1461 4612 4611
f 1461 559 1460
f 4044 1460 559
f 559 2434 4044
f 2435 559 1461
f 1459 1462 2435
f 2436 2435 1462
f 2436 2442 2435
f 2442 2434 2435
f 2434 559 2435
f 4043 2437 4044
f 2437 2438 4044
f 2437 1463 2438
f 2438 4049 2673
f 2441 2673 4049
f 4045 561 4046
f 3985 4046 1426
f 1426 4046 561
f 4045 4048 561
f 562 1426 561
f 561 1465 562
f 562 4047 1426
f 4047 3984 1426
f 3984 1464 2439
f 1464 4067 2439
f 4062 4067 1464
f 4062 1464 2449
f 4052 4727 4047
f 4051 4047 562
f 1465 1467 562
f 1465 561 4048
f 2438 1463 4049
f 1463 4050 1465
f 4050 1467 1465
f 2437 4050 1463
f 2437 1466 4050
f 1466 2437 4043
f 4050 1466 563
f 4050 563 1467
f 563 1466 4043
f 1471 563 4043
f 4051 1467 1468
f 4613 4052 4047
f 2440 4727 4052
f 2448 2449 2440
f 2448 2440 4052
f 1470 1469 1468
f 1468 1471 1470
f 563 1471 1468
f 1473 1471 1472
f 1473 1470 1471
f 1470 1473 1476
f 1472 2442 2436
f 1475 1474 558
f 4054 564 1475
f 4054 2443 564
f 2443 1457 2429
f 2444 565 2429
f 2444 2429 555
f 564 4055 1475
f 1473 1472 1474
f 1476 1473 1474
f 4055 1476 1474
f 4055 565 1476
f 2444 4056 565
f 4826 1476 4056
f 1470 1476 4826
f 4826 1469 1470
f 1477 4051 1469
f 1477 567 4051
f 2447 1481 567
f 2447 567 1477
f 4057 2447 1477
f 4059 4057 1477
f 568 4826 4056
f 4058 569 568
f 569 1477 1469
f 1477 569 4059
f 4059 569 4058
f 4070 4058 566
f 4070 1479 4058
f 570 4614 4059
f 570 4059 1479
f 570 571 4614
f 571 4057 4614
f 4681 570 2445
f 2445 1479 4061
f 4060 4681 2445
f 4681 2446 1480
f 4757 2445 4061
f 2445 4074 2457
f 2457 4060 2445
f 572 1480 2446
f 571 1480 2447
f 1481 2447 1480
f 2448 1481 572
f 2448 572 4682
f 572 2446 2463
f 2452 4682 572
f 1478 4052 4613
f 567 1478 4613
f 2449 4682 4062
f 4067 4062 573
f 2450 4987 4030
f 4987 4029 4030
f 575 574 2450
f 574 575 4063
f 4064 4063 575
f 4063 4064 1482
f 574 4063 1482
f 574 1482 2460
f 2464 4065 2451
f 4065 4064 2451
f 4064 4065 1482
f 2451 4066 1483
f 1669 4067 2680
f 2680 4067 4068
f 2452 4080 4682
f 4062 4682 4080
f 4062 4080 573
f 573 2453 4067
f 4068 4067 2453
f 1678 4069 573
f 573 4080 1678
f 4615 2456 1484
f 4036 4827 4547
f 4070 4995 2455
f 4995 4827 2455
f 4036 1485 4827
f 4827 1485 2454
f 2455 4827 2454
f 4757 4061 2455
f 576 4073 2455
f 576 2455 2454
f 1487 1484 2456
f 4615 1486 2456
f 577 4071 4029
f 4029 4987 577
f 2450 5002 4987
f 5002 577 4987
f 1487 4790 4072
f 4790 2456 1486
f 577 4790 1486
f 1488 2460 4072
f 4075 1485 1487
f 4074 4757 4073
f 2457 2462 4060
f 2462 2457 4077
f 4076 1489 4073
f 4075 4076 576
f 4073 576 4076
f 4571 4076 4075
f 4075 1487 4571
f 4076 2458 2459
f 2459 4077 1489
f 4077 2459 1490
f 578 4078 2459
f 2459 2458 578
f 4571 578 2458
f 4078 578 2460
f 4072 2460 578
f 1482 4078 2460
f 2464 2461 4065
f 2461 2459 4078
f 2462 4077 1490
f 2463 2462 4079
f 2463 2452 572
f 2464 4079 1490
f 2465 2451 1483
f 2451 2465 2464
f 2465 2452 2463
f 2452 4973 4080
f 1483 5000 4973
f 5000 4080 4973
f 1483 4973 2465
f 4973 2452 2465
f 4066 1676 4451
f 1678 1483 4451
f 3366 4081 1097
f 1097 4081 4082
f 4081 2467 1492
f 4081 1492 4082
f 1097 4082 2466
f 2059 1097 2466
f 4616 1102 580
f 580 1103 2466
f 4693 4616 580
f 4084 4693 580
f 1491 2466 4082
f 1492 1491 4082
f 266 2513 4083
f 1501 3407 2513
f 4137 4139 2468
f 4085 2468 1493
f 1493 1499 4085
f 4085 1499 1494
f 1494 1499 4086
f 2469 581 1494
f 4642 2076 4808
f 4808 2076 1128
f 1495 4086 2475
f 581 2469 2470
f 1128 581 2470
f 1128 2470 4808
f 4808 2470 4090
f 2469 1495 2476
f 4090 2470 2476
f 2473 1496 2471
f 582 1496 1495
f 582 2475 1498
f 582 1498 4087
f 2471 582 4087
f 2471 2472 2473
f 2472 4096 2473
f 2474 2472 2471
f 2471 4087 2474
f 1504 2474 4087
f 4087 1498 1497
f 1498 2475 583
f 2475 1499 583
f 1505 583 1493
f 1497 1498 4088
f 4088 1498 4708
f 4708 589 4088
f 4648 1504 4088
f 588 2472 1503
f 1496 4096 2476
f 1500 2477 4090
f 4642 2477 584
f 2090 3407 1501
f 4091 4642 584
f 585 4092 4091
f 584 585 4091
f 584 2477 4095
f 1502 4092 585
f 1502 2478 4092
f 2478 2479 4092
f 4092 281 4091
f 281 4092 282
f 626 282 4092
f 2478 4093 2479
f 4548 4093 2478
f 4548 2478 1508
f 1502 1508 2478
f 1502 2480 2481
f 2480 1502 585
f 586 4094 4095
f 586 2480 4094
f 2482 2480 586
f 587 2482 586
f 587 586 4095
f 587 4095 588
f 1500 588 4095
f 1500 4096 588
f 587 588 1503
f 587 1503 2483
f 2483 2482 587
f 2482 2483 3856
f 2480 2482 590
f 2482 3856 590
f 4648 614 4144
f 614 4648 4088
f 1505 1493 4139
f 1506 2480 590
f 2481 1506 1507
f 1507 4097 2481
f 1502 2481 4097
f 4097 1508 1502
f 4104 1509 4097
f 4104 1507 591
f 2371 1506 590
f 2370 591 1507
f 591 3880 592
f 592 4104 591
f 4099 4831 1509
f 4831 4097 1509
f 4097 4831 1508
f 4831 4099 1508
f 1509 4104 4098
f 4099 4548 1508
f 4548 593 599
f 599 2514 4093
f 4099 1509 595
f 4100 2484 4098
f 594 595 1509
f 594 1509 4098
f 595 4102 4099
f 4548 598 593
f 598 4101 2485
f 4102 2485 4101
f 4103 595 594
f 4105 2484 4100
f 4100 4098 4104
f 4100 596 4105
f 503 4105 4106
f 4106 4105 596
f 596 4100 592
f 4106 596 3888
f 502 503 4106
f 502 4106 3888
f 4126 4105 503
f 4126 4127 4105
f 2484 2495 4103
f 1510 4103 597
f 595 1510 4102
f 1510 2488 4102
f 2485 4102 2488
f 2485 2488 2487
f 2485 1511 598
f 598 4107 593
f 598 4828 4107
f 1511 4110 598
f 598 4110 4828
f 4828 4728 600
f 600 4728 2486
f 1512 600 2486
f 600 599 4107
f 4108 2486 4129
f 4108 624 1512
f 4108 4129 4109
f 4129 1513 4109
f 1513 1492 4109
f 1492 1513 1491
f 1513 4084 1491
f 4084 1513 4529
f 4084 4529 4693
f 1522 4529 1513
f 4728 4136 4129
f 4136 4728 1514
f 1514 4828 4110
f 1511 2485 4112
f 4112 4549 4110
f 2487 4112 2485
f 4114 4549 4111
f 4549 4114 1514
f 1514 4114 4115
f 4111 4549 4113
f 4113 4549 4112
f 2488 4121 2491
f 2488 2491 2487
f 2491 601 2487
f 601 4113 2487
f 4111 4113 1515
f 4113 4123 1515
f 4114 1523 4115
f 4115 1523 4116
f 1523 4114 602
f 2489 4117 2497
f 1516 4131 4117
f 1516 602 2490
f 4131 1516 4132
f 4114 4111 602
f 2490 602 603
f 4111 4118 602
f 1515 4118 4111
f 1515 4798 4118
f 4798 532 4119
f 1515 4123 4798
f 533 4119 532
f 4120 608 4119
f 4119 1517 4120
f 3962 532 4123
f 4113 601 4123
f 2492 4123 601
f 2491 2492 601
f 2495 2493 597
f 2493 604 4121
f 2493 4121 597
f 2491 4121 604
f 604 2492 2491
f 604 4122 2492
f 2492 4122 3963
f 3963 3962 2492
f 4123 2492 3962
f 535 4122 604
f 2493 535 604
f 1518 3965 2493
f 2493 3965 535
f 1518 1519 3965
f 2494 1519 1518
f 1519 2494 538
f 1416 1519 3971
f 4124 2494 1518
f 4646 2494 1521
f 1520 2494 4646
f 2494 1520 605
f 4125 605 1520
f 4125 537 605
f 538 605 537
f 1521 4124 4126
f 4126 4124 4127
f 2495 4127 4124
f 2496 3890 3896
f 1520 2496 4125
f 537 4125 3978
f 2496 3977 4125
f 505 4126 503
f 1208 4616 606
f 1208 606 4128
f 4128 2179 1208
f 1141 1208 2179
f 610 4693 4529
f 1522 610 4529
f 4129 4136 1522
f 4617 4136 1514
f 1514 4115 4617
f 4130 4617 4115
f 4130 4115 4116
f 4116 1523 607
f 4135 1523 2497
f 4117 2498 2497
f 2490 603 608
f 4132 4120 1525
f 4131 3550 1211
f 1210 4133 4131
f 1524 607 345
f 345 4128 609
f 4130 1524 609
f 609 4128 4649
f 4649 4130 609
f 4649 4617 4130
f 610 4136 4617
f 4617 4649 610
f 4649 606 610
f 4128 606 4649
f 4132 1525 1212
f 4138 583 1505
f 4708 583 4138
f 1526 4841 3438
f 4841 4137 3438
f 4137 4841 4139
f 4841 1526 4139
f 611 1526 3438
f 4142 4839 2499
f 611 4846 4839
f 4846 2499 4839
f 4139 1526 2500
f 1505 4139 2500
f 1505 2500 4138
f 612 4138 2500
f 589 4708 612
f 612 2500 4140
f 4140 1526 611
f 1527 4140 611
f 611 4839 4834
f 4839 4142 4834
f 4834 1527 611
f 2501 4140 1527
f 1531 2501 4141
f 1531 4141 613
f 1528 613 4141
f 1528 4141 1527
f 1534 4151 4142
f 1529 4142 4151
f 4143 3912 613
f 2503 1531 613
f 3912 3911 2502
f 2506 2502 3911
f 4144 614 2503
f 614 1531 2503
f 2504 2501 1531
f 2504 1531 614
f 2504 589 612
f 4550 4144 2506
f 2512 3912 4143
f 620 2507 1530
f 2499 4853 4844
f 4853 2174 4844
f 4844 4142 2499
f 616 2125 4388
f 2125 616 1532
f 2400 1532 616
f 616 615 2400
f 529 1532 2400
f 529 4707 4145
f 4145 1535 4147
f 4145 4147 1532
f 4146 1532 4147
f 1532 4146 2125
f 4147 1533 4146
f 1148 1533 4148
f 1148 4148 4149
f 618 4150 4148
f 4150 4149 4148
f 4150 617 4149
f 4150 618 619
f 1534 4150 619
f 4150 1534 617
f 1534 2174 617
f 4151 1534 619
f 4151 2508 1530
f 620 1530 2508
f 4152 620 2508
f 4152 2508 4154
f 618 1535 621
f 2509 1535 4145
f 4153 2509 4145
f 2509 2510 621
f 2509 4153 2510
f 4658 2510 622
f 622 3946 526
f 526 4155 622
f 4155 1405 4154
f 4152 1404 2511
f 620 4152 4156
f 2511 3947 4156
f 2511 1404 3947
f 2507 620 623
f 2512 4143 4572
f 4572 623 2401
f 2401 623 3947
f 4083 1536 2467
f 3407 1537 2513
f 1537 1536 2513
f 3537 282 626
f 4157 3407 3537
f 1536 1537 624
f 1492 2467 4109
f 2467 1536 4109
f 624 2514 1512
f 599 600 2514
f 2514 624 625
f 625 624 1537
f 625 1537 4157
f 4157 3537 626
f 2519 2216 3612
f 1538 2216 2519
f 4232 1538 4172
f 2534 1561 1538
f 1561 1539 1538
f 627 1539 1561
f 967 4787 155
f 155 4787 4650
f 4741 4158 4650
f 2546 4741 4159
f 4650 4159 4741
f 4741 2515 4162
f 2515 4160 4759
f 628 4160 2515
f 156 4158 4162
f 156 4162 649
f 4716 4800 649
f 649 1541 4716
f 1541 2516 3123
f 2516 1545 163
f 2516 2517 1545
f 1542 1544 629
f 2517 1543 4163
f 2517 4234 1543
f 4164 1544 1542
f 1545 629 4797
f 629 4165 4797
f 2518 4165 629
f 2518 993 4165
f 1546 1547 2518
f 1546 2518 629
f 1546 629 1544
f 1544 4168 1546
f 4168 1544 4166
f 4164 4166 1544
f 4164 4167 4166
f 1548 4167 4164
f 630 4166 4167
f 4167 4169 630
f 4166 630 4168
f 1555 4168 631
f 4168 630 631
f 630 4169 1551
f 630 1551 631
f 4170 632 1548
f 632 4171 1549
f 648 633 1568
f 632 1568 633
f 633 4172 632
f 4172 2519 4171
f 1549 1551 4169
f 1550 631 1551
f 394 1550 1551
f 984 168 4174
f 170 4241 172
f 170 4620 4241
f 4173 4620 170
f 170 4174 4173
f 4173 4551 4618
f 4551 4173 1552
f 1552 4181 4551
f 4618 4573 4619
f 4619 4573 4175
f 4620 4626 4241
f 4626 4574 635
f 1553 1570 4621
f 1555 4179 4180
f 4178 4573 4181
f 4179 1555 634
f 1547 1555 4182
f 2523 2524 4182
f 4182 2524 1547
f 2524 2518 1547
f 2524 2523 4183
f 4183 2518 2524
f 2518 174 993
f 4183 174 2518
f 4183 3135 174
f 2523 2522 4183
f 2522 3135 4183
f 1946 3135 2522
f 4184 435 2525
f 4184 3736 435
f 1192 4184 3518
f 3518 4184 4772
f 4184 2525 4190
f 636 4190 2525
f 4186 636 2525
f 4187 2526 2527
f 1317 2527 4542
f 637 2527 1317
f 637 1317 4606
f 372 2528 437
f 437 1556 1557
f 1556 638 1557
f 2531 1563 638
f 638 4606 1557
f 2529 637 4606
f 2529 4187 637
f 1560 4187 2529
f 2530 1560 2529
f 4188 2530 2529
f 1560 1558 4187
f 4187 2527 637
f 1558 4185 4187
f 1560 639 1558
f 4189 4185 1558
f 636 4186 4189
f 4190 636 4189
f 4199 4190 4189
f 4190 4199 4772
f 4189 1559 4199
f 1559 4189 639
f 1560 4198 639
f 2537 2530 4188
f 1556 2531 638
f 1556 2528 640
f 4192 2531 640
f 2531 1556 640
f 4191 2531 4192
f 2528 4193 640
f 4193 1254 4194
f 2533 4193 4194
f 4194 4195 2532
f 2532 4195 641
f 641 4196 2532
f 1564 2533 4196
f 627 1561 4195
f 2534 4197 1561
f 641 1561 4197
f 4197 2534 633
f 4197 2548 641
f 4196 641 2548
f 2547 4196 2548
f 4212 4193 2533
f 643 4191 4192
f 4206 4205 1563
f 4198 4200 1559
f 1562 4199 1559
f 3521 4772 1562
f 1562 3520 3521
f 4200 4198 2535
f 2535 4202 4200
f 4207 2535 4201
f 4200 4202 3520
f 4203 3520 4202
f 4758 4202 2536
f 4204 3520 4203
f 4643 4203 4758
f 2536 2169 4758
f 2536 4202 4207
f 4201 4198 2537
f 4624 4207 4206
f 2169 2536 4624
f 4624 4206 2538
f 642 2538 4206
f 4598 4758 2169
f 4208 2169 4624
f 3532 4209 4720
f 2538 4209 4624
f 4210 643 4214
f 643 4192 4211
f 4211 4192 2539
f 2539 4192 4212
f 644 4212 2533
f 644 2533 1564
f 1564 645 644
f 645 1566 4220
f 645 4220 4213
f 644 4213 4219
f 4219 4212 644
f 2539 4212 4219
f 4218 4210 4214
f 2540 4209 4210
f 2540 4210 4218
f 2540 4720 4209
f 4720 2540 339
f 647 339 2540
f 4215 4216 647
f 4217 4216 4215
f 4218 4215 647
f 2541 4730 4214
f 4214 646 2541
f 2542 4219 4213
f 4231 4220 1566
f 4220 4231 4221
f 4220 4221 2542
f 4222 4219 4224
f 4224 2542 4221
f 4223 4221 2543
f 3111 4223 2543
f 2544 4225 4224
f 2541 4222 4225
f 4226 4225 2544
f 2544 1567 4226
f 4226 2541 4225
f 4226 4730 2541
f 4226 4227 4217
f 4217 4227 4228
f 1013 4228 4227
f 4217 4228 4216
f 339 647 4216
f 2543 4229 3111
f 4229 2543 4159
f 4159 2543 2546
f 4230 2546 2543
f 4230 1540 2546
f 4231 4230 4221
f 4230 4231 1540
f 1566 1565 628
f 628 1565 4817
f 1565 2547 4817
f 2547 2548 4817
f 628 4817 650
f 2549 2548 4233
f 2548 4197 4233
f 4232 4172 633
f 4233 633 648
f 633 4233 4197
f 2549 4233 2551
f 2551 4233 648
f 2550 1568 4170
f 2550 4163 2551
f 2551 648 2550
f 1569 2551 4163
f 1569 1543 4161
f 1543 4759 4161
f 649 4162 4759
f 649 4759 4234
f 650 2551 1569
f 4817 2549 650
f 650 1569 4161
f 4161 4160 650
f 628 650 4160
f 2521 4179 634
f 2521 1550 4235
f 4235 1550 2520
f 2552 4235 2520
f 2552 4625 4235
f 1339 4622 4625
f 3789 3790 4236
f 1570 651 4621
f 1553 4621 1571
f 635 1553 1571
f 4621 651 1571
f 4236 651 3789
f 651 4236 1571
f 1571 4236 2553
f 2553 4236 1572
f 4760 1572 4237
f 2553 1572 4760
f 2554 4760 4237
f 2553 4760 2555
f 2554 1340 2556
f 4760 2554 2555
f 2553 2555 4238
f 652 2555 2554
f 652 2554 2556
f 1340 2557 458
f 4237 2557 1340
f 4236 3790 1572
f 4238 652 4239
f 4239 652 1573
f 652 2556 1573
f 1573 1574 4239
f 4238 4239 4627
f 4241 4627 4242
f 4243 4241 4242
f 4243 4242 1574
f 4242 4239 1574
f 1574 1573 2558
f 1574 2558 4244
f 172 4243 986
f 4243 1574 1972
f 1574 4244 1972
f 4651 3292 4818
f 4651 2559 3292
f 1063 3292 2559
f 4651 4245 2559
f 1576 4245 4651
f 1576 653 4245
f 4245 653 1589
f 4289 653 1576
f 684 4289 1576
f 685 684 4452
f 4246 2560 1694
f 1368 2561 1577
f 1578 2561 1368
f 1577 2561 2560
f 1369 4248 1578
f 2362 4277 4248
f 4249 654 4248
f 1579 4248 654
f 2560 1579 2562
f 654 2562 1579
f 1580 2562 4247
f 654 4275 4247
f 669 4247 4275
f 669 1580 4247
f 4489 2562 1580
f 669 1581 1580
f 669 4269 4629
f 669 4629 1581
f 4629 4250 1581
f 4250 2564 1581
f 655 4489 2563
f 4252 655 2563
f 2563 656 4252
f 4252 656 4251
f 2564 4251 656
f 2564 657 658
f 659 4252 4251
f 4253 2564 658
f 659 2565 660
f 659 4251 2565
f 4254 2566 4253
f 4253 658 4255
f 4255 4254 4253
f 4254 4255 2567
f 4254 661 2566
f 4255 666 664
f 4255 664 2567
f 2567 4913 4856
f 4913 662 4856
f 4856 4254 2567
f 2567 665 1583
f 662 4913 1583
f 4913 2567 1583
f 660 2566 661
f 4819 660 2579
f 660 661 2579
f 2579 661 2580
f 662 1583 4683
f 2569 4961 4897
f 4961 4683 4897
f 4897 663 2569
f 4683 4961 4256
f 4961 2569 4256
f 2568 4683 4256
f 2568 4256 2581
f 663 4962 4910
f 4962 4257 4910
f 4910 2569 663
f 2585 4935 4628
f 4935 4257 4628
f 665 2567 664
f 664 4258 665
f 2571 4575 4261
f 2571 666 657
f 2571 4261 2570
f 2571 667 4264
f 2571 2570 667
f 2573 4266 4261
f 4250 4629 2572
f 4552 1585 1584
f 2573 4262 4552
f 4266 2573 4263
f 4265 4264 667
f 667 2570 4272
f 4263 4267 4266
f 2573 4552 4268
f 4745 4268 4552
f 4552 1584 4745
f 1584 1585 1586
f 4269 668 1586
f 4269 1587 668
f 1587 4269 669
f 669 4276 1587
f 2574 668 1588
f 2574 1586 668
f 4745 1584 2575
f 1586 2574 2575
f 1588 3297 670
f 670 4791 2574
f 2574 4791 2575
f 235 4791 670
f 2575 1596 4745
f 4245 2576 2559
f 2559 2576 1073
f 4270 1589 671
f 2589 4273 4553
f 4270 1590 1589
f 4271 1590 672
f 1590 4271 1073
f 672 2577 4271
f 4272 1591 672
f 2570 1591 4272
f 4273 4286 4272
f 2570 4266 1591
f 2577 672 1591
f 1592 4271 2577
f 2577 1591 4266
f 4266 4267 2577
f 4267 4274 2577
f 4267 3317 3318
f 1588 2578 3297
f 2578 1587 4276
f 4248 4276 4249
f 4276 4248 4277
f 4277 2578 4276
f 4283 4937 673
f 4937 1593 673
f 1594 4893 2711
f 1593 4923 4893
f 4923 2711 4893
f 1593 4956 673
f 4956 4278 673
f 1582 1594 2711
f 2579 4958 1594
f 4958 4279 1594
f 4279 4958 2580
f 4958 2579 2580
f 2580 4898 4279
f 4898 674 4279
f 2581 674 2568
f 675 674 2581
f 2581 4964 675
f 4964 4280 675
f 4280 4964 4256
f 4964 2581 4256
f 675 4282 4281
f 673 4940 675
f 4940 674 675
f 674 4940 4278
f 4940 673 4278
f 673 4281 4283
f 678 4283 4281
f 676 4929 4282
f 4929 4281 4282
f 4281 4929 677
f 4929 676 677
f 679 2718 2582
f 677 4960 678
f 4960 2582 678
f 676 4295 677
f 676 4959 4902
f 4959 4280 4902
f 4902 4284 676
f 4284 4902 2583
f 4902 4280 2583
f 4256 2584 4280
f 2585 2584 2569
f 2583 4628 4284
f 2586 4284 4628
f 2586 4931 2587
f 4931 2588 2587
f 4285 2586 2587
f 2588 4926 2587
f 4926 680 2587
f 2595 4890 4293
f 2588 4894 4890
f 4894 4293 4890
f 4265 4288 4684
f 4265 4684 4259
f 4288 4265 4287
f 667 4286 4287
f 4272 4286 667
f 2589 4286 4273
f 2590 2589 4289
f 681 4287 2589
f 2590 681 2589
f 683 682 2590
f 684 4290 2590
f 4290 683 2590
f 686 2591 685
f 2591 4290 685
f 684 685 4290
f 2591 683 4290
f 683 2591 4292
f 4292 1595 683
f 1595 4291 683
f 682 683 4291
f 2595 681 4291
f 2596 2595 4291
f 1595 2596 4291
f 2596 1595 2592
f 4292 2592 1595
f 687 2592 4292
f 2594 2593 687
f 687 2593 2592
f 4493 688 2593
f 4468 4493 2594
f 2597 4920 688
f 4920 680 688
f 680 2596 688
f 680 4926 4890
f 4926 2588 4890
f 2595 4925 4890
f 4925 680 4890
f 680 4925 2596
f 4925 2595 2596
f 4294 3446 4263
f 4652 3303 1596
f 2597 4927 4285
f 4927 689 4285
f 689 4494 4285
f 4284 4867 4295
f 4867 4494 4295
f 676 4284 4295
f 677 4295 2722
f 4494 2722 4295
f 478 3823 4297
f 478 4297 2598
f 2598 690 478
f 1601 1598 690
f 4307 1598 4309
f 4307 1362 1598
f 1601 690 2598
f 692 4296 693
f 2599 4298 693
f 694 4298 2599
f 693 4298 4299
f 692 693 4299
f 4308 692 4299
f 4298 4630 4299
f 4299 4630 4300
f 4630 4576 4300
f 4630 2726 4576
f 4576 2726 4505
f 4505 2612 4576
f 2350 485 2602
f 2350 2602 54
f 485 3829 2602
f 3830 4305 3829
f 2602 3829 4305
f 4302 2600 4304
f 4303 4304 2601
f 2601 1599 4303
f 4302 4303 2895
f 4303 1599 2609
f 695 1599 4310
f 2601 696 1599
f 4305 696 2601
f 4304 4301 4305
f 2603 3830 4306
f 696 2604 1599
f 4306 4307 2603
f 2604 4307 4309
f 4310 2604 4309
f 4308 2608 1600
f 2605 1601 1600
f 4313 2605 1600
f 4311 2605 4313
f 1601 2605 2606
f 2606 4309 1601
f 697 4310 4311
f 4310 697 695
f 4311 4312 697
f 4312 4311 4313
f 4313 2607 4312
f 2608 4313 1600
f 4314 2608 4300
f 2607 4313 2608
f 1607 4321 2607
f 2610 4312 4321
f 4312 2610 4315
f 1602 695 697
f 1599 695 2609
f 4312 4316 697
f 4316 1602 697
f 2609 4554 1603
f 4822 1603 3004
f 1603 4554 4317
f 4554 4316 4317
f 1879 4318 911
f 911 4318 3008
f 4315 1604 4316
f 1604 4317 4316
f 4320 4315 698
f 4315 2610 698
f 4555 3008 4318
f 3008 4555 4319
f 3008 4319 3012
f 4319 4555 1605
f 3012 4319 3013
f 4319 1605 3013
f 4320 698 2611
f 4320 2611 4555
f 4555 2611 1605
f 4328 2611 698
f 699 4328 698
f 698 2610 699
f 699 2610 4321
f 4322 699 4321
f 4322 4325 699
f 699 4325 4324
f 3013 1605 700
f 3013 700 4327
f 2611 4328 4323
f 4328 699 4329
f 699 4324 4329
f 4761 4325 4322
f 4761 1607 2612
f 2612 1607 4314
f 4576 2612 4314
f 4761 2612 4326
f 3013 4327 4340
f 4327 700 710
f 1606 710 700
f 4341 1606 4323
f 4328 4329 4323
f 4324 4330 4329
f 701 4331 1608
f 4331 4334 1608
f 701 2615 4331
f 1608 4334 4330
f 4334 4332 702
f 4330 4334 702
f 4329 4330 703
f 4329 703 4323
f 702 4342 4333
f 702 4332 4342
f 4332 4334 2614
f 4331 2614 4334
f 2614 2618 4332
f 4325 4761 4685
f 4326 4335 4761
f 1719 4685 4335
f 2616 4337 1722
f 4337 2616 704
f 4337 704 2622
f 2615 1726 2614
f 2618 2614 705
f 2618 2619 4332
f 2620 2618 705
f 2620 705 4522
f 4522 4521 2620
f 2620 4521 2621
f 2621 2619 2620
f 4338 706 4339
f 1609 4339 4337
f 2622 1609 4337
f 2622 704 2625
f 113 2625 704
f 1606 4341 1614
f 1614 4341 2623
f 1610 2623 707
f 2623 4333 4342
f 711 1611 1610
f 2623 1612 1614
f 1612 1610 1611
f 1611 711 4631
f 4631 711 2627
f 4332 707 4342
f 4332 2619 707
f 711 707 2619
f 1611 4343 1612
f 2624 4343 708
f 1613 708 4343
f 1613 4343 4631
f 1612 2624 1614
f 1614 2624 710
f 709 710 2624
f 709 1615 710
f 4344 708 1613
f 2627 1609 4631
f 1609 2622 4631
f 4345 1615 1616
f 4345 4340 4327
f 1615 4327 710
f 4699 708 4344
f 4699 122 2626
f 927 1615 2626
f 1894 1616 927
f 1609 2627 4339
f 4339 2627 4338
f 2621 4338 2627
f 711 2619 2621
f 4686 2628 3400
f 4641 2628 3402
f 712 1617 3402
f 4347 3403 1617
f 4347 4346 3403
f 4346 4347 4348
f 4347 1617 712
f 4686 4347 712
f 713 4347 4686
f 2628 4686 712
f 3400 714 4686
f 4686 714 713
f 4350 713 714
f 714 1619 4350
f 1371 1126 2092
f 1618 4349 4346
f 713 4350 3872
f 713 2631 2629
f 2631 2630 2629
f 2631 4353 2630
f 4351 2634 2633
f 2634 2632 4352
f 2635 4353 2631
f 4354 2631 713
f 713 3872 4354
f 2635 2637 715
f 2635 715 4353
f 715 4352 4353
f 715 2634 4352
f 715 1620 2634
f 2636 1620 715
f 716 2636 2637
f 2636 4360 1620
f 716 1621 4360
f 1377 3913 716
f 497 4354 3872
f 4351 4843 1618
f 4356 4850 4843
f 4850 1618 4843
f 717 2633 2638
f 4351 717 4358
f 4356 4843 4358
f 4843 4351 4358
f 1618 4850 4355
f 4850 4356 4355
f 4357 3435 4355
f 4355 4356 4357
f 2638 2639 1622
f 4359 2633 1620
f 1392 1626 1620
f 1620 1626 4359
f 718 719 2639
f 1622 719 2652
f 3441 4556 4389
f 4556 1648 4389
f 1623 1648 4556
f 4556 4357 4356
f 4556 4835 1623
f 4358 4836 4835
f 4836 1623 4835
f 1623 4836 2652
f 4836 4358 2652
f 1627 2652 719
f 1626 1392 1625
f 1626 1625 718
f 1625 2640 1624
f 2392 2640 509
f 4364 4833 513
f 2640 4842 4833
f 4842 513 4833
f 4363 1624 2640
f 4362 4361 1627
f 1624 4362 1627
f 513 4365 4364
f 4365 2641 4366
f 4366 2641 3923
f 4366 3923 720
f 4365 4366 4367
f 4367 1628 4364
f 4367 720 731
f 720 1657 731
f 3934 4376 3923
f 4368 4632 3932
f 4369 4632 4372
f 4632 4368 4372
f 4368 4373 4372
f 2642 721 3934
f 721 4376 3934
f 721 1631 4370
f 1631 722 4370
f 4371 2642 4369
f 4372 723 4369
f 4372 4373 723
f 3938 4373 3933
f 4373 3938 4374
f 1630 4373 4374
f 723 1630 4371
f 4371 1630 1631
f 4374 1408 1629
f 1629 1632 4375
f 4577 1629 4375
f 722 4577 4375
f 4375 1633 722
f 4370 1633 724
f 724 2643 721
f 721 2643 4376
f 724 1633 1634
f 1633 4375 725
f 4687 2643 1634
f 4375 2644 725
f 4375 1632 2644
f 523 4379 1409
f 2645 1409 4379
f 4377 3939 2645
f 2397 4377 1632
f 4380 4379 1635
f 4379 523 1635
f 4380 1635 1636
f 1636 727 4381
f 1636 1635 727
f 1635 523 727
f 523 3941 727
f 4382 727 4767
f 1637 727 3941
f 1637 4383 1638
f 4767 727 4384
f 2646 1641 4384
f 4384 1641 4767
f 1637 1638 4785
f 1638 1410 1639
f 1411 1639 1410
f 615 2646 1639
f 615 1640 2646
f 1641 2646 1640
f 4692 4767 1641
f 4767 4385 4382
f 1643 4381 4382
f 4381 1643 1642
f 2659 4381 1642
f 1645 1642 1643
f 1642 1654 2659
f 1643 1646 1645
f 1645 4394 1642
f 728 2648 4394
f 1645 1646 728
f 728 1646 2647
f 2648 728 2647
f 1644 2649 2647
f 2647 4387 2648
f 4773 2648 4387
f 2649 2651 4387
f 2649 1641 2651
f 2651 4386 4387
f 4773 4387 297
f 4386 2651 2650
f 1640 2651 1641
f 2650 1640 4388
f 616 1640 615
f 1411 2400 615
f 2652 1627 2653
f 1623 2653 1647
f 4530 2654 1628
f 1647 2654 1649
f 1649 2654 2656
f 1649 1653 4396
f 4773 297 1203
f 1650 4773 342
f 2648 4773 1650
f 730 1650 342
f 1652 730 342
f 1652 2657 730
f 4393 4392 1651
f 1652 4393 2657
f 2657 4393 1651
f 1650 2657 4394
f 2657 1650 730
f 4394 2657 2658
f 2658 1651 4395
f 4395 1651 4396
f 4396 1653 4395
f 4395 1653 4390
f 1642 4394 2658
f 1654 1642 4395
f 1636 4381 2659
f 4380 1636 1655
f 2659 1656 4397
f 1656 2660 4397
f 2660 1655 4397
f 4530 1656 1654
f 2660 4367 731
f 726 4380 1655
f 731 4687 726
f 4701 4997 732
f 4997 4399 732
f 733 4701 732
f 733 1223 4701
f 1658 1223 733
f 2190 1223 1658
f 2190 1658 4429
f 2190 4429 2661
f 1670 1659 733
f 1661 732 4399
f 4400 1661 4734
f 4403 4400 4734
f 4402 4400 4403
f 4428 1661 4400
f 352 2666 735
f 2663 4405 1662
f 1662 4405 4402
f 4406 1664 2663
f 4406 2663 1663
f 4412 4411 735
f 1665 1664 4406
f 1665 4406 4407
f 1664 1665 1666
f 4426 1666 2664
f 2664 1666 4408
f 4408 1425 2664
f 1665 4407 1667
f 1667 4407 4411
f 1667 4411 4409
f 4409 4046 3985
f 3985 1425 4409
f 4409 4411 4410
f 4411 4412 4410
f 2669 1226 2667
f 2669 2667 4415
f 2667 1226 4413
f 1226 4420 4413
f 4419 4413 4420
f 2668 2667 4413
f 4415 2667 2668
f 4414 4415 2668
f 2669 4415 2670
f 3654 4416 736
f 4416 3654 4417
f 3653 4417 3654
f 3653 2669 4417
f 2670 4417 2669
f 4418 4417 2670
f 4418 736 4416
f 550 2230 3654
f 2671 4414 2668
f 2668 4413 2671
f 2671 4413 737
f 1226 391 4420
f 1660 4990 734
f 4990 4419 734
f 4419 4990 4421
f 4990 1660 4421
f 4423 4989 1660
f 4989 4421 1660
f 2671 737 1445
f 4756 2671 1445
f 4756 4414 2671
f 4017 551 4018
f 4421 4989 4422
f 4989 4423 4422
f 4430 4423 1660
f 2677 4423 4430
f 4422 4423 4434
f 4422 4434 4424
f 738 4422 4424
f 4422 738 2672
f 551 4422 2672
f 4019 2672 1447
f 1668 2672 738
f 1447 2672 1668
f 1668 738 4436
f 738 742 4436
f 1668 4436 2450
f 4425 355 3657
f 4425 2666 355
f 2673 3657 4039
f 2673 4425 3657
f 4410 560 4045
f 739 4426 2665
f 1669 739 2665
f 2665 2439 1669
f 560 2441 4048
f 4443 4709 1664
f 4427 4405 2674
f 4405 4427 4402
f 4401 2662 4688
f 4428 4401 4432
f 4432 1670 4428
f 1670 1661 4428
f 2661 4429 4430
f 2677 4430 4431
f 4430 4429 4431
f 4431 1675 2677
f 4431 2675 1675
f 1675 2675 1671
f 2675 1673 1671
f 1673 2675 1659
f 4432 1672 1659
f 1671 1673 740
f 2676 740 1674
f 1677 4433 2676
f 1675 4433 2679
f 2677 1675 2679
f 4434 4423 2677
f 4435 4424 4434
f 2678 4436 742
f 4439 4434 2677
f 2677 2679 4439
f 4440 4439 2679
f 743 4435 4434
f 4439 4557 743
f 745 4557 4439
f 745 4438 4557
f 2678 743 4557
f 2450 4436 4437
f 4436 2678 4437
f 2678 4557 4437
f 575 744 4064
f 744 4438 1676
f 4439 4440 745
f 1674 746 1677
f 4441 746 4447
f 1679 741 1672
f 4432 4448 1679
f 4401 4688 4432
f 4427 4442 4448
f 4427 2674 4442
f 2674 4709 4442
f 1669 2680 739
f 4069 4444 2453
f 2453 4444 4445
f 4445 4068 2453
f 2680 747 4443
f 2681 747 2680
f 2681 2680 4068
f 4445 2681 4068
f 2682 747 2681
f 4449 1677 2682
f 746 4446 2682
f 2682 4446 747
f 4446 746 4441
f 747 4446 2683
f 747 2683 4709
f 4709 2683 4442
f 2683 4448 4442
f 4447 1679 4441
f 4446 4441 2683
f 4444 2685 748
f 748 4449 4445
f 4450 4449 748
f 4450 4440 4433
f 4450 748 2684
f 2684 745 4440
f 4444 4451 2685
f 1676 4438 2685
f 2685 4451 1676
f 4659 1680 2686
f 4454 1062 3291
f 1062 4454 1680
f 1680 4454 1681
f 1681 2687 1680
f 2687 4452 2686
f 4659 4818 3292
f 4818 2688 4651
f 4452 1576 2688
f 686 685 4452
f 686 4452 2687
f 4453 4458 1682
f 1682 2689 4453
f 2689 2693 4453
f 2693 686 2687
f 749 2689 1682
f 4455 2693 749
f 4456 1683 2690
f 4456 4457 750
f 2690 4457 4456
f 1686 2694 2690
f 1682 1683 749
f 1684 1683 1682
f 1682 4460 1684
f 4558 2690 1683
f 1686 2690 4558
f 1684 4461 4558
f 4472 4558 1685
f 4461 1684 4460
f 2691 4460 1682
f 2691 1682 4458
f 2691 4762 4459
f 2691 4461 4460
f 2691 4464 4461
f 4464 2702 4462
f 752 4464 2691
f 4459 4463 2691
f 2702 4464 752
f 752 4463 2692
f 752 2692 751
f 2692 2022 751
f 751 2022 233
f 751 233 2095
f 4778 4465 2699
f 82 751 2095
f 82 4466 751
f 752 4466 2702
f 4466 82 2701
f 3414 888 2095
f 2701 2973 4583
f 4748 4474 2699
f 4474 4748 2698
f 750 753 2693
f 750 1687 753
f 4457 754 750
f 4457 2690 2694
f 4472 756 1686
f 756 4633 1686
f 1688 754 2694
f 2694 754 4457
f 2695 1687 754
f 2696 4906 4891
f 4906 4467 4891
f 4891 4731 2696
f 753 4292 2693
f 2693 4292 2591
f 4292 753 687
f 2594 687 1687
f 4468 1687 2695
f 2696 4919 4857
f 4919 4469 4857
f 2695 4901 4857
f 4901 2696 4857
f 4886 4933 4891
f 4933 4731 4891
f 4891 4467 4886
f 4470 4904 4886
f 4731 4933 4904
f 4933 4886 4904
f 4470 4886 2724
f 4886 4467 2724
f 4471 2724 4467
f 1688 4471 4467
f 755 4471 1688
f 4471 755 2697
f 1689 2697 4498
f 4633 755 1688
f 757 4633 756
f 2705 756 4472
f 4472 2706 2705
f 757 2700 4633
f 755 2700 4477
f 1860 4710 2698
f 898 1860 2698
f 2698 4473 4475
f 2698 4475 1690
f 1691 2699 4474
f 2705 1691 1690
f 1690 4475 757
f 757 2705 1690
f 2700 757 4476
f 4475 4476 757
f 4476 4477 2700
f 4476 1692 4477
f 4473 4710 1692
f 4473 2698 4710
f 4694 2704 2703
f 4560 2703 758
f 2706 2703 2704
f 2707 759 4484
f 759 1693 2712
f 1693 2707 4478
f 3850 2708 3851
f 2708 4246 1694
f 494 4246 3850
f 2708 1694 2709
f 4489 1694 2560
f 4480 4252 659
f 761 4252 4480
f 4252 761 655
f 4480 659 4482
f 1698 2710 760
f 1698 1695 2710
f 4481 2710 1695
f 4482 659 2710
f 4483 4482 4481
f 4483 4480 4482
f 761 4480 4483
f 761 767 655
f 1695 4921 4887
f 4921 1697 4887
f 4887 4481 1695
f 1696 761 4483
f 4862 4963 4955
f 4963 763 4955
f 4955 762 4862
f 1697 4864 4862
f 763 4963 4864
f 4963 4862 4864
f 4492 4900 4864
f 4900 763 4864
f 1697 4928 4864
f 4928 4492 4864
f 2711 4858 1695
f 2719 4871 4858
f 4871 1695 4858
f 1695 1698 2711
f 1698 1582 2711
f 1582 1698 4819
f 1708 899 4485
f 4710 1860 2975
f 1708 4485 4500
f 4485 4496 4500
f 4485 764 4496
f 3842 4479 1693
f 4487 2712 1693
f 2713 4479 2709
f 2713 2709 1699
f 4488 1694 4489
f 2709 4488 1699
f 1699 4488 766
f 1699 765 4487
f 2712 765 764
f 764 765 1700
f 765 2723 1700
f 765 1699 766
f 1696 2714 761
f 763 4907 4866
f 4907 2715 4866
f 762 4955 4866
f 4955 763 4866
f 4866 4905 4868
f 4905 1696 4868
f 4868 762 4866
f 2715 4870 4866
f 1696 4905 4870
f 4905 4866 4870
f 1696 4870 1701
f 4870 2715 1701
f 1701 2716 1696
f 1696 2716 2714
f 1702 4889 4492
f 763 4900 4889
f 4900 4492 4889
f 763 4889 4860
f 4889 1702 4860
f 4860 768 763
f 1703 4930 4860
f 4930 768 4860
f 4860 1702 1703
f 4491 2716 1701
f 1701 4911 4491
f 4490 4922 4911
f 4922 4491 4911
f 4490 4895 4885
f 4895 768 4885
f 4885 4731 4490
f 2720 1702 4492
f 4492 4928 4914
f 4928 1697 4914
f 4914 2717 4492
f 2717 4914 4908
f 4914 1697 4908
f 4908 2719 2717
f 2719 4938 2717
f 4938 2718 2717
f 1593 4869 2719
f 2718 4938 4869
f 4938 2719 4869
f 2719 4858 1593
f 2711 4923 4858
f 4923 1593 4858
f 2718 2720 2717
f 2717 2720 4492
f 2721 2720 679
f 1703 4939 769
f 4939 2721 769
f 2721 4939 1702
f 4939 1703 1702
f 768 4930 4855
f 4930 1703 4855
f 4731 4885 4855
f 4885 768 4855
f 4731 4888 2696
f 1704 4944 4888
f 4944 2696 4888
f 1704 4888 4855
f 4888 4731 4855
f 1703 4903 4855
f 4903 1704 4855
f 769 4899 1703
f 1704 4903 4899
f 4903 1703 4899
f 1705 2721 679
f 1705 2582 2722
f 4493 4892 2597
f 4469 4896 4892
f 4896 2597 4892
f 1704 4915 4863
f 4915 1706 4863
f 4863 4469 1704
f 689 4918 4863
f 4918 4469 4863
f 4863 1706 689
f 689 1706 1707
f 689 4927 4896
f 4927 2597 4896
f 4469 4918 4896
f 4918 689 4896
f 1706 1705 1707
f 1707 4494 689
f 1705 2722 1707
f 1706 4957 1705
f 4957 2721 1705
f 4497 2716 4491
f 2723 766 2716
f 766 767 2714
f 4731 4904 4490
f 4904 4470 4490
f 4491 4470 2724
f 2724 4495 4491
f 4500 4496 4497
f 4499 4495 4498
f 4499 4498 2697
f 4477 4499 2697
f 4501 1692 4486
f 4710 4486 1692
f 1692 4501 4477
f 2835 4503 1710
f 2725 1710 4503
f 1710 4502 2330
f 1352 4502 1597
f 1710 1711 4502
f 1710 2725 1711
f 691 4502 1711
f 4502 691 1597
f 1711 2599 691
f 4630 4298 694
f 4504 2726 694
f 4504 1712 2726
f 4505 1712 2727
f 2727 4507 2613
f 1712 4506 770
f 1713 770 4506
f 1714 2727 770
f 1713 1714 770
f 1714 4507 2727
f 4507 1714 4508
f 771 4508 1714
f 2729 771 1714
f 4507 1715 2613
f 773 771 2730
f 771 773 4508
f 4507 4508 1715
f 1716 4326 1715
f 773 772 4508
f 773 1717 772
f 4509 1717 773
f 99 2731 2730
f 100 774 2731
f 3019 774 100
f 774 4509 2731
f 1717 4509 4511
f 774 3018 4511
f 4335 4326 1716
f 4512 772 4515
f 1717 4515 772
f 2732 4514 1717
f 1884 4515 4514
f 4515 4516 4512
f 4335 4512 4516
f 4516 1719 4335
f 1720 1721 1719
f 4516 1720 1719
f 1720 1884 4517
f 1720 776 1721
f 3024 4559 4517
f 3024 4517 1884
f 3024 2733 4559
f 4517 4559 776
f 775 776 4559
f 1721 777 2615
f 777 1721 776
f 776 778 777
f 4559 2733 4763
f 2733 4518 4763
f 2733 106 4518
f 4518 106 109
f 917 1722 4732
f 112 2616 917
f 1722 917 2616
f 1722 1724 1723
f 1725 4518 2734
f 4559 4763 4520
f 775 4559 4520
f 779 4519 2734
f 2734 4519 1725
f 706 4338 779
f 4521 779 4338
f 4520 4519 2735
f 4520 2735 775
f 777 778 1726
f 1726 778 2617
f 777 1726 2615
f 2735 4522 2617
f 4522 2735 4519
f 4519 4521 4522
f 2621 4521 4338
f 2772 792 2774
f 808 2808 23
f 2846 2851 2850
f 3439 2499 1145
f 3723 3758 1301
f 2182 2289 1217
f 2444 566 568
f 640 4193 4212
f 4700 4362 4363
f 2662 4428 4400
f 785 1736 1735
f 49 1797 841
f 1831 2936 1830
f 2933 71 1837
f 2973 2966 1850
f 117 4584 4585
f 103 4536 1718
f 4586 4537 117
f 116 3031 4749
f 3032 923 4587
f 3055 1907 132
f 3131 3130 979
f 3110 3188 3192
f 3201 3202 1977
f 3235 1034 1756
f 3252 4540 3253
f 3317 2038 3318
f 251 1113 3344
f 4766 3393 2082
f 3443 3442 4388
f 3490 2151 3491
f 2150 3492 2152
f 3518 3521 331
f 337 3524 3522
f 1205 3544 3542
f 1213 346 3551
f 1215 350 348
f 3567 4993 4802
f 4993 3572 4802
f 2220 365 364
f 3678 3682 3679
f 4676 4753 1273
f 3763 3770 3764
f 2317 2318 459
f 3829 1364 3830
f 2378 3890 4646
f 505 3897 506
f 3894 3895 3909
f 3928 519 1406
f 1412 2399 4729
f 4611 2430 2432
f 4615 4031 1486
f 1528 1529 1530
f 4176 1554 4622
f 1564 4196 2547
f 1564 2547 1565
f 4205 2537 4188
f 1339 4625 2552
f 2565 2566 660
f 4628 4257 2588
f 2573 4575 4262
f 2572 4262 4575
f 2632 4348 2630
f 4785 2646 4384
f 1647 1648 1623
f 1660 2661 4430
f 4486 4710 2975
f 4495 4499 4500
f 1838 2770 2768
f 2856 2833 39
f 81 1753 3236
f 3031 117 4749
f 118 924 1893
f 926 1894 927
f 3046 1903 1906
f 3123 3122 4716
f 982 985 169
f 3150 176 1967
f 3302 4652 3295
f 4562 3380 269
f 4670 4597 3511
f 338 333 4643
f 3564 4674 3575
f 4607 3768 3649
f 456 455 2308
f 1598 3828 690
f 3920 4852 531
f 4852 1398 531
f 1439 4007 4006
f 4116 607 4130
f 2514 625 2479
f 649 4234 1541
f 4622 1570 4177
f 4629 1586 1585
f 4854 4872 4684
f 4872 4259 4684
f 4873 4874 4872
f 4874 4259 4872
f 4875 4876 4874
f 4876 4259 4874
f 4877 4878 4876
f 4878 4259 4876
f 4879 4880 4878
f 4880 4259 4878
f 4881 4882 4880
f 4882 4259 4880
f 4883 4884 4882
f 4884 4259 4882
f 4259 4884 663
f 4884 4883 663
f 663 4883 4881
f 4883 4882 4881
f 663 4881 4879
f 4881 4880 4879
f 663 4879 4877
f 4879 4878 4877
f 663 4877 4875
f 4877 4876 4875
f 663 4875 4873
f 4875 4874 4873
f 663 4873 4854
f 4873 4872 4854
f 4310 1599 2604
f 4341 4333 2623
f 4734 4404 4403
f 1728 2743 2738
f 2740 4578 2793
f 783 2750 4
f 791 792 2762
f 2777 2776 796
f 17 2776 2777
f 2825 1752 2821
f 811 2820 2819
f 4579 4690 2826
f 2838 2839 4746
f 4581 2839 1767
f 4561 1767 914
f 2835 1773 33
f 2842 33 1773
f 40 2856 39
f 4769 2859 1792
f 2859 1788 1792
f 1794 4533 2863
f 2863 4653 1796
f 4747 1803 856
f 855 2902 61
f 2908 2910 63
f 1817 1898 2912
f 868 4535 2927
f 1858 2941 877
f 1850 2966 2971
f 892 2938 2967
f 77 89 896
f 879 1860 898
f 1903 1207 1863
f 904 2995 2905
f 2998 1872 2995
f 905 3000 2992
f 3014 3016 3011
f 4510 31 99
f 100 3017 3020
f 4584 3020 3017
f 3020 4584 3031
f 117 4585 4586
f 4585 4581 4561
f 4561 101 4586
f 101 4561 914
f 915 110 108
f 4537 3035 117
f 3043 1898 1817
f 3045 930 1901
f 4588 136 941
f 4733 944 3080
f 952 1920 3101
f 998 997 1927
f 3106 997 3100
f 150 1932 4783
f 4524 969 965
f 157 3055 4539
f 157 4539 1933
f 3055 157 158
f 3119 1935 159
f 166 987 977
f 4654 985 981
f 3144 1952 3145
f 3161 181 3172
f 3182 1199 1961
f 3188 968 1967
f 1017 196 3202
f 197 3203 192
f 3208 1981 3210
f 1987 3251 1988
f 1999 3210 3227
f 3228 4696 212
f 212 4696 3236
f 3210 4696 3228
f 1042 4703 3252
f 1055 3277 225
f 1063 2019 3292
f 4454 3290 4459
f 3296 670 3297
f 3308 4591 1067
f 243 3320 244
f 2033 243 3310
f 1087 1122 248
f 1122 2050 248
f 3338 2051 4592
f 2052 3338 4592
f 2056 4594 3352
f 2059 3366 1097
f 3372 260 2055
f 254 1098 255
f 254 1089 259
f 259 3371 3354
f 2062 263 1100
f 3354 3371 3372
f 1112 1104 269
f 1120 2083 4595
f 3442 4386 2650
f 2125 3444 3443
f 1148 4840 2126
f 4840 299 2126
f 299 4840 4596
f 4840 1148 4596
f 3445 4596 1149
f 2131 2129 303
f 3458 3454 308
f 2153 2154 3479
f 3495 3479 3496
f 3498 3499 3497
f 3711 3506 3509
f 2166 1186 1190
f 3519 331 3521
f 1193 3518 331
f 1195 1189 3516
f 2171 3535 4526
f 3544 1215 1206
f 1204 3541 2193
f 1382 2177 3892
f 1209 4672 399
f 3558 439 440
f 3557 439 3558
f 3751 3561 3560
f 3573 734 391
f 4404 4734 4601
f 2192 4404 4601
f 4601 4673 1229
f 4673 353 1229
f 4601 1229 354
f 3589 3590 4812
f 1862 2197 3595
f 2200 3589 2196
f 369 3610 368
f 369 368 2207
f 1249 1241 3618
f 3611 2216 1539
f 2229 3654 2230
f 3628 3667 1262
f 1272 3685 2244
f 408 4677 1275
f 4645 4677 3692
f 406 3694 1277
f 3702 3701 2249
f 3712 1289 1290
f 1289 2259 4670
f 4605 1293 420
f 419 4605 420
f 3775 2265 3717
f 1297 2268 423
f 2280 1306 2274
f 3714 2260 2277
f 3734 2526 1316
f 2281 3735 4186
f 4542 2284 2285
f 4606 2287 1557
f 1210 1211 4788
f 407 438 3740
f 4604 3749 4566
f 4604 4566 1324
f 3754 3752 3756
f 445 4824 2306
f 2308 455 3787
f 2314 455 2310
f 1341 1342 3797
f 3794 2317 459
f 2240 2323 456
f 29 1762 3801
f 3812 3819 2332
f 477 1358 1357
f 2342 1358 3826
f 480 2341 479
f 2341 480 483
f 4545 4724 2342
f 2356 3959 481
f 486 1364 3829
f 3845 2359 3846
f 4089 4698 2363
f 3876 2369 1370
f 2369 1361 3875
f 2178 1381 504
f 3896 3890 2378
f 2379 3897 502
f 1384 4691 3903
f 501 1379 1383
f 3901 2383 2382
f 3909 3895 1389
f 2386 3839 3908
f 4609 1391 3953
f 2506 2505 4550
f 1392 4360 508
f 3928 4725 519
f 1406 519 520
f 4119 2181 1517
f 2413 4816 3990
f 4006 4009 1439
f 4014 2222 383
f 552 4011 4610
f 4024 553 4031
f 4038 1460 4044
f 4037 556 4040
f 2433 1461 4611
f 2431 4611 4612
f 2442 1471 4043
f 568 4056 2444
f 2455 4061 4070
f 2450 574 1488
f 2451 4064 4066
f 4031 553 1486
f 553 4029 4071
f 577 1488 4790
f 577 5002 1488
f 5002 2450 1488
f 4790 1488 4072
f 1485 4075 576
f 2464 1490 2461
f 4080 5000 1678
f 5000 1483 1678
f 4083 2467 4081
f 1102 4616 2067
f 1504 4648 4550
f 4132 3550 4131
f 4141 2501 1527
f 1530 1529 4151
f 613 3912 2502
f 2502 4144 2503
f 4154 619 4658
f 621 4658 618
f 3946 2510 4729
f 4152 1405 1404
f 1540 628 2515
f 631 634 1555
f 631 1550 634
f 2520 1550 394
f 4173 4618 4574
f 3133 1552 4174
f 4174 1552 4173
f 4618 4551 4573
f 4551 4181 4573
f 1553 4176 4177
f 4176 1553 4175
f 1553 4619 4175
f 635 4619 1553
f 4618 4619 4574
f 4619 635 4574
f 4620 4173 4574
f 4574 4626 4620
f 635 1571 4626
f 1553 4177 1570
f 4177 4176 4622
f 4623 1554 4176
f 4623 4176 4175
f 4179 1554 4623
f 4178 4623 4175
f 4179 2521 1554
f 4623 4178 4180
f 4180 4179 4623
f 2522 2523 4181
f 2281 4186 2525
f 4205 4201 2537
f 643 642 4191
f 4208 4624 4209
f 2521 634 1550
f 4625 1554 4235
f 1554 2521 4235
f 4622 1554 4625
f 453 1570 4622
f 4626 1571 4627
f 2553 4238 4627
f 4241 4626 4627
f 1575 4244 2558
f 1581 2563 1580
f 2569 4910 2585
f 4257 4935 4910
f 4935 2585 4910
f 4258 664 666
f 2573 4261 4575
f 4268 4263 2573
f 1590 1073 2576
f 3412 3297 2578
f 4256 2569 2584
f 681 4288 4287
f 4297 3823 3821
f 691 693 4296
f 1602 4316 4554
f 703 4330 702
f 703 4333 4341
f 703 702 4333
f 4761 4335 4685
f 1616 4340 4345
f 4631 2622 1613
f 2625 1613 2622
f 4327 1615 4345
f 1618 4355 4349
f 719 718 1624
f 4363 4362 1624
f 3939 4377 2397
f 4377 4378 1632
f 4379 726 2644
f 4388 1640 616
f 2652 2653 1623
f 4687 731 1657
f 732 1661 1670
f 1662 4403 4404
f 4404 2192 352
f 4410 4045 4409
f 4413 4419 737
f 4709 2674 1664
f 4443 747 4709
f 4449 2682 4445
f 2685 2684 748
f 1680 4659 1062
f 2686 4818 4659
f 2706 1685 4462
f 4560 2701 4583
f 4467 2695 754
f 4819 760 660
f 1700 4496 764
f 4504 4503 4506
f 1713 2728 1714
f 771 4510 2730
f 2730 4510 99
f 1724 1722 706
f 4337 706 1722
f 2230 2422 4565
f 3786 455 2314
f 4045 4046 4409
f 37 1775 830
f 3001 2998 3000
f 128 1912 1871
f 396 160 1936
f 1115 2084 3394
f 4642 4091 281
f 330 2166 335
f 2210 3631 3612
f 1250 2213 3620
f 1253 369 2207
f 4675 387 3643
f 412 4805 1322
f 3730 1314 2279
f 435 3736 2282
f 1268 3786 3785
f 500 3879 3880
f 3905 3906 4740
f 3986 3996 539
f 4001 547 2417
f 4827 4995 4984
f 4995 4070 4984
f 4984 4547 4827
f 2463 4079 2465
f 2469 2476 2470
f 2489 602 1516
f 1527 1529 1528
f 2549 2551 650
f 4304 2600 4301
f 4444 4069 4451
f 2828 800 4660
f 475 476 2338
f 543 545 3994
f 1472 1471 2442
f 1 1729 4636
f 2761 2758 787
f 1838 2768 1738
f 802 2780 7
f 1747 2794 2793
f 1025 4532 1026
f 4660 1759 1760
f 839 46 838
f 49 2871 2872
f 1802 2872 845
f 2881 60 2898
f 3270 68 4535
f 1832 1831 872
f 871 1832 872
f 1833 1837 71
f 4792 2939 2941
f 1847 2707 4484
f 1129 4714 3414
f 1852 1851 83
f 3063 4793 1902
f 104 2733 3024
f 110 915 3029
f 1912 127 1871
f 4663 947 1928
f 3134 173 1945
f 988 3134 1941
f 3146 989 3137
f 968 3188 3110
f 234 3293 1065
f 1066 670 3296
f 236 3301 1068
f 240 3316 3314
f 1041 3220 2053
f 3337 3338 2052
f 3339 1067 3301
f 1087 3341 1122
f 1088 3340 2049
f 3368 1089 2060
f 3368 2060 1099
f 3376 261 3374
f 2069 2066 262
f 2068 1105 3379
f 1106 4735 2072
f 276 275 2086
f 2085 1124 1121
f 1124 2085 2087
f 3390 276 3398
f 2135 1139 3423
f 3433 1141 4527
f 611 3438 1145
f 1162 1163 311
f 1168 2142 2143
f 3521 3518 4772
f 2171 1198 1199
f 4751 2187 1222
f 1227 3574 351
f 352 2192 3577
f 1233 4752 4765
f 901 3595 2978
f 4689 3606 368
f 2214 3627 393
f 3739 1254 372
f 2205 1260 3608
f 1256 2223 386
f 3578 4038 356
f 1165 3683 1279
f 1272 3682 3685
f 410 4723 1280
f 2266 420 1294
f 3749 4604 1322
f 3768 4607 2299
f 3648 451 3639
f 2308 2309 456
f 1340 3791 2316
f 3817 474 4568
f 4568 4782 3861
f 4545 2342 3826
f 1387 4740 3906
f 4155 4725 1405
f 3954 1380 3956
f 1424 3983 3547
f 3997 3996 3986
f 4033 555 1457
f 4058 568 566
f 2448 4682 2449
f 576 2454 1485
f 1487 4072 4571
f 589 614 4088
f 1533 4147 1535
f 4151 619 2508
f 2508 619 4154
f 4160 4161 4759
f 4606 638 2529
f 4221 4230 2543
f 4241 4243 172
f 663 4897 1583
f 4897 4683 1583
f 2588 4931 4628
f 4931 2586 4628
f 4259 663 665
f 681 2595 4288
f 1605 4323 1606
f 2627 711 2621
f 1624 1627 719
f 4366 720 4367
f 1634 2643 724
f 2675 1658 1659
f 4415 4414 2670
f 2672 4019 551
f 4066 4064 744
f 1691 2705 2704
f 2721 4957 769
f 4957 1706 769
f 773 2730 4509
f 1718 4513 4511
f 1884 4516 4515
f 1716 4512 4335
f 3110 3108 968
f 969 3112 965
f 1941 3134 4820
f 2425 4031 4615
f 4132 1212 3550
f 4599 607 4135
f 1684 4558 1683
f 4510 771 2729
f 1790 1791 45
f 2248 2249 4603
f 2378 505 506
f 2428 4547 555
f 10 1735 11
f 17 2784 2776
f 1830 2936 2928
f 2942 2947 1836
f 893 2968 1856
f 906 2998 2995
f 815 1898 1896
f 929 2867 1901
f 3090 3096 4715
f 1933 4539 3095
f 996 963 3151
f 3181 3182 1961
f 2025 3298 236
f 2025 1068 2026
f 239 232 2035
f 2079 274 1120
f 1151 3286 3455
f 3463 314 289
f 4670 3511 1289
f 339 4216 4526
f 2666 352 3577
f 1245 1243 3602
f 4038 3657 356
f 3679 2243 318
f 4753 4676 3688
f 2281 435 2282
f 3738 1319 2286
f 1321 439 3559
f 3550 1212 2289
f 1224 3652 443
f 2292 3749 1329
f 3791 1340 458
f 4691 2378 506
f 1401 3925 516
f 3834 3955 3957
f 2417 4002 4001
f 553 1448 4028
f 4065 4078 1482
f 4142 4844 1534
f 4844 2174 1534
f 4175 4573 4178
f 693 691 2599
f 4785 1638 2646
f 1643 4382 4385
f 2658 2657 1651
f 1658 2675 4429
f 2977 2985 1815
f 1961 1199 1198
f 3806 3810 3808
f 1786 828 37
f 2916 859 2825
f 1839 1840 4582
f 1914 3075 3069
f 4639 67 3268
f 4696 1999 3321
f 3435 283 4349
f 314 294 2116
f 1243 381 3602
f 401 318 2243
f 3735 1316 2526
f 3871 496 492
f 3970 1415 1414
f 1519 538 3971
f 4214 643 646
f 4700 4363 2640
f 2828 4660 1806
f 1859 4560 4583
f 3441 3440 296
f 1207 1903 3625
f 612 4140 2501
f 1681 4458 4453
f 4711 1733 2758
f 2759 787 2758
f 794 887 2771
f 881 883 2946
f 1840 1839 928
f 4582 1842 4661
f 2961 2962 2798
f 1856 2968 88
f 4694 4560 1859
f 3000 2998 906
f 1886 116 3029
f 4538 919 1894
f 1892 921 1890
f 2866 3044 833
f 3045 1789 835
f 132 1907 133
f 155 964 967
f 172 169 1944
f 3211 210 204
f 2025 2026 3295
f 3236 4697 81
f 1084 3334 2047
f 3358 4666 3356
f 4668 4744 310
f 3527 1189 1195
f 1238 2196 3593
f 1252 369 1253
f 386 2223 1443
f 3772 3648 2225
f 3673 2309 2308
f 4677 441 3692
f 510 2346 1395
f 4725 4155 526
f 4071 1486 553
f 1493 2468 4139
f 273 1494 581
f 2473 4096 1496
f 4174 170 984
f 4203 4202 4758
f 643 4211 646
f 1585 4552 4262
f 2603 2604 696
f 1611 4631 4343
f 4394 2648 1650
f 749 1683 4455
f 2691 4458 4762
f 1709 1710 2330
f 3065 3067 4662
f 1766 4581 4584
f 2934 2932 71
f 3179 3111 4650
f 3316 2039 3319
f 354 1229 1231
f 2776 2784 799
f 100 1765 3017
f 4587 4537 101
f 158 3053 3055
f 2173 3186 2172
f 1248 1249 3618
f 3797 3793 1341
f 3959 3884 481
f 3990 4988 543
f 4988 2423 543
f 2425 4615 4680
f 4612 1461 1460
f 2553 4627 1571
f 4275 4276 669
f 48 2871 841
f 121 120 119
f 2663 1662 1663
f 3776 2305 1333
f 2638 4358 717
f 2975 1843 2974
f 3342 4592 250
f 269 3377 1112
f 1115 3395 2084
f 1185 326 3504
f 3944 529 1411
f 4027 4680 4615
f 4512 1716 772
f 1718 4511 3018
f 4598 4208 2170
f 1487 2456 4790
f 2762 2760 791
f 1205 347 3544
f 464 1349 2367
f 4692 4385 4767
f 4578 2961 2793
f 1079 218 3241
f 1074 242 2039
f 3499 3461 3497
f 1210 4134 4133
f 2318 3792 459
f 3897 505 503
f 4777 1391 4609
f 1634 725 4687
f 2914 2913 64
f 3414 4535 869
f 2993 1874 2994
f 331 3519 332
f 514 4837 515
f 4837 4755 515
f 3982 1423 3979
f 4323 1605 2611
f 799 4523 4531
f 2840 32 819
f 1761 2854 2830
f 878 2942 2933
f 881 882 883
f 914 97 101
f 1888 919 4538
f 3056 3058 3057
f 3096 3090 952
f 1864 3147 3951
f 3154 3105 4664
f 1032 4799 213
f 1032 1033 4799
f 4357 3441 296
f 2174 3445 1149
f 1172 3495 3496
f 1175 2156 4780
f 3505 2159 325
f 3515 3514 3727
f 1209 399 2498
f 4674 4752 1233
f 2195 358 3587
f 3585 4040 1237
f 1264 3665 2236
f 2241 2180 3677
f 2253 414 2263
f 2283 2282 3736
f 457 1342 1341
f 484 485 2350
f 2385 2386 3952
f 565 4055 564
f 2686 4452 2688
f 4500 4501 1708
f 4818 2686 2688
f 4469 4919 1704
f 2696 4944 4919
f 4944 1704 4919
f 4357 4556 3441
f 881 2770 1838
f 132 4539 3055
f 3215 3219 1991
f 3320 3319 1076
f 2192 4601 354
f 2363 1503 4089
f 3851 2708 4479
f 589 2504 614
f 4766 2082 274
f 2323 2240 4656
f 2474 3857 4698
f 684 2590 4289
f 4584 4581 4585
f 3126 164 3124
f 1806 4660 1760
f 3262 2014 3271
f 1182 2161 2159
f 3764 3762 3763
f 1426 3984 3985
f 4219 4222 2539
f 1589 653 4553
f 4562 269 1104
f 772 1716 1715
f 2710 659 760
f 2197 1862 2980
f 1732 4637 2748
f 869 4535 1849
f 108 3027 3026
f 4786 149 3092
f 456 2323 4770
f 507 2387 1390
f 3989 1423 542
f 1516 4117 2489
f 4188 2529 1563
f 4228 2545 4216
f 2583 4280 2584
f 560 2673 2441
f 4427 4448 4688
f 1738 790 2764
f 2833 2831 2785
f 4778 4694 1859
f 931 4793 1871
f 959 3101 1917
f 3171 3169 1956
f 4809 3179 4227
f 1071 239 3448
f 3321 3236 4696
f 2055 2056 3353
f 3387 2071 3385
f 2084 3395 4719
f 3548 1424 3547
f 3690 1275 2246
f 4603 4723 3697
f 3810 3805 470
f 3900 2357 489
f 3908 3839 59
f 4777 2387 3909
f 2393 3920 4570
f 1412 527 2399
f 4168 1555 1546
f 4314 2607 2608
f 1605 1606 700
f 4325 1608 4324
f 1608 4325 701
f 4017 4421 551
f 4425 2673 560
f 754 1688 4467
f 3207 3210 3228
f 4404 1663 1662
f 4344 1613 2625
f 3762 3764 2297
f 2753 1735 2749
f 569 1469 4826
f 619 618 4658
f 2933 1837 2946
f 1245 3602 3599
f 4123 532 4798
f 4719 2085 2084
f 2097 310 2096
f 1357 1358 3820
f 4613 4051 567
f 66 2818 3234
f 3748 3747 3746
f 1927 3152 998
f 2062 3349 3369
f 2513 2073 1501
f 3610 378 368
f 4074 4073 1489
f 608 4118 4798
f 1217 2289 3744
f 3980 1422 3975
f 4346 283 3403
f 517 518 1406
f 1715 4508 772
f 2015 3276 3275
f 1629 1408 1632
f 1029 4703 1987
f 1048 2010 2048
f 3669 4722 3662
f 980 2240 1271
f 410 1280 3703
f 1276 3550 3741
f 1248 3618 3782
f 4257 4962 4854
f 4962 663 4854
f 4684 4865 4854
f 4865 4257 4854
f 4322 4321 1607
f 4275 654 4249
f 3414 2927 4535
f 2957 2956 1846
f 2936 891 1853
f 917 916 112
f 1886 3029 915
f 1918 3089 3090
f 986 189 171
f 3454 3458 1058
f 1100 2066 4794
f 3379 2072 267
f 3450 1151 3453
f 305 308 1153
f 327 4670 3713
f 349 4970 3565
f 4970 3566 3565
f 3593 3591 2178
f 1314 3735 2281
f 2342 3824 2343
f 470 4796 3821
f 3926 1399 3921
f 524 525 3945
f 1411 529 2400
f 1479 4059 4058
f 3366 579 4081
f 505 1521 4126
f 4143 613 1528
f 4143 1528 2507
f 1587 2578 1588
f 2022 2692 4459
f 4486 1708 4501
f 1109 2074 271
f 2983 2997 127
f 4610 4418 1444
f 607 1523 4135
f 4404 352 1663
f 4572 2507 623
f 3686 3682 3680
f 1644 1643 4385
f 1692 4476 4473
f 3569 3574 1227
f 3820 1358 2342
f 2027 4591 3308
f 4005 2421 4006
f 2474 1504 3857
f 1735 1736 11
f 3672 1270 1269
f 2743 4637 2738
f 3609 370 4602
f 3757 3773 1330
f 3878 3876 1370
f 1767 1780 1781
f 2388 1388 3907
f 1542 1545 2517
f 2656 2654 4530
f 734 4983 1660
f 4983 2661 1660
f 2787 2780 802
f 2787 802 803
f 3042 1898 3043
f 432 433 436
f 2834 3803 817
f 874 73 2936
f 879 1841 1843
f 79 2951 2952
f 79 2952 1845
f 2976 1815 1861
f 949 145 3089
f 3094 3093 957
f 156 966 155
f 4659 3292 2020
f 3313 238 3311
f 3689 2246 1274
f 1306 425 2274
f 436 3733 432
f 1517 3748 3746
f 3670 2236 2235
f 3863 3862 3868
f 3946 4729 2399
f 606 4693 610
f 1589 4553 671
f 4403 1662 4402
f 1425 4408 4409
f 2697 1689 4471
f 1108 2075 273
f 3671 3786 1268
f 2734 1723 1724
f 3531 1971 1202
f 3770 3763 3755
f 3197 1974 3198
f 1920 3090 3089
f 3686 3681 3682
f 3487 1169 2148
f 2752 1735 2753
f 3106 1926 3101
f 3570 4969 391
f 4969 3573 391
f 3266 4639 3264
f 2655 729 4391
f 460 2322 2324
f 2512 3950 3911
f 931 1902 4793
f 1615 927 1616
f 392 4647 4033
f 801 2787 803
f 4787 967 3108
f 4540 205 1985
f 4523 2782 1740
f 2792 2791 22
f 2861 844 837
f 1798 843 4821
f 880 928 1839
f 1853 2928 2936
f 3045 835 1786
f 4714 1129 2024
f 2036 241 3315
f 1093 258 3353
f 2049 2365 279
f 312 314 3469
f 2142 1168 3486
f 3531 1202 3529
f 2311 2310 4770
f 3882 2374 1380
f 4268 4745 4294
f 1630 4374 1629
f 2836 4506 4503
f 429 2275 1297
f 3264 1020 3266
f 3325 4697 3236
f 1849 4535 2965
f 3291 2020 2018
f 4577 1630 1629
f 4639 3266 67
f 1459 557 1462
f 347 3546 1235
f 4344 2625 1889
f 2766 2326 793
f 43 4533 42
f 3315 3311 238
f 4644 2186 3565
f 584 4095 4094
f 727 4785 4384
f 727 1637 4785
f 3097 995 148
f 125 3044 929
f 4530 4390 2656
f 653 2589 4553
f 4396 4392 1649
f 4417 4418 4416
f 3933 3932 3931
f 1889 2625 113
f 3607 4602 1246
f 4511 4513 2732
f 2732 4513 4514
f 4156 3947 623
f 3650 1261 4565
f 1653 2656 4390
f 4391 729 4392
f 4393 4391 4392
