# DenseCorr3D prepared geometry
v -0.07853040 -0.07314787 -0.02963832
v -0.07292602 -0.07649372 -0.02509440
v -0.08170725 -0.07380891 -0.03180781
v -0.07655839 -0.05221173 -0.02712691
v -0.08403983 -0.05870553 -0.03159299
v -0.07386024 -0.03165575 -0.03037953
v -0.07049050 -0.02365218 -0.03183633
v -0.09210192 -0.02170253 -0.02575012
v -0.08265311 -0.01421513 -0.02434202
v -0.08344949 -0.01173012 -0.02162563
v -0.06561857 -0.01289611 -0.03225700
v -0.06645763 -0.02420384 -0.03161667
v -0.07039039 -0.00847433 -0.03094174
v -0.05886831 -0.00479739 -0.03290655
v -0.06909677 -0.02833196 -0.03059001
v -0.06688730 0.00324223 -0.03218677
v -0.05076865 0.00464677 -0.03445859
v -0.04063018 0.01218347 -0.03036608
v -0.05942546 0.03082874 -0.03466163
v -0.07141901 0.00851979 -0.03139377
v -0.07383570 0.01395838 -0.03151132
v -0.08015902 0.02580790 -0.03048944
v -0.06917685 0.02656529 -0.03234832
v -0.08196544 0.03923562 -0.02675353
v -0.07955334 0.03085462 -0.03005144
v -0.06423692 0.04607338 -0.02904547
v -0.05908673 0.04475351 -0.03033263
v -0.07189130 0.05428785 -0.01932711
v -0.06147006 0.01958724 -0.03450575
v -0.05770671 0.03935111 -0.03216242
v -0.05447425 0.03547774 -0.03262077
v -0.04187308 0.01813836 -0.03015209
v -0.04107739 0.01467832 -0.02901379
v -0.03757832 0.01248016 -0.02715481
v -0.04236486 0.02250848 -0.02990758
v -0.03989876 0.02429345 -0.02730897
v -0.04086540 0.03922625 -0.02853510
v -0.03336491 0.03052661 -0.02524061
v -0.03326158 0.02304709 -0.02505839
v -0.02354447 0.01888077 -0.02201908
v -0.01979845 0.02687128 -0.02229502
v -0.01264155 -0.00198877 -0.01705886
v -0.00016253 0.01514342 -0.02594118
v 0.00936757 0.01160956 -0.03041339
v 0.03308937 0.01447178 -0.03070588
v 0.03734848 0.01856389 -0.02979548
v 0.04043479 0.01596339 -0.02952161
v 0.04786908 -0.00916274 -0.02506929
v 0.05350555 -0.00696428 -0.03050052
v 0.04809054 -0.00515252 -0.02774536
v 0.05479759 -0.01525389 -0.02570104
v 0.06111922 -0.03146376 -0.01757198
v 0.05914998 -0.03810070 -0.01874340
v 0.05926615 -0.03757682 -0.02357669
v 0.05764554 -0.02656249 -0.02529004
v 0.05876181 -0.04056402 -0.01707425
v 0.07731265 -0.03644482 -0.03666909
v 0.06055913 -0.02564057 -0.03189801
v 0.05581105 0.00790257 -0.03119293
v 0.05286463 0.01381318 -0.02996451
v 0.05579530 0.01262333 -0.03122010
v 0.06351209 0.01254044 -0.03577149
v 0.05648973 0.01622591 -0.03229587
v 0.04717736 0.01622196 -0.02884812
v 0.04983782 0.02613700 -0.02552112
v 0.05815516 0.01904092 -0.03380960
v 0.05234955 0.02633552 -0.02816249
v 0.05264455 0.03068927 -0.02567894
v 0.02783666 0.03283591 -0.02421882
v 0.05462544 0.03375621 -0.02639720
v 0.08271448 0.00976590 -0.03788273
v 0.08935763 0.01386606 -0.03744780
v 0.09273074 0.01086619 -0.03543065
v 0.07436674 -0.00717731 -0.03901299
v 0.07636091 -0.02365785 -0.03605326
v 0.07012332 -0.02344630 -0.03935654
v -0.04953720 0.05989704 -0.01181540
v -0.04563359 0.04029893 -0.02981024
v -0.03867793 0.04139744 -0.02854996
v -0.03824754 0.04710985 -0.02556527
v -0.01010624 0.05829430 -0.00340195
v -0.02335842 0.05124339 -0.01853462
v -0.01352909 0.05032307 -0.01592053
v -0.02100585 0.03538414 -0.02330742
v -0.01060459 0.04688593 -0.01738132
v -0.00708220 0.03576689 -0.02108326
v 0.00113645 0.04010190 -0.02026353
v 0.00480393 0.03698071 -0.02227564
v 0.00229433 0.04247919 -0.01947414
v -0.00046715 0.04610213 -0.01529019
v 0.01823635 0.02817380 -0.02770107
v 0.01358547 0.04542971 -0.01616357
v 0.00571625 0.04443101 -0.01683448
v 0.08500919 0.03186977 -0.03614601
v 0.08682896 0.02795956 -0.03755400
v 0.09052175 0.01927273 -0.03718640
v 0.09603602 0.03569188 -0.02959663
v 0.09450975 0.03380825 -0.03145617
v 0.05961898 0.03782377 -0.02953893
v 0.07552717 0.04410881 -0.03331121
v 0.06393615 0.05718564 -0.02235637
v 0.07253575 0.06045524 -0.02481386
v 0.06627133 0.06369361 -0.01248351
v 0.04853480 0.05611348 -0.00833461
v 0.04208622 0.05452153 -0.00920004
v 0.04157843 0.04871726 -0.01793191
v 0.05580384 0.03938967 -0.02625029
v 0.03231194 0.05056111 -0.01316683
v 0.02483962 0.03951554 -0.02022609
v 0.01947035 0.04582541 -0.01731606
v 0.01390217 0.05277241 -0.00936813
v 0.08969537 0.03508136 -0.03400843
v 0.08433777 0.05402267 -0.03108317
v 0.09343014 0.06062161 -0.03153558
v 0.08088829 0.05833149 -0.03072613
v 0.07499560 0.07464561 -0.02112971
v 0.08314604 0.07996617 -0.03976542
v 0.09841552 0.07740211 -0.05521450
v 0.09421086 0.08204974 -0.05185061
v 0.07969470 0.07908866 -0.02686387
v 0.07677101 0.07866188 -0.02078165
v 0.07797538 0.08631217 -0.01592459
v 0.07690399 0.08414698 -0.01302555
v 0.07811642 0.09980332 -0.03168616
v 0.10169461 0.07996570 -0.06086294
v 0.10299312 0.07459338 -0.05852242
v 0.10562916 0.08081894 -0.06330265
v 0.08833221 0.09935738 -0.04469722
v 0.12068086 0.09183483 -0.06350543
v 0.11896459 0.09484287 -0.05982836
v 0.10086498 0.10248835 -0.05379387
v 0.08941135 0.10522427 -0.04459990
v 0.07357073 0.11451589 -0.03230704
v 0.07225574 -0.05893289 -0.04043572
v 0.06409713 -0.05432839 -0.03749167
v 0.05815055 -0.05151376 -0.02231048
v 0.05861884 -0.05616769 -0.03090735
v 0.05822210 -0.05076873 -0.02905641
v 0.06180858 -0.06078324 -0.03449070
v 0.06941482 -0.06001351 -0.04082602
v 0.06706207 -0.06780802 -0.04219054
v 0.07933143 -0.08172388 -0.03918205
v 0.07475518 -0.08131671 -0.04359987
v 0.06735439 -0.08474791 -0.04790952
v 0.06240597 -0.06892269 -0.03986546
v 0.06072494 -0.08002112 -0.03815371
v 0.05498447 -0.06884594 -0.03200898
v 0.05748991 -0.07952406 -0.02864624
v 0.06435917 -0.09021571 -0.04844971
v 0.07372189 -0.08562534 -0.05899980
v 0.07313056 -0.08763923 -0.06036432
v 0.07568353 -0.08646778 -0.06151213
v 0.07981487 -0.08382082 -0.05384283
v 0.07618208 -0.08968403 -0.06219640
v 0.05443290 -0.07508326 -0.02708493
v 0.05347268 -0.07057157 -0.02836531
v 0.05425532 -0.07387548 -0.02334750
v 0.05411205 -0.07039877 -0.02091882
v 0.08861760 -0.08629659 -0.04641503
v 0.08476310 -0.08489086 -0.05329957
v 0.08885388 -0.08712943 -0.05391957
v 0.08094933 -0.08385307 -0.05775829
v 0.08077487 -0.08962505 -0.06166811
v 0.08099183 -0.09185203 -0.06054103
v 0.07802841 -0.09187940 -0.06187305
v 0.08221283 -0.08749086 -0.02827950
v 0.08857602 -0.08560026 -0.03377899
v 0.09080490 -0.08705336 -0.03165289
v 0.10590387 0.10684071 -0.05539538
v 0.11007683 0.10737392 -0.05440538
v 0.04723550 -0.02199678 0.00752963
v 0.03092055 -0.01720079 0.02017280
v 0.06482754 -0.03000941 0.03043088
v 0.06581493 -0.02128068 0.02035989
v 0.06650880 -0.01943862 0.03226785
v 0.06885017 -0.02518559 0.03449315
v 0.07255687 -0.04012156 0.03399684
v 0.07479465 -0.04797181 0.03432381
v 0.08329061 -0.04264357 0.03915793
v 0.09140075 -0.03706597 0.03585960
v 0.09391691 -0.03822347 0.03207249
v 0.08222413 -0.02084343 0.04111131
v 0.07579014 -0.01370751 0.03973340
v 0.08612044 -0.00934689 0.03901070
v 0.09213504 -0.01240757 0.03200585
v 0.06684063 -0.03843953 0.03038074
v 0.07036590 -0.01880462 0.00473426
v 0.08697816 -0.01486457 -0.00310247
v 0.09325171 -0.05311391 0.03417568
v 0.07917015 -0.06499381 0.03662405
v 0.07647721 -0.05897731 0.03458010
v 0.07688063 -0.05126650 0.03618361
v 0.08063637 -0.07170897 0.03853776
v 0.09817463 -0.07184340 0.03189950
v 0.09839856 -0.06937665 0.02947045
v 0.09507249 -0.05693903 0.02713118
v 0.09518036 -0.04684814 0.02852296
v 0.08786026 -0.07519790 0.04236438
v 0.10077053 -0.07675515 0.02483439
v 0.09135890 -0.08863403 0.04312115
v 0.09877341 -0.08271599 0.03247596
v 0.09878768 -0.08654104 0.03766645
v 0.09862646 -0.08790407 0.04065264
v 0.10216402 -0.08452860 0.02322513
v 0.10516994 -0.08597437 0.03486928
v 0.08721381 -0.09773926 0.03914753
v 0.08491951 -0.09274767 0.03866206
v 0.10600711 -0.08605010 0.04301481
v 0.10913185 -0.08675706 0.04564156
v 0.11367100 -0.08610755 0.03690010
v 0.09643269 -0.09782772 0.05088428
v 0.10221799 -0.08765736 0.04764103
v 0.11547040 -0.09184574 0.04069925
v 0.11069947 -0.09793248 0.04689579
v 0.10077674 -0.09130172 0.05401748
v 0.06335560 -0.01163295 0.02675045
v 0.05963489 -0.00049603 0.03351041
v 0.06469437 0.00143573 0.03603429
v 0.04244856 -0.01312300 0.02759561
v 0.04222969 -0.00028857 0.03777917
v 0.05731187 0.00237413 0.03358556
v 0.03846975 0.00482696 0.03953880
v 0.03538299 0.00817841 0.04104090
v 0.03468391 0.02722300 0.04014771
v 0.09314573 -0.01273704 0.02764378
v 0.09566928 -0.00484766 0.01801552
v 0.09865872 -0.00023296 0.01709176
v 0.09457355 -0.00273813 -0.01930786
v 0.10117334 -0.00388945 -0.00621974
v 0.10385282 0.00151145 0.00325032
v 0.09892059 0.00564355 0.02886050
v 0.09102686 -0.00460630 0.03539975
v 0.09535648 0.01018686 0.03664895
v 0.10484982 0.01617612 0.02319964
v 0.10852941 0.01416243 -0.00186430
v 0.10892853 0.01820322 -0.00763916
v 0.10381000 0.03047783 -0.01605154
v 0.10540795 0.03683116 -0.01998073
v 0.10044181 0.03339088 -0.02635653
v 0.10169177 0.04846445 -0.02677372
v 0.10624855 0.05117829 -0.02262575
v 0.09827951 0.05923584 -0.02958227
v 0.03340013 0.04073778 0.03511402
v 0.09364730 0.07089809 -0.03577873
v 0.10419157 0.06994182 -0.03828357
v 0.08544448 0.08068732 0.01392423
v 0.08362010 0.08267953 0.01162520
v 0.08539226 0.07708407 0.01459787
v 0.08367115 0.07370527 0.01637821
v 0.07951846 0.07163180 0.01647799
v 0.07192738 0.05053235 0.03396281
v 0.05512998 0.05103045 0.03373864
v 0.05730343 0.03885673 0.03686976
v 0.05251688 0.04040007 0.03554558
v 0.04639138 0.04504783 0.03410568
v 0.04998460 0.04413036 0.03451524
v 0.05317318 0.03343214 0.03572997
v 0.05059557 0.02345829 0.03692884
v 0.06495374 0.01240882 0.03819715
v 0.05987994 0.01247192 0.03653125
v 0.09111500 0.07646608 0.01548143
v 0.09644850 0.06568810 0.01593692
v 0.10956057 0.07141486 0.00650123
v 0.10791384 0.07091057 -0.05860613
v 0.10880016 0.07019796 -0.04039975
v 0.11934926 0.06905308 -0.05103920
v 0.09678515 0.06051803 0.01817754
v 0.09453396 0.06402051 0.01890400
v 0.10037458 0.05346715 0.01440957
v 0.10200890 0.03206901 0.02225615
v 0.08719592 0.04840984 0.02790830
v 0.07098784 0.04024189 0.03720469
v 0.06496474 0.02192779 0.04052833
v 0.08491454 0.03826427 0.03691817
v 0.08065508 0.02801492 0.03933470
v 0.09137955 0.04160380 0.03088337
v 0.07894687 0.01701613 0.04005720
v 0.07212371 0.00970652 0.03989459
v 0.10378738 0.02289256 0.02343671
v 0.09762010 0.02755200 0.03411546
v 0.09890806 0.02541344 0.03140710
v 0.12444635 0.08589179 -0.00814422
v 0.12525852 0.11480561 -0.01002777
v 0.12771565 0.11911514 -0.01598674
v 0.13055679 0.10370551 -0.00588252
v 0.13405934 0.10038884 -0.00905127
v 0.13336766 0.11294353 -0.01258324
v 0.13210693 0.11730076 -0.02066258
v 0.12700790 0.08927264 -0.05638563
v 0.12634866 0.07762630 -0.05658271
v 0.12360672 0.09063706 -0.05195457
v 0.12403414 0.07385980 -0.04763927
v 0.12423043 0.07252566 -0.02390150
v 0.12313587 0.07171416 -0.02755248
v 0.13270365 0.09724222 -0.03796747
v 0.13278233 0.10942712 -0.03904378
v 0.13400242 0.11524520 -0.02177923
v 0.13410559 0.11300959 -0.02633537
v 0.13453689 0.09816939 -0.01442081
v 0.13163744 0.11333254 -0.03367555
v 0.13409939 0.09445862 -0.02205727
v 0.02775459 0.03321256 0.03876680
v -0.09883162 0.02303221 0.01753801
v -0.09857339 0.01657644 0.01894194
v -0.09597546 0.02690407 0.02308417
v -0.07315542 0.06249070 0.00150698
v -0.10731190 0.04553797 0.01498032
v -0.09593478 0.03162899 0.01890061
v -0.08273387 0.04727944 0.03707968
v -0.06952577 0.06390195 0.02054604
v -0.07349987 0.06435251 0.01662890
v -0.07072590 0.05556107 0.03636319
v -0.06894296 0.05251808 0.03905486
v -0.06444116 0.05688059 0.03592801
v -0.06607739 0.04916227 0.04286527
v -0.06003767 0.05248154 0.03960983
v -0.05771462 0.05846941 0.03416848
v -0.05189377 0.05855276 0.03433680
v -0.03409659 0.05191455 0.03605634
v -0.03042471 0.05047530 0.03531076
v -0.05361306 0.06542251 0.00907364
v -0.03557761 0.06040543 0.02536341
v -0.03769445 0.06220359 -0.00664055
v -0.01980496 0.06086371 0.01220981
v -0.01473851 0.05960193 0.00951687
v -0.01364192 0.05652284 0.02168386
v -0.00948689 0.05064069 0.02823683
v -0.02361786 0.06093978 -0.00303909
v -0.01771278 0.06095455 0.00580475
v -0.02176101 0.05938297 -0.00632022
v -0.01376862 0.06044615 0.00047925
v 0.02761348 0.06038532 0.00810856
v 0.02337949 0.05914929 0.00792723
v 0.02809790 0.05936084 0.01031114
v 0.05462997 0.06543331 0.00751036
v 0.06556498 0.07194100 0.00387792
v 0.06025250 0.06537215 0.01114187
v 0.03046229 0.05648245 0.01774785
v 0.03358310 0.05565248 0.02159246
v 0.03324294 0.05881024 0.01526551
v 0.01247871 0.05546882 -0.00151109
v 0.01756100 0.04997165 0.02753316
v 0.00917681 0.04939257 0.02823780
v 0.06483739 0.06300842 0.01817509
v 0.07596647 0.06012771 0.02240220
v 0.04593934 0.05902945 0.01897498
v 0.04536425 0.05771400 0.02253470
v 0.07511380 0.08244078 -0.00428132
v 0.07678294 0.08777552 -0.00408294
v 0.07898759 0.09288714 -0.00204913
v 0.07856099 0.08930767 0.00157662
v 0.07717109 0.08622877 -0.00053002
v 0.08434844 0.09312358 0.00511403
v 0.08164540 0.09795881 -0.00012783
v 0.07969552 0.09535091 -0.00608715
v 0.07842220 0.09332579 -0.02238338
v 0.07828902 0.09832585 -0.02269561
v 0.07864725 0.10000396 -0.01918546
v 0.08127198 0.10066295 -0.01306316
v 0.09223655 0.10785637 -0.00074849
v 0.09649280 0.10135657 0.00463383
v 0.10613313 0.10965361 0.00059882
v 0.08078676 0.10913038 -0.01571248
v 0.08009543 0.11085575 -0.02137016
v 0.08436934 0.11572099 -0.02227703
v 0.07716475 0.10200556 -0.02175891
v 0.07592480 0.11826661 -0.02904972
v 0.07034895 0.11653435 -0.02864574
v 0.08562974 0.11926650 -0.03721257
v 0.08761919 0.12063137 -0.03569056
v 0.08486843 0.12075953 -0.03394824
v 0.09173468 0.11910047 -0.03753804
v 0.10040060 0.12211356 -0.02551831
v 0.10530478 0.12253414 -0.01713432
v 0.11305115 0.12179936 -0.02279143
v 0.10334840 0.11823552 -0.00650644
v 0.11730288 0.12029889 -0.01800770
v 0.12955070 0.11413620 -0.03816398
v -0.03781126 -0.00246454 -0.02492417
v -0.03571737 -0.00057290 -0.01716305
v -0.03876708 0.00349780 0.00328660
v -0.05998930 0.00465255 0.01203006
v -0.06635212 0.00427991 0.01261697
v -0.08481794 0.02136980 0.01118950
v 0.00198610 -0.01192097 -0.00749565
v 0.00713402 -0.01201943 -0.01391739
v 0.01369166 -0.01078201 -0.01882275
v 0.01022886 -0.01387116 -0.01048358
v -0.04003176 -0.02348089 0.03250068
v -0.03201123 -0.00911160 0.03267539
v -0.03126391 -0.00362652 0.02727141
v -0.02720013 -0.00055438 0.02346756
v -0.01271243 -0.00593800 0.02456901
v -0.01019316 -0.00693924 -0.00841702
v -0.00002816 -0.01299832 0.00686542
v 0.01877442 -0.01721650 -0.00604668
v 0.03259785 -0.01101180 -0.02463573
v 0.04489496 -0.01399655 -0.02009428
v 0.04885805 -0.01190620 -0.02178301
v 0.05623653 -0.01723516 -0.02312764
v 0.03180176 -0.02214793 -0.00090769
v 0.02002311 -0.01895758 -0.00138421
v -0.03887654 0.00327920 0.01218447
v -0.09354204 -0.07101689 -0.01345149
v -0.09186155 -0.02639958 0.00925029
v -0.11606018 -0.03078426 0.00599824
v -0.10729134 -0.07220255 -0.01519374
v -0.09514558 -0.07930914 -0.01695226
v -0.10033529 -0.05653587 -0.00954383
v -0.10233738 -0.06709991 -0.01289000
v -0.10939687 -0.06795280 -0.01091641
v -0.11559722 -0.07243697 -0.01300154
v -0.10931355 -0.03740584 0.00677970
v -0.10529470 -0.04101655 0.00890975
v -0.10793101 -0.04406822 0.00823047
v -0.11115513 -0.04508230 0.00693039
v -0.10100149 -0.02992294 0.00874821
v -0.09270007 -0.03894880 0.00212572
v -0.11006078 -0.05113233 0.00867195
v -0.12096996 -0.07449201 -0.00900221
v -0.12246770 -0.06808892 -0.00326618
v -0.12724355 -0.07319781 -0.00427490
v -0.12808837 -0.07811396 -0.00741112
v -0.13663071 -0.08434297 -0.01630104
v -0.14709266 -0.08924184 -0.01690602
v -0.14919791 -0.08840510 -0.01930542
v -0.15196528 -0.07588104 -0.00790330
v -0.09202716 -0.03737844 -0.00264962
v -0.10315204 -0.02558459 0.00982139
v -0.10285218 -0.01563485 0.01444705
v -0.09829058 -0.01826229 0.02743003
v -0.10645469 0.00710028 0.01262444
v -0.11835312 0.01588071 0.01503338
v -0.10802899 0.02443537 0.01755654
v -0.09796446 0.00447182 0.01658396
v -0.09477966 0.00010108 0.02170280
v -0.09946442 0.00143520 0.01949974
v -0.10103998 -0.00219636 0.02016797
v -0.09824223 -0.00388720 0.01616109
v -0.09909150 -0.00485636 0.02104066
v -0.09653290 -0.00761073 0.01998072
v -0.08804472 0.00178114 0.02861640
v -0.09216491 -0.00618813 0.02223225
v 0.06200776 -0.01922200 -0.01376015
v 0.06706774 -0.02236831 -0.01142493
v 0.06645076 -0.02013501 -0.00548238
v 0.06355601 -0.02137861 -0.00288486
v 0.06988370 -0.02035720 -0.00122899
v 0.07599439 -0.01253184 -0.01121431
v 0.07270575 -0.02518025 -0.01653877
v 0.07596594 -0.01279502 -0.01291849
v 0.06627201 -0.04046381 -0.01659092
v 0.06204041 -0.04084934 -0.01624401
v 0.06078710 -0.04672023 -0.01707547
v 0.07773726 -0.03381871 -0.02568466
v 0.08816765 -0.00567368 -0.01399067
v 0.08080455 -0.07241746 -0.03656872
v 0.08052249 -0.07926371 -0.03452588
v 0.07795979 -0.07545459 -0.03352901
v 0.07938745 -0.05245147 -0.03490993
v 0.06252494 -0.09514005 -0.04115248
v 0.07030692 -0.09685339 -0.05109807
v 0.07731979 -0.07856006 -0.03343510
v 0.05818370 -0.07659581 -0.02445737
v 0.06975513 -0.07760190 -0.01973706
v 0.07243422 -0.05116468 -0.02266911
v 0.07412803 -0.07270350 -0.02734629
v 0.08717342 -0.09077192 -0.05658399
v 0.09137736 -0.09677086 -0.04258705
v 0.07314223 -0.10165320 -0.02889024
v 0.06657609 -0.09112017 -0.02327873
v 0.06317107 -0.08511375 -0.02209452
v 0.07281562 -0.10000584 -0.02620934
v 0.07764148 -0.08954725 -0.02482849
v 0.08199755 -0.09336951 -0.02503341
v 0.09154490 -0.09302843 -0.02886647
v -0.04802498 0.02754792 0.04736245
v -0.03474281 0.04467436 0.04209659
v -0.03328421 0.03786710 0.04352068
v -0.02817827 0.04544862 0.03913334
v -0.03909547 0.02017931 0.04583590
v -0.04034914 0.01557603 0.04671285
v -0.03767849 0.01096592 0.04508382
v -0.02255857 0.00625849 0.03271075
v -0.03412875 0.00487910 0.04207983
v 0.00428438 0.00969704 0.03673436
v -0.01984766 0.02565052 0.03767452
v -0.01442590 0.01943806 0.03661127
v -0.01306926 0.02578829 0.03737889
v -0.00494061 0.02213746 0.03676484
v -0.01845603 0.03625459 0.03909324
v -0.02168252 0.03776157 0.03902194
v -0.00671092 0.03338330 0.03789554
v -0.00281200 0.03556344 0.03673125
v 0.00246158 0.02885909 0.03869228
v 0.01143886 0.03201462 0.03825391
v 0.01364430 0.03084855 0.03938700
v 0.01375326 0.02833659 0.03999448
v 0.00016973 0.02452101 0.03850449
v 0.01757457 0.04172460 0.03444983
v 0.06490856 -0.01870758 0.01272102
v 0.06220252 -0.01988423 0.00932567
v 0.06932414 -0.03472210 0.02290324
v 0.09470884 -0.02572216 0.02502871
v 0.09505586 -0.03584960 0.02626538
v 0.06758791 -0.04348661 0.02569924
v 0.07800853 -0.01852041 0.01085397
v 0.08371239 -0.00823356 0.00733902
v 0.07845472 -0.07398026 0.02331125
v 0.07464508 -0.07326557 0.02928431
v 0.08721232 -0.03522224 0.02038666
v 0.09414513 -0.05363154 0.02597100
v 0.08815431 -0.04859439 0.02120165
v 0.08976170 -0.06200958 0.02106305
v 0.08911007 -0.09143844 0.01787268
v 0.10775357 -0.08861805 0.01690004
v 0.11103190 -0.09044577 0.01528194
v 0.10755704 -0.09601614 0.01415994
v 0.11294109 -0.09645808 0.01740543
v 0.11328120 -0.08629374 0.03179814
v 0.09351201 -0.09687306 0.01717206
v 0.09405568 -0.00448129 0.01268673
v 0.09470141 -0.00336837 0.01016165
v -0.08885106 0.00732261 0.01319255
v -0.08737405 0.01687216 0.01470640
v -0.08114585 -0.01256200 0.01729702
v -0.10612375 -0.02887345 0.02090666
v -0.09758804 -0.03023358 0.01829608
v -0.08882379 -0.04720065 0.01979120
v -0.08438937 -0.03812847 0.01830301
v -0.09592086 -0.05212281 0.01837754
v -0.10825484 -0.06425491 0.01934990
v -0.07839806 -0.05468978 0.02307063
v -0.07316750 -0.04814599 0.02667687
v -0.06433371 -0.04263533 0.02807741
v -0.06911185 -0.02787023 0.01728485
v -0.05725800 -0.02884428 0.02094453
v -0.07773717 -0.05894039 0.02231630
v -0.05077751 -0.01952751 0.02048086
v -0.05910608 -0.00681575 0.01611165
v -0.07507781 -0.04697049 -0.01834433
v -0.06285025 -0.03811824 -0.02022605
v -0.08595973 -0.01001883 -0.01148602
v -0.07918610 -0.01648271 -0.00999085
v -0.07697386 -0.00029637 -0.00488943
v -0.08160658 0.00071444 -0.00693406
v -0.09565472 -0.01490015 -0.00681770
v -0.08982980 -0.00255949 -0.01111471
v -0.07923554 0.00604714 0.00387361
v -0.08041506 0.00194398 0.00349694
v -0.09195741 -0.02869840 -0.00782148
v -0.09630097 -0.01908144 -0.00606124
v -0.08792713 0.00394840 -0.00873874
v -0.05549076 -0.00336884 -0.00602206
v -0.08728353 0.01620942 -0.00039369
v -0.03863561 0.00212015 -0.01132871
v -0.04083395 0.00310559 -0.00826654
v -0.09516202 -0.03538369 -0.00526620
v -0.07868098 0.00688807 0.04077992
v -0.08162587 0.00373228 0.03675038
v -0.08339272 0.02296390 0.04103987
v -0.07262845 0.01915350 0.04520573
v -0.07551852 -0.01425452 0.03821121
v -0.06444459 -0.00298999 0.04187792
v -0.05729159 0.00279456 0.04473510
v -0.04359838 0.00576795 0.04765434
v -0.06959374 0.01556469 0.04557008
v -0.06097136 0.02795828 0.04753308
v -0.06420352 0.02747819 0.04713299
v -0.05861660 0.03789892 0.04650838
v -0.07394659 0.02419268 0.04551012
v -0.04039485 0.00708855 0.04568782
v -0.10554999 -0.02500349 0.02336959
v -0.11176554 -0.03184768 0.02932452
v -0.11111849 -0.03493415 0.02414632
v -0.10449252 -0.05765923 0.03572778
v -0.11408566 -0.06745158 0.02839126
v -0.10469932 -0.08954046 0.03769026
v -0.10830858 -0.08175182 0.03531437
v -0.10121825 -0.09490877 0.01718262
v -0.08078505 -0.09798057 0.03155385
v -0.08402687 -0.09842226 0.04175370
v -0.07930492 -0.09589837 0.03939824
v -0.07679018 -0.08951951 0.03982009
v -0.09652603 -0.08533050 0.04206377
v -0.11226473 -0.08167139 0.02952566
v -0.11030568 -0.08877663 0.02768863
v -0.11241930 -0.07720792 0.02205913
v -0.09178776 -0.09732442 0.04554056
v -0.10198766 -0.09853509 0.03387969
v -0.10243341 -0.08902539 0.01564766
v -0.07885583 -0.09045613 0.04271463
v -0.09186079 -0.08475611 0.04798935
v -0.08749812 -0.08591776 0.04857566
v -0.08697151 -0.08316854 0.04541678
v -0.08979658 -0.05353458 0.03060256
v -0.08949821 -0.05805826 0.02997354
v -0.08354535 -0.04390867 0.03400609
v -0.07481411 -0.04038819 0.03445091
v -0.07892405 -0.05761115 0.02950861
v -0.07651373 -0.05564852 0.02609697
v -0.09025270 -0.07916095 0.02704965
v -0.09042198 -0.06786058 0.02983778
v -0.08355346 -0.06436691 0.02983769
v -0.08395062 -0.06917495 0.02829195
v -0.08387741 -0.07361769 0.02706101
v -0.10772230 -0.07006709 0.03558588
v -0.10947788 -0.06617355 0.03362255
v -0.09145278 -0.01481905 0.03142630
v -0.09345441 -0.02327501 0.03363988
v -0.10051581 -0.03561931 0.03779925
v -0.08789942 -0.02570773 0.03618424
v -0.06930979 -0.01956430 0.04051815
v -0.06119878 -0.03307451 0.03789251
v -0.10203430 -0.03405594 -0.00968958
v -0.10445444 -0.03775564 -0.01135587
v -0.10700610 -0.04695677 -0.01693180
v -0.10809010 -0.05205715 -0.02068787
v -0.11069097 -0.05986797 -0.01702070
v -0.10671578 -0.04586284 -0.02254687
v -0.10125465 -0.04404096 -0.02409565
v -0.09609176 -0.03878214 -0.02703581
v -0.10234126 -0.05588605 -0.02301119
v -0.10542131 -0.07180802 -0.01844905
v -0.09660828 -0.06867089 -0.02731806
v -0.10018498 -0.07159395 -0.02494637
v -0.09941616 -0.07555221 -0.02483372
v -0.09308005 -0.03636954 -0.03007894
v -0.09087233 -0.08901163 -0.03247045
v -0.09240390 -0.08080052 -0.03168127
v -0.08859134 -0.09431567 -0.03140950
v -0.12301774 -0.04977263 -0.00718758
v -0.13473135 -0.05846194 -0.00996284
v -0.13683170 -0.05959211 -0.01028336
v -0.13186045 -0.05800222 -0.00884635
v -0.14268553 -0.06612284 -0.01002888
v -0.13993777 -0.06268158 -0.01129956
v -0.13619141 -0.07258797 -0.02039806
v 0.07998605 -0.08374935 0.02917789
v 0.11227967 -0.09920745 0.02256279
v 0.11416504 -0.08914872 0.02596736
v 0.11554506 -0.09092540 0.02920643
v 0.09120557 -0.09797896 0.01893367
v 0.09487223 -0.10117134 0.02100883
v 0.11532640 -0.08781845 0.03515431
v 0.10959731 -0.10009849 0.03822295
v 0.09711289 -0.10023397 0.04818329
v 0.11465454 -0.09716421 0.03708715
v 0.10670075 -0.10059154 0.04477906
v -0.08544149 -0.06355090 -0.03196926
v -0.08894841 -0.06565050 -0.03207713
v -0.08905505 -0.05646253 -0.03182899
v -0.07337645 -0.07202462 -0.02024902
v -0.07297804 -0.08076133 -0.02780777
v -0.07407902 -0.08169750 -0.03083387
v -0.06560388 -0.08377866 -0.02842902
v -0.06247948 -0.08754789 -0.02302355
v -0.06315029 -0.08853066 -0.01899729
v -0.07836298 -0.08266167 -0.03679397
v -0.06894771 -0.08563361 -0.04681398
v -0.06773388 -0.08899192 -0.04510234
v -0.08325581 -0.09545374 -0.03664759
v -0.06851526 -0.09753473 -0.02531433
v -0.06545343 -0.09486466 -0.02786898
v -0.06518505 -0.09218472 -0.03957763
v -0.07405335 -0.08940398 -0.00797482
v -0.07714945 -0.09476592 -0.00999195
v -0.06615842 -0.09595840 -0.01790361
v -0.08260047 -0.07381958 -0.01571075
v -0.08041408 -0.05494722 -0.01734360
v -0.07938857 -0.06335033 0.01870096
v -0.07936420 -0.07019064 0.00915217
v -0.07891524 -0.06632385 0.01144106
v -0.07965620 -0.07494418 0.01318034
v -0.08544765 -0.08021142 0.01022364
v -0.08688558 -0.07613840 0.00911726
v -0.08110220 -0.09021822 0.01212686
v -0.07682656 -0.08442214 0.03176809
v -0.07731585 -0.07890375 0.01738912
v -0.08274009 -0.07303149 0.00816239
v -0.08921207 -0.01229466 -0.00021530
v -0.09206309 -0.01028506 -0.00085776
v -0.10262509 -0.01280944 -0.00107185
v -0.09727295 -0.02017843 -0.00216701
v -0.09275015 0.00003500 0.00023298
v -0.09035239 0.03629063 -0.00662484
v -0.09093361 0.03293662 -0.00130598
v -0.09093267 0.05315359 0.00295070
v -0.09321566 0.04457568 0.00279040
v -0.06882358 -0.04467629 0.02629363
v -0.05680219 -0.03665809 0.03156565
v -0.04393702 -0.02745498 0.03246517
v -0.03723072 -0.01927456 0.03245626
v -0.09522113 0.02206613 -0.00352353
v -0.12048472 0.01076371 0.00481906
v -0.12203956 0.00563151 0.00597097
v -0.11647434 0.01238758 0.00231687
v -0.10089898 0.02321650 0.00045294
v -0.08361483 0.00280106 -0.00268335
v -0.08267397 -0.00717083 0.00651534
v -0.08519379 -0.00350332 0.00140424
v -0.08728360 -0.02232168 0.00782280
v -0.08526614 -0.01897740 0.00863488
v -0.08753299 -0.01771557 0.01214041
v -0.08789477 0.01887378 0.00283618
v -0.08811164 0.01005249 0.00641693
v -0.12240127 -0.00113141 0.00428885
v -0.04456239 -0.02197136 -0.02581201
v -0.04142500 -0.01725342 -0.02632569
v -0.03934407 -0.01186617 -0.02492939
v -0.08483402 -0.00536283 -0.01971919
v -0.08316676 -0.00003228 -0.02490039
v -0.09260868 0.00839400 -0.01279525
v -0.09279577 0.01209605 -0.01384251
v -0.08822395 0.01838540 -0.02328977
v -0.08587639 0.01288536 -0.02495302
v -0.11243053 -0.01015314 -0.00327623
v -0.07421065 0.05847395 -0.01006030
v -0.08919297 -0.07714626 0.02022536
v -0.08447522 -0.07980596 0.03142532
v -0.09526642 -0.08259830 0.03881728
v -0.08299842 -0.08081844 0.03915886
v -0.09305631 0.02992494 -0.01335668
v -0.09322285 -0.07735284 0.01986757
v -0.09891736 -0.02959677 -0.00744829
v -0.09937021 -0.01239187 -0.01377413
v -0.09974003 -0.01423856 -0.01150583
v -0.08692509 -0.07130519 0.01566143
v -0.08464706 -0.06911243 0.00866415
v -0.08503619 0.00853484 -0.00491905
v -0.09228873 0.01479374 -0.00841047
v -0.08453725 -0.06638490 0.01275432
v -0.08244444 -0.05788994 0.02119958
v -0.08703921 -0.00086448 0.00042510
v -0.08960946 -0.00743035 -0.00138714
v -0.08445780 0.00594515 -0.00330165
v -0.07762210 -0.06299134 0.01327728
v -0.09101465 -0.06679216 -0.00536392
v -0.09109287 -0.06651554 -0.00522560
v -0.07723001 -0.06848801 -0.02867771
v -0.07190077 -0.06092080 -0.02713798
v -0.07885373 -0.04819163 -0.02939348
v -0.07644154 -0.04849349 -0.02712255
v -0.07589595 -0.04451523 -0.02777090
v -0.06726893 -0.03921135 -0.02484794
v -0.07477741 -0.03851649 -0.02900587
v -0.09286102 -0.00821975 -0.01628415
v -0.08887252 -0.01463787 -0.02106859
v -0.07591275 -0.02353918 -0.03096815
v -0.07106379 -0.01714413 -0.03162776
v -0.07923729 -0.01016581 -0.02528744
v -0.06478528 -0.01804929 -0.03269769
v -0.05448402 -0.02232530 -0.03225660
v -0.06238110 0.00399962 -0.03266554
v -0.05031581 0.00735747 -0.03477388
v -0.05313033 0.01513378 -0.03466140
v -0.04397302 0.01453693 -0.03289033
v -0.05542948 0.03011465 -0.03430339
v -0.06416567 0.02965679 -0.03361892
v -0.05696149 0.02059124 -0.03472446
v -0.05772172 0.01110285 -0.03411164
v -0.08211625 0.01437212 -0.02833806
v -0.07845507 0.01394081 -0.03041350
v -0.09853791 -0.01537870 -0.02045073
v -0.07586513 0.01295581 -0.03180722
v -0.08188403 0.02717381 -0.02900085
v -0.08408636 0.02932487 -0.02707822
v -0.08468471 0.03261666 -0.02632457
v -0.07925153 0.04722105 -0.02293026
v -0.07826512 0.05176525 -0.01953405
v -0.08059976 0.03374502 -0.02834808
v -0.06965151 0.03920369 -0.03079123
v -0.06818509 0.04266890 -0.02961603
v -0.07090450 0.03614202 -0.03174694
v -0.05513521 0.04547539 -0.03067207
v -0.05855717 0.05517887 -0.02234400
v -0.06219073 0.01681210 -0.03413953
v -0.07077389 0.01924044 -0.03213187
v -0.04016632 0.02746376 -0.02837713
v -0.03511488 0.03474024 -0.02686079
v -0.02858443 0.03063725 -0.02421539
v -0.01258404 0.01124681 -0.02019396
v -0.00735129 0.00981658 -0.02056057
v -0.00651259 0.00105102 -0.01902642
v -0.00381014 0.01194152 -0.02155441
v -0.01811986 0.02902129 -0.02250933
v -0.01820579 0.03980901 -0.02242264
v -0.00371399 0.01820599 -0.02402717
v -0.00337466 0.01503751 -0.02342674
v 0.01257780 -0.00088721 -0.02694748
v 0.01858713 0.00435603 -0.03033173
v 0.02937664 -0.00440654 -0.02872130
v 0.03160896 -0.00053967 -0.03029850
v 0.03570291 -0.00490969 -0.02855593
v 0.03240503 0.01881147 -0.02973449
v 0.01936922 0.01521026 -0.03098975
v 0.05852771 -0.03625314 -0.02709160
v 0.05848480 -0.04027082 -0.02700369
v 0.05871700 -0.04466932 -0.01909710
v 0.05859769 -0.04559426 -0.02550191
v 0.06909069 -0.04588642 -0.03895307
v 0.07374471 -0.04532865 -0.03870489
v 0.07459784 -0.03616835 -0.03805375
v 0.06451765 -0.02584182 -0.03811224
v 0.05780426 -0.01124076 -0.03223086
v 0.05879254 0.00145862 -0.03283087
v 0.04922161 0.01124125 -0.02851794
v 0.04072393 0.00889760 -0.03026063
v 0.05265760 0.02153557 -0.02894919
v 0.04819116 0.02146741 -0.02675709
v 0.04703876 0.02661275 -0.02517043
v 0.06422988 -0.00601873 -0.03733066
v 0.06135684 -0.01042440 -0.03611545
v 0.06902497 -0.01354262 -0.03942685
v 0.06618627 -0.00238804 -0.03783260
v 0.06563472 0.01762090 -0.03629217
v 0.06830314 -0.00004684 -0.03888125
v 0.06980149 0.00343526 -0.03866358
v 0.06997614 -0.00692527 -0.03940675
v 0.07000344 0.02202961 -0.03528959
v 0.06634147 0.02109637 -0.03553057
v 0.03620011 0.03756456 -0.02153798
v 0.03320754 0.03323516 -0.02329700
v 0.07399124 0.02387858 -0.03562327
v 0.08246843 0.02960374 -0.03744664
v 0.07477941 0.02693639 -0.03644323
v 0.06885595 0.03572901 -0.03348102
v 0.07479744 -0.01125555 -0.03657982
v 0.08052453 -0.01768737 -0.03200226
v 0.07132810 -0.01881219 -0.03977614
v 0.06386899 -0.02097231 -0.03706788
v -0.05352506 0.06046928 -0.01144122
v -0.06243327 0.06212540 -0.00802226
v -0.04623478 0.06230455 -0.00907311
v -0.04942177 0.05891338 -0.01710014
v -0.05078543 0.04878333 -0.02731906
v -0.03263492 0.04192199 -0.02626903
v -0.02481044 0.04867391 -0.02078909
v -0.01801898 0.05302392 -0.01412331
v -0.02451618 0.05884895 -0.00995283
v -0.01608714 0.04730356 -0.01864581
v -0.00389559 0.05600460 -0.00519525
v -0.02830295 0.04138326 -0.02433003
v -0.00474739 0.02860926 -0.02417042
v -0.00840312 0.03116019 -0.02330206
v -0.00292662 0.02530295 -0.02502650
v 0.00132888 0.02159438 -0.02630113
v 0.00651367 0.03059162 -0.02510806
v 0.01287515 0.03286900 -0.02559638
v 0.01749338 0.03570884 -0.02448257
v 0.01235746 0.03698027 -0.02408623
v 0.01022951 0.04124824 -0.01980828
v 0.01854111 0.03121220 -0.02580890
v 0.01797482 0.04311440 -0.01898256
v -0.00312507 0.04875579 -0.01285459
v 0.00785402 0.04784735 -0.01405732
v -0.02414507 0.00531746 -0.02001004
v -0.01856008 0.00127065 -0.01801687
v 0.08971244 0.02842592 -0.03517239
v 0.09995907 0.03875355 -0.02799298
v 0.09270577 0.03648349 -0.03248410
v 0.07888000 0.04658370 -0.03265508
v 0.07443786 0.05758241 -0.02676787
v 0.05017170 0.04999078 -0.02024365
v 0.05554767 0.05566541 -0.01940413
v 0.05319291 0.04801128 -0.02467877
v 0.05607089 0.05776663 -0.01516159
v 0.05919946 0.05813273 -0.01694078
v 0.06050234 0.05943934 -0.01373997
v 0.06567943 0.06019194 -0.01928027
v 0.07012580 0.06036057 -0.02151267
v 0.06685372 0.06314824 -0.01609909
v 0.04530892 0.04953829 -0.01811051
v 0.02360726 0.04720939 -0.01550961
v 0.01922947 0.04813300 -0.01252097
v 0.00540022 0.05188622 -0.00936163
v 0.01828529 0.05419727 -0.00559654
v 0.00260297 0.05601873 -0.00380429
v 0.08972509 0.03244778 -0.03415384
v 0.09243047 0.03388047 -0.03354870
v 0.09489340 0.04511462 -0.03014651
v 0.07968256 0.05582197 -0.03020809
v 0.08408425 0.05868857 -0.03101728
v 0.07458157 0.07525446 -0.01650298
v 0.08125059 0.06997587 -0.02860476
v 0.07876385 0.07162147 -0.02646669
v 0.07622298 0.07105602 -0.02328691
v 0.08064067 0.07550653 -0.02707164
v 0.08114940 0.07728860 -0.03170254
v 0.08539693 0.08308552 -0.04606260
v 0.08341420 0.08399941 -0.04420810
v 0.09895005 0.07440953 -0.05257101
v 0.08148086 0.08485390 -0.03967556
v 0.07906637 0.08307794 -0.02860634
v 0.07842249 0.08938668 -0.01235221
v 0.07670708 0.10031123 -0.02677336
v 0.07966641 0.09602978 -0.03252401
v 0.09934317 0.08170599 -0.05597079
v 0.10194970 0.07751197 -0.05927728
v 0.08806300 0.09090201 -0.04698088
v 0.09219230 0.09579956 -0.04870316
v 0.10183296 0.09569083 -0.05276731
v 0.09502887 0.10336757 -0.04984553
v 0.07896441 0.10175117 -0.03435292
v 0.08612486 0.11611965 -0.03912830
v 0.05691143 -0.05651671 -0.02416384
v 0.05680509 -0.05717530 -0.01937593
v 0.06654836 -0.05694237 -0.03947753
v 0.05642006 -0.06232174 -0.03020700
v 0.06060662 -0.06611121 -0.03553340
v 0.06778123 -0.07457101 -0.04349919
v 0.06209079 -0.07546280 -0.04087738
v 0.06188799 -0.08584477 -0.04029978
v 0.05657139 -0.07168160 -0.03302189
v 0.06469919 -0.09345680 -0.04856754
v 0.06785484 -0.09367469 -0.05163980
v 0.08085602 -0.08232382 -0.03541094
v 0.08465445 -0.08606581 -0.04097903
v 0.05458556 -0.06832760 -0.02281747
v 0.07847486 -0.08461955 -0.03086858
v 0.07848776 -0.08474796 -0.06040306
v 0.09138762 -0.08958735 -0.05145971
v 0.11339761 0.11483982 -0.04600376
v 0.10520267 0.11367679 -0.05012721
v 0.10263651 0.10766718 -0.05500463
v 0.11027513 0.09302130 -0.05454726
v 0.12654361 0.10583179 -0.04775430
v 0.01863663 -0.00935424 0.02921056
v 0.02194322 -0.01328687 0.02452023
v 0.04887244 -0.01914346 0.01737021
v 0.06517980 -0.03671489 0.02870932
v 0.06351308 -0.02688228 0.02755988
v 0.06366108 -0.02294165 0.02654412
v 0.06513643 -0.01842871 0.02392379
v 0.07734681 -0.03556679 0.03868715
v 0.07611815 -0.02747995 0.03916314
v 0.08901218 -0.03114811 0.03804066
v 0.09332378 -0.02953267 0.03249649
v 0.09474768 -0.03162238 0.02849494
v 0.09341064 -0.02119580 0.03058888
v 0.08485317 -0.02381142 0.04024171
v 0.08831052 -0.02289840 0.03806743
v 0.09056420 -0.01523629 0.03604851
v 0.08595600 -0.01809183 0.04002646
v 0.08033314 -0.01163105 0.04101806
v 0.08019185 -0.04738043 0.03848391
v 0.07652333 -0.04349342 0.03668948
v 0.02115706 0.00407644 0.03926752
v 0.02352771 0.00754262 0.04067091
v 0.02782789 0.00467047 0.03986518
v 0.08096720 -0.06673212 0.03875827
v 0.08253509 -0.05990273 0.03919355
v 0.08543606 -0.04163224 0.03895335
v 0.08981816 -0.04979157 0.03695699
v 0.09385348 -0.05049206 0.03264013
v 0.09512693 -0.05143793 0.02895033
v 0.06882509 -0.04912830 0.02964988
v 0.07540477 -0.07163353 0.03319643
v 0.08474839 -0.07474335 0.04168757
v 0.08320567 -0.06875525 0.04031978
v 0.09647691 -0.06232449 0.02872637
v 0.09528358 -0.05734170 0.03093594
v 0.08921098 -0.09565419 0.04276876
v 0.08493460 -0.08860961 0.03987751
v 0.09609118 -0.07439299 0.03716522
v 0.09279805 -0.08273184 0.04150183
v 0.09669299 -0.08048971 0.03696255
v 0.09204002 -0.09950299 0.04320163
v 0.10393319 -0.08666877 0.03690917
v 0.11123561 -0.08599677 0.04228998
v 0.09781565 -0.09176002 0.05279706
v 0.09820330 -0.08865801 0.04770123
v 0.10025486 -0.08898540 0.05166164
v 0.11429764 -0.09253156 0.04528083
v 0.10550603 -0.09489599 0.05382140
v 0.06535421 -0.01393185 0.03151860
v 0.07265186 -0.01505374 0.03760708
v 0.08226422 -0.00503059 0.04007299
v 0.08828087 -0.00394739 0.03735681
v 0.06342068 -0.00276248 0.03435706
v 0.08373717 0.00612938 0.03850773
v 0.07311440 -0.00044019 0.03879115
v 0.03681596 -0.01448032 0.02591380
v 0.03190855 -0.00505103 0.03573734
v 0.03652101 -0.00243923 0.03688965
v 0.04217700 0.00312577 0.03873559
v 0.04047657 0.01384732 0.04117399
v 0.03832229 0.01552045 0.04054646
v 0.03245528 -0.01060844 0.03097356
v 0.09359463 -0.00877617 0.02390718
v 0.09218193 -0.01200340 -0.00456737
v 0.08934682 -0.01172110 -0.00759166
v 0.09542438 -0.00094835 -0.02294916
v 0.10423100 0.00015530 -0.00121831
v 0.09796565 -0.00109777 0.02218989
v 0.09941417 0.00006869 0.01114694
v 0.09779640 0.00841455 0.03102770
v 0.09136436 -0.00818393 0.03351748
v 0.10599861 0.01764298 0.00843637
v 0.10633859 0.00758108 -0.00766567
v 0.10955839 0.01889246 -0.00516490
v 0.10679852 0.02950913 -0.01194941
v 0.10299689 0.01944985 -0.01511379
v 0.10279378 0.01415543 -0.01635244
v 0.10076718 0.04464626 -0.02796648
v 0.10731129 0.04380815 -0.02014126
v 0.10455769 0.04364615 -0.02428781
v 0.09597999 0.06190849 -0.03102117
v 0.03251177 0.04608465 0.03298082
v 0.03558634 0.04935530 0.03000674
v 0.04043918 0.05055849 0.03042584
v 0.09028663 0.07050043 -0.03384113
v 0.10679586 0.06694771 -0.02976085
v 0.09291138 0.08414042 0.01166592
v 0.05930784 0.05522869 0.02996251
v 0.06938376 0.05159293 0.03324401
v 0.05705171 0.04370099 0.03602763
v 0.05464695 0.04538683 0.03455932
v 0.05449552 0.02641863 0.03594895
v 0.04615134 0.02196347 0.03898741
v 0.05313294 0.01663039 0.03680983
v 0.06904397 0.00737257 0.03846017
v 0.06379969 0.03086347 0.03954782
v 0.08153065 0.06008841 0.02193986
v 0.08315612 0.06377285 0.02058589
v 0.08393352 0.06684659 0.01866356
v 0.09030193 0.07412123 0.01657900
v 0.09481905 0.07109841 0.01579388
v 0.09831518 0.08500523 0.01077025
v 0.10055594 0.07264311 0.01334458
v 0.10386318 0.07435658 0.01148257
v 0.11137468 0.07953709 0.00616359
v 0.10646337 0.06973843 -0.04536165
v 0.10965447 0.07104954 -0.06073422
v 0.11572643 0.07688101 -0.06123994
v 0.10610038 0.10315515 0.00359219
v 0.09876698 0.06337406 0.01568875
v 0.08875894 0.06383912 0.01992815
v 0.09291781 0.05556218 0.02033282
v 0.09915550 0.05379530 0.01760487
v 0.10175351 0.05004067 0.01396872
v 0.10056496 0.05133086 0.01698017
v 0.10366121 0.05795804 0.01214828
v 0.11436994 0.05050068 -0.00573592
v 0.11148345 0.04131410 -0.00443136
v 0.09916598 0.04476381 0.01991045
v 0.10553700 0.02484760 0.01698767
v 0.09003145 0.05385505 0.02406572
v 0.09624779 0.04199972 0.02817476
v 0.09041273 0.04824015 0.02607878
v 0.08445193 0.04605390 0.03393412
v 0.07464778 0.04450988 0.03573579
v 0.06336430 0.01839308 0.03915966
v 0.07038242 0.01882436 0.04079028
v 0.07406950 0.04027907 0.03681901
v 0.08794557 0.03989097 0.03587688
v 0.08556461 0.02658279 0.03841293
v 0.08106589 0.01473591 0.04020711
v 0.09234155 0.01192374 0.03765329
v 0.09933840 0.03806527 0.02672808
v 0.09828088 0.03079391 0.03193565
v 0.10155583 0.03011993 0.02933245
v 0.10103245 0.01806721 0.02790463
v 0.09390855 0.02077962 0.03568333
v 0.09180112 0.01998481 0.03729315
v 0.09298632 0.01780164 0.03663304
v 0.08922683 0.02247781 0.03782148
v 0.11964723 0.10369998 -0.00250394
v 0.12920998 0.11734231 -0.00999291
v 0.13702461 0.11475935 -0.00738771
v 0.13532795 0.11742026 -0.00943940
v 0.13506371 0.11534800 -0.01095563
v 0.12123169 0.08400396 -0.06268138
v 0.12378830 0.07320675 -0.05244797
v 0.12483996 0.09281874 -0.05365491
v 0.12528415 0.08791514 -0.05273085
v 0.12348709 0.09406989 -0.05197809
v 0.12417012 0.09757945 -0.05196235
v 0.12137004 0.07150861 -0.04701342
v 0.12690501 0.07996351 -0.04199623
v 0.12511900 0.08731346 -0.04513204
v 0.11665394 0.06907397 -0.02676152
v 0.11218979 0.06013866 -0.02010256
v 0.10933486 0.05765204 -0.02154195
v 0.11519603 0.06473453 -0.02290571
v 0.11779498 0.06271207 -0.00962315
v 0.11937032 0.06874452 -0.01816099
v 0.13013941 0.07801525 -0.02523160
v 0.12911493 0.07913712 -0.03427056
v 0.13000479 0.10400753 -0.04528341
v 0.13098449 0.10787793 -0.04430448
v 0.13320947 0.11269617 -0.01982749
v 0.13376358 0.10631506 -0.01274112
v 0.13514411 0.10933140 -0.01016060
v 0.13537025 0.10151750 -0.01163420
v 0.12333500 0.09371312 -0.00492455
v 0.13243341 0.09107430 -0.01518628
v 0.13339551 0.08877912 -0.02443112
v 0.13354887 0.10348620 -0.03826411
v 0.13430110 0.10124528 -0.02320904
v 0.04588996 0.03228807 0.03756173
v 0.03581524 0.03916777 0.03649893
v 0.02171526 0.03712790 0.03756407
v -0.10181858 0.01299769 0.01761398
v -0.07185202 0.06353152 0.00605216
v -0.09216540 0.05717923 0.01286577
v -0.08580056 0.05518659 0.02367809
v -0.10439254 0.04051929 0.01875854
v -0.09042860 0.01572342 0.02922008
v -0.08675525 0.02835761 0.03823800
v -0.08795952 0.04850665 0.02501441
v -0.08604643 0.04487967 0.03510789
v -0.08018772 0.03534434 0.04300238
v -0.07486083 0.05563103 0.03319969
v -0.06500346 0.06512209 0.00584286
v -0.07964842 0.04527213 0.04036495
v -0.06603613 0.05052051 0.04039285
v -0.04912402 0.05618139 0.03658915
v -0.05031055 0.06108228 0.02760833
v -0.05400197 0.06179893 0.02564130
v -0.05449088 0.06487994 0.01701533
v -0.04214878 0.06391934 0.01484706
v -0.03556964 0.06361144 0.01048501
v -0.03496930 0.06233568 0.02289384
v -0.03405033 0.06297219 0.00086421
v -0.02543288 0.06159766 0.00034084
v -0.02727326 0.06250809 0.00823247
v -0.02487062 0.05826336 0.02332070
v -0.01852203 0.05719375 0.02265916
v -0.01567953 0.04590591 0.03501951
v -0.01349997 0.05078948 0.02865879
v -0.00603750 0.04676963 0.03055111
v 0.00043356 0.05301462 0.02354121
v 0.00165296 0.05561938 0.01991939
v -0.02043472 0.06145915 0.00059828
v -0.01911103 0.06008534 -0.00463944
v -0.00573771 0.05830546 0.00154354
v 0.05432206 0.06155421 -0.00220351
v 0.02553033 0.05996925 0.00575708
v 0.05797021 0.06608097 0.00364549
v 0.04361628 0.06240811 0.00920077
v 0.03932697 0.06091459 0.01146149
v 0.03302191 0.06013083 0.01181997
v 0.02452446 0.05780198 0.01213130
v 0.01943499 0.05640475 0.01553454
v 0.01752605 0.05650949 0.00044900
v 0.01537510 0.05787420 0.00464483
v 0.03065003 0.04970590 0.02783214
v 0.02471560 0.05339527 0.02193287
v 0.00834999 0.05620088 0.01589795
v 0.00477396 0.05643027 0.01420205
v 0.00202769 0.05747109 0.00866647
v -0.00719629 0.05815576 0.00834399
v 0.06831089 0.06140004 0.02082207
v 0.06351829 0.05994215 0.02318960
v 0.07444226 0.05943386 0.02475535
v 0.04044186 0.05674121 0.02193035
v 0.00220651 0.04958961 0.02766419
v 0.07047845 0.06700513 0.01571319
v 0.07417876 0.07912421 -0.00163720
v 0.07983290 0.09055894 0.00409154
v 0.08100400 0.08755931 0.00664516
v 0.08157685 0.08083981 0.01185247
v 0.05297727 0.05822282 0.02573853
v 0.08099726 0.09792450 -0.00991232
v 0.08268919 0.10436571 -0.00625665
v 0.08113408 0.10519516 -0.01081478
v 0.08031348 0.10312077 -0.01291990
v 0.08686078 0.11105322 -0.00710094
v 0.09538740 0.11657520 -0.00617044
v 0.09468559 0.11954171 -0.01194137
v 0.08548483 0.11580901 -0.01640464
v 0.07763041 0.10755258 -0.02286592
v 0.07920938 0.10694444 -0.01896559
v 0.07931614 0.10347457 -0.01773527
v 0.07485829 0.10323639 -0.02512081
v 0.06918173 0.11427060 -0.03037293
v 0.06965178 0.11258154 -0.02796782
v 0.09342816 0.12101814 -0.01774989
v 0.10015865 0.12133068 -0.03093377
v 0.09997018 0.12164583 -0.01446513
v 0.11868946 0.11446427 -0.00777555
v 0.12338626 0.11959788 -0.03014850
v 0.12286227 0.11921621 -0.02154373
v 0.11167782 0.11846010 -0.03988776
v -0.03578813 0.00238074 -0.00914813
v -0.05722868 0.00883324 0.00473247
v -0.05731207 0.00781131 0.00224567
v -0.06135502 0.00907695 0.00702298
v -0.07578703 0.01119096 0.01118645
v -0.03160589 0.00194788 -0.01229158
v 0.01818149 -0.01434436 -0.01543073
v -0.03467886 -0.01517955 0.03292700
v -0.03196647 -0.00068694 0.02216089
v -0.01706434 -0.00399867 0.02234758
v -0.02530616 -0.00247072 0.00866978
v -0.00558206 -0.00892940 0.02366390
v 0.00317219 -0.00611139 0.02836936
v -0.01808820 -0.00304148 -0.00806372
v -0.00843250 -0.00922329 -0.00332576
v 0.02943248 -0.02009687 -0.00778848
v 0.05292347 -0.01332241 -0.01869296
v 0.05207057 -0.01218743 -0.02291060
v 0.04044195 -0.01960760 -0.01013801
v 0.05425511 -0.01677841 -0.01315073
v 0.03605896 -0.02179695 -0.00500328
v 0.05341344 -0.02214011 -0.00131974
v 0.05837095 -0.01708136 -0.02068528
v 0.02672822 -0.02051626 -0.00276867
v 0.02617529 -0.02056221 0.00797936
v 0.01040899 -0.01574883 0.01568146
v -0.03610041 -0.00022743 0.01819182
v -0.03765913 0.00351966 0.00882214
v -0.02049188 -0.00009883 -0.01678473
v -0.02346553 0.00016985 -0.01491531
v -0.12211981 -0.05021579 -0.00251427
v -0.12185076 -0.05565528 -0.00186555
v -0.11642071 -0.05221288 0.00090093
v -0.11337766 -0.07072800 -0.01438597
v -0.09727515 -0.07477462 -0.01519829
v -0.10391033 -0.07126217 -0.01349816
v -0.09954319 -0.06488014 -0.01283965
v -0.11749156 -0.07340078 -0.01148932
v -0.10693040 -0.06217526 -0.00822175
v -0.10885078 -0.02992540 0.00652079
v -0.10346856 -0.02997868 0.00757646
v -0.10175505 -0.04009335 0.00612273
v -0.10069204 -0.03431205 0.00610931
v -0.09493475 -0.03098310 0.00511262
v -0.10378917 -0.05100185 -0.00291339
v -0.10705499 -0.05146027 0.00280869
v -0.11255379 -0.05464915 0.00131207
v -0.12149525 -0.06065344 -0.00190132
v -0.13004801 -0.07050153 -0.00373307
v -0.13884433 -0.08435995 -0.00903871
v -0.14280473 -0.08357540 -0.00691901
v -0.15264294 -0.09145030 -0.01394329
v -0.10072447 -0.04582902 -0.00278742
v -0.09655497 -0.04091569 -0.00480903
v -0.10085593 -0.04394930 0.00044888
v -0.09322438 -0.02264839 0.01477328
v -0.10717631 -0.02422475 0.00695495
v -0.11113385 -0.02646352 0.00718227
v -0.11158269 -0.01964802 0.00846496
v -0.10051516 -0.02773919 0.01647892
v -0.10288180 -0.02391122 0.01312520
v -0.11651395 -0.00095941 0.01295288
v -0.10092495 -0.01853934 0.01753041
v -0.11150108 0.01611114 0.01584821
v -0.09935512 0.00121757 0.01414574
v -0.10162871 -0.00407463 0.01309463
v -0.10381713 0.01094439 0.01471031
v -0.09742538 0.00056185 0.01633433
v -0.09916778 0.00584473 0.01823010
v -0.09595324 0.00473695 0.02159092
v -0.09145568 -0.00091348 0.02318720
v -0.10203114 -0.00014963 0.02022121
v -0.10768791 0.03059907 0.01854431
v -0.10456578 0.03680271 0.01907731
v -0.09505034 0.04076270 0.02102104
v -0.15090054 -0.08220683 -0.00555648
v 0.06158507 -0.01915519 -0.01215899
v 0.06298387 -0.02108280 -0.00975445
v 0.05750147 -0.02175922 0.00442921
v 0.08224234 -0.00988651 -0.01629500
v 0.08318657 -0.01320027 -0.02104308
v 0.07629678 -0.01938570 -0.01758417
v 0.08244780 -0.01961851 -0.02585341
v 0.06857079 -0.03774167 -0.01658422
v 0.06488398 -0.04560308 -0.01745686
v 0.05957970 -0.04406488 -0.01712281
v 0.08482490 -0.00964676 -0.02833223
v 0.08137035 -0.02941380 -0.02982946
v 0.07251249 -0.04086656 -0.02085610
v 0.07047153 -0.04669020 -0.01989424
v 0.08146092 -0.02766003 -0.03149003
v 0.09027620 -0.00733266 -0.01092050
v 0.08723621 -0.00665193 -0.01692230
v 0.07949157 -0.07014252 -0.03420146
v 0.08163105 -0.07649271 -0.03624231
v 0.08121406 -0.07900126 -0.03619158
v 0.07654392 -0.07017414 -0.03153599
v 0.07891309 -0.05760504 -0.03245643
v 0.07571668 -0.06212850 -0.03954491
v 0.07680476 -0.05177111 -0.02840704
v 0.07132103 -0.09530034 -0.05517294
v 0.05779381 -0.05596671 -0.01887701
v 0.06504954 -0.07046104 -0.01988101
v 0.06837071 -0.04861236 -0.01898788
v 0.07844060 -0.08148877 -0.03419633
v 0.07737884 -0.09502914 -0.05990171
v 0.08488559 -0.09620846 -0.05518962
v 0.08808587 -0.09451338 -0.05440075
v 0.09114417 -0.09527576 -0.04774942
v 0.08074062 -0.10183800 -0.03223593
v 0.08550020 -0.10107666 -0.03359111
v 0.08540232 -0.10143331 -0.03038927
v 0.09300111 -0.09172134 -0.04095969
v 0.09100761 -0.09687673 -0.02847886
v 0.08912817 -0.10050213 -0.03206021
v 0.06911168 -0.10138876 -0.03147817
v 0.06573185 -0.10000021 -0.03162684
v 0.06357773 -0.09428411 -0.02873245
v 0.07080074 -0.07505699 -0.02123366
v 0.07284082 -0.05799246 -0.02426490
v 0.07584135 -0.08290852 -0.02870920
v -0.05229611 0.03652438 0.04718162
v -0.04485798 0.03418485 0.04648983
v -0.04339387 0.04605417 0.04446069
v -0.05605772 0.04326479 0.04528205
v -0.02812880 0.02820241 0.04095786
v -0.02726714 0.01620906 0.03781551
v -0.02330678 0.01552427 0.03571602
v -0.03415737 0.00994773 0.04212282
v -0.02677104 0.00019816 0.03224829
v -0.00562282 0.00555547 0.03188056
v -0.00875808 0.01120652 0.03333638
v 0.00326210 0.00548015 0.03493563
v -0.00082043 0.00529390 0.03322757
v -0.03441131 0.02531892 0.04382448
v 0.01224547 0.00663256 0.03947345
v 0.01746128 0.00065803 0.03749213
v 0.01270496 0.01043485 0.04046879
v 0.00254671 0.01429959 0.03733086
v -0.01592121 0.03195043 0.03805733
v -0.02123759 0.03136342 0.03906517
v -0.02505511 0.03452042 0.04060663
v -0.01819764 0.04264075 0.03658918
v -0.02363494 0.02628921 0.03926991
v -0.01062244 0.03260219 0.03771309
v -0.00518013 0.03719585 0.03593696
v 0.00887106 0.03776002 0.03626269
v 0.01896053 0.01854047 0.04090141
v 0.01133281 0.01566592 0.04005341
v 0.01398133 0.01530601 0.04097107
v 0.02239350 0.01824837 0.04091770
v 0.02767861 0.04442819 0.03377930
v 0.00925024 0.04409574 0.03173689
v 0.01352303 0.04597256 0.02984361
v 0.01503213 0.04428992 0.03263870
v 0.02642145 0.01637742 0.04221520
v 0.06379755 -0.02447267 0.02307354
v 0.06565101 -0.03186131 0.02327365
v 0.06201589 -0.02637857 0.02465954
v 0.07007666 -0.04714972 0.02470320
v 0.08095551 -0.01301349 0.00832031
v 0.08019422 -0.01327518 0.00555027
v 0.08349883 -0.00993637 0.00942293
v 0.08839759 -0.00881249 0.01258638
v 0.08295216 -0.01701500 0.01293420
v 0.08895994 -0.00494402 0.00891094
v 0.07464255 -0.06286268 0.02528396
v 0.07337955 -0.06813014 0.02930215
v 0.08408797 -0.03701659 0.01833611
v 0.08493822 -0.04620205 0.01882483
v 0.07881226 -0.05951502 0.02174887
v 0.09497495 -0.06760128 0.02366024
v 0.09170079 -0.06793632 0.02105069
v 0.08754621 -0.06829067 0.01823498
v 0.08284891 -0.07525617 0.01779980
v 0.09064044 -0.08106539 0.01707957
v 0.09577316 -0.08391412 0.01880221
v 0.09941076 -0.07440586 0.02455406
v 0.09947164 -0.08122353 0.02239779
v 0.10135280 -0.08827779 0.01722299
v 0.09781964 -0.09383982 0.01610257
v 0.11142045 -0.08762284 0.02421653
v 0.10861772 -0.09266873 0.01379804
v 0.11100969 -0.09744367 0.01565854
v 0.11439172 -0.09319003 0.01912019
v 0.09312107 -0.01443571 0.02184679
v 0.09639210 -0.00322221 0.00781934
v -0.07839176 0.00869926 0.01688584
v -0.08775979 0.02001883 0.01137430
v -0.08876362 0.01714798 0.01143301
v -0.08497626 0.01980941 0.01387716
v -0.08672678 0.00218661 0.01611614
v -0.08069086 0.00397645 0.01855980
v -0.08370581 -0.01547991 0.01622024
v -0.08410191 -0.02111916 0.01768907
v -0.10655872 -0.03431746 0.01990769
v -0.06431439 -0.01809739 0.01575496
v -0.07522064 -0.05094742 0.02523823
v -0.06276108 -0.04089804 0.02542182
v -0.07116479 -0.03482491 0.01906966
v -0.07545452 -0.04504095 0.02400528
v -0.08441138 -0.05368123 0.02339199
v -0.09731165 -0.06778014 0.01977626
v -0.09211824 -0.06691454 0.02326319
v -0.08131933 -0.02941103 0.01660852
v -0.04571699 -0.02542259 0.02650963
v -0.05274295 -0.01229808 0.01755990
v -0.07508961 -0.05284378 -0.01992805
v -0.06880023 -0.04460441 -0.02082309
v -0.08009560 -0.02927765 -0.01188292
v -0.08283893 -0.02284402 -0.01105106
v -0.08613518 -0.01528632 -0.01125702
v -0.07906079 -0.01101061 -0.00942307
v -0.09166686 -0.02351772 -0.00839490
v -0.08959901 -0.01911910 -0.01031273
v -0.07578665 0.00950229 0.00730093
v -0.09469092 -0.03291743 -0.00569768
v -0.09492812 -0.02664638 -0.00731451
v -0.09917761 -0.04734183 -0.00712895
v -0.09303247 -0.03647694 -0.00933012
v -0.09101970 -0.03048267 -0.00914057
v -0.09423575 -0.02018957 -0.00570783
v -0.05300684 -0.02517613 -0.01814901
v -0.04330406 -0.00397602 -0.01424536
v -0.04252592 -0.01565918 -0.02234755
v -0.08063998 0.01257541 0.00413886
v -0.05530499 0.00601964 -0.00051998
v -0.04698938 0.00332576 -0.00535154
v -0.06090035 0.00853242 0.00433751
v -0.06696697 0.00693707 0.00571200
v -0.08065249 0.01234688 0.04104970
v -0.08154598 0.01798373 0.04172448
v -0.07843770 0.02362043 0.04435344
v -0.07954486 0.02065616 0.04356897
v -0.07601861 0.01743091 0.04375610
v -0.07238702 0.00979679 0.04392347
v -0.08156276 -0.00915908 0.03516782
v -0.06960024 -0.01407866 0.03979515
v -0.07233506 0.00260959 0.04266534
v -0.06821578 -0.00249573 0.04159840
v -0.06144454 -0.01130159 0.04180094
v -0.05080787 -0.00125842 0.04604019
v -0.05783149 -0.00918610 0.04320241
v -0.06821913 0.00265961 0.04306125
v -0.05309756 0.00654428 0.04606630
v -0.04690136 0.00321643 0.04676940
v -0.05796755 0.00918201 0.04450815
v -0.05226702 0.01467781 0.04672347
v -0.04725517 0.01598673 0.04711564
v -0.05195094 0.02244778 0.04693543
v -0.06516169 0.01364847 0.04514346
v -0.06598828 0.01843638 0.04574079
v -0.06073112 0.01606493 0.04559148
v -0.06610286 0.02488504 0.04668421
v -0.06295238 0.03970377 0.04627596
v -0.07145375 0.02663032 0.04649778
v -0.07211128 0.03050966 0.04593928
v -0.07289238 0.04303783 0.04464206
v -0.04080169 0.01093465 0.04608632
v -0.03253300 -0.00087372 0.03759286
v -0.11312892 -0.04095136 0.02691905
v -0.10810972 -0.03853285 0.03520376
v -0.11225095 -0.04567058 0.02346385
v -0.10861504 -0.05955365 0.03306160
v -0.11146106 -0.05868429 0.02168931
v -0.11439025 -0.07063606 0.02483621
v -0.11241060 -0.05670556 0.02878938
v -0.11120955 -0.06375063 0.03110847
v -0.08389401 -0.09795452 0.01977905
v -0.09941746 -0.09673735 0.03937533
v -0.10996240 -0.08834673 0.02416279
v -0.08608112 -0.09097308 0.04896842
v -0.11336321 -0.04807194 0.02654438
v -0.10960404 -0.02780457 0.02700479
v -0.10708953 -0.04628795 0.03498417
v -0.09532557 -0.05661052 0.03406272
v -0.09845070 -0.06242901 0.03540631
v -0.08191235 -0.05338622 0.02931103
v -0.08432160 -0.05073818 0.02946141
v -0.08810209 -0.03987433 0.03730006
v -0.09517328 -0.04001068 0.03788444
v -0.07959991 -0.06268607 0.02706630
v -0.09432460 -0.07163821 0.03338888
v -0.08953459 -0.07461336 0.02864740
v -0.10860158 -0.07487370 0.03580803
v -0.10083413 -0.02643451 0.03317480
v -0.09390315 -0.03478009 0.03797132
v -0.08770946 -0.03414493 0.03814396
v -0.08517731 -0.02961729 0.03786747
v -0.07479726 -0.02513430 0.03921199
v -0.09220368 -0.05504615 -0.03083637
v -0.11939809 -0.02489289 -0.00115956
v -0.10438993 -0.03426655 -0.00961520
v -0.10682381 -0.04116527 -0.01252032
v -0.10707521 -0.05588192 -0.01735252
v -0.10808305 -0.05143588 -0.01938956
v -0.11132951 -0.05563080 -0.01580341
v -0.10828745 -0.04805825 -0.02043569
v -0.10720209 -0.04396239 -0.01896800
v -0.10479645 -0.03508124 -0.01935417
v -0.10483363 -0.02553301 -0.01634374
v -0.10497843 -0.04198495 -0.02178168
v -0.10655421 -0.04809482 -0.02290774
v -0.10027162 -0.03912954 -0.02345074
v -0.09678020 -0.07586701 -0.02707148
v -0.09463659 -0.08408596 -0.02510324
v -0.09792092 -0.06354468 -0.02625006
v -0.09571278 -0.03102932 -0.02688555
v -0.12185644 -0.01567684 0.00479878
v -0.09338363 -0.08368351 -0.02950849
v -0.11992628 -0.03618702 -0.00035282
v -0.12000979 -0.04447099 -0.00649142
v -0.11534764 -0.04740993 -0.01147947
v -0.11791730 -0.06198049 -0.01768606
v -0.12642211 -0.05396004 -0.00573983
v -0.13455354 -0.06050283 -0.00743318
v -0.13949700 -0.06230159 -0.00889751
v -0.13010222 -0.06444836 -0.01557015
v -0.12717746 -0.07376980 -0.01921699
v -0.15218638 -0.08809016 -0.01967782
v -0.16085359 -0.08279152 -0.01660512
v -0.15595689 -0.08969512 -0.01761384
v -0.15593469 -0.08218046 -0.00683627
v -0.15121415 -0.06977627 -0.01335163
v -0.12979475 -0.05997101 -0.01182042
v -0.12566201 -0.05309743 -0.00837586
v 0.08306578 -0.09087727 0.02753614
v 0.08514293 -0.09765121 0.02937861
v 0.10296138 -0.09963354 0.01769425
v 0.11476605 -0.09715981 0.02483289
v 0.10885572 -0.10055376 0.03125343
v 0.09939088 -0.10128263 0.03651468
v 0.09037074 -0.10120630 0.02587197
v 0.09542671 -0.10172383 0.03908366
v 0.11340012 -0.09726676 0.04457575
v 0.11042898 -0.09964708 0.04295249
v 0.09979029 -0.09754154 0.05379581
v -0.08118098 -0.07765540 -0.03276974
v -0.06911615 -0.08301186 -0.03082551
v -0.06373644 -0.08477320 -0.02644753
v -0.07066597 -0.07995435 -0.02318124
v -0.06780361 -0.08399783 -0.03990602
v -0.06448916 -0.08727491 -0.03895446
v -0.07077353 -0.08660726 -0.04886199
v -0.07595884 -0.09464894 -0.04479370
v -0.06517550 -0.08790335 -0.01547389
v -0.06761963 -0.09435580 -0.04015467
v -0.06523818 -0.09434539 -0.03162564
v -0.06629489 -0.09463482 -0.03614161
v -0.08256100 -0.09154237 -0.01152285
v -0.08129075 -0.09552038 -0.01225031
v -0.07069221 -0.09755658 -0.01371198
v -0.08723090 -0.09493289 -0.01617496
v -0.08782776 -0.07869873 -0.01225549
v -0.07861798 -0.07804100 -0.01708139
v -0.08203590 -0.06421914 -0.01713402
v -0.08549829 -0.05406783 -0.01406057
v -0.07326124 -0.06615447 -0.02244664
v -0.09828063 -0.05189786 -0.00910906
v -0.08320571 -0.09426636 0.01254566
v -0.08436885 -0.08702651 0.01027937
v -0.07949421 -0.09667803 0.02415145
v -0.07699757 -0.09102244 0.02277070
v -0.07711697 -0.07795028 0.02081735
v -0.09212659 -0.01486268 -0.00107502
v -0.10209545 -0.02069110 -0.00364234
v -0.09287078 -0.03351015 -0.00243614
v -0.09610000 -0.02943875 -0.00468884
v -0.10571166 -0.02621912 -0.00697689
v -0.09601992 -0.00643278 0.00117055
v -0.10607936 -0.00916061 -0.00133195
v -0.09775081 0.02744993 -0.00466474
v -0.07985963 0.05872937 0.00061900
v -0.08473331 0.05335544 -0.00068754
v -0.08342729 0.05363706 -0.00465721
v -0.08591928 0.04944975 -0.00693462
v -0.10425317 0.04823012 0.01060842
v -0.05852039 -0.03857544 0.02701829
v -0.04892528 -0.03156054 0.03066110
v -0.05346107 -0.03219875 0.03599386
v -0.11995053 0.01849734 0.00638112
v -0.10030984 0.02606754 -0.00194344
v -0.11984626 0.02562268 0.00902091
v -0.10966998 0.03350954 0.00489327
v -0.07806095 0.00002000 -0.00025511
v -0.08229342 -0.00666356 0.00384127
v -0.08449391 -0.01835198 0.00577474
v -0.08878618 0.01493748 0.00155369
v -0.08818094 0.02177343 0.00426968
v -0.08672817 0.00581334 0.00607296
v -0.12286576 -0.00433366 0.00612063
v -0.12009250 0.00918565 0.01324961
v -0.12095682 0.02390886 0.01168701
v -0.11471931 0.03678357 0.01405961
v -0.11606481 0.03483911 0.01175936
v -0.12232599 -0.00737464 0.00374280
v -0.07327870 -0.07326343 -0.02210003
v -0.07316440 -0.06493239 -0.02594126
v -0.07035096 -0.05516139 -0.02553879
v -0.06073642 -0.03693491 -0.02155677
v -0.06193504 -0.03714731 -0.02305787
v -0.04869024 -0.02606852 -0.02411375
v -0.04700579 -0.02396345 -0.02242290
v -0.04480588 -0.02166909 -0.02343709
v -0.09098680 0.00308174 -0.01602915
v -0.08913621 0.01091696 -0.01974216
v -0.10823452 -0.01692927 -0.00488208
v -0.11599845 -0.01857068 -0.00315049
v -0.11586183 -0.00533651 -0.00123426
v -0.11150269 0.00083318 -0.00084728
v -0.07783577 0.05982071 -0.00435153
v -0.07800834 0.05790462 -0.00809732
v -0.08306599 0.05290016 -0.01230670
v -0.08560044 0.05068430 -0.01129729
v -0.09005218 0.04034416 -0.01223095
v -0.09241015 -0.08120946 0.03405336
v -0.08914585 -0.08223117 0.03779829
v -0.07817302 -0.08395386 0.03976092
v -0.08870716 -0.08205069 0.04129174
v -0.08119366 -0.08290284 0.04186682
v -0.09133115 0.02310198 -0.01795834
v -0.08837521 0.02954754 -0.02207316
v -0.09149171 0.03687409 -0.01223544
v -0.09281375 -0.08008540 0.01633661
v -0.08975867 -0.07887606 0.01217382
v -0.10287263 -0.08276379 0.01623164
v -0.09780752 -0.02599252 -0.00846183
v -0.09626958 -0.02264253 -0.00718826
v -0.10152841 -0.02728548 -0.01144593
v -0.09757267 -0.01102823 -0.01028929
v -0.08658198 -0.07553086 0.01540570
v -0.09282363 0.01737066 -0.00807375
v -0.08730282 -0.06767312 0.01433819
v -0.08459148 -0.06092232 0.02087728
v -0.09258570 0.01248018 0.00156789
v -0.08517737 -0.01035944 0.00445538
v -0.08565730 0.00240898 0.00337105
v -0.09442465 -0.00806318 -0.01351639
v -0.09103414 -0.06630125 -0.00522262
v -0.07467848 -0.07156707 -0.02684641
v -0.07589927 -0.06134879 -0.02833136
v -0.08352862 -0.04005334 -0.03219201
v -0.07951310 -0.05545142 -0.02945216
v -0.07151648 -0.04876056 -0.02538966
v -0.07890404 -0.04067294 -0.03071795
v -0.07940245 -0.03460908 -0.03142076
v -0.07710971 -0.02927664 -0.03145522
v -0.08347294 -0.03060119 -0.03191217
v -0.08189426 -0.02636253 -0.03009649
v -0.07320087 -0.02604751 -0.03081664
v -0.08665109 -0.03583119 -0.03250500
v -0.09015366 -0.03870239 -0.03201037
v -0.07959117 -0.02016863 -0.02838300
v -0.07478497 -0.01815862 -0.03041374
v -0.08509100 -0.02305616 -0.02765583
v -0.09098147 -0.01831277 -0.02313701
v -0.08617730 -0.01902447 -0.02471394
v -0.07412168 -0.01357358 -0.02941570
v -0.07902850 -0.01488148 -0.02677468
v -0.07071754 -0.01242348 -0.03108139
v -0.06760848 -0.02129569 -0.03275072
v -0.05902075 -0.01278384 -0.03297497
v -0.06643482 -0.00745372 -0.03188943
v -0.05378687 -0.00673893 -0.03435876
v -0.05620313 -0.01891840 -0.03338139
v -0.06723736 -0.03254461 -0.02917332
v -0.05028364 -0.01632267 -0.03308783
v -0.04444232 -0.01192702 -0.03151239
v -0.04923653 -0.00606875 -0.03443142
v -0.06522532 -0.00204710 -0.03172535
v -0.07806282 -0.00458133 -0.02764213
v -0.08065947 -0.00648261 -0.02479958
v -0.07485694 -0.00317254 -0.02986087
v -0.08026774 0.00324570 -0.02778320
v -0.05363670 0.00463601 -0.03368913
v -0.05384449 0.00775414 -0.03445879
v -0.04734887 0.00696731 -0.03450572
v -0.04663527 -0.00867534 -0.03367966
v -0.03740360 0.00409208 -0.02693494
v -0.04785340 0.02032452 -0.03284157
v -0.06681706 0.01513471 -0.03216190
v -0.07114243 0.00646887 -0.03177681
v -0.07470643 0.00894786 -0.03086290
v -0.09623890 -0.01581054 -0.02189371
v -0.09571795 -0.01179987 -0.02018426
v -0.08143524 0.03056594 -0.02817285
v -0.08066452 0.04288009 -0.02575938
v -0.08265423 0.04861412 -0.01812515
v -0.07514329 0.04880586 -0.02583359
v -0.07664555 0.03917054 -0.02878315
v -0.07127792 0.05065514 -0.02458057
v -0.06795678 0.05421708 -0.02121038
v -0.06338419 0.05335984 -0.02352077
v -0.06601547 0.05901437 -0.01474164
v -0.06627302 0.06135593 -0.01033034
v -0.06336164 0.02553344 -0.03422964
v -0.06659847 0.03174308 -0.03282002
v -0.06575471 0.03604179 -0.03280625
v -0.04482122 0.02920427 -0.03058316
v -0.04523709 0.02363915 -0.03105990
v -0.03643877 0.02710591 -0.02576151
v -0.03588638 0.03823067 -0.02739049
v -0.02719417 0.02299956 -0.02399473
v -0.02630240 0.01550761 -0.02207861
v -0.02300295 0.01554885 -0.02152123
v -0.01622408 0.01685238 -0.02161723
v -0.02829337 0.01068014 -0.02226412
v -0.01249203 0.00347347 -0.01904456
v 0.00840953 -0.00468527 -0.02234780
v -0.00036808 0.00050050 -0.02065649
v 0.00013323 0.01194154 -0.02461010
v -0.00736801 0.01462269 -0.02161717
v 0.00431748 0.00550324 -0.02531619
v 0.01930631 0.00823661 -0.03077783
v 0.02594999 -0.00069311 -0.02963009
v 0.03100575 0.01002905 -0.03144133
v 0.02548169 0.01556804 -0.03123780
v 0.02303803 0.00633441 -0.03111489
v 0.04112617 -0.00818823 -0.02647657
v 0.05842753 -0.03203133 -0.02576899
v 0.05872312 -0.04118032 -0.02489944
v 0.05909316 -0.04177332 -0.01986970
v 0.06038357 -0.03927821 -0.03007060
v 0.06387467 -0.03635084 -0.03436418
v 0.06290386 -0.03009020 -0.03451387
v 0.06280737 -0.04384267 -0.03367391
v 0.07115842 -0.04891245 -0.03936982
v 0.05728358 -0.01961347 -0.02773866
v 0.07453675 -0.02938439 -0.03762180
v 0.06805323 -0.02164570 -0.03933932
v 0.05874976 -0.02346749 -0.02900787
v 0.05621856 -0.01458394 -0.02961242
v 0.04692904 0.00798582 -0.02874977
v 0.04412127 0.00403102 -0.02937819
v 0.05926507 0.01063818 -0.03356925
v 0.03110450 0.02527835 -0.02728626
v 0.04270805 0.03181218 -0.02295110
v 0.03946677 0.03048713 -0.02408274
v 0.04418378 0.03475184 -0.02132726
v 0.05787506 0.02734024 -0.03151482
v 0.06284746 0.00062984 -0.03553455
v 0.07253285 0.00132642 -0.03954810
v 0.04790425 0.03686064 -0.02151368
v 0.05251133 0.03665955 -0.02341105
v 0.06723545 0.02602261 -0.03465355
v 0.07120153 0.02977335 -0.03484822
v 0.07843812 0.02542375 -0.03754938
v 0.06630722 0.03077361 -0.03395148
v 0.07261417 0.03815329 -0.03444231
v 0.08604960 0.02121901 -0.03846060
v 0.08270493 0.01592127 -0.03849227
v 0.07454069 0.01065271 -0.03843079
v 0.07795291 0.00611947 -0.03902050
v 0.08934069 0.00514699 -0.03508293
v 0.07623748 -0.00784543 -0.03631549
v 0.07300337 -0.02229048 -0.03872237
v 0.06472391 -0.01620195 -0.03743662
v 0.06764640 -0.01785238 -0.03944533
v 0.06587648 -0.01376281 -0.03907455
v -0.04993759 0.06197494 -0.00860904
v -0.04413510 0.06065167 -0.01063123
v -0.04893427 0.05236956 -0.02392771
v -0.03366742 0.05990392 -0.01077221
v -0.02917317 0.05609360 -0.01575837
v -0.05172522 0.03921054 -0.03148771
v -0.04134601 0.04997319 -0.02529684
v -0.04935797 0.03675158 -0.03175979
v -0.04551947 0.03562343 -0.03080915
v -0.04325561 0.04648668 -0.02786399
v -0.03670610 0.04356813 -0.02735618
v -0.03624785 0.05342842 -0.02117460
v -0.03645872 0.04991716 -0.02367978
v -0.03021490 0.05225631 -0.01989425
v -0.02952022 0.04491885 -0.02365708
v -0.02505213 0.05416933 -0.01628853
v -0.02088142 0.05626154 -0.01302283
v -0.01774636 0.05036677 -0.01791977
v -0.01085129 0.05604060 -0.00671748
v -0.02546963 0.03354645 -0.02465145
v -0.02041267 0.03224142 -0.02364429
v -0.01108925 0.04118497 -0.02028374
v -0.01016367 0.02523449 -0.02275200
v -0.00651384 0.02652141 -0.02423295
v 0.00093496 0.02975932 -0.02477733
v 0.00622120 0.01908751 -0.02838797
v 0.00481502 0.04057750 -0.02067576
v 0.01123467 0.02888536 -0.02694862
v 0.00989425 0.03592492 -0.02457943
v 0.01505752 0.03850519 -0.02186815
v 0.00614796 0.01422023 -0.02902330
v 0.02142118 0.01005427 -0.03125497
v 0.01092630 0.01595660 -0.03008749
v 0.00984078 0.02114302 -0.02919594
v 0.01326409 0.02610647 -0.02830653
v 0.07620692 0.03928336 -0.03481603
v 0.08107263 0.03486228 -0.03598757
v 0.09285706 0.02506806 -0.03414284
v 0.06220779 0.03433517 -0.03207001
v 0.06635223 0.05161171 -0.02693672
v 0.07095921 0.05075129 -0.02887906
v 0.06915897 0.05734937 -0.02381897
v 0.05758065 0.05071195 -0.02575623
v 0.05805548 0.04730072 -0.02651613
v 0.05219688 0.04873570 -0.02204993
v 0.05876207 0.05734903 -0.02080911
v 0.04926293 0.04527029 -0.02211301
v 0.05274744 0.05726593 -0.01164760
v 0.06181222 0.05902794 -0.01843973
v 0.07423076 0.06346959 -0.02492412
v 0.05109696 0.05607042 -0.01526766
v 0.06966165 0.06594755 -0.01356655
v 0.04388937 0.05326987 -0.01335535
v 0.04213084 0.05876265 -0.00084604
v 0.04770982 0.04224680 -0.02253412
v 0.03987814 0.04627748 -0.01886217
v 0.03619903 0.04028235 -0.01950926
v 0.02504085 0.05521295 -0.00557802
v 0.02389723 0.04386918 -0.01828138
v 0.02149956 0.04009074 -0.02015490
v 0.01957970 0.04683981 -0.01494610
v 0.00202011 0.05367749 -0.00807428
v 0.09663231 0.04188772 -0.02955109
v 0.09533918 0.04838451 -0.03067600
v 0.09763181 0.04692711 -0.02895633
v 0.08925726 0.05918112 -0.03096773
v 0.09348251 0.06003929 -0.03056552
v 0.07463995 0.05442806 -0.02832055
v 0.07407470 0.06560232 -0.02260146
v 0.07347409 0.07247847 -0.01795439
v 0.07294112 0.06828488 -0.01947454
v 0.08498224 0.06973867 -0.03142519
v 0.08412101 0.07323967 -0.03174210
v 0.07727037 0.07744187 -0.02341593
v 0.08673457 0.07944559 -0.04431257
v 0.07895943 0.09234393 -0.03023371
v 0.07867314 0.08183400 -0.02423280
v 0.08132225 0.09562947 -0.03676378
v 0.07411717 0.07646847 -0.01346482
v 0.07855652 0.09774907 -0.02786708
v 0.09272502 0.08897159 -0.05035978
v 0.10078833 0.08141381 -0.05876830
v 0.10718887 0.07266405 -0.06087311
v 0.11224084 0.07322890 -0.06170496
v 0.11051824 0.07546347 -0.06236149
v 0.10871874 0.07829550 -0.06353117
v 0.11425906 0.08352435 -0.06505684
v 0.11164946 0.08409258 -0.06518729
v 0.11038825 0.08663339 -0.06408002
v 0.10347547 0.08625443 -0.05609454
v 0.09802824 0.08905236 -0.05299618
v 0.11388621 0.09322057 -0.05913602
v 0.11750854 0.09137350 -0.06404477
v 0.11278745 0.09540678 -0.05479160
v 0.10828938 0.09763309 -0.05357946
v 0.09281407 0.10171387 -0.04791312
v 0.07420307 0.10577368 -0.03039115
v 0.07819130 0.10829534 -0.03247023
v 0.08402922 0.11381160 -0.03673894
v 0.10287815 0.11112555 -0.05307043
v 0.09518831 0.11559313 -0.04398675
v 0.05751591 -0.05715429 -0.02922740
v 0.06021924 -0.06076174 -0.03270602
v 0.06261732 -0.08171652 -0.04176279
v 0.05932075 -0.07069287 -0.03595007
v 0.05788502 -0.06636414 -0.03311810
v 0.05496094 -0.06581641 -0.02870296
v 0.05744966 -0.07845429 -0.03178749
v 0.06073146 -0.09040961 -0.03585561
v 0.06694266 -0.09672918 -0.04839158
v 0.06878916 -0.08742540 -0.05219738
v 0.06807918 -0.09068792 -0.05330812
v 0.07688355 -0.08368394 -0.05722180
v 0.06981497 -0.08348324 -0.04744134
v 0.07523600 -0.08440332 -0.05103070
v 0.07950662 -0.08462518 -0.04258201
v 0.05592977 -0.06168059 -0.02236599
v 0.08966631 -0.08652104 -0.05093272
v 0.07876343 -0.08756056 -0.06216978
v 0.08950095 -0.08889858 -0.05456616
v 0.08726398 -0.08555564 -0.03074151
v 0.07211515 -0.01271139 -0.03864043
v 0.12531242 0.10953726 -0.04711146
v 0.11875246 0.10980628 -0.04934203
v 0.10648516 0.11017363 -0.05416821
v 0.10981992 0.10236335 -0.05416422
v 0.11322649 0.10325098 -0.05386863
v 0.11536822 0.09907043 -0.05493037
v 0.12386011 0.09156790 -0.06127754
v 0.01625330 -0.01490391 0.01997527
v 0.03709802 -0.01574144 0.02287823
v 0.06536441 -0.02466877 0.03100587
v 0.06613487 -0.03350910 0.03126216
v 0.06840449 -0.03467371 0.03263120
v 0.07491149 -0.03376973 0.03708975
v 0.07877177 -0.03201219 0.03987265
v 0.08057836 -0.02894618 0.04058835
v 0.07943884 -0.02534514 0.04140875
v 0.07996480 -0.01674835 0.04074328
v 0.09499808 -0.04188031 0.02778502
v 0.09249269 -0.04363319 0.03467118
v 0.06774614 -0.04259706 0.03040502
v 0.07644603 -0.01672814 0.00338191
v 0.09158657 -0.00544040 0.00596044
v 0.07603562 -0.01836716 -0.00090905
v 0.09183351 -0.01177414 -0.00132320
v 0.02154569 -0.00502354 0.03498868
v 0.08065357 -0.05434604 0.03835520
v 0.09457377 -0.04548462 0.03126439
v 0.09064868 -0.05836100 0.03755512
v 0.08368218 -0.07762946 0.04112897
v 0.08867753 -0.07880827 0.04260339
v 0.08674445 -0.08388679 0.04161550
v 0.08709669 -0.09350214 0.04171254
v 0.09109119 -0.07929242 0.04202848
v 0.10093551 -0.07651071 0.02743787
v 0.10093372 -0.08100234 0.02716029
v 0.09737235 -0.08502956 0.03710116
v 0.09544656 -0.08687280 0.04095217
v 0.10487735 -0.08643218 0.02732954
v 0.10158147 -0.08679813 0.03631039
v 0.10618855 -0.08595730 0.03990992
v 0.10929731 -0.08849046 0.04813717
v 0.09711349 -0.09544701 0.05303141
v 0.09481566 -0.08996630 0.04545080
v 0.09884865 -0.08855742 0.04487571
v 0.11290678 -0.08851649 0.04575108
v 0.11272346 -0.09527239 0.04670439
v 0.06493670 -0.01184143 0.03418733
v 0.04562398 -0.01482532 0.02377904
v 0.05962373 -0.00648496 0.03123567
v 0.06250114 -0.00763019 0.03380844
v 0.06543331 -0.00454513 0.03540654
v 0.09000786 0.00116389 0.03604025
v 0.08018506 -0.00015790 0.04024028
v 0.07634340 0.00098947 0.03912695
v 0.07870340 0.00383955 0.03890434
v 0.05114489 -0.00970257 0.02905871
v 0.04223056 -0.01092622 0.03043151
v 0.03740519 -0.00842833 0.03315834
v 0.03155925 -0.00141794 0.03763412
v 0.04711420 0.00552568 0.03792284
v 0.05288947 0.00203219 0.03434070
v 0.05007476 0.01076859 0.03738114
v 0.03515553 0.01320463 0.04127111
v 0.04234350 0.01762307 0.04006631
v 0.03044146 0.02421523 0.04107218
v 0.02560522 -0.00552250 0.03529477
v 0.02477334 -0.01146147 0.02821929
v 0.09410305 -0.00855843 -0.00831808
v 0.09305128 0.00421079 -0.03261891
v 0.09290422 0.00005354 -0.02931908
v 0.09154963 -0.00291292 -0.02602394
v 0.09593000 -0.00520742 -0.01022727
v 0.10212825 0.00619140 -0.01394997
v 0.10591797 0.00455730 -0.00440688
v 0.10281771 0.00646358 0.01930483
v 0.10349765 0.00584951 0.00907044
v 0.10150363 -0.00023771 0.00581190
v 0.09742900 0.01634097 0.03372346
v 0.10532150 0.00514975 0.00305285
v 0.10714717 0.00847566 -0.00138318
v 0.10656802 0.01075256 0.00314510
v 0.10492937 0.01237569 0.01822034
v 0.10605544 0.02365316 0.01141223
v 0.10712090 0.01258495 -0.00891796
v 0.10825710 0.01840367 0.00108981
v 0.10962021 0.02502077 -0.00454699
v 0.10264920 0.02934170 -0.02024999
v 0.10227909 0.02343061 -0.01730864
v 0.10815310 0.03779054 -0.01418628
v 0.09465408 0.02216796 -0.03343103
v 0.10039374 0.01247517 -0.02567182
v 0.09633172 0.00256042 -0.02652751
v 0.09986860 0.00797542 -0.02408555
v 0.10198513 0.01409807 -0.02293928
v 0.10105769 0.00735435 -0.01909471
v 0.10851003 0.05260627 -0.01998644
v 0.10249109 0.05505260 -0.02602745
v 0.09748271 0.05158350 -0.02943916
v 0.09402766 0.05395954 -0.03096293
v 0.10437371 0.06143624 -0.02646754
v 0.03511399 0.04391343 0.03401340
v 0.09477878 0.06466594 -0.03247041
v 0.09980729 0.06209573 -0.03032808
v 0.09737125 0.06751847 -0.03350277
v 0.10094240 0.06709786 -0.03403509
v 0.10306809 0.06481877 -0.03176757
v 0.09797717 0.07309578 -0.04233949
v 0.09199056 0.07868980 -0.04930335
v 0.07519435 0.06980789 0.01498395
v 0.08111385 0.05500348 0.02753081
v 0.05285921 0.05055635 0.03227016
v 0.05506167 0.05332460 0.03067603
v 0.06728009 0.03999226 0.03755017
v 0.04572321 0.04704115 0.03201854
v 0.04921073 0.03123961 0.03691402
v 0.05584553 0.02056196 0.03626395
v 0.05961603 0.02658363 0.03720524
v 0.07759394 0.05182242 0.03152527
v 0.09763905 0.07678472 0.01369442
v 0.10024497 0.09071729 0.00869961
v 0.09873170 0.08854540 0.01002407
v 0.10414366 0.08840131 0.00850616
v 0.10650577 0.07493082 0.00959400
v 0.10240897 0.07009128 0.01235643
v 0.11267641 0.07123433 -0.03074419
v 0.11043803 0.07058492 -0.03287591
v 0.10606416 0.06923896 -0.05121394
v 0.11110536 0.06798051 -0.05602903
v 0.11090346 0.07072373 -0.05991384
v 0.11712550 0.08350254 -0.06395594
v 0.10723110 0.08979875 0.00707384
v 0.11338808 0.10389428 0.00108132
v 0.11293316 0.08656438 0.00471941
v 0.11536411 0.07292574 0.00127413
v 0.10880571 0.06007208 0.00498137
v 0.10245630 0.06485245 0.01252415
v 0.09207430 0.06018663 0.02016845
v 0.09798696 0.05208964 0.01914042
v 0.09842508 0.05648215 0.01737437
v 0.09468718 0.05214982 0.02077935
v 0.11085571 0.05155512 0.00122256
v 0.11191887 0.04760466 -0.00145982
v 0.11525241 0.05667381 -0.00358653
v 0.10761628 0.03522269 0.00366972
v 0.10627604 0.03736504 0.00783671
v 0.10363409 0.03630972 0.01480638
v 0.10336677 0.02904803 0.02050762
v 0.06645716 0.01729524 0.04009563
v 0.07192226 0.02434547 0.04113373
v 0.07504743 0.02924570 0.03941420
v 0.07956278 0.03800794 0.03704802
v 0.08428252 0.03006071 0.03842503
v 0.09127959 0.03410340 0.03608343
v 0.09431121 0.03425058 0.03369049
v 0.09480765 0.03021507 0.03531724
v 0.08054501 0.02539645 0.03938801
v 0.07239177 0.01372398 0.03991933
v 0.07315355 0.00548593 0.03896159
v 0.08945065 0.00714583 0.03723001
v 0.08938288 0.01520413 0.03881214
v 0.09395451 0.01409622 0.03637235
v 0.10318572 0.01748003 0.02528618
v 0.10011075 0.02743260 0.03026102
v 0.10194395 0.03140470 0.02708690
v 0.10145668 0.02291391 0.02815121
v 0.11478503 0.05247122 -0.00907854
v 0.11656809 0.06456460 -0.00245739
v 0.12229975 0.10784165 -0.00562965
v 0.12204533 0.11724485 -0.01373117
v 0.13069800 0.10856760 -0.00461427
v 0.13421999 0.11414784 -0.00429646
v 0.13283093 0.11802342 -0.00749934
v 0.12312156 0.09949224 -0.00454141
v 0.13312283 0.10305671 -0.00631257
v 0.13657510 0.10895550 -0.00367882
v 0.12541339 0.09241644 -0.05790881
v 0.12607105 0.08868723 -0.05961675
v 0.12507766 0.07467112 -0.05421383
v 0.12778616 0.08108340 -0.05639558
v 0.12726742 0.07902048 -0.04876846
v 0.12684052 0.07742254 -0.04386278
v 0.12331001 0.09312312 -0.04692591
v 0.12641491 0.08390148 -0.04649550
v 0.11587768 0.07223389 -0.03366031
v 0.11044978 0.06291112 -0.02392281
v 0.11553547 0.06361929 -0.01824962
v 0.11628707 0.05877298 -0.01013440
v 0.12144042 0.07796376 -0.00696345
v 0.12205222 0.07343268 -0.01267859
v 0.11917528 0.06775545 -0.01074521
v 0.12682728 0.07555704 -0.03271260
v 0.12685180 0.08284479 -0.04025385
v 0.12857477 0.08453558 -0.03771597
v 0.13214134 0.09459262 -0.03514968
v 0.13150470 0.10029401 -0.04225046
v 0.13589177 0.10363302 -0.00713492
v 0.13072932 0.09915326 -0.00875914
v 0.12822850 0.09229079 -0.01065044
v 0.13225448 0.08244914 -0.02629258
v 0.12690960 0.07444930 -0.02842477
v 0.13305467 0.11024725 -0.03338519
v 0.13361822 0.09701253 -0.02538745
v 0.13308007 0.10453150 -0.01786157
v 0.03076386 0.01027447 0.04116299
v 0.04037869 0.02308082 0.04038768
v 0.04009515 0.04125456 0.03534220
v 0.03255926 0.03759133 0.03765532
v 0.03297686 0.03300887 0.03917471
v 0.02705072 0.03754226 0.03703823
v -0.10229754 0.01881566 0.01669453
v -0.08013195 0.06250424 0.01514255
v -0.08611669 0.05837018 0.01980835
v -0.09180126 0.05584080 0.01761891
v -0.10192809 0.04691143 0.01713379
v -0.10671927 0.04172919 0.01765347
v -0.11131568 0.04018795 0.01548358
v -0.09574112 0.02891226 0.02016262
v -0.09134227 0.03901717 0.02341000
v -0.09126005 0.03683502 0.02693685
v -0.08959539 0.02366798 0.03310474
v -0.08930422 0.04227454 0.02715128
v -0.08143339 0.05725107 0.02538391
v -0.08260675 0.05198342 0.03140871
v -0.04091923 0.05156660 0.03954602
v -0.04136509 0.05498059 0.03655552
v -0.08517847 0.03614137 0.03927741
v -0.08558808 0.04953171 0.03018510
v -0.07959860 0.05156724 0.03563844
v -0.06837960 0.05764429 0.03281073
v -0.06673522 0.06520823 0.01613883
v -0.07122836 0.06492102 0.01052728
v -0.06295550 0.06456382 0.01853316
v -0.06178774 0.06591752 0.01086359
v -0.07653229 0.04289627 0.04338290
v -0.06992185 0.04937911 0.04128230
v -0.03421793 0.05507866 0.03392834
v -0.04507779 0.05870911 0.03345706
v -0.04024943 0.06118541 0.02602445
v -0.03820101 0.05858799 0.02969790
v -0.06542362 0.06280713 -0.00420663
v -0.05893356 0.06487846 0.00451001
v -0.05105684 0.06367603 -0.00220680
v -0.04424371 0.06382700 -0.00249105
v -0.04807053 0.06483528 0.00454524
v -0.05551935 0.06364372 0.02066401
v -0.04111916 0.06397768 0.01257100
v -0.04500386 0.06312400 0.02165938
v -0.03869428 0.06335620 0.01919845
v -0.04481247 0.06484772 0.00879396
v -0.03351922 0.06379873 0.00629981
v -0.03990984 0.06293663 0.02273704
v -0.03118324 0.06014699 0.02388881
v -0.03125052 0.06200605 0.02069990
v -0.02981862 0.06209116 0.01677698
v -0.03170360 0.06188092 -0.00358510
v -0.02983004 0.06282870 0.00299974
v -0.02824482 0.06182430 -0.00207967
v -0.02564273 0.06237229 0.00459232
v -0.01056799 0.05643541 0.02034299
v -0.02977274 0.05298298 0.03278883
v -0.01672012 0.04874787 0.03191713
v -0.02538269 0.05306598 0.03104565
v -0.02436953 0.05674281 0.02616228
v -0.01883405 0.05294142 0.02853347
v -0.00443745 0.04246707 0.03433498
v -0.01483211 0.06054490 -0.00286882
v -0.00231703 0.05707984 0.01204902
v -0.01134519 0.05946123 0.00575859
v 0.02172840 0.05550388 -0.00239241
v 0.06827569 0.07029324 -0.00308434
v 0.04741690 0.06378165 0.00719442
v 0.05696149 0.05933607 0.02214123
v 0.05378935 0.06229706 0.01555097
v 0.03196237 0.06111364 0.00797936
v 0.01941992 0.05771904 0.01005909
v 0.02708229 0.05727036 0.01647355
v 0.03231137 0.05243557 0.02483058
v 0.03670663 0.05515429 0.02332803
v 0.03431493 0.05716210 0.01799616
v 0.01336661 0.05760391 0.00731673
v 0.01502620 0.05298867 0.02421816
v 0.00036266 0.05780746 0.00328139
v 0.00668158 0.05691050 0.00194125
v 0.06524504 0.06731481 0.01143850
v 0.03939408 0.05289000 0.02652885
v 0.06880962 0.07355750 0.00201858
v 0.06928447 0.07403771 0.00831333
v 0.07996421 0.09384628 -0.01111672
v 0.07549278 0.08330862 0.00210318
v 0.07695956 0.08582298 0.00239927
v 0.08223740 0.09401418 0.00274272
v 0.07500620 0.08186547 0.00691159
v 0.07649256 0.07933963 0.01001053
v 0.07275113 0.07759741 0.00872830
v 0.07271708 0.07317176 0.01127097
v 0.06799889 0.07000376 0.01051696
v 0.07914161 0.08355419 0.00776300
v 0.08496092 0.08484800 0.01007490
v 0.08084760 0.05742958 0.02538925
v 0.04760268 0.05758201 0.02638714
v 0.09900290 0.09901672 0.00649748
v 0.08166281 0.10025640 -0.00372605
v 0.07966436 0.09389729 -0.01673374
v 0.09355904 0.10419445 0.00332646
v 0.10069834 0.10598855 0.00310990
v 0.09421404 0.10674656 0.00197490
v 0.08535820 0.11395740 -0.01305891
v 0.07621798 0.10084962 -0.02376066
v 0.07308557 0.10502136 -0.02735110
v 0.07595968 0.11805846 -0.03224419
v 0.07042621 0.11743992 -0.03124108
v 0.07118917 0.11057662 -0.02682318
v 0.07206918 0.10728443 -0.02714967
v 0.08988705 0.11692529 -0.04029969
v 0.08085841 0.11661482 -0.03049483
v 0.08360179 0.11993438 -0.03415108
v 0.09172936 0.11980082 -0.02913146
v 0.09669656 0.11948518 -0.03559468
v 0.08789595 0.11828406 -0.01797294
v 0.09420107 0.12093755 -0.02294623
v 0.10463827 0.12139130 -0.03275464
v 0.09981052 0.11985365 -0.00916574
v 0.11156878 0.11571703 -0.00526115
v 0.11336683 0.11882181 -0.01070882
v 0.10688287 0.12025864 -0.01041742
v 0.11373278 0.12176476 -0.02810718
v 0.13172191 0.11632884 -0.02488528
v 0.12145955 0.11826082 -0.03658325
v 0.13091509 0.11004066 -0.04219336
v 0.11979576 0.11599786 -0.04106703
v -0.03994838 -0.00598776 -0.02842202
v -0.08332206 0.01929108 0.00912191
v -0.04582275 0.00409809 -0.00370885
v -0.03983251 0.00312443 -0.00357069
v -0.05353236 0.00762536 0.00201816
v -0.07033137 0.00700126 0.00695587
v -0.06525377 0.00729138 0.00945279
v -0.07440495 0.00599363 0.01564757
v -0.08141584 0.01639290 0.01199502
v -0.05369075 0.00211950 0.01358159
v -0.04882780 0.00563566 0.00965972
v -0.04823210 0.00271590 0.01308585
v -0.02967415 0.00092874 -0.01688087
v -0.03180647 0.00138565 -0.01473307
v -0.02492999 0.00028357 -0.01159309
v -0.00753271 -0.00491057 -0.01627238
v -0.00288842 -0.00836899 -0.01403687
v 0.02766665 -0.00872430 -0.02561210
v 0.03311443 -0.00825175 -0.02678316
v 0.03648806 -0.00891473 -0.02647697
v -0.03029882 -0.00296027 0.03391122
v -0.02400691 -0.00201142 0.02587554
v -0.01568662 -0.00525668 0.01701879
v -0.03004590 -0.00012263 0.01724746
v -0.02231071 -0.00383809 0.00309500
v -0.02140770 -0.00248630 -0.00612803
v -0.00889423 -0.00748259 0.01899648
v -0.00070936 -0.00979852 0.02418438
v -0.00991096 -0.00843925 0.01249851
v -0.00352620 -0.01109033 0.01061830
v -0.00276347 -0.01181128 0.00308941
v -0.00135537 -0.01158572 -0.00512254
v -0.00155071 -0.01212989 -0.00165659
v 0.00587248 -0.01452166 -0.00303473
v 0.02523299 -0.01343838 -0.01975897
v 0.03244714 -0.01720715 -0.01457625
v 0.04410211 -0.01097220 -0.02401848
v 0.03588564 -0.01466785 -0.02057658
v 0.04031399 -0.01724265 -0.01489787
v 0.05017501 -0.01485913 -0.01648244
v 0.04293139 -0.02166099 -0.00566493
v 0.06027736 -0.01679862 -0.01538792
v 0.05101199 -0.02157672 -0.00557614
v 0.03547621 -0.02006080 -0.00952812
v 0.03776764 -0.02268141 0.00105219
v 0.03945775 -0.02137141 0.01251918
v 0.03537858 -0.02183169 0.00635454
v 0.02859681 -0.02166020 0.00256294
v 0.01240992 -0.01573581 -0.00503755
v 0.03204264 -0.02110019 0.01018007
v 0.02064209 -0.01955675 0.00419146
v 0.01148829 -0.01673006 0.00670698
v 0.00670006 -0.01507378 0.01060896
v 0.00774727 -0.01206475 0.02264925
v -0.04100370 0.00263022 0.01355259
v -0.09237998 -0.02673197 0.00605451
v -0.09357604 -0.02371734 0.00077437
v -0.11806175 -0.04589394 0.00039754
v -0.09912983 -0.07767613 -0.02136116
v -0.09610329 -0.06364118 -0.01235587
v -0.09926558 -0.06076441 -0.01090707
v -0.10598657 -0.06617627 -0.01179916
v -0.10274607 -0.05569927 -0.00772589
v -0.11467452 -0.03953065 0.00377209
v -0.10299402 -0.03784557 0.00740796
v -0.09152663 -0.03728204 -0.00010817
v -0.09472559 -0.04150242 0.00022963
v -0.10881905 -0.05225024 0.00662862
v -0.11147891 -0.05235580 0.00594031
v -0.10864388 -0.05658437 -0.00241447
v -0.10598561 -0.05024468 0.00044017
v -0.11621104 -0.05828980 -0.00082391
v -0.13239270 -0.07813518 -0.00578183
v -0.13732857 -0.08522956 -0.01225899
v -0.14501263 -0.08744510 -0.00945579
v -0.14348108 -0.07863332 -0.00548741
v -0.14862977 -0.08542296 -0.00668269
v -0.14288412 -0.08757508 -0.01454811
v -0.15476252 -0.07854331 -0.00679841
v -0.09422489 -0.03778367 -0.00416630
v -0.09225544 -0.04039612 -0.00087484
v -0.09970392 -0.02596119 0.01342144
v -0.10238138 -0.02379315 0.01782346
v -0.10647149 -0.02107906 0.00794865
v -0.10828002 -0.01504521 0.00852487
v -0.10978163 -0.00774316 0.00995632
v -0.11387485 -0.00991255 0.01083919
v -0.11891462 0.00151787 0.01292603
v -0.09806379 -0.01728276 0.02168587
v -0.11032775 0.00929324 0.01386383
v -0.10204630 0.00637916 0.01368691
v -0.11354262 0.02201660 0.01691735
v -0.10448765 0.02160861 0.01638672
v -0.10145268 0.00839246 0.01706043
v -0.09685005 0.01002999 0.02117130
v -0.09837208 0.02794052 0.01729155
v -0.10076875 0.03436503 0.01922701
v -0.09862566 0.03792809 0.01999492
v -0.09286780 0.00650397 0.02404740
v -0.08955984 -0.00758375 0.02572308
v -0.08843444 -0.00337347 0.02597657
v -0.08519544 -0.00565928 0.03138793
v -0.15625276 -0.09089321 -0.01356995
v 0.06534563 -0.02116738 -0.00923455
v 0.06402045 -0.02296657 -0.01244360
v 0.06773209 -0.02609606 -0.01308561
v 0.08328124 -0.01441117 -0.00749499
v 0.07692182 -0.01568166 -0.00754414
v 0.07028133 -0.03052686 -0.01564504
v 0.08091358 -0.00984290 -0.01290874
v 0.08442225 -0.00759866 -0.01391210
v 0.08364345 -0.01578108 -0.02473360
v 0.06398749 -0.02703002 -0.01399278
v 0.06078726 -0.02283870 -0.01795267
v 0.07161915 -0.03507471 -0.01846737
v 0.06098769 -0.03779494 -0.01590000
v 0.06058924 -0.03489425 -0.01791120
v 0.07938787 -0.02353593 -0.02297952
v 0.07939906 -0.03714192 -0.02863203
v 0.07856168 -0.04452259 -0.02914742
v 0.08034363 -0.03917750 -0.03195145
v 0.07658687 -0.04367668 -0.03709221
v 0.07873012 -0.04614193 -0.03496182
v 0.08358490 -0.01690779 -0.02868037
v 0.08483642 -0.00983824 -0.01089525
v 0.07189485 -0.01513569 -0.00965923
v 0.08668966 -0.00869329 -0.02132334
v 0.07964287 -0.04898224 -0.03292545
v 0.07875989 -0.06362075 -0.03768482
v 0.05915974 -0.08327214 -0.02989127
v 0.07359438 -0.09380783 -0.05968466
v 0.07545830 -0.09731755 -0.05449564
v 0.06086665 -0.08203667 -0.02445308
v 0.05860323 -0.06526455 -0.01963475
v 0.06303078 -0.05198856 -0.01824362
v 0.07611331 -0.07706790 -0.03137928
v 0.07380138 -0.07914580 -0.02610872
v 0.08289140 -0.09773380 -0.05281682
v 0.07612135 -0.09944769 -0.04255976
v 0.07589004 -0.10048611 -0.03725128
v 0.08805899 -0.09684048 -0.05058121
v 0.09192106 -0.09735385 -0.03676547
v 0.09345480 -0.09325197 -0.03406935
v 0.09284858 -0.08984254 -0.03535855
v 0.08326206 -0.09869065 -0.02647469
v 0.08704583 -0.09594119 -0.02595169
v 0.06495891 -0.09809477 -0.04124995
v 0.07165705 -0.10161941 -0.03243280
v 0.07132934 -0.09370156 -0.02305995
v 0.06874269 -0.08646049 -0.02148704
v 0.06790879 -0.08082942 -0.01936743
v 0.06743465 -0.07835127 -0.01896694
v 0.07094467 -0.08104684 -0.02152894
v 0.06513958 -0.06505203 -0.02042624
v 0.06152682 -0.05944765 -0.01871068
v 0.09198303 -0.08845519 -0.03804874
v 0.08763850 -0.09290869 -0.02620757
v -0.05560980 0.03310053 0.04712333
v -0.05257608 0.03933085 0.04655275
v -0.05358646 0.04149057 0.04536609
v -0.03553712 0.04053640 0.04373955
v -0.04260541 0.04256165 0.04553161
v -0.04259499 0.02587775 0.04631053
v -0.03163642 0.02734786 0.04275515
v -0.03606651 0.01610603 0.04455146
v -0.03741555 0.01389918 0.04556490
v -0.03173014 0.01626011 0.04112198
v -0.02915599 0.01182208 0.03818892
v -0.02971222 0.01860894 0.03974010
v -0.02561093 0.02174699 0.03834833
v -0.02894042 0.00265514 0.03542322
v -0.02298761 -0.00122939 0.02919399
v -0.01222483 -0.00399932 0.02711376
v -0.01372994 0.00178188 0.02998535
v 0.00944996 0.00822019 0.03845500
v 0.00008546 -0.00213099 0.03045569
v -0.03188055 0.02343198 0.04281642
v -0.02981333 0.02479814 0.04159897
v -0.01570498 0.02259249 0.03691942
v 0.01672384 0.00655574 0.03965985
v -0.00235715 0.02052316 0.03713468
v -0.00864474 0.02681241 0.03758973
v -0.02829059 0.03762773 0.04123581
v -0.01448719 0.04099921 0.03662438
v -0.00389813 0.03025275 0.03831701
v 0.00664511 0.03278599 0.03760425
v 0.00340113 0.03818557 0.03570575
v 0.00785928 0.02980033 0.03867198
v 0.02262148 0.02887522 0.04032755
v 0.01213729 0.02269529 0.04019025
v 0.00443475 0.02387908 0.03967331
v 0.02285519 0.02604484 0.04110503
v -0.00150382 0.04508219 0.03151309
v 0.06791247 -0.01840725 0.01046742
v 0.07259334 -0.02002186 0.01240128
v 0.06826597 -0.02463820 0.02007053
v 0.06403003 -0.02790905 0.02407758
v 0.06647567 -0.03634726 0.02388561
v 0.09420832 -0.03114748 0.02461382
v 0.09254521 -0.03568242 0.02375028
v 0.06631917 -0.04134812 0.02783179
v 0.06640535 -0.03936536 0.02553115
v 0.06996413 -0.04047938 0.02395170
v 0.07238373 -0.03637198 0.02204968
v 0.07542729 -0.02206335 0.01343238
v 0.06523941 -0.02119009 0.00219448
v 0.07786961 -0.03354853 0.01780866
v 0.07129562 -0.05675035 0.02625008
v 0.07242981 -0.06244143 0.02945783
v 0.09437665 -0.04651961 0.02656051
v 0.08519619 -0.02889801 0.01833683
v 0.09187513 -0.05033524 0.02456709
v 0.08328182 -0.05242075 0.01873071
v 0.08067204 -0.04634500 0.01901887
v 0.08717310 -0.06066997 0.01922747
v 0.09159809 -0.05672109 0.02401935
v 0.08491792 -0.07269217 0.01708432
v 0.09476136 -0.07240786 0.02204471
v 0.09148585 -0.08872162 0.01642846
v 0.09540966 -0.07759346 0.02131075
v 0.07840805 -0.07789742 0.02532721
v 0.07731260 -0.07930134 0.03104531
v 0.10532825 -0.08979462 0.01571438
v 0.11322192 -0.09036279 0.01700002
v 0.11116474 -0.08861034 0.01827624
v 0.11285871 -0.08913827 0.02011803
v 0.10858375 -0.08698446 0.02590850
v 0.11477702 -0.09186827 0.02181216
v 0.09322473 -0.02015120 0.02211121
v 0.09390135 -0.01907316 0.02505960
v 0.09181046 -0.01117234 0.01672378
v -0.08814110 0.01163866 0.01486304
v -0.08170634 0.01429801 0.01614548
v -0.07071786 0.00280052 0.01442948
v -0.08290649 -0.00835516 0.01706974
v -0.08581565 -0.00407422 0.01473267
v -0.08039745 -0.00530773 0.01759726
v -0.09210318 -0.02337215 0.01707806
v -0.10203211 -0.03751630 0.01710511
v -0.08948780 -0.04095260 0.01792393
v -0.08740661 -0.03005680 0.01734247
v -0.07241293 -0.02520149 0.01590808
v -0.06485233 -0.01285728 0.01579022
v -0.11015426 -0.04024339 0.02128332
v -0.10525808 -0.05597606 0.01827075
v -0.07881629 -0.05027299 0.02413167
v -0.07244519 -0.04139525 0.02311535
v -0.05702863 -0.03562799 0.02457340
v -0.05155748 -0.02979015 0.02450458
v -0.10382816 -0.06527197 0.01733438
v -0.08104219 -0.04719047 0.02344609
v -0.08394010 -0.04333567 0.02037647
v -0.07629355 -0.03084078 0.01682500
v -0.07923722 -0.03920016 0.01952251
v -0.04394529 -0.01569433 0.02430087
v -0.06001254 -0.01068085 0.01618886
v -0.05204842 -0.01629279 0.01845210
v -0.07878564 -0.04900128 -0.01706003
v -0.08154694 -0.03369495 -0.01218846
v -0.08718442 -0.02839177 -0.01084535
v -0.08591197 -0.00143558 -0.00975790
v -0.07582309 -0.00353584 -0.00630845
v -0.06980363 -0.01926903 -0.00938803
v -0.06537663 -0.01876924 -0.00984136
v -0.06655500 -0.00815365 -0.00568911
v -0.08677594 -0.02441488 -0.01085594
v -0.07630150 0.00259920 0.00179091
v -0.07865182 0.01321498 0.00962152
v -0.08997764 -0.04237353 -0.01136134
v -0.05712233 -0.03275941 -0.02035138
v -0.05161529 -0.02716985 -0.02041771
v -0.06120159 -0.01107683 -0.00855373
v -0.06233545 -0.02748709 -0.01377815
v -0.05819472 -0.01790255 -0.01161399
v -0.06060402 0.00346992 0.00000563
v -0.04867318 -0.00935501 -0.01357387
v -0.08228567 0.01248648 0.00107554
v -0.08584642 0.01444325 -0.00210762
v -0.05118119 0.00425573 -0.00283015
v -0.04062655 0.00026358 -0.01233161
v -0.05069875 0.00606994 -0.00110784
v -0.09509369 -0.03750304 -0.00703274
v -0.04375974 -0.00894986 -0.01762284
v -0.04012924 -0.01018026 -0.02210181
v -0.08672039 0.01335444 0.03444887
v -0.08471332 0.00230398 0.03348844
v -0.08486039 0.01832176 0.03868555
v -0.07683790 0.03137555 0.04391370
v -0.07851675 0.01574300 0.04241041
v -0.07716145 0.00187648 0.04014141
v -0.08210234 -0.00205516 0.03486072
v -0.07259918 -0.00655927 0.04054979
v -0.07307126 -0.00203478 0.04096473
v -0.07885636 -0.00394790 0.03712394
v -0.07600368 -0.00413669 0.03977858
v -0.06456658 -0.01488440 0.04141451
v -0.05997989 -0.01732018 0.04204935
v -0.05129724 -0.00480192 0.04520454
v -0.05476572 -0.01562040 0.04329004
v -0.06400735 0.00361104 0.04289924
v -0.05002389 0.00941092 0.04686190
v -0.05693526 0.01657954 0.04578514
v -0.06805500 0.00855642 0.04419366
v -0.04633938 0.02202599 0.04686121
v -0.06249478 0.03454101 0.04695658
v -0.06428351 0.04188063 0.04501291
v -0.04478407 0.01315645 0.04740078
v -0.04449810 -0.00111689 0.04601970
v -0.04447453 -0.01447882 0.04328680
v -0.03950763 -0.01373567 0.04106039
v -0.03562424 -0.01417174 0.03678872
v -0.03495958 -0.00555825 0.03978817
v -0.11360462 -0.06375234 0.02357220
v -0.08707403 -0.09559707 0.01247943
v -0.08435399 -0.09767076 0.01602500
v -0.08496914 -0.09875443 0.02533795
v -0.09525297 -0.09932780 0.03369944
v -0.07677300 -0.09145575 0.03639246
v -0.07811002 -0.09503444 0.03176213
v -0.09744668 -0.09001894 0.04473285
v -0.09563045 -0.08742611 0.04637346
v -0.09852965 -0.09342933 0.04247209
v -0.10860492 -0.08737390 0.03249164
v -0.11290076 -0.08262300 0.02523005
v -0.08918621 -0.09332547 0.04857357
v -0.09418621 -0.08941343 0.04877964
v -0.09029209 -0.08897926 0.04949285
v -0.08388662 -0.09499834 0.04647352
v -0.09225650 -0.09934665 0.04010887
v -0.10303247 -0.09511035 0.03736982
v -0.10484833 -0.09415039 0.01954006
v -0.10514312 -0.09584919 0.02359322
v -0.10160902 -0.09752158 0.02009081
v -0.11254056 -0.07072994 0.03082437
v -0.11422291 -0.07601087 0.02627167
v -0.09318703 -0.08411615 0.04485686
v -0.10773608 -0.09231921 0.03117077
v -0.10710401 -0.09503359 0.02830923
v -0.10432552 -0.09835806 0.03021339
v -0.10678268 -0.08774982 0.01824426
v -0.10954778 -0.04831732 0.02087640
v -0.11299279 -0.05282322 0.02428821
v -0.09759788 -0.02040127 0.03060336
v -0.10186014 -0.05091834 0.03651739
v -0.08231871 -0.04791950 0.03043672
v -0.08051004 -0.03897602 0.03653121
v -0.07389077 -0.04489213 0.03072925
v -0.09209643 -0.06105778 0.03152504
v -0.08004324 -0.07356170 0.02402863
v -0.10290496 -0.07056075 0.03662489
v -0.10355552 -0.08348146 0.03928468
v -0.10649367 -0.07988173 0.03767900
v -0.09215471 -0.01885118 0.03266442
v -0.09597403 -0.03045628 0.03621726
v -0.10479914 -0.03493547 0.03664240
v -0.10903494 -0.03453860 0.03434946
v -0.07265012 -0.03455194 0.03758340
v -0.10991145 -0.02475450 -0.00698479
v -0.11002927 -0.04858960 -0.01381822
v -0.11234991 -0.06402135 -0.01756149
v -0.10553540 -0.04087430 -0.01784765
v -0.10367344 -0.03628785 -0.01732905
v -0.10217697 -0.03446329 -0.01300137
v -0.10154831 -0.03072642 -0.00828232
v -0.10549286 -0.03233638 -0.02044572
v -0.09588524 -0.00888298 -0.01726147
v -0.09705804 -0.00943820 -0.01471948
v -0.10216065 -0.01919019 -0.01653061
v -0.10359246 -0.02383059 -0.01942279
v -0.10482031 -0.05041485 -0.02299132
v -0.10154824 -0.06298909 -0.02260538
v -0.10022750 -0.06559379 -0.02433467
v -0.10983890 -0.06838626 -0.01838358
v -0.09643131 -0.08105168 -0.01997813
v -0.11396889 -0.06896023 -0.01658047
v -0.09609176 -0.04965552 -0.02741768
v -0.09726769 -0.05670528 -0.02638586
v -0.09985601 -0.05035932 -0.02504449
v -0.08703697 -0.09088188 -0.03674712
v -0.08956930 -0.09479543 -0.02681595
v -0.11831369 -0.03367623 0.00306995
v -0.12024388 -0.04143155 -0.00463433
v -0.12078368 -0.05278855 -0.01129358
v -0.12897854 -0.05897247 -0.00547397
v -0.13905220 -0.06622152 -0.01447289
v -0.13735250 -0.06950785 -0.01805807
v -0.13190617 -0.07233939 -0.02016610
v -0.13174628 -0.07743317 -0.01999691
v -0.14494845 -0.07620832 -0.00594726
v -0.13775939 -0.07711536 -0.02209381
v -0.14575458 -0.07973635 -0.02305928
v -0.15085386 -0.08303302 -0.02257684
v -0.15196148 -0.07776836 -0.02250018
v -0.15559393 -0.08589763 -0.02026558
v -0.15862577 -0.08056667 -0.01967679
v -0.15999387 -0.07879905 -0.01634289
v -0.15978974 -0.08645980 -0.01254616
v -0.15857515 -0.08501936 -0.01933604
v -0.15476353 -0.09121931 -0.01554789
v -0.14872277 -0.07351832 -0.00892895
v -0.14775199 -0.07365621 -0.02038027
v -0.15383552 -0.07063229 -0.01588486
v -0.14658184 -0.06992684 -0.01002974
v -0.12893561 -0.05622414 -0.00783483
v 0.08391368 -0.09257768 0.03219598
v 0.08230804 -0.08668686 0.03340517
v 0.08577316 -0.09178759 0.02208742
v 0.09983465 -0.09695625 0.01647070
v 0.08782161 -0.09677690 0.02193363
v 0.08666464 -0.09895276 0.02590607
v 0.10704164 -0.09877521 0.01591296
v 0.11434987 -0.09792591 0.02964057
v 0.11274193 -0.09894962 0.03639265
v 0.09119050 -0.10013904 0.02176806
v 0.09095522 -0.10154142 0.03355981
v 0.09621900 -0.10125784 0.04349148
v 0.11305100 -0.09859455 0.04196659
v 0.10932410 -0.09892376 0.04609991
v 0.10111117 -0.10127740 0.04640137
v 0.10089207 -0.10011463 0.05091564
v -0.08569275 -0.06893162 -0.03227222
v -0.07734437 -0.07979969 -0.03098426
v -0.08659860 -0.07368196 -0.03284013
v -0.07351252 -0.08262303 -0.03384821
v -0.06993167 -0.08308174 -0.03594078
v -0.06622316 -0.08247609 -0.02483826
v -0.06952064 -0.08174343 -0.01824618
v -0.06409094 -0.08630878 -0.03197277
v -0.07269027 -0.08307073 -0.04495791
v -0.06959894 -0.08418084 -0.04486631
v -0.06652284 -0.08592232 -0.04220158
v -0.08136498 -0.08330760 -0.03788647
v -0.08790041 -0.08057339 -0.03458948
v -0.08048121 -0.08530560 -0.04282363
v -0.07337013 -0.09029376 -0.04813556
v -0.08537393 -0.08603172 -0.01178710
v -0.08923507 -0.08253067 -0.01279398
v -0.07167233 -0.09522673 -0.04164033
v -0.06787863 -0.09652889 -0.03018827
v -0.07745051 -0.08776442 -0.00923546
v -0.07101649 -0.09608483 -0.01068288
v -0.07471658 -0.09695151 -0.01095638
v -0.07994843 -0.09819323 -0.01621934
v -0.09333482 -0.08659364 -0.01795931
v -0.09141176 -0.08612488 -0.01535537
v -0.09026402 -0.09454934 -0.02212407
v -0.07684901 -0.09799654 -0.02260275
v -0.06688777 -0.09167303 -0.01150947
v -0.06869430 -0.09304321 -0.01009428
v -0.06874693 -0.09794042 -0.01989622
v -0.08895709 -0.07217208 -0.01310673
v -0.08380780 -0.08275031 -0.01159988
v -0.07844648 -0.08263611 -0.01272975
v -0.09495199 -0.05522648 -0.01092330
v -0.07219616 -0.04926519 -0.02087986
v -0.09649322 -0.04316090 -0.00814038
v -0.07378164 -0.08167066 -0.01524904
v -0.07268730 -0.08665279 -0.00891450
v -0.06836946 -0.08504689 -0.01344851
v -0.07030273 -0.08708845 -0.00948868
v -0.08030038 -0.06652924 0.02464646
v -0.07887267 -0.07483455 0.01672276
v -0.09032544 -0.08967405 0.01123895
v -0.08912560 -0.08498744 0.01046402
v -0.07901074 -0.09093351 0.01679037
v -0.07957274 -0.08618098 0.01408902
v -0.07622430 -0.09010202 0.02991508
v -0.07977632 -0.08039847 0.01311408
v -0.07769795 -0.08253589 0.01692582
v -0.08273440 -0.07650234 0.01177966
v -0.09622821 -0.01478988 -0.00125231
v -0.09069116 -0.02068152 0.00219979
v -0.09897325 -0.00900533 0.00098213
v -0.10233741 -0.00642503 0.00167648
v -0.09927459 -0.00246962 0.00284433
v -0.08308600 0.05950444 0.00630813
v -0.08206283 0.06185523 0.01141469
v -0.09046755 0.04320525 0.00102827
v -0.08179104 0.05604379 -0.00616145
v -0.08554901 0.05025949 -0.00381577
v -0.10465188 0.04444528 0.00784051
v -0.08870655 0.04490909 -0.00111911
v -0.04579515 -0.01886308 0.04169432
v -0.05100174 -0.01959738 0.04248298
v -0.10631849 0.01640097 0.00216005
v -0.10063851 0.02868142 -0.00030536
v -0.10447494 0.02741162 0.00137653
v -0.11260618 0.01329908 0.00148693
v -0.11390802 0.02023428 0.00285754
v -0.11419853 0.02878000 0.00501103
v -0.09860440 0.04240549 0.00442663
v -0.08043322 -0.00002388 -0.00199792
v -0.08867142 -0.02055039 0.00502881
v -0.08846474 0.02199003 0.00683952
v -0.08848579 0.01755281 0.00772164
v -0.08820882 0.01412632 0.00407174
v -0.12249298 0.00319613 0.00774069
v -0.12089544 -0.00295040 0.01105265
v -0.12015475 0.00378418 0.01250300
v -0.12173150 0.01318026 0.00768327
v -0.11955593 0.02431171 0.01437507
v -0.11741797 0.02371453 0.01593883
v -0.09588026 0.05502389 0.01339566
v -0.12059468 -0.00894343 0.00959308
v -0.11121360 0.04231395 0.01317473
v -0.10340418 0.04952525 0.01273726
v -0.07123557 -0.06038819 -0.02220275
v -0.07041366 -0.05072155 -0.02425664
v -0.07186854 -0.04422443 -0.02497204
v -0.06768538 -0.04300434 -0.02271740
v -0.05489569 -0.02906253 -0.02659168
v -0.05392557 -0.03061977 -0.02271367
v -0.04159266 -0.01316595 -0.02815225
v -0.03934750 -0.00894820 -0.02594560
v -0.08335063 -0.00831839 -0.02077601
v -0.08584630 -0.00240947 -0.01993329
v -0.09156976 0.00780062 -0.01576265
v -0.08454875 0.02065819 -0.02702932
v -0.10930703 -0.00929678 -0.00285634
v -0.12062053 0.00413811 0.00332882
v -0.11415707 0.00570343 0.00019167
v -0.12053598 -0.00291943 0.00190541
v -0.08571824 0.04019352 -0.02116247
v -0.08258711 0.04397074 -0.02229186
v -0.08778537 0.04630779 -0.00971500
v -0.08023400 0.05470980 -0.01115596
v -0.08366211 0.05155600 -0.01464061
v -0.08720113 -0.07926410 0.02854620
v -0.09319896 -0.07531409 0.03225530
v -0.10011218 -0.08420625 0.04031469
v -0.08519299 -0.08032473 0.03552781
v -0.08929229 0.03629008 -0.01936810
v -0.09593128 -0.08782683 0.01359325
v -0.09510232 -0.01002227 -0.00824959
v -0.10441499 -0.02830847 -0.01460916
v -0.08713736 -0.07347649 0.02065014
v -0.08881205 -0.07390860 0.01271155
v -0.08740112 -0.07185127 0.00826049
v -0.08917861 -0.07003080 0.01102864
v -0.08739252 -0.06670624 0.01063150
v -0.08484688 -0.06471132 0.01940394
v -0.08785094 -0.05631587 0.02253166
v -0.08940481 0.00055183 -0.00023889
v -0.09392241 0.02052782 -0.00876320
v -0.09726040 0.02495303 -0.00473233
v -0.08262462 -0.00913554 0.00442070
v -0.08733720 -0.00714992 -0.00036331
v -0.08721179 -0.01197611 0.00257634
v -0.08183826 0.00896368 0.00103845
v -0.08663544 0.00727830 0.00103653
v -0.08392734 0.00854491 -0.00125473
v -0.08955055 -0.00726689 -0.01090674
v -0.09196366 -0.00684494 -0.01093409
v -0.07343093 -0.05519532 -0.02686356
v -0.07268235 -0.05129980 -0.02639604
v -0.08844551 -0.04499122 -0.03221383
v -0.08192935 -0.04468831 -0.03114310
v -0.08203387 -0.05225012 -0.03098759
v -0.07029450 -0.03673493 -0.02820508
v -0.06218205 -0.03436469 -0.02583827
v -0.09083759 -0.00615013 -0.01463261
v -0.08929612 -0.00856884 -0.01777198
v -0.08707517 -0.00687334 -0.01781956
v -0.08590611 -0.01040163 -0.01933037
v -0.09272993 -0.01148470 -0.01966549
v -0.08967378 -0.03299876 -0.03160926
v -0.08641683 -0.02870366 -0.03070094
v -0.09107281 -0.02397739 -0.02735307
v -0.08962870 -0.02643861 -0.02858908
v -0.09750538 -0.02595010 -0.02438229
v -0.09341381 -0.01712840 -0.02286719
v -0.09805749 -0.02154508 -0.02310043
v -0.09381967 -0.02408856 -0.02560439
v -0.08579260 -0.01511181 -0.02192987
v -0.07461583 -0.00863466 -0.02927601
v -0.06251825 -0.02108660 -0.03259993
v -0.07109037 -0.00218083 -0.03096616
v -0.05771386 -0.00982441 -0.03353962
v -0.06266708 -0.02749343 -0.03099401
v -0.04821222 -0.01809616 -0.03159086
v -0.05368859 -0.01252528 -0.03411262
v -0.05111362 0.00023964 -0.03481732
v -0.05646809 0.00130679 -0.03345881
v -0.06079369 0.00096381 -0.03280835
v -0.05705646 0.00659861 -0.03357215
v -0.07603849 0.00062041 -0.02885822
v -0.07375737 0.00443202 -0.03030976
v -0.04312564 0.00759225 -0.03279177
v -0.04954584 0.01702558 -0.03444595
v -0.04034272 0.00503487 -0.03080094
v -0.03914918 0.00042889 -0.02947637
v -0.04425210 -0.00203036 -0.03342191
v -0.04253659 -0.00528407 -0.03199578
v -0.03504831 0.01021513 -0.02543152
v -0.05344899 0.02229680 -0.03439744
v -0.04887506 0.02429133 -0.03248449
v -0.05036637 0.03162371 -0.03267456
v -0.05702499 0.01748102 -0.03493489
v -0.06026246 0.01476271 -0.03378263
v -0.06840318 0.00735778 -0.03181391
v -0.07898434 0.00897938 -0.02917846
v -0.07728840 0.01234378 -0.03097478
v -0.08097234 0.01958444 -0.02941045
v -0.07311513 0.02245378 -0.03160274
v -0.07715902 0.02073014 -0.03083806
v -0.08449867 0.03803591 -0.02462801
v -0.07591289 0.04564964 -0.02683575
v -0.07435208 0.05008950 -0.02272690
v -0.06960681 0.04575142 -0.02790539
v -0.07401441 0.03627132 -0.03030046
v -0.07799211 0.02929225 -0.03148377
v -0.07295519 0.04102381 -0.02885749
v -0.06452513 0.04090578 -0.03139941
v -0.06617519 0.05091526 -0.02477287
v -0.07522313 0.05136899 -0.02073105
v -0.06047097 0.04917672 -0.02716335
v -0.06212428 0.05021654 -0.02499531
v -0.05768465 0.05221241 -0.02395226
v -0.05941132 0.05728621 -0.02034655
v -0.06505477 0.05517924 -0.02193866
v -0.06845675 0.05652403 -0.01703381
v -0.07041856 0.05846424 -0.01438143
v -0.06959332 0.06161817 -0.00717596
v -0.06403295 0.05796869 -0.01664151
v -0.07077649 0.06282987 -0.00325356
v -0.06514953 0.01936208 -0.03325775
v -0.06731993 0.02459526 -0.03312213
v -0.06282046 0.03282522 -0.03356120
v -0.07405652 0.02643777 -0.03159351
v -0.05882293 0.03514560 -0.03339216
v -0.03843921 0.02050748 -0.02669183
v -0.03256074 0.01639863 -0.02432335
v -0.03764534 0.03161739 -0.02713637
v -0.04074883 0.03371942 -0.02838010
v -0.03082142 0.03453914 -0.02506679
v -0.02815083 0.01948531 -0.02331817
v -0.02274996 0.01071434 -0.02117580
v -0.01579257 0.01377651 -0.02058179
v -0.02113019 0.02343079 -0.02224320
v -0.01781834 0.00781656 -0.02007465
v -0.00167259 -0.00464402 -0.01777915
v 0.00533702 0.00099300 -0.02430126
v 0.00438385 0.00957123 -0.02667074
v -0.01245503 0.01556362 -0.02078044
v -0.01026449 0.01672807 -0.02193079
v -0.01424262 0.02033365 -0.02165741
v -0.01613875 0.02540855 -0.02188428
v -0.01392518 0.02961638 -0.02243947
v -0.01122042 0.03516599 -0.02231095
v -0.00931414 0.02014663 -0.02198325
v 0.00245363 0.01403666 -0.02713701
v 0.00607946 0.01087414 -0.02906947
v 0.01318834 -0.00692955 -0.02302961
v 0.00876906 0.00623538 -0.02856283
v 0.01479680 0.00348327 -0.02951259
v 0.01875445 -0.00596307 -0.02563847
v 0.01895105 0.00045855 -0.02930167
v 0.03827255 -0.00104563 -0.02966886
v 0.03526826 0.00386662 -0.03077177
v 0.03220749 0.00633166 -0.03084894
v 0.03001580 0.01650074 -0.03126952
v 0.02817439 0.01986136 -0.02968780
v 0.02556516 0.02243647 -0.02911424
v 0.02584646 0.01125453 -0.03148856
v 0.02810501 0.00723997 -0.03163799
v 0.05174768 -0.00964221 -0.02685204
v 0.05893007 -0.03047320 -0.02330972
v 0.06031017 -0.03376336 -0.02144380
v 0.05899845 -0.03827137 -0.01664488
v 0.05934332 -0.03070829 -0.02893990
v 0.06005774 -0.03916591 -0.02182383
v 0.05908444 -0.04350577 -0.02272793
v 0.05961839 -0.04477203 -0.02948639
v 0.06351203 -0.04970471 -0.03577997
v 0.06688897 -0.04814064 -0.03842059
v 0.06600390 -0.04182236 -0.03691210
v 0.06687975 -0.03394730 -0.03759857
v 0.06591021 -0.02978561 -0.03793281
v 0.05740370 -0.02214990 -0.02338802
v 0.06968537 -0.03118852 -0.03907114
v 0.06222880 -0.02438801 -0.03603314
v 0.06083691 -0.01942830 -0.03324488
v 0.05388993 0.00038540 -0.03110060
v 0.05299750 0.00659385 -0.03001198
v 0.04884166 0.00036726 -0.02942907
v 0.04434604 -0.00319726 -0.02803030
v 0.06038075 0.00498673 -0.03302870
v 0.06304449 0.00670035 -0.03525395
v 0.05961245 0.01716035 -0.03510519
v 0.05091619 0.01907279 -0.02911290
v 0.03808197 0.00662102 -0.03080702
v 0.03877199 0.01176694 -0.03047784
v 0.04468947 0.01218701 -0.02857586
v 0.04330046 0.02136376 -0.02717964
v 0.03669799 0.02116904 -0.02823453
v 0.04357437 0.02785457 -0.02529957
v 0.03367562 0.02929276 -0.02473994
v 0.03943632 0.03618629 -0.02156833
v 0.04870191 0.03376433 -0.02211656
v 0.04678360 0.03136384 -0.02342018
v 0.06038586 0.02199953 -0.03406736
v 0.05928071 -0.00500774 -0.03377159
v 0.06523240 -0.01073383 -0.03917767
v 0.06522103 0.00135445 -0.03722473
v 0.06737994 0.00971849 -0.03715166
v 0.06901444 0.01827114 -0.03672880
v 0.07310379 0.01879565 -0.03661621
v 0.06753931 0.00574696 -0.03727432
v 0.06355476 0.02695630 -0.03397524
v 0.05469260 0.03000645 -0.02878082
v 0.05074257 0.03139286 -0.02378840
v 0.02889494 0.02874771 -0.02607295
v 0.02521947 0.02774042 -0.02752541
v 0.02205258 0.02452246 -0.02846307
v 0.04204169 0.03911882 -0.02056162
v 0.07644663 0.03183391 -0.03645101
v 0.08112562 0.01882619 -0.03862393
v 0.07704650 0.01534143 -0.03829539
v 0.09073958 0.02353431 -0.03714631
v 0.07671838 0.00055033 -0.03874320
v 0.08247646 0.00048605 -0.03578969
v 0.07741074 -0.00490643 -0.03702851
v 0.08003547 -0.03686114 -0.03383792
v 0.07831733 -0.03259742 -0.03506173
v 0.06148549 -0.01444141 -0.03471686
v -0.05937494 0.05971686 -0.01511608
v -0.05589462 0.05972879 -0.01668999
v -0.06225284 0.06142483 -0.01231333
v -0.04674076 0.06345312 -0.00689473
v -0.04657933 0.05935412 -0.01428594
v -0.04315303 0.05770002 -0.01741779
v -0.05219170 0.05965414 -0.01493454
v -0.05192725 0.05391858 -0.02282175
v -0.05167650 0.05807266 -0.01920757
v -0.04455705 0.05175704 -0.02328874
v -0.04552064 0.05522152 -0.02049184
v -0.03967810 0.05752511 -0.01528272
v -0.03860037 0.06028496 -0.01047781
v -0.04297073 0.06272191 -0.00775457
v -0.03421378 0.05777805 -0.01421369
v -0.04079233 0.05487566 -0.01981129
v -0.04577416 0.04966319 -0.02687058
v -0.03956052 0.05242950 -0.02238310
v -0.02833643 0.05826010 -0.01188455
v -0.02548672 0.05704981 -0.01376705
v -0.03346469 0.05523661 -0.01744162
v -0.03258661 0.05062572 -0.02238223
v -0.03418180 0.04493548 -0.02489931
v -0.02856442 0.03711300 -0.02476636
v -0.01230106 0.05296277 -0.01226999
v -0.02482840 0.03623460 -0.02354512
v -0.02128444 0.04414946 -0.02117009
v -0.01525254 0.04288608 -0.02022949
v -0.00927473 0.05013709 -0.01455826
v -0.00365001 0.03565026 -0.02179794
v 0.00655282 0.02728864 -0.02696650
v -0.00026957 0.04355472 -0.01758610
v -0.00678524 0.04488596 -0.01819278
v -0.00654874 0.04756191 -0.01494876
v -0.00194303 0.05311885 -0.00923106
v 0.00488206 0.03419292 -0.02405043
v 0.00888842 0.03790119 -0.02200241
v 0.01448747 0.00843765 -0.03043278
v 0.00797680 0.04318651 -0.01911314
v 0.00193240 0.05035050 -0.01124158
v 0.02160719 0.03779722 -0.02246771
v 0.01751372 0.01925066 -0.02984474
v 0.01587660 0.02278927 -0.02918919
v 0.06602225 0.03930701 -0.03210380
v 0.08101399 0.04062555 -0.03402182
v 0.08677962 0.03377233 -0.03469251
v 0.09263615 0.02988876 -0.03331665
v 0.05902019 0.03375264 -0.02996577
v 0.06432317 0.04242424 -0.03134163
v 0.06937534 0.04389325 -0.03240070
v 0.06228074 0.04894606 -0.02772748
v 0.06268944 0.05295507 -0.02588949
v 0.07863560 0.05884915 -0.02884796
v 0.07032944 0.05436170 -0.02662949
v 0.06108278 0.05547598 -0.02367668
v 0.05425785 0.05131549 -0.02205432
v 0.05222402 0.05497184 -0.01777197
v 0.05787420 0.05342842 -0.02355989
v 0.06371458 0.06064755 -0.01605313
v 0.05448594 0.05876811 -0.00840563
v 0.04708788 0.05546202 -0.01218772
v 0.06867664 0.06780523 -0.00884413
v 0.07019420 0.06580820 -0.01710477
v 0.07143000 0.06379674 -0.01902415
v 0.06477986 0.06627370 -0.00483032
v 0.05038441 0.05874549 -0.00423690
v 0.04923765 0.06102443 0.00023185
v 0.04643778 0.05673655 -0.00530483
v 0.04086443 0.05089785 -0.01470761
v 0.04064241 0.05564901 -0.00518403
v 0.03703065 0.05277997 -0.01153448
v 0.05402153 0.04375766 -0.02495666
v 0.06092444 0.04220429 -0.03003864
v 0.05052388 0.03981300 -0.02270199
v 0.04535691 0.04089598 -0.02122506
v 0.04645225 0.04409681 -0.02076916
v 0.04266815 0.04482407 -0.01952126
v 0.03318681 0.03966788 -0.01990405
v 0.03260251 0.04438166 -0.01854386
v 0.03639003 0.04273009 -0.01887904
v 0.03335481 0.04693297 -0.01677005
v 0.02878438 0.04239819 -0.01906403
v 0.03485453 0.04984612 -0.01413089
v 0.03690457 0.05722236 -0.00234383
v 0.03445078 0.05564884 -0.00405541
v 0.02971601 0.05645077 -0.00288319
v 0.02811066 0.05348154 -0.00671095
v 0.02533710 0.04939634 -0.01223895
v 0.02869539 0.04554645 -0.01702021
v 0.02815054 0.03759884 -0.02192161
v 0.02048073 0.05320570 -0.00807011
v 0.00979137 0.05196734 -0.00905623
v 0.01412223 0.05018647 -0.01160133
v 0.01336011 0.05399622 -0.00623007
v 0.03527566 0.05952981 0.00172789
v 0.00810479 0.05509318 -0.00435089
v 0.08605250 0.04452561 -0.03216753
v 0.08462382 0.03815632 -0.03453785
v 0.09038249 0.04009428 -0.03223283
v 0.09248720 0.04645551 -0.03129742
v 0.08763096 0.04778621 -0.03171291
v 0.07858880 0.05109759 -0.03070969
v 0.08189090 0.04988287 -0.03195688
v 0.09340249 0.06304011 -0.03264683
v 0.09102262 0.06152840 -0.03191177
v 0.08285514 0.06544832 -0.02921817
v 0.09169254 0.06558108 -0.03231072
v 0.08608887 0.06419855 -0.03063973
v 0.07824082 0.06475977 -0.02716806
v 0.08718708 0.06733416 -0.03121328
v 0.07704720 0.06835435 -0.02622601
v 0.08874239 0.07424459 -0.03731615
v 0.08393726 0.07636688 -0.03542997
v 0.08304746 0.08117301 -0.04310977
v 0.08954372 0.08314810 -0.04854736
v 0.08099800 0.08002137 -0.03586437
v 0.07890282 0.08375178 -0.03502263
v 0.07895168 0.08179315 -0.03214338
v 0.07890025 0.08684558 -0.03211621
v 0.07601660 0.07991969 -0.01870557
v 0.07595075 0.08085900 -0.01551699
v 0.07683873 0.08280414 -0.01944133
v 0.07779538 0.08557145 -0.02000567
v 0.08016930 0.08992975 -0.03508572
v 0.07260080 0.07117477 -0.01379625
v 0.07199764 0.07203278 -0.01050942
v 0.08267279 0.08976088 -0.04057200
v 0.08546946 0.09113563 -0.04428913
v 0.08328008 0.09832431 -0.03976064
v 0.08246657 0.10345586 -0.03744277
v 0.10210449 0.07373503 -0.05638371
v 0.11301854 0.07964266 -0.06349481
v 0.10611073 0.07699601 -0.06215693
v 0.10996727 0.08884084 -0.06207991
v 0.10507728 0.08329318 -0.06195896
v 0.10876214 0.08995941 -0.05827880
v 0.10462394 0.09067865 -0.05452429
v 0.08514757 0.10584083 -0.03952998
v 0.09716399 0.09811798 -0.05136121
v 0.11374903 0.09012567 -0.06366849
v 0.11950046 0.08943116 -0.06499396
v 0.12003597 0.08639750 -0.06450199
v 0.10820311 0.09406102 -0.05360557
v 0.10440553 0.09858809 -0.05376763
v 0.10484953 0.10278612 -0.05474501
v 0.07438211 0.10268720 -0.02844420
v 0.07250600 0.11821508 -0.03250378
v 0.07499973 0.11960706 -0.03088833
v 0.07084663 0.11368354 -0.03222691
v 0.07101251 0.10871651 -0.03034236
v 0.07047141 0.10901866 -0.02859262
v 0.06934072 0.11115720 -0.03033668
v 0.07384209 0.11037511 -0.03116217
v 0.07895584 0.11314970 -0.03179253
v 0.08195230 0.11011636 -0.03407681
v 0.08245216 0.11650116 -0.03395057
v 0.08663060 0.11082218 -0.04093007
v 0.09064500 0.11222932 -0.04413087
v 0.09087192 0.10807927 -0.04590650
v 0.09500298 0.11150292 -0.04775085
v 0.09991298 0.11582485 -0.04572010
v 0.09973615 0.11317710 -0.04927964
v 0.06288117 -0.06074778 -0.03707792
v 0.06214292 -0.05400271 -0.03433411
v 0.05978243 -0.04894936 -0.03145428
v 0.05988184 -0.05211880 -0.03223191
v 0.06485180 -0.06170853 -0.03955591
v 0.07316230 -0.06862509 -0.04185206
v 0.07413664 -0.07624437 -0.04253113
v 0.06423321 -0.07355195 -0.04210398
v 0.07833190 -0.07645088 -0.03913393
v 0.07555935 -0.08409830 -0.04608534
v 0.06554567 -0.08050048 -0.04381879
v 0.06042608 -0.07514846 -0.03884509
v 0.06328641 -0.08674376 -0.04480809
v 0.05815935 -0.07513288 -0.03430562
v 0.05491094 -0.07451262 -0.03017973
v 0.05992631 -0.08728073 -0.03299997
v 0.06176049 -0.08988202 -0.04081303
v 0.06251282 -0.09198298 -0.04456587
v 0.06386861 -0.09555946 -0.04558972
v 0.07043845 -0.08836394 -0.05641084
v 0.07305446 -0.08510219 -0.05561720
v 0.07184402 -0.08431663 -0.04997360
v 0.08409987 -0.08462602 -0.03550701
v 0.08279595 -0.08494175 -0.03840453
v 0.07990893 -0.08546761 -0.04631639
v 0.08517961 -0.08582021 -0.04627929
v 0.07334999 -0.09057955 -0.06091064
v 0.05615135 -0.06304102 -0.01904007
v 0.08316043 -0.08483399 -0.03221163
v 0.08125794 -0.08657706 -0.06075475
v 0.09029403 -0.08723795 -0.04146848
v 0.08745950 -0.08635792 -0.03797556
v 0.12587649 0.11155453 -0.04510632
v 0.12026921 0.11232403 -0.04604651
v 0.09807847 0.10385231 -0.05264275
v 0.09948316 0.10865719 -0.05297766
v 0.11171834 0.09846355 -0.05363054
v 0.11799695 0.10556137 -0.05232488
v 0.12211494 0.09441642 -0.05935824
v 0.11951227 0.09917624 -0.05507490
v 0.12205215 0.10484205 -0.05097347
v 0.12333821 0.09709124 -0.05488147
v 0.12399779 0.10120590 -0.05094003
v 0.04165409 -0.02034762 0.01619261
v 0.05451533 -0.02100365 0.01023841
v 0.04856300 -0.02105073 0.01341809
v 0.03662882 -0.01869215 0.01875135
v 0.03330117 -0.02054633 0.01543796
v 0.02271523 -0.01677120 0.01858948
v 0.01558769 -0.01201631 0.02417646
v 0.01998512 -0.01389643 0.02219606
v 0.01038980 -0.00847847 0.02741244
v 0.03108922 -0.01355568 0.02643391
v 0.05921065 -0.01933668 0.01547087
v 0.05499484 -0.01436424 0.02344503
v 0.05723621 -0.01820917 0.01855016
v 0.06050329 -0.01314281 0.02434422
v 0.06431626 -0.01875487 0.01869515
v 0.06364923 -0.03175626 0.02612841
v 0.06616953 -0.01642077 0.02847536
v 0.06543144 -0.01981856 0.02620386
v 0.06687742 -0.02951593 0.03288182
v 0.07134837 -0.03121036 0.03503808
v 0.08119521 -0.04119311 0.03919546
v 0.08170060 -0.03553970 0.03989058
v 0.08125493 -0.02493737 0.04160955
v 0.08457351 -0.03138635 0.03981198
v 0.08782672 -0.02805372 0.03901856
v 0.09114506 -0.02969587 0.03555990
v 0.09069355 -0.04474420 0.03654251
v 0.09512612 -0.03715142 0.02839528
v 0.09134515 -0.02159327 0.03514122
v 0.07583326 -0.02083126 0.03933991
v 0.07266311 -0.02282550 0.03693163
v 0.07899388 -0.02207247 0.04072038
v 0.08799169 -0.01595814 0.03806267
v 0.08271162 -0.01407976 0.04064891
v 0.08925145 -0.01007153 0.03772277
v 0.08521827 -0.05162582 0.03842245
v 0.07111239 -0.01981548 0.00135594
v 0.08333242 -0.01539599 -0.00005560
v 0.08113091 -0.01676841 -0.00339203
v 0.08686136 -0.01466640 -0.00553928
v 0.08819842 -0.00165028 -0.03177228
v 0.01598786 0.03453756 0.03814977
v 0.01841276 0.03645820 0.03754346
v 0.01884814 0.03419813 0.03891357
v 0.02492132 0.00046335 0.03829565
v 0.00717226 -0.00006071 0.03368813
v 0.07888652 -0.05858231 0.03727355
v 0.08658824 -0.06000020 0.03916263
v 0.09395749 -0.05980711 0.03481189
v 0.07054228 -0.04661581 0.03176177
v 0.07380459 -0.05495333 0.03274423
v 0.07498996 -0.06153144 0.03285578
v 0.07323442 -0.06575957 0.03129368
v 0.07108312 -0.05562662 0.03030500
v 0.07709382 -0.06790261 0.03463643
v 0.09363463 -0.06661808 0.03737356
v 0.09609258 -0.06435238 0.03272367
v 0.07776578 -0.07387771 0.03517864
v 0.08642423 -0.06836326 0.04101188
v 0.09017491 -0.06929270 0.04047405
v 0.09338868 -0.07423472 0.04008169
v 0.09805110 -0.06776245 0.02796805
v 0.10048087 -0.07308067 0.02663123
v 0.07970890 -0.07598116 0.03747502
v 0.08367187 -0.08885355 0.03673840
v 0.08234453 -0.08192129 0.03859028
v 0.09163400 -0.09208351 0.04514577
v 0.08754333 -0.09085278 0.04242604
v 0.10133202 -0.08215947 0.02480946
v 0.09899075 -0.07794130 0.03090527
v 0.10146803 -0.08759834 0.04115327
v 0.10171616 -0.08557218 0.03160689
v 0.10210989 -0.08484490 0.02753072
v 0.10131849 -0.08509140 0.01968347
v 0.09313308 -0.09751960 0.04683925
v 0.10943213 -0.08563755 0.03629887
v 0.10915365 -0.08561327 0.03224012
v 0.10536899 -0.08708201 0.04514623
v 0.10516193 -0.08813692 0.04843989
v 0.09418078 -0.09505505 0.04946703
v 0.10128866 -0.08792392 0.05006106
v 0.11470251 -0.08775388 0.04126622
v 0.10983722 -0.09217798 0.04983028
v 0.10188038 -0.09684856 0.05466091
v 0.10079663 -0.09428262 0.05498745
v 0.10445038 -0.09167904 0.05363431
v 0.10534528 -0.08915110 0.05083299
v 0.06863222 -0.01916112 0.03478042
v 0.06266459 -0.01680603 0.02107813
v 0.06504067 -0.01399998 0.02593477
v 0.05744019 -0.01056454 0.02754486
v 0.06994420 -0.01113243 0.03657408
v 0.07839003 -0.00895943 0.03997857
v 0.07703096 -0.00341916 0.04026720
v 0.07315286 -0.00698029 0.03867587
v 0.06638755 -0.00836043 0.03572125
v 0.06381273 -0.01120544 0.03030878
v 0.06954557 -0.00351631 0.03742076
v 0.08317129 0.00006540 0.03919376
v 0.06730355 -0.00101291 0.03648995
v 0.06831009 0.00424185 0.03724157
v 0.05024830 -0.00640231 0.03176945
v 0.04347587 -0.00431817 0.03509583
v 0.04460151 -0.00830773 0.03251079
v 0.04826286 -0.00134544 0.03523545
v 0.03413025 0.00191498 0.03893522
v 0.05584475 -0.00353059 0.03186361
v 0.04396045 0.01110274 0.03974196
v 0.03957456 0.00958907 0.04040173
v 0.03271515 0.00575519 0.04006587
v 0.04724175 0.01670317 0.03891491
v 0.03630862 0.01938090 0.04105338
v 0.03606866 0.02452257 0.04112011
v 0.03042198 0.01648545 0.04193313
v 0.02692176 0.01952480 0.04196461
v 0.02444844 -0.00848353 0.03256030
v 0.09505662 -0.00773037 0.00183146
v 0.09661978 -0.00909639 -0.00505306
v 0.09736468 -0.00735228 -0.00692835
v 0.09537303 0.01216686 -0.03313348
v 0.08928015 -0.00586863 -0.02376251
v 0.09818081 -0.00764570 -0.00297535
v 0.10131551 -0.00299084 0.00122656
v 0.10011971 -0.00029744 -0.01116775
v 0.09856371 0.00090360 -0.01570097
v 0.10258748 -0.00288233 -0.00359787
v 0.10417099 0.00718446 -0.01160571
v 0.09873625 -0.00416845 0.00370719
v 0.10234363 0.00551807 0.01473590
v 0.09821267 0.00100303 0.02589587
v 0.10270176 0.00748397 0.02254532
v 0.09481288 0.00565310 0.03450295
v 0.09676978 0.00750007 0.03385002
v 0.09707797 0.01199621 0.03427448
v 0.09630045 0.00191645 0.03041014
v 0.09129846 -0.01016291 0.03594582
v 0.09206855 -0.00301684 0.03331418
v 0.10092251 0.01113443 0.02856636
v 0.10320015 0.01109104 0.02455070
v 0.10709760 0.01431978 0.00370711
v 0.10494868 0.01237146 0.01107247
v 0.10602357 0.01864130 0.01400763
v 0.10825980 0.01229051 -0.00579147
v 0.10809472 0.02442709 0.00082986
v 0.10963678 0.03112305 -0.00831496
v 0.10534723 0.02196085 -0.01264526
v 0.10322446 0.02458871 -0.01464279
v 0.10497130 0.01501655 -0.01282613
v 0.10237940 0.01979499 -0.01777178
v 0.10188501 0.02348427 -0.02240711
v 0.10055702 0.02768943 -0.02558263
v 0.09781891 0.02787728 -0.02970003
v 0.10283615 0.03593870 -0.02466955
v 0.09388857 0.01674745 -0.03494142
v 0.09926321 0.02087618 -0.02911274
v 0.09895317 0.01515002 -0.02870617
v 0.10244145 0.01546722 -0.01970292
v 0.09829471 0.00230291 -0.02183500
v 0.02725782 0.04594370 0.03105162
v 0.11312428 0.04639668 -0.00853007
v 0.02331025 0.04000790 0.03543689
v 0.04017774 0.04800300 0.03170416
v 0.02814375 0.04243465 0.03522152
v 0.10612005 0.05854179 -0.02378754
v 0.10945407 0.06794757 -0.02791671
v 0.09867389 0.07032408 -0.03611549
v 0.09207115 0.07488940 -0.04160904
v 0.10047712 0.07158095 -0.03932709
v 0.09953503 0.07213757 -0.04693549
v 0.10040584 0.07211411 -0.05031164
v 0.09313317 0.07578631 -0.04649645
v 0.08816992 0.08329204 0.01253696
v 0.07611711 0.06244811 0.02005192
v 0.07998475 0.07390766 0.01502507
v 0.07971338 0.07637058 0.01314786
v 0.09555019 0.07964516 0.01297267
v 0.08992689 0.07904779 0.01368382
v 0.07037253 0.05432234 0.03080014
v 0.06843581 0.05726532 0.02823227
v 0.06461582 0.05409531 0.03073804
v 0.05895102 0.05162074 0.03339417
v 0.06145729 0.04074515 0.03733488
v 0.04913716 0.05188546 0.03023313
v 0.05144772 0.04775410 0.03329878
v 0.04239846 0.04457532 0.03377424
v 0.05703891 0.03168352 0.03618463
v 0.05279609 0.02099853 0.03720019
v 0.06072347 0.03247061 0.03749468
v 0.06057218 0.00608712 0.03510243
v 0.06541421 0.00684752 0.03670295
v 0.06805534 0.01062073 0.03836235
v 0.05671142 0.00990110 0.03509952
v 0.06864337 0.04474491 0.03585914
v 0.06392072 0.04779167 0.03508027
v 0.08268047 0.06971648 0.01716105
v 0.09444118 0.07627934 0.01530877
v 0.09404460 0.08775146 0.01117997
v 0.09116831 0.08816882 0.01031142
v 0.09435123 0.09048830 0.00983629
v 0.09664176 0.09628818 0.00722983
v 0.10429564 0.08642945 0.00966270
v 0.10222025 0.08278791 0.01052793
v 0.09948268 0.08073311 0.01184522
v 0.10223785 0.07727264 0.01180567
v 0.10453600 0.07274444 0.01232525
v 0.09285951 0.06612025 0.01766629
v 0.10615829 0.07064349 0.00987933
v 0.10928631 0.07577918 0.00727582
v 0.10681061 0.07971620 0.00925966
v 0.10947533 0.08416919 0.00721042
v 0.11549414 0.07953714 0.00227537
v 0.10321125 0.09562954 0.00659876
v 0.11098859 0.10905748 -0.00003293
v 0.10607231 0.07082353 -0.05610754
v 0.10635129 0.06796087 -0.03372482
v 0.10804188 0.07006585 -0.03716755
v 0.10971411 0.06791986 -0.05110690
v 0.11387154 0.07219364 -0.05917457
v 0.11380165 0.06883525 -0.05634069
v 0.11799757 0.08062156 -0.06195800
v 0.11731666 0.07525378 -0.05889753
v 0.12195714 0.07478782 -0.05678545
v 0.11967786 0.07164138 -0.05441666
v 0.11694250 0.07163051 -0.05612295
v 0.11395074 0.06724943 -0.05253800
v 0.11705722 0.06840569 -0.05347005
v 0.11563867 0.08789917 -0.06544019
v 0.11083499 0.09685178 0.00382767
v 0.11377165 0.11177426 -0.00254314
v 0.11779902 0.09412611 0.00018184
v 0.11219356 0.07333617 0.00509994
v 0.11209670 0.06629357 0.00361751
v 0.09569534 0.05709999 0.01900933
v 0.10099300 0.05764697 0.01455998
v 0.09779698 0.04909979 0.01960681
v 0.10359813 0.05102161 0.01112286
v 0.10497897 0.06128882 0.00916736
v 0.10630509 0.05567006 0.00743515
v 0.10834275 0.04545741 0.00444093
v 0.10890239 0.03234536 -0.00122106
v 0.10170667 0.04377412 0.01580062
v 0.09245414 0.05036741 0.02414954
v 0.09451225 0.04655429 0.02416823
v 0.10439411 0.04337104 0.01107477
v 0.10306790 0.03404955 0.01882070
v 0.10523828 0.03018998 0.01244294
v 0.10553867 0.01897765 0.01938893
v 0.10103526 0.03896982 0.02149874
v 0.09407936 0.04382074 0.02747295
v 0.09223310 0.05338724 0.02212094
v 0.08819493 0.05521807 0.02319106
v 0.09787107 0.04167698 0.02543178
v 0.09677292 0.03813173 0.02993085
v 0.08588220 0.05395149 0.02552412
v 0.08252430 0.05158927 0.02887045
v 0.08385061 0.04891841 0.03094000
v 0.08860590 0.04581340 0.03061708
v 0.07116790 0.04232900 0.03591892
v 0.07108193 0.03750801 0.03850951
v 0.06596717 0.03409502 0.03906153
v 0.06382224 0.02696918 0.03882926
v 0.06984306 0.02840817 0.04022822
v 0.06578181 0.02433496 0.04018271
v 0.07360151 0.03491378 0.03828414
v 0.08367082 0.04302137 0.03563125
v 0.07978223 0.03162820 0.03801974
v 0.08451261 0.03291060 0.03775776
v 0.09313726 0.03874868 0.03175730
v 0.08816881 0.04299695 0.03318072
v 0.09055706 0.03856602 0.03425213
v 0.08951396 0.03059817 0.03710104
v 0.08511678 0.01179264 0.03933968
v 0.08672117 0.01662700 0.03962374
v 0.08924251 0.01889572 0.03920965
v 0.09917101 0.01454660 0.03144768
v 0.09260762 0.02745074 0.03679980
v 0.10100224 0.03291634 0.02979521
v 0.10208747 0.02791450 0.02595608
v 0.09871271 0.02016277 0.03252214
v 0.09674469 0.02272143 0.03438541
v 0.09455013 0.02557766 0.03614702
v 0.08505807 0.01862307 0.03966302
v 0.11128148 0.04801498 -0.01456854
v 0.11390170 0.06033364 -0.00006054
v 0.11839155 0.07501826 -0.00284404
v 0.11967354 0.07066517 -0.00735678
v 0.11710908 0.08651987 0.00123166
v 0.12044223 0.08526280 -0.00250036
v 0.12533757 0.11003493 -0.00716803
v 0.13028347 0.11429418 -0.00618438
v 0.12890162 0.11112545 -0.00588176
v 0.13406907 0.11077908 -0.00355090
v 0.13555759 0.11641513 -0.00583513
v 0.13336873 0.10746133 -0.00394910
v 0.12721820 0.10415486 -0.00619930
v 0.13515989 0.10614754 -0.00456720
v 0.13790913 0.10763669 -0.00528254
v 0.13795382 0.10993273 -0.00454405
v 0.13775352 0.10929325 -0.00705889
v 0.13685188 0.11255480 -0.00392071
v 0.13235778 0.11935130 -0.01173898
v 0.12894951 0.11861410 -0.01971581
v 0.13133183 0.11908127 -0.01597691
v 0.13332281 0.11751224 -0.01522402
v 0.12394170 0.07997365 -0.05954214
v 0.12695237 0.08228925 -0.05848129
v 0.12721564 0.08290664 -0.05184362
v 0.12744117 0.07725764 -0.05306930
v 0.12556840 0.09363893 -0.05487836
v 0.12273213 0.09251032 -0.05011501
v 0.12365289 0.09557977 -0.04935377
v 0.12674600 0.07608365 -0.05111485
v 0.11854014 0.06926274 -0.04774821
v 0.11610836 0.07054950 -0.04229027
v 0.12202145 0.07257464 -0.04116242
v 0.12478543 0.07463310 -0.04377016
v 0.12328923 0.09038052 -0.04812934
v 0.12662376 0.09958867 -0.04730216
v 0.12520145 0.09053656 -0.04359809
v 0.13015002 0.09518883 -0.04136604
v 0.12858315 0.09112395 -0.04073881
v 0.11909245 0.07245876 -0.03690891
v 0.11360779 0.07166529 -0.03727275
v 0.11980002 0.07246479 -0.03168613
v 0.11698077 0.05882401 -0.00769108
v 0.11851954 0.06413618 -0.00772959
v 0.11676575 0.06409363 -0.01298800
v 0.12632938 0.07710309 -0.01558341
v 0.12945932 0.07919441 -0.01812145
v 0.12612762 0.07497900 -0.01931919
v 0.11858696 0.06760685 -0.02308001
v 0.12373075 0.07393564 -0.03859323
v 0.12395215 0.07377943 -0.03208759
v 0.12641852 0.07687154 -0.03732931
v 0.13118114 0.08195243 -0.03142116
v 0.13038591 0.09008119 -0.03750606
v 0.13181940 0.09046926 -0.03222848
v 0.13237406 0.08611976 -0.02960180
v 0.13302520 0.10500973 -0.04238795
v 0.13437924 0.11015463 -0.02496245
v 0.13268185 0.10945020 -0.02006006
v 0.13247266 0.11011996 -0.01536917
v 0.13622515 0.10485568 -0.00893125
v 0.12730792 0.09848505 -0.00782169
v 0.12779604 0.08225644 -0.01373811
v 0.13241422 0.08361846 -0.02038634
v 0.13243955 0.09656827 -0.01197900
v 0.13281269 0.09182267 -0.02786143
v 0.13261348 0.09578976 -0.02887152
v 0.13322163 0.09897341 -0.02924741
v 0.13381116 0.10688396 -0.03198058
v 0.13436210 0.10313712 -0.02825706
v 0.13332759 0.10698364 -0.02136877
v 0.04877168 0.03570650 0.03571971
v 0.04493723 0.04192185 0.03510734
v 0.04013443 0.02908219 0.03917291
v 0.03681326 0.03563166 0.03841188
v 0.03825517 0.03803672 0.03761679
v -0.10590181 0.01485304 0.01474295
v -0.09547023 0.01763098 0.02178040
v -0.09707252 0.02516247 0.01980030
v -0.10104446 0.02562379 0.01702877
v -0.08058784 0.06110038 0.02017787
v -0.09019785 0.05278906 0.02183173
v -0.09650823 0.04943358 0.01928718
v -0.09228629 0.04932416 0.02189115
v -0.09653208 0.04528343 0.02058687
v -0.09126662 0.04385538 0.02276332
v -0.09389354 0.03593498 0.02050160
v -0.09360742 0.03290162 0.02217521
v -0.09386496 0.03158254 0.02482154
v -0.09336270 0.01996884 0.02583397
v -0.09095347 0.03177337 0.03208026
v -0.09008330 0.03858761 0.03146689
v -0.08789197 0.04564775 0.02911237
v -0.07740722 0.05647977 0.02955050
v -0.07576896 0.05986865 0.02564432
v -0.07873319 0.05338961 0.03280693
v -0.08824442 0.04009056 0.03490235
v -0.05077783 0.05225004 0.04028475
v -0.08456846 0.04066518 0.03892164
v -0.07344113 0.06287159 0.02147994
v -0.06925201 0.06187680 0.02466193
v -0.06810730 0.06015580 0.02807389
v -0.06820032 0.06571257 0.01194664
v -0.06401178 0.06287288 0.02288232
v -0.06311667 0.06343061 -0.00094390
v -0.06167497 0.05993897 0.02916771
v -0.07367206 0.05348528 0.03751439
v -0.07792524 0.05067098 0.03807450
v -0.07890252 0.04017198 0.04271618
v -0.07391184 0.04784710 0.04166206
v -0.06296495 0.05415924 0.03779368
v -0.05495577 0.05930116 0.03105805
v -0.05432624 0.05400102 0.03834141
v -0.03832357 0.05714680 0.03286482
v -0.04658342 0.05972486 0.02995798
v -0.05014095 0.06327529 0.02075148
v -0.04589487 0.06123345 0.02626452
v -0.05243751 0.06274759 -0.00704895
v -0.04012087 0.06380791 0.00221438
v -0.03891175 0.06437057 0.00614839
v -0.03850752 0.06279640 -0.00272713
v -0.02992369 0.06096721 -0.00673305
v -0.02176739 0.06187376 0.00740346
v -0.02230557 0.06034322 0.01792328
v -0.02615657 0.06176465 0.01306777
v -0.03024986 0.05731168 0.02775177
v -0.01718301 0.05838897 0.02069940
v -0.01637719 0.05931656 0.01675604
v -0.03260808 0.05643524 0.03159695
v -0.02168147 0.04676971 0.03486441
v -0.02676798 0.04860395 0.03572987
v -0.02340656 0.05546540 0.02874358
v -0.01531489 0.05441142 0.02491983
v -0.00787037 0.05333206 0.02439589
v -0.00419486 0.05544598 0.02053474
v -0.01176179 0.05278729 0.02595791
v -0.01087214 0.04584211 0.03327610
v -0.00449920 0.05021763 0.02741840
v -0.00293344 0.05381607 0.02308475
v -0.00195837 0.05623788 0.01726953
v -0.01590130 0.05893003 -0.00576258
v -0.01737656 0.05686873 -0.00961065
v -0.06916408 0.06320508 0.00162102
v 0.06067429 0.06410231 -0.00349948
v 0.03078736 0.06029613 0.00455657
v 0.02681262 0.05762280 0.00146681
v 0.02020730 0.05868958 0.00482872
v 0.04295764 0.06242077 0.00423766
v 0.03711934 0.06194598 0.00671212
v 0.06256522 0.06957319 0.00672367
v 0.06615219 0.07018974 0.00119678
v 0.06182408 0.06780334 0.00255124
v 0.05795912 0.06707343 0.00780473
v 0.05635173 0.06305680 0.01361851
v 0.05101753 0.06391034 0.00435157
v 0.05249543 0.06309325 0.01116690
v 0.06315086 0.06513861 0.01466276
v 0.06197724 0.06096312 0.02030336
v 0.05898055 0.06149541 0.01877560
v 0.02229420 0.05660881 0.01667755
v 0.02751040 0.05810324 0.01413569
v 0.02532177 0.05528979 0.01895792
v 0.03800764 0.05782717 0.01886161
v 0.03911738 0.05964946 0.01534435
v 0.02410406 0.05068423 0.02632432
v 0.03802150 0.05102911 0.02808989
v 0.01365150 0.05675264 0.01254621
v 0.01652703 0.05476767 0.01955997
v 0.00874101 0.05454667 0.02096811
v 0.00859448 0.05221377 0.02505404
v 0.00556393 0.05444965 0.02090504
v 0.00750055 0.05737779 0.00766066
v 0.01207550 0.05718571 0.00394271
v 0.06843797 0.06027966 0.02503617
v 0.06980951 0.06331606 0.01846763
v 0.06317900 0.05841744 0.02729228
v 0.05644875 0.06245998 0.01715559
v 0.05275582 0.06046016 0.01917516
v 0.04561862 0.06060492 0.01456053
v 0.00344697 0.05154627 0.02492804
v 0.06907022 0.07485387 0.00592165
v 0.07194894 0.07796380 0.00169473
v 0.07178736 0.07558046 -0.00035059
v 0.07180984 0.07800214 0.00505122
v 0.07604011 0.08515988 -0.00762101
v 0.07487605 0.07995917 -0.00896631
v 0.07388341 0.08073770 0.00108746
v 0.08618030 0.08982103 0.00847231
v 0.07787070 0.08570489 0.00500930
v 0.06979318 0.06902173 0.01316930
v 0.07587194 0.05447809 0.03033188
v 0.05017293 0.05908979 0.02363755
v 0.04268574 0.05540525 0.02559592
v 0.04622013 0.05526489 0.02767962
v 0.05388757 0.05650324 0.02777281
v 0.09253244 0.09814157 0.00606487
v 0.08439035 0.09840614 0.00215221
v 0.08067600 0.09849328 -0.01713637
v 0.07889511 0.09305613 -0.01886054
v 0.08119500 0.09849794 -0.01442812
v 0.08071164 0.10051898 -0.00769849
v 0.08813056 0.10177556 0.00251540
v 0.08866894 0.09679144 0.00528696
v 0.08370831 0.10175620 -0.00089147
v 0.09040157 0.10511095 0.00076588
v 0.10148614 0.10094137 0.00513515
v 0.09352116 0.11146094 -0.00227901
v 0.09126345 0.11296540 -0.00481780
v 0.08324781 0.10950832 -0.01093995
v 0.09958191 0.10934121 0.00096376
v 0.09907822 0.11465559 -0.00325522
v 0.09147164 0.11620428 -0.00864625
v 0.10707292 0.11409558 -0.00269676
v 0.09028261 0.11897378 -0.01493916
v 0.08237356 0.11252892 -0.01735912
v 0.08084631 0.10193335 -0.01527889
v 0.07418139 0.10917508 -0.02560145
v 0.07334140 0.11403570 -0.02670002
v 0.07819840 0.11352285 -0.02586407
v 0.08227438 0.11504342 -0.02622994
v 0.07796658 0.11716551 -0.02943958
v 0.08330902 0.11837366 -0.03167057
v 0.08677217 0.11913849 -0.03031859
v 0.09043267 0.11976358 -0.03264621
v 0.08898409 0.11913058 -0.02210177
v 0.09832686 0.11795399 -0.04146443
v 0.09997923 0.12272165 -0.01982820
v 0.10951419 0.12222116 -0.01926570
v 0.11940689 0.11737540 -0.01221950
v 0.11698283 0.12168901 -0.02599330
v 0.11030565 0.12074390 -0.03440166
v 0.11921354 0.12043915 -0.03092891
v 0.12471499 0.11769717 -0.01471154
v 0.10614538 0.11934937 -0.03938657
v 0.10556240 0.11674394 -0.04522190
v 0.12600709 0.11388105 -0.04214466
v 0.12882060 0.11673275 -0.03155677
v 0.13268799 0.11457284 -0.02703904
v 0.12655471 0.11667175 -0.03699739
v -0.03907432 -0.00396154 -0.01834241
v -0.03479885 0.00008834 -0.01953975
v -0.03292719 0.00601593 -0.02326253
v -0.08590623 0.02151737 0.00658902
v -0.07004780 0.00665270 0.01181717
v -0.07471443 0.00893198 0.01351783
v -0.07232285 0.00847923 0.01013224
v -0.03561101 0.00230843 -0.01182649
v -0.04648581 0.00548065 0.00322798
v -0.05864982 0.00799236 0.00852741
v -0.04210182 -0.00077402 0.01699870
v -0.02917313 0.00025910 -0.00758790
v -0.02864916 0.00258857 -0.01928265
v -0.01764320 -0.00234347 -0.01296362
v -0.01185253 -0.00432750 -0.01501280
v 0.00179578 -0.00824220 -0.01637951
v 0.02317588 -0.01041327 -0.02304415
v -0.02964510 -0.00479964 0.02982817
v -0.02749742 -0.00274613 0.03050989
v -0.02088578 -0.00237295 0.02078928
v -0.02843207 -0.00148224 0.02595666
v -0.03244624 -0.00943100 0.03033646
v -0.03670453 -0.01074416 0.02791533
v -0.02542595 -0.00101613 0.01974254
v -0.02153752 -0.00353801 0.01454266
v -0.01933281 -0.00330367 0.02651891
v -0.02963290 -0.00017391 0.01232964
v -0.01770309 -0.00561243 0.00485251
v -0.01629357 -0.00656891 0.00794758
v -0.03002969 -0.00036374 -0.00176269
v -0.00882503 -0.00773988 0.02273726
v -0.00352033 -0.00966883 0.02002994
v -0.01468115 -0.00659077 -0.00166302
v 0.02230669 -0.01724681 -0.01071723
v 0.03112150 -0.01338756 -0.02182096
v 0.03792847 -0.01244089 -0.02352721
v 0.04097704 -0.01428230 -0.02103570
v 0.02641211 -0.01748404 -0.01304751
v 0.05596169 -0.01393276 -0.01997635
v 0.05806681 -0.01743598 -0.01264552
v 0.04730979 -0.01943138 -0.01033725
v 0.04355616 -0.02250125 -0.00202512
v 0.05950890 -0.01584174 -0.01851225
v 0.06166514 -0.01883223 -0.01587840
v 0.05862841 -0.02035153 -0.00886535
v 0.01283845 -0.01715451 0.00058293
v 0.02697541 -0.01985034 0.01442705
v 0.01915374 -0.01853879 0.01105391
v 0.00444584 -0.01484260 0.00353619
v 0.00257070 -0.01308909 0.01511787
v -0.04191388 -0.01902252 0.02658463
v -0.04114465 -0.00685591 0.02254686
v -0.03493940 0.00191722 0.01319295
v -0.03595231 -0.00244240 0.02265568
v -0.05139372 -0.00195748 0.01542180
v -0.04750912 -0.00529493 0.01752757
v 0.00953377 -0.01468589 0.01909601
v -0.09171925 -0.07725921 -0.01339193
v -0.09323135 -0.02553895 0.00330303
v -0.09049759 -0.02446212 0.00801430
v -0.09425544 -0.02880845 0.00790412
v -0.09491439 -0.02617431 -0.00075355
v -0.09454641 -0.03159554 -0.00049417
v -0.11828320 -0.03947644 0.00155825
v -0.11292900 -0.04457203 0.00409870
v -0.11093804 -0.07059835 -0.01632242
v -0.10117350 -0.07479569 -0.02140394
v -0.10229056 -0.07439907 -0.01800920
v -0.09926987 -0.07024767 -0.01322097
v -0.10238443 -0.06201991 -0.01109224
v -0.10931252 -0.06979385 -0.01312071
v -0.11285764 -0.07077714 -0.01159096
v -0.12501335 -0.07588919 -0.01704278
v -0.12422207 -0.07745562 -0.01411395
v -0.11718832 -0.07022581 -0.00730057
v -0.11248392 -0.03111853 0.00651097
v -0.10972799 -0.04041430 0.00711686
v -0.10806677 -0.04099590 0.00878535
v -0.11200774 -0.04845084 0.00659520
v -0.10930708 -0.04784501 0.00889748
v -0.10560518 -0.03714880 0.00831742
v -0.10456039 -0.03311922 0.00681557
v -0.10612096 -0.02841723 0.00658908
v -0.09923257 -0.03720076 0.00427542
v -0.09701253 -0.03035786 0.00685720
v -0.09456498 -0.03473358 0.00286402
v -0.10620736 -0.04873292 0.00535291
v -0.10590655 -0.04624759 0.00670292
v -0.11308523 -0.05081174 0.00323114
v -0.10927410 -0.05344411 0.00266520
v -0.11206945 -0.06677609 -0.00765515
v -0.11346292 -0.06068238 -0.00240747
v -0.11693171 -0.06588078 -0.00424181
v -0.11999623 -0.06353001 -0.00229832
v -0.12301640 -0.07269509 -0.00527696
v -0.12607217 -0.07881929 -0.01076620
v -0.13220690 -0.08264758 -0.01434570
v -0.13371912 -0.07573110 -0.00477603
v -0.13146584 -0.08218385 -0.01100768
v -0.13354880 -0.08118080 -0.00778278
v -0.12674867 -0.06492032 -0.00341864
v -0.13673215 -0.07148026 -0.00530376
v -0.13763358 -0.08032379 -0.00616564
v -0.13883634 -0.08041672 -0.02195374
v -0.13692541 -0.08165709 -0.02021588
v -0.14275530 -0.08480195 -0.01988383
v -0.14867927 -0.09019613 -0.01248734
v -0.15072162 -0.08901819 -0.00900237
v -0.15192427 -0.09076280 -0.01681792
v -0.15171705 -0.07926506 -0.00559975
v -0.09505892 -0.04134074 -0.00242216
v -0.09911931 -0.04178611 0.00185885
v -0.09471072 -0.02580971 0.01196173
v -0.08959182 -0.02118468 0.01210847
v -0.11484178 -0.02672918 0.00748960
v -0.11854223 -0.00713171 0.01141616
v -0.11621040 -0.01593681 0.00995738
v -0.10687777 -0.00917120 0.01020625
v -0.10601679 -0.01498915 0.01000501
v -0.10161409 -0.02134521 0.02692539
v -0.10501476 -0.02453300 0.02945722
v -0.10339168 -0.01082386 0.01328242
v -0.09986595 -0.02016107 0.02333938
v -0.10064512 -0.01293570 0.01707853
v -0.12179724 0.00171180 0.01027945
v -0.11685106 0.00760356 0.01436708
v -0.10907627 0.00147148 0.01157551
v -0.10547224 -0.00326010 0.01156774
v -0.09805672 -0.01050173 0.01808292
v -0.09536823 -0.01425014 0.02231581
v -0.10254639 0.00255447 0.01247148
v -0.09909013 0.00211496 0.02054507
v -0.09739130 0.00047600 0.02164519
v -0.09581663 -0.00351476 0.02142280
v -0.09435000 -0.01077698 0.02165372
v -0.11903786 -0.01647229 0.00884709
v -0.10018985 0.04193294 0.01969940
v -0.09188994 -0.01196153 0.02467339
v -0.15700774 -0.08903438 -0.01094527
v 0.06262366 -0.02108077 -0.01233861
v 0.06751651 -0.01868825 -0.00814951
v 0.07513233 -0.01838773 -0.00352871
v 0.08058951 -0.01638836 -0.00603399
v 0.07117622 -0.01729568 -0.00632203
v 0.07267926 -0.01607575 -0.01218152
v 0.06540985 -0.03248293 -0.01452215
v 0.06214269 -0.02472014 -0.01506395
v 0.05962055 -0.02550279 -0.02092786
v 0.06144807 -0.03473315 -0.01587504
v 0.06158995 -0.04320318 -0.01673936
v 0.08210426 -0.00609664 -0.03292375
v 0.07930532 -0.01013140 -0.03331834
v 0.08458740 -0.01281568 -0.02403680
v 0.08261575 -0.02164180 -0.03012925
v 0.08020964 -0.02696333 -0.02620383
v 0.07594731 -0.04128760 -0.02493222
v 0.08105662 -0.03480029 -0.03122432
v 0.07974924 -0.04414257 -0.03202850
v 0.08240694 -0.02314731 -0.02880201
v 0.09489071 -0.00319090 -0.01291378
v 0.07911912 -0.01196575 -0.01083918
v 0.09130438 -0.00491107 -0.01821079
v 0.08009309 -0.06665087 -0.03593982
v 0.07859631 -0.06399675 -0.03349984
v 0.07526832 -0.06260580 -0.02859231
v 0.07966645 -0.06010503 -0.03493199
v 0.07907372 -0.05572607 -0.03584786
v 0.07902123 -0.05062485 -0.03142227
v 0.07578714 -0.05216150 -0.03814467
v 0.05878591 -0.05198694 -0.01804722
v 0.07850383 -0.07010030 -0.03871113
v 0.05993022 -0.08349258 -0.03453568
v 0.06109074 -0.09347308 -0.03401285
v 0.06747432 -0.09816623 -0.04575061
v 0.06950086 -0.10005020 -0.03830162
v 0.07466695 -0.09617346 -0.05793209
v 0.07923944 -0.09673648 -0.05711902
v 0.08248040 -0.09879790 -0.04729939
v 0.06089792 -0.08796389 -0.02933557
v 0.05789560 -0.06015286 -0.01817872
v 0.05870999 -0.06955566 -0.02071746
v 0.05707875 -0.07252525 -0.02195518
v 0.06191131 -0.07808299 -0.02062169
v 0.06383123 -0.07665525 -0.01922166
v 0.06899909 -0.07145839 -0.02046387
v 0.07007458 -0.05635556 -0.02105007
v 0.08285125 -0.09395976 -0.05799447
v 0.09046728 -0.09183246 -0.05332623
v 0.08476794 -0.10003890 -0.03897709
v 0.09222602 -0.09215198 -0.04798463
v 0.08815877 -0.09811112 -0.04619223
v 0.07905363 -0.10182180 -0.02967814
v 0.09308676 -0.09439612 -0.03158508
v 0.09249427 -0.09711920 -0.03288895
v 0.09232082 -0.08937770 -0.04566443
v 0.09050793 -0.09943660 -0.03037167
v 0.08828118 -0.09925713 -0.02798578
v 0.08052389 -0.10084670 -0.02771207
v 0.06383824 -0.09824581 -0.03575315
v 0.06589933 -0.10000557 -0.03518311
v 0.06291512 -0.09687079 -0.03249745
v 0.06349379 -0.08936718 -0.02524192
v 0.06404068 -0.08168681 -0.01959212
v 0.06964300 -0.09744676 -0.02499977
v 0.06641815 -0.09805623 -0.02826451
v 0.07205536 -0.08625169 -0.02279563
v 0.06583841 -0.08455178 -0.02044902
v 0.07177356 -0.06644687 -0.02377525
v 0.06958721 -0.06403773 -0.02148110
v 0.07717453 -0.08647088 -0.02663063
v 0.09231639 -0.08988540 -0.03136679
v 0.06903978 -0.10054944 -0.02884015
v 0.07394209 -0.09110922 -0.02305344
v 0.07404748 -0.08492588 -0.02473952
v -0.05213601 0.02676942 0.04707565
v -0.05119769 0.03149704 0.04691754
v -0.05580272 0.02733004 0.04671244
v -0.04603638 0.03783064 0.04671456
v -0.04099590 0.03136045 0.04622401
v -0.04909276 0.04329849 0.04526480
v -0.04819244 0.04000760 0.04666745
v -0.05117749 0.04781702 0.04397627
v -0.04676513 0.05160069 0.04084338
v -0.05858405 0.04654159 0.04413284
v -0.05657159 0.04980377 0.04239567
v -0.04670018 0.04930568 0.04286811
v -0.03959845 0.04680379 0.04326542
v -0.03305980 0.04793403 0.03943180
v -0.03105405 0.04162532 0.04112272
v -0.03403284 0.03331525 0.04371949
v -0.03488175 0.01397013 0.04376194
v -0.03258776 0.01310693 0.04083570
v -0.02654332 0.00825684 0.03533031
v -0.03101006 0.00524804 0.03816246
v -0.03346592 0.00138652 0.03988908
v -0.01814834 0.00039932 0.02950065
v -0.00522005 -0.00673742 0.02655586
v -0.00547546 -0.00073618 0.02976684
v -0.01708064 0.00871429 0.03254120
v -0.01846184 0.01840695 0.03555341
v -0.00868151 0.01799229 0.03592817
v -0.01040100 0.02148043 0.03677503
v 0.00843692 0.00390044 0.03626714
v -0.01314295 0.01605718 0.03497755
v -0.01607047 0.02723249 0.03754564
v -0.00284351 0.01340519 0.03511462
v 0.00728965 0.01377879 0.03882422
v 0.00105946 0.01877891 0.03818522
v -0.01331076 0.02919182 0.03813222
v -0.01017357 0.03809306 0.03689716
v -0.00077345 0.03309400 0.03821172
v -0.00172184 0.03912959 0.03549428
v 0.00456250 0.03502190 0.03737418
v 0.00897951 0.03957496 0.03458771
v 0.01354295 0.04201724 0.03433593
v 0.01589534 0.03708530 0.03595869
v 0.01180043 0.03550383 0.03696138
v 0.01984380 0.03805850 0.03578785
v 0.01792651 0.02889258 0.03976347
v 0.00998462 0.02806048 0.03992128
v 0.01637739 0.02449346 0.04080778
v 0.01892804 0.02600853 0.04106830
v 0.02044182 0.02411224 0.04139106
v 0.02404974 0.02240502 0.04103896
v 0.01777432 0.01309301 0.04072203
v 0.02375643 0.01415348 0.04119896
v 0.02346600 0.04723883 0.02950045
v 0.02181176 0.04181689 0.03392045
v 0.01856834 0.04517702 0.03163145
v 0.00535513 0.04092839 0.03380845
v 0.00008497 0.04243303 0.03424646
v 0.06794839 -0.02024142 0.01526950
v 0.06774530 -0.02725477 0.02184276
v 0.06469911 -0.03562277 0.02593757
v 0.09504572 -0.03191904 0.02652805
v 0.09336155 -0.02591679 0.02330229
v 0.09389485 -0.03936384 0.02537591
v 0.06790642 -0.04716841 0.02765019
v 0.07355371 -0.01674898 0.00816888
v 0.08570692 -0.00620819 0.00825451
v 0.08568692 -0.01486161 0.01453250
v 0.09179539 -0.00427321 0.00847155
v 0.07161231 -0.05121523 0.02489819
v 0.07407206 -0.04664136 0.02321738
v 0.07719579 -0.04266421 0.02066133
v 0.07780389 -0.02708202 0.01543620
v 0.08028615 -0.02330448 0.01379803
v 0.08284024 -0.02350375 0.01551932
v 0.08191790 -0.02883429 0.01629651
v 0.08032221 -0.03440249 0.01738103
v 0.07847212 -0.05300101 0.02151641
v 0.07390511 -0.05553436 0.02428220
v 0.06919097 -0.05232182 0.02702858
v 0.07064191 -0.05690003 0.02833734
v 0.07254991 -0.06228039 0.02776825
v 0.07357076 -0.07055518 0.03114103
v 0.07464711 -0.07435860 0.03094240
v 0.07475707 -0.07316459 0.03210822
v 0.08921211 -0.04214314 0.02206202
v 0.08241608 -0.04200725 0.01831592
v 0.08608358 -0.05406971 0.01919478
v 0.08438756 -0.06725763 0.01834795
v 0.08027528 -0.06884078 0.02086215
v 0.07582659 -0.07700559 0.03027538
v 0.07605845 -0.07633799 0.03251144
v 0.09471919 -0.06227326 0.02539475
v 0.09612577 -0.06174713 0.02702525
v 0.09799206 -0.06900535 0.02567609
v 0.08821356 -0.07461320 0.01649528
v 0.08641247 -0.07831266 0.01582479
v 0.09131306 -0.07582796 0.01873816
v 0.08742141 -0.08375605 0.01712545
v 0.07959928 -0.08178052 0.02654778
v 0.09158186 -0.09300606 0.01660901
v 0.09632759 -0.08911408 0.01659479
v 0.10417072 -0.09284811 0.01476624
v 0.11091211 -0.09432279 0.01427778
v 0.11273421 -0.09354398 0.01546750
v 0.09147701 -0.01854489 0.01981138
v 0.08763609 -0.02080071 0.01800525
v -0.08693238 0.02179254 0.00972576
v -0.08910356 0.01272350 0.01046336
v -0.08948429 -0.01995042 0.01527744
v -0.08544216 0.01561920 0.01632278
v -0.07928875 0.01367926 0.01438229
v -0.08226415 0.01060212 0.01740157
v -0.07524524 0.00361235 0.01671498
v -0.07263330 -0.00934939 0.01638139
v -0.07667744 -0.00233228 0.01728828
v -0.08252995 0.00103066 0.01859677
v -0.08806299 0.00671222 0.01606725
v -0.08542174 0.00667555 0.01754421
v -0.07800986 -0.01599899 0.01714822
v -0.08542877 -0.00307763 0.01617553
v -0.08377507 -0.00259407 0.01767107
v -0.08637243 -0.01762564 0.01501876
v -0.08895173 -0.02402791 0.01778751
v -0.08591678 -0.02575565 0.01748866
v -0.10184320 -0.03106258 0.01789515
v -0.09694818 -0.03577115 0.01703423
v -0.09617852 -0.04227732 0.01637102
v -0.10614689 -0.03910252 0.01863620
v -0.10608640 -0.04276454 0.01860164
v -0.09490845 -0.02669368 0.01782209
v -0.09228655 -0.03003918 0.01756299
v -0.08934379 -0.03470689 0.01789648
v -0.09788929 -0.04743839 0.01685588
v -0.09327613 -0.04749572 0.01750032
v -0.08544777 -0.05026345 0.02319808
v -0.08311091 -0.03392513 0.01759173
v -0.07949220 -0.02351921 0.01677079
v -0.07048174 -0.01833546 0.01597971
v -0.06648231 -0.02396212 0.01666438
v -0.10144264 -0.05481870 0.01765283
v -0.09046534 -0.05271156 0.02155313
v -0.09255656 -0.05991281 0.02259709
v -0.09738518 -0.05846087 0.01910925
v -0.06552231 -0.03935989 0.02355597
v -0.07100644 -0.03835884 0.02148186
v -0.06192176 -0.03499071 0.02230786
v -0.06053120 -0.02518037 0.01833640
v -0.06262979 -0.03078346 0.01969770
v -0.08805098 -0.06224841 0.02304325
v -0.10064052 -0.06270093 0.01765587
v -0.10131615 -0.07029579 0.01756424
v -0.09490977 -0.06358904 0.02173323
v -0.09503287 -0.07313116 0.02096771
v -0.08815497 -0.06779638 0.02318778
v -0.08989230 -0.07335070 0.02327639
v -0.09938620 -0.07689746 0.01800717
v -0.08478452 -0.01079849 0.01539324
v -0.05829857 -0.00163350 0.01486466
v -0.06158629 -0.02132861 0.01688822
v -0.05765465 -0.01908030 0.01725657
v -0.08322350 -0.04843499 -0.01453484
v -0.07589164 -0.03934455 -0.01488944
v -0.08222101 -0.04128698 -0.01314865
v -0.07049008 -0.04665918 -0.02262351
v -0.06726044 -0.04280048 -0.02020149
v -0.06670081 -0.03952941 -0.01810949
v -0.07135523 -0.04372350 -0.01837918
v -0.06768727 -0.03597923 -0.01583213
v -0.07312310 -0.03320813 -0.01356716
v -0.06612419 -0.02744328 -0.01273541
v -0.08800427 -0.03769518 -0.01104724
v -0.07488621 -0.02204475 -0.01037429
v -0.08122513 -0.00632785 -0.00962972
v -0.08700340 -0.00550328 -0.01117368
v -0.07103638 -0.00365488 -0.00426773
v -0.07428234 0.00024929 -0.00186824
v -0.06924598 0.00015905 -0.00013113
v -0.06462235 -0.00095527 -0.00141834
v -0.08003888 0.00102124 -0.00505057
v -0.09092550 -0.00965969 -0.01019647
v -0.08979949 -0.01421190 -0.01021143
v -0.07564279 0.00717564 0.00548016
v -0.08063864 0.01000894 0.00305051
v -0.09223691 -0.01826126 -0.00704979
v -0.06024333 -0.03218612 -0.01747568
v -0.05760799 -0.03431365 -0.02205059
v -0.06143925 -0.00649294 -0.00622206
v -0.05815442 -0.02321890 -0.01389401
v -0.05241982 -0.01627552 -0.01424854
v -0.05613834 -0.00956822 -0.00913684
v -0.06615742 0.00281074 0.00194323
v -0.05168152 -0.00755084 -0.00921058
v -0.05060587 -0.00228370 -0.00677880
v -0.05774673 -0.00098742 -0.00405031
v -0.08864507 0.01616164 -0.00273902
v -0.08325462 0.01716581 0.00479132
v -0.09249505 0.01949561 -0.00538852
v -0.07071620 0.00445873 0.00305945
v -0.04634325 -0.00178727 -0.00954808
v -0.04243777 0.00260646 -0.00855441
v -0.03561975 0.00123826 -0.01414441
v -0.06442553 0.00804219 0.00560647
v -0.06339180 0.00664975 0.00320350
v -0.08857568 0.00777797 0.02979178
v -0.08382604 0.00932492 0.03669783
v -0.08115689 0.02772422 0.04273307
v -0.08300246 0.03118105 0.04176068
v -0.07718417 0.02810511 0.04385454
v -0.07491411 0.02730873 0.04534364
v -0.07599400 0.01306244 0.04339966
v -0.07376632 0.01500685 0.04503382
v -0.08953977 -0.01065055 0.02950664
v -0.08605810 -0.01246023 0.03379172
v -0.08133585 -0.01500054 0.03625107
v -0.08624401 -0.01814410 0.03504130
v -0.07661094 -0.00858672 0.03845877
v -0.06969529 -0.00894365 0.04009936
v -0.06617068 -0.01024040 0.04082040
v -0.07165407 -0.01706768 0.03950291
v -0.05806139 -0.01417653 0.04335720
v -0.05846816 -0.00246944 0.04347532
v -0.06088821 0.00385121 0.04337577
v -0.06284358 0.01063662 0.04426908
v -0.04516846 0.00754462 0.04671636
v -0.05546910 0.02208478 0.04642751
v -0.06113246 0.02221743 0.04653604
v -0.04362723 0.01801535 0.04740742
v -0.06707460 0.03135055 0.04675768
v -0.06674921 0.03693367 0.04660319
v -0.06867531 0.04116245 0.04514377
v -0.06739426 0.04613293 0.04400929
v -0.06946501 0.02889115 0.04668860
v -0.07102150 0.03469576 0.04581480
v -0.07497286 0.03816112 0.04499891
v -0.04094378 -0.00519958 0.04428238
v -0.03814885 0.00381887 0.04461866
v -0.03675965 -0.00201267 0.04254939
v -0.04114373 -0.00953946 0.04337616
v -0.03695498 -0.00935447 0.04057061
v -0.03351672 -0.00919396 0.03610390
v -0.11232683 -0.03599887 0.03055797
v -0.11155070 -0.04306573 0.03122248
v -0.11145762 -0.04988678 0.03003601
v -0.10928817 -0.07177064 0.01936085
v -0.10760275 -0.08047432 0.01759653
v -0.11276246 -0.06812239 0.02209469
v -0.11408037 -0.06301526 0.02690569
v -0.09632423 -0.09163024 0.01398598
v -0.09585872 -0.09838475 0.01964921
v -0.08878358 -0.09830602 0.01691549
v -0.09470182 -0.09895560 0.02400403
v -0.08756743 -0.09910527 0.03024939
v -0.08639415 -0.09929376 0.03580273
v -0.10180590 -0.08940291 0.04062061
v -0.09558763 -0.09408957 0.04598426
v -0.11211989 -0.07640357 0.03113259
v -0.09596305 -0.09816543 0.04065671
v -0.09287731 -0.09260552 0.04851612
v -0.08785431 -0.09827866 0.04503730
v -0.09945954 -0.09880930 0.03650459
v -0.10488972 -0.09082066 0.01754327
v -0.08297626 -0.08838597 0.04662989
v -0.09972358 -0.09935437 0.03090015
v -0.10183138 -0.09875528 0.02614769
v -0.10954832 -0.08432503 0.02014870
v -0.11356291 -0.05703840 0.02508395
v -0.09344408 -0.01402078 0.02720126
v -0.10957567 -0.03027607 0.03208656
v -0.10489760 -0.03013143 0.03472094
v -0.10693885 -0.05250638 0.03443458
v -0.10262290 -0.04150775 0.03774414
v -0.09838261 -0.04567660 0.03702533
v -0.09409329 -0.05020151 0.03428771
v -0.09205132 -0.04473511 0.03578691
v -0.08150930 -0.03520283 0.03786019
v -0.08440609 -0.05949711 0.02991449
v -0.07773125 -0.05075696 0.02870934
v -0.09764688 -0.07574984 0.03647206
v -0.10003927 -0.06840900 0.03607311
v -0.09550168 -0.06700471 0.03424026
v -0.08089726 -0.06095187 0.03001801
v -0.07968058 -0.07015959 0.01991131
v -0.08769289 -0.06399360 0.02918356
v -0.10320590 -0.07665922 0.03789736
v -0.07973588 -0.02271909 0.03785058
v -0.07509076 -0.03030712 0.03874961
v -0.06310627 -0.02091951 0.04184764
v -0.06575473 -0.02342214 0.04118060
v -0.06554016 -0.02934875 0.03973511
v -0.06749232 -0.03674261 0.03574966
v -0.09185165 -0.04355628 -0.03115658
v -0.11177008 -0.02967549 -0.00768313
v -0.12003432 -0.02787957 -0.00030821
v -0.11575492 -0.02897171 -0.00475995
v -0.11700680 -0.03643389 -0.00591491
v -0.11984726 -0.03042055 0.00159793
v -0.11429673 -0.03967962 -0.00894002
v -0.10327370 -0.03745152 -0.01291654
v -0.10832980 -0.03320544 -0.00939387
v -0.10590864 -0.04240777 -0.01460238
v -0.10823366 -0.04446880 -0.01299291
v -0.10720769 -0.04678473 -0.01458422
v -0.10758372 -0.05044958 -0.01501472
v -0.10727281 -0.05351499 -0.01651477
v -0.10835017 -0.06092869 -0.01899966
v -0.10620594 -0.06189970 -0.01976441
v -0.10658041 -0.05629213 -0.01985780
v -0.10634383 -0.03163803 -0.01749187
v -0.10648640 -0.02957026 -0.01853743
v -0.10285265 -0.02096098 -0.01364835
v -0.10031964 -0.01640774 -0.01864532
v -0.10341720 -0.03689036 -0.02040047
v -0.10328064 -0.02717348 -0.02159924
v -0.10200083 -0.03031114 -0.02283975
v -0.10159755 -0.03360982 -0.02273687
v -0.10409008 -0.06137361 -0.02068233
v -0.10515954 -0.06800012 -0.01993384
v -0.10825245 -0.06547071 -0.01921178
v -0.10186873 -0.07138500 -0.02211016
v -0.11611430 -0.06634157 -0.01815384
v -0.09742132 -0.07943083 -0.02406901
v -0.09273130 -0.08949538 -0.01947857
v -0.09442277 -0.07963964 -0.02825333
v -0.09386449 -0.07145233 -0.02949562
v -0.09439231 -0.04710232 -0.02898206
v -0.09429488 -0.05955023 -0.02926530
v -0.11881441 -0.01671571 -0.00080620
v -0.12078867 -0.02159819 0.00200379
v -0.11949959 -0.02388203 0.00566963
v -0.12110176 -0.01352378 0.00744055
v -0.12225154 -0.01198174 0.00371359
v -0.12154316 -0.01567292 0.00187346
v -0.08801181 -0.08682310 -0.03600569
v -0.09142885 -0.09001238 -0.03019495
v -0.09171978 -0.09193397 -0.02361771
v -0.11968178 -0.03498706 -0.00270678
v -0.12057661 -0.04279725 -0.00252863
v -0.12254155 -0.04846292 -0.00442525
v -0.11433818 -0.05398049 -0.01518503
v -0.12202881 -0.06033511 -0.01609194
v -0.12165385 -0.06849180 -0.01875258
v -0.12746473 -0.06735339 -0.01859183
v -0.12687789 -0.07049855 -0.01947576
v -0.13841572 -0.06556247 -0.00747572
v -0.14179479 -0.06986253 -0.00776972
v -0.14685768 -0.08358461 -0.02193544
v -0.14434454 -0.07604171 -0.02210503
v -0.15259534 -0.08108599 -0.02290573
v -0.15626211 -0.08132935 -0.02146694
v -0.16099705 -0.08212349 -0.01344957
v -0.15972421 -0.08170446 -0.01073321
v -0.16077340 -0.08547708 -0.01527385
v -0.15943535 -0.08744797 -0.01688143
v -0.15831405 -0.08959285 -0.01504027
v -0.15742855 -0.08547593 -0.00892326
v -0.15952702 -0.07673962 -0.01243539
v -0.15678164 -0.07687066 -0.00929990
v -0.15695089 -0.07288244 -0.01693442
v -0.15783575 -0.07281619 -0.01327173
v -0.14522280 -0.06756236 -0.01277613
v -0.14809306 -0.06991331 -0.01573347
v -0.15367986 -0.07351185 -0.01928576
v -0.15591002 -0.07075597 -0.01428975
v -0.12571283 -0.05879364 -0.01285516
v -0.12682661 -0.05659553 -0.01037962
v -0.13464877 -0.06144210 -0.01225460
v 0.08559078 -0.08708746 0.01960461
v 0.08011181 -0.08320698 0.03166054
v 0.08246955 -0.08638993 0.02464954
v 0.08495633 -0.09577630 0.02588508
v 0.08485326 -0.09470139 0.03564413
v 0.08743473 -0.10020518 0.03064765
v 0.08603996 -0.09804517 0.03508402
v 0.08855698 -0.10038940 0.03645891
v 0.11042014 -0.09953050 0.01823350
v 0.11592857 -0.09449912 0.03109147
v 0.09593439 -0.10006111 0.01892531
v 0.10437687 -0.10072704 0.01938424
v 0.10232347 -0.10131833 0.02278344
v 0.10972546 -0.10053766 0.02501150
v 0.11581559 -0.09435656 0.02564366
v 0.11626264 -0.09153596 0.03505835
v 0.11187829 -0.09984318 0.03020745
v 0.10433969 -0.10098694 0.03993069
v 0.09977863 -0.10142818 0.04211220
v 0.10263838 -0.10122547 0.02914856
v 0.09459493 -0.10178410 0.02775902
v 0.09080166 -0.10108557 0.03963800
v 0.11541706 -0.09502501 0.03875239
v 0.11440492 -0.09615388 0.04390963
v 0.10862364 -0.09662173 0.05099558
v 0.10430558 -0.10030716 0.04989918
v 0.10705519 -0.09911538 0.05034065
v 0.10417445 -0.09863950 0.05281353
v -0.07549904 -0.07843938 -0.02807492
v -0.08168081 -0.06780659 -0.03126548
v -0.08557048 -0.05021125 -0.03190624
v -0.07126556 -0.08309095 -0.03957025
v -0.06878395 -0.08194613 -0.02655147
v -0.06406683 -0.08407297 -0.02257652
v -0.06284986 -0.08788401 -0.02668729
v -0.06353112 -0.08901951 -0.02922553
v -0.06235627 -0.09003293 -0.02343648
v -0.06694493 -0.08212914 -0.02196195
v -0.07486331 -0.07621857 -0.01884296
v -0.06499473 -0.08478887 -0.01869014
v -0.09115727 -0.07360584 -0.03167355
v -0.07877354 -0.08122709 -0.03440421
v -0.06600243 -0.08443610 -0.03457572
v -0.07059678 -0.08327917 -0.04195674
v -0.07422619 -0.08251972 -0.04309224
v -0.07236234 -0.08439413 -0.04763120
v -0.06383531 -0.08920276 -0.03526931
v -0.06592708 -0.08802145 -0.04244370
v -0.07649085 -0.08315206 -0.04459872
v -0.07583813 -0.08282702 -0.03943819
v -0.07867624 -0.08341214 -0.04119513
v -0.08345880 -0.08029246 -0.03498803
v -0.08415368 -0.08517621 -0.03816449
v -0.07797223 -0.08540229 -0.04618394
v -0.07841392 -0.08935007 -0.04705228
v -0.07571123 -0.08590858 -0.04787979
v -0.07437853 -0.08759159 -0.04897703
v -0.08035680 -0.09240901 -0.04456883
v -0.07552600 -0.09267484 -0.04699511
v -0.08219525 -0.08966191 -0.04306871
v -0.07144746 -0.09347640 -0.04440790
v -0.07117093 -0.09023006 -0.04747596
v -0.06438049 -0.09181330 -0.03652705
v -0.06333704 -0.09222298 -0.01965404
v -0.06291500 -0.09216094 -0.02269797
v -0.06769758 -0.08814830 -0.01134519
v -0.08062015 -0.08655420 -0.01102928
v -0.07911584 -0.09507487 -0.04219469
v -0.07502186 -0.09598708 -0.04039527
v -0.06915626 -0.09571876 -0.03722298
v -0.08089887 -0.09676898 -0.03284663
v -0.07792057 -0.09186656 -0.00901545
v -0.07330913 -0.09349976 -0.00895307
v -0.07787668 -0.09771248 -0.01294027
v -0.06792405 -0.09520039 -0.01205947
v -0.07316711 -0.09828201 -0.01730493
v -0.09021428 -0.09095390 -0.01607307
v -0.08961941 -0.09406008 -0.01862972
v -0.06372987 -0.09194235 -0.02809212
v -0.06558599 -0.09623715 -0.02210396
v -0.06524888 -0.09246033 -0.01513722
v -0.06993403 -0.09041012 -0.00906547
v -0.08296091 -0.09786519 -0.01741509
v -0.08459846 -0.09801821 -0.02096009
v -0.08649965 -0.09675124 -0.01813820
v -0.08381569 -0.09630756 -0.01445662
v -0.08651691 -0.07008347 -0.01397035
v -0.09271124 -0.05971555 -0.01253120
v -0.07536450 -0.06989993 -0.02053041
v -0.07790753 -0.06502553 -0.01979057
v -0.07754125 -0.05753587 -0.01943400
v -0.07498021 -0.06608005 -0.02071847
v -0.07424835 -0.05996695 -0.02070720
v -0.07141039 -0.05560675 -0.02272881
v -0.07931107 -0.07150333 0.01562688
v -0.08214896 -0.08315857 0.01111133
v -0.07612801 -0.08456387 0.02180861
v -0.07639231 -0.08717635 0.03649123
v -0.09986031 -0.01573580 -0.00128042
v -0.08922927 -0.01693038 0.00024821
v -0.09582522 -0.00269269 0.00165922
v -0.09554831 0.00104136 0.00174149
v -0.09897417 0.01686498 0.00168538
v -0.10083100 0.01066477 0.00318563
v -0.09966284 0.00400821 0.00368515
v -0.10196085 -0.00050661 0.00315356
v -0.10659228 -0.00081485 0.00096211
v -0.10510397 0.00461989 0.00248373
v -0.09464438 0.02938347 -0.00500916
v -0.09332180 0.03093555 -0.00098441
v -0.09176340 0.03609716 0.00126849
v -0.08994724 0.03823932 -0.00228936
v -0.07748650 0.06113674 0.00487708
v -0.09485011 0.05502849 0.00997894
v -0.09875965 0.05097346 0.00849370
v -0.09354131 0.05280181 0.00608838
v -0.09565330 0.04913506 0.00484421
v -0.09186940 0.05029970 0.00243258
v -0.08574953 0.05607437 0.00306294
v -0.08086794 0.05760203 -0.00269942
v -0.08905634 0.04787432 0.00106318
v -0.08699287 0.05004317 -0.00047059
v -0.11276226 0.03609215 0.00790483
v -0.10808596 0.04624208 0.01240255
v -0.06720495 -0.04145424 0.03134544
v -0.05405502 -0.03568992 0.02829188
v -0.05248693 -0.03374953 0.02608993
v -0.06037955 -0.03583191 0.03529082
v -0.05510407 -0.02806112 0.03989303
v -0.04702476 -0.02788975 0.03647647
v -0.04825278 -0.01466832 0.04418828
v -0.05758752 -0.02131339 0.04201917
v -0.05843697 -0.02524889 0.04122928
v -0.04868456 -0.02540068 0.03952581
v -0.04198253 -0.02278908 0.03723872
v -0.09567677 0.02020546 -0.00091840
v -0.10403824 0.02230481 0.00196980
v -0.09767759 0.03183307 0.00145953
v -0.10313687 0.03199089 0.00248989
v -0.10864703 0.01980881 0.00201269
v -0.11738430 0.02394846 0.00557455
v -0.11009281 0.02672461 0.00299295
v -0.11594735 0.03162826 0.00754944
v -0.10439816 0.03923894 0.00533503
v -0.09692118 0.03682228 0.00287571
v -0.08274909 0.00063488 -0.00034297
v -0.08510039 -0.00070517 0.00848634
v -0.08205630 -0.00393460 0.00558022
v -0.08660816 -0.01700033 0.00258594
v -0.08460229 -0.02085818 0.00645077
v -0.08492702 -0.01477044 0.00482586
v -0.08419129 0.01639701 0.00161984
v -0.09081756 0.01784459 -0.00230803
v -0.08423156 -0.00895308 0.00785755
v -0.08787133 0.00226689 0.01309647
v -0.08575731 -0.00398216 0.01066805
v -0.08507878 -0.01316737 0.00842383
v -0.08567744 -0.01082746 0.01279420
v -0.12181351 0.00942472 0.01016065
v -0.12105545 0.01760654 0.01289021
v -0.12155253 0.01835255 0.00993304
v -0.11535983 0.02913877 0.01673332
v -0.11968675 0.02817602 0.01231455
v -0.11742651 0.03035442 0.01500350
v -0.11332954 0.03460320 0.01683921
v -0.09921159 0.05257905 0.01156298
v -0.12227383 -0.00432634 0.00884684
v -0.11079866 0.04211511 0.01052242
v -0.07136874 -0.06164584 -0.02492731
v -0.06948532 -0.05842086 -0.02491559
v -0.06520205 -0.04117913 -0.02059406
v -0.06433640 -0.04008988 -0.02241938
v -0.05274928 -0.02394205 -0.03058468
v -0.04509625 -0.01864028 -0.02882647
v -0.04108382 -0.01603438 -0.02459517
v -0.03915751 -0.00931357 -0.02422695
v -0.03762133 -0.00393323 -0.02158182
v -0.08771329 -0.00239443 -0.01818174
v -0.08935986 -0.00283075 -0.01610591
v -0.08404968 -0.00341243 -0.02238533
v -0.08762468 0.00286104 -0.02018533
v -0.09108645 0.00313859 -0.01185361
v -0.09168881 0.00358784 -0.01387409
v -0.09273314 0.01148196 -0.01122658
v -0.08425990 0.00547509 -0.02510407
v -0.09297586 0.01909087 -0.01383241
v -0.10825756 0.00895774 0.00155431
v -0.11743086 0.00586382 0.00136321
v -0.08778667 0.04291373 -0.01728368
v -0.07578481 0.05583682 -0.01686331
v -0.07480567 0.05716053 -0.01291296
v -0.07419711 0.06135308 -0.00505636
v -0.08408739 0.05211644 -0.00801431
v -0.08799996 0.04515668 -0.01457638
v -0.07916664 0.05416783 -0.01607985
v -0.08815118 0.04557692 -0.00508933
v -0.08912128 0.04222585 -0.00771610
v -0.08783659 -0.08156262 0.03183605
v -0.07728251 -0.08036020 0.02611993
v -0.08012048 -0.08080653 0.03232552
v -0.09518742 0.02489878 -0.00935648
v -0.08790170 0.02494726 -0.02409423
v -0.09162784 0.03347075 -0.00770530
v -0.09381290 0.03013490 -0.00958660
v -0.09187592 0.03474645 -0.01501700
v -0.09033508 0.03078193 -0.01882851
v -0.09118476 0.04033770 -0.01559180
v -0.10472422 -0.07540430 0.01696279
v -0.09788586 -0.08180930 0.01669652
v -0.09311569 -0.08392604 0.01298382
v -0.09897187 -0.08586465 0.01480466
v -0.09261280 -0.01279496 -0.00767735
v -0.10342421 -0.03161857 -0.01457565
v -0.10135992 -0.01584152 -0.01479230
v -0.09902272 -0.01750490 -0.00926500
v -0.08590636 -0.06882806 0.01794977
v -0.08408862 0.00331281 -0.00556723
v -0.08451531 0.01154242 -0.00287743
v -0.09012743 0.00891570 -0.00904288
v -0.08334745 -0.06523492 0.01616998
v -0.08620091 0.00440156 -0.00007259
v -0.08912209 0.00650224 0.00037277
v -0.09301841 0.00673764 0.00160385
v -0.09082871 0.01633088 -0.00035346
v -0.09334798 0.02005785 -0.00199802
v -0.08113783 -0.00131082 0.00245126
v -0.08358438 0.00050468 0.00230417
v -0.08397655 0.00181489 0.00559095
v -0.08658341 0.00525097 0.00227891
v -0.08589005 -0.00635754 0.00212146
v -0.08305445 0.00646369 0.00041614
v -0.08818730 0.01028760 0.00201385
v -0.09052468 -0.00233073 -0.01333702
v 0.01801504 0.05832502 0.00694124
v -0.00899188 -0.00966865 0.00748473
v -0.10417339 -0.01954660 0.01206164
v 0.08310495 -0.08054567 0.01868083
v -0.11750080 -0.02217981 0.00797531
v -0.05858884 0.02501227 -0.03469484
v -0.02365934 0.02783535 -0.02380318
v 0.07130052 -0.03863413 -0.03844432
v 0.07177334 0.04747730 -0.03123438
v 0.08952393 0.05343642 -0.03142895
v 0.09620032 0.10651410 -0.05117299
v 0.07028245 -0.07976449 -0.04465704
v 0.06656172 -0.01423291 0.03463809
v 0.03777500 0.00024497 0.03913848
v 0.10841504 0.02300624 -0.00893251
v 0.10917169 0.06819483 -0.05554997
v 0.13045497 0.08608152 -0.03459673
v 0.12945457 0.07723970 -0.03031770
v 0.13297804 0.09893031 -0.03410873
v -0.05538369 0.06408206 0.00004561
v -0.00786447 0.05849081 -0.00180984
v 0.07141705 0.06143779 0.02200884
v 0.10678990 0.12239489 -0.02602129
v -0.11127461 -0.03441577 0.00585343
v -0.10327809 -0.04328078 0.00605890
v -0.15385266 -0.09075445 -0.01162540
v 0.06858553 -0.03159790 -0.01476714
v 0.07646713 -0.09600493 -0.02418365
v -0.03861382 0.04862833 0.04088455
v -0.02327176 0.04047676 0.03839543
v 0.00640433 0.01949367 0.03947520
v 0.00262873 0.04533348 0.03110060
v 0.07133880 -0.02439177 0.01683633
v 0.08969685 -0.02726780 0.02066221
v -0.09136620 -0.06212454 -0.03132062
v -0.10263940 -0.02360593 -0.01253016
v -0.08063832 -0.09475466 0.01743172
v -0.09360316 -0.01973594 -0.00117182
v -0.09971928 -0.02578948 -0.00395584
v -0.12061416 -0.01049702 0.00139001
v -0.09917914 -0.02218696 -0.00913448
v -0.08753327 -0.00919616 0.00191635
v 0.00291422 -0.00345041 -0.02016869
v 0.05353631 -0.07130083 -0.02418123
v 0.09564146 -0.09135581 0.04951167
v 0.13370594 0.10175008 -0.03278744
v 0.04423373 0.03639501 0.03645412
v -0.03527971 0.00160859 -0.02267336
v 0.08939627 -0.09921006 -0.03716819
v 0.07292543 -0.03141173 0.01986736
v -0.07135570 -0.01221690 -0.00769261
v -0.09456698 -0.09647224 0.01569382
v -0.08751620 -0.09702974 -0.02223974
v -0.08741181 0.01199398 -0.00571972
v -0.07276744 -0.02065697 -0.03172964
v -0.06185409 -0.00776458 -0.03246520
v 0.06713483 -0.02616926 -0.03953229
v 0.06960681 0.01377502 -0.03736859
v 0.07503206 -0.01719783 -0.03637003
v -0.05768701 0.06230292 -0.00819457
v 0.02289109 0.03438810 -0.02464646
v 0.06884533 0.06143396 -0.01891286
v 0.08476616 -0.08800057 -0.05783849
v 0.08252036 -0.01106429 0.00598900
v 0.08845069 -0.00788537 0.00481922
v 0.03054418 0.02058611 0.04171755
v 0.09452207 0.00760458 -0.03307050
v 0.09655489 0.00706447 -0.02966254
v 0.09008272 0.09332705 0.00862937
v 0.08936699 0.05174273 0.02559111
v 0.08004512 0.04531167 0.03579833
v -0.09288123 0.02639397 0.02785121
v 0.07251175 0.07498131 -0.00435816
v 0.07829115 0.09069892 -0.00735591
v 0.12677526 0.11856192 -0.02585278
v 0.05689536 -0.01458201 -0.01685976
v -0.09446786 -0.02940646 0.00264154
v -0.13094261 -0.07984710 -0.01761517
v -0.09768794 -0.02693131 0.01116275
v -0.15349863 -0.08716300 -0.00759034
v 0.08124354 -0.07530385 -0.03491980
v 0.08194219 -0.05880848 0.01942066
v -0.06598290 -0.00162408 0.01448456
v -0.10287839 -0.04594054 0.01736478
v -0.05549073 0.01039089 0.04582458
v -0.09877105 -0.01189620 -0.01825717
v -0.15293524 -0.07141794 -0.01180910
v -0.03737925 0.03647961 0.04500643
v -0.07202731 -0.04085048 -0.02666391
v -0.00165125 0.00730527 -0.02223869
v 0.04040563 0.02034856 -0.02813004
v 0.06492266 0.04654588 -0.03028088
v 0.03767024 0.04810074 -0.01679697
v 0.08698477 0.08624388 -0.04720495
v 0.11173990 0.11128765 -0.05133158
v 0.07905430 0.06506743 0.01878008
v 0.10662294 0.02731434 0.00504776
v 0.09864940 0.03476776 0.03049927
v 0.13356866 0.11573996 -0.01795495
v -0.05962500 0.06204444 0.02435501
v 0.02119245 0.05262618 0.02515680
v 0.04253572 -0.02225239 0.00526662
v 0.06964251 -0.02193864 -0.01245427
v 0.06169302 -0.07311601 -0.02075292
v 0.06808396 -0.05877163 -0.02033526
v -0.04805581 -0.02075660 -0.01924798
v -0.04053822 -0.01755221 0.03998426
v -0.10025464 -0.02042186 -0.02153459
v -0.08661065 -0.09286454 -0.01398469
v -0.08386895 -0.07710026 0.02826249
v -0.06188643 0.00895748 -0.03295305
v 0.08303604 0.02511419 -0.03825944
v -0.05053572 0.04525952 -0.03000871
v 0.08934904 0.06809568 0.01813615
v -0.07629697 0.06351022 0.01022807
v -0.05703324 0.05649561 0.03646833
v 0.07878014 0.09529215 -0.02495350
v -0.08695320 -0.02037212 0.01737176
v -0.09703343 0.02909653 -0.00108902
v -0.08151744 0.00454103 0.00256702
v -0.05253069 0.01025744 -0.03485442
v -0.00675507 0.05216707 -0.01095819
v -0.02452279 0.04106484 -0.02292096
v 0.05927680 0.04303214 -0.02777073
v 0.10406062 0.08495991 -0.05848154
v 0.03507134 -0.00038040 0.03784497
v 0.06836793 0.02334992 0.04197111
v 0.11417243 0.06849124 -0.04672894
v 0.12586926 0.09467231 -0.04514283
v 0.07536926 0.08376303 -0.00188850
v -0.09746376 0.00198087 0.01811433
v -0.10212426 0.02922809 0.01806585
v 0.08259435 -0.07740811 -0.03551803
v 0.07440708 -0.09834181 -0.04817088
v 0.08957044 -0.08919951 -0.02858116
v 0.01531778 0.01902832 0.04098100
v -0.08234546 0.00632293 0.01829484
v -0.06296968 0.04869235 0.04345526
v -0.07217171 -0.07792271 -0.02091870
v -0.07424423 -0.09711356 -0.03214595
v -0.08524227 -0.09700544 -0.02725093
v -0.07130780 -0.08428058 -0.01218360
v 0.10147552 0.01938393 -0.02551219
v -0.05184384 -0.01106388 0.04424538
v -0.08690882 0.00447000 0.00925258
v -0.09000686 0.01594112 -0.00554392
v -0.00766538 0.04100279 0.03547921
v 0.01776576 0.01119006 -0.03142007
v 0.03286089 0.05306260 -0.00827911
v 0.07056801 -0.07253829 -0.04328159
v 0.01803200 -0.01745633 0.01675912
v 0.04632814 0.02660024 0.03810632
v 0.13328469 0.08862881 -0.01849622
v 0.02822430 0.02862530 0.04052439
v -0.11321670 0.00001859 0.01248717
v -0.04508169 -0.00817495 0.04468364
v -0.09262797 -0.03060888 -0.02905447
v 0.11426485 -0.09614735 0.02162265
v -0.08795413 -0.08943395 -0.01332324
v -0.00595958 0.02264464 -0.02333705
v 0.08448815 -0.08590333 -0.05676591
v 0.04368586 0.05191598 0.02927957
v 0.05953522 0.04810634 0.03487968
v 0.08113322 0.02172080 0.03967244
v 0.12473579 0.08735976 -0.04968459
v -0.08956570 0.03417798 0.03506825
v -0.02086161 0.05595922 0.02603897
v 0.08001676 0.10092504 -0.01782372
v -0.04443620 0.03081556 0.04707354
v -0.03805554 -0.01899721 0.03675796
v 0.07977491 -0.07975356 0.03551569
v -0.09095668 -0.00425750 -0.00063679
v 0.02653792 0.00311858 -0.03058863
v 0.00691273 0.02416418 -0.02794916
v 0.06519883 -0.08766735 -0.04827729
v 0.08811762 -0.00469844 -0.02915390
v 0.09318347 -0.00595774 0.02993924
v 0.11103860 0.04237814 -0.01085181
v -0.01020896 -0.00881875 0.00300947
v -0.04542462 -0.01101221 0.02155068
v -0.15746129 -0.07688134 -0.01943405
v -0.11312038 -0.02071828 -0.00524237
v -0.08784615 0.05258742 0.00159957
v -0.08688761 0.05965573 0.01499335
v 0.07398694 0.00681449 -0.03921770
v 0.12264249 0.08891705 -0.06359571
v 0.06211165 0.06152194 -0.01155515
v 0.09118624 -0.08794913 -0.04762854
v 0.07541712 0.01971920 0.04039487
v 0.13351537 0.10724358 -0.03688119
v -0.01202834 0.04863886 0.03115736
v 0.07685070 -0.08184727 -0.03301508
v -0.06987175 -0.02414243 0.03996647
v -0.12232798 -0.00898110 0.00632547
v 0.01266805 -0.00423994 0.03254956
v 0.09462504 0.00308198 -0.03030586
v -0.01000563 0.05769005 0.01589841
v 0.11139971 0.12099659 -0.01423815
v 0.08459866 -0.06012967 0.01877998
v -0.09105495 -0.09434251 0.01249615
v 0.03780683 0.02468429 -0.02631149
v 0.11646188 0.10785415 -0.00185163
v 0.01901064 0.05364748 0.02228217
v 0.12068072 0.12042397 -0.02467619
v -0.05369154 0.00583977 0.01055582
v 0.00296794 -0.01223729 0.02046275
v -0.09162722 -0.02287025 0.00542774
v 0.07535058 -0.03286492 -0.02195125
v -0.10523622 -0.06518067 0.03576840
v -0.08961360 -0.05236527 -0.01252902
v -0.09433006 -0.04717321 -0.01044199
v -0.00615267 0.03941581 -0.01984586
v 0.09747982 0.10410259 0.00372729
v 0.04417301 -0.01696858 0.02048127
v -0.11918431 -0.07278880 -0.01601320
v -0.04851542 -0.01497255 -0.01659524
v -0.06974530 0.02335128 0.04599837
v -0.05849602 -0.02834062 -0.02963368
v -0.03046101 0.02687562 -0.02469717
v -0.04986618 0.01881377 0.04656238
v -0.07636065 0.03198329 -0.03118115
v 0.11147930 0.04009242 -0.00864801
v 0.08775266 0.10671986 -0.00238941
v -0.04269842 0.00479662 0.00957874
v 0.10583964 -0.08656508 0.02109306
v 0.08666501 -0.08935162 -0.02743508
v -0.08916947 -0.02105395 -0.02601205
v -0.10148311 -0.07360179 -0.01511269
v 0.06169123 -0.00962475 0.02874698
v -0.09400765 0.03276351 0.00151690
v 0.09523633 -0.08127250 0.03953318
v 0.10703614 0.06495873 0.00750658
v 0.08621462 0.05898460 0.02192601
v 0.12421449 0.08571567 -0.06166881
v 0.02988766 0.05449890 0.02120393
v -0.08413798 -0.07763080 -0.01323522
v -0.09656065 0.00930696 0.00284331
v 0.03595425 0.04584423 -0.01794394
v 0.08845327 -0.01163658 0.00168164
v 0.07731748 0.01103421 0.03965602
v 0.09281483 -0.09430169 -0.04085326
v -0.07525461 -0.08625247 0.02677365
v -0.07042039 0.03164446 -0.03246859
v 0.07103854 -0.09170885 -0.05803873
v 0.06050932 0.01888721 0.03749847
v 0.12755172 0.08548164 -0.05705346
v 0.05863609 0.05847184 0.02467926
v -0.05385862 0.00764559 0.00696270
v -0.05008546 -0.02469955 -0.02768279
v 0.10106757 0.03485419 0.02467131
v 0.07939991 -0.02621268 -0.03374345
v 0.08798335 -0.03731472 0.03831474
v 0.09622417 0.07247888 -0.03860043
v -0.09828284 0.05175177 0.01583946
v -0.04667753 0.06452028 0.01457900
v 0.08704501 0.09371142 0.00696437
v 0.07952976 -0.01300257 -0.01702957
v -0.05433258 -0.02456510 0.02031171
v -0.08826932 -0.04762904 0.03274376
v -0.07921758 -0.07252365 -0.01877931
v -0.08672927 0.05982959 0.01096759
v 0.08910685 0.03631866 0.03685931
v 0.11315409 0.05839370 -0.01508009
v 0.09045444 -0.08362190 0.01656551
v 0.10409386 0.00120662 -0.00676078
v 0.07547761 0.05684887 0.02825783
v 0.07781719 0.04809612 0.03455638
v 0.02301023 0.03293872 0.03874235
v -0.03140346 0.00050568 0.00487984
v -0.07021166 -0.02515102 -0.01119905
v -0.08641979 -0.05476961 0.02932400
v -0.11049044 -0.03948617 -0.01085479
v -0.09491274 -0.08511384 -0.02112803
v -0.08418335 -0.09371483 -0.03873818
v -0.08783717 -0.06306165 -0.01396390
v -0.08759492 -0.00470296 -0.00135889
v -0.09648494 -0.03968013 0.00225615
v -0.07848635 0.00842760 0.00479748
v 0.06087954 -0.02140181 -0.00694147
v -0.10931307 0.03892497 0.01758822
v -0.03815525 0.04343295 0.04463508
v -0.10491491 -0.09611983 0.03351535
v -0.05493141 0.06048242 0.02777480
v -0.11922916 -0.07025731 -0.01825313
v -0.09358086 0.01611352 -0.01052590
v -0.05534058 0.04879936 -0.02788649
v 0.02322954 0.05059076 -0.00999219
v 0.07214801 0.11827964 -0.02905064
v -0.04078437 -0.02207423 0.02909478
v 0.08872357 -0.05528926 0.02134518
v -0.13231425 -0.06485672 -0.00551687
v -0.15932424 -0.07463606 -0.01502874
v -0.08928636 0.05632347 0.00697567
v -0.11064179 0.03329928 0.01810293
v 0.11032221 0.03356228 -0.00592577
v 0.08888713 -0.04351439 0.03764933
v 0.08130670 -0.05255945 0.01922042
v 0.07875177 -0.04150340 0.03858605
v 0.08047897 -0.04035241 0.01821183
v 0.07653444 -0.06846048 0.02433215
v 0.10611733 -0.10068117 0.03368562
v 0.09038791 -0.06382041 0.03902440
v 0.07380586 -0.02827418 0.03703355
v 0.09192700 -0.05487244 0.03588075
v 0.10348201 -0.10110766 0.03452697
v 0.09411321 -0.02649855 0.02949738
v 0.07319964 -0.04143436 0.02266208
v 0.08285830 -0.04718921 0.01852643
v 0.07782357 -0.04787619 0.02112603
v 0.08114123 -0.06385926 0.02011737
v 0.09067953 -0.07434173 0.04128229
v 0.08494505 -0.03646451 0.03940723
v 0.08835752 -0.06464724 0.03983935
v 0.09692307 -0.10154178 0.03215041
v 0.07586473 -0.02611006 -0.01982750
v 0.06922930 -0.05287327 -0.03988186
v 0.07297619 -0.05220074 -0.03958451
v 0.06999822 -0.06631283 -0.04207497
v 0.07099612 -0.04088184 -0.01914054
v 0.06780905 -0.05144447 -0.03923205
v 0.07031576 -0.05441472 -0.04009727
v 0.06849662 -0.04320007 -0.01779888
v 0.07631776 -0.04659024 -0.02660771
v 0.07603627 -0.05717812 -0.02850527
v 0.07413547 -0.04621340 -0.02372816
v 0.07242580 -0.04604794 -0.02171660
v 0.07167049 -0.05394381 -0.03992449
v 0.07128301 -0.04376652 -0.03890556
v 0.07743800 -0.02813577 -0.02252420
v 0.07899961 -0.09807488 -0.05095794
v 0.06826076 -0.05372131 -0.01968170
v 0.07260297 -0.02055916 -0.01426999
v 0.07466834 -0.06766865 -0.02796024
v 0.06909813 -0.02678613 -0.01359043
v 0.07220101 -0.03013653 -0.01756336
v 0.07573526 -0.05715993 -0.03885298
v 0.07401942 -0.02899864 -0.01922867
v 0.07267722 -0.06380411 -0.04116100
v 0.06951028 -0.04228438 -0.01823298
v 0.07027472 -0.05155483 -0.02047960
v 0.11537126 0.10023703 0.00062707
v 0.07873838 0.08813965 -0.02553276
v 0.11549659 0.11948082 -0.03538801
v 0.07865594 0.09012991 -0.02729250
v 0.07855342 0.08755419 -0.02326810
v 0.10154139 0.11969283 -0.03716211
v 0.12020690 0.09014030 -0.00181553
v 0.11750995 0.06985532 -0.00265118
v 0.13395025 0.09340620 -0.01649705
v 0.11198816 0.09169677 0.00424803
v 0.11939733 0.08009385 -0.00264447
v 0.12803389 0.08722678 -0.01221889
v 0.11663004 0.11834937 -0.03827728
v 0.11795335 0.12050056 -0.02208779
v 0.11425377 0.08297858 0.00370885
v 0.11881986 0.09897407 -0.00120994
v 0.12460487 0.08005349 -0.01037697
v 0.11814164 0.10989095 -0.00413223
v 0.13015732 0.08661641 -0.01453401
v 0.12388190 0.07744639 -0.01132764
v 0.09597087 0.12096001 -0.02731903
v 0.11537259 0.09029693 0.00247578
v 0.13058653 0.08537520 -0.01614321
v 0.10224216 0.07141218 -0.04383531
v 0.11481135 0.12061041 -0.03264350
v 0.10335346 0.11176638 -0.00084433
v 0.10243805 0.07264312 -0.05431463
v 0.12061633 0.07761756 -0.05923468
v 0.11692454 0.08648438 -0.06506453
v 0.10699649 0.08691582 -0.06026331
v 0.11144093 0.08088490 -0.06432090
v 0.10752363 0.08606222 -0.06206689
v 0.10833620 0.08367507 -0.06362438
v 0.10455079 0.07506675 -0.06010845
v 0.10866311 0.08239999 -0.06428363
v 0.10069416 0.08773383 -0.05447385
v 0.11624218 0.06821600 -0.05009300
v 0.10637815 0.08746150 -0.05833404
v 0.11015592 0.08117338 -0.06439006
v 0.10611346 0.08816838 -0.05712288
v 0.10772441 0.08495148 -0.06305028
v 0.11192523 0.09106828 -0.06060193
v 0.11714672 0.08495455 -0.06480595
v 0.11574285 0.09236181 -0.06160502
v 0.12097616 0.08032635 -0.06077605
v 0.10064220 0.07600325 -0.05686104
v 0.10006388 0.08476038 -0.05522893
v 0.12255939 0.07232068 -0.04970041
v 0.12567286 0.07637647 -0.04822652
v 0.12157396 0.07112522 -0.05178424
v 0.10171575 0.08336475 -0.05721332
v 0.12238197 0.07313617 -0.05431301
v 0.12299654 0.07736556 -0.05816704
v 0.11770684 0.07795718 -0.06042391
v 0.10140610 0.08397411 -0.05603141
v 0.10543301 0.07274586 -0.05857684
v 0.11130776 0.09164353 -0.05861997
v 0.10752095 0.09187710 -0.05453501
v 0.12408888 0.08283957 -0.06063738
v 0.11663420 0.06808527 -0.05179431
v 0.11943399 0.07324627 -0.05648401
v 0.10059431 0.07955826 -0.05760211
v 0.12738228 0.08421745 -0.05442381
v 0.12737770 0.08007671 -0.05248151
v 0.12258853 0.08199535 -0.06113377
v 0.11828902 0.09316631 -0.06193127
v 0.12593868 0.08555485 -0.05937403
v 0.12680484 0.08341014 -0.04909411
v 0.12595759 0.08519579 -0.05076948
v 0.10286901 0.08234514 -0.06035980
v 0.10672657 0.09033924 -0.05636954
v 0.11508457 0.08157676 -0.06372220
v 0.11382763 0.09171635 -0.06140657
v 0.11302099 0.08728474 -0.06480056
v 0.12625314 0.08541327 -0.05228879
v 0.12645577 0.08674096 -0.05490378
v 0.10012926 0.07745831 -0.05721900
v 0.09898472 0.08695507 -0.05407473
v 0.09915237 0.08439089 -0.05499806
v 0.10384503 0.07850146 -0.06152891
v 0.11366545 0.08598339 -0.06535686
v 0.09853625 0.08676077 -0.05396533
v 0.09892814 0.08429375 -0.05494336
v 0.09842414 0.08671220 -0.05393798
v 0.09887209 0.08426946 -0.05492968
v 0.09839612 0.08670005 -0.05393115
v 0.09885807 0.08426338 -0.05492627
v 0.09838910 0.08669701 -0.05392943
v 0.09886225 0.08422161 -0.05494187
v 0.09838930 0.08668620 -0.05393312
v 0.09886140 0.08422124 -0.05494166
v 0.12560917 0.08397704 -0.06007720
v 0.11314107 0.07616197 -0.06183933
v 0.10448159 0.07272337 -0.05731186
v 0.10017904 0.07552122 -0.05571619
v 0.11479057 0.07452184 -0.06024212
v 0.11550359 0.08011480 -0.06272729
v 0.12438908 0.08882098 -0.06163960
v 0.12039526 0.07028151 -0.04897433
v 0.10505786 0.07360468 -0.05970782
v 0.12418213 0.07617261 -0.05669070
v 0.12137077 0.09320027 -0.06140908
v 0.11985029 0.09340576 -0.06165764
v 0.10953233 0.09153160 -0.05634147
v 0.10049135 0.07407887 -0.05446157
v 0.12763566 0.07912584 -0.05475765
v 0.11966064 0.07504980 -0.05785909
v 0.10951512 0.06941614 -0.05733621
v 0.10402033 0.07723065 -0.06074186
v 0.12214723 0.08606528 -0.06312095
v 0.11400033 0.07503091 -0.06148053
v 0.12668666 0.07994027 -0.05755463
v 0.12536120 0.07491387 -0.04942228
v 0.12753156 0.08198486 -0.05411950
v 0.11231713 0.06974952 -0.05815898
v 0.11175267 0.07755194 -0.06294189
v 0.12726715 0.08098313 -0.05031638
v 0.10268094 0.08917724 -0.05451798
v 0.10038597 0.08924399 -0.05372016
v 0.12626110 0.07692376 -0.04596844
v 0.10406085 0.07228485 -0.05623541
v 0.12389565 0.07348860 -0.05005129
v 0.10410096 0.08849116 -0.05531290
v 0.11009724 0.07319886 -0.06155711
v 0.10238639 0.08319815 -0.05861907
v 0.10334454 0.08156899 -0.06146418
v 0.11097872 0.06932519 -0.05798400
v 0.12173097 0.07239629 -0.05345580
v 0.11206139 0.08839614 -0.06390753
v 0.11932069 0.07913333 -0.06059741
v 0.12098624 0.07067336 -0.05036661
v 0.10360309 0.08037235 -0.06209983
v 0.10134878 0.07239278 -0.05222743
v 0.10366387 0.07161859 -0.05411937
v 0.10199777 0.07186280 -0.05215446
v 0.10398837 0.07135360 -0.05408289
v 0.10216002 0.07173032 -0.05213622
v 0.10406950 0.07128735 -0.05407377
v 0.10220058 0.07169719 -0.05213166
v 0.10408978 0.07127079 -0.05407149
v 0.10221072 0.07168891 -0.05213052
v 0.10412601 0.07125966 -0.05410299
v 0.10222102 0.07168511 -0.05213825
v 0.10412724 0.07125865 -0.05410285
v -0.04818111 0.00052771 -0.03447757
v -0.08062450 -0.06162186 -0.03038018
v -0.09810705 -0.04426290 -0.02547651
v -0.09405927 -0.06545562 -0.02940083
v -0.09195316 -0.04932522 -0.03105638
v -0.09129296 -0.06785320 -0.03147328
v -0.06601042 -0.01337952 -0.00774637
v -0.08884504 -0.05072413 -0.03201862
v -0.08377974 -0.05907463 -0.01558949
v -0.05076968 -0.02006459 -0.01733742
v -0.05931005 -0.02325389 -0.03221487
v -0.08870881 -0.05762713 -0.01324450
v -0.07888929 -0.09739602 -0.02776441
v -0.09605861 -0.04423762 -0.02724176
v -0.05017879 -0.01135969 -0.01288100
v -0.09034431 -0.05010249 -0.03157096
v -0.07507893 -0.02732876 -0.01157331
v -0.06036414 -0.02271325 -0.01264773
v -0.04145846 -0.00010506 -0.03148255
v -0.04975398 -0.01124660 -0.03378575
v -0.07745796 -0.04417488 -0.01594095
v -0.06495402 -0.03170493 -0.01479757
v -0.09512559 -0.05463217 -0.02839192
v -0.05207048 -0.01187609 -0.01169455
v -0.06385750 -0.02321586 -0.01180867
v -0.07442125 -0.01783119 -0.00965042
v -0.04368005 0.00295268 -0.03312219
v -0.05661339 -0.02865435 -0.01778401
v -0.06349719 -0.03589721 -0.01779092
v -0.05920132 -0.02770691 -0.01566006
v -0.07357582 -0.00777559 -0.00694800
v -0.07546387 -0.09757365 -0.02736644
v -0.09260394 -0.06675960 -0.03043105
v -0.04575145 0.00250125 -0.03398775
v -0.07993099 -0.09594877 -0.03761098
v -0.08432055 -0.09622620 -0.03198568
v -0.09072401 -0.06707891 -0.01366772
v -0.05855969 -0.02499499 -0.03162335
v -0.05272350 -0.02078145 -0.01620995
v -0.07792385 -0.09640490 -0.03661031
v -0.06287144 -0.03053973 -0.02936066
v -0.08236356 -0.06913916 -0.01642078
v -0.09544079 -0.06411752 -0.02830339
v -0.08110057 -0.09753568 -0.02492799
v -0.09317180 -0.07611094 -0.03055278
v -0.05795503 -0.03251237 -0.02424556
v -0.08512455 -0.08831193 -0.03952727
v -0.09877935 -0.06117423 -0.02532255
v -0.08060461 -0.04516528 -0.01506076
v 0.13644442 0.11226947 -0.00899483
v 0.12801957 0.10759566 -0.00603455
v 0.07223906 0.11158323 -0.03134283
v 0.12769109 0.11223975 -0.00672094
v 0.12693477 0.11754454 -0.01244805
v 0.12846270 0.11827898 -0.01304461
f 7 1635 749
f 2772 12 1646
f 1652 1650 2777
f 2783 2773 2782
f 774 4703 2806
f 1679 2817 2818
f 2829 38 1686
f 1690 1691 2834
f 2854 2882 1704
f 2861 1701 2856
f 2859 1721 2858
f 2864 2863 54
f 1705 2866 797
f 798 797 1708
f 2869 1706 798
f 2868 800 799
f 804 2874 1710
f 2969 70 99
f 1725 2969 1783
f 1742 831 2878
f 1745 1746 77
f 1755 2944 837
f 843 2945 837
f 2953 87 4672
f 868 869 1793
f 870 101 1793
f 1792 104 2981
f 2997 873 1791
f 1781 3019 2967
f 888 885 886
f 893 3038 3045
f 3081 4471 3080
f 915 149 1856
f 1862 161 160
f 161 922 1864
f 1865 4595 168
f 1844 925 3119
f 4674 1875 3130
f 3150 4772 4712
f 4772 953 4712
f 1892 192 3173
f 210 970 3208
f 3230 1923 1922
f 1927 1928 1926
f 228 3807 3809
f 998 4637 3263
f 235 1947 1946
f 237 3273 1954
f 4622 1011 1980
f 3297 1819 1974
f 247 246 3298
f 3321 249 250
f 3321 4556 1026
f 1983 3312 1019
f 1022 3317 3316
f 4727 1984 251
f 1990 3333 3331
f 263 3334 1989
f 3413 4815 3337
f 4815 1032 3337
f 1033 3295 1993
f 1044 2008 1045
f 1949 4557 3372
f 2020 3379 3394
f 3383 276 3375
f 3391 1051 4531
f 3641 2035 283
f 308 2083 3496
f 2099 3511 2096
f 1115 2097 3511
f 3536 325 324
f 3577 2147 3576
f 2150 337 3565
f 1157 346 3571
f 2161 3301 2159
f 347 2166 3600
f 1164 3600 2166
f 354 3612 2168
f 2176 367 3629
f 372 370 3632
f 3680 4639 3675
f 1223 3719 3722
f 3724 413 3712
f 418 2277 2262
f 3772 2284 2695
f 1104 1252 2290
f 1250 1253 435
f 3779 435 4591
f 439 437 4591
f 2309 2302 445
f 2312 3793 3796
f 2320 1272 3800
f 3848 1302 3852
f 474 3861 3853
f 3863 3862 477
f 3867 3868 2358
f 3877 2379 479
f 2362 2361 482
f 3895 499 2377
f 1335 4596 1334
f 1198 4655 3172
f 1341 1336 3913
f 1356 3950 1352
f 524 2428 3978
f 3979 3978 2428
f 3977 1378 3976
f 3988 3987 2436
f 529 2447 3996
f 4008 4000 4020
f 1391 2445 4718
f 4026 4028 1394
f 2462 2456 1395
f 551 1403 1553
f 4050 2470 4049
f 4090 4094 4089
f 4070 571 1441
f 3881 3882 1445
f 2506 4099 2505
f 1446 575 2440
f 2509 1450 4107
f 577 2530 1453
f 2520 2531 588
f 4126 588 4106
f 2563 1623 2562
f 4192 4191 4654
f 634 635 633
f 2583 1504 2584
f 4223 2589 4641
f 2593 4212 4211
f 1506 4214 4213
f 4232 3191 2601
f 520 210 645
f 2613 1520 214
f 2636 4299 666
f 4311 4312 4513
f 2663 1548 4702
f 1551 684 4499
f 428 2276 1552
f 4336 4579 4337
f 4644 4721 1106
f 4393 2699 4341
f 4382 1377 2432
f 4754 4389 2288
f 1583 4396 1543
f 1591 4408 2713
f 762 716 2714
f 732 1618 4443
f 1573 4449 1620
f 4332 4697 4450
f 4058 4380 4452
f 2743 735 4736
f 2748 548 2749
f 1 740 1625
f 4257 1 3
f 1626 740 4257
f 740 1626 1583
f 2750 1584 741
f 2750 4 2751
f 3 2619 2617
f 1628 5 2754
f 5 4258 2754
f 4258 2752 2753
f 2752 1627 2753
f 2753 1627 1630
f 742 1628 2754
f 742 4 1628
f 743 2705 1629
f 743 744 2705
f 745 4549 2755
f 2755 746 6
f 1635 1632 749
f 2759 2760 2758
f 1637 628 2762
f 1639 749 1638
f 1640 1642 1638
f 1642 1644 1638
f 2764 4687 2765
f 2768 2767 2769
f 748 1642 1641
f 748 2770 1642
f 2770 2760 10
f 1645 750 1643
f 750 4515 1639
f 2711 1657 751
f 13 1648 11
f 4515 750 1646
f 1650 1647 2777
f 752 1647 1650
f 2774 2777 1647
f 4516 1655 14
f 1655 2780 14
f 1652 753 1650
f 2775 4982 4678
f 4982 753 4678
f 1651 2756 2755
f 1660 17 2778
f 1656 1659 2782
f 1659 2783 2782
f 1655 2773 16
f 1660 1661 17
f 761 756 4581
f 755 1662 17
f 17 1662 2778
f 1662 4945 2778
f 4945 1654 2778
f 757 2784 1662
f 2789 4963 2787
f 4963 2786 2787
f 1654 2788 1663
f 31 758 2826
f 1667 16 2783
f 20 2796 1667
f 2798 2797 763
f 763 21 765
f 20 21 2796
f 765 21 1668
f 2801 21 763
f 22 2825 2801
f 766 767 1671
f 2714 766 2799
f 4429 768 767
f 2714 715 4429
f 768 771 767
f 2802 2720 24
f 2720 769 1672
f 769 770 2811
f 2803 769 1674
f 1674 769 2804
f 2803 1674 2805
f 1675 2808 2806
f 1671 771 25
f 4681 771 1675
f 25 771 4681
f 773 26 2809
f 1677 2816 2810
f 2810 2813 26
f 2816 2815 1678
f 2816 2820 2815
f 2819 2821 2106
f 1680 2819 2106
f 1666 2822 777
f 1666 778 2822
f 2823 759 1681
f 1682 2824 759
f 30 31 2826
f 2793 31 1752
f 1685 1684 779
f 2827 2828 34
f 2827 1686 39
f 79 1687 37
f 38 2829 780
f 4467 1688 4679
f 1692 1689 2833
f 3650 1692 857
f 2790 1692 3650
f 42 858 1693
f 42 1693 784
f 782 783 1693
f 2212 42 784
f 1695 2837 784
f 4503 3663 2837
f 2837 1695 4503
f 2838 1694 4503
f 785 4550 783
f 2838 4550 1698
f 4550 785 1696
f 782 2840 1697
f 2840 2841 1697
f 1767 2842 2843
f 2844 1767 2843
f 2844 2843 786
f 786 4467 1765
f 1765 2845 2844
f 44 2850 2848
f 2838 1698 2850
f 790 1694 2838
f 2853 790 2851
f 791 4633 2853
f 2852 2853 1700
f 1700 2853 4633
f 793 794 792
f 793 2855 2854
f 2856 2855 793
f 2887 2854 2855
f 794 2854 1704
f 2887 2856 1701
f 2857 795 45
f 2890 47 4551
f 47 46 4551
f 795 1721 2891
f 1721 4661 2891
f 1702 2857 2860
f 795 2857 2858
f 2963 2910 2859
f 2858 1702 2859
f 49 2862 50
f 2882 50 48
f 2882 2881 50
f 49 2881 2879
f 2862 49 1717
f 2863 2864 3795
f 2865 2313 53
f 2867 2313 2864
f 55 1705 2863
f 54 2863 1705
f 2867 54 1706
f 56 2865 53
f 56 1707 799
f 799 1707 2868
f 1706 2869 800
f 1708 2869 798
f 799 800 136
f 3086 138 2869
f 1711 1708 1709
f 1711 2870 3086
f 2870 2872 2871
f 801 2871 2872
f 1709 1710 2873
f 1710 2874 2873
f 58 2866 1716
f 400 1713 2875
f 804 1715 4517
f 2877 2878 831
f 1717 49 805
f 2880 59 806
f 2880 2879 1718
f 2887 1719 2854
f 1719 1718 2881
f 1718 807 2880
f 2885 62 1720
f 63 809 66
f 63 60 2886
f 60 807 64
f 64 2890 2886
f 1723 2892 4661
f 823 2894 1723
f 2893 823 1723
f 1722 2894 1724
f 2895 2896 1724
f 65 68 67
f 809 1725 2897
f 1725 2905 2897
f 2885 816 62
f 1720 62 2884
f 1866 814 819
f 1726 2904 2900
f 4518 62 816
f 1737 2901 4518
f 2884 2901 2904
f 2900 817 815
f 819 817 1727
f 1738 1727 4645
f 2901 1737 4645
f 2903 2914 4518
f 821 820 2902
f 821 1730 820
f 1725 1783 2905
f 69 823 2893
f 1721 2908 2893
f 2910 2909 2859
f 3011 2999 822
f 2995 1728 2996
f 2907 1729 68
f 2905 1733 1730
f 1732 2912 825
f 1731 1733 827
f 2912 1781 825
f 94 825 1781
f 824 1732 2913
f 2913 4572 1735
f 828 74 1740
f 4519 3799 829
f 75 829 4711
f 829 75 4519
f 1741 76 830
f 2921 813 1744
f 2812 2814 4746
f 776 2930 2929
f 4520 3526 832
f 832 1745 77
f 2923 2928 835
f 835 2928 2926
f 2814 2929 836
f 836 2929 1747
f 2927 2932 835
f 2931 1751 2938
f 4746 836 4573
f 2937 2942 1756
f 1749 2941 1760
f 840 2941 2940
f 1750 78 1752
f 31 1750 1752
f 1757 2944 80
f 79 837 1687
f 1687 2831 780
f 2945 2831 1687
f 4582 1763 842
f 2948 838 841
f 2945 843 2947
f 1764 2945 2947
f 2947 787 84
f 787 2948 2949
f 83 2946 2950
f 83 2950 85
f 86 2845 4672
f 1766 4672 2845
f 1768 1767 845
f 2847 43 847
f 2847 847 1770
f 846 847 4620
f 846 844 1769
f 2951 88 2957
f 2951 2957 1769
f 1769 848 2952
f 847 1769 2952
f 847 2952 4634
f 2957 848 1769
f 87 1771 88
f 2950 4582 2955
f 4582 842 2956
f 2954 2955 90
f 849 1773 851
f 1771 852 2958
f 796 44 1777
f 1772 91 1779
f 852 92 854
f 856 3014 92
f 92 1805 110
f 850 2962 4521
f 1783 2965 827
f 100 2966 1780
f 2915 95 859
f 1782 1956 2915
f 96 1956 3280
f 2969 99 1783
f 4552 1784 1785
f 1788 2972 4584
f 4469 862 100
f 1785 1812 3023
f 1787 2979 2973
f 1789 2977 866
f 865 864 2978
f 1795 867 2978
f 866 2993 1791
f 2982 1792 1795
f 1792 867 1795
f 872 2980 103
f 1797 2982 1795
f 1792 2982 104
f 2981 104 2987
f 103 2986 2983
f 105 2989 104
f 1797 105 2982
f 1791 2993 1799
f 107 2994 99
f 70 1729 107
f 107 2995 2993
f 1801 3001 2911
f 2999 1801 822
f 3000 3001 2999
f 3001 1800 2998
f 3011 3003 2999
f 3010 108 3002
f 3002 108 3004
f 3006 3008 3007
f 2992 108 4609
f 109 1803 3003
f 2962 3011 4521
f 3010 1803 874
f 1804 109 2962
f 4747 875 3014
f 111 3012 3014
f 111 3013 3015
f 3015 3017 341
f 3018 2966 862
f 879 880 2968
f 98 880 861
f 3018 3022 3021
f 3021 1965 1808
f 1964 240 1809
f 3022 113 4470
f 862 3024 3018
f 3018 3024 3022
f 113 3022 3024
f 114 1811 3026
f 3024 3023 113
f 1812 2974 882
f 2985 1815 1813
f 1814 3046 884
f 3032 1794 1813
f 115 2974 3027
f 3029 3028 3026
f 3028 3029 3031
f 3027 3031 3029
f 3032 886 885
f 117 3034 3037
f 1974 1819 890
f 3036 1974 890
f 893 3035 117
f 893 3045 3048
f 1820 3045 3040
f 894 4802 3040
f 356 4804 4802
f 4804 3040 4802
f 888 1818 120
f 116 121 1818
f 121 3043 1821
f 122 3044 3043
f 3041 1823 3042
f 3047 2983 4533
f 3594 123 3042
f 896 3067 124
f 124 904 897
f 898 118 119
f 126 4846 899
f 118 4877 4846
f 4877 899 4846
f 1831 4831 1832
f 1830 4839 4831
f 4839 1832 4831
f 1832 4881 1831
f 4881 3353 1831
f 3353 4874 3061
f 1833 4929 4874
f 4929 3061 4874
f 898 119 1835
f 1834 4840 4838
f 4840 3057 4838
f 4838 4585 1834
f 900 128 901
f 3051 3059 3050
f 132 128 3059
f 3057 4857 4842
f 4857 1836 4842
f 4842 3055 3057
f 3061 1837 3353
f 130 4866 4844
f 4866 1837 4844
f 4844 1836 130
f 1837 4866 129
f 130 4903 4866
f 4903 129 4866
f 3064 3058 902
f 131 3060 3118
f 3118 3060 903
f 3060 1840 903
f 903 4471 3118
f 132 3078 3080
f 3051 3076 3059
f 3068 3069 2176
f 3068 133 3070
f 3070 1177 2177
f 3070 3071 3073
f 1841 3074 1842
f 3080 3078 3079
f 903 1840 132
f 3079 2180 1845
f 802 2318 3816
f 134 4777 3816
f 4777 802 3816
f 1846 906 136
f 1861 906 909
f 909 1851 1861
f 1846 1847 909
f 1846 137 1847
f 1847 3085 139
f 3088 908 140
f 910 139 3084
f 3091 145 141
f 3089 3090 4610
f 3818 457 3092
f 3094 3091 911
f 3090 3092 142
f 3093 143 142
f 1858 4472 143
f 146 3095 912
f 3096 144 4635
f 1849 910 145
f 3098 914 3097
f 915 3101 149
f 144 1858 3105
f 142 917 3107
f 3107 3115 918
f 4704 151 3110
f 156 147 3098
f 919 1861 1851
f 156 4504 919
f 156 155 4504
f 159 1862 160
f 162 153 160
f 152 1863 154
f 163 3113 4523
f 3835 922 3837
f 1865 3112 166
f 167 168 2352
f 4519 1866 828
f 830 1866 4519
f 3121 170 4555
f 924 4555 1869
f 131 3118 3119
f 925 1869 169
f 3120 1872 1838
f 1870 1871 3120
f 3120 1871 1872
f 3121 1872 1871
f 130 3123 3122
f 3122 2042 1873
f 3122 3125 2042
f 3121 3124 3123
f 1874 3133 2250
f 3133 1874 3134
f 929 3133 3134
f 3135 2250 3133
f 3130 1875 172
f 3129 3139 930
f 3215 3139 3137
f 501 3141 3137
f 931 3142 3921
f 932 3142 173
f 934 3141 174
f 3144 3143 934
f 3214 175 1876
f 3157 4763 936
f 4763 1879 936
f 1880 1882 936
f 1882 1880 1881
f 946 4758 947
f 4758 935 947
f 3148 1880 3147
f 3148 179 953
f 3148 3147 179
f 941 3149 1881
f 181 3152 180
f 939 4766 938
f 4766 940 938
f 3155 942 3152
f 942 941 3151
f 941 942 944
f 941 182 3149
f 3156 977 3157
f 1882 182 3158
f 943 3262 3161
f 1884 181 1893
f 1884 1893 197
f 181 1885 1893
f 192 947 178
f 177 186 1886
f 957 3176 1886
f 1347 1887 3164
f 3789 1889 3163
f 1889 3165 3164
f 188 3164 3165
f 1890 4699 3164
f 3165 3790 3166
f 1937 3247 4636
f 1891 1322 4655
f 1932 3171 1322
f 1932 1322 1891
f 952 3185 3174
f 954 953 3162
f 955 1885 189
f 1893 1885 955
f 3175 1894 3182
f 190 193 951
f 3173 191 190
f 3180 3176 957
f 178 3176 3177
f 3179 3181 3178
f 3181 3184 193
f 955 189 962
f 959 198 3185
f 3954 961 3188
f 1895 193 3190
f 1897 1899 1896
f 1897 200 966
f 3191 964 3192
f 964 3191 207
f 3193 200 3194
f 963 3194 1898
f 1898 3194 964
f 1898 964 207
f 3191 4232 207
f 199 1900 1901
f 1899 966 3187
f 3193 1909 200
f 1901 3196 201
f 202 203 1905
f 1904 3199 3198
f 1901 3199 3195
f 1904 4685 204
f 3199 1904 204
f 1905 205 3198
f 206 968 963
f 3201 3193 963
f 3197 969 1905
f 205 1906 3202
f 3202 1906 970
f 209 3204 3205
f 647 3201 968
f 3193 4505 1909
f 1908 211 1522
f 1908 971 3206
f 972 973 3207
f 3207 3213 3205
f 974 1912 4251
f 213 974 4250
f 4252 1912 3209
f 976 3143 175
f 977 3218 3214
f 175 3214 4473
f 3140 3217 3138
f 977 183 3221
f 3219 945 978
f 3221 3219 3220
f 3221 3218 977
f 4689 3223 1916
f 1914 1922 219
f 1917 980 1916
f 3221 3220 982
f 978 3225 1919
f 3225 979 1918
f 1918 2025 981
f 1920 982 3220
f 2024 982 1920
f 982 3227 3226
f 3316 218 3227
f 1914 219 983
f 4474 222 3232
f 1927 3231 3228
f 3235 1926 3234
f 3234 987 3235
f 987 1929 3235
f 987 988 1929
f 1929 988 3238
f 1931 3239 224
f 1931 4614 3911
f 4526 1931 3241
f 4526 3240 3238
f 3241 3240 4526
f 3171 1932 984
f 989 984 1932
f 1924 984 989
f 3242 1891 4655
f 1933 989 3242
f 3248 3243 1890
f 3248 3244 3245
f 1277 1938 1934
f 1935 3167 1739
f 3167 1936 4636
f 1935 4527 4656
f 1936 1958 1937
f 3249 3254 3248
f 4725 3250 1939
f 994 1945 230
f 1943 996 3254
f 3257 231 3256
f 3258 3261 3259
f 2027 1059 3260
f 3264 3401 997
f 1941 3255 1948
f 1947 3267 1942
f 999 3267 3266
f 3264 2028 1063
f 234 3265 1948
f 1950 3269 1000
f 3269 1001 235
f 3274 236 1950
f 4475 1001 236
f 1952 1951 1001
f 3273 237 1002
f 1003 3273 3272
f 1003 1954 3273
f 3271 4682 4755
f 1955 1002 237
f 1953 237 1954
f 3283 3276 3275
f 237 238 1955
f 238 1953 3279
f 3277 3276 3281
f 3281 3278 3277
f 239 3279 1953
f 3278 239 3277
f 1956 1782 3278
f 4603 3282 3281
f 1957 4603 1960
f 1958 1959 3284
f 1958 3284 993
f 3283 1004 1961
f 1337 1009 3285
f 1007 1006 238
f 1006 1955 238
f 240 241 1007
f 242 1964 1965
f 1965 1811 242
f 242 1008 1969
f 114 3025 1008
f 3288 1980 1011
f 1969 1008 1970
f 1966 1969 1972
f 3290 1966 2051
f 3291 2051 1966
f 1966 1972 1013
f 1971 1972 1969
f 3292 1970 244
f 4713 3292 244
f 3293 4713 244
f 1973 3294 4713
f 3341 1972 245
f 3293 1819 3297
f 1973 4824 3294
f 4824 1033 3294
f 1033 4824 3295
f 4824 1973 3295
f 3296 3295 3297
f 1024 4556 3299
f 250 1975 4556
f 4556 3321 250
f 3599 1984 1976
f 1016 251 3599
f 3306 1016 3304
f 1978 3307 1015
f 4623 1018 1017
f 254 1017 1018
f 255 256 1980
f 255 1980 3311
f 254 1018 256
f 254 256 3481
f 3312 253 257
f 257 1019 3312
f 1021 3313 3237
f 1983 3314 3312
f 1983 4705 3387
f 1982 3313 1021
f 3318 260 4705
f 2014 1053 259
f 273 3389 4705
f 3314 253 3312
f 1979 3308 3386
f 1979 3386 3385
f 272 3384 1979
f 3306 3307 3320
f 1016 3306 3320
f 3599 251 1984
f 3380 4693 2165
f 2165 4693 1024
f 261 3303 248
f 1028 1027 4574
f 4529 3326 3604
f 3326 1986 3338
f 3302 1985 3329
f 3328 3329 3330
f 1030 3331 1031
f 1030 1028 262
f 1028 4574 3332
f 1990 262 2002
f 3331 3333 1989
f 1989 3330 1031
f 3327 3328 3335
f 1032 3336 3335
f 1997 3327 3336
f 1032 4815 1999
f 4815 3413 1999
f 3337 1032 3357
f 3334 3357 1032
f 362 1036 3339
f 3340 4894 4856
f 4894 126 4856
f 4856 264 3340
f 1992 1013 3341
f 1993 3340 4476
f 1994 4927 4915
f 4927 1995 4915
f 4915 3345 1994
f 1996 4872 1831
f 4872 3053 1831
f 266 3352 3349
f 4828 4930 4845
f 4930 3346 4845
f 4845 3431 4828
f 3347 4854 4828
f 3346 4930 4854
f 4930 4828 4854
f 1831 4843 1996
f 4843 3063 1996
f 3354 3338 1997
f 1068 4662 1998
f 3354 4810 3356
f 1999 4822 4810
f 4822 3356 4810
f 3356 4822 3413
f 4822 1999 3413
f 3411 4811 3337
f 4811 3414 3337
f 2000 3357 3358
f 3358 263 4692
f 1026 1038 4574
f 2003 3359 267
f 3361 3367 1042
f 1041 1042 3367
f 3363 2002 1043
f 3364 3363 1043
f 3365 3370 2011
f 3286 2032 1044
f 3366 3270 1952
f 1045 2010 3366
f 3367 3374 2012
f 2010 3372 4557
f 3374 4710 3371
f 3371 4710 270
f 3378 3369 3375
f 1050 3375 3369
f 3380 1048 3377
f 4530 1050 3368
f 3383 1051 3395
f 2017 1052 1055
f 2017 3391 4531
f 3392 2016 275
f 2018 3392 275
f 3393 4722 274
f 2019 4722 3397
f 2020 2019 2021
f 3394 3396 2020
f 3395 1056 3396
f 3397 2018 1057
f 1057 4624 1067
f 277 4624 4649
f 2023 2014 259
f 2023 278 4700
f 277 1058 3408
f 1059 2026 3398
f 2026 3399 3398
f 1066 3400 2026
f 1944 1066 2027
f 2013 270 3404
f 2020 1061 4558
f 4710 4558 3403
f 2029 1061 280
f 2031 2029 281
f 3405 2031 281
f 281 3406 3405
f 3406 3407 1064
f 3407 1067 1064
f 1065 3400 1066
f 4624 3408 1067
f 3414 4811 2054
f 4811 3411 2054
f 3356 4816 4801
f 4816 1068 4801
f 4801 3354 3356
f 1068 2034 4662
f 3415 4997 283
f 4997 3416 283
f 1069 2038 3427
f 3418 3416 2036
f 285 2036 3421
f 1068 4816 2039
f 4816 3356 2039
f 2040 285 2063
f 3423 3422 2062
f 3423 3425 3424
f 3419 3426 1070
f 3429 3427 3430
f 3430 1072 287
f 1071 1070 1072
f 3425 4994 1070
f 4994 1072 1070
f 288 3430 4559
f 4646 4898 4694
f 4898 2043 4694
f 4848 4931 4850
f 4931 266 4850
f 4850 1074 4848
f 1079 4899 4848
f 266 4931 4899
f 4931 4848 4899
f 3432 4912 3431
f 4912 290 3431
f 2044 3434 3438
f 1077 3436 291
f 1078 1077 1075
f 1078 3437 1077
f 4625 4869 1076
f 3433 4875 4869
f 4875 1076 4869
f 3439 1079 3440
f 3442 292 2047
f 1090 2061 3444
f 3448 3450 2050
f 1992 2050 1991
f 1083 2052 4723
f 4723 2052 3453
f 3451 2033 2009
f 2056 3412 3452
f 1087 3453 2052
f 1088 3455 3456
f 3456 1087 293
f 294 3457 1082
f 3459 294 3450
f 3448 3458 3450
f 3460 1089 2057
f 2058 2059 1089
f 1089 2059 3461
f 4477 3464 3461
f 3464 4477 3463
f 1090 1091 3465
f 2195 296 1091
f 296 300 2067
f 3479 3467 2069
f 3467 3468 2069
f 3473 286 2063
f 2064 3470 1096
f 3472 3471 3455
f 1097 299 3473
f 4478 2065 1088
f 3475 3474 3463
f 295 4479 2060
f 296 2067 4650
f 298 3466 3477
f 1099 4479 295
f 3474 3475 2068
f 3477 3478 4506
f 3476 3478 2068
f 3475 3476 2068
f 3474 2068 301
f 3474 301 1098
f 3479 2069 1100
f 1930 1020 2071
f 3482 224 3239
f 4507 1101 3480
f 3481 2072 4507
f 1102 3484 2072
f 243 2073 1102
f 2073 2075 302
f 2385 302 4728
f 3169 1103 3905
f 2291 3486 304
f 303 3486 3487
f 305 3498 4532
f 3513 2821 3551
f 3551 2821 306
f 2077 4644 3489
f 2079 1106 2699
f 2078 1107 2088
f 2080 4714 2702
f 307 2082 2081
f 2080 3493 3491
f 308 2292 2083
f 305 3497 2083
f 1260 3494 3493
f 1107 3490 1111
f 1111 2093 1107
f 1107 2093 2089
f 1260 2084 3494
f 3496 2085 2084
f 3486 1109 3498
f 3500 4626 3505
f 2084 1111 3494
f 1111 2084 2087
f 3500 3505 3501
f 2089 2088 1107
f 2089 3504 3502
f 319 3875 320
f 2091 2090 319
f 1118 3870 2091
f 309 2094 2089
f 3515 312 1114
f 2097 311 3511
f 2099 1121 321
f 2092 3517 3507
f 2092 1113 3517
f 3517 1116 3507
f 3518 1116 2100
f 3516 3518 3515
f 312 314 2095
f 313 312 3515
f 3515 2101 313
f 3519 1117 316
f 4560 4743 1120
f 314 3519 4576
f 3523 2103 2105
f 3524 2111 1120
f 1120 2113 3524
f 2102 3537 3522
f 3513 2107 4480
f 2109 3527 3529
f 2107 321 4480
f 3524 2113 4715
f 3524 4715 1121
f 2113 2117 2114
f 2115 1123 3528
f 2104 322 1124
f 2122 2116 2124
f 2122 1126 2123
f 2121 2123 3530
f 3530 330 840
f 2124 1127 3531
f 3533 3532 324
f 3537 3534 2105
f 3535 3532 1128
f 3539 3538 2128
f 2130 3540 2128
f 3541 3544 3542
f 1131 3544 3541
f 4651 327 1131
f 327 3544 1131
f 1135 328 1126
f 330 328 1136
f 2132 3549 1136
f 331 2132 1135
f 2134 329 325
f 1763 3549 81
f 3548 1134 1151
f 2134 1153 1137
f 81 4481 842
f 2115 2110 321
f 321 2110 4480
f 1105 1115 3551
f 1105 2097 1115
f 2988 1798 3556
f 2135 3007 1802
f 1139 3554 3555
f 334 332 333
f 332 334 2140
f 3016 3556 1798
f 335 3561 1140
f 3562 3585 3565
f 3566 3567 2138
f 2139 3564 3587
f 1141 3587 3564
f 2140 1142 3557
f 4461 2141 333
f 333 2141 1144
f 2145 338 4695
f 339 2145 4695
f 339 3571 2145
f 2145 3571 3572
f 1149 3573 4695
f 4461 1147 2146
f 3574 2143 1148
f 3573 1149 4561
f 1150 3576 3575
f 3576 1150 3577
f 3576 2147 4663
f 3573 4561 342
f 3577 1150 3579
f 3558 2162 2153
f 3566 2138 1155
f 1155 3582 1154
f 4482 3582 1156
f 3587 1142 3572
f 3572 346 3587
f 1133 1158 3588
f 2136 4533 2983
f 2162 3558 2150
f 3565 3583 1159
f 3591 2152 3590
f 3592 2155 3595
f 1160 348 3594
f 3594 348 3593
f 350 355 4534
f 895 2154 2169
f 4590 2155 352
f 2156 351 352
f 3611 353 4716
f 4716 4529 3611
f 351 3597 1161
f 2155 3597 2156
f 2163 3597 2158
f 2163 2164 1162
f 2165 1156 4726
f 3600 1164 2138
f 3326 361 3604
f 2157 3605 354
f 2154 3608 2169
f 3606 3608 3624
f 355 2168 3609
f 3612 3605 3610
f 3610 3611 3604
f 3610 3613 4683
f 3609 1167 1168
f 2170 2172 3613
f 3615 1170 3616
f 3620 1169 3616
f 3616 1170 3620
f 1170 376 2188
f 2173 3620 3622
f 363 3617 3623
f 1174 1168 363
f 1172 365 3623
f 3627 3626 3625
f 3627 3625 1173
f 4628 1175 358
f 358 1175 366
f 357 366 2174
f 357 896 1824
f 896 1176 3067
f 2175 3067 1176
f 1173 3625 1176
f 2176 3069 367
f 2177 4748 3068
f 368 2177 1177
f 1178 368 1177
f 2179 3072 3071
f 905 369 2180
f 2180 372 3634
f 3077 905 1843
f 369 3077 2182
f 2183 3631 3633
f 3082 1845 3634
f 3634 3642 3643
f 2187 1180 373
f 2192 4483 375
f 3355 1182 2189
f 2190 1182 3637
f 374 4658 3636
f 4658 2190 377
f 375 4814 4664
f 4814 1184 4664
f 4535 3428 2193
f 2196 2194 3647
f 3642 3639 1185
f 297 298 2193
f 2787 1664 379
f 4508 3650 3660
f 1190 3654 3653
f 557 3655 1186
f 3656 2207 4708
f 2203 1189 3657
f 4019 382 2206
f 1190 3972 2464
f 3651 384 3968
f 4684 403 2251
f 381 1213 4684
f 4684 1213 403
f 4729 1213 381
f 1191 3659 1186
f 2209 2211 2210
f 3662 1214 42
f 1214 858 42
f 2213 2212 3663
f 2213 3662 2212
f 387 3663 1694
f 3681 388 1192
f 3685 3681 1192
f 3664 2852 2214
f 3682 2231 3664
f 3666 2218 2368
f 3666 3665 2218
f 3665 391 3668
f 1194 2220 392
f 2220 1194 1212
f 3672 1196 3676
f 2225 2223 2219
f 3678 1197 393
f 2223 3679 3678
f 3672 3676 2225
f 2227 4462 4639
f 3676 3675 4639
f 3677 2222 3680
f 3680 1199 394
f 3680 394 1200
f 385 2228 394
f 2229 2230 3696
f 3685 1192 2231
f 2216 3683 397
f 1704 3683 2216
f 2240 1201 3685
f 3686 4536 1202
f 399 2862 1203
f 3692 3688 1205
f 4536 2238 3687
f 3690 3691 2238
f 1207 171 3689
f 3689 2241 1206
f 171 2242 4562
f 1207 2239 4739
f 4739 2239 3692
f 51 400 3686
f 1209 2244 402
f 2247 402 2244
f 2247 2244 1210
f 2248 3693 2247
f 3704 1211 4611
f 2248 3695 1211
f 2247 3695 2248
f 3693 3696 2230
f 3698 4749 1391
f 3701 3699 3658
f 2251 3700 1212
f 3702 3658 3703
f 4640 3703 3699
f 2451 539 4640
f 4666 2250 2224
f 858 1214 857
f 3706 4667 2252
f 3707 702 405
f 2577 2260 406
f 1217 2254 1216
f 1218 1233 2268
f 3713 1219 2571
f 3716 1220 404
f 2256 3716 404
f 409 3717 2257
f 3716 2256 1222
f 1221 3716 410
f 3718 1219 407
f 411 3719 3718
f 1219 3719 412
f 4744 4675 3720
f 3720 4675 3721
f 3719 3738 3722
f 2258 1224 411
f 1224 3738 411
f 2641 408 2570
f 3705 1220 408
f 3762 4465 406
f 3712 413 2260
f 3724 3712 416
f 3725 416 415
f 416 3727 415
f 3726 3727 416
f 4485 414 415
f 1227 2261 414
f 1227 3759 3731
f 3735 1240 4485
f 3732 417 1228
f 3733 418 2262
f 1240 3735 3734
f 3734 1231 2267
f 2267 1230 1238
f 3726 3736 2265
f 3737 2267 1231
f 2268 1232 1218
f 2268 1233 3741
f 3740 3739 2268
f 3721 420 3743
f 3740 3741 421
f 3741 1233 421
f 423 422 2269
f 3746 1235 2270
f 1261 1236 2272
f 1237 3756 425
f 3754 4486 1237
f 1230 2266 2259
f 2277 2263 3758
f 2434 3991 1241
f 1242 2280 1243
f 2278 1246 429
f 4463 2280 429
f 4463 3766 2280
f 2281 2280 3766
f 3764 3762 1244
f 3765 2281 3766
f 2279 573 3770
f 3767 573 3768
f 3772 2694 2284
f 2284 2694 3763
f 2285 2279 3770
f 2285 3771 1248
f 2282 3774 4615
f 2286 3773 4615
f 3775 3765 1251
f 2285 431 4128
f 3776 3782 441
f 1250 2287 3778
f 432 1252 3485
f 434 1258 2288
f 437 3779 4591
f 2291 1104 2290
f 3488 4592 434
f 1255 436 2295
f 440 3779 438
f 439 1253 1250
f 3784 2081 1108
f 4592 2293 1258
f 3784 1108 2294
f 308 2293 4592
f 4065 2295 442
f 1256 3781 443
f 2298 2482 442
f 2298 2296 4073
f 4486 3786 2299
f 2310 3794 3691
f 3795 1208 2875
f 4739 3692 1263
f 445 2301 2309
f 3788 446 2300
f 2300 446 4739
f 1207 4739 447
f 446 3791 448
f 2303 2321 992
f 3791 2304 3789
f 445 3788 2300
f 445 4563 3788
f 1267 4717 3792
f 2311 4795 2305
f 4795 450 2305
f 2309 2301 3794
f 52 3794 2310
f 2863 3795 2875
f 1274 4668 2311
f 452 3793 453
f 3793 2312 453
f 452 453 1270
f 3797 453 1271
f 3801 1268 3806
f 1276 1273 3804
f 1273 1276 3806
f 3801 3806 1276
f 3801 829 2320
f 3800 2308 2320
f 1934 992 1277
f 1277 2321 456
f 451 2306 449
f 449 2306 3808
f 2323 3809 1278
f 3247 3809 2323
f 3092 1280 1281
f 458 1281 4593
f 4541 1279 459
f 3810 3811 1279
f 2325 3813 3810
f 1284 2325 3818
f 3818 3089 1284
f 1284 4796 3814
f 4796 3816 3814
f 3811 1283 3812
f 3812 4793 1282
f 4793 467 1282
f 460 3815 1283
f 460 2324 3815
f 3812 4784 1305
f 4784 1285 1305
f 2319 3805 2324
f 3816 4796 134
f 4796 1284 134
f 2331 454 3817
f 1270 454 2331
f 3817 136 1287
f 3826 2326 3099
f 2328 4594 462
f 917 1281 458
f 2328 1286 3823
f 1291 3824 3823
f 2329 148 2326
f 907 3827 1287
f 3817 2351 2331
f 2330 3827 3111
f 3827 2330 2351
f 158 919 4504
f 158 3829 3828
f 3850 3831 3830
f 1289 4791 3833
f 4791 4565 3833
f 466 4786 1275
f 4786 1274 1275
f 1305 466 3833
f 2332 2333 1306
f 164 1291 165
f 3834 1291 164
f 1292 2334 3824
f 1293 3834 468
f 468 1864 3835
f 2336 1295 2344
f 3838 2334 2337
f 1293 2337 1292
f 4701 2338 469
f 4701 3841 2338
f 3839 1295 1297
f 3841 2339 3840
f 4701 1294 3837
f 2339 3858 3840
f 1300 3844 1297
f 1300 3843 3844
f 3839 1297 3845
f 3844 2342 2341
f 473 470 3845
f 3846 3820 461
f 1302 3848 3846
f 3822 2344 3847
f 3847 2344 1301
f 1302 3847 1301
f 3852 1303 3848
f 471 472 3849
f 3854 2347 3850
f 3831 2347 2348
f 3832 3855 3856
f 4565 2351 2350
f 1304 2333 467
f 2340 1298 2352
f 2352 168 2340
f 2340 3858 2339
f 475 2341 2342
f 3851 3852 3859
f 4488 3860 2345
f 2333 2349 3861
f 475 2353 4686
f 476 3858 4595
f 2354 3863 1307
f 570 2501 568
f 1308 477 4629
f 3868 3867 2355
f 3867 3869 1310
f 3869 3872 3871
f 3873 3874 4489
f 4741 4548 2357
f 480 3876 4490
f 3878 1314 3879
f 2364 3879 1314
f 2363 3878 3879
f 2361 481 482
f 2365 2363 1312
f 2363 2364 1312
f 1313 2366 1312
f 3887 487 1313
f 2217 2367 1445
f 1315 3880 2367
f 2368 3673 3883
f 1317 3886 2370
f 1316 1317 2370
f 3886 1313 484
f 1313 3886 3887
f 3886 3891 3887
f 1316 3893 1317
f 3893 3888 1317
f 3893 1316 1319
f 1319 1318 486
f 1311 2374 2366
f 2375 3887 488
f 2376 1321 1322
f 1322 3890 3172
f 1323 1334 3894
f 3895 2377 3893
f 3896 2378 1330
f 1326 491 1327
f 1328 492 2380
f 3538 480 4490
f 2380 1130 1328
f 1130 2380 3545
f 1132 2131 2389
f 3898 2382 3900
f 2383 1332 3901
f 3904 3901 1332
f 3904 3903 3902
f 3168 3904 496
f 497 3906 3170
f 3907 2387 2386
f 3909 3906 3908
f 1336 3912 3913
f 1333 4596 3912
f 1334 2386 4491
f 4491 1324 3894
f 3912 949 3913
f 3172 2372 1198
f 3914 342 3916
f 343 342 2147
f 3915 3285 3914
f 1337 3915 3287
f 1340 3916 1339
f 343 1339 342
f 1338 1339 343
f 3902 1340 1338
f 3905 3287 3915
f 1207 447 1264
f 502 3137 3128
f 501 2390 3919
f 2390 501 502
f 3141 3919 174
f 4510 2392 4493
f 3921 1343 2394
f 1342 2393 1344
f 2395 3922 505
f 504 939 3922
f 504 2426 940
f 2397 931 2398
f 3925 1886 2397
f 3931 4767 3932
f 4767 2400 3932
f 4493 2401 3933
f 3933 2401 507
f 1350 3935 3934
f 1348 3928 1350
f 1349 2427 3928
f 2400 2403 3932
f 3939 1352 2404
f 3941 2405 3180
f 3942 2405 3941
f 1353 2405 3942
f 3946 3924 2406
f 511 4494 2396
f 2407 3967 4494
f 3935 2407 3936
f 2408 3946 2406
f 512 2406 956
f 3946 1355 1354
f 3947 4768 2410
f 4768 2409 2410
f 513 2412 4750
f 4542 2409 4659
f 1359 2411 514
f 1358 514 3953
f 2413 3950 3949
f 2413 1360 3950
f 3956 1358 3958
f 3959 3957 4724
f 1361 3957 3956
f 3958 2416 1361
f 2416 1362 1361
f 1361 3956 3958
f 2415 3959 4724
f 4464 4228 4230
f 1362 3200 1365
f 1365 2419 3963
f 1365 3963 1366
f 1368 518 3963
f 517 2420 3965
f 1367 641 2422
f 1367 2423 520
f 2420 2424 1370
f 2425 2426 504
f 2426 2425 1371
f 522 2427 1349
f 523 996 522
f 523 1351 3929
f 3968 1376 1374
f 4578 3970 3983
f 3969 2428 524
f 2429 3973 3971
f 3974 3976 1378
f 2430 3976 3974
f 4543 3975 2430
f 1377 3977 3982
f 3975 2433 3976
f 3975 3980 526
f 3981 1377 3982
f 3981 3982 2432
f 3980 1380 1379
f 3991 2434 3984
f 3989 1381 2435
f 528 3991 3992
f 3992 3991 2437
f 3991 3984 2437
f 3992 3993 3987
f 1390 3997 2437
f 3998 3999 2438
f 536 2449 2438
f 2439 3975 540
f 4004 531 4003
f 2738 4002 1387
f 4003 2738 4010
f 2446 532 2441
f 533 2442 1383
f 1563 535 1384
f 2444 1563 1384
f 4354 1563 2444
f 4006 4005 2443
f 537 4009 4008
f 537 2445 2444
f 4000 536 2438
f 1387 3996 2447
f 2446 4011 4012
f 1388 1389 4014
f 724 4014 719
f 4012 4435 2446
f 4017 4014 724
f 4018 2431 526
f 526 1379 4018
f 2450 2447 2448
f 2449 2450 3997
f 3997 1390 2449
f 4718 537 4008
f 4020 4021 4008
f 3703 1392 540
f 1393 541 2454
f 2651 541 1393
f 2454 4993 4022
f 4993 4024 4022
f 4028 4023 541
f 4028 4026 4027
f 542 4027 4398
f 4730 4961 4030
f 4961 1395 4030
f 2456 1406 4032
f 2455 2456 4032
f 1397 544 1398
f 4511 1398 544
f 2459 4730 2460
f 4031 2460 4730
f 4511 4975 1398
f 4975 2458 1398
f 4037 4036 4038
f 2688 4040 1570
f 2457 548 4035
f 1397 543 4042
f 1399 2462 1400
f 1406 2456 551
f 4041 4439 4042
f 4043 4738 549
f 4043 1401 4738
f 2463 4043 549
f 1407 547 552
f 1613 1399 1407
f 2469 4966 4046
f 4966 4029 4046
f 1408 4972 2466
f 4972 4046 2466
f 2469 4969 4031
f 4969 2460 4031
f 2460 4969 4962
f 4969 2469 4962
f 4962 2470 2460
f 1408 4983 4049
f 4983 4050 4049
f 4051 2470 4050
f 4048 554 4055
f 1412 4055 2475
f 1589 1410 4566
f 2473 4379 2474
f 555 4451 4056
f 2471 4064 4052
f 1188 1414 4064
f 1413 2477 2475
f 1413 4061 2199
f 4062 556 2476
f 4064 1415 4059
f 1414 1189 4063
f 2652 1239 1404
f 2478 1239 2652
f 1239 2478 2276
f 4062 2476 380
f 3648 380 2476
f 2479 4676 1410
f 2480 3648 2479
f 4065 442 2482
f 1416 4071 2485
f 1416 1417 2483
f 4067 1113 4068
f 4070 4067 1418
f 1418 562 571
f 1419 562 1418
f 1420 4071 4072
f 1421 559 2486
f 4076 4074 609
f 4075 4077 1422
f 4078 1423 4079
f 2488 2489 2491
f 4079 1423 2492
f 563 4146 4080
f 564 4083 2496
f 1432 1430 4545
f 1427 1430 565
f 1431 1430 1427
f 2497 4545 1430
f 1433 2498 4545
f 2497 4085 2503
f 4085 1431 566
f 2497 1434 1433
f 4680 1435 4086
f 2500 1435 4680
f 1429 2499 1424
f 2491 2486 2490
f 2499 1436 1421
f 1439 1437 4087
f 3864 1435 3862
f 2502 4090 1440
f 4677 1439 4093
f 4093 1441 4677
f 1443 2100 4095
f 3518 315 2101
f 4092 315 3518
f 1444 2503 4085
f 1444 4085 572
f 485 483 572
f 4097 2504 4096
f 3882 4097 4098
f 4099 4096 4616
f 4358 4604 2495
f 2506 4567 4630
f 4100 4096 4099
f 2217 1445 4101
f 1459 573 527
f 1459 527 575
f 1446 4103 4102
f 4102 4103 1447
f 1460 1447 4103
f 4105 4107 532
f 2509 4127 1450
f 608 1449 1453
f 4115 2547 578
f 1451 4107 588
f 4512 4109 4660
f 4111 4512 2510
f 4112 2512 4113
f 581 582 4114
f 583 581 2515
f 2517 585 2516
f 2517 2532 585
f 4119 4116 589
f 2518 4115 2526
f 4118 4116 1455
f 2516 2522 2517
f 593 2517 2522
f 1455 2518 2526
f 590 2526 4742
f 590 4121 1455
f 1455 4121 4118
f 2520 4126 1456
f 1451 2531 577
f 1603 4123 592
f 2524 1457 2521
f 593 2523 594
f 4123 1603 1605
f 4325 1603 584
f 2533 587 2534
f 1450 4127 2538
f 2539 3768 1471
f 4130 4129 2551
f 2540 1460 576
f 576 1460 4131
f 4131 1460 4104
f 4133 4132 2540
f 4135 4133 4134
f 1461 4134 2540
f 4719 4135 4134
f 596 597 4731
f 1461 2540 1462
f 2544 597 1461
f 4144 597 2544
f 4133 4135 1466
f 4138 2543 2541
f 4136 1473 1465
f 2543 4138 534
f 1464 4138 2541
f 4137 4731 597
f 4144 4137 597
f 4138 1464 1463
f 538 601 1467
f 4016 602 719
f 602 4570 1469
f 2546 4139 4140
f 4144 2544 603
f 606 1469 4570
f 2548 1470 579
f 2539 2549 609
f 2550 612 610
f 1466 1472 611
f 4132 611 2551
f 4146 612 1474
f 1474 1472 1473
f 4147 4653 1475
f 4147 2553 4150
f 4360 4149 4150
f 2492 4148 2493
f 2542 2553 4136
f 652 4495 1476
f 4495 4187 1476
f 2752 4960 4949
f 4960 1476 4949
f 4949 4152 2752
f 4155 4642 4153
f 1593 4189 4188
f 4154 4157 4189
f 4732 4160 1479
f 1479 4159 4161
f 4161 4159 2557
f 4163 4162 4161
f 4161 4162 1479
f 1484 617 4161
f 2555 4164 1482
f 1481 4165 617
f 1484 1483 617
f 618 1481 1483
f 1481 617 1483
f 4168 1480 4165
f 619 1480 4168
f 619 4179 2556
f 620 1488 1483
f 2557 2558 4173
f 4169 4170 2561
f 4170 2731 1486
f 1486 2564 2565
f 4170 2565 4174
f 1489 4173 4176
f 2561 4174 4175
f 623 4177 4167
f 2569 3713 2571
f 2568 1492 625
f 2255 2570 408
f 4733 4183 2640
f 4733 4196 4183
f 4185 4184 1490
f 630 4989 4268
f 4989 4185 4268
f 625 4987 4948
f 4987 4187 4948
f 4948 4185 625
f 4495 4977 4948
f 4977 4185 4948
f 4948 4187 4495
f 623 2573 2567
f 623 2574 2573
f 4176 1493 622
f 1477 4189 1593
f 4196 1491 4195
f 4196 4195 2576
f 2576 2642 4196
f 1496 4154 4197
f 1496 3711 2577
f 2577 4190 4157
f 2254 4198 1216
f 4158 1498 1497
f 1498 632 1497
f 1216 1500 1217
f 1500 4199 632
f 1500 632 1511
f 4226 1511 2579
f 1500 635 2580
f 1501 635 634
f 635 4227 634
f 1510 4227 635
f 636 637 4221
f 1504 3720 2584
f 4204 1504 2583
f 2589 4208 2587
f 4223 4641 4219
f 2589 4210 4641
f 4214 2590 1507
f 4215 1507 2595
f 4212 2593 4216
f 1508 4218 4212
f 2275 427 4218
f 4220 4219 4752
f 4218 1508 2275
f 1509 2599 4221
f 2581 4227 1503
f 2600 1500 1511
f 639 4230 1512
f 1512 4229 639
f 2603 4231 1512
f 2601 2602 1512
f 1513 2601 1512
f 4249 206 4235
f 1369 518 3964
f 518 1369 2607
f 4236 4239 2607
f 519 640 4236
f 1370 2424 4618
f 2604 4238 521
f 4240 4248 644
f 4248 4240 4247
f 4618 4242 1515
f 1516 4241 4244
f 4243 4250 4237
f 642 645 4243
f 648 2609 2608
f 646 4761 1516
f 4761 4247 1516
f 646 649 4245
f 2611 4233 1518
f 4249 1519 2612
f 213 4243 3208
f 1521 2613 214
f 214 2614 1521
f 2614 4254 649
f 2 1582 4599
f 2617 650 4257
f 4495 652 651
f 2619 1523 4279
f 4269 2618 655
f 1523 2618 4269
f 2621 4259 4277
f 2620 655 1524
f 4270 1524 656
f 2622 4265 4261
f 2624 1525 4262
f 4260 4265 2622
f 4266 1540 2653
f 1526 2623 4265
f 4267 4265 2623
f 4274 4263 4306
f 4274 2624 4263
f 1528 4270 2624
f 4273 2625 2626
f 1528 4274 4290
f 4272 4276 4278
f 4278 659 4277
f 4276 2630 4278
f 4287 4280 2630
f 4282 4281 4283
f 1530 4295 4285
f 4295 4734 4285
f 4289 1529 661
f 2633 4619 2632
f 4296 4295 1530
f 4295 4979 662
f 4979 4298 662
f 4297 1534 2635
f 662 4980 631
f 4980 4601 631
f 4306 664 1533
f 1532 665 1534
f 1532 1534 4297
f 1535 2636 4294
f 4301 1537 2638
f 1537 4302 2637
f 2639 2643 4303
f 4569 4619 4304
f 4304 2641 2640
f 4312 4305 4513
f 4298 4957 4601
f 2643 4988 4957
f 4988 4601 4957
f 4513 4601 4311
f 4292 4291 4307
f 4306 4292 4307
f 4302 668 4308
f 1531 2644 4308
f 4293 4309 2644
f 4300 2637 2645
f 4600 4976 4957
f 4976 2643 4957
f 4957 4298 4600
f 4311 4310 4312
f 4735 4956 4315
f 4956 4670 4315
f 1539 3705 2633
f 404 3705 2647
f 1539 2632 2648
f 4294 2648 2632
f 4317 1541 4720
f 653 4319 4316
f 1541 4953 4735
f 4953 1542 4735
f 4318 670 1541
f 1393 4318 4320
f 4317 4319 4320
f 2465 4022 4024
f 4321 4320 2703
f 4266 4720 1540
f 2649 2636 2654
f 2656 2654 666
f 4143 673 671
f 4497 1548 1547
f 677 1545 1546
f 2515 581 1547
f 4324 1548 2661
f 4324 4426 4702
f 679 1549 4324
f 2664 2665 2662
f 729 673 672
f 1550 681 4327
f 2669 682 2667
f 2667 684 4326
f 4498 1550 4327
f 2253 4498 2668
f 3709 1553 4499
f 1553 3709 3710
f 725 4499 1553
f 2560 1554 4499
f 685 4328 4329
f 2670 2669 683
f 428 1552 2262
f 4331 4335 4414
f 4331 4332 4335
f 4328 2671 4329
f 2715 4334 1556
f 2671 2670 4333
f 4335 4332 4333
f 4430 4336 687
f 1558 2672 4340
f 4721 2673 2672
f 4393 4341 4342
f 4345 689 4344
f 1559 1558 4347
f 4345 688 4643
f 689 4345 4348
f 2721 4423 1561
f 2543 534 690
f 535 691 4352
f 691 1563 4353
f 691 4353 1564
f 1564 4357 1565
f 2680 2495 4359
f 2493 4359 2495
f 4356 4361 2680
f 2680 4361 2679
f 4567 4362 4630
f 692 389 4362
f 4330 4363 4451
f 695 2716 696
f 1567 2683 2682
f 2682 4366 4365
f 698 2683 1567
f 4367 4364 2681
f 4368 2686 2685
f 1568 4370 4368
f 4371 4372 4366
f 689 4372 2687
f 4037 2463 1570
f 550 1570 2463
f 4453 4455 4375
f 4453 1571 701
f 2689 4376 1572
f 702 4377 703
f 3761 702 703
f 1572 4384 703
f 2474 4379 555
f 4380 4058 4606
f 4380 4056 4451
f 4451 555 1573
f 705 1573 555
f 705 2691 2692
f 1574 2690 705
f 3651 3968 1574
f 2692 3969 706
f 4384 704 703
f 4385 704 4384
f 2694 2700 3763
f 3772 2695 1577
f 1577 4386 3772
f 2693 3772 4386
f 4387 4388 4386
f 4387 1578 4388
f 4391 2697 4389
f 4714 2699 4393
f 4392 4754 4740
f 4714 4393 2702
f 741 4396 1583
f 741 1584 4397
f 2707 4678 4400
f 4709 1587 2707
f 1587 2467 2708
f 2708 4990 2707
f 4990 2756 2707
f 1585 1586 4047
f 4403 2710 4404
f 2480 4404 3648
f 710 709 2710
f 710 4403 2480
f 2759 4406 4405
f 2759 711 2711
f 4405 1590 4408
f 713 4411 714
f 1591 2713 714
f 715 716 1591
f 716 4412 1591
f 2554 1554 4160
f 1594 4415 2717
f 1673 2720 4416
f 718 2722 1597
f 4347 1558 1596
f 2721 1561 1599
f 4421 1600 4424
f 4421 2723 1673
f 4339 2678 4423
f 4570 720 4427
f 4425 602 1601
f 4139 2726 721
f 4427 722 1603
f 1603 722 1605
f 585 2532 1604
f 1606 1607 4429
f 4431 4432 723
f 4431 1608 4432
f 2728 4433 4432
f 4435 4017 1611
f 4436 2729 4438
f 2730 4041 2749
f 1612 4501 1614
f 1403 1613 1612
f 4442 727 4171
f 727 4441 4171
f 2563 1615 1623
f 726 1615 2563
f 2732 4015 4443
f 4015 4010 2737
f 728 1618 2735
f 2735 2733 728
f 2733 1616 728
f 1616 1610 719
f 1610 676 675
f 2733 676 1610
f 676 2735 2734
f 553 730 4446
f 730 4514 4446
f 4409 4446 713
f 731 4411 4446
f 2736 1618 732
f 733 538 671
f 4448 4449 2746
f 4449 4448 2739
f 4459 4449 1573
f 4380 4451 4452
f 4697 4331 1620
f 1622 734 4448
f 694 4058 4452
f 2741 2740 694
f 4455 1575 4605
f 1575 4455 1622
f 4456 1622 4448
f 4456 1575 1622
f 1575 2746 706
f 4448 4373 4454
f 4632 4736 735
f 2745 2473 2747
f 548 553 4409
f 2749 548 4460
f 739 738 1624
f 1628 4946 5
f 4946 4257 5
f 2754 2753 742
f 743 1629 2751
f 742 2753 1630
f 748 2761 2758
f 1641 2767 748
f 2760 2711 10
f 7 12 15
f 2774 1647 4516
f 1665 2785 2791
f 2792 2793 1684
f 771 768 24
f 772 773 2809
f 2805 2810 26
f 2810 2816 1678
f 27 2809 26
f 1678 776 2814
f 776 1678 2815
f 28 4417 2818
f 1680 2106 833
f 2825 4681 4703
f 1682 4703 1683
f 1682 1683 2824
f 2786 2790 1664
f 781 1764 4467
f 2850 1698 2839
f 1694 790 2849
f 2959 791 2851
f 387 2849 3664
f 792 2215 2214
f 2864 54 2867
f 55 2866 1705
f 2868 2867 1706
f 800 2869 138
f 1713 1716 55
f 1718 1719 808
f 807 1718 2889
f 65 810 811
f 2907 65 811
f 2892 2896 811
f 2899 813 812
f 2901 62 4518
f 2895 1724 1728
f 822 2911 2894
f 2930 776 2815
f 832 2922 4520
f 4520 2922 2924
f 2108 3526 4480
f 2109 2925 2108
f 2925 2109 2935
f 2935 323 2934
f 1748 2940 1749
f 1758 2942 1749
f 1749 2940 2941
f 1687 837 2945
f 1763 4582 2946
f 849 851 850
f 851 2958 1774
f 1775 2848 2847
f 853 850 4521
f 90 2961 856
f 1806 876 2961
f 2910 2964 91
f 1777 2963 796
f 1784 1786 2975
f 2989 2988 2987
f 2995 1799 2993
f 107 4584 2994
f 4609 105 2992
f 1802 3008 3012
f 2962 109 3011
f 4747 3009 875
f 1805 3009 874
f 1806 2956 842
f 1806 3017 876
f 3019 3018 3020
f 3022 4470 3021
f 881 1809 1807
f 882 115 113
f 3027 3030 885
f 3030 3032 885
f 1816 1817 1012
f 4554 890 891
f 3041 3043 121
f 1820 897 3045
f 1822 3045 897
f 898 4862 118
f 899 4877 4862
f 4877 118 4862
f 1034 4924 1828
f 4924 1829 1828
f 1833 4841 4832
f 4841 3056 4832
f 4832 3055 1833
f 3058 1835 902
f 1836 4857 926
f 3057 4904 4857
f 4904 926 4857
f 3079 3081 3080
f 138 3086 3087
f 3095 145 912
f 1852 3097 146
f 3098 3097 1852
f 915 1854 3102
f 921 152 150
f 4704 1286 1856
f 1857 153 162
f 160 4621 162
f 163 4523 164
f 166 4686 1865
f 169 170 1870
f 3124 927 3126
f 172 3136 929
f 3145 1878 3146
f 3146 3157 176
f 935 1879 947
f 941 1881 3150
f 3151 941 3150
f 939 181 3154
f 3155 938 940
f 3159 3160 944
f 1884 3154 181
f 3798 3167 4636
f 954 3162 1894
f 1894 3162 3174
f 3173 192 191
f 3181 193 190
f 962 3183 961
f 2602 3191 3192
f 1897 964 3194
f 201 1902 3198
f 202 1905 3198
f 205 3203 3198
f 2423 1367 4685
f 3209 1912 974
f 1912 4252 214
f 3212 973 215
f 219 1923 989
f 983 3136 1875
f 3136 983 989
f 986 222 4474
f 3234 1928 3237
f 3237 987 3234
f 1936 4656 1958
f 1939 3250 3251
f 1943 230 1942
f 3257 3265 231
f 1945 1942 230
f 3267 999 3268
f 1948 3267 3268
f 1960 3283 1961
f 240 1007 1005
f 1009 1010 3285
f 3289 1337 3287
f 3289 243 1967
f 2072 1967 243
f 1973 4713 3293
f 3293 3033 1819
f 1159 3583 3299
f 3596 3324 4529
f 4623 3307 252
f 4623 3320 3307
f 3310 256 1018
f 3480 3481 4507
f 1025 1024 4693
f 1025 4693 1038
f 3328 3327 1029
f 1029 3329 3328
f 4574 1038 3332
f 3334 3335 1989
f 264 4908 4476
f 4908 1994 4476
f 1995 264 1034
f 3346 4854 1035
f 4854 3347 1035
f 1074 4928 4852
f 4928 3349 4852
f 4852 2044 1074
f 3337 2000 3411
f 1990 2002 3333
f 3360 3362 1043
f 2010 3365 2011
f 3369 1046 3361
f 3372 3371 2013
f 3371 2012 3374
f 1050 271 3383
f 3382 1051 3383
f 1054 4587 2014
f 4587 273 2014
f 4722 1056 274
f 1057 2022 4624
f 280 3406 281
f 1182 283 3637
f 3426 2037 3418
f 3470 285 3421
f 3349 4928 4850
f 4928 1074 4850
f 4850 266 3349
f 3443 1081 4625
f 3437 3444 4589
f 3447 4589 3446
f 1082 1085 2051
f 2055 3412 2056
f 3460 2057 3459
f 2195 378 296
f 4559 297 288
f 3468 287 1093
f 1072 4994 1094
f 4994 3425 1094
f 3477 4650 2067
f 4479 1099 4506
f 1100 299 301
f 2070 1341 3913
f 2072 3481 3311
f 1102 2073 3484
f 302 4614 2074
f 3498 3487 3486
f 2673 2077 4575
f 2673 4644 2077
f 3493 3492 3491
f 3496 2084 3495
f 3497 4532 3499
f 1110 3499 2086
f 3501 2093 1111
f 3502 2088 2089
f 3507 1112 3505
f 2092 3507 3505
f 4068 1113 2092
f 2096 311 310
f 2101 3515 3518
f 317 3520 3514
f 2104 3525 3523
f 4715 1122 2112
f 3527 2116 1125
f 322 2105 3534
f 2119 1124 2118
f 3529 2121 323
f 3531 1127 3533
f 324 3531 3533
f 2130 3538 2127
f 3534 3540 2129
f 3548 3543 1134
f 4481 331 1137
f 2140 3557 3553
f 3556 2137 3563
f 3559 3560 336
f 3567 3566 344
f 2139 3586 3585
f 3571 2144 1157
f 3579 3578 3577
f 2148 1153 1152
f 3017 2149 341
f 1155 2138 4707
f 3584 3306 3305
f 2151 3574 4622
f 4590 349 3593
f 350 1161 2157
f 1161 350 351
f 3596 353 1162
f 2164 2163 247
f 3611 4529 3604
f 1169 4683 3616
f 3610 2170 3613
f 3628 2181 3627
f 1181 1179 1171
f 3621 2189 376
f 2192 3638 3640
f 3117 2196 3644
f 2195 3116 3644
f 2787 379 2197
f 3650 4508 1664
f 379 4508 4404
f 3653 3654 3652
f 1188 2201 1187
f 4665 382 3657
f 382 2203 3657
f 3652 2203 383
f 3702 2206 2208
f 2211 3659 1191
f 1215 2211 2209
f 3661 1199 2211
f 3664 397 3682
f 389 1391 4749
f 3670 391 3669
f 3678 393 2223
f 3678 3679 1197
f 2222 1199 3680
f 1199 3661 394
f 3683 2234 3682
f 3684 2233 398
f 2233 48 399
f 399 1202 2236
f 1202 4536 1205
f 2237 1204 3688
f 3687 3692 1205
f 2237 3689 1206
f 1208 2310 3690
f 3697 2249 1211
f 1212 3701 3658
f 3703 3658 3699
f 3674 1213 4729
f 2668 4667 3706
f 3729 3730 1225
f 3739 3738 2266
f 3738 3739 3740
f 422 3745 2269
f 2269 3747 423
f 2272 1236 3750
f 1239 1238 1404
f 417 3732 4539
f 2286 4615 3774
f 439 1251 3776
f 3771 2285 3776
f 1577 3773 433
f 2288 2698 433
f 3485 1249 2286
f 1104 3485 1252
f 303 2289 2076
f 1256 2295 436
f 3782 443 441
f 4540 4216 3786
f 1508 4216 4540
f 3691 3794 3787
f 2238 3691 444
f 3787 3794 2301
f 2308 1266 1268
f 52 2310 3795
f 452 1270 1289
f 1271 56 799
f 454 1270 3797
f 455 4668 3803
f 2317 2315 2316
f 829 3801 4711
f 992 2321 1277
f 3800 1266 2308
f 2323 1278 1265
f 1285 4784 1283
f 4784 3812 1283
f 2343 461 3102
f 4594 3821 462
f 2330 158 3828
f 1275 4800 466
f 4800 3833 466
f 1285 466 1305
f 3835 1294 1293
f 2344 1295 3839
f 2339 4701 1298
f 1298 3837 3842
f 3840 476 1299
f 2329 472 3850
f 3854 3850 472
f 2345 471 3851
f 3832 2350 1288
f 3855 1305 3856
f 3857 166 920
f 3864 3863 2354
f 2358 3868 3865
f 3506 3873 3870
f 3873 3872 3869
f 2379 3876 479
f 3866 3877 4548
f 2363 3879 2364
f 2363 2365 2373
f 1313 3880 484
f 2370 3883 2369
f 3886 484 3883
f 3888 490 3889
f 3889 490 2378
f 1311 2366 1329
f 487 3887 2375
f 3889 2378 489
f 1322 1321 3890
f 493 3898 494
f 2131 4607 3899
f 3168 496 497
f 3906 3909 2385
f 3578 343 2147
f 1337 3285 3915
f 3919 4493 174
f 503 3920 4510
f 2394 503 2399
f 2394 2398 3921
f 3923 504 2395
f 1345 3925 506
f 3931 3930 1345
f 1346 507 3926
f 3927 1349 1348
f 3942 3941 2404
f 2405 1353 3179
f 1352 4760 1353
f 4760 509 1353
f 512 956 196
f 4542 4757 2409
f 4757 2410 2409
f 514 2411 4750
f 2413 3957 1360
f 4464 3957 3959
f 2414 1363 2416
f 4228 4464 3959
f 2419 3200 516
f 2421 2422 2420
f 3965 1370 519
f 226 990 2427
f 1373 3973 2429
f 4543 2430 383
f 526 2433 3975
f 2435 3986 3987
f 3995 531 3994
f 2439 3999 3975
f 3994 531 4001
f 4011 4004 1388
f 1388 4012 4011
f 4013 1389 1388
f 1395 2456 2455
f 1405 2478 2652
f 2466 4046 542
f 4049 4974 4972
f 4974 4046 4972
f 4972 1408 4049
f 553 546 4444
f 4057 2464 2205
f 4057 2198 3651
f 2202 4059 1415
f 1412 1188 2471
f 1412 2475 2477
f 2200 2199 557
f 3648 2476 1409
f 4062 380 2210
f 2487 560 2482
f 2484 4067 4069
f 1422 2487 2298
f 4078 563 1423
f 1425 1429 2489
f 564 4078 4079
f 1426 2492 2493
f 4082 564 1426
f 4604 1428 4081
f 4081 2493 2495
f 1432 1438 4084
f 4087 1438 2498
f 2501 1440 4090
f 2502 4092 4091
f 4098 4096 4100
f 1445 2508 4101
f 575 574 1459
f 578 2547 579
f 608 1453 2530
f 2525 2513 4114
f 2726 2516 585
f 578 579 2519
f 4119 2521 2523
f 2513 590 4124
f 588 4126 2520
f 583 592 2524
f 4124 4125 4112
f 2528 4125 2535
f 4137 604 4142
f 2546 607 4145
f 607 1470 4145
f 2547 4145 2548
f 4147 1475 1474
f 4151 4150 2553
f 616 4160 1478
f 4568 4174 2565
f 2566 621 2574
f 4186 622 4152
f 2574 623 2566
f 3783 4191 4190
f 4197 4155 4156
f 4201 4225 2579
f 4201 4200 1499
f 1504 4204 4202
f 4751 1501 4205
f 4221 2581 4222
f 2585 2272 3749
f 638 2582 4203
f 3752 3751 2584
f 4211 1506 4213
f 4215 4213 4214
f 4547 4218 427
f 2596 4547 427
f 4219 2598 4223
f 2581 2582 2597
f 4235 206 4234
f 4247 4240 4241
f 2608 4237 648
f 4250 4243 213
f 4248 4774 2611
f 4774 1517 2611
f 4245 649 2615
f 2629 2619 4279
f 2649 2653 1540
f 4277 4259 4272
f 4272 4271 2625
f 4275 660 2627
f 2630 4280 2628
f 4289 661 4288
f 2634 1532 4297
f 1532 4288 661
f 1536 667 4299
f 2646 4303 2643
f 2643 2639 4310
f 4396 2703 1543
f 2650 2256 4315
f 4602 2653 2649
f 4602 2656 2655
f 4322 672 673
f 4497 1454 2511
f 4497 1545 2661
f 2661 2662 2665
f 675 2664 4323
f 680 672 674
f 1554 2560 1478
f 1556 2670 683
f 2276 558 1552
f 4697 4332 4331
f 4343 4341 4753
f 4423 2678 2676
f 4371 1569 4350
f 2677 4342 4344
f 690 4352 2543
f 1563 4354 4353
f 4354 1564 4353
f 4360 4356 2680
f 4362 2679 4361
f 4363 698 694
f 4350 4370 1580
f 704 3761 703
f 2693 696 707
f 2693 1576 4394
f 707 1581 1576
f 696 2696 695
f 4390 1578 2697
f 653 1582 1543
f 4398 2706 4399
f 2710 379 4404
f 2711 711 4407
f 4407 2712 4408
f 713 4410 4409
f 2715 1595 4334
f 2720 2802 2719
f 4418 4417 4422
f 718 1597 4419
f 2721 4424 4423
f 4339 4423 4424
f 4425 2724 602
f 4425 1602 2727
f 4017 4436 1611
f 736 730 4444
f 673 4447 671
f 732 4443 4447
f 1619 733 671
f 4457 4502 2743
f 4459 2746 4449
f 1622 4454 734
f 1583 1626 741
f 1626 2750 741
f 1626 1628 2750
f 1584 2750 2751
f 4 2750 1628
f 4257 650 5
f 2617 4257 3
f 4257 4946 1626
f 4946 1628 1626
f 1636 1631 1627
f 1631 1630 1627
f 742 743 4
f 4 743 2751
f 742 744 743
f 1629 2705 4025
f 4549 2705 744
f 744 742 1630
f 744 1630 746
f 746 1630 1631
f 4549 744 746
f 745 2705 4549
f 2755 4549 746
f 746 1631 6
f 1633 1634 1632
f 1634 1633 2763
f 1634 1638 749
f 1632 1634 749
f 1635 6 1632
f 6 15 1651
f 6 1651 2755
f 2756 745 2755
f 2757 747 1623
f 4406 2757 4460
f 4406 2759 2757
f 2758 2757 2759
f 2758 747 2757
f 2761 2562 747
f 2761 747 2758
f 2760 2759 2711
f 748 2767 2761
f 2761 2767 1670
f 1670 2562 2761
f 764 2768 4568
f 2752 1637 1636
f 1637 2762 1636
f 1633 1636 2762
f 1633 2762 2763
f 4617 2762 628
f 2765 2762 4617
f 1640 2763 2765
f 4617 2769 2765
f 2765 2769 2764
f 1639 4515 749
f 4515 7 749
f 7 15 1635
f 1639 1644 1643
f 1638 1644 1639
f 2765 4687 1640
f 2764 8 4687
f 8 2764 2769
f 2766 2768 2769
f 2768 1669 2767
f 2769 2767 8
f 8 2767 1641
f 8 1641 4687
f 1642 2770 9
f 9 1644 1642
f 2770 10 9
f 2758 2760 748
f 748 2760 2770
f 9 751 1644
f 2771 1643 1644
f 750 1639 1643
f 11 750 1645
f 1644 751 2771
f 10 2711 751
f 751 1657 1656
f 2771 751 1656
f 1643 2771 13
f 1645 1643 13
f 11 1645 13
f 1646 750 752
f 7 4515 1646
f 1646 12 7
f 1646 752 2772
f 2772 2775 12
f 11 4516 1647
f 11 1648 4516
f 2772 752 1650
f 1647 752 11
f 2773 13 2771
f 2773 2771 1658
f 1655 1648 2773
f 1648 1655 4516
f 2774 4516 14
f 2774 1649 2777
f 2774 14 1649
f 1649 14 2779
f 14 2780 2779
f 1649 2779 2778
f 753 4982 4955
f 4982 2775 4955
f 4955 1650 753
f 1650 4955 2772
f 4955 2775 2772
f 12 2775 15
f 2776 753 1652
f 2776 4400 753
f 4401 2776 1653
f 1653 2776 1652
f 1654 4964 2777
f 4964 1652 2777
f 1649 2778 1654
f 1653 1652 1663
f 2778 2779 1660
f 16 2780 1655
f 2779 2780 754
f 2781 2779 754
f 2779 2781 1660
f 754 4571 2781
f 2782 1658 1656
f 1659 1656 712
f 1657 712 1656
f 2773 1658 2782
f 2773 2783 16
f 16 2796 754
f 2781 1661 1660
f 17 1661 755
f 4581 1661 761
f 761 1661 2781
f 2781 4571 761
f 756 1662 4581
f 1654 4945 2788
f 1662 4978 4945
f 4978 2788 4945
f 2784 4971 1662
f 2788 4978 4971
f 4978 1662 4971
f 1662 755 4581
f 1662 756 2785
f 1662 2785 757
f 2788 4971 2786
f 4971 2784 2786
f 2786 4963 2788
f 4963 2789 2788
f 2787 2786 1664
f 1663 2789 1653
f 1663 2788 2789
f 2789 2197 2709
f 2709 1653 2789
f 3650 1664 2790
f 2786 2784 18
f 2784 757 18
f 1665 757 2785
f 2791 2792 1665
f 760 4466 2791
f 4466 758 2791
f 1665 2792 1685
f 32 757 1665
f 35 32 1665
f 2792 758 2793
f 19 4466 1681
f 4466 19 758
f 758 31 2793
f 2826 758 19
f 759 2824 19
f 19 1681 759
f 4466 760 29
f 760 2791 2794
f 2791 2785 2794
f 2785 756 2794
f 756 2795 2794
f 29 760 2794
f 2794 777 29
f 2794 2795 777
f 756 761 2795
f 761 4571 2795
f 4571 1666 2795
f 4571 754 2796
f 2796 1666 4571
f 1666 777 2795
f 2796 16 1667
f 2783 1668 1667
f 1668 2783 2797
f 2797 2783 1659
f 2797 762 763
f 763 765 2798
f 762 2799 763
f 2799 762 2714
f 764 4546 1670
f 1669 764 1670
f 2562 1670 4546
f 765 1668 2798
f 2797 2798 1668
f 20 1667 1668
f 1668 21 20
f 2796 21 1666
f 21 2801 778
f 2799 22 2801
f 2801 2800 778
f 2800 23 2823
f 2823 778 2800
f 23 2800 2825
f 2825 22 2807
f 2799 766 22
f 2807 22 766
f 766 25 2807
f 2714 767 766
f 767 2714 4429
f 1671 25 766
f 767 771 1671
f 768 2802 24
f 1672 24 2720
f 769 2720 1673
f 769 1673 770
f 1672 769 2803
f 769 2811 2804
f 1675 1672 2803
f 2805 1674 1676
f 1676 1674 2804
f 1676 2810 2805
f 2805 2808 2803
f 2803 2808 1675
f 2807 25 4681
f 24 1672 1675
f 2808 772 2806
f 772 2808 773
f 773 2808 2805
f 2806 772 774
f 4681 1675 2806
f 1675 771 24
f 4681 2825 2807
f 774 772 1683
f 1683 772 2809
f 2805 26 773
f 30 2809 27
f 1676 1677 2810
f 1676 28 1677
f 2804 28 1676
f 2804 2811 28
f 26 2813 2812
f 30 27 775
f 27 26 2812
f 4746 27 2812
f 2814 2813 1678
f 2813 2810 1678
f 2817 1677 28
f 28 2818 2817
f 2811 770 28
f 4417 4418 2818
f 2819 1680 2818
f 1679 2820 2817
f 2820 1677 2817
f 2816 1677 2820
f 2815 2820 2922
f 2818 1680 1679
f 777 2822 29
f 2822 778 2823
f 2822 2823 1681
f 2825 4703 23
f 1682 23 4703
f 23 1682 759
f 4703 4681 2806
f 1683 4703 774
f 1683 2826 2824
f 1683 2809 2826
f 2824 2826 19
f 2826 2809 30
f 1753 2793 1752
f 1685 779 35
f 1685 35 1665
f 2827 33 32
f 33 2827 34
f 18 32 33
f 757 32 18
f 18 34 2786
f 2786 34 2790
f 2790 34 2828
f 36 32 35
f 35 779 36
f 36 2827 32
f 39 2832 2828
f 2827 36 1686
f 36 779 1686
f 38 39 1686
f 1686 779 2829
f 2830 779 1684
f 779 2830 2829
f 37 1687 2830
f 2830 1687 780
f 2829 2830 780
f 2831 38 780
f 38 4679 39
f 781 4679 38
f 39 4679 1688
f 1688 2832 39
f 1689 1692 2828
f 2832 1689 2828
f 781 4467 4679
f 2832 1688 40
f 1689 2832 40
f 1690 1689 40
f 2833 857 1692
f 2833 1689 1690
f 40 1688 2835
f 1691 40 2835
f 1690 40 1691
f 2833 1690 2834
f 1691 2835 2842
f 2835 2843 2842
f 4467 41 2835
f 2835 41 2843
f 786 41 4467
f 1691 2840 2834
f 857 2833 2836
f 2790 2828 1692
f 42 2212 3662
f 858 2836 1693
f 782 1693 2836
f 2836 2834 782
f 1693 783 784
f 784 783 4550
f 3663 2212 2837
f 4503 1694 3663
f 2838 4503 1695
f 4550 2838 1695
f 4550 1696 2839
f 2839 1698 4550
f 2847 2839 1696
f 43 2847 1696
f 1696 785 789
f 1697 785 783
f 782 1697 783
f 2840 782 2834
f 2841 2840 1691
f 1697 2841 789
f 2841 788 789
f 41 786 2843
f 1765 2844 786
f 1765 4467 1764
f 1765 84 2845
f 84 787 2845
f 2949 1766 787
f 2844 2845 845
f 1767 2844 845
f 1767 2846 2842
f 2846 1767 4620
f 788 2846 4620
f 789 785 1697
f 789 788 43
f 2839 2847 2848
f 2839 2848 2850
f 2850 790 2838
f 2959 2851 2850
f 2851 790 2850
f 2853 2851 791
f 791 1699 1703
f 2852 790 2853
f 2849 790 2852
f 2852 1700 792
f 793 792 1700
f 2215 792 794
f 794 2216 2215
f 794 793 2854
f 2887 2855 2856
f 2887 1701 2888
f 46 45 795
f 795 2891 46
f 45 46 47
f 2888 45 47
f 64 2889 47
f 47 2890 64
f 4551 46 2891
f 2858 1721 795
f 1701 2860 45
f 2857 45 2860
f 2859 2909 1721
f 2859 1702 796
f 2858 2857 1702
f 796 1702 2860
f 796 2860 1776
f 4608 796 1776
f 1703 1776 2860
f 2860 2861 1703
f 2861 2860 1701
f 2861 4633 1703
f 1700 4633 793
f 4633 2856 793
f 2861 2856 4633
f 1704 2882 48
f 49 50 2881
f 2864 52 3795
f 2864 2313 52
f 2867 53 2313
f 2866 55 1716
f 2866 1708 797
f 54 1705 797
f 797 1706 54
f 797 798 1706
f 1707 53 2867
f 53 1707 56
f 2868 1707 2867
f 800 138 136
f 799 3817 1271
f 136 3817 799
f 1711 2869 1708
f 1708 2866 1709
f 1709 2866 1710
f 2872 1711 1709
f 58 1710 2866
f 2872 1709 2873
f 2872 2873 4468
f 2872 2870 1711
f 2871 135 2870
f 4468 4788 801
f 4788 1712 801
f 4468 803 802
f 803 2318 802
f 2873 2876 4468
f 2874 804 4517
f 55 2875 1713
f 58 2877 1710
f 1710 2877 804
f 804 2877 831
f 831 1715 804
f 2876 4517 76
f 2874 4517 2876
f 2876 2873 2874
f 803 2876 1714
f 4468 2876 803
f 803 2920 57
f 76 1714 2876
f 1743 1715 831
f 2877 58 2878
f 1716 2878 58
f 2878 1716 1713
f 2878 1713 1717
f 51 1717 1713
f 49 2898 805
f 49 2879 2898
f 2879 2880 806
f 806 59 2883
f 2880 60 59
f 2881 1718 2879
f 1719 2881 2882
f 2882 2854 1719
f 60 2880 807
f 59 60 61
f 61 1720 59
f 59 1720 2883
f 2883 1720 2884
f 61 60 63
f 63 2885 1720
f 63 66 2885
f 809 63 2886
f 2888 808 2887
f 2888 47 2889
f 2889 808 2888
f 64 807 2889
f 4661 4551 2891
f 4661 2890 4551
f 2892 2890 4661
f 810 2886 2890
f 2886 810 809
f 810 65 809
f 810 2890 811
f 2890 2892 811
f 809 65 67
f 1722 2892 1723
f 2892 1722 2896
f 4661 2893 1723
f 1723 2894 1722
f 823 822 2894
f 1724 2896 1722
f 2896 2895 2907
f 2896 2907 811
f 2897 66 809
f 2885 66 2897
f 1725 67 2906
f 65 2907 68
f 67 68 2906
f 2897 2905 821
f 816 2885 821
f 2885 2897 821
f 2901 2884 62
f 2884 1726 2883
f 2898 806 1726
f 806 2883 1726
f 805 2898 813
f 812 813 2898
f 2899 812 819
f 2899 819 814
f 812 815 819
f 812 1726 815
f 1726 2900 815
f 1726 2884 2904
f 2902 816 821
f 4518 816 2902
f 2902 2903 4518
f 2900 2904 818
f 4645 2904 2901
f 1727 818 4645
f 818 817 2900
f 819 815 817
f 818 1727 817
f 1866 819 74
f 819 1727 74
f 1738 2916 1727
f 4518 2914 1737
f 2903 2902 820
f 820 824 2903
f 820 1730 824
f 821 2905 1730
f 1725 2906 2969
f 2906 70 2969
f 68 70 2906
f 2911 1724 2894
f 1721 2893 4661
f 2909 2908 1721
f 2908 69 2893
f 2910 91 2909
f 91 853 2909
f 2909 69 2908
f 3011 823 69
f 823 3011 822
f 822 1801 2911
f 1728 2911 2996
f 2895 1728 1729
f 1728 2995 1729
f 2907 2895 1729
f 68 1729 70
f 107 99 70
f 1730 1733 1731
f 1731 824 1730
f 825 4572 1732
f 826 2912 1732
f 826 1731 2912
f 1731 1734 2912
f 1731 827 1734
f 2965 1734 827
f 2912 1734 1780
f 2912 1780 1781
f 1781 1780 2966
f 4572 825 95
f 2914 824 2913
f 2914 2913 1736
f 2913 1735 1736
f 1736 71 2914
f 2914 71 1737
f 1738 1737 71
f 1739 71 72
f 71 1736 72
f 96 1736 1735
f 1735 4572 95
f 2915 1735 95
f 1735 2915 96
f 96 72 1736
f 73 1739 72
f 71 2917 1738
f 1738 2917 2916
f 2917 2918 2916
f 828 1866 74
f 74 2918 1740
f 3799 4519 828
f 2920 1276 3804
f 2919 2920 3804
f 2319 2919 2317
f 2920 2919 57
f 2318 57 2919
f 2318 2919 2319
f 2920 1714 4711
f 4711 1276 2920
f 4711 1714 75
f 1714 76 1741
f 1714 1741 75
f 1741 4519 75
f 830 4519 1741
f 830 76 1715
f 1743 830 1715
f 1743 814 830
f 831 1742 1743
f 2878 2921 1742
f 2921 1744 1742
f 1743 1742 1744
f 2899 814 1744
f 1744 813 2899
f 805 813 2921
f 2878 1717 2921
f 1717 805 2921
f 2812 2813 2814
f 2924 1680 833
f 2820 2924 2922
f 2815 2922 2923
f 2814 776 2929
f 2923 2930 2815
f 832 2923 2922
f 2923 832 2928
f 2924 833 4520
f 3526 4520 4480
f 3526 1745 832
f 2928 77 2926
f 834 1746 1745
f 834 1745 2925
f 2108 2925 3526
f 834 2925 2935
f 834 2935 1746
f 2926 77 1746
f 1746 2933 2926
f 2927 2926 2933
f 835 2930 2923
f 4746 775 27
f 4573 775 4746
f 2932 1747 2929
f 2929 2930 2932
f 2930 835 2932
f 835 2926 2927
f 2932 2931 1747
f 2932 2927 2937
f 2933 1746 2934
f 1746 2935 2934
f 2109 323 2935
f 2940 1748 3530
f 2936 1748 1749
f 2942 2936 1749
f 2933 2936 2942
f 2933 2934 2936
f 2937 2927 2933
f 2931 2932 2937
f 2938 1747 2931
f 836 1747 2938
f 2938 1754 4573
f 4573 836 2938
f 4573 1750 775
f 30 775 1750
f 78 1750 4573
f 4573 1754 78
f 1751 80 1754
f 1751 2939 1757
f 2939 2937 1756
f 2942 2937 2933
f 840 2940 3530
f 1684 1753 2830
f 37 2830 1753
f 1753 78 37
f 79 37 78
f 1753 1752 78
f 78 1754 79
f 1754 80 1755
f 79 1754 1755
f 1755 80 2944
f 1757 80 1751
f 1756 2942 1758
f 2943 1756 1758
f 1759 1757 2943
f 2944 1757 1759
f 79 1755 837
f 1759 843 837
f 2945 1764 2831
f 2943 1758 838
f 838 1758 82
f 1758 1760 82
f 82 1760 839
f 1761 839 1760
f 1760 2941 1761
f 2941 840 1761
f 3550 3549 1763
f 840 3550 1761
f 838 82 1762
f 1762 841 838
f 839 1762 82
f 1762 839 83
f 1761 3550 839
f 839 3550 2946
f 83 839 2946
f 2946 3550 1763
f 1763 81 842
f 1762 83 841
f 1759 838 2948
f 843 1759 4583
f 4583 1759 2948
f 2947 843 4583
f 84 1765 1764
f 1764 2947 84
f 2948 787 4583
f 2948 841 2949
f 2949 85 1766
f 85 2949 841
f 83 85 841
f 2950 2946 4582
f 85 2950 2955
f 1766 85 2954
f 2845 86 2951
f 845 2845 2951
f 2951 844 845
f 1767 1768 4620
f 844 1768 845
f 844 846 1768
f 43 788 847
f 847 846 1769
f 844 2951 1769
f 4672 1766 2954
f 2951 4672 87
f 87 88 2951
f 87 2953 89
f 4672 2954 2953
f 2954 85 2955
f 2956 855 4582
f 2955 4582 855
f 90 2953 2954
f 87 89 1771
f 88 1771 2958
f 2952 848 1772
f 1772 848 849
f 848 2957 1773
f 2957 88 1773
f 850 851 1774
f 1773 2958 851
f 2958 1773 88
f 852 1774 2958
f 850 853 849
f 91 849 853
f 1772 849 91
f 2952 1772 1779
f 2952 1779 4634
f 1778 4634 1779
f 1777 1770 1778
f 2847 1770 1775
f 44 2848 1775
f 2850 44 2959
f 1776 1699 4608
f 4608 1699 2959
f 2959 44 4608
f 796 4608 44
f 44 1775 1777
f 1775 1770 1777
f 850 1774 2962
f 1774 1804 2962
f 854 1804 1774
f 1774 852 854
f 92 110 854
f 852 2960 92
f 89 93 2960
f 89 2953 93
f 2960 93 92
f 855 90 2955
f 2953 90 93
f 856 93 90
f 93 856 92
f 90 855 2961
f 2961 876 856
f 853 4521 2909
f 91 2964 1779
f 1778 1779 2964
f 796 2963 2859
f 2910 2963 2964
f 2836 858 857
f 1733 2905 1783
f 1734 2965 2971
f 1734 2971 1780
f 1781 2966 3019
f 94 1781 2967
f 825 94 95
f 859 95 94
f 2915 859 1782
f 3280 72 96
f 73 72 3280
f 1807 860 97
f 3020 1807 97
f 861 3020 97
f 98 861 97
f 859 2968 1782
f 96 2915 1956
f 99 2994 2970
f 2970 2965 99
f 1783 99 2965
f 1733 1783 827
f 2965 2970 2971
f 4469 4552 1785
f 4552 2972 1784
f 4584 2972 4552
f 2972 1787 2973
f 2972 2973 1784
f 2973 101 1784
f 1780 2971 100
f 2971 4469 100
f 2966 100 862
f 1785 3023 4469
f 1812 1785 2975
f 1785 1784 2975
f 2975 863 1812
f 1812 863 2974
f 2975 1786 863
f 1786 1784 101
f 2973 2976 101
f 2979 2976 2973
f 1787 2972 1788
f 1787 1788 866
f 2979 1787 2977
f 1787 866 2977
f 864 865 2977
f 2979 1790 2976
f 2977 865 2979
f 1795 2978 873
f 864 873 2978
f 1788 2993 866
f 1791 1789 866
f 1791 864 1789
f 864 1791 873
f 873 1797 1795
f 1790 865 868
f 1793 1790 868
f 101 1790 1793
f 869 868 867
f 867 1792 869
f 870 1793 2980
f 4522 871 870
f 870 871 1786
f 870 1786 101
f 871 102 1786
f 863 1786 102
f 102 1794 863
f 102 1813 1794
f 102 871 1813
f 4522 870 872
f 870 2980 872
f 2980 4647 103
f 4522 872 2984
f 872 1796 2984
f 4647 2986 103
f 4647 3552 2986
f 2981 3552 4647
f 2981 4647 869
f 2987 104 2989
f 2981 2987 1138
f 1138 3552 2981
f 103 2983 1796
f 4522 2984 2985
f 871 4522 2985
f 871 2985 1813
f 2984 1796 3046
f 3046 1796 3047
f 1796 2983 3047
f 2989 1798 2988
f 2982 105 104
f 2990 1797 873
f 2989 105 2991
f 2991 1798 2989
f 1798 2991 3005
f 105 1797 2992
f 2990 2992 1797
f 2990 873 106
f 873 2997 2998
f 1799 2997 1791
f 4584 2993 1788
f 107 2993 4584
f 107 1729 2995
f 2995 2996 1799
f 1799 2996 2997
f 2997 2996 2998
f 2911 2998 2996
f 2998 106 873
f 106 1800 4553
f 2998 1800 106
f 3001 2998 2911
f 2999 3001 1801
f 3001 3000 4698
f 3001 4698 1800
f 1800 4698 4553
f 3004 2992 2990
f 3004 108 2992
f 4553 3004 2990
f 4698 3002 4553
f 3000 3002 4698
f 3010 3002 3000
f 3000 2999 3003
f 3000 3003 3010
f 3004 4553 3002
f 105 4609 2991
f 3005 2991 3006
f 3006 2991 4609
f 4609 3008 3006
f 3005 3016 1798
f 3016 3007 3554
f 3009 4609 108
f 3009 4747 4609
f 4609 4747 3008
f 1802 3007 3008
f 877 1802 3012
f 3009 108 874
f 3010 3003 1803
f 3003 3011 109
f 3011 69 4521
f 1803 109 1804
f 110 874 1803
f 3010 874 108
f 1803 854 110
f 1804 854 1803
f 110 1805 874
f 1805 875 3009
f 92 3014 875
f 3012 4747 3014
f 856 3013 3014
f 856 876 3013
f 111 3014 3013
f 877 3012 3015
f 111 3015 3012
f 3015 341 877
f 877 341 1146
f 878 1806 842
f 1806 878 3017
f 862 4469 3023
f 94 2967 859
f 859 2967 879
f 2967 112 879
f 859 879 2968
f 98 2968 880
f 879 112 880
f 3019 112 2967
f 112 861 880
f 112 3020 861
f 112 3019 3020
f 3020 881 1807
f 881 3020 3021
f 3021 3020 3018
f 3019 2966 3018
f 1808 881 3021
f 1809 1005 1807
f 1809 881 1808
f 1808 1964 1809
f 1808 1965 1964
f 1005 1809 240
f 1965 4470 1810
f 1810 1811 1965
f 862 3023 3024
f 883 4470 113
f 4470 883 1810
f 3026 1811 1810
f 3025 114 3026
f 113 115 883
f 3023 1812 882
f 115 882 2974
f 1794 3030 863
f 2985 2984 1815
f 2984 3046 1814
f 1815 2984 1814
f 1815 1814 116
f 3032 3030 1794
f 3027 2974 3030
f 115 3027 883
f 883 3027 3029
f 883 3029 1810
f 1810 3029 3026
f 3026 3028 3025
f 1816 3031 3027
f 1012 3031 1816
f 885 1817 1816
f 885 1816 3027
f 3032 887 886
f 885 888 1817
f 3034 1012 1817
f 1012 3034 3033
f 3037 3034 889
f 889 3034 1817
f 889 1817 888
f 887 3032 1813
f 1815 887 1813
f 116 1818 887
f 887 888 886
f 889 3039 3037
f 3034 117 3033
f 3033 117 1819
f 1819 117 3035
f 1819 3035 891
f 891 890 1819
f 4554 3036 890
f 4554 3049 900
f 3036 4554 1825
f 119 3036 1825
f 118 1974 119
f 892 1974 118
f 1825 4554 900
f 891 3048 3049
f 3048 891 893
f 893 891 3035
f 117 3037 893
f 3037 3038 893
f 3037 3039 3038
f 3045 3038 3040
f 3040 3038 3039
f 3039 894 3040
f 894 3039 120
f 889 120 3039
f 889 888 120
f 120 1821 894
f 1814 121 116
f 121 1814 884
f 3041 3042 3043
f 1818 121 1821
f 1818 1821 120
f 3042 123 122
f 3042 122 3043
f 1821 3043 3044
f 356 4805 3044
f 4805 1821 3044
f 1821 4805 4802
f 4805 356 4802
f 4802 894 1821
f 3040 4804 1820
f 4804 356 1820
f 356 4577 1820
f 3044 3607 356
f 1820 4577 1824
f 1820 1824 897
f 3045 1822 3048
f 4577 357 1824
f 895 122 123
f 884 1823 3041
f 3046 1823 884
f 3046 3047 1823
f 1823 3047 3594
f 1823 3594 3042
f 124 1824 896
f 897 1824 124
f 1822 897 904
f 3049 3048 3050
f 3048 1822 3050
f 3050 1822 904
f 900 3049 128
f 1825 900 901
f 1835 119 1825
f 899 4862 1826
f 4862 898 1826
f 899 1826 125
f 3052 4895 4846
f 4895 118 4846
f 4846 126 3052
f 899 4834 126
f 1827 4900 4834
f 4900 126 4834
f 1829 4924 1827
f 4924 1034 1827
f 1829 1827 3054
f 3054 1830 1829
f 3053 4916 1830
f 4916 1829 1830
f 1827 4834 3054
f 899 4909 4834
f 4909 3054 4834
f 125 4880 899
f 3054 4909 4880
f 4909 899 4880
f 3054 4880 127
f 125 4932 4880
f 4932 127 4880
f 3054 127 1830
f 127 4835 1830
f 1832 4839 4835
f 4839 1830 4835
f 3063 4843 4829
f 4843 1831 4829
f 4829 3062 3063
f 1833 4874 1832
f 3353 4881 4874
f 4881 1832 4874
f 3062 4829 3353
f 4829 1831 3353
f 1832 4833 1833
f 3056 4841 4833
f 4841 1833 4833
f 3056 4833 127
f 1832 4835 4833
f 4835 127 4833
f 1826 4870 125
f 3056 4926 4870
f 4926 125 4870
f 3061 4929 3055
f 4929 1833 3055
f 898 4851 1826
f 4585 4925 4851
f 4925 1826 4851
f 4847 4878 4836
f 4878 1835 4836
f 4879 4882 4878
f 4882 1835 4878
f 4883 4884 4882
f 4884 1835 4882
f 4885 4886 4884
f 4886 1835 4884
f 4887 4888 4886
f 4888 1835 4886
f 4889 4890 4888
f 4890 1835 4888
f 4890 4891 1835
f 4891 898 1835
f 898 4891 4889
f 4891 4890 4889
f 898 4889 4887
f 4889 4888 4887
f 898 4887 4885
f 4887 4886 4885
f 898 4885 4883
f 4885 4884 4883
f 898 4883 4879
f 4883 4882 4879
f 898 4879 4847
f 4879 4878 4847
f 1834 4855 4847
f 4855 898 4847
f 4847 4836 1834
f 3055 4830 3057
f 4585 4838 4830
f 4838 3057 4830
f 3058 4871 4840
f 4871 3057 4840
f 1834 4923 4840
f 4923 3058 4840
f 4836 4918 1834
f 3058 4923 4918
f 4923 1834 4918
f 4918 4919 3058
f 4919 1835 3058
f 1835 4919 4836
f 4919 4918 4836
f 1825 901 1835
f 3050 3059 128
f 3059 3078 132
f 3078 3059 1843
f 901 3060 1835
f 1840 901 128
f 3060 901 1840
f 926 4858 3064
f 4858 3058 3064
f 3057 4871 4858
f 4871 3058 4858
f 926 4904 4858
f 4904 3057 4858
f 3055 4842 3061
f 1836 4873 4842
f 4873 3061 4842
f 3061 4873 4844
f 4873 1836 4844
f 4844 1837 3061
f 1837 3062 3353
f 4646 3063 3062
f 129 3062 1837
f 1872 130 1836
f 1872 1836 1838
f 902 3060 3065
f 131 3065 3060
f 1839 902 3065
f 3064 902 1839
f 3065 3066 1839
f 3066 3065 131
f 4471 903 3080
f 132 1840 128
f 1843 3059 3076
f 3076 3051 1842
f 904 1842 3051
f 1841 904 124
f 124 3067 1841
f 1841 3067 2175
f 2176 133 3068
f 2177 3068 3070
f 3070 3073 1177
f 3071 4996 3074
f 4996 133 3074
f 133 4996 3070
f 4996 3071 3070
f 3074 1841 3071
f 3071 3072 3073
f 2175 3071 1841
f 904 1841 1842
f 3078 905 3079
f 1842 3075 3076
f 3074 133 3075
f 3075 133 2176
f 3075 1842 3074
f 2181 3075 2176
f 3075 2181 3077
f 3076 3077 1843
f 3078 1843 905
f 3079 905 2180
f 3119 3081 3083
f 3081 3079 1845
f 3081 1845 3082
f 3082 3083 3081
f 3119 3083 1844
f 1844 3083 924
f 134 4798 140
f 4798 3089 140
f 2319 460 3816
f 3816 2318 2319
f 802 4777 1712
f 134 4787 4777
f 4787 1712 4777
f 1712 4788 802
f 4788 4468 802
f 140 4781 134
f 1712 4787 4781
f 4787 134 4781
f 1712 4781 4776
f 4781 140 4776
f 4776 801 1712
f 801 4780 2871
f 4780 908 2871
f 2871 908 135
f 135 908 3088
f 135 3085 2870
f 3087 3086 2870
f 138 137 1846
f 137 138 3087
f 137 3087 3085
f 909 906 1846
f 906 1287 136
f 907 1287 906
f 906 1861 907
f 139 3085 3084
f 135 3088 3084
f 141 3088 140
f 139 910 1847
f 145 3084 3088
f 145 3088 141
f 140 4778 141
f 4778 4610 141
f 911 3091 141
f 3090 3089 3818
f 911 141 4610
f 911 4472 3094
f 4472 911 4610
f 4472 4610 3090
f 3818 3092 3090
f 142 3092 1281
f 143 3090 142
f 3093 142 1860
f 1858 143 3093
f 1858 3094 4472
f 144 3094 1858
f 144 3096 3094
f 912 145 3091
f 1848 912 3094
f 912 1848 146
f 913 3819 146
f 1848 913 146
f 3096 1848 3094
f 1848 3096 913
f 149 3096 4635
f 3100 3096 3101
f 913 3096 3100
f 1853 913 3100
f 913 1853 3819
f 145 910 3084
f 1850 909 1847
f 909 147 1851
f 147 909 1850
f 1850 910 1849
f 914 1850 1849
f 914 147 1850
f 147 156 1851
f 3098 1852 148
f 3819 148 1852
f 1853 3099 3819
f 461 3100 3101
f 915 3102 3101
f 461 3101 3102
f 3102 1854 3821
f 916 1854 915
f 1856 916 915
f 916 462 1854
f 916 1286 462
f 916 1856 1286
f 1856 1855 3103
f 149 1855 1856
f 149 4635 1855
f 4635 144 1855
f 3103 3104 150
f 150 151 3103
f 152 151 150
f 150 3104 1857
f 3104 1859 1857
f 3104 3105 1859
f 3105 3104 1855
f 1855 144 3105
f 3105 1858 3093
f 3105 3093 1859
f 1859 3093 3108
f 3108 3093 1860
f 3107 917 3106
f 3107 1860 142
f 1860 918 3108
f 1860 3107 918
f 918 3109 3108
f 153 3108 3109
f 3108 153 1859
f 1857 1859 153
f 1857 921 150
f 154 151 152
f 3110 151 154
f 4704 3103 151
f 4704 1856 3103
f 1286 4704 2327
f 2327 4704 3110
f 3100 461 1853
f 914 3098 147
f 1851 156 919
f 3111 907 1861
f 157 158 4504
f 155 157 4504
f 1306 920 4652
f 1290 4652 920
f 3112 917 920
f 920 917 1290
f 3112 3106 917
f 3107 3106 3115
f 918 3115 3114
f 160 3109 159
f 3113 162 4621
f 921 1857 162
f 921 162 3113
f 152 921 1863
f 1863 921 3113
f 1863 3113 163
f 163 165 1863
f 1863 165 154
f 2327 3110 154
f 2327 154 165
f 163 164 165
f 468 4523 1864
f 161 1864 4523
f 3835 1864 922
f 922 161 1862
f 922 4648 3842
f 3837 922 3842
f 4648 922 1862
f 1862 159 4648
f 159 3114 4648
f 166 3112 920
f 167 3106 3112
f 167 3112 1865
f 167 1865 168
f 3115 3106 167
f 3115 167 3114
f 3114 167 2352
f 830 814 1866
f 1867 3117 3116
f 1868 3117 1867
f 1867 3124 1868
f 1867 1091 927
f 1867 927 3124
f 1868 923 3117
f 1868 3121 4555
f 4555 923 1868
f 4555 924 923
f 1844 924 1869
f 3118 4471 3119
f 3066 131 925
f 1870 1839 3066
f 3066 169 1870
f 925 1844 1869
f 169 1869 170
f 170 1869 4555
f 1870 170 1871
f 1839 1870 3120
f 1838 1839 3120
f 3064 1839 1838
f 1838 926 3064
f 170 3121 1871
f 130 1872 3123
f 3122 4902 130
f 129 4903 4902
f 4903 130 4902
f 129 4902 1873
f 4902 3122 1873
f 3122 3123 3125
f 3123 1872 3121
f 1868 3124 3121
f 3123 3124 3126
f 3126 3125 3123
f 1078 3125 3126
f 1078 3435 3125
f 2042 3125 3435
f 129 4646 3062
f 3126 927 3444
f 3444 927 1090
f 927 1091 1090
f 2242 3127 3131
f 3127 2242 3129
f 171 3129 2242
f 3128 3129 171
f 3129 930 3127
f 3127 4674 3130
f 3131 3127 3130
f 3136 172 1875
f 3132 3694 3131
f 3131 172 3132
f 172 929 3132
f 4611 3132 1874
f 3132 4611 3694
f 3134 1874 3132
f 3132 929 3134
f 3133 928 3135
f 3133 929 928
f 3704 1874 2250
f 929 1933 928
f 929 3136 1933
f 3129 3128 3137
f 3137 3139 3129
f 3139 3138 930
f 930 3138 4674
f 3138 1914 4674
f 3138 3139 3215
f 3140 3138 3215
f 3142 932 2393
f 3142 931 173
f 173 931 1877
f 2393 932 1344
f 932 1876 933
f 1876 932 173
f 1877 3145 173
f 173 3145 1876
f 175 933 1876
f 933 175 3144
f 3144 175 3143
f 933 3144 174
f 174 3144 934
f 1876 176 3214
f 3145 176 1876
f 931 186 1877
f 1877 186 1878
f 3145 1877 1878
f 3146 176 3145
f 3214 176 3157
f 3157 936 3156
f 186 177 1878
f 177 3146 1878
f 177 947 1879
f 1879 4763 3146
f 4763 3157 3146
f 935 936 1879
f 936 935 1880
f 3147 1880 935
f 935 4758 3147
f 4758 946 3147
f 178 947 177
f 946 179 3147
f 3148 3150 1881
f 1882 3158 936
f 1881 3149 1882
f 3151 3150 937
f 3150 4712 937
f 3152 3151 937
f 937 180 3152
f 180 937 4712
f 4712 4756 3153
f 4756 954 3153
f 180 4712 3153
f 1885 180 3153
f 181 180 1885
f 939 938 181
f 181 938 3152
f 938 3155 3152
f 3152 942 3151
f 3155 940 943
f 3155 943 3159
f 3155 3159 942
f 944 942 3159
f 3149 182 1882
f 3156 936 3158
f 183 3156 1883
f 977 3156 183
f 3158 1883 3156
f 3158 182 1883
f 182 941 944
f 1883 945 183
f 3219 183 945
f 1883 3160 945
f 3160 1883 944
f 944 1883 182
f 185 3262 943
f 3159 943 3161
f 3159 3161 184
f 3160 184 945
f 945 184 978
f 940 2426 225
f 940 225 185
f 3262 185 998
f 185 4637 998
f 225 4637 185
f 225 990 4637
f 954 4756 953
f 4756 4712 953
f 3162 953 179
f 3162 179 946
f 947 192 946
f 177 3176 178
f 3926 1887 1347
f 1347 4699 4524
f 187 3163 1887
f 3163 1889 1887
f 3789 3163 448
f 1889 3164 1887
f 1347 3164 4699
f 4699 4525 4524
f 3165 1889 3789
f 188 1890 3164
f 188 3165 3166
f 188 3166 991
f 3243 1888 4525
f 4525 4699 3243
f 3167 2917 1739
f 1272 3798 4636
f 1272 4636 3247
f 3171 948 1322
f 3169 3168 3170
f 2385 2388 4614
f 948 949 2376
f 950 949 948
f 3171 950 948
f 3135 4655 1198
f 3173 951 952
f 192 1892 946
f 951 960 952
f 952 960 3185
f 3186 4773 3185
f 4773 3174 3185
f 189 1885 3153
f 189 3153 954
f 3175 4764 1894
f 4764 954 1894
f 954 4764 189
f 4764 3175 189
f 1894 4762 3182
f 4762 3186 3182
f 957 3925 3940
f 3177 191 192
f 3177 192 178
f 3180 3177 3176
f 191 3177 3178
f 3180 3178 3177
f 190 191 3178
f 3178 3181 190
f 958 3181 3179
f 2405 3179 3178
f 2405 3178 3180
f 958 3184 3181
f 951 193 960
f 3175 3182 3183
f 3183 962 3175
f 3182 3186 3187
f 194 3183 3182
f 962 189 3175
f 196 956 962
f 956 955 962
f 197 1893 956
f 2406 1884 197
f 197 956 2406
f 3185 198 3186
f 960 959 3185
f 959 960 193
f 959 1895 198
f 198 1896 1899
f 1899 4771 198
f 4771 3186 198
f 3182 3187 965
f 965 194 3182
f 195 3183 194
f 3188 3183 195
f 3955 3954 3188
f 962 961 3954
f 3954 196 962
f 3955 3188 195
f 195 3189 3955
f 3189 1900 199
f 3184 3190 193
f 3190 3192 1895
f 1897 1896 1895
f 1896 198 1895
f 3186 4771 3187
f 4771 1899 3187
f 966 1899 1897
f 964 1897 3192
f 1895 3192 1897
f 4631 3192 3190
f 2602 3192 4631
f 1897 3194 200
f 963 3193 3194
f 3195 199 1901
f 1900 3189 194
f 195 194 3189
f 3196 194 965
f 3196 965 967
f 965 3187 4691
f 3187 966 4691
f 4691 967 965
f 966 1903 4691
f 966 200 1903
f 1903 200 1909
f 1909 203 1903
f 1902 4691 1903
f 1902 967 4691
f 1900 194 3196
f 1901 1900 3196
f 201 3196 967
f 201 967 1902
f 203 1909 1910
f 3197 203 1910
f 202 1903 203
f 3198 1902 202
f 1905 203 3197
f 3199 201 3198
f 1901 201 3199
f 3200 204 4685
f 3195 3199 204
f 1904 3198 3203
f 3203 2423 1904
f 4685 1904 2423
f 207 4232 206
f 1898 207 206
f 968 3201 963
f 3201 3206 3193
f 972 1910 1909
f 969 1906 205
f 3202 3203 205
f 2423 3203 520
f 210 3202 970
f 3197 1906 969
f 3197 208 1906
f 3197 1910 208
f 3204 208 1910
f 209 970 208
f 1907 209 3205
f 1907 1911 209
f 970 1911 3208
f 4505 3193 3206
f 3201 211 3206
f 211 1908 3206
f 971 4505 3206
f 972 1909 4505
f 212 1910 972
f 972 3207 212
f 973 971 215
f 212 3204 1910
f 3205 3204 212
f 212 3207 3205
f 3207 973 3213
f 3213 1907 3205
f 3209 1911 1907
f 3209 974 1911
f 4250 974 4251
f 213 1911 974
f 1911 213 3208
f 4252 975 4255
f 1522 3211 1908
f 971 1908 3211
f 3211 215 971
f 3211 3210 975
f 3211 975 3212
f 215 3211 3212
f 3213 3212 3209
f 3157 977 3214
f 4473 3214 3218
f 976 175 4473
f 934 3216 3215
f 934 3215 3141
f 3215 3216 216
f 3216 3143 3223
f 3143 976 3223
f 3216 3223 216
f 4689 3140 216
f 3140 4689 3217
f 3138 3217 1922
f 4689 1915 3217
f 3223 4689 216
f 976 1913 3223
f 1913 976 4473
f 183 3219 3221
f 184 979 978
f 978 979 3225
f 3220 3219 978
f 1913 3218 3222
f 1875 4674 1914
f 1875 1914 983
f 1914 3138 1922
f 3217 1915 1922
f 1915 4689 1916
f 1916 980 1915
f 1917 1916 3222
f 1916 1913 3222
f 3224 3222 3218
f 3222 3224 1917
f 217 1915 980
f 1915 217 3233
f 1922 1915 3233
f 1922 3233 3228
f 1917 3226 980
f 3224 3218 3221
f 978 1919 3220
f 3220 1919 1920
f 1921 1919 3225
f 3225 981 1921
f 1920 1921 2024
f 3224 3221 982
f 3226 1917 3224
f 3224 982 3226
f 3227 982 2024
f 3226 3227 218
f 3226 218 980
f 980 218 217
f 3315 218 3316
f 3315 217 218
f 217 221 3233
f 3233 1927 3228
f 219 1922 1923
f 1922 3228 3230
f 3230 1924 1923
f 1924 3230 3229
f 3228 3229 3230
f 3231 3229 3228
f 989 983 219
f 985 984 1924
f 220 3229 3231
f 220 985 3229
f 985 220 4474
f 985 4474 4586
f 984 985 1925
f 4586 1925 985
f 3232 1925 4586
f 3232 3236 950
f 4474 3232 4586
f 220 1926 986
f 3231 1926 220
f 1926 3231 1927
f 3233 221 1927
f 217 3315 221
f 221 3315 3318
f 3318 1927 221
f 3318 1928 1927
f 986 1926 3235
f 3236 3232 222
f 3236 223 2070
f 223 3236 222
f 222 3235 223
f 1929 223 3235
f 223 1929 2070
f 987 1930 988
f 1930 987 3237
f 1930 3237 1020
f 2071 3238 1930
f 3238 3239 4526
f 4614 1931 224
f 2388 3911 4614
f 1929 3238 3240
f 984 1925 3171
f 989 1932 3242
f 3242 1932 1891
f 4655 928 3242
f 928 1933 3242
f 3136 989 1933
f 3243 3254 1372
f 1890 3243 4699
f 3248 1890 991
f 3244 3248 991
f 991 992 1934
f 991 3245 3244
f 3243 3248 3254
f 3807 1938 1277
f 1934 1938 3245
f 3167 1935 1936
f 4636 1936 1937
f 1936 1935 4656
f 4528 4527 3246
f 4527 4528 4656
f 1937 1958 993
f 1937 993 3247
f 3247 993 228
f 3250 1938 3807
f 3250 229 3245
f 3250 3245 1938
f 3248 3245 229
f 229 3252 3248
f 3252 3249 3248
f 228 3251 3807
f 228 993 3251
f 3250 3807 3251
f 4725 229 3250
f 4725 3252 229
f 3253 4725 1939
f 3253 1000 4725
f 4725 1000 1940
f 230 3249 994
f 1940 1945 994
f 1940 1946 1945
f 1943 3249 230
f 3249 1943 3254
f 996 3255 227
f 995 226 227
f 990 995 4637
f 995 227 1941
f 3257 3256 995
f 1941 3257 995
f 3255 996 1942
f 1943 1942 996
f 231 3264 997
f 231 3261 3256
f 3259 3261 231
f 231 997 3259
f 997 3260 3259
f 3259 3260 233
f 233 3258 3259
f 3258 2025 1918
f 1918 3263 3258
f 3263 3261 3258
f 3263 232 998
f 998 232 3262
f 3262 979 3161
f 184 3161 979
f 3262 232 979
f 232 1918 979
f 2025 3258 233
f 3260 1059 233
f 3260 3401 1944
f 997 3401 3260
f 1948 3255 3267
f 1942 3267 3255
f 1947 1945 1946
f 1945 1947 1942
f 1947 3266 3267
f 1941 1948 3257
f 1948 3265 3257
f 3265 2028 3264
f 3264 1063 3401
f 3265 234 2028
f 1948 3373 234
f 3373 1948 3268
f 999 1949 3268
f 1951 999 3266
f 235 1951 3266
f 3269 235 1946
f 1940 3269 1946
f 1000 3269 1940
f 3253 1950 1000
f 3274 1950 3253
f 3269 236 1001
f 1950 236 3269
f 3274 4475 236
f 235 1001 1951
f 3272 4475 3274
f 4475 3271 1952
f 1952 1001 4475
f 1951 1952 3270
f 999 1951 4557
f 999 4557 1949
f 3270 4557 1951
f 1002 3271 4475
f 1003 3272 3274
f 3271 1002 1955
f 1955 4682 3271
f 3275 1954 1003
f 237 1953 238
f 1955 4638 4682
f 1045 4755 4682
f 3277 1953 3276
f 3276 3283 4603
f 4603 3281 3276
f 3281 1956 3278
f 3277 239 1953
f 3278 97 239
f 3279 1007 238
f 860 1007 3279
f 239 860 3279
f 1007 860 1005
f 97 860 239
f 97 3278 98
f 2968 98 3278
f 3278 1782 2968
f 3280 3281 3282
f 3246 3280 3282
f 3246 73 3280
f 3246 4527 73
f 4528 3246 3282
f 4528 1957 1959
f 4528 3282 1957
f 3282 4603 1957
f 4603 3283 1960
f 3284 1959 1961
f 1961 1959 1960
f 1003 1004 3275
f 3274 1939 1004
f 3274 3253 1939
f 1961 1004 1939
f 3284 3251 993
f 3251 3284 1961
f 1939 3251 1961
f 1005 860 1807
f 1006 3409 1955
f 4682 3286 1045
f 4638 3286 4682
f 3286 1044 1045
f 4638 1955 3409
f 3409 3286 4638
f 240 1963 241
f 1007 241 1006
f 1006 241 1962
f 1962 1084 4723
f 1963 3290 241
f 240 1964 1963
f 1963 1964 242
f 1811 1008 242
f 1963 1966 3290
f 242 1966 1963
f 242 1969 1966
f 3025 1968 1008
f 1009 1337 1967
f 3289 1967 1337
f 1010 1009 3288
f 1967 3288 1009
f 243 2075 2073
f 3289 2075 243
f 3028 1968 3025
f 3033 244 1012
f 1012 3028 3031
f 244 1970 1012
f 1012 1968 3028
f 1970 1008 1968
f 1968 1012 1970
f 3290 2051 1084
f 1969 1970 1971
f 3292 1971 1970
f 3294 3292 4713
f 3293 244 3033
f 3292 3294 245
f 1971 3292 245
f 245 1972 1971
f 3293 3297 1973
f 3297 3295 1973
f 892 3297 1974
f 3297 892 3296
f 247 1163 246
f 246 1163 3301
f 1975 3301 2161
f 1159 1975 3598
f 1975 1159 3299
f 1024 1025 4556
f 1975 3299 4556
f 1025 1026 4556
f 3301 1975 3300
f 3300 1975 250
f 248 3301 3300
f 2159 3301 1163
f 248 3303 246
f 3298 246 3303
f 3298 3324 2164
f 3324 3325 4529
f 1014 3324 3298
f 3298 3303 1014
f 3329 1029 1014
f 1014 3302 3329
f 3300 249 248
f 3300 250 249
f 3381 1976 1984
f 4726 3304 3599
f 1015 3306 3584
f 3584 3603 1015
f 4707 3603 3584
f 3603 3309 1978
f 3305 3306 3304
f 3304 1016 3599
f 1015 3307 3306
f 1978 252 3307
f 252 1018 4623
f 252 1977 1018
f 252 1978 1977
f 1977 1978 3309
f 3310 1018 1977
f 3308 4623 1017
f 3308 3320 4623
f 3320 3308 1979
f 253 3308 1017
f 3310 1977 3309
f 4622 1980 3309
f 3310 3309 1980
f 256 3310 1980
f 254 3480 257
f 3480 1981 257
f 258 1019 257
f 258 257 1981
f 1020 258 4612
f 3237 3313 1020
f 1020 3313 258
f 3313 1982 258
f 1982 1019 258
f 1983 1023 3314
f 1023 1983 3387
f 1982 4705 1983
f 1928 3318 1021
f 3315 260 3318
f 3227 1022 3316
f 259 3316 3317
f 3316 259 3315
f 260 3315 259
f 1982 1021 3318
f 1982 3318 4705
f 1053 4705 260
f 260 259 1053
f 4705 3389 3387
f 3386 3314 1023
f 3314 3308 253
f 3386 3308 3314
f 3384 3319 1979
f 3320 1979 3319
f 1016 3320 251
f 3320 3319 251
f 1052 4727 251
f 1976 3381 3380
f 3380 2165 1976
f 4693 3380 3377
f 3376 1039 3377
f 2003 4693 1039
f 1027 248 249
f 1027 261 248
f 3302 3303 261
f 3302 3322 1985
f 3322 261 1027
f 1028 3322 1027
f 1028 1985 3322
f 3321 4574 1027
f 3321 1027 249
f 3321 1026 4574
f 1028 1030 1985
f 3323 1014 1029
f 3324 1014 3323
f 3323 3325 3324
f 3326 4529 3325
f 1986 3325 1987
f 3325 3323 1987
f 3323 1029 1987
f 1986 1987 1988
f 1987 3327 1988
f 1029 3327 1987
f 3329 1985 3330
f 3330 1030 1031
f 1990 3331 1030
f 262 1028 3332
f 268 267 1037
f 1037 2002 262
f 1990 1030 262
f 1989 1031 3331
f 3335 3330 1989
f 3328 3330 3335
f 263 1989 3333
f 3334 1032 3335
f 3335 3336 3327
f 3327 1997 1988
f 3336 1999 1997
f 1986 1988 1997
f 3338 1986 1997
f 3614 2167 3338
f 362 2171 1036
f 118 4895 892
f 3052 4905 4895
f 4905 892 4895
f 4827 4933 892
f 4933 3296 892
f 4934 4935 4933
f 4935 3296 4933
f 4936 4937 4935
f 4937 3296 4935
f 4938 4939 4937
f 4939 3296 4937
f 4940 4941 4939
f 4941 3296 4939
f 4942 4943 4941
f 4943 3296 4941
f 4943 4944 3296
f 4944 3340 3296
f 3340 4944 4942
f 4944 4943 4942
f 3340 4942 4940
f 4942 4941 4940
f 3340 4940 4938
f 4940 4939 4938
f 3340 4938 4936
f 4938 4937 4936
f 3340 4936 4934
f 4936 4935 4934
f 3340 4934 4827
f 4934 4933 4827
f 3052 4921 4827
f 4921 3340 4827
f 892 4905 4827
f 4905 3052 4827
f 126 4894 3052
f 3340 4921 4894
f 4921 3052 4894
f 264 4856 1827
f 126 4900 4856
f 4900 1827 4856
f 1993 3295 3296
f 1013 1972 3341
f 3291 1966 1013
f 1082 3291 1991
f 1991 3291 1992
f 1013 1992 3291
f 1992 3341 3342
f 265 3342 245
f 245 1033 265
f 4588 265 1033
f 4588 3440 265
f 3440 3449 265
f 3343 4588 1033
f 1033 1993 3343
f 1993 3296 3340
f 3343 1993 4476
f 1994 3351 3343
f 3340 264 4476
f 1995 4927 4908
f 4927 1994 4908
f 4908 264 1995
f 3345 4915 3344
f 4915 1995 3344
f 1034 264 1827
f 1829 4893 1828
f 1035 4911 4893
f 4911 1828 4893
f 1828 4911 4896
f 4911 1035 4896
f 4896 3344 1828
f 3344 4896 3347
f 4896 1035 3347
f 3350 3345 3344
f 3347 3350 3344
f 3346 4897 4872
f 4897 3053 4872
f 4872 1996 3346
f 1073 3346 1996
f 3347 4907 4861
f 4907 3348 4861
f 4861 3350 3347
f 3350 4861 3349
f 4861 3348 3349
f 3345 3350 3352
f 4588 3343 3351
f 3345 3352 3351
f 3351 4837 4588
f 4837 3439 4588
f 266 4860 3352
f 4860 3351 3352
f 3350 3349 3352
f 2044 4852 3348
f 4852 3349 3348
f 3348 4907 4828
f 4907 3347 4828
f 3431 4853 4828
f 4853 3348 4828
f 1073 4865 4845
f 4865 3431 4845
f 4845 3346 1073
f 1073 1996 3063
f 3355 3339 4662
f 3339 1998 4662
f 3339 1036 1998
f 3338 1036 3614
f 1036 3338 3354
f 1998 1036 3354
f 3621 3339 3355
f 3355 4818 1182
f 4818 2034 1182
f 2034 4818 4662
f 4818 3355 4662
f 1999 4810 1997
f 4810 3354 1997
f 3414 3413 3337
f 2000 3337 3357
f 263 3357 3334
f 3358 3357 263
f 3410 3358 2001
f 2001 3358 4692
f 2001 4692 3363
f 2002 4692 3333
f 1037 3360 2002
f 1043 2002 3360
f 267 3360 1037
f 2003 267 268
f 1038 2003 268
f 1025 1038 1026
f 1038 4693 2003
f 2003 1039 3359
f 1039 3376 2006
f 2004 1039 2006
f 1040 3359 1039
f 3359 1040 2005
f 3359 2005 267
f 267 2005 3360
f 3360 2005 269
f 269 2005 1040
f 1040 1039 2004
f 1042 1040 2004
f 269 1040 1042
f 1041 269 1042
f 269 3362 3360
f 3362 269 1041
f 3361 2004 2006
f 2004 3361 1042
f 3370 1041 3367
f 1041 3370 3362
f 3364 1043 3362
f 3363 3364 2001
f 3370 3365 3362
f 3362 3365 3364
f 3364 3365 2007
f 2007 3410 2001
f 2007 2001 3364
f 2008 2007 3365
f 2008 2009 2007
f 1045 2008 3365
f 1044 2009 2008
f 4755 1045 3366
f 1952 3271 4755
f 1045 3365 2010
f 3367 3361 1046
f 3361 2006 3369
f 3368 3369 2006
f 2006 3376 3368
f 3374 3367 1046
f 3370 3367 2012
f 2011 3370 2012
f 3372 2010 2011
f 3372 2011 2012
f 2013 1047 3372
f 3366 2010 4557
f 3270 3366 4557
f 1949 3372 1047
f 3268 1949 1047
f 3268 1047 3373
f 279 3373 1047
f 1047 2013 279
f 270 2013 3371
f 3378 3374 1046
f 1046 3369 3378
f 3378 3375 1049
f 3369 3368 1050
f 3376 1048 3368
f 1048 3376 3377
f 4530 1048 3380
f 4530 3368 1048
f 1060 3374 3378
f 3374 1060 4710
f 3379 1060 3378
f 3378 1049 3379
f 1049 3394 3379
f 3394 1049 276
f 3375 276 1049
f 1050 3383 3375
f 4530 271 1050
f 3380 3381 4530
f 271 4530 3381
f 3381 3382 271
f 3381 1984 3382
f 4727 3382 1984
f 3383 271 3382
f 276 3383 3395
f 3395 1051 3391
f 3382 4727 1051
f 251 3319 1052
f 3384 1052 3319
f 1979 3385 272
f 3385 3386 3390
f 3388 3390 3386
f 3386 1023 3388
f 3388 1023 3387
f 3389 4587 3388
f 3387 3389 3388
f 4705 1053 273
f 1053 2014 273
f 273 4587 3389
f 4587 1054 2015
f 1054 4649 2015
f 3388 4587 2015
f 3388 2015 2016
f 2016 2015 2022
f 3390 2016 3392
f 3384 272 1055
f 1052 3384 1055
f 4727 1052 4531
f 4727 4531 1051
f 4531 1052 2017
f 3390 1055 3385
f 3390 2017 1055
f 3392 2017 3390
f 274 3391 2017
f 3393 3392 2018
f 3392 3393 2017
f 1056 3391 274
f 3395 3391 1056
f 274 2017 3393
f 2018 275 1057
f 4722 3393 3397
f 4722 2019 3396
f 2019 2020 3396
f 2021 2019 3397
f 276 3396 3394
f 1056 4722 3396
f 3379 2020 4558
f 2022 1057 275
f 2022 275 2016
f 4649 2022 2015
f 2023 4649 1054
f 2023 4700 277
f 4649 2023 277
f 1058 277 4700
f 2022 4649 4624
f 2023 1054 2014
f 2023 259 3317
f 3317 1022 278
f 278 2023 3317
f 278 2024 4700
f 2024 278 1022
f 1022 3227 2024
f 1921 4700 2024
f 1921 981 4700
f 4700 981 3398
f 3398 1058 4700
f 3408 4624 277
f 1058 3398 3399
f 233 1059 2025
f 2025 1059 3398
f 3399 3400 3408
f 2027 2026 1059
f 2026 2027 1066
f 2027 3260 1944
f 234 279 2028
f 3373 279 234
f 279 2031 2028
f 3404 279 2013
f 2030 3404 270
f 270 4710 2030
f 1060 3379 4558
f 2020 2021 1061
f 2021 3402 280
f 3402 2021 3397
f 3397 1057 3402
f 3402 3407 280
f 280 1061 2021
f 4558 1061 3403
f 4710 1060 4558
f 3403 1061 1062
f 281 2029 280
f 2029 1062 1061
f 2030 3403 1062
f 3404 2030 1062
f 3404 1062 2029
f 2029 2031 3404
f 2028 2031 1063
f 3405 1063 2031
f 1063 3405 3401
f 1064 1944 3405
f 3407 3406 280
f 3405 3406 1064
f 3407 3402 1067
f 1064 1067 1065
f 1065 1067 3400
f 3400 1067 3408
f 1067 3402 1057
f 1006 1962 3409
f 3286 3409 2032
f 2032 3451 1044
f 2009 2033 3410
f 3410 2033 3358
f 3411 4808 3412
f 4808 2033 3412
f 2033 4808 2000
f 4808 3411 2000
f 3452 3412 2033
f 2054 282 3414
f 2054 4817 282
f 4817 3471 282
f 282 1096 3414
f 1096 4807 3414
f 4807 3413 3414
f 3413 4807 3356
f 4807 1096 3356
f 3354 4801 1998
f 4801 1068 1998
f 283 1182 3415
f 1182 2034 3415
f 3637 283 2035
f 3415 2034 3421
f 3417 4995 2036
f 4995 3421 2036
f 3421 4995 3415
f 4995 3417 3415
f 3416 4997 3417
f 4997 3415 3417
f 283 3416 1069
f 1069 4998 283
f 4998 3641 283
f 3641 4998 284
f 1069 4999 4998
f 4999 284 4998
f 284 4999 3427
f 4999 1069 3427
f 3416 2038 1069
f 2036 3416 3417
f 3418 2037 3416
f 2038 3416 2037
f 2038 2037 3419
f 3426 3418 2041
f 3420 2041 3418
f 285 3422 3420
f 285 3420 2036
f 2039 3421 2034
f 1068 2039 2034
f 1096 2039 3356
f 3470 3421 2039
f 2040 3422 285
f 285 3470 2063
f 286 2062 2040
f 3422 2040 2062
f 3469 3423 2062
f 2041 3420 3422
f 3423 3424 2041
f 2041 3424 3426
f 3469 3425 3423
f 3424 1070 3426
f 3426 3419 2037
f 1070 1071 3419
f 3419 1071 2038
f 1071 3427 2038
f 3427 3429 284
f 3428 284 3429
f 1072 3430 3427
f 1071 1072 3427
f 3429 3430 288
f 1873 2042 2043
f 2043 2042 289
f 2043 4898 1873
f 4898 4646 1873
f 3063 4910 1073
f 4910 4694 1073
f 4694 4910 4646
f 4910 3063 4646
f 3431 4859 3432
f 4694 4892 4859
f 4892 3432 4859
f 4694 4859 1073
f 3431 4865 4859
f 4865 1073 4859
f 3432 4892 4867
f 4892 4694 4867
f 4867 4706 3432
f 4706 4867 2043
f 4867 4694 2043
f 289 4706 2043
f 2042 3435 289
f 290 4901 4853
f 4901 3348 4853
f 4853 3431 290
f 3348 4901 2044
f 4901 290 2044
f 1079 4848 292
f 1074 4922 4848
f 4922 292 4848
f 3432 4706 2045
f 290 4912 2045
f 4912 3432 2045
f 4706 4863 2045
f 3433 4914 4863
f 4914 2045 4863
f 2045 4914 4864
f 4914 3433 4864
f 3434 4906 4864
f 4906 2045 4864
f 2045 4906 290
f 4906 3434 290
f 1074 2044 3438
f 2044 290 3434
f 3434 2046 3438
f 3434 4864 2046
f 3433 4917 4864
f 4917 2046 4864
f 1076 4875 4863
f 4875 3433 4863
f 4706 4876 4863
f 4876 1076 4863
f 1076 4876 289
f 4876 4706 289
f 289 1075 1076
f 289 3435 1075
f 291 1076 1075
f 1075 1077 291
f 3435 1078 1075
f 3437 3436 1077
f 1078 3126 3444
f 1078 3444 3437
f 2048 3443 3436
f 3436 3443 291
f 4625 291 3443
f 1076 291 4625
f 2046 4917 4868
f 4917 3433 4868
f 4868 2049 2046
f 2046 4849 3438
f 292 4913 4849
f 4913 3438 4849
f 3438 4913 1074
f 292 4922 4913
f 4922 1074 4913
f 266 4899 3439
f 4899 1079 3439
f 3439 4837 266
f 3351 4860 4837
f 4860 266 4837
f 1992 3449 2050
f 3449 3440 3448
f 3439 3440 4588
f 292 3442 3441
f 292 3441 1079
f 1079 3441 3440
f 3440 3441 3448
f 4849 4920 292
f 4920 2047 292
f 2047 4920 2046
f 4920 4849 2046
f 2046 2049 1080
f 1080 2047 2046
f 2049 4868 4625
f 3433 4869 4868
f 4869 4625 4868
f 3443 2048 3445
f 3443 3445 1081
f 3437 4589 2048
f 3446 4589 3444
f 4625 1081 2049
f 2049 1081 2058
f 1081 3445 2058
f 2061 3446 3444
f 3447 3445 4589
f 3445 3447 2059
f 2058 3445 2059
f 1080 2049 2058
f 3442 2047 3458
f 3441 3458 3448
f 3448 2050 3449
f 3450 1991 2050
f 3450 1082 1991
f 1082 2051 3291
f 1083 1084 2051
f 1083 4723 1084
f 1962 4723 3409
f 3409 2053 2032
f 2052 1083 1085
f 1085 1083 2051
f 3409 4723 2053
f 2053 3451 2032
f 1086 4723 3453
f 4723 1086 2053
f 2009 1044 3451
f 3451 3452 2033
f 1086 3452 3451
f 2053 1086 3451
f 3452 1086 2056
f 3453 2056 1086
f 2054 3411 3412
f 3412 2055 2054
f 3453 1087 2056
f 3456 3454 2055
f 2056 1087 2055
f 3471 4817 3454
f 2054 4820 4817
f 4820 3454 4817
f 2064 1096 282
f 3471 4812 282
f 4812 2064 282
f 3455 3471 3454
f 3456 3455 3454
f 293 1088 3456
f 1088 3472 3455
f 4478 1088 2066
f 2066 1088 293
f 1085 3457 2052
f 1087 3457 293
f 294 293 3457
f 3450 294 1082
f 3450 3458 3459
f 3459 3458 3460
f 3447 3462 2059
f 3462 4477 2059
f 2059 4477 3461
f 3463 4477 3462
f 2060 3462 3446
f 3463 3462 2060
f 3463 3474 3464
f 3446 2061 295
f 1090 3465 2061
f 1091 296 3465
f 296 378 300
f 297 4559 1092
f 3466 297 1092
f 297 3466 298
f 3479 3466 3467
f 3467 3466 1092
f 3467 1092 3468
f 3466 3479 1100
f 1072 1094 287
f 1093 287 1094
f 299 1095 286
f 1095 2062 286
f 3473 299 286
f 2064 2063 3470
f 3470 2039 1096
f 2064 4812 1097
f 3471 4819 4812
f 4819 1097 4812
f 1088 2065 3472
f 4613 4823 3472
f 4823 3471 3472
f 1097 4819 4613
f 3471 4823 4819
f 4823 4613 4819
f 3473 2063 2064
f 4613 3472 1098
f 2065 1098 3472
f 4613 4809 1097
f 4809 299 1097
f 299 4809 301
f 4809 4613 301
f 1098 301 4613
f 3464 1098 2065
f 3461 3464 2065
f 4478 3461 2065
f 2057 2066 294
f 4478 2057 1089
f 3461 4478 1089
f 3464 3474 1098
f 4479 3475 2060
f 2061 1099 295
f 2061 3465 1099
f 1099 3465 4650
f 300 298 2067
f 298 3477 2067
f 3476 3475 4479
f 4479 4506 3476
f 3477 4506 1099
f 3466 3478 3477
f 4506 3478 3476
f 1100 3478 3466
f 1100 2068 3478
f 2068 1100 301
f 1100 2069 299
f 1095 299 2069
f 2069 1093 1095
f 1095 1093 3469
f 1093 1094 3469
f 3425 3469 1094
f 1341 3240 3241
f 1341 2070 3240
f 950 2070 949
f 3236 2070 950
f 3239 3238 2071
f 2071 3482 3239
f 1101 4612 1981
f 3482 1101 4507
f 4507 3484 3482
f 4612 1101 3482
f 3482 2074 224
f 3484 4507 2072
f 3311 3481 255
f 3288 3311 1980
f 3311 3288 1967
f 2072 3311 1967
f 1102 2072 243
f 2073 302 2074
f 3483 3484 2073
f 2073 2074 3483
f 302 2385 4614
f 302 2075 4728
f 1103 4728 2075
f 1103 3170 4728
f 3287 1103 2075
f 3169 3170 1103
f 3905 1103 3287
f 1104 2076 3485
f 304 1104 2291
f 1104 304 2076
f 305 3487 3498
f 2083 3487 305
f 303 3487 3488
f 3488 3487 2292
f 3513 2106 2821
f 306 1105 3551
f 1105 4575 2097
f 2077 2097 4575
f 3508 311 3489
f 311 2077 3489
f 2078 3489 4644
f 2079 2078 4644
f 2079 4644 1106
f 4714 2079 2699
f 3489 2078 2088
f 3489 2088 3503
f 3491 3490 4714
f 4714 3490 2079
f 2701 2082 307
f 2080 307 2081
f 3493 2080 2081
f 1108 2081 4740
f 2081 2082 4740
f 1259 4740 4754
f 1259 1108 4740
f 3491 3492 3490
f 2083 2292 3487
f 2083 3497 3496
f 2294 3495 1260
f 3494 3492 3493
f 3492 3494 1111
f 1111 3490 3492
f 3495 2084 1260
f 308 3496 3495
f 3496 3497 2085
f 305 4532 3497
f 2086 3498 1109
f 4532 3498 2086
f 3497 3499 2085
f 3499 4532 2086
f 4626 1110 2092
f 3499 1110 4626
f 3505 4626 2092
f 2085 3499 3500
f 2085 2087 2084
f 2087 3500 3501
f 2085 3500 2087
f 2087 3501 1111
f 2088 3502 3503
f 3504 2089 2094
f 1112 2093 3501
f 1112 3501 3505
f 2090 3870 3873
f 3870 2090 2091
f 3875 2090 4489
f 319 2090 3875
f 3870 1118 3506
f 3521 3872 3506
f 3521 316 3872
f 2093 309 2089
f 3504 1114 3502
f 1114 312 2095
f 2095 3510 1114
f 3502 1114 3510
f 3503 3502 3510
f 3509 3503 3510
f 3508 3503 3509
f 3503 3508 3489
f 310 311 3508
f 310 3508 3509
f 2096 310 2098
f 3511 311 2096
f 2097 2077 311
f 3512 2098 310
f 310 3509 3512
f 3510 3512 3509
f 3512 3510 3514
f 2098 3512 4560
f 3512 3514 4560
f 2098 4560 2111
f 2111 1121 2098
f 2099 2098 1121
f 2099 2096 2098
f 3511 2099 1115
f 1115 2099 2107
f 321 2107 2099
f 3513 1115 2107
f 1115 3513 3551
f 3510 2095 3514
f 2094 3516 3515
f 2094 3515 1114
f 3516 2094 309
f 1112 3507 309
f 3507 1116 309
f 309 1116 3516
f 3516 1116 3518
f 313 314 312
f 3514 2095 314
f 3514 314 317
f 3519 314 313
f 3519 313 1117
f 313 2101 1117
f 2101 315 1117
f 315 4598 316
f 316 1117 315
f 4560 3514 4743
f 3514 3520 4743
f 4576 317 314
f 316 4576 3519
f 3521 4576 316
f 318 4576 1118
f 3506 1118 3521
f 1119 4743 3520
f 1118 2103 318
f 2102 2091 319
f 2102 3522 2091
f 2103 2091 3522
f 2103 1118 2091
f 3522 2105 2103
f 3523 318 2103
f 3523 3520 318
f 1120 4743 1119
f 1120 1119 2113
f 2113 1119 3525
f 2104 3523 2105
f 2105 3522 3537
f 2102 319 2126
f 2102 2126 3537
f 320 2126 319
f 2106 3513 833
f 833 3513 4520
f 3513 4480 4520
f 2108 2110 2109
f 323 2109 3529
f 3527 2110 2115
f 1121 2111 3524
f 1121 4715 321
f 4715 2115 321
f 2115 4715 2112
f 2114 1122 4715
f 4715 2113 2114
f 2114 2112 1122
f 2115 2112 1123
f 3527 2115 3528
f 3527 3528 2116
f 3528 1123 2116
f 2117 2113 2104
f 2113 3525 2104
f 2104 1124 2117
f 2117 1124 2114
f 1124 2119 2114
f 2105 322 2104
f 3534 2118 322
f 2119 2120 2114
f 2120 3533 1123
f 3533 1127 1123
f 1127 2116 1123
f 1125 2116 2122
f 2934 323 1748
f 1748 323 3530
f 2121 3530 323
f 2123 1125 2122
f 330 3530 328
f 1126 328 2123
f 1126 2122 2124
f 1127 2124 2116
f 1126 2124 1135
f 3531 1135 2124
f 1135 3531 329
f 3532 3536 324
f 329 324 325
f 3536 4657 325
f 3532 3533 2120
f 2119 2118 1128
f 1128 3534 2129
f 3535 3536 3532
f 1129 3535 1128
f 3535 1129 326
f 2125 3536 3535
f 326 2125 3535
f 4657 3536 2125
f 325 4657 1153
f 326 3541 2125
f 3541 326 1129
f 3541 1129 4627
f 4627 1129 1128
f 2128 3534 3537
f 2128 3537 2126
f 2126 320 3539
f 2127 1130 3545
f 3545 4651 2127
f 2130 2128 3538
f 2126 3539 2128
f 3534 2128 3540
f 3540 2130 4627
f 3540 4627 2129
f 2125 3541 3542
f 2125 3543 4657
f 3543 3542 3547
f 3541 2130 1131
f 2130 2127 1131
f 1131 2127 4651
f 3542 3544 327
f 3542 327 3546
f 4651 3545 1132
f 3546 1133 3542
f 3543 3547 1134
f 2133 4657 3548
f 1132 3546 327
f 1132 3545 2131
f 2131 3545 4607
f 328 1135 1136
f 1136 1135 2132
f 330 1136 3549
f 329 2134 331
f 81 3549 2132
f 2134 325 1153
f 1151 2133 3548
f 1152 2133 1151
f 3550 330 3549
f 3550 840 330
f 2108 4480 2110
f 2987 2988 1138
f 3563 1138 2988
f 1138 3563 1140
f 3552 1138 1140
f 1140 3560 3552
f 2988 3556 3563
f 332 3553 1139
f 332 2140 3553
f 3554 3007 2135
f 2135 1802 877
f 3553 3554 1139
f 1146 3555 3554
f 2135 1146 3554
f 877 1146 2135
f 3555 333 1139
f 1139 333 332
f 2140 334 1143
f 3016 3553 3557
f 3016 3557 3556
f 3556 3557 2137
f 1140 3563 335
f 1140 3561 3558
f 1140 3558 3560
f 2986 3552 3560
f 2983 2986 2136
f 3560 3558 336
f 337 3558 3561
f 3565 337 3562
f 3564 3562 337
f 335 3563 2137
f 3557 1141 2137
f 3564 2137 1141
f 3564 2139 3562
f 3585 3562 2139
f 3585 3567 3565
f 3557 1142 1141
f 2140 1143 1142
f 1143 334 3569
f 334 1144 3569
f 334 333 1144
f 1144 2141 1145
f 333 3555 4461
f 1145 3568 1144
f 2142 1144 3568
f 1144 2142 3569
f 3569 340 1143
f 2142 338 340
f 2142 3570 338
f 3571 339 2144
f 340 3572 1143
f 1143 3572 1142
f 3570 1149 4695
f 2142 3568 3570
f 2141 3575 1145
f 2146 2141 4461
f 3555 1147 4461
f 1146 3581 1147
f 1146 1147 3555
f 2146 3575 2141
f 3573 2143 4695
f 3573 1148 2143
f 2151 2143 3574
f 2143 2151 2144
f 1010 3574 1148
f 1148 3285 1010
f 3914 1148 3573
f 1148 3914 3285
f 4561 1149 4663
f 3570 3576 1149
f 3568 3576 3570
f 1145 3576 3568
f 1145 3575 3576
f 3576 4663 1149
f 3578 2147 3577
f 4663 2147 4561
f 4561 2147 342
f 3579 3588 3578
f 1133 3588 3579
f 3579 1134 1133
f 1134 3579 1150
f 1152 1151 3580
f 1150 3575 1151
f 3580 1151 3575
f 2146 3580 3575
f 3581 2146 1147
f 2149 3581 341
f 2146 3581 3580
f 3581 2149 3580
f 2149 2148 3580
f 2133 1152 1153
f 1137 1153 2148
f 1137 842 4481
f 842 2148 878
f 842 1137 2148
f 878 2148 2149
f 2149 3017 878
f 2152 2136 3559
f 2152 3559 336
f 3589 336 3558
f 337 2150 3558
f 344 3583 3565
f 1154 344 1155
f 3583 344 1154
f 1154 3582 4482
f 4707 3584 1155
f 1155 3584 3582
f 3299 3583 4482
f 345 3299 4482
f 4482 1156 345
f 3582 3305 1156
f 3305 3582 3584
f 2138 3567 3586
f 3585 3586 3567
f 2138 3586 3600
f 346 3600 3586
f 3587 346 3586
f 3587 3586 2139
f 3571 346 3572
f 1157 347 346
f 346 347 3600
f 1157 2144 3601
f 2151 3601 2144
f 1011 3574 1010
f 3574 1011 4622
f 3578 1158 343
f 3578 3588 1158
f 4492 1158 2389
f 2389 1158 3546
f 1158 4492 343
f 3044 122 3607
f 3607 122 2169
f 2136 3591 4533
f 336 3589 2152
f 3589 3558 2153
f 3598 2162 2150
f 3598 2150 3565
f 3565 1159 3598
f 2152 3589 3590
f 3047 4533 3594
f 4533 3591 1160
f 3589 3592 3590
f 3592 3589 2160
f 2158 3592 2160
f 3592 2158 2155
f 3590 3592 3595
f 4533 1160 3594
f 123 3593 895
f 348 4590 3593
f 349 350 4534
f 895 4534 2154
f 4534 355 2154
f 122 895 2169
f 349 352 350
f 348 1160 4590
f 4590 3595 2155
f 352 349 4590
f 352 2155 2156
f 2157 1161 353
f 1162 353 1161
f 3596 4716 353
f 1161 3597 1162
f 351 2156 3597
f 3597 2163 1162
f 3597 2155 2158
f 2160 2159 2158
f 2163 2158 2159
f 2153 2160 3589
f 2161 2159 2160
f 2160 2153 2161
f 2162 3598 2161
f 2163 2159 1163
f 1162 2164 3596
f 2164 3324 3596
f 1163 247 2163
f 2164 247 3298
f 1975 2161 3598
f 1156 3305 4726
f 4726 3599 1976
f 2165 4726 1976
f 345 1156 2165
f 2165 1024 345
f 3299 345 1024
f 3603 4707 1164
f 2138 1164 4707
f 347 1157 3601
f 4622 3602 3601
f 4622 3601 2151
f 1164 2166 3603
f 3602 3309 3603
f 3605 353 3611
f 2157 353 3605
f 350 354 2168
f 350 2168 355
f 2154 355 1165
f 1165 3608 2154
f 3608 3606 2169
f 357 4577 356
f 356 3607 358
f 356 358 357
f 3607 3606 358
f 358 3606 4628
f 4628 3606 3624
f 3608 359 3624
f 3608 1165 359
f 355 3609 1165
f 3612 354 3605
f 3611 3610 3605
f 3610 4683 3612
f 4683 1166 3612
f 3609 1166 1167
f 4683 1169 1166
f 3617 1166 1169
f 1168 3624 359
f 3616 4683 3615
f 360 4683 3613
f 361 2170 3604
f 3610 3604 2170
f 360 3613 2172
f 361 2167 3614
f 2167 3326 3338
f 4673 361 3614
f 4673 3614 2171
f 2172 4673 2171
f 2172 2170 4673
f 3618 360 2172
f 360 3618 3615
f 1169 2173 3617
f 3615 3619 1170
f 3618 3619 3615
f 3618 2172 2171
f 376 1170 3619
f 3618 4826 3619
f 4826 3621 3619
f 3621 4826 362
f 4826 3618 362
f 3618 2171 362
f 2171 3614 1036
f 3621 376 3619
f 2188 1171 1170
f 1171 3620 1170
f 1172 2173 3622
f 2173 3623 3617
f 1167 3617 363
f 1174 1175 1168
f 1174 363 364
f 1172 3623 2173
f 2185 365 1172
f 364 3623 365
f 364 1173 1174
f 364 3627 1173
f 1174 1173 366
f 366 1175 1174
f 1168 1175 3624
f 3624 1175 4628
f 357 358 366
f 1176 366 1173
f 2174 896 357
f 1176 896 2174
f 1176 3625 2175
f 364 3628 3627
f 364 365 3628
f 3629 3627 2181
f 367 3627 3629
f 4748 367 3069
f 3626 4748 368
f 4748 2177 368
f 3068 4748 3069
f 3625 3626 2178
f 2178 3626 1178
f 1177 3073 1178
f 3073 3072 1178
f 1178 3072 2178
f 2179 3625 2178
f 2179 2178 3072
f 2179 2175 3625
f 2175 2179 3071
f 2176 3629 2181
f 924 3082 3643
f 2180 369 370
f 3077 369 905
f 2181 3630 3077
f 3630 2182 3077
f 371 2182 3630
f 369 2182 371
f 371 370 369
f 3631 3630 3628
f 371 3630 3631
f 370 3631 3632
f 3631 2183 3632
f 2180 370 372
f 3628 3633 3631
f 3633 3628 365
f 365 2185 3633
f 3632 2183 2184
f 3634 372 2184
f 3082 3634 3643
f 2187 4806 2184
f 4806 3634 2184
f 2183 1180 2184
f 2183 4821 1180
f 4821 373 1180
f 373 4821 2186
f 4821 2183 2186
f 3633 2186 2183
f 1172 3622 2185
f 1179 2185 3622
f 1179 3622 1171
f 2185 1179 3633
f 1179 3635 2186
f 373 4483 2187
f 2187 4483 3639
f 2186 3635 373
f 373 3635 4483
f 3635 1179 1181
f 1171 2188 1181
f 3635 1181 374
f 374 4483 3635
f 3621 3355 2189
f 2190 2189 1182
f 2190 2191 2189
f 4658 2191 2190
f 2189 2191 376
f 2191 2188 376
f 374 2191 4658
f 3637 377 2190
f 3637 2035 377
f 1184 4814 377
f 4814 375 377
f 375 3636 377
f 375 3638 2192
f 3638 375 4664
f 1180 2187 2184
f 3634 4806 3642
f 4806 2187 3642
f 3642 2187 3639
f 3640 4825 2192
f 4825 3639 2192
f 3639 4825 4803
f 4825 3640 4803
f 4803 1185 3639
f 1183 3640 3638
f 1183 3638 4664
f 1184 377 2035
f 3641 284 1184
f 3641 1184 2035
f 1184 284 3428
f 1184 4535 4664
f 3645 2193 3646
f 2193 3645 4535
f 4535 3645 1183
f 1183 4664 4535
f 2194 4813 4803
f 4813 1185 4803
f 4803 3640 2194
f 1185 4813 2196
f 4813 2194 2196
f 2194 1183 3647
f 3647 1183 3645
f 3116 3117 3644
f 3643 3642 1185
f 3643 1185 923
f 923 1185 2196
f 923 2196 3117
f 3643 923 924
f 378 2195 3644
f 3644 2196 3647
f 300 3645 3646
f 300 3646 298
f 3646 2193 298
f 3644 3647 378
f 3645 378 3647
f 300 378 3645
f 2709 2197 2710
f 2197 379 2710
f 4508 379 1664
f 3649 4404 4508
f 3648 4404 3649
f 3660 3649 4508
f 2205 2198 4057
f 2477 2199 3656
f 2477 3656 2201
f 2200 3656 2199
f 3677 1186 3659
f 2200 1186 3677
f 2200 381 3656
f 4708 1187 2201
f 2201 3656 4708
f 4684 3656 381
f 2207 3656 4684
f 1189 1187 3657
f 3657 1187 4708
f 4708 4665 3657
f 2202 2203 3654
f 1415 2203 2202
f 2203 3652 3654
f 2430 3652 383
f 383 2203 382
f 3652 2430 2204
f 2464 3972 2205
f 2198 2205 384
f 2198 384 3651
f 2206 382 4665
f 4665 2208 2206
f 2207 2208 4665
f 4684 2251 2207
f 2251 3658 2208
f 2206 3702 4019
f 3702 2208 3658
f 3677 381 2200
f 2210 1191 3655
f 2445 1391 1564
f 3650 857 3660
f 2209 3649 3660
f 380 3649 2209
f 2210 2211 1191
f 2211 2222 3659
f 2211 1215 3661
f 1214 3661 1215
f 3662 3661 1214
f 2213 386 385
f 3663 386 2213
f 1694 2849 387
f 387 1192 386
f 388 2245 385
f 386 1192 388
f 387 2231 1192
f 2231 387 3664
f 3664 2214 397
f 397 2214 2215
f 1564 1391 692
f 692 1391 389
f 1193 3669 390
f 2217 3665 3666
f 390 3669 3665
f 3665 3669 391
f 2218 3667 1195
f 2218 3665 3668
f 1194 391 3701
f 391 1194 3668
f 3667 2218 3671
f 3671 2218 392
f 1194 392 3668
f 392 2218 3668
f 3670 3701 391
f 3670 3669 1193
f 1193 693 3670
f 3670 2451 4640
f 3671 392 2220
f 3667 3671 3672
f 2219 3667 3672
f 3667 2219 1195
f 3673 1195 393
f 1195 2223 393
f 2219 2223 1195
f 3671 2220 3674
f 3672 3671 3674
f 3672 3674 1196
f 1196 3674 4729
f 4729 2221 1196
f 3677 4729 381
f 4729 3677 2221
f 3675 3676 1196
f 3675 1196 2221
f 3659 2222 3677
f 2219 3672 2225
f 1197 3884 393
f 393 3884 2369
f 4666 2224 1197
f 1198 2224 2250
f 1197 3679 4666
f 3697 4666 3679
f 2226 3679 2223
f 2225 2226 2223
f 4462 2225 3676
f 4639 4462 3676
f 2225 4462 2226
f 2227 2226 4462
f 2221 3677 3680
f 1200 4639 3680
f 2229 2227 4639
f 4639 1200 2229
f 1200 394 2228
f 2229 1200 2228
f 395 2226 2227
f 394 3662 2213
f 2213 385 394
f 385 386 388
f 385 2245 2230
f 2229 2228 2230
f 385 2230 2228
f 3693 2230 2245
f 388 396 2245
f 388 3681 396
f 2232 3685 2231
f 3682 2232 2231
f 2233 3683 1704
f 3683 3682 397
f 2234 3683 3684
f 3682 2234 2232
f 3684 2235 2234
f 2232 2240 3685
f 1206 1201 2240
f 398 2235 3684
f 398 399 2236
f 399 398 2233
f 398 3688 2235
f 1203 3686 1202
f 399 1203 1202
f 2862 399 48
f 1704 48 2233
f 51 1203 2862
f 51 3686 1203
f 4536 3687 1205
f 398 2236 3688
f 1204 2232 2235
f 2232 1204 2240
f 2237 2239 3689
f 2238 1262 3687
f 4536 3690 2238
f 3690 4536 3686
f 2239 3688 3692
f 2239 1207 3689
f 3689 171 4562
f 2240 2237 1206
f 2243 2241 4562
f 1201 1206 401
f 1206 2241 401
f 2244 401 2241
f 2243 2244 2241
f 2243 4562 2242
f 2246 2242 3131
f 3795 2310 1208
f 1208 3690 3686
f 1208 3686 400
f 2243 2242 2246
f 2243 2246 2244
f 1201 401 1209
f 1209 401 2244
f 3681 1201 1209
f 396 1209 402
f 2245 396 402
f 3693 2245 402
f 2247 3693 402
f 2246 3694 1210
f 3694 4611 3695
f 4611 1211 3695
f 2248 1211 2249
f 3693 2248 3696
f 2227 2229 3696
f 395 2227 3696
f 2249 3696 2248
f 3696 2249 395
f 395 3697 2226
f 1713 400 51
f 4749 3698 693
f 3698 2451 3670
f 1212 1194 3701
f 3700 2220 1212
f 2251 1212 3658
f 4640 1392 3703
f 1211 4666 3697
f 1211 3704 4666
f 3704 2250 4666
f 403 3700 2251
f 3700 3674 2220
f 1213 3674 3700
f 2209 3660 1214
f 1214 1215 2209
f 3707 2689 702
f 4667 2689 3707
f 3707 2252 4667
f 2253 2668 3706
f 702 3761 405
f 1229 405 3708
f 4537 3706 2252
f 3706 4537 3709
f 3709 2253 3706
f 3709 4537 3710
f 2577 3711 2260
f 2577 406 4190
f 2254 2260 3711
f 2254 3712 2260
f 2254 1217 1218
f 2254 1218 3736
f 2254 3736 3712
f 416 3712 3726
f 3726 3712 3736
f 1233 1218 1217
f 407 1219 3713
f 624 3714 3715
f 3715 407 624
f 3715 4688 407
f 2255 3715 3714
f 408 1220 2255
f 2255 1220 3715
f 4688 1221 407
f 3716 4688 1220
f 3705 404 1220
f 1222 2257 3717
f 2256 2257 1222
f 410 3716 1222
f 1221 410 2258
f 1221 2258 3718
f 3718 407 1221
f 2258 411 3718
f 411 3738 3719
f 3719 1219 3718
f 412 4675 1219
f 1504 4744 3720
f 412 3721 4675
f 3721 412 1223
f 3719 1223 412
f 1223 3722 420
f 410 3717 2258
f 2258 3717 1224
f 2259 1224 3717
f 1224 2259 2266
f 2259 409 1544
f 1404 2259 1544
f 2259 1404 1230
f 1404 1238 1230
f 2641 2633 408
f 406 4465 4190
f 3762 406 3723
f 2260 4484 406
f 2260 413 4484
f 3729 1225 4484
f 3729 4484 413
f 3729 413 3728
f 413 3724 3725
f 414 3728 3725
f 3725 3728 413
f 3727 3735 415
f 2261 3728 414
f 3729 1226 3730
f 1225 1243 3723
f 1243 1225 1242
f 1242 1225 3730
f 1226 429 3730
f 3729 417 1226
f 417 3729 1228
f 1228 3729 3728
f 1228 3728 2261
f 3731 2261 1227
f 2261 3731 1228
f 4485 1227 414
f 3735 4485 415
f 4737 3731 3759
f 4737 3733 3731
f 1228 3731 3733
f 1226 417 429
f 1228 3733 3732
f 3732 3733 1229
f 4537 1229 3733
f 3733 3710 4537
f 418 3733 4737
f 1552 3710 3733
f 2262 1552 3733
f 2263 418 4737
f 3759 2263 4737
f 1238 1240 2267
f 3734 2267 1240
f 3735 3727 3734
f 3727 3726 419
f 3727 419 3734
f 2264 3734 419
f 1231 3734 2264
f 1231 2264 3737
f 2265 2264 419
f 2265 419 3726
f 1232 2265 3736
f 1232 3737 2265
f 2264 2265 3737
f 2266 2267 3737
f 2266 3737 1232
f 3736 1218 1232
f 1232 2268 3739
f 3739 2266 1232
f 1233 1217 3748
f 3748 1217 2580
f 3740 2268 3741
f 3722 3738 3740
f 3721 1223 420
f 420 3722 3742
f 3722 3740 421
f 3722 421 3742
f 3742 421 422
f 421 1233 3748
f 1234 421 3748
f 421 1234 422
f 423 3742 422
f 420 3742 423
f 3720 3721 4538
f 3743 3746 3721
f 3746 3743 423
f 3743 420 423
f 3745 422 1234
f 3746 3744 3721
f 3721 3744 4538
f 3744 424 4538
f 3744 3746 2270
f 1235 3746 3747
f 3746 423 3747
f 3747 2269 3750
f 3750 2269 3745
f 2580 4751 3748
f 3749 4751 4205
f 1234 3748 4751
f 1234 4751 3749
f 3749 3745 1234
f 1235 3747 1236
f 1236 3747 3750
f 424 3744 2270
f 3752 4538 424
f 2584 4538 3752
f 3753 3751 3752
f 3753 3752 424
f 424 2274 3753
f 2270 2271 2274
f 2270 1235 2271
f 1261 2273 1236
f 2272 2585 3757
f 2272 3757 1261
f 1236 2273 2271
f 2271 3754 2274
f 3753 2274 425
f 4207 3753 426
f 425 426 3753
f 426 425 3756
f 425 3754 1237
f 2271 2273 3755
f 3755 3754 2271
f 3754 3755 4486
f 3756 1237 2595
f 1505 3756 1507
f 1507 3756 2595
f 2595 1237 2299
f 2275 1508 3757
f 2275 3757 427
f 1239 2276 3758
f 3758 2276 428
f 428 2262 2277
f 2277 418 2263
f 428 2277 3758
f 3759 3758 2263
f 3758 1240 1239
f 1240 3758 3759
f 1239 1240 1238
f 3732 3708 4539
f 1229 3708 3732
f 3708 3760 4539
f 3708 405 3760
f 3761 3760 405
f 3761 3970 1241
f 3761 1241 3760
f 2278 3760 1241
f 2278 417 4539
f 417 2278 429
f 3762 3723 1243
f 1243 1244 3762
f 1244 1243 2280
f 3730 2280 1242
f 2280 3730 429
f 2278 4539 3760
f 2278 2279 1246
f 2278 1245 2279
f 1245 527 2279
f 4463 2279 1248
f 1246 2279 4463
f 2280 2281 1244
f 2283 3764 1244
f 1244 2281 2283
f 2282 2281 3765
f 2282 2283 2281
f 3764 2283 3763
f 2283 1247 3763
f 4463 430 3766
f 1248 430 4463
f 3770 573 3767
f 1245 2278 3991
f 1241 3991 2278
f 3763 1247 2284
f 1247 2283 4615
f 2283 2282 4615
f 3769 3765 3766
f 3769 3766 430
f 2279 2285 1248
f 1248 3771 430
f 3771 3769 430
f 3765 3775 2282
f 2284 1247 3773
f 2284 3773 2695
f 2282 3775 3774
f 1251 3765 3769
f 3769 3776 1251
f 2285 3777 3776
f 3777 3782 3776
f 431 2285 3770
f 2285 4128 3777
f 3785 3777 4128
f 3782 3777 3785
f 441 439 3776
f 3774 3775 3778
f 3774 432 2286
f 2286 1249 3773
f 3773 1249 433
f 433 2698 4387
f 2288 433 1249
f 1251 3778 3775
f 432 3778 2287
f 2287 1250 435
f 2287 2290 1252
f 2287 1252 432
f 2286 432 3485
f 2289 1249 3485
f 2076 2289 3485
f 1249 2289 434
f 2288 1249 434
f 2287 1254 2290
f 3779 1254 435
f 1254 2291 2290
f 304 303 2076
f 3488 2289 303
f 3488 434 2289
f 1255 2291 1254
f 436 1255 3780
f 2292 308 4592
f 2295 3486 2291
f 1255 2295 2291
f 437 1257 3779
f 3779 1257 438
f 440 3780 3779
f 3780 440 3781
f 436 3780 3781
f 437 438 1257
f 438 437 439
f 439 440 438
f 441 440 439
f 3782 3785 2296
f 431 3770 3767
f 3784 3493 2081
f 1259 1258 2293
f 2293 2294 1259
f 3784 2294 1260
f 3784 1260 3493
f 2293 308 2294
f 2294 308 3495
f 2295 4065 3486
f 3486 4065 1109
f 1256 442 2295
f 436 3781 1256
f 3781 441 443
f 440 441 3781
f 443 3782 2296
f 443 2297 1256
f 442 2297 2298
f 2296 2297 443
f 3785 4073 2296
f 2298 2297 2296
f 4486 3755 4540
f 4540 3786 4486
f 3786 4215 2299
f 1508 4540 1261
f 1261 3757 1508
f 1261 4540 2273
f 1262 2238 444
f 1262 3692 3687
f 1263 3692 1262
f 3787 1263 1262
f 3787 444 3691
f 2310 3691 3690
f 2875 1208 400
f 2301 1263 3787
f 2300 4739 1263
f 2301 445 2300
f 445 2302 4563
f 447 4739 446
f 1207 1264 171
f 447 448 2402
f 3789 2304 3790
f 3165 3789 3790
f 2304 2303 3790
f 2303 3166 3790
f 991 3166 992
f 3166 2303 992
f 3808 2321 2303
f 2303 2304 3808
f 449 3808 2304
f 3791 449 2304
f 2322 449 3791
f 3788 3791 446
f 3788 2322 3791
f 4563 3792 3788
f 3792 2322 3788
f 2305 450 4563
f 3793 2302 2309
f 4487 4794 2302
f 4794 4563 2302
f 4563 4794 2305
f 4794 4487 2305
f 3792 4792 1267
f 4792 450 1267
f 450 4792 4563
f 4792 3792 4563
f 3792 451 2322
f 451 3792 4717
f 451 4717 1265
f 1265 4717 1266
f 1265 2307 2306
f 1265 1278 2307
f 1266 2323 1265
f 1267 2314 1266
f 1268 1266 2314
f 450 4797 4775
f 4797 4668 4775
f 4775 1267 450
f 4487 2302 3793
f 52 2309 3794
f 55 2863 2875
f 3796 2309 52
f 3796 3793 2309
f 1269 2305 4487
f 4668 4797 4795
f 4797 450 4795
f 4795 2311 4668
f 2311 2305 1269
f 1269 4487 3793
f 3796 52 2313
f 2312 3796 2865
f 2865 3796 2313
f 2865 56 2312
f 453 2312 56
f 1289 4782 452
f 4782 1269 452
f 1269 4799 4779
f 4799 1275 4779
f 4779 2311 1269
f 2311 4779 1274
f 4779 1275 1274
f 3803 4668 1274
f 1275 4799 4782
f 4799 1269 4782
f 4782 1289 1275
f 1270 453 3797
f 1271 453 56
f 454 3797 1271
f 1271 3817 454
f 2918 2917 3798
f 2918 3798 1740
f 3798 3799 1740
f 3799 828 1740
f 3799 3798 1272
f 1272 829 3799
f 829 1272 2320
f 3800 1272 2323
f 1268 2314 3802
f 455 3802 4668
f 3801 2308 1268
f 455 2315 1273
f 2315 455 3803
f 1274 4786 4785
f 4786 466 4785
f 4785 3803 1274
f 1285 4783 466
f 3803 4785 4783
f 4785 466 4783
f 3803 4783 2316
f 4783 1285 2316
f 2316 2315 3803
f 3805 2317 2316
f 2317 3804 2315
f 3804 1273 2315
f 3804 2317 2919
f 2319 2317 3805
f 3802 1273 3806
f 4711 3801 1276
f 3801 2320 2308
f 1277 456 3807
f 456 2321 2307
f 2321 2306 2307
f 2306 2321 3808
f 3800 2323 1266
f 3809 3247 228
f 1278 3809 456
f 1278 456 2307
f 3809 3807 456
f 457 3810 1279
f 4541 457 1279
f 4541 1280 457
f 457 1280 3092
f 1280 4593 1281
f 4541 458 4593
f 458 4541 459
f 1282 459 1279
f 1279 3811 1282
f 3810 3813 3811
f 3811 3813 1283
f 3811 3812 1282
f 2332 1282 467
f 3813 3814 1283
f 2325 3814 3813
f 1284 3814 2325
f 3814 460 1283
f 467 4793 3855
f 4793 3812 3855
f 1285 1283 3815
f 3815 2324 2316
f 3815 2316 1285
f 2324 3805 2316
f 460 2319 2324
f 3814 3816 460
f 1270 2331 1289
f 3818 2325 3810
f 3818 3810 457
f 2326 3819 3099
f 3826 3099 3820
f 1853 3820 3099
f 3821 1854 462
f 2335 3822 3821
f 3821 4594 2335
f 2328 462 1286
f 458 459 463
f 1290 458 463
f 2327 1291 3823
f 3823 1286 2327
f 3824 2334 2328
f 2328 4790 4594
f 4790 3825 4594
f 3825 4790 2334
f 4790 2328 2334
f 3825 2335 4594
f 2335 2336 3822
f 3821 3822 2343
f 3820 1853 461
f 3848 1303 3820
f 3820 1303 3826
f 3826 1303 3849
f 3826 2329 2326
f 2329 464 148
f 148 464 155
f 148 155 3098
f 907 3111 3827
f 3827 3817 1287
f 3817 3827 2351
f 3111 1861 919
f 158 3111 919
f 2330 3111 158
f 158 157 3829
f 157 155 464
f 2329 3830 464
f 3829 464 4564
f 3830 4564 464
f 3830 3831 4564
f 4564 3831 1288
f 2329 3850 3830
f 1288 3831 2348
f 465 3832 2348
f 2348 3832 1288
f 465 1304 3832
f 4564 1288 3828
f 1288 2350 3828
f 2330 2350 2351
f 4565 4791 2331
f 4791 1289 2331
f 3833 4800 1289
f 4800 1275 1289
f 1305 3855 3812
f 2332 459 1282
f 463 459 2332
f 1290 463 4652
f 458 1290 917
f 2332 4652 463
f 2332 467 2333
f 1291 2327 165
f 468 3834 164
f 1291 3834 3824
f 3824 3834 1292
f 3835 1293 468
f 3834 1293 1292
f 3836 3825 3838
f 3836 2335 3825
f 2335 3836 2336
f 2344 3822 2336
f 1296 3836 4509
f 3838 4509 3836
f 2337 2334 1292
f 1293 1294 2337
f 3837 1294 3835
f 3838 2337 1294
f 3838 1294 469
f 1294 4701 469
f 3838 469 4509
f 4509 469 2338
f 4701 2339 3841
f 1300 4509 2338
f 2336 3836 1295
f 3836 1296 1295
f 3845 470 3839
f 1300 1297 1296
f 1296 4509 1300
f 1300 2338 3843
f 2338 3841 3843
f 1299 3841 3840
f 2352 3842 3114
f 3114 3842 4648
f 2352 1298 3842
f 3837 1298 4701
f 2340 2339 1298
f 3843 3841 1299
f 3844 1299 2342
f 1299 476 2342
f 1297 3844 3845
f 3845 3844 2341
f 3845 4488 473
f 470 1301 2344
f 3847 2343 3822
f 2343 3846 461
f 3846 2343 3847
f 3846 3848 3820
f 3847 1302 3846
f 3826 3849 472
f 3826 472 2329
f 471 3854 472
f 2345 2346 471
f 3852 3851 471
f 471 1303 3852
f 3860 2346 2345
f 2346 2347 3854
f 2347 2346 2349
f 3850 2347 3831
f 2347 465 2348
f 465 2347 2349
f 2346 3853 2349
f 2349 1304 465
f 1304 3855 3832
f 467 3855 1304
f 3856 1305 3833
f 3856 3833 4565
f 3856 2350 3832
f 3856 4565 2350
f 1304 2349 2333
f 2340 168 3858
f 2342 476 2353
f 2342 2353 475
f 475 4488 2341
f 2345 473 4488
f 1301 470 3859
f 3859 1302 1301
f 1302 3859 3852
f 473 3851 3859
f 3851 473 2345
f 475 3860 4488
f 3860 474 3853
f 1306 2333 3861
f 3861 2349 3853
f 3857 1306 3861
f 3861 474 3857
f 166 474 475
f 166 475 4686
f 4595 4686 2353
f 4595 2353 476
f 168 4595 3858
f 2500 2359 477
f 3864 2354 568
f 2354 570 568
f 570 2354 1307
f 3865 1307 3863
f 1307 2355 570
f 2355 2356 570
f 3865 3868 1307
f 2355 1307 3868
f 3865 3863 1308
f 3863 477 1308
f 2359 4629 477
f 2359 3866 4629
f 3866 1308 4629
f 2355 3867 2356
f 1310 2356 3867
f 3869 3867 1309
f 1309 3867 2358
f 3873 3869 1309
f 3506 3872 3873
f 1310 3869 3871
f 2090 3873 4489
f 3873 1309 3874
f 3874 1309 4741
f 3874 4741 478
f 478 4489 3874
f 478 3875 4489
f 478 4741 2357
f 1309 2358 4741
f 478 2357 3876
f 3876 2357 479
f 4548 3865 1308
f 1327 3877 1311
f 2379 3877 1327
f 3876 3875 478
f 3876 480 3875
f 3539 3875 480
f 3876 2379 4490
f 3877 2360 1311
f 3877 3866 2359
f 481 1320 2359
f 2359 1320 3877
f 1320 2360 3877
f 485 1314 483
f 1314 3878 483
f 2362 483 3878
f 2363 2361 3878
f 3878 2361 2362
f 2361 2363 481
f 481 2363 1320
f 1320 2363 2373
f 2364 3880 1312
f 3880 1313 1312
f 1312 2366 2365
f 2366 2374 2365
f 2365 2374 2373
f 2366 487 1329
f 1313 487 2366
f 3880 2364 3881
f 3881 2364 1314
f 3881 1314 485
f 485 3882 3881
f 2367 3880 3881
f 3881 1445 2367
f 2217 1315 2367
f 2217 3666 1315
f 1315 3666 2368
f 3883 484 2368
f 393 2369 3673
f 3884 3885 2369
f 2369 3885 2370
f 3885 1316 2370
f 3886 3883 2370
f 3885 1319 1316
f 3886 1317 3891
f 488 3891 3888
f 1317 3888 3891
f 3889 488 3888
f 3893 490 3888
f 2372 3885 3884
f 1198 2372 3884
f 2372 1318 1319
f 2372 3172 1318
f 1319 1324 3893
f 1319 486 1324
f 3890 486 1318
f 3890 1318 3172
f 3890 2371 486
f 2371 3894 486
f 3135 1198 2250
f 2374 2360 2373
f 1311 2360 2374
f 2375 488 3889
f 489 2375 3889
f 3892 2375 489
f 3893 2377 490
f 1324 3895 3893
f 486 3894 1324
f 3890 1321 2371
f 2376 1322 948
f 2371 1321 1323
f 3894 2371 1323
f 3895 1324 4491
f 490 2377 499
f 490 2381 2378
f 490 499 2381
f 2381 493 2378
f 1330 2378 493
f 2378 3896 489
f 3892 1325 487
f 3892 3896 1325
f 1325 3896 1330
f 487 1325 1326
f 1325 491 1326
f 2379 1327 492
f 4490 2379 492
f 4490 492 1328
f 491 2380 492
f 4490 1328 3538
f 1311 1326 1327
f 1329 1326 1311
f 1326 1329 487
f 3539 480 3538
f 1130 3538 1328
f 2380 491 3897
f 491 1325 1330
f 491 1330 3897
f 3545 2380 4607
f 3897 1330 493
f 1331 493 494
f 3897 493 1331
f 4607 3897 1331
f 3899 4607 1331
f 494 3899 1331
f 2389 3918 4492
f 3918 2389 2131
f 3918 2131 3899
f 3918 3899 2383
f 3899 494 2383
f 3900 2383 494
f 3898 3900 494
f 2381 3898 493
f 2382 495 2384
f 3900 1332 2383
f 3904 3902 3901
f 3902 3903 500
f 3168 3903 3904
f 496 3904 2382
f 2382 2384 496
f 3170 3168 497
f 3903 3168 3169
f 3903 3169 3905
f 500 3903 3905
f 496 3907 497
f 3907 496 2384
f 497 3907 498
f 497 498 3906
f 3906 498 3908
f 3907 2384 495
f 495 2387 3907
f 495 499 2387
f 2386 498 3907
f 498 2386 3908
f 3906 2385 4728
f 2385 3909 2388
f 3910 3909 3908
f 3909 3910 2388
f 4596 3908 2386
f 3910 1333 3911
f 3911 1333 1336
f 1336 1333 3912
f 3912 4596 1335
f 2386 1334 4596
f 3895 4491 2387
f 3895 2387 499
f 3894 1334 4491
f 1323 1321 2376
f 1323 2376 3912
f 3912 2376 949
f 1335 1334 1323
f 1335 1323 3912
f 3910 3911 2388
f 3911 1336 3241
f 3914 3573 342
f 3914 3916 3915
f 3915 3916 500
f 1340 3902 500
f 3916 1340 500
f 342 1339 3916
f 2389 3546 1132
f 343 4492 1338
f 3901 3902 1338
f 1339 1338 1340
f 1338 3917 3901
f 2383 3901 3917
f 3918 2383 3917
f 4492 3917 1338
f 4492 3918 3917
f 3905 3915 500
f 1264 447 2402
f 171 1264 3128
f 1264 502 3128
f 3137 502 501
f 3141 501 3919
f 2390 2391 3919
f 3926 2391 2390
f 2402 502 1264
f 2402 187 502
f 187 3926 2390
f 174 4493 2392
f 2392 3920 1342
f 3920 2393 1342
f 3920 1343 2393
f 4510 3920 2392
f 4493 2391 2401
f 3920 503 1343
f 2393 1343 3142
f 2394 1343 503
f 503 2400 2399
f 2394 2399 2398
f 3921 3142 1343
f 2398 931 3921
f 1342 1344 933
f 1342 933 174
f 2392 1342 174
f 940 4766 504
f 4766 939 504
f 2395 504 3922
f 3923 2395 4494
f 2396 2395 505
f 2395 2396 4494
f 2406 3924 1884
f 2397 186 931
f 1886 186 2397
f 2397 506 3925
f 506 2397 2398
f 2398 2399 506
f 1886 3925 957
f 1345 506 2399
f 2400 4767 2399
f 4767 3931 2399
f 1345 2399 3931
f 4510 2403 2400
f 4510 4493 3933
f 507 2391 3926
f 2391 507 2401
f 448 3163 2402
f 3163 187 2402
f 187 1887 3926
f 3926 1347 1346
f 1347 1348 1346
f 1348 1347 4524
f 1348 4524 508
f 4525 508 4524
f 508 3927 1348
f 3928 1348 1349
f 1346 1348 1350
f 1350 507 1346
f 3934 507 1350
f 3967 3935 3928
f 3935 1350 3928
f 2427 3967 3928
f 4525 3927 508
f 4525 1351 3927
f 4525 1888 1351
f 3243 1372 1888
f 1372 3929 1888
f 3940 3925 1345
f 1345 3930 3940
f 2403 3937 3932
f 3933 2403 4510
f 3934 3933 507
f 3934 3936 3933
f 3933 3937 2403
f 3936 3937 3933
f 3938 4769 2410
f 4769 3932 2410
f 3932 4769 3931
f 4769 3938 3931
f 1352 3939 1356
f 3942 2404 1352
f 3930 2404 3940
f 3941 3180 957
f 3941 957 3940
f 2404 3941 3940
f 3943 3179 1353
f 958 3179 3943
f 3945 958 3943
f 3944 3945 3943
f 3944 3943 510
f 510 3943 1353
f 1353 509 510
f 2417 510 509
f 510 3951 3944
f 3951 3952 3944
f 3952 3945 3944
f 3945 3952 3184
f 3945 3184 958
f 2396 3924 3946
f 511 2396 3946
f 2407 4494 511
f 3923 4494 3966
f 3935 3967 2407
f 2407 1354 3936
f 1354 2407 511
f 1354 511 3946
f 2408 2406 512
f 513 3946 2408
f 1355 3946 513
f 3947 3937 1354
f 1355 3947 1354
f 2409 4768 1355
f 4768 3947 1355
f 513 2408 2412
f 512 2412 2408
f 2412 514 4750
f 4750 3948 513
f 1355 513 3948
f 4750 2411 3948
f 4659 2409 3948
f 3948 2409 1355
f 4659 3948 2411
f 2411 3949 4659
f 3949 2411 1359
f 4542 4770 1356
f 4770 3950 1356
f 1356 3938 4542
f 1352 1353 3942
f 509 4760 3950
f 4760 1352 3950
f 2417 3951 510
f 196 2412 512
f 196 3953 2412
f 514 2412 3953
f 3953 3954 1357
f 1357 3954 3955
f 1359 514 1358
f 1359 1358 3956
f 3949 1359 2413
f 509 3950 1360
f 2413 1359 3956
f 3956 3957 2413
f 4464 1360 3957
f 3958 1358 2414
f 2414 1358 1357
f 3955 2414 1357
f 2414 3955 1363
f 3955 3189 1363
f 3958 2414 2416
f 1361 4724 3957
f 4724 1361 1362
f 1362 2416 1364
f 2416 199 1364
f 199 2416 1363
f 199 1363 3189
f 199 3195 1364
f 1362 1364 3200
f 2415 4724 3962
f 515 3959 2415
f 515 4228 3959
f 4464 2417 509
f 3951 2417 3960
f 3951 3960 2418
f 2418 3960 639
f 515 2603 4228
f 2415 3961 515
f 3962 1366 2415
f 2415 1366 3961
f 3962 1362 1365
f 204 3200 1364
f 3195 204 1364
f 516 3200 4685
f 1365 3200 2419
f 2421 516 4685
f 1368 3963 2419
f 1366 3962 1365
f 521 3961 1366
f 515 643 2605
f 517 516 2421
f 517 2421 2420
f 1368 516 517
f 516 1368 2419
f 517 3964 1368
f 1368 3964 518
f 3964 3965 1369
f 519 1369 3965
f 3964 517 3965
f 2424 2422 641
f 2420 2422 2424
f 3965 2420 1370
f 3923 2425 504
f 3966 2425 3923
f 1371 990 225
f 225 2426 1371
f 4494 3967 3966
f 3966 3967 2427
f 2427 522 226
f 522 227 226
f 522 996 227
f 1372 996 523
f 1351 522 1349
f 523 522 1351
f 1372 523 3929
f 996 1372 3254
f 4543 382 4019
f 382 4543 383
f 2204 1373 3653
f 1373 3972 3653
f 3968 384 1376
f 2434 3970 4578
f 3969 1375 2428
f 2428 1375 525
f 1375 1374 525
f 1376 525 1374
f 3971 2428 525
f 1376 2429 3971
f 1376 3971 525
f 2205 2429 1376
f 1376 384 2205
f 3972 2429 2205
f 3653 3972 1190
f 1373 2429 3972
f 3979 2428 3971
f 2204 3974 1373
f 2204 2430 3974
f 1378 1373 3974
f 2430 3975 3976
f 3973 1373 4597
f 1377 3978 3979
f 4597 1378 3979
f 3977 3979 1378
f 1377 3979 3977
f 2433 3982 3977
f 3982 2433 2431
f 2431 2432 3982
f 526 2431 2433
f 3998 3980 3999
f 1379 526 3980
f 3983 1380 4578
f 1379 1380 3983
f 3984 2434 4578
f 3985 3984 1380
f 1380 3984 4578
f 527 1245 3986
f 1381 527 3986
f 527 573 2279
f 3986 2435 1381
f 1381 2440 575
f 3989 2440 1381
f 3987 3986 528
f 3987 3988 2435
f 3990 3989 2435
f 4544 3990 2435
f 4544 2435 3988
f 3988 3994 4544
f 528 3986 1245
f 1245 3991 528
f 2437 3984 3985
f 2437 3985 1390
f 2437 3993 3992
f 2436 3987 3993
f 3988 3995 3994
f 3995 3988 2436
f 3995 2436 529
f 531 3995 529
f 529 2448 2447
f 2448 529 2436
f 530 2448 2436
f 530 3993 3997
f 3997 3993 2437
f 2450 2448 530
f 3985 1380 3998
f 1380 3980 3998
f 2438 1390 3998
f 2438 2449 1390
f 3999 4000 2438
f 4000 1382 4020
f 3999 2439 1382
f 1382 2439 2452
f 3975 4543 540
f 2439 540 2452
f 3989 3990 2440
f 3990 2537 2440
f 4544 3994 4001
f 2441 4544 4001
f 4003 531 4002
f 529 4002 531
f 3996 4002 529
f 1387 4002 3996
f 4001 4004 4011
f 2537 3990 4544
f 2537 2441 1450
f 4001 2446 2441
f 532 1450 2441
f 533 1383 601
f 2442 534 1383
f 535 690 1384
f 4005 1384 690
f 2444 1384 4007
f 4007 1384 4005
f 4005 690 2443
f 1385 4005 4006
f 4007 4005 1385
f 537 2444 4007
f 4009 537 4007
f 4009 4007 1385
f 4008 4009 536
f 536 4009 1385
f 536 4000 4008
f 2444 2445 4354
f 4354 2445 1564
f 1385 2449 536
f 2450 4006 2443
f 1386 2443 690
f 534 1386 690
f 1386 534 2447
f 2442 2447 534
f 2442 1387 2447
f 533 1387 2442
f 538 533 601
f 1388 4004 4013
f 4435 532 2446
f 4013 4003 1389
f 1388 4014 4012
f 4003 4010 1389
f 4015 1389 4010
f 4016 1389 4015
f 4014 1389 4016
f 4014 4016 719
f 4435 4012 4017
f 4017 4012 4014
f 1377 3981 2432
f 2432 4385 4383
f 4385 2432 4018
f 2443 1386 2447
f 1385 4006 2450
f 2449 1385 2450
f 530 3997 2450
f 4718 4008 4021
f 537 4718 2445
f 4718 539 1391
f 4019 3702 540
f 3702 3703 540
f 1392 4640 2453
f 2452 540 1392
f 540 4543 4019
f 2452 4021 1382
f 2452 1392 4021
f 2453 4640 539
f 539 2451 1391
f 4020 1382 4021
f 539 4021 2453
f 4021 539 4718
f 2453 4021 1392
f 670 1393 2454
f 4023 4965 541
f 4965 2454 541
f 4024 4993 4965
f 4993 2454 4965
f 4965 4023 4024
f 2465 4024 4032
f 4024 2455 4032
f 2455 4024 4023
f 4028 541 2651
f 4025 4028 2651
f 2651 2704 4025
f 4025 1394 4028
f 4023 4030 2455
f 1395 2455 4030
f 4023 4029 4030
f 4028 4027 4029
f 4046 4973 542
f 4973 4027 542
f 4027 4973 4029
f 4973 4046 4029
f 4030 4029 4031
f 2465 4032 1405
f 1396 2462 1395
f 1395 4033 1396
f 1396 544 1397
f 2462 1396 1397
f 1396 4033 544
f 4034 543 1398
f 543 1397 1398
f 543 4034 4035
f 543 4035 2748
f 4035 4034 2457
f 544 4970 4511
f 4970 2459 4511
f 4730 2459 4033
f 2460 4951 4511
f 4951 2461 4511
f 4511 2459 2460
f 2458 4036 545
f 546 4034 2458
f 2458 545 546
f 4036 4037 545
f 545 4037 1570
f 4039 4038 4036
f 2461 4039 4036
f 4511 2461 4036
f 2461 4951 2468
f 4951 2460 2468
f 2468 4048 2461
f 4048 4039 2461
f 4059 4037 4038
f 4038 4052 4059
f 4037 4059 2463
f 1570 4040 545
f 546 545 4040
f 699 546 4040
f 4035 548 2748
f 543 2748 4041
f 4041 4042 543
f 4042 1400 1397
f 1400 2462 1397
f 2456 2462 1399
f 2456 1399 551
f 1400 4042 4045
f 4045 4042 4439
f 546 699 4444
f 4043 2463 4059
f 4043 4059 2202
f 2202 1401 4043
f 1411 4044 4738
f 4738 1401 1411
f 1401 2464 1411
f 549 550 2463
f 1553 1402 551
f 1613 1407 552
f 548 2457 553
f 4671 2652 1404
f 4671 1405 2652
f 4671 2465 1405
f 1402 1405 1406
f 551 1399 1403
f 1403 1399 1613
f 1399 4045 1407
f 4045 1399 1400
f 4045 547 1407
f 547 4045 4439
f 4047 2466 1585
f 1585 2466 542
f 4047 2708 2466
f 2467 2466 2708
f 1408 2466 2467
f 4046 4974 2469
f 4974 4049 2469
f 4029 4966 4031
f 4966 2469 4031
f 4039 4048 4055
f 2460 2470 2468
f 2470 4051 2468
f 2470 4962 4049
f 4962 2469 4049
f 2467 4566 1408
f 2467 1588 4566
f 4676 4954 4566
f 4954 1408 4566
f 4048 2468 4051
f 4055 2471 4039
f 4051 554 4048
f 4676 4959 4050
f 4053 4968 4959
f 4968 4050 4959
f 4053 4959 2472
f 4959 4676 2472
f 4050 4968 4051
f 4968 4053 4051
f 554 4051 4053
f 4053 2472 4060
f 4053 4054 554
f 4055 554 4054
f 4039 2471 4052
f 1412 2471 4055
f 2475 4054 1413
f 4060 1413 4054
f 4053 4060 4054
f 4060 2472 1409
f 4676 2479 2472
f 4566 1410 4676
f 1589 4566 1588
f 1589 4402 1410
f 546 553 2457
f 4445 2473 2474
f 2745 4044 2473
f 1411 2473 4044
f 2473 1411 4057
f 2473 4057 4379
f 2474 4056 4606
f 2474 555 4056
f 1411 2464 4057
f 1617 4606 4058
f 2464 1401 1190
f 1401 3654 1190
f 2202 3654 1401
f 4052 4064 4059
f 1412 2201 1188
f 2477 2201 1412
f 1409 2476 4060
f 2476 4061 4060
f 556 557 4061
f 2476 556 4061
f 4060 4061 1413
f 4061 557 2199
f 2199 2477 1413
f 556 3655 557
f 556 4062 3655
f 1414 1188 1187
f 4064 4063 1415
f 1189 1414 1187
f 2203 4063 1189
f 2478 1405 1402
f 1402 1406 551
f 1402 558 2478
f 3655 4062 2210
f 3648 3649 380
f 1409 2472 2479
f 2480 2479 1410
f 2210 380 2209
f 2086 1109 2481
f 4065 2481 1109
f 559 1416 4066
f 2481 4065 2482
f 4066 2481 2482
f 2482 560 4066
f 560 559 4066
f 2486 559 560
f 559 4071 1416
f 4066 1416 2483
f 2481 4066 2483
f 2483 1417 561
f 2481 2483 2086
f 2483 1110 2086
f 1417 1419 561
f 2485 1419 1417
f 561 1419 4067
f 1418 4067 1419
f 561 4068 1110
f 561 4067 4068
f 2484 1113 4067
f 4070 4069 4067
f 2484 4069 1442
f 1420 562 1419
f 4071 1420 2485
f 1420 4072 562
f 4072 4071 1421
f 1421 4071 559
f 1424 1421 2486
f 2487 2486 560
f 2490 2486 2487
f 2298 2487 2482
f 4073 609 4074
f 4073 4074 2298
f 1422 2490 2487
f 4074 1422 2298
f 1422 4074 4075
f 4074 4076 4075
f 4146 4075 4076
f 4146 563 4075
f 563 4077 4075
f 1422 4077 2490
f 563 4078 4077
f 4078 2488 4077
f 1425 2488 4078
f 2488 1425 2489
f 2489 1429 1424
f 2488 2491 4077
f 4077 2491 2490
f 2486 2491 2489
f 2489 1424 2486
f 1425 4078 564
f 4080 613 1423
f 1423 613 2492
f 1426 4079 2492
f 2493 4081 1426
f 4081 1428 1426
f 4082 1426 1428
f 4082 1428 2494
f 4082 2494 1427
f 4604 2494 1428
f 4616 2494 4604
f 4081 2495 4604
f 564 2496 1425
f 1429 1425 2496
f 564 4082 4083
f 4082 1427 565
f 4082 565 4083
f 565 1432 4083
f 2496 4083 4084
f 4084 4083 1432
f 2494 2504 1427
f 4616 2504 2494
f 1431 2497 1430
f 1432 4545 2498
f 4545 2497 1433
f 4084 1438 1436
f 1438 1432 2498
f 1433 4086 2498
f 1435 477 3862
f 3864 4086 1435
f 4086 3864 4087
f 2498 4086 4087
f 1437 1436 1438
f 1436 2499 4084
f 1429 2496 2499
f 1424 2499 1421
f 567 1436 1437
f 1438 4087 1437
f 567 1421 1436
f 1437 562 567
f 1437 4677 562
f 1437 1439 4677
f 1435 2500 477
f 1434 2500 4680
f 4088 2500 1434
f 4087 3864 568
f 569 1439 568
f 4087 568 1439
f 569 2501 4089
f 4090 4089 2501
f 1310 3871 2502
f 1310 2502 1440
f 570 1310 1440
f 2501 570 1440
f 4089 4094 4093
f 4090 2502 4091
f 4598 4092 3871
f 3871 4092 2502
f 4092 1443 4091
f 4094 4091 4095
f 4090 4091 4094
f 569 4089 1439
f 4093 1439 4089
f 562 4677 571
f 571 4677 1441
f 4070 1441 1442
f 4093 1442 1441
f 4093 4094 1442
f 2484 1442 4094
f 4094 4095 2484
f 1443 4095 4091
f 3517 4095 2100
f 1113 4095 3517
f 3517 2100 1116
f 2100 1443 3518
f 1443 4092 3518
f 315 4092 4598
f 316 4598 3872
f 2497 2503 1434
f 1434 2503 4088
f 2503 482 4088
f 482 481 4088
f 1444 482 2503
f 572 4085 566
f 2504 566 1431
f 566 2504 4097
f 566 4097 572
f 2362 1444 483
f 1444 2362 482
f 572 4097 485
f 4098 4097 4096
f 4097 3882 485
f 2508 1445 3882
f 4098 2508 3882
f 4616 2505 4099
f 2505 4616 4358
f 4358 4616 4604
f 2505 4567 2506
f 4630 2507 2506
f 2507 4100 2506
f 2507 4101 4100
f 4101 2508 4100
f 4100 4099 2506
f 4098 4100 2508
f 527 1381 575
f 575 4102 574
f 1446 4102 575
f 4102 4129 574
f 1446 1448 1458
f 1448 1446 2440
f 1458 4104 1446
f 4104 1460 4103
f 4104 2538 1452
f 4127 2509 4108
f 4108 1452 4127
f 1451 4108 2509
f 4435 4105 532
f 4106 588 4105
f 588 4107 4105
f 2509 4107 1451
f 577 1453 4108
f 4108 1453 1452
f 1453 1449 1452
f 1449 608 4669
f 4115 2726 2547
f 579 2547 2548
f 579 1470 4117
f 2530 1470 607
f 1470 2530 4117
f 1451 577 4108
f 4106 4105 4435
f 2729 591 4438
f 2729 4109 591
f 580 591 4109
f 4109 4512 580
f 4660 2659 2510
f 4512 4660 2510
f 4512 4110 580
f 4110 4512 4111
f 2510 2511 4111
f 2511 2510 1545
f 2511 1454 4111
f 2512 4111 1454
f 2512 4112 4111
f 4111 4112 4110
f 4113 4114 2513
f 4113 2512 4114
f 2512 581 4114
f 581 583 582
f 2515 2663 2514
f 2663 4325 2514
f 2514 4325 584
f 2514 584 583
f 583 584 592
f 2516 2726 4115
f 2516 4115 2518
f 2516 2518 4116
f 4116 2522 2516
f 589 4116 4118
f 586 579 4117
f 2519 587 2533
f 2520 586 2531
f 586 4117 2531
f 2520 587 586
f 2526 4115 578
f 2533 578 2519
f 578 2533 4742
f 4742 2526 578
f 2522 4116 4119
f 4119 2523 2522
f 4119 589 2521
f 4120 2521 589
f 4120 2524 2521
f 2525 582 4120
f 589 2525 4120
f 2525 589 4118
f 2513 2525 4118
f 4118 4121 2513
f 590 1455 2526
f 590 2513 4121
f 580 4110 2529
f 2529 4110 4112
f 591 580 4122
f 1611 591 2536
f 591 4122 2536
f 580 2527 4122
f 2536 4122 2527
f 1456 2536 2528
f 2536 2527 2528
f 2527 580 2529
f 4125 2529 4112
f 2529 4125 2528
f 2529 2528 2527
f 2528 2534 1456
f 2534 587 1456
f 588 2531 1451
f 2530 2531 4117
f 2531 2530 577
f 582 583 2524
f 4120 582 2524
f 2524 592 4123
f 4123 1457 2524
f 594 1457 4123
f 2521 1457 2523
f 2523 593 2522
f 2517 593 2532
f 2523 1457 594
f 594 4123 595
f 595 4123 1605
f 584 1603 592
f 678 1603 4325
f 1604 2532 595
f 593 595 2532
f 594 595 593
f 2513 4124 4112
f 2535 4125 4124
f 2534 2528 2535
f 2535 4742 2534
f 4742 2533 2534
f 2535 590 4742
f 4124 590 2535
f 1450 2538 2537
f 4127 1452 2538
f 1448 2538 1458
f 2537 2538 1448
f 431 3767 2539
f 2539 3767 3768
f 573 1459 3768
f 4129 3768 1459
f 4130 1471 3768
f 4129 4130 3768
f 574 4129 1459
f 2551 4129 2552
f 4102 2552 4129
f 4102 1447 2552
f 4131 1452 1449
f 1449 576 4131
f 576 1462 2540
f 4132 1460 2540
f 1460 4132 1447
f 4132 2551 1447
f 4133 2540 4134
f 596 4134 1461
f 596 4719 4134
f 1464 2541 4719
f 597 596 1461
f 4669 576 1449
f 4140 1462 576
f 1461 1462 4141
f 1461 4141 2544
f 2541 598 4719
f 4135 4719 598
f 4135 1465 1466
f 598 1465 4135
f 599 598 2543
f 2541 2543 598
f 2542 1465 598
f 2542 598 599
f 1466 1473 1472
f 1465 1473 1466
f 4136 1465 2542
f 4142 600 4137
f 4137 600 1463
f 1463 4731 4137
f 1463 600 4138
f 600 601 4138
f 601 1383 4138
f 1383 534 4138
f 4352 4151 599
f 2543 4352 599
f 1467 601 600
f 2725 4139 1601
f 2725 1468 4139
f 1469 1468 2725
f 1469 603 1468
f 1468 4141 4139
f 4140 4139 4141
f 2726 4139 4145
f 4141 1462 4140
f 1468 603 4141
f 4144 604 4137
f 605 604 4144
f 4142 604 1467
f 604 605 1467
f 605 606 2545
f 605 2545 2657
f 603 605 4144
f 605 603 1469
f 605 1469 606
f 607 4669 608
f 607 2546 4669
f 4669 2546 4140
f 4669 4140 576
f 4145 2547 2726
f 1470 2548 4145
f 3785 4128 4073
f 609 2549 4076
f 4128 609 4073
f 431 609 4128
f 431 2539 609
f 2549 2539 610
f 610 2539 1471
f 2550 610 1471
f 1471 4130 2550
f 2551 611 4130
f 611 2550 4130
f 2550 611 1472
f 610 4076 2549
f 612 4076 610
f 4076 612 4146
f 2550 1474 612
f 2550 1472 1474
f 1466 611 4132
f 2552 1447 2551
f 4080 4146 613
f 1473 4136 4147
f 4147 1474 1473
f 1475 4146 1474
f 1475 613 4146
f 4653 4149 613
f 2492 613 4149
f 4149 4148 2492
f 4653 4150 4149
f 4147 4150 4653
f 2553 4147 4136
f 4360 4148 4149
f 4360 4359 4148
f 2493 4148 4359
f 2542 599 2553
f 599 4151 2553
f 4355 614 4151
f 1476 4960 4952
f 4960 2752 4952
f 4952 652 1476
f 1637 2752 4152
f 2554 4160 4153
f 4160 4732 4153
f 4158 4153 4732
f 4158 4156 4153
f 4156 4155 4153
f 4155 1477 1593
f 4155 1593 4642
f 4155 4154 1477
f 1496 4157 4154
f 4154 4189 1477
f 4157 4190 4189
f 1478 2560 615
f 4159 1478 615
f 616 1478 4159
f 616 1479 4160
f 4158 1497 4156
f 4158 4732 1498
f 1479 616 4159
f 2557 4159 2558
f 2558 4159 2559
f 1498 4732 2555
f 4200 1498 2555
f 1482 4200 2555
f 4164 2555 4163
f 2555 4162 4163
f 4161 617 4163
f 1484 4161 2557
f 4164 4163 617
f 1482 4164 4165
f 4165 4164 617
f 618 4165 1481
f 4168 4165 618
f 1499 4200 1482
f 619 1482 4165
f 1480 619 4165
f 1499 1482 619
f 4166 619 4168
f 4179 4166 4167
f 4177 4178 4167
f 4166 4168 4167
f 2566 4168 618
f 1488 2566 618
f 618 1483 1488
f 1483 1484 620
f 620 1484 1487
f 1487 1484 2557
f 1487 2557 4173
f 2559 615 2560
f 2559 2560 725
f 4171 4496 4442
f 2559 4440 2558
f 4440 1485 2558
f 4169 4440 2731
f 1485 4440 4169
f 4169 2561 1485
f 4169 2731 4170
f 4170 1486 2565
f 1486 4171 2564
f 4441 2564 4171
f 2565 2564 4172
f 4441 726 4546
f 4172 4441 4546
f 2564 4441 4172
f 4568 4172 764
f 2768 4174 4568
f 2561 4170 4174
f 4176 1485 2561
f 2558 1485 4173
f 620 1487 621
f 1488 620 621
f 621 1487 1489
f 1487 4173 1489
f 4175 4176 2561
f 2766 4174 2768
f 2766 4175 4174
f 4176 4175 2766
f 2766 1493 4176
f 1489 4176 622
f 622 4958 4947
f 4958 2572 4947
f 4947 1489 622
f 1489 4947 621
f 4947 2572 621
f 621 2566 1488
f 2566 623 4168
f 4168 623 4167
f 623 2567 4177
f 4178 4177 2567
f 4179 4167 4178
f 4179 4178 2569
f 2569 2556 4179
f 407 3713 624
f 2569 624 3713
f 4178 624 2569
f 4178 4180 624
f 626 4180 2568
f 4180 2567 2568
f 626 2568 625
f 1490 626 625
f 3714 626 627
f 626 1490 627
f 627 1490 4182
f 627 4182 2255
f 3714 627 2255
f 3714 4180 626
f 624 4180 3714
f 4182 1490 1491
f 1491 1490 4184
f 2255 4182 2570
f 4744 4181 2571
f 2571 4181 2556
f 1499 2556 4181
f 1499 619 2556
f 4182 4733 2570
f 2640 2570 4733
f 1491 4733 4182
f 4733 1491 4196
f 1495 4195 1491
f 1495 1491 4184
f 4185 4989 4184
f 4989 630 4184
f 1490 625 4185
f 4185 4977 4950
f 4977 4495 4950
f 4950 4268 4185
f 4187 4967 1476
f 4967 2572 1476
f 2572 4186 1476
f 4152 4949 4186
f 4949 1476 4186
f 628 1493 4617
f 1637 4152 628
f 622 628 4152
f 2572 4967 2573
f 4967 4187 2573
f 1492 2573 4187
f 4187 4987 1492
f 4987 625 1492
f 2568 4992 1492
f 4992 2573 1492
f 2573 4992 2567
f 4992 2568 2567
f 2573 2574 2572
f 2574 621 2572
f 2572 4958 4186
f 4958 622 4186
f 622 1493 628
f 2766 2769 1493
f 2769 4617 1493
f 4172 4546 764
f 3783 2700 4191
f 1494 4191 4192
f 4193 1494 4192
f 4189 1494 4193
f 4190 4465 3783
f 4190 4191 1494
f 1494 4189 4190
f 2575 629 4194
f 629 630 4194
f 1495 4184 630
f 629 4195 1495
f 631 629 2575
f 4734 631 2575
f 629 631 4195
f 4195 631 2576
f 4601 2576 631
f 4197 4154 4155
f 1496 2577 4157
f 3711 1496 2254
f 1496 4198 2254
f 4198 1496 4197
f 4197 2578 4198
f 1497 2578 4156
f 4199 4198 2578
f 4199 2578 1497
f 1497 632 4199
f 4199 1216 4198
f 1500 1216 4199
f 2579 632 1498
f 4200 2579 1498
f 632 2579 1511
f 4201 2579 4200
f 4744 2571 4675
f 4181 4744 4202
f 4744 1504 4202
f 4204 4203 4202
f 4202 4201 1499
f 2580 1217 1500
f 2580 635 1501
f 1501 4751 2580
f 634 1502 1501
f 4205 1501 1502
f 4227 637 634
f 636 4205 1502
f 4206 4205 636
f 636 1502 637
f 637 4227 2581
f 4221 637 2581
f 4221 2599 636
f 636 2599 4206
f 4205 4206 3749
f 4203 4204 2583
f 4203 2582 1503
f 2583 638 4203
f 2584 2586 2583
f 3751 2586 2584
f 2583 2586 638
f 4206 2596 3749
f 2585 3749 2596
f 2585 2596 427
f 4207 2587 3751
f 3751 2587 2586
f 2586 2587 4208
f 2587 4207 2588
f 2589 2587 4209
f 2587 2588 4209
f 4207 426 1505
f 4207 1505 2588
f 1505 2590 2588
f 2589 4209 4210
f 2589 4223 2597
f 2589 2597 4208
f 2591 4641 4210
f 2590 4210 4209
f 4209 2588 2590
f 2594 4210 2590
f 4210 2594 2591
f 4641 2591 2592
f 2592 2591 1506
f 1506 4211 2592
f 4213 2593 4211
f 2591 2594 1506
f 4214 1506 2594
f 4214 2594 2590
f 4215 2593 4213
f 4214 1507 4215
f 2299 4215 2595
f 4215 3786 2593
f 3786 4216 2593
f 4212 4216 1508
f 4217 4212 4218
f 4217 4220 4752
f 2592 4752 4641
f 4641 4752 4219
f 4220 4224 4219
f 4218 4547 4220
f 4224 4220 4547
f 2585 427 3757
f 4206 2599 2596
f 4222 1509 4221
f 2597 4222 2581
f 2597 4223 4222
f 4223 2598 4222
f 4219 4224 2598
f 1509 2598 4224
f 4224 4547 1509
f 4222 2598 1509
f 1509 4547 2599
f 2596 2599 4547
f 4225 4226 2579
f 4226 4225 1510
f 1503 1510 4225
f 1503 4227 1510
f 2582 2581 1503
f 4208 2582 638
f 4208 2597 2582
f 635 2600 1511
f 635 1511 4226
f 635 1500 2600
f 1510 635 4226
f 2418 4631 3952
f 4631 3190 3952
f 639 4229 2418
f 4631 4229 2602
f 4230 4228 2603
f 2603 1512 4230
f 4229 1512 2602
f 2601 3191 2602
f 3963 2604 1366
f 2603 515 2605
f 1513 1512 4231
f 1513 4232 2601
f 1513 4234 4232
f 1513 2606 4233
f 4233 4234 1513
f 4234 4233 4235
f 4234 206 4232
f 968 206 4249
f 2604 3963 518
f 1514 2604 2607
f 2604 518 2607
f 2607 4239 1514
f 1369 4236 2607
f 4236 4241 4239
f 4241 4236 640
f 520 3203 210
f 641 1367 520
f 642 641 520
f 4237 642 4243
f 2424 642 4242
f 2424 641 642
f 4240 4239 4241
f 521 4238 643
f 2610 643 644
f 644 643 4238
f 4238 4239 644
f 4239 4240 644
f 4241 1516 4247
f 4618 1515 640
f 4242 642 4237
f 2608 1515 4242
f 1515 2608 640
f 2608 4244 640
f 640 4244 4241
f 2608 4242 4237
f 4250 648 4237
f 645 210 3208
f 645 3208 4243
f 4244 2608 2609
f 4244 2609 1516
f 2609 646 1516
f 4245 4765 4761
f 4765 4247 4761
f 4761 646 4245
f 646 1521 649
f 2615 4246 4245
f 4246 1519 1517
f 4247 4765 1517
f 4765 4245 1517
f 1517 4774 4247
f 4774 4248 4247
f 644 4248 1518
f 644 1518 2610
f 2611 1518 4248
f 4231 2605 2606
f 2606 2610 1518
f 2606 1518 4233
f 2611 4235 4233
f 968 4249 2612
f 1517 1519 2611
f 1519 4246 2612
f 3201 647 211
f 968 2612 647
f 2615 647 2612
f 2615 2612 4246
f 2615 2616 647
f 648 4250 4251
f 4251 2613 648
f 648 2613 2609
f 1521 646 2613
f 646 2609 2613
f 2613 4251 1520
f 1521 2614 649
f 4254 214 4252
f 2614 214 4254
f 649 4254 4253
f 2615 649 4253
f 2615 4253 2616
f 211 647 2616
f 4255 2616 4253
f 4253 4254 4255
f 4255 975 3210
f 2616 4255 1522
f 4255 3210 1522
f 2616 1522 211
f 2 4256 1
f 1 4256 1523
f 1523 3 1
f 650 2617 651
f 2617 2619 651
f 4268 4950 651
f 4950 4495 651
f 650 652 5
f 4258 5 652
f 652 4952 4258
f 4952 2752 4258
f 1582 653 4599
f 4266 4599 653
f 654 2 1526
f 4256 2 654
f 2618 4256 654
f 1523 4256 2618
f 1523 2619 3
f 2629 4268 2619
f 4268 651 2619
f 655 2618 654
f 655 659 4269
f 659 655 2620
f 4277 2620 2621
f 655 654 1524
f 4260 1524 654
f 1524 4260 656
f 656 4260 2622
f 656 2622 1525
f 2624 4270 656
f 2624 656 1525
f 4262 1525 657
f 1525 4261 657
f 1525 2622 4261
f 4267 657 4261
f 4263 2624 4262
f 4263 4262 4264
f 4262 657 4264
f 4264 657 658
f 657 4267 658
f 4261 4265 4267
f 4260 1526 4265
f 2 4599 1526
f 4599 4266 2653
f 4599 2653 2623
f 1526 4599 2623
f 658 4267 1531
f 2623 4602 2655
f 2655 4267 2623
f 4602 2623 2653
f 4277 659 2620
f 4272 4259 4271
f 4270 2621 1524
f 1527 4270 1528
f 4270 1527 2621
f 1527 4259 2621
f 2626 4271 1527
f 2625 4271 2626
f 4283 4276 2625
f 4276 4272 2625
f 4283 2625 4273
f 4273 4284 4283
f 4284 4273 1529
f 660 1529 4273
f 660 4273 2626
f 660 2626 2627
f 2626 1527 2627
f 2627 1527 1528
f 4274 1528 2624
f 665 1528 4290
f 665 4275 1528
f 4275 2627 1528
f 661 660 4275
f 661 1529 660
f 4284 4289 2631
f 4281 4276 4283
f 4281 2630 4276
f 4278 4277 4272
f 2630 2628 4278
f 659 2628 4269
f 4269 2628 4279
f 4279 2628 4280
f 2629 4279 4280
f 2629 630 4268
f 4280 4194 2629
f 4282 4287 4281
f 4287 2630 4281
f 4285 4282 4286
f 4285 4287 4282
f 1530 4285 4286
f 4284 2631 4282
f 4287 4285 4734
f 4287 4991 4280
f 4991 4194 4280
f 4734 4295 662
f 1530 4286 4288
f 2631 4288 4286
f 2631 4289 4288
f 4194 4991 2575
f 4991 4287 2575
f 661 4275 665
f 2632 1539 2633
f 4264 658 4291
f 4308 4291 658
f 668 4291 4308
f 658 1531 4308
f 1531 2655 4293
f 1535 4294 2632
f 2633 2641 4619
f 2640 2641 2570
f 2634 1530 4288
f 1532 2634 4288
f 4296 2634 4297
f 4600 4296 4297
f 4296 4984 4979
f 4984 4298 4979
f 4979 4295 4296
f 2635 1534 1533
f 4297 2635 4600
f 4734 662 631
f 4601 4980 4298
f 4980 662 4298
f 663 4600 2635
f 2635 664 663
f 2635 1533 664
f 1533 4290 4306
f 4306 4290 4274
f 1533 1534 4290
f 1534 665 4290
f 665 1532 661
f 1535 2632 4619
f 4299 2636 1535
f 667 4300 4299
f 666 4299 4300
f 2638 2637 4300
f 2637 2638 1537
f 4300 667 2638
f 1536 4299 1535
f 4301 1536 4313
f 4301 667 1536
f 4301 2638 667
f 4303 1537 4301
f 4301 2639 4303
f 4313 2639 4301
f 4302 2645 2637
f 4302 1537 668
f 4310 2639 4313
f 4313 1536 4569
f 1536 1535 4569
f 4313 4569 1538
f 4569 1535 4619
f 4304 4619 2641
f 4196 2642 4183
f 2642 4305 4183
f 4513 2642 2576
f 4305 2642 4513
f 4601 4513 2576
f 4601 4988 4311
f 4988 2643 4311
f 2643 4976 663
f 4976 4600 663
f 4306 4307 664
f 4307 4291 668
f 664 4307 663
f 663 4307 2646
f 4308 2644 4302
f 1531 4293 2644
f 2644 4309 2645
f 4302 2644 2645
f 4309 4300 2645
f 4300 4309 666
f 1537 4303 2646
f 668 1537 2646
f 2646 2643 663
f 4310 4311 2643
f 4305 4312 1538
f 4310 4313 4312
f 1538 4304 4305
f 669 4986 4314
f 4986 1541 4314
f 4735 2647 4314
f 4735 4981 2647
f 4981 404 2647
f 404 4981 2256
f 4981 4735 2256
f 4735 4315 2256
f 4670 2650 4315
f 4314 1541 4735
f 1541 4986 4720
f 4986 669 4720
f 4720 669 1540
f 4696 669 4314
f 4696 1540 669
f 2648 4696 1539
f 3705 408 2633
f 1540 4696 2649
f 2649 4696 2648
f 4294 2649 2648
f 4720 4266 4316
f 4316 4266 653
f 4316 4319 4317
f 4318 4317 4320
f 1541 4317 4318
f 1542 4953 670
f 4953 1541 670
f 4670 4956 1542
f 4956 4735 1542
f 4022 1542 670
f 4320 4319 1543
f 1543 4319 653
f 4320 4321 1393
f 4318 1393 670
f 2454 4022 670
f 2465 4670 4022
f 1542 4022 4670
f 4670 4671 2650
f 2256 2650 2257
f 2650 1544 409
f 2257 2650 409
f 2651 1393 4321
f 4397 4321 2703
f 4321 4397 1584
f 4321 2704 2651
f 4267 2655 1531
f 2649 4294 2636
f 2654 4602 2649
f 2636 666 2654
f 4602 2654 2656
f 2656 4309 4293
f 4309 2656 666
f 671 1467 2657
f 671 538 1467
f 737 671 673
f 4143 671 2657
f 4143 4322 673
f 2545 2658 4143
f 2658 2545 1549
f 4143 2658 4322
f 2658 674 4322
f 4322 674 672
f 2660 675 1546
f 1546 675 4323
f 2660 1546 2659
f 1546 2510 2659
f 1545 4497 2511
f 1454 4497 1547
f 1547 581 2512
f 1547 2512 1454
f 1546 1545 2510
f 2666 675 676
f 677 1546 4323
f 2661 1545 677
f 1547 2663 2515
f 2663 1547 1548
f 2665 4324 2661
f 677 2662 2661
f 677 4323 2662
f 1548 4324 4702
f 4426 678 4702
f 4426 4324 1549
f 2665 679 4324
f 4323 2664 2662
f 675 2666 2664
f 674 2664 2666
f 2664 674 2665
f 679 2665 674
f 679 674 2658
f 680 2666 676
f 676 2734 680
f 680 2734 729
f 2666 680 674
f 672 680 729
f 681 682 735
f 682 681 1550
f 681 2744 4327
f 4327 2744 4376
f 1550 2667 682
f 735 682 1555
f 735 1555 4632
f 682 2669 1555
f 4326 2669 2667
f 2667 1550 684
f 1551 683 4326
f 684 1551 4326
f 684 1550 4498
f 2668 4498 4327
f 3709 684 4498
f 2253 3709 4498
f 684 3709 4499
f 1554 1551 4499
f 1402 3710 1552
f 1402 1553 3710
f 4499 725 2560
f 1554 1592 1551
f 1551 1592 683
f 1592 1554 2554
f 4160 1554 1478
f 1592 1556 683
f 1555 4328 685
f 683 2669 4326
f 1402 1552 558
f 4330 4331 2681
f 2671 4332 4329
f 1555 2671 4328
f 1556 4334 2670
f 4334 4333 2670
f 2670 2671 2669
f 2669 2671 1555
f 4333 4332 2671
f 4334 4335 4333
f 4414 2681 4331
f 1557 2741 1567
f 4430 687 686
f 687 4336 4337
f 1557 4579 4336
f 1557 1567 4579
f 4337 4690 687
f 4690 4338 687
f 4339 4338 2674
f 4339 2674 2678
f 1596 1558 306
f 4340 306 1558
f 306 4340 1105
f 4340 2673 4575
f 4575 1105 4340
f 2672 2673 4340
f 4346 4753 2672
f 4644 2673 4721
f 4341 4721 4753
f 4341 1106 4721
f 4341 4343 4342
f 2699 1106 4341
f 4344 4342 4343
f 688 4343 4753
f 688 4753 4346
f 4346 4643 688
f 1559 4346 1558
f 2672 1558 4346
f 1560 1559 4347
f 1559 4643 4346
f 4349 4643 1559
f 4643 4348 4345
f 2674 689 4348
f 2678 2674 4348
f 1560 2676 1559
f 1559 2676 4349
f 2675 4420 1560
f 2676 1560 1561
f 1561 1560 4420
f 2678 4349 2676
f 4395 4350 1580
f 4350 4395 2677
f 2677 4395 1562
f 4395 4351 1562
f 4351 2702 1562
f 2687 4371 2677
f 2687 4344 689
f 2687 2677 4344
f 4342 2677 1562
f 1562 4393 4342
f 690 535 4352
f 4352 4355 4151
f 535 1563 691
f 691 1564 1565
f 4355 691 1565
f 4352 691 4355
f 614 4355 1565
f 1565 4361 4356
f 4357 4361 1565
f 1564 692 4357
f 614 4356 4150
f 2680 4358 2495
f 2679 2505 4358
f 2680 2679 4358
f 2505 2679 4567
f 4362 4567 2679
f 4359 4360 2680
f 4362 4361 4357
f 389 4630 4362
f 4630 389 693
f 693 2507 4630
f 2507 693 1193
f 1193 4101 2507
f 1193 390 4101
f 4451 4363 4452
f 4330 4451 1620
f 4363 694 4452
f 4330 698 4363
f 695 4415 2716
f 4415 695 697
f 695 1566 697
f 1566 695 2696
f 4368 697 1566
f 1567 694 698
f 694 1567 2741
f 698 4330 4364
f 4364 4330 2681
f 2682 4365 4579
f 4365 4372 4690
f 2682 4579 1567
f 2683 4366 2682
f 4367 2681 2684
f 697 4368 2685
f 1566 1568 4368
f 2685 4367 2684
f 4369 4367 2685
f 4368 4370 2686
f 4369 2686 1569
f 2683 4364 4369
f 4364 4367 4369
f 4366 2683 4369
f 1569 4371 4366
f 4365 4366 4372
f 4690 4372 4338
f 2686 4350 1569
f 4350 2686 4370
f 2687 4372 4371
f 4372 689 4338
f 4338 689 2674
f 2688 699 4040
f 699 2688 4373
f 4453 4373 2688
f 4453 2688 1570
f 550 4453 1570
f 4453 550 4455
f 4375 1571 4453
f 700 1571 4375
f 701 1571 2742
f 1571 700 2742
f 4455 4374 4375
f 4455 4605 4374
f 4374 4605 4382
f 4327 4376 2668
f 4376 2689 2668
f 2689 4377 702
f 1572 4377 2689
f 1572 703 4377
f 4378 1572 4376
f 4378 4384 1572
f 3761 704 3970
f 4606 4056 4380
f 705 3651 1574
f 4379 4057 705
f 705 4057 3651
f 1573 705 2692
f 1574 3968 2690
f 1374 1375 2690
f 2691 2690 1375
f 2691 705 2690
f 2692 2691 3969
f 706 4605 1575
f 4459 2692 706
f 2692 4459 1573
f 1241 3970 2434
f 704 3983 3970
f 4378 1621 4384
f 1621 4381 4384
f 1621 2742 4381
f 2742 700 4381
f 4381 700 4383
f 4374 4382 4383
f 4605 706 524
f 4382 524 3978
f 4605 524 4382
f 4382 3978 1377
f 4383 4382 2432
f 4381 4385 4384
f 4381 4383 4385
f 704 4385 3983
f 4385 4018 1379
f 1379 3983 4385
f 707 696 2716
f 4394 2694 3772
f 1581 707 2718
f 4654 4394 1576
f 2694 4394 2700
f 4386 696 2693
f 1577 4387 4386
f 1577 433 4387
f 2696 4388 1566
f 4388 1578 1568
f 2697 1578 4387
f 4387 2698 2697
f 4390 2697 4391
f 4389 2697 2698
f 4389 2698 2288
f 4390 1568 1578
f 4391 4389 4392
f 4391 4392 1579
f 1580 4391 1579
f 1580 1568 4390
f 1568 1580 4370
f 1581 4654 1576
f 4191 2700 4654
f 4394 4654 2700
f 1580 2701 4395
f 2701 1580 1579
f 2701 1579 2082
f 2082 1579 4392
f 4392 4740 2082
f 4395 2701 4351
f 2701 307 4351
f 4351 307 2702
f 1562 2702 4393
f 2702 307 2080
f 1258 1259 4754
f 1543 1625 1583
f 1543 1582 1625
f 2 1625 1582
f 2704 4321 1584
f 2751 2704 1584
f 1629 4025 2704
f 2706 4025 2705
f 745 2706 2705
f 2706 4026 1394
f 4398 4026 2706
f 4399 2706 745
f 745 1586 4399
f 4398 4399 542
f 542 4399 1585
f 1585 4399 1586
f 2756 1586 745
f 753 4400 4678
f 4678 4985 2775
f 4985 1651 2775
f 1651 4985 2756
f 4985 4678 2756
f 4678 2707 2756
f 4709 2707 4400
f 4709 4400 2776
f 2707 1587 2708
f 4401 4709 2776
f 708 4709 4401
f 708 1587 4709
f 708 1588 1587
f 1588 708 1589
f 1587 1588 2467
f 2756 4990 4047
f 4990 2708 4047
f 4047 1586 2756
f 708 709 1589
f 709 708 4401
f 709 4402 1589
f 4401 2709 709
f 2709 2710 709
f 4402 709 710
f 2480 1410 4402
f 710 2480 4402
f 4460 4409 4410
f 1590 4406 4460
f 4406 1590 4405
f 711 4405 2712
f 4405 711 2759
f 2711 4407 1657
f 711 2712 4407
f 1657 4407 712
f 2712 4405 4408
f 4407 4408 712
f 1659 712 4412
f 712 4408 4412
f 2797 1659 716
f 1659 4412 716
f 4408 1591 4412
f 2713 4408 1590
f 4410 713 2713
f 714 4413 1591
f 1606 715 1591
f 716 715 2714
f 1591 4413 1606
f 2740 2741 4428
f 4428 4431 723
f 4428 723 1606
f 4429 715 1606
f 2554 4642 1592
f 717 1592 4642
f 717 4642 1593
f 1592 717 2715
f 2715 1556 1592
f 1593 1594 717
f 1593 4188 1594
f 4193 4500 4188
f 4188 4189 4193
f 717 1595 2715
f 717 1594 1595
f 1594 2717 1595
f 1595 4335 4334
f 1595 4414 4335
f 2717 4414 1595
f 2717 2684 4414
f 2718 4415 1594
f 2718 2716 4415
f 2717 4415 697
f 2717 697 2684
f 4414 2684 2681
f 697 2685 2684
f 1594 4500 2718
f 4500 1594 4188
f 4192 4500 4193
f 2719 2728 4416
f 2719 4416 2720
f 4417 770 4422
f 718 4418 2722
f 2722 4418 4422
f 4418 718 2818
f 2818 718 2819
f 2819 718 4419
f 4419 2821 2819
f 4419 306 2821
f 1596 4419 1597
f 4419 1596 306
f 4347 1596 2675
f 1600 686 4424
f 1561 4420 1599
f 4420 2675 2722
f 2675 1597 2722
f 1599 4420 1598
f 1598 4420 2722
f 1598 2722 4422
f 1599 1598 2723
f 4421 2721 1599
f 4421 1599 2723
f 4421 4424 2721
f 1673 4416 4421
f 2723 1598 4422
f 2728 4434 4416
f 4434 4421 4416
f 4434 1600 4421
f 2724 4570 602
f 1469 1601 602
f 720 2724 4425
f 1602 4425 1601
f 1469 2725 1601
f 2726 585 721
f 1601 4139 721
f 4143 2657 2545
f 2545 606 4570
f 4570 4426 2545
f 2545 4426 1549
f 678 4426 4427
f 4570 4427 4426
f 720 2727 4427
f 4425 2727 720
f 1602 1604 2727
f 1603 678 4427
f 722 4427 2727
f 722 2727 1604
f 1604 595 722
f 722 595 1605
f 721 1602 1601
f 721 585 1604
f 4429 1607 768
f 4431 4428 1557
f 1557 4428 2741
f 4431 1557 4336
f 4433 1607 1606
f 4431 4336 4430
f 4432 4433 723
f 4433 1606 723
f 768 1607 2802
f 4431 4430 1608
f 4430 686 1608
f 1608 686 1600
f 1607 4433 2728
f 1607 2728 2802
f 2802 2728 2719
f 4434 2728 4432
f 4432 1608 4434
f 1609 719 1610
f 4436 4017 724
f 4436 724 1609
f 4437 1609 1610
f 2660 1610 675
f 4437 1610 2660
f 2729 4437 2659
f 4436 4437 2729
f 4438 1611 4436
f 4109 2729 2659
f 4109 2659 4660
f 2748 2749 4041
f 2730 4439 4041
f 725 1553 1403
f 2559 725 1614
f 1612 1614 725
f 1612 725 1403
f 1614 4501 4496
f 4501 1612 1613
f 1486 2731 4496
f 1614 4496 2731
f 1614 2731 4440
f 4441 727 726
f 547 4442 552
f 4442 547 727
f 727 1615 726
f 547 2730 1615
f 1615 2730 1623
f 2730 2749 1623
f 2563 4546 726
f 2737 4010 1619
f 4443 4015 2737
f 1616 2732 4443
f 719 2732 1616
f 1616 4443 728
f 1610 1616 2733
f 676 2733 2735
f 2735 2736 2734
f 1618 2736 2735
f 729 2734 2736
f 4444 730 553
f 553 4446 4409
f 4445 730 2747
f 736 2747 730
f 4445 4514 730
f 4411 713 4446
f 4411 731 4745
f 714 4411 4745
f 4413 714 4745
f 731 1617 4745
f 4606 4446 4514
f 4445 2474 4514
f 4606 4514 2474
f 2740 4745 1617
f 729 732 673
f 732 4447 673
f 4443 2737 4447
f 4447 2737 671
f 4443 1618 728
f 732 729 2736
f 2737 1619 671
f 1619 2738 733
f 2738 1387 733
f 1619 4010 2738
f 719 4016 2732
f 685 4449 2739
f 685 4450 4449
f 4450 685 4329
f 1620 4449 4450
f 4332 4450 4329
f 4451 1573 1620
f 4697 1620 4450
f 4330 1620 4331
f 4453 701 4454
f 4373 4453 4454
f 734 4454 701
f 2739 4448 734
f 4632 2739 734
f 734 4736 4632
f 1617 4058 2740
f 4058 694 2740
f 4428 4413 2740
f 4456 2746 1575
f 4457 2742 1621
f 1621 2744 4502
f 4502 735 2743
f 735 4502 681
f 681 4502 2744
f 2744 1621 4378
f 4376 2744 4378
f 4373 4448 699
f 4457 701 2742
f 701 4457 2743
f 4580 549 2745
f 4580 2745 4458
f 2747 4448 4458
f 2747 4458 2745
f 2747 2473 4445
f 2746 4459 706
f 736 699 4448
f 736 4448 2747
f 4454 4455 550
f 1622 4455 4454
f 4458 4448 4454
f 4409 4460 548
f 2757 1623 2749
f 4580 550 549
f 550 4580 4454
f 740 1583 1625
f 2777 1649 1654
f 2197 2789 2787
f 2970 4469 2971
f 1790 101 2976
f 3049 4554 891
f 185 943 940
f 3176 177 1886
f 1902 1903 202
f 3210 3211 1522
f 989 1923 1924
f 232 3263 1918
f 262 3332 268
f 1034 1828 1995
f 288 3428 3429
f 3531 324 329
f 2251 2208 2207
f 4688 3715 1220
f 1225 3723 4484
f 3806 1268 3802
f 1299 3844 3843
f 4548 3877 479
f 2372 1319 3885
f 1320 2373 2360
f 3904 3900 2382
f 932 933 1344
f 2436 3993 530
f 2443 2447 2450
f 2497 1431 4085
f 4153 4642 2554
f 4496 4501 4442
f 4264 4291 4292
f 4312 4313 1538
f 1565 4356 614
f 1581 4500 4192
f 727 547 1615
f 1711 3086 2869
f 882 113 3023
f 3095 146 3097
f 3148 1881 1880
f 994 3252 4725
f 1944 3401 3405
f 3458 2047 3460
f 1085 1082 3457
f 1181 2191 374
f 4401 1653 2709
f 3688 2239 2237
f 3697 3679 2226
f 4484 3723 406
f 570 2356 1310
f 3892 487 2375
f 568 2501 569
f 4104 4103 1446
f 2530 607 608
f 4260 654 1526
f 731 4446 4606
f 1625 2 1
f 1631 1633 1632
f 1670 2767 1669
f 2763 1640 1634
f 6 1635 15
f 38 2831 781
f 789 43 1696
f 2846 2841 1691
f 2846 1691 2842
f 2849 2852 3664
f 800 2868 1706
f 2887 808 1719
f 826 824 1731
f 1737 1738 4645
f 1751 2931 2939
f 86 4672 2951
f 1770 4634 1778
f 1773 849 848
f 2956 2961 855
f 869 1792 2981
f 872 103 1796
f 3007 3016 3005
f 1835 3060 902
f 3080 903 132
f 4471 3081 3119
f 3084 3085 135
f 143 4472 3090
f 3097 914 1849
f 3103 1855 3104
f 4523 3113 4621
f 169 3066 925
f 4646 129 1873
f 952 1892 3173
f 1892 3162 946
f 193 1895 959
f 972 4505 973
f 4252 3209 975
f 1916 3223 1913
f 1919 1921 1920
f 988 1930 3238
f 4526 3239 1931
f 3240 2070 1929
f 3252 994 3249
f 3273 1002 3272
f 1004 1003 3274
f 254 253 1017
f 254 3481 3480
f 257 253 254
f 1983 1019 1982
f 1986 3326 3325
f 1995 1828 3344
f 4692 2002 3363
f 2026 3400 3399
f 2036 3420 3418
f 286 2040 2063
f 3442 3458 3441
f 3457 1087 2052
f 2062 1095 3469
f 2064 1097 3473
f 949 2070 3913
f 2074 3482 3483
f 303 304 3486
f 2080 3491 4714
f 1118 4576 3521
f 1123 2114 2120
f 3529 3527 1125
f 3532 2120 2119
f 4481 81 2132
f 4481 2132 331
f 335 3564 337
f 3569 2142 340
f 4534 895 3593
f 3601 2166 347
f 3601 3602 2166
f 3326 2167 361
f 361 4673 2170
f 1168 1167 363
f 1176 2174 366
f 2181 3628 3630
f 372 3632 2184
f 3633 1179 2186
f 375 4483 3636
f 3428 4535 1184
f 2194 3640 1183
f 297 2193 288
f 3700 403 1213
f 4562 2241 3689
f 1210 3695 2247
f 2689 4667 2668
f 2252 405 4537
f 405 1229 4537
f 4675 2571 1219
f 416 3725 3724
f 3754 425 2274
f 4465 3762 3764
f 3773 1247 4615
f 3776 3769 3771
f 4754 2288 1258
f 1108 1259 2294
f 1256 2297 442
f 446 448 447
f 1265 2306 451
f 1266 4717 1267
f 3838 3825 2334
f 1297 1295 1296
f 470 473 3859
f 2358 3865 4548
f 481 2359 2500
f 495 2382 3898
f 3904 1332 3900
f 3919 2391 4493
f 3939 3930 3931
f 3937 3936 1354
f 3950 4770 3949
f 4770 4542 3949
f 3190 3184 3952
f 3953 196 3954
f 4230 3960 4464
f 4464 3960 2417
f 3975 3999 3980
f 3985 3998 1390
f 4544 2441 2537
f 2446 4001 4011
f 4004 4003 4013
f 4023 4028 4029
f 2458 4975 4036
f 4975 4511 4036
f 571 4070 1418
f 4080 1423 563
f 1433 4680 4086
f 572 483 1444
f 2538 4104 1458
f 4112 4113 2513
f 4114 582 2525
f 2519 579 586
f 4133 1466 4132
f 4162 4732 1479
f 2571 2556 2569
f 1502 634 637
f 4218 4220 4217
f 4229 4631 2418
f 2605 4231 2603
f 2610 2606 2605
f 4235 2611 4249
f 4254 4252 4255
f 651 652 650
f 4298 4984 4600
f 4984 4296 4600
f 2655 2656 4293
f 1548 4497 2661
f 4345 4344 688
f 524 706 3969
f 710 2710 4403
f 4106 1611 2536
f 1617 731 4606
f 1621 4502 4457
f 4456 4448 2746
f 3866 4548 1308
f 4680 1433 1434
f 4095 1113 2484
f 23 759 2823
f 2925 1745 3526
f 31 30 1750
f 2956 1806 2961
f 1830 4831 3053
f 4831 1831 3053
f 160 153 3109
f 3137 3141 3215
f 3272 1002 4475
f 3302 261 3322
f 2112 2114 1123
f 329 331 1135
f 3663 387 386
f 1197 2224 3884
f 2246 1210 2244
f 1227 4485 3759
f 4465 3764 3783
f 3952 3951 2418
f 1357 1358 3953
f 3973 4597 3979
f 2515 2514 583
f 1513 4231 2606
f 4375 4383 700
f 713 714 2713
f 707 2716 2718
f 1648 13 2773
f 778 1666 21
f 1732 4572 2913
f 847 4634 1770
f 116 887 1815
f 4637 995 3256
f 3255 1941 227
f 1119 3523 3525
f 328 3530 2123
f 3560 3559 2986
f 1181 2188 2191
f 1263 2301 2300
f 4052 4038 4039
f 4296 1530 2634
f 2754 4258 2753
f 1636 1627 2752
f 1634 1640 1638
f 2792 1684 1685
f 1681 4466 29
f 2801 2825 2800
f 2886 60 64
f 2911 1728 1724
f 814 1743 1744
f 2939 2931 2937
f 788 4620 847
f 1777 1778 2964
f 1771 89 2960
f 1789 864 2977
f 868 865 867
f 3006 3007 3005
f 1805 92 875
f 1035 4893 3053
f 1829 4916 4893
f 4916 3053 4893
f 4610 4778 3089
f 4778 140 3089
f 912 3091 3094
f 160 161 4621
f 4595 1865 4686
f 3127 930 4674
f 953 4772 3148
f 4772 3150 3148
f 956 1893 955
f 4473 3218 1913
f 950 3171 1925
f 1934 3245 991
f 3256 3261 4637
f 3276 1954 3275
f 1959 1957 1960
f 3275 1004 3283
f 1962 241 3290
f 3288 1011 1010
f 246 3301 248
f 1978 1015 3603
f 3237 1928 1021
f 1037 262 268
f 3333 4692 263
f 2009 3410 2007
f 1066 1944 1064
f 2041 3422 3423
f 287 4559 3430
f 3436 3437 2048
f 2066 293 294
f 3463 2060 3475
f 2079 1107 2078
f 2123 2121 1125
f 3529 1125 2121
f 2129 4627 1128
f 4657 2133 1153
f 344 3565 3567
f 340 338 2145
f 3602 3603 2166
f 1168 359 1165
f 367 3626 3627
f 370 371 3631
f 2192 3639 4483
f 374 3636 4483
f 1205 3688 2236
f 3717 410 1222
f 2266 1230 2267
f 4486 2299 1237
f 1251 1250 3778
f 439 1250 1251
f 1255 1254 3779
f 1262 444 3787
f 3802 455 1273
f 3089 4798 1284
f 4798 134 1284
f 3819 2326 148
f 3840 3858 476
f 3845 2341 4488
f 4548 479 2357
f 484 3880 1315
f 495 3898 2381
f 3170 3906 4728
f 3908 4596 3910
f 521 643 3961
f 3971 3973 3979
f 4018 2432 2431
f 4000 3999 1382
f 2738 4003 4002
f 4032 1406 1405
f 1544 4671 1404
f 4050 4983 4954
f 4983 1408 4954
f 4954 4676 4050
f 1409 2479 3648
f 1416 2485 1417
f 2504 1431 1427
f 2496 4084 2499
f 4072 567 562
f 3871 3872 4598
f 4731 1464 596
f 2565 4172 4568
f 4618 2424 4242
f 3202 210 3203
f 4249 2611 1519
f 4306 4263 4264
f 4284 1529 4289
f 4292 4306 4264
f 1538 4569 4304
f 2647 1539 4696
f 1539 2647 3705
f 4670 2465 4671
f 686 687 4339
f 692 4362 4357
f 4579 4690 4337
f 4690 4579 4365
f 4375 4374 4383
f 4379 705 555
f 4396 741 4397
f 2718 4500 1581
f 1560 4347 2675
f 1608 1600 4434
f 4435 1611 4106
f 1609 4437 4436
f 2732 4016 4015
f 973 4505 971
f 1066 1064 1065
f 2222 2211 1199
f 3764 3763 3783
f 2836 2833 2834
f 1631 1636 1633
f 2318 803 57
f 2964 2963 1777
f 3135 928 4655
f 970 209 1911
f 2069 3468 1093
f 2110 3527 2109
f 1224 2266 3738
f 3992 3987 528
f 4423 2676 1561
f 1673 2723 4422
f 770 1673 4422
f 4501 1613 552
f 1669 2768 764
f 752 750 11
f 4585 4830 3056
f 3055 4832 4830
f 4832 3056 4830
f 3095 1849 145
f 155 156 3098
f 1926 1928 3234
f 3385 1055 272
f 265 3449 3342
f 2125 3542 3543
f 3547 3542 1133
f 1134 3547 1133
f 3594 3593 123
f 2180 3634 1845
f 424 2270 2274
f 3698 1391 2451
f 2471 1188 4064
f 564 4079 1426
f 4230 639 3960
f 4307 668 2646
f 4746 2814 836
f 867 865 2978
f 3075 3077 3076
f 4534 3593 349
f 2217 4101 390
f 2763 2762 2765
f 2846 788 2841
f 2888 1701 45
f 2898 2879 806
f 852 1771 2960
f 4553 2990 106
f 3021 4470 1965
f 863 3030 2974
f 1974 3036 119
f 3096 149 3101
f 4523 468 164
f 3130 172 3131
f 991 1890 188
f 961 3183 3188
f 3212 3213 973
f 1925 3232 950
f 222 986 3235
f 226 995 990
f 255 3481 256
f 4612 258 1981
f 3342 3449 1992
f 1087 3456 2055
f 3454 4820 2055
f 4820 2054 2055
f 2111 4560 1120
f 320 3875 3539
f 3534 1128 2118
f 327 4651 1132
f 2134 1137 331
f 2143 2144 339
f 2145 3572 340
f 1151 1134 1150
f 3580 2148 1152
f 2157 354 350
f 1178 3626 368
f 3699 3670 4640
f 3680 3675 2221
f 693 3698 3670
f 1505 426 3756
f 3849 1303 471
f 2346 3860 3853
f 2368 484 1315
f 3673 2369 3883
f 4491 2386 2387
f 2457 4034 546
f 4063 2203 1415
f 1450 532 4107
f 2559 4159 615
f 4201 4203 1503
f 3751 3753 4207
f 642 520 645
f 4251 1912 1520
f 4320 1543 2703
f 679 2658 1549
f 390 3665 2217
f 733 1387 533
f 1749 1760 1758
f 4591 435 1253
f 4031 4730 4030
f 4316 4317 4720
f 1849 3095 3097
f 2246 3131 3694
f 4687 1641 1642
f 3017 3015 3013
f 121 884 3041
f 335 337 3561
f 1169 3620 2173
f 2358 4548 4741
f 4464 509 1360
f 3780 1255 3779
f 4570 2724 720
f 887 1818 888
f 208 3204 209
f 1985 1030 3330
f 3460 2058 1089
f 4485 1240 3759
f 1114 3504 2094
f 4607 2380 3897
f 4410 2713 1590
f 603 2544 4141
f 2771 1656 1658
f 3083 3082 924
f 177 1879 3146
f 1811 114 1008
f 1080 3460 2047
f 344 3566 1155
f 3683 2233 3684
f 3937 4759 3932
f 4759 2410 3932
f 1485 4176 4173
f 1495 630 629
f 4304 2640 4183
f 698 4364 2683
f 4369 1569 4366
f 2740 4413 4745
f 1703 1699 1776
f 3276 1953 1954
f 3446 295 2060
f 10 751 9
f 784 2837 2212
f 791 1703 4633
f 792 2214 2852
f 50 2862 48
f 812 2898 1726
f 2943 838 1759
f 2909 4521 69
f 3174 3162 952
f 205 1905 969
f 1907 3213 3209
f 3215 216 3140
f 4656 4528 1958
f 4637 3261 3263
f 3336 1032 1999
f 3341 245 3342
f 3345 3351 1994
f 3358 2033 2000
f 318 317 4576
f 2130 3541 4627
f 4695 2143 339
f 4482 3583 1154
f 2136 2152 3591
f 4529 4716 3596
f 288 2193 3428
f 2917 3167 3798
f 2314 4789 3802
f 4789 4668 3802
f 2331 2351 4565
f 166 3857 474
f 1198 3884 2224
f 2433 3977 3976
f 1373 1378 4597
f 531 4004 4001
f 4069 4070 1442
f 2500 4088 481
f 1448 2440 2537
f 587 2520 1456
f 4166 4179 619
f 1486 4496 4171
f 2567 4180 4178
f 4156 2578 4197
f 1499 4181 4202
f 4208 638 2586
f 4618 519 1370
f 4282 4283 4284
f 4350 2677 4371
f 4150 4151 614
f 2685 2686 4369
f 707 1576 2693
f 2695 3773 1577
f 1568 1566 4388
f 4389 4754 4392
f 2480 4403 4404
f 733 533 538
f 1715 76 4517
f 415 414 3725
f 3939 3931 3938
f 3939 3938 1356
f 2562 4546 2563
f 405 2252 3707
f 857 1214 3660
f 2272 3750 3745
f 2410 4759 3947
f 4759 3937 3947
f 3939 2404 3930
f 4685 1367 2421
f 1503 4225 4201
f 2660 2659 4437
f 2943 2939 1756
f 986 4474 220
f 1374 2690 3968
f 449 2322 451
f 1757 2939 2943
f 3116 1091 1867
f 952 3162 1892
f 2136 2986 3559
f 4632 685 2739
f 1080 2058 3460
f 1 4257 740
f 2792 2791 758
f 1699 791 2959
f 67 1725 809
f 2904 4645 818
f 3609 1168 1165
f 3685 1201 3681
f 3755 2273 4540
f 4542 4659 3949
f 1520 1912 214
f 1580 4390 4391
f 1768 846 4620
f 4585 4851 1834
f 898 4855 4851
f 4855 1834 4851
f 1852 146 3819
f 1935 1739 73
f 970 1906 208
f 2216 397 2215
f 2647 4696 4314
f 16 754 2780
f 770 4417 28
f 2822 1681 29
f 808 2889 1718
f 1739 2917 71
f 2936 2934 1748
f 4552 2970 2994
f 3050 904 3051
f 4527 1935 73
f 3602 4622 3309
f 3371 3372 2012
f 2030 4710 3403
f 3424 3425 1070
f 1092 4559 3468
f 3447 3446 3462
f 3459 2057 294
f 3570 4695 338
f 2153 2162 2161
f 794 1704 2216
f 3717 409 2259
f 3839 470 2344
f 3860 475 474
f 491 492 1327
f 2604 521 1366
f 1395 4961 4033
f 4961 4730 4033
f 1398 2458 4034
f 4054 2475 4055
f 4064 1414 4063
f 2536 1456 4126
f 2536 4126 4106
f 1467 605 2657
f 2604 1514 4238
f 2605 643 2610
f 4239 4238 1514
f 1527 4271 4259
f 2629 4194 630
f 4702 678 2663
f 2693 4394 3772
f 4386 2696 696
f 4388 2696 4386
f 2730 547 4439
f 1614 4440 2559
f 701 4736 734
f 3694 3695 1210
f 287 3468 4559
f 352 351 350
f 505 1884 3924
f 4044 549 4738
f 4611 1874 3704
f 2410 4757 3938
f 4757 4542 3938
f 1130 2127 3538
f 3617 1167 1166
f 4438 591 1611
f 4104 1452 4131
f 4183 4305 4304
f 1642 1640 4687
f 2562 1623 747
f 4647 2980 869
f 3821 2343 3102
f 2970 4552 4469
f 3661 3662 394
f 787 1766 2845
f 1924 3229 985
f 1956 3281 3280
f 2075 3289 3287
f 4614 224 2074
f 3548 4657 3543
f 3620 1171 3622
f 917 142 1281
f 3922 3154 505
f 2546 4145 4139
f 4278 2628 659
f 716 762 2797
f 3087 2870 3085
f 4688 3716 1221
f 1267 4775 2314
f 4668 4789 4775
f 4789 2314 4775
f 3962 4724 1362
f 2691 1375 3969
f 1661 4581 755
f 18 33 34
f 4467 2835 1688
f 4550 1695 784
f 2862 1717 51
f 2831 1764 781
f 4583 787 2947
f 2994 4584 4552
f 3016 3554 3553
f 918 3114 3109
f 4528 1959 1958
f 1033 245 3294
f 4650 3465 296
f 2071 4612 3482
f 3490 1107 2079
f 317 318 3520
f 322 2118 1124
f 1133 3546 1158
f 3606 3607 2169
f 1166 3609 2168
f 3653 3652 2204
f 1191 1186 3655
f 3778 432 3774
f 435 1254 2287
f 3789 448 3791
f 3862 3863 3864
f 499 495 2381
f 187 2390 502
f 2400 503 4510
f 1110 2483 561
f 565 1430 1432
f 4616 4096 2504
f 596 1464 4719
f 4202 4203 4201
f 2650 4671 1544
f 4580 4458 4454
f 3500 3499 4626
f 2675 1596 1597
f 128 3049 3050
f 2236 1202 1205
f 3887 3891 488
f 975 3209 3212
f 1236 2271 1235
f 489 3896 3892
f 549 4044 2745
f 519 4236 1369
f 3966 2427 1371
f 4162 2555 4732
f 908 4780 4776
f 4780 801 4776
f 4776 140 908
f 3681 1209 396
f 4665 4708 2207
f 2872 4468 801
f 1759 837 2944
f 206 963 1898
f 1246 4463 429
f 1652 4964 1663
f 4964 1654 1663
f 3922 939 3154
f 1038 268 3332
f 1020 4612 2071
f 2249 3697 395
f 3745 3749 2272
f 3720 4538 2584
f 3154 1884 505
f 587 2519 586
f 1505 1507 2590
f 4734 2575 4287
f 4749 693 389
f 1753 1684 2793
f 3056 4870 4585
f 1826 4925 4870
f 4925 4585 4870
f 3699 3701 3670
f 2924 1679 1680
f 77 2928 832
f 910 1850 1847
f 3114 159 3109
f 4655 1322 3172
f 3911 3241 1931
f 231 3265 3264
f 1039 4693 3377
f 4478 2066 2057
f 4650 3477 1099
f 1981 3480 1101
f 309 2093 1112
f 2137 3564 335
f 3590 3595 1160
f 1091 3116 2195
f 3688 1204 2235
f 3793 452 1269
f 3927 1351 1349
f 1455 4116 2518
f 4618 640 519
f 4246 1517 4245
f 4279 1523 4269
f 1394 4025 2706
f 4460 4410 1590
f 4339 4424 686
f 4442 4501 552
f 1609 724 719
f 3488 2292 4592
f 2323 1272 3247
f 613 1475 4653
f 2235 2232 2234
f 2459 4970 4033
f 4970 544 4033
f 364 363 3623
f 1790 2979 865
f 3013 876 3017
f 1604 1602 721
f 4726 3305 3304
f 1464 4731 1463
f 701 2743 4736
f 4589 3445 2048
f 2592 4211 4217
f 2700 3783 3763
f 4349 2678 4348
f 1754 2938 1751
f 4753 4721 2672
f 1838 1836 926
f 4725 1940 994
f 3388 2016 3390
f 2031 279 3404
f 1128 3532 2119
f 2092 1110 4068
f 4654 1581 4192
f 4396 4397 2703
f 2799 2801 763
f 2903 824 2914
f 2980 1793 869
f 131 3119 925
f 184 3160 3159
f 934 3143 3216
f 1994 3343 4476
f 3591 3590 1160
f 1333 3910 4596
f 567 4072 1421
f 4212 4217 4211
f 1524 2621 2620
f 3936 3934 3935
f 1186 2200 557
f 6 1631 1632
f 2775 1651 15
f 39 2828 2827
f 824 826 1732
f 803 1714 2920
f 3012 3008 4747
f 1847 137 3085
f 3174 4773 4762
f 4773 3186 4762
f 4762 1894 3174
f 981 3225 1918
f 235 3266 1947
f 3053 4897 1035
f 4897 3346 1035
f 3482 3484 3483
f 1119 3520 3523
f 1141 1142 3587
f 341 3581 1146
f 1160 3595 4590
f 2168 3612 1166
f 360 3615 4683
f 367 4748 3626
f 3636 4658 377
f 2237 2240 1204
f 434 4592 1258
f 3823 3824 2328
f 464 3829 157
f 3829 4564 3828
f 4652 2332 1306
f 1306 3857 920
f 3241 1336 1341
f 2396 505 3924
f 1351 1888 3929
f 643 515 3961
f 2422 2421 1367
f 990 1371 2427
f 2592 4217 4752
f 2631 4286 4282
f 2663 678 4325
f 4356 4360 4150
f 2704 2751 1629
f 4428 1606 4413
f 161 4523 4621
f 558 2276 2478
f 3303 3302 1014
f 2330 3828 2350
f 3398 981 2025
f 3290 1084 1962
f 4026 4398 4027
f 4755 3366 1952
f 362 3339 3621
f 685 4632 1555
f 951 3173 190
f 2368 2218 3673
f 2425 3966 1371
f 4348 4643 4349
f 3393 2018 3397
f 1253 439 4591
f 4460 2757 2749
f 4344 4343 688
f 61 63 1720
f 74 1727 2916
f 2918 74 2916
f 2924 2820 1679
f 3673 2218 1195
f 736 4444 699
f 1419 2485 1420
f 3854 471 2346
f 127 4932 4926
f 4932 125 4926
f 4926 3056 127
f 276 3395 3396
f 3399 3408 1058
f 687 4338 4339
f 4593 1280 4541
f 138 1846 136
f 600 4142 1467
