# DenseCorr3D small-bucket-protected geometry
v 0.06073922 0.04588619 0.03714010
v 0.05951346 0.05331516 0.03334102
v 0.06547228 0.04451241 0.03522319
v 0.07258899 0.04454520 0.02796873
v 0.05284254 0.05276150 0.03568632
v 0.04825383 0.04671327 0.03957048
v 0.03983608 0.03850976 0.04487541
v 0.07265438 0.03246053 0.03392250
v 0.07765803 0.03602630 0.02827723
v 0.06664835 0.05891837 0.01952934
v 0.06926706 0.06067839 0.01294988
v 0.09223777 0.04136257 0.02113956
v 0.07540728 0.00310048 0.03974125
v 0.06110286 0.01565712 0.04577173
v 0.04803111 0.03397463 0.04558519
v 0.04670571 0.01730806 0.04990796
v 0.06603936 0.01078414 0.04448528
v 0.07303734 0.00181865 0.04245662
v 0.04821338 0.05644817 0.03315495
v 0.03698633 0.05865908 0.03016316
v 0.06315590 0.06386594 0.01588254
v 0.03458532 0.05166862 0.03672548
v 0.02913396 0.06302086 0.02234792
v 0.01503510 0.05794471 0.03247335
v 0.01744124 0.05208119 0.03716887
v 0.02817887 0.06521118 0.01807519
v 0.02584071 0.02604421 0.04813503
v 0.02371430 0.02917494 0.04675883
v 0.07427140 -0.00638273 0.03819583
v 0.07004966 -0.03010258 0.03927635
v 0.06950368 -0.04310220 0.04692246
v 0.06255391 -0.03853267 0.04699736
v 0.06919520 -0.02651257 0.03898216
v 0.05893872 -0.03889655 0.04842856
v 0.06673605 -0.02297357 0.04139438
v 0.06844918 -0.02002621 0.04190628
v 0.06061893 -0.01893569 0.04229189
v 0.05110812 -0.04112821 0.05324229
v 0.06619808 -0.00858013 0.04262534
v 0.06168142 -0.01127784 0.04089822
v 0.05493201 -0.00574860 0.04594267
v 0.04865541 -0.00225605 0.05104655
v 0.04846234 0.00275301 0.05185742
v 0.05040003 -0.01563757 0.04491779
v 0.03088858 -0.01652140 0.04708357
v 0.02541976 -0.00880237 0.04790208
v 0.03821173 -0.00976237 0.05070735
v 0.02950100 0.00093330 0.05113655
v 0.02424633 -0.00078404 0.04834714
v 0.01963929 0.00761612 0.04929379
v 0.00929482 -0.00676521 0.04669979
v 0.02204705 -0.01602520 0.03930314
v 0.02634873 -0.02256810 0.04198393
v 0.02461215 -0.02178759 0.03967070
v 0.00102319 -0.02184234 0.03879773
v -0.01762870 -0.01946030 0.04462438
v 0.03622900 -0.03458510 0.04833201
v 0.04217122 -0.04561221 0.05017222
v -0.01993635 -0.02500722 0.03839026
v 0.00225071 0.00230946 0.05242771
v -0.00798673 0.00697365 0.05594908
v -0.00600150 0.01104364 0.05610561
v 0.00717298 0.01733715 0.05354092
v 0.01072204 0.03186718 0.05019835
v -0.00473075 0.04265181 0.05005140
v -0.00323570 0.06886370 0.02463635
v 0.09693822 0.05474222 0.00546211
v 0.11338866 0.05381628 0.00773088
v 0.11532890 0.04409609 0.02070929
v 0.10921808 0.04276820 0.01861469
v 0.11388408 0.03772333 0.02088222
v 0.12663460 0.03036525 0.02074610
v 0.11861769 0.05704624 0.02129739
v 0.12090248 0.05143363 0.02786844
v 0.12092516 0.05391141 0.02687245
v 0.12861960 0.04736397 0.02180257
v 0.12761506 0.03733530 0.01736442
v 0.13082837 0.02385869 0.02219752
v 0.12605323 0.00838538 0.02535558
v 0.12529187 0.00052796 0.02248691
v 0.02701057 0.06840082 0.00729762
v 0.12994176 0.05031898 0.00133104
v 0.11526929 0.05372341 0.01199267
v 0.12818487 0.04922147 0.02340157
v 0.12692663 0.04891261 0.01680884
v 0.12963544 0.05082418 0.01838087
v 0.13297810 0.05042979 0.02188849
v 0.12215447 0.04698316 0.01383427
v 0.12813388 0.04096230 0.01458140
v 0.12650630 0.04609435 0.01082998
v -0.02769430 -0.02510677 0.03815539
v -0.05340793 -0.02461795 0.03173843
v -0.03913005 -0.02346770 0.03904373
v -0.03385730 0.00250513 0.05576709
v -0.07263317 -0.02914582 0.03882268
v 0.04787960 -0.04720727 0.05559987
v 0.05836153 -0.05251732 0.05835888
v 0.04883166 -0.05217419 0.05519516
v 0.07246134 -0.04689907 0.05041067
v 0.07439447 -0.05233784 0.05428706
v 0.06138900 -0.05205318 0.06051109
v 0.07451876 -0.06167598 0.04402302
v 0.07787132 -0.06352420 0.04929494
v 0.08060216 -0.06434422 0.04288721
v 0.08324075 -0.06642812 0.04756195
v 0.08398110 -0.06808787 0.04496154
v 0.07762004 -0.06185661 0.05235204
v 0.08137872 -0.06576347 0.05269089
v 0.08435316 -0.07219429 0.04785089
v 0.07976587 -0.06593627 0.05568889
v 0.07669551 -0.06816263 0.05768784
v 0.08070462 -0.07542094 0.05493891
v 0.07175539 -0.07849076 0.05473611
v 0.07362559 -0.06544833 0.05941435
v 0.06912221 -0.06713881 0.05880845
v 0.07313877 -0.06076752 0.06058457
v 0.06692462 -0.05443029 0.06165448
v 0.06291275 -0.06996467 0.05943918
v 0.06446670 -0.07538379 0.05920853
v 0.06628710 -0.07757794 0.05761791
v 0.06366172 -0.07761198 0.05755325
v 0.05945402 -0.07626352 0.05627779
v 0.03037251 0.02169238 0.05013827
v 0.01994369 0.01330350 0.04970953
v 0.05405791 -0.01069515 0.04136860
v -0.03837294 -0.01096643 0.05011853
v -0.03671698 -0.00617392 0.05280015
v -0.04225019 -0.00209221 0.05282802
v -0.07055763 -0.02323827 0.04779218
v -0.08314358 -0.03311587 0.04434960
v -0.07367916 -0.02556831 0.04751731
v -0.06681485 -0.01230905 0.05115322
v -0.06441320 -0.01356613 0.04928312
v -0.06825422 -0.00718442 0.05314859
v -0.06043911 -0.01656362 0.04009490
v -0.05906252 -0.00245498 0.04804815
v -0.05749137 0.02886713 0.04782420
v -0.05647065 0.03972030 0.04408196
v -0.06465241 0.03201824 0.04609641
v -0.06391387 0.01829557 0.04870411
v -0.05406488 0.01360954 0.05140726
v -0.06748362 0.03462600 0.04668770
v -0.06857792 0.03898169 0.04577761
v -0.07181301 0.02079637 0.05244568
v -0.06725153 0.01481304 0.05027119
v -0.08332445 -0.00241653 0.05203932
v -0.07867784 -0.00359139 0.05318457
v -0.06603763 -0.00439744 0.05091070
v -0.07477345 -0.00028495 0.05400453
v -0.09835314 0.00236178 0.05458809
v -0.07076537 0.04120881 0.04559649
v -0.06714058 0.04298516 0.04285971
v -0.06547759 0.04472470 0.04103014
v -0.07918723 0.03484344 0.04892762
v -0.11194743 0.00981211 0.04846121
v -0.11274195 0.00219147 0.04972021
v -0.07851455 -0.01674047 0.05294128
v -0.07824505 -0.02223050 0.05187259
v -0.08395047 -0.02941748 0.04807552
v -0.08745202 -0.03798139 0.04084589
v -0.08313803 -0.02423500 0.05103293
v -0.08209668 -0.01992884 0.05285634
v -0.11154282 -0.01597848 0.04920762
v -0.09591637 -0.04903740 0.04183419
v -0.10612375 -0.05512920 0.04883998
v -0.10349037 -0.05469039 0.04849782
v -0.10280741 -0.05251567 0.04931284
v -0.11032806 -0.07292311 0.04943542
v -0.11361619 -0.05568990 0.05111973
v -0.11735877 -0.06900167 0.05000260
v -0.11985244 -0.06259326 0.04886958
v -0.11540069 -0.07287045 0.05046576
v -0.11970895 -0.07036772 0.04680177
v -0.11039409 -0.04185381 0.05326035
v -0.11762207 -0.03439603 0.04920964
v -0.11095504 -0.03995520 0.05257508
v -0.09588809 -0.04306281 0.04378721
v -0.09629358 0.02539966 0.05068656
v -0.07714636 0.04352025 0.04484966
v -0.07116425 0.04456251 0.04364849
v -0.07714795 0.04754142 0.04331589
v -0.02996576 0.05906500 0.04039207
v -0.05880192 0.06116502 0.03427989
v -0.06847689 0.06541755 0.02877852
v -0.09071732 0.05782637 0.03202773
v -0.09449156 0.05223403 0.03426900
v -0.09501833 0.05549498 0.03161380
v -0.10036965 0.03078137 0.04851701
v -0.10634790 0.02962903 0.04600027
v -0.09360301 0.06080255 0.02601834
v -0.11622857 -0.07699890 0.04570514
v -0.11057534 -0.07691418 0.04388644
v -0.09291644 -0.06676455 0.03441925
v -0.09323930 -0.06677016 0.03813139
v -0.10260422 -0.07348607 0.04649237
v -0.09147186 -0.07505678 0.03804179
v -0.09384800 -0.07568120 0.03239997
v -0.09559334 -0.07402813 0.04336980
v -0.09565277 -0.06621267 0.04038186
v 0.05324725 0.06593219 0.02204561
v 0.05572883 0.06745612 0.01817755
v 0.05369348 0.07036858 0.00578874
v 0.06059964 0.06834065 0.00129818
v 0.06699810 0.06561315 -0.00311153
v 0.06440473 0.06550654 -0.00664206
v 0.05971173 0.06702657 -0.00421096
v 0.07311846 0.05779894 -0.01270581
v 0.05525490 0.06075493 -0.01462952
v 0.08744766 0.05300139 -0.00913084
v 0.05292279 0.05362156 -0.02275408
v 0.05012601 0.04925442 -0.02645203
v 0.05553277 0.06756134 -0.00129563
v 0.05073632 0.06943626 0.00225646
v 0.03729100 0.06855043 0.01184398
v 0.00956008 0.07136691 0.01091418
v -0.00352521 0.07533764 0.00486749
v -0.00428393 0.07370611 -0.00827939
v -0.01582922 0.07668736 0.00112056
v 0.02027000 0.06710491 -0.00796335
v 0.04124372 0.06316506 -0.00667169
v 0.03789018 0.05310040 -0.02046466
v 0.04503451 0.04959665 -0.02598139
v 0.09110313 0.04501396 -0.01700904
v 0.09194791 0.05512187 -0.00525790
v 0.10417636 0.05215913 -0.00893431
v 0.10252926 0.03326677 -0.02854053
v 0.10905061 0.03797902 -0.02869282
v 0.11769491 0.05466104 -0.02917976
v 0.12974425 0.04158477 -0.02858472
v 0.13089518 0.04331020 -0.02426284
v 0.13043241 0.05004877 -0.01715315
v 0.13388944 0.03903041 -0.02849427
v 0.12851350 0.04077793 -0.03511430
v 0.13255233 0.03155311 -0.03608923
v 0.13028620 0.05224949 -0.00729239
v 0.12644383 0.05197616 -0.01522100
v 0.11488751 -0.00953158 -0.03496034
v 0.10508153 -0.00472147 -0.03008498
v 0.10421495 0.00942390 -0.03725067
v 0.12084913 0.03392716 -0.03687782
v 0.12722461 0.03359580 -0.03650079
v 0.12463325 0.02134445 -0.04197903
v 0.11778385 0.02190955 -0.04133905
v 0.12568231 0.01517310 -0.04320339
v 0.11066752 0.01873184 -0.03798469
v 0.10740312 0.01554039 -0.03629128
v 0.02082664 0.06283668 -0.01680495
v 0.02098849 0.03847772 -0.03470375
v 0.09434909 0.02302836 -0.02933059
v 0.09536395 0.01511937 -0.02996735
v 0.09289291 -0.00305179 -0.02248365
v 0.07533979 0.02855998 -0.02891257
v 0.05704635 0.02861653 -0.03431069
v 0.03949476 0.03308763 -0.03398274
v 0.04711885 0.02262593 -0.03836466
v 0.03450376 0.03298834 -0.03271845
v 0.03472313 0.03969900 -0.02935545
v 0.01827154 0.03974457 -0.03573512
v 0.01715041 0.04614957 -0.03299794
v 0.02552443 0.03219593 -0.03435657
v 0.03320026 0.02986421 -0.03367722
v 0.02391739 0.01964622 -0.03513233
v 0.02354987 0.01598163 -0.03525948
v 0.04129610 0.00547864 -0.04206241
v 0.04439773 0.00894745 -0.04081225
v 0.05174474 0.01381851 -0.04053658
v 0.03199091 0.01379107 -0.03740930
v 0.01585908 0.01312513 -0.03796138
v 0.03208516 0.00261154 -0.03857324
v 0.03644343 -0.00071198 -0.04300415
v 0.04659322 0.00307544 -0.04068404
v 0.04138154 -0.01143106 -0.04246034
v 0.02283755 0.00588626 -0.03516834
v 0.03337621 -0.01504546 -0.04279923
v 0.03012823 -0.01735295 -0.04145784
v 0.06067797 0.01677145 -0.03509935
v 0.05856442 0.01166455 -0.03901825
v 0.05635167 0.00982362 -0.04009250
v 0.08299980 0.01593705 -0.02938684
v 0.06618569 0.00500662 -0.03075532
v 0.08214744 0.00497685 -0.02747458
v 0.05645514 -0.00978611 -0.03770134
v 0.01724862 -0.00974323 -0.03225976
v 0.01561236 -0.00846386 -0.03239983
v 0.06050725 -0.02304362 -0.04039160
v -0.00326668 0.04782443 -0.03905513
v -0.00581630 0.05265595 -0.03684011
v -0.01199037 0.05282693 -0.03759439
v -0.01417699 0.06245957 -0.02949513
v -0.02664422 0.07781872 0.00329466
v -0.02568208 0.07444488 -0.01220907
v -0.02843454 0.06834932 -0.02372839
v -0.02212976 0.06112000 -0.03208350
v -0.02202294 0.05656034 -0.03555798
v -0.03039201 0.06013371 -0.03263278
v -0.03508823 0.07279745 -0.01604113
v -0.02798164 0.04729757 -0.04169058
v 0.07080062 -0.03773799 -0.04409290
v 0.09311347 -0.05324786 -0.05231733
v 0.09041730 -0.05482552 -0.05504871
v 0.08734860 -0.05346844 -0.05234909
v 0.11833212 0.03861564 -0.03593935
v 0.12328713 0.05743954 -0.03225595
v 0.12362284 0.05692624 -0.03823315
v 0.12747949 0.05339586 -0.03904098
v 0.11900108 0.04697624 -0.03991231
v 0.11767379 0.04957073 -0.03938171
v 0.12226541 0.05563246 -0.04003251
v 0.12612970 0.05143317 -0.04139002
v 0.12528199 0.04793189 -0.04149128
v 0.12013999 0.05266511 -0.04072969
v -0.04691260 0.06622387 0.03064578
v -0.02344516 0.07443243 0.01689943
v -0.03248173 0.07627071 0.01032992
v -0.03667433 0.07725236 -0.00260975
v -0.05217871 0.05767180 -0.03305811
v -0.03286535 0.07585536 -0.00899215
v -0.05072252 0.07608107 -0.00231527
v -0.06504161 0.07251439 -0.01012340
v -0.04887376 0.04315635 -0.04132493
v -0.05131867 0.04014830 -0.04262807
v -0.05779666 0.05123072 -0.03699912
v -0.05346200 0.07504340 0.00830910
v -0.06042029 0.07518524 0.00580667
v -0.07362454 0.07027740 -0.01122207
v -0.06590973 0.05014292 -0.03832158
v -0.08033594 0.06337938 -0.02196718
v -0.09019647 0.06227900 -0.01566599
v -0.09232230 0.06609061 -0.00622816
v -0.09943276 0.05521431 -0.01889929
v -0.09907530 0.05739332 -0.01679932
v -0.10256213 0.06333514 -0.00457099
v -0.10343146 0.06375813 0.00252026
v -0.11347300 0.05449294 0.00472275
v -0.11064228 0.05586965 0.00582988
v -0.10651534 0.05716324 0.01360010
v -0.10833273 0.05567186 0.00908884
v -0.10921904 0.06053973 0.00207966
v -0.09438904 0.06482186 0.01217856
v -0.10385671 0.05868565 0.01615223
v -0.10835483 0.05484530 0.01873626
v -0.11405266 0.04139677 0.03185686
v -0.10655023 0.04723875 0.03464156
v -0.10067268 0.04894665 0.03838464
v 0.09243885 -0.05115949 -0.04804497
v -0.04183365 -0.02146265 -0.04387844
v -0.03096780 0.02473510 -0.04620355
v -0.02509968 0.02285987 -0.04744349
v -0.05282760 -0.01709955 -0.05255819
v -0.04655039 -0.03123651 -0.04337816
v -0.05493681 -0.03583805 -0.05028446
v -0.06424100 -0.04485222 -0.05375619
v -0.04950127 -0.03547487 -0.04669637
v -0.04633178 -0.05159799 -0.05771118
v -0.03212244 -0.06536099 -0.06502146
v -0.04012960 -0.05533186 -0.06003359
v -0.03171748 -0.05793034 -0.06415080
v -0.02788185 -0.06024579 -0.06356709
v -0.02752190 -0.05947176 -0.06196197
v -0.03857549 -0.03826769 -0.03843865
v -0.08356613 -0.01709218 0.01099084
v -0.06442580 -0.02792101 0.01116187
v -0.06876394 -0.02344347 0.02657909
v -0.07872409 -0.01945307 0.01901693
v -0.09212057 -0.01525859 0.01156059
v -0.11016787 -0.01452997 -0.01335650
v -0.11326452 -0.00327945 -0.00863370
v -0.11575682 -0.00040853 -0.01117290
v -0.10940095 -0.00543697 0.00544302
v -0.11561473 -0.00745438 0.01028987
v -0.11440892 0.00283364 0.00318766
v -0.11853676 0.00318297 0.00713889
v -0.11092538 0.00822038 -0.00424605
v -0.11176744 0.01309513 -0.00521623
v -0.11973205 0.01065011 0.00723880
v -0.10902540 -0.01348991 0.01306224
v -0.11227832 -0.01079137 0.01129999
v -0.07261641 -0.02904331 0.03569176
v -0.07977843 -0.03153008 0.03331912
v -0.10286964 -0.02380276 0.02079999
v -0.11412829 0.00824234 0.00169506
v -0.11539760 0.01342820 0.00239280
v -0.11122441 0.01491184 -0.00226571
v -0.11228403 0.00156534 -0.00514788
v -0.11711616 -0.00619298 -0.01944022
v -0.11214516 -0.01495943 -0.01782442
v -0.09821818 -0.03627595 -0.02701260
v -0.09908547 -0.03494102 -0.02925217
v -0.10234117 -0.03104962 -0.02345750
v -0.11853048 0.00134335 -0.02064854
v -0.11874428 0.00976501 -0.01691600
v -0.11899366 0.00843520 -0.01922634
v -0.09036874 -0.03736617 -0.03540505
v -0.07900666 -0.04990005 -0.04390337
v -0.03471436 -0.05031116 -0.03838195
v -0.08860383 -0.03200346 0.02800660
v -0.12563628 -0.02965643 0.02568505
v -0.09169123 -0.04389221 0.03577198
v -0.09001708 -0.04256153 0.03796235
v -0.10022369 -0.05267450 0.03290942
v -0.10188305 -0.05729458 0.03242334
v -0.04225602 0.02574245 -0.04502220
v -0.04626320 0.02803906 -0.04608238
v -0.05545492 0.04393410 -0.04153981
v -0.04778428 0.02148326 -0.04937650
v -0.05127458 0.02074372 -0.05085859
v -0.06137698 0.03872679 -0.04578249
v -0.06201707 0.03676483 -0.04887805
v -0.06339667 0.03231122 -0.05130727
v -0.05926457 0.00682907 -0.05346753
v -0.06126190 0.01059503 -0.05233845
v -0.06492990 0.04043125 -0.04697436
v -0.08054925 0.03047144 -0.04753513
v -0.08185762 0.01396635 -0.04900217
v -0.07838403 0.01240181 -0.05056099
v -0.08953561 0.01948667 -0.04845325
v -0.08470246 0.03492792 -0.04581553
v -0.07441567 0.03796260 -0.04709164
v -0.07968301 0.04164404 -0.04474414
v -0.08911674 0.04380887 -0.04070662
v -0.11050434 0.03373650 -0.02419241
v -0.10882454 0.03396752 -0.02874494
v -0.10664044 0.03568809 -0.03178213
v -0.10741679 0.02944054 -0.03779928
v -0.11399020 0.02491762 -0.02719006
v -0.11177655 0.03333349 -0.01912572
v -0.11532566 0.02083816 -0.02457286
v -0.11688799 0.02105929 -0.02043192
v -0.11351405 0.01176583 -0.03339995
v -0.11371995 0.01659725 -0.03202418
v -0.11962057 0.01253741 -0.01954519
v -0.11057353 0.03621440 -0.01536290
v -0.11020856 0.03697537 -0.01334984
v -0.11392774 0.03978965 -0.00930101
v -0.11372645 0.02404925 -0.00828456
v -0.11197996 0.02148841 -0.00568117
v -0.11488512 0.03175153 -0.00744399
v -0.11699546 0.04980808 -0.00381906
v -0.11129510 0.02342749 -0.00428765
v -0.11845288 0.01675881 0.00571439
v -0.05346693 0.00614745 -0.05389990
v -0.05999056 -0.00437472 -0.05549468
v -0.05381243 -0.00563561 -0.05419873
v -0.06914326 0.01020266 -0.05252621
v -0.09366848 0.00987052 -0.04786085
v -0.09307432 -0.02533334 -0.03936540
v -0.09976919 -0.02892647 -0.03192774
v -0.10123200 0.01280889 -0.04360629
v -0.11247285 0.00500610 -0.03398556
v -0.11386475 -0.00426324 -0.02945335
v -0.10623393 -0.00773386 -0.03673145
v -0.10718863 -0.01180008 -0.03591841
v -0.10881953 -0.01340045 -0.03344308
v -0.10986889 -0.01525340 -0.03053921
v -0.09395554 -0.00871811 -0.04440305
v -0.13458519 -0.04938957 0.02735003
v -0.12064211 -0.03861957 0.02274032
v -0.10820956 -0.06206747 0.02307994
v -0.10391451 -0.06623202 0.02280066
v -0.12518895 -0.06723258 0.02048202
v -0.12610748 -0.07217020 0.02187605
v -0.11514422 -0.07765499 0.02762550
v -0.09673413 -0.07422543 0.02467408
v -0.09585078 -0.07186119 0.02421969
v 0.07681334 -0.00768062 0.02752050
v 0.07478078 -0.01177813 0.03301967
v 0.08532391 -0.00298178 0.01889147
v 0.07598174 -0.01160471 0.01626066
v 0.07576249 -0.01168936 0.01996036
v 0.07258981 -0.01474003 0.01743571
v 0.06974901 -0.01740049 0.02055600
v 0.06940514 -0.01673220 0.01554155
v 0.06218776 -0.02095209 0.01563173
v 0.07141953 -0.01824566 -0.00138620
v 0.06831117 -0.01833675 -0.00587349
v 0.08652173 -0.01359863 -0.00180854
v 0.07632527 -0.01622159 -0.00958538
v 0.06939413 -0.01433742 -0.01557428
v 0.06628610 -0.01719403 -0.01378197
v 0.05628485 -0.02388797 0.01060424
v 0.05075035 -0.02426382 0.02048796
v 0.05127423 -0.02611364 0.01135972
v 0.04861891 -0.02647040 0.01292968
v 0.04109807 -0.02865857 0.00101021
v 0.03638317 -0.02917322 -0.01373677
v 0.03752632 -0.02797081 0.01169452
v 0.02017086 -0.01416742 0.03779751
v 0.02286543 -0.01959469 0.03313808
v 0.02480602 -0.02359208 0.02716359
v 0.02315768 -0.02724546 0.02199142
v 0.02492652 -0.02932140 0.01540240
v -0.00131254 -0.03159550 0.01903639
v -0.01513342 -0.03271752 0.01842867
v 0.10951657 -0.00949127 0.00664461
v 0.10358416 -0.01293911 -0.00399043
v 0.10864015 -0.01382016 -0.00246037
v 0.11698388 -0.01618226 -0.00061612
v 0.10955765 -0.01555514 -0.01202610
v 0.10003684 -0.01289422 -0.00581685
v 0.06708929 -0.01352832 -0.01839274
v 0.03838262 -0.03071553 -0.01677129
v 0.02988925 -0.03107633 -0.00405992
v 0.01124597 -0.03259302 -0.00707937
v -0.00244203 -0.03470713 0.00210139
v -0.01067623 -0.03459021 -0.00691359
v -0.01726334 -0.03310317 -0.01105263
v -0.05735347 -0.02828090 0.02140824
v -0.02569756 -0.03361499 -0.00892282
v -0.02497725 -0.03406268 -0.00364353
v -0.04942382 -0.03058347 0.02008553
v 0.06466480 -0.03111017 -0.02060757
v 0.06864674 -0.03868123 -0.02343770
v 0.05188900 -0.03008750 -0.01685538
v 0.05613469 -0.03284876 -0.01937981
v 0.07269615 -0.05131103 -0.02851355
v 0.07560546 -0.05442439 -0.03031930
v 0.07144542 -0.05466289 -0.02901114
v 0.06481007 -0.05312782 -0.02754844
v 0.07893098 -0.07186717 -0.02919096
v 0.07479035 -0.07319504 -0.03301666
v 0.07119917 -0.06987124 -0.03406315
v 0.07121950 -0.07408368 -0.03836551
v 0.07437118 -0.07511050 -0.03661104
v 0.07653169 -0.07562831 -0.03914721
v 0.08699646 -0.07740621 -0.03234075
v 0.08836393 -0.06980084 -0.04240936
v 0.08560771 -0.07313465 -0.04693154
v 0.08271457 -0.07400966 -0.04766156
v 0.07057774 -0.07382136 -0.04306846
v 0.07931053 -0.07444938 -0.04934696
v 0.08787902 -0.07259256 -0.04876120
v 0.08342755 -0.07194551 -0.05415300
v 0.05527057 -0.05392028 -0.02958227
v 0.05232581 -0.04884674 -0.02703342
v -0.03645495 -0.01235276 -0.03733126
v -0.03828023 -0.01646957 -0.03823242
v -0.03851327 -0.01844776 -0.03301643
v -0.03757219 -0.02175581 -0.02650002
v -0.03933060 -0.02203531 -0.03366861
v -0.04726280 -0.03052864 -0.01319474
v -0.04520950 -0.02904697 -0.01762984
v -0.04253953 -0.03954609 -0.03172119
v -0.06772561 -0.02742193 -0.00240349
v -0.05490401 -0.03562919 -0.01971410
v -0.07284577 -0.03166703 -0.01288506
v -0.06663024 -0.04506688 -0.02031114
v -0.03906181 -0.04219329 -0.03824455
v -0.06661003 -0.05009737 -0.02198151
v -0.08462244 -0.01874190 0.00548264
v -0.08699483 -0.02094577 -0.00199735
v -0.09819391 -0.02314954 -0.01035924
v -0.10934973 -0.01041723 -0.00895387
v -0.09115337 -0.04377415 -0.02723969
v -0.07498885 -0.06677039 -0.03511622
v -0.08257322 -0.04865398 -0.02421027
v -0.06387554 -0.06415512 -0.02460720
v -0.05091512 -0.06128798 -0.02537240
v -0.03392061 -0.05916554 -0.03192563
v -0.03561332 -0.05697457 -0.04491271
v -0.03523586 -0.05742025 -0.04696333
v -0.03312081 -0.05825982 -0.04133299
v -0.02641794 -0.05937465 -0.05118980
v -0.02064229 -0.07005391 -0.05947350
v -0.01936553 -0.07316358 -0.05609803
v -0.02025168 -0.07296918 -0.05117014
v -0.02166939 -0.06441643 -0.04729917
v -0.03139914 -0.05828995 -0.03491450
v -0.02907893 -0.06051029 -0.03499710
v -0.02694659 -0.06452384 -0.03222880
v -0.02236297 -0.07563853 -0.03903444
v -0.02498117 -0.06463405 -0.03346808
v -0.02368448 -0.06670163 -0.03377886
v -0.02389102 -0.07480890 -0.02787022
v -0.02322695 -0.07719428 -0.03028525
v -0.02942663 -0.07903376 -0.03400059
v -0.03889840 -0.08077500 -0.04608317
v -0.05968624 -0.07897719 -0.02992241
v -0.06143761 -0.08047350 -0.03298103
v -0.04037293 -0.07335618 -0.02133199
v -0.06131718 -0.07189727 -0.02631944
v -0.04939261 -0.07744072 -0.02353747
v 0.01412620 0.01926881 -0.03922218
v -0.00451222 0.02619781 -0.04569844
v 0.02681943 -0.02147984 -0.03950491
v 0.02770153 -0.03609762 -0.03671304
v 0.03617564 -0.03577179 -0.04033665
v 0.01593117 -0.01697670 -0.02946745
v 0.01385133 -0.01898788 -0.02699354
v 0.01812231 -0.02432858 -0.02469973
v 0.02126749 -0.02694753 -0.02515049
v 0.02014703 -0.02802826 -0.03121756
v 0.03711957 -0.04395654 -0.03906228
v 0.01840449 -0.02784359 -0.01672914
v 0.00201563 -0.02987539 -0.01601147
v -0.00101185 -0.03205974 -0.01301162
v -0.00760796 -0.01104738 -0.03728078
v -0.01419553 -0.02729923 -0.02246462
v -0.01603995 -0.02486546 -0.02639221
v -0.00582485 -0.03246339 -0.01230313
v -0.02591325 -0.02451836 -0.02540884
v -0.01422578 -0.01059978 -0.03874623
v -0.00196360 -0.00861176 -0.03762587
v -0.00859763 -0.00191289 -0.04234846
v -0.03190638 -0.01463023 -0.03491896
v -0.03638936 0.00184532 -0.04350670
v -0.03768059 -0.00122007 -0.04324239
v -0.03423351 -0.02053398 -0.02868128
v -0.04200296 -0.03148414 -0.01340787
v -0.01390380 0.02445366 -0.04739464
v -0.02655440 0.01634076 -0.04716697
v -0.03833497 -0.00399094 -0.04341533
v -0.02049032 0.02003705 -0.04796730
v -0.01306052 0.01733004 -0.04768459
v 0.05598374 -0.04138608 -0.04475751
v 0.04336014 -0.04286173 -0.04236816
v 0.04733500 -0.05462213 -0.03926229
v 0.03901034 -0.04701353 -0.03841547
v 0.09037247 -0.06922151 -0.05357782
v 0.08852688 -0.06657328 -0.05503890
v 0.07019517 -0.05650881 -0.04845442
v 0.07089868 -0.06340539 -0.05180198
v 0.06578480 -0.06374644 -0.04713922
v 0.06003867 -0.06270389 -0.04075501
v 0.07027782 -0.06727622 -0.05088836
v 0.06916650 -0.07105000 -0.04656053
v 0.05960511 -0.06221687 -0.03828070
v 0.00225499 0.00242704 -0.04088031
v 0.00611701 -0.00289268 -0.03816715
v 0.01229542 -0.00639533 -0.03433100
v -0.12437877 -0.00226459 0.01537645
v -0.12660725 0.00270625 0.03448276
v -0.12143635 -0.02281743 0.04343482
v -0.12673074 -0.02632521 0.03421317
v -0.12784229 -0.02985411 0.03371149
v -0.12493862 -0.01797598 0.02757453
v -0.12581739 -0.01010794 0.02533034
v -0.13061611 -0.03350751 0.03376507
v -0.13296938 -0.05379386 0.03694135
v -0.11991978 0.04273331 -0.00048799
v -0.11857066 0.02766825 0.00116337
v -0.11906969 0.02670536 0.00777836
v -0.11802008 0.03826651 0.00510867
v -0.12341820 0.01861202 0.01484723
v -0.12671898 -0.00143159 0.02097675
v -0.11896798 0.03403715 0.01901657
v -0.12125146 0.02906564 0.02108117
v -0.12640712 0.01398461 0.02314330
v -0.12772582 0.01021717 0.02789273
v -0.12292416 0.02449799 0.02570944
v -0.11677310 0.03777073 0.03122285
v -0.12635919 -0.00922530 0.03016490
v -0.11608923 -0.00167532 0.04698662
v -0.12743786 -0.00285018 0.03445782
v -0.13330171 -0.05557406 0.02840230
v -0.12838843 -0.07543614 0.03125024
v 0.14408778 0.02023096 -0.03001999
v 0.12115270 -0.01955710 -0.01232949
v 0.13267925 -0.01368972 -0.00821010
v 0.13187696 -0.01421508 -0.01489773
v 0.13260145 -0.00572184 -0.02472617
v 0.13506840 -0.00791579 -0.02318166
v 0.13908462 -0.01532006 -0.01519211
v 0.14280498 -0.01581901 -0.01915761
v 0.14670599 -0.01513531 -0.02247570
v 0.15142502 -0.01091840 -0.02612061
v 0.15311755 -0.00238730 -0.02809267
v 0.14136504 -0.00334147 -0.02647345
v 0.14704677 -0.00230082 -0.02742199
v 0.13727982 -0.00204183 -0.02586982
v 0.13750571 0.00765317 -0.02965888
v 0.12173175 -0.01463566 -0.02830247
v 0.12148736 -0.01756659 -0.02103330
v 0.11609448 -0.01262246 -0.03103475
v 0.13942604 0.01714458 -0.03362308
v 0.13328025 0.01721844 -0.03860708
v 0.15852284 -0.01268022 -0.01885373
v 0.15736063 -0.01286473 -0.02396615
v 0.15936941 -0.01147600 -0.02327004
v 0.16183725 -0.00407210 -0.02122944
v 0.16260993 -0.00606241 -0.01736340
v 0.16258888 -0.00878916 -0.01554912
v 0.16226660 -0.00668768 -0.00964313
v 0.15912642 0.00906081 -0.02055679
v 0.14783172 0.01492917 -0.02459251
v 0.14996248 0.01710009 -0.02270213
v 0.15144929 0.02099073 -0.02083931
v 0.14595805 0.02426356 -0.02259044
v 0.14889160 0.02715087 -0.02260583
v 0.15040986 0.02983959 -0.01969523
v 0.15613356 0.01890420 -0.01575447
v 0.15942231 0.01131620 -0.01798594
v 0.16142628 0.00332290 -0.01225831
v 0.04723806 -0.02557222 0.02258708
v 0.06620196 -0.02353549 0.02738575
v 0.05724586 -0.02683152 0.02311305
v 0.06221814 -0.02621332 0.02520652
v 0.06720455 -0.02985870 0.03024886
v 0.03578386 -0.03997399 0.03621722
v 0.03012605 -0.02697535 0.03047507
v 0.04046970 -0.04036347 0.03349022
v 0.04789184 -0.05765114 0.03725321
v 0.05262357 -0.06146791 0.03589407
v 0.05172577 -0.07023904 0.04350724
v 0.06444094 -0.06279670 0.03199029
v 0.05980514 -0.07501604 0.03249164
v 0.05629626 -0.07284883 0.03509404
v 0.07624526 -0.07797303 0.05276193
v 0.07469288 -0.07437209 0.02770528
v 0.07990343 -0.07807416 0.04172717
v 0.06523606 -0.07771821 0.03312471
v 0.06172969 -0.07789592 0.04937360
v 0.05880054 -0.07723978 0.04831979
v 0.05514974 -0.07479609 0.04553580
v 0.06975343 -0.07838719 0.03428422
v 0.06222279 -0.00831033 -0.03380488
v 0.06564452 -0.00863276 -0.02814483
v 0.06668306 -0.00310629 -0.02883748
v 0.06785891 -0.01804891 -0.02204985
v 0.06496709 -0.01978560 -0.01780836
v 0.07217026 -0.02585756 -0.03026125
v 0.07383386 -0.03481136 -0.02716854
v 0.07641151 -0.03630554 -0.02939546
v 0.08267957 -0.06336576 -0.03216505
v 0.08890340 -0.06715661 -0.02713299
v 0.09293614 -0.06859747 -0.02858099
v 0.08928730 -0.07373270 -0.02269206
v 0.09110315 -0.06452988 -0.02920894
v 0.09073865 -0.06616231 -0.03246501
v 0.08726355 -0.06691726 -0.03719471
v 0.09142213 -0.06733476 -0.04540371
v 0.09403025 -0.05507490 -0.04490201
v 0.08099198 -0.04789253 -0.04367229
v 0.09201293 -0.04964891 -0.04599519
v 0.08411559 -0.06325864 -0.03504688
v -0.05179855 -0.05954946 -0.05876411
v -0.05545126 -0.06014406 -0.05783720
v -0.07408318 -0.05555268 -0.04547077
v -0.02921093 -0.06853642 -0.06378459
v -0.09012271 -0.04585784 -0.02834274
v -0.08085442 -0.06162887 -0.03283505
v -0.07026790 -0.07171372 -0.03740238
v -0.03788725 -0.08058114 -0.05522943
v -0.05882412 -0.07117734 -0.05488458
v -0.05648058 -0.07181754 -0.05601554
v -0.06667778 -0.07460093 -0.03926268
v -0.06224971 -0.07525697 -0.04099160
v -0.05876988 -0.08051483 -0.03619660
v -0.05744816 -0.07624070 -0.04349436
v -0.05422587 -0.07561435 -0.05516793
v -0.04692752 -0.07922807 -0.05583808
v -0.05085044 -0.07640952 -0.04893645
v 0.14954625 0.03437680 -0.00979825
v 0.15173541 0.02514082 -0.01201098
v 0.13393274 0.05113523 -0.00641963
v 0.14100106 0.04695355 -0.00528357
v 0.15362498 0.02348689 -0.01577298
v 0.15139219 0.01981243 -0.00864957
v 0.14890382 0.01498296 0.00444319
v 0.14572963 0.02566987 0.00505200
v 0.14581648 0.02176275 0.00821295
v 0.13920557 0.04220752 0.00319613
v 0.13414018 -0.00390821 0.01549949
v 0.14274839 -0.01665381 -0.01610422
v 0.13674319 -0.01082935 -0.00725705
v 0.14668435 -0.00690578 -0.00632402
v 0.15124097 -0.00472936 -0.00511877
v 0.13818865 -0.00253320 0.01154075
v 0.13694412 -0.00618513 0.00840459
v 0.13666297 -0.00764759 0.00200900
v 0.13485183 -0.01039367 -0.00275758
v 0.15250625 -0.00066662 -0.00405967
v 0.16027255 -0.00139821 -0.00695046
v 0.06880119 -0.03724715 0.03525452
v 0.07121830 -0.04497147 0.04213965
v 0.07263500 -0.05288827 0.03681990
v 0.07282256 -0.05077816 0.04208286
v 0.07327814 -0.05505552 0.04893063
v 0.08170813 -0.06668425 0.03173544
v 0.07921836 -0.06326002 0.03117159
v 0.07766443 -0.06593323 0.02862819
v 0.08019357 -0.06606972 0.02918542
v 0.08164336 -0.06826767 0.03060675
v 0.08183224 -0.07708423 0.03768967
v 0.06505708 0.05022950 0.03145728
v 0.05136816 0.02978187 0.04494924
v 0.06403220 0.02689210 0.04205119
v 0.07725274 0.04223049 0.02527404
v 0.07621125 0.04858694 0.02159825
v 0.07842319 0.06054258 0.00393203
v 0.07937544 0.04777111 0.02016217
v 0.07191221 0.01949682 0.03686680
v 0.07088050 0.01541515 0.03842322
v 0.08546361 0.03943184 0.02382232
v 0.08677507 0.03394027 0.02534281
v 0.07918588 0.01239340 0.03244091
v 0.08162354 0.01590136 0.03000847
v 0.08198643 0.00803608 0.02934206
v 0.08657449 0.01112779 0.02555540
v 0.07691288 0.00344104 0.03411716
v 0.06900901 0.01326091 0.04114568
v 0.06001667 0.02323608 0.04497097
v 0.04939818 0.02706538 0.04641533
v 0.07243676 0.00505139 0.04276972
v 0.05985378 0.00781503 0.04790532
v 0.04934232 0.02195104 0.04804914
v 0.03845327 0.03208031 0.04710856
v 0.04066715 0.02521965 0.04901072
v 0.03375148 0.03932250 0.04405165
v 0.06458139 0.06596676 0.00848617
v 0.07719789 0.06064717 -0.00018811
v 0.03095397 0.06217836 0.02492356
v 0.03610472 0.06144373 0.02568550
v 0.03168950 0.05948393 0.02832010
v 0.02630612 0.06056202 0.02639530
v 0.00982307 0.06554365 0.02509294
v 0.00066088 0.06300208 0.03235474
v 0.00638590 0.05556500 0.03856115
v 0.00968589 0.04982797 0.04194389
v 0.01964224 0.02833468 0.04787580
v 0.05868736 0.00096021 0.04927992
v 0.06977391 -0.01796295 0.03974963
v 0.06671306 -0.03875794 0.04466958
v 0.06443334 -0.03568780 0.04447624
v 0.05793289 -0.04125624 0.05037247
v 0.05534044 -0.03916306 0.05123203
v 0.06519189 -0.03101581 0.04289985
v 0.05902852 -0.02877825 0.04954224
v 0.06116628 -0.02451385 0.04517828
v 0.05125295 -0.03828616 0.05301033
v 0.04709792 -0.04390873 0.05395572
v 0.04185031 -0.02410883 0.04965851
v 0.05959703 -0.02180550 0.04320395
v 0.06166010 0.00021117 0.04759093
v 0.06173375 -0.01469001 0.04038104
v 0.05861158 -0.01372224 0.03879361
v 0.05911094 -0.00428148 0.04653293
v 0.05287703 -0.00753837 0.04463542
v 0.05602181 -0.01438978 0.04017017
v 0.05799967 -0.01537922 0.04008573
v 0.05452638 -0.01987110 0.04583830
v 0.03499708 -0.01940305 0.04740009
v 0.02751534 -0.01478743 0.04732929
v 0.02887889 -0.01114944 0.04813123
v 0.02996316 -0.00669086 0.04927163
v 0.04894500 -0.00583401 0.04895699
v 0.02592645 -0.00266038 0.04918047
v 0.02414388 -0.01330223 0.04577599
v 0.02981157 -0.02409320 0.04599063
v 0.02620191 -0.01919905 0.04541988
v 0.02367535 0.00741056 0.04936562
v 0.03276297 0.01117435 0.05113001
v 0.01321471 -0.01004509 0.04315939
v -0.00267404 -0.02346166 0.03804811
v -0.00973646 -0.01782395 0.04560029
v 0.00293315 -0.02442483 0.03489358
v 0.02697214 -0.02567645 0.04094110
v -0.00109699 -0.00910516 0.04924501
v -0.02296715 -0.02230272 0.04155752
v -0.01296180 -0.01105287 0.05055187
v -0.01348135 0.00435527 0.05605837
v 0.01302169 0.00959227 0.05100050
v 0.00402546 0.02415992 0.05384453
v -0.00467419 0.03135619 0.05427162
v 0.01834497 0.03591603 0.04557237
v 0.00789096 0.03888884 0.04886815
v -0.00221526 0.03649183 0.05219774
v -0.00014834 0.05785987 0.03833693
v -0.00058476 0.05432779 0.04175413
v -0.00715276 0.06628528 0.02970074
v -0.00511722 0.04758918 0.04741069
v -0.01796410 0.04908242 0.04801090
v 0.08898871 0.05535139 0.00820612
v 0.11014988 0.05573124 0.00137168
v 0.11730532 0.05417372 0.00202407
v 0.08683296 0.04838163 0.01755487
v 0.11511711 0.04817074 0.02194562
v 0.11190993 0.04571693 0.01872601
v 0.12258291 0.03301531 0.02061290
v 0.11730317 0.05397191 0.02494819
v 0.11855231 0.05043889 0.02669463
v 0.12099995 0.05544649 0.02343874
v 0.12576137 0.04107179 0.01986660
v 0.11942938 0.02338672 0.02372573
v 0.13510008 0.02224534 0.02031402
v 0.11066676 0.02571152 0.02267599
v 0.09962977 0.02568283 0.02430466
v 0.10499842 0.02087102 0.02316567
v 0.10505217 0.02512726 0.02339801
v 0.12603587 0.01656967 0.02558306
v 0.13351627 0.00455695 0.02242861
v 0.11928394 -0.00272411 0.01917736
v 0.09056526 0.01320689 0.02440788
v 0.12273519 0.05222918 0.00157091
v 0.11580400 0.05525270 0.01526767
v 0.11720604 0.05575333 0.01716310
v 0.11578970 0.05534194 0.01907317
v 0.11895794 0.05612178 0.01816390
v 0.12095612 0.05545365 0.02040104
v 0.11893176 0.05222890 0.01423462
v 0.13100106 0.05305517 0.02001677
v 0.12695675 0.04682709 0.01781784
v 0.12518840 0.04135487 0.01595420
v 0.12220603 0.04600041 0.01290114
v 0.13833001 0.01938368 0.01930664
v 0.13694000 0.00347948 0.02001143
v -0.05895986 -0.02673796 0.02363497
v -0.06098075 -0.02585618 0.02528354
v -0.05924011 -0.02295106 0.03039212
v -0.01757315 0.01858139 0.05755403
v -0.02051529 0.01401514 0.05758409
v -0.03423536 0.02245475 0.05605796
v -0.02622957 0.01245386 0.05733173
v -0.04670169 0.01357790 0.05368415
v -0.04415227 0.02752686 0.05300428
v -0.03004944 0.04688287 0.04967525
v -0.01493898 0.06952225 0.02621161
v 0.04162184 -0.05057248 0.04669192
v 0.05572223 -0.05460477 0.05761569
v 0.07608701 -0.05840449 0.05246869
v 0.05910156 -0.04902612 0.05858973
v 0.07808840 -0.06336161 0.05536062
v 0.08263221 -0.07145321 0.05424041
v 0.08298260 -0.07459228 0.05306042
v 0.08398614 -0.07219040 0.05090338
v 0.05408940 -0.06788956 0.05653186
v 0.07430986 -0.07583566 0.05653518
v 0.06920374 -0.06406800 0.06128996
v 0.07086606 -0.06237993 0.06163293
v 0.05912180 -0.06111842 0.06004056
v 0.06228200 -0.06617998 0.05962633
v 0.06626046 -0.07229702 0.05872583
v 0.06800675 -0.07640936 0.05800407
v 0.05871935 -0.07270020 0.05882506
v 0.05793620 -0.07414617 0.05645169
v 0.10902996 0.01599846 0.02203488
v 0.05095359 -0.01157703 0.04043281
v 0.05381867 -0.01269086 0.04026987
v -0.03791072 0.00575510 0.05557248
v -0.04103357 -0.01620477 0.04599133
v -0.04433835 -0.02669240 0.03218577
v -0.07387845 -0.02690517 0.04370183
v -0.08020289 -0.02956835 0.04650742
v -0.06895433 -0.02301722 0.04538476
v -0.06368221 -0.00926973 0.04952929
v -0.06343763 -0.01565431 0.04487954
v -0.06222971 -0.00493312 0.04872527
v -0.05255990 -0.01314092 0.04445704
v -0.05538165 0.00257114 0.04994458
v -0.05754374 0.00700247 0.05002086
v -0.05180588 0.00957133 0.05191288
v -0.06530087 0.01954865 0.04899289
v -0.06068766 0.01343289 0.04927300
v -0.06521273 0.03767016 0.04432632
v -0.06987940 0.03542008 0.04791923
v -0.06497742 0.01484233 0.04909362
v -0.06557675 0.01124909 0.04947075
v -0.07391182 0.02260720 0.05274242
v -0.07577939 0.02499831 0.05275349
v -0.07627863 0.00801111 0.05347938
v -0.08261447 0.00329197 0.05353445
v -0.08764450 0.00518899 0.05283131
v -0.09236758 0.00134513 0.05316905
v -0.07071427 -0.00408715 0.05392417
v -0.09177076 -0.00210520 0.05203303
v -0.08882890 0.00861031 0.05291521
v -0.08297661 0.02030886 0.05270721
v -0.07971612 0.02813512 0.05201960
v -0.07770377 0.03032381 0.05122373
v -0.05949166 0.04455361 0.04124162
v -0.09342722 0.01050281 0.05303037
v -0.10345469 0.01127452 0.05210571
v -0.09580757 -0.00450857 0.05351240
v -0.10910138 0.00291156 0.05162783
v -0.10902783 0.01408991 0.04906841
v -0.10250153 0.01990742 0.05052844
v -0.10234807 -0.01161842 0.05310845
v -0.08753172 -0.01063967 0.05239891
v -0.08333769 -0.01266295 0.05288280
v -0.08509077 -0.02116770 0.05178806
v -0.11251164 -0.02037354 0.04915282
v -0.10062872 -0.05140505 0.04418372
v -0.10059260 -0.05883670 0.04011387
v -0.10295942 -0.05189097 0.04571303
v -0.10341719 -0.05300863 0.04792703
v -0.10233222 -0.05048319 0.04743943
v -0.10834988 -0.05421146 0.04980278
v -0.10675059 -0.05769908 0.04462726
v -0.10406211 -0.06476274 0.04364471
v -0.09479845 -0.06293470 0.03494731
v -0.10905776 -0.06329182 0.04746906
v -0.11334642 -0.06933971 0.05051916
v -0.11540101 -0.06064927 0.05098323
v -0.11812459 -0.05780339 0.05068958
v -0.11518893 -0.06595229 0.05073969
v -0.11853909 -0.07307194 0.04793334
v -0.10448377 -0.04692399 0.04843101
v -0.10718201 -0.04166570 0.05165188
v -0.10625787 -0.03373640 0.04971752
v -0.11204696 -0.03635878 0.05044494
v -0.09891708 -0.03715289 0.04752601
v -0.08968198 -0.03484324 0.04593408
v -0.11829738 -0.02875707 0.04764282
v -0.05513578 -0.01896982 0.03795790
v -0.06845307 -0.00195855 0.05256650
v -0.09967655 0.01062943 0.05298677
v -0.08915053 0.02067776 0.05169249
v -0.09193362 0.02726908 0.05059078
v -0.06993207 0.04600945 0.04142780
v -0.07473420 0.04881328 0.04164748
v -0.03331719 0.04266929 0.05111819
v -0.03268084 0.06267580 0.03653733
v -0.07447750 0.06474867 0.02894793
v -0.06329629 0.06331818 0.03201691
v -0.07621605 0.05278701 0.03878542
v -0.08108672 0.05427113 0.03724447
v -0.08488200 0.05184734 0.03885727
v -0.09048976 0.05045093 0.04099619
v -0.09123378 0.04782522 0.04211402
v -0.11062540 0.03374593 0.04205131
v -0.10260441 0.04017429 0.04360576
v -0.09032851 0.03956299 0.04626566
v -0.11543359 0.03089666 0.04063186
v -0.02770640 0.04193204 0.05212310
v -0.11861016 -0.07502875 0.04648557
v -0.11639570 -0.07504781 0.04885623
v -0.11552761 -0.07830825 0.04008757
v -0.10103212 -0.06878518 0.04473238
v -0.09191266 -0.07491679 0.03503119
v -0.09115673 -0.07322369 0.03935275
v -0.09570205 -0.07709236 0.03417866
v 0.08337866 0.05896386 0.00273869
v 0.08883252 0.05742860 0.00290796
v 0.05618697 0.06851777 0.01582629
v 0.05655477 0.06979727 0.01197088
v 0.06323686 0.06681034 -0.00357667
v 0.05330068 0.06404059 -0.00590209
v 0.07098716 0.06299425 -0.00377641
v 0.07428083 0.06099645 -0.00422684
v 0.06895260 0.06236664 -0.00885532
v 0.06074742 0.06096358 -0.01410857
v 0.07017223 0.05304689 -0.01962796
v 0.08288089 0.05463069 -0.00881293
v 0.04799969 0.06351402 -0.00525318
v 0.01318842 0.07105006 0.00949736
v 0.00468680 0.07370214 0.00427232
v 0.01202412 0.07143883 0.00024285
v -0.00583405 0.07536095 0.00080228
v 0.00008067 0.07187042 -0.01227785
v 0.04212935 0.06074680 -0.01167304
v 0.04525309 0.05141395 -0.02368543
v 0.03303624 0.04930370 -0.02338582
v 0.05358006 0.03731827 -0.03101947
v 0.05694972 0.03843892 -0.03016179
v 0.07496069 0.04812537 -0.02100129
v 0.08531807 0.04659463 -0.01636449
v 0.08708711 0.03885700 -0.02179358
v 0.09126765 0.05085908 -0.01083545
v 0.09648757 0.04753796 -0.01504284
v 0.09715223 0.04142436 -0.02124574
v 0.09739479 0.03336363 -0.02662697
v 0.09906733 0.03723949 -0.02471650
v 0.10418670 0.02269961 -0.03214489
v 0.10520568 0.04164487 -0.02443757
v 0.10891818 0.04605760 -0.02062654
v 0.10509607 0.05587312 0.00186628
v 0.11262497 0.05263912 -0.01165288
v 0.11152697 0.04416687 -0.02659755
v 0.11331281 0.04724398 -0.03190622
v 0.11400074 0.05025415 -0.03227493
v 0.11619981 0.05371594 -0.03398394
v 0.12808596 0.04889785 -0.02076710
v 0.12577140 0.05228236 -0.02729196
v 0.13268216 0.04748942 -0.01925853
v 0.13120420 0.03914008 -0.02922914
v 0.14245674 0.03989877 -0.02335184
v 0.13665038 0.03197341 -0.03395072
v 0.12887190 0.03890936 -0.03348327
v 0.12561643 0.05275479 -0.01113111
v 0.11135860 -0.00880298 -0.03358429
v 0.09823585 -0.00071891 -0.02685217
v 0.10265406 -0.00205314 -0.03094071
v 0.11160069 0.02238733 -0.03643527
v 0.11044209 0.03315343 -0.03139517
v 0.12743318 0.03667895 -0.03637478
v 0.13567798 0.02820978 -0.03677920
v 0.13413070 0.02457679 -0.03847291
v 0.12500907 0.01849663 -0.04302814
v 0.11323045 0.02119756 -0.03910567
v 0.11534110 0.01486206 -0.04273464
v 0.11133571 0.01064319 -0.04186614
v 0.10741259 0.00747658 -0.03995312
v 0.04180795 0.06468235 -0.00278594
v 0.02518843 0.06729094 -0.00078835
v 0.03268116 0.05936813 -0.01431438
v 0.01779774 0.06588823 -0.01454518
v 0.01912157 0.05768921 -0.02350527
v 0.02603183 0.04479273 -0.02909818
v 0.03222179 0.04137738 -0.02869527
v 0.07933558 0.03760623 -0.02434625
v 0.09318777 0.00884709 -0.02895762
v 0.08810667 0.00574506 -0.02740848
v 0.03700403 0.02855873 -0.03466780
v 0.03602687 0.03587006 -0.03102043
v 0.03932647 0.03864031 -0.03061307
v 0.02682773 0.03583202 -0.03308428
v 0.02144734 0.03420781 -0.03538407
v 0.01194833 0.04929357 -0.03376077
v 0.01449340 0.04383426 -0.03559636
v 0.00712072 0.03529597 -0.04116103
v 0.00615921 0.02624636 -0.04260704
v 0.03072366 0.03398459 -0.03228636
v 0.03298388 0.02402250 -0.03543526
v 0.03913043 0.00952047 -0.04151171
v 0.02199133 0.01011149 -0.03533547
v -0.00456392 0.03368850 -0.04441973
v -0.00136479 0.02954713 -0.04458401
v 0.04964336 -0.00141158 -0.04064940
v 0.03304628 -0.00249182 -0.04244415
v 0.02555531 0.00072373 -0.03635689
v 0.03666845 -0.01155615 -0.04368391
v 0.02675964 -0.01240283 -0.03949938
v 0.02145175 -0.00086587 -0.03438121
v 0.02203565 -0.00429472 -0.03487506
v 0.04759248 -0.01183278 -0.04080672
v 0.05194508 0.00531468 -0.04020020
v 0.05428104 0.02780616 -0.03654923
v 0.06383869 0.03187596 -0.03144011
v 0.07050727 0.02754386 -0.03018116
v 0.05615718 0.02194990 -0.03714598
v 0.06113289 0.02019120 -0.03479620
v 0.06249212 0.02510952 -0.03394816
v 0.06405547 0.01679079 -0.03257722
v 0.05678698 0.01681690 -0.03781109
v 0.06478792 0.01278979 -0.03235192
v 0.08823143 0.01194833 -0.02883280
v 0.08459036 0.01138170 -0.02880603
v 0.06723510 0.00885726 -0.03103686
v 0.07982355 0.00747941 -0.02860196
v 0.06911196 0.00214584 -0.02881262
v 0.05046235 -0.01051899 -0.04024389
v 0.02512755 -0.01825625 -0.03864619
v 0.12288569 0.05427720 -0.00471138
v -0.00832959 0.07342280 -0.01169831
v -0.00092781 0.06787180 -0.02089193
v -0.01012048 0.04414517 -0.04191557
v 0.00537804 0.05863042 -0.02977678
v -0.01343310 0.04885359 -0.03995471
v -0.01017983 0.05526457 -0.03573683
v -0.01265475 0.06626001 -0.02533336
v -0.02176450 0.07054994 -0.02031660
v -0.01718191 0.07440685 -0.01103109
v -0.02521326 0.07744756 -0.00044639
v -0.03579554 0.06868970 -0.02278754
v -0.01988877 0.03502966 -0.04603959
v -0.02708465 0.05111102 -0.03919498
v -0.03459157 0.05366619 -0.03761527
v -0.03537143 0.04115539 -0.04282213
v 0.06241470 -0.03707463 -0.04502813
v 0.06812727 -0.03354850 -0.04260872
v 0.07525060 -0.04819431 -0.04590623
v 0.07834334 -0.05904915 -0.05321673
v 0.07589690 -0.05662892 -0.04993634
v 0.11955217 0.04234238 -0.03817872
v 0.12209586 0.05788918 -0.03411357
v 0.12795347 0.05270008 -0.03345353
v 0.12152175 0.05679923 -0.03771465
v 0.12789528 0.04547581 -0.03860035
v 0.12764035 0.05042598 -0.03989609
v 0.12114372 0.05003562 -0.04195332
v -0.03903284 0.06823923 0.02923247
v -0.04471516 0.05873209 -0.03330402
v -0.04647472 0.04977080 -0.03893288
v -0.05115755 0.07143823 -0.01545036
v -0.05476268 0.07412332 -0.00870843
v -0.05725196 0.07528250 -0.00436916
v -0.04295272 0.07634080 0.00783770
v -0.03766829 0.07761451 0.00435372
v -0.03621883 0.07661694 0.00871921
v -0.04237852 0.07489763 0.01344599
v -0.06771120 0.07339706 -0.00674839
v -0.06653199 0.04542279 -0.04194956
v -0.07361737 0.05066331 -0.03776202
v -0.07156525 0.06186077 -0.02600099
v -0.06951583 0.07396618 -0.00191021
v -0.07382950 0.07332736 0.00241559
v -0.08261433 0.07025041 0.00601336
v -0.06782041 0.06787554 0.02483452
v -0.05561486 0.07037253 0.02221020
v -0.04931853 0.06796440 0.02808434
v -0.06224654 0.06679153 0.02719454
v -0.08675865 0.06406904 0.02479414
v -0.08602614 0.06665669 0.01809868
v -0.08331897 0.06781288 -0.00983657
v -0.08623961 0.06563283 -0.01213558
v -0.08898216 0.06867617 -0.00304231
v -0.07965949 0.06016036 -0.02654621
v -0.09022859 0.05689995 -0.02591626
v -0.08755071 0.06011860 -0.02276905
v -0.09093207 0.05285297 -0.03034763
v -0.10330650 0.05527239 -0.01310595
v -0.09749107 0.06181600 -0.01034833
v -0.10677330 0.06154779 -0.00379990
v -0.10303782 0.06148113 -0.00671680
v -0.09444280 0.06717601 -0.00211238
v -0.09849206 0.06581599 -0.00203211
v -0.11101212 0.05985391 -0.00262213
v -0.10653336 0.05958179 0.00605808
v -0.11457465 0.05679736 -0.00212391
v -0.11308622 0.05728340 0.00257556
v -0.10301031 0.06252370 0.00567075
v -0.09850445 0.06559823 0.00373121
v -0.09391930 0.06678145 0.00628910
v -0.10789189 0.05178484 0.02559961
v -0.11156482 0.04117804 0.03613439
v -0.10831544 0.04091693 0.03825622
v -0.10291351 0.04902989 0.03577441
v -0.09489584 0.06307206 0.01916139
v -0.09885892 0.05973388 0.02312929
v 0.09157713 -0.05144111 -0.04976754
v -0.04069476 -0.03098679 -0.03894134
v -0.04369655 -0.02738210 -0.04234365
v -0.05166569 -0.02668607 -0.04732814
v -0.06461230 -0.02283744 0.03211177
v -0.01494039 0.03057680 -0.04690659
v -0.04343318 0.02082808 -0.04649140
v -0.04496162 0.01237687 -0.04970163
v -0.04528526 0.00881780 -0.05056461
v -0.04475686 -0.00343915 -0.05087313
v -0.05067005 -0.02214551 -0.04950570
v -0.05465469 -0.02578098 -0.04953425
v -0.05221538 -0.03044127 -0.04753035
v -0.05588710 -0.01809882 -0.05258051
v -0.04951209 -0.01202648 -0.05361176
v -0.06386189 -0.00245761 -0.05557951
v -0.06890860 -0.01953986 -0.05276877
v -0.06878641 -0.04716815 -0.05189034
v -0.07769473 -0.04280579 -0.04640076
v -0.06118464 -0.04273869 -0.05376196
v -0.05973216 -0.05797374 -0.05699041
v -0.08952797 -0.02994548 -0.04008776
v -0.08504137 -0.04309407 -0.03896971
v -0.08273666 -0.04943584 -0.03891721
v -0.04509642 -0.05468957 -0.05958527
v -0.04411354 -0.05086662 -0.05603490
v -0.03404810 -0.05759841 -0.06243145
v -0.03673496 -0.05553849 -0.05987632
v -0.03266399 -0.05728310 -0.06193365
v -0.03887198 -0.05350998 -0.05551415
v -0.04304845 -0.05016748 -0.05309080
v -0.04668268 -0.04280470 -0.04749122
v -0.04417025 -0.03717123 -0.04248758
v -0.04009111 -0.04506478 -0.04007075
v -0.04055836 -0.05177170 -0.04475253
v -0.07027268 -0.02276028 0.02186469
v -0.08444185 -0.01937723 0.01813892
v -0.08802094 -0.01756905 0.01567948
v -0.09383346 -0.01398468 0.00760168
v -0.11557189 -0.00551063 -0.01381395
v -0.11007956 0.00216491 -0.00361473
v -0.09168779 -0.01590073 0.00435469
v -0.10983198 0.00342529 -0.00171947
v -0.11067063 0.00457771 -0.00423315
v -0.11071289 -0.01820484 0.01589568
v -0.10068968 -0.01104724 0.00514781
v -0.09834138 -0.01238631 0.00559170
v -0.08935040 -0.02747876 0.02458767
v -0.09413466 -0.02812778 0.02474592
v -0.12246004 0.00046551 0.01217968
v -0.12147230 -0.00294156 0.01173758
v -0.12229741 0.01081264 0.01091087
v -0.11235908 0.01554953 -0.00531646
v -0.10337489 -0.03161274 -0.02608003
v -0.10462805 -0.02842496 -0.02387405
v -0.11661993 0.00667009 -0.01233731
v -0.11611267 0.00557542 -0.00916985
v -0.11550397 0.00974438 -0.00802920
v -0.09391924 -0.03694681 -0.03227731
v -0.09480511 -0.03206296 0.02655127
v -0.10261935 -0.03119312 0.02492796
v -0.11477801 -0.03347617 0.02335522
v -0.10382403 -0.04601279 0.02828195
v -0.09803177 -0.04355337 0.03045208
v -0.08907219 -0.04059054 0.03559189
v -0.11546697 -0.05237211 0.02328867
v -0.10142288 -0.05119561 0.03105147
v -0.09709973 -0.04985540 0.03421270
v -0.09964629 -0.05445576 0.03427383
v -0.09978530 -0.06040542 0.03147373
v -0.09582967 -0.06029526 0.03465780
v -0.09582347 -0.06203746 0.03289292
v -0.05700026 0.03516482 -0.04717280
v -0.05973817 0.02901028 -0.05167808
v -0.05401761 0.01954822 -0.05222047
v -0.05610181 0.01163870 -0.05353691
v -0.04999001 0.00764448 -0.05295304
v -0.06959402 0.03011337 -0.05027103
v -0.06366255 0.03423836 -0.05089189
v -0.06655017 0.04264626 -0.04491073
v -0.08192852 0.02481078 -0.04854676
v -0.07470731 0.01614331 -0.05151040
v -0.07409775 0.01142440 -0.05281333
v -0.07583068 0.04346872 -0.04124654
v -0.07314499 0.04444919 -0.04091703
v -0.07739851 0.04751759 -0.03989637
v -0.08272731 0.04498307 -0.04162624
v -0.08634673 0.04371605 -0.04252900
v -0.08535139 0.04672747 -0.03907226
v -0.10426039 0.04616478 -0.02186605
v -0.10786732 0.04051000 -0.02367616
v -0.10612609 0.04224050 -0.02556187
v -0.09699817 0.04022583 -0.04006664
v -0.10342010 0.03959061 -0.03347913
v -0.10696274 0.03428389 -0.03483807
v -0.10815569 0.03219466 -0.03549838
v -0.10977019 0.02875216 -0.03482095
v -0.11106129 0.03456099 -0.02107058
v -0.11513838 0.02594421 -0.01989977
v -0.11632586 0.01669586 -0.02636318
v -0.11163713 0.01763585 -0.03559016
v -0.11230062 0.00838810 -0.03417273
v -0.11306996 0.02156254 -0.03402321
v -0.10745203 0.00658792 -0.03778076
v -0.11744960 0.01167117 -0.02450431
v -0.11870589 0.01642878 -0.01978662
v -0.11617555 0.02338380 -0.01730114
v -0.11239905 0.03265881 -0.01200719
v -0.11003029 0.04835360 -0.01103550
v -0.11017302 0.03901171 -0.01343524
v -0.10982823 0.04501620 -0.01170737
v -0.11104844 0.04042187 -0.01171232
v -0.10958977 0.05220306 -0.01020830
v -0.11221165 0.03673462 -0.01065327
v -0.11627559 0.04291248 -0.00785502
v -0.11228481 0.03362175 -0.01055868
v -0.11657114 0.03433061 -0.00661816
v -0.11686244 0.02708347 0.00050803
v -0.11592352 0.01272013 -0.00962128
v -0.11265172 0.01795916 -0.00585276
v -0.11176397 0.01918736 -0.00153751
v -0.05488979 -0.00034532 -0.05404818
v -0.08002330 0.00842014 -0.04973261
v -0.07563878 0.00140823 -0.05163861
v -0.09199611 0.00803957 -0.04785612
v -0.09256723 -0.02104494 -0.04122835
v -0.09532788 0.00342801 -0.04602819
v -0.10176399 0.00943033 -0.04301153
v -0.10088434 0.00360284 -0.04168742
v -0.09274184 -0.00458103 -0.04612131
v -0.10933948 -0.00753386 -0.03396735
v -0.09693869 0.03583820 -0.04195476
v -0.09468776 0.02237311 -0.04672270
v -0.11011895 0.02599797 -0.03672666
v -0.10053109 0.02254518 -0.04382002
v -0.10723276 0.01253759 -0.03887950
v -0.12660189 -0.03924977 0.02408514
v -0.12191007 -0.05170799 0.02230553
v -0.10399536 -0.06389533 0.02420188
v -0.10976615 -0.06816832 0.01991625
v -0.13115531 -0.04571991 0.02555171
v -0.12752898 -0.07276421 0.02382834
v -0.12343363 -0.07255288 0.02000642
v -0.12250744 -0.06470639 0.01993562
v -0.11440601 -0.07286017 0.01962460
v -0.09341866 -0.07106264 0.02938006
v -0.09847298 -0.07685830 0.02783479
v -0.09837446 -0.07756076 0.03181203
v 0.07593216 -0.00301013 0.03599509
v 0.08336753 -0.00008940 0.02382691
v 0.08272809 -0.00760962 0.01542533
v 0.08362219 -0.00890812 0.01285429
v 0.07721061 -0.00955074 0.02200072
v 0.07375368 -0.01494628 0.02622849
v 0.07439511 -0.01351352 0.02937363
v 0.06971422 -0.01678922 -0.01121545
v 0.06582750 -0.01867620 -0.00958393
v 0.06049568 -0.02257686 0.00522382
v 0.05684977 -0.02413546 0.00704866
v 0.05277866 -0.02592187 0.00591115
v 0.04308549 -0.02734514 -0.00751501
v 0.03807169 -0.02871464 -0.00687513
v 0.03207291 -0.03043281 -0.00707057
v 0.03622444 -0.02620635 0.02261815
v -0.01135855 -0.02380214 0.03910500
v 0.02744032 -0.02422023 0.02700768
v 0.01229296 -0.02480632 0.03011029
v 0.12304267 -0.00397477 0.01941360
v 0.11525304 -0.01337460 0.00512315
v 0.11257116 -0.01540852 -0.00514208
v 0.11221293 -0.01727555 -0.01164524
v 0.02755555 -0.02973283 -0.01247657
v 0.07385267 -0.00323094 -0.02548127
v 0.08339190 -0.00193902 -0.02356767
v 0.08182675 -0.00590693 -0.02081221
v 0.08676475 -0.00937800 0.00909748
v 0.09286397 -0.01246545 -0.00538245
v 0.09411427 -0.00982119 -0.01333200
v 0.06291187 -0.02061589 -0.01415178
v 0.05796681 -0.02398849 -0.01345560
v 0.00223888 -0.03389229 0.00425941
v 0.01225483 -0.03314739 0.00713926
v -0.05559429 -0.03002827 0.01654990
v -0.05698118 -0.03071933 0.00920828
v -0.00366191 -0.03400904 0.00580243
v -0.01793297 -0.03490113 0.00388376
v -0.02497232 -0.03491603 0.00320031
v -0.03340922 -0.03451338 0.00524394
v -0.03247596 -0.03460310 0.00836407
v -0.03206079 -0.03400569 0.01243535
v -0.03842739 -0.03316652 0.01394380
v -0.04496373 -0.02899389 0.02669465
v -0.03142704 -0.03347098 0.01630719
v 0.06859335 -0.03150937 -0.02268073
v 0.06309976 -0.03295206 -0.02051604
v 0.05428366 -0.03822555 -0.02179606
v 0.04350962 -0.03307988 -0.01896885
v 0.03092610 -0.03547974 -0.02448460
v 0.03415337 -0.04127386 -0.02878782
v 0.05407649 -0.04420440 -0.02455897
v 0.06583647 -0.05599889 -0.02873637
v 0.07989040 -0.06914368 -0.02912602
v 0.07722656 -0.07059191 -0.03090336
v 0.06671508 -0.06485369 -0.03389264
v 0.07448541 -0.06988518 -0.03197369
v 0.06434760 -0.06724639 -0.03859293
v 0.06575090 -0.06942530 -0.04026237
v 0.07143861 -0.07215985 -0.03556183
v 0.08219083 -0.07545173 -0.03604906
v 0.08923990 -0.07580150 -0.03138201
v 0.08816289 -0.07157322 -0.03974148
v 0.08926820 -0.07221565 -0.05079392
v 0.08760978 -0.07243130 -0.05250534
v 0.07563638 -0.07414878 -0.05036155
v -0.03957100 -0.02540988 -0.03406629
v -0.04077434 -0.02287786 -0.02870334
v -0.04155507 -0.02729145 -0.02924313
v -0.04415013 -0.02769744 -0.02128224
v -0.04869034 -0.03057068 -0.01942111
v -0.05788015 -0.02955704 -0.01038201
v -0.05171378 -0.03234209 0.00189105
v -0.05981774 -0.03015633 0.00142152
v -0.06327117 -0.02861059 -0.00786500
v -0.05255359 -0.03089798 -0.01701952
v -0.06632586 -0.03348612 -0.01472179
v -0.07540188 -0.02429261 0.00237571
v -0.02412836 -0.07819103 -0.05543902
v -0.02092925 -0.07595745 -0.05296516
v -0.04724258 -0.03892371 -0.02684573
v -0.07613834 -0.02521227 -0.00432561
v -0.07880483 -0.03473680 -0.01540132
v -0.08313198 -0.02797791 -0.00984150
v -0.08428299 -0.03694766 -0.01778204
v -0.05889966 -0.04121348 -0.02040201
v -0.05857635 -0.04341907 -0.02154266
v -0.03930226 -0.04541368 -0.03692369
v -0.08188311 -0.02208467 0.00041343
v -0.08180947 -0.01825298 0.00979956
v -0.09549157 -0.03185316 -0.01835291
v -0.09174634 -0.02732161 -0.01113001
v -0.10488461 -0.01476718 -0.00785949
v -0.10968949 -0.00709517 -0.00677289
v -0.08790719 -0.03959466 -0.02156899
v -0.10614969 -0.00626299 -0.00323345
v -0.09901011 -0.03358977 -0.02326900
v -0.08443310 -0.04938132 -0.02636958
v -0.07988956 -0.06103538 -0.03044645
v -0.07507039 -0.06441540 -0.02947669
v -0.07139403 -0.06979682 -0.03073360
v -0.06964427 -0.06005794 -0.02440703
v -0.07304526 -0.05639984 -0.02392636
v -0.04814968 -0.04859280 -0.02848521
v -0.04604489 -0.05083888 -0.03016859
v -0.04093708 -0.04878308 -0.03408626
v -0.04880970 -0.05323295 -0.02745637
v -0.04528485 -0.05397481 -0.03005870
v -0.04205327 -0.05347710 -0.03216481
v -0.04680317 -0.06214113 -0.02567985
v -0.03302773 -0.05671899 -0.03397337
v -0.03494098 -0.05898591 -0.04535541
v -0.03351121 -0.05813723 -0.04833324
v -0.02905461 -0.05775126 -0.05453749
v -0.03015284 -0.05806516 -0.04980262
v -0.03371657 -0.05951156 -0.04707928
v -0.01751945 -0.06510062 -0.05308192
v -0.03000219 -0.07979326 -0.04838141
v -0.01789136 -0.06873931 -0.05505242
v -0.02097694 -0.06290861 -0.04933863
v -0.02039897 -0.06811593 -0.04791436
v -0.02232119 -0.06706677 -0.04439221
v -0.02213377 -0.06933916 -0.03887429
v -0.02380573 -0.06509138 -0.04222688
v -0.02454520 -0.06289028 -0.04424031
v -0.02724224 -0.06146498 -0.04434012
v -0.02630173 -0.06219821 -0.04181070
v -0.02949025 -0.06073790 -0.04174011
v -0.03158148 -0.05751240 -0.03825180
v -0.02701904 -0.06307553 -0.03852657
v -0.02195830 -0.07153263 -0.03578798
v -0.02367952 -0.07769617 -0.03925014
v -0.02584887 -0.07355580 -0.02749692
v -0.02594680 -0.07877561 -0.03137726
v -0.02502114 -0.07748026 -0.03540457
v -0.05410665 -0.07995062 -0.02870732
v -0.04901443 -0.08159210 -0.03693347
v -0.04895212 -0.06555420 -0.02404798
v -0.04390338 -0.06964614 -0.02230239
v -0.05933082 -0.06880904 -0.02466485
v -0.04981321 -0.07034560 -0.02298750
v -0.05909750 -0.07597405 -0.02753148
v -0.04033561 -0.07581733 -0.02438845
v -0.04284734 -0.07935508 -0.02734993
v -0.00210864 0.02185944 -0.04535108
v -0.00080821 0.01469123 -0.04451589
v 0.03984293 -0.02789286 -0.04213694
v 0.03142761 -0.02357657 -0.04139031
v 0.02684504 -0.02894232 -0.03825424
v 0.02473302 -0.03102329 -0.03641261
v 0.03112382 -0.04073881 -0.03721115
v 0.03223428 -0.03869778 -0.03857058
v 0.03362156 -0.02936513 -0.04082248
v 0.01925621 -0.02421877 -0.03214985
v 0.01782244 0.00620672 -0.03578849
v 0.00860870 -0.01992436 -0.02734210
v 0.02221121 -0.02954585 -0.02703418
v 0.03094500 -0.04225779 -0.03438102
v 0.04143658 -0.03484022 -0.04197938
v 0.01277290 -0.02822224 -0.01634985
v 0.00625484 -0.02762668 -0.01853100
v -0.00033675 -0.01816021 -0.03127744
v -0.00796373 -0.02433535 -0.02606460
v -0.02076801 -0.02447834 -0.02659442
v -0.01944620 -0.00955770 -0.03999243
v -0.00487357 0.00141172 -0.04266368
v -0.00577902 0.01491230 -0.04585638
v -0.01965352 0.00218110 -0.04543402
v -0.03521823 -0.00707147 -0.03992849
v -0.03930704 0.00555811 -0.04500619
v -0.04058506 -0.01187266 -0.04640914
v -0.03776901 -0.02776365 -0.01905924
v -0.04195325 -0.02677511 -0.02051458
v -0.03929072 -0.03358120 -0.00897368
v -0.03222089 -0.03247743 -0.01206271
v -0.00959858 0.01241829 -0.04661706
v -0.03139988 0.00844084 -0.04559576
v -0.02350330 0.01862116 -0.04769072
v -0.04239915 -0.00717530 -0.04896688
v 0.05122331 -0.03884728 -0.04441035
v 0.05014100 -0.04776148 -0.04369682
v 0.05242547 -0.05460714 -0.04187440
v 0.05683438 -0.05312543 -0.04382092
v 0.05855111 -0.05856935 -0.04276102
v 0.04437523 -0.05020802 -0.04044387
v 0.08447867 -0.06789590 -0.05528371
v 0.07792737 -0.06294847 -0.05592222
v 0.06559597 -0.05767059 -0.04686725
v 0.07526600 -0.06648218 -0.05442971
v 0.00680153 0.00717803 -0.04039755
v 0.00972386 0.00150172 -0.03833707
v -0.12443753 -0.00985790 0.01851255
v -0.12350647 -0.00672962 0.01506142
v -0.12368253 0.00581866 0.03762232
v -0.11385456 -0.00889684 0.04876647
v -0.12188758 -0.01747785 0.04124314
v -0.12182454 -0.00820918 0.04158027
v -0.12429999 -0.02260730 0.03973387
v -0.11748006 -0.01700792 0.04527429
v -0.12428138 -0.02734571 0.04126976
v -0.12482081 -0.03008994 0.04260677
v -0.12433167 -0.01786206 0.03424101
v -0.12503482 -0.02238555 0.02604597
v -0.12999479 -0.03289505 0.03080958
v -0.12747690 -0.02984681 0.02759360
v -0.12163934 -0.04614564 0.04846118
v -0.13505913 -0.05100955 0.03501906
v -0.13468426 -0.04148378 0.02980431
v -0.12956850 -0.03393397 0.03787002
v -0.12101474 0.02039571 0.00952828
v -0.11812954 0.02228260 0.00524620
v -0.11963255 0.03633390 0.00188237
v -0.11699047 0.04120373 0.00625149
v -0.11797273 0.03329108 0.00470760
v -0.12551844 -0.00545020 0.01884341
v -0.11559518 0.04560545 0.00710119
v -0.11849181 0.03121066 0.01201723
v -0.12703596 0.00743857 0.02450124
v -0.12794523 0.00543229 0.02892269
v -0.12719958 0.00794710 0.03112525
v -0.12213406 0.02341800 0.03622555
v -0.12504296 -0.01314479 0.02965510
v -0.12477453 -0.00644159 0.03731372
v -0.13549072 -0.05196832 0.03036034
v -0.13252659 -0.05827616 0.03329689
v -0.12987956 -0.06472918 0.02465735
v -0.12707195 -0.07619818 0.03404626
v -0.12602809 -0.07746527 0.03193147
v -0.12361381 -0.07556240 0.03889227
v -0.11940639 -0.07839380 0.03473398
v 0.14564551 0.02476278 -0.02912894
v 0.14327882 0.02131865 -0.03222317
v 0.11853767 -0.01711048 -0.00358436
v 0.11471617 -0.01604328 -0.00859907
v 0.12062816 -0.01854968 -0.00963353
v 0.12622029 -0.01707263 -0.01347107
v 0.12794811 -0.01367063 -0.01847136
v 0.15028265 -0.01770040 -0.01795198
v 0.15156330 -0.00657635 -0.02783310
v 0.12494303 -0.00768192 -0.03435951
v 0.12608826 -0.00913027 -0.03046557
v 0.12358122 -0.01210144 -0.03013819
v 0.12014532 -0.01706338 -0.02405122
v 0.11839935 -0.01545908 -0.02752931
v 0.14017530 0.01955246 -0.03542165
v 0.13505913 0.02013989 -0.03890502
v 0.13368365 0.01257949 -0.03680231
v 0.12936227 0.01708906 -0.04181916
v 0.15634619 -0.01386990 -0.01475469
v 0.15214457 -0.01687211 -0.01864326
v 0.14735949 0.02544920 -0.02577290
v 0.14779922 0.02461738 -0.02327266
v 0.15455817 0.01823484 -0.01997274
v 0.11997058 -0.00568607 -0.03890249
v 0.06805266 -0.02058948 0.02523812
v 0.04196361 -0.02526430 0.02239011
v 0.03354542 -0.03545433 0.03450454
v 0.05138849 -0.03210666 0.02686520
v 0.04465390 -0.02936404 0.02643610
v 0.03739563 -0.04230572 0.03631277
v 0.03730650 -0.04570881 0.04123881
v 0.04228377 -0.05249217 0.03928848
v 0.04911222 -0.06658098 0.04238566
v 0.05270129 -0.07151056 0.04188754
v 0.05740670 -0.04748017 0.03193719
v 0.06160443 -0.06834813 0.03151060
v 0.07232242 -0.07816017 0.04291983
v 0.06200680 -0.07817516 0.03691595
v 0.06450942 -0.07813206 0.03956192
v 0.06114185 -0.07817666 0.04069369
v 0.06517918 -0.07850318 0.04781996
v 0.05717750 -0.07657231 0.04194442
v 0.05713098 -0.07414641 0.05169367
v 0.05551637 -0.07074863 0.05409218
v 0.05991997 -0.01042941 -0.03554032
v 0.06636248 -0.02231696 -0.03506155
v 0.06912100 -0.00489465 -0.02596549
v 0.07000866 -0.02466004 -0.02422944
v 0.06317365 -0.02603721 -0.01896081
v 0.07440332 -0.03149045 -0.03106190
v 0.07674295 -0.03896185 -0.03797840
v 0.07493357 -0.03931279 -0.02776948
v 0.07130438 -0.03813394 -0.02477246
v 0.07125522 -0.03207130 -0.02482570
v 0.07700337 -0.03927520 -0.03150385
v 0.07899690 -0.05277849 -0.03400399
v 0.09152237 -0.07365632 -0.02864665
v 0.09116005 -0.07286788 -0.02444975
v 0.09074416 -0.06989615 -0.02566081
v 0.09137397 -0.07274015 -0.03216493
v 0.09257241 -0.06590744 -0.02999613
v 0.09010232 -0.06516448 -0.03187572
v 0.08793886 -0.06727844 -0.04213475
v 0.08539935 -0.06452724 -0.04220856
v 0.09230418 -0.06980478 -0.04654273
v 0.09314735 -0.07088362 -0.04903261
v 0.09276092 -0.06952442 -0.05165084
v 0.09272501 -0.06371711 -0.05356259
v 0.09430405 -0.06385840 -0.05096053
v 0.08728826 -0.05861232 -0.04442943
v 0.09028308 -0.06177422 -0.04532050
v 0.09448871 -0.06033767 -0.04667158
v 0.09138612 -0.05765495 -0.04469433
v 0.09380585 -0.05817466 -0.04515426
v 0.07921112 -0.04461720 -0.03991566
v 0.07861465 -0.04360205 -0.04182016
v 0.08063728 -0.04909844 -0.04146190
v 0.09313498 -0.05154762 -0.04600722
v 0.08560371 -0.05114884 -0.04463582
v 0.08935629 -0.04872270 -0.04637186
v 0.08051389 -0.05234790 -0.04233114
v 0.08341973 -0.05771777 -0.04176746
v 0.08347900 -0.06450208 -0.03968170
v 0.08262287 -0.06076634 -0.04062496
v 0.08535718 -0.06429254 -0.03274289
v -0.05821963 -0.06045534 -0.05741099
v -0.05673761 -0.06437463 -0.05616919
v -0.07106896 -0.06056311 -0.04527637
v -0.04750131 -0.06320337 -0.05988757
v -0.03833399 -0.06887609 -0.06346200
v -0.03525396 -0.06773577 -0.06444583
v -0.03605356 -0.07550929 -0.05964612
v -0.03058810 -0.07490340 -0.06055749
v -0.03046282 -0.07636612 -0.05851527
v -0.02450159 -0.07507449 -0.05964665
v -0.07004672 -0.07343337 -0.03346403
v -0.03641516 -0.08049424 -0.05282154
v -0.05154867 -0.06390537 -0.05737867
v -0.06039870 -0.06829713 -0.05355848
v -0.05644387 -0.06817117 -0.05566940
v -0.05976257 -0.06801699 -0.05521061
v -0.05747107 -0.07289303 -0.05363857
v -0.06053670 -0.06769218 -0.05047251
v -0.05411416 -0.08128411 -0.03954243
v -0.05542642 -0.07405443 -0.05177820
v -0.04523699 -0.08145542 -0.04297682
v -0.05235395 -0.07164094 -0.05674741
v 0.14553826 0.03879884 -0.02182878
v 0.14761597 0.04015399 -0.01688864
v 0.14880140 0.03815018 -0.00920165
v 0.14822365 0.03214590 -0.00746313
v 0.14641969 0.03569330 -0.00629817
v 0.14433569 0.03559951 -0.00005603
v 0.14690818 0.02856221 -0.00045765
v 0.15458161 0.01844724 -0.01284953
v 0.14999795 0.01854092 -0.00237569
v 0.14888625 0.01051444 0.00279349
v 0.14345212 0.02358522 0.01213371
v 0.14136466 0.02709907 0.01129609
v 0.14445789 0.01277635 0.01386549
v 0.13046491 -0.00725082 0.01477643
v 0.12646529 -0.01679343 -0.00119099
v 0.15037620 -0.01458982 -0.01267035
v 0.14142756 -0.00423752 -0.00241574
v 0.15229757 -0.01050173 -0.00930104
v 0.14801136 -0.01724972 -0.01564662
v 0.13405518 -0.01090907 0.00448559
v 0.13968128 -0.00227797 0.00668389
v 0.14418980 0.00126498 0.00031578
v 0.15771645 -0.00546720 -0.00613443
v 0.15770581 -0.00135438 -0.00559244
v 0.15840326 0.00455477 -0.00685912
v 0.16286688 -0.00260002 -0.01028289
v 0.16197993 0.00060532 -0.00919078
v 0.16274108 -0.00050968 -0.01157705
v 0.14172098 0.00446017 0.01422370
v 0.07157395 -0.02091547 0.03527276
v 0.07107715 -0.02353511 0.03164575
v 0.06840819 -0.02478418 0.02934449
v 0.06870333 -0.03566255 0.03214255
v 0.06890299 -0.03511528 0.03916454
v 0.06931966 -0.04047284 0.03822865
v 0.07086204 -0.04913542 0.03403600
v 0.07037832 -0.05226541 0.03292576
v 0.07283251 -0.05525159 0.04177438
v 0.07341563 -0.06122997 0.04655651
v 0.07322399 -0.06091107 0.03300057
v 0.07680074 -0.06150395 0.03463529
v 0.07569542 -0.06363036 0.03076449
v 0.08223292 -0.07654678 0.04828569
v 0.08399655 -0.07350914 0.04558198
v 0.08088777 -0.07730947 0.04697823
v 0.08182735 -0.07757595 0.04185565
v 0.08315793 -0.07616010 0.04312647
v 0.08386306 -0.07244710 0.03683929
v 0.07961649 -0.06755675 0.02855783
v 0.07604802 -0.06954174 0.02802498
v 0.06283738 0.04773832 0.03524073
v 0.05966708 0.03374192 0.04173397
v 0.05954308 0.04017466 0.03992314
v 0.06808319 0.03369861 0.03730477
v 0.04774098 0.03846220 0.04381013
v 0.05799031 0.02489472 0.04537841
v 0.06430301 0.02910612 0.04091731
v 0.06817444 0.04513809 0.03205962
v 0.07524932 0.05818570 0.01149726
v 0.07162603 0.06315634 0.00474353
v 0.07837157 0.02888374 0.03018936
v 0.08993506 0.02689686 0.02604328
v 0.08241122 0.00323597 0.02690272
v 0.06281939 0.00333931 0.04718814
v 0.07169341 -0.00165613 0.04126230
v 0.07179772 -0.00365339 0.04017082
v 0.05051467 0.01336068 0.04936022
v 0.03620852 0.04284712 0.04281085
v 0.02895441 0.04167766 0.04226125
v 0.04485537 0.06120858 0.02860752
v 0.05530502 0.06253918 0.02593763
v 0.05945691 0.06738078 0.01455163
v 0.02747460 0.04535461 0.04000467
v 0.02117348 0.06004824 0.02751869
v 0.02412167 0.05128104 0.03604326
v 0.01818862 0.04625957 0.04109059
v 0.02809060 0.06730489 0.01231511
v 0.00844205 0.06902429 0.01900990
v 0.02103951 0.06941069 0.00859252
v 0.01530269 0.07099466 0.00526753
v 0.00887918 0.06158296 0.03093097
v 0.03034528 0.02703590 0.04863121
v 0.05373047 0.01202975 0.04942395
v 0.05136005 0.00890791 0.05011946
v 0.06350499 -0.00056161 0.04586466
v 0.07327294 -0.01241064 0.03806281
v 0.06758508 -0.04111970 0.04699529
v 0.06946994 -0.04460972 0.05226942
v 0.07242414 -0.04787919 0.05370454
v 0.06837675 -0.04592669 0.05631010
v 0.06160064 -0.04590851 0.05719731
v 0.05421381 -0.04291765 0.05321985
v 0.05854519 -0.03531037 0.05004263
v 0.06319430 -0.02881403 0.04512670
v 0.06027833 -0.03049534 0.04932276
v 0.05582168 -0.03029737 0.05099025
v 0.05701588 -0.03352264 0.05151069
v 0.06940224 -0.02343431 0.03816433
v 0.06942343 -0.01623807 0.04171167
v 0.06539776 -0.01768784 0.04294236
v 0.06487761 -0.02095058 0.04435951
v 0.06388680 -0.02339647 0.04450636
v 0.06649525 -0.02254778 0.04323861
v 0.05189512 -0.03436627 0.05226633
v 0.05398769 -0.03741081 0.05283257
v 0.05387253 -0.04417862 0.05432482
v 0.05869764 -0.04422841 0.05471902
v 0.05690693 -0.04581183 0.05623218
v 0.04100595 -0.03965807 0.05119276
v 0.03901561 -0.03279916 0.05036807
v 0.05248186 0.00183077 0.05103441
v 0.05360754 -0.00118484 0.04956235
v 0.05613581 -0.01774716 0.04266914
v 0.05439113 -0.02251259 0.04727497
v 0.04731153 -0.01928411 0.04773743
v 0.05078034 -0.01773061 0.04636637
v 0.03524097 -0.01567047 0.04785468
v 0.03367906 -0.01148379 0.04876816
v 0.04522413 -0.01351710 0.04905780
v 0.04289057 -0.01012126 0.05111678
v 0.03954276 -0.00714301 0.05126374
v 0.04846879 -0.01083398 0.04481314
v 0.03261161 0.00047865 0.05180433
v 0.02398573 -0.00642843 0.04709445
v 0.03018157 -0.02021834 0.04622262
v 0.02182898 -0.00554367 0.04502925
v 0.02162772 -0.01019726 0.04348844
v 0.01761173 -0.00944941 0.04194746
v 0.01996846 0.00351263 0.04826675
v 0.01435287 0.00384878 0.04948011
v 0.03308588 0.00675631 0.05161979
v 0.03733203 0.00692863 0.05194797
v 0.05036552 0.00571333 0.05112741
v 0.03880015 0.01204955 0.05168049
v 0.02972281 0.00955805 0.05047469
v 0.02459585 -0.01873600 0.04230302
v 0.00876201 -0.01855472 0.03865694
v -0.00378382 -0.01863619 0.04361379
v -0.01024425 -0.02084596 0.04263907
v 0.02958554 -0.02935168 0.04238861
v -0.01679949 -0.01554500 0.04797859
v -0.02548441 -0.01854991 0.04535800
v -0.00296357 0.01703995 0.05572616
v 0.01285939 0.02143775 0.05165331
v 0.00790767 0.02291792 0.05306616
v 0.00118795 0.01992134 0.05484808
v -0.00243414 0.02736043 0.05474221
v 0.01714497 0.03250169 0.04755608
v -0.01044070 0.02700315 0.05605665
v 0.00320016 0.04479826 0.04749471
v -0.00797498 0.05073835 0.04569188
v -0.02110774 0.05237716 0.04601224
v -0.01211558 0.06448791 0.03286761
v 0.08790428 0.04476576 0.02026903
v 0.08777267 0.05079096 0.01461521
v 0.09424948 0.04606502 0.01722950
v 0.10958178 0.04893213 0.01502500
v 0.11137532 0.04931362 0.01742170
v 0.11434913 0.05085554 0.02108512
v 0.10561107 0.03845638 0.02053370
v 0.11941905 0.04770019 0.02542404
v 0.12629768 0.04414724 0.02002266
v 0.12483547 0.03980492 0.01906102
v 0.12527812 0.03797873 0.01861834
v 0.12580468 0.02336643 0.02389599
v 0.10520983 0.03213996 0.02261571
v 0.09452607 0.02463793 0.02478054
v 0.11538054 0.02143793 0.02315157
v 0.11470561 0.01492937 0.02300202
v 0.13037752 0.01914988 0.02372731
v 0.12140432 0.01032882 0.02523428
v 0.13420726 0.01400409 0.02393816
v 0.12565395 0.01143759 0.02579391
v 0.12872335 0.00448854 0.02368361
v 0.11048727 0.00808541 0.02060997
v 0.13365057 0.00119617 0.02080387
v 0.06354965 0.05457767 0.02896833
v 0.11770634 0.05216221 0.00529749
v 0.12330759 0.04802985 0.00952364
v 0.11793058 0.05082226 0.01028957
v 0.11724500 0.05375981 0.01292343
v 0.11349593 0.05370893 0.01458952
v 0.12774067 0.05250062 0.02024414
v 0.12784980 0.04656177 0.01990363
v 0.13002682 0.04901306 0.01942779
v 0.13178474 0.05148281 0.02289195
v 0.12672700 0.05064012 0.01778646
v 0.12046973 0.04845577 0.01202686
v 0.12388619 0.04847118 0.01541184
v 0.12524390 0.04156495 0.01770496
v 0.13190959 0.03795639 0.01423116
v 0.13872229 0.01384324 0.02039049
v 0.13885751 0.00421121 0.01848545
v -0.03536137 -0.01907516 0.04453853
v -0.06361114 -0.02442764 0.02676704
v -0.06113063 -0.02027413 0.03474190
v -0.04420006 -0.02329170 0.03790311
v -0.04846695 -0.01694861 0.04303791
v -0.03387320 -0.00948923 0.05171334
v -0.01354394 0.03019806 0.05576780
v -0.02054711 0.03582869 0.05424765
v -0.02473406 0.01842279 0.05751023
v -0.02750719 0.03474348 0.05454370
v -0.03600503 -0.00149573 0.05451505
v -0.02944634 0.00083846 0.05577538
v -0.04547550 0.01872761 0.05377679
v -0.03371985 0.03759520 0.05287145
v -0.02729015 0.05260939 0.04611477
v -0.02213480 0.06501624 0.03385702
v -0.07473271 -0.03076730 0.03728816
v -0.07618772 -0.03123079 0.03882300
v 0.04409821 -0.04431578 0.05271963
v 0.03939525 -0.04906684 0.04380194
v 0.05158133 -0.05174985 0.05675106
v 0.05600795 -0.05107441 0.05695479
v 0.04579119 -0.05380435 0.05118262
v 0.05024697 -0.06053793 0.05552547
v 0.07689471 -0.06095405 0.03823603
v 0.07527722 -0.07272890 0.05690239
v 0.07493380 -0.06011123 0.05869994
v 0.07359712 -0.05603352 0.05888713
v 0.05275263 -0.06419714 0.05773044
v 0.06810363 -0.07861253 0.05620106
v 0.06833337 -0.06864914 0.05822692
v 0.06801426 -0.06056942 0.06234386
v 0.06657550 -0.06509234 0.06055754
v 0.06399211 -0.06285831 0.06132164
v 0.05845688 -0.06896564 0.05949982
v 0.05624679 -0.07122818 0.05708314
v 0.10340065 0.00851423 0.02026396
v 0.02139544 0.02435601 0.04818430
v 0.02406760 0.02296344 0.04818033
v 0.01834015 0.02346940 0.04939162
v 0.02644787 0.01832219 0.04938515
v 0.02359642 0.01228945 0.04973094
v 0.05093444 -0.01378780 0.04154427
v 0.05392961 -0.01464433 0.04135149
v -0.04203825 0.00900567 0.05490430
v -0.06502782 -0.02295653 0.03699902
v -0.07084465 -0.02549377 0.04211295
v -0.07604146 -0.02864054 0.04368903
v -0.07211254 -0.02554520 0.04615881
v -0.08304096 -0.03582927 0.03789956
v -0.06488293 -0.02141835 0.04101143
v -0.06843992 -0.01884538 0.04994289
v -0.06277839 -0.01713581 0.04168862
v -0.06299224 -0.01980160 0.03908321
v -0.05350523 -0.00934309 0.04624907
v -0.05586124 -0.00534531 0.04735425
v -0.04114024 -0.00685483 0.05149614
v -0.06253628 0.03264680 0.04548622
v -0.06196975 0.02591151 0.04740014
v -0.06644636 0.03332129 0.04654198
v -0.07534679 0.02008937 0.05286402
v -0.07897567 0.02287983 0.05248393
v -0.06797236 0.00764617 0.05072022
v -0.06359357 0.00643315 0.04949215
v -0.07379615 0.01411308 0.05304458
v -0.08106055 0.00798624 0.05266950
v -0.08402855 0.00666002 0.05301227
v -0.08466724 0.00153616 0.05272647
v -0.08484489 -0.00623773 0.05175200
v -0.09193935 -0.00769910 0.05193793
v -0.08330200 0.01278414 0.05242100
v -0.08506983 0.02495714 0.05162544
v -0.07163051 0.03759919 0.04733295
v -0.07470807 0.03686652 0.04753063
v -0.07552386 0.03476138 0.04864405
v -0.09577310 0.00494048 0.05424376
v -0.10188912 0.00274901 0.05414530
v -0.07802764 -0.01081062 0.05369778
v -0.08281226 -0.01733975 0.05300188
v -0.08430204 -0.03463849 0.04255219
v -0.09101431 -0.02716462 0.04941174
v -0.09053357 -0.03944711 0.04276359
v -0.09801456 -0.05300221 0.04099405
v -0.10011033 -0.05520790 0.04105714
v -0.10419399 -0.06123176 0.04292924
v -0.10573117 -0.05562556 0.04568161
v -0.10354497 -0.05445986 0.04327052
v -0.10731166 -0.04660724 0.05078070
v -0.10926338 -0.06017913 0.04760592
v -0.11012030 -0.06643011 0.04862761
v -0.11759574 -0.06438261 0.05013107
v -0.11558134 -0.04438657 0.05155399
v -0.11450431 -0.04058692 0.05192561
v -0.10732163 -0.03878343 0.05116472
v -0.10083293 -0.02736382 0.05034164
v -0.10184453 -0.04493476 0.04681221
v -0.09605524 -0.01673573 0.05246118
v -0.10152922 -0.01914571 0.05239767
v -0.10720185 -0.01984901 0.05127796
v -0.07370551 0.04450851 0.04424790
v -0.03582843 0.04843838 0.04756624
v -0.06011552 0.05347233 0.03830820
v -0.07462201 0.05853731 0.03531015
v -0.08616263 0.04714892 0.04327709
v -0.08665235 0.05580822 0.03538945
v -0.08701130 0.05275958 0.03722763
v -0.08542783 0.06151432 0.02971461
v -0.11113118 0.03809291 0.03868239
v -0.09991775 0.04578806 0.04095630
v -0.09492235 0.04168613 0.04468011
v -0.10099616 0.05430631 0.02909718
v -0.09873401 0.05307405 0.03072631
v -0.09378085 0.05105845 0.03870153
v -0.09910166 0.02537159 0.04994086
v -0.09629491 0.03077675 0.04953707
v -0.09108279 0.03449055 0.04865319
v -0.09540454 0.03682850 0.04703740
v -0.10140311 0.05648376 0.02650068
v -0.11892832 -0.07613140 0.04368668
v -0.11912989 -0.07686361 0.04133004
v -0.11401910 -0.07603971 0.04809324
v -0.11392858 -0.07741807 0.04377440
v -0.11070909 -0.07820453 0.03883019
v -0.11055937 -0.07490946 0.04850817
v -0.10660481 -0.07642779 0.04550682
v -0.09186803 -0.06972015 0.03404204
v -0.09400760 -0.07290381 0.04260383
v -0.10533325 -0.07510450 0.04685172
v -0.09995013 -0.07451990 0.04531933
v -0.09579483 -0.07048360 0.04358345
v -0.09428016 -0.03484664 0.04701917
v 0.05292330 0.06961852 0.01592919
v 0.05297954 0.07033254 0.00944838
v 0.06155434 0.06808950 0.00825045
v 0.05237415 0.06230948 -0.01069546
v 0.05844959 0.06357212 -0.00961779
v 0.07565003 0.05846849 -0.00876774
v 0.06572954 0.05216052 -0.02106130
v 0.06899372 0.04910959 -0.02234130
v 0.06107579 0.05107014 -0.02362737
v 0.06249274 0.04445574 -0.02693147
v 0.05762790 0.04851011 -0.02629500
v 0.05399927 0.05856897 -0.01846639
v 0.06206765 0.06828239 0.00345828
v -0.00501059 0.07295711 0.01564167
v 0.00139710 0.07283597 0.01152707
v -0.01461135 0.07617726 0.00699332
v 0.00787777 0.06991638 -0.01229380
v 0.01405656 0.06992646 -0.00629454
v 0.02049629 0.06830281 -0.00365306
v 0.04574820 0.06962758 0.00440582
v 0.03735090 0.06062196 -0.01101379
v 0.03280292 0.06455320 -0.00479563
v 0.04110944 0.04897863 -0.02519483
v 0.04141745 0.04451001 -0.02834159
v 0.03692158 0.04741250 -0.02487335
v 0.08114485 0.04442535 -0.01985908
v 0.08376784 0.04086871 -0.02098013
v 0.10332460 0.04910748 -0.01374541
v 0.10906493 0.04934757 -0.01520905
v 0.09315305 0.03839725 -0.02254098
v 0.10200565 0.02745244 -0.03051604
v 0.10830130 0.02837641 -0.03229068
v 0.10393909 0.04485863 -0.01930480
v 0.09015983 0.05682666 0.00499598
v 0.10910523 0.05628467 -0.00404547
v 0.11758400 0.05144649 -0.02395293
v 0.12311693 0.05304588 -0.02640796
v 0.12759413 0.04825871 -0.02317163
v 0.13456728 0.04241021 -0.02441665
v 0.13341120 0.03578629 -0.03242475
v 0.13772345 0.04000676 -0.02641701
v 0.12998326 0.03616614 -0.03410442
v 0.13376343 0.05020326 -0.01312969
v 0.12402742 0.05111304 -0.01813210
v 0.11760529 0.05492999 -0.00752615
v 0.10772345 -0.00580406 -0.03339373
v 0.10573044 -0.00070876 -0.03594808
v 0.10122337 0.00732752 -0.03350839
v 0.11178899 0.00172197 -0.04074989
v 0.11315027 0.00621579 -0.04218114
v 0.10329072 0.00347850 -0.03557273
v 0.10501867 0.00550064 -0.03784385
v 0.10358319 0.01322628 -0.03389907
v 0.10844340 0.02335572 -0.03387562
v 0.11210789 0.02711733 -0.03508752
v 0.13040851 0.02783683 -0.03806396
v 0.12019335 0.02701238 -0.03961201
v 0.12858237 0.02206745 -0.04116592
v 0.12122627 0.01036953 -0.04386886
v 0.10998361 0.02027473 -0.03578362
v 0.12040981 0.01496027 -0.04389896
v 0.10767103 0.01194960 -0.03918292
v 0.11639980 0.01022255 -0.04333250
v 0.04519998 0.06757954 0.00057784
v 0.03343238 0.06609101 0.00059601
v 0.03335162 0.06212942 -0.00981689
v 0.02956697 0.06150035 -0.01212226
v 0.02815457 0.05896078 -0.01655241
v 0.01965507 0.04219839 -0.03356816
v 0.09302588 0.02832047 -0.02790285
v 0.08807939 0.00104427 -0.02530491
v 0.09039197 0.01714178 -0.02908026
v 0.08803874 0.02092266 -0.02868143
v 0.08185703 0.03102577 -0.02649380
v 0.05933855 0.03428965 -0.03119443
v 0.05558941 0.03372293 -0.03166891
v 0.02140752 0.02491461 -0.03587082
v 0.01966224 0.02765592 -0.03679951
v 0.01354707 0.05372250 -0.03033089
v 0.01357201 0.04047478 -0.03723364
v 0.00608501 0.03083793 -0.04213775
v 0.03613398 0.02576975 -0.03543602
v 0.03683303 0.02203863 -0.03834213
v 0.04005086 0.01624096 -0.04009236
v 0.03603692 0.01674667 -0.03905753
v 0.03436169 0.01022927 -0.03907741
v 0.03235994 0.00812803 -0.03777831
v 0.03747212 0.00731204 -0.04135294
v -0.00866389 0.03589780 -0.04471361
v 0.03320443 0.00132127 -0.04062616
v 0.03733767 0.00217931 -0.04282036
v 0.03909400 -0.00027680 -0.04320740
v 0.03501544 -0.00457213 -0.04356439
v 0.02845255 -0.00233511 -0.03794003
v 0.01970572 0.01114245 -0.03572439
v 0.02017988 0.00401972 -0.03468338
v 0.02960815 -0.01059181 -0.04153174
v 0.02203354 -0.01126243 -0.03595516
v 0.05429578 0.01569826 -0.03991234
v 0.05357848 0.02170513 -0.03801062
v 0.05827015 0.01896289 -0.03580626
v 0.05855319 0.02337608 -0.03552550
v 0.06320052 0.01989885 -0.03399862
v 0.06062233 0.01256018 -0.03605122
v 0.05971420 0.01394972 -0.03708474
v 0.06696361 0.01886885 -0.03189983
v 0.06888821 0.01324944 -0.03123771
v 0.06033861 0.00585154 -0.03722798
v 0.07270562 0.00704897 -0.02954672
v 0.05391904 -0.00494347 -0.03934945
v 0.04696627 -0.01662295 -0.04169122
v 0.01811512 0.00007977 -0.03413326
v 0.05399089 -0.02156070 -0.04148892
v 0.07522000 0.00052584 -0.02696803
v 0.10053952 -0.01182437 -0.01374498
v 0.09001491 -0.00625235 -0.01812089
v 0.12644325 0.05360147 -0.00383376
v -0.01910381 0.07220905 0.02222171
v -0.01690362 0.07384057 0.01729685
v -0.01667555 0.07692616 0.00428005
v -0.00520707 0.07115204 -0.01621373
v 0.01451584 0.06787571 -0.01278523
v 0.01079832 0.06549928 -0.01922466
v 0.00170006 0.06364624 -0.02553384
v 0.00815298 0.05499145 -0.03187328
v 0.00278840 0.05216097 -0.03548444
v -0.00535530 0.05649432 -0.03392041
v 0.00255768 0.05508457 -0.03340036
v 0.00009924 0.05908769 -0.03061958
v -0.01333976 0.06929252 -0.02169610
v -0.01236198 0.05666227 -0.03460524
v -0.01026705 0.06123922 -0.03037993
v -0.03288654 0.07791732 0.00158758
v -0.02069588 0.06808466 -0.02402209
v -0.02110709 0.06545079 -0.02695281
v -0.03303537 0.07083046 -0.01974057
v -0.03246882 0.06360750 -0.02924444
v -0.03785295 0.07361267 -0.01370304
v -0.04424047 0.06751025 -0.02306778
v -0.03632647 0.05870633 -0.03366211
v -0.02801457 0.05571917 -0.03632299
v -0.02161346 0.05196100 -0.03862635
v -0.01827190 0.04150804 -0.04381298
v -0.02973467 0.04144950 -0.04356401
v -0.03285909 0.04907600 -0.03999566
v 0.05802879 -0.02883928 -0.04314075
v 0.08710090 -0.06152214 -0.05637170
v 0.08672192 -0.05667571 -0.05538199
v 0.11909112 -0.00012837 -0.04162429
v 0.11272842 0.04333396 -0.03070273
v 0.12852319 0.04623812 -0.03671028
v 0.12576585 0.05614273 -0.03732479
v 0.12507966 0.04329452 -0.04003962
v 0.12287612 0.05329091 -0.04185848
v -0.04597025 0.06253797 0.03420064
v -0.03052144 0.07004286 0.02723633
v -0.02796646 0.07183639 0.02400176
v -0.02803784 0.07667236 -0.00545355
v -0.04553093 0.06233745 -0.02924995
v -0.04081896 0.05559486 -0.03605551
v -0.05845156 0.07144275 -0.01416432
v -0.05310235 0.06470767 -0.02547045
v -0.06084010 0.05599140 -0.03337767
v -0.05495506 0.07580974 0.00202404
v -0.06208939 0.07514396 -0.00049194
v -0.06203436 0.07402533 -0.00740742
v -0.07061373 0.06680793 -0.01970521
v -0.06912527 0.07255611 0.00951995
v -0.07446110 0.07225317 0.00694943
v -0.07696018 0.07096001 -0.00732401
v -0.08043215 0.07161068 0.00115519
v -0.08257806 0.07068836 -0.00279662
v -0.07640661 0.06985426 0.01375804
v -0.09034571 0.06892035 0.00080756
v -0.06883496 0.07065266 0.01602008
v -0.05072753 0.07366017 0.01496397
v -0.04865695 0.07413406 0.01274358
v -0.07674059 0.06671925 0.02490762
v -0.08368492 0.06605942 0.02215900
v -0.04916859 0.07197358 0.02093423
v -0.04732273 0.07320526 0.01823911
v -0.09365146 0.06020795 -0.01703980
v -0.08529965 0.05869462 -0.02641381
v -0.09389577 0.05737443 -0.02155910
v -0.08247884 0.04970448 -0.03707351
v -0.09822494 0.05239557 -0.02476449
v -0.10014059 0.04742666 -0.02840555
v -0.11215030 0.05943885 -0.00074261
v -0.10689473 0.06223078 -0.00093809
v -0.10594000 0.05857775 0.00979678
v -0.09069382 0.06675727 0.01075899
v -0.11208533 0.04847853 0.01931338
v -0.11030456 0.05194568 0.02250342
v -0.10865156 0.04301094 0.03676369
v -0.10751733 0.04829175 0.03050548
v -0.10171761 0.05047524 0.03215983
v 0.07126357 -0.05206610 -0.04701447
v 0.09037666 -0.05226848 -0.05153088
v -0.04160712 -0.02450688 -0.04136564
v -0.05592760 -0.03128825 0.00632188
v -0.05993835 -0.02890449 0.01570684
v -0.02149577 0.02950518 -0.04713855
v -0.03467801 0.03091450 -0.04465961
v -0.04043959 -0.01642242 -0.04414368
v -0.05342465 -0.01203971 -0.05424131
v -0.07267461 -0.01855547 -0.05162509
v -0.05758102 -0.02977229 -0.05043587
v -0.06316889 -0.02894964 -0.05168793
v -0.06703792 -0.02716991 -0.05177668
v -0.05658090 -0.04928984 -0.05650554
v -0.06059663 -0.05066515 -0.05594764
v -0.06399746 -0.05158913 -0.05458685
v -0.06268078 -0.05786880 -0.05510186
v -0.04879349 -0.04294711 -0.05013020
v -0.03223939 -0.06101443 -0.06441242
v -0.03946510 -0.03505360 -0.03831854
v -0.04176883 -0.04269902 -0.04121819
v -0.08594579 -0.01685851 0.01355951
v -0.07121763 -0.02223729 0.01815178
v -0.06616401 -0.02424579 0.02541016
v -0.06958160 -0.02567693 0.03158617
v -0.07557431 -0.02629871 0.02898645
v -0.07616155 -0.01932656 0.01794315
v -0.08001882 -0.01769265 0.01603658
v -0.08869398 -0.01616217 0.00996544
v -0.10917059 -0.00146698 -0.00386591
v -0.11125697 0.00453544 -0.00018114
v -0.11366116 0.01281502 -0.00635403
v -0.11118900 0.01105487 -0.00206521
v -0.11754376 -0.00045135 0.00758595
v -0.11487209 -0.00444700 0.00802562
v -0.10314955 -0.01472173 0.01326358
v -0.11382484 -0.01539070 0.01462444
v -0.11742897 -0.01113720 0.01298408
v -0.09797073 -0.01745788 0.01539697
v -0.09621987 -0.02587301 0.02239657
v -0.08160963 -0.02676179 0.02615198
v -0.07759155 -0.03218832 0.03698962
v -0.10392953 -0.01913024 0.01708045
v -0.12249746 -0.01097627 0.01661438
v -0.12012843 -0.01969342 0.01912773
v -0.11123369 0.01314523 -0.00388170
v -0.11494447 0.00591375 -0.00719317
v -0.11435458 0.00179158 -0.00726721
v -0.11638560 0.00342931 -0.01166395
v -0.11552759 -0.00887124 -0.01656010
v -0.10039365 -0.03424022 -0.02610963
v -0.11046689 -0.02045848 -0.02134658
v -0.11526995 -0.01015861 -0.02478606
v -0.11723585 0.00416545 -0.02357138
v -0.11126159 -0.02038124 -0.02567231
v -0.10164476 -0.03211096 -0.02843488
v -0.09122932 -0.04220357 -0.03171795
v -0.09334812 -0.04217545 -0.02876120
v -0.10510910 -0.02736021 0.02258447
v -0.11073685 -0.02548949 0.02104905
v -0.12142921 -0.02276899 0.02153080
v -0.09221166 -0.03999224 0.03238210
v -0.11232410 -0.04511582 0.02471391
v -0.11558437 -0.04154519 0.02355470
v -0.10103598 -0.04741574 0.03037908
v -0.10604021 -0.05227989 0.02816650
v -0.09808844 -0.05761321 0.03414426
v -0.09700353 -0.06474286 0.02820650
v -0.08934927 -0.04037974 0.03948885
v -0.03776420 0.03692044 -0.04314133
v -0.04948501 0.02559028 -0.04893047
v -0.05652677 0.03790348 -0.04520558
v -0.05921024 0.03585609 -0.04778328
v -0.05571243 0.02786282 -0.05146472
v -0.05497365 0.01620270 -0.05345950
v -0.07472331 0.03195935 -0.04851149
v -0.07842080 0.01759298 -0.04966549
v -0.08096521 0.01851697 -0.04949074
v -0.07636439 0.03386569 -0.04718118
v -0.07072800 0.03339782 -0.04957110
v -0.07967534 0.03671231 -0.04625329
v -0.08444348 0.03974609 -0.04466029
v -0.07959132 0.04424278 -0.04160327
v -0.08070922 0.04696357 -0.03961876
v -0.08440395 0.04345926 -0.04313261
v -0.09135984 0.03990119 -0.04263027
v -0.09208236 0.04662418 -0.03587909
v -0.10402957 0.05058927 -0.01720384
v -0.10442992 0.04946368 -0.01582363
v -0.10899151 0.03694518 -0.02485030
v -0.09983488 0.04086104 -0.03634961
v -0.09099527 0.03611600 -0.04388686
v -0.09967309 0.03912434 -0.03833332
v -0.10576024 0.03296179 -0.03742738
v -0.10954954 0.03091192 -0.03130309
v -0.11243342 0.03010273 -0.02465993
v -0.11372360 0.02985907 -0.02092059
v -0.11397827 0.02027642 -0.03060636
v -0.11802106 0.01771310 -0.02248067
v -0.11644953 0.02009804 -0.02224009
v -0.11522876 0.01280110 -0.02975424
v -0.11828651 0.00859073 -0.02230521
v -0.11645768 0.01863936 -0.01321757
v -0.10897044 0.03810719 -0.01819006
v -0.10774644 0.04119079 -0.01847107
v -0.10612909 0.04842630 -0.01315704
v -0.10887830 0.04162852 -0.01396279
v -0.11380824 0.04805885 -0.00866899
v -0.11489747 0.02533546 -0.01357340
v -0.11842255 0.04351541 -0.00480441
v -0.11557676 0.04974423 -0.00624291
v -0.11275391 0.05364193 -0.00709380
v -0.11317237 0.02763541 -0.00594836
v -0.11350763 0.02435150 -0.00176638
v -0.11104119 0.01690599 -0.00415658
v -0.11533808 0.02190392 0.00152684
v -0.04779638 0.01515674 -0.05063076
v -0.04940797 -0.00401498 -0.05325755
v -0.06703919 0.00524896 -0.05348162
v -0.09764509 -0.03377468 -0.03094050
v -0.09280541 0.00047480 -0.04700028
v -0.09777083 0.00030939 -0.04334368
v -0.09720881 0.00642389 -0.04509425
v -0.09813486 0.01081876 -0.04585513
v -0.10135288 -0.00305046 -0.04024062
v -0.10412768 -0.00757038 -0.03803124
v -0.10670254 -0.01669820 -0.03517895
v -0.10447630 -0.02066358 -0.03493544
v -0.10162582 -0.01837732 -0.03766570
v -0.10098653 -0.02330259 -0.03571577
v -0.09682872 0.02736318 -0.04497178
v -0.09503058 0.03138433 -0.04388753
v -0.09982947 0.03039942 -0.04146572
v -0.10843075 0.02310646 -0.03842468
v -0.09661552 0.01384656 -0.04649311
v -0.09269609 0.01643046 -0.04797203
v -0.10660163 -0.05915029 0.02644179
v -0.10393492 -0.06041274 0.02819428
v -0.10555373 -0.06774651 0.02108124
v -0.10242166 -0.07061739 0.02070273
v -0.10951310 -0.07118960 0.01969674
v -0.10962846 -0.07347462 0.02066985
v -0.10544185 -0.07562360 0.02308699
v -0.11247517 -0.06396420 0.02055395
v -0.12541267 -0.05834596 0.02212972
v -0.12323073 -0.07014928 0.01965416
v -0.12511018 -0.07536718 0.02367361
v -0.11970400 -0.07783727 0.02859229
v -0.11861533 -0.07620303 0.02264996
v -0.11426576 -0.06822027 0.01881215
v -0.10245838 -0.07773171 0.02890532
v -0.10336172 -0.07670660 0.02488636
v -0.09954784 -0.07550083 0.02407851
v -0.09698883 -0.06800158 0.02448626
v -0.09824359 -0.07037763 0.02242135
v -0.09535138 -0.07603058 0.02996044
v 0.07782736 0.00190761 0.03137641
v 0.07917500 -0.00116935 0.02757763
v 0.07994399 -0.00722239 0.01879753
v 0.08881774 0.00228731 0.02096009
v 0.07263785 -0.01787738 0.03325057
v 0.06235673 -0.02112980 0.00947567
v 0.06745321 -0.01951372 -0.00172254
v 0.07749949 -0.01476239 0.00330573
v 0.07271691 -0.01628070 -0.01220527
v 0.08178268 -0.00940886 -0.01690398
v 0.07380296 -0.01386087 -0.01501557
v 0.07130354 -0.01186946 -0.01827259
v 0.06722969 -0.01507283 -0.01587370
v 0.06323224 -0.02082107 -0.00425874
v 0.05115806 -0.02516010 0.01642370
v 0.04471095 -0.02766637 0.00674539
v 0.05540477 -0.02464510 -0.00016550
v 0.05965724 -0.02220125 -0.00782499
v 0.04981318 -0.02601510 -0.00863113
v 0.05096614 -0.02631815 -0.01098045
v 0.04612350 -0.02949718 -0.01531362
v 0.04358877 -0.02766320 -0.01101618
v -0.00729586 -0.02604074 0.03525145
v 0.01824576 -0.01603328 0.03598692
v 0.02304891 -0.01883444 0.03694100
v 0.02048167 -0.02120340 0.03056161
v 0.01906819 -0.02583837 0.02495540
v 0.00532261 -0.02646234 0.03069190
v 0.01318869 -0.02725768 0.02517700
v 0.03463745 -0.02725198 0.01886730
v 0.03584232 -0.02925531 0.00670064
v 0.00802132 -0.03174917 0.01589398
v 0.11012659 -0.00297525 0.01478738
v 0.11738303 -0.00646522 0.01495794
v 0.10272454 -0.00338681 0.01303943
v 0.10222551 -0.00774031 0.00682556
v 0.11122016 -0.01741203 -0.01438104
v 0.02580087 -0.03175141 -0.02374897
v 0.03126150 -0.03177600 -0.02038946
v 0.08385979 0.00020125 -0.02481248
v 0.08704999 -0.00378768 -0.02143660
v 0.09004401 -0.00284343 0.01558462
v 0.09240105 -0.01140418 -0.00023115
v 0.03387199 -0.02907615 -0.01099907
v 0.00977687 -0.03076613 -0.01282995
v 0.01600111 -0.03110753 -0.01040898
v 0.00496501 -0.03452824 0.00108321
v 0.02116090 -0.02948965 -0.01376480
v 0.01970916 -0.03288039 0.00121086
v 0.00742016 -0.03369229 0.00559708
v -0.00726903 -0.03446411 -0.00515958
v -0.02937106 -0.03477933 0.00147428
v -0.03129351 -0.03408533 -0.00377041
v -0.01387801 -0.03455930 -0.00282706
v 0.00385888 -0.03357893 0.01068509
v -0.00229365 -0.03420150 0.00968121
v -0.00879841 -0.03464667 0.00854264
v -0.01747807 -0.03481864 0.01067930
v -0.01258125 -0.03072906 0.02625232
v -0.01955163 -0.03074793 0.02891719
v -0.02389187 -0.02988970 0.03084941
v -0.04083618 -0.03081346 0.02370918
v -0.02484344 -0.03368914 0.01559546
v 0.06635370 -0.03557380 -0.02209289
v 0.05914725 -0.02961875 -0.01856474
v 0.06080201 -0.03534572 -0.02114063
v 0.06870276 -0.04202965 -0.02453770
v 0.05928047 -0.04441623 -0.02427062
v 0.04120144 -0.04272071 -0.02670169
v 0.07571477 -0.07464121 -0.03446718
v 0.08672103 -0.07593250 -0.03494935
v 0.08977553 -0.07408595 -0.03438897
v 0.07780927 -0.07477758 -0.04248480
v 0.07435310 -0.07454984 -0.04851777
v 0.08643919 -0.07151694 -0.05398547
v 0.05982672 -0.06123161 -0.03378598
v 0.05775836 -0.05955268 -0.03372864
v 0.05035966 -0.04152971 -0.02370680
v -0.03887455 -0.03474996 -0.03542464
v -0.03947860 -0.02985825 -0.03314168
v -0.04207138 -0.03353196 -0.03004863
v -0.05964284 -0.03010339 -0.00282798
v -0.05900850 -0.03035657 -0.01320572
v -0.04996825 -0.03642100 -0.02328636
v -0.05742999 -0.03249039 -0.01591954
v -0.07654092 -0.02974622 -0.01130045
v -0.07915422 -0.02818791 -0.00994994
v -0.06370351 -0.04032421 -0.01915338
v -0.06133969 -0.04181531 -0.01982841
v -0.08744221 -0.03447274 -0.01664273
v -0.09083043 -0.03099546 -0.01460343
v -0.09285475 -0.02161517 -0.00643926
v -0.09507642 -0.01834724 -0.00398139
v -0.10707359 -0.01577710 -0.01075678
v -0.09275512 -0.03551999 -0.02070983
v -0.09970287 -0.01244372 0.00112456
v -0.09487028 -0.03986693 -0.02692769
v -0.07377542 -0.04942930 -0.02183435
v -0.06970309 -0.06676031 -0.02745884
v -0.06011668 -0.06005093 -0.02437499
v -0.04647683 -0.05854207 -0.02741965
v -0.04321050 -0.05770670 -0.02942288
v -0.03868594 -0.05666455 -0.03178476
v -0.03204279 -0.05901073 -0.03321522
v -0.03624459 -0.05483807 -0.05519588
v -0.03406337 -0.05595461 -0.05441567
v -0.03889101 -0.05316480 -0.04815802
v -0.03557293 -0.05542544 -0.04726104
v -0.02437658 -0.06077499 -0.05144963
v -0.02918900 -0.06032782 -0.04868850
v -0.03101782 -0.06072783 -0.04587480
v -0.01914421 -0.06242779 -0.05245358
v -0.01777735 -0.06357480 -0.05477441
v -0.02956934 -0.07957887 -0.05335559
v -0.02577189 -0.07894485 -0.04622806
v -0.01841694 -0.06672609 -0.05811733
v -0.02652067 -0.06181079 -0.04719063
v -0.03226820 -0.05713956 -0.03455699
v -0.02816396 -0.06178853 -0.03353982
v -0.02786427 -0.07576396 -0.02619902
v -0.02995029 -0.07904453 -0.03014794
v -0.02247389 -0.07595533 -0.03364854
v -0.02578024 -0.07879671 -0.04090869
v -0.02937937 -0.07980997 -0.04375877
v -0.06456298 -0.07787398 -0.03284694
v -0.05090871 -0.08137902 -0.03291257
v -0.03777514 -0.08008860 -0.03600924
v -0.04343619 -0.07905851 -0.04887095
v -0.04043940 -0.07038980 -0.02203176
v -0.03667600 -0.07134401 -0.02332973
v -0.05354963 -0.06885444 -0.02381714
v -0.03504446 -0.07773585 -0.02626196
v -0.04630722 -0.07692467 -0.02304033
v -0.04461125 -0.07759760 -0.02512000
v -0.05424910 -0.07893914 -0.02628809
v -0.04674692 -0.07901683 -0.02745452
v -0.03710109 -0.07923076 -0.02791728
v -0.03561318 -0.07971068 -0.03120153
v -0.04607716 -0.08026138 -0.02950004
v -0.04377904 -0.08068916 -0.03270632
v 0.00044993 0.02573105 -0.04455810
v 0.00397087 0.01322040 -0.04264697
v 0.04347706 -0.02246471 -0.04254507
v 0.02658301 -0.02382880 -0.03914322
v 0.02339985 -0.02161901 -0.03804239
v 0.02525119 -0.03574890 -0.03395639
v 0.02257745 -0.03273768 -0.03207073
v 0.02307910 -0.03303074 -0.03369390
v 0.02694339 -0.03813839 -0.03212239
v 0.03085518 -0.03290819 -0.03900229
v 0.02286572 -0.02583114 -0.03664504
v 0.01855181 -0.01863699 -0.03269567
v 0.00595801 -0.01594738 -0.03140900
v 0.00790881 -0.01030419 -0.03425557
v 0.01554668 -0.02403340 -0.02194376
v 0.00983456 -0.02434055 -0.02234075
v 0.01981467 -0.02583417 -0.02141599
v 0.02455183 -0.02858930 -0.02103124
v -0.01652830 -0.02947510 -0.01892832
v -0.02040769 -0.01376160 -0.03704653
v -0.00958696 0.00424041 -0.04484868
v -0.02709402 -0.01413418 -0.03609572
v -0.02207246 -0.01927366 -0.03187140
v -0.03677315 0.00818837 -0.04476541
v -0.03840155 0.00140969 -0.04420881
v -0.02932272 -0.01748482 -0.03250139
v -0.03396629 -0.01628442 -0.03283274
v -0.03194790 -0.02456084 -0.02418441
v -0.03962885 -0.03093208 -0.01456331
v -0.02668087 -0.02851119 -0.02017967
v -0.04494520 -0.03332856 -0.00410440
v -0.03752683 0.01299264 -0.04542057
v -0.04091670 0.01752960 -0.04551583
v 0.06509864 -0.04517235 -0.04541116
v 0.04550588 -0.03912966 -0.04361251
v 0.04607919 -0.04719834 -0.04278206
v 0.04514147 -0.05280624 -0.03652946
v 0.04317653 -0.05095082 -0.03843920
v 0.04038401 -0.04604232 -0.03982315
v 0.03940700 -0.04592655 -0.03111556
v 0.04113588 -0.04897679 -0.03397485
v 0.05624838 -0.05916034 -0.04006530
v 0.06293387 -0.06359971 -0.04389865
v 0.07337313 -0.07054885 -0.05230296
v 0.07023248 -0.07155993 -0.04941165
v 0.06229524 -0.06596417 -0.03965186
v 0.05194896 -0.05662674 -0.03487591
v 0.01424390 0.00725548 -0.03771824
v 0.00122255 -0.00513926 -0.03861820
v -0.12157919 0.00266988 0.04022850
v -0.11449134 -0.01238442 0.04736474
v -0.12026583 -0.01207504 0.04256349
v -0.12177425 -0.03007619 0.04630391
v -0.12298305 -0.01713920 0.02039329
v -0.12919743 -0.03346111 0.02825705
v -0.12811823 -0.03514947 0.02608838
v -0.13514504 -0.04233800 0.03211838
v -0.13285138 -0.03728957 0.03135066
v -0.12799439 -0.03152814 0.03762751
v -0.12152258 -0.03920849 0.04851932
v -0.12497275 -0.03517378 0.04638700
v -0.12410367 -0.03197592 0.04554068
v -0.11923674 0.04463379 -0.00178259
v -0.11971019 0.03371046 -0.00303805
v -0.11847448 0.02972301 -0.00203117
v -0.12126812 0.01612526 0.01002605
v -0.11797961 0.02985895 0.00682088
v -0.11722984 0.03267517 0.00668807
v -0.12055504 0.02539356 0.01129810
v -0.12512815 0.00221022 0.01828410
v -0.12560561 0.00916607 0.01977334
v -0.12562948 -0.00746260 0.02075659
v -0.11334025 0.04063340 0.01103687
v -0.11242694 0.04516860 0.01420222
v -0.11523697 0.03618249 0.00835200
v -0.11649868 0.03990193 0.02010083
v -0.12418722 0.02071959 0.02206480
v -0.11536605 0.03993782 0.02642577
v -0.12372153 0.02540363 0.02933090
v -0.12664476 0.01602571 0.02984057
v -0.12223618 0.01294011 0.03900047
v -0.12467434 0.02227744 0.03350431
v -0.11460710 0.03724095 0.03699185
v -0.12171984 0.00866549 0.04101040
v -0.12872846 0.00201258 0.02718114
v -0.12902747 -0.00140801 0.02623445
v -0.12846550 -0.00350940 0.03203706
v -0.12443879 -0.01211203 0.03479757
v -0.12670840 -0.00715151 0.03340863
v -0.13123530 -0.04049658 0.02614279
v -0.13250448 -0.05913038 0.03072324
v -0.13105913 -0.06435400 0.02896192
v -0.12943994 -0.07143866 0.02743357
v -0.12987933 -0.07109505 0.03093989
v -0.12839910 -0.07426078 0.02787408
v -0.12789816 -0.06823572 0.02196900
v -0.12555844 -0.07461105 0.03765561
v -0.12474468 -0.07706451 0.03556983
v 0.13980599 0.02840730 -0.03414302
v 0.12377444 -0.01776141 -0.00554076
v 0.11871161 -0.01701018 -0.00678300
v 0.11561526 -0.01737263 -0.00984605
v 0.12436714 -0.01870894 -0.01111967
v 0.13102700 -0.01534043 -0.01168624
v 0.13315621 -0.01187560 -0.01932605
v 0.13830459 -0.01367719 -0.01981061
v 0.14324839 -0.01390442 -0.02247511
v 0.14649741 -0.00780553 -0.02644498
v 0.15464671 -0.01132902 -0.02604408
v 0.15637501 -0.00365965 -0.02781881
v 0.13527320 -0.00041262 -0.02683323
v 0.13470712 0.00924659 -0.03350428
v 0.13339098 0.00198871 -0.02912536
v 0.13065161 -0.00446614 -0.02753342
v 0.12896825 0.00134990 -0.03510215
v 0.12372714 -0.01621852 -0.02000262
v 0.12032825 -0.01321481 -0.03123526
v 0.12103777 -0.01014036 -0.03448954
v 0.13757147 0.02226132 -0.03711846
v 0.13156797 0.01447408 -0.04102324
v 0.13042673 0.01244024 -0.04067020
v 0.11634255 -0.01712304 -0.02147960
v 0.14956778 -0.01680098 -0.02054056
v 0.15160945 -0.01508731 -0.02285041
v 0.15746240 -0.01139402 -0.02527396
v 0.16313563 -0.00639212 -0.01228080
v 0.16072308 -0.00281240 -0.02451437
v 0.15892105 -0.00417274 -0.02661953
v 0.15891108 -0.00178578 -0.02612581
v 0.16027412 0.00138368 -0.01984449
v 0.15970902 0.00590846 -0.02012034
v 0.15836410 0.00464674 -0.02371457
v 0.14395036 0.01741185 -0.02811693
v 0.14488353 0.02253017 -0.02492433
v 0.15092370 0.02517627 -0.01964614
v 0.15698870 0.01739830 -0.01835079
v 0.15835437 0.01496697 -0.01708047
v 0.15723327 0.01577038 -0.01390461
v 0.15429117 0.00978954 -0.02310059
v 0.15764001 0.01282841 -0.01961566
v 0.15985331 0.00772700 -0.01510845
v 0.05204803 -0.02669371 0.02313394
v 0.04333927 -0.02600239 0.02393269
v 0.06582928 -0.02585258 0.02828833
v 0.02790556 -0.02936907 0.03891145
v 0.03120492 -0.03314693 0.03513620
v 0.02569502 -0.02308809 0.03530771
v 0.03104652 -0.02616393 0.02825195
v 0.03338974 -0.02892093 0.02945010
v 0.04567098 -0.03273449 0.02820813
v 0.03905611 -0.03307901 0.02997519
v 0.05203301 -0.04318323 0.03147065
v 0.05563890 -0.03717379 0.02887294
v 0.03512221 -0.04155779 0.03901425
v 0.04913203 -0.05314560 0.03523437
v 0.04959384 -0.06537133 0.03981212
v 0.06386051 -0.04549690 0.03121003
v 0.06761827 -0.04440182 0.03229159
v 0.07015375 -0.07319599 0.02781495
v 0.07156648 -0.06790063 0.02921775
v 0.08020397 -0.07677940 0.05210042
v 0.07784154 -0.07156706 0.02829514
v 0.07189153 -0.07568478 0.02887150
v 0.07099236 -0.07784913 0.03201636
v 0.07658626 -0.07691590 0.02958140
v 0.07691386 -0.07785170 0.03201159
v 0.07343068 -0.07837722 0.04874249
v 0.05952279 -0.07714503 0.03616116
v 0.05910366 -0.07781428 0.04508271
v 0.06955221 -0.07870726 0.05256734
v 0.05948303 -0.07638156 0.05323813
v 0.07280964 -0.07810770 0.03667550
v 0.06182313 -0.00362229 -0.03493772
v 0.06504600 -0.01189686 -0.02883315
v 0.06587937 -0.01535907 -0.02805633
v 0.06563243 -0.01296344 -0.02475427
v 0.06837862 -0.01971287 -0.02838519
v 0.07199284 -0.02526386 -0.02854363
v 0.07024168 -0.02218293 -0.02626357
v 0.06652194 -0.01511066 -0.02200238
v 0.06670468 -0.02029523 -0.02030251
v 0.06602775 -0.01639961 -0.01768959
v 0.07303808 -0.02801559 -0.02901650
v 0.07442144 -0.03228201 -0.02883622
v 0.07330563 -0.04490205 -0.02734887
v 0.07849886 -0.06452910 -0.03073762
v 0.08691161 -0.07065170 -0.02486832
v 0.08901373 -0.06499826 -0.03009986
v 0.09120956 -0.06861869 -0.03312230
v 0.08924969 -0.07136025 -0.03833412
v 0.09315182 -0.06750505 -0.05116443
v 0.09610040 -0.05664711 -0.04656939
v 0.09478124 -0.05396057 -0.04636628
v 0.09593304 -0.06007515 -0.04950184
v 0.09279872 -0.05763407 -0.05476156
v 0.09502110 -0.05991384 -0.05232500
v 0.07653870 -0.03647022 -0.03328062
v 0.07776796 -0.04127792 -0.03712821
v 0.07905997 -0.04645074 -0.03752295
v 0.07800803 -0.04567829 -0.04452617
v 0.08007331 -0.05144846 -0.04068559
v 0.08895007 -0.05029173 -0.04536713
v 0.08703452 -0.05406099 -0.04391661
v 0.08355840 -0.06233064 -0.04242175
v 0.08300866 -0.06169976 -0.03703873
v -0.06638615 -0.05918158 -0.05113798
v -0.04583560 -0.06794166 -0.05901080
v -0.03706992 -0.07189462 -0.06243096
v -0.02771717 -0.07844421 -0.05585540
v -0.03173767 -0.07934422 -0.05547979
v -0.02686322 -0.06333840 -0.06401683
v -0.08444262 -0.05348851 -0.03365861
v -0.08442342 -0.05508214 -0.03151070
v -0.08658699 -0.04983380 -0.03232029
v -0.08690428 -0.05000344 -0.02922495
v -0.08312465 -0.05790268 -0.03116943
v -0.07207363 -0.07050342 -0.03485287
v -0.02052451 -0.06441829 -0.05934143
v -0.04072141 -0.07398816 -0.05932909
v -0.06083621 -0.06569912 -0.05432928
v -0.05916985 -0.06991465 -0.05221668
v -0.06250370 -0.06762895 -0.04726675
v -0.06300242 -0.07745685 -0.03763817
v -0.05835928 -0.07017059 -0.04766547
v -0.04304656 -0.08011404 -0.05420298
v -0.04871617 -0.07913788 -0.05351549
v -0.05199846 -0.07767610 -0.05449010
v -0.04914946 -0.07698227 -0.05676823
v -0.05419613 -0.07536176 -0.04750951
v -0.05285174 -0.07895900 -0.04427911
v 0.14674896 0.03660435 -0.02281004
v 0.15022005 0.03514405 -0.01864384
v 0.14641890 0.03198065 -0.02597924
v 0.15067594 0.03540892 -0.01223592
v 0.14940609 0.03840712 -0.01131616
v 0.14974445 0.02682013 -0.00584915
v 0.14625581 0.04393290 -0.00891527
v 0.14454447 0.04373481 -0.00704506
v 0.13976997 0.04837226 -0.00604243
v 0.13756686 0.04952191 -0.00933389
v 0.13281018 0.05122397 -0.00406250
v 0.15160158 0.02953491 -0.01690468
v 0.14989184 0.02381535 -0.00384532
v 0.15398274 0.01325041 -0.00735169
v 0.15478778 0.00769397 -0.00483218
v 0.14911354 0.01152984 0.00516709
v 0.14038795 0.01955592 0.01668343
v 0.13748160 0.02910889 0.01397684
v 0.14717725 0.01635067 0.00717703
v 0.13306418 0.04652908 0.00456523
v 0.13838691 0.04616786 -0.00161940
v 0.13820881 0.04018320 0.00674373
v 0.13984771 0.03449862 0.00878063
v 0.14393522 0.02836845 0.00725610
v 0.14192528 0.03650871 0.00467256
v 0.13179228 -0.00280527 0.01892674
v 0.12375710 -0.01598109 0.00257006
v 0.12944725 -0.01430038 0.00336241
v 0.14353515 -0.01623765 -0.01376656
v 0.15185928 -0.01682011 -0.01631843
v 0.13470651 -0.00542357 0.01214384
v 0.13099132 -0.01093085 0.00794966
v 0.13737263 -0.00735147 -0.00228724
v 0.14746903 -0.00081206 -0.00267437
v 0.14098100 -0.00152321 0.00111585
v 0.15811391 -0.01024207 -0.00928099
v 0.16168724 -0.01023705 -0.01205834
v 0.15701297 -0.01266299 -0.01214548
v 0.16082476 -0.00793973 -0.00842208
v 0.16133448 -0.00435864 -0.00791439
v 0.16322087 -0.00401380 -0.01365402
v 0.13866274 -0.00420324 0.00383521
v 0.14794450 0.00972475 0.00144154
v 0.07013731 -0.02715637 0.03074489
v 0.06760329 -0.03400482 0.03081047
v 0.06841148 -0.04054763 0.03329972
v 0.06812523 -0.03811937 0.04195437
v 0.07039610 -0.04372739 0.04427068
v 0.07292937 -0.04896911 0.04690941
v 0.07376729 -0.04998308 0.05117607
v 0.07159301 -0.05790420 0.04376544
v 0.08291729 -0.06599037 0.04355559
v 0.08395039 -0.07424629 0.03962631
v 0.08081321 -0.07239959 0.03046758
v 0.07061331 0.03913532 0.03325617
v 0.06365025 0.03619121 0.03929023
v 0.06014591 0.02965541 0.04294110
v 0.05306560 0.04836308 0.03816881
v 0.05516866 0.05551358 0.03377659
v 0.05475653 0.04336449 0.04017967
v 0.05240804 0.03578861 0.04349215
v 0.05443994 0.03104316 0.04413520
v 0.04679732 0.04296103 0.04168716
v 0.04665735 0.05089145 0.03684947
v 0.04346026 0.04630316 0.04007259
v 0.03866598 0.04427179 0.04224931
v 0.05410850 0.02688781 0.04552099
v 0.07422478 0.05361061 0.01858342
v 0.07127059 0.04987901 0.02504254
v 0.08252072 0.05879033 0.00596776
v 0.08112079 0.05515391 0.01218725
v 0.08036020 0.05132225 0.01669776
v 0.07766167 0.04555016 0.02285550
v 0.08045591 0.04201531 0.02350671
v 0.08308203 0.04522831 0.02088221
v 0.08074547 0.03404361 0.02674278
v 0.06789476 0.02472521 0.03940609
v 0.06563581 0.02121063 0.04197984
v 0.07528012 0.01592917 0.03466258
v 0.07458384 0.02498052 0.03405993
v 0.07833712 0.01921399 0.03206296
v 0.08304438 0.02958653 0.02672513
v 0.08503178 0.02393137 0.02702785
v 0.08142009 0.02312546 0.02898319
v 0.07662565 0.00954119 0.03383907
v 0.07328571 0.01163726 0.03699563
v 0.09180025 0.03105437 0.02493763
v 0.09273528 0.03717407 0.02307761
v 0.09759734 0.02857023 0.02417613
v 0.08753008 0.01965586 0.02627587
v 0.08439029 0.01629963 0.02743710
v 0.07540775 0.00729342 0.03604306
v 0.08389443 0.01068265 0.02823100
v 0.07623397 0.00248921 0.03682421
v 0.06955367 0.00987288 0.04289018
v 0.06670219 0.01632131 0.04264192
v 0.06259785 0.01847062 0.04475978
v 0.05602513 0.01895565 0.04706091
v 0.04375662 0.03446647 0.04617286
v 0.05702848 0.01352439 0.04785716
v 0.06297338 0.00805640 0.04597593
v 0.07541998 -0.00022276 0.03875723
v 0.06861622 0.00737535 0.04400393
v 0.07071963 -0.00753213 0.04061127
v 0.04401709 0.02079456 0.04936060
v 0.04501848 0.02871182 0.04762090
v 0.03579980 0.02641949 0.04888244
v 0.03804749 0.02200215 0.05021751
v 0.03331969 0.04784793 0.03986700
v 0.04295156 0.05290755 0.03597300
v 0.03811138 0.04945190 0.03895041
v 0.05628740 0.05934167 0.02951004
v 0.05220761 0.06049469 0.02915089
v 0.03976451 0.05682638 0.03251310
v 0.04723685 0.06769802 0.01987498
v 0.04970105 0.06511372 0.02426177
v 0.05881346 0.06304523 0.02282845
v 0.06697395 0.06653542 0.00193710
v 0.06855514 0.06546948 -0.00055232
v 0.04498412 0.06508658 0.02377575
v 0.03981280 0.06618345 0.01926759
v 0.04184300 0.06206656 0.02659349
v 0.03743023 0.05530105 0.03390171
v 0.03040602 0.05562757 0.03246455
v 0.02864418 0.05004173 0.03674282
v 0.02324846 0.05520417 0.03281340
v 0.03635277 0.06356786 0.02250418
v 0.02369170 0.06193369 0.02413663
v 0.02357638 0.04468908 0.04014070
v 0.01563537 0.06616837 0.02110116
v 0.01888974 0.06324140 0.02414939
v 0.01221079 0.06904674 0.01587658
v 0.03351055 0.06541473 0.01899640
v 0.03184365 0.06702548 0.01491392
v 0.02272824 0.06523356 0.01913796
v 0.01829586 0.06850353 0.01332676
v 0.00029397 0.07059488 0.01964086
v 0.00409435 0.06506088 0.02847031
v 0.00310492 0.06788076 0.02443371
v 0.01612566 0.04167129 0.04449137
v 0.02537851 0.03839358 0.04362161
v 0.02915550 0.03840175 0.04420238
v 0.03143637 0.03250640 0.04700674
v 0.01971597 0.03941499 0.04386301
v 0.02618392 0.03136069 0.04646178
v 0.02008305 0.03184064 0.04641398
v 0.05753951 0.00525466 0.04978069
v 0.06088879 0.00217811 0.04876322
v 0.06745642 -0.00343802 0.04337350
v 0.07157176 -0.01096719 0.04012185
v 0.08632498 0.00617359 0.02467995
v 0.06846889 -0.01390484 0.04146176
v 0.07071334 -0.01871751 0.03712364
v 0.07196691 -0.02485251 0.03559480
v 0.07148372 -0.02822186 0.03767988
v 0.06734847 -0.03291430 0.04142417
v 0.06065462 -0.04267897 0.05249264
v 0.06606033 -0.04364759 0.05390002
v 0.06223487 -0.03281284 0.04702085
v 0.06152898 -0.02756552 0.04676156
v 0.05543194 -0.03348098 0.05215497
v 0.06408673 -0.02490035 0.04383728
v 0.06679799 -0.02026279 0.04369822
v 0.06622784 -0.02548867 0.04082363
v 0.06282481 -0.02155295 0.04402255
v 0.05793511 -0.02493063 0.04696501
v 0.05581131 -0.02673520 0.04903633
v 0.05208021 -0.02627119 0.04955002
v 0.04207225 -0.03787019 0.05208644
v 0.05258071 -0.04785856 0.05611916
v 0.04696506 -0.03875948 0.05285823
v 0.04593319 -0.03439231 0.05202641
v 0.04783739 -0.02991037 0.05186367
v 0.04637374 -0.02567145 0.05019037
v 0.04276469 -0.02975631 0.05139996
v 0.05106592 -0.02122493 0.04819472
v 0.06262025 -0.00481252 0.04526481
v 0.06122784 -0.00858468 0.04334374
v 0.06462475 -0.01290957 0.04105287
v 0.05830627 -0.01129253 0.04079414
v 0.05598195 -0.02027558 0.04413693
v 0.03754364 -0.02695535 0.04947997
v 0.04350075 -0.01896285 0.04838637
v 0.03922262 -0.01815838 0.04853214
v 0.02548558 -0.01533518 0.04647310
v 0.02924096 -0.00361228 0.05037604
v 0.03523988 -0.00397690 0.05150511
v 0.04634685 -0.01079594 0.04883923
v 0.04432330 -0.00621219 0.05097545
v 0.04805736 -0.00841739 0.04804596
v 0.04957138 -0.01349983 0.04302217
v 0.04833505 -0.01403524 0.04523341
v 0.01899924 -0.00593392 0.04407562
v 0.01638478 -0.00413632 0.04517660
v 0.01431417 -0.00086977 0.04759791
v 0.02559453 0.00159677 0.04925608
v 0.02221236 0.00155824 0.04763705
v 0.01937691 -0.00159169 0.04598270
v 0.02700946 0.00589811 0.04988920
v 0.04404876 0.00635384 0.05148656
v 0.04099826 0.01752894 0.05088916
v 0.03528791 0.01228385 0.05174010
v 0.01824839 0.01042281 0.04973951
v 0.02298460 -0.01418453 0.04314060
v 0.03405882 -0.02755446 0.04813330
v 0.00291724 -0.00357078 0.05043977
v 0.00705287 -0.01458569 0.04285859
v -0.00009366 -0.01370279 0.04624469
v 0.00115767 -0.01752654 0.04300008
v 0.01503398 -0.01650012 0.03697760
v 0.00856980 -0.02285794 0.03444603
v 0.01434662 -0.02203352 0.03239574
v 0.02774946 -0.02452757 0.04382802
v 0.03017749 -0.02796925 0.04498804
v 0.03297655 -0.02989258 0.04705642
v 0.03739180 -0.03772726 0.04830348
v 0.03755195 -0.04097012 0.04629645
v 0.03330964 -0.03319084 0.04610724
v 0.03198575 -0.03420153 0.04270737
v 0.03368058 -0.03895546 0.04123246
v -0.00730248 -0.01284475 0.04896528
v -0.00817682 -0.00537483 0.05266739
v -0.00435659 -0.00345314 0.05278824
v -0.02059865 -0.00873114 0.05227005
v -0.01465425 -0.00489425 0.05350283
v -0.01512996 -0.00055374 0.05501829
v -0.00607912 0.00197947 0.05447920
v -0.00116181 0.00639328 0.05438792
v -0.00947611 0.01383391 0.05688712
v -0.01437978 0.00946820 0.05700059
v -0.01174781 0.02003575 0.05695777
v -0.00526508 0.02341138 0.05575574
v 0.00138752 0.01304221 0.05473701
v 0.01294810 0.01529901 0.05171216
v 0.01129491 0.01341601 0.05192147
v 0.00596381 0.02010956 0.05377987
v 0.01494156 0.02740531 0.04991505
v 0.01021462 0.02586484 0.05190190
v 0.00335316 0.02961002 0.05305259
v -0.01010392 0.03532761 0.05387536
v 0.01423628 0.03918900 0.04631162
v 0.01102341 0.04428674 0.04508717
v 0.00291721 0.03621149 0.05149791
v 0.00145092 0.04967130 0.04485112
v -0.00473582 0.06235688 0.03441958
v -0.01378133 0.06031320 0.03799157
v -0.01140096 0.05580740 0.04190186
v -0.01176213 0.04666692 0.04881161
v -0.02420397 0.05739788 0.04194797
v 0.09618227 0.05085417 0.01129912
v 0.10218052 0.04960458 0.01215656
v 0.11214679 0.05594921 -0.00139999
v 0.11138050 0.05187567 0.01420773
v 0.10742639 0.04823930 0.01451934
v 0.10136124 0.04590145 0.01634871
v 0.10233086 0.04300608 0.01840782
v 0.11910520 0.04453616 0.02258567
v 0.11992259 0.03959146 0.02075206
v 0.11557350 0.02972896 0.02222313
v 0.12089387 0.03555337 0.02037298
v 0.12297096 0.04141967 0.02139924
v 0.11395430 0.05271254 0.01972210
v 0.11722878 0.05571647 0.02271267
v 0.11875325 0.05543265 0.02523001
v 0.11901900 0.05325898 0.02712488
v 0.11628286 0.05148068 0.02445211
v 0.12432463 0.05248771 0.02369694
v 0.12308455 0.05174440 0.02696838
v 0.12282749 0.04576139 0.02436828
v 0.12253065 0.04882839 0.02686998
v 0.12507786 0.04387484 0.02198970
v 0.12512293 0.04365266 0.01842983
v 0.12474231 0.04106870 0.02072519
v 0.12233819 0.02779041 0.02255963
v 0.09956819 0.03688156 0.02171699
v 0.09646954 0.03321463 0.02359480
v 0.09374540 0.01809189 0.02444612
v 0.10297170 0.02860019 0.02350304
v 0.12302660 0.02160668 0.02454978
v 0.13030812 0.01624301 0.02499196
v 0.12945476 0.01318449 0.02539979
v 0.13427238 0.01611912 0.02353645
v 0.13068911 0.00975966 0.02476082
v 0.12176622 0.00641947 0.02438618
v 0.12388696 0.00360407 0.02379926
v 0.11839499 0.00549977 0.02294978
v 0.11772440 0.01062438 0.02416756
v 0.11397154 0.01038731 0.02231744
v 0.11425960 0.00438914 0.02047080
v 0.10644650 0.00195016 0.01764108
v 0.11540491 -0.00089818 0.01825760
v 0.12071614 0.00105408 0.02196347
v 0.12860189 0.00096236 0.02236059
v 0.05999928 0.05848116 0.02843875
v 0.06404456 0.05715663 0.02520205
v 0.09259427 0.00713522 0.02170257
v 0.09591129 0.00946351 0.02162706
v 0.12728703 0.05276198 -0.00127064
v 0.11588801 0.05298653 0.00809626
v 0.11047658 0.05188996 0.01149639
v 0.12472624 0.04974863 0.00479138
v 0.12426590 0.05172088 0.01873086
v 0.12147702 0.05114952 0.01651635
v 0.12352031 0.05017221 0.01617137
v 0.12860617 0.05265542 0.02204205
v 0.12620200 0.05056991 0.02440469
v 0.13279958 0.05308968 0.02184957
v 0.13384330 0.05264454 0.01992409
v 0.13325696 0.05075428 0.01970415
v 0.11963706 0.04899031 0.00915107
v 0.12101874 0.04899041 0.00772983
v 0.12378459 0.04601169 0.01599229
v 0.12332003 0.04285609 0.01572982
v 0.12396966 0.04523322 0.01272511
v 0.12761465 0.04797696 0.00749265
v 0.13702245 0.01550853 0.02198971
v 0.13425604 0.00796076 0.02302321
v 0.13794999 0.00910591 0.02072547
v -0.03409993 -0.02162062 0.04187299
v -0.02161315 -0.01329335 0.04967337
v -0.06076221 -0.02627706 0.02416179
v -0.05853648 -0.02515470 0.02736677
v -0.06315459 -0.02285140 0.02947577
v -0.05833343 -0.02071496 0.03428335
v -0.05232882 -0.02759802 0.02602260
v -0.02903400 -0.00532992 0.05411348
v -0.02919641 -0.00988533 0.05192298
v -0.02827912 -0.01363182 0.04949091
v -0.03298197 -0.01477701 0.04838268
v -0.04216231 -0.02031985 0.04211851
v -0.01883233 0.02390427 0.05719566
v -0.01302751 0.04077575 0.05189834
v -0.02124858 0.02856037 0.05637556
v -0.02719957 0.02729897 0.05625851
v -0.02902844 0.02210262 0.05681090
v -0.03235504 0.03093578 0.05482545
v -0.03910198 0.03224745 0.05332244
v -0.02217793 0.00622150 0.05678642
v -0.02467643 -0.00203060 0.05511357
v -0.03250331 -0.00225571 0.05488340
v -0.02993508 0.00829074 0.05674002
v -0.03844053 0.01489407 0.05587131
v -0.03166315 0.01602099 0.05716067
v -0.03381234 0.00948819 0.05649866
v -0.02131919 0.04408273 0.05099544
v -0.02561450 0.04816720 0.04908140
v 0.03814988 -0.04578197 0.04399793
v 0.04576561 -0.04703227 0.05431560
v 0.04586337 -0.05019307 0.05266891
v 0.04470262 -0.05537163 0.04904796
v 0.04301155 -0.05561286 0.04426930
v 0.05172598 -0.05643245 0.05728426
v 0.04969674 -0.05748568 0.05524693
v 0.04914154 -0.05936120 0.05305313
v 0.04530623 -0.05884308 0.04691497
v 0.04916193 -0.06584359 0.04585877
v 0.04758644 -0.06093803 0.04912948
v 0.05177321 -0.06422596 0.05424332
v 0.05008047 -0.06308661 0.05043427
v 0.07146824 -0.04875349 0.05692850
v 0.07497212 -0.06054126 0.04904994
v 0.07490016 -0.05538495 0.05490253
v 0.07264633 -0.05172246 0.05761259
v 0.05168630 -0.06082698 0.05807837
v 0.05454741 -0.05963896 0.05913056
v 0.07773632 -0.06209677 0.04080984
v 0.08147549 -0.06443378 0.03983639
v 0.07664276 -0.05954884 0.05507679
v 0.08039337 -0.06461006 0.05124601
v 0.08355542 -0.06852714 0.04869842
v 0.08224136 -0.06853580 0.05317430
v 0.08011755 -0.06983191 0.05596586
v 0.08222823 -0.07323914 0.05505066
v 0.07615838 -0.06448947 0.05840862
v 0.07205863 -0.06972427 0.05770294
v 0.07174447 -0.05508373 0.06024661
v 0.05772171 -0.05632888 0.05936996
v 0.05641752 -0.06392411 0.05939390
v 0.06625018 -0.06951007 0.05826103
v 0.06434834 -0.05997310 0.06202396
v 0.06131202 -0.07329247 0.05945466
v 0.06945739 -0.07389575 0.05805612
v 0.06106089 -0.07540349 0.05883797
v 0.09940848 0.01711354 0.02299727
v 0.09946256 0.00422095 0.01894165
v 0.03529098 0.01884773 0.05095064
v 0.02303120 0.01656987 0.04901061
v 0.02109785 0.02023541 0.04914023
v 0.01589481 0.01890838 0.05077931
v 0.05049212 -0.00939854 0.04288426
v 0.04945368 -0.01125372 0.04166355
v 0.05382160 -0.01677761 0.04402557
v -0.06704020 -0.02403922 0.04078375
v -0.06915879 -0.02643412 0.03899052
v -0.06566797 -0.01979409 0.04405546
v -0.07253496 -0.02768222 0.04081077
v -0.07764457 -0.03083131 0.04173202
v -0.08124232 -0.03281209 0.04126098
v -0.08566628 -0.03716932 0.03842518
v -0.07549762 -0.02385789 0.04964027
v -0.07207289 -0.02188292 0.05011643
v -0.06638379 -0.01885226 0.04768409
v -0.07299710 -0.01802752 0.05163013
v -0.06176221 -0.01115390 0.04615880
v -0.05920777 -0.00898203 0.04541057
v -0.06096535 -0.01319631 0.04338591
v -0.05716755 -0.01406460 0.04193883
v -0.04505614 -0.01192810 0.04776638
v -0.04827736 -0.00610825 0.04960343
v -0.04870191 0.00016360 0.05153935
v -0.04783059 0.00659118 0.05304151
v -0.05146622 0.01725592 0.05204649
v -0.04912445 0.03318150 0.04988662
v -0.05013369 0.03871441 0.04732322
v -0.05305271 0.02794046 0.04959829
v -0.05414303 0.03402806 0.04747460
v -0.05662083 0.02495895 0.04898978
v -0.04388968 0.03477731 0.05125729
v -0.04012399 0.03930620 0.05068237
v -0.05883284 0.03384992 0.04564123
v -0.06050980 0.03909664 0.04334493
v -0.06534842 0.03336807 0.04571309
v -0.06091340 0.02015950 0.04857657
v -0.06391440 0.02367316 0.04805174
v -0.05741816 0.01922897 0.04962318
v -0.05664862 0.01521389 0.05052673
v -0.06368276 0.02778570 0.04698844
v -0.06812908 0.02175287 0.05044626
v -0.06610849 0.02367849 0.04898920
v -0.07095844 0.02561161 0.05131500
v -0.06930602 0.03177532 0.04864473
v -0.06697261 0.03240816 0.04740344
v -0.05885716 0.00941723 0.05004645
v -0.06267357 0.01055216 0.04882388
v -0.07284201 0.03129873 0.05003176
v -0.07482661 0.02650557 0.05231785
v -0.06990688 0.01495535 0.05174081
v -0.07154788 0.00821129 0.05206959
v -0.07941268 0.01029893 0.05288275
v -0.07909507 0.00376984 0.05372114
v -0.08852341 -0.00098818 0.05138727
v -0.08966321 -0.00667747 0.05138658
v -0.07500917 -0.00596564 0.05403527
v -0.07224638 0.00241505 0.05335511
v -0.06496741 0.00093858 0.04998235
v -0.09181076 0.00615576 0.05327594
v -0.08388558 0.01058583 0.05240954
v -0.08793460 0.01412661 0.05239059
v -0.07908183 0.01672429 0.05311492
v -0.06334437 0.03822994 0.04348552
v -0.06257571 0.04816059 0.03973349
v -0.07310937 0.04029214 0.04616692
v -0.08360301 0.03899989 0.04722431
v -0.08447829 0.01682921 0.05253559
v -0.10574238 0.00310959 0.05308433
v -0.10758160 0.01844642 0.04873680
v -0.11047841 0.02244001 0.04680448
v -0.10648064 0.02294466 0.04796297
v -0.11898988 0.01631911 0.04050317
v -0.09568181 -0.01009022 0.05305806
v -0.09097198 -0.01314081 0.05265369
v -0.08045632 -0.00970217 0.05318417
v -0.08098622 -0.01605176 0.05343834
v -0.08093389 -0.02645113 0.04920985
v -0.08868144 -0.03179284 0.04775844
v -0.08519512 -0.03273588 0.04637599
v -0.08690098 -0.03674383 0.04350871
v -0.08588833 -0.02510721 0.04974117
v -0.08911877 -0.01841332 0.05173992
v -0.09009755 -0.02338026 0.05048451
v -0.10658520 -0.01221529 0.05225125
v -0.11068325 -0.01129281 0.05051062
v -0.09475324 -0.04855783 0.04000542
v -0.09544612 -0.05062211 0.03678415
v -0.09690165 -0.05415335 0.03706963
v -0.09689462 -0.05333996 0.03546418
v -0.09515835 -0.04754540 0.03587259
v -0.09741295 -0.04820064 0.04340943
v -0.09823329 -0.05723089 0.03698908
v -0.10252127 -0.05775759 0.04188714
v -0.10689772 -0.05707200 0.04779199
v -0.10525286 -0.04883329 0.05020205
v -0.10101140 -0.04830993 0.04570478
v -0.10391822 -0.04906755 0.04929242
v -0.09946264 -0.06325981 0.03958295
v -0.09806596 -0.05935108 0.03765435
v -0.10142487 -0.06573193 0.04229856
v -0.10555936 -0.06761006 0.04626154
v -0.11333407 -0.06386451 0.05023152
v -0.11625056 -0.05005385 0.05135894
v -0.11627606 -0.05531398 0.05142792
v -0.11447950 -0.07465588 0.04992238
v -0.10930272 -0.04420492 0.05187036
v -0.11726663 -0.03803097 0.05035494
v -0.10758637 -0.03682968 0.05054020
v -0.10237364 -0.03123447 0.04957128
v -0.10809388 -0.02890852 0.04992662
v -0.10248362 -0.03696463 0.04869619
v -0.09811205 -0.03442505 0.04881024
v -0.10575610 -0.04308297 0.04981871
v -0.10273411 -0.03988882 0.04827780
v -0.09329189 -0.04606848 0.03838148
v -0.09320688 -0.04336560 0.04095268
v -0.09046426 -0.03739334 0.04465400
v -0.09697328 -0.02189475 0.05138333
v -0.10540362 -0.02283250 0.05126258
v -0.11265386 -0.02494923 0.04903304
v -0.11327787 -0.03141825 0.04899184
v -0.05183093 -0.01894748 0.03985135
v -0.05837595 -0.01713342 0.03854861
v -0.09854959 0.01659897 0.05204503
v -0.09593608 0.02048211 0.05115979
v -0.09441786 0.01593709 0.05203336
v -0.08531509 0.03340949 0.04965295
v -0.07049675 0.04838825 0.04041012
v -0.08123125 0.04445690 0.04475779
v -0.04207354 0.04497431 0.04731575
v -0.03815165 0.05526197 0.04237180
v -0.03221358 0.05345162 0.04499083
v -0.03874311 0.06032148 0.03782635
v -0.02927087 0.06705681 0.03166198
v -0.04652822 0.05834964 0.03741182
v -0.05422057 0.05768632 0.03645821
v -0.04459892 0.05335773 0.04158638
v -0.05415710 0.05215801 0.03931755
v -0.05261358 0.04651073 0.04233009
v -0.05323970 0.06329583 0.03257383
v -0.02253474 0.07002345 0.02695350
v -0.07191911 0.06267105 0.03201598
v -0.07940688 0.06433943 0.02815184
v -0.06734082 0.06058671 0.03431097
v -0.07092648 0.05315502 0.03831443
v -0.06599373 0.05320177 0.03797989
v -0.06046297 0.05707273 0.03678055
v -0.07951000 0.04980403 0.04156399
v -0.08049430 0.05120006 0.03915032
v -0.07914484 0.05654852 0.03638664
v -0.08138374 0.05999703 0.03309553
v -0.08523617 0.05069759 0.04115635
v -0.09016025 0.05395013 0.03523971
v -0.11593505 0.02171036 0.04317470
v -0.11332900 0.02391445 0.04477330
v -0.10672648 0.03782523 0.04213493
v -0.10701550 0.04028821 0.04065152
v -0.09575877 0.04898762 0.04015140
v -0.09907240 0.04099247 0.04432649
v -0.09548285 0.04481167 0.04287126
v -0.10490941 0.05323007 0.02735198
v -0.09044886 0.04392992 0.04436437
v -0.10224670 0.02545169 0.04853373
v -0.09944750 0.03733942 0.04635999
v -0.09586907 0.03452989 0.04799678
v -0.10384379 0.03395914 0.04589282
v -0.10662637 0.02627035 0.04666049
v -0.11213311 0.02755997 0.04413613
v -0.11339764 0.03296460 0.04104482
v -0.09497986 0.05802972 0.02937796
v -0.09211429 -0.06795519 0.03677018
v -0.09872078 -0.06689906 0.04274353
v -0.10561115 -0.07755534 0.04168378
v -0.10413501 -0.07822742 0.03327422
v -0.09092276 -0.07326777 0.03675522
v -0.09306297 -0.07633673 0.03614721
v -0.09216397 -0.07400482 0.04081763
v -0.09874161 -0.07143175 0.04499852
v -0.09929070 -0.07575220 0.04430937
v -0.10338081 -0.07671835 0.04488138
v -0.09949964 -0.07681704 0.04289109
v -0.10097587 -0.07764266 0.03871991
v -0.09642187 -0.07676310 0.03920240
v -0.09273967 -0.06918755 0.04050329
v -0.09530412 -0.03151159 0.04920252
v 0.05085913 0.06895554 0.01793154
v 0.04071835 0.06841300 0.01578646
v 0.04847323 0.07015602 0.01491045
v 0.05189574 0.07025376 0.01438199
v 0.05754487 0.07001953 0.00825563
v 0.04643952 0.06999365 0.00949736
v 0.05774644 0.06515788 -0.00696500
v 0.06513173 0.06299892 -0.00931834
v 0.06645692 0.06092324 -0.01268381
v 0.05841145 0.06210055 -0.01199870
v 0.05860073 0.05840615 -0.01798911
v 0.07026624 0.05658602 -0.01638026
v 0.08112059 0.05781458 -0.00488656
v 0.06343409 0.05560876 -0.01912944
v 0.05628306 0.05501059 -0.02145680
v 0.06183900 0.03802181 -0.02946434
v 0.05119967 0.04598567 -0.02822949
v 0.05433108 0.04464045 -0.02878308
v 0.05782916 0.04209086 -0.02894343
v 0.04930336 0.04122046 -0.03079369
v 0.05692617 0.06993258 0.00463386
v 0.05115839 0.06618984 -0.00253998
v 0.04946345 0.06991199 0.00555268
v 0.04336119 0.06973232 0.01227657
v 0.00545855 0.07198182 -0.00729633
v -0.00646137 0.07458908 0.00949771
v 0.00014147 0.07352912 -0.00375424
v -0.01125467 0.07499123 -0.00585878
v -0.00892683 0.07607469 0.00337784
v -0.01120268 0.07199889 0.02056260
v 0.01738409 0.06997551 -0.00034891
v 0.03373986 0.06857400 0.00746682
v 0.04778648 0.06172103 -0.01068076
v 0.04766492 0.06057262 -0.01481147
v 0.03975949 0.06267668 -0.00813695
v 0.03626163 0.06297900 -0.00841687
v 0.03626786 0.06477167 -0.00233775
v 0.03622269 0.06408694 -0.00652278
v 0.03006060 0.06540181 -0.00181436
v 0.04987748 0.05650883 -0.01998317
v 0.04642823 0.05664140 -0.01921746
v 0.04203724 0.05699203 -0.01754969
v 0.03478576 0.05576897 -0.01771629
v 0.04516603 0.04363361 -0.02981582
v 0.05114038 0.03861289 -0.03175228
v 0.05142288 0.03608079 -0.03263082
v 0.06580300 0.04724375 -0.02447932
v 0.07874966 0.04882619 -0.01822980
v 0.08227181 0.04975194 -0.01501476
v 0.08879257 0.05678914 -0.00172755
v 0.08691502 0.05627884 -0.00473349
v 0.09906635 0.05244119 -0.00863972
v 0.09953868 0.05531835 -0.00504232
v 0.09009103 0.03398800 -0.02469205
v 0.09936792 0.02255499 -0.03054914
v 0.10466882 0.03748327 -0.02726882
v 0.10667448 0.03392577 -0.02986108
v 0.10949092 0.05470340 -0.00666777
v 0.10286429 0.05406501 -0.00629552
v 0.09399590 0.05588828 -0.00137872
v 0.10100508 0.05637400 -0.00018300
v 0.09502152 0.05610524 0.00163164
v 0.09763079 0.05544211 0.00303344
v 0.10547326 0.05156132 0.00943474
v 0.10192182 0.05475982 0.00393436
v 0.10610157 0.05625315 -0.00053611
v 0.10345325 0.05649164 -0.00338086
v 0.10908518 0.05414354 0.00606114
v 0.11279910 0.05496547 -0.00755079
v 0.11569081 0.05215760 -0.01389568
v 0.11189655 0.04625110 -0.02371434
v 0.11284567 0.04864205 -0.01954544
v 0.11785276 0.05088939 -0.01940858
v 0.11497071 0.04919862 -0.02303587
v 0.11153216 0.03918792 -0.02995037
v 0.11345886 0.04860551 -0.02718307
v 0.12107190 0.05162054 -0.02343900
v 0.11533589 0.05151988 -0.02724749
v 0.11670946 0.05450211 -0.03206663
v 0.11513603 0.05141566 -0.03456615
v 0.11990098 0.05487198 -0.02797659
v 0.12344076 0.05609369 -0.02982450
v 0.12510960 0.05037623 -0.02236736
v 0.12932307 0.04596572 -0.02279620
v 0.12835245 0.04611173 -0.03076145
v 0.12749684 0.04761144 -0.02609248
v 0.12731878 0.05015107 -0.02908622
v 0.12618266 0.05401609 -0.02979356
v 0.13654974 0.04761098 -0.01708943
v 0.14007661 0.04389162 -0.02003468
v 0.13875213 0.03453406 -0.03116738
v 0.11934470 0.05301378 -0.01349617
v 0.10732982 -0.01439860 -0.01562397
v 0.10998767 -0.00551962 -0.03642083
v 0.11187928 -0.01141161 -0.02848622
v 0.11525092 -0.01438826 -0.02731479
v 0.10868347 -0.00812593 -0.03052178
v 0.10759364 -0.00831928 -0.02708093
v 0.10833480 -0.01133416 -0.02357248
v 0.10408999 -0.00724821 -0.02473993
v 0.11034491 -0.00244169 -0.03879610
v 0.11523689 -0.00392671 -0.03949364
v 0.10775038 0.00191064 -0.03901741
v 0.11599148 0.00159819 -0.04188119
v 0.11993197 0.00532512 -0.04309098
v 0.09795330 0.01015125 -0.03078254
v 0.09742139 0.00480317 -0.02938397
v 0.10087887 0.01310371 -0.03211804
v 0.10354384 0.01165265 -0.03505623
v 0.10594930 0.01710814 -0.03427434
v 0.11485524 0.03180309 -0.03489114
v 0.11268508 0.03542750 -0.03238552
v 0.11635122 0.03533082 -0.03527300
v 0.12441265 0.02876765 -0.03875503
v 0.11691885 0.02768183 -0.03819675
v 0.12141036 0.02106904 -0.04218374
v 0.12436107 0.00689612 -0.04275055
v 0.12382022 0.01174610 -0.04383462
v 0.11721597 0.01836090 -0.04233880
v 0.11293256 0.01673920 -0.04101709
v 0.10871035 0.01829165 -0.03631213
v 0.10765402 0.01524286 -0.03812444
v 0.03968201 0.06884044 0.00492409
v 0.03893633 0.06671645 0.00115315
v 0.03118581 0.06370206 -0.00844173
v 0.02691655 0.06510497 -0.00659962
v 0.03443140 0.06733151 0.00417905
v 0.02526528 0.06836603 0.00320278
v 0.03907608 0.05939241 -0.01439439
v 0.02461354 0.06430016 -0.01164542
v 0.01653277 0.06289486 -0.01952037
v 0.02617282 0.05503741 -0.02145095
v 0.02002632 0.05282018 -0.02712351
v 0.01836967 0.05042408 -0.02965021
v 0.01094425 0.05826624 -0.02776146
v 0.02687948 0.03937767 -0.03156657
v 0.06997197 0.04266480 -0.02532190
v 0.07408716 0.04424492 -0.02331151
v 0.08556142 0.03319022 -0.02504182
v 0.08649875 0.02668007 -0.02759626
v 0.09685357 -0.00577795 -0.02068697
v 0.09284974 0.00318642 -0.02701810
v 0.08603979 0.00856638 -0.02814749
v 0.07690354 0.03235378 -0.02752153
v 0.06808918 0.03800866 -0.02795084
v 0.05300301 0.03228892 -0.03397653
v 0.04891090 0.03606457 -0.03396864
v 0.05975364 0.02870932 -0.03358665
v 0.04585596 0.03187556 -0.03570199
v 0.04517107 0.03644207 -0.03372717
v 0.04630163 0.01874093 -0.03974165
v 0.03948017 0.02249847 -0.03874597
v 0.04092485 0.02635247 -0.03716099
v 0.02008543 0.03123557 -0.03617602
v 0.02244774 0.03067861 -0.03577663
v 0.02605923 0.02900952 -0.03470709
v 0.01804957 0.03188148 -0.03703893
v 0.01707558 0.03530405 -0.03731188
v 0.02191053 0.04808607 -0.02921755
v 0.01129516 0.03602056 -0.03934423
v 0.01441435 0.03123085 -0.03890412
v 0.00818605 0.04918818 -0.03546172
v 0.00793551 0.04360334 -0.03813581
v 0.00336619 0.04189107 -0.04008580
v 0.00665342 0.03802602 -0.04050889
v 0.00153810 0.03523120 -0.04262591
v -0.00285143 0.04171461 -0.04151365
v 0.01213971 0.02486365 -0.04009916
v 0.01734352 0.02243049 -0.03765782
v 0.03353033 0.02635184 -0.03409029
v 0.04553004 0.01444458 -0.04020062
v 0.03290954 0.01896175 -0.03678214
v 0.03075327 0.02630690 -0.03427494
v 0.02595198 0.02511851 -0.03507171
v 0.03023635 0.02236052 -0.03483967
v 0.02911338 0.01841778 -0.03542055
v 0.02056463 0.01890090 -0.03608922
v 0.02489440 0.01205207 -0.03565445
v 0.05021089 0.00987928 -0.04034957
v 0.03610405 0.00491684 -0.04168418
v 0.03105023 -0.00105015 -0.04006991
v 0.04242568 0.00121899 -0.04201544
v 0.04500328 -0.00997652 -0.04132040
v 0.04183557 -0.00668577 -0.04245252
v 0.03700683 -0.00679788 -0.04381476
v 0.03931753 -0.00664354 -0.04338154
v 0.03325328 -0.00899849 -0.04287674
v 0.02984843 -0.00365103 -0.04011843
v 0.03041506 -0.00681593 -0.04160906
v 0.02480290 -0.00618987 -0.03729913
v 0.04884647 -0.00686657 -0.04044345
v 0.05451053 0.00265381 -0.03974788
v 0.06949598 0.03446495 -0.02881029
v 0.06665333 0.02905566 -0.03112827
v 0.06234842 0.00947342 -0.03506158
v 0.06552499 0.02294670 -0.03275622
v 0.07311939 0.02274830 -0.03028362
v 0.06403951 0.00568465 -0.03291504
v 0.06055633 0.00095272 -0.03647478
v 0.05863662 0.00424542 -0.03842098
v 0.07882272 0.02149703 -0.02952298
v 0.06423444 -0.00004074 -0.03257545
v 0.05285766 -0.01457550 -0.04009130
v 0.05758632 -0.00649487 -0.03693858
v 0.05840302 -0.01594685 -0.03808263
v 0.04284277 -0.01548695 -0.04221416
v 0.03757133 -0.01918206 -0.04296453
v 0.03357632 -0.02000371 -0.04282384
v 0.01548491 0.00208305 -0.03583990
v 0.01920270 -0.00389866 -0.03337231
v 0.01788959 -0.00580092 -0.03289094
v 0.07936338 -0.00165342 -0.02463563
v 0.10356047 -0.01051618 -0.01900566
v 0.11146948 -0.01380411 -0.02263358
v 0.08805318 -0.00899685 -0.01497880
v 0.11911532 0.05484120 -0.00107637
v 0.00562962 0.06820165 -0.01734939
v 0.01016464 0.06142243 -0.02482508
v -0.00738801 0.06758218 -0.02287224
v -0.00369595 0.06337273 -0.02713351
v -0.01281053 0.07101829 -0.01831145
v -0.01704393 0.05473271 -0.03662946
v -0.01779934 0.06031787 -0.03213564
v -0.01825317 0.07285418 -0.01514067
v -0.01785171 0.07591090 -0.00586382
v -0.02995843 0.07755167 0.00602510
v -0.01940710 0.06236286 -0.03004060
v -0.02514620 0.06301506 -0.02974845
v -0.03268983 0.06618311 -0.02623416
v -0.04294746 0.07131766 -0.01768166
v -0.03836934 0.06462166 -0.02774411
v -0.02231424 0.04933014 -0.04062649
v -0.01289767 0.04026809 -0.04370650
v -0.01446315 0.03442999 -0.04582733
v -0.02339440 0.04485057 -0.04309075
v -0.01761052 0.04594826 -0.04205573
v 0.06498379 -0.02847243 -0.04102878
v 0.06291226 -0.02986396 -0.04263260
v 0.06488594 -0.03531204 -0.04426103
v 0.05892116 -0.03403965 -0.04458388
v 0.06962840 -0.04243622 -0.04514477
v 0.07225173 -0.04164021 -0.04469327
v 0.07454479 -0.04109881 -0.04383664
v 0.09125814 -0.05630036 -0.05549441
v 0.08800376 -0.05826865 -0.05674214
v 0.08293755 -0.06020736 -0.05625249
v 0.07942602 -0.05171675 -0.04728290
v 0.12187347 0.00148274 -0.04174690
v 0.11595509 0.04469176 -0.03644330
v 0.12352885 0.03865644 -0.03808454
v 0.12696351 0.04075018 -0.03802818
v 0.12562592 0.05571721 -0.03174643
v 0.12088288 0.05727558 -0.03151841
v 0.11906002 0.05629090 -0.03497471
v 0.12562497 0.05639698 -0.03448747
v 0.11878506 0.05412624 -0.03838249
v 0.12818892 0.05317383 -0.03718765
v 0.12890254 0.04996699 -0.03578585
v 0.12263156 0.04645801 -0.04145161
v 0.11455193 0.04747747 -0.03506456
v 0.11722747 0.05209103 -0.03799710
v 0.12412950 0.05074344 -0.04256317
v -0.03848010 0.06543314 0.03274140
v -0.03793374 0.07092298 0.02512747
v -0.02916971 0.07536274 0.01435982
v -0.02765888 0.07270200 -0.01655845
v -0.04642072 0.07339246 -0.01230534
v -0.04102443 0.04846407 -0.04009196
v -0.04920634 0.05370325 -0.03646602
v -0.05630027 0.06050215 -0.02993336
v -0.05052959 0.06927825 -0.01934838
v -0.04472268 0.07544950 -0.00745502
v -0.04332179 0.07729015 0.00017890
v -0.04395908 0.07638731 -0.00371381
v -0.05948529 0.06895939 -0.01863584
v -0.06705539 0.06951597 -0.01566456
v -0.04301115 0.04203961 -0.04174577
v -0.05177251 0.04756707 -0.03929490
v -0.06017950 0.06600548 -0.02295948
v -0.03759975 0.07422659 0.01744065
v -0.03276003 0.07368705 0.01939580
v -0.05783315 0.07334221 0.01207777
v -0.06947497 0.05541596 -0.03306176
v -0.06013585 0.04540652 -0.04148920
v -0.07879496 0.05207145 -0.03549549
v -0.07712333 0.05649732 -0.03106876
v -0.07627892 0.06763358 -0.01575020
v -0.06711054 0.07404076 0.00623255
v -0.06671897 0.07458422 0.00342583
v -0.07790501 0.07215104 0.00418580
v -0.07547666 0.07263260 -0.00337724
v -0.08462461 0.06804826 0.01314819
v -0.08559919 0.07003435 -0.00016997
v -0.08732295 0.06955215 0.00335932
v -0.07722016 0.06915373 0.01771615
v -0.06922405 0.06885912 0.02230344
v -0.06252447 0.07323522 0.01081310
v -0.05505709 0.07249201 0.01710761
v -0.06299255 0.07087345 0.01771660
v -0.04328258 0.07152449 0.02335122
v -0.05275109 0.06909923 0.02560726
v -0.04396832 0.06967030 0.02692790
v -0.06161292 0.06848131 0.02442279
v -0.09018622 0.06579603 0.01564989
v -0.08279558 0.06590711 -0.01514576
v -0.08709370 0.06802329 -0.00627870
v -0.09365616 0.06293889 -0.01173151
v -0.08584876 0.06236599 -0.02043280
v -0.09592710 0.05094679 -0.02865443
v -0.08617139 0.05531310 -0.03004168
v -0.08813197 0.04979026 -0.03503541
v -0.09347764 0.04813195 -0.03400911
v -0.09511397 0.05560529 -0.02386107
v -0.10252494 0.04749704 -0.02434580
v -0.09930096 0.05406453 -0.02185722
v -0.10188228 0.05615288 -0.01494155
v -0.10315154 0.05811531 -0.01092151
v -0.10870063 0.05890648 -0.00595049
v -0.10238965 0.06459177 -0.00145132
v -0.09719274 0.06454107 -0.00558592
v -0.11521626 0.05556722 0.00116145
v -0.11339981 0.05101504 0.00688271
v -0.11280613 0.04761304 0.00850391
v -0.11593550 0.05066842 0.00468402
v -0.10479610 0.05900220 0.01322234
v -0.10305651 0.06092995 0.00999882
v -0.10141001 0.06047436 0.01403476
v -0.09896537 0.06214016 0.01238213
v -0.09981070 0.06378087 0.00753786
v -0.09444474 0.06765775 0.00093584
v -0.08958369 0.06848044 0.00507955
v -0.10287165 0.05862702 0.01915834
v -0.09718329 0.06237784 0.01619500
v -0.10596347 0.05571443 0.02229251
v -0.11125734 0.04799888 0.02573021
v -0.10365760 0.04482900 0.04015397
v -0.10540248 0.04376755 0.03944857
v -0.10571165 0.04665583 0.03684163
v -0.09804404 0.05086401 0.03526431
v 0.01541630 -0.00415569 -0.03374410
v 0.08321724 -0.05054934 -0.04696422
v 0.08802308 -0.05062189 -0.04814143
v -0.04078804 -0.02609943 -0.03824628
v -0.03910374 -0.02957740 -0.03624043
v -0.04356657 -0.02344551 -0.04523668
v -0.04567991 -0.02220016 -0.04798937
v -0.04755339 -0.02731670 -0.04540372
v -0.05027018 -0.02389363 -0.04800845
v -0.04192974 -0.03537870 -0.04071733
v -0.06967945 -0.02585330 0.00653751
v -0.07355268 -0.02323384 0.00762477
v -0.06487986 -0.02781068 0.00693704
v -0.04509358 0.00388476 -0.05064462
v -0.04849193 -0.01949011 -0.05101616
v -0.05927494 -0.01416937 -0.05472007
v -0.06026191 -0.02212905 -0.05230043
v -0.06140215 -0.01692241 -0.05423533
v -0.06554620 -0.01689019 -0.05404908
v -0.06309088 -0.01197096 -0.05551282
v -0.06314412 -0.00616541 -0.05597281
v -0.05823785 -0.01041980 -0.05495048
v -0.06018621 -0.00177482 -0.05494004
v -0.06815651 -0.00972182 -0.05457091
v -0.06930717 -0.00377118 -0.05420721
v -0.05908458 -0.03384121 -0.05130915
v -0.05949412 -0.03832440 -0.05244721
v -0.05245574 -0.04180394 -0.05203805
v -0.06573527 -0.03600179 -0.05195224
v -0.07254656 -0.03764083 -0.05001243
v -0.07472105 -0.02908754 -0.04926831
v -0.07275078 -0.04404856 -0.04980939
v -0.05303465 -0.05305299 -0.05811374
v -0.08063794 -0.04374550 -0.04378583
v -0.08269241 -0.03599347 -0.04359672
v -0.08323258 -0.02778147 -0.04470632
v -0.07264971 -0.05079558 -0.04881374
v -0.05080101 -0.05069387 -0.05747998
v -0.05043296 -0.04744512 -0.05530063
v -0.04721672 -0.03903307 -0.04597587
v -0.02919778 -0.06170585 -0.06441300
v -0.03370469 -0.05620774 -0.05927078
v -0.04415694 -0.04227602 -0.04417547
v -0.04365250 -0.04608833 -0.04398302
v -0.04074221 -0.03994041 -0.04079144
v -0.03847665 -0.04805515 -0.04039459
v -0.04205234 -0.04710713 -0.04234647
v -0.04309476 -0.04876237 -0.04440134
v -0.04007430 -0.05089764 -0.04330436
v -0.03895984 -0.04900077 -0.04172332
v -0.07870460 -0.01783499 0.01414915
v -0.07690796 -0.01983500 0.01177805
v -0.07359280 -0.02108146 0.01412497
v -0.07115003 -0.02422701 0.01012143
v -0.06708866 -0.02613436 0.01293316
v -0.06276041 -0.02678313 0.01976485
v -0.06561748 -0.02598021 0.01790790
v -0.06349172 -0.02577467 0.02214249
v -0.06493925 -0.02526109 0.02283118
v -0.07152256 -0.02363389 0.02630595
v -0.08337070 -0.02390121 0.02278663
v -0.10675968 -0.00444262 -0.00216376
v -0.10835412 -0.00139532 -0.00155151
v -0.11715819 -0.00460308 -0.01532453
v -0.11327608 -0.00733070 -0.01140839
v -0.10923155 0.00078057 -0.00352760
v -0.10363318 -0.00915469 -0.00020811
v -0.10498389 -0.00749019 0.00348688
v -0.10818100 -0.00864591 0.00783817
v -0.11316194 -0.00177775 0.00496918
v -0.10968725 0.00386793 -0.00317375
v -0.11291172 0.00735620 -0.00561124
v -0.11056881 0.00903182 -0.00296073
v -0.11807355 0.00660179 0.00573809
v -0.12062242 -0.00704270 0.01246887
v -0.11950552 -0.01322383 0.01530970
v -0.11175713 -0.02125079 0.01897588
v -0.10757434 -0.01996362 0.01755516
v -0.10361367 -0.01229858 0.01070196
v -0.10714582 -0.01075957 0.00921456
v -0.10487673 -0.00854347 0.00611681
v -0.09597356 -0.01281149 0.00863489
v -0.09517056 -0.01394548 0.01134555
v -0.09109089 -0.02280258 0.02058501
v -0.09321921 -0.01842477 0.01610460
v -0.09456506 -0.01561179 0.01346434
v -0.09857601 -0.02184418 0.01935578
v -0.07501881 -0.02907852 0.03391132
v -0.06925187 -0.02657480 0.03527268
v -0.07992299 -0.03349843 0.03754771
v -0.08169317 -0.02984957 0.02915934
v -0.09314428 -0.03489049 0.02891525
v -0.09026359 -0.03000372 0.02635595
v -0.10673983 -0.02211164 0.01986318
v -0.11664829 -0.01846753 0.01689102
v -0.11746034 -0.00102379 -0.01464429
v -0.11500758 -0.01136143 -0.02157966
v -0.11389958 -0.01290134 -0.01987939
v -0.11276779 -0.01677394 -0.02304178
v -0.10940210 -0.02343745 -0.02404400
v -0.09609280 -0.03754536 -0.02572304
v -0.10855231 -0.02426252 -0.02573283
v -0.11262220 -0.01663479 -0.02536434
v -0.11625428 0.00156958 -0.02595868
v -0.11777150 -0.00129739 -0.02305036
v -0.11533625 -0.00203701 -0.02750781
v -0.11857737 -0.00187081 -0.02021415
v -0.11782283 0.00285356 -0.01611071
v -0.11815584 0.00329807 -0.01912869
v -0.11718376 0.01202063 -0.01330262
v -0.11706796 -0.00444291 -0.02300733
v -0.11330967 -0.01312906 -0.02641990
v -0.10547314 -0.02696482 -0.02784233
v -0.09647099 -0.03720256 -0.03042097
v -0.09492285 -0.03323530 -0.03301154
v -0.09357157 -0.03027260 -0.03650074
v -0.08757002 -0.04666189 -0.03337762
v -0.09105291 -0.04498699 -0.02994115
v -0.03606590 -0.04996690 -0.04039200
v -0.03350257 -0.05267486 -0.03865192
v -0.02435027 -0.06084877 -0.06070108
v -0.08133205 -0.03460592 0.03566115
v -0.11587015 -0.02260063 0.01962499
v -0.08802504 -0.03564330 0.03171144
v -0.08607240 -0.03770556 0.03570541
v -0.09870405 -0.02859629 0.02403716
v -0.11870115 -0.02670943 0.02169393
v -0.12146942 -0.02691724 0.02291873
v -0.11248274 -0.02866575 0.02261549
v -0.10750344 -0.03268582 0.02449077
v -0.10809225 -0.03904350 0.02550896
v -0.09910747 -0.03758810 0.02801886
v -0.09998731 -0.03372479 0.02632336
v -0.09934626 -0.03999133 0.02891391
v -0.10715427 -0.04477677 0.02628061
v -0.12070006 -0.03065561 0.02286942
v -0.12332844 -0.02831941 0.02404547
v -0.11989984 -0.04301081 0.02271163
v -0.11053476 -0.05182928 0.02537436
v -0.09704690 -0.04643168 0.03226716
v -0.10404463 -0.05548349 0.03073182
v -0.09984544 -0.06273712 0.02857038
v -0.04442917 0.03670499 -0.04277717
v -0.03665560 0.02228995 -0.04531277
v -0.03899777 0.03078704 -0.04397260
v -0.04582704 0.03145006 -0.04464718
v -0.05044834 0.03485965 -0.04497942
v -0.04964922 0.02747273 -0.04825499
v -0.05426143 0.02899312 -0.05022911
v -0.05167097 0.03143531 -0.04716968
v -0.06110721 0.04105020 -0.04453344
v -0.05903498 0.03123088 -0.05127580
v -0.05799422 0.03292400 -0.04995464
v -0.05313168 0.02597109 -0.05071058
v -0.05465261 0.02391035 -0.05137036
v -0.05734490 0.01992183 -0.05283390
v -0.05129038 0.01767954 -0.05216550
v -0.05121687 0.01325729 -0.05300206
v -0.06272506 0.00450192 -0.05351807
v -0.06952178 0.01703178 -0.05203994
v -0.06686321 0.02182349 -0.05126297
v -0.06523026 0.02772211 -0.05120959
v -0.06484818 0.03824520 -0.04894457
v -0.07164673 0.02343832 -0.05085473
v -0.07476039 0.02690203 -0.04967403
v -0.06800818 0.03615759 -0.04929656
v -0.06854300 0.04093138 -0.04690222
v -0.07313666 0.04048195 -0.04583250
v -0.08319283 0.02115457 -0.04934601
v -0.08772828 0.01536461 -0.04874742
v -0.08807056 0.02453500 -0.04750213
v -0.09334876 0.02581063 -0.04645518
v -0.07082152 0.04332085 -0.04365934
v -0.07174186 0.04725947 -0.04075005
v -0.07739259 0.04237000 -0.04349560
v -0.07605549 0.04606180 -0.04052208
v -0.09458630 0.04168974 -0.04051889
v -0.09548603 0.04400011 -0.03670204
v -0.09947789 0.04418405 -0.03274218
v -0.10567639 0.04583137 -0.01853237
v -0.10245816 0.05298479 -0.01751900
v -0.10550734 0.05180396 -0.01312609
v -0.10593355 0.04650018 -0.01500276
v -0.10937344 0.03830786 -0.02218404
v -0.10147630 0.03556927 -0.03946001
v -0.10415089 0.03624156 -0.03743879
v -0.11203814 0.02840404 -0.02837061
v -0.11384653 0.03099128 -0.01614948
v -0.11434239 0.02682839 -0.02353811
v -0.11921410 0.01455610 -0.02134413
v -0.10997565 0.01096723 -0.03607845
v -0.11456798 0.00741153 -0.03213171
v -0.11524220 0.00704780 -0.02895324
v -0.11836375 0.01382452 -0.01677646
v -0.10683783 0.05530061 -0.01049374
v -0.10789836 0.04526661 -0.01307445
v -0.11234044 0.03442105 -0.01415576
v -0.11362950 0.04312143 -0.00969792
v -0.11365640 0.02943579 -0.01257910
v -0.11461794 0.01852527 -0.00785500
v -0.11351091 0.02873635 -0.00932160
v -0.11730956 0.03186946 -0.00569272
v -0.11842213 0.03848240 -0.00543496
v -0.11462422 0.05555691 -0.00381738
v -0.11182120 0.05760510 -0.00518551
v -0.11073904 0.01917267 -0.00349366
v -0.12211057 0.00512587 0.01093386
v -0.05734938 0.00247472 -0.05423131
v -0.04933084 0.00376163 -0.05255117
v -0.04866343 -0.01652762 -0.05245732
v -0.04646279 -0.01421302 -0.05208547
v -0.04655958 -0.00889068 -0.05249682
v -0.04331556 -0.01222459 -0.05019474
v -0.04396575 -0.01573248 -0.05120662
v -0.04429858 -0.01839931 -0.05042316
v -0.04235228 -0.01781415 -0.04831060
v -0.08493096 -0.00040980 -0.04867882
v -0.09414654 0.01299704 -0.04804860
v -0.07631791 -0.00667732 -0.05160877
v -0.08136896 -0.01458362 -0.04832466
v -0.08603196 -0.03755270 -0.04014603
v -0.08635362 -0.00689546 -0.04789049
v -0.09633580 -0.00256743 -0.04425543
v -0.08930258 -0.01391750 -0.04509399
v -0.10976619 0.00073756 -0.03498863
v -0.10995504 0.00565636 -0.03534170
v -0.11434712 0.00200056 -0.03036344
v -0.11238600 -0.00548041 -0.03086973
v -0.11333112 0.00112975 -0.03193441
v -0.10207190 -0.00725073 -0.03964072
v -0.09982963 -0.00611425 -0.04163048
v -0.10165723 -0.00987467 -0.03991802
v -0.10460734 0.00031846 -0.03917799
v -0.10316812 -0.01484467 -0.03775165
v -0.10783412 -0.01809028 -0.03294947
v -0.10237497 -0.02508648 -0.03305538
v -0.09857870 -0.01387632 -0.04078907
v -0.09814184 -0.00829810 -0.04235287
v -0.11055473 -0.01870535 -0.02824696
v -0.11387798 -0.00861733 -0.02750167
v -0.10699517 -0.00131543 -0.03759822
v -0.10024841 0.02590613 -0.04290564
v -0.10462800 0.03052079 -0.03903653
v -0.10536207 0.02730062 -0.03967034
v -0.11321729 0.02559619 -0.03234157
v -0.10253076 0.02553242 -0.04124814
v -0.10544060 0.02205450 -0.04053169
v -0.10427936 0.01576950 -0.04149877
v -0.09782632 0.01925315 -0.04534851
v -0.10141897 -0.01131551 0.00870563
v -0.12448871 -0.04332712 0.02279608
v -0.11920584 -0.04975915 0.02283386
v -0.11797303 -0.05975697 0.02061144
v -0.11248899 -0.05841227 0.02274258
v -0.10854269 -0.05687869 0.02528930
v -0.11095665 -0.07674204 0.02526676
v -0.13113852 -0.05451395 0.02580119
v -0.12793861 -0.06331196 0.02240902
v -0.12012235 -0.06005815 0.02047624
v -0.12368599 -0.07472590 0.02134353
v -0.12634885 -0.07615919 0.02751099
v -0.12125422 -0.07600132 0.02147635
v -0.11480580 -0.07498519 0.02193107
v -0.11932662 -0.07487586 0.01962724
v -0.12000671 -0.07296692 0.01868503
v -0.11716631 -0.07296807 0.01878094
v -0.11328529 -0.07867417 0.03226586
v -0.10995980 -0.07808813 0.02851954
v -0.10334324 -0.07363512 0.02119288
v -0.09929123 -0.07256620 0.02228812
v -0.09542403 -0.06999455 0.02473245
v -0.09376223 -0.07407371 0.02886590
v -0.09625856 -0.07570902 0.02663036
v -0.11858117 -0.06863143 0.01850225
v 0.07693015 -0.00441710 0.03082241
v 0.08163898 -0.00299050 0.02213654
v 0.07387597 -0.00093253 0.03994594
v 0.07560463 -0.00773273 0.03482546
v 0.07851656 -0.01131308 0.01328659
v 0.07276874 -0.01503766 0.03734449
v 0.07278594 -0.01554579 0.02288337
v 0.06564923 -0.01976658 0.01787682
v 0.07420182 -0.01436388 0.01249170
v 0.07881088 -0.01278192 0.00947384
v 0.07190673 -0.01682887 0.00522319
v 0.06580234 -0.01966702 0.00625472
v 0.06809460 -0.01809075 0.01075385
v 0.05803653 -0.02298495 0.01359897
v 0.06791287 -0.01951437 0.00144648
v 0.07521290 -0.01680005 -0.00209369
v 0.07253983 -0.01747896 -0.00628223
v 0.08065002 -0.01531018 -0.00218795
v 0.08469328 -0.01147422 0.00624502
v 0.08113800 -0.01577755 -0.00614950
v 0.07563239 -0.00922451 -0.02008161
v 0.06246385 -0.02156432 0.00021462
v 0.05836789 -0.02390285 0.00317583
v 0.05798747 -0.02297129 0.01743916
v 0.05472019 -0.02464667 0.01441417
v 0.05460781 -0.02394688 0.01781058
v 0.05707197 -0.02371446 -0.01028394
v 0.03919698 -0.02786602 -0.00945858
v 0.04810261 -0.02695886 0.00252085
v 0.03711615 -0.02956452 -0.00332460
v 0.04383064 -0.02617851 0.01690869
v 0.02562949 -0.02163910 0.03132478
v 0.02815539 -0.02382287 0.02936579
v 0.00661207 -0.02851014 0.02567318
v 0.01618082 -0.02938683 0.01947681
v 0.02901161 -0.02640554 0.02254543
v 0.03084965 -0.02903605 0.01238924
v 0.00894998 -0.02983588 0.02050757
v 0.00442619 -0.02974238 0.02269853
v -0.00243486 -0.02895516 0.02764904
v -0.00782203 -0.03180411 0.02017497
v -0.01753058 -0.02774877 0.03426804
v -0.00977301 -0.02830342 0.03155511
v 0.10730366 -0.00650677 0.00960193
v 0.12611288 -0.00921890 0.01402074
v 0.12441092 -0.00691834 0.01701450
v 0.12076773 -0.00701776 0.01607097
v 0.11920083 -0.01034096 0.01140650
v 0.11408037 -0.00923481 0.00959305
v 0.11170890 -0.00548535 0.01243831
v 0.09703264 -0.00980033 0.00242646
v 0.11041121 -0.01392190 -0.00005145
v 0.11952772 -0.01575062 0.00272377
v 0.12138718 -0.01453132 0.00611096
v 0.12276179 -0.01161915 0.01073664
v 0.11431070 -0.01450466 0.00184844
v 0.11005280 -0.01462068 -0.00741706
v 0.10541811 -0.01344026 -0.00729326
v 0.02639548 -0.02876039 -0.01747513
v 0.03177206 -0.04210057 -0.03159336
v 0.07586660 -0.00603921 -0.02317672
v 0.10130388 -0.01311399 -0.01017274
v 0.08944438 -0.01161005 -0.00993960
v 0.08579536 -0.01314622 -0.00743664
v 0.08836232 -0.00726752 0.01108760
v 0.09186210 -0.00590508 0.01085053
v 0.09619096 -0.00553555 0.01080879
v 0.09441398 0.00175621 0.01864007
v 0.09915270 -0.00023991 0.01601539
v 0.09640238 -0.00716485 0.00757564
v 0.09278841 -0.00914464 0.00443605
v 0.09616873 -0.01219029 -0.00939086
v 0.09619188 -0.01176582 -0.00282190
v 0.10074826 -0.01142953 -0.00093686
v 0.06843840 -0.01023442 -0.02236397
v 0.05236589 -0.02721718 -0.01387200
v 0.03957806 -0.03422628 -0.02057046
v 0.02494279 -0.03107369 -0.00927106
v 0.03192740 -0.02943568 -0.01448612
v 0.03217198 -0.03037042 -0.01734975
v 0.02734011 -0.02926146 -0.01535499
v 0.00720015 -0.03377118 -0.00438814
v 0.00482776 -0.03300203 -0.00972907
v 0.00091280 -0.03422996 -0.00373969
v 0.01256100 -0.03352306 -0.00020062
v 0.01924943 -0.03218215 -0.00557430
v 0.03341969 -0.03062352 0.00012319
v 0.02723535 -0.03195447 -0.00026624
v 0.02286404 -0.03212328 -0.00171890
v 0.00313740 -0.03355049 0.00734302
v -0.00279551 -0.03398473 -0.00889874
v -0.00624548 -0.03455740 -0.00141308
v -0.03863769 -0.03385181 -0.00514997
v -0.04490406 -0.03354542 0.00334251
v -0.05008083 -0.03277955 0.00697357
v -0.05024109 -0.03190720 0.01276432
v -0.04355801 -0.03385208 0.00776662
v -0.03822860 -0.03421219 0.00788953
v -0.03715947 -0.03412315 0.00116335
v -0.01899280 -0.03400553 -0.00637490
v -0.00837513 -0.03534023 0.00196500
v -0.00897791 -0.03467495 0.00441360
v -0.00322309 -0.03363372 0.01322175
v -0.01026872 -0.03386458 0.01376139
v -0.01898581 -0.03210988 0.02316464
v -0.01679405 -0.03515834 0.00049228
v -0.01873189 -0.03414086 0.01296723
v -0.02066225 -0.03494428 0.00781514
v -0.02640029 -0.03513211 0.00946103
v -0.02528754 -0.03449530 0.01176571
v -0.02592441 -0.02853277 0.03330870
v -0.04494438 -0.03241980 0.01541960
v -0.03532506 -0.02638291 0.03537781
v 0.04692229 -0.05191517 -0.03281397
v 0.04788504 -0.05479050 -0.03550929
v 0.06192935 -0.02342008 -0.01662080
v 0.06249927 -0.03868292 -0.02229609
v 0.05723997 -0.02665958 -0.01605204
v 0.04983971 -0.03463706 -0.01977428
v 0.04665466 -0.03771010 -0.02195803
v 0.03663573 -0.03863380 -0.02493219
v 0.04035123 -0.03863136 -0.02366750
v 0.05850306 -0.05196299 -0.02750898
v 0.06231120 -0.05553272 -0.02852697
v 0.07382587 -0.06131591 -0.03089039
v 0.08178077 -0.06556163 -0.03021181
v 0.07636318 -0.06652533 -0.03078134
v 0.07903341 -0.07410844 -0.03262886
v 0.06486147 -0.05932449 -0.03055394
v 0.07032531 -0.06500771 -0.03255856
v 0.06739707 -0.06905566 -0.03722434
v 0.07877523 -0.07544290 -0.03542078
v 0.08165182 -0.07622970 -0.03229357
v 0.08119132 -0.07438084 -0.02931437
v 0.08237931 -0.07275656 -0.02691582
v 0.08467573 -0.07498330 -0.02619157
v 0.08441997 -0.06846639 -0.02793275
v 0.08370899 -0.07766053 -0.03278125
v 0.08355413 -0.07385644 -0.03998451
v 0.08455307 -0.07725124 -0.03032905
v 0.08702300 -0.07621329 -0.02771760
v 0.08806788 -0.07333645 -0.03814504
v 0.08454857 -0.07259071 -0.04332086
v 0.08908530 -0.07003250 -0.04451399
v 0.07352134 -0.07466534 -0.04432491
v 0.07900359 -0.07405808 -0.04646295
v 0.08310297 -0.07416918 -0.05138308
v 0.08512918 -0.07410274 -0.04974059
v 0.07174852 -0.07324591 -0.04802794
v 0.06192073 -0.06430549 -0.03678522
v 0.05939671 -0.05800143 -0.03104812
v 0.06261173 -0.06274249 -0.03382310
v 0.05258956 -0.05519480 -0.03227973
v -0.04794222 -0.02395306 0.03565972
v -0.02838340 -0.03112630 0.02647097
v -0.02295198 -0.03281239 0.02002166
v 0.01486482 -0.03240206 0.00969872
v 0.02261065 -0.03100293 0.01070344
v 0.02176173 -0.03246178 0.00525834
v 0.02817792 -0.03099764 0.00658815
v 0.02667570 -0.03219935 0.00295669
v 0.03499148 -0.03020779 0.00330815
v 0.04654067 -0.04525525 -0.02658699
v 0.04819762 -0.04975560 -0.02936842
v -0.03697464 -0.01456500 -0.03552224
v -0.03713763 -0.01733489 -0.03259366
v -0.04006400 -0.01923417 -0.04115382
v -0.03980392 -0.02429146 -0.02332557
v -0.04003715 -0.02292297 -0.03806731
v -0.03941318 -0.03723776 -0.03382822
v -0.04049635 -0.02334782 -0.02499759
v -0.04158356 -0.02346308 -0.02578762
v -0.04357127 -0.02896751 -0.02492152
v -0.04426070 -0.02811259 -0.01924543
v -0.04641023 -0.02932875 -0.01904267
v -0.04232087 -0.03664125 -0.03091834
v -0.04868478 -0.02971620 -0.01765556
v -0.04992161 -0.02990639 -0.01521228
v -0.05285823 -0.02996997 -0.01243294
v -0.05153804 -0.03202985 -0.00467249
v -0.05454541 -0.03054620 -0.00749062
v -0.06346558 -0.03088484 -0.01273144
v -0.05393958 -0.02989492 -0.01457225
v -0.06864206 -0.02751993 -0.00736263
v -0.06799530 -0.02975493 -0.01067349
v -0.06675275 -0.02770918 0.00206519
v -0.02471965 -0.07810920 -0.05134727
v -0.02204807 -0.07726813 -0.05530639
v -0.04604507 -0.04379640 -0.02975980
v -0.05028997 -0.03389655 -0.02149306
v -0.05409463 -0.04094281 -0.02279416
v -0.07053158 -0.03563756 -0.01574779
v -0.06931289 -0.04098921 -0.01871599
v -0.06042178 -0.03789322 -0.01888343
v -0.07643074 -0.03967312 -0.01838162
v -0.07682939 -0.04522910 -0.02102704
v -0.06045953 -0.04684566 -0.02201751
v -0.05575961 -0.04651668 -0.02333984
v -0.04050184 -0.04179289 -0.03522921
v -0.04190899 -0.04541732 -0.03400183
v -0.08584680 -0.03031229 -0.01224590
v -0.07739963 -0.02619638 -0.00740492
v -0.07870248 -0.02169099 0.00497196
v -0.08380952 -0.02437336 -0.00634446
v -0.08900049 -0.02475172 -0.00802530
v -0.09636312 -0.02841160 -0.01474849
v -0.09384110 -0.01648287 0.00084393
v -0.09886153 -0.01452229 -0.00189554
v -0.10189744 -0.01326485 -0.00354109
v -0.09889142 -0.01847827 -0.00654310
v -0.10410924 -0.02093728 -0.01241982
v -0.10598187 -0.00869182 -0.00431100
v -0.10028368 -0.02958749 -0.01923874
v -0.08436542 -0.04342497 -0.02249543
v -0.10175011 -0.02523767 -0.01516413
v -0.10806395 -0.01940213 -0.01544519
v -0.11281496 -0.01110512 -0.01376634
v -0.11060287 -0.00342450 -0.00567766
v -0.09159286 -0.04062084 -0.02484848
v -0.07789315 -0.06447039 -0.03314328
v -0.07591100 -0.06637525 -0.03252063
v -0.07376195 -0.06876009 -0.03231739
v -0.07685305 -0.05923004 -0.02716570
v -0.07754742 -0.05333119 -0.02425342
v -0.06867702 -0.05401237 -0.02325406
v -0.07112411 -0.06254241 -0.02581062
v -0.06614195 -0.05743762 -0.02365156
v -0.05432217 -0.05071260 -0.02503935
v -0.03783308 -0.04819914 -0.03644421
v -0.05212298 -0.05641492 -0.02595779
v -0.06678644 -0.06503222 -0.02522689
v -0.06554158 -0.06951907 -0.02733465
v -0.06823210 -0.07247301 -0.03073875
v -0.06024406 -0.06257959 -0.02466518
v -0.03750217 -0.05075404 -0.03480614
v -0.03418632 -0.05240916 -0.03541979
v -0.03592481 -0.05267544 -0.03467358
v -0.03366153 -0.05280765 -0.03650601
v -0.04307966 -0.06468046 -0.02422143
v -0.03488597 -0.05407923 -0.04190000
v -0.02643861 -0.05904062 -0.05714186
v -0.02091398 -0.06217122 -0.05756267
v -0.03710646 -0.05338495 -0.04375846
v -0.03288930 -0.05622927 -0.04072597
v -0.03356810 -0.05993503 -0.04459349
v -0.02288659 -0.06154047 -0.04986444
v -0.02209717 -0.06100024 -0.05419942
v -0.02034413 -0.07313097 -0.05814710
v -0.02087547 -0.07495721 -0.05740296
v -0.02189389 -0.07531036 -0.04743020
v -0.01848867 -0.06916061 -0.05760464
v -0.01720324 -0.06575131 -0.05615871
v -0.01858098 -0.06511703 -0.05078260
v -0.02168533 -0.07254492 -0.04344512
v -0.02309242 -0.07809757 -0.04475656
v -0.03322902 -0.05945319 -0.04288893
v -0.03162889 -0.05577336 -0.03589321
v -0.02966234 -0.06043278 -0.03807525
v -0.02665738 -0.06328779 -0.03559860
v -0.02190721 -0.07394845 -0.03190678
v -0.02466705 -0.06823254 -0.03143398
v -0.02231680 -0.07131646 -0.03074778
v -0.03060455 -0.07811502 -0.02798165
v -0.03232275 -0.07330146 -0.02455771
v -0.03439794 -0.08094864 -0.04484696
v -0.05904257 -0.08007555 -0.03095262
v -0.05608216 -0.08125434 -0.03368462
v -0.05144611 -0.07983454 -0.02927041
v -0.05479545 -0.08163203 -0.03635036
v -0.03576199 -0.08032697 -0.04931621
v -0.04385022 -0.07929869 -0.05157848
v -0.04453376 -0.08082531 -0.04556871
v -0.03192175 -0.06717734 -0.02804357
v -0.06170600 -0.06895844 -0.02511374
v -0.05383763 -0.07660101 -0.02502179
v -0.03881703 -0.07466382 -0.02274532
v -0.03480586 -0.07523414 -0.02462955
v -0.04426139 -0.07285725 -0.02184479
v -0.04394370 -0.07598080 -0.02206009
v -0.03930076 -0.07723826 -0.02583363
v -0.04946490 -0.07858744 -0.02525526
v -0.04076707 -0.08000796 -0.02861776
v -0.04051483 -0.08098994 -0.04123132
v 0.00866779 0.01948813 -0.04147794
v 0.00305035 0.02048083 -0.04382166
v 0.01002445 0.01207715 -0.04012481
v -0.00591677 0.02183670 -0.04646326
v 0.03641740 -0.02299982 -0.04232348
v 0.03007176 -0.02756459 -0.04026812
v 0.02787448 -0.03857790 -0.03513359
v 0.03351925 -0.04324151 -0.03754040
v 0.02443078 -0.03344445 -0.02754337
v 0.02090356 -0.02347675 -0.03504168
v 0.01475284 -0.01434519 -0.03020294
v 0.01229252 -0.01388350 -0.03065766
v 0.00451738 -0.01288536 -0.03387849
v 0.01594719 -0.02070957 -0.02635308
v 0.01839296 -0.02329191 -0.02952057
v 0.02190570 -0.03094726 -0.03401352
v 0.00203747 -0.02252192 -0.02633676
v -0.00950806 -0.02739995 -0.02197678
v -0.00976544 -0.01987521 -0.03117473
v -0.00883743 -0.02979040 -0.01798910
v -0.01430180 -0.01550818 -0.03553663
v -0.01660719 -0.02032944 -0.03124872
v -0.02008674 -0.02722703 -0.02278471
v -0.00215809 -0.02686029 -0.02139348
v -0.01580983 -0.03061064 -0.01594922
v -0.01027857 -0.03320562 -0.01074504
v -0.01165086 -0.00566397 -0.04130046
v -0.00388816 0.00553918 -0.04367369
v -0.00062498 0.00976460 -0.04352077
v -0.02048210 -0.00607312 -0.04205184
v -0.03126543 -0.00267722 -0.04238401
v -0.02445648 -0.01003494 -0.03949752
v -0.03244689 -0.00998561 -0.03834403
v -0.02860380 0.00260492 -0.04471441
v -0.02247023 0.00715238 -0.04654874
v -0.02515376 0.01045920 -0.04686236
v -0.04066811 0.01039589 -0.04550191
v -0.03654974 -0.00311300 -0.04222330
v -0.03779587 -0.00990337 -0.04162109
v -0.03895051 -0.00683874 -0.04455892
v -0.02621749 -0.02160852 -0.02888184
v -0.03671842 -0.01895129 -0.03031657
v -0.03509954 -0.01240857 -0.03617255
v -0.03298001 -0.02997571 -0.01652286
v -0.04484637 -0.03260313 -0.00912178
v -0.02569573 -0.03181579 -0.01315775
v -0.02448887 -0.03033672 -0.01677802
v -0.01849855 0.02651926 -0.04751804
v -0.00871152 0.00862953 -0.04557195
v -0.02016153 0.01390066 -0.04769456
v -0.04170546 0.00614456 -0.04721199
v -0.04072591 -0.00087025 -0.04678251
v -0.04218919 0.01263417 -0.04682600
v -0.04295841 0.01712417 -0.04694711
v -0.03348520 0.01549078 -0.04598086
v -0.01393091 0.00940709 -0.04690168
v 0.05149444 -0.02854945 -0.04340630
v 0.04138863 -0.03979157 -0.04142767
v 0.04636554 -0.03193942 -0.04331390
v 0.04668941 -0.04245061 -0.04425999
v 0.04818514 -0.05211971 -0.04162750
v 0.06157047 -0.05048752 -0.04522931
v 0.05175789 -0.05693164 -0.03832529
v 0.03794721 -0.04724037 -0.03572584
v 0.07947654 -0.07028031 -0.05447977
v 0.08220891 -0.06262544 -0.05661942
v 0.07859731 -0.06531382 -0.05585229
v 0.07435613 -0.06235070 -0.05386693
v 0.07145474 -0.05957258 -0.05078865
v 0.06893512 -0.06072626 -0.04979073
v 0.06278668 -0.05866133 -0.04542312
v 0.06251716 -0.06561928 -0.04181690
v 0.07480790 -0.07253692 -0.05194132
v 0.06555949 -0.06737451 -0.04391441
v 0.06798156 -0.07137757 -0.04294444
v 0.06032185 -0.06430944 -0.03938189
v 0.01054008 -0.00274257 -0.03668807
v -0.11444440 0.00781013 0.04750084
v -0.12056493 0.01148287 0.04164157
v -0.12455643 -0.00028925 0.03803495
v -0.12401921 -0.00377681 0.03897201
v -0.11749247 0.00191540 0.04525061
v -0.12292374 -0.01189309 0.03851493
v -0.12341781 -0.01633843 0.03830856
v -0.12429807 -0.01900104 0.03873655
v -0.11904576 -0.02554453 0.04668781
v -0.12584789 -0.02318639 0.03680775
v -0.12570298 -0.02128641 0.03343346
v -0.12622851 -0.02840919 0.03779393
v -0.12669177 -0.02551792 0.02921303
v -0.12452698 -0.01498959 0.03256601
v -0.12346990 -0.02055078 0.02323652
v -0.12474315 -0.01476886 0.02326926
v -0.12773886 -0.02916593 0.02983302
v -0.12324427 -0.05570922 0.04772447
v -0.12058935 -0.05415504 0.04959507
v -0.13389279 -0.04587302 0.03737295
v -0.13578169 -0.04525964 0.03330733
v -0.13596991 -0.04882932 0.03194882
v -0.12823708 -0.03803037 0.04324191
v -0.13253756 -0.03776507 0.03497155
v -0.13005432 -0.03671277 0.03978150
v -0.12598649 -0.04141306 0.04565831
v -0.12680759 -0.03363771 0.04330007
v -0.12167128 -0.03381331 0.04816293
v -0.11717585 0.05144539 -0.00075469
v -0.12032555 0.03725487 -0.00236899
v -0.12041019 0.03955542 -0.00237922
v -0.11953536 0.03181006 0.00053343
v -0.11657315 0.03343390 0.00914962
v -0.11940187 0.04078890 0.00213743
v -0.11895864 0.04546628 0.00069292
v -0.12016289 0.02880465 0.01483941
v -0.12269983 0.02292833 0.01680476
v -0.12422632 0.01453050 0.01558257
v -0.12396735 0.00741904 0.01457898
v -0.12469869 0.00116610 0.01646513
v -0.12796985 0.00126009 0.02359763
v -0.12759270 -0.00428096 0.02410238
v -0.11550516 0.03805570 0.00754595
v -0.11781488 0.04501269 0.00435683
v -0.11367737 0.04309310 0.00885135
v -0.11453371 0.03766646 0.01051534
v -0.11221921 0.04384295 0.01140191
v -0.11050773 0.04865904 0.01125006
v -0.11079175 0.05107292 0.00886379
v -0.11562967 0.03656351 0.01175545
v -0.11670812 0.03680472 0.01530614
v -0.11414083 0.04108276 0.01423140
v -0.11269055 0.04789033 0.02223790
v -0.11489183 0.04295588 0.02365864
v -0.11806079 0.03685502 0.02330390
v -0.12305493 0.02404443 0.02160233
v -0.12516138 0.01716136 0.01927091
v -0.12731935 0.01400854 0.02737601
v -0.12086704 0.03081223 0.02641726
v -0.11967425 0.03389499 0.03297988
v -0.11549791 0.03837211 0.03489918
v -0.11906888 0.03306974 0.03486115
v -0.11923122 0.03467412 0.02827354
v -0.12594217 0.01724082 0.02556079
v -0.12762833 0.01203158 0.02960620
v -0.12523077 0.01407336 0.03388535
v -0.12478699 0.02133590 0.02835250
v -0.12260935 0.01780705 0.03651386
v -0.12538369 0.01989324 0.03143912
v -0.12491634 0.02349573 0.03118125
v -0.12232559 0.02825740 0.03314371
v -0.11980328 0.02708251 0.03716610
v -0.11655176 0.03400695 0.03746540
v -0.11976787 0.01377120 0.04078983
v -0.12417819 0.00936485 0.03729850
v -0.12644680 0.00920890 0.03321652
v -0.12519109 -0.01099112 0.02251857
v -0.12819557 -0.00562296 0.02848191
v -0.11814926 -0.00609684 0.04525998
v -0.13215943 -0.03833948 0.02815361
v -0.13055259 -0.06114582 0.02579830
v -0.13086660 -0.06433524 0.03152699
v -0.12957796 -0.06764488 0.02451812
v -0.12950088 -0.06932792 0.03349837
v -0.12855650 -0.07116117 0.02442387
v -0.12868015 -0.07406448 0.03335460
v -0.12772761 -0.07197280 0.03603930
v -0.12374910 -0.07728926 0.02794673
v -0.12365812 -0.06607366 0.04285800
v -0.12538949 -0.07005564 0.03927034
v -0.12201430 -0.07459613 0.04137335
v -0.12090573 -0.07724585 0.03824070
v 0.14185520 0.02457718 -0.03350407
v 0.12200899 -0.01729081 -0.00249125
v 0.12366670 -0.01802449 -0.01489429
v 0.11580758 -0.01866462 -0.01489718
v 0.11878920 -0.01918444 -0.01436497
v 0.13054159 -0.00846237 -0.02359756
v 0.13582306 -0.01453354 -0.01548348
v 0.13624474 -0.01435772 -0.01228426
v 0.13863330 -0.01124932 -0.02252358
v 0.14323623 -0.01153797 -0.02415473
v 0.13793436 -0.00719061 -0.02442519
v 0.15754104 -0.00807480 -0.02678403
v 0.15527722 0.00203172 -0.02670000
v 0.14243293 0.00156861 -0.02692079
v 0.14491023 0.00463315 -0.02758718
v 0.14002979 0.00270767 -0.02701859
v 0.13203648 0.00337203 -0.03154780
v 0.12909767 -0.00351095 -0.03070503
v 0.12689161 0.00238405 -0.03940237
v 0.13739832 0.00448778 -0.02847663
v 0.14103253 0.00830095 -0.02796996
v 0.13016570 0.00778647 -0.03788381
v 0.12740283 0.00823025 -0.04142180
v 0.12552066 -0.00261978 -0.03824384
v 0.12324362 -0.01458241 -0.02568070
v 0.13784449 0.01710559 -0.03638151
v 0.13507938 0.01633307 -0.03729337
v 0.13142724 0.01926882 -0.04065939
v 0.13789552 0.01317525 -0.03291973
v 0.14122349 0.01571723 -0.03091960
v 0.13144465 0.01492217 -0.03933974
v 0.12762226 0.01165037 -0.04248734
v 0.12906025 0.01353983 -0.04262612
v 0.12075683 -0.01842635 -0.01691772
v 0.11808393 -0.01832161 -0.01916044
v 0.11288568 -0.01618508 -0.01809261
v 0.15603642 -0.01440302 -0.01989734
v 0.15433788 -0.01515062 -0.02149531
v 0.15982464 -0.00688706 -0.02501463
v 0.16101822 -0.00926374 -0.01971754
v 0.16055560 -0.00814648 -0.02327809
v 0.16080503 -0.01121375 -0.01577092
v 0.16127880 -0.00193278 -0.02171281
v 0.16053408 0.00327447 -0.01662660
v 0.14053243 0.01214551 -0.03054423
v 0.14279760 0.01291926 -0.02808258
v 0.14551291 0.01861573 -0.02605367
v 0.14568745 0.02133583 -0.02443867
v 0.14693074 0.02012800 -0.02365344
v 0.14596447 0.01073579 -0.02636854
v 0.14586659 0.02196163 -0.02771741
v 0.14886615 0.02349979 -0.02193199
v 0.15362068 0.01473284 -0.02131131
v 0.15428069 0.02132147 -0.01799984
v 0.15273993 0.00718458 -0.02563659
v 0.12464709 0.00183061 -0.04092123
v 0.12236802 -0.00346636 -0.03969561
v 0.16234112 -0.00315293 -0.01724613
v 0.04638654 -0.02461440 0.02077057
v 0.06298326 -0.02389765 0.02310730
v 0.05472543 -0.02430612 0.02035855
v 0.06322463 -0.02932039 0.02761133
v 0.06006489 -0.02979739 0.02583032
v 0.05976463 -0.03604636 0.02804234
v 0.02613726 -0.02577838 0.03803838
v 0.03081158 -0.03413923 0.03982427
v 0.03282672 -0.03770655 0.03820189
v 0.02878335 -0.03016636 0.03629743
v 0.02784473 -0.02618392 0.03297368
v 0.03156180 -0.02597832 0.02459710
v 0.03591039 -0.02637434 0.02549117
v 0.05600374 -0.03187296 0.02627694
v 0.03878290 -0.02827549 0.02686470
v 0.03651816 -0.03417619 0.03158719
v 0.04311242 -0.03674174 0.03074177
v 0.04539422 -0.04354669 0.03330082
v 0.05003664 -0.03852500 0.03019645
v 0.05962951 -0.04298668 0.03022766
v 0.04245456 -0.04888266 0.03674113
v 0.03974662 -0.04596454 0.03721994
v 0.03875633 -0.04866882 0.04129337
v 0.04158676 -0.05300060 0.04183968
v 0.04583886 -0.06139048 0.04356923
v 0.04508444 -0.05659556 0.03890791
v 0.05420283 -0.05195200 0.03339346
v 0.05764502 -0.05613626 0.03346451
v 0.05283637 -0.07024956 0.03871216
v 0.05656079 -0.06385630 0.03413536
v 0.05905386 -0.06041971 0.03334194
v 0.06769843 -0.04999753 0.03237950
v 0.05398201 -0.07197090 0.04771392
v 0.05200788 -0.06610409 0.03756052
v 0.05481936 -0.06774098 0.03578797
v 0.05834708 -0.07066612 0.03353850
v 0.06662664 -0.07039838 0.02933645
v 0.06518118 -0.07586793 0.03079021
v 0.05839203 -0.07577411 0.03455148
v 0.06468938 -0.07353749 0.02991495
v 0.07020382 -0.05684665 0.03259415
v 0.07070931 -0.06223274 0.03170467
v 0.07766165 -0.07804907 0.04664153
v 0.07835396 -0.07807612 0.03517181
v 0.07660463 -0.07817935 0.04012381
v 0.05297119 -0.06773483 0.05051932
v 0.05592339 -0.07462864 0.03816076
v 0.06283217 -0.07696608 0.03277855
v 0.06259982 -0.07809585 0.04352152
v 0.06465534 -0.07838269 0.05301105
v 0.05569593 -0.07141425 0.05161726
v 0.06254990 -0.01736538 -0.03551122
v 0.06256499 -0.01278547 -0.03348718
v 0.06520312 -0.01633199 -0.03131260
v 0.06337603 -0.02375200 -0.03899847
v 0.06731743 -0.00724500 -0.02594109
v 0.06954572 -0.02307651 -0.03070653
v 0.06912142 -0.01955731 -0.02625565
v 0.06707794 -0.01683995 -0.02597333
v 0.06643420 -0.01163246 -0.02329316
v 0.06822921 -0.02864319 -0.03886474
v 0.07106962 -0.03036112 -0.03735962
v 0.07171004 -0.03475415 -0.04161690
v 0.07297135 -0.02962833 -0.03280335
v 0.07269704 -0.02873175 -0.02713517
v 0.06682197 -0.02567756 -0.02131077
v 0.07758705 -0.04598373 -0.03234075
v 0.07610379 -0.04137078 -0.02948464
v 0.07459673 -0.04376008 -0.02797136
v 0.07810321 -0.05463898 -0.03217393
v 0.07812930 -0.05954818 -0.03166284
v 0.08020647 -0.06258689 -0.03153317
v 0.08127465 -0.05992931 -0.03421503
v 0.08487837 -0.07376650 -0.02431925
v 0.08743533 -0.07159466 -0.02303314
v 0.09146830 -0.06593429 -0.02799209
v 0.09027640 -0.07191012 -0.02370933
v 0.08651846 -0.07333897 -0.02259444
v 0.08851930 -0.07480257 -0.02367189
v 0.08935962 -0.07513921 -0.02656665
v 0.09295494 -0.06930472 -0.03026604
v 0.08568462 -0.06558336 -0.03002490
v 0.09042413 -0.07205461 -0.03611278
v 0.09079060 -0.07021364 -0.03491930
v 0.08881193 -0.06926506 -0.03889956
v 0.08638857 -0.06634381 -0.04003804
v 0.08756778 -0.06359620 -0.04389625
v 0.09121116 -0.06531837 -0.04568297
v 0.09037034 -0.07135326 -0.04771356
v 0.09295142 -0.06721534 -0.04954175
v 0.09297584 -0.06381144 -0.04713713
v 0.09420042 -0.05648888 -0.05322463
v 0.09564949 -0.05628921 -0.05008546
v 0.09103960 -0.06083981 -0.05527427
v 0.07779696 -0.04328854 -0.04352520
v 0.08106354 -0.05431138 -0.04097511
v 0.08127690 -0.04858877 -0.04531496
v 0.08277429 -0.04933086 -0.04410884
v 0.08538257 -0.04924453 -0.04574017
v 0.09107230 -0.05313508 -0.04516826
v 0.08333289 -0.05415573 -0.04306206
v 0.08261477 -0.05061774 -0.04376475
v 0.08236365 -0.06291915 -0.04014801
v -0.06745180 -0.05393587 -0.05211157
v -0.04890919 -0.05854548 -0.05962570
v -0.04428512 -0.06659377 -0.06120957
v -0.04792542 -0.06680112 -0.05696783
v -0.04238987 -0.06876762 -0.06196297
v -0.04000182 -0.06641639 -0.06294116
v -0.03700825 -0.06467235 -0.06422047
v -0.04060734 -0.07177483 -0.06132890
v -0.03283401 -0.07223545 -0.06259923
v -0.02843544 -0.07182197 -0.06241447
v -0.02528007 -0.07675637 -0.05799292
v -0.02206239 -0.07543286 -0.05818134
v -0.02276933 -0.07252628 -0.06006089
v -0.02526334 -0.07203287 -0.06141491
v -0.02498102 -0.06853212 -0.06239821
v -0.08235965 -0.05725788 -0.03445679
v -0.08470894 -0.05290646 -0.02942656
v -0.08526889 -0.05326203 -0.03139136
v -0.08998682 -0.04716440 -0.02973063
v -0.08895214 -0.04809865 -0.03046894
v -0.08801918 -0.04769345 -0.02818115
v -0.07838310 -0.05780784 -0.03936628
v -0.07976381 -0.05207251 -0.04165349
v -0.07417182 -0.06383079 -0.03907500
v -0.07032233 -0.06768409 -0.03962033
v -0.06645634 -0.06682672 -0.04443090
v -0.06777342 -0.07157354 -0.04013134
v -0.02370167 -0.06348239 -0.06221654
v -0.03194859 -0.07783311 -0.05657699
v -0.04611481 -0.07086765 -0.05850871
v -0.04779008 -0.06525277 -0.05853832
v -0.06184168 -0.06321769 -0.05411107
v -0.06489907 -0.06399024 -0.04935427
v -0.06265500 -0.06506291 -0.05241624
v -0.05181865 -0.06728940 -0.05607397
v -0.05680284 -0.07206196 -0.04912264
v -0.06373765 -0.07091043 -0.04334740
v -0.06425878 -0.07417047 -0.04152635
v -0.06649283 -0.07628853 -0.03576321
v -0.06204004 -0.07912618 -0.03604342
v -0.05746297 -0.07878005 -0.03968806
v -0.05984795 -0.07228792 -0.04468387
v -0.05770350 -0.07253937 -0.04660063
v -0.05256871 -0.07555965 -0.05668471
v -0.04529760 -0.07480966 -0.05765235
v -0.03959631 -0.07925141 -0.05608711
v -0.04840022 -0.07941476 -0.04675078
v -0.04906750 -0.07821409 -0.05143131
v -0.05183321 -0.07749021 -0.05609059
v -0.05426955 -0.07397589 -0.05650020
v -0.04906433 -0.07234107 -0.05738480
v -0.05169521 -0.07638646 -0.05104614
v -0.05427111 -0.07403969 -0.04913987
v -0.05031618 -0.08130199 -0.04132037
v 0.14548002 0.04186383 -0.01740646
v 0.14872141 0.03709240 -0.01990409
v 0.14826320 0.03035224 -0.02391377
v 0.15038264 0.03646475 -0.01606709
v 0.14238940 0.04396518 -0.01750933
v 0.15000664 0.03040425 -0.01078417
v 0.15013680 0.02751872 -0.00909924
v 0.15109581 0.02430532 -0.00748638
v 0.14819036 0.04069856 -0.01300553
v 0.14184177 0.04639856 -0.01164978
v 0.14674257 0.04239378 -0.00788433
v 0.14569318 0.03999022 -0.00648632
v 0.14367545 0.03988585 -0.00416613
v 0.14174435 0.04149756 -0.00135663
v 0.14219861 0.04698913 -0.00847217
v 0.14163089 0.04476522 -0.00500294
v 0.13081673 0.03022701 0.01888276
v 0.13562880 0.04895125 -0.00240501
v 0.15174368 0.02993133 -0.01408357
v 0.15123864 0.01238301 -0.00361437
v 0.15687411 0.01215468 -0.01031229
v 0.15883496 0.00716875 -0.00883466
v 0.14812195 0.00763262 0.00003234
v 0.14962366 0.01390577 -0.00004720
v 0.15097214 0.02102929 -0.00765262
v 0.14495203 0.03095636 0.00381085
v 0.14318380 0.01647374 0.01512230
v 0.13940622 0.02469016 0.01448936
v 0.14470434 0.02094933 0.01306618
v 0.14586726 0.01836238 0.01108748
v 0.14718537 0.01275454 0.00947182
v 0.12833230 -0.00613859 0.01742615
v 0.12687759 -0.01200627 0.00898055
v 0.13834964 -0.01222932 -0.00962252
v 0.14045918 -0.01541985 -0.01327917
v 0.14624286 -0.01307264 -0.01066185
v 0.14213456 -0.01294554 -0.01043415
v 0.14234109 -0.00804571 -0.00591934
v 0.13643612 0.00010620 0.01796304
v 0.13939321 0.00126593 0.01488247
v 0.14130475 0.00743385 0.01666492
v 0.13375954 -0.00888165 0.00827814
v 0.13186133 -0.01337411 0.00053253
v 0.12817608 -0.01651419 -0.00671809
v 0.14917570 0.00397652 -0.00119230
v 0.14527124 0.00574737 0.00243620
v 0.15636496 -0.00766004 -0.00699529
v 0.15851969 0.01173853 -0.01344676
v 0.16222239 -0.00075789 -0.01480034
v 0.14437947 0.00544800 0.00582304
v 0.14106958 0.00099649 0.00910758
v 0.14275810 0.00260884 0.00448051
v 0.14765801 0.00880459 0.00520032
v 0.14661847 0.00825401 0.00818458
v 0.14311108 0.00474876 0.01101236
v 0.14537416 0.00893340 0.01174647
v 0.07093266 -0.01984723 0.02931328
v 0.07148997 -0.02874830 0.03473007
v 0.06985194 -0.03112479 0.03242439
v 0.06552541 -0.03899245 0.03046384
v 0.07019705 -0.03275841 0.03657398
v 0.06936426 -0.04501577 0.03437597
v 0.07147955 -0.04786178 0.03745544
v 0.07297094 -0.05200091 0.04658703
v 0.07111747 -0.04585759 0.04776288
v 0.07176635 -0.05713984 0.04584927
v 0.07205724 -0.05824544 0.04771516
v 0.07160993 -0.05350403 0.03372941
v 0.07314148 -0.05617438 0.03520320
v 0.07131111 -0.06062077 0.04517742
v 0.07318636 -0.05941390 0.04183954
v 0.07394402 -0.05812624 0.03858580
v 0.07348923 -0.05955437 0.03489992
v 0.07989892 -0.06311826 0.03523399
v 0.08046471 -0.06418918 0.03173356
v 0.08394196 -0.06997652 0.04212987
v 0.08206227 -0.07515521 0.03323615
v 0.08301547 -0.07044268 0.03326285
v 0.08020346 -0.07672308 0.03161759
v 0.07901195 -0.07535668 0.02935265
v 0.06718019 0.00325686 0.04488460
v -0.10275310 -0.00628960 0.05362758
v 0.10747428 0.05208702 -0.01063543
v -0.11096477 0.04395140 0.03432627
v -0.02468523 0.03693475 -0.04544951
v -0.05124423 -0.04456485 -0.02532576
v -0.00862617 0.01783683 -0.04674986
v 0.08096287 -0.05550304 -0.03792607
v 0.07025052 0.00146927 0.04373773
v 0.07183634 0.06347517 0.00064783
v 0.04326984 -0.00006882 0.05157328
v 0.00817654 -0.00035033 0.04989156
v 0.11370935 0.05482807 0.00293660
v 0.07893000 -0.06397279 0.04643384
v 0.06495854 -0.05585780 0.06171816
v 0.05597739 -0.06843118 0.05854519
v -0.07212128 -0.00979834 0.05321102
v 0.07960279 0.05290375 -0.01365893
v 0.12504302 0.05406160 -0.04092095
v -0.05595928 0.06525055 0.03016965
v -0.11583441 0.02870214 -0.00330202
v 0.07847001 -0.00605367 0.02287545
v 0.07691856 -0.01690930 -0.00535726
v 0.04684849 -0.02698199 -0.00290579
v -0.04558072 -0.03265518 -0.02485203
v -0.03947798 -0.06043109 -0.02849302
v -0.00438797 -0.01485999 -0.03440728
v -0.02661280 -0.00595221 -0.04154011
v 0.03582812 -0.04568012 -0.03367626
v -0.12615077 -0.04697092 0.04554397
v -0.12156393 -0.07251217 0.04299555
v 0.12639938 -0.00455241 -0.03537760
v 0.14166510 0.01863261 -0.03259144
v 0.03782938 -0.04443757 0.03806236
v 0.04551100 -0.05980214 0.04149258
v 0.07645197 -0.07741071 0.05487899
v 0.07497171 -0.03790770 -0.04086328
v -0.05945625 -0.07613948 -0.04089465
v 0.14625658 0.03170377 -0.00101470
v 0.08204059 -0.06601834 0.03593706
v 0.13359374 0.04253143 0.00921098
v 0.06355703 -0.04912488 0.05975506
v -0.09257109 -0.07153979 0.04128970
v 0.04575745 -0.00308365 -0.04092402
v -0.07770531 0.07070886 0.00941043
v -0.07807403 0.06823676 0.02034382
v -0.09533846 -0.03946131 -0.02973514
v -0.09072366 0.00308853 -0.04791111
v -0.12698863 -0.05085802 0.02377493
v 0.07903503 -0.01373019 -0.01197443
v 0.10651904 -0.01444627 -0.01062458
v 0.06257580 -0.04892654 -0.02591768
v -0.04753295 -0.07462481 -0.02269027
v 0.05719558 -0.06023753 -0.03619085
v -0.13008277 -0.04423536 0.04201477
v -0.12851532 -0.05460939 0.04212800
v 0.13151115 -0.00130808 -0.02865406
v 0.06237252 -0.03855397 0.02926227
v 0.09235865 -0.07161434 -0.02746693
v 0.06029753 0.05552985 0.03107850
v 0.02616466 0.03421805 0.04576006
v 0.04554190 0.01124357 0.05062519
v 0.06545751 -0.04712795 0.05849807
v 0.11902072 0.01589415 0.02457964
v 0.12524840 0.04853422 0.00775562
v 0.12942196 0.04386880 0.01093544
v 0.06975758 -0.04956919 0.05881860
v 0.06714956 -0.04992570 0.06002999
v 0.06399346 -0.05252915 0.06104113
v 0.06096758 -0.05807367 0.06103502
v -0.06176450 0.00328485 0.04927528
v -0.09568532 -0.06879418 0.04279689
v 0.06363903 0.05914342 -0.01562864
v 0.10588216 0.05567107 -0.00520399
v 0.10090311 0.00101379 -0.03100163
v 0.08233998 0.02434153 -0.02854201
v 0.05119190 0.03169410 -0.03560397
v 0.01732868 0.02687678 -0.03761552
v 0.05769634 0.01412692 -0.03900830
v 0.08209823 -0.05299177 -0.04869067
v -0.10075798 0.05009649 -0.02444226
v -0.11034400 0.05233189 0.01855328
v -0.03012040 0.01997495 -0.04657815
v -0.07901859 -0.03334313 -0.04651507
v -0.03449346 -0.05964383 -0.06338025
v -0.11021722 0.00564028 -0.00245627
v -0.07665066 0.02164742 -0.05010607
v -0.08602273 0.00925215 -0.04851859
v -0.10702729 0.03835994 -0.02875159
v -0.11789152 0.02611467 0.00391192
v -0.10738593 -0.02168569 -0.03057974
v 0.00058937 -0.02678457 0.03172474
v -0.02932045 -0.03241196 0.02163498
v -0.08774468 -0.04489353 -0.02558675
v -0.03433768 -0.05621447 -0.05119896
v -0.03206176 -0.05667470 -0.05514798
v -0.02215570 -0.07659257 -0.04278758
v -0.02257422 -0.07471472 -0.02932653
v -0.05568198 -0.06297816 -0.02476036
v -0.00956542 0.02987526 -0.04615549
v -0.01692529 0.01061824 -0.04740418
v -0.12766409 -0.05143811 0.04430328
v -0.13250937 -0.04937059 0.03917498
v -0.12324515 -0.06064921 0.04610650
v -0.13470988 -0.05449931 0.03153915
v -0.13559508 -0.04656437 0.02909005
v -0.13338499 -0.04099057 0.03644624
v -0.11462110 0.04335366 0.01908248
v -0.13398655 -0.04299933 0.02773744
v -0.12922059 -0.06030321 0.03771688
v -0.12926261 -0.06543367 0.03521476
v 0.11454740 -0.01887406 -0.01300930
v 0.15919079 0.00030767 -0.02459482
v 0.12780800 -0.00963791 -0.02519057
v 0.06448440 -0.03315696 0.02927618
v 0.06701690 -0.07807829 0.04140356
v 0.08463533 -0.07215570 -0.02411985
v 0.14787060 0.02167722 0.00145887
v 0.06930342 -0.07107810 0.05772199
v 0.02928495 0.01436074 0.05056076
v 0.06534032 0.03977282 0.03748823
v 0.05732440 0.02887038 0.04452711
v -0.11493919 -0.06998342 0.05081489
v -0.09389949 -0.07577805 0.04012926
v 0.02097283 0.06921328 0.00030714
v 0.09810562 0.05594863 -0.00124209
v 0.02835890 0.05127869 -0.02346755
v 0.05814505 -0.00126059 -0.03767998
v 0.01839168 -0.01330592 -0.03278143
v -0.10888728 0.05289470 0.01370301
v -0.07074127 -0.02929969 -0.05084360
v -0.06168496 0.01762314 -0.05259785
v -0.03289942 -0.03399883 -0.00818975
v -0.03630647 -0.04822443 -0.03767188
v 0.03382694 -0.04476776 -0.03553799
v -0.01669166 0.01807791 -0.04805491
v -0.11746603 0.01373789 0.04392463
v 0.14303257 0.02839504 -0.03147844
v 0.11572640 -0.00671879 -0.03772310
v 0.03750778 0.00114037 0.05187578
v -0.11221138 -0.05987693 0.04983993
v -0.10770096 -0.00407364 0.00101568
v -0.09473002 -0.06694030 0.02860902
v -0.03533326 -0.02975569 0.02844064
v 0.06771253 -0.06693616 -0.04795705
v 0.14094436 0.03738192 -0.02705072
v 0.05505090 0.00922077 0.04999242
v 0.12311424 0.01561295 0.02552369
v -0.05054839 0.02356804 0.05159982
v -0.07282203 0.03554763 0.04864667
v -0.07822913 0.03891360 0.04672175
v -0.10659503 -0.07111998 0.04777570
v 0.01353838 0.03744611 -0.03815479
v 0.02853300 0.00843060 -0.03659520
v -0.01635225 0.07511251 0.01206486
v -0.10182063 0.04595639 -0.02727987
v -0.10164902 0.05145317 -0.02146423
v -0.02857257 0.03215782 -0.04589349
v -0.04559892 0.02470911 -0.04726645
v -0.04273676 -0.05717108 -0.06076883
v -0.04717141 -0.04644545 -0.05216324
v -0.11805321 -0.00163546 -0.01654694
v -0.05737171 0.02547264 -0.05198785
v -0.06309029 0.01339216 -0.05247916
v -0.10417896 0.04215804 -0.02923341
v -0.08804916 -0.01654657 0.00764841
v -0.05854996 -0.05590312 -0.02449752
v -0.02579067 -0.07762250 -0.02846097
v -0.03170581 -0.07948845 -0.03923900
v 0.15473539 -0.00849871 -0.02754742
v 0.14917992 0.00577088 -0.02707125
v 0.06714706 -0.05811938 0.03234088
v 0.06438547 -0.00516023 -0.03181739
v 0.08798509 -0.06584872 -0.03381383
v -0.04772000 -0.06897993 -0.05720158
v 0.14802027 0.03480622 -0.02267404
v -0.11073361 -0.00057681 0.00140074
v 0.02216819 0.03475512 0.04496370
v -0.02373272 -0.03506659 -0.00010166
v 0.09472580 -0.06218704 -0.04819053
v -0.01066336 0.02243326 -0.04715152
v 0.13518611 0.03705230 0.01198352
v 0.10283521 0.01542015 0.02213089
v 0.04025054 0.06963702 0.00687048
v 0.02946884 0.06770850 0.00506883
v 0.02766866 -0.03717214 -0.02877676
v 0.06212936 -0.07765436 0.05505500
v 0.07649229 -0.04655140 -0.03036191
v -0.05759354 -0.05520061 -0.05736754
v 0.07948031 -0.07349097 0.05641305
v 0.06892601 -0.05455914 0.06105944
v 0.07425428 0.05211094 -0.01850381
v 0.10083073 0.05299217 0.00701552
v 0.07768246 0.01234293 -0.02977127
v -0.04470890 0.07679417 0.00407996
v 0.08070571 -0.07308418 -0.05271010
v 0.03773087 -0.04130878 -0.04005313
v -0.04218873 -0.07715545 -0.05714017
v 0.14090985 0.01234840 0.01805001
v 0.06827573 0.02926420 0.03783605
v 0.03116352 0.01802390 0.05068245
v 0.03442686 -0.03715083 0.04562359
v 0.11598273 0.05577516 -0.00364322
v -0.06856246 0.00454237 0.05171064
v -0.11145304 -0.00557935 0.05070243
v -0.09087905 -0.07062849 0.03721397
v 0.07320107 0.03788525 -0.02638209
v 0.07367179 0.01854434 -0.03075276
v -0.11194623 0.04474605 0.02838717
v -0.10667444 -0.02552168 -0.02234897
v -0.12281408 -0.03455968 0.02368331
v -0.07839580 0.02722993 -0.04859208
v 0.05112919 -0.02587830 -0.00595480
v 0.06806821 -0.07201466 -0.03980526
v -0.06003375 -0.05181577 -0.02354652
v -0.02341363 -0.07743250 -0.04704957
v -0.01515131 0.00252849 -0.04533792
v 0.07293637 -0.07406403 -0.04976224
v -0.12191690 0.02995510 0.03084261
v 0.15296179 0.00607052 -0.00326608
v 0.07216489 -0.05624841 0.03384571
v 0.08359158 -0.07500073 0.04946399
v -0.06862459 0.01900692 0.05117641
v -0.04234342 -0.06141853 -0.06176273
v 0.02997787 0.00311684 -0.03725460
v -0.03902986 -0.03958041 -0.03567161
v 0.07261121 0.00852710 0.04015417
v 0.05019893 0.06723063 0.02031815
v -0.10555909 -0.02425277 -0.01828560
v -0.02618868 -0.03448119 0.00610049
v -0.11791896 0.00724107 0.04476797
v 0.05685429 0.05032158 0.03626247
v -0.10566363 -0.00208159 0.05306894
v -0.02513177 0.07651900 0.00929282
v 0.12295504 -0.00702920 -0.03690046
v 0.06430101 -0.04045162 0.04867254
v 0.00718487 0.00811541 0.05245383
v 0.13618127 0.02443460 0.01830118
v 0.07053232 -0.05928701 0.06188572
v -0.09566898 -0.06288872 0.03700347
v 0.03734402 -0.01688212 -0.04325709
v -0.05532394 -0.04460494 -0.05447923
v -0.04489547 -0.04598480 -0.04755488
v -0.06155512 0.02323428 -0.05182458
v -0.08975325 0.03074096 -0.04560054
v 0.06714293 -0.04543426 -0.02522423
v -0.08027675 -0.05590149 -0.02720386
v -0.03419376 -0.07405964 -0.02351418
v -0.11056823 0.04864540 0.01423180
v -0.12049232 -0.00195707 0.04247654
v -0.13036709 -0.06768703 0.02755888
v 0.06330389 -0.05288677 0.03223555
v 0.14625378 0.04307816 -0.01287370
v 0.08366303 -0.06950200 0.03739176
v -0.09033106 0.05201778 0.03888904
v -0.04273455 -0.04946020 -0.04837039
v 0.06206910 0.01416662 -0.03397052
v 0.09319135 -0.06536562 -0.04818021
v 0.04372375 -0.04058366 0.05270625
v 0.03930960 -0.01339966 0.04920217
v -0.10059633 -0.06819375 0.02248570
v -0.07254470 -0.02810510 -0.00913910
v -0.11732376 0.04890446 0.00278662
v 0.09427552 -0.05293861 -0.04879884
v -0.04045566 0.02262200 0.05486808
v -0.06664496 0.02837831 0.04807281
v 0.12712809 -0.00384657 0.01964799
v -0.03710570 -0.03225064 0.02006830
v 0.13286270 0.03281657 0.01619830
v -0.09572953 -0.03911019 0.04534386
v -0.09004179 0.06406794 0.02153237
v -0.07619879 -0.02201288 0.02245676
v 0.08383189 -0.01126061 -0.01292836
v -0.09989475 -0.00168975 0.05448833
v 0.01906000 0.01710360 0.04969938
v 0.09404410 -0.06971796 -0.04805879
v -0.07792810 0.00062434 0.05393622
v -0.11416995 0.01742538 0.04597322
v -0.04814003 0.01185959 -0.05178168
v -0.07074738 0.00328692 -0.05318572
v -0.05515031 -0.07336238 -0.02421621
v 0.11791563 -0.01054503 -0.03462391
v 0.12480514 0.04821153 0.02555335
v -0.04075455 0.00309341 0.05446862
v 0.03698886 0.01224927 -0.04029511
v -0.11170758 -0.01900692 -0.02271227
v 0.06027737 -0.02330438 0.01923495
v -0.11862800 -0.02212793 0.04610040
v -0.03643647 -0.00845354 -0.03976850
v 0.00416375 0.07348276 0.00683557
v -0.11375824 -0.00140772 0.04915159
v -0.09132077 -0.07019024 0.03883796
v -0.10851804 0.01581816 -0.03842474
v -0.07705171 -0.02223139 -0.04897111
v -0.07374045 -0.02531225 -0.00083754
v -0.07037221 -0.01372026 -0.05337273
v -0.07620461 0.00872238 -0.05145497
v 0.03090210 0.04811095 -0.02471307
v 0.05083099 0.02726105 -0.03715524
v 0.02115822 -0.01920731 -0.03597603
v -0.11856657 0.02071243 0.04009555
v 0.00233802 0.07387675 0.00101004
v 0.11411167 0.04008706 -0.03324452
v -0.06941029 -0.02403940 0.01384639
v -0.10464107 0.00541231 -0.04035463
v 0.06977329 -0.05876877 -0.03016505
v 0.07188330 -0.07509298 -0.04063200
v -0.06531668 -0.03716557 -0.01724808
v -0.12853244 0.00029056 0.03128413
v 0.14373641 0.03382664 -0.02748593
v 0.14713742 -0.01758392 -0.01746958
v -0.11045752 -0.04792919 0.05130770
v 0.03579297 -0.02190707 0.04752954
v 0.03579999 -0.04248166 0.04239788
v -0.06259458 0.06157231 -0.02784781
v -0.10200193 0.01772970 -0.04286843
v 0.10378352 -0.01047273 0.00284107
v -0.02404385 -0.06575815 -0.03745729
v -0.04061121 -0.06664141 -0.02383651
v -0.01664671 -0.00356380 -0.04308211
v 0.14630167 0.02390679 -0.02462634
v 0.15114874 0.00169179 -0.02758196
v 0.15533380 0.00235807 -0.00442926
v 0.14733063 -0.01122819 -0.02513767
v 0.15640885 0.01020958 -0.00809318
v 0.15443613 -0.01474155 -0.01423195
v 0.14646360 -0.00998921 -0.00849293
v 0.15511135 -0.00306691 -0.00509705
v 0.14906550 -0.01302685 -0.02429816
v 0.14949096 -0.00870376 -0.00781253
v 0.16040745 0.00388703 -0.00901272
v 0.15176927 -0.00761555 -0.00720991
v 0.15222857 0.00390130 -0.02688562
v 0.14707669 -0.00385892 -0.00449920
v 0.16175059 -0.00134534 -0.01825657
v 0.14405596 -0.00557165 -0.00436988
v 0.15901671 -0.01205348 -0.01340652
v 0.14444830 -0.00252479 -0.00254506
v 0.15369458 -0.01362641 -0.01240792
v 0.15273402 0.00270195 -0.00366288
v 0.14968029 0.01000782 -0.00179102
v 0.14927021 -0.01178718 -0.00998145
v 0.15568253 0.00531264 -0.00506260
v 0.15447871 -0.00509828 -0.00562660
v 0.15632764 0.00721814 -0.02340758
v 0.15210021 0.00922677 -0.00344023
v 0.15867732 0.00945364 -0.01114071
v 0.15424538 -0.01537101 -0.01669898
v 0.15555201 0.00591566 -0.02467558
v 0.15084098 0.00165495 -0.00262599
v 0.15934414 0.00744787 -0.01197156
v 0.15392647 -0.00544300 -0.02782004
v 0.15448504 -0.01397602 -0.02340828
v 0.15933791 0.00157828 -0.00690479
v 0.15380297 -0.00619470 -0.00605703
v 0.15438526 0.01047219 -0.00609194
v 0.16055172 -0.00440992 -0.02336372
v 0.15805454 0.00160019 -0.00622578
v 0.15054187 0.00685157 -0.00161687
v 0.15301321 0.01003849 -0.00422328
v 0.14935500 -0.00277071 -0.00389657
v 0.15465527 -0.01158236 -0.01072326
v 0.15582611 -0.00081396 -0.02725940
v 0.14668275 0.00262075 -0.00043826
v 0.15400857 0.00460815 -0.02616829
v 0.14896122 -0.00936197 -0.02628280
v 0.15520574 -0.01037190 -0.00929102
v 0.16019160 0.00258004 -0.00802495
v 0.16124825 0.00031290 -0.01732241
v 0.15312808 -0.01320817 -0.02444724
v 0.16013062 0.00524582 -0.01054648
v 0.15681137 0.00743136 -0.00683342
v 0.15948986 0.00839391 -0.01783262
v 0.15133689 -0.01254578 -0.01098570
v 0.14722347 0.00486195 0.00062195
v 0.15410274 -0.01534501 -0.01553656
v 0.15785453 0.00966171 -0.00957347
v 0.15670879 0.00942518 -0.02182869
v 0.15874526 0.00685378 -0.02213568
v 0.16063979 0.00552495 -0.01368338
v 0.15433127 -0.00908089 -0.00814817
v 0.16142774 -0.00666792 -0.02047349
v 0.15510603 -0.00101050 -0.00482605
v 0.15931911 0.00301521 -0.02177953
v 0.15978117 0.00681773 -0.01761439
v 0.15151723 -0.01300286 -0.02448551
v 0.15709415 0.00012297 -0.02641290
v 0.14832237 0.00158223 -0.00193334
v 0.15857561 -0.01254182 -0.01526280
v 0.15935010 -0.01145002 -0.01210191
v 0.15952015 -0.00285651 -0.00675342
v 0.15794174 -0.01277248 -0.02140994
v 0.14998764 -0.00073934 -0.00336702
v 0.15659552 0.00612437 -0.00584565
v 0.14896266 -0.00581757 -0.00572140
v 0.15619130 -0.01413646 -0.01732602
v 0.16165721 -0.00187666 -0.00855259
v 0.15195283 -0.01597580 -0.02101794
v 0.16083094 -0.00547958 -0.02312203
v 0.16287278 -0.00622726 -0.01482210
v 0.15555520 -0.00607918 -0.02768311
v 0.15419739 -0.00017779 -0.02739633
v 0.15864352 -0.00914054 -0.02514429
v 0.15682066 0.00333923 -0.02520728
v 0.15973245 0.00084568 -0.02221965
v 0.15959702 -0.00918153 -0.02414234
v 0.14915772 -0.01511131 -0.02266305
v 0.14582942 0.00022646 -0.00117930
v 0.14660787 0.00773606 0.00193887
v 0.16182433 0.00128251 -0.01352932
v 0.15843703 0.01335275 -0.01526362
v 0.15106875 0.00502352 -0.00222919
v 0.15743452 -0.01327506 -0.01680421
v 0.15731435 0.01511335 -0.01898322
v 0.15563469 0.01935988 -0.01817532
v 0.15409049 -0.01563756 -0.01927030
v 0.15723401 0.00116970 -0.02564741
v 0.16019370 0.00550074 -0.01586753
v 0.16180996 -0.00254285 -0.01947947
v 0.16137823 0.00125829 -0.01571347
v 0.16119643 -0.00610929 -0.02225376
v 0.15724397 0.01693559 -0.01641747
v 0.15859486 -0.00779989 -0.00770869
v 0.15695802 -0.00586722 -0.02730142
v 0.15149416 -0.00874738 -0.02697686
v 0.15894613 -0.01207811 -0.02106189
v 0.15897100 0.01152737 -0.01571635
v 0.15963781 0.00952160 -0.01654720
v 0.15927061 -0.00670347 -0.00727826
v 0.15999157 0.00364607 -0.01998241
v 0.15669852 -0.01363388 -0.02193175
v 0.15918650 0.00973277 -0.01427761
v 0.15990058 -0.01023956 -0.01066966
v 0.15111774 -0.01570497 -0.01449439
v 0.15584926 -0.01400767 -0.02273073
v 0.14451272 -0.00747574 -0.00612168
v 0.15877745 0.00247720 -0.02415469
v 0.16019382 -0.01036987 -0.02149379
v 0.16180355 -0.00902645 -0.01763333
v 0.16098018 0.00329869 -0.01444246
v 0.16012155 0.00459146 -0.01837347
v 0.15609387 -0.00970191 -0.02641406
v 0.16222359 -0.00506725 -0.01929642
v 0.16091163 -0.01023874 -0.01774423
v 0.16125600 -0.00908839 -0.01024021
v 0.15187361 -0.00269799 -0.00458922
v 0.15308020 -0.00970855 -0.02683401
v 0.16197692 -0.00846237 -0.01085074
v 0.15977053 -0.01097198 -0.01928564
v 0.16300125 -0.00449607 -0.01128185
v 0.16291540 -0.00503810 -0.01550871
v 0.16181408 -0.00766307 -0.01854047
v 0.15787648 0.01375445 -0.01367569
v 0.16023479 -0.00081256 -0.02315381
v 0.16027386 -0.00484973 -0.02476450
v 0.15952547 -0.00491292 -0.00702441
v 0.16256674 -0.00464385 -0.00996301
v 0.14669660 0.00669000 0.00123427
v 0.15838321 0.01094461 -0.02008623
v 0.15771113 -0.00341079 -0.00586343
v 0.15823104 -0.00612377 -0.02670178
v 0.16170310 0.00196411 -0.01072454
v 0.16208918 -0.00361251 -0.01923779
v 0.16241144 -0.00831459 -0.01216957
v 0.16208368 0.00140661 -0.01191768
v 0.15966394 -0.01194699 -0.01731232
v 0.16298097 -0.00226174 -0.01261553
v 0.16286226 -0.00759064 -0.01391496
v 0.15903656 0.00527760 -0.02191745
v 0.14864883 0.00580457 -0.00057998
v 0.15324122 -0.01601136 -0.02006929
v 0.16124614 -0.01072540 -0.01391463
v 0.16077646 -0.00027455 -0.02077865
v 0.14993532 -0.01703492 -0.01598252
v 0.15888834 0.01314159 -0.01753321
v 0.15756344 -0.01145253 -0.01071324
v 0.16213806 -0.00951311 -0.01380373
v 0.15723944 -0.00895106 -0.00813814
v 0.16278099 -0.00358337 -0.01545008
v 0.16078691 -0.00870511 -0.02149781
v 0.15600367 -0.01209688 -0.02500512
v 0.16040410 0.00232908 -0.01823554
v 0.15314934 -0.00753753 -0.02769026
v 0.15441943 0.01977815 -0.01898629
v 0.16304387 -0.00330691 -0.01196845
v 0.15946934 -0.00909090 -0.00885154
v 0.16107962 -0.00614918 -0.00816824
v 0.15750172 -0.00973441 -0.02602900
v 0.16272163 -0.00238585 -0.01422718
v 0.15764304 -0.00272271 -0.02697231
v 0.15769690 0.01194661 -0.01187953
v 0.15996251 -0.00981124 -0.02327406
v 0.15058862 -0.01594414 -0.02169548
v 0.14482535 0.00559768 0.00412962
v 0.15474628 -0.00302347 -0.02795574
v 0.16242340 -0.00099735 -0.00973684
v 0.15995693 -0.00125236 -0.02455459
v 0.15779382 0.01536867 -0.01549254
v 0.16112624 -0.00039644 -0.00807062
v 0.15927436 0.01018851 -0.01927137
v 0.16228175 -0.00195541 -0.01602324
v 0.15799719 0.01389769 -0.01834807
v 0.16210068 -0.00347933 -0.00909864
v 0.15861911 0.00586176 -0.00784689
v 0.16080352 -0.00287842 -0.00743243
v 0.15937284 -0.00552990 -0.02581708
v 0.16259941 -0.00742579 -0.01645626
v 0.16248173 -0.00063379 -0.01318870
v 0.14914700 -0.01747506 -0.01679930
v 0.15303586 -0.01112371 -0.02608235
v 0.15941772 0.00748464 -0.02033857
v 0.15469105 -0.00991387 -0.02679575
v 0.15085617 -0.01683654 -0.01959191
v 0.15727963 -0.01354162 -0.01937553
v 0.14871003 -0.01764216 -0.01771078
v 0.15868284 -0.00748093 -0.02589933
v 0.15656113 0.01815125 -0.01705263
v 0.15982206 -0.00349257 -0.02556695
v 0.15767153 0.01618263 -0.01771563
v 0.15297367 -0.01511896 -0.02217286
v 0.16180054 -0.00552316 -0.00877876
v 0.15577343 0.01781657 -0.01916176
v 0.12308021 0.04255722 -0.03976808
v 0.11508416 0.05155381 -0.02962485
v 0.11433180 0.04378226 -0.03415454
v 0.12815296 0.04940590 -0.03210749
v 0.11241989 0.04570542 -0.02925189
v 0.12862749 0.04803936 -0.03327365
v 0.11562873 0.05334223 0.02233515
v 0.11364017 0.04540571 -0.03288365
v 0.11683471 0.04930482 0.02432012
v 0.11763945 0.05305376 -0.02656634
v 0.12109187 0.04440019 -0.03981517
v 0.11588970 0.04978425 -0.03653083
v 0.11810147 0.05494080 0.01554367
v 0.12843782 0.04617492 -0.03373587
v 0.11681444 0.04713125 -0.03791250
v 0.12820439 0.04312687 -0.03685733
v 0.12899337 0.05102636 0.02364832
v 0.11602268 0.05301099 -0.02965706
v 0.12121657 0.05330159 0.01845870
v 0.12021748 0.05363565 0.01734013
v 0.11874249 0.05315924 -0.02596476
v 0.11611286 0.04852410 -0.03722313
v 0.12048644 0.05324626 -0.02570779
v 0.12851834 0.04350802 -0.03591229
v 0.12264038 0.05397068 0.02204899
v 0.11726808 0.04793547 0.02368483
v 0.11894485 0.05417534 0.01619926
v 0.11711115 0.04635345 0.02226564
v 0.11511858 0.05209661 0.02208711
v 0.12839891 0.04772140 -0.03719310
v 0.11372980 0.04942983 -0.02972900
v 0.11559154 0.05421451 0.02121739
v 0.13079885 0.04889688 0.02184553
v 0.11422442 0.04932982 -0.03323619
v 0.12430426 0.04097548 -0.03906208
v 0.12261101 0.05358727 0.01956595
v 0.12411327 0.05171105 -0.02438766
v 0.13058148 0.04982563 0.02264503
v 0.11747809 0.04583400 -0.03817781
v 0.12776782 0.04795090 -0.03924822
v 0.11749243 0.05392109 -0.03618321
v 0.12763613 0.05142557 -0.03126988
v 0.11535510 0.05237813 -0.03217078
v 0.11879617 0.05588884 -0.03179252
v 0.12429526 0.05210429 0.02121390
v 0.11927663 0.04465931 -0.03904551
v 0.12690695 0.05478540 -0.03583756
v 0.11338583 0.04792474 -0.02954465
v 0.11249292 0.04638619 -0.02689031
v 0.12262489 0.05319956 0.02528470
v 0.12518083 0.04561321 -0.04076545
v 0.12603265 0.05249416 0.02197054
v 0.12742940 0.04311300 -0.03831427
v 0.13173937 0.05173436 0.01915248
v 0.11515330 0.05035925 -0.02514168
v 0.11928890 0.05596831 -0.03034909
v 0.12016077 0.04956691 0.02664624
v 0.12338053 0.04860072 -0.04200739
v 0.12464980 0.05353099 -0.02810076
v 0.12658864 0.04670385 -0.04004582
v 0.12646540 0.05257156 0.02286949
v 0.12327885 0.05456978 -0.02811623
v 0.12285935 0.05740771 -0.03617336
v 0.12678922 0.05454853 -0.03397050
v 0.11267770 0.04742830 -0.02544871
v 0.12266229 0.05396710 0.02356784
v 0.11421478 0.04890206 -0.02510947
v 0.11671364 0.05290348 -0.03599052
v 0.11510027 0.05198505 -0.03312944
v 0.12039193 0.05607378 -0.02974750
v 0.11213029 0.04126094 -0.03032655
v 0.11651540 0.05309046 -0.02821362
v 0.11212770 0.04375041 -0.02865014
v 0.12535561 0.04746215 0.01640056
v 0.11342004 0.04171051 -0.03197363
v 0.11940876 0.04980318 -0.04066752
v 0.12827145 0.05019649 -0.03784097
v 0.12559627 0.05031675 0.01776985
v 0.11569998 0.04982571 0.02319887
v 0.12998480 0.05035214 0.02314676
v 0.12462391 0.05666161 -0.03636031
v 0.12706807 0.05335809 -0.03162355
v 0.11926213 0.04611817 0.02400486
v 0.12007240 0.04850593 -0.04093282
v 0.11868547 0.05623944 0.02326370
v 0.12385561 0.04487626 -0.04074562
v 0.13070288 0.05287255 0.02194581
v 0.11765093 0.05236983 0.02578850
v 0.12540443 0.05510216 -0.03912287
v 0.12464328 0.05115716 0.02568654
v 0.11890689 0.05111792 -0.04005570
v 0.12433293 0.05549392 -0.03957705
v 0.12394485 0.04997797 0.02626086
v 0.12167087 0.05548283 -0.02890055
v 0.12678970 0.05420865 -0.03259998
v 0.11788474 0.05539650 -0.03352067
v 0.12052524 0.05487935 -0.03920750
v 0.11302061 0.04528897 -0.03130448
v 0.12649500 0.04871650 0.02447746
v 0.12849178 0.04792007 0.01862281
v 0.13150246 0.04972143 0.02065814
v 0.12675072 0.05208358 -0.02943989
v 0.11618175 0.05175334 -0.03628162
v 0.12112327 0.04673079 0.02489616
v 0.12847672 0.04896284 0.01811831
v 0.11892254 0.05520857 -0.03667860
v 0.11868373 0.05237807 -0.03936340
v 0.11997145 0.05678324 -0.03324656
v 0.12150896 0.05395893 -0.02719228
v 0.11484398 0.04944656 -0.03481535
v 0.11758779 0.05229104 0.01160650
v 0.11645994 0.05148318 -0.02560021
v 0.11720369 0.05619409 0.02018528
v 0.12081632 0.04671712 -0.04068196
v 0.11762991 0.05500342 -0.03447932
v 0.12267907 0.04729489 0.02561913
v 0.12740409 0.05161267 0.02322337
v 0.11531599 0.05116811 0.02276862
v 0.11650924 0.05552921 0.02089292
v 0.12188764 0.04824681 -0.04170247
v 0.12791464 0.05179990 -0.03854187
v 0.12015340 0.05546273 -0.03804857
v 0.12209442 0.05233321 -0.02492348
v 0.12600328 0.05211075 0.01948750
v 0.12871286 0.04810256 -0.03624807
v 0.13144620 0.05078923 0.01904251
v 0.12386042 0.05714308 -0.03430052
v 0.12648747 0.04438516 -0.03931999
v 0.12697738 0.05465828 -0.03725622
v 0.12458626 0.05240252 -0.04174206
v 0.12180880 0.05734420 -0.03591411
v 0.12646117 0.04917894 -0.04069369
v 0.12807120 0.05293695 -0.03532059
v 0.12096255 0.05467895 0.02515560
v 0.12602159 0.04202235 -0.03903390
v 0.12029088 0.05654506 -0.03634468
v 0.12842800 0.05133354 -0.03461969
v 0.12120270 0.05414879 -0.04038110
v 0.12200992 0.05166326 -0.04190590
v 0.12522347 0.04954241 0.01649010
v 0.13164189 0.04988367 0.01956597
v 0.12828103 0.04986840 0.01759485
v 0.12662267 0.05476929 -0.03818288
v 0.12097485 0.04826429 0.02614701
v 0.12287146 0.05143520 0.01762361
v 0.12570585 0.04968253 -0.04144065
v 0.11980882 0.05624636 0.02236807
v 0.12370459 0.05211606 0.02533266
v 0.12854573 0.05157041 -0.03648675
v 0.12057794 0.05709004 -0.03454414
v 0.13019545 0.05206912 0.02246700
v 0.11439737 0.05006269 -0.02721528
v 0.12481171 0.05505489 -0.02980903
v 0.11525351 0.04608461 -0.03575393
v 0.11393237 0.04736072 -0.03348539
v 0.12445605 0.05691826 -0.03337171
v 0.11737382 0.05573186 0.01861854
v 0.12540641 0.04869189 0.01611034
v 0.11741759 0.05095978 0.02557337
v 0.12680460 0.05241451 -0.04021550
v 0.12937086 0.05277790 0.02013046
v 0.12893831 0.04778741 0.01966571
v 0.12365422 0.05484703 -0.04047673
v 0.12216182 0.05668463 -0.03067146
v 0.11878781 0.05658401 0.01973065
v 0.12723383 0.05157037 0.01901530
v 0.12171656 0.05013101 0.02736921
v 0.12470574 0.04933766 -0.04202723
v 0.12932321 0.04818852 0.02061518
v 0.12980361 0.05285530 0.02102941
v 0.12626126 0.05372873 -0.03998096
v 0.12868805 0.05166240 0.01931250
v 0.11898568 0.04906954 0.02605934
v 0.12263661 0.05038953 -0.04225825
v 0.11983920 0.05467203 0.02605123
v 0.11365677 0.04874907 -0.03209058
v 0.12755992 0.05191092 -0.03946853
v 0.13031825 0.05193968 0.01919882
v 0.13341070 0.05153717 0.02090629
v 0.12389310 0.05094654 0.01745111
v 0.11946252 0.05339568 -0.03955609
v 0.11995703 0.05578772 0.01928247
v 0.12597703 0.05314923 -0.02854276
v 0.12064185 0.05135036 -0.04134151
v 0.12200486 0.05282791 0.02692042
v 0.11720219 0.05458158 -0.03062319
v 0.12097804 0.05545007 0.02191989
v 0.12395677 0.04719495 -0.04147145
f 6 2809 2807
f 2819 872 2061
f 2846 2845 2827
f 2905 33 826
f 1811 920 1794
f 36 2912 1806
f 829 38 1808
f 2918 1813 1812
f 1814 43 42
f 841 4994 2933
f 1828 4994 841
f 842 46 2934
f 47 2936 844
f 46 1830 847
f 1839 54 53
f 1851 2986 819
f 63 1847 1848
f 882 3020 3022
f 3029 3030 1875
f 3044 3043 1880
f 1885 894 83
f 903 1891 88
f 3103 3108 3107
f 121 4868 4494
f 1935 3137 3136
f 3175 3182 141
f 4886 973 4972
f 976 3220 1995
f 1975 3212 978
f 3148 160 2292
f 3230 166 165
f 990 3238 1986
f 174 3242 997
f 3244 1990 3250
f 3292 2004 1019
f 3371 1031 1032
f 1783 1046 1045
f 218 3349 3546
f 3362 3361 1050
f 2069 1084 1077
f 4756 1081 1080
f 1100 3427 3428
f 3430 239 2075
f 4984 3434 3433
f 2085 4414 1614
f 257 2052 2051
f 3463 1101 1100
f 3471 254 1104
f 258 2107 2096
f 4760 2126 1133
f 1132 1134 4938
f 2140 3524 3526
f 274 3529 275
f 2140 285 2173
f 2098 281 1101
f 235 1078 1142
f 2159 2154 2158
f 3594 1177 315
f 3636 4762 4838
f 4685 4890 342
f 345 1219 3663
f 3693 2238 2237
f 354 356 1243
f 356 354 1244
f 1254 3719 2247
f 3867 3734 372
f 1283 3785 399
f 3808 2294 3814
f 1298 3833 1181
f 413 4926 417
f 1306 1305 2308
f 1350 2316 1311
f 1354 1322 3851
f 2329 2312 3843
f 1328 1330 2330
f 3856 1330 1329
f 1334 1326 3861
f 1333 434 3863
f 1545 1537 3873
f 3880 2233 4975
f 3830 2359 416
f 464 1364 3932
f 3936 2382 467
f 2142 3414 3996
f 1643 3995 3955
f 2433 4040 509
f 4069 4071 1420
f 527 4082 531
f 4095 4094 4093
f 1437 1436 4109
f 1455 549 550
f 4145 4149 551
f 1475 2481 2482
f 1510 4216 2516
f 4258 2542 1530
f 4266 1542 1533
f 1543 605 2543
f 2603 1560 2569
f 3221 4886 1561
f 4365 1587 4366
f 1587 4362 4982
f 2638 4387 1611
f 497 1388 1599
f 2620 2621 1601
f 4406 4402 2630
f 674 4415 4412
f 4739 4464 4450
f 1753 708 2678
f 4798 4519 2706
f 2706 4521 1655
f 4536 299 4537
f 4569 4571 740
f 1695 743 2740
f 4588 748 2749
f 4616 4611 2759
f 4631 4630 4628
f 2777 4634 2776
f 777 919 3110
f 4717 707 2680
f 4681 708 2681
f 784 4741 2
f 3 1 4802
f 1761 3 2804
f 2805 1760 4881
f 1761 4 784
f 5 2813 2807
f 2 2808 4913
f 2808 19 5
f 5 19 2813
f 2812 2814 2815
f 2816 785 802
f 1759 2816 805
f 1759 805 2847
f 3044 1880 2818
f 2818 2817 3044
f 2817 10 3044
f 2819 2820 872
f 4691 789 810
f 789 2819 1031
f 2821 1858 2820
f 2822 788 787
f 790 2824 2821
f 2827 2826 786
f 2827 792 791
f 2827 2845 792
f 2830 791 2828
f 2829 2833 1764
f 2833 2830 796
f 2832 2839 1765
f 2833 796 2840
f 2834 795 2828
f 2836 3025 2837
f 794 2837 12
f 2836 2838 3025
f 1870 1765 2839
f 798 2900 3045
f 2842 2900 798
f 13 2843 2841
f 800 792 2845
f 2847 14 2846
f 2855 15 2848
f 15 2855 802
f 1768 3937 18
f 1768 1769 29
f 1769 2853 29
f 1788 1767 833
f 804 2850 2849
f 805 1770 2847
f 2854 805 807
f 2856 806 2892
f 1771 1772 808
f 19 2859 2813
f 19 1773 2863
f 20 2863 1773
f 1774 200 2865
f 200 1774 2866
f 2868 2867 4691
f 810 1038 4691
f 2871 2869 2876
f 2871 812 20
f 1772 2858 1776
f 1777 2873 814
f 24 2875 1777
f 811 23 814
f 2891 1772 2890
f 1779 25 818
f 25 24 817
f 2877 23 2884
f 2881 2879 2884
f 2883 3323 214
f 2883 26 2882
f 2884 26 1780
f 2885 215 2881
f 2879 2888 815
f 24 1784 817
f 816 867 1784
f 2991 1779 818
f 2890 2878 2893
f 2878 2890 1772
f 28 2895 819
f 28 819 1934
f 1937 27 1935
f 2857 2856 3135
f 1786 2849 2847
f 39 2853 2898
f 2899 1789 29
f 2901 2853 39
f 1766 2383 2900
f 1789 2899 1802
f 1801 1733 2902
f 2796 1790 31
f 2796 823 822
f 2908 823 826
f 32 34 824
f 4917 32 2906
f 3109 1793 4748
f 1796 32 2908
f 2909 1798 1797
f 827 2916 1799
f 2904 33 30
f 1802 36 821
f 35 1806 1805
f 1803 37 2914
f 1799 2917 2922
f 1807 2922 2921
f 38 829 2920
f 920 1811 2919
f 38 2920 830
f 4940 2918 1812
f 1813 2921 2924
f 2925 2923 2917
f 1803 2928 834
f 836 2927 2926
f 2929 40 2927
f 41 836 1815
f 1814 42 1815
f 43 1836 2949
f 125 937 2929
f 839 838 1816
f 2925 1819 1818
f 57 2965 1813
f 2954 2931 4994
f 841 2933 1820
f 842 45 843
f 842 849 45
f 846 844 2935
f 1821 4941 47
f 1823 4941 1822
f 1823 2937 2938
f 1821 47 844
f 2939 2938 2937
f 2937 2941 1825
f 44 1939 2940
f 2938 42 4692
f 2935 2936 1826
f 1827 1830 46
f 847 2953 2934
f 849 2953 1839
f 1827 1829 1830
f 2942 2943 852
f 2947 2946 1832
f 1835 1826 4821
f 1834 48 1826
f 4743 1837 2949
f 3135 1837 2950
f 4801 2951 4882
f 2951 3135 4882
f 50 1938 124
f 51 4693 2955
f 487 52 2953
f 1839 53 849
f 849 848 1828
f 848 2954 4994
f 852 2959 1831
f 51 2955 857
f 1840 55 2960
f 1840 2958 55
f 56 1842 854
f 856 53 54
f 856 2962 53
f 2964 57 1813
f 2965 2967 4883
f 2967 57 2964
f 2964 2963 2967
f 2407 2960 855
f 1844 854 2970
f 2972 857 2955
f 2971 857 2972
f 2974 859 2971
f 1845 56 1844
f 3088 2974 2975
f 2976 2972 60
f 2975 2976 860
f 2976 60 2977
f 60 4693 1833
f 60 2955 4693
f 2984 861 2952
f 62 1846 2978
f 61 2979 860
f 909 2978 2980
f 2981 1852 2980
f 2984 4918 861
f 2984 2982 4918
f 63 1848 2985
f 2981 1850 1852
f 64 2992 2988
f 866 2992 65
f 865 1853 2992
f 817 868 2993
f 867 2995 2996
f 66 869 816
f 2994 869 1856
f 2996 871 1854
f 2996 1855 871
f 1856 869 916
f 26 2883 1780
f 1860 3049 3003
f 1859 3004 2999
f 12 1859 1857
f 69 877 71
f 71 3008 3009
f 878 3009 3008
f 3014 3013 879
f 75 3014 74
f 76 4964 3020
f 3010 1867 1866
f 3009 878 1867
f 3024 1869 1863
f 3005 12 2837
f 2838 3027 3025
f 1870 3026 3133
f 1872 3036 4745
f 3031 1873 3029
f 3066 1875 3032
f 3032 1877 3066
f 1877 890 3066
f 3036 3033 1874
f 3035 3036 3037
f 1878 3038 3037
f 3035 3038 3040
f 1878 1933 3039
f 3039 3040 3038
f 3040 2413 891
f 891 3981 1386
f 80 1386 4948
f 1879 3042 2775
f 3043 1774 2861
f 10 2866 3044
f 3026 892 3133
f 1883 3059 3048
f 1883 1891 3059
f 83 894 1884
f 3057 900 3056
f 1865 901 1887
f 903 3060 3059
f 3063 90 1882
f 3021 3061 901
f 1866 3062 1893
f 1866 902 3062
f 3061 3062 903
f 3064 90 4747
f 890 905 3066
f 3067 905 1896
f 1896 4642 3067
f 1898 907 3071
f 3072 1898 3071
f 92 3074 940
f 3076 3077 3069
f 3075 2973 3088
f 3079 3068 1897
f 2975 3087 3088
f 909 1905 910
f 3082 3080 1903
f 3085 3084 3083
f 911 3085 3086
f 911 3086 4946
f 3089 1907 127
f 938 1907 94
f 913 1941 3091
f 913 3160 1941
f 3161 913 1909
f 4946 3086 914
f 3081 3094 1904
f 3095 3094 871
f 1023 3094 3095
f 1856 916 1912
f 3146 1914 95
f 3750 2265 1914
f 3097 1915 58
f 1919 3098 917
f 96 830 3097
f 3096 917 58
f 97 920 1918
f 2919 1917 1918
f 1917 918 1918
f 918 1917 3101
f 3099 3106 3103
f 3103 3107 1920
f 107 3110 919
f 3112 3125 1924
f 1918 918 97
f 3126 3101 3114
f 3115 1921 4672
f 107 3117 921
f 108 110 3120
f 110 111 3121
f 110 3123 111
f 922 3120 3121
f 1922 926 4871
f 3124 1922 111
f 114 928 927
f 3125 116 1924
f 4750 101 4696
f 97 3126 101
f 3113 3127 3114
f 1925 4697 3127
f 3131 932 926
f 931 3131 4800
f 3128 1927 115
f 4920 4872 1928
f 1930 1928 3129
f 118 1931 3130
f 118 931 3128
f 119 931 118
f 1926 121 4494
f 933 4697 1932
f 1640 1932 925
f 3132 122 121
f 4864 935 887
f 3039 1933 3134
f 1935 1934 3137
f 4956 3137 3138
f 1938 4801 1937
f 936 937 125
f 1940 937 1939
f 3141 1816 1940
f 44 3141 1939
f 938 3093 3091
f 938 94 3093
f 126 939 3078
f 940 3074 1410
f 131 129 3150
f 943 129 1945
f 131 941 1945
f 3146 1944 942
f 3213 942 3149
f 3150 158 3149
f 3142 1947 3144
f 1949 3144 1947
f 1948 3151 133
f 945 3151 3144
f 133 3153 944
f 134 4698 132
f 946 148 944
f 946 3153 3154
f 3153 945 3155
f 1949 1950 135
f 1949 135 3155
f 947 3258 1901
f 3158 3157 1953
f 128 3158 1953
f 3159 948 1952
f 3160 948 3159
f 1960 949 3182
f 949 948 950
f 3164 3162 3165
f 3165 137 3164
f 138 3165 3163
f 3086 3168 3167
f 1954 3199 139
f 1956 3181 3171
f 3181 4947 139
f 1954 1955 3169
f 140 3178 951
f 3182 950 141
f 4947 3173 3176
f 3180 3179 4947
f 3180 3181 142
f 3184 3180 954
f 3179 3178 4947
f 4904 3186 145
f 956 955 145
f 1961 3186 144
f 3185 968 967
f 960 4958 3189
f 1962 3196 1963
f 3189 1963 960
f 1964 146 4958
f 3195 962 961
f 1965 3190 3191
f 4958 146 147
f 1004 3194 4885
f 136 4752 946
f 1972 962 3195
f 3195 970 1972
f 970 965 3197
f 1967 3197 3196
f 1958 1968 966
f 1969 1970 4831
f 153 152 953
f 1006 3262 3197
f 1973 1005 971
f 150 972 962
f 4914 4683 4955
f 4914 4955 1973
f 156 4972 973
f 155 4295 156
f 971 975 3205
f 4683 4914 3220
f 1966 972 3209
f 3209 3210 1966
f 3210 3209 1993
f 977 3210 978
f 978 3210 3218
f 130 3146 942
f 159 3214 3215
f 3216 1976 130
f 3253 3216 3215
f 3214 1001 3215
f 3217 3219 1977
f 161 3213 158
f 3220 980 1995
f 981 1979 3227
f 1980 1979 981
f 1980 3229 982
f 3229 1983 987
f 3230 987 1982
f 1982 987 1983
f 983 1983 981
f 983 984 1982
f 984 166 1982
f 167 986 165
f 984 983 985
f 983 3232 985
f 996 3232 1992
f 4993 986 1984
f 169 4993 3239
f 1985 987 3230
f 990 1981 987
f 982 3234 3235
f 3236 988 3237
f 990 988 1981
f 1985 4822 990
f 991 1986 3238
f 992 4822 169
f 992 169 993
f 992 1987 994
f 172 168 4804
f 995 172 170
f 1572 3239 1988
f 174 997 1990
f 997 3250 1990
f 998 3244 3247
f 3245 998 3247
f 3255 3246 1991
f 1000 3248 3247
f 3250 997 3249
f 164 3222 3252
f 3251 398 399
f 3251 399 3252
f 3252 399 2292
f 1992 177 4951
f 4951 177 1978
f 3255 1994 1995
f 1995 980 3256
f 3257 175 999
f 1003 3258 947
f 135 1899 3259
f 1899 3073 3259
f 4885 3193 1004
f 1004 3193 963
f 149 963 3193
f 3262 1006 3261
f 3265 4832 179
f 152 153 1008
f 3282 3200 1998
f 1010 3168 1910
f 1904 3094 1023
f 915 1997 1010
f 1997 3268 3267
f 3273 3267 3271
f 3269 3584 2182
f 3274 3275 3273
f 184 3278 1013
f 1013 3278 3280
f 1013 3280 183
f 1014 3286 1015
f 1014 3281 1999
f 3283 3280 3282
f 1009 3281 1014
f 1016 3288 3285
f 3285 3288 3284
f 2000 3265 3284
f 3288 1018 2000
f 2001 3287 185
f 4936 2002 186
f 1016 4936 3288
f 3293 3292 1020
f 1018 3294 2005
f 2009 3660 344
f 2009 186 3660
f 3298 1018 3296
f 3298 3296 2006
f 2011 1007 2012
f 2013 1021 2006
f 2013 3300 3301
f 189 188 3302
f 3299 189 3303
f 189 3304 3303
f 1022 2602 4367
f 3304 1019 3305
f 186 2008 2223
f 3306 190 1218
f 1024 995 173
f 2016 1026 191
f 191 2018 2017
f 2017 2020 3241
f 192 2017 2018
f 2020 192 2021
f 192 2019 3309
f 4921 199 194
f 199 3236 3308
f 3236 3237 1027
f 4833 1027 3237
f 2020 2024 168
f 4973 4887 3307
f 196 1028 3311
f 3311 1364 2022
f 1028 197 3932
f 197 2379 3932
f 3312 196 4805
f 1029 3313 196
f 1030 2379 197
f 2021 3309 3316
f 2021 3316 2024
f 2024 2025 195
f 2026 4753 3314
f 4753 3308 1027
f 3318 1030 3319
f 199 3308 4753
f 2023 4724 2026
f 1991 3248 3321
f 2027 3248 1000
f 201 3322 4909
f 2028 3325 3322
f 2869 2864 2870
f 1034 2029 3325
f 3326 2030 2040
f 1035 206 203
f 205 204 1039
f 203 206 212
f 2032 2031 3328
f 2032 205 3329
f 1038 2033 1037
f 2033 207 1039
f 1039 3333 3330
f 3331 3330 1040
f 810 1031 3334
f 3368 2038 2036
f 2038 3338 211
f 3341 3338 3339
f 212 1036 3343
f 212 213 3342
f 212 3343 213
f 3345 214 3323
f 4971 1045 216
f 215 4971 2042
f 1046 3346 4983
f 3350 216 1047
f 216 3350 3347
f 217 1048 1143
f 219 2149 2045
f 2046 2045 3352
f 3449 1093 4806
f 3353 1780 214
f 3355 3354 2031
f 208 3355 2031
f 3355 208 2039
f 3354 220 1043
f 2048 3356 1049
f 3356 2048 3357
f 3358 3359 2049
f 3359 3357 3446
f 3357 2048 2093
f 3363 3355 3362
f 3362 1050 3363
f 221 2050 2052
f 1050 222 2050
f 221 1051 3364
f 3365 3471 1104
f 3365 3341 3471
f 1052 3367 3366
f 1053 3340 3337
f 209 1055 3370
f 1055 2054 2053
f 1054 3369 2053
f 1056 223 2057
f 1057 1058 223
f 209 3372 224
f 3373 224 3374
f 3380 3373 3374
f 2055 3373 225
f 225 4684 2055
f 2060 1059 1058
f 1059 1063 1061
f 1063 3377 1061
f 3377 226 1061
f 1061 1060 2057
f 3460 1056 3375
f 3376 249 2097
f 3377 3378 226
f 1083 2059 3378
f 3384 3383 67
f 3374 3388 4755
f 3382 3387 3388
f 873 3001 3387
f 4684 3390 1066
f 1078 3413 2072
f 1064 1063 2060
f 3393 3392 1064
f 3393 3394 3395
f 3391 3394 3393
f 2071 3394 3413
f 227 3377 1063
f 3396 3433 227
f 2065 3404 1071
f 2071 1071 3404
f 3405 3407 2065
f 3406 3407 229
f 1077 233 3406
f 3405 1071 1073
f 2071 236 231
f 1073 1071 231
f 3410 3411 1073
f 1077 1084 233
f 2070 3410 231
f 235 2070 1078
f 3419 3418 3416
f 3419 238 3418
f 2076 3423 3422
f 3424 3422 2074
f 2076 2077 3425
f 3424 2077 2076
f 2079 2074 2078
f 2075 2079 2078
f 3430 2075 3429
f 3427 2075 3428
f 2080 3430 3429
f 3431 2080 3429
f 1088 1082 2082
f 3436 1088 2082
f 2082 1083 3432
f 3571 241 240
f 240 2084 3436
f 2084 3435 3437
f 242 3435 2085
f 3439 244 4419
f 2088 3437 1087
f 245 1082 1088
f 1088 3441 245
f 1089 2088 2090
f 3440 2088 1089
f 3443 3441 2089
f 1089 2090 1090
f 3438 3426 2086
f 3445 3444 2091
f 3447 3360 2049
f 4866 3448 2092
f 4866 3360 3449
f 3448 3445 2092
f 3449 4806 1782
f 1093 3447 2046
f 3446 2094 3451
f 3453 1096 247
f 247 1096 3452
f 3451 247 1095
f 1095 3452 2150
f 3452 3539 2150
f 3454 3480 3455
f 258 248 3479
f 3468 3470 3471
f 2103 3467 3367
f 3461 2097 249
f 249 2100 3461
f 3376 3429 250
f 249 2099 2100
f 3459 1099 4888
f 2101 3465 1099
f 3514 252 1128
f 253 3467 2103
f 4980 4758 1126
f 4758 4980 3470
f 3474 254 3470
f 255 3472 3473
f 254 1102 256
f 248 1106 3479
f 3475 4759 3478
f 3455 1107 2106
f 3478 3482 3479
f 3482 3489 2108
f 1107 1108 3483
f 2152 1107 3483
f 2107 3481 3486
f 3484 3485 286
f 3486 1109 3487
f 2105 3490 4759
f 2104 3477 3495
f 1105 1111 260
f 1098 1105 3457
f 2109 3473 2110
f 2110 2112 3493
f 2111 2110 3473
f 3492 265 2111
f 3493 267 3497
f 3497 262 3496
f 3498 263 2122
f 3497 267 3499
f 255 2127 3472
f 3503 264 265
f 265 264 1113
f 269 3501 2117
f 267 4835 3499
f 3487 1116 1115
f 4218 582 268
f 268 2122 2567
f 2117 3501 2118
f 2118 270 2117
f 270 2120 1118
f 2117 270 1118
f 2119 2120 270
f 3505 3507 3503
f 264 3503 2119
f 3504 272 3505
f 3508 2120 3506
f 2121 3502 3509
f 4835 1119 273
f 1114 3499 273
f 2122 1114 273
f 275 2124 274
f 3511 1121 2125
f 1119 2121 3511
f 3527 4922 272
f 278 2126 4760
f 1127 2102 3337
f 1127 3337 3466
f 2128 1129 2129
f 1129 2128 1133
f 276 1132 4938
f 1130 2130 276
f 2131 277 2132
f 1137 3516 1134
f 1134 3516 4938
f 2099 1135 279
f 1136 1135 3464
f 3464 281 1138
f 279 1136 4875
f 2100 279 4757
f 279 3522 4757
f 1132 2133 1134
f 3521 278 2135
f 3513 3521 4809
f 1137 2136 1139
f 4875 4889 279
f 281 2141 1138
f 2141 2136 1138
f 4809 3520 2692
f 2138 3527 3504
f 2522 3527 2138
f 3528 4922 3527
f 4922 3529 274
f 3529 4222 1514
f 283 2125 4810
f 4274 2140 2173
f 280 717 3523
f 3416 3417 3535
f 3414 3420 3535
f 3420 3534 3421
f 3535 2641 4422
f 2143 251 3462
f 2142 3462 3534
f 2043 4915 4836
f 1143 3542 3545
f 1048 3538 2148
f 2150 2151 1144
f 2153 2152 3483
f 286 2153 3483
f 286 3488 1145
f 1146 2155 2156
f 2151 1146 2156
f 3540 1149 2157
f 3541 2159 3540
f 1148 2154 287
f 287 288 1148
f 3543 3544 2158
f 1149 289 2162
f 3547 4915 290
f 4915 3586 313
f 1150 292 2163
f 292 3550 1153
f 2162 3549 2164
f 3549 295 2164
f 2186 3552 2167
f 1153 3552 2166
f 2168 1156 2167
f 294 2168 295
f 3553 2169 1147
f 2170 3557 3554
f 3553 3557 3556
f 2171 297 3556
f 2171 1157 2172
f 1155 2168 2169
f 3589 2172 1157
f 285 3558 3559
f 2173 285 3559
f 1159 3560 3559
f 299 300 2225
f 300 3566 2175
f 1620 3423 2176
f 3569 2176 3426
f 302 3570 1163
f 3573 303 3403
f 2182 312 3276
f 2184 3602 3585
f 3601 3585 3602
f 313 2184 2145
f 2166 2186 2189
f 3590 322 316
f 1173 2188 1174
f 1175 1174 2193
f 2193 2188 319
f 3803 320 3598
f 320 321 3599
f 322 3599 404
f 2190 3604 4996
f 1175 2193 2192
f 2191 1175 2192
f 3594 315 3595
f 323 2191 324
f 324 3610 3609
f 1183 4996 3604
f 3604 3607 1183
f 2190 326 3604
f 1182 326 3834
f 1183 3607 1196
f 3610 1185 3609
f 2195 3609 2196
f 2196 4726 2195
f 1180 2197 3612
f 4726 3611 1186
f 2198 3614 1186
f 2200 2202 2195
f 3620 3618 2202
f 3603 323 3618
f 3617 4727 2205
f 3621 2207 3622
f 4701 3622 3624
f 3625 1192 3613
f 3654 1217 3625
f 3625 2218 339
f 1195 2199 3627
f 1194 1193 3626
f 3626 328 1194
f 331 2209 2211
f 327 1196 2210
f 3607 3631 1196
f 1196 3631 2210
f 3606 2212 3631
f 2212 1307 3632
f 3633 3632 2310
f 2214 4837 4762
f 2214 4846 4837
f 3635 4837 1310
f 3635 1310 1308
f 2211 3634 3636
f 2211 3636 330
f 3841 3637 330
f 1203 3639 1202
f 3640 1202 2216
f 1203 332 3641
f 1202 3639 1206
f 3644 3643 3645
f 336 3646 2217
f 1207 338 335
f 2217 3647 1207
f 3650 1210 3647
f 2201 3651 3652
f 341 4811 4763
f 340 3654 3648
f 339 3649 3654
f 3656 1213 2220
f 3656 2220 4347
f 3293 3658 1215
f 4685 1214 2221
f 3659 344 1216
f 1217 3654 3653
f 3568 2224 1160
f 4761 3662 3663
f 3664 4103 1433
f 3664 2226 4103
f 2226 4101 4103
f 1220 1221 3664
f 3668 3669 3667
f 1439 4028 4029
f 2227 1439 4029
f 2116 3555 3554
f 4272 2551 3804
f 4764 3804 347
f 1157 2230 2293
f 1225 2552 4271
f 1225 405 4840
f 346 2231 4101
f 349 3870 3675
f 1230 3669 1222
f 3680 3678 3679
f 3679 3678 3677
f 2236 3679 3677
f 3676 2232 1232
f 4977 2233 3879
f 2233 4812 4975
f 3691 4975 4812
f 3686 3687 3689
f 3687 1238 3689
f 351 3687 3686
f 3686 2234 351
f 352 1236 3690
f 3695 3694 3881
f 1241 3694 1242
f 4570 394 737
f 1244 1246 356
f 1246 1247 1245
f 357 1247 358
f 1249 1244 4842
f 1251 3703 3700
f 3703 2244 3704
f 3707 3708 3704
f 3708 4937 4924
f 3711 2251 2245
f 1456 3712 3711
f 2250 2246 1254
f 4985 3714 3715
f 3713 3672 3714
f 3719 3718 3070
f 3720 1254 363
f 3720 4953 1254
f 2249 4953 3720
f 2250 3711 3713
f 2250 364 2251
f 3721 1255 364
f 3745 1256 1255
f 386 4967 2275
f 3723 3726 2253
f 384 4152 2253
f 3723 4858 1261
f 3728 369 4823
f 1265 1264 2475
f 369 3729 2258
f 369 2258 3730
f 371 2254 4858
f 4767 3731 1261
f 2254 371 381
f 2256 2254 381
f 2256 3733 2254
f 3733 374 373
f 382 3734 375
f 3735 2257 2258
f 3729 3740 377
f 2259 376 3739
f 2266 1263 376
f 2261 377 2260
f 370 3735 2258
f 3735 370 2261
f 3740 3729 3741
f 3744 3721 1266
f 3753 2264 396
f 3748 2248 378
f 378 95 1913
f 3752 396 3784
f 1267 2263 1266
f 380 3747 2263
f 2267 3735 3736
f 1269 3735 1559
f 1269 630 1268
f 1271 374 2269
f 374 1271 2255
f 1259 1262 384
f 2271 384 2270
f 2272 368 1275
f 3756 3724 1258
f 4843 385 3724
f 3724 385 2273
f 3758 3759 386
f 387 3761 1463
f 387 2476 3761
f 4728 2476 387
f 387 3774 4728
f 388 3774 387
f 1272 388 2274
f 3760 3762 4891
f 3773 1273 3762
f 4967 2278 2275
f 2276 3772 3757
f 385 2276 3757
f 3765 3771 3767
f 3769 2277 390
f 1274 2272 1275
f 391 3768 3770
f 392 3768 391
f 3771 3900 2276
f 1277 3774 2343
f 4728 1277 2280
f 4728 2280 2281
f 1241 2280 393
f 1241 3777 2280
f 3694 394 1242
f 3706 4815 3779
f 4177 3709 3710
f 2573 2268 2284
f 3754 380 2282
f 1267 3753 1278
f 396 3752 1278
f 1279 2282 3786
f 1279 3786 3793
f 3790 3789 2282
f 2268 3787 2284
f 3790 1279 3793
f 1280 3790 3791
f 3792 3793 3752
f 3795 3791 3794
f 1282 1281 3795
f 3784 3785 1283
f 1281 2289 3795
f 2287 3791 2286
f 3787 1280 3796
f 3797 4309 3788
f 1280 457 3796
f 397 4892 2575
f 2287 3798 457
f 1285 400 3801
f 3794 2285 1282
f 3800 2285 398
f 399 398 1283
f 401 3801 1287
f 2289 3915 3799
f 1288 2361 401
f 3224 1287 3225
f 3223 1286 3226
f 1290 1288 2290
f 4921 989 1289
f 1288 2291 3802
f 3805 402 3806
f 3806 402 403
f 403 4840 2294
f 3808 3806 403
f 406 3815 2294
f 3811 2295 407
f 412 407 408
f 2296 2295 1291
f 2296 3813 408
f 3809 2297 3812
f 1292 409 3812
f 3817 2340 3818
f 1294 3818 441
f 410 3819 411
f 4813 3820 3821
f 409 1296 2303
f 3827 3826 3828
f 2299 413 2302
f 4768 3829 1299
f 415 1341 414
f 418 2303 2299
f 2304 2305 419
f 1302 1303 3833
f 3828 419 3835
f 3836 2306 1304
f 2306 2307 1304
f 2307 2306 1305
f 2305 2309 1306
f 420 2309 3837
f 1307 2310 3632
f 3838 1311 2314
f 1200 3841 2311
f 2311 2312 3842
f 3840 1309 2328
f 1309 1310 4770
f 2315 1350 2309
f 423 1312 3846
f 424 1314 3903
f 3845 2317 3846
f 2313 422 421
f 421 2319 1316
f 2319 3849 2320
f 2320 3849 1317
f 3849 425 427
f 2321 1318 427
f 2321 430 1318
f 1318 2324 1323
f 429 2324 430
f 429 3851 1320
f 1319 3851 429
f 3850 1323 431
f 1324 431 3854
f 391 3770 3854
f 3770 2326 3854
f 2332 1317 1325
f 426 3857 432
f 3842 2329 1327
f 1327 1331 3842
f 3855 1200 3842
f 3855 3842 1331
f 3843 2330 3856
f 1334 432 3857
f 1329 3858 1327
f 1329 1330 3858
f 1332 1330 1328
f 1327 3858 2331
f 1332 433 1334
f 3848 3859 1326
f 2332 2326 435
f 2334 1333 2333
f 1334 437 1335
f 3865 3864 1208
f 3866 439 436
f 1338 436 3860
f 1338 3860 1271
f 1276 2255 1337
f 383 2338 1271
f 436 1338 3866
f 439 1339 2337
f 383 1339 3866
f 440 382 375
f 1270 3867 4333
f 3867 1268 4334
f 1226 4960 2340
f 4960 3818 2340
f 1295 1227 3674
f 4960 1227 1295
f 3868 1340 3683
f 2341 443 1340
f 1228 3872 2341
f 1228 1545 3872
f 3871 3872 3873
f 1537 3874 3873
f 3874 3875 3870
f 3874 3870 3871
f 3870 3875 3675
f 2231 3876 1537
f 3819 1234 2342
f 3685 2342 1234
f 445 2347 2358
f 3776 447 446
f 4975 1344 3880
f 2347 2346 1346
f 1348 3877 3882
f 3893 4986 1347
f 1322 3901 3885
f 3886 3885 449
f 3853 3852 3887
f 450 3900 3766
f 3889 3766 3887
f 452 451 2349
f 3895 2351 4772
f 2350 2351 3895
f 3896 2351 2353
f 446 447 2353
f 3897 1344 2352
f 3897 2352 3894
f 3897 455 3884
f 3882 3884 455
f 3898 3883 455
f 3896 447 3773
f 3899 3763 454
f 453 3900 3888
f 3888 1349 453
f 2355 2356 1350
f 4926 3832 2355
f 4926 3831 3832
f 3845 2356 3903
f 3902 2356 2354
f 1351 1353 2354
f 3906 3904 3903
f 1352 1321 3905
f 2357 1319 1352
f 3906 3907 3904
f 2357 3907 4974
f 1322 1354 1346
f 2358 2359 3878
f 1359 456 4787
f 2286 1284 3912
f 3911 3798 1356
f 2367 3913 3914
f 2365 2364 3929
f 3917 4730 2368
f 2368 460 3918
f 460 2368 1362
f 3921 2370 4382
f 3922 3924 2372
f 3925 1361 2369
f 3913 2367 2373
f 3919 3913 3934
f 4382 2371 1596
f 2366 3929 2376
f 2291 1357 3802
f 1365 1366 2374
f 1365 2376 3933
f 3933 2379 1365
f 3934 2373 3926
f 2277 2325 3853
f 1367 3938 3935
f 2380 3935 2381
f 1789 466 3938
f 465 1371 4703
f 4703 2382 3936
f 467 2421 2383
f 1371 469 2382
f 469 468 2382
f 1372 1371 1373
f 3940 2384 466
f 2384 1373 466
f 1733 2384 2902
f 3941 470 469
f 470 472 3943
f 472 470 471
f 3947 3943 472
f 468 3943 3939
f 3942 3947 472
f 4968 473 3942
f 3946 3956 3949
f 3950 3945 474
f 474 2386 3951
f 4704 477 3954
f 3998 3954 4731
f 2389 4731 2390
f 2389 3955 1393
f 475 2393 1375
f 500 2392 2701
f 2396 2393 3956
f 3959 480 3948
f 481 2394 3960
f 1378 482 2395
f 2397 2393 2396
f 4894 4705 1379
f 2399 3961 2398
f 2401 2399 2398
f 2410 2395 486
f 3964 1380 484
f 501 3962 485
f 484 4021 3964
f 1382 2409 3965
f 1383 2402 853
f 2402 4773 855
f 2959 2403 1831
f 2406 2405 2961
f 2961 1385 2406
f 2407 2408 1385
f 4773 3974 2407
f 3973 3968 3974
f 3969 2408 3972
f 3973 3972 3968
f 3969 491 490
f 1384 3970 4456
f 486 3971 2410
f 59 3976 1383
f 1386 3981 3980
f 3980 3989 3979
f 3982 3983 1387
f 3978 4998 494
f 4001 4004 2415
f 4998 496 3986
f 1387 3987 3988
f 2621 1600 1389
f 4732 498 3991
f 4732 3414 498
f 3996 3414 4732
f 2417 4867 1416
f 2537 2418 3993
f 3533 3995 1391
f 3533 1393 3995
f 1393 1392 2420
f 3999 1394 4005
f 3953 4005 1394
f 4004 4001 4000
f 3998 3997 1395
f 3997 1396 4006
f 3985 2422 4007
f 1396 2142 4006
f 4009 4500 1643
f 1397 3961 1398
f 1381 502 4012
f 2427 1390 4012
f 503 2425 4020
f 4020 4019 503
f 4012 4020 2425
f 4023 4022 4095
f 508 4814 1541
f 4030 4029 4031
f 507 3716 2228
f 4814 508 2432
f 4040 4860 509
f 1405 1404 4911
f 4036 4035 504
f 2434 2411 4037
f 4036 1404 4040
f 2437 1404 2436
f 2437 4042 1404
f 4911 1407 1406
f 1408 2442 1411
f 2438 2439 4039
f 1409 4949 4046
f 2442 4090 1411
f 4045 4089 2440
f 940 1900 4088
f 512 2443 4051
f 1413 2445 2443
f 2445 1413 514
f 4051 4927 2446
f 1415 4053 513
f 2446 515 2704
f 515 517 516
f 518 4058 1419
f 4987 4059 517
f 4515 4059 2705
f 4060 2705 1420
f 4061 1421 1420
f 4069 1420 519
f 2449 4062 520
f 4064 4987 4063
f 1423 4064 521
f 1422 521 4064
f 521 4065 1426
f 4988 523 522
f 4066 524 1427
f 4067 4074 4068
f 1427 4072 4067
f 4072 1427 2450
f 4077 4076 4073
f 2452 4077 4073
f 4077 4078 526
f 526 1429 4077
f 4077 1429 4076
f 4078 527 531
f 2453 4080 4079
f 4082 1430 531
f 1432 4877 530
f 4085 4058 533
f 4087 4085 533
f 2456 2455 4085
f 4087 2456 4085
f 2411 1400 4091
f 2448 2559 4097
f 2559 4098 4097
f 539 4103 536
f 1435 539 1434
f 2459 3665 1433
f 2226 346 4101
f 2458 2243 3665
f 4109 1436 4108
f 541 4109 4108
f 1447 4110 2460
f 4111 1437 4109
f 4117 4113 1438
f 4114 1439 2461
f 2461 1441 4115
f 543 1441 2461
f 4116 1441 4119
f 1442 544 1437
f 1437 544 4124
f 4976 543 4120
f 360 2243 2458
f 2463 1447 4706
f 544 4125 2463
f 4943 545 4119
f 2465 545 4943
f 1448 4943 4118
f 2465 1449 545
f 2467 4128 4989
f 4135 1449 2465
f 1449 1451 4129
f 2477 548 546
f 4131 4132 1453
f 547 2244 3705
f 547 4907 4133
f 547 1252 2244
f 4134 1454 4133
f 1470 4687 4162
f 4148 4130 4129
f 1451 2469 1461
f 2469 1451 1449
f 1455 4138 1448
f 2474 2470 1457
f 1459 4145 4144
f 4775 1461 4153
f 4147 4910 1273
f 1258 4151 3725
f 367 552 1460
f 4146 4152 1460
f 553 4153 2281
f 1465 4157 4928
f 4155 554 4156
f 4154 1466 1465
f 4158 1469 2477
f 4159 1469 4161
f 4160 1468 1469
f 2478 1467 4167
f 548 4896 4131
f 4162 4164 1473
f 1472 4163 1454
f 2504 4167 1692
f 1476 557 1504
f 4164 2480 1473
f 1474 1473 2481
f 2481 2480 1476
f 4170 4172 395
f 4170 4169 4171
f 4172 4170 1477
f 2487 2486 1253
f 2484 1248 2486
f 3702 4777 1480
f 4176 3781 4175
f 561 559 4178
f 1479 2489 1481
f 2488 2496 4180
f 4180 4181 2488
f 4176 4181 2492
f 2492 2737 4176
f 563 4185 4182
f 4121 2494 1484
f 2493 4204 1693
f 2494 2503 1484
f 2494 4121 4897
f 4184 4897 4121
f 4186 4185 2495
f 1485 4186 1483
f 1485 4185 4186
f 4188 565 1487
f 1488 1487 566
f 4778 4184 4188
f 4188 1488 1489
f 1494 2490 4190
f 1494 4190 561
f 1477 2497 4191
f 2497 2483 567
f 568 567 2483
f 569 2498 558
f 1498 570 1501
f 4779 4194 4196
f 574 2501 4194
f 2499 573 1499
f 1499 4207 4198
f 4849 1500 574
f 4197 2500 4849
f 4211 2499 4929
f 575 1501 1500
f 1501 2502 1498
f 2517 2500 4197
f 2502 4189 1498
f 1508 577 2514
f 1505 4173 1504
f 4210 4929 2509
f 1506 4208 580
f 4214 2511 4211
f 1509 4214 4211
f 2512 4213 4734
f 4213 2513 1509
f 4209 581 4734
f 2513 2515 1510
f 2518 2519 4216
f 4203 4601 1503
f 1116 583 1115
f 583 2520 1511
f 609 4781 4862
f 1511 4221 583
f 4220 4218 268
f 1513 586 1519
f 2529 4223 1519
f 2523 1514 4223
f 275 584 1141
f 4223 1515 2523
f 585 1515 2529
f 2530 1515 1516
f 1516 585 2525
f 1523 2526 4226
f 1524 4224 1517
f 586 4878 1518
f 4810 4981 2531
f 4981 4227 2531
f 4231 588 587
f 1520 4232 2531
f 602 4230 4708
f 4227 2530 1520
f 1520 2530 4233
f 591 4233 2526
f 2427 593 3993
f 1526 2535 2534
f 4241 4234 1527
f 1526 2424 1527
f 2425 593 2427
f 594 2424 4017
f 4236 4238 4708
f 4238 601 4708
f 4239 4238 4236
f 1530 598 4240
f 2538 4240 597
f 597 4235 2538
f 2538 4242 4264
f 4237 4241 595
f 595 4025 599
f 4264 2549 2538
f 2549 600 4240
f 596 4244 602
f 4244 5001 603
f 4245 1532 2540
f 4266 2540 4898
f 4898 5001 1534
f 4249 4247 1531
f 1534 4247 4709
f 4249 2541 4250
f 4258 1530 600
f 1536 2544 4269
f 606 605 4255
f 4257 1537 1545
f 608 541 2548
f 1538 2547 2549
f 4261 1538 2549
f 1541 2548 4261
f 2550 4033 4028
f 4262 4114 4115
f 1439 4114 2550
f 610 1544 4267
f 4270 2552 4254
f 4254 4268 4270
f 2544 611 4269
f 611 606 4255
f 4257 4269 611
f 1226 4268 1227
f 612 1544 348
f 613 1542 4273
f 1158 2553 614
f 4878 4275 615
f 4277 2554 1546
f 1549 1547 4279
f 1548 1550 2561
f 2557 616 2556
f 2556 2560 4281
f 4281 4710 4816
f 2224 2553 3562
f 3994 4710 2559
f 4282 1552 532
f 4290 4282 4877
f 1555 621 4285
f 1553 1555 4285
f 3567 1553 1161
f 4899 4290 1432
f 2563 624 1555
f 4899 2564 4290
f 4083 625 2564
f 4291 4826 625
f 4289 4291 1425
f 4289 2565 4293
f 626 623 4293
f 2561 4735 4280
f 4220 2567 1556
f 1557 3530 4294
f 4246 627 4245
f 4246 1556 627
f 603 1532 2568
f 628 4294 2533
f 4230 2568 2533
f 1558 2573 4310
f 2591 1558 4371
f 4818 4295 155
f 4818 4368 4296
f 2603 2569 4912
f 4931 4299 2569
f 4295 4912 4299
f 156 652 4972
f 4373 2570 1561
f 4300 4301 1562
f 4373 2571 2570
f 1563 1589 4300
f 2607 4301 4300
f 2607 1568 4301
f 4305 1569 4307
f 635 1569 4305
f 635 4305 1568
f 4310 4309 635
f 397 1571 1569
f 4311 4307 1571
f 2579 1572 1988
f 2578 637 1575
f 4317 4321 4319
f 4319 4321 1575
f 1566 2578 1567
f 4317 2580 4321
f 1208 3864 4323
f 4323 4329 4944
f 4324 2583 4326
f 2585 375 1270
f 1576 440 2585
f 1583 2586 641
f 1578 642 4328
f 4337 2587 2594
f 4337 1580 2587
f 1583 4344 4327
f 1583 2588 4330
f 2585 1270 4332
f 2589 2590 4333
f 2590 2589 4335
f 644 4334 1581
f 642 4337 1579
f 1579 4339 1582
f 4944 4338 1582
f 4339 3644 1582
f 4337 4340 2592
f 4342 4811 4343
f 4341 2592 4346
f 4346 4340 4344
f 4346 4344 4345
f 4346 4789 2593
f 645 4345 1583
f 645 1583 4330
f 4347 4348 3656
f 2595 4349 4348
f 2595 645 4349
f 645 646 4349
f 4331 643 4351
f 1584 1585 648
f 4352 647 648
f 4357 650 2597
f 4356 4354 4365
f 4361 649 2596
f 4352 4359 2599
f 4358 2599 4363
f 4362 4363 4360
f 4362 2601 4363
f 4364 4361 4363
f 1587 2601 4362
f 4982 4366 1587
f 4362 3208 4982
f 1586 631 4370
f 4990 2605 2606
f 4371 636 2591
f 1588 2607 651
f 4373 4931 1563
f 4377 4379 2612
f 4379 1360 2614
f 1360 2370 2614
f 4379 461 1360
f 1592 2615 4377
f 2615 1592 3918
f 4378 2613 4380
f 655 1594 1593
f 4792 4381 4384
f 1595 4385 2616
f 1024 4385 2015
f 1594 4382 1596
f 2617 1594 1596
f 4819 2752 1597
f 2652 656 4437
f 2619 2622 4645
f 4388 1599 2619
f 4390 4793 2416
f 2621 4793 1601
f 2619 2620 1601
f 2622 657 4389
f 4645 1602 2623
f 1603 659 2623
f 4392 660 2624
f 2624 2625 4393
f 2625 2624 4395
f 660 2630 661
f 669 4397 661
f 4400 4401 668
f 4402 4401 4400
f 669 2630 4402
f 669 4402 4400
f 4406 4401 4402
f 2630 2632 4406
f 2632 660 4738
f 4738 660 2633
f 4392 2633 660
f 1607 2633 4795
f 1607 4404 2633
f 4408 2631 4403
f 4432 4407 670
f 4442 3438 4409
f 4411 1608 4795
f 671 1609 1610
f 673 2636 1610
f 2637 1606 1608
f 1620 4963 4820
f 237 4820 4963
f 1086 1085 2618
f 4416 674 4714
f 674 4416 4415
f 4413 1612 4412
f 4415 4413 4412
f 1612 4413 675
f 1612 2638 1611
f 675 4413 1613
f 2639 4419 1614
f 4418 4419 2640
f 4409 3439 4418
f 4421 4420 4391
f 4432 4431 2652
f 4435 4433 4434
f 4435 4434 687
f 5002 687 2653
f 684 685 4439
f 4441 4436 2658
f 3438 4442 3569
f 4443 4442 4410
f 1620 4443 4916
f 3942 471 1621
f 4446 4968 3942
f 1621 4446 3942
f 4446 1621 694
f 4447 3958 4968
f 2661 4447 695
f 4445 693 1622
f 4459 2662 1625
f 1622 2662 4457
f 4458 2661 695
f 1624 1625 2661
f 695 4447 4968
f 4446 695 4968
f 4458 4449 4450
f 2677 2676 4661
f 2666 4451 54
f 4453 4452 4454
f 4453 2673 2969
f 2666 4455 4451
f 3967 699 4455
f 3967 1384 4456
f 4457 2668 2667
f 1382 4457 4456
f 4450 2672 4458
f 2670 4460 4459
f 4461 2670 2669
f 4461 4460 2670
f 4464 1631 2671
f 4462 2671 4471
f 698 1626 2673
f 1626 4715 2673
f 2969 2673 4995
f 2673 1627 4995
f 3096 4467 1916
f 1627 4467 3096
f 4467 4468 1916
f 4467 1628 4468
f 4465 4470 1628
f 4468 4470 4716
f 3104 3105 3106
f 2677 4476 2676
f 1632 4480 4474
f 4473 706 4491
f 2678 4481 2679
f 704 4486 2679
f 4475 4853 704
f 4486 4853 1743
f 704 4853 4486
f 2682 2684 2683
f 709 4487 4489
f 1630 1638 713
f 2687 4492 710
f 1634 710 714
f 1634 1636 2687
f 2688 1636 4493
f 712 2688 711
f 1639 712 2690
f 711 2690 712
f 2690 711 4868
f 2690 122 934
f 1641 3526 282
f 1641 282 3525
f 715 3525 2692
f 4498 4497 2693
f 1643 1139 1391
f 4498 1642 4496
f 4498 4501 1642
f 4501 4498 2696
f 2694 4498 2693
f 2696 2694 4503
f 2696 2698 4501
f 1644 2697 2698
f 2699 2695 4504
f 500 2699 4504
f 500 2701 2699
f 718 2701 2700
f 4510 2700 719
f 4050 1645 719
f 4507 1159 3558
f 1646 4508 2702
f 1644 4510 1412
f 4509 2703 2702
f 2703 722 1646
f 4509 721 2703
f 1650 721 4509
f 4508 1646 2716
f 4508 4718 4506
f 1649 1648 721
f 516 2704 515
f 2704 4514 4869
f 4869 4514 1652
f 2718 1651 4511
f 4511 1652 2718
f 4517 4514 4515
f 1652 4517 4689
f 4526 1681 723
f 4526 723 4060
f 4523 4518 4070
f 4798 4071 4069
f 4071 4798 2706
f 4520 727 724
f 1655 4740 725
f 724 2706 1655
f 726 4521 4519
f 726 4523 1654
f 1655 1654 4740
f 1681 4526 2707
f 1657 728 1658
f 2708 1656 4528
f 4527 2709 4528
f 2708 4528 4529
f 4528 2709 4529
f 729 4529 4530
f 730 4532 4531
f 2710 1662 1663
f 1431 618 1663
f 1665 2713 4861
f 1668 4861 2713
f 1670 1667 1668
f 4544 1669 731
f 1670 1668 2711
f 2711 2713 4537
f 2717 1651 2718
f 2718 1671 2717
f 2719 3564 4539
f 4539 732 2719
f 1672 732 4539
f 1671 732 1672
f 732 1671 1673
f 1677 1673 2720
f 732 1673 4542
f 4945 1219 345
f 1675 4542 4546
f 1660 4547 1679
f 4545 4540 1678
f 4540 4689 1678
f 1680 4689 2724
f 2724 4689 4517
f 1679 2724 734
f 729 1679 734
f 2707 4855 1681
f 2240 2725 4548
f 4549 4905 1685
f 4550 4552 2726
f 4578 2726 4551
f 2738 4555 2727
f 2738 2727 1688
f 4556 1687 355
f 738 4556 355
f 4561 4557 738
f 4556 738 4557
f 1688 1690 4576
f 1690 1689 4558
f 2729 4576 2728
f 1689 1691 4558
f 4558 1691 4559
f 563 4560 4562
f 2730 4562 738
f 4775 739 4568
f 553 739 4775
f 553 3778 739
f 4571 4154 740
f 554 4571 4572
f 1467 1692 4167
f 358 359 3781
f 2730 4575 4562
f 563 4562 4575
f 4593 1688 4576
f 4593 4576 742
f 2726 4552 4577
f 2726 4577 4856
f 2739 4581 4579
f 2740 1699 1695
f 1697 1683 1696
f 1694 4582 1683
f 744 743 1697
f 744 1697 1696
f 1696 4582 1703
f 743 744 1698
f 1698 1701 2740
f 2740 4583 1699
f 745 4574 4585
f 2742 745 4585
f 2742 4585 746
f 4589 746 4584
f 4719 4588 4587
f 4587 4588 747
f 578 4587 747
f 747 1700 4203
f 4583 4590 2743
f 4597 749 1698
f 4597 1698 744
f 1703 4597 744
f 4593 742 2744
f 751 4595 4594
f 2746 2745 4595
f 1703 4598 4591
f 4591 4598 2747
f 4599 4600 1701
f 1701 4600 4583
f 4600 2748 4590
f 2749 748 2748
f 1702 4601 4206
f 4857 2750 4603
f 4603 2750 1704
f 2751 4857 4603
f 1705 4605 4603
f 4934 4602 4606
f 4610 1705 4934
f 4620 2761 4605
f 2761 2751 4605
f 2753 752 4620
f 753 4607 4608
f 4608 4607 1707
f 1709 4720 4614
f 4615 1709 4614
f 4627 1710 4720
f 2774 4627 1709
f 4611 4934 4606
f 4617 4615 4614
f 4616 755 2756
f 755 4616 2758
f 3047 2760 2144
f 4619 2758 2760
f 82 3064 2769
f 2769 2770 4619
f 4950 2767 4863
f 4919 2767 4618
f 2766 4919 904
f 753 4620 4607
f 4799 2762 1710
f 1712 2762 4799
f 753 757 1711
f 1711 690 756
f 1711 4622 2657
f 1712 757 4626
f 4625 1713 2792
f 4632 2765 758
f 2768 758 4799
f 4629 2766 1714
f 759 2773 760
f 4722 761 2769
f 761 2770 2769
f 2774 4615 761
f 2767 2772 4863
f 2772 2767 1715
f 2771 2774 761
f 4640 762 767
f 2775 1717 762
f 4633 3979 1717
f 2776 3987 4388
f 1599 4388 497
f 4644 2777 1718
f 763 4992 1722
f 4638 2778 4637
f 764 2782 770
f 905 4640 1896
f 767 4641 4640
f 1896 1732 4642
f 762 2780 767
f 1717 2781 4643
f 2780 4643 768
f 2781 1723 4643
f 4645 658 4644
f 4644 658 770
f 770 769 4644
f 768 769 2791
f 2784 4653 2791
f 2784 769 2782
f 4653 1724 2791
f 4654 4651 2792
f 1724 4653 4652
f 4656 4653 4651
f 4632 4657 4655
f 2903 1734 1733
f 1735 697 2663
f 2794 4796 697
f 697 1735 2793
f 4659 4660 2793
f 4662 1736 4660
f 2794 1736 4661
f 2795 2677 4661
f 2796 31 2797
f 2797 31 4666
f 2799 4665 2798
f 777 3111 919
f 4665 777 4667
f 4668 4667 777
f 1741 4672 4673
f 1741 4667 2800
f 102 4672 4671
f 4486 1743 1745
f 1921 1744 4674
f 1744 4675 779
f 781 1752 780
f 781 4676 778
f 1752 782 2803
f 4677 109 1747
f 4903 1747 109
f 4717 2680 112
f 1746 1747 4903
f 1747 2802 4677
f 4677 1751 4935
f 1750 783 2802
f 1751 4679 4935
f 1751 4678 4679
f 783 4680 4678
f 1752 2803 2681
f 2810 1756 2809
f 2847 801 1759
f 2819 2061 1032
f 2818 787 788
f 790 2822 2823
f 2824 2823 793
f 2823 787 2825
f 793 2823 2825
f 1769 2898 2853
f 2870 2876 2869
f 2796 1737 2905
f 822 1790 2796
f 1808 1796 1800
f 33 2905 30
f 2912 1805 1806
f 832 2915 828
f 2914 37 832
f 41 2927 836
f 1816 37 839
f 840 1817 2930
f 1827 46 844
f 2935 844 2936
f 2938 1824 1823
f 2938 4692 1824
f 45 849 1828
f 2942 1830 1829
f 2947 1832 2944
f 1835 1837 2951
f 2968 1843 4452
f 1846 2981 2980
f 865 2990 2991
f 3008 1871 883
f 3025 3027 1869
f 889 1876 3030
f 3030 79 3032
f 3984 3040 2412
f 3040 891 3041
f 891 1386 3041
f 3047 3050 82
f 874 893 3537
f 83 68 3049
f 1892 3061 88
f 90 89 4747
f 3092 912 3084
f 911 3091 3092
f 58 3098 3097
f 3110 103 1742
f 3126 918 3101
f 3115 102 4695
f 4695 104 3115
f 929 3114 3127
f 2856 123 3135
f 1950 1947 1942
f 3147 3750 3146
f 1899 135 1950
f 3157 947 1901
f 4830 3161 1909
f 3165 138 3169
f 3173 4947 3178
f 3187 4885 1959
f 960 961 1964
f 146 1965 147
f 3201 1969 151
f 3199 3200 153
f 1971 1970 4832
f 150 1972 1005
f 971 155 973
f 3205 3207 3206
f 1995 1994 976
f 3212 162 157
f 3221 163 3220
f 4969 980 1565
f 4303 3256 980
f 999 998 3257
f 3282 1999 3281
f 3288 4936 1017
f 1021 3202 3298
f 186 3289 187
f 3290 1022 4366
f 4386 1026 2016
f 2018 2019 192
f 195 4833 168
f 3320 4973 3307
f 2023 3313 4724
f 3315 4805 198
f 204 1037 1039
f 3334 1038 810
f 1039 3330 3329
f 3333 1039 207
f 2034 2036 3335
f 3335 2036 3336
f 2037 3340 2038
f 2038 3340 3339
f 1052 3340 1053
f 4983 1047 216
f 3350 2147 2043
f 2046 219 2045
f 2047 213 2091
f 3355 3361 3362
f 3367 3468 3366
f 1064 2056 3393
f 3379 4755 2062
f 3386 1065 3382
f 1064 3392 1063
f 227 3433 1083
f 1073 231 3410
f 3421 238 3419
f 1081 3421 1080
f 1096 3456 3539
f 3458 3466 2037
f 1104 1103 257
f 3480 259 3455
f 1111 3477 260
f 263 262 3497
f 4966 2115 2113
f 1126 1129 2127
f 3517 1132 2130
f 1139 280 1137
f 275 1141 1121
f 2125 283 3532
f 285 2140 3526
f 3420 3414 3534
f 2149 3538 2044
f 3456 2106 2152
f 290 218 1152
f 3586 4915 314
f 1145 1147 286
f 1620 2176 4443
f 3591 2190 4996
f 326 1182 3604
f 1185 1184 3612
f 1185 3612 2198
f 1012 184 1187
f 2206 1192 4952
f 3626 327 3629
f 1203 3638 3639
f 3640 2216 333
f 2216 1206 338
f 4685 4355 1214
f 3657 2005 344
f 3662 4541 4543
f 3671 4120 3673
f 2229 4686 1154
f 442 1234 3683
f 3684 4977 3879
f 2237 352 1238
f 3693 4549 4870
f 4870 2239 2238
f 3700 2241 3688
f 4841 1243 356
f 1246 3702 1247
f 1248 3702 1246
f 1251 2244 3703
f 1254 3717 3719
f 1257 1260 4847
f 3728 4823 3722
f 384 2253 3726
f 376 1263 2260
f 378 1913 3748
f 1559 630 1269
f 1271 2269 383
f 1276 2270 3732
f 3760 4891 2275
f 4967 3759 3763
f 3768 3769 4843
f 3775 393 1277
f 2268 3755 3783
f 2283 3787 3783
f 3799 2286 3795
f 3799 1284 2286
f 3223 3225 1286
f 3235 4921 1289
f 1288 3802 2361
f 2295 3811 404
f 3816 4844 1293
f 410 411 1294
f 3821 3824 3822
f 3829 3831 1299
f 1304 2307 2212
f 417 4926 2315
f 3841 4838 2311
f 1309 4770 2313
f 2318 1314 1315
f 1314 424 1315
f 3847 425 2319
f 428 427 2323
f 3886 3851 1322
f 3857 426 3848
f 3857 3848 1326
f 4702 3862 437
f 1336 2337 2339
f 4960 1295 3818
f 1341 4978 1342
f 2345 1345 3883
f 451 3893 2349
f 3897 3898 455
f 1319 1321 1352
f 3909 2358 4997
f 416 2359 1351
f 3798 2286 3912
f 3925 3926 3924
f 2379 1366 1365
f 4703 3936 2381
f 3950 3951 4704
f 2390 3955 2389
f 2392 479 2701
f 2408 2406 1385
f 490 491 3970
f 3978 494 3984
f 4998 3986 1387
f 3985 4998 2415
f 3991 498 1600
f 3992 3991 496
f 495 3996 3992
f 1390 2427 4015
f 3999 2421 1369
f 2421 4000 4003
f 1395 476 3998
f 503 4017 2424
f 4040 4035 4036
f 511 4510 1645
f 517 4515 516
f 4071 4060 1420
f 1422 4064 4063
f 1425 4895 4065
f 1427 4073 2450
f 4077 2452 4080
f 4080 528 4077
f 4079 2452 524
f 534 4097 4098
f 4094 4095 4096
f 4110 4104 2460
f 2460 2459 1435
f 2460 1435 4107
f 4113 4112 540
f 4104 542 4133
f 1444 4137 1455
f 1260 550 549
f 2472 4141 4142
f 2472 4144 2471
f 1474 1475 1471
f 4707 2481 1476
f 1482 4179 2490
f 4190 2490 4179
f 1492 2490 1494
f 1495 4192 1494
f 4207 569 558
f 4193 1496 568
f 4999 571 572
f 574 573 4849
f 576 4206 2507
f 1504 1507 1505
f 2517 4197 2516
f 4215 4202 2515
f 2520 1116 2108
f 4226 2526 2528
f 1524 1517 4225
f 4229 2533 629
f 2533 4294 629
f 2534 588 4231
f 2417 2537 1523
f 2551 1543 2543
f 4256 611 4970
f 4027 2550 1540
f 4271 2552 4270
f 615 2555 2558
f 1524 4710 3994
f 2564 4826 624
f 4292 4291 625
f 2267 1558 1559
f 4368 4818 3208
f 1562 632 1565
f 4300 1562 2571
f 1588 635 4308
f 2579 4320 1572
f 4317 4320 2580
f 2333 2582 438
f 4325 4324 4328
f 4763 4811 4930
f 648 1585 1586
f 649 4350 2596
f 4357 4353 4900
f 4354 4357 4900
f 4365 4354 4900
f 2598 649 4361
f 631 1560 4370
f 2607 4308 1568
f 1590 456 654
f 1617 1597 4604
f 2635 4420 672
f 2624 659 1603
f 2626 2625 4395
f 1605 668 666
f 4407 4401 4406
f 1620 2637 4963
f 684 4435 685
f 4436 4441 4852
f 1624 2661 4458
f 4455 2665 4454
f 2667 699 3967
f 4462 4465 4466
f 1628 4470 4468
f 4933 4472 1631
f 1753 2681 708
f 2693 4497 716
f 2697 720 4501
f 2696 4503 4502
f 2697 4509 2702
f 1649 512 2704
f 4511 4869 1652
f 4512 4869 4511
f 725 1657 4520
f 2708 729 4855
f 4533 1430 1662
f 4535 4861 1668
f 2715 1664 2714
f 2722 4545 1666
f 2723 4547 1660
f 1680 2723 1678
f 2708 4855 728
f 1683 1682 736
f 2725 3697 4548
f 2725 737 3697
f 736 735 1694
f 737 4569 4570
f 745 741 4574
f 2504 4587 578
f 4856 4598 4582
f 749 2746 1701
f 2654 689 2761
f 2772 2773 2774
f 1714 1715 4629
f 761 4615 2770
f 662 663 763
f 905 1879 4640
f 4640 4641 1896
f 1717 4634 2781
f 4654 2792 1713
f 4656 4655 4657
f 697 2793 4660
f 1736 773 2795
f 2796 2797 1738
f 2677 1739 4476
f 1742 102 4671
f 4670 4674 4902
f 1745 2679 4486
f 1749 783 1750
f 4679 782 778
f 1754 2 1
f 784 2 1754
f 4913 1 2
f 4913 2807 1
f 2809 1 2807
f 3 1754 1
f 3 784 1754
f 2804 3 4802
f 4 1761 2804
f 2805 4802 1756
f 1757 2804 4802
f 2805 1756 1755
f 1757 2805 4881
f 4802 2805 1757
f 8 2804 1757
f 2805 1755 1760
f 1755 2806 1760
f 1755 1756 2810
f 1756 1 2809
f 2810 2809 1758
f 2810 2811 1755
f 786 1760 2806
f 1757 4881 8
f 8 9 2804
f 784 3 1761
f 1880 4741 784
f 4913 5 2807
f 5 4913 2808
f 2808 2 4741
f 2808 2861 2862
f 2862 19 2808
f 6 2807 2813
f 6 2812 2809
f 2809 2812 1758
f 2811 2810 785
f 2811 2816 4803
f 2816 2811 785
f 785 2810 15
f 15 2810 1758
f 6 2814 2812
f 6 2813 2814
f 2815 2814 2860
f 2815 7 2812
f 1758 2812 7
f 785 15 802
f 2806 4803 1759
f 1759 801 2806
f 805 2816 802
f 786 2806 801
f 2826 1760 786
f 9 8 1764
f 2804 9 787
f 2804 787 4
f 4 2818 784
f 2818 1880 784
f 2817 1762 10
f 11 21 10
f 21 11 809
f 2817 2818 788
f 788 790 2817
f 2820 2819 1762
f 789 1762 2819
f 809 11 1763
f 4691 1763 789
f 1031 2819 1032
f 790 2821 2817
f 790 788 2822
f 2822 787 2823
f 2821 2824 875
f 875 1858 2821
f 1858 872 2820
f 2823 2824 790
f 9 2825 787
f 2825 9 1764
f 1764 8 2829
f 8 4881 2829
f 786 801 2827
f 4881 2826 2829
f 2830 2829 791
f 2833 2829 2830
f 2831 2825 1764
f 794 793 2825
f 2825 2831 794
f 2831 2833 2832
f 2831 1764 2833
f 2832 794 2831
f 2828 791 792
f 2834 2828 2835
f 792 2835 2828
f 2835 2841 2834
f 4908 2841 2835
f 2833 2840 2832
f 2832 2840 2839
f 1765 2836 794
f 794 2836 2837
f 793 794 12
f 3025 3024 2837
f 2842 796 795
f 795 797 2842
f 2834 797 795
f 2834 2841 799
f 2843 799 2841
f 799 2380 2834
f 2380 1766 797
f 2842 797 2900
f 2840 2842 798
f 2840 798 2839
f 3045 892 798
f 797 1766 2900
f 2380 2381 1766
f 13 2841 4908
f 2835 800 4908
f 2835 792 800
f 800 2844 4908
f 801 2846 2827
f 801 2847 2846
f 15 1758 2848
f 2855 805 802
f 16 805 2854
f 2849 14 2847
f 2846 17 2845
f 2846 14 17
f 4908 2844 803
f 803 13 4908
f 803 18 13
f 803 4690 18
f 13 18 2851
f 13 2851 2843
f 18 3937 2851
f 4690 1768 18
f 4682 803 2852
f 14 2850 17
f 2850 2852 17
f 2850 4682 2852
f 1767 2850 804
f 1768 4690 2898
f 2898 1769 1768
f 3937 1768 29
f 29 2853 2899
f 4690 4682 2898
f 4682 1788 2898
f 1788 4682 1767
f 833 1767 2897
f 804 2897 1767
f 2897 804 2896
f 2849 2850 14
f 2847 1770 1786
f 1770 805 16
f 2848 1758 7
f 2815 1771 7
f 7 1771 808
f 2858 1771 2815
f 808 806 7
f 2856 807 806
f 2950 16 2854
f 2857 2950 2854
f 2857 2854 807
f 2857 807 2856
f 806 808 2892
f 2892 808 2891
f 1772 2891 808
f 2858 1772 1771
f 2858 2815 2860
f 2859 2860 2814
f 2814 2813 2859
f 2859 2863 2872
f 2859 19 2863
f 19 2862 1773
f 2862 2865 1773
f 2869 1773 2865
f 20 2872 2863
f 1773 2871 20
f 1773 2869 2871
f 2864 2869 2865
f 2862 1774 2865
f 21 2866 10
f 21 1775 2866
f 1775 201 2866
f 1775 21 809
f 1775 809 2030
f 2867 809 1763
f 1763 4691 2867
f 809 2867 2040
f 2867 204 2040
f 2867 2868 204
f 204 2868 1037
f 2868 4691 1037
f 2871 2876 812
f 20 812 813
f 812 811 813
f 2872 20 813
f 2859 2872 22
f 2858 2860 22
f 2873 22 2872
f 2873 2872 813
f 2875 2874 2873
f 22 2873 2874
f 22 2874 2858
f 2858 2874 1776
f 1776 2874 2878
f 2878 2874 1778
f 2874 2875 1778
f 1777 2875 2873
f 24 1777 1784
f 2877 1777 814
f 2873 813 814
f 813 811 814
f 23 811 812
f 1777 2877 2880
f 2879 815 2880
f 815 1784 2880
f 2880 1784 1777
f 25 2875 24
f 1778 2875 25
f 2878 1778 25
f 1776 2878 1772
f 1779 2878 25
f 1779 2893 2878
f 1779 2991 2889
f 818 25 817
f 2879 2880 2884
f 2877 2884 2880
f 814 23 2877
f 1781 2879 2881
f 2884 2885 2881
f 2884 23 26
f 23 2882 26
f 2876 2882 23
f 2882 2876 2870
f 3323 2882 2870
f 2882 3323 2883
f 2885 2884 1780
f 1781 2881 215
f 2879 1781 2888
f 1784 815 2887
f 2042 2886 1781
f 1781 215 2042
f 215 2885 1044
f 2885 1782 1044
f 1783 1044 1782
f 1781 2886 2888
f 2887 816 1784
f 867 816 2994
f 1784 867 817
f 818 817 2993
f 2891 4742 2892
f 2892 1785 2856
f 2856 1785 123
f 27 123 1785
f 1785 2892 2894
f 4742 2894 2892
f 4742 2891 2890
f 4859 2890 2893
f 4742 2890 4859
f 27 1785 28
f 2894 28 1785
f 28 2894 4859
f 28 4859 2895
f 27 28 1934
f 1935 27 1934
f 123 27 1937
f 2950 2857 3135
f 16 2950 4743
f 4743 1770 16
f 2849 1786 4828
f 4828 804 2849
f 2896 1836 1814
f 1814 1836 43
f 1815 2896 1814
f 2896 1815 820
f 820 2897 2896
f 820 833 2897
f 2383 3045 2900
f 1802 3940 1789
f 1802 2899 2901
f 1802 821 3940
f 1801 2903 1733
f 2903 2904 4659
f 30 4662 2904
f 4662 30 1737
f 30 2905 1737
f 2905 826 823
f 2905 823 2796
f 4917 822 32
f 822 823 32
f 822 4917 1790
f 1790 1791 31
f 2907 1791 1790
f 4917 2907 1790
f 2906 32 824
f 1810 1794 2906
f 1794 2907 2906
f 1793 1791 2907
f 1793 3109 1791
f 1791 3109 1792
f 2907 4744 1793
f 4744 1794 4723
f 1810 2906 824
f 1810 824 1795
f 824 825 1795
f 34 825 824
f 34 1796 825
f 1796 34 32
f 1796 2908 1798
f 1798 2908 1797
f 1797 2908 826
f 827 1798 2909
f 827 1800 1798
f 1800 1796 1798
f 2910 1800 827
f 2910 827 1799
f 825 1796 1808
f 1808 1800 2910
f 2910 1799 1807
f 827 2915 2916
f 2909 2915 827
f 2911 828 2909
f 2909 1797 2911
f 2911 1797 2913
f 1797 826 2913
f 2913 826 33
f 2903 33 2904
f 1801 2902 35
f 36 35 2902
f 36 2902 821
f 1803 1802 2901
f 1802 1803 2912
f 2912 36 1802
f 35 2913 1801
f 36 1806 35
f 1805 2911 35
f 2911 2913 35
f 1805 828 2911
f 2909 828 2915
f 828 1805 2914
f 1805 1804 2914
f 1805 2912 1804
f 1804 1803 2914
f 832 828 2914
f 1817 2916 2915
f 1799 2916 2917
f 2916 1817 2917
f 1799 2922 1807
f 1808 2910 829
f 1807 829 2910
f 825 1808 38
f 1807 2921 2920
f 829 1807 2920
f 1813 2918 2921
f 4940 2921 2918
f 2920 2921 4940
f 1795 825 38
f 1795 1809 1810
f 1811 1810 1809
f 1809 2919 1811
f 2919 1809 38
f 1809 1795 38
f 830 96 38
f 2919 38 96
f 4940 1915 830
f 830 2920 4940
f 1812 58 1915
f 1812 1915 4940
f 2922 2924 2921
f 2922 2923 2924
f 2924 2923 831
f 2917 1817 2925
f 2925 1818 2923
f 1817 2915 2930
f 832 2930 2915
f 832 1816 2930
f 2928 1803 2901
f 39 2898 2926
f 833 2926 1788
f 836 2926 833
f 820 836 833
f 1815 836 820
f 2926 2927 39
f 39 2927 40
f 2928 40 834
f 37 834 839
f 835 839 834
f 834 40 835
f 2929 835 40
f 2929 2927 41
f 1815 837 41
f 2949 4692 43
f 1815 42 845
f 1815 845 837
f 125 41 837
f 41 125 2929
f 937 838 2929
f 835 2929 838
f 2925 1817 840
f 840 1819 2925
f 1819 44 2941
f 1818 1819 2941
f 1818 2932 2923
f 2923 2932 831
f 2924 831 2931
f 2931 1813 2924
f 1813 2965 1812
f 4994 2931 831
f 4994 2932 2933
f 2932 4994 831
f 4941 2933 2932
f 1820 2933 4941
f 1821 1820 4941
f 45 1828 841
f 1820 45 841
f 45 1821 843
f 842 843 46
f 1821 844 843
f 846 1827 844
f 47 4941 1823
f 1822 1818 2941
f 1822 2941 2937
f 1823 1822 2937
f 1823 1824 47
f 2939 2937 1825
f 2941 44 2940
f 1825 2941 3140
f 845 2939 837
f 2938 2939 845
f 2938 845 42
f 47 1824 2936
f 48 2935 1826
f 48 846 2935
f 2936 4692 4821
f 49 846 2945
f 2946 1829 49
f 49 1829 1827
f 46 847 2934
f 849 2934 2953
f 2953 52 1839
f 2953 847 1830
f 1831 487 1830
f 1831 1830 2942
f 2947 2942 1829
f 2946 2947 1829
f 1831 2942 852
f 2943 2942 2947
f 2944 2943 2947
f 2946 2945 2948
f 2948 2945 48
f 1832 1833 2944
f 51 2943 2944
f 2944 4693 51
f 50 1833 1832
f 1832 850 50
f 850 2946 2948
f 1826 1835 1834
f 1834 2948 48
f 1834 1838 2948
f 4692 1835 4821
f 4692 2949 1835
f 1835 2949 1837
f 4743 2949 1836
f 1836 1787 4743
f 1787 1770 4743
f 1787 1786 1770
f 2951 1834 1835
f 4743 2950 1837
f 2951 1837 3135
f 851 1834 2951
f 851 1838 1834
f 851 4801 1838
f 4801 851 2951
f 1938 1838 4801
f 1938 2948 1838
f 1938 850 2948
f 1938 50 850
f 124 2952 50
f 861 50 2952
f 1833 50 861
f 2944 1833 4693
f 51 852 2943
f 1830 487 2953
f 52 2404 1839
f 53 2962 849
f 848 849 2962
f 2964 848 2963
f 848 2964 2954
f 848 2962 2963
f 1839 2404 54
f 2959 852 1840
f 1840 852 2956
f 51 2956 852
f 857 2957 51
f 2956 51 2957
f 2956 2958 1840
f 2956 2957 2958
f 2957 1841 2958
f 1841 55 2958
f 2957 857 2970
f 2970 854 2957
f 1841 2957 854
f 1841 1842 55
f 854 1842 1841
f 1842 853 55
f 55 853 855
f 55 855 2960
f 1383 1842 56
f 4773 2407 855
f 1840 2961 2959
f 1840 2960 2961
f 2961 2405 2959
f 4451 856 54
f 2962 856 1843
f 2962 1843 2963
f 2954 1813 2931
f 1813 2954 2964
f 2965 2966 1812
f 1812 2966 58
f 2965 4883 2966
f 2965 57 2967
f 2968 2967 2963
f 2967 2968 4883
f 4883 4995 2966
f 2966 4995 3096
f 4883 2969 4995
f 2969 4883 2968
f 2968 2963 1843
f 856 2664 1843
f 2664 856 4451
f 2664 4452 1843
f 2968 4452 2969
f 1844 56 854
f 859 1844 2970
f 859 2970 2971
f 2971 2970 857
f 59 56 858
f 56 59 1383
f 56 1845 858
f 859 3069 1844
f 2973 859 2974
f 2973 3069 859
f 858 91 59
f 1845 3068 858
f 91 858 3068
f 3069 1845 1844
f 2975 2974 2971
f 2976 2971 2972
f 2971 2976 2975
f 2977 61 2976
f 2979 61 62
f 4918 2977 60
f 60 1833 4918
f 2983 2984 2952
f 2982 2977 4918
f 62 2977 2982
f 61 2977 62
f 2978 1846 2980
f 2979 62 2978
f 909 2979 2978
f 2979 909 910
f 2982 1846 62
f 2981 1846 1849
f 4956 3138 2983
f 4956 2983 2952
f 2984 2983 63
f 63 2983 3138
f 1847 63 3138
f 2987 1847 2986
f 1936 819 2986
f 1851 819 2895
f 2986 64 2987
f 2987 1848 1847
f 2987 862 1848
f 862 2985 1848
f 1846 63 1849
f 63 1846 2982
f 1849 63 2985
f 1849 2985 862
f 862 2981 1849
f 1850 2981 862
f 1852 1850 863
f 863 1850 2988
f 1850 862 2988
f 2988 862 2987
f 2986 1851 64
f 1851 2895 864
f 1851 2990 64
f 64 2990 865
f 2988 2992 863
f 863 2992 866
f 863 866 2989
f 2989 1903 863
f 1903 1852 863
f 1852 3080 2980
f 866 65 2989
f 64 865 2992
f 864 2990 1851
f 2895 4859 864
f 2893 864 4859
f 2990 2893 2889
f 2889 2991 2990
f 865 2991 1853
f 65 2992 1853
f 2991 818 1853
f 1853 2993 65
f 1853 818 2993
f 868 817 867
f 2994 2995 867
f 868 867 2996
f 1854 868 2996
f 2993 868 1854
f 2993 1854 870
f 65 2993 870
f 869 2994 816
f 816 2887 66
f 2887 2888 66
f 2888 2886 66
f 869 66 916
f 1856 2995 2994
f 2997 870 1854
f 2997 65 870
f 3081 65 2997
f 1855 2996 2998
f 2997 1854 871
f 2989 65 3081
f 3081 2997 3094
f 3094 2997 871
f 2996 2995 2998
f 2885 1780 1782
f 1780 2883 214
f 2999 67 872
f 4874 2999 3000
f 873 3389 4694
f 3537 4884 3001
f 3003 3385 3000
f 3003 3049 3385
f 3049 3389 3385
f 3002 3049 1860
f 3000 3004 3003
f 3005 3003 3004
f 872 1858 2999
f 1857 875 2824
f 1857 2824 793
f 1859 1858 875
f 1857 1859 875
f 1858 1859 2999
f 3004 3000 2999
f 3004 1859 12
f 12 1857 793
f 70 3003 3005
f 3003 70 1860
f 1861 1860 877
f 70 877 1860
f 1861 1862 3011
f 876 877 69
f 1863 70 3005
f 71 877 70
f 1863 71 70
f 69 71 3007
f 69 3007 3006
f 3007 3010 3006
f 3023 878 3008
f 3023 72 878
f 3006 3010 3018
f 879 3013 3012
f 3014 880 74
f 3018 3010 3020
f 76 3020 1865
f 76 1865 1887
f 3020 3021 1865
f 3022 3020 3010
f 882 1866 1893
f 882 1893 3021
f 3010 1866 3022
f 3010 3007 1867
f 1867 3007 3009
f 1867 878 77
f 72 77 878
f 77 72 4618
f 77 1866 1867
f 1894 77 4950
f 4950 77 4618
f 78 4919 4618
f 78 4618 72
f 3023 1868 72
f 885 3008 3027
f 883 3028 3023
f 78 72 1868
f 4919 78 884
f 884 904 4919
f 884 78 1873
f 1873 78 1868
f 885 1871 3008
f 3024 1863 3005
f 3005 3004 12
f 3024 3005 2837
f 1869 3024 3025
f 886 3027 2838
f 886 3133 887
f 3133 886 1870
f 1870 2839 3026
f 3026 2839 892
f 3027 888 885
f 885 888 887
f 889 1868 3028
f 889 1873 1868
f 3028 4829 889
f 4829 3028 883
f 4745 883 1871
f 885 887 935
f 883 4745 4829
f 3031 3065 884
f 889 3029 1873
f 4829 1876 889
f 3030 3029 889
f 1876 4829 1874
f 1875 3030 3032
f 3029 1875 3031
f 3031 1875 3065
f 79 3030 1876
f 1877 3032 79
f 1874 3033 79
f 79 1876 1874
f 4745 3036 1874
f 1877 3042 890
f 80 1877 3034
f 3035 3033 3036
f 3037 1872 935
f 3036 1872 3037
f 3037 3038 3035
f 935 1878 3037
f 3039 2412 3040
f 3040 3984 2413
f 3039 2414 2412
f 891 2413 3981
f 4948 1386 3980
f 3041 1386 80
f 3033 3035 3041
f 3035 3040 3041
f 3034 3033 3041
f 3034 3041 80
f 4948 3042 80
f 3042 1877 80
f 3042 4948 2775
f 1879 890 3042
f 3043 2866 1774
f 1880 3043 4741
f 81 1782 1780
f 2383 4002 3045
f 3133 3046 4864
f 892 3046 3133
f 3045 3046 892
f 3045 3134 3046
f 3045 4002 3134
f 3134 4002 4003
f 4003 2414 3039
f 3050 3047 893
f 4694 68 3048
f 3049 68 3389
f 3002 1885 3049
f 83 3049 1885
f 83 3048 68
f 83 1883 3048
f 1881 3060 874
f 3060 893 874
f 3048 3059 1881
f 1881 3059 3060
f 3060 3050 893
f 1883 899 1891
f 894 1885 896
f 894 895 1884
f 896 895 894
f 1865 3021 901
f 1889 87 3056
f 1891 903 3059
f 903 1882 3060
f 903 3063 1882
f 90 3064 1882
f 1892 88 3052
f 3062 3021 1893
f 902 1866 77
f 77 1894 89
f 3021 3062 3061
f 88 3061 903
f 903 3062 3063
f 3062 902 3063
f 902 89 3063
f 89 90 3063
f 3050 4746 3064
f 3064 82 3050
f 4722 4863 2771
f 1894 4747 89
f 1875 1895 3065
f 1895 1875 3067
f 3066 905 3067
f 890 1879 905
f 1897 1845 3078
f 3077 3078 1845
f 3068 4047 91
f 3071 907 906
f 907 3070 906
f 3071 906 3074
f 3072 3071 908
f 1899 3072 908
f 3072 1899 1223
f 908 3073 1899
f 3073 908 92
f 908 3071 92
f 3074 92 3071
f 3068 93 4047
f 2973 3076 3069
f 2973 3075 3076
f 2974 3088 2973
f 3076 3078 3077
f 939 1897 3078
f 93 3068 3079
f 1900 93 3079
f 939 3079 1897
f 1901 1900 3079
f 1901 3258 1900
f 939 1901 3079
f 1902 3078 3076
f 3075 1902 3076
f 860 2979 3087
f 2980 3080 909
f 3087 2975 860
f 912 3087 910
f 3080 1905 909
f 1852 1903 3080
f 1904 3082 1903
f 1903 2989 1904
f 2989 3081 1904
f 3083 3080 3082
f 3083 1905 3080
f 1905 3083 3084
f 1905 912 910
f 912 1905 3084
f 3085 911 3084
f 3085 3083 1906
f 1906 3083 3082
f 3082 1904 1906
f 4946 3091 911
f 3088 3087 1908
f 1908 3075 3088
f 3075 1908 3089
f 127 1902 3075
f 1907 4965 128
f 94 1907 3089
f 1908 3090 94
f 94 3089 1908
f 3090 3093 94
f 3092 3091 3093
f 4946 1909 3091
f 4946 914 1909
f 3091 1909 913
f 141 950 913
f 913 950 3160
f 4965 3160 3159
f 4965 3159 128
f 3161 141 913
f 1909 914 4830
f 3162 914 3167
f 3167 914 3086
f 3168 3086 1910
f 871 1855 3095
f 3095 1855 1911
f 915 1023 3095
f 1855 2998 1911
f 1911 915 3095
f 915 1911 3268
f 3268 1997 915
f 1911 2998 3268
f 1912 182 2998
f 1912 2998 2995
f 1912 2995 1856
f 1942 3143 3749
f 3749 3143 95
f 95 1944 3146
f 1914 2265 1913
f 3096 58 2966
f 1915 3097 830
f 3098 58 917
f 3097 3098 96
f 96 1917 2919
f 3099 1919 917
f 917 3096 1916
f 917 3100 3099
f 3099 3100 3104
f 3102 1919 3099
f 98 3098 1919
f 96 3098 98
f 96 98 1917
f 1918 920 2919
f 1917 98 3101
f 3101 98 3102
f 98 1919 3102
f 1920 3102 3103
f 3102 1920 3113
f 3102 3099 3103
f 3099 3104 3106
f 3108 3106 3105
f 3107 3108 4490
f 1920 3107 1925
f 3113 1920 1925
f 3108 3105 4490
f 1792 99 1791
f 99 31 1791
f 2799 99 1792
f 100 2799 1792
f 3117 919 3111
f 1924 3111 100
f 1924 100 3112
f 3117 3111 1924
f 4872 3125 4748
f 4749 4723 4750
f 3113 3101 3102
f 1925 3107 925
f 3115 4672 102
f 102 1742 4695
f 104 4695 2801
f 3116 1921 3115
f 104 3116 3115
f 105 106 2801
f 105 2801 4695
f 3118 105 4695
f 3118 4695 103
f 107 3118 103
f 3110 107 103
f 3117 107 919
f 107 921 3118
f 921 108 3118
f 105 3118 108
f 108 3119 105
f 106 105 3119
f 3119 109 106
f 924 109 3119
f 3120 924 3119
f 3120 110 3121
f 111 1922 3121
f 4871 3121 1922
f 4871 3122 3121
f 3122 922 3121
f 112 3122 4871
f 3122 923 922
f 3120 922 924
f 922 923 924
f 923 4903 924
f 924 4903 109
f 4717 112 926
f 112 4871 926
f 926 113 4717
f 926 1922 3131
f 1923 921 3117
f 3123 114 111
f 114 3124 111
f 3124 3131 1922
f 3131 3124 4800
f 115 1927 3124
f 115 3124 114
f 1927 4800 3124
f 927 1929 115
f 927 115 114
f 114 3123 116
f 116 928 114
f 116 1923 1924
f 3117 1924 1923
f 3126 97 918
f 4751 101 3126
f 3129 4696 4751
f 4751 929 3129
f 3114 3101 3113
f 3113 1925 3127
f 3107 1640 925
f 3107 4490 1640
f 1926 113 932
f 932 113 926
f 4800 1927 3128
f 3128 931 4800
f 930 3128 115
f 1929 930 115
f 4920 928 116
f 3129 1928 117
f 4920 1928 928
f 927 928 1928
f 1930 1929 927
f 1930 930 1929
f 1930 3129 929
f 1930 929 930
f 930 929 3127
f 3126 3114 929
f 3127 4697 1931
f 1931 930 3127
f 930 118 3128
f 3130 1931 933
f 3131 931 119
f 3131 119 932
f 1926 120 121
f 3132 121 119
f 119 118 3130
f 119 3130 3132
f 3132 3130 933
f 933 1931 4697
f 121 122 4868
f 933 122 3132
f 934 122 933
f 3133 4864 887
f 935 1933 1878
f 1933 935 4864
f 1933 4864 3046
f 3046 3134 1933
f 3134 4003 3039
f 4882 3135 123
f 1937 4882 123
f 4882 1937 4801
f 1935 3136 1937
f 3137 4956 3136
f 1934 1936 3137
f 124 4956 2952
f 124 3136 4956
f 1938 3136 124
f 1937 3136 1938
f 2939 1825 3139
f 1825 3140 3139
f 125 837 3139
f 937 936 1939
f 2940 1939 3140
f 936 3140 1939
f 1940 838 937
f 1940 1816 838
f 3141 44 1819
f 840 2930 3141
f 127 126 1902
f 938 3091 1941
f 126 3078 1902
f 1003 3073 92
f 1899 1950 1942
f 3142 3143 1942
f 3142 1943 3143
f 1943 3145 3143
f 943 1943 3142
f 1945 1943 943
f 3144 943 3142
f 1948 3150 129
f 1945 129 131
f 1943 1945 941
f 3145 1943 941
f 941 1944 3145
f 131 1944 941
f 3146 3750 1914
f 3147 1946 3750
f 3147 3148 1946
f 3147 1976 3148
f 130 1976 3147
f 130 3147 3146
f 942 1944 131
f 131 3150 3149
f 3149 942 131
f 158 3213 3149
f 3150 1948 3152
f 1948 129 3151
f 943 3144 3151
f 943 3151 129
f 1949 1947 1950
f 133 3151 945
f 1949 945 3144
f 945 3153 133
f 946 944 3153
f 133 944 132
f 944 134 132
f 134 944 148
f 1949 3155 945
f 135 3156 3155
f 3154 3155 3156
f 3154 3156 1951
f 1951 1952 3154
f 946 3154 1952
f 1951 3156 947
f 1952 1951 3158
f 1952 136 946
f 1951 947 3157
f 939 3157 1901
f 3158 1951 3157
f 3157 939 126
f 1953 3157 126
f 127 1953 126
f 128 3159 3158
f 3159 1952 3158
f 948 136 1952
f 949 4752 948
f 1960 4752 949
f 3182 949 950
f 3160 950 948
f 3162 4830 914
f 3167 3163 3162
f 3162 3163 3165
f 137 3165 3169
f 137 3166 3164
f 3164 3166 4830
f 3168 3163 3167
f 3266 3163 3168
f 3163 3275 138
f 3169 138 3170
f 969 3170 138
f 138 3275 969
f 3170 969 3199
f 1954 3170 3199
f 3170 1954 3169
f 139 3199 3171
f 3171 3181 139
f 4947 3176 139
f 3176 1954 139
f 1955 1954 3176
f 3169 1955 137
f 3166 137 1955
f 4830 3166 3174
f 4830 3174 3161
f 3172 1955 3173
f 3173 140 3172
f 140 3173 3178
f 3174 3166 3172
f 3161 3174 3175
f 141 3161 3175
f 3172 952 3174
f 952 3175 3174
f 140 952 3172
f 951 145 140
f 1955 3176 3173
f 951 3178 3177
f 3179 3177 3178
f 3181 3180 4947
f 142 3181 1956
f 142 1956 3171
f 142 3171 953
f 3171 3199 953
f 152 143 953
f 953 143 142
f 1969 954 143
f 954 142 143
f 142 954 3180
f 4831 3184 954
f 3179 3180 3184
f 3179 144 3177
f 4904 3177 144
f 3186 4904 144
f 145 951 4904
f 955 952 140
f 955 140 145
f 3175 952 3182
f 3182 3183 1960
f 952 3183 3182
f 3183 952 955
f 955 956 3183
f 1961 144 1957
f 957 1957 144
f 144 3179 957
f 958 1957 957
f 958 957 3185
f 3179 3185 957
f 3179 3184 3185
f 3185 3184 968
f 958 3185 967
f 967 1958 958
f 1958 1957 958
f 1961 1957 3198
f 3198 1957 1958
f 1959 956 3186
f 956 1959 1960
f 1960 3183 956
f 1960 3194 4752
f 3194 1960 4885
f 1959 4885 1960
f 959 3187 1961
f 959 3198 3188
f 3188 3198 1967
f 1967 3196 3188
f 959 3189 149
f 959 149 3193
f 3189 959 1962
f 3188 1962 959
f 3196 1962 3188
f 3196 965 1963
f 3189 1962 1963
f 960 1964 4958
f 960 1963 961
f 965 961 1963
f 961 3190 1964
f 1965 146 3190
f 146 1964 3190
f 962 964 3190
f 961 962 3190
f 3195 961 965
f 1965 3191 977
f 4958 147 149
f 1965 3211 147
f 147 3211 3192
f 147 3192 149
f 3194 946 4752
f 946 3194 148
f 148 1004 134
f 134 3192 4698
f 134 963 3192
f 1004 963 134
f 3192 963 149
f 3192 3211 1974
f 964 972 1966
f 964 1966 3191
f 962 972 964
f 970 3195 965
f 3197 965 3196
f 3203 3198 966
f 1006 3203 966
f 966 1968 1006
f 3184 1971 968
f 4831 1971 3184
f 143 151 1969
f 143 152 151
f 3199 153 953
f 969 3200 3199
f 151 152 180
f 151 180 3201
f 1970 1969 3201
f 1971 4831 1970
f 154 1971 4832
f 968 1971 154
f 967 968 3263
f 967 3263 1968
f 1968 1958 967
f 968 154 3263
f 154 3202 3263
f 3203 3197 1967
f 3197 3262 970
f 1972 970 1005
f 150 1005 1973
f 971 3204 1973
f 3204 971 973
f 1972 150 962
f 972 150 4955
f 3204 4914 1973
f 4914 3204 973
f 4914 973 4886
f 4959 3206 3291
f 3205 3206 4959
f 3205 974 971
f 971 1005 3260
f 3260 975 971
f 3290 4959 3291
f 4818 4959 3290
f 3290 4982 3208
f 4683 972 4955
f 3220 4914 4886
f 976 4683 3220
f 976 1993 3209
f 3210 977 3191
f 1966 3210 3191
f 1993 3218 3210
f 976 1994 1993
f 3211 1965 977
f 1975 978 3218
f 977 978 3211
f 3211 978 1974
f 3212 1974 978
f 1974 3212 157
f 3212 1975 162
f 157 162 158
f 3215 130 942
f 159 3215 942
f 942 3213 159
f 3217 159 3213
f 161 3217 3213
f 1977 3214 159
f 3215 3216 130
f 3216 160 1976
f 160 3148 1976
f 1978 3216 3253
f 1001 3253 3215
f 162 161 158
f 1975 979 162
f 1975 3218 979
f 3218 3219 979
f 162 979 161
f 161 979 3217
f 3217 979 3219
f 3218 3254 3219
f 1993 3254 3218
f 980 3220 163
f 3221 2570 163
f 163 1565 980
f 4969 4303 980
f 1002 3256 4303
f 1978 160 3216
f 3224 3223 3222
f 164 3224 3222
f 3224 3225 3223
f 164 1979 3224
f 3227 1979 164
f 981 3227 3232
f 982 3228 1980
f 3228 1979 1980
f 1979 3228 3224
f 3228 2290 3224
f 1983 3229 1980
f 3229 1981 982
f 987 1981 3229
f 1980 981 1983
f 1983 983 1982
f 1982 166 3230
f 3230 165 986
f 167 166 984
f 167 984 985
f 1984 986 3231
f 3233 167 985
f 3232 983 981
f 3232 3227 177
f 177 1992 3232
f 3233 985 996
f 3232 996 985
f 169 986 4993
f 169 4822 986
f 4822 3230 986
f 3230 4822 1985
f 1985 990 987
f 988 3234 1981
f 1981 3234 982
f 982 3235 3228
f 193 4824 1290
f 989 193 1290
f 3235 3234 4921
f 4921 3234 199
f 199 3234 3236
f 988 990 3237
f 990 1986 3237
f 1986 4833 3237
f 1986 991 4833
f 4833 991 168
f 991 3238 994
f 992 994 3238
f 992 3238 4822
f 3240 993 169
f 993 1987 992
f 994 1987 170
f 1987 993 171
f 3239 4313 3240
f 4804 168 991
f 170 172 4804
f 168 172 3241
f 1025 3241 172
f 995 1025 172
f 171 173 1987
f 170 173 995
f 1988 3239 4993
f 4993 3242 1988
f 1984 996 3249
f 1989 174 176
f 1989 176 3243
f 1989 1988 174
f 1002 175 3257
f 1989 2579 1988
f 175 3243 999
f 999 3243 176
f 998 3245 3246
f 1991 3246 3245
f 998 999 3244
f 176 3244 999
f 3245 3248 1991
f 3245 3247 3248
f 3250 1000 3247
f 3244 3250 3247
f 3249 996 1992
f 3249 1992 3250
f 3250 1992 4951
f 3227 164 177
f 177 164 3252
f 3252 3222 3251
f 3226 3251 3222
f 3251 3226 398
f 1978 3252 2292
f 177 3252 1978
f 1000 3250 4951
f 1978 3253 4951
f 2027 4951 3253
f 4951 2027 1000
f 3253 1001 2027
f 1001 3214 2027
f 2027 3214 3321
f 1977 3321 3214
f 1991 3321 1977
f 1991 1977 3254
f 1977 3219 3254
f 1993 1994 3254
f 1994 3255 3254
f 3255 1991 3254
f 3255 3256 3246
f 3257 3246 3256
f 1002 3257 3256
f 92 4088 1003
f 3258 1003 4088
f 3156 1003 947
f 1003 3156 3259
f 3259 3156 135
f 3259 3073 1003
f 3260 3261 975
f 3261 3260 3262
f 1005 3262 3260
f 178 3261 1006
f 178 1006 1007
f 975 3261 2010
f 3263 3202 1021
f 1021 2012 3263
f 154 4832 3202
f 1970 3201 4832
f 179 4832 3201
f 3201 1996 179
f 3201 180 1996
f 1996 180 1008
f 1008 180 152
f 153 3282 3264
f 153 3264 1008
f 153 3200 3282
f 1009 1008 3264
f 1008 1009 1996
f 1996 1009 181
f 179 1996 181
f 179 181 3265
f 3281 3264 3282
f 3274 1998 3200
f 969 3274 3200
f 3163 3266 3275
f 3168 1010 3266
f 1010 1997 3266
f 3266 3273 3275
f 1904 1023 1906
f 915 1010 1023
f 3273 3266 1997
f 182 3268 2998
f 3268 182 3267
f 1997 3267 3273
f 3269 3267 182
f 182 1912 1011
f 1912 3270 1011
f 182 1011 3269
f 1011 3584 3269
f 3270 3584 1011
f 3271 3267 3269
f 3271 3269 2182
f 3273 3271 3272
f 3272 3274 3273
f 3276 3272 3271
f 3271 2182 3276
f 3272 3276 183
f 3275 3274 969
f 3274 3272 1998
f 1998 3272 3283
f 3270 2184 2183
f 2184 3270 3277
f 1912 916 3277
f 1912 3277 3270
f 3287 1012 3279
f 3276 4701 183
f 4701 1013 183
f 3278 1999 3280
f 1999 3278 3287
f 3278 1012 3287
f 3286 1999 3287
f 3286 1014 1999
f 3283 3282 1998
f 3283 183 3280
f 3264 3281 1009
f 1014 1015 3285
f 3285 3284 1014
f 3284 1009 1014
f 181 1009 3284
f 1015 1016 3285
f 1015 3286 2001
f 2002 1015 2001
f 1016 1015 2002
f 3284 3265 181
f 2000 3284 3288
f 3286 3287 2001
f 3287 3279 2003
f 185 3287 2003
f 2001 3289 2002
f 3289 2001 185
f 187 3289 185
f 3289 186 2002
f 2002 4936 1016
f 2009 1017 4936
f 1018 3288 1017
f 2000 3202 3265
f 3202 2000 3298
f 1018 3298 2000
f 3306 187 185
f 2003 3279 1191
f 1022 3290 3291
f 4355 2602 2004
f 4355 2004 1214
f 3305 2004 2602
f 1019 2004 3305
f 3302 3292 1019
f 3657 3293 1020
f 1020 2005 3657
f 1020 3295 2005
f 2005 3295 3296
f 2006 3296 3295
f 1020 3300 3295
f 3296 1018 2005
f 3294 2009 344
f 2007 3297 2223
f 2007 2223 2008
f 4936 186 2009
f 2009 3294 1017
f 1018 1017 3294
f 3298 2006 1021
f 178 1007 2011
f 188 2010 178
f 178 2011 188
f 3263 2012 1007
f 2011 2012 3301
f 2013 3301 2012
f 2012 1021 2013
f 2013 2006 3295
f 3295 3300 2013
f 3301 3300 188
f 2011 3301 188
f 3302 188 3300
f 3302 3300 1020
f 1020 3292 3302
f 1019 189 3302
f 189 3299 188
f 3299 2010 188
f 3206 3207 3303
f 3304 189 1019
f 3206 3303 3304
f 3206 3304 3291
f 3291 3304 1022
f 1022 3305 2602
f 1022 3304 3305
f 2003 1191 190
f 3306 185 190
f 185 2003 190
f 2014 3297 2007
f 3660 186 2223
f 187 2008 186
f 2008 187 2007
f 187 3306 2014
f 2014 2007 187
f 2014 3306 1218
f 1010 1910 1023
f 1906 1910 3085
f 1910 1906 1023
f 995 1024 1025
f 1024 2015 191
f 2015 2016 191
f 1596 1026 4386
f 191 1026 2018
f 1025 191 2017
f 3241 1025 2017
f 168 3241 2020
f 192 2020 2017
f 2018 1026 2019
f 1596 3927 1026
f 3927 2019 1026
f 3927 3310 2019
f 4824 193 2022
f 989 3307 193
f 989 194 3307
f 989 4921 194
f 3236 1027 3308
f 4833 3314 1027
f 4833 195 3314
f 2024 195 168
f 2021 2024 2020
f 192 3309 2021
f 2022 1364 4824
f 193 4887 2022
f 4887 3311 2022
f 3307 4887 193
f 3311 4887 1029
f 3311 1029 196
f 3312 1028 196
f 3311 1028 1364
f 1028 3932 1364
f 1028 3312 197
f 3313 4805 196
f 4724 1029 4973
f 3313 1029 4724
f 4724 4973 3320
f 4887 4973 1029
f 198 3313 2023
f 3319 3312 4805
f 3319 1030 3312
f 197 3312 1030
f 1366 2379 1030
f 1366 3310 2374
f 3309 3310 3318
f 2024 3316 2025
f 3314 4753 1027
f 3314 2025 198
f 2025 3315 198
f 3314 195 2025
f 2025 3316 3315
f 3309 3318 3317
f 3315 3316 3317
f 3316 3309 3317
f 3318 3310 1366
f 3318 1366 1030
f 3315 3317 4805
f 4753 3320 199
f 3314 2023 2026
f 198 2023 3314
f 3321 3248 2027
f 1031 810 789
f 1031 3371 3334
f 4909 2865 200
f 2865 4909 2864
f 4909 3322 2864
f 200 201 4909
f 200 2866 201
f 1775 1033 201
f 2028 201 1033
f 2028 3322 201
f 3322 3325 3324
f 3324 2864 3322
f 2864 3324 3323
f 2864 3323 2870
f 1034 1033 1775
f 2028 1033 1034
f 2028 1034 3325
f 1034 3326 2029
f 3327 3324 3325
f 2029 3344 3327
f 2029 202 3344
f 3326 202 2029
f 1034 2030 3326
f 1775 2030 1034
f 2040 2030 809
f 2040 204 1035
f 2040 1035 203
f 1035 204 205
f 1035 205 206
f 206 205 3328
f 2032 3328 205
f 2031 1036 3328
f 3328 1036 212
f 3329 205 1039
f 1037 2033 1039
f 3329 3330 3331
f 2032 3329 3331
f 3330 3333 4754
f 3330 4754 1040
f 2031 2032 3331
f 3331 208 2031
f 3331 1040 208
f 1040 4754 3332
f 208 1040 3332
f 4754 3335 3332
f 4754 3333 3335
f 1041 3335 3333
f 3335 1041 2034
f 1038 3334 2033
f 2033 3334 1042
f 2033 1042 4699
f 4873 207 4699
f 207 4873 3333
f 4873 1041 3333
f 2034 2035 2036
f 2035 2034 1041
f 2038 3336 2036
f 3368 2037 2038
f 2037 3368 3458
f 3337 3340 2037
f 2038 210 3336
f 3332 3335 3336
f 208 3332 2039
f 210 2038 211
f 2038 3339 3338
f 3339 3340 1052
f 3339 1052 3341
f 1052 3366 3341
f 3341 3366 3468
f 1050 210 211
f 3361 210 1050
f 3361 2039 210
f 2039 3336 210
f 1036 2031 1043
f 1043 2031 3354
f 3343 1036 1043
f 203 212 3342
f 2040 203 3342
f 3342 3326 2040
f 3326 3342 202
f 202 3342 213
f 202 213 3344
f 3343 1043 2091
f 3344 213 2047
f 3323 3324 3345
f 1045 1044 1783
f 1045 1046 4983
f 216 2042 4971
f 2042 2041 2886
f 4983 3346 3348
f 3346 2045 2044
f 1046 2045 3346
f 4983 216 1045
f 216 3347 2042
f 2041 2042 3347
f 4983 3348 1047
f 1047 3348 3349
f 3348 217 3349
f 3350 3349 218
f 3350 1047 3349
f 2043 3347 3350
f 2886 2041 3351
f 66 3351 916
f 2145 916 3351
f 3351 2041 2146
f 4836 2146 2041
f 2041 3347 4836
f 2043 4836 3347
f 218 2147 3350
f 217 1143 3349
f 217 3348 3346
f 1048 217 3346
f 2045 2149 2044
f 3352 2045 1046
f 3352 4806 2046
f 4806 1093 2046
f 1783 4806 3352
f 2047 4865 3327
f 213 3343 2091
f 1092 2091 1043
f 3354 3355 1049
f 1049 220 3354
f 1092 1043 220
f 220 1049 3356
f 3356 3357 3359
f 3356 3359 220
f 3359 3358 220
f 3358 2049 3360
f 3359 3446 2049
f 3450 2048 1049
f 3355 3450 1049
f 3363 3450 3355
f 2039 3361 3355
f 3363 1050 221
f 3450 3363 3364
f 3364 3363 221
f 221 2052 1051
f 221 1050 2050
f 2050 3365 2051
f 222 3365 2050
f 3365 222 211
f 1050 211 222
f 211 3338 3365
f 3341 3365 3338
f 2050 2051 2052
f 1051 1098 4979
f 1051 2052 1098
f 3365 1104 2051
f 3471 3341 3468
f 3368 3459 3458
f 2035 3459 3368
f 3459 2035 1054
f 4873 1054 2035
f 4699 3369 4873
f 1042 3370 4699
f 1042 209 3370
f 1057 1055 209
f 3370 2053 3369
f 2053 3370 1055
f 1099 2053 2054
f 1057 223 1055
f 1056 2054 1055
f 223 1056 1055
f 3334 3372 1042
f 3371 3372 3334
f 3371 224 3372
f 3372 209 1042
f 209 224 1057
f 224 3373 1057
f 3373 1058 1057
f 3373 2055 1058
f 1058 1059 223
f 2055 2060 1058
f 3380 225 3373
f 2060 2055 2056
f 2060 2056 1064
f 223 1059 2057
f 2060 1063 1059
f 226 1060 1061
f 1059 1061 2057
f 1060 2097 3375
f 2057 1060 3375
f 2057 3375 1056
f 3460 2054 1056
f 2058 3376 2097
f 3376 2058 1062
f 1060 226 2058
f 226 2059 2058
f 2059 1062 2058
f 1062 2059 2081
f 2082 2081 2059
f 226 3378 2059
f 3377 227 3378
f 4684 2056 2055
f 4684 225 3379
f 3379 3390 4684
f 225 4755 3379
f 225 3380 4755
f 4807 3388 3374
f 3374 3381 4807
f 3381 3374 224
f 3381 224 3371
f 3382 3388 4807
f 3386 3382 4807
f 67 3383 2061
f 2061 3383 1032
f 3371 1032 3381
f 67 2061 872
f 3384 67 4874
f 4874 3386 3384
f 67 2999 4874
f 4874 3000 3385
f 3385 3386 4874
f 3380 3374 4755
f 2062 4755 3388
f 3388 3387 2062
f 1065 3387 3382
f 3389 1065 3386
f 3386 3385 3389
f 2062 3387 3001
f 3387 1065 873
f 873 1065 3389
f 2062 3001 4884
f 4884 3390 2062
f 3391 3393 2056
f 1066 3391 2056
f 2056 4684 1066
f 3390 2072 1066
f 2072 3391 1066
f 2072 3413 3391
f 4884 2072 3390
f 3391 3413 3394
f 236 2071 3413
f 3393 3395 3392
f 3392 1067 1063
f 1063 1067 227
f 3378 227 1083
f 3394 2071 3398
f 2063 3394 3398
f 3398 2071 3404
f 3404 3407 1072
f 3407 3404 2065
f 3405 2065 1071
f 3405 230 3407
f 229 3407 230
f 3407 3406 3408
f 1072 3407 3408
f 229 1077 3406
f 1073 230 3405
f 231 1071 2071
f 1073 2066 230
f 230 1074 229
f 230 232 1074
f 2066 232 230
f 4606 3411 3410
f 3411 2066 1073
f 2066 2068 232
f 1074 232 2067
f 2067 232 2068
f 2068 3412 2067
f 2068 1075 4827
f 3411 1075 2068
f 2069 1074 2067
f 1074 2069 229
f 229 2069 1077
f 2069 2067 234
f 1076 234 2067
f 234 1076 1085
f 2618 1085 1076
f 2070 4611 3410
f 2070 231 236
f 1078 2070 236
f 673 1079 237
f 4820 237 3415
f 1079 3415 237
f 1079 2073 3415
f 3418 1079 3416
f 3418 2073 1079
f 3419 3416 3420
f 3421 3419 3420
f 3420 3416 3535
f 2073 238 1081
f 3415 2074 3422
f 4820 3422 3423
f 3422 3424 2076
f 4756 2074 1081
f 4756 2078 2074
f 2078 4756 2075
f 3423 2076 3425
f 2077 3426 3425
f 2079 3424 2074
f 2075 239 2079
f 3429 2075 3427
f 3429 3427 250
f 1062 3431 3429
f 1062 3429 3376
f 2081 1082 2087
f 2081 2082 1082
f 3432 3436 2082
f 2082 2059 1083
f 3433 3432 1083
f 3433 3396 4984
f 3433 3434 3432
f 240 3435 2084
f 241 3435 240
f 2083 3435 241
f 2069 241 1084
f 2069 234 241
f 234 1085 2083
f 2083 1085 1086
f 2083 1086 2085
f 4414 2085 1086
f 3436 243 1088
f 2084 3437 243
f 3435 2083 2085
f 1614 1087 2085
f 1087 242 2085
f 242 1087 3437
f 244 1087 1614
f 4419 244 1614
f 3439 2088 244
f 243 3437 3440
f 243 3440 1088
f 1082 245 2087
f 2087 3442 2081
f 3441 1088 3440
f 2086 2090 2088
f 2088 3439 2086
f 3442 245 3443
f 3442 2087 245
f 3442 3443 246
f 3442 246 3431
f 2081 3431 1062
f 3431 246 2080
f 2080 246 3430
f 246 3443 3430
f 3441 1090 2089
f 1090 3441 1089
f 2086 3426 2090
f 2090 3426 2077
f 2090 2077 1090
f 3443 2089 3430
f 3430 2089 239
f 2089 1091 239
f 2079 239 1091
f 1091 2089 1090
f 2079 1091 3424
f 1090 2077 1091
f 2077 3424 1091
f 2091 3444 2047
f 2091 1092 3445
f 3358 3445 1092
f 3445 3358 2092
f 2092 3358 3360
f 2049 3446 3447
f 2093 3446 3357
f 2094 2093 1094
f 3446 2093 2094
f 1093 3360 3447
f 4866 2092 3360
f 3449 3360 1093
f 81 4866 3449
f 3448 3444 3445
f 3444 3448 3353
f 1782 81 3449
f 1782 4806 1783
f 2046 3447 219
f 3447 3446 3451
f 2048 1094 2093
f 2048 3450 1094
f 3450 3364 1094
f 2094 1094 2095
f 2095 3451 2094
f 219 1095 2149
f 219 3451 1095
f 219 3447 3451
f 3451 2095 247
f 2095 3453 247
f 1095 247 3452
f 2149 1095 2150
f 3539 3452 1096
f 1094 3364 4808
f 1094 4808 2095
f 4808 3364 1051
f 2095 4808 3453
f 4808 1051 4979
f 1096 3453 3454
f 4979 1097 4808
f 3453 4808 3454
f 3456 3454 2106
f 3454 3456 1096
f 2106 3454 3455
f 4808 3480 3454
f 4808 1097 3480
f 2096 3457 248
f 258 2096 248
f 3457 1105 248
f 1097 1098 3457
f 4979 1098 1097
f 2052 257 1098
f 2051 1104 257
f 3367 3467 3468
f 1052 2103 3367
f 2103 1052 1053
f 2103 1053 2102
f 3337 2037 3466
f 3458 4888 3466
f 3459 4888 3458
f 1054 2053 3459
f 2053 1099 3459
f 2101 1099 3460
f 3460 1099 2054
f 2097 3460 3375
f 2097 3461 3460
f 3376 250 249
f 1100 250 3427
f 1100 3428 3463
f 1080 3463 3428
f 3463 1080 251
f 3462 251 1080
f 2098 251 2420
f 1101 3464 1100
f 250 2099 249
f 2101 4757 3465
f 3465 4888 1099
f 3465 3514 4888
f 3514 3465 252
f 4758 3468 3467
f 4758 3467 1126
f 253 2103 2102
f 2102 3469 253
f 3468 4758 3470
f 4980 255 3474
f 3470 4980 3474
f 3471 3470 254
f 3473 3474 255
f 3474 3473 2109
f 1102 3474 2109
f 254 3474 1102
f 1103 254 256
f 1103 1104 254
f 1105 260 1106
f 248 1105 1106
f 3478 3479 1106
f 3478 1106 3475
f 1106 3476 3475
f 3476 260 3477
f 3477 2104 3476
f 3475 3476 2105
f 3479 4834 258
f 3480 1097 259
f 1107 2152 2106
f 3455 259 1107
f 259 1097 2096
f 2096 1108 259
f 2096 2107 1108
f 2107 258 4834
f 3481 3479 3482
f 3482 3478 4759
f 4759 3489 3482
f 3481 2107 4834
f 1108 2107 3484
f 1107 259 1108
f 3484 3483 1108
f 3486 3485 3484
f 3484 2107 3486
f 3486 3481 1109
f 3485 3486 3487
f 3488 3485 3487
f 3487 1115 3488
f 2108 3487 1109
f 3481 2108 1109
f 3482 2108 3481
f 4759 3490 3489
f 2105 2104 3490
f 3489 3490 582
f 2104 3498 3490
f 3498 2104 262
f 1098 1111 1105
f 257 1111 1098
f 257 1103 256
f 1111 261 3477
f 256 261 1111
f 261 1102 3491
f 261 3491 3494
f 3491 1112 3494
f 1112 2109 2110
f 1112 2110 3493
f 2112 2110 2111
f 3473 3472 2111
f 266 3492 3472
f 3493 2112 267
f 4966 2112 2111
f 2111 1113 4966
f 4966 2113 2112
f 267 2112 2113
f 1112 3493 3496
f 3494 1112 3496
f 3494 3496 3495
f 3495 3496 262
f 3496 3493 3497
f 263 3498 262
f 3498 582 3490
f 582 3498 2122
f 267 2113 2114
f 267 2114 4835
f 4906 4835 2114
f 269 4906 2114
f 2113 3501 269
f 2114 2113 269
f 2113 2115 3501
f 3492 3500 265
f 4980 2127 255
f 1126 2127 4980
f 2127 2126 3472
f 3472 2126 266
f 2126 278 266
f 3500 266 278
f 266 3500 3492
f 1113 264 2115
f 1114 263 3499
f 1114 2122 263
f 2122 268 582
f 3487 2108 1116
f 3488 1115 2116
f 269 2117 3502
f 2115 2118 3501
f 264 2119 2118
f 2118 2119 270
f 3506 2120 2119
f 3506 2119 3507
f 3507 2119 3503
f 3505 3503 4725
f 265 271 3503
f 265 3500 271
f 1117 3512 4725
f 1125 3513 1117
f 2137 1117 3513
f 1117 2137 3512
f 3512 3504 4725
f 3505 4725 3504
f 3509 1118 3510
f 1118 2120 3510
f 1118 3509 3502
f 2121 4906 269
f 4906 1119 4835
f 273 3499 4835
f 2123 2122 273
f 1521 2122 2123
f 1122 273 1119
f 2121 3509 3511
f 3509 3510 3511
f 3511 3510 2124
f 3510 3508 2124
f 1120 3508 3506
f 1120 274 3508
f 1120 3506 3507
f 1120 3507 272
f 3507 3505 272
f 3508 274 2124
f 1121 3511 2124
f 1122 1119 1123
f 1119 3511 1123
f 2125 1123 3511
f 4922 274 1120
f 272 4922 1120
f 3504 3527 272
f 3512 1124 3504
f 3512 1140 1124
f 4809 2137 3513
f 278 1125 3500
f 277 278 4760
f 2126 2127 1133
f 1129 1133 2127
f 2129 1126 253
f 3469 2102 1127
f 3514 1127 3466
f 3466 4888 3514
f 1128 3515 3514
f 3514 3515 1127
f 1128 3517 3515
f 3515 3517 1131
f 1127 3515 1131
f 1131 3469 1127
f 1131 2129 3469
f 2129 253 3469
f 2129 1129 1126
f 2129 1131 1130
f 1130 2128 2129
f 1131 2130 1130
f 1131 3517 2130
f 276 2130 1132
f 1130 276 2128
f 2131 3516 277
f 276 2131 2132
f 276 2132 1133
f 4760 2132 277
f 3516 2135 277
f 3519 2135 3516
f 3519 3516 1137
f 1132 3517 2133
f 1128 252 3518
f 2099 279 2100
f 1136 3464 1138
f 3464 1101 281
f 279 1135 1136
f 4757 3522 252
f 2134 1134 2133
f 280 3519 1137
f 3519 3520 2135
f 3521 2135 3520
f 3513 1125 278
f 3520 4809 3521
f 3519 3523 3520
f 3520 3523 2692
f 3522 3518 252
f 3518 3522 4889
f 2134 4889 4875
f 2136 2134 4875
f 3522 279 4889
f 1136 1138 4875
f 4875 1138 2136
f 1139 2136 2141
f 280 3523 3519
f 2137 4809 3525
f 282 1140 2137
f 1140 3512 2137
f 1140 3524 1124
f 1140 282 3524
f 3525 282 2137
f 282 3526 3524
f 1124 3524 2138
f 2138 3504 1124
f 2140 2138 3524
f 2138 2140 4274
f 3527 2522 3528
f 4222 3528 2522
f 4274 2522 2138
f 4922 3528 3529
f 4222 3529 3528
f 1514 275 3529
f 1121 1141 2125
f 3532 3531 1123
f 1122 1123 3531
f 3531 2139 1122
f 2123 1122 2139
f 2139 1521 2123
f 3661 2139 3531
f 3531 3532 3661
f 1123 2125 3532
f 4499 285 4496
f 1139 717 280
f 1643 717 1139
f 3533 2141 2419
f 2419 2141 281
f 3533 1391 2141
f 3462 3421 3534
f 3535 4422 3414
f 3414 2142 3534
f 3536 2143 1396
f 3997 3536 1396
f 1396 2143 3462
f 2142 1396 3462
f 1142 1078 2072
f 2144 235 1142
f 3537 2144 1142
f 2146 2145 3351
f 4836 313 2146
f 2147 4915 2043
f 3546 3349 1151
f 1143 1048 2148
f 3349 1143 1151
f 1151 1143 3545
f 1143 2148 3542
f 2148 1144 3540
f 3538 1144 2148
f 3346 2044 1048
f 3538 1048 2044
f 2149 2150 3538
f 3538 2150 1144
f 2150 3539 2151
f 3456 2152 1146
f 2155 2152 2153
f 3483 3484 286
f 286 3485 3488
f 2116 1145 3488
f 2155 2153 2154
f 287 2154 2153
f 287 2153 286
f 287 286 1147
f 2156 2155 2154
f 2155 1146 2152
f 3539 3456 1146
f 2151 3539 1146
f 2151 2156 3541
f 1144 2151 3541
f 1144 3541 3540
f 3542 3540 2157
f 2148 3540 3542
f 3540 2159 1149
f 2157 1149 2161
f 3541 2156 2159
f 2159 2156 2154
f 1148 2158 2154
f 287 1147 288
f 1148 288 2158
f 2158 288 3543
f 289 2158 3544
f 2158 289 2159
f 2159 289 1149
f 3548 2162 289
f 2157 2161 1150
f 3542 2157 1150
f 3545 3542 1150
f 3587 3545 1150
f 3587 291 3545
f 290 2147 218
f 290 4915 2147
f 4915 3547 314
f 1152 2160 290
f 3547 1178 314
f 3547 290 2160
f 218 3546 1152
f 3546 1151 2185
f 2185 1151 291
f 1151 3545 291
f 1150 2161 292
f 3587 1150 2163
f 2163 292 1153
f 2161 2162 292
f 2161 1149 2162
f 3548 289 3544
f 2162 3548 3549
f 292 2162 2164
f 292 2164 3550
f 3548 293 3549
f 293 3548 3544
f 3544 294 293
f 293 295 3549
f 296 3587 2163
f 1153 3550 3552
f 3550 2164 3552
f 295 2168 2167
f 295 2167 2164
f 2167 3552 2164
f 3551 2163 1153
f 296 2163 3551
f 3551 1153 2166
f 2167 1156 2187
f 293 294 295
f 3543 294 3544
f 3543 1147 2169
f 3543 288 1147
f 2169 294 3543
f 1145 2116 3554
f 1145 3557 1147
f 3554 3557 1145
f 3555 2170 3554
f 2170 3555 1154
f 1154 3556 2170
f 3557 2170 3556
f 3556 4686 2171
f 3557 3553 1147
f 4839 2171 4686
f 3553 3556 297
f 297 2171 2172
f 1155 297 2172
f 1155 3553 297
f 2169 3553 1155
f 294 2169 2168
f 1156 2168 1155
f 2172 1156 1155
f 4499 4505 3558
f 3559 3558 1159
f 3560 3561 3559
f 3561 2173 3559
f 4274 2173 3561
f 3561 3560 1158
f 1159 298 3560
f 3560 298 3562
f 2224 3562 1160
f 3562 1158 3560
f 3562 298 3563
f 4507 298 1159
f 3563 1160 3562
f 3564 1160 3563
f 299 4536 300
f 2225 300 301
f 4536 3565 300
f 3565 2714 4538
f 3565 3566 300
f 2174 3566 4538
f 2175 3566 3567
f 4283 3567 2174
f 4283 1553 3567
f 300 2175 301
f 1161 2175 3567
f 4761 1161 1162
f 1162 1161 4286
f 620 2224 1162
f 1162 4286 620
f 3423 3425 2176
f 4443 2176 3569
f 3426 2176 3425
f 3569 3426 3438
f 302 3571 240
f 302 240 3434
f 4984 302 3434
f 302 4984 3570
f 302 1163 3571
f 3572 1084 3571
f 233 1084 3572
f 1164 3574 303
f 308 1166 304
f 3270 2183 1170
f 3270 1170 3584
f 2182 3584 312
f 3276 1189 4701
f 312 1189 3276
f 3584 1170 312
f 3585 1170 2183
f 2183 2184 3585
f 1170 3585 3623
f 3601 3621 3585
f 916 2145 3277
f 2145 2184 3277
f 2184 313 3602
f 3586 3602 313
f 1177 1178 3547
f 1177 3547 2160
f 2185 315 2160
f 2185 2160 1152
f 2185 291 317
f 317 3587 296
f 2165 296 3551
f 3551 3588 2165
f 2166 3552 2186
f 2166 3592 3551
f 3592 2166 2189
f 1171 2186 2167
f 2187 1171 2167
f 2187 1156 3589
f 2172 3589 1156
f 2187 3589 1172
f 316 2186 1171
f 3590 316 1171
f 1171 2187 3590
f 3589 1157 3598
f 2187 1172 3590
f 316 3591 2186
f 2190 3591 316
f 3591 2189 2186
f 1173 3551 3592
f 3588 3551 1173
f 3588 1173 1174
f 3593 3588 1174
f 317 2165 3593
f 3593 2165 3588
f 315 3593 3595
f 3595 318 3594
f 3593 318 3595
f 318 3593 1174
f 1175 318 1174
f 2188 1173 3596
f 1173 3592 3596
f 3596 3592 3600
f 3592 2189 3600
f 3596 3597 2188
f 1174 2188 2193
f 3597 319 2188
f 3600 2189 4996
f 2189 3591 4996
f 316 322 2190
f 3590 3599 322
f 3599 3590 1172
f 3589 3598 1172
f 3598 1157 2293
f 1172 3598 320
f 1172 320 3599
f 320 3803 321
f 3599 321 404
f 3605 322 404
f 3811 3605 404
f 4996 1183 3600
f 1175 2191 318
f 3594 318 2191
f 4876 3594 2191
f 3594 4876 1177
f 323 4876 2191
f 1176 4876 323
f 1176 1177 4876
f 315 1177 2160
f 1178 1177 1176
f 314 3601 3586
f 3602 3586 3601
f 3601 314 1179
f 1179 1178 1176
f 1176 2204 1179
f 2204 1176 323
f 2204 323 3603
f 2192 324 2191
f 2192 3610 324
f 319 1180 2193
f 325 1180 319
f 319 3597 325
f 3597 3596 2194
f 3596 3600 2194
f 2194 3600 1183
f 3604 1182 3607
f 2190 322 326
f 322 3605 326
f 326 3605 1181
f 326 1181 3834
f 3607 1182 3606
f 1196 327 1183
f 2194 1183 327
f 3597 2194 3608
f 327 3608 2194
f 1180 1184 2193
f 1185 3610 1184
f 2195 3618 3609
f 3618 324 3609
f 324 3618 323
f 2196 3609 1185
f 1180 3612 1184
f 325 2197 1180
f 325 3597 3608
f 3611 2196 1185
f 2196 3611 4726
f 2198 3612 2199
f 2197 2199 3612
f 3611 2198 1186
f 2199 3614 2198
f 2200 4726 3613
f 3613 4726 1186
f 3652 3613 1186
f 1186 3614 3615
f 2199 1195 3614
f 3615 2201 3652
f 1186 3615 3652
f 3616 2200 3613
f 4726 2200 2195
f 3617 2202 3616
f 3617 3616 4727
f 1187 3617 2205
f 2205 1012 1187
f 3618 2195 2202
f 2203 3603 3619
f 2203 1179 2204
f 1179 2203 2208
f 3619 2208 2203
f 3620 3603 3618
f 3620 2202 3617
f 3620 3617 3624
f 3624 3617 1187
f 3278 184 1012
f 1012 2205 3279
f 4727 2206 2205
f 4727 3616 1192
f 3613 1192 3616
f 2206 4727 1192
f 3279 2205 2206
f 1013 1190 184
f 184 1190 1187
f 1190 3624 1187
f 3620 3624 1188
f 3619 1188 2207
f 2207 2208 3619
f 1179 2208 3601
f 3621 3601 2208
f 3621 2208 2207
f 3622 2207 1188
f 3623 3622 1189
f 3623 312 1170
f 312 3623 1189
f 1189 3622 4701
f 3622 1188 3624
f 1190 4701 3624
f 1190 1013 4701
f 1191 3279 2206
f 1192 3625 4952
f 3625 1217 4952
f 339 3654 3625
f 3625 3613 2218
f 3613 3652 2218
f 2199 2197 3627
f 2197 1193 3627
f 3626 2197 325
f 325 3608 3626
f 2197 3626 1193
f 3627 1193 1194
f 3627 1194 3628
f 3628 329 3627
f 1195 3627 329
f 329 1204 1195
f 1204 2201 1195
f 1195 2201 3614
f 3641 329 1201
f 1194 328 3628
f 2209 3628 328
f 2209 3629 1198
f 3629 328 3626
f 3607 3606 3631
f 3631 1197 2210
f 1198 2210 1197
f 3629 2210 1198
f 2210 3629 327
f 327 3626 3608
f 1198 1197 2211
f 1197 3631 1199
f 3634 2211 1197
f 1197 1199 3630
f 3631 2212 3632
f 3631 3632 1199
f 1199 3632 3633
f 1197 3630 3634
f 3634 3630 2213
f 3636 3634 2213
f 3633 3630 1199
f 2310 3838 3633
f 3630 3839 2214
f 3633 3838 3839
f 2213 3630 2214
f 2214 4762 2213
f 4762 4837 3635
f 4846 2214 3839
f 4837 4846 1310
f 3636 2213 4762
f 330 3636 4838
f 330 331 2211
f 331 1201 2209
f 2209 1201 3628
f 1201 331 3638
f 3638 331 3637
f 330 3637 331
f 3638 3637 1200
f 3641 1201 1203
f 1201 3638 1203
f 3639 3865 1206
f 1202 332 1203
f 3640 332 1202
f 332 3640 1205
f 3641 332 1205
f 3641 1204 329
f 1204 3641 1205
f 1211 3640 333
f 1210 1211 333
f 1207 1210 333
f 1207 333 338
f 338 1206 2215
f 2215 1206 1208
f 2215 1208 3642
f 3642 1209 2215
f 1209 338 2215
f 3644 4343 3643
f 3643 4343 335
f 4343 4811 337
f 336 337 4811
f 337 336 2217
f 337 335 4343
f 334 335 1209
f 1209 335 338
f 337 1207 335
f 2217 1207 337
f 1210 1207 3647
f 3650 1211 1210
f 3646 3647 2217
f 3648 3647 3646
f 3649 3647 3648
f 3650 3647 3649
f 339 3650 3649
f 1204 1205 3651
f 3651 2201 1204
f 1212 3652 3651
f 1211 1212 3651
f 1211 3650 1212
f 339 1212 3650
f 2218 3652 1212
f 339 2218 1212
f 3646 336 340
f 341 340 336
f 3653 340 341
f 3654 3649 3648
f 3653 3654 340
f 341 3655 3653
f 2220 341 4763
f 3655 341 2220
f 4763 2219 4347
f 1213 3655 2220
f 3293 3657 3658
f 1215 3658 2221
f 4890 4685 2222
f 2222 3656 4890
f 3656 2222 1213
f 4685 343 2222
f 343 4685 3659
f 3658 3659 2221
f 3658 3657 3659
f 344 2005 3294
f 3657 344 3659
f 344 3660 1216
f 3659 1216 343
f 1216 2223 343
f 343 2223 2222
f 3297 1213 2222
f 1213 3297 3655
f 3653 1218 1217
f 3655 3297 2014
f 1216 3660 2223
f 3661 3530 2139
f 284 3661 3532
f 284 3532 283
f 317 315 2185
f 4952 190 1191
f 1217 190 4952
f 1218 190 1217
f 1160 3564 2719
f 3568 1160 4541
f 4541 1160 2719
f 3662 3568 4541
f 4761 3568 3662
f 4761 3663 301
f 1219 2225 3663
f 2225 301 3663
f 2225 1219 299
f 345 3663 1676
f 4543 1676 3663
f 3662 4543 3663
f 1433 3665 3664
f 2226 3664 1221
f 3665 1220 3664
f 2226 1221 3666
f 3666 346 2226
f 3666 3668 3667
f 1222 3669 3668
f 3668 350 1231
f 1221 1220 350
f 350 1220 3670
f 1220 2243 3670
f 1440 2227 1402
f 3673 1440 1402
f 3714 3672 3671
f 362 1402 2228
f 3716 3717 2228
f 2116 4781 3555
f 3555 4781 1224
f 3555 1224 1154
f 2551 2552 3804
f 4272 3804 4764
f 348 610 4764
f 4839 347 2230
f 348 4764 347
f 2229 4839 4686
f 4839 1157 2171
f 347 4839 2229
f 347 2229 348
f 4265 348 2229
f 2230 1157 4839
f 2230 347 3804
f 2552 402 3804
f 3804 402 3805
f 402 4840 403
f 4271 405 1225
f 405 4271 2340
f 4271 1226 2340
f 346 3876 2231
f 346 3666 3876
f 3876 3666 3875
f 3666 3667 3875
f 1229 3667 3669
f 3669 1230 1229
f 350 1251 353
f 350 353 1231
f 1222 1231 1230
f 1230 1232 1229
f 1229 1232 349
f 1232 2232 349
f 1230 3677 1232
f 3678 3676 1232
f 3677 3678 1232
f 3678 3680 3676
f 1230 2234 3677
f 3677 2234 2235
f 2235 2236 3677
f 3679 2236 1235
f 3682 3676 3680
f 3679 3684 3680
f 4977 3684 3679
f 3679 1235 4977
f 3680 3684 3681
f 3680 3681 3682
f 3676 3682 2232
f 443 2232 3682
f 349 2232 3870
f 3871 3870 1233
f 3870 2232 1233
f 443 2341 2232
f 442 3681 1234
f 3681 3685 1234
f 3684 3685 3681
f 3879 2233 3880
f 4977 1235 2233
f 2233 1235 4812
f 2236 4812 1235
f 2234 3686 2235
f 2235 3689 2236
f 2235 3686 3689
f 3688 3687 351
f 2234 1230 1231
f 2234 1231 351
f 3688 4923 3687
f 4923 3688 3699
f 3687 4923 1238
f 3689 1238 352
f 3690 4812 3689
f 3691 4812 3690
f 4765 3691 3690
f 4765 3690 3692
f 352 2239 1236
f 3690 1236 3692
f 1237 4765 3692
f 1237 3695 4765
f 3695 1237 3694
f 1237 3692 3697
f 3692 1236 3697
f 352 2238 2239
f 3698 2237 4923
f 4923 3699 3698
f 352 2237 2238
f 3693 4870 2238
f 3698 3693 2237
f 1239 2239 4870
f 2239 1239 2240
f 4548 2239 2240
f 1236 2239 4548
f 3697 1236 4548
f 1237 3697 3694
f 3696 3691 4765
f 3696 4765 3695
f 3696 3695 1240
f 3881 1240 3695
f 3881 3694 1241
f 3777 1241 1242
f 4841 4905 4549
f 1243 4841 3693
f 4841 4549 3693
f 3698 3699 354
f 353 3688 351
f 3700 3688 353
f 2241 4842 3688
f 1244 3699 4842
f 1244 354 3699
f 4766 4905 4841
f 1245 356 1246
f 358 2242 357
f 358 3701 2242
f 2730 3701 358
f 1247 359 358
f 1244 1248 1246
f 1248 1244 1249
f 4924 4842 1250
f 4842 2241 1250
f 1250 2241 3700
f 353 1251 3700
f 3703 4924 1250
f 1250 3700 3703
f 2243 360 3670
f 360 3705 3670
f 1251 3670 3705
f 3705 2244 1251
f 3704 2244 3707
f 3703 3704 4924
f 1252 3707 2244
f 1252 3706 3707
f 3708 3707 3709
f 3710 3709 3707
f 3704 3708 4924
f 1249 2486 1248
f 2486 1249 4937
f 1253 2486 4937
f 3708 1253 4937
f 3708 3709 1253
f 3706 3710 3707
f 4847 361 2252
f 2245 2252 361
f 3711 3712 3713
f 2246 3713 4985
f 3712 3672 3713
f 3714 3671 362
f 3671 3673 362
f 1402 362 3673
f 3714 362 3715
f 3715 362 2228
f 4985 3715 3717
f 4985 3717 2246
f 3719 3717 3716
f 3719 3716 3718
f 906 3718 3716
f 1898 3719 907
f 3070 3718 906
f 1254 2247 363
f 2247 3072 363
f 1223 363 3072
f 2248 363 1223
f 1223 3749 2248
f 2248 3720 363
f 2248 2249 3720
f 2248 3748 2249
f 379 2249 3748
f 1254 4953 2250
f 2249 2264 4953
f 2249 3751 2264
f 3721 4953 2264
f 364 4953 3721
f 2250 4953 364
f 2250 2251 3711
f 2251 364 1255
f 1255 3721 3744
f 2251 1255 1256
f 1256 2245 2251
f 2245 1256 3746
f 3746 1256 3745
f 3743 365 3746
f 2245 3746 365
f 365 2252 2245
f 2252 365 1257
f 4847 2252 1257
f 1265 1260 1257
f 366 4151 386
f 386 2275 366
f 366 2275 4150
f 386 2273 3758
f 2253 1462 3722
f 3728 3722 3727
f 3722 1462 3727
f 3723 3722 4823
f 3723 2253 3722
f 3724 2273 1258
f 1258 3725 368
f 3725 367 368
f 2271 367 4152
f 3723 4823 4858
f 4823 369 4858
f 3728 3727 2475
f 3728 2475 1264
f 1264 3741 3728
f 3728 3741 369
f 3729 369 3741
f 370 2258 3729
f 3730 4858 369
f 4858 2254 1261
f 1261 2254 4767
f 1261 3731 1259
f 3731 1262 1259
f 373 1262 4767
f 3732 1262 373
f 2254 3733 4767
f 3730 2257 371
f 2257 3730 2258
f 2255 3732 373
f 373 374 2255
f 3733 2269 374
f 2256 2269 3733
f 382 381 3734
f 3867 375 3734
f 3735 1269 2257
f 370 3729 377
f 377 3740 376
f 376 3740 3739
f 2260 377 376
f 2266 376 2259
f 3738 1263 2266
f 370 377 2261
f 3736 3735 2261
f 2261 2260 3736
f 2268 3736 3755
f 2260 1263 3755
f 3737 3755 1263
f 3737 1263 3738
f 3737 3738 3754
f 3754 3738 2266
f 2259 2262 2266
f 3741 1264 3910
f 3742 1257 365
f 3742 365 3743
f 3745 2262 3746
f 3744 3747 3745
f 3744 3745 1255
f 3747 2266 3745
f 2262 3745 2266
f 3743 3746 3739
f 2259 3739 3746
f 2262 2259 3746
f 2263 3747 3744
f 3721 2264 1266
f 1266 2264 3753
f 379 3751 2249
f 3748 1913 2265
f 2265 379 3748
f 2248 3749 378
f 3749 95 378
f 3750 379 2265
f 379 3750 3782
f 379 3784 3751
f 396 3751 3784
f 1267 1266 3753
f 380 2266 3747
f 2266 380 3754
f 2283 3737 3754
f 2268 2573 3736
f 1268 3867 372
f 382 2256 381
f 383 2256 382
f 383 2269 2256
f 384 3732 2270
f 1262 3732 384
f 4152 384 2271
f 2270 1275 2271
f 1275 368 2271
f 3768 2272 1274
f 2272 3768 368
f 3768 3756 368
f 368 3756 1258
f 3756 4843 3724
f 4843 3767 385
f 385 3757 2273
f 3767 3771 385
f 2273 3757 3758
f 3758 3757 3759
f 4891 4910 2275
f 4891 1273 4910
f 2274 387 1463
f 387 2274 388
f 389 1273 1272
f 3762 1273 4891
f 1273 3773 1272
f 2278 3762 3760
f 2275 2278 3760
f 386 3759 4967
f 2278 4967 3763
f 3757 3763 3759
f 3757 3772 3763
f 3771 2276 385
f 3764 3766 3765
f 2277 3764 390
f 390 3764 3765
f 390 3765 3767
f 4843 3769 390
f 3756 3768 4843
f 3768 1274 3770
f 2270 1276 1275
f 1337 1274 1276
f 1276 1274 1275
f 392 3769 3768
f 392 2325 3769
f 2277 3769 2325
f 2277 3853 3764
f 3765 3766 3771
f 3763 3899 2278
f 2278 3899 3762
f 3899 4772 3762
f 3762 4772 3773
f 2279 1272 3773
f 1272 2279 388
f 388 2279 2343
f 3774 388 2343
f 1277 2343 3775
f 2280 1277 393
f 393 3775 3776
f 3776 1240 3881
f 3881 393 3776
f 393 3881 1241
f 3777 1242 2733
f 2280 3777 3778
f 4815 3706 1252
f 3779 4815 395
f 3710 3706 3779
f 3779 4177 3710
f 4177 3779 4174
f 4174 3779 3780
f 3779 395 3780
f 1248 2484 3702
f 3702 2484 4777
f 1247 3702 359
f 1946 3782 3750
f 379 3782 3784
f 3782 3785 3784
f 1946 3785 3782
f 3797 1569 4309
f 4309 2573 2284
f 3783 3755 3737
f 2283 3783 3737
f 3754 2282 2283
f 2282 380 2263
f 2263 1267 3786
f 1278 3786 1267
f 396 1278 3753
f 3148 3785 1946
f 3786 2282 2263
f 3789 2283 2282
f 2282 1279 3790
f 3787 2268 3783
f 3788 4309 2284
f 3788 2284 3787
f 3789 3787 2283
f 1280 3787 3789
f 1280 3789 3790
f 3791 3790 3793
f 3793 3786 1278
f 2285 3752 3784
f 3752 2285 3792
f 3791 3793 3792
f 2286 3791 3795
f 3794 1282 3795
f 2285 3794 3792
f 2285 3784 1283
f 398 2285 1283
f 2288 1281 1282
f 2289 3799 3795
f 2287 457 1280
f 3787 3796 3788
f 1569 3797 397
f 3788 3796 3797
f 3796 457 4892
f 3797 4892 397
f 1355 2575 4892
f 2288 2289 1281
f 2288 1282 3800
f 2288 3800 1285
f 1285 2289 2288
f 2289 1285 3801
f 3800 3226 1286
f 3800 1282 2285
f 3785 2292 399
f 3785 3148 2292
f 398 3226 3800
f 1285 1286 400
f 1287 3801 400
f 2289 2360 3915
f 3801 2360 2289
f 3801 401 2361
f 2290 401 1287
f 3224 2290 1287
f 3225 1287 400
f 400 1286 3225
f 3235 1289 3228
f 3228 1289 2290
f 2290 1288 401
f 1289 1290 2290
f 1289 989 1290
f 1290 4824 2291
f 3598 2293 3803
f 3804 3805 2230
f 2293 3805 3803
f 3803 3806 3807
f 3803 3805 3806
f 3803 3807 321
f 3810 3806 3808
f 403 2294 3808
f 4840 405 2294
f 405 406 2294
f 407 2295 2296
f 1181 3605 3811
f 3811 412 1298
f 3811 407 412
f 407 2296 408
f 1291 2295 3807
f 3807 3810 1291
f 3810 3809 3813
f 408 3813 1297
f 3813 3812 1297
f 3812 3813 3809
f 3812 2297 1292
f 1297 3812 409
f 409 1292 3822
f 1292 4925 3822
f 4844 1292 2297
f 3814 2294 3815
f 3814 2297 3809
f 3814 3815 2297
f 4844 2297 3815
f 3815 406 1293
f 4844 3815 1293
f 3816 4813 4925
f 1293 406 3817
f 405 3817 406
f 405 2340 3817
f 3817 3818 2298
f 3816 1293 2298
f 4813 3816 2298
f 1294 4813 2298
f 4845 4813 1294
f 441 3818 1295
f 3819 444 411
f 4845 411 444
f 4925 4813 3821
f 444 3819 2342
f 3820 444 1301
f 3821 3820 3824
f 3822 4925 3821
f 3824 3820 1300
f 1301 1300 3820
f 2300 4768 1300
f 3824 1300 4768
f 1297 3823 408
f 412 408 3823
f 3823 1297 3826
f 1297 409 2303
f 3824 1296 3822
f 4768 3825 3824
f 1296 3824 3825
f 2299 1296 3825
f 2303 1296 2299
f 3826 1297 2303
f 3827 3823 3826
f 412 3823 3827
f 1298 412 3827
f 3833 1298 3827
f 3833 3827 3828
f 418 3826 2303
f 2299 3825 413
f 4893 413 3825
f 1299 4893 4768
f 413 2304 2302
f 2301 3829 4768
f 3829 416 3831
f 3829 3830 416
f 2300 414 2301
f 2300 415 414
f 2300 1300 415
f 414 3830 2301
f 4769 3830 414
f 415 1300 1301
f 4978 415 1301
f 4769 414 1341
f 1351 3831 416
f 3831 4926 413
f 2304 413 417
f 418 2299 2302
f 3828 3826 418
f 418 2302 2304
f 2305 2304 417
f 419 2305 2308
f 419 418 2304
f 3828 418 419
f 3834 1181 1303
f 3833 1303 1181
f 3828 1302 3833
f 1303 3836 3834
f 1182 3834 3836
f 3836 1304 1182
f 3836 1303 1302
f 1302 3828 3835
f 2306 3835 419
f 1302 3835 2306
f 3836 1302 2306
f 3606 1182 1304
f 3606 1304 2212
f 2306 419 1305
f 1305 419 2308
f 1307 2212 2307
f 2307 1305 1307
f 1306 1307 1305
f 2308 2305 1306
f 2305 2315 2309
f 420 1306 2309
f 1306 420 1307
f 2310 1307 420
f 3837 3838 420
f 2310 420 3838
f 3837 1311 3838
f 2314 3839 3838
f 1310 1309 1308
f 2311 1308 3840
f 2312 2311 3840
f 3637 3841 1200
f 1200 2311 3842
f 2312 3840 3843
f 3840 2328 3843
f 1309 2313 3844
f 3844 2328 1309
f 3844 2313 421
f 1310 4846 4770
f 4846 3839 1312
f 3839 2314 1312
f 2314 1311 2316
f 3837 2309 1311
f 2355 2315 4926
f 1350 2315 2355
f 2309 1350 1311
f 2316 1350 3845
f 2316 3845 3846
f 2314 2316 3846
f 3846 1312 2314
f 422 2313 4770
f 1312 4770 4846
f 3846 1313 423
f 422 423 2318
f 1313 2317 1314
f 2318 1313 1314
f 2317 3903 1314
f 3846 2317 1313
f 424 1352 1315
f 2318 1315 3905
f 2318 3905 3847
f 3847 3905 425
f 422 2318 3847
f 3847 421 422
f 421 3847 2319
f 2320 1316 2319
f 2319 425 3849
f 3844 421 1316
f 2327 3844 1316
f 432 1316 426
f 2320 3848 426
f 3848 2320 1317
f 427 1317 3849
f 1317 427 428
f 425 2321 427
f 2324 1318 430
f 1318 2322 427
f 2322 2323 427
f 2323 2322 428
f 428 2322 1324
f 428 1324 2326
f 1324 2322 3850
f 2322 1318 3850
f 3850 1318 1323
f 1323 2324 3853
f 2324 3852 3853
f 3852 2324 429
f 2321 1321 430
f 430 1321 1319
f 429 430 1319
f 429 1320 3852
f 4974 1354 3851
f 1319 4974 3851
f 1322 3885 3886
f 3853 2325 1323
f 431 1323 2325
f 1324 3850 431
f 2326 1324 3854
f 1317 428 1325
f 3854 431 391
f 392 391 431
f 431 2325 392
f 1337 3770 1274
f 2326 3770 1337
f 3859 3848 2332
f 3848 1317 2332
f 3844 2327 2328
f 1328 2327 432
f 2330 2328 2327
f 3843 2328 2330
f 3856 2329 3843
f 3856 1329 2329
f 1327 2329 1329
f 1200 3855 3638
f 2330 2327 1328
f 1334 3857 1326
f 1334 433 432
f 1328 432 433
f 3856 2330 1330
f 1328 433 1332
f 3858 1330 434
f 1330 1332 434
f 2331 1331 1327
f 2331 2335 1331
f 2335 2331 2334
f 2334 2331 1333
f 3861 1326 3859
f 3859 2332 3861
f 3861 2332 435
f 1337 3860 2326
f 435 2326 3860
f 436 435 3860
f 1335 1332 1334
f 3858 434 1333
f 434 1332 3863
f 1332 1335 3863
f 3861 437 1334
f 2336 4702 437
f 437 3861 2336
f 2336 3861 439
f 2584 3862 4702
f 2583 3862 2584
f 3862 1335 437
f 4324 3863 2583
f 4325 3863 4324
f 3855 1331 2335
f 3639 3855 3865
f 3865 3855 2335
f 3865 2335 3864
f 1206 3865 1208
f 2337 2336 439
f 2337 1336 4702
f 4771 1336 2339
f 2255 1271 3860
f 3860 1337 2255
f 1338 1271 2338
f 3866 2338 383
f 3866 1339 439
f 2337 1339 2339
f 383 382 1339
f 1339 382 2339
f 2339 382 440
f 1577 2339 440
f 4333 3867 4334
f 4334 1268 630
f 1294 441 410
f 3869 441 1295
f 410 3868 3819
f 3868 3683 3819
f 3819 3683 1234
f 1340 443 442
f 441 1340 3868
f 3869 1340 441
f 3869 3674 2341
f 3869 2341 1340
f 3872 3871 1233
f 3872 1545 3873
f 3873 3874 3871
f 3667 1229 3675
f 3875 3667 3675
f 1301 444 4978
f 1342 4978 4961
f 4961 4978 444
f 3685 4961 2342
f 444 2342 4961
f 1342 4961 3685
f 1341 1342 3877
f 1342 3685 3879
f 1342 3879 3877
f 1343 3830 4769
f 2359 3830 3878
f 1343 3878 3830
f 445 3878 1343
f 3878 445 2358
f 2346 2347 445
f 445 1343 2346
f 3877 3879 3882
f 3882 3879 3880
f 1344 3696 446
f 446 3696 1240
f 3775 447 3776
f 447 3775 2343
f 447 2343 2279
f 4975 3696 1344
f 1344 3884 3880
f 4729 3877 2344
f 2344 1345 4729
f 1343 4729 1345
f 1345 2346 1343
f 2345 2346 1345
f 1347 2346 2345
f 2347 1346 448
f 2347 448 2358
f 1347 1346 2346
f 3883 1345 2344
f 2344 1348 3883
f 455 3883 1348
f 2345 3883 3891
f 2345 3891 2348
f 1347 2345 2348
f 1347 2348 3893
f 4986 3893 3901
f 1322 4986 3901
f 449 1320 3886
f 1320 449 3852
f 3852 449 3889
f 3889 3887 3852
f 3853 3887 3764
f 3764 3887 3766
f 450 3888 3900
f 3766 3900 3771
f 3889 450 3766
f 3889 3888 450
f 449 3885 3889
f 3889 3885 3888
f 3893 2348 2349
f 2348 3890 2349
f 2348 3891 3890
f 451 3901 3893
f 1349 3901 451
f 3894 2349 3892
f 3892 3897 3894
f 3892 3898 3897
f 3894 452 2349
f 2350 452 3894
f 3894 2352 2350
f 2351 2350 2352
f 453 2350 3895
f 453 452 2350
f 1349 451 452
f 1349 452 453
f 3895 454 453
f 4772 454 3895
f 2353 2351 2352
f 1344 2353 2352
f 447 3896 2353
f 446 2353 1344
f 3884 1344 3897
f 3882 455 1348
f 3773 447 2279
f 3899 454 4772
f 3900 454 3772
f 3900 453 454
f 1349 3888 3885
f 2355 3832 2354
f 3845 1350 2356
f 2354 2356 2355
f 3832 1351 2354
f 3902 2354 1353
f 2356 3902 3906
f 3903 2356 3906
f 3904 424 3903
f 424 3904 1352
f 1352 3905 1315
f 2321 425 3905
f 3905 1321 2321
f 1319 2357 4974
f 2357 3904 3907
f 1353 3906 3902
f 3906 1353 3907
f 4974 3907 3908
f 4974 3908 1354
f 3907 4997 3908
f 3907 1353 4997
f 1353 3909 4997
f 3909 1353 1351
f 1354 3908 448
f 448 1346 1354
f 4986 1322 1346
f 1346 1347 4986
f 3908 4997 448
f 1351 3832 3831
f 1351 2359 3909
f 2358 3909 2359
f 3743 3910 3742
f 3743 3739 3910
f 3739 3740 3910
f 3910 3740 3741
f 4730 3917 456
f 2575 1355 2609
f 2609 1355 1359
f 1355 457 3911
f 4892 457 1355
f 3798 3911 457
f 1284 3913 3912
f 1356 3798 3912
f 3911 1356 4730
f 3913 1356 3912
f 1356 3919 2368
f 1356 2368 4730
f 1356 3913 3919
f 3914 3915 458
f 3915 3914 3799
f 1357 2361 3802
f 459 458 1357
f 458 459 2362
f 1357 4942 459
f 2362 459 4942
f 2362 2364 1358
f 2364 2362 2363
f 3929 2364 2363
f 2366 2365 3929
f 3916 2365 2366
f 1358 2367 2362
f 2368 3919 1362
f 2368 3918 3917
f 1359 3911 4730
f 1359 1355 3911
f 456 1359 4730
f 456 3917 654
f 460 2615 3918
f 460 2369 2615
f 2615 2369 461
f 461 2369 1361
f 3919 3934 1362
f 1594 3921 4382
f 2370 3922 4382
f 3922 2370 3920
f 3920 461 1361
f 4382 3922 2372
f 2371 4382 2372
f 3924 3923 2372
f 3922 3920 3924
f 3925 3924 3920
f 3920 1361 3925
f 1358 2373 2367
f 1358 2364 2373
f 2373 3934 3913
f 3934 3926 3925
f 3924 3926 1363
f 3923 3924 1363
f 3923 1363 2365
f 2365 3916 3923
f 462 3923 3916
f 1596 2371 3927
f 3927 462 3928
f 3928 462 3916
f 3916 2366 2375
f 2375 3928 3916
f 3927 3928 3310
f 2374 3310 3928
f 2375 2374 3928
f 2376 2374 2375
f 2375 2366 2376
f 2376 3929 3930
f 3930 3929 2363
f 2363 4942 2378
f 4824 3931 2377
f 4824 1364 3931
f 2376 1365 2374
f 2363 2378 3930
f 2378 464 3930
f 2377 2378 4942
f 2377 3931 2378
f 464 463 3930
f 1364 464 3931
f 464 3932 463
f 463 3932 3933
f 463 3933 2376
f 3932 2379 3933
f 1363 2373 2364
f 3926 2373 1363
f 2364 2365 1363
f 2380 799 1367
f 2843 1367 799
f 2851 1367 2843
f 1368 1766 2381
f 2380 1367 3935
f 3935 465 2381
f 2381 465 4703
f 2381 3936 1368
f 3938 465 3935
f 29 3938 1367
f 3937 29 1367
f 1367 2851 3937
f 1789 3940 466
f 3938 466 465
f 465 1373 1371
f 2383 1766 1368
f 1368 3936 467
f 1368 467 2383
f 467 2382 1369
f 1369 3939 1370
f 1370 3939 3944
f 1369 1370 3999
f 3944 1394 1370
f 3999 1370 1394
f 1394 3944 3953
f 3953 3944 2387
f 3943 3944 3939
f 1369 468 3939
f 2382 468 1369
f 2382 4703 1371
f 1372 469 1371
f 1372 3941 469
f 465 466 1373
f 3940 2902 2384
f 4658 1373 2384
f 1372 1373 4658
f 469 470 468
f 470 3943 468
f 471 470 3941
f 3941 1621 471
f 3941 1372 1621
f 472 471 3942
f 3943 3945 3944
f 2387 3944 3945
f 3947 3946 3945
f 3947 473 2385
f 3946 3947 2385
f 473 3948 2385
f 3945 3946 3949
f 3949 2386 474
f 3945 3949 474
f 2387 3945 3950
f 474 3951 3950
f 475 1374 3951
f 2388 3951 1374
f 2388 477 3951
f 2387 3950 3952
f 3950 4704 3952
f 3953 2387 3952
f 3953 3952 476
f 3954 476 3952
f 3954 3952 4704
f 4704 3951 477
f 477 2388 2390
f 2390 4731 477
f 4731 2389 4954
f 4954 2389 3536
f 3536 2389 2143
f 2389 2420 2143
f 2389 1393 2420
f 3955 2390 2391
f 478 2391 2390
f 2388 478 2390
f 1374 478 2388
f 475 1375 1374
f 3951 2386 475
f 475 2386 2393
f 1375 479 1374
f 478 1374 479
f 479 1375 1397
f 2397 1397 1375
f 2393 2397 1375
f 3956 2393 2386
f 2385 1376 3946
f 480 1377 2385
f 1376 2385 1377
f 1377 3957 1376
f 3956 3946 1376
f 1376 3957 3956
f 3956 3957 2396
f 3948 480 2385
f 473 3958 3948
f 3960 3948 3958
f 3960 3959 3948
f 3959 482 480
f 482 3959 2394
f 3960 2394 3959
f 2394 481 4445
f 482 2394 483
f 480 482 1378
f 2394 3965 483
f 4445 3965 2394
f 3965 486 483
f 2395 3963 1378
f 3961 2396 4894
f 2397 3961 1397
f 4894 2398 3961
f 2398 4894 1379
f 2399 2400 4010
f 2400 2399 2401
f 2401 2398 1379
f 1379 4705 1380
f 2401 1379 3962
f 1380 3962 1379
f 484 1380 4705
f 4705 3963 484
f 484 3963 2395
f 2410 484 2395
f 485 3962 2423
f 501 2401 3962
f 2401 501 2400
f 1415 2400 501
f 1381 2423 1380
f 1380 2423 3962
f 1380 3964 1381
f 2409 486 3965
f 3971 486 2409
f 1382 3965 1622
f 853 1842 1383
f 853 2402 855
f 2402 3977 4773
f 1831 2403 487
f 52 487 2404
f 488 487 2403
f 2403 2405 488
f 2405 2403 2959
f 488 489 3966
f 489 488 2405
f 2405 2406 489
f 490 489 2406
f 2960 1385 2961
f 2960 2407 1385
f 2407 3968 2408
f 2407 3974 3968
f 3972 2408 3968
f 2406 3969 490
f 2408 3969 2406
f 2411 3969 3972
f 3969 4092 491
f 489 490 3970
f 1384 489 3970
f 2409 1382 4456
f 2409 4456 3970
f 491 3971 3970
f 3971 2409 3970
f 4092 3969 4091
f 2411 4091 3969
f 2411 3972 492
f 3973 492 3972
f 3977 3974 4773
f 3977 2402 3976
f 1383 3976 2402
f 2438 3974 3977
f 2438 3975 3974
f 492 3973 3974
f 3975 492 3974
f 3975 2438 493
f 3977 3976 2439
f 2438 3977 2439
f 2440 2439 3976
f 91 4045 59
f 3978 2412 2414
f 2412 3978 3984
f 3984 3983 2413
f 4633 2775 4948
f 3980 4633 4948
f 3979 4633 3980
f 3981 3989 3980
f 2413 3982 3981
f 3981 3982 3989
f 3979 3989 4634
f 1387 3990 3987
f 494 3983 3984
f 1387 3983 494
f 2414 2415 3978
f 4998 3978 2415
f 2414 4001 2415
f 494 4998 1387
f 3990 1387 3986
f 4004 3985 2415
f 4998 3985 4008
f 495 4998 4008
f 4998 495 496
f 3987 3990 497
f 3982 1387 3988
f 3988 3989 3982
f 3989 3988 4634
f 3990 3986 497
f 497 3986 1388
f 1389 1600 498
f 1388 3991 1600
f 3986 496 1388
f 496 3991 1388
f 4793 1389 2416
f 498 2416 1389
f 498 3414 2416
f 3992 4732 3991
f 495 3992 496
f 3996 495 499
f 3996 4732 3992
f 4422 2416 3414
f 251 2098 3463
f 4867 4226 2528
f 2427 3993 4015
f 2537 2417 2418
f 2418 2417 1416
f 1417 1416 4867
f 4867 3994 1417
f 1392 3533 2419
f 2420 2419 2098
f 1392 2419 2420
f 3995 1393 3955
f 1393 3533 1392
f 499 4006 3996
f 2142 3996 4006
f 2143 2420 251
f 3536 3997 4954
f 4954 3997 3998
f 476 3954 3998
f 3953 476 2422
f 2421 3999 4000
f 4003 4000 4001
f 4002 2421 4003
f 2383 2421 4002
f 4003 4001 2414
f 3953 2422 4005
f 4004 4000 4005
f 3985 4004 4005
f 2422 476 1395
f 2422 1395 4007
f 3997 4006 1395
f 4006 499 1395
f 4007 1395 499
f 4008 3985 4007
f 4005 2422 3985
f 4007 499 4008
f 1643 1391 3995
f 2391 4009 3955
f 3955 4009 1643
f 478 2392 500
f 4009 478 500
f 4009 2391 478
f 1397 719 2701
f 1397 2701 479
f 1398 4050 1397
f 3961 2399 1398
f 2399 4010 1398
f 2400 513 4010
f 501 4011 1415
f 501 2418 4011
f 501 485 4014
f 485 2423 4013
f 1390 2423 4012
f 4014 485 4013
f 4013 3993 4014
f 501 4014 2418
f 4013 4015 3993
f 502 1381 3964
f 4021 502 3964
f 503 2424 2425
f 1526 2425 2424
f 4019 4016 503
f 4025 595 4017
f 4017 4016 4018
f 4018 4025 4017
f 4019 2429 2426
f 1399 2426 2429
f 2426 4016 4019
f 2426 4018 4016
f 4018 2426 504
f 1399 504 2426
f 4019 1400 2429
f 4012 2425 2427
f 502 4020 4012
f 4023 502 4022
f 502 4021 4022
f 4095 4022 4021
f 4020 502 4023
f 4020 4023 2428
f 2428 4019 4020
f 4095 2428 4023
f 2428 4093 1400
f 4024 1399 2429
f 2430 505 4025
f 4025 4018 2430
f 504 4026 4018
f 4026 2430 4018
f 505 2430 2433
f 2430 4026 2433
f 505 4034 506
f 1540 4814 4027
f 4031 4029 4028
f 1401 2228 1402
f 4029 4030 1402
f 4046 4030 4031
f 1401 1402 4030
f 1401 4030 510
f 4030 4046 510
f 4031 4028 4032
f 4032 4028 4033
f 4033 2432 2431
f 4860 2431 2432
f 2433 509 4034
f 1405 2431 4860
f 1405 4860 1404
f 4035 4026 504
f 4035 2433 4026
f 2433 4035 4040
f 504 1403 4036
f 1403 1399 4024
f 2434 4024 2429
f 2434 1400 2411
f 2434 2429 1400
f 2435 4024 2434
f 4024 2435 1403
f 1403 2435 2436
f 4036 1403 2436
f 2434 4037 2435
f 4037 492 3975
f 493 4038 3975
f 3975 4038 4037
f 4037 2436 2435
f 4038 2436 4037
f 493 2438 4039
f 4090 493 4039
f 493 4041 4038
f 4041 2437 4038
f 2436 1404 4036
f 1404 4042 4911
f 1406 4033 2431
f 1405 1406 2431
f 1406 1405 4911
f 1407 4032 1406
f 4032 4033 1406
f 4043 4044 1407
f 1408 1407 4044
f 1409 4032 1408
f 4032 1407 1408
f 2437 4044 4043
f 2437 4043 4042
f 4041 4044 2437
f 2442 4044 4041
f 2442 4041 493
f 4090 2442 493
f 91 4047 4045
f 2439 4089 4039
f 1409 1408 1411
f 507 1401 510
f 3074 906 507
f 3074 507 510
f 906 3716 507
f 1409 1411 4949
f 510 4046 2441
f 3074 510 1410
f 2441 4825 1410
f 4949 4825 2441
f 4089 4825 4949
f 4039 4089 4090
f 4045 4047 4825
f 4045 4825 4089
f 940 4047 1900
f 4047 93 1900
f 2559 2560 4048
f 4098 2559 4048
f 4048 4049 2566
f 4050 4052 1645
f 1398 4052 4050
f 4052 2444 1645
f 2444 511 1645
f 2443 511 1413
f 511 2443 1412
f 512 1649 1412
f 512 1412 2443
f 2444 1413 511
f 1413 2444 514
f 2445 4051 2443
f 512 4051 2446
f 4051 2447 4927
f 2445 1414 4051
f 514 1414 2445
f 1398 4010 4052
f 4052 4010 513
f 4052 513 2444
f 513 514 2444
f 1415 4054 4053
f 513 4053 514
f 1414 514 4053
f 1418 2447 1414
f 2447 4051 1414
f 1414 2457 1418
f 4053 4054 1414
f 1414 4054 2457
f 3993 2418 4014
f 1416 1417 4055
f 2418 1416 4055
f 2418 4055 4011
f 4011 4055 4056
f 4011 4056 1415
f 1415 4056 4054
f 4055 2448 4056
f 4055 1417 2448
f 1417 3994 2559
f 2448 1417 2559
f 4056 2448 4054
f 4733 4927 2447
f 515 2446 4927
f 4927 517 515
f 4733 518 4927
f 518 1419 517
f 518 4733 4057
f 2447 1418 4057
f 4057 4058 518
f 1419 4987 517
f 517 4059 4515
f 4059 4061 2705
f 1420 2705 4061
f 519 1420 1421
f 4069 519 4068
f 4062 2449 4066
f 1421 520 4062
f 520 1421 1423
f 4061 1423 1421
f 4064 1423 4061
f 4061 4059 4064
f 4987 4064 4059
f 1419 4063 4987
f 521 520 1423
f 521 1422 4065
f 1422 1424 4065
f 4086 1424 1422
f 1424 1425 4065
f 1424 4086 4084
f 520 1426 523
f 520 523 2449
f 4066 2449 523
f 523 4988 524
f 4066 523 524
f 524 2452 4073
f 4066 1427 4067
f 4062 4066 4067
f 4068 4062 4067
f 519 4062 4068
f 4069 4070 4518
f 4070 4074 4075
f 4070 4068 4074
f 524 4073 1427
f 4074 4067 4072
f 4074 4072 525
f 2450 525 4072
f 525 4075 4074
f 4075 525 1428
f 1428 4524 4075
f 1428 525 2450
f 2451 1656 1428
f 1428 2450 2451
f 4076 2451 2450
f 2450 4073 4076
f 527 4077 528
f 4077 527 4078
f 2709 4076 1429
f 4078 4533 1661
f 4078 531 4533
f 530 528 4080
f 4988 4079 524
f 529 4079 4988
f 4895 4988 522
f 529 4988 4895
f 2452 4079 4080
f 4083 2453 4079
f 2453 530 4080
f 528 530 4082
f 530 4081 4082
f 4082 4081 1431
f 4082 1431 1430
f 1430 4533 531
f 532 4081 4877
f 530 4877 4081
f 1432 4290 4877
f 4083 4079 529
f 2455 4084 4086
f 4086 1422 4063
f 4063 4058 4085
f 4058 4057 533
f 534 533 4057
f 533 534 4098
f 2457 534 1418
f 2457 4097 534
f 4087 4098 4048
f 533 4098 4087
f 4085 4086 4063
f 4086 4085 2455
f 2455 2456 4735
f 2566 4735 2456
f 2566 2456 4087
f 4825 4047 940
f 1410 4825 940
f 4089 4949 4774
f 4089 4774 4090
f 92 940 4088
f 4092 3971 491
f 3971 4094 2410
f 4092 4093 4094
f 4092 4091 4093
f 4093 2428 4095
f 4021 4096 4095
f 2410 4094 4096
f 4054 4097 2457
f 2448 4097 4054
f 4256 536 2231
f 536 535 4099
f 4100 537 4099
f 536 4099 537
f 537 539 536
f 4259 537 4100
f 4102 4105 538
f 538 4105 4106
f 4259 538 4106
f 4106 1434 4259
f 1434 537 4259
f 539 537 1434
f 536 4103 4101
f 539 1433 4103
f 1433 539 1435
f 4101 2231 536
f 2459 2458 3665
f 2459 2460 2458
f 2458 2460 4104
f 4110 542 4104
f 1433 1435 2459
f 4106 4105 1539
f 1539 4105 4102
f 1539 1436 4106
f 4107 4106 1436
f 4106 4107 1434
f 4706 2460 4107
f 4112 4111 541
f 541 540 4112
f 1436 4706 4107
f 4706 1447 2460
f 4706 4124 2463
f 1436 4124 4706
f 1437 4124 1436
f 541 4111 4109
f 1437 4111 1442
f 540 4115 4113
f 2462 4117 1438
f 4115 1438 4113
f 4114 2461 4115
f 2461 1439 1440
f 4115 1441 1438
f 1441 2462 1438
f 2227 1440 1439
f 1439 2550 4028
f 1440 4120 2461
f 4118 1441 543
f 4118 4119 1441
f 1441 4116 2462
f 2464 2462 4116
f 4117 2462 2464
f 4112 4113 4117
f 4111 4112 1442
f 4117 2464 1442
f 2464 4116 1443
f 4119 545 1443
f 4118 4943 4119
f 4120 543 2461
f 4120 1440 3673
f 4118 543 4976
f 4976 4120 1444
f 1448 4118 4976
f 2729 2728 2493
f 1445 2493 2728
f 4121 1445 4122
f 4121 2493 1445
f 4907 2458 4104
f 4104 4133 4907
f 1447 542 4110
f 1447 4123 542
f 2464 544 1442
f 2463 4687 1447
f 1447 4687 4123
f 4125 4687 2463
f 544 2463 4124
f 4125 544 4128
f 2464 4128 544
f 4128 2464 4989
f 4989 2464 1443
f 545 1449 4126
f 4136 2465 4943
f 4943 1448 4136
f 4976 1444 1448
f 1444 1455 1448
f 2465 4136 2466
f 1449 4129 4126
f 4126 4129 4127
f 4126 4127 4989
f 4126 4989 1443
f 2466 4135 2465
f 1450 4135 2466
f 4148 4129 1451
f 4129 4130 4127
f 546 2467 4127
f 4130 2477 4127
f 4131 2468 546
f 2468 2467 546
f 2467 2468 4128
f 4128 2468 1452
f 4128 1452 4125
f 1452 1453 4125
f 1453 1452 2468
f 2468 4131 1453
f 4125 1453 4132
f 4125 4132 4687
f 4132 4162 4687
f 4687 1470 4123
f 2458 4907 360
f 4907 547 360
f 360 547 3705
f 1252 547 1454
f 4133 1454 547
f 4132 4896 4162
f 4131 4896 4132
f 548 2477 4159
f 2477 4130 4158
f 4130 555 4158
f 4148 555 4130
f 1461 4148 1451
f 2469 1449 4135
f 2470 2469 4135
f 2470 2474 2469
f 1458 2470 4135
f 4139 4135 1450
f 4139 1458 4135
f 4138 1450 2466
f 2466 4136 4138
f 4136 1448 4138
f 4137 1444 3672
f 549 1455 4137
f 549 4137 3712
f 1456 549 3712
f 361 1456 3711
f 1455 550 4138
f 4139 1450 4138
f 1458 4140 2470
f 2470 4140 1457
f 4140 551 4149
f 551 4140 1458
f 2471 1458 4139
f 4141 550 1260
f 4847 1260 549
f 549 1456 4847
f 4847 1456 361
f 4137 3672 3712
f 2472 2471 550
f 4141 2472 550
f 4141 2475 4142
f 4142 4144 2472
f 4142 4143 4144
f 2471 551 1458
f 2471 4144 551
f 551 4144 4145
f 1459 552 2473
f 552 366 2473
f 2473 4145 1459
f 3725 4151 552
f 4151 366 552
f 4146 552 1459
f 4146 1460 552
f 366 4150 2473
f 2473 4150 4145
f 4149 4147 4140
f 4140 4147 1457
f 2469 2474 1461
f 1461 4775 4148
f 4153 1461 2474
f 4149 4910 4147
f 389 4147 1273
f 4910 4145 4150
f 4145 4910 4149
f 4910 4150 2275
f 1258 2273 4151
f 367 3725 552
f 4152 367 1460
f 4146 1462 4152
f 2253 4152 1462
f 1462 4146 4143
f 1462 4143 3727
f 2475 3727 4143
f 1265 2475 4141
f 1265 4141 1260
f 389 1463 4147
f 4147 1463 1457
f 2474 1457 1463
f 1463 3761 2474
f 3761 2476 4153
f 3761 4153 2474
f 4153 2476 2281
f 4153 553 4775
f 4568 2734 1464
f 1464 2734 4564
f 1465 740 4154
f 1466 4155 4156
f 4154 4155 1466
f 1465 1466 4157
f 1467 1466 4156
f 4160 1466 1467
f 4157 1466 4160
f 1469 4157 4160
f 4157 1469 4158
f 4158 4928 4157
f 1464 4564 4928
f 4775 1464 555
f 555 1464 4158
f 4158 1464 4928
f 2477 1469 4159
f 548 4159 4896
f 4160 1467 2478
f 2478 4165 4160
f 1468 4160 4165
f 1469 1468 4161
f 1468 556 4161
f 4161 2479 4848
f 4848 4159 4161
f 4848 4896 4159
f 4896 4848 4162
f 4162 4848 4164
f 4162 1473 1470
f 1471 1470 1473
f 4134 1472 1454
f 1454 4163 4815
f 1454 4815 1252
f 4163 1472 4169
f 1471 1472 4134
f 4123 1471 4134
f 4123 1470 1471
f 1471 1475 1472
f 4164 4780 557
f 4165 2478 4166
f 2478 4167 4166
f 4165 4166 556
f 4168 2479 4161
f 4780 1504 557
f 4164 557 2480
f 557 1476 2480
f 1473 1474 1471
f 2481 1473 2480
f 1474 2481 1475
f 1472 1475 4169
f 4171 4169 1475
f 4169 4815 4163
f 4170 4815 4169
f 4172 3780 395
f 2482 4171 1475
f 558 4171 2482
f 4707 2482 2481
f 4173 4707 1476
f 4173 1476 1504
f 4207 558 4707
f 2483 1477 558
f 4171 558 4170
f 4191 4172 1477
f 4172 4191 3780
f 4191 1495 3780
f 3780 1495 4178
f 3780 4178 4174
f 1495 561 4178
f 4177 2487 1253
f 4175 3702 1480
f 4181 4176 4175
f 2484 2485 4777
f 2484 4776 2485
f 2487 4776 2486
f 4177 559 2487
f 4178 559 4174
f 559 560 2487
f 560 559 1478
f 1478 559 4190
f 561 4190 559
f 4190 4179 1478
f 560 1478 1482
f 4179 1482 1478
f 560 1479 2487
f 2487 1479 1481
f 1481 4777 4776
f 1481 562 1480
f 4181 1480 562
f 562 2488 4181
f 2489 562 1481
f 1479 1482 2489
f 2490 2489 1482
f 2490 2496 2489
f 2496 2488 2489
f 2488 562 2489
f 4180 2491 4181
f 2491 2492 4181
f 2491 1483 2492
f 2492 4186 2737
f 2495 2737 4186
f 4182 564 4183
f 4122 4183 1446
f 1446 4183 564
f 4182 4185 564
f 565 1446 564
f 564 1485 565
f 565 4184 1446
f 4184 4121 1446
f 4121 1484 2493
f 1484 4204 2493
f 4199 4204 1484
f 4199 1484 2503
f 4189 4897 4184
f 4188 4184 565
f 1485 1487 565
f 1485 564 4185
f 2492 1483 4186
f 1483 4187 1485
f 4187 1487 1485
f 2491 4187 1483
f 2491 1486 4187
f 1486 2491 4180
f 4187 1486 566
f 4187 566 1487
f 566 1486 4180
f 1491 566 4180
f 4188 1487 1488
f 4778 4189 4184
f 2494 4897 4189
f 2502 2503 2494
f 2502 2494 4189
f 1490 1489 1488
f 1488 1491 1490
f 566 1491 1488
f 1493 1491 1492
f 1493 1490 1491
f 1490 1493 1496
f 1492 2496 2490
f 1495 1494 561
f 4191 567 1495
f 4191 2497 567
f 2497 1477 2483
f 2498 568 2483
f 2498 2483 558
f 567 4192 1495
f 1493 1492 1494
f 1496 1493 1494
f 4192 1496 1494
f 4192 568 1496
f 2498 4193 568
f 4999 1496 4193
f 1490 1496 4999
f 4999 1489 1490
f 1497 4188 1489
f 1497 570 4188
f 2501 1501 570
f 2501 570 1497
f 4194 2501 1497
f 4196 4194 1497
f 571 4999 4193
f 4195 572 571
f 572 1497 1489
f 1497 572 4196
f 4196 572 4195
f 4207 4195 569
f 4207 1499 4195
f 573 4779 4196
f 573 4196 1499
f 573 574 4779
f 574 4194 4779
f 4849 573 2499
f 2499 1499 4198
f 4197 4849 2499
f 4849 2500 1500
f 4929 2499 4198
f 2499 4211 2511
f 2511 4197 2499
f 575 1500 2500
f 574 1500 2501
f 1501 2501 1500
f 2502 1501 575
f 2502 575 4850
f 575 2500 2517
f 2506 4850 575
f 1498 4189 4778
f 570 1498 4778
f 2503 4850 4199
f 4204 4199 576
f 4166 4167 2504
f 578 577 2504
f 577 578 4200
f 4201 4200 578
f 4200 4201 1502
f 577 4200 1502
f 577 1502 2514
f 2518 4202 2505
f 4202 4201 2505
f 4201 4202 1502
f 2505 4203 1503
f 1693 4204 2744
f 2744 4204 4205
f 2506 4217 4850
f 4199 4850 4217
f 4199 4217 576
f 576 2507 4204
f 4205 4204 2507
f 1702 4206 576
f 576 4217 1702
f 4780 2510 1504
f 4173 5000 4707
f 5000 2509 4207
f 4173 1505 5000
f 5000 1505 2508
f 2509 5000 2508
f 4929 4198 2509
f 579 4210 2509
f 579 2509 2508
f 1507 1504 2510
f 4780 1506 2510
f 580 4208 4166
f 4166 2504 580
f 1507 4962 4209
f 4962 2510 1506
f 580 4962 1506
f 1508 2514 4209
f 4212 1505 1507
f 4211 4929 4210
f 2511 2516 4197
f 2516 2511 4214
f 4213 1509 4210
f 4212 4213 579
f 4210 579 4213
f 4734 4213 4212
f 4212 1507 4734
f 4213 2512 2513
f 2513 4214 1509
f 4214 2513 1510
f 581 4215 2513
f 2513 2512 581
f 4734 581 2512
f 4215 581 2514
f 4209 2514 581
f 1502 4215 2514
f 2518 2515 4202
f 2515 2513 4215
f 2516 4214 1510
f 2517 2516 4216
f 2517 2506 575
f 2518 4216 1510
f 2519 2505 1503
f 2505 2519 2518
f 2519 2506 2517
f 1503 4217 2506
f 2519 1503 2506
f 4203 1700 4601
f 1702 1503 4601
f 3489 4218 1110
f 1110 4218 4219
f 4218 2521 1512
f 4218 1512 4219
f 1110 4219 2520
f 2108 1110 2520
f 4781 1115 583
f 583 1116 2520
f 4862 4781 583
f 4221 4862 583
f 1511 2520 4219
f 1512 1511 4219
f 268 2567 4220
f 1521 3530 2567
f 4274 4276 2522
f 4222 2522 1513
f 1513 1519 4222
f 4222 1519 1514
f 1514 1519 4223
f 2523 584 1514
f 4810 2125 4981
f 4981 2125 1141
f 1515 4223 2529
f 584 2523 2524
f 1141 584 2524
f 1141 2524 4981
f 4981 2524 4227
f 2523 1515 2530
f 4227 2524 2530
f 2527 1516 2525
f 585 1516 1515
f 585 2529 1518
f 585 1518 4224
f 2525 585 4224
f 2525 2526 2527
f 2526 4233 2527
f 2528 2526 2525
f 2525 4224 2528
f 1524 2528 4224
f 4224 1518 1517
f 1518 2529 586
f 2529 1519 586
f 1525 586 1513
f 1517 1518 4225
f 4225 1518 4878
f 4878 592 4225
f 4816 1524 4225
f 591 2526 1523
f 1516 4233 2530
f 1520 2531 4227
f 4810 2531 587
f 2139 3530 1521
f 4228 4810 587
f 588 4229 4228
f 587 588 4228
f 587 2531 4232
f 1522 4229 588
f 1522 2532 4229
f 2532 2533 4229
f 4229 283 4228
f 283 4229 284
f 629 284 4229
f 2532 4230 2533
f 4708 4230 2532
f 4708 2532 1528
f 1522 1528 2532
f 1522 2534 2535
f 2534 1522 588
f 589 4231 4232
f 589 2534 4231
f 2536 2534 589
f 590 2536 589
f 590 589 4232
f 590 4232 591
f 1520 591 4232
f 1520 4233 591
f 590 591 1523
f 590 1523 2537
f 2537 2536 590
f 2536 2537 3993
f 2534 2536 593
f 2536 3993 593
f 4816 617 4281
f 617 4816 4225
f 1525 1513 4276
f 1526 2534 593
f 2535 1526 1527
f 1527 4234 2535
f 1522 2535 4234
f 4234 1528 1522
f 4241 1529 4234
f 4241 1527 594
f 2425 1526 593
f 2424 594 1527
f 594 4017 595
f 595 4241 594
f 4236 4234 1529
f 4234 4236 1528
f 1529 4241 4235
f 4236 4708 1528
f 4708 596 602
f 602 2568 4230
f 4236 1529 598
f 4237 2538 4235
f 597 598 1529
f 597 1529 4235
f 598 4239 4236
f 4708 601 596
f 601 4238 2539
f 4239 2539 4238
f 4240 598 597
f 4242 2538 4237
f 4237 4235 4241
f 4237 599 4242
f 506 4242 4243
f 4243 4242 599
f 599 4237 595
f 4243 599 4025
f 505 506 4243
f 505 4243 4025
f 4263 4242 506
f 4263 4264 4242
f 2538 2549 4240
f 1530 4240 600
f 598 1530 4239
f 1530 2542 4239
f 2539 4239 2542
f 2539 2542 2541
f 2539 1531 601
f 601 4244 596
f 601 5001 4244
f 1531 4247 601
f 601 4247 5001
f 5001 4898 603
f 603 4898 2540
f 1532 603 2540
f 603 602 4244
f 4245 2540 4266
f 4245 627 1532
f 4245 4266 4246
f 4266 1533 4246
f 1533 1512 4246
f 1512 1533 1511
f 1533 4221 1511
f 4221 1533 4688
f 4221 4688 4862
f 1542 4688 1533
f 4898 4273 4266
f 4273 4898 1534
f 1534 5001 4247
f 1531 2539 4249
f 4249 4709 4247
f 2541 4249 2539
f 4251 4709 4248
f 4709 4251 1534
f 1534 4251 4252
f 4248 4709 4250
f 4250 4709 4249
f 2542 4258 2545
f 2542 2545 2541
f 2545 604 2541
f 604 4250 2541
f 4248 4250 1535
f 4250 4260 1535
f 4251 1543 4252
f 4252 1543 4253
f 1543 4251 605
f 2543 4254 2551
f 1536 4268 4254
f 1536 605 2544
f 4268 1536 4269
f 4251 4248 605
f 2544 605 606
f 4248 4255 605
f 1535 4255 4248
f 1535 4970 4255
f 4970 535 4256
f 1535 4260 4970
f 536 4256 535
f 4257 611 4256
f 4256 1537 4257
f 4099 535 4260
f 4250 604 4260
f 2546 4260 604
f 2545 2546 604
f 2549 2547 600
f 2547 607 4258
f 2547 4258 600
f 2545 4258 607
f 607 2546 2545
f 607 4259 2546
f 2546 4259 4100
f 4100 4099 2546
f 4260 2546 4099
f 538 4259 607
f 2547 538 607
f 1538 4102 2547
f 2547 4102 538
f 1538 1539 4102
f 2548 1539 1538
f 1539 2548 541
f 1436 1539 4108
f 4261 2548 1538
f 4814 2548 1541
f 1540 2548 4814
f 2548 1540 608
f 4262 608 1540
f 4262 540 608
f 541 608 540
f 1541 4261 4263
f 4263 4261 4264
f 2549 4264 4261
f 2550 4027 4033
f 1540 2550 4262
f 540 4262 4115
f 2550 4114 4262
f 508 4263 506
f 1224 4781 609
f 1224 609 4265
f 4265 2229 1224
f 1154 1224 2229
f 613 4862 4688
f 1542 613 4688
f 4266 4273 1542
f 4782 4273 1534
f 1534 4252 4782
f 4267 4782 4252
f 4267 4252 4253
f 4253 1543 610
f 4272 1543 2551
f 4254 2552 2551
f 2544 606 611
f 4269 4257 1545
f 4268 3674 1227
f 1226 4270 4268
f 1544 610 348
f 348 4265 612
f 4267 1544 612
f 612 4265 4817
f 4817 4267 612
f 4817 4782 4267
f 613 4273 4782
f 4782 4817 613
f 4817 609 613
f 4265 609 4817
f 4269 1545 1228
f 4275 586 1525
f 4878 586 4275
f 1546 4274 3561
f 1546 4276 4274
f 614 1546 3561
f 2553 4279 614
f 4276 1546 2554
f 1525 4276 2554
f 1525 2554 4275
f 615 4275 2554
f 592 4878 615
f 615 2554 4277
f 4277 1546 614
f 1547 4277 614
f 1547 614 4279
f 2555 4277 1547
f 1551 2555 4278
f 1551 4278 616
f 1548 616 4278
f 1548 4278 1547
f 1554 4288 4279
f 1549 4279 4288
f 4280 4049 616
f 2557 1551 616
f 4049 4048 2556
f 2560 2556 4048
f 4281 617 2557
f 617 1551 2557
f 2558 2555 1551
f 2558 1551 617
f 2558 592 615
f 4710 4281 2560
f 2566 4049 4280
f 623 2561 1550
f 2553 2224 4279
f 619 2174 4538
f 2174 619 1552
f 2454 1552 619
f 619 618 2454
f 532 1552 2454
f 532 4877 4282
f 4282 1555 4284
f 4282 4284 1552
f 4283 1552 4284
f 1552 4283 2174
f 4284 1553 4283
f 1161 1553 4285
f 1161 4285 4286
f 621 4287 4285
f 4287 4286 4285
f 4287 620 4286
f 4287 621 622
f 1554 4287 622
f 4287 1554 620
f 1554 2224 620
f 4288 1554 622
f 4288 2562 1550
f 623 1550 2562
f 4289 623 2562
f 4289 2562 4291
f 621 1555 624
f 2563 1555 4282
f 4290 2563 4282
f 2563 2564 624
f 2563 4290 2564
f 4826 2564 625
f 625 4083 529
f 529 4292 625
f 4292 1425 4291
f 4289 1424 2565
f 623 4289 4293
f 2565 4084 4293
f 2565 1424 4084
f 2561 623 626
f 2566 4280 4735
f 4735 626 2455
f 2455 626 4084
f 4220 1556 2521
f 3530 1557 2567
f 1557 1556 2567
f 3661 284 629
f 4294 3530 3661
f 1556 1557 627
f 1512 2521 4246
f 2521 1556 4246
f 627 2568 1532
f 602 603 2568
f 2568 627 628
f 628 627 1557
f 628 1557 4294
f 4294 3661 629
f 2573 2267 3736
f 1558 2267 2573
f 4371 1558 4310
f 2591 1581 1558
f 1581 1559 1558
f 630 1559 1581
f 974 4959 155
f 155 4959 4818
f 4912 4295 4818
f 2603 4912 4296
f 4818 4296 4912
f 4912 2569 4299
f 2569 4297 4931
f 631 4297 2569
f 156 4295 4299
f 156 4299 652
f 4886 4972 652
f 652 1561 4886
f 1561 2570 3221
f 2570 1565 163
f 2570 2571 1565
f 1562 1564 632
f 2571 1563 4300
f 2571 4373 1563
f 4301 1568 4302
f 4301 4302 1562
f 4302 1564 1562
f 1565 632 4969
f 632 4303 4969
f 2572 4303 632
f 2572 1002 4303
f 1566 1567 2572
f 1566 2572 632
f 1566 632 1564
f 1564 4306 1566
f 4306 1564 4304
f 4302 4304 1564
f 4302 4305 4304
f 1568 4305 4302
f 633 4304 4305
f 4305 4307 633
f 4304 633 4306
f 2578 4306 634
f 4306 633 634
f 633 4307 4311
f 633 4311 634
f 4308 635 1568
f 635 4309 1569
f 651 636 1588
f 635 1588 636
f 636 4310 635
f 4310 2573 4309
f 1569 1571 4307
f 1570 634 4311
f 1570 4311 1571
f 1570 1571 2574
f 397 2574 1571
f 993 3240 4313
f 171 4383 173
f 171 4785 4383
f 4312 4785 171
f 171 4313 4312
f 4312 4711 4783
f 4711 4312 1572
f 1572 4320 4711
f 4783 4736 4784
f 4784 4736 4314
f 4785 4791 4383
f 4791 4737 638
f 1573 1590 4786
f 1575 4318 4319
f 4317 4736 4320
f 4318 1575 637
f 2578 1575 4321
f 1567 2578 4321
f 2580 2581 4321
f 4321 2581 1567
f 2581 2572 1567
f 2581 2580 4322
f 4322 2572 2581
f 2572 175 1002
f 4322 175 2572
f 4322 3243 175
f 2580 2579 4322
f 2579 3243 4322
f 1989 3243 2579
f 4323 438 2582
f 4323 3864 438
f 1208 4323 3642
f 3642 4323 4944
f 4323 2582 4329
f 639 4329 2582
f 4325 639 2582
f 4326 2583 2584
f 1336 2584 4702
f 640 2584 1336
f 640 1336 4771
f 375 2585 440
f 440 1576 1577
f 1576 641 1577
f 2588 1583 641
f 641 4771 1577
f 2586 640 4771
f 2586 4326 640
f 1580 4326 2586
f 2587 1580 2586
f 4327 2587 2586
f 1580 1578 4326
f 4326 2584 640
f 1578 4324 4326
f 1580 642 1578
f 4328 4324 1578
f 639 4325 4328
f 4329 639 4328
f 4338 4329 4328
f 4329 4338 4944
f 4328 1579 4338
f 1579 4328 642
f 1580 4337 642
f 2594 2587 4327
f 1576 2588 641
f 1576 2585 643
f 4331 2588 643
f 2588 1576 643
f 4330 2588 4331
f 2585 4332 643
f 4332 1270 4333
f 2590 4332 4333
f 4333 4334 2589
f 2589 4334 644
f 644 4335 2589
f 1584 2590 4335
f 630 1581 4334
f 2591 4336 1581
f 644 1581 4336
f 4336 2591 636
f 4336 2605 644
f 4335 644 2605
f 2604 4335 2605
f 4351 4332 2590
f 646 4330 4331
f 4345 4344 1583
f 4337 4339 1579
f 1582 4338 1579
f 3645 4944 1582
f 1582 3644 3645
f 4339 4337 2592
f 2592 4341 4339
f 4346 2592 4340
f 4339 4341 3644
f 4342 3644 4341
f 4930 4341 2593
f 4343 3644 4342
f 4811 4342 4930
f 2593 2219 4930
f 2593 4341 4346
f 4340 4337 2594
f 4789 4346 4345
f 2219 2593 4789
f 4789 4345 2595
f 645 2595 4345
f 4763 4930 2219
f 4347 2219 4789
f 3656 4348 4890
f 2595 4348 4789
f 4349 646 4353
f 646 4331 4350
f 4350 4331 2596
f 2596 4331 4351
f 647 4351 2590
f 647 2590 1584
f 1584 648 647
f 648 1586 4359
f 648 4359 4352
f 647 4352 4358
f 4358 4351 647
f 2596 4351 4358
f 4357 4349 4353
f 2597 4348 4349
f 2597 4349 4357
f 2597 4890 4348
f 4890 2597 342
f 650 342 2597
f 4354 4355 650
f 4356 4355 4354
f 4357 4354 650
f 2598 4900 4353
f 4353 649 2598
f 2599 4358 4352
f 4370 4359 1586
f 4359 4370 4360
f 4359 4360 2599
f 4361 4358 4363
f 4363 2599 4360
f 4362 4360 2600
f 3208 4362 2600
f 2601 4364 4363
f 2598 4361 4364
f 4365 4364 2601
f 2601 1587 4365
f 4365 2598 4364
f 4365 4900 2598
f 4365 4366 4356
f 4356 4366 4367
f 1022 4367 4366
f 4356 4367 4355
f 342 650 4355
f 2600 4368 3208
f 4368 2600 4296
f 4296 2600 2603
f 4369 2603 2600
f 4369 1560 2603
f 4370 4369 4360
f 4369 4370 1560
f 1586 1585 631
f 631 1585 4990
f 1585 2604 4990
f 2604 2605 4990
f 631 4990 653
f 2606 2605 4372
f 2605 4336 4372
f 4371 4310 636
f 4372 636 651
f 636 4372 4336
f 2606 4372 2608
f 2608 4372 651
f 2607 1588 4308
f 2607 4300 2608
f 2608 651 2607
f 1589 2608 4300
f 1589 1563 4298
f 1563 4931 4298
f 652 4299 4931
f 652 4931 4373
f 653 2608 1589
f 4990 2606 653
f 653 1589 4298
f 4298 4297 653
f 631 653 4297
f 2574 2577 1570
f 2577 4318 637
f 2577 2574 4374
f 4374 2574 2575
f 2609 4374 2575
f 2609 4790 4374
f 1359 4787 4790
f 3917 3918 4375
f 1590 654 4786
f 1573 4786 1591
f 1591 4786 2610
f 638 1573 1591
f 4786 654 2610
f 4375 654 3917
f 654 4375 2610
f 2610 4375 2611
f 2611 4375 1592
f 4932 1592 4377
f 2611 1592 4932
f 2610 2611 4376
f 4932 4376 2611
f 2612 4932 4377
f 4376 4932 2613
f 2612 4379 2614
f 4932 2612 2613
f 4376 2613 4378
f 655 2613 2612
f 655 2612 2614
f 2614 2370 3921
f 4379 2615 461
f 4377 2615 4379
f 4375 3918 1592
f 655 2614 3921
f 2613 655 4380
f 4378 4380 4381
f 4380 655 1593
f 4381 4380 1593
f 655 3921 1594
f 1593 2616 4381
f 4378 4381 4792
f 4383 4792 4384
f 4712 4383 4384
f 4385 4384 2616
f 4384 4381 2616
f 2616 1593 2617
f 1595 2616 2617
f 1593 1594 2617
f 1595 2617 4386
f 173 4712 1024
f 1024 4712 4385
f 4385 2016 2015
f 4385 1595 2016
f 1595 4386 2016
f 4819 3412 4991
f 4819 2618 3412
f 1076 3412 2618
f 4819 4387 2618
f 1597 4387 4819
f 1597 1598 4387
f 4387 1598 1611
f 656 4714 1598
f 1597 656 1598
f 4437 656 1597
f 1617 4437 1597
f 688 1617 4604
f 4388 2619 1718
f 1388 2620 1599
f 1600 2620 1388
f 1599 2620 2619
f 2621 2620 1600
f 1389 4793 2621
f 2416 4422 4390
f 4793 4390 4391
f 4391 657 4793
f 1601 4793 657
f 2619 1601 2622
f 657 2622 1601
f 1602 2622 4389
f 657 4420 4389
f 2635 4389 4420
f 2635 1602 4389
f 4645 2622 1602
f 2635 1603 1602
f 2635 4411 4795
f 2635 4795 1603
f 4795 4392 1603
f 4392 2624 1603
f 658 4645 2623
f 4394 658 2623
f 2623 659 4394
f 4394 659 4393
f 2624 4393 659
f 2624 660 661
f 662 4394 4393
f 4395 2624 661
f 662 2625 663
f 662 4393 2625
f 4396 2626 4395
f 4395 661 4397
f 4397 4396 4395
f 4396 4397 2627
f 4396 664 2626
f 4397 669 667
f 4397 667 2627
f 2627 668 1605
f 663 2626 664
f 4992 663 2642
f 663 664 2642
f 668 2627 667
f 667 4400 668
f 2632 4738 4403
f 2632 2630 660
f 2632 4403 2631
f 2632 670 4406
f 2632 2631 670
f 2634 4408 4403
f 4392 4795 2633
f 4713 1607 1606
f 2634 4404 4713
f 4408 2634 4405
f 4407 4406 670
f 670 2631 4415
f 4405 4409 4408
f 4405 4442 4409
f 2634 4713 4410
f 4916 4410 4713
f 4713 1606 4916
f 1606 1607 1608
f 4411 671 1608
f 4411 1609 671
f 1609 4411 672
f 2635 672 4411
f 672 4421 1609
f 2636 671 1610
f 2636 1608 671
f 4916 1606 2637
f 1608 2636 2637
f 1610 3417 673
f 673 4963 2636
f 2636 4963 2637
f 237 4963 673
f 2637 1620 4916
f 4387 2638 2618
f 2618 2638 1086
f 4412 1611 674
f 2652 4416 4714
f 4412 1612 1611
f 4414 1612 675
f 1612 4414 1086
f 675 4417 4414
f 4415 1613 4413
f 2631 1613 4415
f 4416 4431 4415
f 2631 4408 1613
f 4417 675 1613
f 1614 4414 4417
f 4417 2639 1614
f 4417 2640 2639
f 4417 1613 2640
f 2640 1613 4408
f 4408 4409 2640
f 4409 4418 2640
f 4419 2639 2640
f 3439 4419 4418
f 4409 3438 3439
f 1610 2641 3417
f 2641 1609 4421
f 4390 4421 4391
f 4421 4390 4422
f 4422 2641 4421
f 1604 1616 2779
f 678 677 2644
f 4407 4436 4852
f 4407 4852 4401
f 4436 4407 4432
f 670 4431 4432
f 4415 4431 670
f 2652 4431 4416
f 4433 2652 4437
f 4434 4433 4437
f 4434 4437 2653
f 684 4432 2652
f 4433 684 2652
f 4435 684 4433
f 686 685 4435
f 687 4438 4435
f 4438 686 4435
f 687 4434 2653
f 5002 4437 1617
f 687 5002 1618
f 688 1618 1617
f 689 2654 688
f 2654 4438 688
f 1618 688 4438
f 1618 4438 687
f 2654 686 4438
f 686 2654 4440
f 1619 4439 686
f 685 686 4439
f 2658 684 4439
f 2659 2658 4439
f 1619 2659 4439
f 4443 3569 4442
f 4442 4405 4410
f 4820 3423 1620
f 693 4445 481
f 481 3960 4447
f 481 4447 2661
f 2661 693 481
f 2662 1622 693
f 1625 2662 693
f 4457 2662 4459
f 4457 1382 1622
f 1625 693 2661
f 695 4446 696
f 2663 4448 696
f 697 4448 2663
f 696 4448 4449
f 695 696 4449
f 4458 695 4449
f 4448 4796 4449
f 4449 4796 4450
f 4796 4739 4450
f 4796 2794 4739
f 4739 2794 4661
f 4661 2676 4739
f 2404 488 2666
f 2404 2666 54
f 488 3966 2666
f 3967 4455 3966
f 2666 3966 4455
f 4452 2664 4454
f 4453 4454 2665
f 2665 1623 4453
f 4452 4453 2969
f 4453 1623 2673
f 698 1623 4460
f 2665 699 1623
f 4455 699 2665
f 4454 4451 4455
f 2667 3967 4456
f 699 2668 1623
f 4456 4457 2667
f 2668 4457 4459
f 4460 2668 4459
f 4458 2672 1624
f 2669 1625 1624
f 4463 2669 1624
f 4461 2669 4463
f 1625 2669 2670
f 2670 4459 1625
f 700 4460 4461
f 4460 700 698
f 4461 4462 700
f 4462 4461 4463
f 4463 2671 4462
f 2672 4463 1624
f 4464 2672 4450
f 2671 4463 2672
f 1631 4471 2671
f 2674 4462 4471
f 4462 2674 4465
f 1626 698 700
f 1623 698 2673
f 4462 4466 700
f 4466 1626 700
f 2673 4715 1627
f 4995 1627 3096
f 1627 4715 4467
f 4715 4466 4467
f 1916 4468 917
f 917 4468 3100
f 4465 1628 4466
f 1628 4467 4466
f 4470 4465 701
f 4465 2674 701
f 4716 3100 4468
f 3100 4716 4469
f 3100 4469 3104
f 4469 4716 1629
f 3104 4469 3105
f 4469 1629 3105
f 4470 701 2675
f 4470 2675 4716
f 4716 2675 1629
f 4478 2675 701
f 702 4478 701
f 701 2674 702
f 702 2674 4471
f 4472 702 4471
f 4472 4475 702
f 702 4475 4474
f 3105 1629 703
f 3105 703 4477
f 2675 4478 4473
f 4478 702 4479
f 702 4474 4479
f 4933 4475 4472
f 4933 1631 2676
f 2676 1631 4464
f 4739 2676 4464
f 4933 2676 4476
f 3105 4477 4490
f 4477 703 713
f 1630 713 703
f 4491 1630 4473
f 4478 4479 4473
f 4474 4480 4479
f 704 4481 1632
f 4481 4484 1632
f 704 2679 4481
f 1632 4484 4480
f 4484 4482 705
f 4480 4484 705
f 4479 4480 706
f 4479 706 4473
f 705 4492 4483
f 705 4482 4492
f 4482 4484 2678
f 4481 2678 4484
f 2678 2682 4482
f 4475 4933 4853
f 4476 4485 4933
f 1743 4853 4485
f 2680 4487 1748
f 2680 1748 1746
f 4487 2680 707
f 4487 707 2686
f 2679 1753 2678
f 2682 2678 708
f 2682 2683 4482
f 2684 2682 708
f 2684 708 4681
f 4681 4680 2684
f 2684 4680 2685
f 2685 2683 2684
f 4488 709 4489
f 1633 4489 4487
f 2686 1633 4487
f 2686 707 2689
f 113 2689 707
f 707 4717 113
f 1630 4491 1638
f 1638 4491 2687
f 1634 2687 710
f 2687 4483 4492
f 714 1635 1634
f 2687 1636 1638
f 1636 1634 1635
f 1635 714 4797
f 4797 714 2691
f 4482 710 4492
f 4482 2683 710
f 714 710 2683
f 1635 4493 1636
f 2688 4493 711
f 1637 711 4493
f 1637 4493 4797
f 1636 2688 1638
f 1638 2688 713
f 712 713 2688
f 712 1639 713
f 4494 711 1637
f 2691 1633 4797
f 1633 2686 4797
f 4495 1639 1640
f 4495 4490 4477
f 1639 4477 713
f 4868 711 4494
f 4868 122 2690
f 934 1639 2690
f 1932 1640 934
f 1633 2691 4489
f 4489 2691 4488
f 2685 4488 2691
f 714 2683 2685
f 4854 2692 3523
f 4809 2692 3525
f 715 1641 3525
f 4497 3526 1641
f 4497 4496 3526
f 4496 4497 4498
f 4497 1641 715
f 4854 4497 715
f 716 4497 4854
f 2692 4854 715
f 3523 717 4854
f 4854 717 716
f 4500 716 717
f 717 1643 4500
f 1391 1139 2141
f 1642 4499 4496
f 716 4500 4009
f 716 2695 2693
f 2695 2694 2693
f 2695 4503 2694
f 4501 2698 2697
f 2698 2696 4502
f 2699 4503 2695
f 4504 2695 716
f 716 4009 4504
f 2699 2701 718
f 2699 718 4503
f 718 4502 4503
f 718 2698 4502
f 718 1644 2698
f 2700 1644 718
f 719 2700 2701
f 2700 4510 1644
f 719 1645 4510
f 1397 4050 719
f 500 4504 4009
f 1642 4501 4506
f 720 2697 2702
f 4501 720 4508
f 4508 4506 4501
f 4506 4505 1642
f 4507 3558 4505
f 4505 4506 4507
f 2702 2703 1646
f 4509 2697 1644
f 1412 1650 1644
f 1644 1650 4509
f 721 722 2703
f 1646 722 2716
f 3564 4718 4539
f 4718 1672 4539
f 1647 1672 4718
f 4718 4507 4506
f 1647 4718 4508
f 1647 4508 2716
f 1651 2716 722
f 1650 1412 1649
f 1650 1649 721
f 1649 2704 1648
f 2446 2704 512
f 516 4514 2704
f 4513 1648 2704
f 4512 4511 1651
f 1648 4512 1651
f 516 4515 4514
f 4515 2705 4516
f 4516 2705 4060
f 4516 4060 723
f 4515 4516 4517
f 4517 1652 4514
f 4517 723 734
f 723 1681 734
f 4071 4526 4060
f 4518 4798 4069
f 4519 4798 4522
f 4798 4518 4522
f 4518 4523 4522
f 2706 724 4071
f 724 4526 4071
f 724 1655 4520
f 1655 725 4520
f 4521 2706 4519
f 4522 726 4519
f 4522 4523 726
f 4075 4523 4070
f 4523 4075 4524
f 1654 4523 4524
f 726 1654 4521
f 4521 1654 1655
f 4524 1428 1653
f 1653 1656 4525
f 4740 1653 4525
f 725 4740 4525
f 4525 1657 725
f 4520 1657 727
f 727 2707 724
f 724 2707 4526
f 727 1657 1658
f 1657 4525 728
f 4855 2707 1658
f 4525 2708 728
f 4525 1656 2708
f 526 4529 1429
f 2709 1429 4529
f 4527 4076 2709
f 2451 4527 1656
f 4530 4529 1659
f 4529 526 1659
f 4530 1659 1660
f 1660 730 4531
f 1660 1659 730
f 1659 526 730
f 526 4078 730
f 4532 730 4939
f 1661 730 4078
f 1661 4533 1662
f 4939 730 4534
f 2710 1665 4534
f 4534 1665 4939
f 1661 1662 4957
f 1662 1430 1663
f 1431 1663 1430
f 618 2710 1663
f 618 1664 2710
f 1665 2710 1664
f 4861 4939 1665
f 4939 4535 4532
f 1667 4531 4532
f 4531 1667 1666
f 2723 4531 1666
f 1669 1666 1667
f 1666 1678 2723
f 1667 1670 1669
f 1669 4544 1666
f 731 2712 4544
f 1669 1670 731
f 731 1670 2711
f 2712 731 2711
f 1668 2713 2711
f 2711 4537 2712
f 4945 2712 4537
f 2713 2715 4537
f 2713 1665 2715
f 2715 4536 4537
f 4945 4537 299
f 4536 2715 2714
f 1664 2715 1665
f 2714 1664 4538
f 619 1664 618
f 1431 2454 618
f 2716 1651 2717
f 1647 2717 1671
f 4689 2718 1652
f 1671 2718 1673
f 1673 2718 2720
f 1673 1677 4546
f 4945 299 1219
f 1674 4945 345
f 2712 4945 1674
f 733 1674 345
f 1676 733 345
f 1676 2721 733
f 4543 4542 1675
f 1676 4543 2721
f 2721 4543 1675
f 1674 2721 4544
f 2721 1674 733
f 4544 2721 2722
f 2722 1675 4545
f 4545 1675 4546
f 4546 1677 4545
f 4545 1677 4540
f 1666 4544 2722
f 1678 1666 4545
f 1660 4531 2723
f 4530 1660 1679
f 2723 1680 4547
f 1680 2724 4547
f 2724 1679 4547
f 4689 1680 1678
f 2724 4517 734
f 729 4530 1679
f 734 4855 729
f 4549 735 4870
f 736 4870 735
f 736 1239 4870
f 1682 1239 736
f 2240 1239 1682
f 2240 1682 4579
f 2240 4579 2725
f 1694 1683 736
f 1685 735 4549
f 4550 1685 4905
f 4553 4550 4905
f 4552 4550 4553
f 4578 1685 4550
f 355 2730 738
f 2727 4555 1686
f 1686 4555 4552
f 4556 1688 2727
f 4556 2727 1687
f 4562 4561 738
f 1689 1688 4556
f 1689 4556 4557
f 1688 1689 1690
f 4576 1690 2728
f 2728 1690 4558
f 4558 1445 2728
f 1689 4557 1691
f 1691 4557 4561
f 1691 4561 4559
f 4559 4183 4122
f 4122 1445 4559
f 4559 4561 4560
f 4561 4562 4560
f 2733 1242 2731
f 2733 2731 4565
f 2731 1242 4563
f 1242 4570 4563
f 4569 4563 4570
f 2732 2731 4563
f 4565 2731 2732
f 4564 4565 2732
f 2733 4565 2734
f 3778 4566 739
f 4566 3778 4567
f 3777 4567 3778
f 3777 2733 4567
f 2734 4567 2733
f 4568 4567 2734
f 4568 739 4566
f 553 2281 3778
f 2735 4564 2732
f 2732 4563 2735
f 2735 4563 740
f 1242 394 4570
f 1684 4569 737
f 4571 4569 1684
f 4573 4571 1684
f 2735 740 1465
f 4928 2735 1465
f 4928 4564 2735
f 4154 554 4155
f 4572 4571 4573
f 4580 4573 1684
f 2741 4573 4580
f 4572 4573 4584
f 4572 4584 4574
f 741 4572 4574
f 4572 741 2736
f 554 4572 2736
f 4156 2736 1467
f 1692 2736 741
f 1467 2736 1692
f 1692 741 4586
f 741 745 4586
f 1692 4586 2504
f 4575 358 3781
f 4575 2730 358
f 2737 3781 4176
f 2737 4575 3781
f 4560 563 4182
f 742 4576 2729
f 1693 742 2729
f 2729 2493 1693
f 563 2495 4185
f 4593 4879 1688
f 4577 4555 2738
f 4555 4577 4552
f 4551 2726 4856
f 4578 4551 4582
f 4582 1694 4578
f 1694 1685 4578
f 2725 4579 4580
f 2741 4580 4581
f 4580 4579 4581
f 4581 1699 2741
f 4581 2739 1699
f 1699 2739 1695
f 2739 1697 1695
f 1697 2739 1683
f 4582 1696 1683
f 1695 1697 743
f 2740 743 1698
f 1701 4583 2740
f 1699 4583 2743
f 2741 1699 2743
f 4584 4573 2741
f 4585 4574 4584
f 2742 4586 745
f 4589 4584 2741
f 2741 2743 4589
f 4590 4589 2743
f 746 4585 4584
f 4589 4719 746
f 748 4719 4589
f 748 4588 4719
f 2742 746 4719
f 2504 4586 4587
f 4586 2742 4587
f 2742 4719 4587
f 578 747 4201
f 747 4588 1700
f 4589 4590 748
f 1698 749 1701
f 4591 749 4597
f 1703 744 1696
f 4582 4598 1703
f 4551 4856 4582
f 4577 4592 4598
f 4577 2738 4592
f 2738 4879 4592
f 1693 2744 742
f 4206 4594 2507
f 2507 4594 4595
f 4595 4205 2507
f 2744 750 4593
f 2745 750 2744
f 2745 2744 4205
f 4595 2745 4205
f 2746 750 2745
f 4599 1701 2746
f 749 4596 2746
f 2746 4596 750
f 4596 749 4591
f 750 4596 2747
f 750 2747 4879
f 4879 2747 4592
f 2747 4598 4592
f 4597 1703 4591
f 4596 4591 2747
f 4594 2749 751
f 751 4599 4595
f 4600 4599 751
f 4600 4590 4583
f 4600 751 2748
f 2748 748 4590
f 4594 4601 2749
f 1700 4588 2749
f 2749 4601 1700
f 4827 1704 2750
f 4606 1075 3411
f 1075 4606 1704
f 1704 4606 4602
f 4602 1705 1704
f 1705 4603 1704
f 2751 4604 4857
f 4827 4991 3412
f 4991 2752 4819
f 4604 1597 2752
f 689 688 4604
f 689 4604 2751
f 4603 4605 2751
f 4605 4610 2754
f 4934 1705 4602
f 2754 2753 4605
f 2753 4620 4605
f 2761 689 2751
f 752 2753 1706
f 2754 1706 2753
f 4607 4620 752
f 4608 1707 2755
f 4608 4609 753
f 2755 4609 4608
f 1710 2762 2755
f 1706 1707 752
f 1708 1707 1706
f 1706 4613 1708
f 4720 2755 1707
f 1710 2755 4720
f 1708 4614 4720
f 4627 4720 1709
f 4614 1708 4613
f 4612 4613 1706
f 4612 1706 2754
f 4612 2754 4610
f 4610 2756 4612
f 2756 4934 4611
f 2757 4612 2756
f 4613 4612 2757
f 2757 4614 4613
f 2757 4617 4614
f 4617 2770 4615
f 755 4617 2757
f 2756 755 2757
f 4611 4616 2756
f 2770 4617 755
f 2758 4616 2759
f 2758 2759 754
f 754 2760 2758
f 2759 2070 754
f 754 2070 235
f 754 235 2144
f 4950 4618 2767
f 2144 2760 754
f 82 2760 3047
f 82 4619 2760
f 4619 755 2758
f 755 4619 2770
f 4619 82 2769
f 3537 3047 2144
f 3537 893 3047
f 2769 3064 4747
f 4919 4629 2767
f 4629 4919 2766
f 4620 756 2761
f 753 756 4620
f 753 1711 756
f 4626 757 753
f 4609 4626 753
f 4609 2755 2762
f 4627 759 1710
f 759 4799 1710
f 1712 4626 2762
f 2762 4626 4609
f 2763 1711 757
f 756 4440 2761
f 2761 4440 2654
f 4440 756 690
f 2657 690 1711
f 4622 1711 2763
f 4625 2792 4621
f 1712 4625 4621
f 758 4625 1712
f 4625 758 2765
f 1713 2765 4654
f 4799 758 1712
f 760 4799 759
f 2773 759 4627
f 4627 2774 2773
f 760 2768 4799
f 758 2768 4632
f 1895 4880 2766
f 904 1895 2766
f 2766 4628 4630
f 2766 4630 1714
f 1715 2767 4629
f 2773 1715 1714
f 1714 4630 760
f 760 2773 1714
f 2768 760 4631
f 4630 4631 760
f 4631 4632 2768
f 4631 1716 4632
f 4628 4880 1716
f 4628 2766 4880
f 4863 2772 2771
f 4722 2771 761
f 2774 2771 2772
f 2775 762 4640
f 762 1717 2780
f 1717 2775 4633
f 3987 2776 3988
f 2776 4388 1718
f 497 4388 3987
f 2776 1718 2777
f 4645 1718 2619
f 662 4636 4394
f 4635 4394 4636
f 764 4394 4635
f 4394 764 658
f 4635 4636 4638
f 1722 2778 763
f 1722 1719 2778
f 4637 2778 1719
f 4638 4636 2778
f 4639 4638 4637
f 4639 4635 4638
f 764 4635 4639
f 764 770 658
f 1720 764 4639
f 1732 1896 4641
f 4880 1895 3067
f 1732 4641 4656
f 4641 4652 4656
f 4641 767 4652
f 3979 4634 1717
f 4643 2780 1717
f 2781 4634 2777
f 2781 2777 1723
f 4644 1718 4645
f 2777 4644 1723
f 1723 4644 769
f 1723 768 4643
f 2780 768 767
f 767 768 1724
f 768 2791 1724
f 768 1723 769
f 1720 2782 764
f 1725 2784 1720
f 1720 2784 2782
f 4647 2784 1725
f 4653 2784 4647
f 2791 769 2784
f 769 770 2782
f 4656 4652 4653
f 4655 4651 4654
f 4655 4654 2765
f 4632 4655 2765
f 4657 1716 4642
f 4880 4642 1716
f 1716 4657 4632
f 2903 4659 1734
f 2793 1734 4659
f 1734 4658 2384
f 1372 4658 1621
f 1734 1735 4658
f 1734 2793 1735
f 694 4658 1735
f 4658 694 1621
f 1735 2663 694
f 4796 4448 697
f 4660 2794 697
f 4660 1736 2794
f 4661 1736 2795
f 2795 4663 2677
f 1736 4662 773
f 1737 773 4662
f 1738 2795 773
f 1737 1738 773
f 1738 4663 2795
f 4663 1738 4664
f 774 4664 1738
f 2797 774 1738
f 4663 1739 2677
f 776 774 2798
f 774 776 4664
f 4663 4664 1739
f 1740 4476 1739
f 4669 1740 1739
f 776 775 4664
f 776 1741 775
f 4665 1741 776
f 99 2799 2798
f 100 777 2799
f 3111 777 100
f 777 4665 2799
f 1741 4665 4667
f 777 3110 4668
f 4485 4476 1740
f 4670 775 4673
f 1741 4673 775
f 2800 4672 1741
f 1921 4673 4672
f 4673 4674 4670
f 4485 4902 4674
f 4674 1743 4485
f 1744 1745 1743
f 4674 1744 1743
f 1744 1921 4675
f 1744 779 1745
f 779 4675 4676
f 3116 4721 4675
f 3116 4675 1921
f 3116 2801 4721
f 4675 4721 4676
f 778 4676 4721
f 1745 780 2679
f 780 1745 779
f 779 781 780
f 781 779 4676
f 778 782 781
f 781 782 1752
f 4721 2801 4935
f 2801 4677 4935
f 2801 106 4677
f 4677 106 109
f 923 1746 4903
f 112 2680 923
f 1746 923 2680
f 1746 1750 1747
f 1748 709 1749
f 1751 4677 2802
f 4721 4935 4679
f 778 4721 4679
f 783 4678 2802
f 2802 4678 1751
f 709 4488 783
f 4680 783 4488
f 4679 4678 2803
f 4679 2803 782
f 780 1752 1753
f 1753 1752 2681
f 780 1753 2679
f 2803 4681 2681
f 4681 2803 4678
f 4678 4680 4681
f 2685 4680 4488
f 2840 796 2842
f 812 2876 23
f 2917 2923 2922
f 3562 2553 1158
f 3851 3886 1320
f 2232 2341 1233
f 2498 569 571
f 643 4332 4351
f 4869 4512 4513
f 2726 4578 4550
f 789 1763 1762
f 49 1827 846
f 1861 3011 1860
f 3008 71 1869
f 4746 3050 1882
f 1914 1913 95
f 4872 4748 4749
f 103 4695 1742
f 4750 4696 117
f 116 3125 4920
f 3126 929 4751
f 3152 1948 132
f 3236 3234 988
f 3207 3299 3303
f 3318 3319 3317
f 3352 1046 1783
f 3369 4699 3370
f 3438 2086 3439
f 253 1126 3467
f 4938 3516 2131
f 3566 3565 4538
f 3614 2201 3615
f 2200 3616 2202
f 3642 3645 334
f 340 3648 3646
f 1221 3668 3666
f 1229 349 3675
f 1231 353 351
f 3696 4975 3691
f 2271 368 367
f 3806 3810 3807
f 4844 4925 1292
f 3891 3898 3892
f 2371 2372 462
f 3966 1384 3967
f 2432 4027 4814
f 508 4034 509
f 4031 4032 4046
f 4065 522 1426
f 1432 2453 4899
f 4776 2484 2486
f 4780 4168 1506
f 1548 1549 1550
f 4315 2576 4787
f 1584 4335 2604
f 1584 2604 1585
f 4344 2594 4327
f 1359 4790 2609
f 4712 4384 4385
f 2625 2626 663
f 2634 4738 4404
f 2633 4404 4738
f 2696 4498 2694
f 4957 2710 4534
f 1671 1672 1647
f 1684 2725 4580
f 4642 4880 3067
f 4651 4655 4656
f 1870 2838 2836
f 2928 2901 39
f 81 1780 3353
f 3125 4872 4920
f 118 930 1931
f 933 1932 934
f 3142 1942 1947
f 3221 3220 4886
f 4804 994 170
f 3261 178 2010
f 3422 4820 3415
f 4725 3503 271
f 4838 4762 3635
f 341 336 4811
f 3688 4842 3699
f 3794 3791 3792
f 4772 3896 3773
f 1357 458 2360
f 1622 3965 4445
f 4057 1418 534
f 1459 4144 4143
f 4253 610 4267
f 2568 628 2533
f 652 4373 1561
f 4787 1590 4316
f 4795 1608 1607
f 4460 1623 2668
f 4491 4483 2687
f 4905 4554 4553
f 1755 2811 2806
f 2808 4741 2861
f 787 2818 4
f 795 796 2830
f 2845 2844 800
f 17 2844 2845
f 2893 1779 2889
f 815 2888 2887
f 4742 4859 2894
f 2906 2907 4917
f 4744 2907 1794
f 4723 1794 920
f 2903 1801 33
f 2913 33 1801
f 40 2928 39
f 4941 2932 1822
f 2932 1818 1822
f 1824 4692 2936
f 2936 4821 1826
f 4918 1833 861
f 860 2976 61
f 2982 2984 63
f 1847 1936 2986
f 873 4694 3001
f 3021 3020 882
f 1866 882 3022
f 1882 3050 3060
f 77 89 902
f 884 3065 904
f 1942 1223 1899
f 910 3087 2979
f 3090 1908 3087
f 911 3092 3084
f 3106 3108 3103
f 4666 31 99
f 100 3109 3112
f 4748 3112 3109
f 3112 4748 3125
f 117 4872 4749
f 117 4749 4750
f 4749 4744 4723
f 4723 101 4750
f 101 4723 920
f 921 110 108
f 4696 3129 117
f 3138 1936 1847
f 3141 1940 1939
f 4752 136 948
f 4904 951 3177
f 959 1961 3198
f 1007 1006 1968
f 3203 1006 3197
f 150 1973 4955
f 4683 976 972
f 157 3152 4698
f 157 4698 1974
f 3152 157 158
f 3217 1977 159
f 167 3231 986
f 4822 3238 990
f 4804 991 994
f 3242 3249 997
f 3255 1995 3256
f 3272 183 3283
f 3293 1215 2004
f 3299 975 2010
f 3313 198 4805
f 199 3320 194
f 2026 4724 4753
f 3320 4753 4724
f 3325 2029 3327
f 2035 3368 2036
f 2047 3327 3344
f 3345 4865 214
f 214 4865 3353
f 3327 4865 3345
f 1054 4873 3369
f 1067 3396 227
f 1076 2067 3412
f 4606 3410 4611
f 3416 673 3417
f 3428 4756 1080
f 245 3441 3443
f 2081 3442 3431
f 1100 1135 250
f 1135 2099 250
f 3461 2100 4757
f 2101 3461 4757
f 2105 4759 3475
f 2108 3489 1110
f 3495 262 2104
f 256 1111 257
f 256 1102 261
f 261 3494 3477
f 2111 265 1113
f 3477 3494 3495
f 1125 1117 271
f 1133 2132 4760
f 3565 4536 2714
f 2174 3567 3566
f 301 2175 1161
f 301 1161 4761
f 3568 4761 1162
f 2203 2204 3603
f 3619 3603 3620
f 3622 3623 3621
f 3839 3630 3633
f 2216 1202 1206
f 3643 334 3645
f 1209 3642 334
f 1211 1205 3640
f 2221 3659 4685
f 3668 1231 1222
f 1220 3665 2243
f 1402 2227 4029
f 1225 4840 402
f 3682 442 443
f 3681 442 3682
f 3879 3685 3684
f 3697 737 394
f 4554 4905 4766
f 2242 4554 4766
f 4766 4841 1245
f 4841 356 1245
f 4766 1245 357
f 3713 3714 4985
f 1898 2247 3719
f 2250 3713 2246
f 372 3734 371
f 372 371 2257
f 1265 1257 3742
f 3735 2267 1559
f 2280 3778 2281
f 3752 3793 1278
f 1291 3813 2296
f 411 4845 1294
f 4813 4845 3820
f 409 3822 1296
f 3830 3829 2301
f 3840 1308 1309
f 1308 2311 4838
f 4770 1312 423
f 422 4770 423
f 3903 2317 3845
f 1316 2320 426
f 2332 1325 2326
f 3842 2312 2329
f 3862 2583 1335
f 2333 3863 4325
f 4702 2336 2337
f 4771 2339 1577
f 1226 1227 4960
f 410 441 3868
f 4769 3877 4729
f 4769 4729 1343
f 3882 3880 3884
f 448 4997 2358
f 2360 458 3915
f 2367 458 2362
f 2369 1362 3934
f 3927 2371 462
f 2291 2377 1357
f 29 1789 3938
f 3949 3956 2386
f 480 1378 1377
f 2396 1378 3963
f 483 2395 482
f 2395 483 486
f 4705 4894 2396
f 2410 4096 484
f 489 1384 3966
f 3982 2413 3983
f 4226 4867 2417
f 4013 2423 1390
f 2423 1381 4012
f 2228 1401 507
f 4033 4027 2432
f 2433 4034 505
f 1404 4860 4040
f 504 1399 1403
f 4038 2437 2436
f 4046 4032 1409
f 2440 3976 4045
f 4774 1411 4090
f 2560 2559 4710
f 1412 4510 511
f 4065 4895 522
f 1426 522 523
f 4256 2231 1537
f 2467 4989 4127
f 4143 4146 1459
f 4151 2273 386
f 555 4148 4775
f 4161 556 4168
f 4175 1480 4181
f 4174 559 4177
f 2487 1481 4776
f 2485 4776 4777
f 2496 1491 4180
f 571 4193 2498
f 2509 4198 4207
f 2504 577 1508
f 2505 4201 4203
f 4168 556 1506
f 556 4166 4208
f 580 1508 4962
f 580 2504 1508
f 4962 1508 4209
f 1505 4212 579
f 2518 1510 2515
f 4217 1503 1702
f 4220 2521 4218
f 1115 4781 2116
f 1524 4816 4710
f 4269 3674 4268
f 4278 2555 1547
f 1550 1549 4288
f 616 4049 2556
f 2556 4281 2557
f 4291 622 4826
f 624 4826 621
f 4083 2564 4899
f 4289 1425 1424
f 1560 631 2569
f 634 637 2578
f 634 1570 637
f 2575 2574 397
f 4312 4783 4737
f 3239 1572 4313
f 4313 1572 4312
f 4783 4711 4736
f 4711 4320 4736
f 1573 4315 4316
f 4315 1573 4314
f 1573 4784 4314
f 638 4784 1573
f 4783 4784 4737
f 4784 638 4737
f 4785 4312 4737
f 4737 4791 4785
f 638 1591 4791
f 1573 4316 1590
f 4316 4315 4787
f 2577 1574 2576
f 1574 4787 2576
f 4788 2576 4315
f 4788 4315 4314
f 4318 2576 4788
f 4317 4788 4314
f 4318 2577 2576
f 4788 4317 4319
f 4319 4318 4788
f 2579 2580 4320
f 2333 4325 2582
f 4344 4340 2594
f 646 645 4330
f 4347 4789 4348
f 2577 637 1570
f 4790 1574 4374
f 1574 2577 4374
f 4787 1574 4790
f 456 1590 4787
f 4791 1591 4792
f 2610 4376 1591
f 4376 4378 4792
f 4383 4791 4792
f 1596 4386 2617
f 1603 2623 1602
f 661 2630 669
f 4400 667 669
f 2634 4403 4738
f 4410 4405 2634
f 1612 1086 2638
f 3535 3417 2641
f 684 4436 4432
f 1617 1618 5002
f 4447 3960 3958
f 694 696 4446
f 1626 4466 4715
f 706 4480 705
f 706 4483 4491
f 706 705 4483
f 4933 4485 4853
f 1640 4490 4495
f 4797 2686 1637
f 2689 1637 2686
f 4477 1639 4495
f 1642 4505 4499
f 722 721 1648
f 4513 4512 1648
f 4076 4527 2451
f 4527 4528 1656
f 4529 729 2708
f 4538 1664 619
f 2716 2717 1647
f 4855 734 1681
f 735 1685 1694
f 1686 4553 4554
f 4554 2242 355
f 4560 4182 4559
f 4563 4569 740
f 4879 2738 1688
f 4593 750 4879
f 4599 2746 4595
f 2749 2748 751
f 1704 4827 1075
f 2750 4991 4827
f 2774 1709 4615
f 4722 2769 4747
f 4621 2763 757
f 4992 763 663
f 1724 4652 767
f 4660 4659 4662
f 1737 2796 1738
f 774 4666 2798
f 2798 4666 99
f 1750 1746 1749
f 4487 709 1748
f 783 1749 709
f 2281 2476 4728
f 3914 458 2367
f 4182 4183 4559
f 37 1803 834
f 3093 3090 3092
f 120 932 119
f 128 1953 1907
f 2292 160 1978
f 1128 2133 3517
f 4810 4228 283
f 333 2216 338
f 2260 3755 3736
f 1266 2263 3744
f 1269 372 2257
f 4843 390 3767
f 415 4978 1341
f 3858 1333 2331
f 438 3864 2334
f 1284 3914 3913
f 503 4016 4017
f 4042 4043 4911
f 4123 4133 542
f 4138 550 2471
f 4207 4707 5000
f 2517 4216 2519
f 2523 2530 2524
f 2543 605 1536
f 1547 1549 1548
f 2606 2608 653
f 4454 2664 4451
f 4594 4206 4601
f 662 763 4636
f 2896 804 4828
f 478 479 2392
f 546 548 4131
f 1492 1491 2496
f 1 1756 4802
f 2829 2826 791
f 1870 2836 1765
f 806 2848 7
f 1774 2862 2861
f 1037 4691 1038
f 4828 1786 1787
f 838 839 835
f 844 46 843
f 49 2945 2946
f 1832 2946 850
f 2955 60 2972
f 3389 68 4694
f 1862 1861 877
f 876 1862 877
f 1863 1869 71
f 4964 3018 3020
f 1879 2775 4640
f 1142 4884 3537
f 3160 4965 1941
f 1944 95 3145
f 104 2801 3116
f 110 921 3123
f 1953 127 1907
f 4831 954 1969
f 166 167 165
f 3242 174 1988
f 3249 3242 1984
f 174 1990 176
f 3257 998 3246
f 975 3299 3207
f 236 3413 1078
f 1079 673 3416
f 238 3421 1081
f 242 3437 3435
f 1053 3337 2102
f 3460 3461 2101
f 3462 1080 3421
f 1100 3464 1135
f 1101 3463 2098
f 3491 1102 2109
f 3491 2109 1112
f 3499 263 3497
f 2118 2115 264
f 2117 1118 3502
f 1119 4906 2121
f 278 277 2135
f 2134 1137 1134
f 1137 2134 2136
f 3513 278 3521
f 2185 1152 3546
f 3556 1154 4686
f 614 3561 1158
f 1178 1179 314
f 1184 2192 2193
f 3645 3642 4944
f 2221 1214 1215
f 4923 2237 1238
f 1243 3698 354
f 355 2242 3701
f 1249 4924 4937
f 907 3719 3070
f 4858 3730 371
f 2264 3751 396
f 3867 1270 375
f 2255 1276 3732
f 1272 2274 389
f 3702 4175 359
f 1181 3811 1298
f 1291 3810 3813
f 413 4893 1299
f 2318 423 1313
f 3877 4769 1341
f 3896 4772 2351
f 3772 454 3763
f 2360 2361 1357
f 1360 3920 2370
f 3954 477 4731
f 4731 4954 3998
f 4705 2396 3963
f 1407 4911 4043
f 4292 4895 1425
f 4091 1400 4093
f 1444 4120 3671
f 4134 4133 4123
f 4170 558 1477
f 4195 571 569
f 2502 4850 2503
f 579 2508 1505
f 1507 4209 4734
f 592 617 4225
f 1553 4284 1555
f 4288 622 2562
f 2562 622 4291
f 4297 4298 4931
f 4771 641 2586
f 4360 4369 2600
f 4383 4712 173
f 4401 666 668
f 684 2658 4436
f 1629 4473 1630
f 2691 714 2685
f 1648 1651 722
f 4516 723 4517
f 1658 2707 727
f 2739 1682 1683
f 4565 4564 2734
f 2736 4156 554
f 4203 4201 747
f 4857 2752 2750
f 1715 2773 2772
f 776 2798 4665
f 4669 4902 1740
f 1742 4671 4668
f 1921 4674 4673
f 1740 4902 4485
f 3207 3205 975
f 976 3209 972
f 1984 3242 4993
f 2479 4168 4780
f 4269 1228 3674
f 4764 610 4272
f 1708 4720 1707
f 4666 774 2797
f 1820 1821 45
f 2300 2301 4768
f 2432 508 509
f 2482 4707 558
f 10 1762 11
f 17 2852 2844
f 1860 3011 3002
f 3023 3028 1868
f 899 3052 1891
f 912 3090 3087
f 819 1936 1934
f 3140 2941 2940
f 3187 3193 4885
f 1974 4698 3192
f 996 3231 3233
f 3239 3240 169
f 1005 970 3262
f 3292 3293 2004
f 2073 3418 238
f 2073 1081 2074
f 241 234 2083
f 2128 276 1133
f 3587 317 291
f 4838 3635 1308
f 342 4355 4685
f 2730 355 3701
f 1261 1259 3726
f 4175 3781 359
f 3807 2295 321
f 4925 4844 3816
f 2333 438 2334
f 3866 1338 2338
f 1340 442 3683
f 3674 1228 2341
f 1240 3776 446
f 2344 3877 1348
f 3920 1360 461
f 4860 2432 509
f 1421 4062 519
f 3971 4092 4094
f 2471 4139 4138
f 556 1468 4165
f 4202 4215 1502
f 4279 2224 1554
f 4314 4736 4317
f 696 694 2663
f 4957 1662 2710
f 1667 4532 4535
f 2722 2721 1675
f 1682 2739 4579
f 3069 3077 1845
f 2004 1215 1214
f 3943 3947 3945
f 1816 832 37
f 2990 864 2893
f 1871 1872 4745
f 1955 3172 3166
f 4807 3384 3386
f 4865 2047 3444
f 3558 285 4499
f 317 296 2165
f 1259 384 3726
f 404 321 2295
f 3863 1335 2583
f 4008 499 495
f 4107 1435 1434
f 1539 541 4108
f 4353 646 649
f 4869 4513 2704
f 2896 4828 1836
f 1894 4722 4747
f 996 1984 3231
f 3564 3563 298
f 1223 1942 3749
f 615 4277 2555
f 1705 4610 4605
f 4881 1760 2826
f 2827 791 2826
f 798 892 2839
f 886 888 3027
f 1872 1871 935
f 4745 1874 4829
f 3043 3044 2866
f 1891 3052 88
f 4863 4722 1894
f 3092 3090 912
f 1923 116 3123
f 4697 925 1932
f 1930 927 1928
f 932 120 1926
f 2939 3139 837
f 3141 1819 840
f 132 1948 133
f 155 971 974
f 173 170 1987
f 3328 212 206
f 2073 2074 3415
f 3353 4866 81
f 1097 3457 2096
f 3481 4834 3479
f 4836 4915 313
f 3651 1205 1211
f 1254 2246 3717
f 1268 372 1269
f 389 2274 1463
f 3900 3772 2276
f 3801 2361 2360
f 4845 444 3820
f 513 2400 1415
f 4895 4292 529
f 4208 1506 556
f 1513 2522 4276
f 275 1514 584
f 2527 4233 1516
f 4313 171 993
f 4342 4341 4930
f 646 4350 649
f 1607 4713 4404
f 2667 2668 699
f 1635 4797 4493
f 4544 2712 1674
f 752 1707 4607
f 2756 4610 4934
f 1733 1734 2384
f 3162 3164 4830
f 1793 4744 4748
f 3009 3007 71
f 3290 3208 4818
f 3437 2088 3440
f 357 1245 1247
f 2844 2852 803
f 100 1792 3109
f 4751 4696 101
f 158 3150 3152
f 3317 3319 4805
f 2223 3297 2222
f 1264 1265 3742
f 3934 3925 2369
f 4096 4021 484
f 2477 546 4127
f 2479 4780 4848
f 4777 1481 1480
f 4376 4792 1591
f 4420 4421 672
f 4670 4902 4669
f 1749 1746 1748
f 48 2945 846
f 121 120 119
f 2727 1686 1687
f 3904 2357 1352
f 2702 4508 720
f 3067 1875 3066
f 3465 4757 252
f 271 3500 1125
f 1128 3518 2133
f 1201 329 3628
f 4081 532 1431
f 4164 4848 4780
f 4670 4669 775
f 1742 4668 3110
f 4763 4347 2220
f 1507 2510 4962
f 2830 2828 795
f 1221 350 3668
f 467 1369 2421
f 4861 4535 4939
f 4741 3043 2861
f 1092 220 3358
f 1087 244 2088
f 3623 3585 3621
f 1226 4271 4270
f 2372 3923 462
f 4034 508 506
f 4949 1411 4774
f 1658 728 4855
f 2988 2987 64
f 3537 4694 874
f 3085 1910 3086
f 334 3643 335
f 464 2378 3931
f 518 517 4927
f 4119 1443 4116
f 4473 1629 2675
f 803 4682 4690
f 2908 32 823
f 1788 2926 2898
f 883 3023 3008
f 886 887 888
f 920 97 101
f 1925 925 4697
f 117 1928 4872
f 3153 3155 3154
f 3193 3187 959
f 1900 3258 4088
f 3265 3202 4832
f 1044 4971 215
f 1044 1045 4971
f 4507 3564 298
f 2224 3568 1162
f 1188 3619 3620
f 1191 2206 4952
f 3629 2209 328
f 3639 3638 3855
f 1225 402 2552
f 4842 4924 1249
f 2245 361 3711
f 3709 4177 1253
f 1280 3791 2287
f 2293 2230 3805
f 2305 417 2315
f 2335 2334 3864
f 460 1362 2369
f 487 488 2404
f 2439 2440 4089
f 568 4192 567
f 4857 4604 2752
f 4656 4657 1732
f 904 3065 1895
f 4991 2750 2752
f 4507 4718 3564
f 886 2838 1870
f 132 4698 3152
f 3332 3336 2039
f 3441 3440 1089
f 2242 4766 357
f 2417 1523 4226
f 3988 2776 4634
f 592 2558 617
f 4938 2131 276
f 2377 2291 4824
f 2528 3994 4867
f 5002 2653 4437
f 4748 4744 4749
f 3226 3222 3223
f 1836 4828 1787
f 3379 2062 3390
f 1198 2211 2209
f 3892 3890 3891
f 1446 4121 4122
f 4358 4361 2596
f 1611 1598 4714
f 4725 271 1117
f 775 4669 1739
f 2778 4636 763
f 2247 1898 3072
f 1759 4803 2816
f 874 4694 1881
f 108 3120 3119
f 4958 149 3189
f 1357 2377 4942
f 510 2441 1410
f 4126 1443 545
f 1536 4254 2543
f 4327 2586 1583
f 4367 2602 4355
f 95 3143 3145
f 563 2737 2495
f 4577 4598 4856
f 1765 794 2832
f 2901 2899 2853
f 4950 4863 1894
f 938 4965 1907
f 125 3140 936
f 966 3198 1958
f 3282 3280 1999
f 4982 3290 4366
f 1084 241 3571
f 3444 3353 4865
f 2104 2105 3476
f 3510 2120 3508
f 2133 3518 4889
f 3672 1444 3671
f 3818 1294 2298
f 4768 4893 3825
f 3947 3942 473
f 4037 2411 492
f 4045 3976 59
f 4949 2441 4046
f 2447 4057 4733
f 1432 530 2453
f 4306 2578 1566
f 4464 2671 2672
f 1629 1630 703
f 4475 1632 4474
f 1632 4475 704
f 4154 4571 554
f 4575 2737 563
f 757 1712 4621
f 3324 3327 3345
f 4554 1687 1686
f 4494 1637 2689
f 3890 3892 2349
f 2821 1762 2817
f 572 1489 4999
f 622 621 4826
f 3008 1869 3027
f 1261 3726 3723
f 4260 535 4970
f 4889 2134 2133
f 2146 313 2145
f 1377 1378 3957
f 4778 4188 570
f 66 2886 3351
f 3876 3875 3874
f 1968 3263 1007
f 2111 3472 3492
f 2567 2122 1521
f 3734 381 371
f 4211 4210 1509
f 611 4255 4970
f 1233 2341 3872
f 4117 1442 4112
f 4496 285 3526
f 520 521 1426
f 1739 4664 775
f 2063 3395 3394
f 1653 1428 1656
f 1041 4873 2035
f 1060 2058 2097
f 3796 4892 3797
f 1290 2291 1288
f 413 1299 3831
f 1295 3674 3869
f 1264 3742 3910
f 4472 4471 1631
f 4420 657 4391
f 3537 3001 4694
f 3039 3038 1878
f 3064 4746 1882
f 3011 896 1885
f 3053 1892 3052
f 923 3122 112
f 1923 3123 921
f 1959 3186 3187
f 1024 191 1025
f 1113 2115 4966
f 3502 2121 269
f 330 4838 3841
f 3690 3689 352
f 3717 3715 2228
f 1333 3863 2333
f 2396 3961 2397
f 473 4968 3958
f 4063 1419 4058
f 527 528 4082
f 1431 532 2454
f 1499 4196 4195
f 3489 582 4218
f 508 1541 4263
f 4280 616 1548
f 4280 1548 2561
f 1609 2641 1610
f 2070 2759 4611
f 4642 1732 4657
f 1122 2123 273
f 3075 3089 127
f 4775 4568 1464
f 610 1543 4272
f 4554 355 1687
f 4735 2561 626
f 3814 3810 3808
f 1668 1667 4535
f 1716 4631 4628
f 3693 3698 1243
f 3957 1378 2396
f 2075 4756 3428
f 4142 2475 4143
f 2528 1524 3994
f 1762 1763 11
f 3800 1286 1285
f 2811 4803 2806
f 3733 373 4767
f 3885 3901 1349
f 4015 4013 1390
f 1794 1810 1811
f 2442 1408 4044
f 1562 1565 2571
f 2720 2718 4689
f 737 2725 1684
f 2855 2848 806
f 2855 806 807
f 3137 1936 3138
f 3320 3307 194
f 435 436 439
f 2902 3940 821
f 1803 1804 2912
f 884 1873 3031
f 79 3033 3034
f 79 3034 1877
f 3068 1845 1897
f 956 145 3186
f 3191 3190 964
f 156 973 155
f 4827 3412 2068
f 3434 240 3432
f 3817 2298 1293
f 1325 428 2326
f 439 3861 435
f 1537 3876 3874
f 3798 2287 2286
f 4000 3999 4005
f 4083 4899 2453
f 609 4862 613
f 1611 4714 674
f 4553 1686 4552
f 1445 4558 4559
f 2765 1713 4625
f 1121 2124 275
f 3799 3914 1284
f 2802 1747 1750
f 3655 2014 1218
f 3898 3891 3883
f 3309 2019 3310
f 1961 3187 3186
f 3814 3809 3810
f 3611 1185 2198
f 3233 3231 167
f 2820 1762 2821
f 3203 1967 3198
f 3694 3697 394
f 3383 4807 3381
f 2719 732 4541
f 463 2376 3930
f 2566 4087 4048
f 938 1941 4965
f 1639 934 1640
f 395 4815 4170
f 805 2855 807
f 4959 974 3205
f 4699 207 2033
f 4682 2850 1767
f 2860 2859 22
f 2934 849 842
f 1828 848 4994
f 885 935 1871
f 1885 3002 3011
f 3141 2930 1816
f 4884 1142 2072
f 2084 243 3436
f 1106 260 3476
f 2098 2419 281
f 315 317 3593
f 2192 1184 3610
f 3655 1218 3653
f 2363 2362 4942
f 4019 2428 1400
f 4410 4916 4443
f 1654 4524 1653
f 2904 4662 4659
f 432 2327 1316
f 3381 1032 3383
f 3448 4866 3353
f 1881 4694 3048
f 3411 2068 2066
f 4740 1654 1653
f 176 1990 3244
f 4807 3383 3384
f 1479 560 1482
f 350 3670 1251
f 4494 2689 1926
f 2834 2380 797
f 43 4692 42
f 3436 3432 240
f 4812 2236 3689
f 587 4232 4231
f 730 4957 4534
f 730 1661 4957
f 3194 1004 148
f 125 3139 3140
f 4689 4540 2720
f 656 2652 4714
f 4546 4542 1673
f 4567 4568 4566
f 4070 4069 4068
f 1926 2689 113
f 3731 4767 1262
f 4667 4671 2800
f 4671 4667 4668
f 2800 4671 4672
f 4293 4084 626
f 3774 1277 4728
f 1677 2720 4540
f 4541 732 4542
f 4543 4541 4542
f 4852 5003 4401
f 5003 666 4401
f 4396 5005 664
f 5005 4396 2627
f 2763 5006 4622
f 2787 5007 1615
f 4637 5008 4639
f 665 5010 5005
f 5010 664 5005
f 1721 5011 5008
f 5011 765 5008
f 1721 5013 5011
f 5013 766 5011
f 5014 4852 4441
f 4852 5014 5003
f 5014 4399 5003
f 5017 1720 4639
f 1720 5017 5015
f 5017 765 5015
f 1615 5018 2787
f 1720 5019 1725
f 2783 5019 5015
f 5019 1720 5015
f 2787 5020 5007
f 5020 1719 5007
f 4901 5021 5004
f 5021 771 5004
f 4624 5022 2792
f 5022 4621 2792
f 5023 4637 1719
f 4637 5023 5008
f 5023 1721 5008
f 4901 5024 2764
f 1728 5024 5004
f 5024 4901 5004
f 1726 5025 4648
f 766 5025 5009
f 5025 1726 5009
f 2658 5026 4441
f 5027 4901 2764
f 4901 5027 5022
f 5027 4621 5022
f 1616 5029 2779
f 2651 5030 5026
f 5030 4441 5026
f 4646 5031 5021
f 5031 771 5021
f 4623 5032 5028
f 5032 2660 5028
f 666 5033 1605
f 772 5035 1727
f 4648 5036 5013
f 5036 766 5013
f 766 5036 5025
f 5036 4648 5025
f 5037 2763 4621
f 2763 5037 5006
f 5037 2764 5006
f 5038 4429 679
f 4429 5038 2646
f 1727 5039 5004
f 5039 1728 5004
f 1728 5039 5035
f 5039 1727 5035
f 4624 5040 5022
f 5040 4901 5022
f 2764 5041 5027
f 5041 4621 5027
f 4621 5041 5037
f 5041 2764 5037
f 766 5042 5015
f 5042 2783 5015
f 2787 5043 5020
f 5043 1721 5020
f 1725 5045 4647
f 4441 5046 5014
f 5046 4399 5014
f 4399 5046 5030
f 5046 4441 5030
f 5047 2627 1605
f 2627 5047 5005
f 5047 665 5005
f 2785 5048 5043
f 5048 1721 5043
f 1728 5049 5012
f 5049 1730 5012
f 1730 5049 5035
f 5049 1728 5035
f 2649 5050 5016
f 5050 4650 5016
f 2643 5051 5034
f 5051 2628 5034
f 692 5052 5012
f 5052 4623 5012
f 4623 5052 5032
f 5052 692 5032
f 2764 5053 5006
f 5053 4623 5006
f 1721 5055 5020
f 5055 1719 5020
f 1719 5055 5023
f 5055 1721 5023
f 4646 5056 5045
f 5056 4647 5045
f 2779 5057 5007
f 5057 1615 5007
f 1615 5057 5029
f 5057 2779 5029
f 4623 5058 5006
f 5058 4622 5006
f 4622 5058 5028
f 5058 4623 5028
f 5059 2658 2659
f 2658 5059 5026
f 5059 683 5026
f 683 5060 5026
f 5060 2651 5026
f 692 5061 5032
f 5061 2660 5032
f 1721 5062 5013
f 5062 4648 5013
f 4648 5062 5048
f 5062 1721 5048
f 771 5064 5004
f 5064 1727 5004
f 1727 5064 5009
f 5064 771 5009
f 2660 5066 5054
f 5066 2650 5054
f 665 5067 5010
f 5067 2643 5010
f 2643 5067 5051
f 5067 665 5051
f 2648 5068 4794
f 4399 5068 5044
f 5068 2648 5044
f 4646 5069 5031
f 5069 2783 5031
f 2783 5069 5045
f 5069 4646 5045
f 1615 5070 5018
f 5070 4428 5018
f 2786 5071 5018
f 5071 2787 5018
f 1727 5072 772
f 5073 677 678
f 2783 5074 5031
f 5074 771 5031
f 771 5074 5042
f 5074 2783 5042
f 1728 5075 5024
f 5075 2764 5024
f 2764 5075 5053
f 5075 1728 5053
f 766 5076 5011
f 5076 765 5011
f 765 5076 5015
f 5076 766 5015
f 4423 5077 5029
f 5077 1615 5029
f 4425 5080 4427
f 679 5080 5038
f 5080 4425 5038
f 2645 5081 2790
f 4851 5082 4398
f 2629 5082 5033
f 5082 4851 5033
f 4399 5083 5003
f 5083 666 5003
f 666 5083 5044
f 5083 4399 5044
f 2644 5084 678
f 2651 5085 5030
f 5085 4399 5030
f 2649 5086 5065
f 5086 4794 5065
f 5087 4425 4427
f 4425 5087 5084
f 5087 678 5084
f 664 5088 2642
f 2643 5088 5010
f 5088 664 5010
f 2783 5089 5019
f 5089 1725 5019
f 1725 5089 5045
f 5089 2783 5045
f 2792 5090 4624
f 5090 2792 4651
f 4901 5093 5021
f 5093 4646 5021
f 4646 5093 5040
f 5093 4901 5040
f 1615 5094 5070
f 5094 676 5070
f 676 5094 5077
f 5094 1615 5077
f 5095 2659 1619
f 5096 4440 690
f 4423 5097 4424
f 1616 5097 5029
f 5097 4423 5029
f 4399 5098 5068
f 5098 4794 5068
f 4794 5098 5085
f 5098 4399 5085
f 4430 5099 5061
f 5099 2660 5061
f 2660 5099 5066
f 5099 4430 5066
f 4429 5100 679
f 4444 5100 5016
f 5100 4429 5016
f 4430 5101 5050
f 5101 4650 5050
f 4650 5101 5091
f 5101 4430 5091
f 4427 5102 5063
f 5102 679 5063
f 679 5102 5080
f 5102 4427 5080
f 5103 690 2657
f 4648 5104 1726
f 5105 2629 2647
f 2629 5105 5082
f 5105 4398 5082
f 1605 5106 5047
f 5106 665 5047
f 678 5107 5073
f 5107 676 5073
f 4649 5108 5092
f 5108 691 5092
f 691 5109 5054
f 5109 2660 5054
f 2660 5109 5108
f 5109 691 5108
f 2788 5110 5104
f 5110 1726 5104
f 2650 5111 5065
f 5111 2649 5065
f 5112 4423 4424
f 4423 5112 5073
f 5112 677 5073
f 2660 5113 5028
f 5113 4649 5028
f 4649 5113 5108
f 5113 2660 5108
f 2786 5114 5071
f 5114 2785 5071
f 5115 1719 1722
f 1719 5115 5007
f 5115 2779 5007
f 677 5116 5034
f 5116 4424 5034
f 4424 5116 5112
f 5116 677 5112
f 765 5117 5008
f 5117 4639 5008
f 4639 5117 5017
f 5117 765 5017
f 4794 5118 5065
f 5118 2651 5065
f 2651 5118 5085
f 5118 4794 5085
f 678 5119 5107
f 5119 4426 5107
f 5120 681 4428
f 692 5121 5061
f 5121 4430 5061
f 4430 5121 5091
f 5121 692 5091
f 4430 5122 5066
f 5122 2650 5066
f 2650 5122 5111
f 5122 4430 5111
f 4398 5123 4851
f 2628 5123 2644
f 680 5124 4444
f 679 5124 5063
f 5124 680 5063
f 4428 5125 5120
f 5125 4426 5120
f 2788 5126 682
f 2786 5126 5114
f 5126 2788 5114
f 771 5127 5009
f 5127 766 5009
f 766 5127 5042
f 5127 771 5042
f 4851 5128 5106
f 5128 665 5106
f 682 5129 2645
f 2786 5129 5126
f 5129 682 5126
f 4426 5130 5107
f 5130 676 5107
f 676 5130 5125
f 5130 4426 5125
f 2645 5131 682
f 5131 2645 2790
f 5132 680 4444
f 680 5132 5081
f 5132 2790 5081
f 680 5133 5063
f 5133 4426 5063
f 4426 5133 5120
f 5133 680 5120
f 5134 2657 4622
f 2657 5134 5092
f 5134 4649 5092
f 5135 4429 2646
f 4429 5135 5086
f 5135 4794 5086
f 4425 5136 5038
f 5136 2646 5038
f 1726 5137 5072
f 5137 2789 5072
f 2789 5137 5110
f 5137 1726 5110
f 1729 5138 5131
f 5138 682 5131
f 4624 5139 5056
f 5139 4647 5056
f 4647 5139 5090
f 5139 4624 5090
f 5140 2659 691
f 2659 5140 5059
f 5140 683 5059
f 1726 5141 5009
f 5141 1727 5009
f 1727 5141 5072
f 5141 1726 5072
f 2647 5142 5105
f 5142 4398 5105
f 5143 1730 1731
f 1730 5143 5012
f 5143 692 5012
f 4444 5144 5100
f 5144 679 5100
f 679 5144 5124
f 5144 4444 5124
f 2786 5145 5129
f 5145 2645 5129
f 692 5146 5091
f 5146 1731 5091
f 1731 5146 5143
f 5146 692 5143
f 676 5147 5070
f 5147 4428 5070
f 4428 5147 5125
f 5147 676 5125
f 5148 1731 1729
f 2645 5149 5081
f 5149 681 5081
f 681 5149 5145
f 5149 2645 5145
f 2650 5150 5060
f 5150 2651 5060
f 2651 5150 5065
f 5150 2650 5065
f 4624 5151 5040
f 5151 4646 5040
f 4646 5151 5056
f 5151 4624 5056
f 4424 5152 5079
f 5152 1616 5079
f 1616 5152 5097
f 5152 4424 5097
f 5153 4428 681
f 4428 5153 5018
f 5153 2786 5018
f 4429 5154 5016
f 5154 2649 5016
f 2649 5154 5086
f 5154 4429 5086
f 2779 5155 1604
f 1722 5155 5115
f 5155 2779 5115
f 5156 691 2659
f 691 5156 5092
f 5156 2656 5092
f 2787 5157 5043
f 5157 2785 5043
f 2785 5157 5071
f 5157 2787 5071
f 2786 5158 5145
f 5158 681 5145
f 681 5158 5153
f 5158 2786 5153
f 2785 5159 5048
f 5159 4648 5048
f 4648 5159 5104
f 5159 2785 5104
f 4444 5160 5132
f 5160 2790 5132
f 4426 5161 5063
f 5161 4427 5063
f 4427 5161 5119
f 5161 4426 5119
f 677 5162 2644
f 5162 2628 2644
f 2628 5162 5034
f 5162 677 5034
f 2649 5163 5050
f 5163 4430 5050
f 4430 5163 5111
f 5163 2649 5111
f 4851 5164 5033
f 5164 1605 5033
f 1605 5164 5106
f 5164 4851 5106
f 4440 5165 686
f 5165 1619 686
f 1619 5165 5096
f 5165 4440 5096
f 2790 5166 5131
f 5166 1729 5131
f 1729 5166 5148
f 5166 2790 5148
f 2785 5167 5104
f 5167 2788 5104
f 2788 5167 5114
f 5167 2785 5114
f 5168 2788 682
f 2788 5168 5110
f 5168 2789 5110
f 2644 5169 5084
f 5169 4398 5084
f 4398 5169 5123
f 5169 2644 5123
f 2790 5170 5148
f 5170 4650 5148
f 4650 5170 5160
f 5170 2790 5160
f 2629 5171 2647
f 5171 2648 2647
f 2648 5171 5044
f 5171 2629 5044
f 4649 5172 5028
f 5172 4622 5028
f 4622 5172 5134
f 5172 4649 5134
f 4427 5173 5087
f 5173 678 5087
f 678 5173 5119
f 5173 4427 5119
f 2642 5174 5079
f 5174 2643 5079
f 2643 5174 5088
f 5174 2642 5088
f 4647 5175 4653
f 5175 4651 4653
f 4651 5175 5090
f 5175 4647 5090
f 666 5176 5033
f 5176 2629 5033
f 2629 5176 5044
f 5176 666 5044
f 1730 5177 1731
f 5177 1729 1731
f 1729 5177 5078
f 5177 1730 5078
f 4794 5178 2648
f 5178 2646 2648
f 2646 5178 5135
f 5178 4794 5135
f 2656 5179 5092
f 5179 2657 5092
f 2657 5179 5103
f 5179 2656 5103
f 772 5180 5035
f 5180 1730 5035
f 1730 5180 5078
f 5180 772 5078
f 683 5181 5054
f 5181 691 5054
f 691 5181 5140
f 5181 683 5140
f 4650 5182 5016
f 5182 4444 5016
f 4444 5182 5160
f 5182 4650 5160
f 2656 5183 5095
f 5183 2659 5095
f 2659 5183 5156
f 5183 2656 5156
f 2789 5184 5078
f 5184 1729 5078
f 1729 5184 5138
f 5184 2789 5138
f 4623 5185 5012
f 5185 1728 5012
f 1728 5185 5053
f 5185 4623 5053
f 2789 5186 5072
f 5186 772 5072
f 772 5186 5078
f 5186 2789 5078
f 4425 5187 5136
f 5187 2647 5136
f 2647 5187 5142
f 5187 4425 5142
f 681 5188 5081
f 5188 680 5081
f 680 5188 5120
f 5188 681 5120
f 1731 5189 5091
f 5189 4650 5091
f 4650 5189 5148
f 5189 1731 5148
f 5190 1722 4992
f 1722 5190 5155
f 5190 1604 5155
f 665 5191 5051
f 5191 2628 5051
f 2628 5191 5128
f 5191 665 5128
f 2650 5192 5054
f 5192 683 5054
f 683 5192 5060
f 5192 2650 5060
f 2628 5193 5123
f 5193 4851 5123
f 4851 5193 5128
f 5193 2628 5128
f 2642 5194 1604
f 5194 1616 1604
f 1616 5194 5079
f 5194 2642 5079
f 676 5195 5073
f 5195 4423 5073
f 4423 5195 5077
f 5195 676 5077
f 1604 5196 2642
f 5196 4992 2642
f 4992 5196 5190
f 5196 1604 5190
f 4398 5197 5084
f 5197 4425 5084
f 4425 5197 5142
f 5197 4398 5142
f 690 5198 5096
f 5198 2655 5096
f 2655 5198 5103
f 5198 690 5103
f 2646 5199 2648
f 5199 2647 2648
f 2647 5199 5136
f 5199 2646 5136
f 2655 5200 5095
f 5200 2656 5095
f 2656 5200 5103
f 5200 2655 5103
f 4424 5201 5034
f 5201 2643 5034
f 2643 5201 5079
f 5201 4424 5079
f 2789 5202 5138
f 5202 682 5138
f 682 5202 5168
f 5202 2789 5168
f 1619 5203 5095
f 5203 2655 5095
f 2655 5203 5096
f 5203 1619 5096
f 5204 3571 1163
f 4984 5206 3570
f 3406 5207 3408
f 3406 5209 5207
f 5209 3579 5207
f 879 5210 3015
f 5210 879 3012
f 2177 5211 5206
f 5211 3581 5206
f 228 5213 3402
f 1163 5214 5204
f 5214 3580 5204
f 5215 3582 307
f 1884 5216 899
f 897 5216 895
f 5216 1884 895
f 5217 3406 233
f 3406 5217 5209
f 5217 2178 5209
f 5218 307 306
f 5219 233 3572
f 5219 1167 2178
f 5220 3055 84
f 3399 5221 5205
f 5221 3400 5205
f 5223 3052 899
f 3052 5223 5222
f 5223 897 5222
f 5224 2063 3398
f 2063 5224 5213
f 5224 3402 5213
f 307 5225 5215
f 5225 3581 5215
f 3581 5225 5218
f 5225 307 5218
f 3398 5226 5224
f 5226 3402 5224
f 233 5227 5217
f 5227 2178 5217
f 2178 5227 5219
f 5227 233 5219
f 876 5229 5212
f 5229 1864 5212
f 897 5230 5216
f 5230 899 5216
f 899 5230 5223
f 5230 897 5223
f 3006 5231 69
f 5231 876 69
f 876 5231 5229
f 5231 3006 5229
f 5232 3011 1862
f 3011 5232 5210
f 5232 3015 5210
f 1167 5233 2178
f 1069 5234 5205
f 5234 3397 5205
f 3011 5235 896
f 3012 5235 5210
f 5235 3011 5210
f 76 5236 84
f 3401 5237 1069
f 3571 5238 3572
f 2180 5238 5204
f 5238 3571 5204
f 898 5239 5222
f 5239 3051 5222
f 3051 5239 5228
f 5239 898 5228
f 2064 5240 1072
f 5240 3404 1072
f 3404 5240 3398
f 5241 87 1889
f 87 5241 5236
f 5241 84 5236
f 3570 5242 1163
f 306 5242 5218
f 5242 3570 5218
f 1167 5243 5233
f 5243 1168 5233
f 5244 3577 3582
f 1165 5245 5207
f 5245 3408 5207
f 5246 3400 1070
f 3400 5246 5205
f 5246 1069 5205
f 3016 5248 5228
f 5248 3051 5228
f 1163 5249 5214
f 5249 306 5214
f 306 5249 5242
f 5249 1163 5242
f 3576 5250 2179
f 3397 5251 5208
f 5251 1068 5208
f 1068 5251 5234
f 5251 3397 5234
f 5252 1067 3392
f 1067 5252 5208
f 5252 3397 5208
f 1886 5255 3054
f 3016 5255 5248
f 5255 1886 5248
f 3572 5256 5219
f 5256 1167 5219
f 5257 3057 3058
f 3057 5257 900
f 5258 3395 2063
f 5259 228 3402
f 228 5259 5247
f 5259 3574 5247
f 5260 74 880
f 5262 2064 1072
f 1167 5263 5243
f 5263 310 5243
f 310 5263 5254
f 5263 1167 5254
f 5264 3016 3055
f 3016 5264 5255
f 5264 3054 5255
f 3403 5265 5262
f 5265 2064 5262
f 5266 304 1166
f 5267 3576 3573
f 3576 5267 5250
f 5267 1165 5250
f 5268 3392 3395
f 3392 5268 5252
f 5268 3397 5252
f 881 5269 5228
f 5269 3016 5228
f 3016 5269 5253
f 5269 881 5253
f 3397 5270 5258
f 5270 3395 5258
f 3395 5270 5268
f 5270 3397 5268
f 1070 5271 3401
f 3582 5271 5244
f 5271 1070 5244
f 1069 5272 3401
f 5272 1070 3401
f 1070 5272 5246
f 5272 1069 5246
f 3402 5273 5259
f 5273 3574 5259
f 5274 3396 1067
f 3396 5274 4984
f 228 5275 5213
f 5275 3399 5213
f 3399 5275 5221
f 5275 228 5221
f 2177 5276 5208
f 5276 1067 5208
f 1067 5276 5274
f 5276 2177 5274
f 3061 5277 901
f 5277 85 901
f 5277 3061 1892
f 4984 5278 5206
f 5278 2177 5206
f 2177 5278 5274
f 5278 4984 5274
f 307 5279 306
f 1168 5280 5233
f 5280 3579 5233
f 85 5281 1890
f 5281 3051 1890
f 876 5282 1862
f 3015 5282 5212
f 5282 876 5212
f 84 5283 5220
f 5283 1889 5220
f 1889 5283 5241
f 5283 84 5241
f 304 5284 2179
f 5284 3576 2179
f 3576 5284 5266
f 5284 304 5266
f 3409 5285 3573
f 1165 5285 5245
f 5285 3409 5245
f 5286 3006 3018
f 3006 5286 5229
f 5286 1864 5229
f 1169 5287 5279
f 5287 306 5279
f 3013 5288 3012
f 5288 73 3012
f 5288 3013 881
f 3580 5289 5204
f 5289 2180 5204
f 2180 5289 5254
f 5289 3580 5254
f 3056 5290 1889
f 5290 3056 900
f 3015 5291 879
f 5291 3014 879
f 3014 5291 880
f 2179 5292 304
f 5293 3055 3016
f 3055 5293 4964
f 5294 307 3582
f 307 5294 5279
f 5294 311 5279
f 304 5295 308
f 4700 5295 5292
f 5295 304 5292
f 4964 5296 3019
f 5296 3017 3019
f 3017 5296 5293
f 5296 4964 5293
f 3403 5297 5265
f 5297 3402 5265
f 3402 5297 5273
f 5297 3403 5273
f 3573 5298 5267
f 5298 1165 5267
f 1165 5298 5285
f 5298 3573 5285
f 3400 5299 1070
f 3575 5299 5247
f 5299 3400 5247
f 308 5300 1166
f 1068 5301 5208
f 5301 2177 5208
f 2177 5301 5211
f 5301 1068 5211
f 84 5302 76
f 5302 4964 76
f 4964 5302 3055
f 5302 84 3055
f 5303 901 85
f 901 5303 1887
f 87 5304 3058
f 1888 5304 5236
f 5304 87 5236
f 3408 5305 1072
f 3409 5305 5245
f 5305 3408 5245
f 3401 5306 5215
f 5306 3582 5215
f 3582 5306 5271
f 5306 3401 5271
f 3018 5307 5286
f 5307 1864 5286
f 1888 5308 86
f 85 5308 5303
f 5308 1888 5303
f 3575 5309 5244
f 5309 3577 5244
f 5310 3582 3577
f 3582 5310 5294
f 5310 311 5294
f 5311 3574 1164
f 3574 5311 5247
f 5311 3575 5247
f 2064 5312 5226
f 5312 3402 5226
f 3402 5312 5265
f 5312 2064 5265
f 3581 5313 5215
f 5313 3401 5215
f 3401 5313 5237
f 5313 3581 5237
f 1883 5314 899
f 5314 1884 899
f 1884 5314 83
f 5314 1883 83
f 3399 5315 5213
f 5315 2063 5213
f 2063 5315 5258
f 5315 3399 5258
f 73 5316 3012
f 306 5317 5214
f 5317 3580 5214
f 3580 5317 5287
f 5317 306 5287
f 1070 5318 5244
f 5318 3575 5244
f 3575 5318 5299
f 5318 1070 5299
f 3019 5319 4964
f 5319 3018 4964
f 3018 5319 5307
f 5319 3019 5307
f 3054 5320 5220
f 5320 3055 5220
f 3055 5320 5264
f 5320 3054 5264
f 1862 5321 5232
f 5321 3015 5232
f 3015 5321 5282
f 5321 1862 5282
f 3012 5322 5235
f 5322 896 5235
f 896 5322 5316
f 5322 3012 5316
f 3580 5323 5261
f 5323 1169 5261
f 1169 5323 5287
f 5323 3580 5287
f 3578 5324 305
f 1168 5324 5280
f 5324 3578 5280
f 3577 5325 5300
f 5325 1166 5300
f 1166 5325 5309
f 5325 3577 5309
f 3398 5326 5226
f 5326 2064 5226
f 2064 5326 5240
f 5326 3398 5240
f 3051 5327 1890
f 1886 5327 5248
f 5327 3051 5248
f 2178 5328 5209
f 5328 3579 5209
f 3579 5328 5233
f 5328 2178 5233
f 86 5329 1888
f 3058 5329 5257
f 5329 86 5257
f 5330 1164 303
f 1164 5330 5266
f 5330 3576 5266
f 1167 5331 5254
f 5331 2180 5254
f 2180 5331 5256
f 5331 1167 5256
f 5332 3578 305
f 3578 5332 5250
f 5332 2179 5250
f 3583 5333 309
f 5333 4700 309
f 4700 5333 2181
f 5333 3583 2181
f 1166 5334 5266
f 5334 1164 5266
f 1168 5335 309
f 310 5335 5243
f 5335 1168 5243
f 1165 5336 5250
f 5336 3578 5250
f 5337 881 3013
f 881 5337 5253
f 5337 75 5253
f 2180 5338 5238
f 5338 3572 5238
f 3572 5338 5256
f 5338 2180 5256
f 3575 5339 5309
f 5339 1166 5309
f 1166 5339 5334
f 5339 3575 5334
f 3579 5340 5207
f 5340 1165 5207
f 1165 5340 5336
f 5340 3579 5336
f 311 5341 2181
f 5341 308 2181
f 308 5341 5300
f 5341 311 5300
f 5342 2181 3583
f 2181 5342 311
f 3053 5343 1892
f 85 5343 5281
f 5343 3053 5281
f 1888 5344 5304
f 5344 3058 5304
f 3058 5344 5329
f 5344 1888 5329
f 86 5345 1890
f 5345 85 1890
f 85 5345 5308
f 5345 86 5308
f 2179 5346 5292
f 5346 305 5292
f 305 5346 5332
f 5346 2179 5332
f 1864 5347 5260
f 5347 3019 5260
f 3019 5347 5307
f 5347 1864 5307
f 3052 5348 3053
f 3051 5348 5222
f 5348 3052 5222
f 309 5349 3583
f 310 5349 5335
f 5349 309 5335
f 73 5350 898
f 881 5350 5288
f 5350 73 5288
f 3017 5351 5253
f 5351 3016 5253
f 3016 5351 5293
f 5351 3017 5293
f 3578 5352 5280
f 5352 3579 5280
f 3579 5352 5336
f 5352 3578 5336
f 1164 5353 5311
f 5353 3575 5311
f 3575 5353 5334
f 5353 1164 5334
f 1889 5354 5220
f 5354 3054 5220
f 3054 5354 5290
f 5354 1889 5290
f 3397 5355 5205
f 5355 3399 5205
f 3399 5355 5258
f 5355 3397 5258
f 3403 5356 3573
f 5356 3409 3573
f 3409 5356 5262
f 5356 3403 5262
f 3581 5357 5206
f 5357 3570 5206
f 3570 5357 5218
f 5357 3581 5218
f 1068 5358 5211
f 5358 3581 5211
f 3581 5358 5237
f 5358 1068 5237
f 3576 5359 3573
f 5359 303 3573
f 303 5359 5330
f 5359 3576 5330
f 896 5360 895
f 5360 897 895
f 897 5360 5316
f 5360 896 5316
f 1892 5361 5277
f 5361 85 5277
f 85 5361 5343
f 5361 1892 5343
f 880 5362 5212
f 5362 3015 5212
f 3015 5362 5291
f 5362 880 5291
f 5363 309 4700
f 309 5363 1168
f 5364 1886 3054
f 1887 5365 76
f 1888 5365 5303
f 5365 1887 5303
f 308 5366 2181
f 5366 4700 2181
f 4700 5366 5295
f 5366 308 5295
f 3574 5367 303
f 5367 3403 303
f 3403 5367 5273
f 5367 3574 5273
f 5368 73 898
f 73 5368 5316
f 5368 897 5316
f 1890 5369 86
f 1886 5369 5327
f 5369 1890 5327
f 74 5370 3017
f 5370 3019 3017
f 3019 5370 5260
f 5370 74 5260
f 3583 5371 5261
f 5371 310 5261
f 310 5371 5349
f 5371 3583 5349
f 76 5372 5236
f 5372 1888 5236
f 1888 5372 5365
f 5372 76 5365
f 900 5373 5290
f 5373 3054 5290
f 3054 5373 5364
f 5373 900 5364
f 305 5374 5292
f 5374 4700 5292
f 4700 5374 5363
f 5374 305 5363
f 86 5375 5364
f 5375 1886 5364
f 1886 5375 5369
f 5375 86 5369
f 1864 5376 5212
f 5376 880 5212
f 880 5376 5260
f 5376 1864 5260
f 1169 5377 5261
f 5377 3583 5261
f 3583 5377 5342
f 5377 1169 5342
f 75 5378 3014
f 5378 3013 3014
f 3013 5378 5337
f 5378 75 5337
f 1069 5379 5234
f 5379 1068 5234
f 1068 5379 5237
f 5379 1069 5237
f 1168 5380 5324
f 5380 305 5324
f 305 5380 5363
f 5380 1168 5363
f 86 5381 5257
f 5381 900 5257
f 900 5381 5364
f 5381 86 5364
f 87 5382 3056
f 5382 3057 3056
f 3057 5382 3058
f 5382 87 3058
f 3053 5383 5281
f 5383 3051 5281
f 3051 5383 5348
f 5383 3053 5348
f 311 5384 5300
f 5384 3577 5300
f 3577 5384 5310
f 5384 311 5310
f 897 5385 5222
f 5385 898 5222
f 898 5385 5368
f 5385 897 5368
f 1072 5386 5262
f 5386 3409 5262
f 3409 5386 5305
f 5386 1072 5305
f 311 5387 5279
f 5387 1169 5279
f 1169 5387 5342
f 5387 311 5342
f 3017 5388 74
f 5388 75 74
f 75 5388 5253
f 5388 3017 5253
f 228 5389 5221
f 5389 3400 5221
f 3400 5389 5247
f 5389 228 5247
f 898 5390 5228
f 5390 881 5228
f 881 5390 5350
f 5390 898 5350
f 3580 5391 5254
f 5391 310 5254
f 310 5391 5261
f 5391 3580 5261
