# aligned chain mesh
v -0.08997920 0.00665452 0.02859980
v -0.07350700 0.00295106 0.03776950
v -0.08379350 0.00948571 0.03172730
v -0.09071700 -0.00583413 0.03078750
v -0.07691980 -0.00949340 0.03935200
v -0.08444240 -0.00758777 0.03569680
v -0.09314760 -0.00608453 0.02695100
v -0.09258420 0.00975610 0.02188240
v -0.08832040 0.01995450 0.00903564
v -0.08515320 0.02529070 0.00437933
v -0.08225350 0.02335330 0.01208210
v -0.08021620 0.02230100 0.01987590
v -0.08287990 0.01843780 0.02412780
v -0.06286300 0.01403850 0.03256260
v -0.06574370 0.00062215 0.03787110
v -0.06891250 -0.01211400 0.03984450
v -0.07314470 0.03124000 0.00294737
v -0.07228600 0.02997250 0.00964696
v -0.06630330 0.03030540 0.01369890
v -0.06606790 0.03248110 0.00680181
v -0.06609080 0.03433280 -0.00111093
v -0.07382980 0.03241190 -0.00411679
v -0.05970740 0.03505720 0.00347755
v -0.04777470 0.03783530 -0.00279955
v -0.06176010 -0.00708222 0.03867090
v -0.04364530 -0.00423458 0.03449020
v -0.04324020 0.00376098 0.03405820
v -0.04868200 -0.00723313 0.03322150
v -0.03686240 0.00675675 0.03590010
v -0.04322980 -0.01106620 0.03439840
v -0.03190990 -0.01564070 0.03649770
v -0.03038390 0.00125967 0.03813560
v -0.03141150 -0.00734543 0.03813590
v -0.02306040 0.01917010 0.03355040
v -0.02937200 0.01659120 0.03434840
v -0.02825420 0.02321370 0.03083530
v -0.02556950 0.02988710 0.02668910
v -0.01616280 0.02121280 0.03439260
v -0.01790380 0.01586780 0.03509660
v -0.03599410 0.01389360 0.03435320
v -0.05112250 0.00005808 0.03286280
v -0.04376650 0.01216550 0.03266950
v -0.05483880 0.00604569 0.03317120
v -0.06923170 0.01679330 0.03168780
v -0.06093010 0.02601330 0.02331040
v -0.04720620 0.03177030 0.01868650
v -0.04763980 0.02632320 0.02388180
v -0.04547890 0.03660750 0.01105000
v -0.04927240 0.03691880 0.00456449
v -0.04490530 0.03930040 0.00166906
v -0.03643600 0.03807760 0.01506480
v -0.04122930 0.03468470 0.01741830
v -0.03028940 0.04481160 0.00455346
v -0.02339580 0.04939060 0.00527896
v -0.01959200 0.05311940 0.00336589
v -0.00505499 0.06599290 0.00301027
v -0.05440630 0.02330250 0.02531830
v -0.01209530 0.04438280 0.02232000
v -0.01439210 0.05398090 0.01039490
v -0.00137853 0.06698880 0.00540623
v -0.00315990 0.05885100 0.00832592
v 0.00510904 0.07002280 0.00294502
v 0.01361280 0.07052260 0.00527224
v 0.00923888 0.05721130 0.01141250
v 0.02098150 0.07197510 0.00378824
v 0.02453020 0.06947330 0.00569858
v 0.03211730 0.07316130 0.00438593
v 0.02452910 0.07155460 0.00001739
v 0.03797660 0.07504300 0.00406478
v 0.03816880 0.06792570 0.00761275
v 0.04235750 0.07585490 0.00410519
v 0.02818760 0.06279340 0.00997201
v 0.03609070 0.06190470 0.01194480
v 0.01855800 0.05311450 0.01867750
v 0.03100110 0.05833150 0.01524890
v 0.04402480 0.06322260 0.01285130
v 0.04643940 0.07476130 0.00597582
v 0.04952290 0.06853770 0.00926705
v 0.05514660 0.07500770 0.00763199
v 0.05511260 0.06801520 0.01314520
v 0.05982780 0.06609380 0.01683840
v 0.06179560 0.05889810 0.01888040
v 0.05919220 0.05425270 0.01861260
v 0.03268740 0.05440900 0.02010300
v 0.02422410 0.05002610 0.02183980
v 0.01838690 0.03845990 0.02706970
v 0.01407300 0.04276500 0.02570060
v 0.00717621 0.04124170 0.02774500
v 0.00843747 0.04702620 0.02316940
v 0.01028440 0.05233190 0.01802450
v -0.00592380 0.04911350 0.02057370
v -0.01672610 0.03995060 0.02344890
v -0.02995080 0.03737330 0.01846910
v -0.01142720 0.02858790 0.03314550
v -0.01715120 0.03389960 0.02743670
v -0.01161650 0.03936390 0.02659440
v -0.00280907 0.02711570 0.03697360
v -0.02373750 0.00434489 0.03799000
v -0.01034040 0.00212828 0.03798710
v -0.00504791 0.00675977 0.04124510
v 0.00343312 -0.00801570 0.04202190
v -0.00623279 -0.00869873 0.03761160
v -0.01268120 -0.01323040 0.03378980
v -0.04644640 -0.01464870 0.03285920
v -0.05568230 -0.01274450 0.03673270
v -0.08241930 -0.01468860 0.03721350
v -0.07414560 -0.02457260 0.04058030
v -0.08647520 -0.01959730 0.03472950
v -0.09903270 -0.06454390 0.02947430
v -0.09600040 -0.05866800 0.02838830
v -0.08383510 -0.09036550 0.01941030
v -0.08327020 -0.09676200 0.01771760
v -0.08184520 -0.07608730 0.02251120
v -0.08377380 -0.08406770 0.02070340
v -0.08660660 -0.09042950 0.02456340
v -0.08873630 -0.09695020 0.02575850
v -0.09789100 -0.09000240 0.02244900
v -0.05122740 0.01257930 0.03140210
v -0.07471020 0.01853570 0.02966390
v -0.03933040 -0.01760210 0.03376860
v -0.05126560 -0.02313760 0.02731630
v -0.03849630 -0.02565030 0.02915480
v -0.05122690 -0.02710910 0.02272360
v -0.04797110 -0.03034820 0.02005910
v -0.05362120 -0.02941240 0.01839940
v -0.06280240 -0.04534160 0.02703700
v -0.06783610 -0.05176130 0.02840880
v -0.06404210 -0.03953480 0.03407880
v -0.05659290 -0.02852570 0.03012170
v -0.05631950 -0.02073740 0.03387640
v -0.08937160 -0.03377080 0.03122250
v -0.06071120 -0.02428170 0.03578490
v -0.06160080 -0.03203030 0.03468020
v -0.07885110 -0.03764290 0.03927600
v -0.09169210 -0.04192130 0.02849380
v -0.09707550 -0.05454970 0.02333840
v -0.09284900 -0.05145710 0.02931240
v -0.08859880 -0.04529080 0.03247880
v -0.09416930 -0.06283260 0.03258680
v -0.08805150 -0.07534250 0.03041270
v -0.08406510 -0.07435630 0.02814380
v -0.07865470 -0.06920230 0.02508080
v -0.07773840 -0.06336700 0.02962900
v -0.07544500 -0.05960480 0.03038000
v -0.07451580 -0.05524880 0.03267300
v -0.08734220 -0.05080420 0.03479750
v -0.07446450 -0.04392880 0.03818470
v -0.06666390 -0.03393420 0.03771340
v -0.03462300 -0.03090860 0.02387930
v -0.01366660 -0.03013620 0.01249350
v -0.01033540 -0.01980120 0.02933820
v -0.01739660 -0.02274990 0.03115260
v -0.01751150 -0.01640420 0.03448160
v -0.00126907 -0.02320180 0.03316770
v 0.00002927 -0.02953850 0.03345670
v -0.00369793 -0.03193330 0.02999130
v 0.00834324 -0.02203900 0.03551640
v 0.00860542 -0.02742320 0.03508500
v 0.02020010 -0.02561460 0.02725080
v 0.01599550 -0.03133360 0.03173430
v 0.01836730 -0.03447160 0.02875130
v -0.00203111 -0.03798560 0.03016790
v -0.00055479 -0.04514360 0.03001360
v 0.00823867 -0.04454600 0.03244030
v 0.00467023 -0.03855980 0.03389170
v -0.00420075 -0.04294630 0.02563690
v -0.00863622 -0.03156970 0.01189010
v -0.01185840 -0.03087820 0.00647156
v -0.02436640 -0.01341110 0.03736250
v -0.02482700 -0.02042160 0.03426550
v -0.07285130 -0.05432380 0.02015200
v -0.07070610 -0.05563110 0.02819640
v -0.04157820 0.02447060 0.02782820
v 0.03273580 -0.00408174 0.01310940
v 0.02658380 -0.01470820 0.01663650
v 0.03182740 -0.00805375 0.01957450
v 0.02160960 -0.03070880 0.02371910
v 0.02146790 -0.03652830 0.02030600
v 0.02209220 -0.02366300 0.02215450
v 0.02077290 -0.03249560 0.01543160
v 0.02928850 -0.00561103 0.03155290
v 0.03219690 -0.00124676 0.03127030
v 0.03342720 -0.00396822 0.02582710
v 0.03696420 0.00555447 0.02410590
v 0.01220060 -0.01704430 0.03516730
v 0.00617012 -0.00121724 0.04407310
v 0.00059812 0.00213200 0.04343300
v 0.02351980 -0.00653925 0.03526130
v 0.03675650 0.00752666 0.00991635
v 0.03963900 0.01368120 0.01614650
v 0.03830300 0.01196080 0.02130650
v 0.04057200 0.01164470 0.00269007
v 0.04508190 0.01751770 0.00381092
v -0.00003119 0.01342570 0.04246700
v 0.00747713 0.01272630 0.04274750
v -0.00197611 0.02029540 0.04005010
v 0.01004240 0.02020110 0.04078570
v 0.02010630 0.01329450 0.03925260
v 0.01952220 0.03249490 0.03087690
v 0.02699120 0.02951690 0.02876660
v 0.02356640 0.02559910 0.03395320
v 0.03287280 0.02235150 0.02853850
v 0.03172500 0.02776180 0.02650740
v 0.03239860 0.01442400 0.03213200
v 0.03745930 0.02512830 0.02271070
v 0.05201190 0.03559360 0.01800670
v 0.05742820 0.02967270 0.00744795
v 0.06488550 0.04057550 0.01236570
v 0.05854310 0.03485160 0.01364160
v 0.04960670 0.04253890 0.02001160
v 0.06121370 0.04560380 0.01652150
v 0.07287900 0.05173120 0.01368480
v 0.06706000 0.07656620 0.01123680
v 0.07084070 0.06394160 0.01770930
v 0.08317460 0.05676820 0.00842196
v 0.08063320 0.05111340 0.00205556
v 0.08101040 0.04983410 -0.00272152
v 0.08768420 0.05801150 0.00188246
v 0.08439940 0.05391270 -0.00257459
v 0.08840900 0.06235150 0.00825170
v 0.09438850 0.06564610 -0.00126856
v 0.10552000 0.08439150 -0.00296600
v 0.10823400 0.08522520 0.00167735
v 0.04910100 0.02111660 -0.00273722
v 0.05614130 0.02717380 -0.00042112
v 0.06984810 0.03915270 -0.00543256
v 0.06721830 0.03731270 0.00183368
v 0.06468280 0.03432600 -0.00092988
v -0.00497708 -0.05436690 0.02102950
v -0.00501507 -0.06127460 0.02286920
v -0.00431460 -0.06723680 0.02284660
v -0.00168662 -0.06343320 0.02786740
v -0.00127271 -0.05730700 0.02794080
v 0.00654972 -0.05892660 0.03014640
v 0.00648084 -0.05156980 0.03083970
v 0.01171810 -0.05795840 0.02973430
v 0.01330940 -0.06246590 0.02800610
v 0.00615743 -0.07036500 0.02815950
v 0.00082143 -0.07196760 0.02620500
v 0.01880810 -0.04643980 0.02276620
v 0.15727900 0.15121900 -0.00129172
v 0.15347600 0.15959799 -0.00481226
v 0.15207000 0.16216201 -0.00064016
v 0.14905199 0.16447000 -0.00722104
v 0.14073101 0.16100299 -0.00787195
v 0.15491600 0.15666300 0.00195042
v 0.14936900 0.16728400 0.00620890
v 0.14445600 0.16557500 0.00414147
v 0.14712800 0.16563800 0.00051978
v 0.14402699 0.16229200 -0.00226468
v 0.14387500 0.15984900 0.00192850
v 0.13853900 0.15800600 -0.00215127
v 0.12976301 0.15234099 -0.00617210
v 0.13057800 0.15686500 -0.00514803
v 0.13611300 0.16293800 -0.00585863
v 0.12883700 0.16725899 -0.01007620
v 0.12958799 0.16919100 -0.01413030
v 0.12681800 0.16778401 -0.01724830
v 0.14030500 0.16087700 0.00536812
v 0.13362201 0.15683199 0.00402881
v 0.13901800 0.16378701 0.00921931
v 0.12769000 0.15050000 0.00749467
v 0.12646100 0.15516800 0.00115745
v 0.11363700 0.14522199 0.00129327
v 0.13800700 0.12474600 0.00384457
v 0.13891999 0.12771100 0.00838336
v 0.14935800 0.12648299 0.00844650
v 0.13674299 0.12385100 -0.00029932
v 0.13004500 0.12083900 0.00554801
v 0.09988020 0.12830900 0.00417366
v 0.10612800 0.13180000 -0.00025178
v 0.10501200 0.13540401 0.00364074
v 0.10816800 0.12771800 0.00741427
v 0.09521590 0.12377900 0.00338714
v 0.09223350 0.11952500 0.00506803
v 0.08753070 0.11528300 0.00307841
v 0.08302910 0.11006000 0.00434989
v 0.07809540 0.10394500 0.00244563
v 0.12604401 0.14672001 -0.00292804
v 0.14225900 0.16072799 0.01080800
v 0.13573600 0.16549200 0.01156190
v 0.13878100 0.16329999 0.01426320
v 0.13073500 0.16169800 0.01260950
v 0.12845300 0.15811200 0.01906370
v 0.12196600 0.15329200 0.00109373
v 0.11281800 0.14171299 0.00372228
v 0.13204899 0.15337899 0.01388900
v 0.13134000 0.14619499 0.01195700
v 0.12511501 0.14121200 0.01083370
v 0.11795400 0.14066499 0.00643656
v 0.10911500 0.13986900 0.00208260
v 0.11334500 0.13503300 0.00697826
v 0.10741300 0.12034300 0.01060740
v 0.11538700 0.12943800 0.01097820
v 0.11316100 0.12230100 0.01229600
v 0.11994700 0.13546000 0.01064010
v 0.12055300 0.12394100 0.01301830
v 0.11776500 0.11655300 0.01280710
v 0.11074000 0.11539900 0.01294390
v 0.15375300 0.16297100 0.00734010
v 0.14942899 0.15532701 0.01123980
v 0.14090700 0.15692300 0.01280670
v 0.16056700 0.14167300 0.00736518
v 0.15407300 0.14976600 0.01266610
v 0.15533800 0.14550801 0.01315780
v 0.14729699 0.14034800 0.01452750
v 0.13157900 0.16898200 0.01593720
v 0.12851800 0.16666099 0.01830790
v 0.12868001 0.16244300 0.02170670
v 0.13619500 0.16765200 0.01561480
v 0.12214300 0.12986299 0.01219740
v 0.12386600 0.11920200 0.01062870
v 0.12280500 0.10699900 0.00199094
v 0.11698100 0.09863710 0.00361124
v 0.11867500 0.10667600 0.00760225
v 0.09667160 0.10887500 0.00982933
v 0.10242700 0.10548500 0.01334480
v 0.09472650 0.10114400 0.01251500
v 0.10923800 0.10877500 0.01343440
v 0.10276200 0.09699080 0.01376480
v 0.09418620 0.09271670 0.01443960
v 0.10179300 0.08084390 0.00958141
v 0.09543400 0.07729510 0.01266730
v 0.10484700 0.08099900 0.00563876
v 0.10269500 0.07689170 0.00299212
v 0.11082800 0.08966850 0.00382249
v 0.11420000 0.09506310 0.00468868
v 0.08335720 0.10206700 0.00655377
v 0.07720170 0.09648750 0.00578463
v 0.07086800 0.09533060 0.00312222
v 0.08157990 0.09285440 0.00957293
v 0.06447360 0.08988090 0.00431483
v 0.07853460 0.08627170 0.01206100
v 0.05880610 0.08388790 0.00463853
v 0.07189380 0.08258710 0.00973068
v 0.04958860 0.07979040 0.00355650
v 0.04625460 0.07732830 0.00023166
v 0.05427970 0.08232110 0.00107214
v 0.08820310 0.07465060 0.01505380
v 0.07493400 0.07886750 0.01421730
v 0.08293300 0.06183050 0.01284040
v 0.07833500 0.06604700 0.01611760
v 0.07237210 0.07209600 0.01631830
v 0.16448700 0.13783801 0.00547606
v 0.16834800 0.13839599 0.00095156
v 0.16231400 0.14413600 -0.00100249
v 0.16999100 0.13571900 -0.00201765
v 0.17208400 0.13537800 0.00295399
v 0.16413701 0.13370800 0.00769225
v 0.17948200 0.13096100 0.00146940
v 0.17884000 0.12803800 0.00475230
v 0.17814200 0.12016400 0.00345772
v 0.17432600 0.11967200 0.00565230
v 0.17442299 0.12492300 0.00784142
v 0.15487500 0.13483800 0.01108720
v 0.14728899 0.12256200 0.00156047
v 0.16433200 0.11960200 0.00392382
v 0.17759800 0.11615700 -0.00364319
v 0.16457500 0.12275700 0.00720136
v 0.17084301 0.11712100 0.00282286
v 0.16892201 0.12183800 0.00767558
v 0.15840600 0.12585300 0.00734205
v 0.01169470 -0.08767520 0.01369710
v 0.01285130 -0.08424300 0.01702850
v 0.00930635 -0.09493630 0.00946849
v 0.01008270 -0.08230010 0.02302440
v 0.01169740 -0.07754360 0.02230110
v 0.00910085 -0.07511030 0.02641980
v 0.00185581 -0.08125640 0.02489800
v 0.01048310 -0.08845130 0.02183430
v 0.00773106 -0.08603700 0.02457320
v 0.00986865 -0.10078800 0.02238250
v 0.00347377 -0.09239890 0.02356280
v 0.00442198 -0.10136300 0.02251230
v 0.01254000 -0.09812970 0.01940140
v -0.00158420 -0.08521020 0.02120190
v 0.01495670 -0.10530900 0.00916801
v 0.01513070 -0.10520000 0.01887060
v 0.01223160 -0.10793800 0.02135650
v 0.00708207 -0.11169300 0.01835700
v 0.01919200 -0.11031700 0.01089650
v 0.01138080 -0.11768300 0.01760090
v 0.01569530 -0.11900600 0.01908850
v 0.01565490 -0.10993600 0.01864730
v 0.01854090 -0.12907501 0.01282330
v 0.02340470 -0.11588500 0.01124340
v 0.02439100 -0.12642400 0.01261400
v 0.02525830 -0.12241700 0.00727472
v 0.02332590 -0.11633300 0.00638156
v 0.09321490 0.06954740 0.00956178
v 0.03803830 0.03376790 0.02224190
v 0.04008440 0.04266410 0.02192190
v 0.03140930 0.04586340 0.02323020
v -0.09910370 -0.08363600 0.02307720
v -0.09314810 -0.08692390 0.02745940
v -0.08216070 -0.10003700 0.02083110
v -0.08125470 -0.10311900 0.01656960
v -0.08748720 -0.10211500 0.02567390
v -0.09047070 -0.10910800 0.02506320
v -0.08091760 -0.11071900 0.02401870
v -0.07880170 -0.11516000 0.02459840
v -0.07542560 -0.11333700 0.02218120
v -0.07083390 -0.12279100 0.01644850
v -0.07835360 -0.12019200 0.02516360
v -0.08695100 0.02694670 -0.00031340
v -0.08755290 0.02287930 -0.00812421
v -0.08109220 0.03034570 -0.00238216
v -0.08114210 0.02814060 -0.00670776
v -0.05575150 0.03289160 -0.01132570
v -0.06246040 0.03048050 -0.01497380
v -0.07002330 0.01969130 -0.03036860
v -0.06453790 0.01436020 -0.03494150
v -0.07978630 0.02167100 -0.02108740
v -0.07473020 0.02529720 -0.01910690
v -0.08098790 0.02506570 -0.01246660
v -0.08439110 0.01934900 -0.01821390
v -0.08745410 0.01073350 -0.02596530
v -0.09095970 0.00594360 -0.02395250
v -0.07043700 0.00836810 -0.03675510
v -0.07568240 0.00321580 -0.03724500
v -0.07714140 0.00975647 -0.03401450
v -0.08237800 0.00425787 -0.03396180
v -0.07735320 -0.00886476 -0.03838140
v -0.08764630 0.00465523 -0.02942400
v -0.07995420 -0.01445160 -0.03596780
v -0.08924440 -0.00931470 -0.02691670
v -0.09125680 -0.00270544 -0.02668810
v -0.08780140 0.01820780 -0.01369590
v -0.02560110 0.04305270 -0.01120830
v -0.03102880 0.03846030 -0.01489630
v -0.02263840 0.03988730 -0.01903160
v -0.02100020 0.04726650 -0.00835513
v -0.01549350 0.04221110 -0.02204890
v -0.01221330 0.04828260 -0.01805240
v -0.00612970 0.04897620 -0.02110160
v -0.00030749 0.05109150 -0.02000130
v -0.00685876 0.05352950 -0.01465360
v 0.00547297 0.06164200 -0.00488125
v 0.00218546 0.05936980 -0.00669303
v 0.01482810 0.06215040 -0.00550109
v 0.02413690 0.06302380 -0.00585021
v 0.03081610 0.06875780 -0.00327013
v 0.03898660 0.07341520 -0.00066237
v 0.04283730 0.07100370 -0.00275982
v -0.04495500 -0.03292820 -0.02308010
v -0.03511550 -0.02781650 -0.02960590
v -0.04573740 -0.03660260 -0.01877670
v -0.04471900 -0.03945650 -0.02269220
v -0.05577340 -0.04457400 -0.03634120
v -0.05288150 -0.03146770 -0.03799260
v -0.04768510 -0.02524800 -0.03657710
v -0.04502930 -0.03780130 -0.02887420
v -0.04586550 -0.03214000 -0.03376320
v -0.04329120 -0.02510300 -0.03195590
v -0.05887930 -0.02141510 -0.04170820
v -0.06462580 -0.02397100 -0.04144780
v -0.04435160 -0.02959120 -0.02991370
v -0.04069460 -0.03113290 -0.02548200
v -0.03705390 -0.02244120 -0.03282700
v -0.02996810 -0.02380550 -0.03278030
v -0.04337750 -0.02083510 -0.03343130
v -0.02476120 -0.01895750 -0.03467530
v -0.06056980 -0.02953260 -0.04005190
v -0.06848200 -0.04468880 -0.03470660
v -0.06254830 -0.05584130 -0.03426610
v -0.05312120 -0.05856600 -0.03228810
v -0.06173320 -0.06761340 -0.03098800
v -0.06597160 -0.03598920 -0.03793710
v -0.07062470 -0.02202740 -0.04050130
v -0.07814590 -0.02608240 -0.03493010
v -0.07354950 -0.01558010 -0.04012440
v -0.06526440 -0.01635740 -0.04221510
v 0.00304320 -0.03988730 0.00700651
v 0.00443496 -0.03284300 0.00497329
v 0.01208850 -0.02209510 0.00442453
v -0.04611020 -0.04416790 -0.01777780
v -0.04440740 -0.04482400 -0.02631000
v -0.04678070 -0.05167450 -0.02852870
v -0.04639430 -0.05955990 -0.02403590
v -0.04633760 -0.06733390 -0.02152530
v -0.04600500 -0.07492730 -0.02227420
v -0.05143830 -0.07133240 -0.03164190
v -0.06182570 -0.07362410 -0.03323840
v -0.05201840 -0.08394690 -0.03087810
v -0.04891270 -0.08549260 -0.02724520
v -0.05736490 -0.07504580 -0.03356500
v -0.05514910 -0.10255400 -0.02662630
v -0.05049190 -0.10182700 -0.02947770
v -0.04595500 -0.10848900 -0.03050880
v -0.04453180 -0.11976000 -0.03126860
v -0.04190330 -0.10991000 -0.02901340
v -0.03974850 -0.11577100 -0.02938270
v -0.03773240 -0.11176100 -0.02842600
v -0.03373060 -0.11151900 -0.03061720
v -0.03194670 -0.11481900 -0.02784980
v -0.03025740 -0.11989000 -0.02766320
v -0.02943000 -0.11630600 -0.03156570
v -0.02858750 -0.12307600 -0.03072800
v -0.03558930 -0.12611499 -0.03283110
v -0.04083090 -0.12887600 -0.03307520
v -0.03923820 -0.10829100 -0.02295490
v -0.04833100 -0.09299270 -0.02717770
v -0.04330220 -0.09659060 -0.02573530
v -0.04220700 -0.10260300 -0.02631970
v -0.06897810 0.03185450 -0.00895878
v 0.01596280 -0.03490950 0.01049130
v -0.01542280 -0.02711190 -0.02428210
v -0.00741879 -0.02715480 -0.01686100
v -0.00400967 -0.02682780 -0.02506590
v 0.03278790 -0.00028624 0.00628460
v 0.01494570 -0.01783360 0.00293078
v 0.02380670 -0.00518761 -0.00104756
v 0.01960370 -0.01396310 0.00434309
v 0.03052310 0.00013733 0.00193617
v 0.03850250 0.00960086 -0.00565442
v 0.03342230 0.00407379 -0.00426113
v 0.07886710 0.05305320 -0.00774204
v 0.07463780 0.04609410 -0.00736013
v 0.09950300 0.07720430 -0.00463232
v 0.09977890 0.08642290 -0.00686247
v 0.08449260 0.07869160 -0.00807801
v 0.07902200 0.08289300 -0.00615643
v 0.08051860 0.07183960 -0.01014570
v 0.07262300 0.07032700 -0.00971295
v 0.08692020 0.08635870 -0.00771304
v 0.09361520 0.08804320 -0.00794978
v 0.10509400 0.09233590 -0.00639176
v 0.10195500 0.09860720 -0.00737718
v 0.07527370 0.05880900 -0.01091700
v 0.08288700 0.05950010 -0.00815257
v 0.02470540 -0.01831310 -0.01521790
v 0.02398790 -0.02797310 -0.01204130
v 0.03082040 -0.03414900 -0.02258180
v 0.02860040 -0.03568490 -0.01468780
v 0.02989500 -0.00056450 -0.00651925
v 0.04330840 0.01498120 -0.00351764
v 0.03447650 0.00549172 -0.01123960
v 0.04052700 0.01388690 -0.01073060
v 0.03181090 -0.00023237 -0.01464540
v 0.02577230 -0.01824190 -0.02224840
v 0.02528350 -0.01261730 -0.02149360
v 0.02349300 -0.00835015 -0.02914320
v 0.02427110 -0.01893780 -0.02765550
v 0.03096860 -0.00066944 -0.02286610
v 0.03284410 0.00698209 -0.02710110
v 0.02876440 0.00194670 -0.03114790
v 0.03678570 0.02779430 -0.01913420
v 0.05822040 0.03012400 -0.00732785
v 0.06278860 0.03658790 -0.00899689
v 0.04927420 0.03786550 -0.01622700
v 0.04398660 0.04421390 -0.01772210
v 0.04115100 0.03833730 -0.01813820
v 0.03333830 0.01984550 -0.02490180
v 0.02400570 0.00392122 -0.03782960
v 0.02869090 0.00983715 -0.03455700
v 0.01755550 -0.01059780 -0.03504240
v 0.01064860 -0.01540060 -0.03728090
v 0.00376608 -0.01810290 -0.03587030
v 0.00465332 -0.02460820 -0.03392040
v 0.00012564 -0.02964680 -0.02899530
v -0.00380566 -0.02038940 -0.03254600
v 0.00217111 -0.03355000 -0.02950140
v 0.01649860 -0.01507750 -0.03614270
v 0.01914090 -0.01949420 -0.03588150
v 0.02095020 -0.02429350 -0.03557050
v 0.02524260 -0.02558760 -0.03061370
v 0.02794110 -0.03348880 -0.02969140
v 0.03327550 -0.04182630 -0.02333480
v 0.02386650 -0.03755190 -0.01183160
v 0.03265340 -0.04368210 -0.01601250
v 0.04146320 -0.07082000 -0.01642380
v -0.00917304 -0.02304560 -0.02528190
v -0.01291370 -0.02076380 -0.02850720
v -0.01107670 -0.01178910 -0.03535820
v -0.01819730 -0.01945790 -0.03275740
v -0.01830490 -0.01502020 -0.03522260
v 0.00006003 -0.00757072 -0.04061880
v -0.02704150 -0.00727401 -0.03756190
v -0.05779470 -0.01359580 -0.04147910
v -0.05763090 -0.00633929 -0.04056990
v -0.07362610 -0.00328307 -0.03918230
v 0.00089528 -0.05583370 0.00910324
v 0.01451500 -0.04035900 0.01101150
v 0.00199836 -0.06000540 0.00913492
v 0.00266294 -0.06761410 0.00913242
v 0.01309780 -0.05483160 0.01448850
v 0.14393499 0.15159400 -0.00994931
v 0.14909101 0.15371200 -0.00901011
v 0.14907700 0.14678399 -0.01097980
v 0.14144900 0.15553901 -0.00970841
v 0.15343000 0.14692201 -0.01064530
v 0.15691701 0.14754800 -0.00522407
v 0.13621700 0.15836200 -0.01305930
v 0.13468200 0.15738900 -0.01768880
v 0.13331600 0.16135500 -0.01860000
v 0.13489699 0.15121999 -0.01165480
v 0.14278799 0.14577401 -0.01060710
v 0.15832700 0.14307299 -0.00739154
v 0.13267601 0.15405400 -0.01434960
v 0.13343801 0.14222100 -0.00895695
v 0.13212900 0.13576400 -0.00839552
v 0.13636000 0.13869201 -0.00998826
v 0.14660500 0.13273101 -0.00952793
v 0.13970700 0.12699400 -0.00610947
v 0.13369000 0.12744600 -0.00553378
v 0.12839600 0.12802900 -0.00699547
v 0.11787500 0.14447001 -0.00166537
v 0.11585700 0.13747901 -0.00100119
v 0.11204600 0.13218300 -0.00119767
v 0.11251800 0.11776200 -0.00694598
v 0.11683100 0.12125900 -0.00721922
v 0.11284300 0.10422200 -0.00597483
v 0.10779600 0.11035600 -0.00632602
v 0.10141600 0.11319900 -0.00312670
v 0.10782600 0.11845600 -0.00457887
v 0.10684400 0.12687400 -0.00085476
v 0.10138600 0.12084000 -0.00036249
v 0.09559160 0.10948600 -0.00102447
v 0.09461340 0.11393800 -0.00007904
v 0.09012770 0.10807400 -0.00015536
v 0.08416490 0.10692800 -0.00032738
v 0.10043600 0.10623600 -0.00577898
v 0.07317870 0.09448340 -0.00184665
v 0.07547080 0.07582580 -0.00858639
v 0.07182730 0.07992230 -0.00383177
v 0.06470760 0.07364710 -0.00597732
v 0.07101700 0.06419050 -0.01107800
v 0.05817350 0.04118490 -0.01396190
v 0.04464140 0.05266020 -0.01578120
v 0.06638610 0.04529220 -0.01131290
v 0.06313970 0.05371650 -0.01319600
v 0.06391340 0.06720130 -0.00955203
v 0.05851840 0.06059130 -0.01165220
v 0.05946200 0.07696370 -0.00253903
v 0.05754390 0.07135970 -0.00388089
v 0.05053700 0.06760820 -0.00511744
v 0.05159730 0.06477040 -0.00954621
v 0.04176450 0.06468260 -0.00754477
v 0.03373080 0.05826650 -0.01330070
v 0.02881050 0.06273330 -0.00826542
v 0.03007660 0.05275990 -0.01671980
v 0.02303050 0.05519840 -0.01534030
v 0.12537400 0.11592800 -0.00354004
v 0.11642200 0.11091500 -0.00611954
v 0.11506100 0.09873290 -0.00261245
v 0.10919700 0.09790660 -0.00607176
v 0.06102170 0.08586030 0.00076388
v 0.06585780 0.08453490 -0.00131015
v 0.17579000 0.12704700 -0.00713869
v 0.16613300 0.12769000 -0.00762164
v 0.15704399 0.13529600 -0.00754789
v 0.14987600 0.14099100 -0.01130580
v 0.14716400 0.12706000 -0.00748465
v 0.15154999 0.12878899 -0.00774171
v 0.16584501 0.12300900 -0.00836804
v 0.17898899 0.12412900 -0.00562171
v 0.16475500 0.11788500 -0.00511078
v 0.17056900 0.11645800 -0.00445500
v 0.00923809 -0.07279480 0.01219280
v 0.00466899 -0.08989290 0.00842580
v 0.00564864 -0.07610360 0.00991179
v 0.03893830 -0.05395920 -0.02785850
v 0.03710460 -0.05278700 -0.01612370
v 0.02690870 -0.03919430 -0.03377770
v 0.01928150 -0.03694210 -0.03586610
v 0.02098640 -0.03149450 -0.03591010
v 0.00804937 -0.04047000 -0.03130670
v 0.01620380 -0.04199600 -0.03386210
v 0.01908390 -0.04773680 -0.03363490
v 0.02653910 -0.05948150 -0.03369680
v 0.03082420 -0.06066890 -0.03425860
v 0.03877800 -0.05861850 -0.03067970
v 0.03593040 -0.06415850 -0.03345610
v 0.02431990 -0.07267380 -0.02736920
v 0.02601450 -0.07722980 -0.02652360
v 0.02534960 -0.07888580 -0.02145750
v 0.02380700 -0.07437580 -0.01971670
v 0.02145400 -0.07085730 -0.02368790
v 0.04340890 -0.07466450 -0.02503230
v 0.03998750 -0.05597820 -0.01888690
v 0.01828470 -0.05810590 -0.03042560
v 0.02048490 -0.06562500 -0.02903820
v 0.01587990 -0.05306730 -0.03161670
v 0.01413810 -0.04766120 -0.03244900
v 0.01312870 -0.05356300 -0.02613010
v 0.04084390 -0.07078230 -0.03020580
v 0.03390080 -0.07279010 -0.03235060
v 0.03870140 -0.07638310 -0.03125650
v 0.04219790 -0.08101390 -0.02704340
v 0.04134100 -0.08245250 -0.01568000
v 0.02622480 -0.08817560 -0.01967490
v 0.02798720 -0.08432950 -0.01822960
v 0.04444910 -0.09299780 -0.02008810
v 0.02976340 -0.09492880 -0.02010170
v 0.03222800 -0.10147100 -0.02329280
v 0.03974710 -0.08583750 -0.02951310
v 0.04347210 -0.09070730 -0.02521060
v 0.03292660 -0.10569600 -0.01950800
v 0.03444860 -0.10006600 -0.02813240
v 0.03306660 -0.10898100 -0.02572020
v 0.03646630 -0.11901800 -0.01979360
v 0.03805370 -0.12658900 -0.02122520
v 0.04319130 -0.12569000 -0.02502870
v 0.04581610 -0.13021401 -0.02239230
v 0.05010290 -0.12896401 -0.01961610
v 0.04770820 -0.12698200 -0.01182270
v 0.05237780 -0.12553699 -0.00767333
v 0.05265850 -0.12598300 -0.01246910
v 0.03688350 0.05065660 -0.01739670
v 0.02729780 0.03871490 -0.02251450
v 0.03311670 0.02944670 -0.02237280
v 0.02141430 0.03496030 -0.02781790
v 0.01879540 0.04078510 -0.02605980
v 0.01483940 0.04668580 -0.02339270
v 0.00724228 0.05700070 -0.01331270
v 0.01147440 0.05263510 -0.01919090
v 0.00679567 0.04159920 -0.03052340
v 0.01683880 0.03167280 -0.03334960
v 0.01278750 0.02555520 -0.03716050
v 0.00821200 0.03337720 -0.03515790
v 0.00810275 0.01847860 -0.03878610
v 0.02383890 0.01666660 -0.03708530
v 0.00356207 0.01196990 -0.03948640
v -0.00001853 0.03072130 -0.03592050
v -0.00608717 0.03481710 -0.03279060
v -0.01498720 0.02530370 -0.03207080
v -0.01311900 0.03235470 -0.03066960
v -0.01141000 0.03867800 -0.02826130
v -0.00573078 0.04076780 -0.02966850
v 0.00094555 0.05564140 -0.01371370
v -0.01166760 0.00541112 -0.03734180
v 0.00648545 -0.00157475 -0.03972090
v -0.00994404 -0.00046124 -0.03908470
v -0.01843980 0.00386757 -0.03721350
v -0.01135160 0.01396960 -0.03602490
v -0.01824520 0.01082650 -0.03612210
v -0.02624980 0.00648042 -0.03703250
v -0.04051600 -0.00962022 -0.03555080
v -0.04546750 -0.01182080 -0.03512510
v -0.03761800 -0.00342587 -0.03676660
v -0.04011440 0.01710320 -0.03060310
v -0.04090260 0.02816690 -0.02202020
v -0.03337390 0.02987770 -0.02401240
v -0.02577520 0.03294790 -0.02453520
v -0.02056770 0.02941770 -0.02827860
v -0.02294140 0.02282590 -0.03169010
v -0.03719170 0.02433800 -0.02739720
v -0.03909620 0.01006930 -0.03399480
v -0.02498360 0.01545480 -0.03465210
v -0.01710290 0.01806820 -0.03398870
v -0.03251930 0.00366040 -0.03698640
v -0.03097910 -0.00247821 -0.03785750
v 0.05161310 -0.12403800 -0.02138490
v 0.04133050 -0.12152500 -0.02624320
v 0.05011810 -0.11826600 -0.00849161
v 0.04914850 -0.11618400 -0.01605530
v 0.04819390 -0.11605900 -0.02253410
v 0.04494020 -0.11465600 -0.02613840
v 0.04123640 -0.11727200 -0.02796300
v 0.04565910 -0.11039100 -0.01294880
v 0.04048940 -0.11220900 -0.02888460
v 0.04317590 -0.10744400 -0.02602330
v -0.03293500 0.01265210 -0.03467530
v -0.05172880 0.01190450 -0.03323790
v -0.04842610 0.02716210 -0.02035270
v -0.04362860 0.03178350 -0.01657970
v -0.05027610 0.03099290 -0.01550540
v -0.04693510 0.03447330 -0.01123450
v -0.05731350 0.00968192 -0.03624710
v -0.05608650 0.01700270 -0.03221350
v -0.04539870 -0.08917250 -0.02345800
v -0.04422430 -0.09271890 -0.01973100
v 0.04104180 -0.10071900 -0.02731600
v 0.02720220 -0.08525300 -0.02424630
v -0.09656550 -0.00646364 -0.01355270
v -0.09788290 -0.00542621 0.00372566
v -0.09729710 -0.00483951 -0.00278862
v -0.09550620 -0.00848599 -0.00618465
v -0.04497020 -0.03360800 0.01554750
v -0.06036860 -0.03398430 0.01498690
v -0.06135470 -0.03932280 0.02158070
v -0.04966930 -0.03438920 0.00918710
v -0.04605070 -0.03620540 0.00227569
v -0.05373390 -0.03380880 0.00320533
v -0.05816060 -0.03155570 0.00944636
v -0.06256450 -0.03168420 0.00728482
v -0.05056430 -0.03520810 -0.00388409
v -0.05215820 -0.03381520 -0.00907180
v -0.03266390 -0.03670140 -0.00680437
v -0.02582720 -0.03663350 -0.00613708
v -0.01899400 -0.03547180 -0.00618239
v -0.02779650 -0.03587580 -0.01281920
v -0.01603200 -0.03281900 -0.01237580
v -0.04120320 -0.03600570 -0.01018130
v -0.03838840 -0.03539410 -0.01897110
v -0.04856530 -0.03448890 -0.01162550
v -0.07874130 -0.03384650 -0.03164770
v -0.07775900 -0.04180040 -0.02744130
v -0.07350180 -0.04627700 -0.02991940
v -0.07406350 -0.05046760 -0.02707530
v -0.07723300 -0.04424550 -0.02046650
v -0.07991150 -0.03838770 -0.01920380
v -0.08250940 -0.03548410 -0.02376930
v -0.08320870 -0.02846340 -0.03014410
v -0.08515710 -0.02975340 -0.02600920
v -0.09022510 -0.02301420 -0.02106300
v -0.09280340 -0.01134360 -0.01815630
v -0.08805180 -0.02514640 -0.01688060
v -0.09492900 -0.01514040 -0.00922391
v -0.08265410 -0.02274610 -0.00659144
v -0.07780110 -0.02629390 -0.00610036
v -0.08366170 -0.03109200 -0.01617970
v -0.07901400 -0.03197310 -0.01360960
v -0.06276630 -0.02973380 -0.00436054
v -0.05645000 -0.03289600 -0.00293795
v -0.03773050 -0.03467270 0.01582430
v -0.03876330 -0.03696420 -0.00160829
v -0.05318640 -0.04260960 -0.01257330
v -0.05111430 -0.04886530 -0.01361930
v -0.06877640 -0.05977820 -0.02615290
v -0.06994800 -0.05625330 -0.01687000
v -0.07006720 -0.06035890 -0.02010230
v -0.07016810 -0.05069830 -0.01537930
v -0.05337630 -0.05642880 -0.01303600
v -0.06667850 -0.06292750 -0.01689980
v -0.06680720 -0.05779600 -0.03024470
v -0.06505990 -0.06297360 -0.02778720
v -0.04856920 -0.06089670 -0.01640280
v -0.06013490 -0.07038750 -0.01391260
v -0.04975840 -0.07387160 -0.01535720
v -0.06663250 -0.06763570 -0.02326350
v -0.06568270 -0.07021520 -0.01874110
v -0.06089190 -0.08742490 -0.02547480
v -0.05728110 -0.09483480 -0.02226760
v -0.05306860 -0.11106700 -0.02840370
v -0.05258360 -0.10786500 -0.01874570
v -0.03049960 -0.12801500 -0.02802950
v -0.03431620 -0.12873399 -0.02585020
v -0.03279510 -0.12145100 -0.02039700
v -0.03195790 -0.12729301 -0.02143570
v -0.03777410 -0.12938800 -0.02893300
v -0.04295400 -0.12880599 -0.02771090
v -0.04174370 -0.12859200 -0.02110940
v -0.03656910 -0.12825300 -0.01488650
v -0.04442430 -0.12333900 -0.01480830
v -0.04660430 -0.12657800 -0.02349360
v -0.01249960 -0.03181850 -0.00560839
v -0.02238710 -0.03664120 0.00064298
v -0.01535870 -0.03381050 0.00041553
v -0.08406000 -0.01765390 -0.00459500
v -0.09004290 -0.01205190 -0.00495869
v -0.08882150 -0.01905610 -0.00911305
v -0.05276610 -0.07736740 -0.01459350
v -0.05221240 -0.09369970 -0.01581680
v -0.04774150 -0.09622220 -0.01524640
v -0.05348640 -0.08912760 -0.01570120
v -0.04511740 -0.10772400 -0.01458780
v -0.04324620 -0.10107400 -0.01798230
v -0.04444240 -0.12770100 -0.01612540
v -0.00757316 -0.03576670 0.02233290
v -0.00778192 -0.03837170 0.01501710
v -0.00710854 -0.04243460 0.01377850
v -0.00229108 -0.02841300 0.00222249
v 0.00294725 -0.03074440 0.00455384
v -0.00196310 -0.04422950 0.00931584
v -0.00787742 -0.03006380 0.00149524
v 0.00915919 -0.02057330 -0.00129465
v 0.00717438 -0.02308920 -0.00690752
v 0.01525120 -0.01377350 -0.00284856
v 0.01459160 -0.01880290 -0.00533359
v 0.00875231 -0.02811150 -0.00832456
v 0.00201366 -0.02521780 -0.00856479
v -0.00154587 -0.02668590 -0.01247000
v -0.00443270 -0.02670570 -0.02040770
v 0.00524556 -0.03097330 -0.01212040
v -0.00169717 -0.03032550 -0.02250170
v 0.02371360 -0.01215440 -0.01141560
v 0.02008940 -0.01584840 -0.00872749
v 0.01756640 -0.02269230 -0.00825202
v 0.01287370 -0.04188300 -0.01448220
v 0.02152250 -0.04171760 -0.01161550
v 0.01778610 -0.04854870 -0.01481950
v 0.02170230 -0.05263760 -0.01439430
v 0.03315260 -0.05101190 -0.01410450
v 0.03332070 -0.05980160 -0.01399090
v 0.02703400 -0.05917730 -0.01430840
v 0.02456640 -0.06389490 -0.01662310
v 0.03150570 -0.06489790 -0.01447110
v 0.02810660 -0.07113830 -0.01679460
v 0.02048560 -0.05618500 -0.01690810
v 0.01861470 -0.06136360 -0.02188870
v 0.02339050 -0.06849160 -0.01959600
v 0.01571160 -0.05241260 -0.02015120
v 0.00679772 -0.04197190 -0.02157390
v 0.00855262 -0.04541660 -0.02375920
v -0.00609337 -0.04772600 0.02142920
v -0.00509592 -0.04830830 0.01292980
v -0.00604101 -0.06468280 0.01798190
v -0.00350985 -0.07077270 0.01130610
v -0.00489824 -0.07278770 0.01550870
v 0.00937760 -0.08040900 0.01278930
v 0.00523270 -0.08372220 0.00919904
v 0.00086749 -0.08177520 0.00908270
v -0.00414985 -0.07395500 0.01993440
v -0.00358179 -0.07940210 0.01743690
v -0.00150828 -0.08533180 0.01167400
v 0.00542850 -0.09560190 0.00789408
v -0.00130107 -0.09114900 0.01758730
v -0.00039936 -0.09379210 0.01188160
v 0.00162734 -0.10010800 0.01075280
v 0.00235061 -0.10530400 0.01009010
v 0.00558871 -0.10192300 0.00572898
v 0.00595636 -0.11277400 0.00501664
v 0.01002640 -0.10714600 0.00445709
v 0.00917010 -0.11582900 0.00318746
v 0.01309250 -0.11240100 0.00341559
v 0.01191050 -0.12059900 0.00057604
v 0.01638110 -0.11708600 0.00043232
v 0.01471410 -0.12624501 -0.00049195
v 0.00840788 -0.11665200 0.01190200
v 0.01208430 -0.12570301 0.01234820
v 0.01915820 -0.12764700 0.00302087
v 0.02206130 -0.12710901 0.00732837
v 0.02314190 -0.12469300 0.00256609
v 0.03199270 -0.07690520 -0.01569910
v 0.04120500 -0.08963360 -0.01493430
v 0.03710920 -0.08968720 -0.01432410
v 0.03400190 -0.09587770 -0.01577150
v 0.03404820 -0.11039300 -0.01511280
v 0.03968270 -0.10566200 -0.01196690
v 0.04516600 -0.09946030 -0.01824520
v 0.04078110 -0.11155400 -0.01061670
v 0.03483690 -0.11447800 -0.01757820
v 0.03823670 -0.11591600 -0.01119400
v 0.04779920 -0.12142800 -0.00563355
v 0.03956290 -0.12474200 -0.01514720
v 0.00183546 -0.10361000 0.01656510
v -0.09178790 -0.03023050 0.01155670
v -0.09362770 -0.03349250 0.00800140
v -0.08833990 -0.03325330 0.01162160
v -0.09999010 -0.00980738 -0.00314502
v -0.10372000 -0.01267260 -0.00426261
v -0.09906760 -0.01496950 -0.00254423
v -0.09605720 -0.01965340 0.00384782
v -0.09466220 -0.02135650 -0.00096125
v -0.09518820 -0.02452610 0.00310473
v -0.10429700 -0.02151670 -0.00225494
v -0.09668840 -0.01547160 0.00466728
v -0.09882860 -0.02902400 0.00074150
v -0.10648700 -0.03107590 0.00340142
v -0.09954010 -0.03656510 0.00311596
v -0.08912260 -0.03809000 0.01209120
v -0.07934790 -0.03043650 0.00585970
v -0.07566910 -0.02764360 -0.00001565
v -0.07946330 -0.04625630 0.01110790
v -0.08898570 -0.04411640 0.01170720
v -0.08265460 -0.05643320 0.01286160
v -0.09150580 -0.05111310 0.01072760
v -0.09744670 -0.04161050 0.00518456
v -0.10420400 -0.03508110 0.00346880
v -0.10426200 -0.03989830 0.01006160
v -0.09582860 -0.05095430 0.00762329
v -0.10367700 -0.05213250 0.00738038
v -0.09587220 -0.05576610 0.00813786
v -0.07643030 -0.05137750 0.01435170
v -0.07025390 -0.04901480 0.01785860
v -0.08946260 -0.06179440 0.01144370
v -0.09340080 -0.06210430 0.01066660
v -0.10434900 -0.06397620 0.01787950
v -0.10468800 -0.06953530 0.01806320
v -0.10880800 -0.06876210 0.01541520
v -0.10420000 -0.06597360 0.02292180
v -0.10045100 -0.06107510 0.02336290
v -0.10373500 -0.07430400 0.01758510
v -0.10241700 -0.08137960 0.01753230
v -0.10762700 -0.07401800 0.01423550
v -0.10442100 -0.07635030 0.01165020
v -0.10092300 -0.07314340 0.01282180
v -0.10790400 -0.07961950 0.00983234
v -0.11099600 -0.07745120 0.00576698
v -0.09783260 -0.08142520 0.01326940
v -0.09377790 -0.07470180 0.01117920
v -0.09809480 -0.07038480 0.01087010
v -0.09349570 -0.08440380 0.01218740
v -0.09459390 -0.08959440 0.01256020
v -0.09060940 -0.09299580 0.01259750
v -0.09542760 -0.09387650 0.01347120
v -0.09286890 -0.10158500 0.01110470
v -0.08687460 -0.09960900 0.01118530
v -0.08832960 -0.08493510 0.01539720
v -0.08691450 -0.07653700 0.01522710
v -0.09498440 -0.10357600 0.02314080
v -0.09688290 -0.09932240 0.01814060
v -0.06507690 -0.03986880 0.01574520
v -0.07189980 -0.03068340 0.00423855
v -0.07110260 -0.04404270 0.01344760
v -0.06783750 -0.05033540 0.02338010
v -0.07587220 -0.06016700 0.02157040
v -0.10476900 -0.05772500 0.00689694
v -0.08588260 -0.06639750 0.01370940
v -0.11076900 -0.06784110 0.00657630
v -0.10934500 -0.07199520 0.00384328
v -0.10344400 -0.06913970 0.00514427
v -0.09514490 -0.06685580 0.01026530
v -0.10978800 -0.06426970 0.00882655
v -0.08012350 -0.10853800 0.01179530
v -0.07759760 -0.11827700 0.00786858
v -0.07697820 -0.12571099 0.01084720
v -0.07717940 -0.12605301 0.01777650
v -0.08566650 -0.12318000 0.01410530
v -0.08235010 -0.12598300 0.01130790
v -0.08394950 -0.11993300 0.00900016
v -0.08336600 -0.11488400 0.00882617
v -0.08687520 -0.11698400 0.01024530
v -0.08740710 -0.11944000 0.01649620
v -0.08702610 -0.10445300 0.00922720
v -0.09137890 -0.11015200 0.01034020
v -0.09020560 -0.11316700 0.02039490
v -0.09391000 -0.10769800 0.01351950
v -0.09365700 0.01579840 0.00642695
v -0.09899760 0.01672950 -0.00355315
v -0.10281100 0.01091510 -0.00083052
v -0.10555300 0.00442829 0.00402042
v -0.10823200 0.00420600 -0.00182417
v -0.09257970 -0.00590709 -0.02254230
v -0.09012860 -0.01607270 -0.02397580
v -0.09301710 0.00089864 -0.02151120
v -0.08881890 0.01341560 -0.01983920
v -0.09319990 0.01320580 -0.00973966
v -0.09502630 0.00505903 -0.01105400
v -0.09261970 0.00629567 -0.01772060
v -0.11105400 -0.00457380 0.00233450
v -0.10543700 0.00363518 -0.00580141
v -0.11079500 -0.01235350 0.00502880
v -0.10246600 -0.00337635 -0.00701074
v -0.11030800 -0.01481480 0.00029169
v -0.08639330 -0.02241270 -0.02793910
v -0.09704500 -0.00201069 -0.00844119
v -0.09539140 0.00653753 0.01644450
v -0.09712880 0.00447876 0.01168260
v -0.09794010 -0.00765140 0.00979518
v -0.09065410 -0.02050720 0.02893380
v -0.09289220 -0.01358720 0.02482260
v -0.09667630 -0.00657082 0.01594420
v -0.09612760 -0.01281060 0.01161950
v -0.09457900 -0.01387010 0.01833920
v -0.09429970 -0.02119140 0.01342930
v -0.09834700 -0.01709630 0.01233370
v -0.10826400 -0.02365980 0.00741806
v -0.10597500 -0.03304510 0.00837008
v -0.10067700 -0.03456770 0.01404670
v -0.10290800 -0.04695580 0.01454040
v -0.10432700 -0.05455280 0.01483170
v -0.10641100 -0.05716760 0.01114850
v -0.09266580 -0.02779250 0.01944170
v -0.09457530 -0.03226340 0.01797430
v -0.09629770 -0.03787040 0.01630480
v -0.09935670 -0.04841340 0.01724060
v -0.09478230 -0.04849380 0.02441960
v -0.09904490 0.00043150 0.00736930
v -0.10090400 0.00518051 0.00599435
v -0.10594400 -0.00220221 0.00660812
v -0.10505000 -0.02006500 0.01056930
v -0.10248100 -0.01354550 0.01038250
v -0.09832420 -0.02840370 0.01264410
v -0.08942400 -0.01177360 -0.00069024
v -0.08315930 -0.02497420 0.00312612
v -0.08754990 -0.02115610 0.00582291
v -0.08651550 -0.02963570 0.00937595
v -0.09378870 -0.02402150 0.00923445
v -0.09173690 0.00245058 0.02872570
v -0.08610890 0.00103805 0.03352000
v -0.07983240 0.00464274 0.03565630
v -0.09112470 0.01408210 0.01429830
v -0.08760880 0.01703050 0.01844820
v -0.07624440 0.01107100 0.03416000
v -0.06867070 0.00842323 0.03572300
v -0.05508570 0.03671330 0.00090271
v -0.05076640 0.03585830 -0.00595493
v -0.05855740 0.03505090 -0.00419419
v -0.05797890 -0.00019574 0.03625670
v -0.06147390 0.00651199 0.03527040
v -0.03542390 0.02116010 0.03137050
v -0.04130860 0.01873630 0.03129920
v -0.04889360 0.00696888 0.03252980
v -0.06720470 0.02719830 0.02036760
v -0.05408940 0.02848930 0.02038810
v -0.02599580 0.04486980 0.01060930
v -0.02064200 0.04915950 0.01170040
v -0.01093560 0.05998870 0.00163144
v -0.02494120 0.04262780 0.01554840
v -0.02326460 0.03714240 0.02162440
v -0.01890230 0.04428930 0.01832560
v 0.01289880 0.06828220 -0.00202816
v 0.01545270 0.06099950 0.00927971
v 0.01511530 0.07143260 0.00107031
v 0.03218120 0.06659490 0.00765616
v 0.02466640 0.05544810 0.01725270
v 0.05029580 0.06398250 0.01489750
v 0.05074430 0.07456210 0.00711679
v 0.05986390 0.07859230 0.00750535
v 0.06062800 0.07201720 0.01163340
v 0.05423040 0.06254730 0.01801680
v 0.04866250 0.05743660 0.01969070
v 0.05260360 0.05433010 0.02018500
v 0.03633600 0.05226050 0.02178070
v 0.02296360 0.04290830 0.02435190
v 0.02283850 0.05932190 0.01232930
v 0.01955730 0.06562480 0.00782334
v -0.01277750 0.05781740 0.00626800
v -0.00913296 0.05686680 0.00921087
v -0.00355576 0.05437320 0.01428300
v 0.00112596 0.04526930 0.02499000
v -0.00942842 0.05339780 0.01439240
v -0.00831906 0.03628890 0.03003170
v -0.01349560 0.01496480 0.03705670
v -0.01849700 0.00829220 0.03629790
v -0.01724330 0.00074832 0.03705580
v -0.01229700 -0.00537055 0.03570330
v -0.00702032 0.01402900 0.03988240
v -0.00595316 -0.00133300 0.04034680
v -0.01806540 -0.00841939 0.03667150
v -0.06156690 -0.01599750 0.03791680
v -0.07524660 -0.01707330 0.04033200
v -0.08932790 -0.01284150 0.03164490
v -0.08150940 -0.02211000 0.03874780
v -0.09619640 -0.07786930 0.02906270
v -0.09163860 -0.08005450 0.02947190
v -0.05742530 0.01144100 0.03250890
v -0.04536880 -0.02182030 0.03017910
v -0.06838200 -0.04549440 0.03433190
v -0.05985520 -0.03855090 0.02899770
v -0.05687860 -0.03327350 0.02327510
v -0.05289350 -0.01725580 0.03278170
v -0.08025480 -0.02967880 0.03925170
v -0.08492390 -0.03342070 0.03643890
v -0.08715920 -0.02687100 0.03408670
v -0.04147110 -0.03063960 0.02240600
v -0.07285340 -0.03213560 0.03990800
v -0.07034380 -0.03899550 0.03846270
v -0.08623100 -0.03924190 0.03493780
v -0.09254840 -0.05702840 0.03246290
v -0.08674490 -0.08101320 0.02664110
v -0.08356720 -0.05730360 0.03487040
v -0.08765650 -0.05944040 0.03421840
v -0.08171350 -0.04509070 0.03786660
v -0.02734810 -0.03041740 0.02476510
v -0.01470350 -0.02610270 0.02352800
v -0.00898653 -0.02874270 0.01621590
v 0.00145931 -0.01756820 0.03568080
v -0.00010674 -0.01195200 0.03825290
v 0.00251568 -0.03437580 0.03426480
v 0.00567930 -0.01417250 0.03735190
v 0.01711340 -0.02361390 0.03206150
v -0.02278650 -0.02023210 0.03478400
v -0.07469440 -0.05147520 0.03538020
v 0.02482810 -0.01524450 0.02137380
v 0.02131460 -0.01812690 0.02529490
v 0.03550770 0.00209986 0.01313360
v 0.02209630 -0.02249890 0.01685990
v 0.03600940 0.00115674 0.02598980
v 0.01822410 -0.01306590 0.03305780
v 0.01654080 -0.00618050 0.03785780
v 0.01091980 -0.01079760 0.03759070
v 0.01050330 -0.00538537 0.04100460
v 0.02463320 -0.01140430 0.02972730
v 0.03254540 0.00576269 0.03226770
v 0.03707670 0.00709913 0.00229538
v 0.04435130 0.01912090 0.01067520
v 0.05030380 0.02373180 0.00634468
v 0.04634270 0.02383850 0.01341500
v 0.01436990 0.00885748 0.04157850
v 0.00406670 0.01859930 0.04140050
v 0.01418710 0.01515910 0.04109080
v 0.01710430 0.02777790 0.03577710
v 0.01292790 0.03708680 0.02962370
v 0.01798830 0.02141370 0.03864400
v 0.03042110 0.03275360 0.02431370
v 0.05226510 0.02888110 0.01305340
v 0.04458520 0.03634070 0.02055040
v 0.05729420 0.04086050 0.01732650
v 0.05430250 0.04779890 0.01915350
v 0.06956790 0.04089560 0.00699473
v 0.06516210 0.05186270 0.01665020
v 0.06350880 0.06281950 0.01878290
v 0.06895260 0.05728120 0.01695330
v 0.07840420 0.05200460 0.00971007
v 0.07714580 0.05839180 0.01440400
v 0.07303010 0.04253770 -0.00022289
v 0.08993490 0.06143340 0.00451607
v 0.06164030 0.03208580 0.00217555
v -0.00285353 -0.05002420 0.02620550
v 0.00075767 -0.05238000 0.02947970
v 0.00294083 -0.06400560 0.02931050
v 0.01286440 -0.05138380 0.02986060
v 0.01318610 -0.07261140 0.02402080
v 0.01493070 -0.05523880 0.02630540
v 0.01380310 -0.04281520 0.03082780
v 0.01546250 -0.06162360 0.01879710
v 0.01677800 -0.05396600 0.02145470
v 0.12837601 0.16057700 -0.00784422
v 0.13426401 0.16652900 -0.01090020
v 0.13461500 0.15913101 0.00886479
v 0.13109800 0.15385500 0.00663052
v 0.14278100 0.12391600 -0.00148491
v 0.14471900 0.12595201 0.00667384
v 0.13266900 0.12183100 -0.00114501
v 0.13399500 0.12642699 0.00832786
v 0.13486899 0.13263600 0.01197320
v 0.14438500 0.13028000 0.01323950
v 0.12735900 0.13448900 0.01236200
v 0.14493001 0.16587000 0.00865015
v 0.14763500 0.16187000 0.01048830
v 0.13633600 0.15933400 0.01463680
v 0.11498500 0.11160300 0.01253720
v 0.10349800 0.11388100 0.01114580
v 0.08983020 0.10503300 0.00832241
v 0.15278700 0.15853100 0.00793625
v 0.15076500 0.14448000 0.01464400
v 0.13754700 0.14782301 0.01346360
v 0.14695200 0.13538900 0.01363050
v 0.14115000 0.14105400 0.01490030
v 0.12511501 0.11451100 0.00590608
v 0.12038000 0.10506000 -0.00102643
v 0.11427100 0.10351000 0.01026760
v 0.12097400 0.11237800 0.00880301
v 0.10913900 0.10070000 0.01245040
v 0.09584120 0.08551150 0.01427710
v 0.10628600 0.08596840 0.00755712
v 0.10874600 0.09292600 0.00964528
v 0.11309900 0.09762110 0.00824618
v 0.08729780 0.08827950 0.01414830
v 0.06554570 0.08328980 0.00714656
v 0.07252600 0.08936330 0.00714654
v 0.09882170 0.07444030 0.00761210
v 0.08976440 0.08174710 0.01530030
v 0.08258930 0.08047330 0.01551590
v 0.16373000 0.14204000 0.00302124
v 0.16448800 0.14050201 -0.00158498
v 0.17293701 0.13084701 0.00738408
v 0.17708801 0.13225999 0.00507068
v 0.15821500 0.12112000 -0.00224468
v 0.18049701 0.12520701 0.00065287
v 0.16052100 0.12923899 0.00841086
v 0.15307400 0.12972800 0.01054200
v 0.15155999 0.12389800 0.00440396
v 0.15768100 0.12184400 0.00302727
v 0.16293401 0.11828700 -0.00020980
v 0.18002699 0.12129800 -0.00222402
v 0.01628840 -0.06065460 0.02350710
v 0.01560320 -0.06601090 0.02072090
v 0.01289840 -0.09399690 0.01437700
v 0.01296400 -0.07787380 0.01635680
v 0.00942013 -0.09617760 0.02242620
v 0.00518530 -0.09669550 0.02323350
v 0.01353980 -0.10064800 0.01042790
v 0.00775453 -0.10877200 0.02194730
v 0.01870920 -0.11539000 0.01810400
v 0.01720740 -0.12361100 0.01869960
v 0.02044980 -0.12051800 0.01858230
v 0.02201930 -0.12533601 0.01693580
v 0.02333590 -0.11805800 0.01619120
v 0.09323610 0.06531070 0.00472907
v 0.03115360 0.03873010 0.02284660
v 0.00674036 0.03437870 0.03244880
v 0.00090014 -0.10004000 0.01922290
v 0.00390383 0.02646040 0.03807730
v 0.00559410 0.03100920 0.03499710
v -0.08253260 -0.10498500 0.02330420
v -0.07870490 -0.10740300 0.01755150
v -0.07586730 -0.11123700 0.01823410
v -0.08597580 -0.10981700 0.02576980
v -0.07191860 -0.11525600 0.01469000
v -0.07115210 -0.11672700 0.01945760
v -0.07183660 -0.12352200 0.02146080
v -0.08441710 -0.11826400 0.02294640
v -0.07623580 -0.12401600 0.02445880
v -0.05417290 0.02312780 -0.02532660
v -0.06200990 0.02659280 -0.02228670
v -0.06250130 0.02152770 -0.02928040
v -0.06885840 0.02439860 -0.02473420
v -0.07185580 0.01415970 -0.03379420
v -0.07774760 0.01684410 -0.02891240
v -0.08336100 0.01074540 -0.03006910
v -0.06412180 0.00593595 -0.03867170
v -0.08019510 -0.00226597 -0.03642310
v -0.03411740 0.04243800 -0.00263906
v -0.03613610 0.03341210 -0.01825510
v -0.01989570 0.05031830 -0.00257418
v -0.00958273 0.05594620 -0.00629695
v 0.00698699 0.06736340 -0.00221034
v -0.00534972 0.06013490 -0.00235740
v 0.01796890 0.06795380 -0.00236148
v -0.03130580 -0.03232270 -0.02445840
v -0.06103780 -0.03981830 -0.03780180
v -0.05340740 -0.02439090 -0.04030740
v -0.03255490 -0.01764190 -0.03528360
v -0.03907040 -0.01598170 -0.03465390
v -0.05338130 -0.01767620 -0.04070290
v -0.06344640 -0.04677320 -0.03600710
v -0.06888900 -0.04999970 -0.03270940
v -0.04995710 -0.05676930 -0.03011750
v -0.05888030 -0.06151300 -0.03316510
v -0.05178130 -0.06264960 -0.03061190
v -0.07343130 -0.03915910 -0.03362760
v -0.07298870 -0.03150950 -0.03685260
v -0.06715400 -0.02919940 -0.03965400
v -0.04798360 -0.06945220 -0.02673170
v -0.04596580 -0.05221310 -0.01693430
v -0.04440000 -0.05015810 -0.02039600
v -0.05739810 -0.07003650 -0.03405780
v -0.06174910 -0.07925500 -0.03317780
v -0.05443570 -0.08785260 -0.03039660
v -0.04941490 -0.07848780 -0.03057050
v -0.05650070 -0.09367050 -0.02777100
v -0.05308560 -0.10656000 -0.02870190
v -0.04847190 -0.11300800 -0.03180480
v -0.04343650 -0.12393700 -0.03229290
v -0.03889660 -0.12191300 -0.03148670
v -0.03484490 -0.11581800 -0.02394530
v -0.07472970 0.02855070 -0.01176010
v -0.06867270 0.02839290 -0.01775690
v 0.02860130 -0.01036500 0.01253190
v 0.01968480 -0.03886980 0.01692330
v 0.01040140 -0.03060990 0.00661026
v -0.00947980 -0.02532930 -0.02137030
v 0.02744620 -0.00479921 -0.00980305
v 0.01874420 -0.01996330 0.00856598
v 0.07139680 0.05263980 -0.01132300
v 0.08705140 0.06673090 -0.00790509
v 0.09409560 0.07154750 -0.00579335
v 0.07842230 0.06514470 -0.01045300
v 0.09730630 0.09335920 -0.00724700
v 0.08866420 0.09423790 -0.00534117
v 0.08948000 0.06134440 -0.00412977
v 0.02731280 -0.02344840 -0.01961390
v 0.02938620 -0.02772660 -0.02373630
v 0.03723060 0.01112410 -0.01442600
v 0.03524220 0.01402380 -0.02168300
v 0.02669880 -0.00748875 -0.02233110
v 0.02189990 -0.01387220 -0.03032060
v 0.02097660 -0.00265257 -0.03647360
v 0.01421010 -0.00420971 -0.03775770
v 0.04406140 0.01752630 -0.00875874
v 0.04233390 0.02348320 -0.01481410
v 0.04815220 0.02936750 -0.01349260
v 0.06125090 0.03073700 -0.00380061
v 0.04798370 0.02335580 -0.00988365
v 0.03089600 0.01745990 -0.03050280
v 0.02981510 0.02482000 -0.02764610
v 0.02520360 0.02302910 -0.03341370
v 0.01482190 0.00264790 -0.03963940
v 0.00910774 -0.00859022 -0.03826990
v 0.00644813 -0.03202510 -0.03321400
v 0.01468420 -0.01981330 -0.03721890
v 0.01254480 -0.02718990 -0.03663180
v 0.02837570 -0.02390960 -0.02549230
v 0.03000000 -0.03902730 -0.02849630
v 0.03154790 -0.03905370 -0.01695980
v 0.02807330 -0.03987630 -0.01342830
v 0.03719770 -0.05049460 -0.02169140
v 0.03068560 -0.04555160 -0.03151220
v 0.03409150 -0.05285260 -0.03146750
v 0.03858880 -0.06446350 -0.01490870
v -0.02154760 -0.02460350 -0.03029870
v -0.00902150 -0.01762830 -0.03221420
v -0.01367190 -0.01542280 -0.03241850
v -0.01972670 -0.00899943 -0.03681500
v -0.00341704 -0.01419300 -0.03758960
v -0.00206010 -0.00321997 -0.04119220
v -0.00701011 -0.00634319 -0.04003690
v -0.01513230 -0.00372112 -0.03648470
v -0.05228000 -0.00309296 -0.03797980
v 0.00468445 -0.04547260 0.00809048
v 0.01576130 -0.04703970 0.01573460
v 0.00691641 -0.05579910 0.00973732
v 0.14575100 0.15701300 -0.00878972
v 0.15438700 0.15295400 -0.00557911
v 0.13274500 0.16525801 -0.01513550
v 0.13675600 0.14486700 -0.01033590
v 0.12915701 0.14759000 -0.00664016
v 0.12828000 0.15665300 -0.01122750
v 0.12715800 0.16181999 -0.01528440
v 0.12944899 0.15816200 -0.01654400
v 0.12825300 0.14161000 -0.00719263
v 0.12208000 0.13987200 -0.00463317
v 0.13830000 0.13293900 -0.00937112
v 0.12493100 0.13438900 -0.00697733
v 0.11381600 0.14147399 -0.00093588
v 0.10927700 0.13638701 -0.00042990
v 0.11828300 0.13314700 -0.00428599
v 0.11260400 0.12520000 -0.00408519
v 0.09519920 0.12028100 0.00067197
v 0.08769390 0.10141800 -0.00136354
v 0.07701900 0.08578130 -0.00273499
v 0.05212600 0.04750670 -0.01583720
v 0.05753770 0.06821200 -0.00745522
v 0.11869500 0.15079799 -0.00015372
v 0.06603240 0.07971750 -0.00204477
v 0.03780020 0.06310280 -0.00929631
v 0.05084370 0.07580060 -0.00241846
v 0.02156980 0.06137810 -0.00981327
v 0.12419600 0.11943500 -0.00585759
v 0.12660600 0.11321000 0.00140145
v 0.12374700 0.11087900 -0.00161082
v 0.17691401 0.13133401 -0.00366503
v 0.15561900 0.12446700 -0.00530135
v 0.15232100 0.12237900 -0.00230277
v 0.17552800 0.12054700 -0.00759884
v 0.01417550 -0.07073380 0.01699360
v 0.04112870 -0.05853930 -0.02361500
v 0.02357920 -0.04367610 -0.03523300
v 0.02507210 -0.03244860 -0.03365150
v 0.00559139 -0.04052200 -0.02632380
v 0.02502450 -0.05290100 -0.03388710
v 0.04043080 -0.06214960 -0.02887310
v 0.02918790 -0.06753260 -0.03253460
v 0.02886100 -0.07427150 -0.02974870
v 0.04331980 -0.06640230 -0.02465160
v 0.04071190 -0.06075930 -0.01735640
v 0.03217970 -0.08027150 -0.02993920
v 0.04320140 -0.07497550 -0.01929900
v 0.04366500 -0.08313870 -0.02037930
v 0.03761160 -0.08213430 -0.03079230
v 0.04355060 -0.08448390 -0.02460920
v 0.03188310 -0.08515190 -0.02886700
v 0.03441620 -0.08979080 -0.02969910
v 0.03780070 -0.09375210 -0.02971150
v 0.03601670 -0.10657200 -0.02847680
v 0.03580570 -0.11407600 -0.02845810
v 0.03332030 -0.11691800 -0.02423220
v 0.03745100 -0.12296400 -0.02425820
v 0.02224850 0.04469430 -0.02186280
v 0.02805650 0.03180540 -0.02447270
v 0.03054950 0.02806740 -0.02342580
v 0.01878220 0.05101420 -0.01918870
v -0.00367222 0.05705670 -0.00905318
v 0.00525510 0.05313820 -0.01842120
v 0.00692278 0.04812790 -0.02413900
v -0.00105379 0.04549220 -0.02676270
v 0.01419560 0.03772180 -0.03083790
v -0.00024483 0.01916670 -0.03794490
v 0.01919450 0.02080330 -0.03731640
v 0.01958660 0.02635510 -0.03489750
v 0.02232770 0.01269270 -0.03869110
v 0.00043395 0.03819780 -0.03275520
v -0.01794870 0.03600460 -0.02525850
v -0.00894299 0.04450270 -0.02452880
v -0.02309640 -0.00180347 -0.03769230
v 0.04749320 -0.12052600 -0.02387360
v 0.04497510 -0.10204700 -0.02328050
v 0.03995350 -0.10483000 -0.02832480
v -0.05061880 0.00428783 -0.03557900
v -0.04611640 -0.08041540 -0.02409270
v -0.04580540 -0.08528110 -0.02168800
v -0.04851220 -0.08213530 -0.01669820
v 0.03938930 0.06639890 -0.00429154
v -0.09457600 -0.00571099 0.00078441
v -0.05143010 -0.03211230 0.01444000
v -0.05999180 -0.03135370 0.00245726
v -0.03111690 -0.03479230 -0.01815420
v -0.04868650 -0.03817690 -0.01468030
v -0.07702260 -0.04700260 -0.02391170
v -0.07369180 -0.04639000 -0.01741680
v -0.08540190 -0.03141910 -0.02077470
v -0.09231870 -0.01535740 -0.01604780
v -0.08362990 -0.02621000 -0.01136580
v -0.07550150 -0.03856920 -0.01579740
v -0.06942280 -0.03967940 -0.01295070
v -0.06956480 -0.03008950 -0.00821771
v -0.05958760 -0.03274010 -0.00812977
v -0.02560670 -0.03532270 0.01426090
v -0.01770870 -0.03487960 0.00687218
v -0.03177980 -0.03642560 0.01032570
v -0.05443740 -0.03704520 -0.01126080
v -0.06084240 -0.04041900 -0.01038660
v -0.06678410 -0.04658310 -0.01250500
v -0.07421870 -0.05127730 -0.02040030
v -0.07397560 -0.05475940 -0.02439580
v -0.07084220 -0.05351720 -0.02835100
v -0.06378560 -0.05413340 -0.01232730
v -0.06442540 -0.05972040 -0.01391890
v -0.05968950 -0.06612800 -0.01353180
v -0.05225450 -0.06279790 -0.01417780
v -0.05227780 -0.07019350 -0.01386680
v -0.06506870 -0.07047950 -0.02729180
v -0.06100750 -0.07542950 -0.01526540
v -0.06406500 -0.07560600 -0.01908900
v -0.06297160 -0.08044020 -0.02267950
v -0.06480290 -0.07778900 -0.02558680
v -0.05873170 -0.08616640 -0.02969030
v -0.05968050 -0.08340290 -0.01836550
v -0.05199120 -0.11556000 -0.02909650
v -0.05167090 -0.11399800 -0.02208340
v -0.05010110 -0.11881200 -0.02564070
v -0.04799970 -0.12365800 -0.02737090
v -0.03618810 -0.12259600 -0.01454190
v -0.03816560 -0.11693300 -0.01790790
v -0.04251190 -0.11771800 -0.01570330
v -0.04753170 -0.09009460 -0.01597710
v -0.05128650 -0.09905140 -0.01569610
v -0.04998600 -0.10534600 -0.01529340
v -0.04994040 -0.11261600 -0.01567940
v -0.00843225 -0.02643730 0.02253530
v -0.00530272 -0.02827840 0.02790490
v -0.00546080 -0.03098580 0.00618732
v -0.00532063 -0.03630290 0.00924834
v -0.00145330 -0.02766060 -0.00401141
v 0.00862580 -0.02586350 0.00441119
v 0.01129350 -0.02233800 -0.00554872
v 0.00157050 -0.03121780 -0.01774010
v 0.00208181 -0.03560080 -0.02233740
v 0.00748218 -0.03745190 -0.01650890
v 0.01861590 -0.03336690 -0.01124110
v 0.02812420 -0.05123860 -0.01315370
v 0.03729030 -0.06983350 -0.01470350
v 0.03671000 -0.07496770 -0.01473710
v 0.01080240 -0.04592960 -0.01929290
v 0.00153441 -0.04914600 0.00869247
v -0.00662020 -0.05033060 0.01682970
v -0.00406914 -0.05940930 0.01144490
v -0.00451256 -0.06382600 0.01185080
v -0.00135986 -0.07738560 0.00993281
v 0.00578104 -0.11141400 0.01338990
v 0.01087940 -0.12478800 0.00283930
v 0.00931391 -0.11952100 0.00827318
v 0.01622250 -0.12852401 0.00639873
v 0.02345540 -0.12005500 0.00177848
v 0.01041800 -0.04928680 -0.02670180
v 0.03549170 -0.08486300 -0.01480560
v 0.03981250 -0.09690370 -0.01379830
v 0.04263930 -0.10136700 -0.01404080
v 0.04174960 -0.12138800 -0.00911865
v 0.04332370 -0.11716800 -0.00921787
v 0.04241800 -0.12583099 -0.01087180
v 0.04383040 -0.12800799 -0.01663460
v -0.10473700 -0.02773840 -0.00005906
v -0.08220960 -0.03380500 0.00909948
v -0.08289840 -0.03786280 0.01026040
v -0.08350880 -0.04353410 0.01091950
v -0.09293460 -0.04304570 0.00922670
v -0.08182760 -0.06245490 0.01548170
v -0.10225500 -0.04737470 0.00643270
v -0.10156800 -0.07163860 0.02560060
v -0.10001800 -0.08793450 0.01830380
v -0.09770780 -0.08588300 0.01375970
v -0.09126410 -0.07948670 0.01214440
v -0.09774300 -0.09524510 0.01991710
v -0.06592150 -0.04471250 0.01977420
v -0.09246720 -0.07045380 0.01065750
v -0.06821640 -0.03668370 0.01018260
v -0.09997180 -0.05717720 0.00636785
v -0.08830250 -0.06899590 0.01198730
v -0.10101900 -0.06530560 0.00602381
v -0.10547600 -0.06432880 0.00470058
v -0.07477130 -0.11460300 0.01038020
v -0.07258680 -0.11971900 0.00982915
v -0.08133510 -0.12618800 0.01975440
v -0.09436760 -0.10691400 0.01893840
v -0.09282640 0.02232710 0.00052859
v -0.09816450 0.01240930 0.00350359
v -0.09640030 0.01770340 0.00095223
v -0.11001400 0.00031763 0.00086697
v -0.09546450 0.02033540 -0.00318832
v -0.11093900 -0.00877280 -0.00103570
v -0.10808600 -0.00382431 -0.00476370
v -0.10776000 -0.00880240 -0.00493946
v -0.10953800 -0.01694320 0.00695275
v -0.10948600 -0.02017680 0.00352279
v -0.09501470 -0.00698780 0.02139670
v -0.10315100 -0.02824080 0.01217270
v -0.09949240 -0.04206990 0.01590090
v -0.10426300 -0.04762500 0.01048020
v -0.10069200 -0.05726030 0.01772360
v -0.10497800 -0.05897740 0.01581150
v -0.10826100 -0.06128110 0.01148790
v -0.09534150 -0.04164330 0.01927390
v -0.10634600 -0.00845640 0.00816074
v -0.11006300 -0.00774085 0.00584306
v -0.08227200 -0.02092360 -0.00133529
v -0.09063410 -0.02071320 0.00941918
v -0.09241970 -0.02626330 0.01326250
v 0.14541399 0.14836399 0.01417650
v 0.01772740 -0.02732580 0.01066980
v 0.07171580 0.08694150 -0.00142878
v -0.00510186 -0.05316120 0.01382120
v -0.10071200 -0.07706750 0.02373300
v 0.02532500 -0.12066800 0.01234080
v -0.01477920 0.05492430 -0.00169678
v -0.04674480 -0.07786510 -0.01868980
v 0.00430930 -0.01276230 -0.03804010
v 0.04288170 -0.09658220 -0.02498080
v -0.06659870 -0.02872680 0.00004201
v -0.09958590 -0.02459320 -0.00082870
v 0.06366280 0.03524210 0.00757548
v -0.00565340 0.04235080 0.02632480
v 0.05174540 0.05639950 -0.01362820
v 0.04243850 -0.06414680 -0.01978390
v -0.05438650 -0.10617600 -0.02314030
v 0.17222400 0.12358100 -0.00854959
v 0.03624180 -0.06926780 -0.03310230
v -0.07026730 -0.00959370 -0.04093400
v 0.01799140 -0.12238200 -0.00155209
v -0.05571090 0.01744250 0.02956950
v 0.01051700 -0.12114300 0.01416960
v -0.07875800 0.02774570 0.00690605
v 0.02749190 0.00070515 0.03621490
v -0.01939930 -0.02870360 0.02545850
v -0.05993310 0.03296730 0.01094970
v -0.05092150 -0.03822740 -0.03533590
v 0.00770125 0.00561884 0.04365490
v 0.05302160 0.02668790 -0.00852811
v -0.00569476 -0.05922810 0.01654620
v -0.09591310 -0.04610300 0.01937230
v 0.16771100 0.12726700 0.00845211
v -0.04493940 -0.03642440 -0.00524711
v 0.12983499 0.11754700 0.00208433
v 0.13404401 0.14032000 0.01253830
v 0.08828560 0.07419350 -0.00865011
v -0.03136650 0.02034990 -0.03162590
v -0.02166690 -0.03522830 -0.01292890
v -0.09783790 -0.07176170 0.03022150
v 0.15416700 0.15218300 0.00869344
v 0.01479520 -0.06816650 0.02497630
v 0.02394220 -0.01830570 0.01786180
v 0.04587690 0.05989200 -0.01258560
v -0.04197230 -0.11052500 -0.01653320
v -0.03812810 0.04125020 0.00103287
v -0.06148560 -0.08256790 -0.02979400
v -0.07449970 0.02204780 -0.02505300
v -0.08732330 -0.11160400 0.00958722
v -0.09137210 0.01149360 -0.01433760
v -0.05352440 -0.10311900 -0.01897100
v -0.11134000 -0.07272890 0.00828711
v -0.02057140 0.02577950 0.03048000
v -0.03528080 0.03359620 0.02118790
v -0.03121590 0.04147370 0.01283700
v -0.01377530 0.04966570 0.01650440
v -0.00060775 -0.00537217 0.04156820
v -0.07979870 0.01659440 0.02874360
v -0.02528090 -0.02605440 0.03049430
v -0.00897217 0.02102090 0.03728180
v 0.06537770 0.06955400 0.01583430
v 0.09113630 0.11262500 0.00698826
v -0.06557710 -0.00294798 -0.04061390
v -0.08611600 -0.00234078 -0.03186200
v 0.04219810 0.03193260 -0.01703000
v 0.09413250 0.10159800 -0.00448514
v 0.02968480 0.04545850 -0.01972580
v -0.02962930 0.03515530 -0.02029800
v 0.04745710 -0.11099900 -0.02248300
v -0.07270520 -0.03263250 -0.01185960
v -0.00957773 -0.02979440 -0.01141800
v -0.05554310 -0.07249070 -0.01450890
v 0.00543401 -0.02374080 0.00026088
v 0.01315940 -0.02540190 -0.00828829
v 0.02742740 -0.05182470 -0.01424940
v -0.09186410 -0.02821780 0.02546350
v -0.07872250 -0.00239107 0.03793320
v -0.09580820 0.00938115 0.01023670
v -0.05376090 0.03292140 0.01475220
v -0.05382490 0.03513500 0.00812957
v -0.05484700 -0.00549104 0.03575790
v -0.03737390 -0.00162319 0.03662450
v -0.03806410 -0.00992767 0.03628820
v -0.02449860 -0.00371583 0.03821200
v -0.06160870 0.02095910 0.02820680
v -0.06045050 0.02991890 0.01751210
v 0.03920420 0.05703280 0.01837870
v 0.03646100 0.04810130 0.02201700
v 0.01601430 0.04814490 0.02216030
v -0.00234527 0.03286440 0.03343820
v -0.04796980 0.01961090 0.02886640
v -0.06887330 0.02278930 0.02643550
v -0.06656650 -0.02730990 0.03848610
v -0.08266720 -0.06937510 0.01791510
v -0.08413390 -0.06757460 0.03158310
v -0.07726350 -0.06468470 0.02332560
v -0.08073070 -0.06067710 0.03284370
v 0.00234975 -0.03404910 0.03367420
v -0.08256130 -0.05230820 0.03621130
v 0.03571500 -0.00062314 0.01967500
v 0.03576290 0.00940139 0.02730580
v 0.04152820 0.01825480 0.01707280
v 0.04348840 0.02695200 0.01797710
v 0.02563450 0.01808390 0.03570740
v 0.02092420 0.00535705 0.03936710
v 0.02685760 0.00991755 0.03668960
v 0.07763550 0.04860370 -0.00265228
v 0.00880795 -0.06481690 0.02838870
v 0.01107050 -0.03625260 0.03350070
v 0.08695940 0.09739420 0.01037010
v 0.08539310 0.06744790 0.01349050
v 0.08006630 0.07320850 0.01642420
v 0.15211600 0.13066000 0.00976686
v 0.01151160 -0.09329050 0.02061790
v 0.02461340 0.03601770 0.02551130
v 0.00532210 0.03041960 0.03526310
v -0.01876610 0.04557380 -0.01472580
v -0.02645150 0.04527710 -0.00307154
v -0.01480630 0.05137370 -0.00988869
v -0.07746020 -0.01953850 -0.03710610
v -0.04883170 -0.04475460 -0.03212710
v -0.04637320 -0.05194380 -0.02273150
v -0.05809240 -0.08355380 -0.03178720
v 0.02354270 -0.01565530 0.01200100
v -0.01324590 -0.02945340 -0.01723090
v -0.02508160 -0.03352470 -0.01938470
v 0.09389430 0.08015710 -0.00794249
v 0.02449860 -0.01238580 -0.01645460
v 0.02865900 -0.02981480 -0.01841900
v 0.03602210 0.02149150 -0.01963390
v 0.05522420 0.03336640 -0.01208820
v -0.04850440 -0.01808120 -0.03822490
v -0.06350630 -0.00951899 -0.04163050
v -0.05127460 -0.01057660 -0.03831350
v -0.05773210 0.00152127 -0.03908100
v -0.06990740 0.00182275 -0.03898590
v 0.00961879 -0.03898110 0.00787825
v 0.14173999 0.13910200 -0.01068890
v 0.12110300 0.11859400 -0.00537963
v 0.09391260 0.11450600 0.00202178
v 0.04028330 0.05860680 -0.01296920
v 0.02682920 0.05895940 -0.01179100
v 0.10614000 0.10320900 -0.00714713
v 0.06951830 0.08950920 -0.00157840
v 0.16073200 0.12373800 -0.00683469
v 0.03653100 -0.04897600 -0.02606250
v 0.01134540 -0.04653890 -0.02810410
v 0.00891895 0.05985250 -0.00897431
v 0.01531290 0.05752640 -0.01354390
v 0.02371140 0.02933440 -0.03040180
v 0.00709563 0.00550463 -0.03995490
v -0.00453397 0.01215530 -0.03814730
v 0.00494831 0.02555860 -0.03740270
v -0.00577770 0.00445493 -0.03956040
v -0.01048780 0.00660760 -0.03816270
v -0.04237180 0.00393432 -0.03561150
v -0.05812110 -0.04847460 -0.01145750
v -0.00147266 -0.03518210 0.00570539
v 0.01837010 -0.03971740 -0.01315690
v -0.00683326 -0.04174640 0.02188110
v 0.03175160 -0.08959030 -0.01694030
v 0.03684230 -0.10077000 -0.01386920
v 0.03630460 -0.10567900 -0.01573740
v -0.07638960 -0.03736110 0.00880613
v -0.08431400 -0.04970840 0.01160730
v -0.08883050 -0.05502590 0.01135480
v -0.08218740 -0.02081630 -0.03297870
v -0.09690260 -0.00104603 0.01381340
v -0.09743530 -0.01104830 0.00364042
v -0.01191070 0.00792655 0.03777320
v 0.03655820 0.01712450 0.02508630
v -0.03392520 -0.03600190 -0.01329410
v 0.04548020 0.05065600 0.02146950
v 0.07526970 0.04673960 0.00605168
v -0.04929600 -0.06506590 -0.01785150
v 0.16158800 0.13149300 -0.00758477
v 0.04240650 -0.08657990 -0.02044530
v -0.04596370 -0.00429510 -0.03552780
v 0.04708460 -0.10751100 -0.01734630
v -0.09253970 -0.02085040 0.02153400
v -0.07434090 0.02705260 0.01535300
v 0.02143460 -0.02749720 0.01614570
v 0.01799140 -0.03844360 0.01565880
v 0.03104980 -0.09354060 -0.02605740
v -0.02473090 -0.03662390 0.00797651
v -0.09990920 -0.02292860 0.01202390
v -0.03016230 -0.03384640 0.01801390
v -0.03385290 0.02805610 0.02708800
v 0.04352270 0.07035990 0.00711427
v -0.02309930 -0.03004770 -0.02508490
v 0.12071500 0.12754899 -0.00695080
v -0.04561490 0.01076190 -0.03255240
v -0.06566240 -0.05780980 -0.03020950
v -0.09440190 -0.00023992 -0.01571330
v -0.09106940 -0.11256700 0.01486730
v -0.08414690 0.01612330 -0.02431840
v -0.04412310 -0.02901560 -0.02751800
v -0.03787370 0.04044380 0.00747503
v 0.09703320 0.11661900 0.00744654
v 0.15735400 0.14876600 0.00571441
v 0.10241000 0.08914450 0.01270630
v 0.08197490 0.09825210 -0.00071718
v 0.02499690 0.04916390 -0.01859670
v 0.01945560 -0.00941591 -0.00191913
v -0.07509250 0.02278140 0.02371970
v -0.09374980 -0.09531140 0.02534380
v -0.04588440 -0.02672580 0.02551570
v -0.09229700 -0.07134010 0.03153110
v -0.03146530 -0.02705590 0.02903430
v -0.02949570 0.03289070 0.02326600
v -0.04092830 0.03025830 0.02312580
v 0.01422700 0.00091411 0.04126960
v 0.01129450 0.02642860 0.03790600
v 0.12782800 0.12640700 0.01128760
v 0.14017400 0.13582100 0.01421420
v 0.12210300 0.14690401 0.00556884
v 0.09784600 0.07012700 0.00169060
v -0.05555750 0.02862410 -0.01828810
v -0.08322960 -0.00883144 -0.03408910
v -0.08523950 -0.01533750 -0.03084850
v -0.03862060 0.03637760 -0.01235980
v -0.02811820 -0.02824030 -0.02910790
v -0.05204380 -0.05103270 -0.03399370
v -0.03425730 -0.01078440 -0.03667170
v 0.00913900 -0.02126860 -0.03642340
v 0.05724010 0.05322350 -0.01383700
v 0.01346270 -0.03539280 -0.03518470
v -0.00871949 0.02062690 -0.03554550
v -0.04866770 0.01706270 -0.02912760
v -0.04515550 0.02262830 -0.02533610
v -0.05848190 -0.05812430 -0.01243820
v -0.04682590 -0.11792000 -0.01579530
v -0.00636660 -0.02943920 -0.00627363
v 0.02329620 -0.00827429 -0.00636569
v 0.01848220 -0.02806470 -0.00990853
v 0.01290560 -0.03361250 -0.01063080
v 0.02423740 -0.04624970 -0.01284910
v -0.09975400 0.00905301 -0.00694000
v -0.10035000 0.00254235 -0.00834756
v 0.01624950 -0.04801570 0.02616220
v -0.03295790 0.04091380 -0.00830786
v 0.02409400 -0.02390230 -0.01270670
v 0.01220680 0.04301060 -0.02737260
v 0.03165900 -0.10025400 -0.01997830
v 0.02088640 -0.00141005 0.03865590
v 0.03480810 0.03407960 -0.02032650
v 0.01750220 0.00930072 -0.03975000
v 0.10185300 0.12184400 0.00740099
v -0.07535730 -0.11879500 0.02299880
v -0.09319300 -0.03636050 0.02520400
v 0.02855570 -0.00581145 0.00595843
v -0.07048250 -0.00466057 0.03926260
v -0.06414560 0.03294400 -0.00805569
v -0.03172670 -0.02233040 0.03314460
v 0.00214414 0.00824885 0.04324720
v 0.01213350 0.03144310 0.03392650
v 0.02439230 -0.01023090 0.00562170
v -0.07757280 -0.05801180 0.01717310
v -0.08690440 -0.01799340 0.00144793
v -0.09162020 -0.01358540 0.00601154
v -0.00480997 -0.01536620 0.03434420
v 0.00454822 0.05528690 0.01339210
v 0.01005230 -0.06377690 0.01193470
v 0.06005830 0.04786590 -0.01402140
v 0.02785010 -0.00638553 -0.01624100
v 0.16076601 0.13789900 -0.00456644
v 0.01112590 0.01050460 -0.03990740
v -0.04811790 -0.12028100 -0.02018700
v 0.00081378 0.06689360 0.00002484
v -0.02935560 0.00940086 0.03668150
v -0.01398610 -0.02834440 0.01809410
v 0.04196040 0.01397230 0.00945628
v 0.06706950 0.05895740 -0.01205190
v -0.00043243 0.03873760 0.02980660
v 0.05419740 0.08183910 0.00409751
v 0.08132280 0.09008130 -0.00313112
v 0.11083200 0.09244830 -0.00296028
v -0.01904010 -0.03169490 -0.01910910
v 0.03839490 0.01702320 -0.01496840
v -0.05758940 -0.05117120 -0.03556150
v 0.16811100 0.13286000 -0.00521358
v -0.08781030 0.01384220 0.02495810
v -0.01889390 -0.03377520 0.01376720
v 0.02956280 -0.00905034 0.02624270
v 0.06899720 0.04558360 0.01288890
v -0.00216733 0.02511260 -0.03671870
v -0.02888740 0.02655320 -0.02829640
v -0.03074330 -0.03732240 0.00124108
v 0.03752370 0.00681136 0.01715790
v -0.02632890 -0.01321720 -0.03670240
v -0.02355250 0.01197760 0.03599420
v -0.04194310 0.03856760 -0.00555379
v -0.02237800 -0.03262380 0.01975060
v 0.01911470 -0.04110520 0.02452640
v -0.06575080 -0.03399800 -0.00954575
v 0.00071962 0.00483824 -0.04003240
v -0.03834100 -0.03678670 0.00646105
v -0.00736564 0.02820970 -0.03447250
v 0.03594610 0.04172910 -0.01917520
v -0.06700620 -0.02006970 0.03941760
v 0.00327764 0.06269970 0.00711582
v 0.01495340 0.01732260 -0.03893990
v 0.03440000 0.00590973 -0.01897580
v -0.04276490 -0.03556010 0.00980051
v -0.09640750 -0.00078150 0.01894250
v -0.09517050 0.00082517 0.02311350
v 0.03251230 0.01292700 -0.02870500
v 0.01685420 0.05636920 0.01457550
v 0.07017610 0.07636610 -0.00648564
v 0.02901390 0.02261680 0.03187860
v 0.01166090 0.06522460 0.00710377
v 0.02632720 -0.00295523 -0.03097160
v 0.01027590 -0.04692770 0.01005350
v 0.00142428 0.05070640 0.01944560
f 1077 1076 2
f 52 51 48
f 58 1638 1093
f 91 1638 58
f 67 69 443
f 443 69 337
f 1771 78 77
f 78 79 77
f 88 1176 87
f 61 1111 1112
f 91 1112 1114
f 1672 1856 1115
f 1665 120 31
f 1124 107 1882
f 121 129 123
f 1675 1139 148
f 140 141 1677
f 143 998 144
f 1679 144 145
f 144 172 145
f 1131 1140 147
f 153 152 151
f 1843 1150 1151
f 1691 165 164
f 168 1473 849
f 182 183 1161
f 1167 1161 1683
f 1162 1163 1164
f 1120 194 196
f 1181 209 208
f 343 213 1643
f 263 285 262
f 1207 605 268
f 269 265 1208
f 266 1206 1210
f 1223 269 312
f 280 259 261
f 1220 288 1618
f 293 295 273
f 1618 289 1211
f 1782 346 241
f 1219 305 304
f 1220 302 287
f 308 284 309
f 315 313 1226
f 318 1217 1692
f 1230 320 1783
f 1783 322 1229
f 324 223 1229
f 1229 223 326
f 340 335 213
f 333 335 340
f 343 342 1694
f 237 1199 1250
f 1252 375 1256
f 1257 379 372
f 381 386 389
f 386 388 389
f 1267 97 196
f 397 396 1270
f 1282 421 1283
f 417 418 1028
f 1717 1645 1285
f 422 421 420
f 766 1288 742
f 1110 1589 55
f 458 1294 795
f 445 447 448
f 448 477 452
f 451 1714 461
f 461 459 454
f 579 455 472
f 466 1304 1303
f 496 499 497
f 498 496 837
f 1325 475 1584
f 1707 507 1326
f 518 226 630
f 526 1709 525
f 630 226 549
f 561 1369 558
f 573 507 1365
f 1772 1365 507
f 1369 1371 577
f 346 592 241
f 589 591 652
f 1387 605 601
f 1386 608 607
f 264 291 286
f 1207 606 605
f 615 614 617
f 629 1626 1597
f 632 1855 633
f 646 527 528
f 330 623 1726
f 1726 332 330
f 647 332 648
f 657 655 658
f 1420 1598 680
f 1423 697 1425
f 703 1450 753
f 708 705 753
f 716 1436 714
f 715 716 1438
f 719 1443 1884
f 721 1735 719
f 1849 1733 723
f 728 727 1447
f 433 1447 431
f 1370 1736 1878
f 741 1812 747
f 742 747 1812
f 1447 744 431
f 746 749 1620
f 756 753 757
f 1450 754 758
f 485 1455 771
f 772 771 1455
f 853 1590 830
f 1457 638 1400
f 1458 776 777
f 813 1652 811
f 1464 1478 823
f 1479 820 822
f 1483 825 832
f 1488 832 1486
f 1487 1492 853
f 1489 833 1492
f 834 1315 487
f 846 1495 1496
f 490 1496 1495
f 1471 1475 788
f 793 1707 1653
f 1485 1483 1654
f 1509 867 475
f 878 869 870
f 876 1512 1511
f 1513 1818 875
f 1515 883 1657
f 887 888 886
f 1516 889 925
f 1529 893 1518
f 509 560 876
f 896 897 1520
f 899 898 1522
f 905 1523 903
f 1524 913 920
f 913 915 1526
f 915 917 1525
f 919 922 1527
f 922 919 1603
f 895 1529 685
f 946 945 944
f 1594 945 946
f 982 1550 1553
f 967 968 964
f 968 1554 1552
f 1550 1553 1004
f 1554 1555 999
f 1016 988 989
f 1021 1561 1562
f 1820 1021 1029
f 1565 1036 1034
f 1750 1039 1040
f 1570 1043 7
f 1051 1057 1056
f 1059 1614 1058
f 776 1458 1041
f 1047 1070 944
f 811 1580 810
f 1047 1581 1070
f 1047 938 1582
f 7 4 1071
f 6 1659 1072
f 1659 1073 1072
f 1073 1659 2
f 1834 2 1659
f 1125 106 6
f 8 1039 1888
f 1075 9 1074
f 9 1560 1020
f 1075 11 9
f 11 1075 12
f 1560 9 10
f 1560 10 405
f 12 1075 13
f 1864 13 1075
f 1640 119 1787
f 12 13 1787
f 3 1640 1864
f 1 1864 8
f 2 1076 1073
f 1763 18 1606
f 23 20 1609
f 48 1662 1661
f 48 49 1662
f 22 21 505
f 22 407 17
f 15 25 1081
f 1077 15 1082
f 43 1082 1081
f 43 1081 41
f 27 1664 29
f 1665 26 30
f 1663 105 28
f 28 104 30
f 42 27 29
f 1664 33 32
f 31 169 33
f 98 32 1666
f 98 1852 32
f 1635 36 34
f 1083 35 36
f 1635 37 36
f 1084 40 1083
f 1084 42 40
f 1085 42 118
f 15 1081 1082
f 14 1667 44
f 14 1129 1604
f 1086 1787 1674
f 45 1668 1086
f 57 1087 45
f 1668 1087 1661
f 1668 1661 1609
f 48 1661 46
f 1087 46 1661
f 47 46 1087
f 1874 24 50
f 1874 50 1628
f 50 1780 1628
f 1637 1780 51
f 53 1700 1287
f 53 1088 54
f 1089 1088 1091
f 173 1793 47
f 59 1089 1638
f 59 55 1089
f 92 58 1093
f 59 1110 55
f 61 60 56
f 62 1893 63
f 1095 64 1890
f 63 1893 1109
f 1108 1109 1095
f 1096 63 65
f 63 1109 65
f 68 65 66
f 68 66 67
f 69 71 337
f 1771 69 70
f 70 69 67
f 72 73 1097
f 75 72 1108
f 85 1098 74
f 84 75 1098
f 70 73 76
f 76 73 1669
f 1669 1104 76
f 76 1771 70
f 337 71 336
f 76 78 1771
f 78 76 1099
f 1104 1099 76
f 79 80 1102
f 1643 1102 81
f 1099 80 78
f 80 1099 1103
f 81 80 1103
f 1104 1103 1099
f 81 1103 82
f 82 1103 83
f 81 82 1185
f 1103 1105 83
f 1104 1755 1105
f 1755 1104 1669
f 1106 84 1670
f 210 1755 392
f 1697 1107 86
f 89 88 87
f 86 87 1176
f 88 89 1113
f 1111 1090 1110
f 1110 59 1111
f 59 1114 1111
f 1112 1844 61
f 1111 1114 1112
f 1856 88 1113
f 1856 1113 1596
f 1114 59 1638
f 92 1093 1092
f 1092 1093 1091
f 37 1092 1792
f 94 95 1635
f 1635 38 94
f 37 95 1092
f 95 1115 96
f 94 1672 1115
f 95 96 92
f 94 1642 97
f 38 39 1116
f 1117 1116 39
f 1119 99 1118
f 1116 1117 1752
f 1119 102 1121
f 100 1121 187
f 186 1639 101
f 1122 153 103
f 25 105 1663
f 105 104 28
f 105 1123 130
f 5 106 1124
f 106 1125 108
f 1675 1882 107
f 1137 108 1042
f 115 111 114
f 114 111 990
f 1143 115 114
f 1788 992 116
f 43 118 1129
f 1604 1673 57
f 1787 1763 12
f 1138 149 122
f 1138 1789 124
f 123 129 1133
f 124 123 125
f 1789 1138 122
f 1131 127 126
f 129 130 132
f 130 129 121
f 105 130 1134
f 1136 1135 1137
f 131 1136 1137
f 33 169 1666
f 132 1675 133
f 107 1139 1675
f 1135 1136 134
f 134 1139 1135
f 148 133 1675
f 1136 1141 134
f 1577 135 1832
f 138 137 146
f 109 139 110
f 1622 139 109
f 1143 141 1128
f 141 113 142
f 143 144 1679
f 998 143 1678
f 1145 1677 1679
f 1142 146 137
f 146 1142 1145
f 1139 134 1140
f 1146 1681 1156
f 147 1156 1131
f 148 1140 128
f 126 1132 128
f 1132 133 128
f 128 133 148
f 1608 1641 1147
f 1608 1147 1875
f 1473 150 1865
f 152 1148 1504
f 1853 1148 1608
f 152 1504 151
f 151 103 153
f 154 1150 1843
f 1153 1151 1150
f 101 1151 1153
f 1152 155 156
f 158 1680 1691
f 1150 157 1153
f 158 1154 157
f 185 157 1154
f 160 159 1154
f 159 160 177
f 1154 158 160
f 158 1691 160
f 160 1691 161
f 177 161 178
f 156 162 1152
f 166 162 860
f 168 167 150
f 849 866 168
f 1767 848 1473
f 1791 1641 1836
f 1791 1147 1641
f 1155 152 153
f 1118 1666 1122
f 169 153 1122
f 169 1155 153
f 169 170 1155
f 145 127 1156
f 1156 127 1131
f 1144 1679 145
f 1144 1145 1679
f 1145 1142 139
f 171 172 998
f 1770 37 1792
f 510 174 1833
f 1157 1625 175
f 1625 1706 175
f 177 179 159
f 178 180 177
f 174 510 1159
f 183 176 1682
f 181 183 182
f 1159 1682 174
f 182 1161 1167
f 184 1161 1682
f 1682 1871 184
f 188 1166 181
f 1157 1166 1158
f 185 1153 157
f 185 1164 1153
f 1164 185 1162
f 1164 1163 1165
f 101 1153 1164
f 1165 1163 1794
f 186 101 1165
f 1165 1794 186
f 1162 1158 1166
f 190 189 1854
f 189 1168 192
f 1169 1684 190
f 1684 1169 1171
f 225 207 1170
f 196 194 1173
f 196 1173 1267
f 1177 1175 1795
f 1268 1795 1838
f 1838 1175 199
f 1176 1838 199
f 1176 199 86
f 86 199 1697
f 200 199 201
f 1175 1177 201
f 1177 1686 201
f 1688 1167 204
f 1177 198 1686
f 1170 207 1179
f 1180 1685 206
f 208 209 1595
f 208 1595 1183
f 211 1181 208
f 392 1180 210
f 206 1181 210
f 1105 1182 83
f 1185 1643 81
f 1643 1185 214
f 343 1643 214
f 1186 82 1184
f 1185 1186 214
f 220 341 215
f 220 215 218
f 1756 1183 1189
f 217 216 1689
f 218 216 219
f 215 216 218
f 218 1190 220
f 219 216 217
f 1189 518 1689
f 324 325 222
f 324 222 223
f 1189 226 518
f 227 226 1189
f 1347 1191 225
f 239 232 231
f 1193 233 234
f 1194 233 232
f 233 1194 234
f 234 235 1193
f 234 237 236
f 163 235 164
f 236 237 1197
f 1624 237 1690
f 238 368 1624
f 238 239 368
f 239 369 368
f 1195 1822 1198
f 1198 1691 164
f 178 1876 1324
f 1197 1250 1199
f 1197 1199 1200
f 246 241 242
f 243 246 242
f 242 244 243
f 252 245 255
f 246 1782 241
f 300 246 243
f 247 300 243
f 248 259 1212
f 248 249 250
f 244 245 250
f 250 245 252
f 251 248 250
f 1201 255 256
f 255 1201 254
f 254 252 255
f 252 254 260
f 256 255 1202
f 256 1202 1379
f 256 1379 257
f 251 259 248
f 251 252 259
f 1204 260 262
f 260 259 252
f 260 1204 1203
f 261 259 1203
f 263 262 260
f 1204 262 287
f 260 253 263
f 267 1206 1246
f 266 1208 265
f 268 269 1207
f 269 1223 1617
f 1210 1209 266
f 266 1209 1208
f 269 1208 1796
f 312 269 1796
f 1210 1206 267
f 355 1221 1695
f 1223 1404 1617
f 1617 643 1207
f 1404 643 1617
f 271 270 272
f 273 272 270
f 275 1781 274
f 293 1830 1216
f 283 261 1203
f 247 1212 1213
f 300 247 1213
f 259 280 1212
f 1212 280 1213
f 301 1213 280
f 281 282 261
f 282 1214 261
f 1214 302 261
f 1204 284 283
f 262 288 287
f 286 290 264
f 290 1798 264
f 289 1798 290
f 284 287 1214
f 272 273 292
f 272 292 286
f 286 291 272
f 294 273 295
f 294 292 273
f 292 290 286
f 296 290 292
f 294 296 292
f 290 296 289
f 288 289 1618
f 296 311 1211
f 289 296 1211
f 1215 298 299
f 1216 299 293
f 276 277 1644
f 1218 300 1213
f 1213 301 1218
f 1583 302 1220
f 304 1583 1219
f 305 1782 304
f 306 1221 355
f 1222 1221 306
f 1798 285 1398
f 307 281 283
f 310 281 307
f 308 309 307
f 282 307 309
f 307 282 310
f 312 1796 297
f 298 1215 1226
f 313 1224 1405
f 314 645 1224
f 314 1224 315
f 315 1224 313
f 1225 315 1215
f 1226 313 1223
f 316 317 1216
f 317 316 318
f 1230 1227 320
f 318 321 320
f 331 1232 1692
f 321 1228 1783
f 1783 1228 322
f 1229 322 324
f 322 1235 325
f 325 324 322
f 1783 1229 1230
f 1230 326 1231
f 1231 327 314
f 1231 326 327
f 299 319 1215
f 1215 319 1225
f 328 329 331
f 328 278 329
f 330 1234 329
f 1232 321 1692
f 333 1237 1232
f 1232 331 333
f 329 1234 331
f 1233 1234 332
f 1233 332 334
f 1233 335 1234
f 333 1234 335
f 647 334 332
f 213 335 1233
f 339 390 323
f 1235 390 1799
f 1235 1799 325
f 390 339 1693
f 1237 333 340
f 341 342 1188
f 343 214 342
f 343 1694 340
f 343 340 213
f 305 303 1782
f 349 344 303
f 345 348 347
f 349 348 344
f 1240 348 349
f 1240 1241 348
f 354 351 1240
f 348 1241 350
f 1408 1242 1247
f 352 1249 1243
f 351 354 352
f 352 1243 350
f 352 354 353
f 354 1240 1615
f 349 303 355
f 349 355 1244
f 267 1245 1695
f 357 1242 1248
f 358 1249 352
f 360 658 358
f 1244 359 1615
f 362 1245 267
f 1615 361 354
f 237 1251 1199
f 1250 1197 237
f 1251 1196 1410
f 237 1624 1251
f 366 364 1253
f 363 1252 365
f 1252 1256 365
f 364 370 363
f 1253 367 366
f 1196 1253 1410
f 1196 368 367
f 368 369 367
f 371 370 366
f 364 366 370
f 371 366 369
f 370 373 1255
f 375 1696 1254
f 1255 1254 370
f 1254 372 375
f 1254 374 372
f 374 1254 1255
f 373 370 371
f 372 378 375
f 378 372 379
f 379 384 378
f 1257 374 937
f 380 382 384
f 384 379 380
f 1605 382 920
f 384 382 383
f 384 1258 381
f 1258 386 381
f 385 1259 921
f 1262 1258 1260
f 388 386 1588
f 1261 387 1260
f 1259 387 1261
f 387 1588 1260
f 1262 1260 1588
f 390 220 1263
f 390 1693 220
f 391 203 205
f 1178 391 1264
f 393 1107 1264
f 393 84 85
f 1670 84 393
f 1128 395 1143
f 937 374 1266
f 1795 1268 1267
f 116 398 396
f 397 989 112
f 397 1270 1006
f 1270 396 1269
f 992 398 116
f 1269 400 1270
f 400 1271 1270
f 1270 1271 1006
f 400 402 1271
f 1269 1272 400
f 1018 1276 1272
f 1272 401 400
f 1272 1276 401
f 402 1274 1271
f 1274 403 1273
f 404 1558 1277
f 403 1274 1275
f 404 1276 1558
f 1275 1277 1009
f 1558 1009 1277
f 405 408 406
f 22 408 407
f 410 1835 409
f 410 409 1800
f 1280 1279 1278
f 1278 770 1280
f 1280 770 412
f 412 411 1280
f 1280 411 1281
f 412 1282 411
f 414 1281 1630
f 1630 1281 411
f 414 413 415
f 1322 1281 414
f 416 1028 428
f 1778 1284 417
f 1284 1778 1283
f 424 417 1284
f 422 424 1284
f 1284 421 422
f 419 421 1282
f 1718 420 419
f 420 421 419
f 1286 423 1801
f 1646 1286 1801
f 1646 422 1286
f 426 1646 1801
f 426 1801 1802
f 406 415 428
f 1288 430 1650
f 742 1288 743
f 429 431 430
f 54 1700 53
f 1700 54 1289
f 55 1589 1289
f 433 1699 434
f 1290 1589 1090
f 1292 1090 56
f 437 1290 1437
f 1096 1293 1094
f 1292 439 1437
f 440 1731 1730
f 1731 440 1402
f 65 1293 1096
f 1293 65 68
f 442 640 441
f 1294 446 1804
f 1703 452 477
f 1610 450 453
f 1610 1295 450
f 451 453 450
f 457 452 453
f 451 454 453
f 1296 1714 451
f 456 472 455
f 1714 739 461
f 453 454 457
f 457 458 445
f 458 457 454
f 460 459 1297
f 1298 1297 459
f 446 454 459
f 1298 459 461
f 460 1297 462
f 579 1299 455
f 456 1307 469
f 456 463 1307
f 1306 1307 468
f 464 1300 1301
f 465 1301 1300
f 478 1302 1805
f 466 1805 1302
f 1303 465 466
f 1303 1311 467
f 826 465 1303
f 470 1702 469
f 469 1702 471
f 1749 1802 425
f 1302 478 479
f 449 1610 1703
f 482 1304 1308
f 478 1703 477
f 478 477 1310
f 1309 1704 1310
f 1308 480 481
f 830 1590 481
f 482 1314 486
f 1314 485 484
f 485 1313 484
f 488 1316 487
f 489 488 504
f 491 489 504
f 1317 489 491
f 491 492 1317
f 1319 1318 490
f 499 500 1319
f 493 492 491
f 504 501 491
f 491 501 493
f 493 501 1320
f 492 493 494
f 1320 495 493
f 1320 496 495
f 495 496 497
f 498 499 496
f 837 499 498
f 496 839 837
f 1320 1498 839
f 503 488 502
f 771 503 502
f 410 505 1835
f 22 1321 408
f 22 505 1321
f 505 1322 1321
f 1279 1281 1322
f 1833 514 510
f 175 1706 1323
f 474 864 1325
f 869 513 511
f 508 1707 1326
f 572 507 573
f 507 572 1326
f 1706 1160 1328
f 1584 475 1328
f 1839 1786 512
f 511 513 1328
f 510 514 1168
f 536 193 192
f 217 517 219
f 529 517 1329
f 529 530 517
f 530 1330 1335
f 519 325 1799
f 325 519 222
f 1709 1619 521
f 1330 523 1619
f 521 522 525
f 524 523 1332
f 523 624 521
f 526 1333 520
f 527 222 520
f 520 1333 527
f 528 527 1333
f 222 527 1859
f 1859 527 646
f 223 222 1859
f 526 1334 1333
f 1648 1333 1334
f 624 523 524
f 524 626 1891
f 626 524 632
f 1332 530 529
f 530 1335 219
f 219 1335 218
f 1190 218 1335
f 514 535 516
f 539 535 1327
f 1710 541 1340
f 533 1711 534
f 533 567 1337
f 1337 567 566
f 534 1359 533
f 533 568 1358
f 1357 1337 566
f 537 515 516
f 1338 538 515
f 1340 542 1894
f 1342 556 1343
f 537 535 539
f 193 536 224
f 1344 1348 224
f 224 536 1344
f 538 536 515
f 1344 536 538
f 1339 1885 545
f 1885 1339 1338
f 1612 225 224
f 630 628 1846
f 226 228 549
f 549 228 548
f 228 1347 548
f 548 1347 225
f 630 549 628
f 1348 1344 1345
f 1348 1345 1346
f 1612 1348 1346
f 549 1713 628
f 1713 1612 1346
f 550 628 1713
f 1713 1346 550
f 1346 1647 550
f 1345 1712 547
f 1435 553 1350
f 553 1349 1350
f 546 1894 554
f 1352 1343 732
f 557 1591 1353
f 558 1369 1591
f 1369 577 1591
f 1591 557 558
f 557 1355 1807
f 1354 560 559
f 1355 1356 1807
f 566 564 543
f 1355 563 564
f 540 1357 543
f 569 1360 534
f 1360 570 1359
f 568 1362 1358
f 1364 1420 885
f 509 572 561
f 572 1366 561
f 1366 572 573
f 1804 1365 1772
f 1365 462 575
f 1365 575 573
f 1367 573 575
f 1367 574 1366
f 462 576 575
f 1353 1591 577
f 1369 574 1371
f 1372 733 1371
f 752 1449 578
f 472 1715 579
f 1645 580 1715
f 425 471 1702
f 580 579 1715
f 1373 1716 580
f 1299 579 1716
f 422 420 1286
f 1286 420 581
f 423 1286 581
f 506 1719 1325
f 583 1719 506
f 1519 1374 1895
f 1895 586 1376
f 1375 1324 240
f 590 1377 587
f 1377 590 245
f 588 1377 242
f 1377 244 242
f 1202 245 593
f 589 597 587
f 591 589 592
f 1202 593 595
f 596 599 593
f 1720 597 652
f 1720 1380 597
f 1380 600 596
f 346 598 592
f 591 598 652
f 599 596 253
f 253 596 1381
f 253 1381 279
f 253 1382 599
f 1201 1382 253
f 1383 1382 1201
f 1201 253 254
f 256 1383 1201
f 1379 1202 595
f 258 257 1379
f 594 1383 595
f 599 594 593
f 599 1384 594
f 1379 595 258
f 258 595 1383
f 258 1383 256
f 1384 599 1382
f 263 253 285
f 279 1381 1385
f 279 1398 285
f 279 1386 607
f 1385 600 601
f 1720 652 603
f 1387 603 604
f 1387 604 605
f 1386 1391 608
f 1391 609 608
f 1389 607 608
f 264 607 1389
f 264 1398 607
f 264 1389 291
f 291 1389 608
f 609 1390 608
f 1391 1386 1388
f 606 1207 1403
f 611 1721 610
f 1721 644 610
f 1388 1773 1391
f 1392 1391 1773
f 610 615 611
f 622 613 1725
f 613 622 614
f 609 1392 616
f 271 609 616
f 270 616 617
f 616 270 271
f 272 291 1390
f 617 614 619
f 622 618 614
f 619 614 618
f 619 618 1722
f 276 1722 620
f 620 621 277
f 620 618 1648
f 277 621 278
f 1394 621 620
f 1648 1394 620
f 1394 1648 1334
f 624 625 522
f 627 632 524
f 524 1332 627
f 1855 529 1329
f 529 1855 627
f 1855 631 633
f 637 633 1597
f 625 624 1891
f 632 1397 635
f 636 1397 637
f 635 1397 636
f 638 636 637
f 637 1597 1626
f 1400 638 1723
f 1723 638 1626
f 635 636 1401
f 636 444 1401
f 444 638 1457
f 1400 1723 639
f 1402 440 441
f 709 641 639
f 640 639 1724
f 643 1403 1207
f 313 1405 1223
f 1223 1405 1404
f 1725 528 622
f 528 1648 622
f 644 1224 612
f 612 645 646
f 615 617 616
f 223 1859 326
f 1726 648 332
f 337 336 1401
f 1401 336 338
f 623 1585 1726
f 623 1395 1585
f 1399 648 625
f 634 334 647
f 334 634 338
f 634 1401 338
f 337 1401 444
f 598 651 652
f 603 653 604
f 654 653 603
f 1408 654 1407
f 1408 653 654
f 1408 1407 1242
f 657 1242 655
f 657 1248 1242
f 1406 656 649
f 1243 1249 656
f 1243 656 1406
f 1406 350 1243
f 356 1408 1246
f 658 1409 358
f 1249 358 656
f 358 1409 656
f 1845 1410 659
f 364 901 1253
f 901 364 363
f 1361 662 1728
f 662 1363 1728
f 663 680 1361
f 662 1411 1416
f 1416 672 662
f 662 672 1363
f 1412 664 1362
f 1413 665 666
f 1412 668 665
f 560 1354 562
f 1809 665 668
f 684 1729 667
f 668 1412 669
f 683 669 1415
f 669 683 684
f 681 683 1415
f 673 671 672
f 1417 673 1601
f 674 682 1417
f 1417 687 1418
f 674 1418 675
f 674 675 676
f 677 674 676
f 678 674 677
f 1598 571 1419
f 1598 1419 1411
f 1411 1419 1416
f 1420 1364 1598
f 680 1598 1411
f 885 1420 680
f 1601 673 686
f 1601 687 1417
f 1418 687 1421
f 688 687 686
f 689 688 679
f 689 679 1422
f 689 1422 1423
f 690 1423 1422
f 676 691 692
f 1425 696 689
f 691 774 1766
f 696 1427 1426
f 1427 696 1428
f 1592 773 1428
f 693 1592 697
f 773 699 1428
f 700 695 1429
f 699 1429 695
f 1430 1431 700
f 698 700 933
f 698 933 929
f 933 1431 701
f 700 761 1430
f 1430 759 1431
f 760 1534 756
f 702 701 1432
f 701 1431 1432
f 1432 1431 759
f 754 703 702
f 704 702 703
f 754 1450 703
f 706 705 708
f 707 706 708
f 709 551 1881
f 1434 1732 712
f 1402 642 1731
f 1731 642 1436
f 1731 715 1730
f 1437 730 437
f 715 1731 716
f 713 714 1433
f 714 713 1825
f 1439 717 1440
f 717 1441 720
f 712 1732 718
f 720 718 719
f 1441 718 720
f 1442 1735 721
f 721 719 1884
f 719 1444 1443
f 1351 1444 1732
f 1884 1443 1445
f 732 1733 1352
f 724 720 1735
f 729 725 728
f 727 725 1880
f 729 1446 725
f 1448 729 728
f 433 728 1447
f 728 433 1448
f 745 727 726
f 1448 433 434
f 1448 434 435
f 1448 1440 729
f 435 1440 1448
f 1446 1440 717
f 1440 1446 729
f 436 437 730
f 1733 732 1878
f 732 1353 577
f 731 1736 733
f 1737 1736 731
f 1372 734 731
f 733 1372 731
f 731 734 1737
f 1760 738 739
f 738 1760 740
f 1738 751 740
f 1738 740 1760
f 741 1811 1812
f 765 742 1812
f 742 743 747
f 744 743 1650
f 1447 745 744
f 1869 745 746
f 746 745 726
f 744 745 1869
f 763 748 741
f 749 763 1620
f 746 1620 1869
f 746 726 750
f 749 750 736
f 750 749 746
f 704 703 753
f 753 705 704
f 707 708 755
f 707 755 935
f 757 1450 758
f 759 758 754
f 1451 931 1761
f 773 931 1451
f 762 773 1451
f 759 761 758
f 759 1430 761
f 699 1452 1429
f 773 762 1452
f 761 762 758
f 758 762 1651
f 751 748 763
f 446 458 454
f 1453 1373 1717
f 1453 764 1774
f 765 1812 1278
f 768 766 767
f 1717 1285 769
f 769 1285 412
f 770 764 769
f 770 769 412
f 502 1313 485
f 502 1315 1313
f 485 1454 1455
f 772 503 771
f 1500 772 1455
f 1455 853 1456
f 1709 519 1331
f 635 1401 634
f 629 551 709
f 692 774 691
f 692 676 774
f 675 1421 774
f 777 778 1458
f 1459 782 779
f 780 1459 125
f 1459 780 785
f 785 784 782
f 1549 781 126
f 780 1133 781
f 816 1138 779
f 783 784 787
f 787 784 815
f 784 783 782
f 1460 815 784
f 786 1460 785
f 815 788 787
f 790 792 1621
f 847 791 793
f 792 1461 1708
f 1754 1461 792
f 795 447 445
f 445 458 795
f 795 1294 1461
f 792 1708 1621
f 796 794 1616
f 1462 796 788
f 796 447 794
f 796 1462 447
f 1462 476 447
f 447 476 448
f 827 1303 467
f 1480 1301 1775
f 797 1305 798
f 798 803 797
f 799 464 1301
f 801 798 1463
f 800 1479 1478
f 1464 801 1463
f 802 1465 803
f 812 1465 802
f 1037 804 805
f 805 806 1037
f 812 808 1465
f 778 775 809
f 808 1467 852
f 810 1467 811
f 812 1467 808
f 802 801 1468
f 1464 1468 801
f 1464 1469 1468
f 1470 1652 1877
f 814 1471 815
f 954 1593 995
f 814 815 1460
f 995 1593 786
f 149 1138 816
f 1138 124 779
f 783 817 1879
f 1475 818 1462
f 476 1462 818
f 819 818 1739
f 1469 1477 1476
f 822 821 1479
f 821 822 825
f 1481 1477 823
f 1739 1477 1481
f 823 821 1481
f 1481 821 1482
f 825 1482 821
f 824 819 1739
f 827 467 831
f 819 1309 476
f 825 1483 1482
f 829 1483 832
f 831 467 1486
f 1490 1486 483
f 831 1486 832
f 1488 829 832
f 1488 1487 829
f 829 1487 1654
f 1312 1490 483
f 1487 1488 1492
f 1489 1629 833
f 1629 1491 833
f 833 1313 1315
f 1488 1489 1492
f 834 487 1633
f 834 1501 854
f 487 1599 1633
f 1316 835 1599
f 835 1317 1493
f 1633 1599 836
f 1633 836 1502
f 836 1599 1494
f 1494 1493 1495
f 1495 1493 1317
f 490 1495 1317
f 1503 836 1494
f 1494 1814 1503
f 1496 490 1318
f 841 837 838
f 837 841 499
f 841 500 499
f 838 843 841
f 841 842 500
f 842 1318 500
f 840 843 838
f 845 844 1497
f 1498 1499 1497
f 846 843 845
f 846 1496 842
f 1318 842 1496
f 815 1471 788
f 1473 848 849
f 849 791 847
f 824 828 1309
f 850 852 810
f 852 850 851
f 1066 778 851
f 778 809 851
f 852 851 809
f 1500 1456 856
f 1456 853 856
f 854 772 1500
f 834 854 856
f 855 772 854
f 854 1501 855
f 1633 1502 1501
f 857 1627 858
f 836 1503 857
f 855 858 772
f 772 858 503
f 843 859 845
f 846 842 843
f 1853 1504 1148
f 1504 1505 151
f 1504 860 1505
f 1504 1149 860
f 166 1742 896
f 1507 861 167
f 1506 168 866
f 1507 1506 1740
f 863 474 1740
f 866 863 1506
f 861 865 862
f 866 1508 863
f 1508 866 1815
f 1509 864 1655
f 867 870 869
f 873 508 874
f 1326 509 874
f 1326 572 509
f 876 1511 874
f 871 875 1818
f 874 509 876
f 1511 1512 1513
f 870 879 878
f 512 1786 1816
f 878 1824 531
f 879 1656 1817
f 1818 1514 1817
f 881 569 1741
f 882 881 880
f 884 570 1515
f 884 885 663
f 885 886 888
f 888 1364 885
f 1516 925 1517
f 1516 1517 571
f 886 883 890
f 893 891 890
f 889 892 677
f 685 891 893
f 890 882 893
f 880 1518 882
f 1518 1513 894
f 685 893 1529
f 894 1414 895
f 1414 894 1512
f 876 560 1512
f 1512 560 562
f 1519 865 1374
f 897 862 865
f 896 1742 862
f 896 1192 166
f 1192 163 166
f 229 1192 896
f 1520 229 896
f 862 897 896
f 1519 897 865
f 1520 1586 229
f 1521 1586 582
f 582 1519 1376
f 229 1586 1613
f 1586 1521 1613
f 1521 1522 1613
f 230 1613 898
f 1613 1522 898
f 582 584 1521
f 1522 584 585
f 1521 584 1522
f 899 1522 585
f 230 898 231
f 231 898 900
f 898 899 900
f 661 659 901
f 903 902 906
f 1256 914 912
f 899 1523 900
f 904 900 905
f 900 1523 905
f 909 660 907
f 376 905 906
f 909 908 906
f 908 909 1266
f 910 1266 909
f 912 910 907
f 910 912 911
f 937 910 911
f 911 913 1524
f 377 916 914
f 937 380 1257
f 380 1524 382
f 382 1524 920
f 1526 915 1525
f 915 918 917
f 916 918 915
f 389 1528 918
f 918 1603 917
f 1526 1525 921
f 1525 1527 921
f 923 385 1527
f 923 1527 922
f 923 922 924
f 683 1529 684
f 895 1729 1529
f 925 889 676
f 682 681 670
f 681 682 891
f 1529 683 685
f 685 681 891
f 690 1517 1530
f 1530 925 692
f 927 690 1530
f 926 1531 693
f 1531 931 693
f 928 927 1743
f 676 692 925
f 677 676 889
f 928 694 1826
f 929 930 1745
f 1761 1532 760
f 930 932 760
f 930 760 1532
f 929 934 932
f 933 701 929
f 934 701 936
f 760 932 1534
f 1534 932 934
f 755 1534 935
f 701 702 936
f 936 1536 1535
f 1535 1536 706
f 702 704 1536
f 707 935 706
f 910 937 1266
f 937 1524 380
f 940 939 938
f 952 939 940
f 938 1069 940
f 1035 941 1567
f 943 942 941
f 1070 946 944
f 1036 1565 1567
f 942 1036 1567
f 947 1537 1569
f 943 948 945
f 943 1594 947
f 1594 943 945
f 1537 947 1594
f 1049 1537 950
f 940 1539 952
f 1538 1539 940
f 940 1069 1538
f 1067 954 953
f 955 1539 1746
f 952 1540 956
f 958 1541 956
f 965 957 1747
f 958 962 1541
f 951 959 961
f 950 960 1050
f 1050 960 961
f 959 962 1543
f 961 959 1543
f 1543 962 963
f 962 964 963
f 965 955 996
f 966 965 996
f 1542 957 1840
f 1840 1678 1542
f 957 1542 967
f 967 964 1748
f 1748 957 967
f 970 969 971
f 970 972 969
f 974 1544 970
f 972 1544 109
f 974 970 976
f 974 977 975
f 970 971 976
f 976 977 974
f 976 1634 979
f 979 1634 980
f 980 1634 1002
f 977 978 975
f 978 981 975
f 982 1547 981
f 982 991 1547
f 981 1547 984
f 975 1545 394
f 986 988 987
f 989 986 112
f 111 112 986
f 983 1550 982
f 990 1547 991
f 1548 993 1788
f 1548 1788 117
f 995 1551 1746
f 1553 1676 991
f 142 113 1676
f 1678 1840 998
f 1676 1000 1542
f 1551 780 994
f 1551 995 786
f 994 996 1551
f 171 965 966
f 966 997 171
f 963 999 1054
f 1552 999 963
f 968 967 1004
f 1550 1000 1553
f 1676 1553 1000
f 948 944 945
f 1001 1002 1634
f 1003 1554 983
f 983 978 1003
f 1550 983 1004
f 983 968 1004
f 983 1554 968
f 999 1552 1554
f 1001 1005 1555
f 1016 989 397
f 1006 1271 1556
f 1556 1557 1007
f 1556 1007 1013
f 1556 1013 1006
f 1008 1007 1557
f 403 1008 1557
f 1013 1007 1012
f 1007 1008 1011
f 1008 403 1009
f 1275 1009 403
f 1006 1013 1631
f 1010 1015 1012
f 1012 1015 1014
f 1006 1631 1017
f 1016 1006 1017
f 1017 988 1016
f 1017 1019 988
f 993 988 1019
f 993 1019 1559
f 992 1559 399
f 1018 399 1559
f 1009 1558 1010
f 1018 1015 1276
f 1018 1777 1015
f 1020 1560 1562
f 1561 1020 1562
f 1564 1562 1560
f 1023 1024 1563
f 1062 1023 1563
f 1062 1563 1032
f 1021 1022 1561
f 1022 1021 1820
f 1029 1021 1564
f 1021 1562 1564
f 1563 1566 1032
f 426 1026 807
f 427 1025 1027
f 807 775 1025
f 1776 1025 775
f 418 1027 1031
f 1033 1820 1821
f 1029 428 1632
f 1028 1632 428
f 1632 1028 1031
f 1579 1062 1032
f 1565 1032 1566
f 941 1035 777
f 776 941 777
f 1036 1568 1034
f 1049 1569 1537
f 1037 1026 1802
f 806 1026 1037
f 806 1466 1026
f 1466 807 1026
f 1035 1033 1821
f 1888 1039 1887
f 1040 1060 1750
f 1044 1046 1570
f 1044 1041 1045
f 1042 1762 1658
f 1046 1045 1047
f 1047 1762 1046
f 1047 1055 1762
f 1569 1049 1063
f 1569 1063 1568
f 1571 1049 950
f 961 1051 1050
f 1051 1572 1057
f 1573 1052 961
f 1573 961 1543
f 1053 1052 963
f 1574 973 136
f 1575 969 1574
f 1574 1053 1575
f 1575 1054 1576
f 136 973 110
f 1005 1575 1576
f 1658 1832 131
f 1658 1762 1055
f 1050 1571 950
f 1574 1058 1053
f 1572 1058 1614
f 1614 1577 1572
f 1577 1614 1059
f 1832 1056 1577
f 1053 963 1054
f 1576 1054 999
f 1005 1576 999
f 1020 1561 1660
f 1061 1023 1060
f 1023 1062 1060
f 1061 1060 1040
f 1064 1045 1041
f 1568 1063 1064
f 1578 1064 1041
f 1062 1034 1578
f 1034 1568 1578
f 1065 1571 1050
f 938 1065 1051
f 1842 1045 1041
f 1041 1458 1842
f 1066 851 850
f 1841 1068 1842
f 1045 948 1751
f 948 1045 1048
f 1041 1045 1751
f 948 1048 944
f 1047 1048 1045
f 811 954 1580
f 1841 1580 1067
f 1580 850 810
f 1581 1047 1045
f 943 941 1751
f 1047 1065 1070
f 938 1055 1582
f 1047 1582 1055
f 23 1662 1078
f 1088 1089 54
f 1130 121 1789
f 1132 781 1133
f 1135 1139 107
f 1473 168 150
f 1162 188 1163
f 193 1170 1169
f 266 265 1206
f 295 298 297
f 1236 1237 339
f 351 350 1241
f 362 1247 359
f 1279 1800 1278
f 1610 452 1703
f 516 1168 514
f 1710 540 541
f 582 1376 584
f 271 1390 609
f 277 276 620
f 363 365 660
f 715 1438 730
f 1652 813 1468
f 811 1470 954
f 1479 821 1478
f 1313 1629 1705
f 834 1633 1501
f 844 839 1497
f 888 1516 1364
f 1603 919 917
f 7 1125 4
f 1020 1074 9
f 1125 7 1043
f 1042 1125 1043
f 32 1852 29
f 35 1083 40
f 34 36 35
f 1604 1667 14
f 45 1087 1668
f 1780 1637 53
f 1100 77 79
f 1101 79 1102
f 1101 1102 213
f 213 1233 1101
f 1103 1104 1105
f 1671 87 1107
f 90 89 1671
f 1116 1752 1120
f 1151 101 1639
f 1639 102 1151
f 6 106 5
f 1126 108 1137
f 1587 975 394
f 113 1143 114
f 19 18 1763
f 30 104 120
f 1789 121 123
f 1126 1137 1135
f 131 1832 135
f 1791 1836 122
f 139 1622 1790
f 1128 141 140
f 150 1853 1865
f 154 1505 156
f 102 1843 1151
f 1154 159 1158
f 849 847 866
f 169 1122 1666
f 123 1133 125
f 1625 1160 1706
f 101 1164 1165
f 188 1607 1827
f 1120 100 194
f 195 197 1173
f 1607 1688 1687
f 191 1753 1683
f 83 1182 211
f 211 1184 83
f 1184 212 1186
f 1190 221 1263
f 228 227 1191
f 227 1595 1191
f 1192 233 1193
f 230 231 232
f 233 230 232
f 236 1195 235
f 234 236 235
f 1195 236 1197
f 241 1378 242
f 1212 247 248
f 247 243 249
f 1209 1211 1796
f 1222 1797 1221
f 1583 301 302
f 295 297 294
f 297 298 312
f 295 299 298
f 301 1623 1218
f 287 302 1214
f 317 318 320
f 1694 339 1237
f 345 344 348
f 1240 351 1241
f 1247 1242 357
f 359 1247 357
f 359 357 361
f 361 353 354
f 1615 359 361
f 1252 363 1696
f 1257 372 374
f 369 373 371
f 377 381 916
f 1259 1261 1260
f 1588 387 388
f 397 112 396
f 398 1272 1269
f 1835 1080 409
f 1279 1280 1281
f 415 413 416
f 416 413 1778
f 418 424 427
f 1289 1701 432
f 445 452 457
f 451 461 454
f 1806 1298 738
f 472 456 469
f 1740 474 473
f 473 1374 865
f 1374 473 1719
f 1311 1304 482
f 466 1302 1304
f 1314 482 1308
f 1318 1319 500
f 494 493 495
f 1322 410 1279
f 180 506 1584
f 519 1709 520
f 877 531 1710
f 1336 531 1824
f 1336 540 531
f 533 1359 568
f 540 543 541
f 1712 1339 553
f 224 1348 1612
f 551 550 552
f 554 1352 1829
f 1343 1353 732
f 556 557 1353
f 540 1336 1357
f 567 1358 664
f 570 568 1359
f 534 1360 1359
f 1358 1362 664
f 1728 1363 1362
f 1364 571 1598
f 1719 473 474
f 589 652 597
f 598 591 592
f 1720 1387 602
f 1381 596 600
f 1385 1381 600
f 1385 601 1388
f 268 605 604
f 1390 271 272
f 629 1723 1626
f 1400 639 640
f 528 1333 1648
f 1399 634 648
f 1407 1758 1727
f 1407 1727 1242
f 907 365 912
f 1415 1412 1362
f 1355 565 1356
f 668 667 1809
f 1363 671 1415
f 1415 671 670
f 673 672 1416
f 675 774 676
f 690 693 1759
f 1424 688 689
f 696 1424 689
f 1592 1428 697
f 1429 761 700
f 1439 436 1438
f 1441 712 718
f 1442 721 723
f 1734 723 1878
f 1447 727 745
f 1733 1878 723
f 750 735 736
f 1453 1738 1760
f 756 1761 760
f 1454 485 1314
f 1314 481 1454
f 1500 1455 1456
f 787 788 796
f 789 792 790
f 799 1480 800
f 1480 799 1301
f 1593 1460 786
f 819 476 818
f 1476 1475 1471
f 1479 800 1480
f 831 822 820
f 830 1757 1485
f 1490 1489 1488
f 487 1316 1599
f 844 840 839
f 1503 1499 857
f 1499 845 1497
f 861 1742 860
f 872 1508 873
f 508 1653 1707
f 873 874 1511
f 872 873 875
f 512 1816 1327
f 1513 1518 880
f 893 890 883
f 660 906 902
f 907 910 909
f 1525 917 919
f 929 932 930
f 938 939 1070
f 1539 955 952
f 1746 1538 953
f 954 1067 1580
f 1551 996 1746
f 1747 1540 955
f 961 960 951
f 1747 1748 958
f 969 973 1574
f 975 1587 974
f 980 977 979
f 978 982 981
f 1545 975 1546
f 987 988 993
f 1550 1004 967
f 1003 978 977
f 1001 1003 1002
f 1012 1014 1013
f 1019 1017 1777
f 1026 426 1802
f 1032 1565 1579
f 804 1749 470
f 1044 1045 1046
f 1570 1046 1043
f 1042 1043 1762
f 1056 938 1051
f 1577 1057 1572
f 1058 1572 1052
f 1125 6 4
f 17 21 22
f 107 1126 1135
f 160 161 177
f 1191 1347 228
f 294 297 311
f 305 1219 306
f 1801 423 425
f 221 1331 1799
f 279 1385 1386
f 659 1253 901
f 660 365 907
f 664 1412 665
f 565 1355 564
f 667 1414 562
f 674 1417 1418
f 1452 761 1429
f 1452 762 761
f 771 502 485
f 789 790 1870
f 817 794 789
f 1621 791 790
f 809 807 1466
f 863 1740 1506
f 385 921 1527
f 385 923 387
f 1541 939 952
f 1573 1543 963
f 1039 1660 1040
f 14 1077 1082
f 1606 407 10
f 1674 45 1086
f 72 1109 1108
f 1106 1755 1669
f 90 74 1890
f 1122 1119 1118
f 1127 140 1790
f 395 1788 116
f 1604 118 1673
f 122 1130 1789
f 131 1137 1658
f 135 1141 131
f 1843 103 151
f 180 1584 1764
f 187 1837 100
f 189 192 1854
f 1854 192 193
f 1265 1268 1838
f 201 1892 200
f 204 1167 1683
f 212 1867 1756
f 82 83 1184
f 1693 341 220
f 229 233 1192
f 235 163 1193
f 163 1192 1193
f 249 244 250
f 282 281 310
f 284 307 283
f 301 304 1623
f 1583 306 1219
f 1222 306 1583
f 317 320 1227
f 1235 323 390
f 392 391 1180
f 1264 392 393
f 1670 393 392
f 58 96 1596
f 400 401 402
f 418 417 424
f 432 1699 429
f 437 1701 1290
f 437 436 435
f 67 443 442
f 478 1805 1703
f 489 1317 835
f 492 1319 490
f 1335 221 1190
f 1711 1824 532
f 1711 1337 1336
f 541 543 1341
f 1435 547 1712
f 555 1349 1889
f 554 555 546
f 543 564 1341
f 566 565 564
f 566 567 1413
f 1364 1516 571
f 574 1369 1366
f 1645 1715 1602
f 1299 1716 1714
f 1384 1382 1383
f 1390 291 608
f 270 617 274
f 619 1393 274
f 625 648 1585
f 638 637 1626
f 1404 1405 643
f 1725 646 528
f 656 1409 1600
f 673 1417 671
f 675 1418 1421
f 1601 686 687
f 1421 687 688
f 1424 696 1421
f 1426 1427 1766
f 1435 711 547
f 717 1439 1825
f 718 1444 719
f 751 752 740
f 1590 1455 1454
f 1460 784 785
f 1616 787 796
f 798 1305 799
f 464 799 1305
f 1463 798 799
f 800 1463 799
f 1870 817 789
f 816 1886 1879
f 1484 1483 1485
f 483 1486 467
f 833 1491 1313
f 1313 1491 1629
f 871 868 872
f 884 1657 885
f 230 229 1613
f 231 904 239
f 916 915 913
f 388 924 1528
f 1530 692 1743
f 928 1531 927
f 1744 1826 1745
f 934 1533 1534
f 953 954 995
f 952 956 1541
f 972 970 1544
f 109 973 972
f 978 983 982
f 1550 967 1000
f 1003 1001 1555
f 1273 403 1557
f 1777 1017 1014
f 1028 418 1031
f 777 1035 1038
f 1056 1055 938
f 1575 1053 1054
f 1574 136 1058
f 1063 1571 1768
f 87 86 1107
f 1052 1572 961
f 1578 1568 1064
f 1117 1118 1752
f 1139 1140 148
f 167 1149 150
f 184 1871 191
f 1753 191 1684
f 209 1179 207
f 220 1190 1263
f 247 249 248
f 268 1205 265
f 356 265 1205
f 299 295 293
f 342 1693 1694
f 353 361 360
f 383 1259 1260
f 1094 1293 440
f 1709 521 525
f 1205 268 604
f 619 275 1393
f 666 665 1809
f 697 1428 696
f 933 700 1431
f 1475 1462 788
f 1767 1474 1870
f 844 845 859
f 860 162 156
f 892 678 677
f 957 1748 1747
f 947 1569 1036
f 135 138 1141
f 516 515 1168
f 302 280 261
f 1217 318 316
f 1259 385 387
f 396 398 1269
f 405 407 408
f 55 1289 54
f 486 1312 483
f 494 495 497
f 1325 864 1509
f 1338 515 537
f 1367 1366 573
f 1384 1383 594
f 612 613 644
f 1597 1396 629
f 1356 666 1809
f 1423 1425 689
f 694 695 1826
f 767 765 1800
f 628 1396 1846
f 1459 785 782
f 994 780 781
f 872 875 871
f 892 887 891
f 660 902 363
f 661 903 1523
f 903 906 905
f 939 1541 959
f 1551 786 780
f 1012 1011 1010
f 1049 1571 1063
f 2 1834 15
f 1606 17 407
f 26 1664 27
f 1664 32 29
f 30 26 28
f 57 1667 1604
f 73 70 1097
f 1102 80 81
f 1121 99 1119
f 1544 1622 109
f 120 1130 122
f 137 138 135
f 146 1144 1681
f 157 1150 154
f 127 145 172
f 179 177 1764
f 1611 1794 1172
f 1168 515 192
f 200 1697 199
f 202 204 1753
f 1607 182 1167
f 1688 1607 1167
f 82 1186 1185
f 225 1191 207
f 250 252 251
f 275 1644 1781
f 317 1227 319
f 1238 303 344
f 357 657 360
f 912 365 1256
f 383 1605 1259
f 1267 1698 97
f 1265 1698 1268
f 404 1831 401
f 1271 1274 1273
f 432 1701 1699
f 460 446 459
f 476 477 448
f 1320 839 496
f 506 180 1765
f 506 1325 1584
f 475 1325 1509
f 556 563 557
f 592 589 1378
f 1405 1721 643
f 275 274 1393
f 551 629 1396
f 1723 709 639
f 1402 1724 642
f 444 636 638
f 656 1600 649
f 1253 659 1410
f 756 1534 755
f 1432 759 754
f 1434 710 1828
f 436 730 1438
f 1440 436 1439
f 1443 1351 722
f 1849 723 721
f 724 725 1446
f 724 1446 720
f 1370 733 1736
f 1716 1760 739
f 750 1810 735
f 770 1811 764
f 503 858 504
f 551 1396 550
f 550 1396 628
f 1466 852 809
f 1769 1474 1472
f 831 825 822
f 820 826 827
f 1474 1769 816
f 882 883 1819
f 1516 888 889
f 889 887 892
f 1518 895 1529
f 663 885 680
f 1533 936 1535
f 942 1567 941
f 1537 1594 949
f 951 939 959
f 981 1545 1546
f 987 985 986
f 113 991 1676
f 996 1549 966
f 991 982 1553
f 1555 1554 1003
f 1014 1015 1777
f 942 943 947
f 947 1036 942
f 1632 1031 1030
f 1750 1041 1044
f 1750 1060 1041
f 108 1126 106
f 1453 1760 1373
f 7 1071 1888
f 31 33 1665
f 1127 1587 394
f 1687 1172 1794
f 214 1188 342
f 297 1796 311
f 383 1260 1258
f 449 1805 1862
f 606 601 605
f 1811 770 1278
f 792 789 1754
f 1497 839 1498
f 1532 1761 931
f 1533 1535 706
f 975 981 1546
f 1045 1064 1048
f 1854 193 1169
f 311 1796 1211
f 461 739 1298
f 1711 532 534
f 679 571 1422
f 826 1303 827
f 1532 931 1531
f 446 1294 458
f 1767 1870 848
f 163 165 162
f 204 1683 1753
f 1583 304 301
f 1240 349 1615
f 657 357 1248
f 380 379 1257
f 1176 88 1265
f 378 377 1256
f 448 452 445
f 1398 279 607
f 764 1453 769
f 1464 823 1477
f 843 842 841
f 508 1326 874
f 901 902 661
f 924 922 1603
f 999 1555 1005
f 1579 1565 1034
f 1056 1658 1055
f 1063 1768 1048
f 1085 43 41
f 1089 1091 1093
f 65 1109 66
f 72 1097 66
f 66 1097 67
f 73 72 75
f 1108 1098 75
f 84 1098 85
f 77 336 71
f 79 336 77
f 1671 74 90
f 131 1141 1136
f 136 137 1059
f 146 1146 138
f 147 1146 1156
f 1833 174 1323
f 1157 1158 179
f 1611 1172 195
f 1172 198 1174
f 197 1795 1267
f 1177 197 1174
f 198 1688 1686
f 1794 1163 1827
f 228 226 227
f 265 269 268
f 276 1644 275
f 1220 287 288
f 1222 1220 1618
f 321 1232 1228
f 362 359 1244
f 1253 1196 367
f 1265 88 1856
f 443 444 1457
f 1305 797 1306
f 1306 470 469
f 489 835 1316
f 539 544 1885
f 1445 555 554
f 1358 567 533
f 507 1860 1772
f 576 462 1872
f 1388 606 1773
f 1597 1808 1396
f 632 627 1855
f 347 1863 1239
f 902 901 363
f 566 1413 565
f 667 668 684
f 697 1423 1759
f 710 1434 712
f 712 1441 713
f 1443 1444 1351
f 813 1467 812
f 802 813 812
f 1469 1877 1652
f 1472 1875 1769
f 1478 821 823
f 820 1775 826
f 1483 1484 1813
f 1498 1627 1499
f 1621 793 791
f 854 1500 856
f 865 1740 473
f 894 1513 1512
f 891 887 890
f 377 914 1256
f 916 913 914
f 1603 1528 924
f 935 1533 706
f 705 706 1536
f 950 1537 949
f 956 1540 1747
f 958 964 962
f 985 1545 981
f 984 985 981
f 117 993 1548
f 1776 1027 1025
f 1047 944 1048
f 134 1141 1146
f 1232 1237 1236
f 1671 1107 85
f 1157 1866 1166
f 1218 246 300
f 1236 339 323
f 1272 398 399
f 565 1413 666
f 858 1627 501
f 49 48 50
f 431 1650 430
f 655 1600 1409
f 11 1763 1606
f 42 1085 27
f 1236 1228 1232
f 440 1730 438
f 1378 588 242
f 655 650 1600
f 1739 1476 1477
f 1174 197 195
f 1371 574 1372
f 1425 697 696
f 992 1788 993
f 1742 166 860
f 44 1077 14
f 108 1125 1042
f 40 1852 35
f 207 1595 209
f 241 592 1378
f 267 1246 362
f 1180 391 1685
f 398 992 399
f 56 1851 1292
f 503 504 488
f 593 245 590
f 596 590 587
f 600 602 601
f 643 1721 1403
f 682 674 678
f 437 435 434
f 1616 783 787
f 802 1468 813
f 1469 1476 1877
f 820 827 831
f 1494 835 1493
f 890 883 882
f 900 904 231
f 984 1547 990
f 1763 11 12
f 19 20 18
f 20 21 17
f 1082 43 1129
f 1667 45 1674
f 1609 19 1668
f 46 52 48
f 53 1637 1088
f 1088 1637 1091
f 71 1771 77
f 140 1127 1128
f 1134 1130 104
f 144 998 172
f 146 1145 1144
f 1770 173 1083
f 1189 1183 227
f 1624 368 1196
f 269 1617 1207
f 261 283 281
f 1231 314 1225
f 303 1238 346
f 344 345 1238
f 1244 355 1245
f 1588 386 1262
f 1143 395 115
f 1271 1273 1556
f 408 415 406
f 1288 1650 743
f 1090 1589 1110
f 62 1094 1291
f 1304 1311 1303
f 522 1395 1858
f 515 536 192
f 1371 733 1370
f 423 581 1602
f 1719 583 1895
f 1895 1375 586
f 590 596 593
f 1380 596 597
f 603 1387 1720
f 1386 1385 1388
f 609 1391 1392
f 634 647 648
f 667 562 1354
f 571 679 1419
f 686 1419 679
f 698 695 700
f 1734 1442 723
f 1370 732 577
f 1774 741 748
f 722 1349 555
f 791 848 790
f 1467 813 811
f 780 125 1133
f 1488 1486 1490
f 1499 1503 1814
f 167 861 1149
f 887 889 888
f 903 661 902
f 1525 919 1527
f 388 387 923
f 1536 936 702
f 110 973 109
f 976 979 977
f 994 1549 996
f 1009 1010 1008
f 1563 1024 1566
f 426 807 1025
f 167 1506 1507
f 26 41 28
f 1852 40 29
f 1178 1697 200
f 817 1616 794
f 104 1130 120
f 9 11 10
f 1255 373 1266
f 985 984 986
f 1595 207 1191
f 1142 137 110
f 1405 1224 644
f 1350 1351 1732
f 1469 1652 1468
f 691 694 1743
f 1024 1022 1033
f 1067 953 1069
f 1065 938 1070
f 1106 1669 84
f 106 1126 1124
f 256 257 258
f 283 1203 1204
f 1236 323 1228
f 394 1545 117
f 1279 410 1800
f 1476 1471 1877
f 1506 167 168
f 1655 863 1508
f 569 1514 1741
f 1561 1022 1061
f 1045 1842 1581
f 1077 2 15
f 1078 24 1079
f 210 1182 1755
f 115 395 116
f 1086 1763 1787
f 230 233 229
f 315 1225 314
f 1692 1217 328
f 327 645 314
f 1624 1196 1251
f 221 1799 1263
f 1264 391 392
f 196 97 1642
f 401 1276 404
f 413 1630 1283
f 424 422 1646
f 432 1700 1289
f 443 337 444
f 1296 451 450
f 476 1310 477
f 1310 476 1309
f 525 1334 526
f 877 878 531
f 537 1885 1338
f 1612 548 225
f 1350 1349 1351
f 1349 722 1351
f 563 1355 557
f 1202 255 245
f 613 612 1725
f 630 1846 631
f 1402 441 1724
f 639 641 1724
f 345 347 1239
f 1450 757 753
f 124 125 1459
f 1549 994 781
f 849 848 791
f 809 775 807
f 803 805 804
f 808 806 1465
f 1593 1470 814
f 1494 1495 1850
f 1501 858 855
f 1511 1513 875
f 878 879 1824
f 1818 1513 880
f 376 906 908
f 1605 1526 921
f 923 924 388
f 1743 692 691
f 936 1533 934
f 937 911 1524
f 1541 962 959
f 986 989 988
f 127 172 997
f 1549 997 966
f 1007 1011 1012
f 1015 1010 1558
f 1024 1023 1022
f 1038 1030 1776
f 1458 1066 1842
f 423 1602 471
f 1222 1618 1797
f 681 1415 670
f 237 234 1690
f 1028 416 1778
f 1754 795 1461
f 710 712 713
f 858 501 504
f 926 690 927
f 1117 98 1118
f 1865 1767 1473
f 1178 200 203
f 1065 1050 1051
f 778 1038 775
f 1606 10 11
f 1667 1674 44
f 99 1121 100
f 1836 120 122
f 154 156 155
f 1623 1782 246
f 1178 203 391
f 479 828 480
f 1709 1331 1619
f 1361 568 570
f 245 244 1377
f 600 1380 602
f 773 1452 699
f 895 1518 894
f 1557 1556 1273
f 1559 1777 1018
f 1072 4 6
f 1079 409 1080
f 25 1663 1081
f 36 37 1770
f 1793 52 46
f 1604 1129 118
f 130 121 1134
f 147 134 1146
f 165 163 164
f 1625 179 1160
f 1162 1166 188
f 1159 1871 1682
f 191 1683 184
f 1181 211 1182
f 260 254 253
f 1781 1830 274
f 1217 1644 277
f 280 302 301
f 1623 304 1782
f 1264 1107 1697
f 1277 1275 1831
f 1630 411 1283
f 413 414 1630
f 413 1283 1778
f 419 1285 1718
f 1874 1803 768
f 646 645 1859
f 1713 548 1612
f 722 555 1445
f 561 558 559
f 559 1356 1354
f 740 752 1806
f 602 1387 601
f 1388 601 606
f 613 614 615
f 644 613 610
f 1766 694 691
f 409 768 767
f 803 1465 805
f 1769 149 816
f 828 1484 1757
f 1599 835 1494
f 1510 871 1656
f 935 1534 1533
f 1536 704 705
f 960 949 951
f 956 1747 958
f 1035 1024 1033
f 1568 1036 1569
f 1296 450 463
f 1356 565 666
f 1410 1199 1251
f 1175 201 199
f 1510 868 871
f 1834 1659 5
f 189 1159 510
f 1596 91 58
f 1030 1031 1776
f 200 1892 203
f 447 795 794
f 356 1205 1408
f 1215 315 1226
f 445 457 1779
f 625 1585 1395
f 1545 985 987
f 1719 1895 1374
f 346 1782 303
f 95 37 1635
f 374 1255 1266
f 67 442 68
f 1517 690 1422
f 782 783 1886
f 926 927 1531
f 1011 1008 1010
f 20 23 21
f 1079 1080 1078
f 1780 48 51
f 1628 53 1287
f 78 80 79
f 1896 89 90
f 58 92 96
f 38 1116 1642
f 1123 16 1882
f 1134 121 1130
f 110 139 1142
f 165 1680 1152
f 166 163 162
f 176 175 1323
f 179 1625 1157
f 159 179 1158
f 183 1682 1161
f 1203 259 260
f 1247 1246 1408
f 382 1605 383
f 384 383 1258
f 393 85 1107
f 1113 91 1596
f 117 395 394
f 415 408 1321
f 1610 449 1295
f 1306 468 1305
f 830 481 480
f 1311 482 486
f 513 1706 1328
f 517 518 1329
f 1619 1331 1330
f 877 1710 1847
f 1711 533 1337
f 1357 1336 1337
f 537 516 535
f 568 1728 1362
f 1412 1415 669
f 685 683 681
f 1421 696 1426
f 1649 709 1881
f 716 714 1439
f 802 798 801
f 1593 814 1460
f 1629 1490 1312
f 1629 1489 1490
f 1708 1860 1621
f 870 1510 879
f 920 913 1526
f 1603 918 1528
f 694 928 1743
f 1594 946 949
f 973 969 972
f 1874 1628 1287
f 57 47 1087
f 1124 1126 107
f 1510 867 868
f 897 1519 1586
f 152 1641 1608
f 1377 588 587
f 971 1005 1001
f 1403 611 1773
f 1292 1437 1290
f 875 873 1511
f 593 594 595
f 1869 743 744
f 1658 1137 1042
f 399 1018 1272
f 571 1517 1422
f 1434 1350 1732
f 1476 818 1475
f 949 960 950
f 389 388 1528
f 18 17 1606
f 20 19 1609
f 116 396 112
f 1770 1793 173
f 510 1168 189
f 211 1867 1184
f 217 518 517
f 1227 1230 1231
f 411 1282 1283
f 460 462 1365
f 1724 641 642
f 1363 672 671
f 717 720 1446
f 436 1440 435
f 737 749 736
f 840 844 843
f 1510 870 867
f 1017 1631 1014
f 1064 1063 1048
f 1070 938 1047
f 1072 3 1
f 1076 3 1073
f 10 407 405
f 21 23 1080
f 93 1092 1091
f 62 1096 1094
f 73 75 1669
f 94 38 1642
f 1752 99 100
f 116 112 115
f 1177 1174 198
f 265 356 1206
f 1209 1618 1211
f 298 1226 312
f 322 1228 323
f 79 1101 1857
f 908 373 376
f 378 1256 375
f 386 1258 1262
f 1838 1176 1265
f 1321 414 415
f 1292 1290 1090
f 440 1293 441
f 1306 469 1307
f 1332 529 627
f 1340 544 1847
f 547 1647 1345
f 1414 1512 562
f 575 576 1367
f 589 587 588
f 1721 1405 644
f 1432 754 702
f 751 763 737
f 817 783 1616
f 802 803 798
f 810 852 1467
f 840 838 839
f 886 890 887
f 1518 893 882
f 906 660 909
f 1526 1605 920
f 996 955 1746
f 963 964 1552
f 1631 1013 1014
f 1027 427 418
f 1052 1573 963
f 938 1070 1069
f 1070 1581 1069
f 897 1586 1520
f 471 425 423
f 1717 1373 580
f 1615 349 1244
f 1459 779 124
f 1849 721 1884
f 1375 583 1324
f 1502 836 857
f 1893 64 1095
f 1225 1227 1231
f 1328 475 511
f 832 825 831
f 1772 1708 1294
f 409 1079 768
f 598 346 1239
f 1299 1714 1296
f 505 410 1322
f 1324 583 1765
f 1653 508 873
f 859 843 844
f 777 1038 778
f 47 57 1673
f 1636 52 1793
f 51 93 1637
f 1121 1639 187
f 170 152 1155
f 1642 1120 196
f 209 1181 206
f 1644 1217 316
f 1638 91 1114
f 1285 1645 1718
f 1646 427 424
f 1311 486 467
f 486 483 467
f 1647 547 1828
f 1648 618 622
f 658 655 1409
f 1650 431 744
f 1620 741 747
f 741 1620 763
f 762 1451 1651
f 1652 1470 811
f 793 1653 847
f 830 1654 853
f 1485 1654 830
f 863 1655 864
f 868 867 1655
f 1515 1657 884
f 997 1549 126
f 968 1552 964
f 1658 1056 1832
f 1 1071 1072
f 1660 1074 1020
f 23 1609 1662
f 1661 1662 1609
f 1662 49 1078
f 41 1663 28
f 33 1664 1665
f 1665 1664 26
f 1666 32 33
f 34 1873 39
f 34 38 1635
f 39 38 34
f 1667 57 45
f 1668 19 1086
f 1780 53 1628
f 93 51 1636
f 51 52 1636
f 55 54 1089
f 1896 1844 1112
f 94 1115 95
f 95 92 1092
f 97 1672 94
f 1665 30 120
f 43 1085 118
f 1084 173 1673
f 47 1673 173
f 119 44 1674
f 1076 44 119
f 1677 143 1679
f 1678 143 142
f 134 147 1140
f 1681 145 1156
f 158 155 1680
f 1680 165 1691
f 1152 162 165
f 152 170 1641
f 145 1681 1144
f 1161 184 1683
f 1611 187 186
f 1684 191 190
f 1642 1116 1120
f 1267 1173 197
f 1686 204 1892
f 1686 1688 204
f 198 1172 1687
f 1179 209 206
f 1643 213 1102
f 214 1186 1188
f 1756 1689 216
f 217 1689 518
f 1189 1689 1756
f 164 235 1195
f 1624 1690 238
f 164 1195 1198
f 243 244 249
f 1208 1209 1796
f 1695 1221 1210
f 273 1830 293
f 1830 1781 1216
f 1798 1398 264
f 1216 317 319
f 1692 321 318
f 1230 1229 326
f 1227 1225 319
f 333 331 1234
f 323 1235 322
f 1693 342 341
f 1694 1237 340
f 346 1238 345
f 346 345 1239
f 1695 1245 355
f 1696 370 1254
f 1697 1178 1264
f 1672 1698 1265
f 1691 1198 161
f 1283 421 1284
f 1285 419 412
f 1282 412 419
f 1646 426 427
f 426 1025 427
f 428 415 416
f 429 1699 431
f 429 1700 432
f 434 1701 437
f 1291 438 1851
f 1610 453 452
f 1872 462 1297
f 1295 468 463
f 1749 1702 470
f 470 1306 797
f 1703 1805 449
f 1704 479 478
f 1704 478 1310
f 486 1705 1312
f 492 490 1317
f 1321 1322 414
f 1706 513 1839
f 1160 1584 1328
f 512 535 514
f 1833 512 514
f 520 222 519
f 521 624 522
f 219 517 530
f 1712 1861 1339
f 542 1341 556
f 548 1713 549
f 543 1357 566
f 576 574 1367
f 1872 1297 1806
f 580 1716 579
f 420 1718 581
f 581 1718 1645
f 1602 581 1645
f 1719 474 1325
f 1392 1773 611
f 619 1722 275
f 275 1722 276
f 1722 618 620
f 1723 629 709
f 1399 626 634
f 640 1724 441
f 646 1725 612
f 1726 1585 648
f 1239 1848 598
f 655 1727 650
f 584 1376 1845
f 1361 1728 568
f 1729 895 1414
f 668 669 684
f 682 670 1417
f 1416 1419 686
f 673 1416 686
f 679 688 686
f 641 1649 1785
f 714 1436 1433
f 1731 1436 716
f 1732 1444 718
f 1443 722 1445
f 1442 1734 735
f 728 725 727
f 1736 1737 1734
f 736 1737 734
f 735 1737 736
f 1453 1774 1738
f 758 1651 757
f 748 751 1738
f 766 742 765
f 766 765 767
f 1421 1426 774
f 778 1066 1458
f 1480 1775 820
f 464 1305 468
f 470 797 804
f 1476 1739 818
f 1484 828 824
f 1654 1487 853
f 1315 834 833
f 1814 1850 845
f 819 824 1309
f 1505 860 156
f 1507 1740 865
f 1509 1655 867
f 511 475 867
f 511 867 869
f 877 1327 1816
f 881 1741 880
f 1742 861 862
f 1729 684 1529
f 1517 925 1530
f 930 1532 1744
f 929 1745 698
f 1069 953 1538
f 995 1746 953
f 1746 1539 1538
f 951 949 939
f 965 1747 955
f 1748 964 958
f 1676 1678 142
f 1542 1678 1676
f 127 997 126
f 993 1559 992
f 1276 1015 1558
f 1029 1632 1030
f 1037 1749 804
f 1053 1058 1052
f 1041 1751 776
f 1067 1068 1841
f 943 1751 948
f 776 1751 941
f 1078 49 24
f 370 1696 363
f 1800 765 1278
f 1734 1737 735
f 1705 1629 1312
f 1233 334 1101
f 1671 89 87
f 1752 100 1120
f 1119 103 102
f 103 1119 1122
f 1866 175 176
f 195 1173 194
f 1687 1688 198
f 267 1695 1210
f 1252 1696 375
f 1302 479 1304
f 480 1757 830
f 1705 484 1313
f 526 520 1709
f 523 521 1619
f 1710 531 540
f 1344 538 1861
f 1712 1345 1861
f 1727 1758 650
f 1727 655 1242
f 659 661 585
f 1415 1362 1363
f 1759 693 697
f 1439 1438 716
f 1479 1480 820
f 1757 1484 1485
f 1507 865 861
f 1587 1544 974
f 1046 1762 1043
f 294 311 296
f 1799 1331 519
f 42 1673 118
f 1673 42 1084
f 19 1763 1086
f 1764 1584 1160
f 212 1756 1187
f 1222 1583 1220
f 1765 180 178
f 563 1341 564
f 1341 563 556
f 1366 1369 561
f 472 1602 1715
f 1602 472 471
f 1716 739 1714
f 659 585 1845
f 671 1417 670
f 1421 688 1424
f 1427 699 1766
f 1426 1766 774
f 756 1651 1761
f 1651 756 757
f 1590 1454 481
f 1474 1767 1472
f 883 886 1657
f 885 1657 886
f 1530 1743 927
f 930 1744 1745
f 1744 928 1826
f 1745 1826 698
f 1820 1029 1030
f 1047 1768 1065
f 1768 1571 1065
f 1572 1051 961
f 1752 1118 99
f 191 1871 190
f 1694 1693 339
f 361 357 360
f 149 1769 1147
f 1356 1809 1354
f 786 785 780
f 69 1771 71
f 146 1681 1146
f 1764 177 180
f 360 657 658
f 1605 921 1259
f 1698 1672 97
f 1698 1267 1268
f 768 1079 1874
f 1699 1701 434
f 506 1765 583
f 1342 542 556
f 1645 1717 580
f 1378 589 588
f 719 1735 720
f 1865 1472 1767
f 1716 1373 1760
f 1754 789 794
f 739 738 1298
f 238 1690 1194
f 1353 1343 556
f 769 1453 1717
f 1768 1047 1048
f 1089 1093 1638
f 1118 98 1666
f 1172 1174 195
f 443 1457 442
f 1759 1423 690
f 730 1437 439
f 1811 1774 764
f 1775 465 826
f 49 50 24
f 1434 711 1350
f 1764 1160 179
f 1077 44 1076
f 1873 34 35
f 1246 1247 362
f 1721 611 1403
f 1637 93 1091
f 1244 1245 362
f 431 1699 433
f 1371 1370 577
f 597 596 587
f 1720 602 1380
f 861 860 1149
f 1777 1559 1019
f 711 1435 1350
f 1266 373 908
f 586 1199 1845
f 868 1655 872
f 1508 872 1655
f 1818 1741 1514
f 1741 1818 880
f 1061 1022 1023
f 1072 1071 4
f 1669 75 84
f 1329 631 1855
f 1651 1451 1761
f 806 805 1465
f 474 863 864
f 1038 1776 775
f 694 1766 695
f 1690 234 1194
f 1028 1778 417
f 710 713 1433
f 1773 606 1403
f 1830 273 270
f 1623 246 1218
f 1663 41 1081
f 36 1770 1083
f 1793 46 47
f 1181 1182 210
f 1277 1831 404
f 828 1757 480
f 1510 1656 879
f 1774 748 1738
f 1659 6 5
f 1776 1031 1027
f 1754 794 795
f 604 653 1205
f 1408 1205 653
f 1779 457 454
f 1397 632 633
f 1080 23 1078
f 98 1873 1852
f 1873 1117 39
f 1680 155 1152
f 1519 582 1586
f 1073 3 1072
f 21 1080 1835
f 115 112 111
f 1206 356 1246
f 312 1226 1223
f 488 489 1316
f 438 1730 439
f 737 763 749
f 465 1775 1301
f 1849 1884 1829
f 1324 1765 178
f 1653 873 1815
f 48 1780 50
f 120 1836 31
f 1216 1781 316
f 630 1329 518
f 1330 530 1332
f 1784 1858 623
f 642 1785 1436
f 1786 513 869
f 869 878 1786
f 1787 13 1640
f 1129 14 1082
f 70 67 1097
f 1792 1092 93
f 102 1639 1121
f 117 1788 395
f 1789 123 124
f 31 1836 170
f 169 31 170
f 1790 140 1677
f 1140 1131 128
f 126 128 1131
f 1147 1791 149
f 1149 1504 1853
f 1770 1792 1636
f 1636 1793 1770
f 195 194 1837
f 186 1794 1611
f 1177 1795 197
f 1179 1685 1171
f 1685 1179 206
f 1183 1595 227
f 1188 1187 215
f 1188 215 341
f 1210 1797 1209
f 321 1783 320
f 425 1802 1801
f 1749 425 1702
f 429 1823 1700
f 766 1803 1288
f 1589 1290 1701
f 1289 1589 1701
f 1294 1804 1772
f 1804 446 460
f 1806 578 1872
f 1323 1839 1833
f 523 1330 1332
f 1327 1847 539
f 541 542 1340
f 1340 1894 544
f 1342 1894 542
f 544 1894 546
f 1828 552 1647
f 558 1807 559
f 1807 558 557
f 1807 1356 559
f 1360 569 570
f 1804 460 1365
f 1758 1863 650
f 1809 667 1354
f 1649 710 1433
f 1825 713 1441
f 726 1810 750
f 1449 737 734
f 737 736 734
f 737 1449 752
f 1812 1811 1278
f 1482 1483 1813
f 1815 866 847
f 847 1653 1815
f 1786 878 1816
f 877 1816 878
f 1824 1817 532
f 1817 1824 879
f 532 1817 1514
f 871 1818 1656
f 1817 1656 1818
f 881 1819 569
f 882 1819 881
f 1542 1000 967
f 1016 397 1006
f 1022 1820 1033
f 1821 1820 1030
f 1030 1038 1821
f 1035 1821 1038
f 1056 1057 1577
f 1791 122 149
f 1827 1607 1687
f 1822 1195 1197
f 1797 1210 1221
f 430 1823 429
f 1824 1711 1336
f 554 1829 1445
f 1449 734 1372
f 1334 1784 1394
f 1482 1813 1481
f 1037 1802 1749
f 1127 1790 1622
f 717 1825 1441
f 1825 1439 714
f 1483 829 1654
f 136 1059 1058
f 1197 1200 1822
f 545 546 555
f 430 1288 1803
f 1826 695 698
f 1794 1827 1687
f 1803 1874 1823
f 1786 1839 513
f 1828 710 1881
f 1819 883 1515
f 1600 650 649
f 1464 1477 1469
f 138 1146 1141
f 1827 1163 188
f 285 1798 262
f 1368 576 1872
f 1863 1758 1848
f 726 1880 1810
f 1811 741 1774
f 25 1834 16
f 1068 1067 1069
f 20 17 18
f 1083 173 1084
f 1263 1799 390
f 1499 1814 845
f 1800 409 767
f 1352 1733 1849
f 803 804 797
f 172 171 997
f 1797 1618 1209
f 1792 93 1636
f 1830 270 274
f 1275 1274 1831
f 402 1831 1274
f 1803 766 768
f 740 1806 738
f 1781 1644 316
f 877 1847 1327
f 1810 1868 1442
f 824 1813 1484
f 1340 1847 1710
f 1299 1296 455
f 187 1639 186
f 1828 547 711
f 1649 1433 1785
f 1436 1785 1433
f 1216 319 299
f 1706 1839 1323
f 1806 1297 1298
f 278 621 1784
f 1394 1784 621
f 641 1785 642
f 512 1327 535
f 570 1819 1515
f 1828 711 1434
f 1449 1372 1368
f 1068 1069 1581
f 695 1766 699
f 1831 402 401
f 1397 633 637
f 1829 1884 1445
f 1815 873 1508
f 278 1784 623
f 512 1833 1839
f 1834 25 15
f 1287 1700 1823
f 1059 135 1577
f 181 1866 183
f 1611 1837 187
f 1838 1795 1175
f 210 1180 206
f 455 1296 463
f 455 463 456
f 586 1375 1200
f 1224 645 612
f 1840 957 965
f 171 1840 965
f 998 1840 171
f 990 111 986
f 1842 1066 1841
f 1712 553 1435
f 1622 1587 1127
f 1837 194 100
f 137 135 1059
f 1823 430 1803
f 72 66 1109
f 189 190 1871
f 1875 1147 1769
f 984 990 986
f 110 137 136
f 586 1200 1199
f 1842 1068 1581
f 1853 1875 1865
f 1846 1808 631
f 1494 1850 1814
f 103 1843 102
f 450 1295 463
f 539 1847 544
f 1708 1461 1294
f 1836 1641 170
f 1608 1148 152
f 1848 651 598
f 667 1729 1414
f 727 1880 726
f 1850 846 845
f 846 1850 1495
f 1841 850 1580
f 850 1841 1066
f 60 1851 56
f 1758 651 1848
f 1123 1882 132
f 195 1837 1611
f 1607 188 181
f 1300 1862 465
f 141 1143 113
f 1863 1848 1239
f 1880 1868 1810
f 1352 1849 1829
f 161 1198 1876
f 1361 1411 662
f 336 1857 338
f 16 1123 25
f 1169 190 1854
f 240 1822 1200
f 176 1323 174
f 1857 1101 334
f 449 1862 1300
f 1860 1708 1772
f 1852 1873 35
f 525 1858 1334
f 1858 525 522
f 1182 1105 1755
f 1856 1672 1265
f 1860 1707 793
f 79 1857 336
f 1647 1346 1345
f 1085 41 27
f 1682 176 174
f 1707 1860 507
f 1338 1861 538
f 1861 1338 1339
f 584 1845 585
f 1442 735 1810
f 1861 1345 1344
f 630 631 1329
f 1334 1858 1784
f 1858 1395 623
f 1149 1853 150
f 327 1859 645
f 1874 1287 1823
f 1808 1597 633
f 466 1862 1805
f 1375 240 1200
f 1544 1587 1622
f 1859 327 326
f 1660 1039 1074
f 64 1883 1844
f 1470 1877 814
f 1607 181 182
f 631 1808 633
f 1862 466 465
f 1863 649 650
f 680 1411 1361
f 1857 334 338
f 1864 1640 13
f 3 1864 1
f 42 29 40
f 1115 1856 1596
f 1124 16 5
f 16 1124 1882
f 175 1866 1157
f 211 208 1867
f 1183 1867 208
f 1876 240 1324
f 1410 1845 1199
f 1868 1735 1442
f 1878 1736 1734
f 1869 747 743
f 1869 1620 747
f 1061 1040 1660
f 1170 193 224
f 793 1621 1860
f 16 1834 5
f 1867 1183 1756
f 1368 1872 578
f 1846 1396 1808
f 225 1170 224
f 1866 181 1166
f 1115 1596 96
f 1117 1873 98
f 1867 212 1184
f 715 730 439
f 132 130 1123
f 848 1870 790
f 24 1874 1079
f 715 439 1730
f 1868 724 1735
f 1608 1875 1853
f 1866 176 183
f 1187 1188 212
f 189 1871 1159
f 1472 1865 1875
f 161 1876 178
f 1123 105 25
f 41 26 27
f 62 60 1883
f 1877 1471 814
f 1876 1198 1822
f 1876 1822 240
f 85 74 1671
f 129 132 133
f 1341 542 541
f 1376 586 1845
f 522 625 1395
f 732 1370 1878
f 1314 1308 481
f 552 550 1647
f 1868 1880 724
f 1890 1108 1095
f 1649 1881 710
f 1076 119 1640
f 1187 1756 216
f 1885 544 545
f 1660 1561 1061
f 1828 1881 552
f 1187 216 215
f 1880 725 724
f 1882 1675 132
f 1883 60 61
f 576 1368 574
f 1879 817 1870
f 114 990 991
f 113 114 991
f 1879 1870 1474
f 1893 1883 64
f 1883 1893 62
f 1132 126 781
f 1349 553 1889
f 634 626 635
f 816 1879 1474
f 205 1753 1684
f 1885 537 539
f 1886 783 1879
f 641 709 1649
f 1886 816 779
f 119 1674 1787
f 1039 8 1074
f 212 1188 1186
f 1295 449 1300
f 782 1886 779
f 1076 1640 3
f 545 544 546
f 1368 1372 574
f 1755 1670 392
f 277 278 328
f 205 1685 391
f 1881 551 552
f 1887 1039 1750
f 1044 1887 1750
f 1888 1570 7
f 1887 1570 1888
f 1570 1887 1044
f 555 1889 545
f 202 1753 205
f 468 1307 463
f 578 1449 1368
f 1890 1098 1108
f 64 90 1890
f 347 1406 1863
f 1844 1883 61
f 139 1790 1677
f 330 329 278
f 1890 74 1098
f 202 205 203
f 438 1291 440
f 553 1339 1889
f 545 1889 1339
f 626 632 635
f 1106 1670 1755
f 524 1891 624
f 1342 1343 1352
f 1519 1895 1376
f 1399 1891 626
f 625 1891 1399
f 1892 202 203
f 554 1342 1352
f 1892 201 1686
f 752 578 1806
f 613 615 610
f 1892 204 202
f 328 1217 277
f 350 347 348
f 1677 1145 139
f 330 332 1234
f 585 661 1523
f 856 1492 833
f 678 892 891
f 928 1744 1532
f 1406 649 1863
f 1851 438 1292
f 824 1739 1813
f 221 1335 1330
f 1331 221 1330
f 238 232 239
f 358 353 360
f 808 1466 806
f 1041 1062 1578
f 1293 68 441
f 1575 1005 969
f 1392 611 615
f 1392 615 616
f 1071 1 8
f 505 21 1835
f 1893 1095 1109
f 1171 1169 1170
f 1171 1170 1179
f 1692 328 331
f 1894 1342 554
f 472 469 471
f 1375 1895 583
f 89 1896 1113
f 1896 1112 91
f 1075 1074 8
f 1113 1896 91
f 751 737 752
f 1844 1896 90
f 1864 1075 8
f 1888 1071 8
f 1685 205 1684
f 1677 141 142
f 1677 142 143
f 623 330 278
f 1295 1300 464
f 833 834 856
f 1523 899 585
f 1532 1531 928
f 891 682 678
f 1291 1094 440
f 1844 90 64
f 1406 347 350
f 1171 1685 1684
f 288 262 1798
f 1295 464 468
f 1132 1133 129
f 1132 129 133
f 479 480 1308
f 479 1308 1304
f 438 439 1292
f 1813 1739 1481
f 154 1843 151
f 60 62 1291
f 288 1798 289
f 916 381 389
f 154 155 158
f 1407 654 651
f 756 755 708
f 1851 60 1291
f 1194 232 238
f 1096 62 63
f 282 309 1214
f 284 1214 309
f 352 353 358
f 378 381 377
f 406 428 1029
f 486 1314 484
f 651 654 603
f 852 1466 808
f 916 389 918
f 1564 406 1029
f 287 284 1204
f 154 158 157
f 486 484 1705
f 1407 651 1758
f 977 980 1002
f 1060 1062 1041
f 378 384 381
f 753 756 708
f 1505 154 151
f 373 369 376
f 303 305 306
f 441 68 442
f 1498 1320 501
f 828 479 1704
f 1315 502 488
f 487 1315 488
f 663 1361 570
f 665 567 664
f 1001 1634 976
f 104 105 1134
f 366 367 369
f 369 904 376
f 904 905 376
f 1400 640 442
f 492 497 1319
f 497 492 494
f 560 509 561
f 884 663 570
f 274 617 619
f 1457 1400 442
f 651 603 652
f 931 773 693
f 853 1455 1590
f 800 1464 1463
f 800 1478 1464
f 838 837 839
f 1492 856 853
f 1501 1502 857
f 1514 569 534
f 532 1514 534
f 1819 570 569
f 912 914 913
f 929 701 934
f 952 955 1540
f 946 939 949
f 117 1545 987
f 117 987 993
f 406 1564 1560
f 406 1560 405
f 1566 1024 1035
f 1567 1565 1035
f 1579 1034 1062
f 773 1592 693
f 912 913 911
f 1162 185 1154
f 1319 497 499
f 858 1501 857
f 693 690 926
f 977 1002 1003
f 954 1470 1593
f 1158 1162 1154
f 61 1090 1111
f 699 1427 1428
f 857 1499 1627
f 395 1128 394
f 350 351 352
f 239 904 369
f 1128 1127 394
f 303 306 355
f 1565 1566 1035
f 665 1413 567
f 1627 1498 501
f 1001 976 971
f 308 307 284
f 828 1704 1309
f 1005 971 969
f 559 560 561
f 946 1070 939
f 279 285 253
f 61 56 1090
