# aligned chain mesh
v -0.07274225 0.07997786 0.10160354
v -0.07561640 0.06128094 0.10031056
v -0.09553029 0.08507189 0.10103106
v -0.03520722 0.12058251 0.09797250
v -0.04594015 0.11086123 0.10092296
v -0.05189872 0.09373165 0.09936668
v -0.05610087 0.09689121 0.10146074
v -0.05641712 0.11601262 0.09998636
v -0.06047950 0.10729827 0.10123879
v -0.06495981 0.07135517 0.09980807
v -0.07638253 0.04884385 0.09882396
v -0.08534457 0.06695105 0.10141125
v -0.07556755 0.09430376 0.10120669
v -0.07966607 0.09759299 0.10070778
v -0.09689813 0.04108963 0.09893537
v -0.11031944 0.06657891 0.10083631
v -0.11955324 0.04633065 0.09855621
v -0.12284444 0.07700012 0.09881798
v -0.13206142 0.06295862 0.09757478
v 0.01734565 0.01627417 0.09452095
v -0.00196822 0.01621636 0.09465706
v -0.00335770 0.03213560 0.09313469
v -0.00184514 0.00105136 0.09280560
v -0.04065395 0.10608111 0.09739251
v -0.04368063 0.12659349 0.09829210
v -0.05687155 0.06938215 0.09389318
v -0.05742045 0.07622355 0.09716959
v -0.06398327 0.05704938 0.09517366
v -0.06647561 0.04268722 0.09304218
v -0.06893050 0.05564778 0.09734073
v -0.06028633 0.13223678 0.09410839
v -0.07746845 -0.00077581 0.09199924
v -0.07655488 0.02844966 0.09594105
v -0.07568412 0.11750184 0.09665114
v -0.09582510 0.00389365 0.09420932
v -0.09034300 0.10705308 0.09738975
v -0.11581013 0.10750335 0.09425446
v -0.10867980 -0.00440906 0.09413292
v -0.11406795 0.02003258 0.09619811
v -0.11179306 0.09450466 0.09800787
v -0.12914279 0.02590826 0.09425248
v -0.14939684 0.04845271 0.09325361
v -0.13749434 0.08162470 0.09534159
v 0.04880829 0.00105262 0.08967799
v 0.04530106 0.03825520 0.08955175
v 0.02338159 0.00218122 0.09282357
v 0.03840623 0.01868939 0.09260284
v 0.01532450 0.03335577 0.09270377
v -0.01772004 0.00505700 0.09056310
v -0.01649095 0.03529266 0.09104442
v -0.01951432 0.01822380 0.09176368
v -0.02890187 0.12614147 0.09282710
v -0.03225195 0.13774700 0.09052871
v -0.03299845 0.12846597 0.09535792
v -0.03496034 0.11246639 0.09398802
v -0.04141771 0.10035638 0.09260947
v -0.04854830 0.09072009 0.09442908
v -0.09915045 -0.02386377 0.09183374
v -0.09660541 -0.04345424 0.08909031
v -0.10540813 -0.03971082 0.08888696
v -0.12160156 -0.01863019 0.08950985
v -0.15679528 0.02318015 0.08780183
v -0.15811335 0.06973524 0.08951274
v 0.32508019 -0.21547088 0.08413630
v 0.31387913 -0.22341438 0.08769934
v 0.31575423 -0.22993495 0.08645716
v 0.30874208 -0.23086584 0.08720918
v 0.21617839 0.03650010 0.08559480
v 0.20477913 0.03360743 0.08647128
v 0.08115505 0.03726857 0.08355552
v 0.06668051 0.01899565 0.08793671
v 0.07661880 0.00095174 0.08451317
v 0.04959614 0.04797470 0.08722710
v 0.04652925 -0.01181652 0.08738427
v 0.01946678 -0.00763898 0.09114975
v 0.02242403 0.05088153 0.08919338
v 0.01446997 -0.01963724 0.08638487
v 0.00576491 0.06732222 0.08478917
v 0.00609587 0.04853198 0.08996274
v 0.00092860 -0.01996706 0.08558625
v -0.00203959 0.04383890 0.09111522
v -0.00173017 0.06145810 0.08660176
v -0.00083848 -0.00878704 0.09033428
v -0.01699202 0.04502800 0.08917148
v -0.02250571 -0.00951681 0.08465615
v -0.02916513 0.14492559 0.08237472
v -0.04454768 0.13846679 0.09283682
v -0.05441739 0.14583093 0.08679640
v -0.06262959 0.03464906 0.08781141
v -0.06749050 0.00792831 0.08804855
v -0.06658702 -0.01710767 0.08417801
v -0.07149376 -0.03067421 0.08661430
v -0.07842082 -0.01643111 0.09038666
v -0.09087502 -0.06788939 0.08464681
v -0.08036202 -0.03269584 0.08915366
v -0.10296068 0.11805577 0.09184941
v -0.11245427 -0.06432387 0.08233976
v -0.12376560 0.12698717 0.08168862
v -0.12316362 0.11793994 0.08731651
v -0.12038995 -0.03925078 0.08559237
v -0.12771845 0.00078382 0.09128581
v -0.14155166 -0.00236871 0.08734795
v -0.14101057 0.02373626 0.09170191
v -0.15619938 0.08090208 0.08795795
v -0.16116883 0.04265633 0.08910236
v 0.33076975 -0.20995259 0.08033019
v 0.32216978 -0.24127810 0.08182794
v 0.32679451 -0.23359793 0.08522693
v 0.32578382 -0.22905974 0.08630265
v 0.31346929 -0.21145417 0.08288247
v 0.31147778 -0.24108632 0.08346041
v 0.29571962 -0.22403124 0.08124886
v 0.30384251 -0.20909427 0.07917911
v 0.23902677 0.03025697 0.08251520
v 0.22911187 0.04020481 0.08352935
v 0.22143568 0.01735182 0.08522196
v 0.22012819 0.05052967 0.08373582
v 0.21693641 0.00205257 0.08319997
v 0.20277460 0.01830526 0.08505140
v 0.19937712 0.04783727 0.08529555
v 0.20082483 0.00700083 0.08261916
v 0.18921638 0.00412725 0.07930597
v 0.17852186 0.04683301 0.08323805
v 0.18486939 0.02302480 0.08351962
v 0.17442031 0.01890238 0.08084177
v 0.16522151 0.03785981 0.08147653
v 0.07125118 -0.01642117 0.08229382
v 0.07370121 0.05516870 0.08217834
v 0.03254421 -0.02214910 0.08515321
v 0.02431061 -0.02810447 0.08263444
v 0.01370252 -0.02963575 0.08108041
v -0.00134225 -0.02513424 0.08170854
v 0.00037071 0.07703131 0.08214562
v -0.01750502 0.06388047 0.08433270
v -0.02758974 0.12257709 0.08806472
v -0.02532965 0.13548557 0.08514564
v -0.03387492 0.00173698 0.08320501
v -0.04086474 0.05071148 0.07881974
v -0.04444215 0.15133798 0.08208699
v -0.04280332 0.09231432 0.08381801
v -0.05253790 0.07178098 0.08755174
v -0.05329042 0.06000639 0.07998193
v -0.06409436 -0.04632151 0.08238684
v -0.06112080 0.03168954 0.08497514
v -0.05923422 0.05069606 0.08791903
v -0.06394622 -0.06022270 0.08154716
v -0.06391762 0.01039633 0.08501219
v -0.07582173 -0.08043226 0.07960370
v -0.07555841 -0.05968188 0.08527012
v -0.07903630 0.13333267 0.08900896
v -0.08322936 -0.07831562 0.08079022
v -0.10278918 0.13133729 0.08476673
v -0.15617837 0.09855346 0.08184957
v -0.14134999 0.11454136 0.08207740
v -0.15848632 -0.00896229 0.08084682
v -0.14286083 0.09660222 0.08915628
v -0.17183007 0.01450214 0.08138310
v -0.17084278 0.06264069 0.08470737
v -0.17742890 0.03453385 0.08214563
v 0.25350431 0.01594022 0.07891152
v 0.25067648 0.03097377 0.07954458
v 0.24618024 0.04761765 0.07754396
v 0.24845181 0.00894174 0.07957930
v 0.23885463 -0.01046509 0.07695345
v 0.23918478 0.00337417 0.08070385
v 0.22759545 -0.00142051 0.08140596
v 0.20717196 0.06916231 0.08118911
v 0.17661688 0.06368387 0.08063231
v 0.15271522 0.03900985 0.07853871
v 0.11923323 0.03455570 0.07731365
v 0.10620073 -0.00242986 0.07783981
v 0.12172682 0.01904541 0.07660818
v 0.09412442 0.02210229 0.08229142
v 0.07350054 -0.02986342 0.07811095
v 0.04711951 0.07921360 0.07912443
v 0.06624395 0.08779335 0.07369156
v 0.04360047 -0.03583127 0.07889096
v 0.02066664 0.07921010 0.08079178
v -0.02585532 0.12596531 0.07584895
v -0.02350945 0.13287507 0.07440925
v -0.03054600 0.04878081 0.08403993
v -0.03793633 0.06226020 0.07746450
v -0.03418534 0.03198016 0.08523972
v -0.03737783 0.10429534 0.08469486
v -0.03970393 0.02031602 0.08222206
v -0.05842049 -0.06106534 0.07784399
v -0.05783592 0.04704583 0.08304694
v -0.06595902 -0.06894536 0.08062863
v -0.06119769 -0.03082405 0.07909395
v -0.06226884 0.00676885 0.08234904
v -0.06058521 0.01802719 0.08061436
v -0.05719807 0.04516728 0.07888281
v -0.06313474 -0.00865039 0.08122233
v -0.07602044 -0.08956435 0.07514572
v -0.08819809 0.14701013 0.07747906
v -0.10365102 -0.07465244 0.08114091
v -0.13393284 -0.04826094 0.07782537
v -0.14133535 -0.02130433 0.08339845
v -0.15461195 -0.02307296 0.07773972
v -0.17440677 0.08326565 0.07788157
v -0.19502386 0.03708163 0.07199929
v -0.17755301 0.05130593 0.08210307
v -0.48861769 0.05525969 0.07566036
v 0.40418214 0.31873894 0.07550578
v 0.33980867 -0.21040945 0.07528003
v 0.33802187 -0.20222987 0.07642215
v 0.33510143 -0.24179795 0.06954575
v 0.33082128 -0.23523401 0.08198439
v 0.33320507 -0.20193174 0.07628499
v 0.32139331 -0.24964693 0.07485191
v 0.31064352 -0.24845061 0.07791348
v 0.30120707 -0.24913761 0.07392569
v 0.30236247 -0.24048840 0.07900520
v 0.29771137 -0.23535854 0.07722896
v 0.29684711 -0.21235895 0.07989473
v 0.29171392 -0.22172183 0.07835927
v 0.25907141 -0.04377099 0.07502083
v 0.25238392 -0.03811038 0.07569033
v 0.25015596 -0.05144814 0.07513317
v 0.23974060 -0.02152280 0.07411072
v 0.23131455 -0.04080549 0.07588349
v 0.22799754 -0.02617064 0.07608608
v 0.23265338 0.05727591 0.07901999
v 0.22423039 0.06849220 0.07810730
v 0.22054626 -0.03494887 0.07539360
v 0.21975665 0.08453678 0.07149621
v 0.21857297 -0.02421086 0.07769395
v 0.20730923 -0.03144218 0.07353163
v 0.20519701 0.08193781 0.07737390
v 0.20375347 -0.01254752 0.07775909
v 0.19455643 0.08303613 0.07686714
v 0.19992822 -0.02997868 0.07181326
v 0.19528748 0.07515839 0.07926282
v 0.17299049 0.00964844 0.07723013
v 0.16746891 0.07210825 0.07732380
v 0.15221871 0.02651965 0.07725059
v 0.14770527 0.01608098 0.07267611
v 0.13515978 0.05133648 0.07319360
v 0.13217139 0.00890413 0.07421923
v 0.13563980 0.03877483 0.07460888
v 0.12211179 -0.01642817 0.07227414
v 0.08453931 0.05775356 0.07978679
v 0.08982834 0.08558529 0.07077247
v 0.07867495 0.07222407 0.07701243
v 0.06149909 -0.03601850 0.07747374
v 0.02985744 0.09453201 0.07400025
v -0.01993114 -0.01878421 0.08015170
v -0.03525061 0.10198606 0.07425133
v -0.04299396 -0.00711984 0.07266391
v -0.05025886 0.02470078 0.07454312
v -0.04319539 0.08326977 0.07669504
v -0.05099065 0.06103785 0.07629000
v -0.04885632 0.06921776 0.07738161
v -0.06147604 0.16123985 0.06698020
v -0.06031100 -0.01939078 0.07642154
v -0.06071487 -0.00683763 0.07556801
v -0.05995223 0.01812574 0.07452842
v -0.05918756 0.15129681 0.08086219
v -0.08427315 -0.10145904 0.07096941
v -0.09548400 -0.09705250 0.07501091
v -0.10126737 0.14291278 0.07746229
v -0.12511359 0.14111160 0.07163276
v -0.11041585 -0.08757810 0.07673374
v -0.12659158 -0.07435513 0.07259495
v -0.14179386 0.12708294 0.07415999
v -0.14143129 -0.04822496 0.07405338
v -0.16978724 0.09641571 0.07514250
v -0.18548189 -0.00306362 0.07000787
v -0.18051507 0.00900894 0.07619481
v -0.46654171 0.05026682 0.07365979
v -0.46144527 0.04878931 0.07418599
v -0.47742057 0.05001353 0.07488111
v -0.48294631 0.04682853 0.07223827
v -0.48251691 0.05302372 0.07519402
v -0.49254376 0.05243737 0.07525709
v -0.49687701 0.05627325 0.07533987
v 0.40203527 0.30603483 0.07254445
v 0.39693487 0.30268806 0.06768145
v 0.35315084 -0.18703809 0.06853889
v 0.34708679 -0.19036725 0.07071929
v 0.34269869 -0.19064268 0.07125349
v 0.33631858 -0.21976706 0.07787190
v 0.32118696 -0.20331985 0.07450645
v 0.31656131 -0.20160827 0.06978292
v 0.31206608 -0.20275785 0.07413703
v 0.30897579 -0.25269067 0.07227193
v 0.30468851 -0.20436005 0.07394238
v 0.29315230 -0.23816016 0.07292522
v 0.28833714 -0.23104274 0.07339412
v 0.28126597 -0.06658992 0.07038254
v 0.28885335 -0.05852998 0.07091060
v 0.28264764 -0.05758842 0.07197054
v 0.27226579 -0.04242291 0.07356504
v 0.26550561 -0.03430044 0.07246692
v 0.26182520 0.03295721 0.07434512
v 0.26772058 0.00243203 0.06961438
v 0.26746133 0.01524547 0.07254425
v 0.26745683 -0.05913297 0.07341465
v 0.26580441 0.04232435 0.06906208
v 0.25942263 -0.00120968 0.07260007
v 0.25347650 0.05217776 0.07228052
v 0.25054827 -0.02431699 0.07241490
v 0.25047129 -0.01521417 0.07182316
v 0.24894015 0.06701165 0.06728780
v 0.24441221 -0.06143533 0.07292965
v 0.23522297 0.06920993 0.07354835
v 0.21943019 -0.05386472 0.07212301
v 0.21232395 0.09443339 0.06799192
v 0.19230647 -0.01127619 0.07468107
v 0.18177244 -0.00838764 0.07178971
v 0.16466437 0.09618046 0.07001311
v 0.17019439 0.00102444 0.07193159
v 0.16111405 0.01027907 0.07387489
v 0.14794199 0.08766169 0.06900284
v 0.15721621 0.05382313 0.07889071
v 0.14180858 0.03964720 0.07495376
v 0.14260384 0.02722297 0.07424096
v 0.13320667 0.06866765 0.07036375
v 0.11617374 0.05977104 0.07398537
v 0.11061522 0.07576970 0.07076349
v 0.02952751 -0.03877676 0.07568139
v -0.01247925 -0.03015056 0.07330307
v -0.00052077 0.09830478 0.07383005
v -0.02125761 0.10038149 0.07199181
v -0.03547686 0.08980574 0.07126126
v -0.03045108 0.10139372 0.07022444
v -0.03139930 0.11347362 0.07568891
v -0.02631624 0.12067799 0.07055846
v -0.02906456 0.14879437 0.07640665
v -0.03917035 0.07703452 0.07350115
v -0.03652031 0.09541133 0.07274804
v -0.04410520 0.06817115 0.07368369
v -0.04184698 0.08017562 0.07374708
v -0.04452308 0.00494306 0.07595260
v -0.04876157 0.04576003 0.07427830
v -0.04821658 0.05719108 0.07355352
v -0.04658803 0.06855752 0.07451071
v -0.05280368 0.04120700 0.07264331
v -0.05723079 -0.06774172 0.07379664
v -0.05506208 -0.06159646 0.07316753
v -0.05214168 0.05364878 0.07449686
v -0.05941784 -0.08114253 0.06972398
v -0.06390940 -0.08106516 0.07433649
v -0.05893775 0.02928176 0.07467925
v -0.05641463 0.03845493 0.07334956
v -0.07966423 -0.33128485 0.06938193
v -0.09083807 -0.33638281 0.07171641
v -0.09510515 -0.11208538 0.06925268
v -0.09514490 -0.34233031 0.07310436
v -0.09508558 -0.32591835 0.06836239
v -0.10376291 -0.33000940 0.06733124
v -0.10099190 -0.34245059 0.07096937
v -0.10803681 -0.11452278 0.06884460
v -0.11478875 -0.10197901 0.06973800
v -0.13980198 -0.05974174 0.06947779
v -0.14581832 -0.05891394 0.06408923
v -0.15362041 -0.04186231 0.06899952
v -0.15571751 0.10897452 0.07746951
v -0.16701683 -0.02040336 0.07221727
v -0.18940301 0.00469445 0.07048891
v -0.19005103 0.02592320 0.07495573
v -0.19101670 0.06235705 0.07207935
v -0.38840151 0.03945225 0.06384792
v -0.40261424 0.04811484 0.07154580
v -0.42551750 0.04795098 0.07230562
v -0.43058002 0.04619965 0.07166432
v -0.44040650 0.04830730 0.07233374
v -0.44289893 0.04706398 0.07281605
v -0.46500921 0.05359409 0.06611208
v -0.47806776 0.05360971 0.07203943
v -0.48712236 0.04435341 0.06992239
v 0.40763107 0.30938908 0.06238551
v 0.40066609 0.28833082 0.06816581
v 0.40319437 0.31379262 0.06812350
v 0.39973751 0.31118667 0.06861758
v 0.36407334 -0.18280168 0.06292202
v 0.36353964 -0.17251399 0.06319883
v 0.35783949 -0.19467983 0.06629131
v 0.35944271 -0.16925484 0.06441163
v 0.34888750 -0.20182395 0.07144445
v 0.35074463 -0.18113101 0.06776600
v 0.34131628 -0.22595629 0.06964698
v 0.34773576 -0.21434192 0.06570147
v 0.33696198 -0.18872768 0.06763383
v 0.32853547 -0.24514298 0.07493498
v 0.32831344 -0.19836222 0.07058681
v 0.30763122 -0.07412218 0.06558694
v 0.31278750 -0.05779878 0.06418499
v 0.29644409 -0.04855669 0.06799716
v 0.30249932 -0.07757983 0.06552076
v 0.29993632 -0.06165680 0.06811076
v 0.28743121 -0.22327955 0.07053591
v 0.28818768 -0.07652922 0.06645464
v 0.28070837 -0.04168770 0.07128476
v 0.28372166 -0.02969626 0.06394277
v 0.27277255 -0.03065620 0.06859977
v 0.28435111 -0.08281434 0.06312820
v 0.27180761 -0.07124253 0.06967838
v 0.27620158 0.03080245 0.06370017
v 0.24858935 -0.06868456 0.07031765
v 0.24518092 -0.07904476 0.06249952
v 0.23042116 -0.07149036 0.06593910
v 0.21504639 -0.06152752 0.06853531
v 0.21317503 -0.06840248 0.06378512
v 0.20243837 -0.06070323 0.06496677
v 0.20192729 -0.04807552 0.06792784
v 0.19573572 0.09917767 0.06996574
v 0.19291079 -0.02408568 0.07034287
v 0.17875376 -0.01526668 0.06532064
v 0.17749774 0.10672193 0.06644941
v 0.15499009 0.00801140 0.07091588
v 0.15172732 0.00598700 0.07033902
v 0.14041394 -0.00865049 0.06962268
v 0.14375786 -0.02828030 0.06424719
v 0.09275937 -0.04195121 0.07029737
v 0.08369190 0.09977264 0.06499673
v 0.08760691 -0.04835945 0.06785368
v 0.06625804 -0.04895159 0.06878532
v 0.04989352 0.09522232 0.07224073
v 0.04792857 -0.04908931 0.06884788
v 0.03481175 0.10862955 0.06608991
v 0.01374387 -0.04108391 0.07131442
v 0.00756576 -0.04564672 0.06424349
v 0.00530706 0.10856636 0.06844773
v -0.01677938 0.10982557 0.06875443
v -0.03326955 -0.02385575 0.06780088
v -0.02445434 0.11441169 0.06775948
v -0.02477189 0.14003959 0.08038688
v -0.02924646 0.11069492 0.06965989
v -0.02769522 0.14944047 0.07022870
v -0.04444279 -0.01361870 0.06799363
v -0.05272669 -0.05859717 0.06475718
v -0.05692722 0.16341473 0.06164236
v -0.05894612 -0.02214142 0.07053149
v -0.05917709 0.01477558 0.06950228
v -0.05687151 0.02699156 0.07068518
v -0.07043119 -0.34196812 0.07052869
v -0.07137643 -0.33612692 0.06666087
v -0.06750788 -0.09425965 0.06727972
v -0.08142219 -0.10717043 0.06644870
v -0.09527578 -0.32119262 0.06592894
v -0.09705468 -0.12650634 0.06573049
v -0.09870017 -0.17608416 0.06211342
v -0.10573826 -0.12878850 0.06620400
v -0.10699017 -0.17712274 0.06469862
v -0.10880687 -0.15880653 0.06592959
v -0.11280016 -0.34217641 0.06241731
v -0.10914445 -0.33478796 0.06592564
v -0.10887146 -0.32381734 0.06435032
v -0.11267524 -0.16880964 0.06589556
v -0.10969307 -0.13748075 0.06596676
v -0.11195177 -0.12321795 0.06589310
v -0.12048151 -0.17420004 0.06387385
v -0.16835897 -0.02953017 0.06620348
v -0.18724525 0.08151370 0.06756443
v -0.18548381 0.07031584 0.07419888
v -0.19292456 0.00314381 0.06719418
v -0.19925983 0.01483311 0.06643093
v -0.35893607 0.04299444 0.06169884
v -0.36320081 0.05153268 0.06715095
v -0.37482387 0.03904428 0.06202239
v -0.37034929 0.04927574 0.06763122
v -0.38000140 0.05004605 0.06876620
v -0.38747248 0.04907870 0.07025640
v -0.42128307 0.04115306 0.06742637
v -0.44672003 0.04025877 0.06764080
v -0.48302892 0.05461172 0.06932790
v -0.47363198 0.03860776 0.06566844
v -0.49687484 0.05180003 0.07223105
v 0.40865707 0.29839951 0.05955378
v 0.40700158 0.30850187 0.06747929
v 0.40118551 0.27437100 0.06270169
v 0.40640894 0.30315059 0.06607821
v 0.39748606 0.30531687 0.06265388
v 0.39498520 0.30122721 0.06356888
v 0.36080953 -0.19777684 0.06193444
v 0.35772830 -0.20372561 0.06219846
v 0.35198152 -0.17312630 0.06518150
v 0.34330961 -0.18153083 0.06648682
v 0.33273384 -0.18840042 0.06190899
v 0.31783023 -0.07509153 0.06380101
v 0.31476754 -0.25417519 0.07015735
v 0.30228126 -0.25370008 0.06356401
v 0.30819952 -0.19968088 0.06557446
v 0.29329583 -0.20438743 0.06841806
v 0.29428190 -0.08400398 0.06207563
v 0.29207948 -0.24304238 0.06766763
v 0.28616005 -0.21535802 0.06489524
v 0.27774575 0.01455587 0.06352393
v 0.27570510 -0.00352627 0.06106927
v 0.25550836 -0.07900323 0.06425158
v 0.26345795 -0.01306441 0.06572469
v 0.25674346 -0.01975776 0.06824241
v 0.26272908 0.05723050 0.06283528
v 0.24519192 0.07335357 0.06495791
v 0.22368343 -0.07523082 0.06034534
v 0.22499552 0.09223644 0.06324228
v 0.19017103 -0.03328770 0.06339348
v 0.17185016 0.11900823 0.05973772
v 0.19099440 0.10960699 0.06492897
v 0.16808207 -0.00833874 0.06339046
v 0.16436604 -0.00151782 0.06767960
v 0.15769506 -0.00198720 0.06730514
v 0.13008694 0.10139560 0.06086905
v 0.12283463 -0.03613306 0.06716066
v 0.12415612 -0.04952732 0.06160241
v 0.12994470 0.08836385 0.06479452
v 0.11523621 0.10991399 0.05609381
v 0.10415062 -0.05075739 0.06383490
v 0.10806219 0.09365887 0.06480166
v 0.07952209 -0.05614588 0.06292542
v 0.06228406 0.10901023 0.06316460
v 0.04482814 0.11316640 0.06124045
v -0.00616041 0.12123313 0.06171076
v -0.00400102 0.11362813 0.06604616
v -0.01619548 0.12169424 0.06409831
v -0.01846973 0.13196290 0.06175781
v -0.02151244 0.13510376 0.06815159
v -0.02213796 0.12507814 0.06501597
v -0.04404610 0.16054130 0.06473637
v -0.05670209 -0.00233994 0.06468605
v -0.05443658 -0.07514692 0.06257980
v -0.05602786 -0.04541237 0.07232238
v -0.05347849 -0.04889628 0.06258161
v -0.05758208 0.01351558 0.06805960
v -0.06040490 -0.00080021 0.06801815
v -0.05911393 0.00670667 0.06687088
v -0.07332198 0.16096659 0.06526153
v -0.08301428 -0.34195146 0.07357170
v -0.08623222 -0.13834132 0.05696384
v -0.10071179 -0.14205244 0.06424710
v -0.08806767 -0.34225431 0.05721720
v -0.09834269 -0.18853156 0.05820678
v -0.10052881 -0.15779319 0.06317669
v -0.11177681 -0.18102367 0.06490785
v -0.11292944 -0.15295154 0.06557695
v -0.12058398 -0.12032600 0.06154159
v -0.12302264 -0.10897605 0.06197029
v -0.12409488 -0.09497514 0.06599616
v -0.12701422 0.14832963 0.06449385
v -0.11399458 0.15531461 0.06191355
v -0.13027956 -0.08167279 0.06633124
v -0.15651195 0.12969114 0.06306650
v -0.17185919 0.10305064 0.07000564
v -0.18479875 -0.01373476 0.06470992
v -0.19194847 -0.00316004 0.06485631
v -0.20624495 0.03666678 0.06286060
v -0.20590736 0.02503880 0.06267370
v -0.33396649 0.05595655 0.06093997
v -0.33388251 0.05789553 0.06152580
v -0.35084593 0.05314154 0.06513782
v -0.34865129 0.05508251 0.06476377
v -0.36868626 0.05199694 0.06246717
v -0.40144667 0.03413104 0.06049444
v -0.43754947 0.05161217 0.06411935
v -0.44954443 0.05110577 0.06822031
v -0.46241120 0.04042158 0.06760014
v -0.47997567 0.04143531 0.06723680
v -0.48118821 0.04948573 0.06413967
v 0.39498046 0.27623147 0.05823854
v 0.39164490 0.29164502 0.06036209
v 0.39096045 0.28712827 0.05853133
v 0.37485585 -0.15309863 0.05739702
v 0.37490547 -0.14221920 0.05790050
v 0.36574611 -0.18510672 0.06056529
v 0.36963877 -0.16970140 0.05917727
v 0.36768362 -0.15925410 0.06122151
v 0.36668447 -0.14400743 0.05978622
v 0.36049446 -0.15112880 0.06050612
v 0.35523936 -0.15976904 0.06123276
v 0.34412038 -0.17280342 0.06118726
v 0.34109712 -0.23419221 0.05852604
v 0.33853543 -0.17843167 0.05858317
v 0.33759362 -0.08741398 0.05912280
v 0.33471832 -0.24692878 0.05936676
v 0.33686060 -0.07873122 0.06004366
v 0.32671005 -0.25001183 0.06330894
v 0.32251549 -0.08564002 0.06094525
v 0.32429099 -0.07098110 0.06233982
v 0.32605582 -0.19621988 0.06236268
v 0.32469618 -0.09247165 0.05725012
v 0.32255420 -0.25448787 0.05977920
v 0.31049451 -0.19955856 0.06196859
v 0.30304214 -0.08993099 0.05720305
v 0.30615580 -0.03911394 0.05816935
v 0.29788122 -0.19988297 0.06357182
v 0.28945726 -0.23727566 0.05892242
v 0.28998777 -0.20953514 0.05475685
v 0.28513694 -0.23054260 0.06384285
v 0.27960721 -0.08678326 0.05676260
v 0.27893832 0.03610286 0.05697781
v 0.26142865 -0.08286126 0.05951074
v 0.20128670 -0.06690121 0.06112063
v 0.19458815 -0.04702191 0.06155770
v 0.16806546 -0.01189298 0.06171324
v 0.15159297 0.11027719 0.06248945
v 0.07461189 -0.05986530 0.05919154
v 0.04859041 -0.05883079 0.05856417
v 0.02651240 -0.05083933 0.06407504
v 0.02139680 0.11964246 0.05772065
v 0.00784716 0.11821276 0.06119300
v -0.05311820 -0.05745600 0.06054270
v -0.05746443 -0.02827377 0.06130457
v -0.05511792 -0.01215121 0.06112274
v -0.06339561 -0.34188440 0.06108776
v -0.05979608 -0.01412211 0.06287245
v -0.05922906 -0.01190987 0.05971970
v -0.05929372 -0.00308640 0.06415252
v -0.07642728 -0.32444900 0.06405540
v -0.07297064 -0.11307491 0.05657257
v -0.08357777 -0.32004866 0.06048261
v -0.09610981 0.15969111 0.06170983
v -0.08154193 -0.11624543 0.06147356
v -0.09455523 -0.15231526 0.06003679
v -0.10399282 -0.30617362 0.06032802
v -0.10614333 -0.31579828 0.06235318
v -0.10856453 -0.29997638 0.05995142
v -0.11170118 -0.31476691 0.06107818
v -0.11253022 -0.29878294 0.05907570
v -0.10888263 -0.19590746 0.05928655
v -0.11436537 -0.32738632 0.06000933
v -0.12062141 -0.16396274 0.06387123
v -0.12062591 -0.15209617 0.06268808
v -0.12425549 -0.13479459 0.05663130
v -0.12014002 -0.13022168 0.06131912
v -0.13071264 -0.09056360 0.06074748
v -0.13827126 -0.07427247 0.06249397
v -0.15349914 -0.05311940 0.05881168
v -0.16700497 -0.04037425 0.05656511
v -0.17088720 0.11284234 0.06442159
v -0.19540878 0.07824547 0.06078191
v -0.20242384 -0.00193259 0.05536508
v -0.32038915 0.05487927 0.05600252
v -0.38257912 0.02965745 0.05407117
v -0.37897235 0.05114628 0.06366012
v -0.39405686 0.05156142 0.06087242
v -0.41379952 0.05178319 0.06044638
v -0.42872274 0.03402127 0.06174794
v -0.43034905 0.05196801 0.06060194
v -0.44662195 0.05217953 0.06247475
v -0.44413441 0.02931908 0.05785611
v -0.45301792 0.02953953 0.05922672
v -0.45637020 0.03196959 0.06109092
v -0.46496725 0.03284893 0.06183062
v -0.47417143 0.04800653 0.06151371
v -0.46903324 0.03659686 0.06270279
v 0.40959856 0.27729347 0.05350551
v 0.40270802 0.26484767 0.05445095
v 0.40370205 0.30834925 0.06080114
v 0.39494443 -0.10645459 0.05435828
v 0.38636199 -0.10611026 0.05859606
v 0.38753954 -0.09425338 0.05644464
v 0.38483277 -0.12913322 0.05301692
v 0.37749985 -0.09790097 0.05846538
v 0.37638038 -0.12761603 0.05828512
v 0.38599351 -0.11547874 0.05702592
v 0.38438278 -0.08530274 0.05320286
v 0.37425983 -0.16354047 0.05546116
v 0.37001020 -0.17898580 0.05515621
v 0.37441906 -0.08679605 0.05677041
v 0.37757063 -0.11111589 0.05925946
v 0.36658844 -0.09960921 0.05765509
v 0.36659077 -0.13017498 0.05757276
v 0.36292550 -0.10833813 0.05592800
v 0.36697334 -0.08223090 0.05532619
v 0.36104155 -0.13753280 0.05729646
v 0.36114311 -0.11353964 0.05444434
v 0.36324120 -0.09048830 0.05760402
v 0.35876402 -0.12869945 0.05305935
v 0.36008307 -0.07521512 0.05380163
v 0.35409796 -0.08287366 0.05732585
v 0.34842026 -0.07678988 0.05744362
v 0.35320008 -0.10153423 0.05580499
v 0.34937137 -0.09131840 0.05775398
v 0.34384164 -0.07125548 0.05718911
v 0.34184539 -0.09571721 0.05654837
v 0.33042347 -0.25215441 0.05407251
v 0.31986633 -0.09487080 0.05439905
v 0.32916901 -0.06002738 0.05805522
v 0.31024051 -0.25702456 0.06059947
v 0.31802762 -0.19926895 0.06090584
v 0.30552554 -0.25341952 0.05145076
v 0.29968238 -0.03807798 0.06212369
v 0.30042091 -0.25094309 0.05302319
v 0.29779610 -0.20334363 0.05366061
v 0.27194190 -0.08667293 0.05297986
v 0.28106442 0.00682128 0.05854787
v 0.28303447 -0.02465837 0.05680827
v 0.27200267 0.04685149 0.06001632
v 0.26681915 -0.01883529 0.06111368
v 0.25210759 0.07622164 0.05560242
v 0.24421020 -0.08095957 0.05590574
v 0.20969392 -0.07190365 0.05936687
v 0.20157899 -0.06986967 0.05514714
v 0.17246121 -0.01433869 0.06083133
v 0.13537394 -0.04415052 0.06118419
v 0.12478688 -0.05951735 0.05334880
v 0.12790211 0.11892141 0.05133106
v 0.09703040 -0.06077983 0.05640375
v 0.07841770 0.11060215 0.05948103
v 0.04011519 0.11794239 0.05661244
v -0.01011814 0.12930286 0.05779432
v -0.01127770 -0.04057849 0.06223931
v -0.02184442 0.14412524 0.05531047
v -0.03610971 0.15789694 0.05516380
v -0.05550800 -0.02126550 0.05462015
v -0.05859168 -0.08879981 0.05848998
v -0.05696306 -0.07418958 0.05545513
v -0.05708072 -0.04689885 0.05515936
v -0.05872924 -0.03631948 0.05462078
v -0.07063255 -0.34185439 0.05936764
v -0.07084294 -0.32799116 0.06066690
v -0.07500632 -0.32228956 0.05662428
v -0.09444895 -0.31518567 0.06125401
v -0.09296644 -0.16500092 0.05752148
v -0.09241719 -0.17912184 0.05708004
v -0.09868771 -0.30607709 0.05858878
v -0.10000701 -0.20423500 0.05375017
v -0.10438920 -0.29036269 0.05759630
v -0.10460712 -0.27512532 0.05548012
v -0.10459828 -0.25689310 0.05374510
v -0.10568082 -0.24196723 0.05378190
v -0.10496136 -0.22742157 0.05339216
v -0.10687241 -0.20639385 0.05590541
v -0.10917232 -0.28086480 0.05779432
v -0.10903522 -0.25486809 0.05585674
v -0.10909133 -0.22911291 0.05500013
v -0.11495592 -0.27696037 0.05661438
v -0.11303407 -0.25971138 0.05642915
v -0.11305787 -0.23663689 0.05535468
v -0.11297476 -0.21019623 0.05545657
v -0.11596605 -0.19847053 0.05681765
v -0.10808086 0.16739731 0.04640698
v -0.11529991 -0.31701937 0.05767857
v -0.11578321 -0.30575183 0.05744541
v -0.11603297 -0.28895697 0.05662138
v -0.11668362 -0.24514060 0.05471645
v -0.11643660 -0.21907319 0.05387437
v -0.11869104 -0.27437949 0.05421401
v -0.11877310 -0.23856764 0.05318517
v -0.12066046 -0.19013903 0.05794173
v -0.12436544 -0.18951428 0.05492915
v -0.12568302 -0.18056569 0.05881118
v -0.12981561 -0.15693967 0.05153776
v -0.12753622 0.15568623 0.05656120
v -0.14072935 0.14549939 0.06044430
v -0.14790550 -0.06418368 0.05019297
v -0.18674806 -0.02095844 0.05545621
v -0.20154794 0.07649523 0.05227914
v -0.20345925 0.00932631 0.06099106
v -0.20789972 0.01012375 0.05442129
v -0.21145147 0.04726967 0.04933207
v -0.20358130 0.05095569 0.06384847
v -0.31707418 0.06009572 0.05691906
v -0.33090508 0.04807054 0.05565864
v -0.33585250 0.03858873 0.05132873
v -0.33836409 0.05732259 0.05485531
v -0.34949559 0.05548271 0.05861472
v -0.34734979 0.03511238 0.05192761
v -0.36032176 0.05296046 0.06257624
v -0.37824881 0.05229868 0.05705781
v -0.40530410 0.02422632 0.05156614
v -0.39125091 0.05189294 0.05701650
v -0.40509412 0.05175541 0.05689446
v -0.43307456 0.04979102 0.05748418
v -0.41932750 0.05123065 0.05719269
v -0.42361930 0.02783973 0.05529641
v -0.45732874 0.03081562 0.05965840
v -0.45139167 0.03233162 0.05679044
v -0.45061675 0.04499578 0.05431029
v -0.46115291 0.08982723 0.05372768
v -0.45618162 0.04409318 0.05548480
v -0.46035770 0.04846227 0.05966965
v -0.46101466 0.09279609 0.05445919
v -0.45990244 0.09472675 0.05359013
v -0.46167165 0.04335636 0.05773231
v -0.47193009 0.08755634 0.05317421
v -0.46964639 0.09261235 0.05469599
v -0.48702064 0.09211066 0.05332518
v -0.48711309 0.09357911 0.05321017
v 0.44584650 0.23938759 0.05114968
v 0.43507656 0.23924756 0.05260422
v 0.42793724 0.24439603 0.04986865
v 0.42080694 0.25027382 0.05005001
v 0.41020486 0.29416123 0.04935369
v 0.41072017 0.27314529 0.04976040
v 0.40394914 0.26057810 0.05106252
v 0.39759508 -0.10300749 0.05171630
v 0.39218155 -0.09244712 0.05398667
v 0.39238277 0.26531336 0.04523347
v 0.39311633 0.29700628 0.05835759
v 0.38680932 0.27801982 0.04914749
v 0.38001171 -0.14864106 0.05321225
v 0.37797338 -0.07788261 0.04938810
v 0.36604854 -0.07417783 0.05061024
v 0.35003421 -0.21753408 0.05697051
v 0.35585824 -0.13595663 0.05130574
v 0.35467657 -0.11893407 0.04631224
v 0.35341755 -0.15071321 0.05701505
v 0.35027516 -0.06755881 0.05264345
v 0.34959486 -0.15996863 0.05834651
v 0.35257292 -0.10597156 0.05368357
v 0.34929809 -0.21778798 0.05008718
v 0.34360647 -0.22819862 0.05087845
v 0.34600747 -0.16269517 0.05410392
v 0.33811563 -0.10045733 0.05265127
v 0.34422347 -0.05950139 0.04724335
v 0.33914787 -0.23592639 0.04613417
v 0.33984891 -0.06017891 0.05203187
v 0.32869962 -0.20130634 0.04983743
v 0.31517434 -0.04713733 0.05842153
v 0.31104758 -0.25590774 0.05010011
v 0.30616608 -0.09348849 0.05199836
v 0.30886200 -0.20427613 0.05168279
v 0.29766217 -0.02931356 0.05099824
v 0.29190400 -0.24039081 0.04945469
v 0.28722167 -0.23424236 0.05312959
v 0.28091738 0.02360049 0.05907892
v 0.23576044 0.09789515 0.05102150
v 0.22619036 0.11019322 0.04901139
v 0.21213944 -0.07522053 0.05058192
v 0.19045259 0.12732208 0.05324443
v 0.19560297 -0.06278585 0.05158607
v 0.18975066 -0.04879818 0.05356519
v 0.18541309 -0.03701849 0.05557065
v 0.17571354 -0.02449923 0.05519812
v 0.17697515 -0.03401625 0.05141941
v 0.15262115 -0.05247150 0.05092302
v 0.09982005 0.11167336 0.05611870
v 0.06755582 0.12024079 0.05048664
v -0.03829496 -0.03782637 0.04963678
v -0.05995263 -0.01805261 0.05551229
v -0.06065973 -0.34139499 0.05261781
v -0.06573331 -0.10435592 0.05442471
v -0.05841246 -0.06684984 0.05259956
v -0.06110937 -0.02231432 0.05238765
v -0.06971462 -0.32642001 0.04270880
v -0.07739253 -0.12654956 0.05276560
v -0.07892804 0.16678055 0.05238326
v -0.08685126 -0.15488164 0.05232401
v -0.08888308 -0.17242162 0.05266541
v -0.09254004 -0.30827802 0.05347898
v -0.09063913 -0.18625735 0.05339894
v -0.09726299 -0.29737180 0.05365242
v -0.09989044 -0.28243044 0.05302173
v -0.10181528 -0.24319932 0.05049923
v -0.10145150 -0.22811858 0.05069280
v -0.10221829 -0.26434430 0.05231747
v -0.10575596 -0.21796976 0.05448120
v -0.11562619 -0.33218682 0.05405277
v -0.11838707 -0.21384484 0.05292996
v -0.11848479 -0.30476302 0.05355599
v -0.12163216 -0.22753491 0.04937083
v -0.12082735 -0.19971149 0.05365642
v -0.12060933 -0.27685729 0.05106533
v -0.12295200 -0.20523073 0.04717024
v -0.12803032 -0.16954707 0.05725118
v -0.12507710 -0.12375647 0.05388458
v -0.12677222 -0.11528552 0.05128507
v -0.12975673 -0.10209204 0.04978770
v -0.14033324 0.15828113 0.04631587
v -0.19699293 -0.01106702 0.05397877
v -0.18741545 0.09484030 0.06048281
v -0.29633233 0.06457260 0.05165553
v -0.30538154 0.06339686 0.05318983
v -0.30504060 0.06187725 0.05401703
v -0.32204995 0.06036759 0.05586863
v -0.32415327 0.10781384 0.04957781
v -0.34329921 0.10432982 0.05100788
v -0.34428036 0.10744051 0.05110855
v -0.36180407 0.10406201 0.05248317
v -0.37434664 0.05215265 0.05299852
v -0.38749504 0.02451973 0.04994063
v -0.38712901 0.05020911 0.05297104
v -0.37872753 0.10100336 0.05227960
v -0.39264882 0.09794702 0.05215633
v -0.40056899 0.09395245 0.05102613
v -0.40123308 0.10314860 0.04940350
v -0.39881930 0.05089210 0.05501057
v -0.40767145 0.09642328 0.05201987
v -0.41508946 0.04950181 0.05438077
v -0.42090839 0.09327584 0.05169202
v -0.41575900 0.02684871 0.05215675
v -0.42682192 0.09588824 0.05191865
v -0.43957260 0.09327200 0.05276178
v -0.44643646 0.09008612 0.05218635
v -0.43619302 0.02802327 0.05503822
v -0.44632262 0.09564847 0.05255045
v -0.45148900 0.08687092 0.05095640
v -0.49121520 0.08672751 0.04898721
v -0.47516146 0.09509514 0.05220329
v -0.49538228 0.09120378 0.04964650
v 0.46042234 0.24729410 0.04445772
v 0.44900820 0.25689676 0.04365154
v 0.45817441 0.23978682 0.04876603
v 0.44594947 0.23823301 0.04835927
v 0.43856636 0.23894483 0.04869538
v 0.43141752 0.25174472 0.04905266
v 0.42245516 0.24377336 0.05044790
v 0.41835240 0.24053347 0.05043132
v 0.41398785 0.23791149 0.04649034
v 0.40719220 0.26649544 0.05199552
v 0.39893556 0.30035490 0.05341344
v 0.39770114 -0.10962950 0.04848203
v 0.39243796 0.19533743 0.04729402
v 0.39409491 0.21319491 0.04641405
v 0.38912642 -0.12256868 0.05194594
v 0.38400951 0.27207890 0.04213855
v 0.38870186 0.28398508 0.04781556
v 0.38517296 -0.13958764 0.04637817
v 0.38241643 0.20271181 0.04667682
v 0.37827680 -0.15845624 0.04921358
v 0.37077117 -0.17839755 0.05015874
v 0.36263278 -0.20040375 0.05335825
v 0.36783722 -0.07057682 0.04337523
v 0.35725683 -0.06689134 0.04714081
v 0.35402569 -0.13753006 0.04644568
v 0.34828240 -0.15607198 0.04932948
v 0.34398389 -0.16850320 0.04986624
v 0.33589670 -0.24472095 0.04833935
v 0.34027034 -0.17530192 0.05288582
v 0.33626568 -0.10249022 0.04928978
v 0.33361098 -0.18848237 0.05388278
v 0.33231059 -0.10302564 0.04557930
v 0.30971706 -0.09579486 0.04720114
v 0.28683490 -0.22060142 0.05279820
v 0.28435504 0.01365763 0.05211179
v 0.28060505 -0.00699723 0.05304017
v 0.28456020 -0.09013163 0.04815503
v 0.27660537 -0.01905080 0.05118101
v 0.25797033 -0.08533903 0.04868010
v 0.26609582 0.06365980 0.05138766
v 0.24690421 -0.08315465 0.04671639
v 0.22991648 0.11476658 0.04654767
v 0.21354659 0.11827377 0.05035026
v 0.19915894 -0.06654394 0.04538685
v 0.19026652 0.13387428 0.04996942
v 0.18924354 -0.05168803 0.04658898
v 0.18450947 -0.04268578 0.04891877
v 0.18017124 -0.04018430 0.04798068
v 0.15517022 -0.04290036 0.05538859
v 0.16127373 0.13210306 0.04908251
v 0.14384055 -0.06067680 0.04597745
v 0.09162119 0.11925857 0.04950754
v 0.05996165 -0.06731371 0.04810163
v 0.04266546 -0.06684444 0.04550211
v 0.00867279 0.12967095 0.04980008
v -0.00744929 0.13852598 0.04576851
v 0.00340038 -0.05732956 0.04606855
v -0.01441315 0.13845365 0.05151477
v -0.01908918 0.14638150 0.04195444
v -0.02783495 -0.04587761 0.04590863
v -0.05725569 -0.02664972 0.04444985
v -0.05823254 0.16732182 0.04804401
v -0.06313834 -0.34175467 0.03819151
v -0.06506862 -0.08440313 0.04733158
v -0.05985589 -0.02109912 0.05090139
v -0.06529880 -0.33447376 0.05235656
v -0.06617597 -0.09851953 0.04936620
v -0.06707890 -0.03882968 0.04460305
v -0.07613455 -0.32003477 0.04677707
v -0.07180448 -0.11670990 0.05113864
v -0.07658090 -0.12903392 0.04896803
v -0.08172219 -0.14252496 0.04888292
v -0.08644018 -0.16773857 0.04733085
v -0.08497208 -0.15639631 0.04812149
v -0.08685759 -0.18325156 0.04617264
v -0.08904383 -0.31113476 0.04742754
v -0.09535757 -0.20309298 0.04939669
v -0.09546725 -0.29414105 0.04778980
v -0.09819636 -0.27963459 0.04774629
v -0.09998702 -0.25770441 0.04751499
v -0.10006525 -0.23941359 0.04740233
v -0.09954311 -0.22016889 0.04906230
v -0.11477673 -0.34275967 0.05219324
v -0.11479133 -0.33057636 0.04808469
v -0.11971285 0.16465358 0.04677518
v -0.11751237 -0.31630483 0.05098340
v -0.11962158 -0.30194297 0.04932269
v -0.12136011 -0.27871162 0.04674125
v -0.12224333 -0.25002551 0.04976856
v -0.12139977 -0.21568376 0.04935038
v -0.12634537 -0.19557635 0.04655142
v -0.12708625 -0.13270220 0.04670254
v -0.12948921 -0.18187365 0.05058587
v -0.13114257 -0.16708472 0.04751621
v -0.13722245 -0.08237411 0.04994743
v -0.15243550 -0.05836948 0.05165217
v -0.18271422 -0.02759694 0.05272323
v -0.18112135 0.11935750 0.04730860
v -0.19117352 0.10458615 0.04861807
v -0.21187145 0.02974304 0.05140962
v -0.28552881 0.06812441 0.04912235
v -0.29004297 0.06840450 0.04957766
v -0.30312639 0.06494975 0.05046651
v -0.30464071 0.10884572 0.04682540
v -0.32345632 0.10961491 0.04918803
v -0.33594194 0.11456951 0.04750800
v -0.35086748 0.05572338 0.04640675
v -0.35929856 0.09670170 0.04836755
v -0.35849816 0.05481890 0.04884285
v -0.35384566 0.11223702 0.04934205
v -0.36667603 0.02454660 0.04496897
v -0.37678462 0.04678264 0.04612117
v -0.36799860 0.05219327 0.04983747
v -0.36431196 0.05397076 0.05181364
v -0.36148220 0.11343054 0.04817020
v -0.36314255 0.08937635 0.04375742
v -0.37659988 0.11203558 0.04612345
v -0.37720993 0.10987033 0.04848297
v -0.37717181 0.09621073 0.05044395
v -0.39410281 0.10744933 0.04654444
v -0.41218194 0.04730105 0.05095638
v -0.40528694 0.04020521 0.04299660
v -0.41737938 0.10259086 0.04823357
v -0.40772137 0.10493169 0.04687489
v -0.41380259 0.03136282 0.04931027
v -0.41245714 0.08910140 0.04866093
v -0.43503028 0.08619010 0.04906369
v -0.44127297 0.10040041 0.04929639
v -0.43155318 0.03373867 0.05091923
v -0.43377674 0.04076491 0.04767254
v -0.43550438 0.03854426 0.04856828
v -0.44459552 0.03530428 0.05344793
v -0.44415152 0.04159181 0.05088975
v -0.43966436 0.04470859 0.05198517
v -0.45490614 0.08161626 0.04521563
v -0.44333121 0.08357751 0.04740479
v -0.44569346 0.09889580 0.04973627
v -0.46202740 0.09640548 0.05145701
v -0.47639346 0.09342930 0.04992914
v -0.46874788 0.08347175 0.04912455
v -0.47456205 0.08528878 0.05063112
v -0.47760892 0.08561030 0.04838346
v -0.49203280 0.09369212 0.05131585
v 0.47418365 0.24639703 0.03753655
v 0.46363759 0.24080978 0.04330118
v 0.45111984 0.24338962 0.04280189
v 0.43284354 0.23793648 0.04560342
v 0.43212566 0.26899630 0.04033420
v 0.42622563 0.23779762 0.04655201
v 0.41296482 0.26674667 0.04543707
v 0.41471133 0.26118416 0.04570532
v 0.41187459 0.28103051 0.04705740
v 0.40953740 0.30144668 0.04821882
v 0.40905109 0.16930935 0.04303561
v 0.40336701 0.19065091 0.04582366
v 0.41367656 0.25179535 0.04749952
v 0.39980841 0.20163453 0.04671117
v 0.40280965 0.22389573 0.04375106
v 0.39703351 -0.09134540 0.04746547
v 0.40004721 0.23634243 0.04285819
v 0.39775467 -0.11386778 0.04342110
v 0.39487520 0.26075923 0.04135464
v 0.38860792 -0.12866388 0.04634533
v 0.38966861 -0.08410951 0.04598337
v 0.39346686 0.16303813 0.04203625
v 0.39191586 0.23078881 0.04354318
v 0.38992020 0.18098503 0.04540780
v 0.38997123 0.20596905 0.04813046
v 0.37974593 -0.15409307 0.04457295
v 0.37220851 0.19765525 0.04327520
v 0.36532617 -0.18830670 0.04679367
v 0.35692829 -0.06534365 0.04400232
v 0.35463187 -0.20814800 0.04769493
v 0.35314995 -0.11558907 0.04340285
v 0.34498397 -0.22622821 0.04647443
v 0.34804842 -0.16161673 0.04592589
v 0.35329410 -0.14649138 0.04340661
v 0.34783134 -0.10952694 0.04513619
v 0.34636098 -0.17004250 0.04509126
v 0.33913532 -0.18365525 0.04794965
v 0.34864900 -0.10968584 0.04300873
v 0.33278757 -0.24047215 0.03996212
v 0.33428967 -0.05269679 0.04562053
v 0.32347873 -0.20098199 0.05299031
v 0.31637418 -0.20839100 0.04718677
v 0.31998673 -0.04384272 0.04500776
v 0.30564973 -0.21509279 0.03817568
v 0.30223024 -0.03089793 0.04575885
v 0.29528293 -0.02654672 0.04711870
v 0.30151772 -0.24958001 0.04639050
v 0.29166755 -0.23989822 0.04692461
v 0.28994653 -0.22905485 0.04317630
v 0.29005808 -0.21824650 0.04597283
v 0.28492972 -0.00447207 0.04533195
v 0.28639039 0.00224925 0.04451506
v 0.28578365 0.01967945 0.04751210
v 0.28332147 0.03197984 0.04655808
v 0.28009525 -0.01953749 0.04639777
v 0.27982146 -0.01508491 0.04724669
v 0.27765027 0.04603203 0.04777427
v 0.27115282 -0.08753181 0.04568946
v 0.24895647 0.08921822 0.04599482
v 0.24295259 0.09824997 0.04596884
v 0.24823557 0.13098939 0.04300762
v 0.23477621 0.14757860 0.04313545
v 0.22739255 0.13383454 0.04551094
v 0.22562338 -0.07869810 0.04859146
v 0.20858325 0.13670450 0.04622222
v 0.16882676 -0.05399113 0.04411427
v 0.13950227 0.13171262 0.04496281
v 0.11364144 -0.06537785 0.04908382
v 0.11153734 0.12142880 0.04771290
v 0.09405040 -0.07075429 0.04401965
v 0.09289510 0.12603915 0.04220521
v 0.08190964 -0.06880978 0.04774781
v 0.03398871 0.12735355 0.04601071
v -0.02662914 0.15112326 0.03938824
v -0.02833516 0.15123652 0.04840234
v -0.06440456 -0.02215925 0.04684609
v -0.07247280 -0.11608386 0.04812188
v -0.07642675 -0.12753385 0.04702007
v -0.07175572 0.16933046 0.04528472
v -0.08392011 -0.14719418 0.04399207
v -0.07986684 -0.13783018 0.04664277
v -0.07883064 -0.12817106 0.04418350
v -0.08990203 -0.19476834 0.04675834
v -0.08717755 0.17056122 0.04208922
v -0.09365319 -0.30238530 0.04621204
v -0.09755906 -0.29172507 0.04278021
v -0.09848028 -0.27960032 0.04458618
v -0.09816781 -0.22012049 0.04438115
v -0.09461871 -0.20507480 0.04453459
v -0.09986524 -0.26637736 0.04396651
v -0.11471269 -0.31788543 0.04408387
v -0.12133592 -0.26673290 0.04425852
v -0.12253955 -0.21312267 0.04475256
v -0.12653723 -0.11241910 0.04382127
v -0.12452132 0.16938746 0.03566384
v -0.12868093 -0.18827471 0.04850785
v -0.13050160 -0.17261155 0.04410814
v -0.12811524 -0.14188467 0.04809351
v -0.13187727 -0.09091052 0.04347876
v -0.17280829 0.12790366 0.04858353
v -0.27844241 0.07282805 0.04440216
v -0.29071251 0.06856582 0.04307952
v -0.30196714 0.11125523 0.04659477
v -0.31711042 0.04121091 0.04703049
v -0.32495356 0.05836594 0.04593565
v -0.31546089 0.11740158 0.04485894
v -0.31593069 0.06151861 0.04837618
v -0.32122540 0.12212128 0.04289815
v -0.33612719 0.05746982 0.04548234
v -0.33864692 0.12004001 0.04456335
v -0.34944782 0.11857983 0.04564013
v -0.36286774 0.02840317 0.04898188
v -0.35825962 0.11551529 0.04635176
v -0.37359619 0.02520201 0.04560681
v -0.39130133 0.02994626 0.04631342
v -0.38990363 0.02575694 0.04898977
v -0.40578893 0.03604235 0.04344858
v -0.39763948 0.08609334 0.04462890
v -0.42495924 0.03775452 0.04620977
v -0.41848284 0.03936102 0.04440334
v -0.42429319 0.09987309 0.04483690
v -0.41566455 0.10294072 0.04603432
v -0.42659837 0.04266421 0.04776476
v -0.42261389 0.07844679 0.04027290
v -0.46081814 0.09011403 0.04624693
v -0.46522424 0.08448885 0.04596453
v -0.47140977 0.08834759 0.04762573
v -0.48588598 0.09002497 0.04762028
v 0.47137117 0.25154811 0.03971536
v 0.47057796 0.24416661 0.03784294
v 0.46457055 0.25569972 0.04066388
v 0.47144151 0.26142311 0.04025602
v 0.46672314 0.27079612 0.03831918
v 0.46090692 0.26519606 0.03942074
v 0.43900385 0.24303156 0.04445839
v 0.43964982 0.24761008 0.04192284
v 0.43432757 0.23636526 0.04018650
v 0.43048683 0.23485927 0.04142259
v 0.43243104 0.22933003 0.03828178
v 0.42444301 0.23375721 0.04166393
v 0.41995871 0.26729262 0.04258794
v 0.42264470 0.17410353 0.04045450
v 0.41901547 0.19708622 0.04205929
v 0.41838214 0.22568870 0.04048892
v 0.41828740 0.27516738 0.03829320
v 0.41126958 0.23360159 0.04208539
v 0.41847301 0.15951601 0.03941237
v 0.41283941 0.28415772 0.04244538
v 0.40970677 0.24153355 0.04494477
v 0.40213126 -0.10216074 0.04146874
v 0.39739710 -0.09044521 0.04041909
v 0.39305803 0.24767832 0.04107189
v 0.40170881 0.25507858 0.04361661
v 0.39187595 -0.12303274 0.04047470
v 0.38556799 -0.13464630 0.03891770
v 0.38688284 0.25409427 0.03813424
v 0.39052045 0.25699285 0.03872413
v 0.38387153 0.26837417 0.03924846
v 0.38882774 0.28117222 0.03685252
v 0.37953722 -0.14986412 0.04070775
v 0.39017740 0.15594055 0.03888436
v 0.38019976 0.17089480 0.04199017
v 0.38405973 0.23279396 0.04124736
v 0.38209477 0.26215532 0.03813580
v 0.37290126 -0.16973318 0.04482777
v 0.36773932 -0.17552528 0.04203188
v 0.37159935 0.18772973 0.04255130
v 0.35940182 0.19587083 0.03673496
v 0.36008558 -0.19249478 0.04364895
v 0.35732061 -0.18776229 0.04062682
v 0.35677797 -0.13454969 0.04107443
v 0.35227898 -0.20190832 0.04271466
v 0.34667814 -0.20186512 0.04107210
v 0.35070968 -0.17827149 0.03998140
v 0.35244179 -0.16043848 0.04102154
v 0.34454653 -0.21780936 0.04353994
v 0.34612429 -0.19285114 0.04097486
v 0.34331036 -0.20911288 0.04016552
v 0.34340143 -0.18558072 0.04302810
v 0.34396890 -0.05890243 0.04258334
v 0.33711904 -0.23115250 0.04202208
v 0.33896938 -0.21657553 0.03889246
v 0.33681977 -0.19900155 0.04342557
v 0.32604235 -0.25213280 0.04924494
v 0.33022541 -0.21065167 0.04199598
v 0.32288498 -0.25358838 0.04394618
v 0.31576619 -0.21692212 0.03647303
v 0.31587869 -0.25366327 0.04300343
v 0.30937806 -0.09505519 0.04382011
v 0.29743093 -0.24646728 0.04295096
v 0.29249725 -0.22985524 0.03898716
v 0.29757875 -0.21572296 0.03944866
v 0.28115693 -0.02157317 0.04004479
v 0.29028898 -0.09067797 0.04482009
v 0.28455064 0.02389018 0.03588610
v 0.27141386 0.05884479 0.03931627
v 0.26062971 0.07844319 0.04050423
v 0.26470482 0.12188085 0.03877685
v 0.26363501 0.15810193 0.03993392
v 0.25336951 0.09164375 0.04134037
v 0.25681376 0.17117879 0.03959656
v 0.25613269 -0.08412097 0.04187703
v 0.24623235 0.10264934 0.04391760
v 0.25143576 0.11707338 0.04225053
v 0.25407472 0.14085475 0.04225945
v 0.23478764 0.16726841 0.03861200
v 0.22321610 0.14827079 0.04273656
v 0.20411858 -0.07203260 0.04738779
v 0.21443170 0.16056655 0.03848203
v 0.19457388 -0.05805039 0.03946725
v 0.18615218 -0.05125647 0.04183716
v 0.18073788 -0.05402921 0.04030407
v 0.14082822 0.14940596 0.03168386
v 0.15419304 -0.06786939 0.03389167
v 0.13136156 -0.06906855 0.03970943
v 0.12568846 0.12553674 0.04607204
v 0.10833431 -0.07188718 0.04008881
v 0.11013129 0.13269722 0.03653257
v 0.07729469 -0.07493524 0.03493309
v 0.06562521 -0.06949151 0.04471860
v 0.02398270 -0.06151428 0.04896560
v 0.02104973 0.13674885 0.03329023
v -0.04569734 0.16330497 0.04889428
v -0.06352537 -0.33610472 0.04376566
v -0.06572313 -0.33624732 0.03843129
v -0.06801647 -0.02819526 0.04313224
v -0.07393466 -0.10619413 0.04379890
v -0.07747889 -0.32198268 0.04068983
v -0.08597448 -0.15957718 0.04475823
v -0.09967975 -0.21343660 0.03902521
v -0.09686818 -0.30178452 0.03975899
v -0.10196848 -0.27618459 0.04010080
v -0.10161462 -0.24742335 0.04096308
v -0.09997774 -0.23377049 0.04365373
v -0.09842543 -0.34298047 0.04027358
v -0.10439494 -0.26084912 0.03884193
v -0.10354865 -0.22841813 0.03816769
v -0.11171132 -0.34440061 0.04314428
v -0.11767184 -0.30316111 0.04347105
v -0.11703235 -0.26558426 0.03900606
v -0.11967918 -0.24328917 0.04060051
v -0.12081137 -0.22011670 0.04072879
v -0.12191660 -0.23947509 0.04354510
v -0.12911969 -0.16701503 0.03869626
v -0.12802912 -0.14865990 0.04250463
v -0.12496137 -0.13026316 0.04038896
v -0.12451607 -0.11867013 0.04007547
v -0.13559106 0.16090982 0.04566070
v -0.14140053 -0.07146657 0.04390422
v -0.16008000 -0.05031164 0.05256531
v -0.18601920 0.12297413 0.03249092
v -0.19589932 -0.00878615 0.04043814
v -0.20645177 0.01048338 0.04029613
v -0.20712993 0.06398249 0.04953535
v -0.26202875 0.07783243 0.04114215
v -0.27449521 0.07317115 0.04637261
v -0.27379134 0.11249955 0.04065081
v -0.28784764 0.11211884 0.04416509
v -0.29724556 0.11672318 0.04337279
v -0.30201906 0.12346024 0.04030096
v -0.30822995 0.06242786 0.04383690
v -0.31089097 0.10089180 0.04459177
v -0.32101303 0.12351613 0.04121151
v -0.32880944 0.09227812 0.04230624
v -0.32744825 0.02880865 0.03517747
v -0.33180735 0.12145435 0.04152269
v -0.35104167 0.02436128 0.03840435
v -0.33468118 0.05594932 0.04189066
v -0.33874640 0.12020598 0.04301160
v -0.35365266 0.11538955 0.04257709
v -0.36094075 0.02520764 0.04157232
v -0.38136920 0.11001305 0.04497804
v -0.37692752 0.08826681 0.04474113
v -0.38731140 0.03871302 0.04006973
v -0.39250386 0.03331175 0.04289764
v -0.39093187 0.03641262 0.04022638
v -0.39702585 0.04018572 0.04253091
v -0.40676859 0.07529292 0.03693493
v -0.40004563 0.10414019 0.04367018
v -0.43726510 0.08927951 0.03989292
v -0.43993345 0.09607188 0.04511708
v -0.45082867 0.08603894 0.04029485
v 0.47639856 0.24934785 0.03711432
v 0.46608433 0.28410646 0.03493859
v 0.46423909 0.25055668 0.03659546
v 0.46220961 0.27890229 0.03614841
v 0.45945519 0.24263045 0.04126091
v 0.45489842 0.25214684 0.03713543
v 0.44446847 0.25168285 0.03750984
v 0.45229152 0.28381571 0.03385971
v 0.44933444 0.26660317 0.03998842
v 0.43661699 0.24066560 0.03958245
v 0.43946952 0.25109345 0.03480370
v 0.44258270 0.27853543 0.03593796
v 0.43656465 0.28470081 0.03364404
v 0.43766585 0.16017051 0.03469519
v 0.42041397 0.20679291 0.04101655
v 0.43799877 0.22974755 0.03268825
v 0.43265501 0.21923818 0.03558116
v 0.42922023 0.14498456 0.03420297
v 0.41307703 0.15265448 0.03806475
v 0.41490498 0.27632850 0.04091622
v 0.41135105 0.28865117 0.03858816
v 0.39135578 0.28675163 0.04160991
v 0.38194770 -0.07790898 0.04202352
v 0.38204652 0.26991919 0.03449950
v 0.37991792 0.15345591 0.03366900
v 0.37394577 -0.15565817 0.03809386
v 0.36945957 0.21947417 0.03951831
v 0.36864102 -0.16232745 0.03804238
v 0.37045577 0.15544669 0.03250838
v 0.37435427 0.16382641 0.03841208
v 0.36095256 -0.18153244 0.04002899
v 0.36260387 -0.16149989 0.03676583
v 0.35791487 -0.15062374 0.03833659
v 0.36206049 -0.13548362 0.03560676
v 0.36138287 0.18085721 0.03763526
v 0.35631645 -0.12486026 0.04221062
v 0.35551867 -0.06565309 0.03994427
v 0.33150026 -0.23324281 0.03736711
v 0.33220401 -0.10107812 0.03981640
v 0.34349534 -0.06227229 0.03576420
v 0.33351791 -0.22345276 0.03815791
v 0.32543018 -0.24479043 0.03652208
v 0.31895018 -0.24949706 0.03768566
v 0.32518899 -0.21588334 0.03906436
v 0.31853214 -0.09553557 0.03752371
v 0.30421925 0.20469461 0.03460269
v 0.30102250 -0.09051009 0.03804911
v 0.29621693 -0.24333751 0.04090482
v 0.29782873 -0.23664558 0.03522141
v 0.28749079 -0.02780647 0.03501294
v 0.28391284 0.17244188 0.03670342
v 0.27911237 -0.08486540 0.03483788
v 0.28630716 0.19199494 0.03624615
v 0.28451335 -0.01225951 0.02871358
v 0.28136337 -0.01781402 0.03803689
v 0.27753267 0.13842638 0.03582909
v 0.27189517 0.14269942 0.03812893
v 0.27471095 0.20185657 0.03505422
v 0.26388428 0.09142194 0.03540473
v 0.27194136 -0.08610591 0.04034445
v 0.25269023 0.18070975 0.03719180
v 0.22927153 0.17605698 0.03566893
v 0.23096846 -0.07972350 0.04508326
v 0.21520175 -0.07212263 0.03623392
v 0.20396487 -0.06708016 0.03927588
v 0.20279929 0.14911301 0.04262663
v 0.20017436 -0.06107435 0.03447343
v 0.17824993 0.14184186 0.04378873
v 0.15573527 0.14730635 0.03701629
v 0.04346274 0.13417499 0.03142384
v 0.00346202 0.13864186 0.03823918
v -0.00577856 0.14466150 0.03136261
v -0.03311195 -0.04268662 0.04748528
v -0.07093586 -0.02446559 0.03850487
v -0.07910374 -0.09227451 0.03736287
v -0.07274973 -0.05486915 0.04017383
v -0.07365841 -0.02798551 0.03721403
v -0.08276454 -0.12762009 0.03964757
v -0.07445500 -0.07269053 0.03902564
v -0.09299319 -0.31417486 0.03705616
v -0.08883907 -0.17333616 0.04066014
v -0.09022775 -0.15607485 0.03753011
v -0.09557171 -0.20010442 0.03862505
v -0.09943449 -0.31182492 0.03648752
v -0.10114686 -0.29323027 0.03867310
v -0.10307202 -0.30339253 0.03696677
v -0.10343512 -0.29631573 0.03755437
v -0.10428045 -0.28246272 0.03813557
v -0.10987806 -0.31767386 0.03827581
v -0.10440650 -0.31833190 0.03507333
v -0.10649612 -0.30532163 0.03634897
v -0.10732479 -0.28708753 0.03691583
v -0.10797901 -0.26401433 0.03717965
v -0.10621432 -0.24267727 0.03730459
v -0.10971821 -0.33338872 0.03868955
v -0.11043868 -0.29561782 0.03717010
v -0.11120825 -0.27051196 0.03687938
v -0.11167970 -0.24636015 0.03638134
v -0.11125654 -0.30817068 0.03823277
v -0.11701415 -0.27911839 0.03942441
v -0.11470439 -0.27572033 0.03816836
v -0.11503750 -0.25753242 0.03754922
v -0.11506683 -0.23613423 0.03674562
v -0.11615804 -0.21201871 0.03543353
v -0.11768610 -0.23990630 0.03838047
v -0.11825314 -0.22066982 0.03780781
v -0.12195290 -0.20399646 0.03943550
v -0.11993626 -0.11100642 0.03341632
v -0.12608555 -0.18998924 0.03975755
v -0.12579159 -0.15252194 0.03672796
v -0.12658751 -0.10363925 0.03976982
v -0.12726317 -0.09805520 0.03844493
v -0.13612254 -0.07592068 0.03857689
v -0.14400141 -0.06182580 0.03724643
v -0.15804805 -0.04694786 0.03773164
v -0.15038943 0.14981979 0.04796397
v -0.16042864 0.14868523 0.03547154
v -0.17563589 -0.03164588 0.04309474
v -0.17187712 0.13888972 0.03296638
v -0.17714033 -0.02599964 0.03219889
v -0.19633356 -0.00069595 0.02834520
v -0.20978051 0.06154690 0.03706335
v -0.20473470 0.08137719 0.03591561
v -0.21144076 0.04759457 0.03417424
v -0.25057951 0.11892559 0.03434694
v -0.26032341 0.07664178 0.04011958
v -0.25697833 0.11949711 0.03663818
v -0.26879856 0.11730941 0.03932294
v -0.26538938 0.07775637 0.03907305
v -0.26414290 0.06036790 0.03325598
v -0.27607304 0.12091324 0.03824370
v -0.27189717 0.07430284 0.03473038
v -0.29606363 0.06558308 0.03829074
v -0.29151046 0.10177059 0.04141118
v -0.29521772 0.12710394 0.03652336
v -0.30350539 0.04417970 0.04314990
v -0.30954570 0.12527864 0.03953092
v -0.30787212 0.05988434 0.03728482
v -0.31414419 0.05860436 0.03934953
v -0.31728286 0.05892837 0.03659579
v -0.32082722 0.12180218 0.03667027
v -0.31913885 0.12346225 0.03860039
v -0.31943426 0.08642077 0.03850018
v -0.33745721 0.02515648 0.03351555
v -0.33997840 0.11751231 0.03985094
v -0.33706549 0.04695880 0.03471870
v -0.34057379 0.08350284 0.03855351
v -0.36248526 0.10709965 0.03808209
v -0.36266014 0.04731723 0.04199180
v -0.35609144 0.09778747 0.03334044
v -0.36886585 0.03066231 0.03921285
v -0.36392096 0.11047615 0.04054097
v -0.37479487 0.03919373 0.03755589
v -0.38964978 0.08999839 0.03468852
v -0.38874578 0.09656621 0.03717428
v -0.38773826 0.10316163 0.04059767
v -0.40777656 0.09602066 0.03960603
v -0.40637416 0.08884113 0.03603363
v -0.42406565 0.09487861 0.04105630
v -0.42906898 0.07470494 0.03605711
v -0.42375457 0.08953767 0.03818524
v -0.44197541 0.07776903 0.03951885
v -0.45118389 0.07959398 0.04068969
v 0.47625715 0.24298441 0.03205775
v 0.46276686 0.26598492 0.03470403
v 0.45918846 0.27731529 0.03304289
v 0.45688418 0.25342095 0.03243053
v 0.45784730 0.28673926 0.03024851
v 0.44921678 0.28641629 0.03213066
v 0.44913641 0.25589788 0.03373191
v 0.44048509 0.14367771 0.03270756
v 0.43411231 0.18219368 0.03604750
v 0.44414759 0.23368834 0.02788560
v 0.43728834 0.23698859 0.03539314
v 0.44108236 0.25545919 0.03318046
v 0.44475648 0.20815654 0.02966256
v 0.42488575 0.28456998 0.03266757
v 0.41774943 0.14316788 0.03361013
v 0.42126334 0.28048301 0.03453876
v 0.41916671 0.13711739 0.03033315
v 0.41685420 0.28318003 0.03236457
v 0.41425940 0.28311718 0.03559600
v 0.40175059 0.14969933 0.03676647
v 0.40868706 0.29042611 0.03484880
v 0.39923641 -0.11066864 0.03696797
v 0.40043402 -0.10335848 0.03193606
v 0.39599991 0.14714454 0.03260840
v 0.39753503 0.28623337 0.03385974
v 0.38397729 0.27474642 0.03090181
v 0.39015466 -0.08367488 0.03392817
v 0.38219237 -0.07892381 0.03524044
v 0.37747902 -0.13922597 0.03372850
v 0.37520513 0.26748708 0.03448388
v 0.37598133 0.25852185 0.03573433
v 0.36706966 -0.14826921 0.03507014
v 0.36408761 -0.07363595 0.03289699
v 0.36858106 -0.13685797 0.03329543
v 0.35623574 0.17185296 0.03317152
v 0.37040737 0.23973991 0.03509237
v 0.36956894 0.26322922 0.03231917
v 0.35948005 -0.12638186 0.03709975
v 0.36317748 0.26009551 0.03218472
v 0.35639203 -0.11253617 0.03607316
v 0.35793680 0.20386584 0.03491084
v 0.36038077 0.22523551 0.03328303
v 0.36338493 0.24812521 0.03452925
v 0.36091599 -0.10866190 0.03191759
v 0.35541999 0.18318108 0.03395248
v 0.34489337 -0.10434937 0.03666744
v 0.34389880 -0.09851587 0.03172232
v 0.34497657 0.25104842 0.03202277
v 0.35283211 0.23619016 0.03485107
v 0.33481860 0.23038375 0.03350493
v 0.33376974 0.24138534 0.03226041
v 0.33221880 -0.09836945 0.03564608
v 0.32224685 -0.23100868 0.03145305
v 0.32890731 -0.22342245 0.03623302
v 0.31806773 0.19907366 0.03253947
v 0.31364083 -0.23893659 0.03004126
v 0.31929815 -0.22342815 0.03388469
v 0.31951612 0.22971617 0.03314334
v 0.31272483 -0.25259253 0.03895035
v 0.30528897 -0.24296829 0.03490613
v 0.31044388 0.18779945 0.03294493
v 0.30100873 0.15518042 0.02887977
v 0.29522634 0.16765049 0.03406895
v 0.29230905 0.21556237 0.03392731
v 0.28756446 0.13488507 0.03117901
v 0.28563452 0.15750626 0.03562048
v 0.28036407 -0.02287712 0.03375634
v 0.27375495 0.10235904 0.03194341
v 0.26726517 0.06958056 0.03635463
v 0.26328450 0.07985196 0.03590966
v 0.23821408 0.18830487 0.03340138
v 0.24094601 -0.07949534 0.03296863
v 0.23296063 -0.07180908 0.02270947
v 0.19280292 -0.05744050 0.03642474
v 0.18032251 -0.05917479 0.03523721
v 0.13000156 0.14770007 0.02724230
v 0.12510662 0.14045861 0.03309065
v 0.10616233 0.13554946 0.03254295
v 0.05233254 0.12831974 0.04084788
v 0.03164484 -0.06996533 0.03355194
v 0.01559004 -0.06791838 0.02730462
v -0.06056520 0.16921631 0.03559879
v -0.06738452 -0.02680509 0.03481521
v -0.07872750 -0.32633975 0.03372448
v -0.08258004 0.17411794 0.02745291
v -0.08421071 -0.06251647 0.03307447
v -0.07826457 -0.04339747 0.03545535
v -0.08988632 -0.12443032 0.03468749
v -0.10399137 -0.32652095 0.03297170
v -0.09087298 -0.18724559 0.03806745
v -0.09738346 -0.12613000 0.03123536
v -0.09094804 -0.32162741 0.03237833
v -0.09953078 -0.19782284 0.03440480
v -0.09576515 0.17411049 0.03137176
v -0.10585403 -0.21413316 0.03532954
v -0.10710518 -0.19871628 0.03170598
v -0.10856763 -0.22744556 0.03572669
v -0.11124853 -0.20393455 0.03246547
v -0.11226522 0.17288060 0.03216333
v -0.11217962 -0.22485913 0.03533557
v -0.11845779 -0.14633845 0.03046619
v -0.11870819 -0.12324944 0.03244082
v -0.12039117 -0.19421983 0.03399811
v -0.12168784 -0.16336110 0.03071691
v -0.12233464 -0.14231917 0.03426496
v -0.12794828 -0.18410662 0.03860017
v -0.12303757 -0.09607416 0.03307718
v -0.13041504 -0.08462501 0.03612784
v -0.13900526 0.16514134 0.03185524
v -0.19990818 0.09766077 0.03261291
v -0.20690261 0.01644675 0.03129709
v -0.21144871 0.02990488 0.03734641
v -0.24735397 0.08341689 0.03482013
v -0.24610175 0.08627646 0.03066021
v -0.23007193 0.11605863 0.02691171
v -0.25270081 0.08275997 0.03570755
v -0.24095756 0.12666693 0.02914624
v -0.25773659 0.08156764 0.03196347
v -0.26923931 0.12812893 0.03267623
v -0.29336694 0.04876085 0.04123837
v -0.28375179 0.06771149 0.03053808
v -0.28361037 0.12945506 0.03303982
v -0.31477666 0.03498551 0.03715448
v -0.30563861 0.05929768 0.03135977
v -0.30243567 0.12711497 0.03543467
v -0.31147903 0.05917275 0.03352862
v -0.31112507 0.12043654 0.03287647
v -0.31821087 0.10915831 0.03153228
v -0.32265046 0.04712239 0.02840739
v -0.31921798 0.05541924 0.03327509
v -0.32511801 0.05688373 0.03892627
v -0.32431331 0.11811642 0.03525318
v -0.33894116 0.11191475 0.03571540
v -0.35348022 0.02937007 0.03466437
v -0.35758451 0.07474235 0.03406458
v -0.36287296 0.03429252 0.03440653
v -0.35921273 0.03929867 0.03284615
v -0.37402540 0.03688306 0.03623343
v -0.36622879 0.09128360 0.03226446
v -0.37758169 0.03501219 0.03781798
v -0.37081274 0.09805644 0.03546261
v -0.37426925 0.07233235 0.03305961
v -0.40660372 0.06990492 0.03233268
v -0.40828460 0.07953049 0.02694783
v -0.41987315 0.07223253 0.03342040
v -0.43471247 0.07996422 0.03366833
v -0.42640221 0.08288393 0.03311370
v -0.44196269 0.07746346 0.03671573
v -0.44614434 0.08285972 0.03759191
v 0.48015758 0.10640587 0.03084568
v 0.48508972 0.12385147 0.02681656
v 0.47460550 0.10790631 0.03121218
v 0.47094622 0.09984083 0.02778834
v 0.47126591 0.11455298 0.03004685
v 0.46820709 0.12466130 0.02860917
v 0.46738639 0.24708778 0.03436428
v 0.46394968 0.10120066 0.02696718
v 0.46007395 0.12532601 0.02903826
v 0.46065283 0.13293333 0.02879334
v 0.45408532 0.14336136 0.02991736
v 0.45826176 0.11761531 0.02754480
v 0.45557547 0.15693077 0.02924499
v 0.45773616 0.25266746 0.02791280
v 0.45896250 0.28336507 0.03082623
v 0.44553772 0.18625121 0.03094809
v 0.45009190 0.12225058 0.02740737
v 0.44867253 0.13252953 0.02979978
v 0.44924951 0.28709331 0.02926991
v 0.44381925 0.25248706 0.02629547
v 0.44412860 0.25907522 0.02859482
v 0.43721813 0.28639799 0.03130234
v 0.43754038 0.13242726 0.02946570
v 0.44026661 0.12645574 0.02697028
v 0.42704874 0.13661849 0.03033131
v 0.42196918 0.13441759 0.02796335
v 0.42113310 0.28424484 0.03070184
v 0.41260847 0.28647116 0.02846537
v 0.41061482 0.13979806 0.02965419
v 0.39544031 -0.09098102 0.03124723
v 0.40836713 0.28923246 0.02837499
v 0.39163169 -0.12076385 0.03252097
v 0.38971829 0.14484788 0.02811122
v 0.39204052 0.28196153 0.02984297
v 0.38576686 -0.12886076 0.03212964
v 0.38710487 -0.12022002 0.02704098
v 0.38818547 0.27974513 0.02793996
v 0.38024175 0.14927717 0.02912434
v 0.37592989 -0.12736917 0.02919025
v 0.37090337 -0.08198571 0.02940464
v 0.37729129 0.27620754 0.02572607
v 0.36670911 -0.12746841 0.03133000
v 0.36640519 -0.11307020 0.02902383
v 0.36187977 0.15987468 0.02960582
v 0.35219371 0.17534225 0.02824926
v 0.35226321 0.21247590 0.03040073
v 0.34863129 -0.07601380 0.02894946
v 0.34801421 0.20035596 0.02532466
v 0.34293118 -0.08907296 0.02842439
v 0.34349439 0.22453572 0.03332856
v 0.33407053 -0.09262262 0.03082109
v 0.34921518 0.20536949 0.02717633
v 0.33289903 -0.06851766 0.02965397
v 0.32761866 0.21251434 0.03322092
v 0.33196470 -0.05627714 0.03628152
v 0.32262024 0.19264083 0.02989779
v 0.33388856 0.25226623 0.02648150
v 0.32044208 -0.06291658 0.02848021
v 0.31785223 -0.08840259 0.03141156
v 0.31994775 0.24147353 0.02860771
v 0.31165680 -0.24818665 0.03487685
v 0.31311956 -0.23358789 0.02867403
v 0.31959245 -0.05268054 0.03308376
v 0.30883354 0.16718361 0.02830186
v 0.30938938 -0.22454116 0.03209937
v 0.30392772 -0.08594710 0.03237565
v 0.30262735 -0.23280573 0.03125260
v 0.30377689 -0.04395438 0.03062037
v 0.31030259 0.22733258 0.03292941
v 0.28828904 -0.08088341 0.02959099
v 0.29517925 0.13862416 0.02764107
v 0.28709137 -0.00009813 0.03106123
v 0.28698817 0.01045017 0.03391626
v 0.28056365 0.11644073 0.03152850
v 0.27575961 0.21200819 0.03181062
v 0.26763079 0.07767639 0.03045877
v 0.26120800 -0.08217943 0.03301555
v 0.24710864 0.20836447 0.02692101
v 0.24646123 -0.08055349 0.03242795
v 0.23643827 0.20294538 0.02695367
v 0.20679285 -0.06271009 0.03140295
v 0.20812930 0.19313334 0.02364402
v 0.19530547 -0.06268641 0.02904420
v 0.19265819 0.16908987 0.03006221
v 0.17683390 -0.06539012 0.02838730
v 0.16253728 0.16735619 0.02602767
v 0.13178596 -0.07368954 0.03061788
v 0.09637972 0.13523835 0.03026038
v 0.07665646 0.12946236 0.03730908
v 0.06059648 -0.07810997 0.02154333
v 0.05094179 -0.07420797 0.03098269
v -0.06967445 0.17161250 0.03282514
v -0.07284596 -0.34182051 0.03080073
v -0.08173397 -0.03076995 0.03024341
v -0.08110343 -0.02753557 0.02847844
v -0.09277809 -0.03996549 0.02502442
v -0.09075572 -0.06785402 0.03013736
v -0.09430621 -0.10084330 0.03095208
v -0.09289930 -0.32715204 0.02854028
v -0.09623705 -0.07871161 0.02875469
v -0.09936693 -0.15778679 0.03107225
v -0.10096461 -0.34342080 0.03116790
v -0.09717276 -0.18021289 0.03133470
v -0.10253328 -0.11352494 0.02929512
v -0.10195306 -0.09165488 0.02846582
v -0.10703131 -0.11041605 0.02856108
v -0.10908899 -0.07996949 0.02694201
v -0.10864975 -0.18688843 0.02807554
v -0.11686847 -0.18184504 0.02844909
v -0.10962433 -0.15575919 0.02733958
v -0.11242810 -0.13502429 0.02922493
v -0.11239785 -0.11385383 0.02973239
v -0.11530578 -0.20027171 0.03267503
v -0.11972563 -0.18304980 0.02963461
v -0.11861359 -0.16148455 0.02922535
v -0.12478135 -0.17734788 0.03299989
v -0.11678428 -0.09253729 0.02942022
v -0.12707508 -0.07788455 0.03062760
v -0.13540420 -0.06680694 0.03167545
v -0.19261351 -0.00764855 0.02863844
v -0.20979145 0.04261772 0.02450275
v -0.22652674 0.09353679 0.02516968
v -0.23009856 0.12590694 0.02604984
v -0.23293683 0.08909286 0.02823838
v -0.23114116 0.12093721 0.02748318
v -0.27680853 0.08733065 0.03239175
v -0.26519611 0.09790342 0.03426033
v -0.26983094 0.05042698 0.02623444
v -0.26858482 0.13163897 0.02867041
v -0.27596200 0.13135573 0.02927279
v -0.29114980 0.03627808 0.02538975
v -0.28777319 0.12972909 0.03109555
v -0.29660055 0.08546203 0.03471487
v -0.29833025 0.12350743 0.03047253
v -0.30262250 0.12543182 0.03292613
v -0.30961922 0.10347357 0.02772624
v -0.32857803 0.02539499 0.03018554
v -0.33902648 0.10505858 0.03309872
v -0.34110698 0.08058912 0.02109622
v -0.35374746 0.03419049 0.03093908
v -0.35708639 0.03720432 0.03117993
v -0.38585868 0.06679134 0.02854811
v -0.39712134 0.06713043 0.02917213
v -0.40055889 0.06797730 0.02824704
v -0.40950233 0.07058955 0.02905644
v -0.42458716 0.07421649 0.03190124
v -0.42233667 0.07924146 0.02977142
v 0.48858890 0.09563979 0.02187021
v 0.48811159 0.13117963 0.02341946
v 0.47983468 0.09883112 0.02797049
v 0.48000887 0.13860412 0.02513058
v 0.47145730 0.08899523 0.02209456
v 0.46733609 0.15110618 0.02622477
v 0.46986675 0.24395199 0.02728767
v 0.46652657 0.09256196 0.02424355
v 0.46163645 0.17006508 0.02525122
v 0.46443391 0.24781360 0.02436892
v 0.45880538 0.26672092 0.02946431
v 0.46240562 0.28584284 0.02956611
v 0.45654464 0.10938908 0.02603698
v 0.45395181 0.28034246 0.02763089
v 0.44991732 0.22008775 0.02482303
v 0.45119151 0.25634104 0.02813259
v 0.45233342 0.27703089 0.02636722
v 0.44965211 0.11266471 0.02432125
v 0.44417325 0.24519850 0.02633022
v 0.44764209 0.25618300 0.02394828
v 0.42936975 0.28614926 0.02580836
v 0.42071947 0.13273062 0.02377153
v 0.40739155 0.28905010 0.02352590
v 0.39684537 -0.10780519 0.02783956
v 0.39640722 0.28558254 0.02533861
v 0.39119643 -0.09604527 0.02565078
v 0.38343334 0.28321904 0.02363479
v 0.39050880 -0.10916213 0.02458807
v 0.38135645 -0.09725901 0.02520543
v 0.37736544 -0.12224178 0.02703226
v 0.38177052 -0.08662858 0.02774428
v 0.37712362 -0.10954367 0.02527850
v 0.36978000 -0.09535652 0.02688059
v 0.36352712 -0.09979508 0.02806596
v 0.36327967 -0.08235725 0.02871862
v 0.35271224 -0.09339271 0.02850948
v 0.35272095 -0.08755691 0.02786473
v 0.35131392 0.16992714 0.02238310
v 0.33735317 -0.07901271 0.02756024
v 0.32869363 0.18823205 0.02578219
v 0.33623064 0.19894904 0.02694971
v 0.31927404 -0.07832624 0.02730223
v 0.32308900 -0.07302421 0.02718869
v 0.31855601 -0.06647374 0.02740570
v 0.31228372 0.15061200 0.02084859
v 0.30468613 -0.06055634 0.02555280
v 0.30569643 -0.07029678 0.02563668
v 0.31088001 -0.06703138 0.02613277
v 0.30620489 -0.05433818 0.02722235
v 0.30751628 -0.07917236 0.02774627
v 0.29554921 -0.07002199 0.02495142
v 0.28446063 -0.04396708 0.02373025
v 0.29584971 -0.05089717 0.02489501
v 0.28493235 0.23186912 0.02502717
v 0.28284580 -0.06854703 0.02311369
v 0.29721770 -0.03564705 0.03281368
v 0.28579420 0.00188748 0.02352738
v 0.27940631 -0.02800247 0.02913842
v 0.27175090 0.06074281 0.02702872
v 0.27003962 -0.07597926 0.02542031
v 0.20713197 -0.06353404 0.02509040
v 0.19457406 0.18365379 0.02458464
v 0.18016580 0.16597633 0.03022087
v 0.18637747 0.19218555 0.01887895
v 0.18714425 -0.06821828 0.02054895
v 0.11678351 -0.07856610 0.02193475
v 0.02454413 0.14153561 0.01851550
v -0.00967829 -0.05876229 0.03274794
v -0.02265163 0.15126552 0.02594084
v -0.03157712 -0.05041501 0.03179066
v -0.03420924 0.15625636 0.02711912
v -0.05085680 0.16503116 0.02227312
v -0.04744128 -0.04179806 0.02880750
v -0.08301183 -0.02781698 0.01978607
v -0.08959600 -0.03041207 0.02162149
v -0.08910105 -0.34230709 0.02704503
v -0.09597790 -0.05534448 0.02713709
v -0.11074018 -0.16996051 0.02684325
v -0.10373080 -0.07055131 0.02670723
v -0.10736525 -0.14061162 0.02815409
v -0.11378229 -0.06237213 0.02467357
v -0.11015879 -0.05209893 0.02217999
v -0.12292130 -0.07083185 0.02688949
v -0.12118280 -0.05941715 0.02373488
v -0.12810425 -0.05950545 0.02493159
v -0.14132044 -0.05254731 0.02493788
v -0.15049073 -0.04248868 0.02164013
v -0.20578031 0.03189058 0.01893243
v -0.20541298 0.07998284 0.02759883
v -0.22719571 0.09747051 0.02407042
v -0.23315558 0.09996112 0.02540834
v -0.22957139 0.10421332 0.02483125
v -0.24983850 0.06697667 0.02850985
v -0.24718428 0.10424972 0.03056498
v -0.24130453 0.09575366 0.02664684
v -0.24489065 0.09042502 0.02659603
v -0.25140452 0.08623968 0.02777127
v -0.24949637 0.09114294 0.02687070
v -0.26023906 0.08328736 0.02806189
v -0.26297638 0.08588222 0.02850830
v -0.25612473 0.05255804 0.01843890
v -0.26349783 0.07773253 0.02839642
v -0.27263415 0.07727603 0.02827308
v -0.26851228 0.13263974 0.02561454
v -0.27568582 0.04094032 0.02027379
v -0.27716950 0.13088849 0.02641928
v -0.27429056 0.07090712 0.02836612
v -0.28066385 0.07338801 0.02769963
v -0.28731906 0.12418544 0.02650013
v -0.28652778 0.06747189 0.02722062
v -0.29134771 0.07055054 0.02561366
v -0.28912544 0.11724427 0.02334460
v -0.28487605 0.12835650 0.02742018
v -0.29103890 0.07702716 0.02871349
v -0.29137179 0.06425809 0.02875192
v -0.29653105 0.11387022 0.02789761
v -0.30078667 0.06062694 0.02633178
v -0.30137265 0.10740324 0.02759910
v -0.30539924 0.02973744 0.02320749
v -0.30614221 0.07798196 0.03111905
v -0.30401045 0.05775723 0.02721578
v -0.30696931 0.09834191 0.02206606
v -0.34221783 0.03464652 0.02556003
v -0.33932337 0.03839635 0.02442147
v -0.34174332 0.07218914 0.02910013
v -0.34849223 0.03782085 0.02774992
v -0.35390523 0.06647409 0.02519496
v -0.35933772 0.08709108 0.02790228
v -0.35690364 0.13588405 0.02443569
v -0.37771755 0.07841253 0.02213469
v -0.36521754 0.06636747 0.02577654
v -0.37765193 0.06573043 0.02462336
v -0.38375846 0.06640212 0.02329195
v -0.40735862 0.07391841 0.02601759
v -0.40824574 0.07642245 0.02548950
v -0.42609125 0.07688526 0.03093483
v 0.49838617 0.10942579 0.01778208
v 0.49316445 0.11816547 0.02348317
v 0.49799582 0.11720376 0.01928068
v 0.49102950 0.10027833 0.02239574
v 0.48927751 0.14586332 0.01765477
v 0.48352018 0.14686258 0.02151192
v 0.47944432 0.08752966 0.02122077
v 0.47516286 0.15870091 0.02142216
v 0.47066274 0.17188688 0.01980208
v 0.47065908 0.24646062 0.02620897
v 0.46693757 0.18579142 0.01739416
v 0.46742171 0.24769507 0.02320418
v 0.46604282 0.25288421 0.02580914
v 0.45858607 0.28829017 0.02446743
v 0.45965105 0.18471418 0.02356917
v 0.45595092 0.20192067 0.02283185
v 0.45450729 0.21710835 0.02049461
v 0.46030363 0.25717312 0.02107445
v 0.45157358 0.26817691 0.01958279
v 0.45622283 0.08522751 0.01645858
v 0.45275164 0.09772255 0.02151547
v 0.45206130 0.25583437 0.02196639
v 0.44952732 0.23540342 0.02067804
v 0.44637921 0.25147206 0.02072820
v 0.44429767 0.11840504 0.02370615
v 0.43896917 0.12142160 0.02273565
v 0.44291171 0.28677741 0.02494163
v 0.42852053 0.13040957 0.02627970
v 0.42003962 0.12933743 0.01648311
v 0.40885016 0.13440810 0.01767241
v 0.40024680 0.13911086 0.02153770
v 0.39042327 0.28818667 0.02093988
v 0.36103904 0.15774585 0.02138531
v 0.36625230 0.26995191 0.02484257
v 0.34799385 0.18430790 0.02092361
v 0.34538388 0.19177023 0.02027947
v 0.32284534 0.16965458 0.02124559
v 0.30419761 0.12878324 0.01845740
v 0.29954192 0.24401626 0.02135286
v 0.28933355 -0.05742775 0.02232800
v 0.29497665 0.10566188 0.01747709
v 0.28375062 0.08990160 0.01947501
v 0.28356996 0.00733054 0.00569582
v 0.28106758 -0.01761574 0.02286300
v 0.27009407 -0.04518725 0.01874434
v 0.27871132 -0.02377876 0.02505503
v 0.26933631 -0.05326651 0.01822325
v 0.27220446 -0.03563182 0.02117268
v 0.27212971 0.07814129 0.02571104
v 0.25792164 -0.07581936 0.02494915
v 0.26712486 -0.07273091 0.02285602
v 0.24105544 0.21635239 0.02118939
v 0.21451715 -0.06395547 0.02415135
v 0.17730510 -0.07091879 0.01732453
v 0.15170567 0.17195943 0.01475369
v 0.13051465 -0.07774419 0.01962390
v 0.09864529 -0.08004320 0.02049588
v 0.10952269 0.14190587 0.02402711
v 0.08275110 0.13964392 0.01758580
v 0.06913907 0.13330756 0.03067473
v 0.00606647 0.14411402 0.02135816
v -0.01263994 0.14989296 0.01524928
v -0.05833226 -0.03506253 0.02838446
v -0.07667902 -0.02706305 0.02673882
v -0.10153697 -0.04914960 0.02354236
v -0.12456197 -0.04977835 0.01963046
v -0.13313892 -0.05573801 0.02460631
v -0.13809843 0.16898178 0.01823689
v -0.15369676 -0.04523468 0.02769014
v -0.16912764 0.14858302 0.01760295
v -0.17412411 -0.02199616 0.01943887
v -0.19292937 0.11416052 0.02930929
v -0.21538438 0.12146501 0.02175643
v -0.21060501 0.11380051 0.01928955
v -0.23808786 0.07989225 0.02791152
v -0.22459054 0.13276444 0.02007605
v -0.23515598 0.06827028 0.01924725
v -0.25423729 0.13359931 0.02542072
v -0.25201309 0.13503723 0.02024127
v -0.26556468 0.13096799 0.01897068
v -0.28028300 0.11853131 0.01991296
v -0.29202163 0.11195624 0.02163319
v -0.28450596 0.11394551 0.02000395
v -0.28258184 0.12751907 0.02004599
v -0.29240280 0.03227812 0.01939600
v -0.29497522 0.10619230 0.02233436
v -0.29678720 0.06609099 0.02470557
v -0.29655507 0.11574719 0.01977851
v -0.30107725 0.12768970 0.02181377
v -0.29450020 0.13352294 0.01950556
v -0.31087518 0.02759066 0.02414132
v -0.30315477 0.05590921 0.01949236
v -0.30286151 0.06649017 0.02295702
v -0.30667490 0.06961214 0.02468716
v -0.29958409 0.09607814 0.01907893
v -0.31584603 0.08919515 0.01884865
v -0.30982694 0.12873924 0.02191013
v -0.30986935 0.13253444 0.02162280
v -0.31496152 0.06415606 0.01953487
v -0.31637993 0.12763667 0.02147429
v -0.32033876 0.06595093 0.02310597
v -0.32872036 0.09351577 0.02416266
v -0.32504535 0.13611111 0.02116944
v -0.33287963 0.06634180 0.02350793
v -0.32835868 0.12882972 0.02158657
v -0.32995319 0.13267429 0.02315143
v -0.34262478 0.06553459 0.02116913
v -0.34437376 0.13000396 0.02165645
v -0.34500635 0.13439253 0.02479427
v -0.36004660 0.13364941 0.02263591
v -0.35683873 0.06575258 0.02085452
v -0.35668722 0.14045145 0.02174947
v -0.37206027 0.06669588 0.02097220
v -0.37220424 0.07039006 0.01932230
v -0.37080374 0.14006667 0.02214418
v -0.38270196 0.06804515 0.02245628
v -0.37901103 0.14393644 0.02021584
v -0.38701069 0.07262255 0.02165352
v -0.39831609 0.07748302 0.02339078
v -0.40827239 0.14704807 0.01821260
v 0.49918562 0.12787850 0.01407498
v 0.49631509 0.10043665 0.01653801
v 0.49657011 0.12822968 0.01809483
v 0.47753361 0.08178610 0.01604338
v 0.48193434 0.15996408 0.01655393
v 0.47414899 0.17973824 0.01143515
v 0.46706757 0.07861059 0.01462377
v 0.46292156 0.25190231 0.02012937
v 0.46581012 0.19530548 0.01377037
v 0.45584673 0.21948278 0.01717430
v 0.45512027 0.28295404 0.02819244
v 0.44784898 0.09970205 0.01529484
v 0.44800857 0.27885330 0.01716785
v 0.45108524 0.28332394 0.02031403
v 0.44665956 0.25353560 0.01535710
v 0.44781268 0.25714368 0.01701702
v 0.45234653 0.25829384 0.01696523
v 0.44429353 0.11005145 0.01812213
v 0.43090972 0.12248194 0.01537234
v 0.41771328 0.29266846 0.01382965
v 0.41066900 0.28966269 0.02020381
v 0.39202335 0.29402784 0.01374187
v 0.37492463 0.28864250 0.01666605
v 0.37388268 0.28261521 0.01911100
v 0.36638713 0.27644625 0.01873128
v 0.36878332 0.28216389 0.01785019
v 0.36090389 0.27956131 0.01567104
v 0.35826552 0.28700227 0.01267448
v 0.35421073 0.26932719 0.01726132
v 0.36176389 0.28587723 0.01615083
v 0.35570234 0.16264531 0.02071216
v 0.33647686 0.17779192 0.01174882
v 0.34574622 0.26099160 0.02243102
v 0.33688346 0.18687999 0.01966029
v 0.31275180 0.25479236 0.01698176
v 0.29312071 0.24942824 0.01598017
v 0.28277817 0.24505040 0.01631076
v 0.27781686 -0.02007774 0.01644086
v 0.27145794 -0.03295539 0.01802310
v 0.27569908 0.04858502 0.01316495
v 0.27402112 0.06184505 0.01900527
v 0.27838078 0.07255836 0.01581918
v 0.26473507 0.22351742 0.02431652
v 0.26377484 -0.03977608 0.01551470
v 0.26555973 -0.06080193 0.01777067
v 0.25075009 -0.06796557 0.01754656
v 0.24257466 -0.07077450 0.02007539
v 0.21835105 -0.06296741 0.01689352
v 0.20477694 0.20573296 0.01634356
v 0.17496324 0.19174071 0.01048644
v 0.07713175 -0.07913611 0.02281129
v 0.04795825 0.13966951 0.01548891
v -0.02121527 -0.06077488 0.01127149
v -0.03247421 0.15574464 0.00786217
v -0.07465561 -0.03048198 0.01880716
v -0.07792524 0.17487895 0.01711568
v -0.09003146 -0.02825677 0.01625054
v -0.10592760 0.17667177 0.01492311
v -0.12502140 0.17355053 0.01793428
v -0.13881257 -0.04137654 0.01594058
v -0.14890735 0.16367352 0.01817971
v -0.15718931 -0.03658771 0.01936888
v -0.17725854 0.14069258 0.01294821
v -0.18481913 -0.00294798 0.01011523
v -0.18491434 0.12845926 0.02205771
v -0.20348535 0.01725519 0.02312683
v -0.20113555 0.09454375 0.01416382
v -0.20245646 0.11752240 0.01729192
v -0.20668253 0.12665822 0.01827489
v -0.21303920 0.10067098 0.01987591
v -0.21026778 0.13090014 0.01842285
v -0.21393423 0.13458169 0.01663558
v -0.21872324 0.07775410 0.01609354
v -0.22586986 0.13578735 0.01667411
v -0.23939027 0.13575900 0.01889447
v -0.25217149 0.12286460 0.01475466
v -0.23837379 0.13465261 0.01418796
v -0.25398302 0.13220240 0.01663926
v -0.26039326 0.11886676 0.01532146
v -0.26297557 0.12720037 0.01687422
v -0.27008972 0.03903554 0.01209204
v -0.26766533 0.11672443 0.01489192
v -0.26813418 0.12062743 0.01686083
v -0.27397147 0.12642498 0.02078902
v -0.27444249 0.11754338 0.01773636
v -0.28142324 0.10564061 0.01692587
v -0.27650720 0.12639889 0.01724622
v -0.27933514 0.03595832 0.01556260
v -0.28691834 0.10107169 0.01845776
v -0.28854027 0.12311933 0.02043626
v -0.29069695 0.11712185 0.01774335
v -0.29234752 0.03230791 0.01718144
v -0.29310489 0.11649874 0.01606008
v -0.29351094 0.03629127 0.01421129
v -0.31076306 0.04957933 0.01536181
v -0.30781823 0.05866335 0.01527741
v -0.30297351 0.06179062 0.02126604
v -0.30747977 0.12442629 0.02087251
v -0.30443856 0.11884325 0.01953083
v -0.30934229 0.12302802 0.01888810
v -0.31434178 0.03739667 0.01621416
v -0.31096435 0.04900603 0.01872872
v -0.30907133 0.08637126 0.01540619
v -0.31681600 0.04552899 0.01997063
v -0.31782189 0.12605596 0.01859105
v -0.31228858 0.03175950 0.02081493
v -0.32979539 0.03646707 0.02014782
v -0.33132234 0.03855772 0.01987253
v -0.32813898 0.06446689 0.01770192
v -0.31669286 0.13791135 0.01867208
v -0.32955909 0.14358076 0.01387989
v -0.34021452 0.06566104 0.01352662
v -0.35271642 0.14306794 0.01954644
v -0.34807295 0.06632365 0.01666444
v -0.34700680 0.06883676 0.01582840
v -0.35103244 0.07511222 0.01965827
v -0.35678297 0.12995329 0.01678880
v -0.35894957 0.07001182 0.01746742
v -0.36263749 0.06718823 0.01788872
v -0.36686632 0.13476510 0.02282430
v -0.37782678 0.14869498 0.01606856
v -0.38169116 0.14066841 0.02061860
v -0.37780744 0.14630142 0.01840684
v -0.39106140 0.14263150 0.01984673
v -0.40758115 0.15054202 0.01579495
v -0.40705147 0.14432472 0.01750651
v -0.42271402 0.14948712 0.01606107
v 0.48653620 0.08297629 0.01074875
v 0.46375713 0.07625258 0.00847386
v 0.46119192 0.20727344 0.01394189
v 0.45699328 0.08049250 0.01309226
v 0.45798656 0.21467283 0.01429415
v 0.45716551 0.25858280 0.01730836
v 0.46390983 0.28954211 0.01996471
v 0.45020860 0.26738372 0.01517933
v 0.45208606 0.22923160 0.01197212
v 0.44991374 0.23910126 0.01702964
v 0.44643107 0.28140685 0.01376389
v 0.44238776 0.10823734 0.00974269
v 0.44956818 0.29045495 0.01492225
v 0.43682548 0.11617984 0.01120795
v 0.40826946 0.13472623 0.01522628
v 0.40171885 0.29253152 0.01656620
v 0.39034489 0.14241199 0.01381896
v 0.38547680 0.29652074 0.00923390
v 0.37371117 0.14874922 0.01829076
v 0.35722923 0.27519110 0.01281328
v 0.34816593 0.17740323 0.01512109
v 0.35289159 0.28316018 0.01258146
v 0.34539995 0.18424545 0.01509404
v 0.32785410 0.25969779 0.01651595
v 0.32192579 0.14614439 0.00692893
v 0.30871254 0.25690657 0.01276562
v 0.28276208 -0.00731279 0.01629201
v 0.27584034 0.04428177 0.02117336
v 0.27803928 0.24543084 0.01314798
v 0.27307293 -0.03133373 0.01327606
v 0.26895133 0.23979485 0.01535148
v 0.25182608 0.23846415 0.00493917
v 0.25728783 -0.04484408 0.01324565
v 0.25492203 -0.06111016 0.01558380
v 0.23633361 -0.05666776 0.01123183
v 0.22691512 -0.06131567 0.01429382
v 0.22626120 -0.06111402 0.01245508
v 0.11735450 0.14994003 0.01526816
v 0.02875255 -0.07387561 0.01811723
v 0.01186657 0.14586596 0.00073876
v -0.03271345 -0.05539598 0.01319998
v -0.09981013 -0.03124620 0.01289576
v -0.10897071 -0.04070035 0.01636807
v -0.11129643 -0.03177446 0.00862757
v -0.17169416 0.14937711 0.00555005
v -0.18408553 0.13198385 0.01344847
v -0.18820570 0.13700607 0.01190950
v -0.19023511 0.12596877 0.01408821
v -0.19230098 0.13250573 0.01411133
v -0.19500247 0.01064166 0.01411051
v -0.19157882 0.11939191 0.01515478
v -0.20016217 0.02230403 0.01321111
v -0.19738892 0.10563617 0.01478294
v -0.19671513 0.12396841 0.01543603
v -0.19904213 0.13651353 0.01263488
v -0.20292468 0.08621198 0.01121484
v -0.20285715 0.10270904 0.01595519
v -0.20815146 0.06603943 0.02268554
v -0.20485480 0.07952269 0.01589661
v -0.21475656 0.08789671 0.01744351
v -0.21776456 0.13673727 0.01292771
v -0.25383589 0.13051769 0.01489713
v -0.26252937 0.04346423 0.01099623
v -0.25908735 0.11940077 0.01388566
v -0.25916874 0.12370308 0.01305492
v -0.27102324 0.12060655 0.01356473
v -0.26108262 0.13041860 0.01358031
v -0.27609923 0.11087996 0.01458235
v -0.27318552 0.11485464 0.01341892
v -0.27512547 0.10752979 0.01058592
v -0.27777725 0.12148261 0.01366489
v -0.27204511 0.13175608 0.01478684
v -0.28474772 0.11507320 0.01617391
v -0.28216654 0.12113011 0.01380616
v -0.28431255 0.09889469 0.01014342
v -0.28620559 0.11578850 0.01576247
v -0.28646904 0.11993145 0.01593427
v -0.29366067 0.09390419 0.01395104
v -0.30031025 0.12011957 0.01636023
v -0.29595709 0.12462424 0.01393266
v -0.30509031 0.13965262 0.01434695
v -0.30433774 0.11626980 0.01730433
v -0.31313789 0.07719938 0.01193282
v -0.31853935 0.03940043 0.01497125
v -0.31382596 0.04341959 0.01343952
v -0.32121399 0.05880622 0.01119843
v -0.31300899 0.06230157 0.01586150
v -0.30959836 0.12371444 0.01518075
v -0.31376708 0.14211303 0.01078330
v -0.32456401 0.12698826 0.01458993
v -0.32709128 0.04560672 0.01254491
v -0.32344550 0.06208184 0.01212538
v -0.32287729 0.07122461 0.01148664
v -0.32378551 0.07468620 0.01450541
v -0.33100531 0.06569266 0.01072022
v -0.33558533 0.06953906 0.01479266
v -0.33820859 0.04239278 0.01278275
v -0.34043631 0.04534160 0.01223626
v -0.34265286 0.12823969 0.01444350
v -0.35777226 0.14749509 0.01348001
v -0.35614660 0.14635791 0.01603699
v -0.39125079 0.15119593 0.01346388
v -0.41146129 0.15270562 0.01325624
v -0.41773567 0.14436744 0.01545690
v -0.43252578 0.14758193 0.01347095
v -0.42866543 0.15307812 0.01353263
v -0.43398494 0.15152252 0.01397823
v -0.44178638 0.15137829 0.01153304
v 0.49318555 0.09051944 0.01250036
v 0.49507827 0.09222186 0.00452760
v 0.49875054 0.10285531 0.01144260
v 0.50009823 0.12334068 0.01325821
v 0.48197180 0.16595007 0.01071601
v 0.47571445 0.07732705 0.00993512
v 0.45213094 0.28715089 0.01347138
v 0.45497572 0.08113818 0.00703689
v 0.44767725 0.26265684 0.01171512
v 0.45391369 0.29246700 0.01176384
v 0.42575970 0.12610565 0.00910169
v 0.40524328 0.13613060 0.00790069
v 0.37686783 0.29938990 0.00489618
v 0.37017351 0.29091328 0.01200640
v 0.34615734 0.27491713 0.00959133
v 0.34910917 0.27927911 0.01104989
v 0.34396806 0.28515455 0.00996406
v 0.34184906 0.18417388 0.01218558
v 0.34352922 0.26975203 0.00912635
v 0.33605394 0.28088355 0.00861235
v 0.33124858 0.16702655 0.00991868
v 0.32872158 0.28561845 0.00767059
v 0.32192793 0.28328052 0.00729441
v 0.31235576 0.12397239 0.00507014
v 0.30536106 0.28333643 0.00529659
v 0.29213625 0.25158474 0.01219264
v 0.27699268 0.03753650 0.00278526
v 0.27976802 0.06413123 0.00629586
v 0.26499811 -0.03728030 0.01072930
v 0.25342840 -0.04332551 0.00879401
v 0.25636870 -0.04940316 0.01373843
v 0.24540766 0.22843766 0.01514216
v 0.14171961 -0.07612021 0.01951189
v 0.09944707 0.14395334 0.01507332
v 0.00278111 -0.06771291 0.01609340
v -0.03145853 -0.05880531 0.00226586
v -0.06687707 0.17160705 0.00403972
v -0.07781629 0.17540947 0.00075105
v -0.08860607 -0.02853465 0.00926158
v -0.14755321 -0.02826612 0.00713341
v -0.16810964 -0.01858109 0.00755692
v -0.17780294 -0.01157831 0.01036322
v -0.17934132 0.13936536 0.00940938
v -0.19122028 0.00658779 0.01032291
v -0.19757739 0.02011158 0.00910530
v -0.20182072 0.03221735 0.00896798
v -0.20470016 0.04812092 0.00628836
v -0.20504093 0.04521723 0.01032021
v -0.20693266 0.05803194 0.01344763
v -0.20514369 0.07646246 0.00969676
v -0.21204430 0.07976224 0.01236969
v -0.21692882 0.13801108 0.00875155
v -0.23328292 0.13611463 0.01067838
v -0.25120169 0.05024852 0.01004750
v -0.24009901 0.13389926 0.01208400
v -0.24798819 0.13509463 0.01168112
v -0.26734495 0.04374928 0.00889083
v -0.26146185 0.13726896 0.01064681
v -0.27157253 0.11519096 0.00837520
v -0.27406362 0.11925663 0.01256915
v -0.27587402 0.13729240 0.01214671
v -0.27397957 0.12111663 0.00722538
v -0.28574052 0.12496572 0.01311154
v -0.28554708 0.04614537 0.00696028
v -0.29634863 0.12666483 0.00788641
v -0.29764992 0.04032589 0.01242630
v -0.29506817 0.04521343 0.00839892
v -0.29397094 0.14208828 0.00779863
v -0.29771888 0.08898234 0.01017135
v -0.30334282 0.08125041 0.00957099
v -0.31131324 0.12641874 0.01202812
v -0.30814496 0.04314021 0.01220884
v -0.30898637 0.07407474 0.00678232
v -0.31793529 0.07083276 0.00842168
v -0.31995472 0.05086982 0.01238198
v -0.32396305 0.12749875 0.00986486
v -0.32224384 0.04109371 0.00896399
v -0.32540846 0.06294055 0.00898477
v -0.32491288 0.06707487 0.00847852
v -0.34081122 0.14531980 0.01144851
v -0.33536911 0.05026378 0.00989147
v -0.33873516 0.12848341 0.00900999
v -0.35848498 0.04265174 0.01312261
v -0.35170418 0.14599308 0.01004287
v -0.36012897 0.04885810 0.00144039
v -0.37657648 0.13239342 0.01193505
v -0.37201643 0.14928408 0.01250139
v -0.38404107 0.13379729 0.01156960
v -0.39666975 0.13501735 0.00906279
v -0.39551333 0.13818802 0.01162445
v -0.40685770 0.15347905 0.01000167
v -0.41425690 0.13636750 0.00771762
v -0.41378951 0.14128354 0.01288843
v -0.42571971 0.15568820 0.00985888
v -0.44231847 0.15557669 0.01077963
v -0.43929031 0.14807253 0.00967915
v -0.44912216 0.15520515 0.00766239
v 0.49327531 0.14391981 0.01192970
v 0.46533784 0.19407019 0.00384925
v 0.45254439 0.29224634 0.00792359
v 0.44355464 0.26834828 0.00767355
v 0.44399726 0.28323629 0.00990251
v 0.44746339 0.29573017 0.00265012
v 0.43982622 0.27589148 0.00288093
v 0.44447276 0.28924263 0.00346228
v 0.43591917 0.29335523 0.00874120
v 0.40704545 0.30423927 0.00196466
v 0.34792867 0.17425509 0.00391889
v 0.34679627 0.29443711 0.00365879
v 0.33758938 0.26760837 0.00851240
v 0.33881438 0.27644944 0.00811389
v 0.33684742 0.27048737 0.00737522
v 0.32768720 0.26684228 0.00634786
v 0.32460463 0.27185464 0.00578040
v 0.32273144 0.26407796 0.00784593
v 0.32925087 0.27944574 0.00713541
v 0.31301659 0.28049481 0.00581595
v 0.31988341 0.28745657 0.00390265
v 0.31623232 0.26572949 0.00446133
v 0.30037349 0.10231376 0.00695935
v 0.31359166 0.27620715 0.00481963
v 0.30789506 0.26160261 0.00458056
v 0.30899808 0.28869900 0.00098785
v 0.30153123 0.27070206 0.00316672
v 0.29706985 0.27649572 0.00402526
v 0.30444086 0.28152218 0.00598640
v 0.28854617 0.08210433 0.00907156
v 0.28162858 0.27930197 0.00397377
v 0.28022486 -0.01046063 0.00164147
v 0.28196144 0.01670013 0.00788652
v 0.28162915 0.27680534 0.00423601
v 0.26893401 0.27442795 0.00393018
v 0.26858747 0.27610862 0.00423097
v 0.25795227 0.27423543 0.00313592
v 0.25715876 -0.04083395 0.00841578
v 0.24059619 -0.05231847 0.00942248
v 0.23380648 -0.05787943 0.00743177
v 0.20456614 -0.06939057 0.01295831
v 0.21724613 0.21392979 0.01537343
v 0.18743113 0.20593208 0.00284901
v 0.12707454 -0.08200082 0.00263748
v 0.13248214 0.15848264 0.01521218
v 0.06413647 0.13903578 0.01557011
v -0.00941828 -0.06656247 0.00204563
v -0.04675159 0.16292426 0.00145408
v -0.07003842 -0.03544347 0.01057169
v -0.10186617 -0.02882847 0.00629938
v -0.11238224 -0.02941251 0.00387757
v -0.12403147 -0.03207047 0.00654399
v -0.16018163 -0.02271196 0.00685697
v -0.15783703 0.15774091 0.01939142
v -0.17907265 -0.00984761 0.00603800
v -0.18972114 0.00394448 0.00753671
v -0.19470817 0.01109482 0.00664207
v -0.19730847 0.01783007 0.00687718
v -0.20077695 0.02802001 0.00666513
v -0.19623527 0.14135973 0.00579820
v -0.20574388 0.06268331 0.00576927
v -0.21142982 0.14264590 0.00413189
v -0.21885362 0.07028279 0.01026561
v -0.21778224 0.06785969 0.00452402
v -0.23534732 0.05902128 0.00743368
v -0.23864686 0.14120312 0.00533577
v -0.26021975 0.04422098 0.00292463
v -0.26569381 0.04553286 0.00478018
v -0.27816001 0.05164825 0.00377064
v -0.28352004 0.12566848 0.00438338
v -0.29966173 0.04652693 0.00412270
v -0.29783073 0.08854108 0.00401110
v -0.30478573 0.07782863 0.00303374
v -0.31694826 0.04118139 0.00820058
v -0.31768313 0.06962448 0.00463256
v -0.33071527 0.04301266 0.00968184
v -0.32843977 0.14269923 0.00757194
v -0.34747592 0.05690017 0.00657496
v -0.34670305 0.06217252 0.00414792
v -0.35104164 0.14355353 0.00597911
v -0.36260763 0.04901976 0.00862165
v -0.35731640 0.12975857 0.01019048
v -0.37243384 0.13213962 0.00641532
v -0.37261894 0.14686134 0.00346235
v -0.37294069 0.04393892 0.00705035
v -0.38783991 0.13239220 0.00589816
v -0.38119367 0.14865054 0.00674019
v -0.39108038 0.15045582 0.00823828
v -0.40157601 0.15281388 0.00655249
v -0.41635767 0.15620670 0.00484130
v -0.42850971 0.13951440 0.00696017
v -0.43680429 0.14592770 0.00531342
v -0.44048774 0.15883014 0.00716865
v 0.49830392 0.10172574 -0.00194629
v 0.49963903 0.11370897 0.00199420
v 0.49915457 0.12582393 -0.00279296
v 0.49806076 0.13133426 0.00604173
v 0.47383118 0.17769095 0.00177679
v 0.45075053 0.09152258 0.01260715
v 0.44737312 0.29443175 0.00077289
v 0.44444254 0.25818226 0.00745155
v 0.43961102 0.28298452 0.00137232
v 0.43516910 0.11692175 0.00072368
v 0.42025748 0.12844791 0.00163363
v 0.39029363 0.14155616 0.00077331
v 0.37283948 0.14966100 0.00514117
v 0.34445226 0.18041515 0.00679386
v 0.34204650 0.17841105 0.00133238
v 0.33636367 0.29868594 -0.00004884
v 0.32825899 0.15013111 -0.00227318
v 0.32549590 0.29201090 0.00118679
v 0.32920638 0.29627293 -0.00075454
v 0.30273232 0.26356047 0.00273243
v 0.29440624 0.25771838 0.00223487
v 0.28394705 0.25376850 0.00077292
v 0.28835481 0.26028764 0.00088587
v 0.29522893 0.28587413 0.00131844
v 0.28278863 -0.00005472 0.00067801
v 0.29256329 0.07962742 -0.00407792
v 0.28950709 0.27139682 0.00229904
v 0.27815661 0.03439707 -0.00394605
v 0.27714419 0.05750532 0.00796148
v 0.27977154 0.27364504 0.00258221
v 0.27077821 -0.03224419 0.00245713
v 0.26703644 0.27742156 0.00112847
v 0.26581347 0.27035031 -0.00063612
v 0.25370821 0.27225146 0.00010237
v 0.24737176 -0.04644476 0.00833601
v 0.23725107 -0.05740589 0.00116055
v 0.23577812 0.23280300 0.00033834
v 0.22692575 -0.06655728 0.00045786
v 0.22321101 0.22619021 0.00188323
v 0.21116784 -0.07328441 -0.00128273
v 0.20082673 0.21451806 0.00125272
v 0.16980419 0.19408712 0.00236195
v 0.11213413 0.15291968 0.00226264
v -0.03010152 0.15509936 0.00170703
v -0.06008337 -0.04380872 0.00004730
v -0.07772567 -0.03490526 -0.00329280
v -0.10119550 -0.02954641 0.00240840
v -0.10886459 0.17747694 0.00015544
v -0.13546440 -0.02832653 0.00332405
v -0.14953667 -0.02567993 0.00268082
v -0.15768221 0.16092357 0.00314880
v -0.14334877 0.16881850 0.00116282
v -0.16054429 -0.02328359 0.00200841
v -0.17196730 -0.01760107 0.00318107
v -0.18747683 -0.00282342 0.00512502
v -0.19251855 -0.01151162 0.00068695
v -0.19094667 0.14477465 0.00122099
v -0.19802596 0.01093610 0.00480390
v -0.20569079 -0.00368175 -0.00020549
v -0.20348993 0.03891603 0.00548169
v -0.20255323 0.02416543 0.00463972
v -0.20662607 0.05165496 0.00358456
v -0.20836878 0.01534318 0.00166863
v -0.20751861 0.07103608 0.00244336
v -0.20596704 0.07556780 0.00519946
v -0.22280431 0.06352884 0.00130393
v -0.23521429 0.05561026 0.00077165
v -0.22179669 0.14485361 0.00107894
v -0.24317403 0.14491710 0.00084329
v -0.25208986 0.04807751 -0.00070996
v -0.27146518 0.04959566 0.00355625
v -0.27228957 0.11040661 0.00298587
v -0.27774292 0.14479385 0.00237513
v -0.28651774 0.05093191 0.00242411
v -0.28862461 0.09342650 0.00557314
v -0.29429197 0.12678817 0.00345480
v -0.30854523 0.04394735 0.00497964
v -0.31277418 0.07238850 0.00189760
v -0.31442285 0.04609194 -0.00053684
v -0.30975199 0.14293854 0.00506776
v -0.31790581 0.12959227 0.00162191
v -0.32022709 0.14839615 -0.00061186
v -0.32313433 0.06775512 0.00308392
v -0.33388218 0.09659638 0.00120128
v -0.32154894 0.14245775 0.00503054
v -0.33221632 0.06308769 0.00435340
v -0.31861392 0.09851070 0.00011148
v -0.33667707 0.04550988 0.00648260
v -0.34093878 0.13214402 0.00233431
v -0.33529013 0.14111245 0.00388274
v -0.35287169 0.10009384 0.00031184
v -0.34635669 0.14225045 0.00346282
v -0.35224834 0.06246417 0.00359483
v -0.35085505 0.09510157 0.00105306
v -0.35087591 0.09744138 0.00173684
v -0.35939035 0.14443395 0.00306619
v -0.36009398 0.13295951 0.00244357
v -0.36811426 0.09533971 0.00090100
v -0.37684071 0.13509086 0.00062301
v -0.37415680 0.06087581 -0.00065513
v -0.37197447 0.09607535 0.00078091
v -0.37513301 0.04495081 0.00535052
v -0.38022748 0.05335286 0.00111439
v -0.38613820 0.04602150 0.00139254
v -0.38777691 0.15029640 0.00236706
v -0.39474833 0.15230606 0.00342638
v -0.39466202 0.13702536 0.00193802
v -0.40336841 0.13389158 0.00510330
v -0.40534043 0.14409918 0.00151804
v -0.40655184 0.15811089 0.00182118
v -0.41749099 0.13639946 0.00522063
v -0.41445193 0.14702043 0.00190272
v -0.42727864 0.15815143 0.00267486
v -0.43108609 0.14354178 0.00480677
v -0.43060690 0.05435178 -0.00037197
v 0.49161452 0.14692575 0.00028002
v 0.48642483 0.15692872 0.00089485
v 0.47924519 0.07618251 -0.00022482
v 0.45895830 0.07771282 0.00049128
v 0.45503750 0.21627416 0.00387843
v 0.44044310 0.11045152 -0.00371555
v 0.44103247 0.26319307 -0.00060505
v 0.43550766 0.27329397 -0.00293585
v 0.43649322 0.29038727 -0.00304953
v 0.43860623 0.30029288 -0.00197094
v 0.42805570 0.30162871 -0.00188537
v 0.41921806 0.30687639 -0.00320857
v 0.40934902 0.13398644 0.00032544
v 0.40874436 0.31026748 -0.00385036
v 0.39729518 0.13834153 -0.00762339
v 0.39709499 0.30809242 -0.00283710
v 0.37642905 0.30457565 -0.00086346
v 0.36137190 0.30209494 0.00025161
v 0.34398890 0.18015774 -0.00357255
v 0.31914765 0.13117875 -0.00282564
v 0.30534303 0.10366179 -0.00269038
v 0.30547675 0.29289618 -0.00207788
v 0.29892579 0.09082073 -0.00344482
v 0.28560302 0.28855929 -0.00176102
v 0.28206995 0.00579535 -0.00514185
v 0.28182137 0.29050124 -0.00212306
v 0.27595252 -0.02291337 0.00214225
v 0.27446303 0.25913087 -0.00096472
v 0.26878306 0.24851480 -0.00055584
v 0.27363107 0.26719072 -0.00049121
v 0.26903138 0.28242299 -0.00175042
v 0.25920856 0.27584144 -0.00280013
v 0.25894582 0.24539597 -0.00244608
v 0.25075042 0.26994348 -0.00262689
v 0.24723767 0.27213287 -0.00387146
v 0.24654765 0.23893425 -0.00197222
v 0.24579793 0.26586014 -0.00510002
v 0.24522850 0.28483835 -0.00278115
v 0.24486841 -0.05046289 -0.00487867
v 0.23139781 0.27945533 -0.00386025
v 0.22231238 0.26197213 -0.00872745
v 0.22159950 0.27449414 -0.00458856
v 0.19813916 0.26176158 -0.00572741
v 0.17453773 0.20112808 -0.00628252
v 0.17921829 -0.07607233 -0.01067878
v 0.16101061 0.24241906 -0.00495875
v 0.15302686 -0.07795105 0.00290270
v 0.15686473 0.18471974 0.00178361
v 0.12920265 0.16455522 0.00091303
v 0.11976244 0.15922657 -0.01257123
v 0.09294465 0.14593771 -0.00049476
v 0.07723127 -0.08358282 -0.00351698
v 0.07826555 0.14265317 0.00059683
v 0.04395742 -0.07996503 0.00105066
v 0.01103255 -0.07307614 -0.00011435
v 0.02962073 0.14354880 -0.00142376
v -0.04907538 -0.04963683 -0.00438074
v -0.06194176 0.16962758 -0.00225165
v -0.09542026 0.17781173 0.00029783
v -0.09937117 -0.03149646 -0.00268414
v -0.12394659 -0.02905264 0.00005268
v -0.13627642 -0.02790235 -0.00133995
v -0.15917961 -0.02942843 -0.00247369
v -0.16516730 0.15671484 -0.00060424
v -0.16661678 -0.02887272 -0.00233791
v -0.17796226 0.14613304 -0.00016693
v -0.17504101 -0.02763223 -0.00237492
v -0.18098336 -0.01473561 0.00198284
v -0.18519627 0.14494073 -0.00164329
v -0.20629902 -0.01305741 -0.00402855
v -0.20167845 0.14414111 -0.00066508
v -0.21225731 -0.00237247 -0.00368282
v -0.21171558 0.06476959 -0.00086411
v -0.21289533 0.04087321 -0.00031336
v -0.21763368 0.06627774 -0.00312041
v -0.22286211 0.06504886 -0.00399612
v -0.21087246 0.13994361 -0.00518552
v -0.23546264 0.05480319 -0.00177299
v -0.22853938 0.06032956 -0.00337365
v -0.22798723 0.14428240 -0.00114119
v -0.24340041 0.05140662 -0.00077260
v -0.25062996 0.14553738 -0.00127738
v -0.26068002 0.04537786 -0.00442207
v -0.26891375 0.04103476 -0.00302010
v -0.26857200 0.04372727 -0.00055316
v -0.27545157 0.11204311 -0.00370761
v -0.27170530 0.11707325 0.00241549
v -0.28164336 0.04083097 -0.00692298
v -0.27402815 0.04996207 -0.00040093
v -0.27483347 0.10733828 -0.00013690
v -0.28849512 0.14869507 -0.00224342
v -0.27610821 0.12124719 0.00078634
v -0.28420913 0.05067998 -0.00166539
v -0.28784060 0.12239823 -0.00425326
v -0.29200545 0.09322616 -0.00094647
v -0.29583728 0.04971404 -0.00100687
v -0.30032951 0.09531362 -0.00424968
v -0.30160695 0.04807407 -0.00455216
v -0.30113822 0.08984046 -0.00135072
v -0.30766913 0.09302452 -0.00341596
v -0.30468968 0.14871845 -0.00123812
v -0.30884367 0.08037533 -0.00227825
v -0.30763325 0.08670685 -0.00301515
v -0.31257918 0.09103835 -0.00354530
v -0.30563527 0.09622815 -0.00463717
v -0.31971002 0.08673151 -0.00531876
v -0.31109613 0.12795374 -0.00153352
v -0.32222104 0.07118394 -0.00091469
v -0.31954986 0.09283069 -0.00216554
v -0.33054045 0.09324408 -0.00228005
v -0.32875830 0.13083166 0.00104674
v -0.33326566 0.10062630 0.00104921
v -0.33049753 0.06892534 -0.00191114
v -0.34571102 0.10336588 -0.00484298
v -0.33971843 0.13101538 -0.00178966
v -0.33779696 0.14619158 0.00025096
v -0.35690784 0.06583519 -0.00116715
v -0.35632312 0.07037258 -0.00513831
v -0.35697466 0.10208255 -0.00292821
v -0.34776044 0.14430481 0.00104724
v -0.35942429 0.08937248 -0.00786636
v -0.36141285 0.13326773 -0.00126589
v -0.36507607 0.14586756 0.00072821
v -0.36543202 0.10024257 -0.00121103
v -0.37111652 0.06578614 -0.00353062
v -0.37654182 0.10023767 -0.00337556
v -0.37803933 0.06308084 -0.00321872
v -0.37508446 0.14859554 0.00027116
v -0.37449318 0.13436152 -0.00409638
v -0.38805571 0.09580879 -0.00237438
v -0.39256889 0.15907437 -0.00229359
v -0.39077955 0.05785675 -0.00222089
v -0.39717886 0.06210184 -0.00439033
v -0.39458093 0.04678559 -0.00370238
v -0.39701161 0.14111479 -0.00240210
v -0.39859530 0.05048396 -0.00202242
v -0.41023484 0.05427491 -0.00183636
v -0.40545005 0.05791914 -0.00275107
v -0.40734842 0.04889796 -0.00330242
v -0.42586061 0.05572303 -0.00004749
v -0.42149711 0.14858536 0.00157516
v -0.41969535 0.14959165 -0.00178271
v -0.43178099 0.15204994 -0.00240976
v -0.43504423 0.16085513 -0.00266066
v -0.43459877 0.05138891 -0.00302127
v -0.43932885 0.14927547 0.00138592
v -0.44690242 0.16433768 -0.00449081
v -0.44818956 0.15499659 0.00110851
v -0.45691130 0.16177078 0.00257200
v -0.45737717 0.16502494 -0.00122601
v 0.49633166 0.09658896 -0.00522247
v 0.48888329 0.08265670 -0.00076306
v 0.47468969 0.17054494 -0.00736174
v 0.46769160 0.07366864 -0.00144327
v 0.45463639 0.08092204 -0.00805303
v 0.44503671 0.29682487 -0.00427666
v 0.44706306 0.09720892 -0.00098171
v 0.44133037 0.25002727 -0.01710808
v 0.43724886 0.29611477 -0.00778476
v 0.43556815 0.28707239 -0.00551425
v 0.43528742 0.30229896 -0.00478281
v 0.43182227 0.27411401 -0.00864811
v 0.42113450 0.30856171 -0.00545130
v 0.41240159 0.31237581 -0.00476392
v 0.39451331 0.30299696 -0.00927860
v 0.37319332 0.14823331 -0.00775891
v 0.34072289 0.29987714 -0.00057964
v 0.33118168 0.29626769 -0.00266612
v 0.31195480 0.11944503 -0.00587400
v 0.30501726 0.10502295 -0.00545087
v 0.30710801 0.29126263 -0.00423162
v 0.28888485 0.28833997 -0.00461804
v 0.28589302 0.29171035 -0.00257395
v 0.28247166 0.06212039 -0.00498728
v 0.27898526 -0.00743678 -0.00881642
v 0.27219832 -0.03050008 -0.00383797
v 0.27562320 -0.02083769 -0.00768156
v 0.26918879 0.29003200 -0.00244861
v 0.26009434 0.28046572 -0.00618641
v 0.25333342 -0.04069907 -0.00941577
v 0.25944066 0.28808960 -0.00236207
v 0.25203317 -0.04197058 -0.00010097
v 0.24765842 0.24270870 -0.00419126
v 0.24989840 0.28124821 -0.00548872
v 0.25767848 0.25265622 -0.00373589
v 0.23534378 0.24762514 -0.00691327
v 0.25395349 0.26150501 -0.00426892
v 0.23481539 -0.06495170 -0.01038957
v 0.23690712 0.23579443 -0.00426537
v 0.23280567 0.23827277 -0.00632408
v 0.22781229 0.25939411 -0.00923003
v 0.23274572 0.26310167 -0.00820454
v 0.22725199 0.23208712 -0.00486162
v 0.22389288 0.23607813 -0.00764802
v 0.21974367 -0.07402167 -0.00530135
v 0.21707863 0.22681992 -0.00509112
v 0.21099427 -0.07697797 -0.01011500
v 0.20599550 0.22091764 -0.00538924
v 0.19504835 0.21393043 -0.00400681
v 0.18312809 0.20674747 -0.00465645
v 0.18792515 -0.07408311 -0.00094054
v 0.19042340 0.21441658 -0.00675185
v 0.18219860 0.23898770 -0.01062152
v 0.16722265 0.19648059 -0.00716984
v 0.14627427 0.18071175 -0.01030216
v 0.13580923 -0.08203209 -0.01028748
v 0.09988784 -0.08451743 -0.00476047
v 0.09157680 0.14526215 -0.01574248
v 0.07816282 -0.08260746 -0.01315077
v 0.04228276 -0.07856239 -0.01969014
v 0.00009543 -0.07001317 -0.00576440
v -0.02519687 0.15562783 -0.01570273
v -0.02929976 -0.05965457 -0.00173856
v -0.06442863 0.17029861 -0.00939315
v -0.08539298 -0.03307613 -0.00455020
v -0.11178573 -0.03067266 -0.00403228
v -0.12948011 -0.02940958 -0.00465308
v -0.14437713 -0.02810261 -0.00307745
v -0.14845681 -0.02927429 -0.00428214
v -0.14594781 -0.14156051 -0.00810141
v -0.15936945 -0.15363723 -0.00790973
v -0.15783513 -0.14079782 -0.00692221
v -0.15710708 -0.13035870 -0.00763521
v -0.15508147 -0.04175692 -0.00862081
v -0.16941157 -0.13891464 -0.00983307
v -0.16510072 -0.04132813 -0.00715490
v -0.17764202 0.14853871 -0.01768059
v -0.18292461 0.14145367 -0.00647742
v -0.18676348 -0.03090705 -0.00561138
v -0.20788607 -0.02608845 -0.01178923
v -0.21837229 -0.00529187 -0.00993128
v -0.22019786 0.01971780 -0.00530164
v -0.22550684 0.04270029 -0.00819859
v -0.22818708 0.04535887 -0.01111602
v -0.23909111 0.05777382 -0.00573319
v -0.25562927 0.14449029 -0.00382633
v -0.27063072 0.14665106 -0.00267283
v -0.27896929 0.10541470 -0.00499948
v -0.27874959 0.10949586 -0.00563239
v -0.28421152 0.03602250 -0.01193955
v -0.28776279 0.14785160 -0.00516994
v -0.28397405 0.11664932 -0.00582489
v -0.28891042 0.04620470 -0.00593800
v -0.29100224 0.09746188 -0.00513002
v -0.29431736 0.11359744 -0.00838363
v -0.29589379 0.04858565 -0.00546073
v -0.29767817 0.10760318 -0.00856991
v -0.28976873 0.12021340 -0.00638092
v -0.30502594 0.15068847 -0.00517687
v -0.30206165 0.11779594 -0.00918779
v -0.30192345 0.12563029 -0.00425136
v -0.30810899 0.04725893 -0.00395405
v -0.31343177 0.10515172 -0.00713358
v -0.31109142 0.12618247 -0.00444339
v -0.32304245 0.05346659 -0.00634476
v -0.31666800 0.10146992 -0.00330975
v -0.32471105 0.12419053 -0.00868218
v -0.32302892 0.15274817 -0.00559368
v -0.32378051 0.08163472 -0.00600455
v -0.32589763 0.08965626 -0.00550899
v -0.33945397 0.08553992 -0.00840696
v -0.33663982 0.05483288 -0.00744172
v -0.34148869 0.09071322 -0.00615109
v -0.33325139 0.10620192 -0.00931434
v -0.33826095 0.07185274 -0.00482392
v -0.35157931 0.08077960 -0.00980692
v -0.34947622 0.08697884 -0.00896900
v -0.34661439 0.15424895 -0.00626017
v -0.35209817 0.05253682 -0.00444172
v -0.35536030 0.15301925 -0.00407972
v -0.36602160 0.07061639 -0.00691078
v -0.36963591 0.10331012 -0.00762330
v -0.37298942 0.05459765 -0.01052324
v -0.36645925 0.13098396 -0.01178540
v -0.38236651 0.05221174 -0.00986870
v -0.38404757 0.10220225 -0.00825943
v -0.37243319 0.15634398 -0.00422536
v -0.38135821 0.06632102 -0.00665691
v -0.38716447 0.13708723 -0.00235128
v -0.39396065 0.09830482 -0.00592631
v -0.39405760 0.09504637 -0.00628824
v -0.40214461 0.16665648 -0.00912057
v -0.40780288 0.14565659 -0.00232120
v -0.42244607 0.05974595 -0.00281229
v -0.42377263 0.05028338 -0.00238350
v -0.42714000 0.16369328 -0.00215237
v -0.42337269 0.16727017 -0.00494275
v -0.44274774 0.06131382 -0.00636900
v -0.44047514 0.16695572 -0.00652821
v -0.44788545 0.17240588 -0.00954686
v -0.44264579 0.05730947 -0.00524629
v -0.43676004 0.17136250 -0.00710722
v -0.44891909 0.05659391 -0.00908596
v -0.45087349 0.16662787 -0.00567026
v -0.45563212 0.16368216 -0.00431912
v 0.49080014 0.09044732 -0.00887484
v 0.48337531 0.15111201 -0.01367062
v 0.45969626 0.19341651 -0.01460275
v 0.44892496 0.09434249 -0.01127232
v 0.45057866 0.21784611 -0.01136211
v 0.44815719 0.22933252 -0.00527565
v 0.44357455 0.23513500 -0.01640331
v 0.44526732 0.24372664 -0.00255962
v 0.44056740 0.28999209 -0.01066693
v 0.43419728 0.28548801 -0.00909115
v 0.42946190 0.29916739 -0.00937975
v 0.42823461 0.30255452 -0.00788348
v 0.42197812 0.30640891 -0.00690408
v 0.42049888 0.30325398 -0.00868174
v 0.40828234 0.30922252 -0.00629905
v 0.38640845 0.14174674 -0.00978354
v 0.35785472 0.16104271 -0.00412732
v 0.35020030 0.17238036 -0.01060984
v 0.33794430 0.29211068 -0.00746214
v 0.34108347 0.18550536 -0.01373403
v 0.33774465 0.16995920 -0.00195954
v 0.32364306 0.29481348 -0.00206851
v 0.29113251 0.28624481 -0.00663976
v 0.28198826 0.01716068 -0.00248348
v 0.27783048 0.04777345 -0.00486613
v 0.27467054 0.28303272 -0.00604591
v 0.26550856 -0.03693355 -0.00244030
v 0.27193141 0.27842751 -0.01090836
v 0.25156283 0.27332193 -0.01039652
v 0.23700002 0.27730060 -0.00696381
v 0.21950184 0.24894716 -0.00929310
v 0.20835228 0.23173752 -0.00861242
v 0.21009129 0.25117466 -0.00994069
v 0.20023665 0.24477871 -0.01152147
v 0.20623846 0.26668942 -0.00576923
v 0.19576403 0.23694888 -0.01134765
v 0.19088307 0.24046989 -0.01137049
v 0.18432589 0.21532166 -0.00864378
v 0.18907338 0.22279878 -0.01001555
v 0.17565784 0.20587580 -0.00798522
v 0.17999347 0.22899729 -0.01278206
v 0.18705520 0.25087866 -0.00944878
v 0.17535651 0.21869878 -0.01134424
v 0.17403282 0.22994871 -0.01265502
v 0.17879164 0.25097305 -0.00542986
v 0.17039257 0.21080802 -0.01043893
v 0.16788168 0.22070707 -0.01285225
v 0.16137466 0.19908938 -0.01033301
v 0.15607691 0.21008073 -0.01356970
v 0.16357389 0.22657843 -0.01179981
v 0.15991858 0.19240585 -0.00887426
v 0.14180394 0.23162590 -0.00640347
v 0.14703777 0.22127728 -0.01166296
v 0.12877324 0.22127718 -0.01009271
v 0.10230084 0.14878906 -0.01363353
v 0.05696393 0.14119530 -0.00015580
v 0.01958655 -0.07426296 -0.01986562
v -0.10009669 -0.03262370 -0.01185387
v -0.11285427 -0.03160492 -0.01391327
v -0.12463375 -0.03191490 -0.01448413
v -0.14108399 -0.12887529 -0.01036258
v -0.14369552 -0.15302411 -0.00961899
v -0.14467803 -0.16309556 -0.01339688
v -0.14297993 -0.11027145 -0.01313481
v -0.15573204 -0.15936427 -0.01038575
v -0.15588969 -0.11240926 -0.01088919
v -0.16492344 -0.15758930 -0.01359348
v -0.16825885 -0.11703108 -0.01260033
v -0.15775432 -0.05317540 -0.01044359
v -0.17131944 -0.14712727 -0.01265406
v -0.16335668 -0.12860548 -0.00873612
v -0.17333555 -0.14458296 -0.01372863
v -0.17403746 -0.13066968 -0.01256599
v -0.17501646 -0.05778273 -0.01368175
v -0.17854419 -0.04309683 -0.00879057
v -0.19122869 0.13264278 -0.01030050
v -0.18827166 0.13713640 -0.00908449
v -0.19253607 0.12789552 -0.01045914
v -0.19732481 0.14057164 -0.00506443
v -0.19734778 0.12091610 -0.01187134
v -0.20797472 0.12158378 -0.01217153
v -0.21386401 0.13241325 -0.01111114
v -0.20979269 0.13567929 -0.00947437
v -0.22192112 0.00551967 -0.00962830
v -0.21966943 0.06669112 -0.00716908
v -0.22211593 0.07035825 -0.01107620
v -0.21416990 0.12721339 -0.01162171
v -0.22985418 0.13877018 -0.00722505
v -0.22788821 0.03583030 -0.01142954
v -0.22678050 0.06968658 -0.01030887
v -0.24601594 0.13995475 -0.00763338
v -0.24958478 0.05270500 -0.00653377
v -0.25486645 0.05488619 -0.01223540
v -0.27253050 0.14366731 -0.00759302
v -0.30353814 0.04672498 -0.00952139
v -0.30842730 0.04441232 -0.01221132
v -0.30860442 0.04914269 -0.01000086
v -0.31551743 0.05098693 -0.00674525
v -0.31857398 0.12161833 -0.00993956
v -0.31404820 0.15157731 -0.00739278
v -0.31022775 0.10920575 -0.00972179
v -0.31958786 0.11447208 -0.01210973
v -0.32561478 0.11174031 -0.01295977
v -0.32564560 0.14850615 -0.01317223
v -0.33016065 0.15464061 -0.00825461
v -0.34901583 0.15822463 -0.01191138
v -0.36439419 0.10573658 -0.01228841
v -0.35051697 0.12901154 -0.00786741
v -0.35851666 0.12881508 -0.01049715
v -0.36354265 0.16122366 -0.01204810
v -0.35965365 0.05551218 -0.01222320
v -0.38110238 0.06990261 -0.01251784
v -0.37937418 0.08885499 -0.01150572
v -0.38508692 0.16542959 -0.01225568
v -0.39008462 0.13790533 -0.00755254
v -0.39381069 0.04804995 -0.00802310
v -0.39956644 0.14224176 -0.01059859
v -0.40294477 0.04709355 -0.00730249
v -0.39808646 0.06558599 -0.00939456
v -0.40132001 0.09323671 -0.01348870
v -0.40583909 0.09745210 -0.01008976
v -0.40423873 0.10056888 -0.00940316
v -0.40566826 0.17002615 -0.01385011
v -0.41437003 0.10435718 -0.01468930
v -0.41270965 0.14709087 -0.00882278
v -0.41428289 0.04827906 -0.00760093
v -0.41199324 0.06532048 -0.00990831
v -0.42661962 0.15241943 -0.00727768
v -0.42965406 0.06446849 -0.00853864
v -0.43438390 0.16058923 -0.01008637
v -0.43077627 0.17479500 -0.01090197
v -0.43553704 0.06737092 -0.01394528
v -0.43715692 0.04955142 -0.01047598
v -0.44206715 0.15719995 -0.00660991
v -0.44457710 0.16693904 -0.00881207
v -0.45577294 0.18076015 -0.01414229
v -0.44704920 0.18003875 -0.01345221
v -0.45459017 0.06237024 -0.01163433
v 0.49931341 0.11925445 -0.00733373
v 0.49645424 0.12548634 -0.01288730
v 0.48888642 0.13891505 -0.01540547
v 0.47896329 0.07937353 -0.00783498
v 0.47951490 0.08529325 -0.01385604
v 0.47734031 0.15899117 -0.01399099
v 0.47544390 0.16510686 -0.01180128
v 0.46607667 0.18292557 -0.01073903
v 0.44478458 0.22404808 -0.01991704
v 0.44145265 0.25524661 -0.01100483
v 0.44359639 0.10697646 -0.01335476
v 0.43651727 0.11725242 -0.01312654
v 0.43760523 0.28593010 -0.01481648
v 0.43706906 0.26036128 -0.01554161
v 0.43136880 0.29265511 -0.01590321
v 0.43094650 0.12178749 -0.00609716
v 0.42241973 0.27964422 -0.01751135
v 0.41836992 0.13172984 -0.01579710
v 0.41418353 0.29803994 -0.01476765
v 0.39929679 0.29880562 -0.01657586
v 0.39532915 0.13906461 -0.01466625
v 0.38735807 0.29161188 -0.01908549
v 0.37101391 0.29640275 -0.00708998
v 0.37447149 0.28768057 -0.01739015
v 0.36187547 0.29471758 -0.00628445
v 0.35727203 0.16176756 -0.01273151
v 0.36177877 0.27714127 -0.01585817
v 0.34544146 0.18267791 -0.01265916
v 0.35494331 0.27286658 -0.01648558
v 0.34031099 0.26886517 -0.01585647
v 0.33404449 0.17553858 -0.01381603
v 0.32475480 0.26880559 -0.01477243
v 0.32085323 0.15333533 -0.01757567
v 0.31000248 0.25946286 -0.01584822
v 0.31437698 0.28648800 -0.01110427
v 0.29951388 0.10784309 -0.01754978
v 0.29198796 0.09138645 -0.01626597
v 0.27417573 0.05857612 -0.01887522
v 0.28360096 0.07761089 -0.01783126
v 0.26506698 -0.03572318 -0.01375971
v 0.26052907 0.27124515 -0.01810525
v 0.25948799 -0.03796336 -0.00848753
v 0.22859798 -0.07337189 -0.01527525
v 0.22614484 0.26962295 -0.00939588
v 0.21205927 0.25869879 -0.01298850
v 0.20101136 -0.07629528 -0.01246005
v 0.18555722 -0.07587896 -0.01525286
v 0.15020770 -0.08046633 -0.01462405
v 0.15152431 0.18970980 -0.01233181
v 0.15661769 0.21785033 -0.01350339
v 0.14867857 0.19937819 -0.01392075
v 0.15017055 0.21421002 -0.01414849
v 0.14254683 0.18327354 -0.01518604
v 0.14198601 0.20797452 -0.01543135
v 0.12211379 0.21405701 -0.01296783
v 0.12375405 0.20273852 -0.01796847
v 0.08067162 -0.08053563 -0.02888170
v -0.00252563 -0.06827543 -0.01937352
v -0.03379937 -0.05586211 -0.02374057
v -0.08048713 -0.03402113 -0.01612441
v -0.12531164 0.17514689 -0.00079099
v -0.13667010 -0.15806049 -0.01324551
v -0.13436250 -0.03241059 -0.01032676
v -0.12966384 -0.13371421 -0.01504317
v -0.14354965 0.16901751 -0.01549156
v -0.14260530 -0.03589400 -0.01075685
v -0.14374793 -0.08649364 -0.01601178
v -0.13967320 -0.06156868 -0.01752357
v -0.15693584 -0.09856882 -0.01250923
v -0.15811126 -0.06127045 -0.01181562
v -0.15771066 -0.07756443 -0.01304557
v -0.16851366 -0.10084640 -0.01643228
v -0.16442889 -0.08941849 -0.01508767
v -0.17274323 -0.11034789 -0.01715951
v -0.18285717 -0.04861918 -0.01435135
v -0.18635240 0.14190145 -0.02228389
v -0.20524490 0.10881890 -0.01478527
v -0.20218235 0.11376408 -0.01476118
v -0.20797941 0.10774931 -0.01449100
v -0.21314150 -0.01787009 -0.01192978
v -0.21393795 0.09575464 -0.01625885
v -0.21173146 0.10691590 -0.01460373
v -0.21836710 0.09939584 -0.01605002
v -0.21752290 0.11595063 -0.01476003
v -0.22139648 0.07743470 -0.01566638
v -0.21874678 0.08629438 -0.01604815
v -0.22377254 0.00234663 -0.01884766
v -0.22651011 0.02253314 -0.01161333
v -0.22826737 0.05357534 -0.01333381
v -0.22540948 0.07213440 -0.01891924
v -0.22272028 0.08033048 -0.01502614
v -0.22455876 0.13374768 -0.01126544
v -0.22738135 0.02019894 -0.01454518
v -0.23010199 0.04047170 -0.01570732
v -0.22647926 0.07592451 -0.01446033
v -0.23420112 0.07242007 -0.01612127
v -0.23154321 0.12325572 -0.01463892
v -0.23398112 0.13205780 -0.01345511
v -0.24367878 0.13431934 -0.01268626
v -0.26546219 0.13692483 -0.01320536
v -0.29904354 0.03440337 -0.01625955
v -0.29853216 0.14016600 -0.01475465
v -0.30191696 0.04114164 -0.01228737
v -0.30471736 0.05259407 -0.01445941
v -0.31029004 0.04656896 -0.01459302
v -0.30732253 0.05471296 -0.01330664
v -0.31882215 0.05683536 -0.01260197
v -0.31080097 0.06092251 -0.01638601
v -0.30857551 0.14825568 -0.00927221
v -0.31377402 0.03967171 -0.01343319
v -0.32327807 0.03865824 -0.01489159
v -0.32219550 0.06478834 -0.01732204
v -0.32915857 0.11720147 -0.01379593
v -0.33272001 0.05866632 -0.01202049
v -0.34247732 0.11415134 -0.01613721
v -0.33841491 0.15436162 -0.01268275
v -0.34933978 0.11012769 -0.01574357
v -0.34724832 0.05564565 -0.01145564
v -0.35006896 0.11796978 -0.01638607
v -0.34821475 0.12512365 -0.01359473
v -0.35663825 0.12262218 -0.01672682
v -0.35495198 0.12578568 -0.01407326
v -0.36613199 0.16208880 -0.01367898
v -0.35610992 0.05909081 -0.01462786
v -0.36271429 0.08216362 -0.01214234
v -0.36914158 0.07741381 -0.01222253
v -0.36759558 0.08584493 -0.01245072
v -0.36929917 0.13572836 -0.01731271
v -0.37935525 0.07703234 -0.01512095
v -0.37768906 0.08289342 -0.01490035
v -0.37908843 0.13438836 -0.01078926
v -0.38055333 0.13703430 -0.01431233
v -0.38777956 0.08296020 -0.01710510
v -0.39512414 0.05115681 -0.01291499
v -0.38759798 0.07110832 -0.01615227
v -0.38753217 0.08887161 -0.01354245
v -0.39123240 0.13988113 -0.01234801
v -0.39370087 0.06809773 -0.01311833
v -0.39760837 0.08879802 -0.01801459
v -0.40458986 0.10649259 -0.01746278
v -0.41017708 0.04970681 -0.01610259
v -0.41576537 0.04850709 -0.01363842
v -0.42208961 0.17501284 -0.01477474
v -0.41930908 0.06801415 -0.01480179
v -0.41622123 0.10212904 -0.01317098
v -0.42261827 0.09853070 -0.01761425
v -0.42789638 0.10291824 -0.01603623
v -0.43112803 0.04910342 -0.01260269
v -0.44165757 0.06877109 -0.01748423
v -0.44276947 0.16394004 -0.01010983
v -0.45502588 0.05276083 -0.01868673
v -0.44069391 0.16617563 -0.01205570
v -0.44707853 0.06705374 -0.01539161
v -0.45392174 0.17839132 -0.01729358
v -0.44872260 0.05242620 -0.01227986
v -0.45482236 0.06780925 -0.01882554
v -0.46126473 0.18328133 -0.01760455
v 0.49668649 0.11298323 -0.01550221
v 0.49341130 0.12580448 -0.01771964
v 0.49129558 0.09940729 -0.01394602
v 0.48327479 0.09411903 -0.01583834
v 0.47036007 0.08006868 -0.01456267
v 0.46711484 0.17511597 -0.01494448
v 0.46452597 0.07637182 -0.01269735
v 0.45944551 0.08062255 -0.01545449
v 0.44980004 0.09630529 -0.01793836
v 0.45415094 0.20590407 -0.01635433
v 0.44304794 0.28493613 -0.01892529
v 0.44346240 0.11373630 -0.02150918
v 0.42546651 0.12718149 -0.01307208
v 0.42851257 0.26992434 -0.01728789
v 0.42543229 0.28170711 -0.02121324
v 0.43033123 0.28461656 -0.01543266
v 0.42345229 0.29807734 -0.01451786
v 0.40676066 0.13677569 -0.01886071
v 0.39509347 0.29625356 -0.01835899
v 0.37503096 0.28256232 -0.01912696
v 0.36698106 0.15391375 -0.02559780
v 0.37047198 0.27645123 -0.01952456
v 0.36537555 0.28232169 -0.01828235
v 0.35556051 0.28517327 -0.01726162
v 0.36818314 0.28783071 -0.01465117
v 0.34939364 0.27647439 -0.01583863
v 0.34915495 0.17590693 -0.01785141
v 0.34738064 0.19167878 -0.02346017
v 0.34620151 0.28350115 -0.01875830
v 0.34272903 0.18886259 -0.01673113
v 0.33527330 0.27776167 -0.01685487
v 0.33265251 0.28542274 -0.01618360
v 0.32574221 0.16493924 -0.01838577
v 0.32949737 0.26482859 -0.01533128
v 0.32458776 0.27604690 -0.01750070
v 0.32543805 0.27842671 -0.01851798
v 0.31266746 0.13206652 -0.01473333
v 0.32162264 0.28123617 -0.02165392
v 0.30828813 0.13291916 -0.02066640
v 0.30913267 0.25428930 -0.01894966
v 0.31425348 0.26574329 -0.01515851
v 0.31429261 0.27213672 -0.01754328
v 0.29488879 0.25433734 -0.01592795
v 0.30142900 0.27121997 -0.01678296
v 0.29748279 0.26759017 -0.01541403
v 0.29683161 0.26264289 -0.01533621
v 0.29336184 0.27127686 -0.01755480
v 0.29067436 0.26876187 -0.01681539
v 0.28270304 0.25063384 -0.01683044
v 0.29309317 0.28152904 -0.01399435
v 0.27745706 0.25926521 -0.01727445
v 0.27853960 0.26403707 -0.01603861
v 0.28380316 0.26781657 -0.01691503
v 0.27723768 0.00492916 -0.02081785
v 0.27312565 0.02768425 -0.01937986
v 0.27597415 0.25343162 -0.01738418
v 0.26955619 0.27060866 -0.02471730
v 0.27199733 0.04617039 -0.01719365
v 0.27042311 0.26496571 -0.01759676
v 0.27306134 0.26728106 -0.01776555
v 0.26686814 -0.03162441 -0.01987397
v 0.27112848 0.24755210 -0.01712669
v 0.26323202 0.26297784 -0.01807960
v 0.26301143 0.24951181 -0.01836957
v 0.21568038 0.25310332 -0.02059954
v 0.22694035 -0.08035930 -0.02360255
v 0.21856719 -0.08140131 -0.01569260
v 0.19913360 0.25040567 -0.01506723
v 0.19288652 -0.07621353 -0.01837536
v 0.18521251 0.23780337 -0.02214319
v 0.16410722 0.23525466 -0.01229623
v 0.13105062 0.16821995 -0.01567430
v 0.13432021 0.19702041 -0.01843982
v 0.13634717 0.17947522 -0.01834061
v 0.12546064 0.19616629 -0.02101172
v 0.11669695 0.20957358 -0.01489353
v 0.10743713 0.19981557 -0.02032425
v 0.10803043 -0.08249661 -0.01700141
v 0.07904122 0.14262350 -0.01595510
v 0.06126528 0.14163962 -0.01543267
v 0.03333119 0.14346488 -0.01580625
v 0.01325579 0.14628445 -0.01652523
v -0.04191131 0.16120221 -0.00885516
v -0.11171467 -0.16489032 -0.02051454
v -0.12594013 -0.15646915 -0.01600937
v -0.12454194 -0.15033703 -0.01618315
v -0.12100548 -0.13758773 -0.01985702
v -0.13529418 -0.16815698 -0.01926263
v -0.13739693 -0.17127275 -0.02465026
v -0.14825913 -0.16664250 -0.01798381
v -0.14976086 -0.16586913 -0.02209843
v -0.15623023 0.16356483 -0.01303410
v -0.15718877 -0.16387153 -0.01607759
v -0.16970806 -0.08499982 -0.01737300
v -0.16871555 -0.15257941 -0.01600835
v -0.17588499 -0.12765159 -0.01667419
v -0.17465396 -0.10494103 -0.02087181
v -0.17639861 -0.07934733 -0.01993161
v -0.18196325 -0.06658997 -0.02030881
v -0.19100752 0.13265345 -0.01426008
v -0.20491025 0.10961160 -0.01630552
v -0.20833920 -0.02909744 -0.01915583
v -0.21016428 0.10141800 -0.01730000
v -0.21705829 0.08956916 -0.01791154
v -0.23779015 0.09043493 -0.02207260
v -0.22919676 0.09765936 -0.01854423
v -0.22814107 0.11139196 -0.01731320
v -0.23713347 0.09818546 -0.01970580
v -0.24713515 0.10647797 -0.02044505
v -0.24761073 0.12638806 -0.01674233
v -0.24118386 0.06652354 -0.01361139
v -0.24315043 0.09485473 -0.01978121
v -0.25541657 0.12175631 -0.01810626
v -0.25086370 0.06413348 -0.01718915
v -0.25248536 0.13160077 -0.01557365
v -0.26276761 0.08664775 -0.02110832
v -0.26796216 0.13422212 -0.01576279
v -0.27717978 0.04536330 -0.01798584
v -0.27300975 0.04061115 -0.01083158
v -0.27482477 0.07856048 -0.02057839
v -0.28217754 0.03576331 -0.01363590
v -0.29405469 0.06714505 -0.01987969
v -0.29754555 0.03189336 -0.01915100
v -0.29948026 0.06074383 -0.01870634
v -0.29875213 0.13668393 -0.01734504
v -0.28969026 0.07666345 -0.02059168
v -0.30388018 0.06698555 -0.01876036
v -0.30260807 0.05459187 -0.01843467
v -0.31255892 0.03036982 -0.02097869
v -0.32835510 0.14188614 -0.01834441
v -0.32980648 0.03693845 -0.01794727
v -0.32389501 0.04144903 -0.01557800
v -0.33156469 0.07289024 -0.01950830
v -0.32375115 0.11163359 -0.02140743
v -0.33971661 0.14848621 -0.01674861
v -0.34783790 0.06540702 -0.01751638
v -0.34039637 0.11353472 -0.01942428
v -0.33907044 0.11904764 -0.01980681
v -0.33433598 0.03981980 -0.01925391
v -0.35178286 0.11349635 -0.01832333
v -0.35336667 0.11185706 -0.01778233
v -0.34774864 0.11815704 -0.01851571
v -0.34951821 0.12404800 -0.01904208
v -0.35937649 0.11021921 -0.01792064
v -0.35522869 0.11619906 -0.01685607
v -0.34950617 0.13232838 -0.02028668
v -0.35825163 0.12683214 -0.01690627
v -0.36075309 0.13345344 -0.01915185
v -0.36920550 0.15840331 -0.01839389
v -0.37528574 0.10957038 -0.01965174
v -0.38751000 0.16670203 -0.01476027
v -0.38098785 0.06111342 -0.01426219
v -0.37890631 0.06934631 -0.01916893
v -0.38413122 0.06635618 -0.01707102
v -0.39229724 0.06418972 -0.01723531
v -0.39255679 0.06819844 -0.01580809
v -0.39432094 0.10627185 -0.01721119
v -0.38692307 0.07516463 -0.01747672
v -0.40683144 0.16935050 -0.01768204
v -0.39767507 0.08426873 -0.02088605
v -0.40229166 0.06388731 -0.01829751
v -0.40315616 0.05471601 -0.01671033
v -0.41105524 0.06705052 -0.01705922
v -0.41103786 0.14997961 -0.01470035
v -0.43333524 0.05057726 -0.01815638
v -0.42286015 0.16244616 -0.01806431
v -0.43426839 0.06830846 -0.01787052
v -0.43742076 0.10632733 -0.02145390
v -0.43580860 0.17234819 -0.01834241
v -0.43637905 0.17854436 -0.01634250
v -0.46273491 0.05739266 -0.02010882
v -0.46222517 0.06105816 -0.01825688
v 0.48468459 0.10344078 -0.02033002
v 0.49289626 0.11037082 -0.01902086
v 0.48002428 0.09432532 -0.01907288
v 0.47958648 0.10331474 -0.02352297
v 0.48368722 0.13196902 -0.02082866
v 0.47536457 0.09702750 -0.02174077
v 0.47391403 0.14383538 -0.02146556
v 0.46920699 0.16140746 -0.01853894
v 0.45635465 0.09730849 -0.02408450
v 0.46063527 0.09449515 -0.02297724
v 0.46141726 0.17372617 -0.01981050
v 0.45676079 0.08940175 -0.02019930
v 0.45419323 0.18940996 -0.02093002
v 0.44929609 0.10991051 -0.02426049
v 0.43266484 0.23054788 -0.02901016
v 0.43334424 0.28533688 -0.02379086
v 0.43311936 0.28231347 -0.02260430
v 0.42226526 0.28283143 -0.02245823
v 0.42047557 0.29400334 -0.01852447
v 0.42157388 0.27595383 -0.02001061
v 0.41996989 0.27888408 -0.02060498
v 0.39826107 0.29829165 -0.02018611
v 0.37485558 0.14750661 -0.01917617
v 0.36172938 0.27118805 -0.02062814
v 0.35889506 0.15979671 -0.02370760
v 0.35381293 0.16597180 -0.01924715
v 0.34413138 0.19650064 -0.02285870
v 0.33782676 0.19649313 -0.02499211
v 0.33780032 0.28240296 -0.02009771
v 0.32962346 0.28201830 -0.02210897
v 0.32950458 0.18324062 -0.02356220
v 0.32898712 0.25090224 -0.02621471
v 0.32248089 0.27913508 -0.02403157
v 0.31614411 0.27536500 -0.02248098
v 0.31436080 0.14522114 -0.02036406
v 0.31233668 0.14991084 -0.02408944
v 0.30396554 -0.30650014 -0.02309965
v 0.29607794 -0.31008986 -0.02134891
v 0.29493862 -0.30594936 -0.02256071
v 0.29204834 0.11007968 -0.02508141
v 0.30295393 0.27315640 -0.02175870
v 0.29022160 0.24769248 -0.01974667
v 0.28773323 0.27086121 -0.02008816
v 0.28058943 0.08189135 -0.02349995
v 0.26686296 0.04002464 -0.02655266
v 0.26506975 0.24191645 -0.01802072
v 0.26405829 0.25760078 -0.01884270
v 0.25418708 0.25484562 -0.01949072
v 0.24602450 -0.04911416 -0.01980017
v 0.24809091 0.24410553 -0.01993028
v 0.25094733 0.25839701 -0.02185591
v 0.24518746 0.25302970 -0.02107622
v 0.23703884 0.22737189 -0.02160892
v 0.23900650 0.24598695 -0.02080698
v 0.23511390 -0.06553544 -0.02396631
v 0.25123179 0.23472190 -0.02021986
v 0.23619394 0.25039342 -0.02207435
v 0.23168756 -0.07259801 -0.02547461
v 0.22995111 0.23185481 -0.02116046
v 0.23883998 0.26614773 -0.01596901
v 0.22870964 0.24638183 -0.02257925
v 0.21743447 -0.08942246 -0.02474893
v 0.21910357 0.24198461 -0.02304872
v 0.20354760 -0.07982455 -0.02292531
v 0.17076306 -0.07246811 -0.03041824
v 0.17837411 0.21839792 -0.02368846
v 0.17113365 -0.07749725 -0.01625024
v 0.16980359 0.21219298 -0.02336114
v 0.15986916 0.20534486 -0.02316631
v 0.15521795 0.20639379 -0.02375687
v 0.13913231 0.21752240 -0.01724735
v 0.13511118 0.17333309 -0.01789393
v 0.12985916 0.16918068 -0.02203912
v 0.10489190 0.19559908 -0.02488982
v 0.10316334 0.14563750 -0.02797517
v 0.02207846 0.14302413 -0.03174628
v -0.01600664 -0.25607401 -0.02427975
v -0.01423774 -0.26153091 -0.02609424
v -0.10507718 -0.16176932 -0.02411399
v -0.11648145 -0.03332943 -0.02124541
v -0.11296403 -0.17582102 -0.02224748
v -0.11251263 -0.15138856 -0.02173413
v -0.11655077 -0.13791057 -0.02425692
v -0.12346582 -0.17665532 -0.02471887
v -0.12657648 -0.16644987 -0.01842922
v -0.12580229 -0.03723308 -0.01828156
v -0.12810566 -0.10437585 -0.02328599
v -0.12530126 -0.04739438 -0.02115869
v -0.13066524 -0.11303263 -0.01936807
v -0.12896165 -0.08563530 -0.02358653
v -0.17533131 -0.13588227 -0.01743037
v -0.17441756 -0.12667294 -0.02460743
v -0.17572011 -0.11428822 -0.02273729
v -0.17533290 -0.09133381 -0.02126619
v -0.20061947 0.12578526 -0.03153583
v -0.19851342 0.12211996 -0.01858861
v -0.20015047 -0.04621395 -0.02771906
v -0.20162982 -0.03957308 -0.01785454
v -0.20732631 0.11135633 -0.02353798
v -0.21640408 0.09903008 -0.02789248
v -0.22358389 0.08389466 -0.02635051
v -0.23472513 0.08341180 -0.01968681
v -0.25922835 0.05929807 -0.01864691
v -0.25350580 0.09022145 -0.02068199
v -0.25610781 0.09625083 -0.02080171
v -0.25795144 0.08486333 -0.02570977
v -0.26544762 0.10281258 -0.02181746
v -0.26596963 0.11339904 -0.02028004
v -0.26638570 0.08180248 -0.02375611
v -0.27929530 0.09270230 -0.02183583
v -0.27164286 0.07840049 -0.02789085
v -0.27906647 0.07295908 -0.02075506
v -0.27853328 0.05157786 -0.02323429
v -0.27187362 0.12711491 -0.01850829
v -0.29002231 0.03981003 -0.02092662
v -0.28802913 0.11669885 -0.02101665
v -0.29349282 0.06608582 -0.02422738
v -0.28443909 0.13192225 -0.01828590
v -0.30183879 0.05967690 -0.02305540
v -0.29733163 0.10467176 -0.02299886
v -0.28255087 0.10863003 -0.02209200
v -0.30596852 0.02994840 -0.02269391
v -0.29589558 0.09904410 -0.02279213
v -0.30571765 0.11114510 -0.02185522
v -0.31873557 0.02737290 -0.02558603
v -0.30500507 0.11843848 -0.02110886
v -0.31307411 0.04402452 -0.01422382
v -0.31053630 0.08092187 -0.02156972
v -0.30951503 0.12845327 -0.02049471
v -0.32378790 0.11596122 -0.02071395
v -0.32340670 0.13664274 -0.01951109
v -0.32663405 0.08355951 -0.02206770
v -0.32492894 0.12571311 -0.02120236
v -0.33603159 0.12505154 -0.02076199
v -0.33374169 0.09683754 -0.02420999
v -0.33230698 0.03175642 -0.02254070
v -0.33998278 0.08772208 -0.02279800
v -0.33877930 0.13299423 -0.02080990
v -0.34689939 0.14118013 -0.02036003
v -0.34065360 0.08157410 -0.02246238
v -0.35113558 0.14660966 -0.01961944
v -0.35279587 0.03482691 -0.02499383
v -0.35562733 0.07975584 -0.02308534
v -0.35008961 0.08975358 -0.02361231
v -0.35628876 0.15501475 -0.01749016
v -0.35811490 0.11086620 -0.02226342
v -0.36466980 0.07080085 -0.02148565
v -0.37183833 0.11102995 -0.02288705
v -0.37382826 0.14564161 -0.02160246
v -0.36965650 0.14585823 -0.02147475
v -0.37852919 0.07681648 -0.02368312
v -0.38716206 0.07567280 -0.02183392
v -0.37433442 0.15106349 -0.02128366
v -0.38601381 0.11096315 -0.02294936
v -0.38920209 0.14675397 -0.02051552
v -0.39392969 0.07990985 -0.02447839
v -0.39157844 0.16166291 -0.01975170
v -0.39968264 0.14840022 -0.01899213
v -0.39556989 0.15570863 -0.02043345
v -0.40303564 0.06061950 -0.01820925
v -0.40600562 0.08631492 -0.02760910
v -0.41224545 0.15590732 -0.01766474
v -0.40891385 0.15834816 -0.01941681
v -0.41076535 0.16346076 -0.01936884
v -0.41459092 0.06104033 -0.02011658
v -0.41249710 0.06425419 -0.01936945
v -0.41907164 0.05525643 -0.01920997
v -0.41464978 0.09227496 -0.02285454
v -0.41976485 0.17090322 -0.01784529
v -0.43085057 0.06147997 -0.02178489
v -0.42973945 0.06341927 -0.02183423
v -0.42313367 0.06592489 -0.01918804
v -0.45119527 0.06631587 -0.02153242
v -0.43445224 0.10919193 -0.01993076
v -0.44464982 0.11034159 -0.02397458
v -0.44975370 0.18199599 -0.01764410
v -0.46412048 0.06630242 -0.01997401
v 0.48204347 0.11096538 -0.02495361
v 0.48443267 0.11859844 -0.02398653
v 0.46997672 0.10381707 -0.02604434
v 0.46719930 0.09015088 -0.02208794
v 0.45939136 0.13716656 -0.02688048
v 0.46766713 0.11625120 -0.02744671
v 0.45488277 0.15848348 -0.02635734
v 0.45234376 0.17208466 -0.02552672
v 0.44258839 0.19357260 -0.02724988
v 0.44352728 0.20927306 -0.02411214
v 0.43690014 0.23249656 -0.02611821
v 0.43938282 0.12158417 -0.02200639
v 0.43386945 0.13616556 -0.02789280
v 0.42670092 0.13294573 -0.02380446
v 0.42137113 0.28823802 -0.02405385
v 0.42756876 0.29045606 -0.02063495
v 0.42795700 0.28334364 -0.02472461
v 0.41442719 0.13592911 -0.02144799
v 0.41565585 0.28316936 -0.02401824
v 0.40649229 0.29074019 -0.02356043
v 0.39841712 0.30109218 -0.02269452
v 0.40617374 0.14105457 -0.02742964
v 0.39397606 0.29937851 -0.02505661
v 0.38709036 0.29108724 -0.02416628
v 0.38159400 0.28536654 -0.02118825
v 0.37915495 0.14596702 -0.01614514
v 0.35250461 0.17923659 -0.03113846
v 0.34821421 0.20670091 -0.02750963
v 0.33863384 0.25954059 -0.02284998
v 0.31704122 0.27688789 -0.02676137
v 0.31269062 0.27796510 -0.02625177
v 0.31470153 -0.30678576 -0.02662696
v 0.29979101 0.24516764 -0.02440394
v 0.30938259 0.27488473 -0.02953040
v 0.31689781 -0.30964512 -0.02401991
v 0.30330467 0.23173225 -0.03094108
v 0.29752320 0.27347940 -0.03115534
v 0.28979251 0.27157766 -0.02300116
v 0.28462619 -0.30285338 -0.02571382
v 0.28122866 -0.29556602 -0.02861745
v 0.28588873 -0.29311582 -0.02861917
v 0.28407556 0.27025184 -0.02834529
v 0.27278900 -0.00968982 -0.02636855
v 0.26971218 -0.02005202 -0.02472378
v 0.27079445 0.02637520 -0.02963232
v 0.27418038 0.26808035 -0.02260219
v 0.26233447 -0.02716872 -0.03206524
v 0.27636880 0.23324962 -0.02801872
v 0.25757399 -0.03721401 -0.02018131
v 0.26056823 -0.03179996 -0.02782778
v 0.25950006 0.26231888 -0.02080503
v 0.25172782 -0.03839887 -0.02714221
v 0.25337109 0.26037773 -0.02553117
v 0.24223898 0.25497684 -0.02776027
v 0.23465271 0.25164539 -0.02483893
v 0.22222793 0.24518366 -0.02504815
v 0.21613768 0.23758939 -0.02315482
v 0.21803643 -0.10388753 -0.03293794
v 0.20557255 -0.08582665 -0.02808782
v 0.21458431 0.23252131 -0.02364112
v 0.21158558 0.23903060 -0.02552584
v 0.20513520 0.23654020 -0.02613513
v 0.22144210 0.22205056 -0.02372568
v 0.20224328 0.23056033 -0.02451701
v 0.19811657 0.24323924 -0.02373902
v 0.19488811 -0.07644389 -0.02452528
v 0.19431683 0.22498794 -0.02536552
v 0.19709466 0.23127270 -0.02622104
v 0.18942147 0.22699577 -0.02658853
v 0.17884113 0.21163493 -0.02638787
v 0.18173939 0.22344752 -0.02490412
v 0.16702031 0.20801300 -0.02460657
v 0.16806477 0.21497729 -0.02431549
v 0.17463221 0.23697738 -0.01575193
v 0.15167670 0.20081183 -0.02369719
v 0.14374730 0.19550471 -0.02685606
v 0.14740117 0.20028146 -0.02446506
v 0.13652802 0.20692690 -0.02679433
v 0.12572488 0.16569957 -0.02477474
v 0.12260605 0.16052191 -0.02421469
v 0.12249338 0.18747501 -0.02526013
v 0.11312231 0.15453200 -0.01445542
v 0.10570444 0.18916632 -0.03173096
v 0.09661201 0.19031420 -0.02843336
v 0.04224985 0.14018786 -0.03006466
v 0.00400457 -0.06729006 -0.03583878
v -0.00575426 0.15002456 -0.02606873
v -0.00741156 -0.27080777 -0.02878963
v -0.00898244 -0.26269826 -0.02744570
v -0.00865616 -0.24657111 -0.02661284
v -0.01554064 -0.24234338 -0.02542207
v -0.01578993 -0.27334657 -0.02999155
v -0.01474709 -0.23468517 -0.02615494
v -0.02097764 -0.24621972 -0.02528717
v -0.02353816 -0.23852131 -0.02536181
v -0.01883340 -0.26302618 -0.02583806
v -0.02919093 -0.25935963 -0.02921446
v -0.02959669 -0.24382611 -0.02654557
v -0.07562288 0.17333695 -0.03218981
v -0.09082630 -0.19018702 -0.02809525
v -0.09987423 -0.17717285 -0.02437502
v -0.09393881 -0.17004509 -0.02839539
v -0.09697763 -0.18930864 -0.02723324
v -0.10300731 -0.18530643 -0.02586360
v -0.10262059 -0.03102426 -0.02304935
v -0.11030061 -0.03156330 -0.02367794
v -0.12011524 -0.12621954 -0.02555616
v -0.12171744 -0.09907378 -0.03015222
v -0.12153133 -0.06481644 -0.02518029
v -0.12532045 -0.17904188 -0.03035800
v -0.12480468 0.17414743 -0.02937234
v -0.16252594 -0.15330380 -0.02437783
v -0.17655627 -0.10147317 -0.02422090
v -0.17950056 -0.09053274 -0.02902106
v -0.18008357 -0.08238854 -0.02450008
v -0.18543541 -0.07176751 -0.02612167
v -0.19432768 -0.05375262 -0.02358863
v -0.23208967 0.03259395 -0.02739318
v -0.24063514 0.09192023 -0.02262432
v -0.24675304 0.07064980 -0.02176472
v -0.25306675 0.08186483 -0.02743323
v -0.25139177 0.08580368 -0.02683068
v -0.26330835 0.07343396 -0.02936237
v -0.26642242 0.06311651 -0.02687396
v -0.28057528 0.07337093 -0.02644621
v -0.29393625 0.06826656 -0.02899007
v -0.30572319 0.05671534 -0.02316239
v -0.30615929 0.10769582 -0.02320844
v -0.31139743 0.05116890 -0.02371554
v -0.31211922 0.05951606 -0.02731415
v -0.31769791 0.10468637 -0.02427996
v -0.31697953 0.10064811 -0.02368096
v -0.32015216 0.10695997 -0.02426057
v -0.33214214 0.02615888 -0.02881317
v -0.33820662 0.10425480 -0.02557839
v -0.33932382 0.04316227 -0.02741717
v -0.33990711 0.10736036 -0.02473650
v -0.33295801 0.10936840 -0.02323987
v -0.34343246 0.03224373 -0.02432889
v -0.34426010 0.03711873 -0.02150583
v -0.34908247 0.03869025 -0.02423647
v -0.35916921 0.03684183 -0.02679026
v -0.36893901 0.08643190 -0.02531059
v -0.35336539 0.09355880 -0.02478490
v -0.35863611 0.10939386 -0.02435624
v -0.35713950 0.09905413 -0.02657415
v -0.37712565 0.11057844 -0.02570196
v -0.37849554 0.09228414 -0.02758293
v -0.37744504 0.09646890 -0.02865217
v -0.36827448 0.07898057 -0.02360880
v -0.38989449 0.08421685 -0.02791283
v -0.39879575 0.08365569 -0.02659771
v -0.40137425 0.11364165 -0.02650880
v -0.42627272 0.11468022 -0.02576779
v -0.44439834 0.06313857 -0.02281426
v -0.45750374 0.06102357 -0.02198260
v -0.46640769 0.06627895 -0.02249729
v 0.45725051 0.11638404 -0.02755168
v 0.45339674 0.13587368 -0.02793446
v 0.44806272 0.12527773 -0.02704907
v 0.44422603 0.14117943 -0.02937235
v 0.44527745 0.14834993 -0.03000516
v 0.43974966 0.23436180 -0.02541170
v 0.44043288 0.24232961 -0.02526661
v 0.43831211 0.25234523 -0.02962384
v 0.41278920 0.14290491 -0.02913286
v 0.41829926 0.27123171 -0.02601315
v 0.40971860 0.28657848 -0.02583333
v 0.41173759 0.27898598 -0.02641102
v 0.40727234 0.28844523 -0.03026371
v 0.40151232 0.29630411 -0.02388034
v 0.39731616 0.30378532 -0.02762171
v 0.39082399 0.14904493 -0.03272876
v 0.39581603 0.31088993 -0.03326831
v 0.38430101 0.26769027 -0.03025481
v 0.38008791 0.26856288 -0.02734128
v 0.37870610 0.27542958 -0.02427479
v 0.38149211 0.28086650 -0.02753908
v 0.38224393 0.28740209 -0.03188893
v 0.38416615 0.26066712 -0.03262224
v 0.35235757 0.17135067 -0.02734404
v 0.33887950 0.20477292 -0.02825455
v 0.31901574 0.24075881 -0.02918958
v 0.30096626 -0.29964626 -0.02789107
v 0.29455438 -0.29400679 -0.02730724
v 0.29560161 0.27779174 -0.02249183
v 0.28914398 -0.28977531 -0.03117681
v 0.28275323 -0.31011593 -0.02781913
v 0.27645504 -0.30150244 -0.03119186
v 0.27509093 0.01396654 -0.02551852
v 0.26492301 -0.16945219 -0.03337800
v 0.26857153 0.26685110 -0.02297669
v 0.26443884 -0.19248115 -0.02921006
v 0.26393703 -0.18623352 -0.02795743
v 0.26590487 0.05213585 -0.02754785
v 0.25256008 -0.17664593 -0.03259197
v 0.25461525 0.22227995 -0.03054622
v 0.23820826 0.25788572 -0.02779024
v 0.23994637 0.22095807 -0.02755439
v 0.22359805 -0.10570355 -0.03370543
v 0.22532740 -0.09630366 -0.03045034
v 0.22783725 0.24885850 -0.02891046
v 0.22047600 -0.09316321 -0.02742062
v 0.22212708 0.20613101 -0.02941797
v 0.22846675 0.21981356 -0.02551428
v 0.21883026 0.19857341 -0.03148620
v 0.22047037 0.20980398 -0.02904434
v 0.22221398 0.21416952 -0.03022056
v 0.21348344 0.19906235 -0.02995347
v 0.21363682 0.21517220 -0.02690873
v 0.21203333 0.24110287 -0.02860201
v 0.21124750 0.18669501 -0.03422342
v 0.20638062 0.19663700 -0.03010762
v 0.20300564 0.23671621 -0.02889450
v 0.20101741 0.19573893 -0.03104944
v 0.19322081 -0.07749741 -0.03327003
v 0.19447269 0.23189533 -0.02909788
v 0.19977291 0.21364012 -0.02685357
v 0.18567216 0.22578308 -0.03044815
v 0.17785637 0.22032951 -0.03447685
v 0.15741083 -0.07792298 -0.02216071
v 0.16949698 0.19929750 -0.03589971
v 0.15843369 0.20868868 -0.02910925
v 0.14738700 0.19304563 -0.03037957
v 0.14971510 0.20292224 -0.02865695
v 0.14233105 0.19492105 -0.03011763
v 0.14363705 0.19818529 -0.02966412
v 0.14020737 0.18972859 -0.03154636
v 0.12617607 -0.07876425 -0.03310115
v 0.12058917 0.15874919 -0.02828079
v 0.12108621 0.16492647 -0.02868881
v 0.11978157 0.17448828 -0.02979722
v 0.10968006 0.19278306 -0.02452382
v 0.09436607 0.14288692 -0.02769061
v 0.09891877 0.19076708 -0.02708307
v 0.09263882 0.18478858 -0.03277645
v 0.06039139 -0.07994433 -0.02331668
v 0.06673981 0.13906883 -0.02912376
v -0.00554195 -0.24888398 -0.02734278
v -0.00489975 -0.24084169 -0.03009244
v -0.02517910 -0.26406226 -0.02905211
v -0.03279558 -0.23140948 -0.03079833
v -0.03306339 -0.25033709 -0.02864692
v -0.06224481 -0.04189031 -0.01644855
v -0.05502347 0.16671552 -0.03200179
v -0.07834495 -0.19705740 -0.03108237
v -0.08714212 -0.18450235 -0.02879552
v -0.07724833 -0.18879196 -0.03291471
v -0.08584476 -0.17912248 -0.03117379
v -0.08099856 -0.18084140 -0.03512810
v -0.08246663 -0.20032145 -0.03133642
v -0.08747701 -0.03119627 -0.02253338
v -0.08815675 -0.20238011 -0.03326284
v -0.10024629 -0.19415718 -0.03042290
v -0.09709556 -0.02850016 -0.03089969
v -0.10091867 -0.03454332 -0.03231099
v -0.09303356 0.17648490 -0.02666732
v -0.10626080 -0.14903364 -0.03182724
v -0.10668271 -0.05762219 -0.03049901
v -0.10865440 -0.03721935 -0.02775594
v -0.10922084 -0.19112022 -0.03340081
v -0.11134398 -0.18574673 -0.02756003
v -0.14109157 0.16887787 -0.03224348
v -0.16163409 0.15971719 -0.03129845
v -0.17226118 0.15362424 -0.02934620
v -0.17420198 -0.11588992 -0.02893499
v -0.18363988 -0.07951286 -0.03156573
v -0.18869705 0.14113587 -0.03098250
v -0.21180040 0.10795727 -0.03308220
v -0.21764407 -0.01531905 -0.03076892
v -0.23260492 0.04663159 -0.03079252
v -0.26590133 0.07997517 -0.02977992
v -0.28134203 0.07338166 -0.03098953
v -0.30521235 0.06339408 -0.02798660
v -0.31570083 0.06019121 -0.03083231
v -0.31825441 0.02873043 -0.02777760
v -0.32815406 0.02530818 -0.02978728
v -0.32257414 0.04705707 -0.02640286
v -0.32322496 0.05513491 -0.03074012
v -0.33610120 0.04664301 -0.03159032
v -0.36064821 0.03183758 -0.03023507
v -0.37500274 0.10121093 -0.02943781
v -0.36174116 0.10477666 -0.02706940
v -0.39589107 0.11321344 -0.02751134
v -0.41512471 0.11610749 -0.03013342
v -0.42764509 0.11881413 -0.03110278
v -0.42549112 0.09673354 -0.02800790
v -0.43724671 0.10276566 -0.02753914
v -0.44450793 0.10730273 -0.02910959
v -0.44483548 0.11924925 -0.02867523
v -0.45006832 0.11637326 -0.02720991
v -0.45322594 0.11451741 -0.03047357
v -0.45813808 0.12410337 -0.03267593
v -0.45962813 0.12163350 -0.03195540
v 0.44471148 0.17050689 -0.02940663
v 0.43797347 0.15471296 -0.03247845
v 0.43326429 0.23713672 -0.03114836
v 0.43636248 0.25356707 -0.03093994
v 0.42762145 0.26407629 -0.02550988
v 0.43190041 0.21639884 -0.03015841
v 0.42795837 0.14574219 -0.03148601
v 0.40843374 0.27152035 -0.03070118
v 0.41476193 0.25946635 -0.03488990
v 0.41014335 0.28073207 -0.03188109
v 0.40305418 0.29779631 -0.03276721
v 0.40402541 0.26520047 -0.03325953
v 0.39249682 0.31191808 -0.03527875
v 0.38396734 0.14791393 -0.02948919
v 0.38264236 0.27672714 -0.03273482
v 0.37381449 0.15334362 -0.03141785
v 0.36507937 0.15647361 -0.02961976
v 0.35824949 0.24424990 -0.03503842
v 0.36806801 0.22180837 -0.03870045
v 0.35492775 0.17149045 -0.03169898
v 0.35922456 0.17584276 -0.03601607
v 0.35330427 0.21631727 -0.03146265
v 0.36056101 0.22672173 -0.03416367
v 0.36261711 0.23467572 -0.03435067
v 0.35879251 0.26242164 -0.02769945
v 0.34836933 0.22273269 -0.03243797
v 0.35655826 0.24131680 -0.03512694
v 0.34402725 0.24907248 -0.03237342
v 0.34556624 0.25509188 -0.03081272
v 0.33598861 0.22966480 -0.03448468
v 0.33514875 0.23868786 -0.03290319
v 0.32598391 0.21537632 -0.03364173
v 0.32789615 0.20660368 -0.03210678
v 0.33429259 0.24617603 -0.03058670
v 0.32418713 0.19054393 -0.02975264
v 0.31729421 0.20047000 -0.03436942
v 0.30873173 -0.29800433 -0.03783911
v 0.31964475 0.17693032 -0.02889875
v 0.29496908 -0.28983536 -0.03580529
v 0.29066214 0.27328682 -0.03180314
v 0.28304923 -0.28279966 -0.03245278
v 0.28231025 -0.27093557 -0.03499576
v 0.28390104 0.22538546 -0.03248473
v 0.28067628 0.26890421 -0.03834120
v 0.27803794 -0.29167378 -0.03194194
v 0.27838546 -0.26795006 -0.03451658
v 0.27881888 -0.18285388 -0.03667101
v 0.27552113 -0.17816578 -0.03450906
v 0.27724773 -0.28230858 -0.03337687
v 0.27342838 -0.26725286 -0.03545553
v 0.27362657 -0.25553584 -0.03541457
v 0.27218610 -0.23674016 -0.03579057
v 0.27532065 -0.31046861 -0.03726730
v 0.27408391 0.08794243 -0.03113430
v 0.26644009 -0.23271030 -0.03602687
v 0.26778403 -0.21707150 -0.03615985
v 0.26867363 -0.20363533 -0.03525029
v 0.26862195 -0.01545447 -0.03359639
v 0.26169598 -0.20709231 -0.03482632
v 0.26432341 0.04345972 -0.03043530
v 0.26001090 -0.21169262 -0.03620268
v 0.25777709 -0.17722875 -0.03112557
v 0.25804353 -0.16559725 -0.03488928
v 0.25618282 0.26379544 -0.03181796
v 0.25553602 -0.18881254 -0.02910947
v 0.25178650 -0.03369613 -0.03687610
v 0.24742378 -0.19914405 -0.03619277
v 0.24400796 0.25521678 -0.03726599
v 0.24968816 0.21675527 -0.03261607
v 0.24757250 0.22082563 -0.03124057
v 0.23988849 -0.05852055 -0.03069052
v 0.24173839 0.20903939 -0.03334557
v 0.24119966 0.21441677 -0.03257811
v 0.24213803 0.21804497 -0.03283358
v 0.23147537 0.21107447 -0.03214846
v 0.23241113 -0.10487749 -0.03557241
v 0.23624305 -0.07175555 -0.03365742
v 0.23191060 0.20828830 -0.03109557
v 0.22900124 -0.11100113 -0.03535694
v 0.22869347 -0.08990414 -0.02993756
v 0.22642925 0.21115169 -0.03395416
v 0.22142455 0.24915516 -0.03001565
v 0.22393481 0.19203117 -0.03574599
v 0.21702211 0.20773511 -0.03442129
v 0.21217833 0.20370375 -0.02959416
v 0.20896903 0.20191756 -0.03457484
v 0.20300017 0.18650480 -0.03272834
v 0.20560962 0.23778442 -0.03239643
v 0.18802358 -0.07332025 -0.03236273
v 0.19404534 0.18179376 -0.03409022
v 0.19525519 0.18843029 -0.03199789
v 0.18697259 0.18648180 -0.03509293
v 0.20063624 0.20730230 -0.03057404
v 0.18343574 -0.07245015 -0.03021870
v 0.17222454 0.20397481 -0.03004613
v 0.16928448 0.21484689 -0.03354727
v 0.15694994 0.19876011 -0.02636394
v 0.13787335 -0.07794413 -0.03033786
v 0.14974862 0.19052188 -0.03568955
v 0.15207547 -0.07116096 -0.03729276
v 0.14362255 0.19609208 -0.03456340
v 0.15161543 0.21511449 -0.02700321
v 0.11878865 0.20168535 -0.02268552
v 0.11431955 0.15272501 -0.03251018
v 0.10352427 -0.07917239 -0.03496454
v 0.11256771 0.15051550 -0.03037117
v 0.10679185 0.16828144 -0.03552745
v 0.11181179 0.17984024 -0.03114435
v 0.10003147 0.17394143 -0.03666848
v 0.08234363 0.14092085 -0.02696050
v 0.06291214 -0.07877529 -0.03336371
v 0.05256546 0.13827370 -0.03344031
v 0.05153173 -0.07739693 -0.03458832
v 0.02428044 0.14084759 -0.03673857
v 0.03277193 -0.07467148 -0.03371963
v 0.00110582 -0.24463956 -0.03448548
v -0.00223637 -0.26338080 -0.03097435
v 0.00220560 -0.23852269 -0.03766722
v -0.01801520 -0.06028932 -0.03280165
v -0.01542145 -0.27614230 -0.03613915
v -0.01817396 -0.22399780 -0.03642038
v -0.02138971 -0.27137294 -0.03401400
v -0.02743567 -0.22783840 -0.03152535
v -0.02894191 -0.26595649 -0.03416351
v -0.05693963 -0.21419957 -0.03388214
v -0.06214420 -0.21847351 -0.03573111
v -0.06717899 -0.20137322 -0.03336280
v -0.07109869 -0.20790325 -0.03275123
v -0.08141383 -0.21005669 -0.03799679
v -0.09611876 -0.19939657 -0.03399045
v -0.08999804 -0.17002411 -0.03479214
v -0.09761950 -0.16083394 -0.03226508
v -0.10826592 0.17660201 -0.02863757
v -0.11163028 -0.13817227 -0.03345793
v -0.11490172 -0.12562221 -0.03603974
v -0.11721035 -0.11467344 -0.03399318
v -0.11627888 -0.08290158 -0.03136220
v -0.14282860 -0.16078468 -0.03561112
v -0.15424983 -0.15201332 -0.03327575
v -0.17219166 -0.13710310 -0.02405494
v -0.17616107 -0.10474184 -0.03056972
v -0.19738135 -0.05240914 -0.03523549
v -0.21129163 -0.02850939 -0.03368605
v -0.22603235 0.00464558 -0.02735303
v -0.22998510 0.01902812 -0.02931185
v -0.22772373 0.07421413 -0.03358505
v -0.26789647 0.07715876 -0.03259055
v -0.28441617 0.06713383 -0.03441516
v -0.27444959 0.07549337 -0.03296286
v -0.28647384 0.05567534 -0.03064968
v -0.28854856 0.07011463 -0.03383816
v -0.30184826 0.06528433 -0.03355433
v -0.30819038 0.04625760 -0.03317568
v -0.31484032 0.06147126 -0.03407102
v -0.32815477 0.03274243 -0.03349808
v -0.33251378 0.05282009 -0.03432411
v -0.34708023 0.04646274 -0.03404616
v -0.36377031 0.03966599 -0.03065952
v -0.36827838 0.03474272 -0.03093308
v -0.37223786 0.03756128 -0.03210633
v -0.37770382 0.03920953 -0.03495911
v -0.38547492 0.03638640 -0.03757622
v -0.39398101 0.09672955 -0.03118577
v -0.38502845 0.10815170 -0.02917565
v -0.40389311 0.09120718 -0.03093637
v -0.40491718 0.11230862 -0.03123168
v -0.40180612 0.10628484 -0.03359143
v -0.42349705 0.11759893 -0.03295466
v -0.41288114 0.08996719 -0.02937186
v -0.44473487 0.12404954 -0.03452158
v -0.42640004 0.09876657 -0.03425038
v -0.44187143 0.10608840 -0.03273584
v -0.44629771 0.12309787 -0.03273566
v -0.45305932 0.11381804 -0.03285735
v -0.45997366 0.12953228 -0.03718292
v -0.46297139 0.12469416 -0.03468823
v -0.46428478 0.12857836 -0.03593560
v 0.42768946 0.18516991 -0.03534299
v 0.43846920 0.24798840 -0.03330971
v 0.42932948 0.22323190 -0.03362809
v 0.42951089 0.24959084 -0.03611886
v 0.42543185 0.16446656 -0.03624440
v 0.42086565 0.23039588 -0.03509149
v 0.42505980 0.24021378 -0.03681243
v 0.42367637 0.25614929 -0.03503007
v 0.41949517 0.21331774 -0.03618370
v 0.40728298 0.15006849 -0.03437484
v 0.40962890 0.22870515 -0.03809402
v 0.40660602 0.15713643 -0.03787540
v 0.40405554 0.25231683 -0.03729974
v 0.40651509 0.27836847 -0.03676388
v 0.40590748 0.29159504 -0.03758705
v 0.41624957 0.24409088 -0.03696522
v 0.39721355 0.27228200 -0.03833322
v 0.38739243 0.24298547 -0.03788081
v 0.39223850 0.25946337 -0.03428420
v 0.39024419 0.24843423 -0.03779509
v 0.39224520 0.26585546 -0.03658057
v 0.38630536 0.30349493 -0.03461221
v 0.38165605 0.28217745 -0.03428633
v 0.38202599 0.15588772 -0.03497734
v 0.37314069 0.24922794 -0.03680293
v 0.37579373 0.25338513 -0.03644570
v 0.37266013 0.15983954 -0.03580828
v 0.37190625 0.24118845 -0.03523273
v 0.36572236 0.25340751 -0.03574697
v 0.36431584 0.24912514 -0.03631925
v 0.35581714 0.19205411 -0.03523860
v 0.35629499 0.25361297 -0.03397285
v 0.32396734 0.22568010 -0.03474988
v 0.32533306 -0.30938676 -0.03542381
v 0.30366126 -0.29456949 -0.03535705
v 0.30599666 0.16600661 -0.03349324
v 0.30029866 0.18137944 -0.03711174
v 0.31251496 0.21765088 -0.03577933
v 0.30638126 0.15408935 -0.02975849
v 0.29284030 0.15489747 -0.03654078
v 0.29173660 0.21541254 -0.03625582
v 0.29333806 -0.31081167 -0.02808129
v 0.28784490 -0.27169845 -0.04021764
v 0.29089534 0.13333821 -0.03295653
v 0.27653274 -0.18969533 -0.03495439
v 0.28046691 -0.26072073 -0.03635532
v 0.27911788 -0.24474445 -0.04047906
v 0.27603826 -0.22934157 -0.03998584
v 0.27580324 -0.20297255 -0.03999202
v 0.27698317 -0.19552153 -0.03692296
v 0.28022972 0.11304823 -0.03407260
v 0.27367756 -0.28966811 -0.03700478
v 0.26969284 -0.16323602 -0.03881026
v 0.27343678 0.00254309 -0.03421156
v 0.27290896 0.01502522 -0.03457544
v 0.27167100 -0.27476469 -0.03791538
v 0.27157691 -0.21272118 -0.03810137
v 0.26817557 -0.26680067 -0.04121089
v 0.26916194 -0.26029932 -0.03775854
v 0.26591015 -0.24162801 -0.03691023
v 0.26344988 -0.24389553 -0.03963842
v 0.25673330 -0.21830387 -0.03998312
v 0.26432234 0.06602644 -0.03211150
v 0.26718655 0.21503019 -0.03517796
v 0.26049384 0.26207453 -0.04162933
v 0.26122114 0.07845243 -0.03799554
v 0.26990306 0.26760465 -0.03465623
v 0.25609615 0.06189774 -0.03907758
v 0.25310993 -0.20099120 -0.03541786
v 0.25037509 -0.15960681 -0.03761963
v 0.25317013 0.25917825 -0.03776773
v 0.24489236 -0.04669672 -0.03592274
v 0.24517475 0.25632417 -0.04207341
v 0.24360786 -0.18462390 -0.03903483
v 0.24611492 -0.16370147 -0.04001728
v 0.24794957 -0.15229012 -0.03839016
v 0.24187370 -0.14160748 -0.04025894
v 0.24673873 0.21825403 -0.03662345
v 0.23771369 -0.11925872 -0.03893045
v 0.24304196 0.21583380 -0.03623120
v 0.23749851 -0.08907586 -0.03781702
v 0.23468846 0.21267733 -0.03573973
v 0.23244719 -0.12756452 -0.03852303
v 0.23972552 0.19101667 -0.04024605
v 0.22574624 -0.12557185 -0.04059515
v 0.22865053 -0.11813105 -0.03711921
v 0.21861236 -0.11545219 -0.03886487
v 0.21105200 0.20856681 -0.03472032
v 0.20638867 0.16833627 -0.03952044
v 0.19770648 0.19456974 -0.03914554
v 0.19431296 -0.08523162 -0.04075351
v 0.18726943 0.18889239 -0.03687686
v 0.17851867 0.18536068 -0.03599136
v 0.17440198 0.17952223 -0.03674145
v 0.16418731 0.17127018 -0.03936316
v 0.16689248 0.21948458 -0.03372940
v 0.16180500 0.19477144 -0.03812248
v 0.15111127 0.19856197 -0.04136083
v 0.14294827 0.18843867 -0.03683766
v 0.13885145 0.19000356 -0.03607099
v 0.10614639 0.14617290 -0.03704797
v 0.10379246 0.14264823 -0.03628756
v 0.10358641 0.15138051 -0.03968469
v 0.10559061 0.16027887 -0.03698823
v 0.09693800 0.13932887 -0.03686712
v 0.07649269 -0.07842900 -0.03664168
v 0.09023347 -0.07331935 -0.04822988
v 0.06086216 -0.07738009 -0.03715868
v 0.04508933 0.13510205 -0.04269634
v 0.00601735 -0.25850475 -0.03667399
v 0.00703891 -0.24653298 -0.03837804
v -0.00533596 0.14906117 -0.03375123
v -0.00359777 -0.27447113 -0.03392778
v -0.02361775 -0.27087525 -0.03964352
v -0.03679466 -0.22691181 -0.03570089
v -0.03449691 -0.26307124 -0.03786730
v -0.03590844 -0.25314793 -0.03226506
v -0.03703752 -0.23295252 -0.03322623
v -0.04169881 -0.21895570 -0.03751774
v -0.04926796 -0.21205392 -0.03740655
v -0.04190077 -0.23472305 -0.03723093
v -0.04506269 -0.22573152 -0.03586575
v -0.04453252 -0.04574028 -0.03907965
v -0.05110467 -0.23088913 -0.04003717
v -0.05712968 -0.20480074 -0.03749322
v -0.06815884 -0.19414943 -0.03701704
v -0.07154970 -0.21526825 -0.03707974
v -0.07990827 -0.03027886 -0.03290503
v -0.08533902 -0.17519188 -0.03792866
v -0.09256242 -0.05581161 -0.03957621
v -0.09511161 -0.16411352 -0.03750420
v -0.09031045 -0.02676822 -0.03825238
v -0.10380322 -0.08173943 -0.03817913
v -0.11490579 -0.10166141 -0.03859352
v -0.12467553 -0.17462073 -0.04012242
v -0.16522793 -0.13681287 -0.03242571
v -0.17005496 -0.12026554 -0.03489565
v -0.19046007 -0.06430402 -0.03179287
v -0.22093384 0.09178488 -0.03150979
v -0.28307277 0.07019726 -0.03473169
v -0.30120656 0.06182877 -0.03784316
v -0.29370475 0.06743001 -0.03678045
v -0.30542299 0.06377223 -0.03764145
v -0.32648137 0.05111739 -0.04143139
v -0.32675511 0.05762427 -0.03525004
v -0.32544640 0.05964798 -0.04060640
v -0.33890188 0.03245732 -0.03671055
v -0.34162894 0.02410139 -0.03352474
v -0.34287465 0.05550753 -0.03913942
v -0.35294357 0.05574455 -0.04131066
v -0.36022979 0.04608545 -0.03853028
v -0.36026540 0.04264199 -0.03334945
v -0.38064811 0.04067030 -0.03771707
v -0.38187119 0.03243841 -0.03793470
v -0.39158270 0.10382365 -0.03232540
v -0.41009253 0.10372407 -0.03585896
v -0.41625866 0.09891869 -0.03510098
v -0.42252982 0.11386382 -0.03587926
v -0.42560279 0.10723552 -0.03757539
v -0.44226179 0.12295437 -0.03644045
v -0.43705553 0.10633839 -0.03529758
v -0.45166630 0.11375809 -0.03451600
v -0.45810407 0.11954820 -0.03530742
v -0.45514679 0.12042341 -0.03727372
v -0.46021795 0.12080109 -0.03430137
v -0.46328551 0.12622966 -0.03709558
v 0.41216335 0.16190441 -0.03846643
v 0.40885973 0.18258710 -0.04199599
v 0.40572178 0.19917332 -0.04309374
v 0.40169641 0.21081138 -0.04315150
v 0.39037421 0.17757320 -0.04313950
v 0.39710742 0.21411926 -0.04378882
v 0.39611551 0.31715411 -0.03904299
v 0.39348522 0.16535187 -0.04052157
v 0.39112118 0.22260064 -0.04277807
v 0.39593768 0.24401766 -0.03711826
v 0.39255601 0.32141078 -0.04090236
v 0.38322699 0.30330530 -0.04085999
v 0.38615116 0.31331304 -0.04208442
v 0.37724364 0.16858155 -0.03995943
v 0.37734392 0.22207789 -0.04146646
v 0.37766287 0.23106910 -0.03945047
v 0.37733650 0.18105190 -0.04236656
v 0.37506488 0.19844966 -0.04319549
v 0.36490154 0.17620514 -0.03806695
v 0.36521140 0.19141731 -0.04014573
v 0.37173757 0.21347617 -0.04136591
v 0.36119914 0.20700206 -0.03801981
v 0.30809325 -0.29855615 -0.04739964
v 0.29794210 -0.28991500 -0.04369897
v 0.29216078 -0.27918625 -0.04379579
v 0.28915328 -0.28019202 -0.03586782
v 0.28403133 -0.26088077 -0.04081003
v 0.28125101 -0.16865762 -0.04415682
v 0.27643251 -0.21195742 -0.04361192
v 0.28385115 0.15120928 -0.03936930
v 0.27707499 0.16874939 -0.04189821
v 0.29081696 0.19172934 -0.03977125
v 0.27776739 0.20743592 -0.03848642
v 0.27083433 -0.27860335 -0.04160566
v 0.26736671 0.00394177 -0.04816842
v 0.26706597 0.01473755 -0.04874383
v 0.27036420 0.01801261 -0.03895911
v 0.26759055 0.03041895 -0.03583064
v 0.26772395 0.10670013 -0.03952143
v 0.26156449 -0.15246640 -0.04004824
v 0.25795794 0.10640181 -0.04320753
v 0.27337363 0.26611200 -0.04033471
v 0.26046139 -0.23834693 -0.04267548
v 0.26069686 -0.02042321 -0.04189729
v 0.26638779 0.02431867 -0.04577081
v 0.26534054 0.19232462 -0.04138641
v 0.25539613 -0.15029833 -0.03937855
v 0.26043636 -0.14269516 -0.04391169
v 0.24844328 -0.13721669 -0.04030646
v 0.24993877 -0.12359354 -0.04406264
v 0.24430484 -0.12295476 -0.04109513
v 0.24135093 -0.18020332 -0.04406526
v 0.24576195 -0.17530061 -0.03762416
v 0.24158756 -0.16599962 -0.04548759
v 0.24504781 -0.10972487 -0.04381492
v 0.24594824 0.21567243 -0.04255817
v 0.23797293 -0.15914612 -0.04807181
v 0.23869611 -0.15015182 -0.04304177
v 0.23967698 -0.10855985 -0.03993509
v 0.24020518 -0.07458916 -0.04151574
v 0.24205185 -0.05545560 -0.04293741
v 0.23504403 -0.14124197 -0.04203087
v 0.23862174 -0.13090754 -0.03944548
v 0.24972314 0.20005867 -0.03846369
v 0.23522162 0.25119671 -0.04059581
v 0.22661196 0.24705021 -0.03903928
v 0.22253005 0.20918450 -0.03877350
v 0.21731055 0.24197119 -0.04147790
v 0.20904696 0.24170454 -0.03636053
v 0.20802572 0.20291653 -0.04483881
v 0.20474361 -0.09969781 -0.03882118
v 0.19798514 0.15592636 -0.04188528
v 0.18667777 0.16347165 -0.04015496
v 0.18688843 0.18945356 -0.04433116
v 0.17842624 0.18699768 -0.04240745
v 0.17497443 0.21486776 -0.04508810
v 0.17898002 0.19352616 -0.04586365
v 0.17375891 -0.07000495 -0.03556849
v 0.17008525 0.18409881 -0.03934812
v 0.16475278 0.19471814 -0.04561752
v 0.16418140 0.17767245 -0.03821189
v 0.15613802 0.17877916 -0.04362994
v 0.16206981 0.18185891 -0.04058201
v 0.15847613 0.19364731 -0.04283798
v 0.15528902 0.20313065 -0.03939385
v 0.15468702 0.17164867 -0.04268200
v 0.15438138 0.18907391 -0.04035496
v 0.15283889 0.19544998 -0.04372734
v 0.15791892 -0.06070501 -0.04742537
v 0.13913682 0.18844762 -0.04049150
v 0.14967234 0.19089480 -0.04184125
v 0.14417937 0.20088562 -0.04146896
v 0.11256294 0.17681327 -0.04680136
v 0.09813304 0.13680756 -0.04170777
v 0.10059013 0.14072256 -0.04077850
v 0.09718548 0.14311615 -0.04487208
v 0.08981024 0.15313397 -0.04615088
v 0.08160160 0.13408738 -0.04280203
v 0.08327501 0.17794034 -0.04044954
v 0.07198606 0.13669834 -0.03714444
v 0.00956179 -0.24753290 -0.04335152
v -0.00075853 -0.27447662 -0.04185565
v -0.00654775 -0.23144390 -0.03243749
v -0.00625104 -0.27461594 -0.03941567
v -0.01637235 -0.27540976 -0.04242043
v -0.02587456 -0.22283816 -0.03904945
v -0.03592118 -0.22315888 -0.03760324
v -0.03739204 -0.21754147 -0.04331459
v -0.04610151 -0.21171989 -0.04218929
v -0.06102059 -0.19922592 -0.04129001
v -0.05386699 -0.03622716 -0.05332946
v -0.06604587 -0.03621629 -0.03275638
v -0.09190079 -0.16931638 -0.04058541
v -0.09158190 -0.02957477 -0.03999800
v -0.09399874 -0.20192020 -0.03798569
v -0.10382570 -0.15424520 -0.03848879
v -0.10724624 -0.09843948 -0.04335729
v -0.10988137 -0.14522523 -0.04045730
v -0.11528512 -0.12566869 -0.04324695
v -0.11434413 -0.11480266 -0.04360388
v -0.11496098 -0.18382476 -0.04079013
v -0.15543756 -0.13443980 -0.04183556
v -0.16708782 -0.11490689 -0.04217805
v -0.17855847 -0.09234668 -0.03883558
v -0.18414046 -0.07797175 -0.03950568
v -0.19124196 -0.06230194 -0.04678531
v -0.21633543 -0.01673861 -0.04101959
v -0.23020522 0.06491251 -0.02810714
v -0.31219438 0.06030464 -0.04035172
v -0.32018173 0.06023633 -0.04133688
v -0.33543065 0.05717665 -0.03983685
v -0.34502810 0.05723904 -0.04495132
v -0.35669950 0.02391505 -0.03787877
v -0.36252269 0.05207836 -0.04290040
v -0.36002675 0.02447801 -0.03712754
v -0.37447727 0.04637571 -0.04369329
v -0.39011014 0.04582441 -0.04710045
v -0.39606446 0.03338439 -0.04416519
v -0.39597881 0.03858726 -0.04147235
v -0.44416350 0.11928996 -0.03847824
v -0.43915734 0.11176024 -0.03757083
v -0.43531990 0.11562371 -0.03791055
v -0.45290756 0.12381066 -0.03869918
v -0.45340005 0.12771393 -0.03764582
v -0.46282524 0.13026260 -0.03904771
v 0.40519893 0.28686723 -0.04094922
v 0.40434417 0.29641777 -0.04463816
v 0.40181661 0.31022865 -0.04414595
v 0.40289235 0.29448324 -0.04642035
v 0.39653140 0.32423559 -0.04254491
v 0.39903378 0.32582763 -0.04697482
v 0.39232260 0.19014776 -0.04437233
v 0.38941997 0.20853281 -0.04479510
v 0.39321131 0.27641618 -0.04284347
v 0.39528629 0.33375937 -0.04607101
v 0.38759956 0.27563027 -0.03890294
v 0.38527685 0.31388408 -0.04744092
v 0.38322529 0.29535243 -0.04556590
v 0.31912330 -0.30588883 -0.04519428
v 0.28498626 -0.26048452 -0.04549182
v 0.28388095 -0.18677609 -0.04302982
v 0.28504387 -0.17120744 -0.04916357
v 0.28050375 -0.24260528 -0.04580495
v 0.27736238 -0.31066820 -0.04459818
v 0.27769020 -0.22359645 -0.04617182
v 0.27688035 -0.30031994 -0.04844671
v 0.27196556 -0.15732612 -0.04464747
v 0.27399832 -0.30516827 -0.04069947
v 0.26635927 -0.26249054 -0.04523002
v 0.26662272 0.14484870 -0.04379880
v 0.26383114 0.13341896 -0.04443517
v 0.26020479 -0.24002419 -0.04575974
v 0.25086284 -0.11256732 -0.04925207
v 0.25054306 0.07236937 -0.04378921
v 0.25264066 0.09371150 -0.04382597
v 0.25261620 -0.20878711 -0.04080364
v 0.24408205 -0.09999008 -0.04491917
v 0.24578363 -0.03249723 -0.04524868
v 0.25501198 0.05418726 -0.04131003
v 0.24540228 0.08308793 -0.04686594
v 0.24516888 -0.20501655 -0.04732079
v 0.24250895 -0.03946781 -0.04579768
v 0.24719353 0.07119666 -0.04666210
v 0.25078431 0.17048445 -0.04492973
v 0.24394849 0.17682381 -0.04381143
v 0.24551737 0.21662498 -0.04198842
v 0.24140728 -0.19254804 -0.04564293
v 0.23853362 -0.04907036 -0.05270448
v 0.24177496 0.21656443 -0.03881421
v 0.23718767 0.25275791 -0.04271309
v 0.22253123 0.17032394 -0.04233372
v 0.22975641 0.20972763 -0.04208759
v 0.22973588 -0.14549468 -0.04886895
v 0.22144979 0.21059273 -0.04055259
v 0.22167641 -0.13358337 -0.04699290
v 0.21188462 -0.11777493 -0.04528654
v 0.22117868 0.14678396 -0.04761545
v 0.20743586 0.23679473 -0.04308157
v 0.20593722 0.14383283 -0.04531033
v 0.20013456 0.13560167 -0.04657675
v 0.19062988 0.22564380 -0.04783669
v 0.18061316 0.22138596 -0.04663006
v 0.19055936 0.19950527 -0.03842268
v 0.18552634 -0.07581635 -0.04487094
v 0.18177944 -0.07046920 -0.04214822
v 0.17802903 0.18491471 -0.04890591
v 0.17490715 -0.06715239 -0.04402912
v 0.16829953 -0.06457593 -0.04405373
v 0.16554643 0.18473010 -0.04600948
v 0.16673993 0.18529741 -0.04322499
v 0.16158877 0.20430729 -0.04668984
v 0.15677430 0.18032628 -0.04687415
v 0.15861790 0.19437911 -0.04613052
v 0.15766945 0.16527881 -0.04282076
v 0.15069300 0.17474309 -0.04602856
v 0.14462626 0.16894256 -0.04641700
v 0.14884092 0.20046556 -0.04733881
v 0.14099757 0.17179479 -0.04805390
v 0.13533019 0.19409935 -0.04467766
v 0.12393991 0.18534265 -0.04438216
v 0.10930379 -0.07133254 -0.04767982
v 0.09721258 0.17636091 -0.04300586
v 0.09754699 0.13722008 -0.04670019
v 0.09260224 0.16352536 -0.04289784
v 0.07913705 0.15608290 -0.04827037
v 0.08026710 0.17006360 -0.04451175
v 0.00504511 0.14387333 -0.04209360
v 0.00719827 -0.27030233 -0.04048984
v 0.00175736 -0.06239904 -0.04958509
v 0.00708357 -0.23879792 -0.04961260
v 0.00210290 -0.23040435 -0.04861411
v -0.00718557 -0.22352464 -0.04940328
v -0.00845506 -0.27296308 -0.04389967
v -0.03739918 -0.04493638 -0.05140931
v -0.01931778 -0.05597834 -0.04641148
v -0.02146025 0.15379818 -0.03420183
v -0.03011287 0.15704843 -0.03315314
v -0.04198333 -0.24613588 -0.04321397
v -0.04757823 0.16055965 -0.04859661
v -0.04619260 -0.23995198 -0.04515811
v -0.04542798 -0.21229982 -0.04603234
v -0.05916495 -0.22729683 -0.04305777
v -0.06574208 -0.19667664 -0.04412695
v -0.06186474 0.16582507 -0.05374658
v -0.06736492 -0.22093903 -0.04263068
v -0.07593238 -0.02321483 -0.05579352
v -0.07525763 -0.21498859 -0.04241456
v -0.07533117 -0.02846829 -0.04338108
v -0.07455289 -0.18694350 -0.04140484
v -0.08104826 -0.02560680 -0.04590487
v -0.08209819 -0.20953237 -0.04346061
v -0.08813285 -0.17860104 -0.04599229
v -0.08488326 -0.08888654 -0.05032358
v -0.08847397 -0.07829076 -0.04567849
v -0.08315472 -0.06063309 -0.04754328
v -0.08466563 -0.02610739 -0.04751755
v -0.09422801 -0.20063081 -0.04201461
v -0.09770899 -0.16814382 -0.04485320
v -0.09342684 0.17308925 -0.04762843
v -0.10818096 0.17301869 -0.04746278
v -0.11329115 -0.14027669 -0.04237439
v -0.11630957 -0.14840311 -0.04757128
v -0.13105935 -0.16080923 -0.04492967
v -0.13473731 -0.16574439 -0.03955553
v -0.14043370 -0.14703710 -0.04668482
v -0.16120437 -0.11859901 -0.04547014
v -0.16949248 0.15055367 -0.04593929
v -0.18149532 -0.08170424 -0.04585373
v -0.18224788 0.14201209 -0.04445494
v -0.19813615 0.12704948 -0.04399043
v -0.20592953 -0.03737542 -0.04371029
v -0.21065375 0.11037536 -0.04537060
v -0.22696806 0.01689765 -0.05039557
v -0.23116358 0.02890205 -0.04253015
v -0.23068818 0.05540017 -0.04486924
v -0.22686750 0.07578297 -0.04451199
v -0.23161228 0.04487441 -0.04369461
v -0.31945455 0.05669085 -0.04161009
v -0.33354533 0.05782685 -0.04559434
v -0.34375411 0.04157317 -0.04276191
v -0.36622867 0.02480285 -0.04187074
v -0.38564909 0.02434753 -0.04930092
v -0.36995968 0.05442283 -0.04761170
v -0.38545048 0.05099178 -0.04893795
v -0.40890166 0.04118997 -0.04530792
v -0.40967059 0.03610648 -0.04693704
v -0.42055383 0.04083965 -0.04977053
v 0.40148914 0.31198075 -0.04995805
v 0.39258686 0.28702542 -0.04912103
v 0.39581677 0.34345311 -0.05105152
v 0.38444424 0.28346902 -0.04320509
v 0.38896027 0.32386300 -0.04762371
v 0.29804173 -0.29073691 -0.04984453
v 0.28571996 -0.26754999 -0.04984294
v 0.28692511 -0.18552813 -0.05217169
v 0.28732541 -0.17933042 -0.05304820
v 0.28246316 -0.25487205 -0.04859222
v 0.27670813 -0.22416684 -0.05055177
v 0.27709246 -0.15825249 -0.05178240
v 0.27280122 -0.28922760 -0.04407692
v 0.27049926 -0.27563706 -0.04626826
v 0.26690227 -0.14417659 -0.05260403
v 0.26559964 -0.25710720 -0.04835875
v 0.25274050 0.03147706 -0.06367669
v 0.26007646 -0.23574997 -0.05019037
v 0.25250754 -0.01918387 -0.05226823
v 0.26044369 0.03278828 -0.05039468
v 0.25448784 -0.21930692 -0.04787750
v 0.25823730 -0.13074054 -0.04887856
v 0.24618028 0.13635793 -0.04723179
v 0.24428284 -0.09030753 -0.04772262
v 0.23309335 0.15641300 -0.04754842
v 0.24360439 0.21550931 -0.04704796
v 0.23940432 -0.18672416 -0.04889546
v 0.24042070 -0.17098886 -0.05192510
v 0.24139810 -0.02900932 -0.05112445
v 0.23888183 0.10569674 -0.04931881
v 0.23733212 0.13201350 -0.04863686
v 0.23851182 0.21258044 -0.05111561
v 0.23911557 0.21460459 -0.04715073
v 0.24216212 0.11332987 -0.04855973
v 0.23105539 0.20907883 -0.05252988
v 0.22802122 0.12381461 -0.04952049
v 0.22950538 0.11221848 -0.05069866
v 0.22034703 0.24315625 -0.04764796
v 0.21399720 0.13571240 -0.04812666
v 0.20828661 0.12720129 -0.04946256
v 0.19676439 0.23252998 -0.03900694
v 0.19860515 0.19339718 -0.05525976
v 0.19277264 0.13766761 -0.04636658
v 0.18688439 -0.08467060 -0.05203728
v 0.17826420 0.14522016 -0.04644684
v 0.16339463 0.17945276 -0.05221558
v 0.17114933 0.15601000 -0.04520749
v 0.16052318 0.19117750 -0.05011574
v 0.15495403 0.15647638 -0.04860121
v 0.14949352 0.17547481 -0.05036438
v 0.15209310 0.19150856 -0.04989705
v 0.15050875 0.19475454 -0.04995210
v 0.14375395 0.19161715 -0.04823832
v 0.13487439 0.16527936 -0.05041108
v 0.12244277 -0.07126025 -0.04449357
v 0.09799630 0.13143651 -0.04977664
v 0.09836095 0.13410725 -0.04813341
v 0.08767712 0.15916336 -0.05171944
v 0.09191340 0.13863350 -0.05240998
v 0.08713544 0.12859443 -0.05017849
v 0.09363817 0.13347320 -0.04557713
v 0.08373551 0.16742498 -0.04682167
v 0.09010506 0.14604136 -0.04854668
v 0.08069360 0.14202164 -0.05259411
v 0.07779551 0.16012771 -0.04825069
v 0.07126639 -0.07338335 -0.04847558
v 0.04617791 -0.07179476 -0.04863951
v 0.01160689 -0.26159289 -0.04997143
v 0.00857825 -0.27138796 -0.05004895
v 0.01097588 -0.25296563 -0.04999517
v 0.01050877 -0.24700147 -0.04856269
v -0.00147134 -0.27609125 -0.05638256
v -0.00662990 0.14517237 -0.04856139
v -0.01616191 -0.27734593 -0.04627651
v -0.01757283 -0.27679148 -0.04831562
v -0.01755017 -0.22168523 -0.04936246
v -0.02571226 -0.27287012 -0.04450806
v -0.02900469 -0.22009008 -0.04587667
v -0.03205896 -0.26947132 -0.04408327
v -0.02639880 0.15157428 -0.04836663
v -0.03952884 -0.25695398 -0.04494501
v -0.03812040 0.15467024 -0.05226699
v -0.04866462 -0.21309517 -0.04968128
v -0.06259289 -0.22310194 -0.04682501
v -0.05931038 -0.20546614 -0.04805608
v -0.07483914 -0.19414707 -0.04762772
v -0.07253061 -0.21435902 -0.04684255
v -0.07699132 -0.18792103 -0.04500587
v -0.07624118 -0.20763139 -0.04905901
v -0.08027512 -0.07363623 -0.05042742
v -0.08252820 -0.04279874 -0.04980484
v -0.07983960 -0.02330362 -0.05336367
v -0.08123530 -0.20835845 -0.04605516
v -0.09310476 -0.19811702 -0.04596315
v -0.08702748 -0.18685800 -0.04852391
v -0.09518256 -0.08973072 -0.04543951
v -0.09580949 -0.18943562 -0.04866288
v -0.10661932 -0.18084669 -0.04783670
v -0.09769417 -0.18282965 -0.04907107
v -0.10443068 -0.10759373 -0.05263412
v -0.10461660 -0.18901585 -0.04532729
v -0.10049900 -0.17475064 -0.04831062
v -0.11081656 -0.11098973 -0.04998044
v -0.10784042 -0.16455232 -0.04781774
v -0.10628339 -0.15779126 -0.04439678
v -0.11796718 -0.17362219 -0.04573426
v -0.11595304 -0.16183530 -0.04901113
v -0.11452968 -0.11982162 -0.05004703
v -0.11752785 -0.13036039 -0.04869467
v -0.11865380 -0.14036776 -0.04786266
v -0.12581573 -0.15194076 -0.04949619
v -0.13916074 -0.14244533 -0.04943237
v -0.13297710 -0.15224180 -0.04760492
v -0.15285175 0.15957075 -0.04762035
v -0.17298469 -0.10484766 -0.04093891
v -0.17527694 -0.08993656 -0.05064278
v -0.20238617 0.11764631 -0.05096551
v -0.22336358 0.08694880 -0.04597602
v -0.22981682 0.04597129 -0.05020929
v -0.22941487 0.06080508 -0.04856562
v -0.34252885 0.05690980 -0.04832183
v -0.35209715 0.05349118 -0.04976023
v -0.37471557 0.03114832 -0.04796978
v -0.35309100 0.04732295 -0.04768785
v -0.35861966 0.05577029 -0.04853022
v -0.37162569 0.05474702 -0.05225738
v -0.38163298 0.05423420 -0.05280082
v -0.40238768 0.04973188 -0.05204483
v -0.39846203 0.02890244 -0.04947174
v 0.39397699 0.31348369 -0.05659172
v 0.39932925 0.33067927 -0.05115193
v 0.39098981 0.33304149 -0.05322405
v 0.38801864 0.29469568 -0.05080553
v 0.39209339 0.30354032 -0.05530338
v 0.38780740 0.31887814 -0.05398049
v 0.38630888 0.30043936 -0.05094127
v 0.32303521 -0.30951670 -0.04816429
v 0.31637785 -0.31018525 -0.05385585
v 0.30581796 -0.30211926 -0.05334936
v 0.29596686 -0.31102836 -0.04639877
v 0.29106554 -0.31125754 -0.05326087
v 0.28986096 -0.27812707 -0.05062590
v 0.28684810 -0.28489932 -0.05399624
v 0.28153086 -0.19992387 -0.04840539
v 0.28253400 -0.27045614 -0.05331515
v 0.28171545 -0.19714032 -0.05740302
v 0.27956903 -0.28146899 -0.05330050
v 0.27944380 -0.25100926 -0.05189180
v 0.27781469 -0.20973131 -0.05040516
v 0.27720878 -0.28613240 -0.05116854
v 0.27169341 -0.26748139 -0.05195988
v 0.27592847 -0.25326759 -0.05429250
v 0.27341905 -0.26292869 -0.05359162
v 0.26587081 -0.25023249 -0.05196287
v 0.26078415 -0.12991498 -0.05532968
v 0.26453272 -0.00759859 -0.04808646
v 0.26024279 -0.00255185 -0.05474070
v 0.25382078 -0.11416161 -0.05404467
v 0.25388345 0.04832148 -0.04868518
v 0.24517117 -0.08346449 -0.05404378
v 0.24285567 -0.19975293 -0.05222212
v 0.24343634 -0.07185523 -0.05148305
v 0.24576996 0.06173179 -0.05212929
v 0.23826437 0.08213994 -0.05296749
v 0.23803630 0.09299847 -0.05039885
v 0.23307836 0.21076772 -0.05335239
v 0.22798443 -0.14655225 -0.05709302
v 0.22965971 0.10088819 -0.05330152
v 0.22866775 0.21068688 -0.05193603
v 0.22244033 0.11339565 -0.05165691
v 0.22045898 0.20510755 -0.05532501
v 0.21064377 0.12446909 -0.04996808
v 0.20449780 0.23326878 -0.05258506
v 0.20489675 -0.11256708 -0.04970383
v 0.19092709 0.12868142 -0.05273072
v 0.20087974 0.19368474 -0.05225956
v 0.20466347 0.23547356 -0.04980147
v 0.19897245 -0.10383825 -0.05047857
v 0.19431423 0.18429114 -0.06430762
v 0.18387476 0.21833074 -0.05412648
v 0.18083775 0.17976893 -0.05953712
v 0.17541431 0.18949324 -0.05105655
v 0.17672113 -0.07614086 -0.05834905
v 0.16994397 0.20796800 -0.05427967
v 0.16154742 -0.05523928 -0.05243833
v 0.16637652 0.13465083 -0.05480506
v 0.15401584 0.19797505 -0.04886726
v 0.16315442 0.14429216 -0.05252322
v 0.14637356 -0.05392930 -0.05467706
v 0.15939069 0.20874770 -0.04418037
v 0.14340127 0.16064586 -0.05057485
v 0.13725480 0.15645865 -0.05251191
v 0.14341646 0.17013679 -0.05651103
v 0.14394403 0.18849367 -0.04894699
v 0.13735892 0.16797177 -0.05302907
v 0.13804327 0.18896654 -0.04869796
v 0.13166356 0.18301097 -0.04926189
v 0.13179681 0.18958089 -0.04990907
v 0.13175498 0.15864320 -0.05526714
v 0.13252619 0.18652681 -0.05228652
v 0.12673177 0.18327664 -0.04825233
v 0.12911052 0.18589847 -0.05246631
v 0.12221463 -0.06342328 -0.05260130
v 0.09908038 0.13050683 -0.05146877
v 0.10094979 0.13601491 -0.05315494
v 0.09588224 0.12985465 -0.05004193
v 0.09598801 0.13727614 -0.05525927
v 0.07784885 0.14135031 -0.05593346
v 0.07784685 0.15092140 -0.05221134
v 0.06282500 0.12859383 -0.05207635
v 0.04494320 0.12969400 -0.05217284
v 0.01060544 -0.26747361 -0.05099050
v 0.00541410 -0.24154262 -0.05807742
v -0.00916863 -0.27564335 -0.05525879
v -0.01294148 -0.27583954 -0.05737549
v -0.02562804 -0.21840523 -0.05313949
v -0.02252324 -0.26982510 -0.05671889
v -0.03566431 -0.21864539 -0.04996641
v -0.04306997 -0.24393992 -0.05014928
v -0.04141906 -0.25126860 -0.05085640
v -0.05425641 -0.22934982 -0.04892097
v -0.05815497 -0.21876311 -0.05154774
v -0.05744899 -0.21200478 -0.05099816
v -0.06472120 -0.21724859 -0.04961880
v -0.06660886 -0.20910199 -0.05062432
v -0.06885717 -0.20354636 -0.05004318
v -0.07825913 -0.09376701 -0.05589791
v -0.07529654 -0.07314689 -0.05525136
v -0.07925780 -0.19852093 -0.04958916
v -0.08086398 -0.09700042 -0.05620449
v -0.08561576 -0.19754088 -0.04964865
v -0.09531491 -0.10303140 -0.05352021
v -0.09840251 -0.10744350 -0.05762039
v -0.11051536 -0.17259228 -0.04882501
v -0.11018907 0.16689700 -0.05934144
v -0.12185787 0.17092650 -0.04614020
v -0.12531203 -0.13911919 -0.05139955
v -0.14685884 -0.12688693 -0.05079716
v -0.13880834 -0.12877224 -0.05383180
v -0.16931133 -0.09263615 -0.05610565
v -0.18760824 -0.06568300 -0.05404262
v -0.21482466 -0.01353083 -0.05841864
v -0.22383037 0.00038404 -0.04437947
v -0.22261070 0.07531470 -0.05625299
v -0.22878140 0.03783542 -0.05294504
v -0.35880306 0.05487387 -0.05157695
v -0.36726338 0.05265401 -0.05352637
v -0.37253141 0.04542172 -0.05248627
v -0.38570315 0.03429594 -0.05231136
v -0.39386085 0.05348854 -0.05476015
v -0.40324035 0.02907021 -0.05306123
v -0.40906978 0.03258401 -0.05179814
v -0.43251008 0.04422567 -0.05536054
v 0.40062088 0.31950957 -0.05173782
v 0.39627448 0.32428318 -0.05549463
v 0.39468428 0.34186694 -0.05387446
v 0.39159250 0.32558072 -0.05613797
v 0.39334312 0.33749846 -0.05591656
v 0.30551648 -0.31012124 -0.05545389
v 0.29789004 -0.30692300 -0.05622812
v 0.29628637 -0.29766825 -0.05539153
v 0.28640622 -0.30537182 -0.05391529
v 0.28521693 -0.29760200 -0.05499294
v 0.29178822 -0.29356188 -0.05465238
v 0.28641352 -0.29198894 -0.05480126
v 0.28097087 -0.27490607 -0.05407315
v 0.27659151 -0.20707014 -0.05823885
v 0.27838841 -0.16197275 -0.06336508
v 0.27495819 -0.23613292 -0.05374475
v 0.27130806 -0.22615939 -0.05638427
v 0.27193397 -0.21351919 -0.05875840
v 0.27066568 -0.24123442 -0.05558848
v 0.26694253 -0.24214582 -0.05478170
v 0.26103634 -0.22731385 -0.05506962
v 0.25678968 -0.22071519 -0.05408895
v 0.24892645 -0.09938291 -0.05404555
v 0.24681367 -0.20559624 -0.05407052
v 0.24286945 -0.19989128 -0.05677564
v 0.23771538 -0.16085951 -0.05690152
v 0.24028246 -0.07022235 -0.06212005
v 0.23003069 -0.02972941 -0.06054612
v 0.21788952 0.11016692 -0.05530326
v 0.21888743 0.20532884 -0.05005113
v 0.20838140 0.11432300 -0.05786517
v 0.18608107 0.22003287 -0.05620008
v 0.19484538 0.22676367 -0.05441128
v 0.16874556 -0.06331737 -0.05102010
v 0.16842511 0.17504965 -0.06532679
v 0.17687578 0.21357059 -0.05833823
v 0.16204761 0.18547443 -0.05440135
v 0.16567613 -0.05903501 -0.05223499
v 0.16348098 -0.05444735 -0.05527679
v 0.15800010 0.16678679 -0.06700931
v 0.16576628 0.20534319 -0.05869877
v 0.16041468 -0.04713809 -0.05775946
v 0.16037196 0.20342925 -0.05579771
v 0.15653342 0.19973825 -0.05583787
v 0.15721968 0.13566576 -0.05912035
v 0.15197730 0.19804317 -0.05492879
v 0.14664041 0.14390358 -0.05721910
v 0.15023722 0.19613412 -0.05350090
v 0.14300877 0.19411081 -0.05410095
v 0.13351461 0.18917145 -0.05482244
v 0.14006343 0.19511142 -0.05517906
v 0.13125348 0.13919394 -0.05998813
v 0.13395926 0.16108951 -0.05854551
v 0.12359488 -0.05528461 -0.05922233
v 0.12809102 0.14854260 -0.05688551
v 0.12100773 0.13751763 -0.05943704
v 0.12612900 0.15201929 -0.05721260
v 0.11774051 0.14100191 -0.05915899
v 0.11459165 0.16533607 -0.05555764
v 0.11269230 0.12888326 -0.06009845
v 0.11194821 0.13733429 -0.05922816
v 0.10837127 0.13381538 -0.05834767
v 0.09772331 0.12157009 -0.05754848
v 0.10390983 0.12404560 -0.05815676
v 0.10308603 0.13647942 -0.05772639
v 0.08501894 0.13544945 -0.05606533
v 0.07982834 0.13312398 -0.05818548
v 0.07960591 0.15524332 -0.05169528
v 0.07828814 0.13209385 -0.06025026
v 0.04703310 0.11965768 -0.06382830
v 0.03347095 0.12954232 -0.05560788
v 0.02047679 -0.06656004 -0.04975381
v 0.01968437 0.13381408 -0.05478238
v 0.00057144 -0.23541160 -0.06008840
v -0.00228695 -0.22771133 -0.05443444
v -0.01631929 0.14206402 -0.06241623
v -0.03462810 -0.22047834 -0.05418498
v -0.03180905 -0.26586527 -0.05415358
v -0.03637331 -0.25764310 -0.05296249
v -0.04011327 -0.22001235 -0.05353664
v -0.04580434 -0.22811331 -0.05490698
v -0.04616874 -0.22060929 -0.05365342
v -0.07379007 -0.06364203 -0.06060508
v -0.07514389 -0.08676022 -0.05537286
v -0.07614537 -0.06213874 -0.05571503
v -0.08027784 -0.02978524 -0.05638073
v -0.08789576 -0.10424736 -0.06096662
v -0.10480911 -0.11079460 -0.05986781
v -0.11027348 -0.11411422 -0.05839534
v -0.11729783 -0.12394433 -0.05241219
v -0.12589514 -0.12211898 -0.05897903
v -0.18860830 0.12936917 -0.05517964
v -0.20980550 -0.02627659 -0.05417247
v -0.21642895 0.09774190 -0.05031562
v -0.22402570 0.01612194 -0.05772083
v -0.37546116 0.05379732 -0.05545949
v -0.39006951 0.04395700 -0.05634430
v -0.38394246 0.05263335 -0.05710554
v -0.39545980 0.02442620 -0.05112536
v -0.40842381 0.03224931 -0.05594008
v -0.42135721 0.04398467 -0.04985963
v -0.42454189 0.03594471 -0.05503352
v 0.28470761 -0.19138563 -0.05677260
v 0.28479436 -0.17599961 -0.06299504
v 0.26518393 -0.13983336 -0.06053152
v 0.26218048 -0.22159669 -0.05787096
v 0.26258627 -0.21593563 -0.06148290
v 0.25891545 0.01865501 -0.05851356
v 0.25076255 -0.21416080 -0.05319732
v 0.25028226 -0.20185460 -0.06229813
v 0.23925269 -0.01609683 -0.06365851
v 0.24019079 -0.18710503 -0.05646496
v 0.24211521 -0.17069027 -0.06200033
v 0.24080440 -0.16376974 -0.06371957
v 0.23355927 -0.03777558 -0.05700044
v 0.22491124 0.09568727 -0.05959258
v 0.22382352 -0.14198485 -0.06006053
v 0.20722164 0.19407403 -0.06298870
v 0.21372223 -0.12663378 -0.05385645
v 0.20307969 -0.11348657 -0.06059527
v 0.19064210 -0.09536301 -0.06087901
v 0.18187985 -0.08330285 -0.06150693
v 0.17794342 0.12739216 -0.05645421
v 0.18436450 0.18453826 -0.05990677
v 0.17044345 0.11847683 -0.06345883
v 0.16738668 -0.05520605 -0.06291471
v 0.16095071 0.12672001 -0.05911934
v 0.16492146 -0.04272681 -0.06505462
v 0.16211285 -0.03332277 -0.06604446
v 0.15710330 -0.05185624 -0.05446342
v 0.15276419 0.12930994 -0.06133026
v 0.13722739 0.17701288 -0.05548127
v 0.13802256 0.12937579 -0.06300962
v 0.12512009 0.13077585 -0.06525508
v 0.12878120 0.15548991 -0.06027266
v 0.12325715 0.13477160 -0.06178701
v 0.12045346 0.14377460 -0.05935255
v 0.10897047 0.13479100 -0.06240005
v 0.08101854 0.12695906 -0.06213918
v 0.08089429 0.11810105 -0.06126151
v 0.08148216 0.13151258 -0.06298308
v 0.00577185 -0.25172168 -0.06060846
v 0.01791798 0.13676445 -0.05050551
v 0.00196739 -0.25834504 -0.06468929
v -0.00479383 -0.27434382 -0.06167758
v 0.00253509 -0.27037427 -0.05775373
v -0.00751131 -0.22922170 -0.06565525
v -0.01617303 -0.22211631 -0.05802419
v -0.03316479 -0.25101420 -0.05942121
v -0.02711092 -0.22348578 -0.06238889
v -0.03322908 0.14598565 -0.06373458
v -0.03165406 -0.04210344 -0.06066821
v -0.03859017 -0.22469011 -0.05749927
v -0.04561405 -0.23459204 -0.05390026
v -0.05238801 0.15965210 -0.05913723
v -0.07019274 -0.08298421 -0.06388754
v -0.07654576 -0.09680768 -0.06241274
v -0.07613625 -0.04358863 -0.06196090
v -0.07840141 -0.02709570 -0.06332012
v -0.08043466 0.16971223 -0.05497680
v -0.09814535 -0.10869959 -0.06246787
v -0.11523092 -0.11842511 -0.05775167
v -0.13138017 -0.12616746 -0.05618408
v -0.13628192 -0.11159488 -0.06312918
v -0.13469817 0.16195053 -0.05620107
v -0.15378915 -0.11040252 -0.05593074
v -0.18479607 -0.06378856 -0.06141898
v -0.19500786 -0.05364688 -0.05558519
v -0.20591828 0.09829735 -0.06421735
v -0.22642449 0.04530539 -0.05795075
v -0.39218688 0.05379116 -0.05787790
v -0.40949491 0.05356698 -0.05930069
v -0.40934944 0.03581223 -0.05834287
v -0.41801581 0.05244363 -0.06118269
v -0.41811478 0.03327095 -0.05857629
v -0.42325473 0.03408776 -0.05802604
v -0.42979434 0.03208364 -0.06292159
v -0.42131555 0.05175713 -0.05884062
v -0.43668199 0.03229824 -0.06627835
v -0.43911412 0.05034830 -0.06182254
v 0.28463191 -0.18888898 -0.06307396
v 0.28310382 -0.17012098 -0.06319565
v 0.27048945 -0.14981824 -0.06180769
v 0.26543838 -0.14445379 -0.06454068
v 0.25819373 -0.12469971 -0.06230704
v 0.25719351 -0.20468438 -0.06554415
v 0.25202098 0.00183839 -0.06448228
v 0.25675786 0.01101468 -0.06163922
v 0.24656293 0.04429501 -0.06453286
v 0.24894415 -0.10170193 -0.06422324
v 0.24510702 -0.08706962 -0.06161243
v 0.24270406 -0.18768573 -0.06354475
v 0.22682042 -0.02259510 -0.06572017
v 0.23335917 -0.05784744 -0.06727379
v 0.22641742 -0.03882167 -0.06706034
v 0.22268622 -0.02732374 -0.06701548
v 0.21174613 -0.12484741 -0.06196738
v 0.19614014 -0.10195655 -0.06346707
v 0.18898088 -0.09186339 -0.06332251
v 0.17143716 0.17023680 -0.06829998
v 0.17244443 -0.06942736 -0.06222701
v 0.18808886 0.11285233 -0.06643085
v 0.15764846 -0.03502559 -0.06288762
v 0.15763147 0.17722832 -0.06062108
v 0.13620256 -0.03933096 -0.06493487
v 0.12260814 -0.03091193 -0.07307846
v 0.14355344 0.11555288 -0.06548812
v 0.12496670 0.14973284 -0.06227096
v 0.11546760 0.13805582 -0.06379237
v 0.10129420 -0.05902612 -0.06238744
v 0.09489351 0.11317464 -0.06519313
v 0.09836325 0.13211285 -0.06206168
v 0.08101124 0.14119597 -0.05793696
v 0.09872129 0.14682412 -0.06072277
v 0.07862949 0.11969042 -0.06940093
v 0.07762230 0.12808990 -0.06278680
v 0.03650765 0.12197431 -0.06378651
v 0.02316769 -0.05640057 -0.06545178
v 0.02177402 0.12828082 -0.06169238
v 0.00022031 -0.05228001 -0.06397243
v -0.00047494 0.13768467 -0.06047179
v -0.00537021 -0.23614466 -0.06735332
v -0.00775309 0.13716437 -0.06412600
v -0.01490292 -0.27406165 -0.06094461
v -0.01834618 -0.22550304 -0.06313987
v -0.02689151 -0.26135015 -0.06125696
v -0.02617823 -0.22735454 -0.06587584
v -0.03789644 -0.24656048 -0.05999219
v -0.03734244 -0.23171562 -0.06104753
v -0.04922421 0.15241870 -0.06500877
v -0.06950084 -0.02279037 -0.06630848
v -0.07556822 0.16658486 -0.06395590
v -0.07561576 -0.09680085 -0.06714045
v -0.07376631 -0.05372880 -0.06524163
v -0.07801146 -0.02237132 -0.06332029
v -0.08261605 -0.10283518 -0.06501811
v -0.08979231 -0.10597624 -0.06494412
v -0.09897745 -0.10891233 -0.06557880
v -0.11534774 -0.11529856 -0.06301904
v -0.16531813 -0.08713181 -0.06293204
v -0.17383535 -0.07915955 -0.06230182
v -0.20524554 -0.03052643 -0.06271322
v -0.21163833 0.08176777 -0.06758293
v -0.22187175 0.06071081 -0.06307041
v -0.22396845 0.02885889 -0.06054797
v -0.40753672 0.05055957 -0.06118833
v -0.42021403 0.03748021 -0.06195805
v -0.42840999 0.05202226 -0.06425367
v -0.43634298 0.05282999 -0.06551674
v -0.44260570 0.03930569 -0.06529244
v -0.44180438 0.04695759 -0.05969465
v 0.27658567 -0.18715398 -0.07036855
v 0.27599376 -0.19990568 -0.06525892
v 0.27693135 -0.17449804 -0.07031455
v 0.26521119 -0.20266309 -0.06858180
v 0.26846090 -0.15673038 -0.06920853
v 0.25628528 -0.12581553 -0.06658453
v 0.24892589 -0.18549766 -0.06996139
v 0.25291997 -0.11021356 -0.06328334
v 0.24810442 0.00833884 -0.06877187
v 0.24447955 -0.17815129 -0.06517824
v 0.25009695 -0.00905385 -0.06138391
v 0.24379359 -0.16215619 -0.06872822
v 0.23470652 -0.15436411 -0.06401512
v 0.22383074 -0.13695014 -0.06754050
v 0.21876590 0.10010043 -0.06180011
v 0.21559498 -0.12562956 -0.06712939
v 0.20340228 -0.11013896 -0.06546287
v 0.19232471 0.18014425 -0.07159111
v 0.19230278 -0.08924275 -0.06864116
v 0.18753541 0.17664395 -0.07075477
v 0.17277181 -0.06538854 -0.06497492
v 0.15949406 -0.02016157 -0.07008831
v 0.15446985 -0.02718924 -0.06637609
v 0.15137258 0.11784670 -0.06409289
v 0.14665321 -0.02659418 -0.06821664
v 0.12869109 0.11117800 -0.07020686
v 0.13005051 0.12910451 -0.06538548
v 0.12360587 0.12450334 -0.06826798
v 0.11621068 0.12090236 -0.06807342
v 0.11800735 0.15150842 -0.06474029
v 0.11208544 -0.04832426 -0.06743536
v 0.10579990 0.11620236 -0.06625210
v 0.08441786 -0.05066274 -0.07420252
v 0.08737329 0.12512873 -0.06455421
v 0.06461723 -0.06217502 -0.06432658
v 0.07857049 0.10926445 -0.06766567
v 0.05087373 0.11171640 -0.07023966
v 0.00464123 -0.24473488 -0.06462850
v -0.00013872 0.12919079 -0.06886111
v -0.00439963 -0.26441005 -0.07071909
v -0.01682462 -0.26891640 -0.06451257
v -0.02724090 -0.23445974 -0.06929295
v -0.02797014 -0.24369155 -0.06828617
v -0.03221781 -0.23884775 -0.06680357
v -0.05053923 0.14779605 -0.07074858
v -0.05304448 0.15651438 -0.07232347
v -0.04813565 -0.03290704 -0.06468052
v -0.07032870 -0.08781824 -0.06570783
v -0.07014446 -0.07822166 -0.06635903
v -0.06334019 0.16275890 -0.07169055
v -0.07235144 -0.06865570 -0.06861308
v -0.07770423 -0.04076381 -0.06725835
v -0.07467349 -0.02009752 -0.06776660
v -0.08080604 -0.01356627 -0.07239974
v -0.08594427 0.16428989 -0.06756144
v -0.08192290 -0.01874448 -0.06912562
v -0.09443798 -0.10142415 -0.07846516
v -0.10813219 -0.11188394 -0.06631961
v -0.11888195 0.16386193 -0.06082454
v -0.15977886 -0.08043829 -0.06984039
v -0.17765592 -0.06830488 -0.06646522
v -0.19005787 -0.03079188 -0.07833771
v -0.42919183 0.03174126 -0.06520052
v -0.41852576 0.04687870 -0.06327236
v -0.44822553 0.05295806 -0.07179698
v -0.45012203 0.04208542 -0.06964356
v -0.45105010 0.04782980 -0.06668437
v -0.45435843 0.05251656 -0.06913728
v 0.26789579 -0.18936051 -0.07358506
v 0.26866600 -0.17853922 -0.07398949
v 0.25655729 -0.17447221 -0.07348593
v 0.26537246 -0.16852832 -0.07416310
v 0.25321981 -0.18214305 -0.07227701
v 0.26083094 -0.15112965 -0.07174277
v 0.25706807 -0.13504711 -0.06996436
v 0.25498176 -0.19665922 -0.06996465
v 0.25364169 -0.15589271 -0.07378437
v 0.25254610 -0.13423830 -0.07237287
v 0.24783728 -0.17270127 -0.06901935
v 0.24471509 -0.11339714 -0.07326750
v 0.24852532 -0.11369561 -0.07070538
v 0.24654078 -0.15838401 -0.07137848
v 0.24382243 -0.15068144 -0.07239269
v 0.24898766 0.02754600 -0.06845602
v 0.23722996 -0.14974721 -0.06982829
v 0.24304539 -0.09623329 -0.06985371
v 0.23593658 -0.13992937 -0.07320515
v 0.23509340 -0.09868491 -0.07578883
v 0.23529848 -0.00090271 -0.07428923
v 0.23917861 0.04647579 -0.07181799
v 0.23544273 0.06294686 -0.06755225
v 0.21995163 -0.04738511 -0.07567848
v 0.22434786 -0.12911242 -0.07152344
v 0.21579151 -0.02359632 -0.07321811
v 0.21779317 -0.01567720 -0.07510741
v 0.20479150 -0.10470149 -0.06978984
v 0.21270964 -0.10617046 -0.07334750
v 0.20518568 0.10269052 -0.06851265
v 0.18384276 -0.07475180 -0.06953736
v 0.17405444 -0.05858643 -0.06876731
v 0.18454623 0.17059913 -0.07788167
v 0.18860245 0.10168833 -0.07490083
v 0.17152159 -0.02875812 -0.07352287
v 0.17660142 0.16959302 -0.07597999
v 0.17178662 -0.01654430 -0.07587001
v 0.15836765 0.10861224 -0.06906588
v 0.15380009 -0.00564275 -0.07423120
v 0.14444473 0.09842537 -0.07296105
v 0.14217679 0.15581915 -0.07050484
v 0.13702102 0.09310436 -0.07460387
v 0.12730014 0.14508694 -0.06779343
v 0.14619175 -0.01323978 -0.07281726
v 0.13204831 0.16398613 -0.06267444
v 0.12027355 0.11373556 -0.07071295
v 0.11871706 0.13136554 -0.07272122
v 0.10320337 0.12253282 -0.07176790
v 0.10918276 0.10932607 -0.07167029
v 0.10623714 0.09584128 -0.07555387
v 0.10110911 -0.05136774 -0.06935325
v 0.09722228 0.09468526 -0.07489603
v 0.08570936 0.11621177 -0.07284672
v 0.04441582 -0.06305365 -0.06288362
v 0.02896473 0.11233947 -0.07399298
v 0.01117337 0.12281021 -0.07036154
v -0.00127543 -0.25608972 -0.07096103
v -0.00492831 -0.24501248 -0.07103654
v -0.01129784 -0.25743791 -0.07300694
v -0.01004847 -0.27157092 -0.06758883
v -0.01466198 -0.24731220 -0.07380821
v -0.01370325 -0.23397839 -0.07004298
v -0.02206187 -0.26029658 -0.06770575
v -0.01896056 -0.23895551 -0.07097922
v -0.02951840 0.13111407 -0.07427416
v -0.02377187 -0.25026831 -0.06986817
v -0.02090420 0.13647802 -0.06847305
v -0.04237796 0.13879463 -0.07323118
v -0.08059818 -0.09052043 -0.08068920
v -0.07706524 -0.08088497 -0.07978421
v -0.08492868 -0.01168710 -0.07307981
v -0.09996904 -0.10546739 -0.07440536
v -0.11023469 0.15649453 -0.07408442
v -0.12593217 -0.11064071 -0.06745073
v -0.12759028 0.15635623 -0.06859743
v -0.15707590 -0.09342965 -0.06466525
v -0.17211740 0.13767536 -0.06266600
v -0.17461051 -0.06604849 -0.06946433
v -0.18037830 -0.06216003 -0.06884549
v -0.18970729 0.11862239 -0.06550016
v -0.18487693 -0.04852508 -0.07308389
v -0.21254823 -0.00417871 -0.06637407
v -0.21699348 0.01205566 -0.06622452
v -0.21723031 0.04081974 -0.06969315
v -0.43804958 0.03729229 -0.06731717
v -0.43660966 0.04725064 -0.06788534
v -0.44795310 0.04155592 -0.07042053
v -0.44862929 0.05364938 -0.06934244
v -0.46039712 0.05131427 -0.07365968
v 0.24799736 -0.14453261 -0.07395925
v 0.25051621 -0.14080128 -0.07386295
v 0.24384987 -0.12340920 -0.07454869
v 0.23869050 0.02069771 -0.07740107
v 0.23514937 -0.11573532 -0.07651666
v 0.23784274 -0.07969116 -0.06975825
v 0.23381256 0.04059108 -0.07883190
v 0.22945920 -0.10822216 -0.07666370
v 0.23506288 -0.13035275 -0.07495607
v 0.22349630 -0.11724367 -0.07507300
v 0.22945559 -0.08157125 -0.07626816
v 0.22846466 -0.06522268 -0.07428104
v 0.22178441 -0.09988222 -0.07691445
v 0.21373422 -0.03340537 -0.07585016
v 0.20675705 -0.06814487 -0.07960877
v 0.21257076 -0.09486744 -0.07605616
v 0.19740780 -0.07708982 -0.07519276
v 0.18893462 -0.06217765 -0.07516725
v 0.18085949 -0.04190855 -0.07555997
v 0.18270789 -0.01454539 -0.08004374
v 0.17266692 0.09103926 -0.08221947
v 0.14762287 0.00227312 -0.07677804
v 0.15565883 0.15389673 -0.08059989
v 0.12764017 -0.01745007 -0.07749872
v 0.12634048 0.08410969 -0.07778911
v 0.12377218 0.09786562 -0.07486198
v 0.08863281 -0.04642667 -0.07651428
v 0.08664518 0.12403164 -0.06939694
v 0.08446364 0.09286631 -0.07593339
v 0.08076552 0.11370101 -0.07526884
v 0.04789825 -0.05187821 -0.07469857
v -0.00567363 0.12384074 -0.07429323
v -0.05226938 0.14466143 -0.07502368
v -0.07650177 -0.07169465 -0.07740318
v -0.07931714 -0.05962396 -0.07723979
v -0.08667763 -0.09579191 -0.08053810
v -0.08359034 -0.03919218 -0.07640425
v -0.08615430 -0.01843930 -0.07386409
v -0.08805308 -0.00518402 -0.07579605
v -0.08864930 0.00155433 -0.07830555
v -0.09205227 -0.00327088 -0.07825050
v -0.09317488 0.00478162 -0.07867609
v -0.09584011 0.15600124 -0.07736979
v -0.09566384 0.01444380 -0.08013500
v -0.11553416 -0.10637309 -0.07202863
v -0.13714224 -0.09005152 -0.07702759
v -0.16639139 0.12414783 -0.07931260
v -0.19223383 0.09918337 -0.07640254
v -0.21216054 0.05408947 -0.07397782
v -0.20494011 0.06613507 -0.07855735
v -0.44681180 0.04772086 -0.07151128
v -0.45661116 0.04684802 -0.07436078
v -0.45909482 0.04792201 -0.07436386
v -0.46573162 0.05560587 -0.07850670
v 0.22726075 -0.09032048 -0.07731909
v 0.22059922 0.06622152 -0.07965378
v 0.21856049 -0.07657570 -0.07943166
v 0.21866708 -0.06058186 -0.07901458
v 0.21086593 -0.04132336 -0.07862591
v 0.20471987 -0.05136817 -0.08084651
v 0.20254222 -0.04265775 -0.08070331
v 0.20333403 -0.01871289 -0.07981740
v 0.20178251 -0.02413567 -0.08020726
v 0.20541318 0.08539468 -0.07945342
v 0.18846267 0.08760830 -0.08328062
v 0.19265962 -0.05391665 -0.07797389
v 0.18886821 -0.03122358 -0.07996947
v 0.18996325 -0.01506858 -0.08119887
v 0.16060679 -0.00019946 -0.07996833
v 0.14211778 0.01988945 -0.08260941
v 0.13717972 0.08561154 -0.07701565
v 0.13857438 -0.00054848 -0.07652286
v 0.12741226 0.13723180 -0.07833045
v 0.13511294 0.01558698 -0.07919550
v 0.12950695 0.06829398 -0.08089041
v 0.12998804 0.03520245 -0.08052071
v 0.13047114 0.04680760 -0.08177052
v 0.12438292 -0.00626654 -0.07952385
v 0.11848978 0.11412510 -0.08786277
v 0.11971102 0.05514505 -0.08199850
v 0.10968978 0.12822345 -0.07445839
v 0.10801844 0.08522151 -0.07812845
v 0.09370916 0.10969730 -0.07984455
v 0.10468258 0.10678309 -0.08570404
v 0.07766184 -0.04618941 -0.07915694
v 0.07959628 0.10809164 -0.07979315
v 0.06097276 0.09040924 -0.08031046
v 0.05859867 -0.04749124 -0.07915466
v 0.04527203 0.10164448 -0.07747787
v 0.02003265 -0.04042603 -0.08235306
v -0.00092054 -0.04231409 -0.07660809
v -0.05343615 0.15093502 -0.07823187
v -0.06528194 -0.01820866 -0.07687955
v -0.05799294 0.14089787 -0.07868150
v -0.06876311 0.12857381 -0.08264996
v -0.08317841 0.15992969 -0.07596402
v -0.09235685 -0.02274937 -0.08225032
v -0.09213689 0.01468063 -0.08199129
v -0.09816986 -0.01705121 -0.08581964
v -0.12487227 -0.09719666 -0.07813679
v -0.10296603 -0.09814105 -0.08069105
v -0.14778450 0.14850318 -0.06805471
v -0.13963349 -0.07639818 -0.08258495
v -0.14863187 0.13869445 -0.07850627
v -0.18992969 0.09035859 -0.08242279
v -0.19201456 -0.01257882 -0.08123299
v -0.19952397 -0.00749718 -0.07679062
v -0.19920005 0.07104000 -0.08199351
v -0.21343341 0.03797141 -0.07324938
v -0.46321833 0.05272120 -0.07871436
v 0.23080434 0.02212852 -0.08174609
v 0.23249006 0.00990131 -0.07955123
v 0.22005694 -0.00332490 -0.08011134
v 0.20973893 0.05182780 -0.08888154
v 0.21150146 -0.01585626 -0.07755791
v 0.21353276 0.07620981 -0.07967610
v 0.20487462 0.06527912 -0.08723934
v 0.20141831 -0.00792752 -0.08374127
v 0.17340130 0.16356468 -0.08016876
v 0.17705148 -0.00712860 -0.08218905
v 0.15987851 0.09120804 -0.07926522
v 0.15556888 0.16285938 -0.07309588
v 0.15231945 0.07615561 -0.08466598
v 0.15472840 0.03238839 -0.09050917
v 0.13455966 0.14095794 -0.07849986
v 0.11956522 0.06434271 -0.08192031
v 0.12180834 0.01841615 -0.08156534
v 0.11377636 -0.01647967 -0.08122370
v 0.10696878 0.00699890 -0.08463569
v 0.11227995 0.05787676 -0.08292907
v 0.10734051 0.04364976 -0.08436336
v 0.09475376 0.07043258 -0.08286595
v 0.09626646 0.10905844 -0.08258004
v 0.09127387 0.09580575 -0.08992787
v 0.08445536 0.10483231 -0.08179150
v 0.07551272 0.07500395 -0.08390538
v 0.06735962 -0.04340944 -0.08132200
v 0.04857217 -0.03830325 -0.08494508
v 0.00946708 0.10183759 -0.08505211
v -0.00143705 -0.03347907 -0.08566355
v 0.00055402 0.11483573 -0.07921091
v 0.00167400 0.09567609 -0.08949427
v -0.04929690 -0.02017889 -0.08333683
v -0.05530168 0.15582132 -0.08304373
v -0.05853426 0.14464617 -0.08459322
v -0.05769285 0.15073742 -0.09032656
v -0.05536326 0.13317782 -0.07976384
v -0.06515133 0.13992676 -0.08417784
v -0.07173524 0.13464807 -0.08436832
v -0.06802009 0.13758124 -0.08121393
v -0.08286808 -0.00366096 -0.08000907
v -0.07473041 0.13013861 -0.08336148
v -0.09088371 0.14881089 -0.09288195
v -0.09783046 0.03139308 -0.08259075
v -0.09710447 0.04019997 -0.08704724
v -0.09422666 -0.09037420 -0.08567912
v -0.11457403 0.14316761 -0.09095117
v -0.12566227 -0.08794300 -0.08261290
v -0.14450556 -0.05782872 -0.08687712
v -0.16913120 -0.04523370 -0.08025070
v -0.17608730 0.10955768 -0.08269164
v -0.17728713 -0.02880642 -0.08293363
v -0.18320432 -0.00150815 -0.08649050
v -0.19281857 0.01957988 -0.08582184
v 0.21650584 0.01622685 -0.08755457
v 0.21588662 0.03607528 -0.08870126
v 0.18745480 0.07214229 -0.08946481
v 0.18866555 0.00184405 -0.08816157
v 0.17409879 0.16150931 -0.08451357
v 0.17166258 0.00819287 -0.08836979
v 0.16845672 0.15340427 -0.08955429
v 0.16064636 0.05790784 -0.09193838
v 0.15002090 0.13685276 -0.09400582
v 0.13554382 0.06124005 -0.08352691
v 0.14306042 0.15168005 -0.07662959
v 0.10491048 0.10504726 -0.08883233
v 0.08131507 -0.00235478 -0.09012154
v 0.08807980 0.04665995 -0.08748346
v 0.09204778 0.01882471 -0.08861142
v 0.08872119 -0.02098059 -0.08552104
v 0.07449289 -0.01718021 -0.08918147
v 0.05293924 0.07271383 -0.08875069
v 0.01461420 0.09503971 -0.08754914
v -0.01892567 -0.03519225 -0.07801957
v -0.02842739 0.11129744 -0.08569443
v -0.06346329 0.12179895 -0.08525172
v -0.06464887 0.14122602 -0.09323219
v -0.06320008 0.15207992 -0.09233323
v -0.07865487 0.10512418 -0.09035811
v -0.08341555 -0.06846345 -0.08522324
v -0.08089069 0.11795032 -0.08612426
v -0.09374247 -0.07190852 -0.09034501
v -0.08743237 -0.05053491 -0.08526978
v -0.08782780 0.01841009 -0.08935644
v -0.09350964 -0.08055063 -0.08899453
v -0.10373260 -0.09179918 -0.08506271
v -0.09983891 0.04752589 -0.09027408
v -0.10389273 -0.07611600 -0.09054728
v -0.11024774 0.03040771 -0.09019404
v -0.10271320 0.01031307 -0.08491124
v -0.12514547 -0.06677182 -0.08941510
v -0.14081331 0.14327326 -0.07858193
v -0.15342255 -0.03763486 -0.08922148
v -0.19562435 0.04609443 -0.08675995
v 0.20578426 0.03584854 -0.09170424
v 0.20628953 0.00977755 -0.08900272
v 0.19532409 0.02552009 -0.09375627
v 0.18488874 0.01277987 -0.09156235
v 0.17020524 0.01780264 -0.09184250
v 0.17156775 0.07023130 -0.09056792
v 0.16455263 0.14726992 -0.09433129
v 0.15480384 0.04020894 -0.09129397
v 0.14319801 0.05162498 -0.08714626
v 0.14103051 0.13282551 -0.09268498
v 0.13606811 0.12577198 -0.09329469
v 0.11074254 0.09945995 -0.09450217
v 0.08324386 0.00413423 -0.09012002
v 0.07011794 0.02491055 -0.09363494
v 0.07981092 0.09980136 -0.08561804
v 0.05850783 -0.01025187 -0.09251826
v 0.05085973 -0.01872443 -0.09169923
v 0.02025742 0.07895732 -0.09349556
v 0.02688173 -0.01935097 -0.09403834
v 0.03161618 -0.03762918 -0.08601815
v 0.00918271 -0.03052112 -0.08935838
v -0.01876483 -0.02148216 -0.09303547
v -0.04616397 0.08494421 -0.09764483
v -0.04480183 0.11662654 -0.08552289
v -0.07727341 0.00632637 -0.09295083
v -0.07307887 0.15739274 -0.08548167
v -0.08447186 0.10083453 -0.09151883
v -0.08228344 0.12190815 -0.08886117
v -0.08635959 0.08826810 -0.09344857
v -0.08452028 0.10457876 -0.09079205
v -0.09582310 0.05043682 -0.09029508
v -0.09844320 -0.06329982 -0.09184396
v -0.09646063 -0.05724429 -0.09063422
v -0.09467690 0.05637099 -0.09241475
v -0.09713819 0.06558165 -0.09586695
v -0.09775018 0.14814427 -0.09127585
v -0.10369579 -0.06093499 -0.09306249
v -0.10597942 0.04834746 -0.09439722
v -0.10906420 -0.00904129 -0.09046409
v -0.11411764 0.01892205 -0.09125354
v -0.11381009 -0.01944642 -0.09288949
v -0.13046438 -0.04878263 -0.09172697
v -0.17189454 0.09537744 -0.09079821
v -0.17123461 0.07903928 -0.09552080
v -0.18324065 0.07257968 -0.09071445
v -0.18595409 0.05738890 -0.09161188
v 0.19021457 0.03166448 -0.09485108
v 0.18954057 0.05356883 -0.09360011
v 0.17708237 0.04259153 -0.09572936
v 0.16923204 0.02776276 -0.09415513
v 0.15956214 0.14710134 -0.09232774
v 0.11431669 0.11526985 -0.08640090
v 0.11819426 0.10626526 -0.09676083
v 0.08797420 0.09372061 -0.09156138
v 0.06485805 0.00543489 -0.09381327
v 0.05719914 0.01927420 -0.09606917
v 0.07139694 0.05179797 -0.09015688
v 0.02949669 -0.00034200 -0.09864434
v 0.01861339 0.05992781 -0.09859361
v 0.00159146 0.07365394 -0.09776510
v -0.01605447 0.08016048 -0.09714519
v -0.00230742 -0.02519994 -0.09247299
v -0.03740136 -0.01553099 -0.09388098
v -0.06640258 0.09937636 -0.09398627
v -0.05561857 -0.00115179 -0.09731872
v -0.06286744 -0.00490657 -0.09322739
v -0.06624732 0.00198335 -0.09605122
v -0.07583409 0.01979945 -0.09925571
v -0.07627411 0.08929446 -0.09553841
v -0.07096461 0.13524432 -0.09501139
v -0.07770363 0.12855135 -0.09064141
v -0.08532861 0.05276380 -0.09870785
v -0.09212264 0.06241196 -0.09380271
v -0.08668520 0.03378222 -0.09562513
v -0.08869507 0.07742835 -0.09419397
v -0.08449116 0.11249967 -0.09076729
v -0.10636418 -0.04984028 -0.09364956
v -0.10198642 -0.03691491 -0.09043604
v -0.10204912 0.14436896 -0.09494157
v -0.11218642 -0.04426085 -0.09471012
v -0.11610609 0.03361264 -0.09381843
v -0.11227176 -0.05901631 -0.09261861
v -0.12118461 0.00778787 -0.09422068
v -0.12538284 0.13239796 -0.09382225
v -0.12206564 -0.03147541 -0.09550192
v -0.12663932 0.01888861 -0.09613176
v -0.12574428 -0.00135795 -0.09535208
v -0.14094836 -0.01691679 -0.09477755
v -0.12902865 -0.01784391 -0.09597597
v -0.14982189 0.12086780 -0.08991525
v -0.13999315 0.00672674 -0.09681575
v -0.15667512 0.09665822 -0.09719513
v -0.17067073 0.08589375 -0.09429169
v -0.15626813 -0.01603418 -0.09268702
v -0.16134562 0.01927616 -0.09661768
v -0.17218779 0.03926545 -0.09595257
v 0.15366973 0.13704723 -0.09706904
v 0.14289944 0.12871578 -0.09741075
v 0.14108716 0.12376277 -0.09959956
v 0.13228439 0.12086702 -0.09623277
v 0.12228150 0.10511494 -0.09996724
v 0.11399920 0.09600409 -0.09933583
v 0.10464855 0.09244677 -0.09771363
v 0.09094003 0.08395690 -0.09647624
v 0.03726840 0.02254531 -0.09930883
v 0.05404782 0.03729547 -0.09563228
v 0.03219391 0.03250489 -0.10002380
v 0.03936318 0.01588854 -0.09867823
v 0.01231288 0.04929078 -0.10140261
v 0.00919651 -0.00021939 -0.10060970
v 0.00924960 -0.01745587 -0.09542658
v -0.00125697 -0.00202936 -0.10109042
v -0.01966863 -0.01232146 -0.09749670
v -0.03515028 -0.00890589 -0.09765071
v -0.06517461 0.14378507 -0.09861109
v -0.06685540 0.07404183 -0.10061988
v -0.07130749 0.13601425 -0.10192738
v -0.07496682 0.06304676 -0.10161202
v -0.07683413 0.07728001 -0.09855691
v -0.07595292 0.14855638 -0.09751928
v -0.07737715 0.04357931 -0.10212229
v -0.07984816 0.06211048 -0.10068574
v -0.08368424 0.12043651 -0.10277001
v -0.09118507 0.09921675 -0.10137920
v -0.08804788 0.11185995 -0.10305475
v -0.09378459 0.08301064 -0.09898102
v -0.10190736 0.13500825 -0.10144433
v -0.11284178 0.06151764 -0.10201776
v -0.12958379 0.03309572 -0.09786822
v -0.14002506 0.02900979 -0.09854184
v -0.14631817 0.10836857 -0.09734782
v -0.14775707 0.02561892 -0.09807586
v -0.15655807 0.03860476 -0.09947021
v -0.16886741 0.06373411 -0.09826890
v 0.10354420 0.08342252 -0.10089552
v 0.01871745 0.01867303 -0.10202868
v 0.00157366 0.04307473 -0.10331908
v -0.00347996 0.02926267 -0.10450411
v 0.00347172 0.05009415 -0.10229862
v 0.00201766 0.01501277 -0.10347434
v -0.01090905 0.03399548 -0.10432687
v -0.01897847 0.04886851 -0.10366220
v -0.02383864 0.00151609 -0.10141906
v -0.03632360 0.02950572 -0.10489375
v -0.03362498 0.07071456 -0.10055701
v -0.02511641 0.01477630 -0.10447838
v -0.05305219 0.06469034 -0.10222249
v -0.04662306 0.00514391 -0.10149906
v -0.04520651 0.04597231 -0.10412151
v -0.06269289 0.01466948 -0.10105607
v -0.05392294 0.02188204 -0.10339852
v -0.04851305 0.03577217 -0.10443300
v -0.06450975 0.05609302 -0.10330071
v -0.06371031 0.03096544 -0.10349177
v -0.06810883 0.14365105 -0.10035884
v -0.07841235 0.12832251 -0.10327307
v -0.08983409 0.13072716 -0.10752581
v -0.07659400 0.14357646 -0.10191853
v -0.09757285 0.09303289 -0.10497775
v -0.10556122 0.08274867 -0.10479706
v -0.12489980 0.12136272 -0.09934471
v -0.11820517 0.08644515 -0.10620606
v -0.11951613 0.06889202 -0.10456876
v -0.11943565 0.11264752 -0.10384613
v -0.13451725 0.06484698 -0.10496613
v -0.12578736 0.07756894 -0.10604943
v -0.12536915 0.10026602 -0.10499065
v -0.12332729 0.05142887 -0.10175329
v -0.13187461 0.08672938 -0.10509888
v -0.14204213 0.05203928 -0.10257148
v -0.14207792 0.07782821 -0.10424668
v -0.14244060 0.08698658 -0.10308823
v -0.14835605 0.05664726 -0.10246955
v -0.15047486 0.07786468 -0.10235506
v -0.15856989 0.06715829 -0.10139040
v -0.07650569 0.13467681 -0.10730080
v -0.08394474 0.12536733 -0.10864022
v -0.09041990 0.11297429 -0.10773285
v -0.09438307 0.11028715 -0.10876914
v -0.10517897 0.12297607 -0.10556664
v -0.10316478 0.09610270 -0.10714284
v -0.10348150 0.11315805 -0.10821229
v -0.11487136 0.10211215 -0.10608601
v -0.09028406 0.12232008 -0.11018073
v 0.40723130 0.25791082 0.04627204
v -0.28058499 0.11783653 0.01727103
v -0.32093173 0.04114583 0.01598895
v -0.33137456 0.06014215 0.00733864
v -0.45233268 0.16578591 -0.00804931
v -0.45298222 0.17080034 -0.01072158
v 0.44526282 0.29379129 -0.00823389
v 0.42839485 0.28283271 -0.01148113
v 0.43601528 0.28332511 -0.02399146
v 0.18758118 0.22138429 -0.02488733
v 0.18989110 0.21650976 -0.02626213
v 0.17410551 0.22019942 -0.02400647
v 0.16441953 0.21120468 -0.02484626
v 0.23579122 0.21632387 -0.03236339
v 0.24096940 0.21287271 -0.04347045
v 0.23078951 0.24971649 -0.04311323
v 0.19086367 0.23250052 -0.03572050
v 0.12737134 0.11269577 -0.09842876
f 1 7 13
f 7 9 13
f 3 1 13
f 2 1 12
f 1 3 12
f 12 3 16
f 24 4 5
f 24 5 6
f 5 4 25
f 6 5 7
f 9 7 8
f 7 5 8
f 5 25 8
f 25 31 8
f 9 8 34
f 8 31 34
f 10 2 30
f 2 10 1
f 13 9 14
f 14 9 34
f 11 2 12
f 14 34 36
f 11 12 15
f 13 14 3
f 3 14 40
f 14 36 40
f 15 12 16
f 15 17 39
f 15 16 17
f 16 3 18
f 3 40 18
f 18 40 43
f 17 19 42
f 16 18 19
f 17 16 19
f 20 47 48
f 20 48 21
f 46 20 23
f 23 20 21
f 55 52 4
f 57 6 27
f 25 87 31
f 6 7 27
f 29 28 30
f 2 11 30
f 29 30 11
f 34 31 150
f 32 33 35
f 35 33 11
f 36 34 96
f 34 150 96
f 35 11 15
f 58 35 38
f 36 96 37
f 35 15 38
f 15 39 38
f 61 38 101
f 38 39 101
f 39 41 101
f 39 17 41
f 40 37 43
f 43 37 156
f 19 18 43
f 41 17 103
f 103 17 42
f 19 43 42
f 43 63 42
f 44 47 46
f 46 47 20
f 74 44 46
f 74 46 75
f 47 45 76
f 47 76 48
f 21 48 22
f 76 79 48
f 75 46 23
f 83 75 23
f 22 48 81
f 48 79 81
f 83 23 49
f 22 81 50
f 81 84 50
f 21 22 51
f 23 21 49
f 49 21 51
f 51 22 50
f 54 53 87
f 141 57 26
f 87 88 31
f 28 29 145
f 90 29 33
f 90 33 32
f 32 35 93
f 58 93 35
f 59 58 60
f 58 38 60
f 100 60 61
f 60 38 61
f 101 41 103
f 103 42 62
f 43 156 104
f 43 104 63
f 42 63 105
f 108 109 66
f 109 65 66
f 109 64 65
f 65 64 110
f 108 66 111
f 111 66 67
f 66 65 67
f 65 110 215
f 114 115 116
f 116 115 68
f 115 117 68
f 118 116 119
f 119 116 69
f 116 68 69
f 68 120 69
f 119 69 124
f 72 71 44
f 71 70 45
f 70 73 45
f 127 72 74
f 44 71 47
f 71 45 47
f 74 72 44
f 45 73 76
f 129 75 77
f 78 76 178
f 77 75 83
f 76 78 79
f 77 83 80
f 79 82 81
f 79 78 82
f 81 82 134
f 81 134 84
f 82 133 134
f 80 83 85
f 83 49 85
f 84 181 50
f 84 134 181
f 85 49 137
f 51 50 183
f 50 181 183
f 49 51 137
f 52 136 53
f 137 51 185
f 87 139 88
f 92 91 93
f 93 91 32
f 149 92 95
f 95 92 93
f 94 149 59
f 149 95 59
f 59 95 58
f 93 58 95
f 96 150 152
f 94 59 60
f 60 100 97
f 37 96 99
f 100 61 198
f 198 61 102
f 61 101 102
f 101 103 102
f 102 103 62
f 102 62 155
f 62 105 157
f 105 62 42
f 105 63 158
f 63 104 158
f 208 109 108
f 109 106 64
f 107 108 111
f 110 113 215
f 111 67 213
f 65 215 67
f 67 215 112
f 165 163 116
f 163 114 116
f 166 165 116
f 118 166 116
f 68 117 120
f 120 117 167
f 118 119 121
f 167 233 120
f 167 229 233
f 122 121 124
f 121 119 124
f 120 123 69
f 69 123 124
f 122 124 125
f 120 168 123
f 120 233 168
f 124 123 126
f 125 124 126
f 126 315 169
f 126 123 315
f 172 173 72
f 173 70 71
f 72 173 71
f 73 244 175
f 174 127 74
f 174 74 245
f 129 245 74
f 73 175 76
f 245 129 177
f 75 129 74
f 76 175 178
f 177 129 130
f 130 129 77
f 131 130 80
f 130 77 80
f 131 80 132
f 82 78 133
f 80 85 132
f 132 85 247
f 53 428 86
f 185 51 183
f 183 181 138
f 135 184 327
f 190 147 193
f 89 90 147
f 89 147 144
f 190 144 147
f 143 91 92
f 90 32 91
f 90 91 193
f 146 149 188
f 146 143 149
f 149 143 92
f 88 258 150
f 148 188 149
f 150 258 195
f 148 149 151
f 149 94 151
f 196 94 60
f 150 195 152
f 152 195 261
f 60 97 196
f 198 102 155
f 153 156 154
f 153 154 358
f 198 155 199
f 155 62 157
f 104 156 200
f 156 153 200
f 157 105 159
f 105 202 159
f 105 158 202
f 282 205 106
f 205 206 106
f 106 206 209
f 108 107 208
f 106 209 283
f 107 210 385
f 107 111 210
f 210 111 211
f 64 283 110
f 110 285 113
f 211 111 212
f 212 111 213
f 67 112 213
f 214 213 112
f 112 215 216
f 160 161 114
f 160 114 163
f 114 161 162
f 164 163 165
f 164 165 166
f 222 166 227
f 117 223 224
f 227 166 118
f 227 118 230
f 118 121 230
f 233 229 231
f 122 230 121
f 233 231 168
f 122 125 234
f 234 125 236
f 123 168 315
f 168 235 315
f 125 126 236
f 236 126 169
f 169 315 238
f 173 170 70
f 70 170 242
f 171 172 72
f 70 242 128
f 241 171 127
f 171 72 127
f 241 127 174
f 242 244 128
f 177 130 321
f 321 130 131
f 178 323 133
f 133 324 134
f 134 324 325
f 181 182 138
f 181 134 325
f 181 325 182
f 137 185 334
f 185 183 250
f 146 186 143
f 186 189 143
f 186 146 188
f 189 193 91
f 343 188 148
f 343 148 194
f 151 94 260
f 260 94 196
f 260 196 263
f 263 196 97
f 263 97 197
f 97 100 197
f 197 100 198
f 99 265 154
f 197 198 199
f 153 358 267
f 155 157 269
f 200 153 267
f 155 269 268
f 157 159 361
f 456 158 200
f 361 159 202
f 158 456 202
f 275 203 276
f 205 380 206
f 380 280 206
f 206 280 281
f 206 281 209
f 207 382 208
f 286 211 212
f 113 287 215
f 212 213 288
f 213 214 288
f 214 112 216
f 288 214 216
f 288 216 289
f 216 215 485
f 289 216 392
f 297 160 300
f 297 295 160
f 298 217 219
f 219 217 218
f 160 163 300
f 295 301 162
f 303 300 164
f 300 163 164
f 219 218 221
f 221 218 222
f 218 220 222
f 305 219 221
f 220 164 222
f 223 306 224
f 221 222 225
f 222 164 166
f 225 222 227
f 224 226 229
f 307 225 228
f 225 227 228
f 224 229 167
f 228 227 230
f 229 308 407
f 228 230 232
f 232 230 309
f 230 122 309
f 122 234 310
f 168 231 235
f 234 236 313
f 313 236 237
f 237 236 317
f 315 235 318
f 236 169 316
f 169 238 316
f 239 317 172
f 172 317 240
f 239 171 241
f 172 240 170
f 240 238 170
f 238 319 170
f 171 239 172
f 170 319 242
f 242 320 244
f 417 415 245
f 415 174 245
f 244 243 176
f 244 176 175
f 418 245 177
f 176 419 175
f 178 175 246
f 175 419 246
f 178 246 323
f 321 131 422
f 131 132 422
f 422 132 322
f 133 323 324
f 132 247 322
f 182 325 330
f 85 137 249
f 249 137 334
f 334 185 250
f 183 138 250
f 250 138 335
f 523 434 255
f 523 255 189
f 259 148 260
f 148 151 260
f 529 347 349
f 260 263 353
f 354 353 263
f 264 263 197
f 264 197 266
f 197 199 266
f 266 199 359
f 358 154 265
f 267 358 544
f 199 155 359
f 361 202 201
f 202 456 362
f 271 270 272
f 271 272 273
f 272 270 274
f 274 370 203
f 272 274 273
f 371 273 275
f 273 274 275
f 275 276 469
f 204 277 471
f 373 277 278
f 277 204 278
f 380 279 280
f 383 205 282
f 383 380 205
f 281 384 209
f 209 384 386
f 209 386 283
f 210 211 482
f 283 284 285
f 212 288 487
f 391 389 291
f 216 488 392
f 216 485 488
f 389 394 291
f 290 291 292
f 291 394 292
f 292 394 293
f 290 292 398
f 398 292 298
f 293 396 294
f 292 293 298
f 398 298 400
f 298 293 217
f 293 294 217
f 217 294 218
f 296 297 300
f 294 493 302
f 218 294 302
f 400 298 305
f 298 219 305
f 306 301 304
f 302 303 220
f 303 164 220
f 307 305 221
f 221 225 307
f 403 307 405
f 406 307 228
f 406 228 232
f 232 309 408
f 408 309 310
f 231 407 311
f 407 500 410
f 407 410 311
f 309 122 310
f 310 234 312
f 234 313 312
f 235 311 314
f 411 313 237
f 412 411 237
f 318 235 314
f 413 412 239
f 412 237 239
f 236 316 317
f 237 317 239
f 316 240 317
f 315 318 238
f 316 238 240
f 413 239 241
f 319 238 318
f 319 320 242
f 241 174 505
f 417 245 418
f 243 416 176
f 418 177 420
f 420 177 321
f 419 421 246
f 246 421 424
f 321 422 599
f 422 322 423
f 423 322 703
f 324 323 425
f 322 247 426
f 324 326 325
f 247 85 431
f 85 249 431
f 330 325 333
f 333 325 331
f 182 330 332
f 332 330 333
f 334 250 525
f 138 336 335
f 138 182 336
f 182 332 336
f 336 332 337
f 251 337 333
f 332 333 337
f 250 335 338
f 335 336 338
f 338 336 341
f 336 337 341
f 340 432 523
f 345 338 341
f 252 142 341
f 339 343 342
f 342 343 439
f 439 343 194
f 437 438 346
f 437 346 529
f 529 346 347
f 346 350 347
f 259 260 348
f 347 350 349
f 349 351 352
f 352 351 448
f 348 260 353
f 447 352 448
f 354 263 264
f 98 262 265
f 262 746 265
f 542 264 355
f 264 266 355
f 356 355 357
f 355 266 357
f 266 359 357
f 265 543 358
f 357 359 454
f 454 359 545
f 359 155 268
f 268 269 360
f 456 200 455
f 157 361 269
f 269 361 360
f 202 362 201
f 201 362 753
f 360 361 458
f 465 365 366
f 366 365 367
f 465 366 368
f 366 367 368
f 367 365 556
f 465 368 466
f 368 271 466
f 367 556 271
f 466 271 557
f 271 273 557
f 371 275 469
f 471 277 473
f 472 373 561
f 561 373 278
f 204 374 375
f 278 204 375
f 378 376 279
f 376 377 279
f 377 379 279
f 477 378 380
f 279 379 381
f 381 379 478
f 280 279 381
f 280 381 281
f 281 381 479
f 381 478 479
f 384 281 479
f 207 385 575
f 385 210 577
f 577 210 482
f 482 286 680
f 481 391 387
f 387 391 390
f 391 388 389
f 390 391 291
f 393 390 290
f 390 291 290
f 288 289 487
f 394 683 395
f 393 290 398
f 394 395 396
f 397 393 398
f 397 398 491
f 491 398 400
f 491 400 401
f 401 400 402
f 400 305 402
f 305 307 402
f 402 307 403
f 404 403 405
f 405 307 406
f 406 232 498
f 232 408 498
f 310 409 408
f 409 310 501
f 310 312 501
f 311 410 596
f 312 313 411
f 312 411 502
f 502 411 503
f 503 411 412
f 503 412 413
f 311 596 314
f 414 413 241
f 318 314 507
f 314 504 507
f 414 241 505
f 320 318 507
f 507 510 320
f 506 505 415
f 320 510 243
f 505 174 415
f 320 243 244
f 509 415 417
f 243 510 416
f 176 416 512
f 176 512 419
f 321 599 420
f 424 515 323
f 323 515 425
f 425 427 324
f 324 427 326
f 326 427 429
f 427 328 429
f 325 326 331
f 247 431 426
f 426 431 706
f 431 249 521
f 521 249 334
f 334 525 521
f 340 339 522
f 525 250 436
f 250 338 436
f 525 436 435
f 345 436 338
f 439 194 440
f 346 609 350
f 259 348 440
f 349 352 529
f 349 350 351
f 442 348 353
f 350 441 449
f 350 449 351
f 442 353 444
f 261 195 612
f 445 443 446
f 443 534 446
f 534 531 446
f 531 451 446
f 531 444 451
f 261 612 541
f 351 449 448
f 535 445 453
f 453 445 450
f 445 446 450
f 446 536 450
f 536 446 451
f 444 452 451
f 444 353 452
f 452 353 354
f 453 450 622
f 452 354 537
f 537 354 538
f 538 354 539
f 354 264 539
f 264 542 539
f 262 540 746
f 542 355 627
f 265 746 543
f 544 358 630
f 630 358 543
f 545 359 268
f 455 200 863
f 268 360 457
f 546 268 457
f 362 456 455
f 457 360 458
f 458 361 548
f 361 201 548
f 547 201 753
f 461 459 462
f 459 460 462
f 462 460 463
f 461 462 363
f 363 462 464
f 462 463 464
f 364 365 465
f 557 273 468
f 468 273 558
f 273 371 558
f 472 561 560
f 475 278 375
f 565 377 376
f 565 566 377
f 566 567 377
f 376 378 476
f 377 567 379
f 379 567 569
f 477 476 378
f 478 379 570
f 379 569 570
f 478 570 801
f 478 801 571
f 479 571 573
f 384 573 480
f 385 577 575
f 386 384 480
f 580 386 480
f 577 482 582
f 578 481 387
f 579 388 481
f 578 387 390
f 481 388 391
f 680 286 483
f 578 390 486
f 286 212 483
f 393 486 390
f 212 487 483
f 289 589 487
f 289 392 589
f 486 393 397
f 687 489 296
f 489 297 296
f 690 490 492
f 296 492 490
f 300 303 492
f 496 401 402
f 402 403 404
f 407 308 500
f 404 405 593
f 405 406 594
f 406 498 594
f 409 501 695
f 410 499 596
f 501 312 502
f 501 503 595
f 501 502 503
f 595 503 413
f 595 413 414
f 414 505 696
f 314 596 504
f 696 505 506
f 506 415 509
f 417 511 509
f 417 418 511
f 418 420 597
f 418 597 511
f 597 420 598
f 598 420 599
f 422 423 599
f 421 513 601
f 421 601 424
f 424 601 515
f 515 514 516
f 703 322 1390
f 1390 322 426
f 516 517 519
f 431 521 604
f 521 527 608
f 521 525 527
f 342 439 834
f 605 712 438
f 438 712 609
f 437 529 711
f 610 439 440
f 528 612 195
f 529 352 532
f 614 531 534
f 442 444 531
f 441 714 616
f 533 445 535
f 352 447 532
f 441 616 449
f 449 616 618
f 448 449 621
f 450 536 622
f 622 536 623
f 536 451 623
f 623 451 625
f 451 452 625
f 625 452 537
f 540 262 541
f 539 542 626
f 627 355 356
f 356 357 628
f 629 357 454
f 268 546 545
f 455 863 631
f 546 457 750
f 362 455 631
f 457 458 750
f 750 458 548
f 548 201 547
f 755 549 551
f 755 551 459
f 549 550 552
f 549 552 551
f 364 465 554
f 465 638 554
f 465 466 638
f 466 557 643
f 643 557 644
f 644 557 468
f 470 1045 473
f 473 1045 372
f 374 372 649
f 475 375 474
f 560 561 562
f 562 561 791
f 561 278 475
f 661 651 654
f 567 563 564
f 566 563 567
f 567 564 568
f 564 655 568
f 568 655 663
f 663 655 661
f 567 568 569
f 568 663 666
f 568 666 569
f 569 799 570
f 796 382 572
f 674 671 574
f 671 672 574
f 574 672 576
f 572 207 575
f 574 576 578
f 576 675 579
f 676 574 581
f 578 576 481
f 481 576 579
f 675 679 579
f 581 574 578
f 482 680 582
f 388 679 811
f 581 578 584
f 584 578 486
f 584 486 397
f 483 487 684
f 588 485 586
f 584 397 590
f 487 589 587
f 392 488 589
f 590 397 592
f 687 296 490
f 397 491 592
f 492 493 690
f 592 491 692
f 491 401 692
f 496 402 693
f 497 820 308
f 402 404 693
f 404 593 693
f 405 594 593
f 408 409 826
f 498 408 826
f 695 501 595
f 507 504 510
f 506 509 699
f 510 508 829
f 416 829 700
f 511 597 699
f 702 517 516
f 706 431 604
f 604 521 608
f 604 608 607
f 605 437 711
f 528 254 839
f 528 839 612
f 711 529 532
f 716 443 533
f 443 716 715
f 443 445 533
f 443 715 534
f 715 614 534
f 714 717 616
f 616 717 615
f 615 717 719
f 533 535 620
f 532 447 975
f 616 615 617
f 615 719 617
f 719 725 617
f 616 617 618
f 617 619 618
f 617 725 619
f 449 618 621
f 621 618 734
f 618 619 735
f 618 735 734
f 619 736 735
f 620 535 732
f 448 621 447
f 732 535 741
f 741 535 743
f 535 453 743
f 623 625 624
f 453 622 857
f 453 857 743
f 537 538 859
f 541 745 540
f 539 626 538
f 540 745 746
f 542 627 626
f 628 357 629
f 543 1135 630
f 544 630 863
f 454 545 748
f 545 546 632
f 545 632 862
f 546 750 632
f 753 362 631
f 753 631 749
f 750 548 751
f 548 547 992
f 547 752 992
f 633 754 549
f 549 754 550
f 758 550 757
f 461 363 634
f 634 363 554
f 363 364 554
f 466 643 638
f 641 638 643
f 641 643 642
f 643 644 768
f 644 468 646
f 468 558 646
f 646 558 645
f 648 472 560
f 788 789 650
f 907 650 656
f 656 650 651
f 650 789 652
f 561 475 791
f 475 474 791
f 907 656 653
f 652 789 657
f 793 653 564
f 564 653 655
f 653 656 655
f 651 652 654
f 654 652 660
f 652 657 660
f 563 793 564
f 566 565 659
f 661 654 662
f 654 660 668
f 654 668 662
f 668 660 665
f 659 565 914
f 663 661 667
f 661 664 667
f 661 662 664
f 663 669 666
f 663 667 669
f 668 665 671
f 477 796 914
f 569 666 799
f 799 666 797
f 666 669 797
f 667 664 802
f 664 673 802
f 664 662 673
f 665 670 671
f 673 662 674
f 662 668 674
f 668 671 674
f 671 670 672
f 672 670 675
f 570 799 801
f 673 674 676
f 796 572 804
f 571 801 805
f 574 676 674
f 572 575 920
f 573 571 805
f 673 676 806
f 675 800 679
f 800 809 679
f 806 676 581
f 575 577 677
f 577 582 677
f 580 480 923
f 806 581 678
f 581 584 678
f 678 584 813
f 680 483 682
f 815 1081 688
f 584 590 813
f 818 591 399
f 928 490 690
f 590 592 686
f 592 692 686
f 692 401 496
f 820 935 308
f 308 935 500
f 693 593 694
f 593 594 824
f 594 498 825
f 826 409 695
f 826 695 595
f 826 595 827
f 499 942 596
f 827 414 941
f 696 506 828
f 504 596 698
f 504 698 508
f 506 699 697
f 700 829 944
f 513 830 701
f 598 599 1256
f 599 423 1256
f 423 703 949
f 1390 426 831
f 426 706 831
f 706 604 832
f 832 604 607
f 834 439 610
f 610 613 838
f 716 841 715
f 841 840 715
f 840 614 715
f 843 716 533
f 842 844 717
f 844 845 719
f 719 845 720
f 845 848 720
f 849 718 724
f 718 620 724
f 718 533 620
f 719 720 725
f 725 720 726
f 720 721 726
f 721 722 726
f 722 727 726
f 722 723 727
f 723 849 727
f 728 725 729
f 725 726 729
f 726 730 729
f 726 727 730
f 727 731 730
f 727 849 731
f 849 724 731
f 724 620 731
f 736 619 728
f 619 725 728
f 729 737 728
f 729 730 737
f 730 731 738
f 730 738 737
f 738 731 851
f 731 732 851
f 620 732 731
f 612 733 541
f 447 850 975
f 447 621 850
f 734 735 852
f 735 736 739
f 735 739 852
f 736 728 739
f 728 737 739
f 737 740 739
f 851 732 854
f 732 741 854
f 854 741 742
f 741 743 742
f 742 743 985
f 622 623 857
f 857 623 624
f 857 624 744
f 624 625 858
f 625 537 858
f 537 859 858
f 985 743 857
f 859 538 860
f 538 626 860
f 626 987 860
f 626 627 987
f 627 356 747
f 747 356 628
f 1285 628 629
f 989 629 748
f 629 454 748
f 990 630 1135
f 863 630 991
f 748 545 862
f 632 750 751
f 753 749 1289
f 547 753 752
f 633 866 754
f 756 755 459
f 756 459 759
f 459 461 759
f 1147 759 461
f 461 634 1147
f 634 554 762
f 762 554 767
f 554 638 767
f 638 641 767
f 885 888 775
f 641 642 887
f 887 642 769
f 642 768 769
f 886 885 771
f 771 885 774
f 885 775 774
f 642 643 768
f 771 774 778
f 771 778 777
f 774 775 778
f 644 645 776
f 778 775 780
f 777 778 779
f 778 780 779
f 782 898 783
f 900 899 784
f 903 649 1045
f 650 907 904
f 648 560 790
f 789 1051 657
f 560 792 790
f 560 562 792
f 792 562 909
f 562 791 909
f 795 670 665
f 670 795 800
f 669 667 798
f 798 667 802
f 802 673 806
f 572 920 808
f 573 805 921
f 923 573 921
f 580 923 810
f 806 678 922
f 922 678 924
f 1219 582 812
f 924 678 813
f 582 680 812
f 681 1076 1077
f 680 682 812
f 682 483 684
f 684 487 816
f 487 587 816
f 587 817 816
f 813 590 686
f 587 589 817
f 817 589 926
f 589 488 926
f 488 588 926
f 1087 687 1086
f 1087 927 687
f 687 490 928
f 928 690 930
f 497 819 820
f 496 693 821
f 935 822 500
f 693 694 821
f 593 823 694
f 593 824 823
f 824 594 825
f 825 498 826
f 825 826 939
f 939 826 827
f 827 941 940
f 941 696 828
f 596 942 698
f 698 942 1102
f 698 1251 508
f 508 1251 1104
f 697 699 1103
f 1103 699 1107
f 699 597 1107
f 597 598 1107
f 598 945 1107
f 1256 423 949
f 949 703 952
f 953 706 957
f 957 706 832
f 707 959 708
f 708 959 956
f 964 838 530
f 530 614 840
f 974 969 718
f 848 846 721
f 721 846 722
f 846 847 723
f 846 723 722
f 847 849 723
f 847 974 849
f 621 734 850
f 734 978 850
f 734 852 978
f 737 738 740
f 740 738 851
f 852 739 855
f 855 739 981
f 739 740 981
f 981 740 853
f 740 982 853
f 740 851 982
f 982 851 856
f 851 854 856
f 745 541 977
f 854 742 983
f 745 977 1283
f 742 985 1131
f 745 1283 861
f 987 627 747
f 861 1433 746
f 747 628 988
f 988 628 1285
f 543 746 1433
f 629 989 1285
f 989 748 862
f 863 991 631
f 751 548 992
f 1453 864 866
f 1139 866 633
f 1139 755 756
f 868 870 869
f 870 997 998
f 870 998 1002
f 870 1002 871
f 869 870 871
f 1000 871 1011
f 1011 871 875
f 1011 875 876
f 1011 876 877
f 873 634 762
f 876 875 878
f 877 876 880
f 880 876 878
f 1018 877 882
f 1018 882 1019
f 877 880 882
f 882 880 884
f 880 878 884
f 762 767 883
f 883 767 887
f 1019 882 885
f 882 884 885
f 767 641 887
f 1019 886 889
f 1019 885 886
f 885 884 888
f 884 1020 888
f 888 1020 1029
f 770 773 1026
f 886 771 889
f 888 1029 1030
f 777 1032 889
f 1032 777 1033
f 890 1033 777
f 777 779 890
f 890 779 892
f 779 780 892
f 892 780 1035
f 895 893 894
f 895 894 781
f 895 781 896
f 781 894 898
f 896 781 897
f 781 898 782
f 781 782 897
f 782 783 1041
f 1041 783 899
f 1041 899 900
f 783 898 784
f 784 898 1043
f 784 1043 1048
f 900 784 1048
f 900 1048 901
f 901 1048 1184
f 5485 902 787
f 1047 1049 905
f 1049 1060 905
f 1049 906 1060
f 787 648 1054
f 648 790 1054
f 791 903 1339
f 905 1060 911
f 790 792 908
f 909 791 1339
f 1056 794 657
f 795 915 916
f 669 798 797
f 1066 798 802
f 799 797 917
f 1067 803 804
f 801 799 918
f 918 799 917
f 1067 804 808
f 805 918 919
f 806 922 802
f 1070 802 922
f 921 805 919
f 923 921 1072
f 920 677 1219
f 810 923 1072
f 1221 1219 812
f 924 813 925
f 684 1082 682
f 925 813 929
f 684 816 1082
f 816 817 1083
f 813 686 929
f 1083 817 1084
f 817 926 1084
f 926 588 1085
f 1088 1089 818
f 928 930 1091
f 1090 1091 930
f 929 686 931
f 686 692 931
f 931 692 933
f 692 1099 933
f 692 496 1099
f 1099 496 821
f 820 934 935
f 934 1098 935
f 1098 1242 935
f 935 1242 1100
f 935 1100 822
f 821 694 1243
f 694 823 936
f 823 824 938
f 824 939 938
f 824 825 939
f 939 827 940
f 937 1385 942
f 1247 940 941
f 937 942 499
f 941 828 1101
f 828 697 943
f 1250 943 697
f 1105 1103 1107
f 1107 945 1255
f 946 945 598
f 598 1256 946
f 703 1390 952
f 833 605 955
f 836 1111 957
f 532 975 1270
f 1273 1270 975
f 975 850 976
f 978 852 979
f 852 855 979
f 855 980 979
f 980 855 1127
f 855 981 1127
f 854 983 856
f 983 742 1131
f 624 1133 744
f 624 858 1133
f 1133 858 984
f 858 859 984
f 857 986 985
f 857 744 986
f 543 1433 1135
f 989 862 1287
f 749 631 991
f 862 632 1287
f 753 1289 752
f 1291 993 1600
f 993 1291 994
f 1600 864 1453
f 1138 1294 1141
f 1453 866 1139
f 996 1138 997
f 1138 1141 997
f 1297 996 868
f 996 997 868
f 633 755 1139
f 1297 868 869
f 997 1141 998
f 998 1146 1002
f 869 871 1000
f 1002 1146 1148
f 1002 1148 1007
f 1002 1007 1010
f 1010 1007 1009
f 1008 1000 1308
f 1003 1147 634
f 1308 1000 1011
f 1003 634 873
f 1004 872 1005
f 1308 1011 1153
f 1011 877 1153
f 1151 873 762
f 877 1018 1153
f 878 1012 1016
f 878 1016 1015
f 1019 889 1028
f 889 1032 1028
f 1027 1028 1032
f 1033 890 1034
f 1036 893 895
f 895 896 1037
f 1164 1166 893
f 897 782 1039
f 782 1041 1039
f 898 1040 1043
f 900 901 1041
f 1043 1040 1176
f 1177 1178 1047
f 1178 1332 1049
f 1043 1176 1042
f 1046 1177 1047
f 1049 1179 1050
f 1043 5485 1048
f 1042 902 5485
f 1042 5485 1043
f 1047 1178 1049
f 1184 1048 1188
f 1048 5485 1188
f 1046 1059 1057
f 1046 1047 1059
f 1049 1050 906
f 5485 787 1188
f 787 1054 1188
f 1059 1047 905
f 906 1050 1058
f 1050 1052 1058
f 1056 1507 1340
f 1057 1059 1197
f 1060 1058 1198
f 1197 1059 1202
f 1059 905 1202
f 1193 790 908
f 1060 1198 911
f 905 911 1202
f 1202 911 1062
f 1065 803 1213
f 797 1353 917
f 797 798 1353
f 802 1070 1066
f 918 1069 1068
f 918 917 1069
f 919 1068 1071
f 919 918 1068
f 921 919 1071
f 921 1071 1072
f 1070 922 1073
f 922 924 1073
f 810 1072 1218
f 1221 812 1223
f 812 1539 1223
f 1539 682 1082
f 925 929 1229
f 1082 816 1225
f 816 1083 1225
f 588 685 1227
f 926 1085 1084
f 1229 929 1093
f 1091 1086 928
f 929 931 1093
f 931 1237 1093
f 1237 931 933
f 1239 1096 934
f 1096 1240 1098
f 1099 1380 933
f 1095 1238 820
f 934 1096 1098
f 1240 1097 1098
f 1238 934 820
f 1098 1097 1242
f 938 939 1246
f 1246 939 940
f 1246 940 1247
f 1247 941 1101
f 1385 1386 942
f 828 943 1101
f 942 1386 1102
f 1250 697 1103
f 1252 1103 1105
f 1254 1105 1107
f 830 1106 1718
f 1254 1107 1255
f 830 1718 1559
f 1255 945 1720
f 1560 946 1256
f 831 706 953
f 953 957 1111
f 605 711 955
f 955 711 1722
f 711 532 1722
f 959 1112 1262
f 1722 532 1852
f 532 1270 1852
f 1118 969 1124
f 975 976 1273
f 1126 978 1274
f 978 979 1274
f 979 980 1274
f 981 1278 1127
f 981 853 1278
f 853 982 1128
f 853 1128 1278
f 982 856 1128
f 984 859 1129
f 859 860 1129
f 985 1132 1131
f 985 986 1132
f 744 1133 986
f 860 987 1134
f 987 747 1284
f 747 988 1432
f 988 1285 1432
f 1135 1433 1434
f 1436 1135 1434
f 1590 991 1984
f 749 991 1440
f 1440 991 1590
f 1289 749 1440
f 1443 1290 1291
f 1137 994 1136
f 1293 996 1451
f 996 1293 1138
f 1293 1294 1138
f 996 1297 1451
f 1139 756 1603
f 1603 756 1300
f 1141 1143 998
f 1300 756 759
f 998 1143 1145
f 759 1147 1302
f 1464 1299 1000
f 1299 869 1000
f 1004 1005 1466
f 1003 873 1149
f 1307 1010 1009
f 873 1151 1149
f 1151 1017 1150
f 1150 1017 1152
f 1150 1152 1310
f 1015 1016 1157
f 1153 1018 1159
f 1017 1021 1154
f 1021 1023 1154
f 1019 1028 1159
f 1028 1027 1479
f 1028 1479 1159
f 1479 1027 1480
f 1161 1034 1162
f 1034 890 1163
f 1318 1164 1036
f 1318 1167 1164
f 1164 1167 1166
f 1036 1037 1165
f 1036 1164 893
f 1167 1169 1166
f 1036 895 1037
f 1167 1168 1169
f 1168 1319 1321
f 1168 1321 1169
f 1166 1169 894
f 894 1169 1326
f 1169 1321 1326
f 896 1322 1037
f 894 1326 1040
f 1327 1170 1172
f 1172 1039 1173
f 1174 1172 1173
f 1039 1041 1175
f 1039 1175 1173
f 1174 1173 1175
f 1040 1180 1176
f 1182 1331 1177
f 1177 1489 1178
f 1489 1332 1178
f 1334 1174 1179
f 1174 1175 1179
f 1332 1334 1179
f 1041 901 1175
f 1175 901 1181
f 1179 1175 1181
f 1177 1046 1182
f 1337 1499 1183
f 1182 1046 1336
f 901 1184 1181
f 1181 1184 1052
f 1500 1336 1057
f 1336 1046 1057
f 1184 1188 1052
f 1052 1188 1187
f 1500 1057 1196
f 1052 1187 1058
f 1187 1188 1192
f 1188 1054 1192
f 1339 903 1505
f 1198 1058 1187
f 790 1193 1054
f 1054 1193 1192
f 1057 1197 1196
f 1191 1192 1199
f 1192 1193 1199
f 792 909 908
f 1347 1196 1197
f 911 1198 1344
f 1197 1202 1347
f 1347 1202 1352
f 1062 911 1344
f 1202 1062 1352
f 1352 1062 1203
f 1201 1063 1204
f 917 1206 1069
f 798 1066 1353
f 1066 1070 1073
f 1071 1068 1210
f 1068 1069 1210
f 1067 1216 1358
f 1073 924 1356
f 1220 810 1218
f 924 1362 1356
f 1077 1220 1361
f 924 925 1362
f 1227 685 1079
f 1229 1364 1224
f 1225 1083 1365
f 1365 1083 1366
f 1083 1084 1226
f 1083 1226 1366
f 1085 588 1227
f 1229 1093 1377
f 1374 1234 1240
f 1374 1240 1233
f 1233 1239 1376
f 1233 1240 1096
f 1376 1239 1238
f 1239 1233 1096
f 1234 1236 1240
f 1235 1238 1095
f 933 1708 1237
f 1236 1378 1241
f 1240 1236 1097
f 1097 1236 1241
f 933 1380 1708
f 1708 1380 1552
f 1097 1241 1242
f 1380 1099 1381
f 1100 1242 1244
f 1100 1244 1383
f 936 823 1245
f 823 938 1245
f 1245 938 1246
f 937 1383 1385
f 1247 1101 1555
f 1102 1386 1248
f 1555 943 1249
f 943 1250 1249
f 1250 1103 1252
f 1106 1717 1718
f 945 946 1720
f 949 952 1844
f 831 953 1975
f 953 1111 1563
f 976 1412 1273
f 976 1126 1412
f 1274 980 1417
f 1417 980 1127
f 977 733 1579
f 1278 1128 1277
f 1277 1128 1424
f 1128 856 1424
f 856 983 1424
f 983 1131 1426
f 984 1281 1280
f 984 1129 1282
f 984 1282 1281
f 1131 1132 1586
f 1132 986 1279
f 986 1280 1279
f 986 1133 1280
f 860 1134 1428
f 1134 987 1430
f 987 1284 1430
f 1284 747 1431
f 990 1135 1286
f 1287 632 1288
f 632 751 1288
f 751 992 1592
f 752 1289 1439
f 1447 1443 1291
f 1136 1290 1446
f 1292 1444 1445
f 1291 1600 1447
f 1756 1293 1451
f 1756 1292 1293
f 1292 1445 1293
f 1445 1448 1293
f 1293 1448 1294
f 1294 1448 1295
f 1460 1297 1299
f 1295 1454 1143
f 1297 869 1299
f 1143 1454 1298
f 1140 1142 1456
f 759 1302 1300
f 1460 1299 1464
f 1302 1147 1306
f 1000 1008 1464
f 1003 1149 1306
f 1149 1150 1468
f 1308 1153 1313
f 1313 1153 1159
f 1152 1154 1155
f 1480 1027 1161
f 1027 1032 1161
f 1161 1162 1160
f 1165 1037 1322
f 1321 1325 1326
f 1326 1325 1329
f 1038 1171 1324
f 1329 1325 1330
f 1171 1328 1324
f 1489 1645 1332
f 1327 1172 1491
f 1491 1172 1174
f 1333 1491 1174
f 1040 1329 1496
f 1329 1330 1496
f 1488 1331 1182
f 1488 1182 1335
f 1040 1496 1180
f 1496 1330 1494
f 1495 1335 1336
f 1335 1182 1336
f 1180 1496 1337
f 1496 1498 1499
f 1496 1499 1337
f 1504 1500 1196
f 1504 1196 1342
f 1187 1192 1191
f 1342 1196 1347
f 1187 1516 1198
f 1187 1191 1516
f 1191 1199 1511
f 1193 1341 1510
f 1193 908 1341
f 908 1194 1341
f 1199 1510 1511
f 1342 1347 1346
f 1344 1198 1516
f 1516 1191 1511
f 1344 1516 1522
f 1347 1352 1515
f 1515 1352 1525
f 1525 1352 1203
f 1203 1062 1521
f 1062 1344 1521
f 1205 1209 1348
f 1206 1353 1518
f 1210 1350 1349
f 1069 1350 1210
f 1066 1073 1520
f 1073 1526 1520
f 1067 1358 1217
f 1073 1356 1526
f 1216 1074 1355
f 1221 1223 1360
f 1360 1223 1539
f 1539 1082 1225
f 1539 1225 1690
f 1362 1224 1364
f 1541 1535 1363
f 1225 1365 1540
f 1543 1541 1368
f 1541 1363 1370
f 1363 1544 1370
f 1368 1541 1370
f 1084 1085 1226
f 1364 1229 1369
f 1542 1543 1546
f 1543 1368 1546
f 1229 1377 1369
f 1087 1086 1371
f 1375 1370 1544
f 1373 1546 1374
f 1374 1546 1234
f 1546 1368 1234
f 1368 1370 1236
f 1703 1373 1233
f 1370 1375 1236
f 1374 1233 1373
f 1548 1233 1376
f 1236 1375 1378
f 1376 1235 1550
f 1238 1235 1376
f 1378 1551 1379
f 1378 1379 1241
f 1242 1241 1244
f 1241 1379 1244
f 1381 821 1243
f 1243 1382 1381
f 1383 1244 1713
f 1382 936 1384
f 936 1245 1384
f 1245 1246 1554
f 1383 1713 1385
f 1246 1555 1554
f 1246 1247 1555
f 1250 1252 1716
f 1251 1102 1253
f 1253 1558 1106
f 1254 1255 1720
f 1108 1387 1257
f 1560 1256 949
f 952 1390 1846
f 1846 1390 1849
f 1390 831 1975
f 1111 1391 1563
f 1270 1273 1731
f 1126 1274 1406
f 1406 1274 1416
f 1416 1274 1417
f 1417 1275 1418
f 1417 1127 1275
f 1127 1276 1275
f 1275 1276 1422
f 1276 1423 1422
f 1276 1277 1423
f 1277 1424 1423
f 1279 1280 1427
f 1280 1281 1427
f 1282 1129 1428
f 1283 1130 1589
f 1586 1132 1279
f 1428 1134 1429
f 1429 1134 1588
f 1134 1430 1588
f 1437 1287 1749
f 991 1286 1984
f 1287 1288 1438
f 1439 1289 1440
f 751 1592 1288
f 752 1439 1441
f 992 752 1592
f 752 1441 1592
f 1869 1987 1443
f 1987 1593 1443
f 1869 1443 1447
f 1443 1593 1290
f 1290 1593 1596
f 1442 1597 1444
f 1870 1442 1444
f 1870 1444 1292
f 1445 1444 1448
f 1448 1599 1295
f 1599 1452 1295
f 1451 1297 1762
f 1452 1605 1454
f 1296 1455 1456
f 1456 1455 1457
f 1305 1304 1462
f 1008 1615 1464
f 1615 1008 1622
f 1008 1308 1622
f 1468 1150 1620
f 1308 1313 1622
f 1150 1310 1620
f 1620 1311 1618
f 1311 1309 1618
f 1313 1159 1625
f 1625 1159 1477
f 1159 1479 1477
f 1479 1480 1628
f 1480 1317 1629
f 1779 1630 1632
f 1036 1165 1481
f 1481 1165 1636
f 1320 1323 1484
f 1320 1484 1643
f 1323 1487 1484
f 1486 1485 1648
f 1647 1640 1488
f 1323 1324 1487
f 1647 1488 1652
f 1640 1642 1488
f 1331 1645 1489
f 1486 1648 1651
f 1652 1488 1335
f 1488 1642 1331
f 1331 1489 1177
f 1493 1333 1334
f 1490 1491 1333
f 1491 1795 1328
f 1652 1335 1654
f 1654 1335 1495
f 1654 1495 1497
f 1496 1656 1498
f 1497 1495 1658
f 1495 1336 1500
f 1658 1495 1500
f 1658 1500 1504
f 1664 1190 1509
f 1504 1342 1662
f 1662 1342 1667
f 1341 1194 1506
f 1523 1511 1517
f 1511 1510 1517
f 1346 1347 1515
f 1346 1515 1673
f 1516 1511 1523
f 1523 1517 1519
f 1349 1350 1512
f 1350 1351 1512
f 1521 1344 1522
f 1521 1522 1675
f 1522 1516 1529
f 1353 1066 1520
f 1353 1520 1518
f 1203 1521 1525
f 1525 1521 1681
f 1529 1523 1528
f 1523 1519 1528
f 1522 1529 1679
f 1679 1529 1530
f 1529 1528 1531
f 1356 1532 1526
f 1679 1530 1683
f 1530 1529 1531
f 1683 1530 1538
f 1532 1356 1362
f 1530 1531 1538
f 1531 1689 1538
f 1685 1535 1541
f 1535 1683 1363
f 1683 1538 1698
f 1683 1698 1363
f 1685 1541 1543
f 1363 1698 1544
f 1693 1685 1543
f 1544 1698 1830
f 1544 1830 1704
f 1693 1543 1542
f 1545 1542 1546
f 1364 1369 1699
f 1545 1546 1703
f 1375 1544 1704
f 1703 1546 1373
f 1377 1706 1369
f 1548 1703 1233
f 1377 1237 1706
f 1375 1704 1707
f 1375 1707 1551
f 1237 1708 1706
f 1378 1375 1551
f 1552 1380 1553
f 1380 1381 1553
f 1244 1379 1838
f 1384 1554 1712
f 1554 1555 1712
f 1385 1713 1839
f 1386 1715 1248
f 1249 1250 1716
f 1248 1556 1557
f 1102 1557 1253
f 1253 1557 1558
f 1252 1105 1969
f 1105 1254 1969
f 2083 1254 1720
f 1559 1972 1387
f 949 1561 1560
f 1561 949 1844
f 1844 952 1846
f 1390 1975 1849
f 1563 1391 1976
f 1391 1394 1724
f 1391 1724 1976
f 1394 1567 1723
f 1569 1406 1407
f 1421 1424 1583
f 1583 1426 1586
f 1582 1282 1425
f 1279 1427 1745
f 1429 1588 1587
f 1430 1431 1748
f 1431 1432 1981
f 1435 1437 1432
f 1287 1438 1749
f 1438 1288 1591
f 1987 1753 1593
f 1593 1753 1594
f 1868 1595 1870
f 1595 1754 1442
f 1754 1752 1442
f 1442 1752 1597
f 1593 1594 1596
f 1870 1595 1442
f 1597 1990 1444
f 1444 1990 1599
f 1874 1292 1756
f 1877 1447 1757
f 1756 1451 1755
f 1447 1600 1757
f 1762 1755 1451
f 1600 1453 1760
f 1896 1460 2013
f 1459 1605 1458
f 2013 1460 2016
f 1300 1302 1461
f 1460 1464 1901
f 1901 1464 1615
f 1466 1463 1617
f 1614 1468 1616
f 1468 1620 1616
f 1618 1470 1617
f 1471 1621 1619
f 1475 1472 1471
f 1313 1625 1623
f 1625 1477 1775
f 1775 1477 1628
f 1477 1479 1628
f 1777 1630 1779
f 1632 1630 1634
f 1630 1631 1634
f 1919 1779 1633
f 1779 1632 1633
f 1631 1635 1634
f 1633 1632 1637
f 1632 1634 1637
f 1635 1780 1639
f 1481 1636 1783
f 1634 1635 1641
f 1635 1638 1641
f 1635 1639 1638
f 1639 1782 1640
f 1637 1634 1789
f 1634 1641 1789
f 1782 1642 1640
f 1320 1643 1636
f 1319 1483 1644
f 1319 1644 1788
f 1641 1638 1646
f 1638 1639 1647
f 1639 1640 1647
f 1785 1645 1642
f 1638 1647 1646
f 1642 1645 1331
f 1927 1493 1645
f 1484 1487 1792
f 1792 1487 1650
f 1937 1646 1653
f 1646 1647 1653
f 1653 1647 1652
f 1487 1492 1650
f 1649 1650 1492
f 1653 1652 1940
f 1652 1654 1940
f 1654 1497 1655
f 1940 1654 1655
f 1498 1656 1657
f 1506 1663 1666
f 1667 1342 1346
f 1667 1346 2178
f 1671 1518 1672
f 1673 1515 1814
f 1524 1527 1812
f 1515 1674 1814
f 1515 1525 1674
f 1674 1525 1677
f 1525 1681 1677
f 1681 1521 1675
f 1675 1522 1679
f 1528 1519 2065
f 1675 1679 1681
f 1681 1679 1683
f 1528 2065 1686
f 1526 1532 1527
f 1527 1532 1680
f 1817 1681 1683
f 1531 1528 1686
f 1532 1688 1680
f 1685 1817 1535
f 1817 1683 1535
f 1693 1816 1685
f 1690 1540 1536
f 1540 1696 1691
f 1540 1366 1696
f 1953 1703 1548
f 1704 1830 2075
f 1835 1705 1549
f 1549 1705 1550
f 1369 1706 1836
f 1704 2075 1707
f 1709 1551 1707
f 1381 1710 1965
f 1379 1711 1838
f 1710 1384 1837
f 1837 1384 1712
f 1712 1555 1714
f 1555 1249 1714
f 1966 1249 2300
f 1249 1716 2300
f 1716 1252 1842
f 1842 1252 1969
f 2083 1720 1719
f 946 1560 1720
f 2198 1720 1560
f 1387 1843 1257
f 1975 953 1563
f 1563 1976 2087
f 1569 1572 1728
f 1742 1583 1743
f 1583 1745 1743
f 1581 1585 1582
f 1425 1587 1746
f 1130 1579 2091
f 1743 1745 1584
f 1585 1581 1584
f 1588 1747 1587
f 1588 1748 1747
f 1431 1862 1748
f 861 1589 2418
f 1434 861 2418
f 1439 1440 1865
f 1865 1440 1590
f 1288 1592 1591
f 1592 1441 1750
f 1439 2217 1441
f 2217 1439 1865
f 1871 1870 1874
f 1870 1292 1874
f 1869 1447 1877
f 1876 1756 1755
f 1599 1990 1758
f 1757 1600 1760
f 1881 1757 1760
f 1879 1755 1890
f 1755 1762 1890
f 1453 1603 1760
f 1605 1761 1764
f 1603 2003 1895
f 1610 1606 1897
f 1896 2013 2006
f 1608 1607 1894
f 2003 1300 1766
f 1300 1461 1766
f 1460 1901 2016
f 1461 1614 1899
f 1901 1615 1903
f 1615 1622 1903
f 1903 1622 1907
f 1907 1622 1771
f 1622 1313 1771
f 1771 1313 1772
f 1313 1623 1772
f 1772 1623 1773
f 1773 1623 1774
f 1623 1625 1774
f 1774 1625 1775
f 1912 1626 1776
f 1626 1627 1776
f 1916 1914 1630
f 1777 1916 1630
f 1630 1914 1631
f 1914 1778 1631
f 1919 1777 1779
f 1778 1780 1631
f 1778 1918 1780
f 1780 1918 1782
f 1781 1919 1633
f 1635 1631 1780
f 1918 1920 1782
f 1781 1633 1784
f 1639 1780 1782
f 1782 1920 1785
f 1932 1784 1933
f 1633 1637 1784
f 1784 1637 1933
f 1636 1786 1783
f 1788 2166 1926
f 1782 1785 1642
f 1785 1921 1927
f 1636 1643 1786
f 1786 1643 1934
f 1933 1637 1789
f 1644 2043 1788
f 1933 1789 1794
f 1789 1641 1794
f 1641 1646 1794
f 1928 1929 1791
f 1484 1792 1643
f 1792 1650 1796
f 1794 1646 1937
f 1649 1796 1650
f 1653 1938 1937
f 1653 1940 1938
f 1940 1655 1798
f 1655 1497 1798
f 1942 1798 1497
f 1504 1662 1943
f 1504 1943 1658
f 1666 1663 1801
f 1666 1801 1803
f 1801 1944 1803
f 1506 1666 1670
f 1670 1666 1803
f 1346 1673 1945
f 1346 1945 2178
f 1524 1810 1672
f 1673 2063 1945
f 1673 1814 2063
f 1677 1681 1817
f 1678 1680 1818
f 1816 1817 1685
f 1680 1688 1818
f 1816 1693 1949
f 1949 1693 1821
f 1818 1688 1826
f 1689 2067 1951
f 1688 1695 1826
f 1693 1542 1821
f 1695 1699 1826
f 1371 1547 1956
f 1954 1953 1548
f 1954 1548 1961
f 1706 1708 1962
f 1707 1964 1709
f 1381 1965 1553
f 1965 1710 1837
f 1379 1551 1711
f 2405 1837 1712
f 1714 1841 1712
f 1713 1838 1839
f 1839 1838 1840
f 1839 1840 1715
f 1714 1249 1966
f 2300 1716 1968
f 1716 1842 1968
f 1561 1844 2302
f 1976 1724 1850
f 1724 1723 1851
f 1270 1731 1852
f 2418 1589 2093
f 1981 1432 2094
f 1982 1434 2418
f 1432 1437 2094
f 1437 1749 1983
f 1590 2099 1865
f 1591 1592 1864
f 1595 1985 1754
f 1985 1752 1754
f 1987 2105 1753
f 1866 1868 1867
f 1752 1988 1597
f 1989 1987 1869
f 1751 1866 1871
f 1751 1871 1753
f 1866 1867 1871
f 1871 1867 1870
f 1867 1868 1870
f 1753 1871 1872
f 1872 1871 1874
f 1873 1872 1874
f 1873 1874 1875
f 1875 1874 1876
f 1874 1756 1876
f 1598 1875 1878
f 1878 1875 1876
f 1883 1878 1879
f 1878 1876 1879
f 1876 1755 1879
f 1883 1879 1884
f 1759 1758 1880
f 1759 1880 1882
f 1883 1884 1886
f 1879 1890 1884
f 1886 1884 1887
f 1887 1884 1890
f 1889 1761 1882
f 1891 1601 1886
f 1891 1886 1999
f 1886 1887 1999
f 1891 1999 1893
f 1450 1891 1893
f 1887 1890 2006
f 2006 1890 1896
f 2016 1901 1903
f 1614 1769 1899
f 1769 1902 1899
f 1907 1771 1908
f 1908 1771 1909
f 1771 1772 1909
f 1909 1772 1773
f 1774 1775 1910
f 1775 1912 1910
f 1913 1915 1914
f 1915 2035 1914
f 2035 1917 1778
f 1918 2037 1920
f 1919 1781 2036
f 1781 1784 2039
f 2036 1781 2039
f 1922 1783 1924
f 1784 1932 2039
f 1921 1923 1927
f 1783 1786 1924
f 1927 1923 1928
f 1791 1929 1935
f 1790 1793 2045
f 1933 1794 2050
f 1643 1792 1934
f 1792 1796 1934
f 1794 1937 2050
f 2050 1937 1938
f 1941 1798 1942
f 1497 1658 1943
f 1497 1943 1942
f 2176 1943 1662
f 2178 1662 1667
f 1803 2055 1670
f 1803 1944 2055
f 1670 2055 2056
f 1670 2056 2057
f 1670 2057 1946
f 1674 1947 1814
f 1674 1677 1947
f 1677 1948 1947
f 1677 1817 1948
f 1948 1817 2066
f 1817 1816 2066
f 1816 1949 2066
f 1686 2065 2183
f 1821 1542 1950
f 1963 1836 1962
f 1836 1706 1962
f 1962 1708 2079
f 1707 2075 1964
f 1552 1553 2079
f 1709 1964 2406
f 1553 1965 2195
f 1711 1709 2081
f 1709 2406 2081
f 1711 1840 1838
f 1841 1714 1966
f 1715 1840 2082
f 1715 2082 1967
f 1556 1248 2409
f 1969 1254 2083
f 1720 2198 1719
f 1560 1561 2198
f 2198 1561 2302
f 1844 1846 2085
f 2085 1846 2200
f 1849 1975 2413
f 1563 2087 1975
f 1724 2089 1850
f 1437 1983 2094
f 1749 1438 2096
f 1984 1286 2097
f 1590 2212 2099
f 1590 1984 2212
f 1438 1591 2098
f 1865 2215 2218
f 1865 2099 2215
f 1591 1864 2098
f 2217 1865 2218
f 1592 1750 1864
f 1750 1441 2316
f 2316 1441 2217
f 2101 2103 1985
f 1751 2102 1866
f 1866 2102 1868
f 2102 1986 1868
f 1985 1595 1986
f 1985 2103 1752
f 2103 1988 1752
f 2219 1753 2105
f 2219 1751 1753
f 2105 1987 1989
f 1877 1989 1869
f 1885 1889 2116
f 2120 1881 1760
f 1888 1885 1993
f 1995 1888 1993
f 1760 1603 1997
f 1997 1603 1895
f 1998 1892 1994
f 1994 1892 1888
f 2000 2122 2001
f 2122 1996 2001
f 1996 2002 2001
f 2129 1999 2005
f 1999 1887 2005
f 1887 2006 2005
f 1898 1894 1998
f 2000 2001 2131
f 1897 1893 2004
f 2004 1893 2129
f 2131 2001 2130
f 2001 2009 2130
f 2001 2002 2010
f 2001 2010 2009
f 2002 2142 2010
f 2011 2005 2006
f 2011 2006 2013
f 2130 2009 2012
f 2010 2142 2015
f 2009 2010 2012
f 2012 2010 2018
f 2010 2015 2018
f 2011 2013 2141
f 2012 2018 2017
f 2141 2013 2016
f 2015 2142 2145
f 1766 1899 2139
f 2017 2018 2020
f 2018 2015 2021
f 2015 2145 2021
f 1899 1900 2139
f 2016 1903 2019
f 2020 2018 2021
f 2019 1903 2023
f 2020 2021 2022
f 2021 2145 2024
f 2021 1905 2022
f 1903 1907 2023
f 2022 1905 2152
f 1905 2024 2027
f 1905 2027 2152
f 2024 2145 2155
f 1907 1908 2025
f 1907 2025 2023
f 2027 2024 2029
f 2024 2155 2029
f 2152 2027 2154
f 1908 2028 2025
f 1908 1909 2028
f 2027 2029 2154
f 2154 2029 2156
f 2156 2029 2032
f 1909 1910 2030
f 1910 1911 2031
f 1911 1624 2031
f 1916 1777 2268
f 1777 1919 2160
f 1921 2038 1923
f 2039 1932 2163
f 1924 1786 2040
f 1786 1934 2040
f 1934 2049 2040
f 1788 2043 2166
f 1932 1933 2044
f 1934 1796 2048
f 1934 2048 2049
f 1933 2050 2044
f 2050 1938 2173
f 1938 1940 2051
f 2051 1940 1941
f 1940 1798 1941
f 1942 1943 2174
f 2174 1943 2176
f 1662 2178 2176
f 2056 2055 2058
f 2058 2055 2062
f 2057 2058 2059
f 2058 2062 2059
f 2061 1946 2057
f 2061 2057 2179
f 1814 1947 2180
f 1947 2182 2180
f 2182 1947 1948
f 2285 1948 2066
f 2288 2064 1949
f 2288 1949 1821
f 1951 2068 2069
f 1830 2069 2190
f 1830 2190 2075
f 1831 1963 2077
f 2075 2190 2299
f 1964 2299 2406
f 2195 1965 2080
f 1965 1837 2080
f 2080 1837 2405
f 2405 1712 1841
f 1711 2081 1840
f 1248 1967 2409
f 1556 2409 2197
f 1719 2198 2626
f 2302 1844 2085
f 1846 1849 2200
f 1849 2413 2200
f 1975 2087 2413
f 1976 1850 2087
f 1725 2201 1851
f 1725 2202 2201
f 1979 1862 2092
f 2093 1980 2509
f 1863 1981 2094
f 2095 1436 1982
f 1983 1749 2309
f 2096 1438 2209
f 1438 2098 2209
f 2213 2208 2101
f 2101 2208 2103
f 2208 2214 2103
f 2103 2214 2104
f 2216 1986 2102
f 2103 2104 1988
f 1751 2219 2102
f 2427 2105 1989
f 1881 2120 2113
f 5486 2119 1996
f 2119 2231 1996
f 2120 1760 1997
f 1995 1993 2227
f 2232 5486 2122
f 5486 1996 2122
f 1996 2231 2002
f 2231 2328 2002
f 2232 2122 2123
f 2122 2000 2123
f 2123 2000 2125
f 1997 1895 2124
f 2124 1895 2138
f 1895 2003 2138
f 2004 2129 2128
f 2000 2131 2241
f 2002 2240 2142
f 2005 2011 2129
f 2129 2011 2246
f 2128 2129 2246
f 2131 2130 2132
f 2130 2012 2132
f 2132 2012 2137
f 2142 2240 2143
f 2012 2017 2137
f 2138 1766 2139
f 2142 2143 2145
f 2139 1900 2140
f 2016 2019 2144
f 2016 2144 2141
f 2144 2019 2146
f 2145 2143 2260
f 2019 2023 2146
f 2020 2022 2149
f 2023 2151 2146
f 2145 2260 2153
f 2023 2025 2151
f 2149 2022 2152
f 2025 2026 2151
f 2145 2153 2155
f 2155 2153 2157
f 2155 2157 2029
f 2029 2157 2032
f 2156 2032 2158
f 2158 2032 2263
f 2263 2032 2159
f 2032 2157 2159
f 2263 2159 2264
f 2159 2157 2265
f 2264 2159 2266
f 1777 2160 2268
f 2036 2273 2160
f 2036 2039 2273
f 2161 2039 2163
f 2163 1932 2463
f 2043 2046 2166
f 2166 2046 2274
f 1932 2044 2463
f 2044 2050 2171
f 2050 2173 2171
f 1938 2051 2173
f 1941 1942 2174
f 2175 2053 2374
f 2178 2470 2176
f 2059 2062 2181
f 2062 2060 2181
f 2063 1814 2375
f 1814 2180 2375
f 1948 2285 2182
f 2065 2061 2286
f 2066 2064 2285
f 2183 2065 2377
f 2291 2184 1950
f 2387 2291 1953
f 1951 2067 2185
f 2394 2387 1953
f 1953 1954 2394
f 2189 2071 2296
f 2190 2188 2191
f 2078 2079 2194
f 2079 1553 2195
f 2079 2195 2194
f 2195 2080 2196
f 2405 1841 1966
f 1966 2300 2619
f 2624 2083 1719
f 2085 2200 2303
f 1850 2089 2306
f 2089 1851 2201
f 2202 1978 2203
f 2203 1978 2416
f 1978 2092 2416
f 2094 1983 2417
f 2097 2095 2205
f 2205 2095 2310
f 2097 2205 2210
f 2210 2205 2207
f 2207 2205 2208
f 2205 2206 2208
f 2096 2209 2311
f 1984 2097 2210
f 2208 2206 2214
f 2212 1984 2210
f 2210 2207 2213
f 2210 2213 2212
f 2207 2208 2213
f 2099 2212 2216
f 2212 2100 2216
f 2212 2213 2100
f 2213 2101 2100
f 2098 1864 2211
f 1864 1750 2315
f 1750 2316 2315
f 2215 2102 2219
f 2216 2102 2099
f 2215 2099 2102
f 2214 2319 2220
f 2219 2105 2318
f 1989 1877 2429
f 2429 1877 2321
f 2108 2224 2223
f 2108 2221 2224
f 2110 2323 2221
f 2221 2323 2325
f 2224 2221 2226
f 2221 2325 2226
f 1881 2113 2222
f 2111 2223 2114
f 2114 2223 2225
f 2223 2224 2225
f 2224 2226 2225
f 2226 2325 2231
f 2225 2226 2231
f 2114 2225 2228
f 2228 2225 2327
f 2227 2117 2228
f 2119 2230 2225
f 2327 2225 2230
f 2118 2227 2229
f 5486 2232 2230
f 2120 1997 2124
f 2121 2118 2234
f 2002 2328 2335
f 2232 2123 2235
f 2235 2123 2125
f 2002 2335 2240
f 2126 2138 2333
f 2138 2133 2333
f 2127 2128 2342
f 2241 2131 2247
f 2131 2132 2247
f 2132 2137 2247
f 2136 2134 2127
f 2136 2127 2244
f 2244 2127 2342
f 2128 2245 2342
f 2128 2246 2245
f 2244 2342 2250
f 2011 2251 2246
f 2245 2246 2251
f 2133 2139 2243
f 2011 2141 2251
f 2137 2017 2249
f 2139 5487 2243
f 2251 2141 2345
f 2141 2254 2345
f 2256 2250 2257
f 2141 2144 2254
f 2017 2020 2258
f 2017 2258 2249
f 2256 2257 2350
f 2146 2147 2144
f 2020 2149 2258
f 2149 2152 2353
f 2353 2152 2154
f 2353 2154 2355
f 2355 2154 2357
f 2357 2154 2156
f 2261 2358 2262
f 2156 2158 2360
f 2158 2263 2360
f 2360 2263 2455
f 2455 2263 2264
f 2159 2265 2266
f 2266 2265 2362
f 2264 2266 2267
f 2266 2362 2267
f 2268 2160 2269
f 2160 2273 2575
f 2575 2273 2726
f 2039 2161 2273
f 2161 2163 2275
f 2163 2463 2275
f 2274 2170 2369
f 2044 2171 2463
f 2171 2173 2467
f 2173 2051 2278
f 2051 1941 2278
f 1941 2174 2278
f 2278 2174 2279
f 2174 2176 2279
f 2175 2374 2054
f 2279 2176 2469
f 2177 2280 2281
f 2178 1945 2884
f 2281 2280 2060
f 1945 2063 2884
f 2059 2181 2179
f 2179 2181 2283
f 2179 2283 2282
f 2060 2280 2284
f 2180 2182 2471
f 2180 2471 2375
f 2061 2179 2286
f 2179 2282 2286
f 2181 2060 2284
f 2182 2285 2471
f 2181 2284 2283
f 2282 2283 2287
f 2282 2287 2378
f 2283 2284 2287
f 2287 2284 2289
f 2287 2289 2290
f 2377 2382 2185
f 2393 2290 2292
f 2394 2074 2295
f 2070 2189 2599
f 2188 2479 2601
f 2076 2402 2296
f 2076 2192 2297
f 1840 2407 2082
f 1967 2082 2620
f 2300 1968 2408
f 1968 1842 2408
f 2408 1842 1969
f 1969 2083 2779
f 2087 1850 2306
f 2417 1983 2308
f 2205 2310 2206
f 2206 2424 2214
f 2311 2209 2312
f 2209 2211 2312
f 2211 1864 2313
f 1864 2315 2313
f 2217 2317 2316
f 2217 2218 2317
f 2317 2218 2215
f 2427 1989 2429
f 2320 2319 2430
f 2322 2109 2320
f 2322 2320 2323
f 2320 2430 2323
f 2323 2430 2325
f 2328 2325 2530
f 2227 2228 2326
f 2227 2326 2229
f 2228 2327 2326
f 2327 2230 2329
f 2230 2233 2329
f 2329 2233 2330
f 2330 2239 2332
f 2237 2532 2336
f 2333 2339 2334
f 2239 2247 2338
f 2339 2244 2438
f 2242 2337 2340
f 2244 2344 2438
f 2252 2242 2341
f 2338 2249 2343
f 2245 2251 2345
f 2250 2440 2244
f 2344 2244 2440
f 2342 2245 5488
f 2245 2345 5488
f 2250 2256 2440
f 2342 5488 2348
f 2249 2349 2343
f 2249 2258 2349
f 2348 2442 2350
f 2258 2149 2446
f 2258 2446 2349
f 2350 2442 2445
f 2149 2353 2446
f 2350 2445 2449
f 2355 2357 2356
f 2156 2360 2357
f 2356 2357 2359
f 2359 2357 2360
f 2359 2360 2455
f 2455 2264 2363
f 2264 2267 2363
f 2363 2267 2364
f 2267 2362 2364
f 2362 2457 2721
f 2364 2362 2721
f 2273 2161 2726
f 2161 2275 2576
f 2274 2369 2367
f 2275 2463 2729
f 2278 2279 2585
f 2280 2590 2376
f 2471 2285 2472
f 2285 2064 2472
f 2377 2286 2379
f 2282 2378 2286
f 2379 2286 2378
f 2378 2287 2383
f 2284 2376 2289
f 2382 2377 2380
f 2377 2379 2380
f 2380 2379 2381
f 2379 2378 2381
f 2378 2383 2381
f 2289 2376 2475
f 2287 2290 2383
f 2381 2383 2388
f 2289 2475 2385
f 2382 2380 2386
f 2380 2381 2386
f 2290 2384 2383
f 2388 2383 2384
f 2290 2289 2385
f 2382 2386 2389
f 2290 2393 2384
f 2386 2381 2391
f 2381 2388 2391
f 2385 2390 2292
f 2391 2388 2392
f 2388 2384 2392
f 2392 2384 2393
f 2387 2394 2595
f 2391 2392 2484
f 2392 2393 2395
f 2393 2292 2481
f 2393 2481 2395
f 2292 2390 2481
f 2293 2478 2479
f 2392 2395 2398
f 2487 2398 2399
f 2399 2398 2400
f 2398 2395 2400
f 2400 2395 2489
f 2189 2296 2488
f 2605 2191 2601
f 2399 2400 2401
f 2403 2194 2404
f 2194 2195 2404
f 2406 2299 2496
f 2081 2406 2407
f 2405 1966 2773
f 1966 2619 2617
f 2082 2499 2620
f 2619 2300 2408
f 2197 2621 2500
f 1969 2779 2408
f 2779 2083 2624
f 2302 2085 2411
f 2087 2306 2413
f 2089 2414 2306
f 2504 2306 2414
f 2201 2203 2414
f 2203 2415 2414
f 1982 2418 2204
f 2308 2309 2419
f 2095 1982 2204
f 2095 2204 2310
f 2309 2096 2419
f 2419 2096 2512
f 2096 2311 2420
f 2096 2420 2512
f 2512 2420 2515
f 2420 2311 2421
f 2515 2420 2421
f 2311 2312 2421
f 2421 2312 2422
f 2421 2422 2515
f 2312 2423 2422
f 2422 2423 2518
f 2312 2313 2423
f 2313 2517 2423
f 2313 2315 2517
f 2517 2315 2314
f 2315 2316 2425
f 2315 2425 2314
f 2316 2317 2425
f 2425 2317 2522
f 2317 2215 2522
f 2215 2318 2522
f 2522 2318 2427
f 2424 2426 2319
f 2426 2430 2319
f 2427 2429 2428
f 2321 2222 2431
f 2431 2222 2432
f 2222 2324 2432
f 2324 2433 2528
f 2324 2528 2432
f 2326 2327 2329
f 2326 2329 2659
f 2229 2326 2529
f 2329 2330 2434
f 2330 2332 2434
f 2331 2334 2531
f 2332 2533 2434
f 2334 2435 2531
f 2334 2339 2435
f 2339 2534 2435
f 2437 2337 2436
f 2337 2336 2436
f 2239 2338 2332
f 2340 2337 2437
f 2339 2438 2534
f 2332 2338 2538
f 2338 2343 2538
f 2345 2346 2540
f 2345 2540 2543
f 2343 2349 2538
f 5488 2543 2442
f 2442 2543 2443
f 2442 2443 2550
f 2442 2550 2445
f 2446 2353 2447
f 2449 2445 2560
f 2559 2449 2560
f 2447 2353 2450
f 2353 2355 2450
f 2355 2356 2450
f 2450 2356 2565
f 2356 2359 2565
f 2359 2568 2565
f 2568 2359 2455
f 2455 2363 2456
f 2363 2364 2456
f 2723 2458 2269
f 2724 2269 2160
f 2726 2161 2576
f 2367 2369 2372
f 2463 2171 2729
f 2729 2171 2578
f 2171 2467 2578
f 2373 2582 2583
f 2173 2278 2467
f 2278 2468 2467
f 2583 2584 2052
f 2052 2584 2374
f 2278 2585 2468
f 2374 2588 2177
f 2177 2588 2280
f 2280 2588 2589
f 2176 2470 2469
f 2280 2589 2590
f 2470 2178 2884
f 2063 2375 2884
f 2590 2739 2376
f 2376 2739 2473
f 2888 2472 2288
f 2376 2473 2475
f 2475 2473 2476
f 2592 2474 2184
f 2386 2391 2477
f 2389 2477 2478
f 2478 2477 2480
f 2477 2391 2480
f 2479 2478 2480
f 2480 2391 2484
f 2392 2398 2484
f 2484 2398 2487
f 2480 2484 2600
f 2395 2481 2596
f 2600 2484 2602
f 2602 2484 2487
f 2487 2399 2490
f 2602 2487 2490
f 2395 2596 2603
f 2489 2395 2603
f 2296 2402 2894
f 2402 2754 2894
f 2399 2401 2490
f 2402 2297 2754
f 2490 2401 2491
f 2297 2492 2754
f 2403 2404 2493
f 2080 2497 2767
f 2080 2405 2497
f 2407 2406 2498
f 2773 1966 2617
f 2301 2500 2623
f 2626 2198 2627
f 2198 2302 2627
f 2627 2302 2411
f 2085 2303 2411
f 2411 2303 2785
f 2303 2200 2502
f 2200 2413 2502
f 2502 2413 2503
f 2503 2413 2306
f 2787 2306 2504
f 2414 2415 2504
f 2203 2416 2415
f 2415 2416 2633
f 2416 2506 2633
f 1980 3066 2509
f 2307 2507 2506
f 2507 2417 2510
f 2508 2093 2509
f 2417 2308 2510
f 2510 2308 2511
f 2511 2640 2639
f 2308 2419 2511
f 2640 2511 2419
f 2640 2419 2512
f 2206 2638 2514
f 2640 2512 2513
f 2512 2515 2516
f 2422 2518 2515
f 2516 2515 2520
f 2515 2518 2520
f 2423 2517 2518
f 2518 2517 2520
f 2520 2517 2646
f 2517 2519 2646
f 2517 2314 2519
f 2646 2519 2645
f 2314 2425 2519
f 2425 2521 2519
f 2519 2521 2645
f 2521 2425 2522
f 2521 2522 2428
f 2428 2429 2523
f 2429 2524 2523
f 2429 2321 2653
f 2429 2653 2524
f 2653 2321 2527
f 2321 2431 2527
f 2431 2432 2657
f 2657 2432 2528
f 2529 2326 2659
f 2529 2659 2658
f 2659 2329 2664
f 2329 2434 2664
f 2666 2434 2533
f 2532 2667 2436
f 2533 2332 2538
f 2537 2335 2673
f 2340 2437 2535
f 2535 2437 2674
f 2537 2673 2539
f 2535 2674 2680
f 2438 2344 2536
f 2537 2539 2542
f 2540 2680 2543
f 2542 2688 2547
f 2542 2539 2688
f 2344 2440 2545
f 2538 2349 2683
f 2541 2544 2684
f 2349 2446 2546
f 2349 2546 2683
f 2543 2685 2443
f 2551 2541 2552
f 2541 2684 2552
f 2549 2547 2692
f 2256 2352 2545
f 2552 2684 2548
f 2446 2554 2546
f 2352 2350 2449
f 2551 2552 2555
f 2552 2548 2696
f 2552 2696 2555
f 2446 2447 2554
f 2555 2696 2558
f 2445 2550 2557
f 2445 2557 2560
f 2554 2447 2450
f 2559 2560 2561
f 2561 2560 2704
f 2563 2703 2567
f 2455 2713 2569
f 2454 2858 2570
f 2455 2571 2713
f 2456 2720 2718
f 2456 2364 2720
f 2723 2269 2868
f 2275 2727 2576
f 2275 2729 2727
f 2464 2372 2581
f 2370 2728 2582
f 2467 2468 3021
f 2584 2586 2374
f 2584 2736 2586
f 2279 2469 2587
f 2279 2587 2585
f 2469 2470 2738
f 2375 2471 2591
f 2471 2472 2591
f 2481 2594 2596
f 2596 2594 2598
f 2479 2480 2600
f 2749 2396 2599
f 2596 2598 2603
f 2601 2479 2757
f 2479 2600 2757
f 2603 2598 2753
f 2598 2750 2753
f 2757 2600 2759
f 2600 2602 2759
f 2759 2602 2490
f 2603 2753 2604
f 2601 2757 2605
f 2604 2489 2603
f 2894 2754 3047
f 2490 2491 2606
f 2759 2490 2606
f 2759 2606 2609
f 2604 2753 2610
f 2606 2491 2607
f 2607 2604 2610
f 2609 2606 2607
f 2607 2610 2612
f 2607 2612 2764
f 2493 2495 2760
f 2764 2612 2613
f 2613 2612 2614
f 2613 2614 2902
f 2405 2773 2497
f 2775 2912 2618
f 2499 2616 2776
f 2617 2619 3401
f 2624 1719 2626
f 2627 2411 2783
f 2783 2411 2785
f 2303 2629 2785
f 2303 2502 2629
f 2306 2787 2503
f 2787 2504 2632
f 2632 2504 2788
f 2504 2415 2788
f 2415 2633 2788
f 2633 2506 2634
f 2506 2507 2634
f 2634 2507 2790
f 2507 2510 2790
f 2791 2790 2510
f 2791 2510 2635
f 2510 2511 2635
f 2637 2635 2511
f 2637 2511 2639
f 2204 2636 2638
f 2639 2640 2801
f 2801 2640 2513
f 2801 2513 2642
f 2642 2513 2516
f 2512 2516 2513
f 2642 2516 2644
f 2516 2520 2644
f 2520 2804 2644
f 2520 2646 2804
f 2646 2645 2805
f 2521 2428 2647
f 2521 2647 2645
f 2428 2523 2647
f 2523 2524 2651
f 2650 2524 2653
f 2527 2431 2655
f 2431 2656 2655
f 2431 2657 2656
f 2656 2657 2660
f 2660 2657 2661
f 2528 2661 2657
f 2528 2433 2661
f 2661 2433 2665
f 2529 2658 2662
f 2658 2659 2664
f 2433 2531 2665
f 2661 2665 2815
f 2810 2816 2667
f 2434 2666 2664
f 2665 2531 2668
f 2815 2665 2818
f 2818 2665 2668
f 2666 2533 2823
f 2818 2668 2670
f 2667 2669 2671
f 2435 2824 2670
f 2671 2672 2675
f 2671 2669 2672
f 2533 2538 2679
f 2533 2679 2823
f 2674 2437 2675
f 2669 2677 2672
f 2675 2672 2676
f 2676 2672 2677
f 2539 2673 2830
f 2674 2675 2678
f 2674 2678 2831
f 2675 2676 2678
f 2678 2676 2681
f 2676 2677 2544
f 2676 2544 2681
f 2544 2677 2828
f 2536 2827 2965
f 2680 2674 2831
f 2544 2541 2681
f 2679 2538 2829
f 2680 2831 2685
f 2682 2681 2541
f 2829 2538 2683
f 2685 2831 2837
f 2829 2683 2687
f 2539 2840 2688
f 2539 2830 2840
f 2683 2546 2687
f 2682 2541 2835
f 2443 2685 2689
f 2689 2685 2837
f 2689 2837 2690
f 2541 2551 2835
f 2688 2840 2842
f 2546 2554 2687
f 2687 2554 2694
f 2692 2688 2842
f 2551 2693 2835
f 2692 2842 2695
f 2551 2555 2693
f 2696 2691 2698
f 2694 2556 2701
f 2700 2695 2849
f 2558 2698 2702
f 2700 2849 2703
f 2702 2698 2852
f 2700 2703 2562
f 2556 2564 2851
f 2706 2561 2708
f 2561 2704 2708
f 2704 2705 2710
f 2708 2704 2710
f 2706 2708 2711
f 2711 2708 2709
f 2708 2710 2709
f 2564 2566 2707
f 2707 2566 2855
f 2711 2709 2712
f 2566 2569 2855
f 2711 2712 2857
f 2709 2710 2856
f 2569 2714 2855
f 2709 2856 2712
f 2572 2857 2712
f 2569 2713 2714
f 2857 2572 2717
f 2713 2571 2715
f 2570 2858 2716
f 2572 2856 2860
f 2571 2718 2715
f 2717 2572 2863
f 2572 2860 2863
f 2364 2721 2720
f 2720 2721 2867
f 2575 2726 3009
f 2726 2576 2727
f 2464 2581 5491
f 2729 2578 2871
f 2467 3021 2578
f 3021 2468 3175
f 2468 3023 3175
f 2468 2585 3023
f 3023 2585 3180
f 2587 2469 2883
f 2469 2738 2883
f 2470 2884 2738
f 2884 2375 2885
f 2375 2591 2885
f 2889 2476 2740
f 2742 2593 2595
f 3045 2748 2894
f 3047 2754 2752
f 2605 2757 2755
f 2756 2610 2753
f 2761 2608 2755
f 2761 2755 2762
f 2755 2757 2758
f 2758 2757 2763
f 2757 2759 2763
f 2759 2609 2764
f 2762 2755 2758
f 2763 2759 2764
f 2609 2607 2764
f 2760 2495 3048
f 2761 2762 2765
f 2762 2758 2766
f 2766 2758 2898
f 2758 2763 2898
f 2763 2764 2613
f 3048 2495 2767
f 2496 2494 2765
f 2765 2762 2766
f 2765 2766 2768
f 2768 2766 2899
f 2767 2497 2769
f 2900 2613 2902
f 2770 2768 2899
f 2497 3051 2769
f 2900 2902 2615
f 2497 2773 3051
f 2771 2770 2774
f 2773 3052 3051
f 2771 2774 2772
f 2775 2615 2912
f 2616 2407 2772
f 2912 2615 2909
f 2911 2775 2618
f 2619 2408 2778
f 2621 2620 2777
f 2408 2779 2778
f 2624 2781 2779
f 2782 2626 2924
f 2626 2627 2924
f 2924 2627 2783
f 2502 3755 2629
f 2502 2503 3755
f 2788 2633 2789
f 2633 2634 2789
f 2634 2790 2789
f 3071 2791 2635
f 2932 2929 2793
f 2929 2792 2793
f 2793 2792 2794
f 2792 2795 2794
f 2793 2794 2797
f 2794 2795 2938
f 2794 2938 2797
f 2796 2635 2637
f 2796 2637 2798
f 2798 2637 2639
f 2798 2639 2942
f 2942 2639 2801
f 2638 2636 2799
f 2801 2642 2802
f 2642 2644 3085
f 3085 2644 2803
f 2644 2804 2951
f 2804 2646 2805
f 2805 2645 2952
f 2645 2647 2952
f 2647 2648 2952
f 2655 2656 3281
f 2656 3283 3281
f 2656 2660 2812
f 2656 2812 3283
f 2660 2661 2815
f 2810 2662 2811
f 2662 2658 2811
f 2811 2658 2814
f 2658 2664 2814
f 2664 2666 2814
f 2811 2814 2817
f 2814 2820 2817
f 2814 2666 2820
f 2816 2810 2819
f 2810 2811 2819
f 2819 2811 2817
f 2666 2823 2820
f 2816 2819 2669
f 2669 2819 2677
f 2819 2968 2677
f 2817 2820 2822
f 2822 2820 2823
f 2823 2679 2826
f 2677 2968 2825
f 2822 2823 2966
f 2823 2826 2966
f 2824 2536 2965
f 2679 2829 2826
f 2966 2826 2829
f 2678 2681 2832
f 2681 2682 2832
f 2831 2678 2833
f 2832 2682 2835
f 2678 2832 2833
f 2833 2832 2835
f 2831 2833 2837
f 2837 2833 2838
f 2833 2835 2839
f 2839 2835 2693
f 2687 2694 2975
f 2841 2352 2978
f 2975 2694 2976
f 2694 2846 2976
f 2978 2352 2845
f 2693 2555 2980
f 2843 2979 2850
f 2555 2558 2980
f 2694 2701 2846
f 3136 2846 2701
f 2558 2702 2980
f 2698 2844 2848
f 2699 2697 2850
f 2701 2556 2851
f 2847 2561 2983
f 2702 3141 2980
f 2849 2854 2703
f 3141 2702 2853
f 2702 2852 2853
f 2851 2707 2982
f 2707 2855 2984
f 2706 2711 2985
f 2985 2711 2993
f 2705 2994 2856
f 2711 2857 2993
f 2855 2714 2992
f 2567 2854 2859
f 2992 2714 2995
f 2714 2713 2995
f 2717 3000 2857
f 2713 2715 2995
f 2859 2864 2858
f 2859 2998 2864
f 2864 2998 3004
f 3000 2717 3160
f 2716 2858 2861
f 2858 2864 2861
f 2861 2864 2862
f 2716 2861 2719
f 2717 2863 2865
f 2863 2860 3005
f 2718 2720 3001
f 2863 3005 2865
f 2720 2867 3001
f 3009 2726 3167
f 2727 2729 2871
f 2871 2578 3016
f 5491 2581 2876
f 2581 2732 2876
f 2876 2732 2877
f 3180 2585 2587
f 2883 2738 3537
f 2884 2885 3031
f 2885 2591 3033
f 2889 2740 2886
f 2890 2743 3040
f 3048 2767 3229
f 2763 2613 2898
f 2898 2613 2900
f 2767 2769 3229
f 2766 2898 2901
f 2898 2900 2901
f 2899 2766 2903
f 2766 2901 2903
f 2901 2900 2615
f 2774 2770 2906
f 2770 2899 2906
f 2899 2903 2906
f 2903 2901 2904
f 2901 2615 2904
f 2774 2906 2905
f 2906 2903 2908
f 2903 2904 2908
f 2908 2904 2775
f 2774 2905 2907
f 2773 2617 3052
f 2772 2774 2907
f 2907 2905 2913
f 2913 2905 2910
f 2905 2906 2910
f 2906 2908 2910
f 2908 2775 2911
f 2616 2772 2907
f 2910 2908 2914
f 2914 2908 2911
f 2776 2616 2907
f 2910 2914 2913
f 2776 2907 2915
f 2907 2913 2915
f 2913 2914 2916
f 2914 2911 2917
f 2918 2776 2915
f 2914 2917 3055
f 2915 2913 2916
f 3055 2917 2920
f 2917 2911 2618
f 2915 2916 3056
f 2618 2919 2917
f 2920 2917 2919
f 2919 2618 3233
f 3059 2920 2921
f 2919 2921 2920
f 2779 3240 2778
f 2500 2622 3593
f 2626 2782 2624
f 2787 2632 2925
f 2632 2788 2925
f 2788 2926 2925
f 2926 2788 2927
f 2788 2789 2927
f 2927 2789 3068
f 3067 3247 2929
f 3247 3248 2929
f 2929 3248 2792
f 3248 2928 2792
f 2789 2790 3068
f 3067 2929 2930
f 2790 2791 3068
f 3068 2791 3071
f 2792 2928 2795
f 2928 2931 2795
f 2930 2929 2932
f 3071 2635 2796
f 2795 2931 2933
f 2931 3074 2933
f 2932 2793 2934
f 2938 2933 2935
f 2933 3074 2935
f 2936 2796 2798
f 2793 2797 2937
f 2793 2937 2934
f 2937 2797 2939
f 2938 2940 2797
f 2938 2935 2940
f 3075 2936 2941
f 2939 2797 2940
f 2936 2798 2942
f 2936 2942 2941
f 2638 2799 2800
f 3080 2942 3432
f 3432 2942 2801
f 3432 2801 2802
f 2802 2642 3085
f 2803 2644 2951
f 2951 2804 3093
f 2805 2952 3094
f 2952 2648 2957
f 2952 2957 2953
f 2952 2953 3094
f 3094 2953 3090
f 2804 2805 3093
f 2805 2956 3093
f 2956 2805 2806
f 2805 3094 2806
f 2648 2651 2957
f 3106 2660 3108
f 2660 2815 3108
f 2818 2670 2962
f 2818 2962 2815
f 3108 2815 2962
f 2817 2822 2819
f 2670 2824 2962
f 2962 2824 2964
f 3108 2962 2963
f 2963 2962 2964
f 2819 2822 2968
f 2968 2822 2969
f 2969 2822 2966
f 2827 3112 2965
f 2825 2968 2970
f 2968 2969 2970
f 2825 2970 2836
f 2966 2829 3118
f 2827 2834 3119
f 2829 2687 3125
f 3118 2829 3125
f 2834 2841 3123
f 2836 3122 2974
f 2687 2975 3125
f 2838 2833 2839
f 2840 2973 2977
f 2838 3130 2690
f 2839 2693 3132
f 2838 2839 3130
f 3130 2839 3132
f 2690 3130 3131
f 2843 2690 3131
f 3132 2693 2980
f 2840 2977 2842
f 2842 2977 2849
f 2849 2977 2981
f 2849 2981 2854
f 2701 2851 3136
f 3136 2851 2982
f 3141 2853 2987
f 2982 2707 2984
f 2982 2984 3142
f 2706 2985 2983
f 2852 2848 2989
f 2854 2981 2990
f 2853 2852 2988
f 2853 2988 2987
f 2852 2989 2988
f 2984 2855 2992
f 2988 2989 3150
f 2989 2991 3150
f 2854 2990 3148
f 2854 3148 2998
f 2857 3153 2993
f 2857 3000 3153
f 2715 3001 2995
f 2996 2999 2860
f 2715 2718 3001
f 2717 2865 3160
f 3002 2862 5490
f 2864 3004 2862
f 2862 3004 3003
f 3160 2865 3005
f 5490 2862 3003
f 2726 3169 3167
f 2726 2727 3169
f 3173 2876 3018
f 3016 2578 3017
f 2578 3021 3017
f 2876 2877 3018
f 3178 3018 2877
f 3017 3021 3175
f 2877 5492 3178
f 3180 2587 3026
f 2587 2883 3026
f 2738 3357 3537
f 2591 2887 3033
f 2474 2592 3199
f 2595 2483 3042
f 3212 3040 3697
f 2894 3047 3045
f 2752 2754 2611
f 2760 3383 2611
f 2902 3049 3050
f 3401 2619 3053
f 2918 2915 3054
f 3054 2915 3056
f 2916 2914 3055
f 2916 3055 3057
f 2916 3057 3059
f 2920 3057 3055
f 2619 2778 3053
f 2777 2918 3054
f 3054 3056 3058
f 2777 3054 3058
f 3056 2916 3059
f 3057 2920 3059
f 3056 3059 3235
f 2621 2777 3234
f 3059 2921 3060
f 3235 3059 3061
f 3059 3060 3061
f 3061 3060 3238
f 2783 2785 3063
f 2785 2629 3064
f 3755 2503 3065
f 2503 2787 3065
f 3065 2787 2925
f 3419 3247 3067
f 3419 3067 3250
f 3248 3069 2928
f 2928 3069 2931
f 3069 3423 2931
f 3420 3068 3071
f 2930 2932 3252
f 2931 3072 3074
f 3073 3422 2936
f 2936 3071 2796
f 3252 2932 3255
f 3072 3073 3076
f 3072 3076 3074
f 3076 3073 3075
f 3255 2932 2934
f 3254 2509 3070
f 3074 3076 3078
f 2935 3074 3077
f 2935 3077 3079
f 3077 3074 3078
f 2934 2937 3257
f 3076 2941 3256
f 3076 3075 2941
f 2940 2935 3258
f 2935 3079 3258
f 2939 2940 3425
f 2941 3080 3261
f 3080 2941 2942
f 2945 3262 3430
f 2945 2943 3262
f 2943 2944 3262
f 2945 3430 2947
f 2951 3092 2803
f 2953 3100 3090
f 2951 3098 3092
f 2951 3093 3098
f 3098 3093 3099
f 3094 3090 3095
f 3093 2956 3099
f 2956 2806 3099
f 3100 2957 3101
f 2655 3281 2960
f 2812 2660 3106
f 3106 3108 3115
f 3115 3108 2963
f 3115 2963 3461
f 2963 2964 3110
f 2963 3110 3461
f 2964 3109 3110
f 3111 2965 3112
f 3115 3461 3294
f 3115 3294 3116
f 3112 3119 3117
f 2970 2969 3118
f 2969 2966 3118
f 2970 3118 3120
f 2970 3120 3122
f 3120 3118 3124
f 3118 3125 3124
f 3123 2841 2978
f 3122 3120 3303
f 3303 3120 3307
f 3120 3124 3307
f 3125 2975 3127
f 3122 3303 3306
f 3124 3125 3307
f 3307 3125 3126
f 2975 2976 3127
f 3125 3127 3126
f 2976 3309 3127
f 2976 2846 3309
f 3131 3130 3135
f 3131 3135 3134
f 3130 3132 3135
f 3135 3132 2980
f 2979 3134 3320
f 3134 3135 3138
f 3135 2980 3141
f 3135 3141 3138
f 2848 2974 3319
f 2979 3320 3140
f 3136 2982 3137
f 2979 3140 3143
f 3143 3140 3318
f 3144 3141 2987
f 2982 3142 3137
f 2983 3146 3139
f 2983 2985 3146
f 2985 2993 3147
f 2985 3147 3146
f 2987 2988 3151
f 2992 3326 2984
f 2988 3150 3151
f 3151 3150 3152
f 3150 2991 3152
f 2992 2995 3326
f 2993 3153 3147
f 3152 2991 3508
f 2998 3332 3004
f 2999 3154 3158
f 2997 3155 3157
f 3000 3160 3156
f 3155 3002 3157
f 3002 5490 3157
f 3161 3005 3158
f 3160 3005 3334
f 3003 3162 5490
f 3005 3511 3334
f 3169 2727 3170
f 2727 3171 3170
f 2871 3016 3171
f 3016 3017 3174
f 3174 3017 3523
f 3017 3175 3523
f 5492 3022 3177
f 3024 3179 3353
f 3023 3180 3529
f 2883 3537 3026
f 3028 3027 3029
f 3357 2738 3183
f 2884 3031 2738
f 3031 2885 3360
f 2885 3189 3360
f 2885 3033 3189
f 3189 3033 3190
f 3033 3192 3190
f 3190 3192 3361
f 3192 2887 3362
f 3193 3037 3197
f 3045 3047 3560
f 3047 2752 3560
f 3229 2769 3398
f 2769 3051 3398
f 3051 3052 3231
f 2617 3401 3052
f 3405 2919 3233
f 3405 3233 3589
f 3406 3058 3236
f 3236 3058 3235
f 3058 3056 3235
f 3235 3061 3237
f 3061 3238 3239
f 3061 3239 3744
f 2779 3062 3240
f 2779 2781 3062
f 2781 2624 3748
f 2624 2782 3748
f 2783 3063 2924
f 3063 2785 3064
f 3064 2629 3755
f 3065 2925 3763
f 3763 2925 3616
f 2925 2926 3616
f 3415 3246 3419
f 3246 3247 3419
f 3246 3416 3248
f 3246 3248 3247
f 3416 3249 3248
f 3248 3249 3069
f 3617 2927 3414
f 3069 3249 3423
f 2927 3420 3414
f 3422 3420 3071
f 2927 3068 3420
f 3070 3066 3622
f 3424 3073 3072
f 3422 3071 2936
f 3250 2930 3251
f 3251 2930 3252
f 3252 3255 3253
f 2934 3257 3623
f 3077 3078 3256
f 3076 3256 3078
f 2937 2939 3257
f 3079 3077 3259
f 3077 3428 3259
f 3077 3256 3428
f 3428 3256 3260
f 2940 3258 3425
f 3256 2941 3260
f 2941 3261 3260
f 3628 3080 3432
f 3083 2947 3430
f 3082 3083 3263
f 3263 3083 3433
f 3432 2802 3264
f 3082 3263 3265
f 2802 3085 3264
f 3086 3084 3265
f 3086 3265 3266
f 2803 3092 3085
f 3091 3086 3266
f 3092 3098 3949
f 3098 3950 3949
f 3098 3629 3950
f 3098 3099 3629
f 2806 3094 3099
f 3281 3283 3280
f 2812 3106 3285
f 2812 3285 3283
f 3285 3106 3291
f 3109 3111 3286
f 3109 3286 3290
f 3111 3113 3286
f 3291 3106 3115
f 3291 3115 3116
f 3461 3110 3640
f 3113 3117 3289
f 3293 3116 3294
f 3293 3294 3301
f 3298 3123 3129
f 3303 3307 3302
f 3126 3127 3309
f 2846 3133 3310
f 3320 3134 3138
f 3320 3138 3322
f 3141 3144 3138
f 3317 3139 3324
f 3138 3144 3322
f 2984 3492 3142
f 3492 2984 3326
f 2987 3151 3502
f 3147 3327 3146
f 3147 3153 3327
f 3328 2997 3157
f 3152 3508 3330
f 3153 3000 3327
f 3327 3000 3156
f 3331 3157 3159
f 3157 5490 3159
f 3159 5490 3162
f 3156 3160 3333
f 3160 3334 3333
f 3334 3511 3668
f 3337 3010 3340
f 3169 3170 3515
f 3515 3170 3346
f 3171 3016 3348
f 3016 3174 3348
f 3173 3018 3351
f 3018 3178 3351
f 3523 3175 3525
f 3178 3177 3351
f 3175 3023 3525
f 3177 3022 3352
f 3022 3355 3352
f 3352 3355 3530
f 3181 3025 3356
f 3356 3534 3181
f 3187 3029 3185
f 3183 2738 3359
f 2738 3031 3359
f 3031 3360 3359
f 3188 3193 3191
f 3191 3193 3363
f 3192 3362 3361
f 3036 3365 2887
f 3193 3198 3363
f 3363 3198 3364
f 3364 3198 3367
f 3197 3204 3368
f 3197 3368 3198
f 3546 3543 3371
f 3546 3371 3372
f 3368 3204 3375
f 3204 3206 3375
f 3041 3042 3374
f 3206 3209 3375
f 3209 3549 3375
f 3042 3044 3378
f 3210 3215 3377
f 3377 3215 3557
f 3215 3222 3557
f 3221 3225 3703
f 3223 3045 3561
f 3703 3225 3562
f 3560 2752 3563
f 3383 2760 3389
f 3048 3228 3392
f 3714 3228 3396
f 3229 3398 3396
f 3570 3396 3398
f 3051 3231 3398
f 3398 3231 3577
f 3399 3052 3401
f 3401 3053 3732
f 3406 3236 3407
f 3407 3236 3592
f 3236 3235 3592
f 3592 3235 3237
f 3591 3234 3407
f 2622 3234 3591
f 3061 3744 3237
f 3746 3744 3239
f 3239 3238 3908
f 3239 3908 3408
f 4260 3755 3065
f 3065 3763 4110
f 3613 3413 3612
f 3615 3612 3415
f 3612 3246 3415
f 3612 3413 3246
f 2926 3617 3616
f 2926 2927 3617
f 3415 3419 3418
f 3417 3618 3249
f 3418 3419 3250
f 3618 3421 3423
f 3620 3422 3073
f 3251 3252 3253
f 3257 2939 3945
f 2939 3425 3945
f 3258 3426 3425
f 3258 3427 3426
f 3258 3079 3427
f 3427 3079 3259
f 3259 3428 3624
f 3428 3260 3626
f 3626 3260 3261
f 3261 3080 3628
f 3430 3262 3429
f 3628 3432 3431
f 3083 3430 3433
f 3432 3264 3431
f 3265 3263 3433
f 3434 3265 3433
f 3266 3265 3434
f 3435 3266 3434
f 3090 3266 3435
f 3090 3435 3095
f 3629 3099 3782
f 3099 3094 3782
f 3782 3094 4276
f 3274 3270 3630
f 3273 3276 3631
f 3631 3276 3635
f 3278 3282 3444
f 3445 3282 3443
f 3446 3282 3445
f 3444 3282 3288
f 3283 3285 3449
f 3449 3285 3456
f 3286 3284 3451
f 3453 3286 3451
f 3285 3291 3456
f 3291 3459 3456
f 3290 3638 3640
f 3461 3640 3789
f 3461 3789 3294
f 3291 3116 3470
f 3116 3293 3470
f 3291 3470 3645
f 3462 3295 3466
f 3470 3293 3650
f 3650 3293 3651
f 3293 3301 3651
f 3651 3301 3652
f 3650 3651 3476
f 3304 3305 3300
f 3300 3305 3468
f 3481 3314 3315
f 3133 3137 3489
f 3133 3489 3483
f 3137 3142 3489
f 3315 3140 3486
f 3140 3320 3486
f 3312 3488 3319
f 3320 3322 3490
f 3320 3490 3486
f 3490 3322 3663
f 3142 3492 3489
f 3144 2987 3495
f 3144 3495 3322
f 3492 3326 3496
f 3324 3501 3494
f 2987 3502 3495
f 3146 3327 3501
f 3496 3328 3497
f 3503 3328 3331
f 3151 3152 3799
f 3152 3330 3799
f 3509 3330 3508
f 3334 3668 3333
f 3173 3351 5493
f 3351 3528 5493
f 3523 3525 3524
f 3351 3177 3528
f 3177 3352 3528
f 3023 3529 3525
f 3352 3526 3528
f 3526 3530 3679
f 3529 3180 3533
f 3180 3026 3533
f 3356 3532 3534
f 3026 3819 3533
f 3027 3181 3535
f 3535 3181 3534
f 3026 3537 3819
f 3536 3027 3535
f 3183 3359 3822
f 3359 3360 3692
f 3189 3190 3538
f 3198 3368 3541
f 3198 3541 3367
f 3369 3201 3370
f 3370 3201 4026
f 3368 3375 3545
f 3546 3372 4024
f 3545 3375 3548
f 3552 3696 3698
f 3375 3549 3548
f 4024 3372 3699
f 3696 3552 3550
f 3699 3372 3550
f 3372 3373 3550
f 3550 3552 3551
f 3377 3557 3553
f 3550 3700 3699
f 3550 3551 3700
f 3562 3385 3564
f 3385 3565 3564
f 3709 3394 3046
f 3387 3708 3710
f 3386 3391 3566
f 3391 3395 3566
f 3885 3228 3714
f 3395 3397 3567
f 3569 3396 3570
f 3570 3398 3577
f 3231 3052 3899
f 3052 3399 3899
f 5495 3400 5494
f 3400 3582 5494
f 3581 3400 5495
f 3401 3732 3399
f 3403 5497 3583
f 5497 3404 3734
f 3902 3403 3583
f 3734 3404 3736
f 3586 3588 3736
f 3586 3736 3404
f 2778 3740 3053
f 3591 3407 3590
f 3407 3592 3743
f 3908 3238 3589
f 3593 2622 3591
f 3913 3592 3744
f 3592 3237 3744
f 3744 3746 3914
f 3746 3239 3595
f 3595 3239 3408
f 3915 2780 3745
f 2781 3748 3062
f 2782 2924 3920
f 2924 3063 3597
f 3599 3600 3412
f 3750 3411 3600
f 3750 3601 3411
f 3600 3411 3412
f 3411 3601 3602
f 3601 3751 3602
f 3751 3604 3602
f 3599 3412 3607
f 3599 3607 3603
f 3063 3064 3924
f 3603 3607 3752
f 3412 3411 3607
f 3602 3606 3605
f 3602 3604 3606
f 3604 3928 3606
f 3411 3754 3607
f 3411 3605 3754
f 3605 3609 3754
f 3605 3606 3609
f 3607 3754 3608
f 3758 3612 3611
f 3611 3612 3614
f 3758 3613 3612
f 3614 3615 3765
f 3614 3612 3615
f 3613 3937 3413
f 3615 3415 3773
f 3937 3769 3416
f 3416 3769 3417
f 3771 3617 3414
f 3771 3414 3420
f 3415 3418 3773
f 3771 3422 3620
f 3771 3420 3422
f 3773 3418 3621
f 3618 3941 3421
f 3942 3620 3424
f 3418 3250 3621
f 3621 3250 3251
f 3426 3427 3777
f 3259 3624 3427
f 3624 3428 3625
f 3428 3626 3625
f 3626 3261 3627
f 3261 3628 3627
f 3627 3628 4120
f 3262 3081 3779
f 3429 3262 3779
f 3264 3085 3781
f 3085 3092 3781
f 3437 3447 3635
f 3446 3445 3636
f 3636 3637 3451
f 3449 3456 3958
f 3453 3451 3785
f 3638 3453 3641
f 3638 3641 3640
f 3454 3643 3639
f 3639 3643 3642
f 3291 3645 3459
f 3645 3470 3650
f 3469 3478 3655
f 3650 3476 3792
f 3651 3652 3653
f 3653 3652 3963
f 3476 3653 3964
f 3486 3490 3485
f 3663 3322 3495
f 3145 3664 3665
f 3495 3502 3974
f 3502 3151 3798
f 3151 3799 3798
f 3665 3801 3508
f 3504 3327 3666
f 3799 3330 3800
f 3327 3156 3666
f 3330 3509 3800
f 3666 3156 3667
f 3674 3522 3808
f 3524 3525 3812
f 3525 3529 3677
f 3530 3680 3679
f 3680 3815 3679
f 3533 3819 3684
f 3535 4004 3690
f 3536 3690 3689
f 3536 3535 3690
f 3688 3536 3689
f 3822 3359 3825
f 3359 3692 3825
f 3692 3538 3825
f 3538 3190 4013
f 3190 3539 4013
f 3548 3549 3553
f 3698 3846 3552
f 3551 3552 3850
f 3552 3846 3850
f 3858 3699 3700
f 3700 3551 3850
f 4027 3705 3704
f 4027 3853 3705
f 3553 3557 4190
f 4190 3557 3703
f 3853 3702 3705
f 3864 3704 3870
f 3704 3705 3870
f 3870 3705 3867
f 3705 3702 3867
f 3703 3562 4047
f 3867 3707 3870
f 3564 4053 4047
f 3564 3873 4053
f 3564 3565 3873
f 3566 3713 3565
f 3885 3882 3228
f 3716 3710 5498
f 3885 3714 3712
f 3569 3711 3714
f 3711 3712 3714
f 3713 3567 3722
f 3569 3714 3396
f 3397 3572 3722
f 3572 3573 3722
f 3722 3573 3725
f 3725 3579 3728
f 3570 3577 3727
f 3579 3580 3728
f 3577 3894 3727
f 3577 3231 3894
f 3580 3730 3728
f 3231 3899 3894
f 3580 3582 3730
f 3730 3582 3731
f 3582 5496 3731
f 5496 3584 3901
f 5496 3901 3731
f 3584 5497 3901
f 5497 3734 3901
f 3906 3736 3738
f 3906 3738 3737
f 3053 3740 3903
f 3591 3590 3741
f 3741 3590 3742
f 3590 3407 3742
f 3407 3743 3742
f 3593 3591 3911
f 3911 3591 3741
f 3912 3742 3743
f 3743 3592 3913
f 3743 3913 3912
f 3913 3744 3914
f 3914 3746 3747
f 3746 3595 3747
f 4095 3599 3603
f 4095 3922 3599
f 3751 4251 3604
f 3604 4251 3926
f 3604 3926 3928
f 3603 3752 3929
f 3927 3603 3929
f 3607 3608 3752
f 3929 3752 3608
f 3606 3928 3753
f 3609 3753 4100
f 3608 3754 4099
f 3609 4100 3754
f 3065 4110 4260
f 3932 3759 3757
f 3757 3759 3758
f 3759 3760 3758
f 3762 3757 3611
f 3758 3611 3757
f 3764 3762 3765
f 3762 3611 3614
f 3762 3614 3765
f 3764 3765 3935
f 3763 3616 3766
f 3615 3773 3765
f 3766 3616 3617
f 3767 3766 3617
f 3765 3773 3772
f 3767 3617 3771
f 3770 3620 3942
f 3772 3773 3621
f 3940 3941 3618
f 3942 3424 3619
f 3255 3623 3253
f 3775 3254 3774
f 3623 3945 4118
f 3427 3624 3946
f 3624 3625 3946
f 3626 3778 3625
f 3626 3627 3778
f 3627 4120 3778
f 4120 3628 3431
f 3433 3429 3780
f 3433 3430 3429
f 3431 3264 3948
f 3433 3780 3434
f 3264 3781 3948
f 3435 3434 4121
f 3092 3949 3781
f 3951 3095 3435
f 3440 3438 3633
f 3447 3449 3955
f 3785 3957 3959
f 3785 3959 3786
f 3641 3786 3790
f 3789 3640 3790
f 3459 3645 3788
f 3459 3788 3787
f 3789 3791 3647
f 3650 3792 4283
f 3476 3964 3792
f 3653 3963 3965
f 3653 3965 3964
f 3485 3490 3662
f 3490 3663 3662
f 3502 3798 3974
f 3801 3797 3978
f 3800 3509 3803
f 3801 3804 3802
f 3509 3802 3803
f 3803 3802 3805
f 3802 3804 3805
f 3534 3683 4004
f 4004 3683 3818
f 3683 3685 3818
f 3691 3687 3686
f 3686 3688 3820
f 3686 3820 4003
f 3688 3689 3820
f 3820 3689 4005
f 3689 3690 4005
f 3819 3357 3821
f 3357 3183 3821
f 3183 3822 3821
f 3822 3825 4009
f 3546 4024 4572
f 3548 3553 3845
f 4024 3699 3858
f 3846 4174 3847
f 3846 3847 3854
f 3847 3851 3854
f 3847 4028 3851
f 3553 4190 3849
f 3854 3851 3855
f 3851 4028 3856
f 3851 3856 3855
f 4028 3857 3856
f 3700 3850 4034
f 3862 4032 3704
f 4036 3554 3863
f 4042 3856 3860
f 3856 3857 3860
f 3857 3861 3860
f 4039 3864 3861
f 4039 3862 3864
f 3860 3861 3866
f 3866 3861 3864
f 3704 3864 3862
f 3703 4047 4190
f 3867 3702 3868
f 3866 3864 4051
f 3864 3870 4051
f 3561 3563 3871
f 3870 3872 4051
f 3867 3868 3707
f 3707 3868 4052
f 3872 3870 4056
f 3870 3707 4201
f 3707 4052 4057
f 3707 4057 4201
f 3876 3392 3882
f 3881 4063 3885
f 3881 3712 3884
f 3881 3885 3712
f 4068 3884 3711
f 3884 3712 3711
f 3883 3718 3880
f 3880 3718 3886
f 4068 3711 4069
f 4069 3711 3569
f 3717 3715 3888
f 3886 3718 3889
f 3713 3722 4214
f 3722 4216 4214
f 3718 3890 3889
f 4216 3722 3893
f 3898 3721 4070
f 3722 3725 3893
f 3569 3570 3727
f 4219 3569 3727
f 3724 3726 3891
f 3725 3728 3893
f 3893 3728 4476
f 3896 4074 3726
f 3728 3730 4476
f 3899 3399 4226
f 3907 3585 4078
f 3736 4233 3734
f 3740 3240 3910
f 3911 3741 3909
f 3909 3741 3742
f 3909 3742 3912
f 3909 3912 4086
f 3914 3912 3913
f 3240 3062 3910
f 4247 3914 3747
f 3595 3408 3594
f 3062 3748 3916
f 3916 3748 3918
f 3748 2782 3918
f 3920 2924 3597
f 4095 4092 3922
f 4092 3921 3922
f 3603 3925 4095
f 3925 3603 3927
f 3929 3608 4098
f 3608 4099 4098
f 3754 4100 4099
f 4104 4101 3930
f 3064 3755 4105
f 4104 3930 3931
f 3930 4102 3932
f 3755 4260 4105
f 4102 4107 3932
f 3930 3933 3931
f 3932 4107 4108
f 3930 3932 3933
f 3933 3932 3757
f 3932 4108 3759
f 3931 3933 4109
f 3933 3757 3762
f 4109 3933 3764
f 3762 3764 3933
f 3934 3764 3935
f 3763 3766 4114
f 4262 3766 3767
f 3935 3765 3772
f 3770 3942 4115
f 3621 3251 4412
f 3253 3944 3943
f 3426 4119 3945
f 4273 3778 4120
f 3779 3081 3776
f 4120 3431 3947
f 3431 3948 3947
f 4678 3949 3950
f 3950 3629 4422
f 4122 3784 3954
f 3637 3956 3957
f 3959 4278 4128
f 3787 3788 3960
f 3790 3786 4127
f 4127 3786 3959
f 3788 3645 4130
f 3790 4127 3961
f 3789 3790 3961
f 3645 3650 4130
f 3650 4283 4130
f 3791 4131 3962
f 3962 4133 4134
f 4283 3792 4136
f 3792 3964 4136
f 3964 3965 3967
f 3965 3966 3967
f 3798 3976 3974
f 3798 3799 3976
f 3799 3977 3976
f 3799 3800 3977
f 3800 3803 3979
f 3800 3979 3977
f 3978 3975 3804
f 3975 3980 3804
f 3803 3805 4147
f 3803 4147 3979
f 3805 3981 4147
f 3804 3982 3981
f 3804 3980 3982
f 3817 4001 4003
f 3816 4296 3685
f 3818 4155 4159
f 4155 4298 4159
f 3818 4159 4161
f 3684 3819 4006
f 4004 3818 4161
f 4003 3820 4304
f 3690 4004 4160
f 4006 3821 4009
f 3821 3822 4009
f 3828 4010 3824
f 3828 3829 4010
f 4009 3825 3826
f 4009 3826 4167
f 3826 3538 4013
f 4013 3827 4170
f 4024 3858 4575
f 4025 4175 3847
f 3847 4175 4028
f 3858 4312 4575
f 4029 4030 3857
f 3850 3854 4034
f 4034 3854 4038
f 4039 4031 3862
f 3853 4035 3702
f 3858 3700 4316
f 3700 4034 4316
f 3854 3855 4038
f 3855 4041 4038
f 4038 4041 4040
f 3855 3856 4042
f 3855 4042 4041
f 4041 4042 4043
f 3702 4035 4188
f 3863 3558 4192
f 3860 4044 4042
f 4042 4044 4043
f 3860 3866 4044
f 3702 4188 3868
f 4044 3866 4324
f 3866 4051 4324
f 3868 4188 4195
f 4324 4051 3872
f 4052 4195 4058
f 3870 4201 4056
f 4057 4052 4058
f 4058 4197 4059
f 3877 3874 4212
f 3874 3879 4060
f 4211 4061 4065
f 4061 4207 3881
f 4207 4063 3881
f 4063 4208 3882
f 3878 3880 4064
f 3878 4064 4062
f 3873 3565 4213
f 4065 4061 4068
f 4061 3884 4068
f 4061 3881 3884
f 3713 4214 4213
f 4065 4068 4067
f 4064 3880 3886
f 4067 4068 4069
f 3886 3889 4215
f 3723 3717 3888
f 4070 3719 4342
f 4069 3569 4219
f 3891 3726 4072
f 3727 4073 4219
f 3893 4476 4346
f 3726 4074 4072
f 3894 3899 4353
f 4353 3899 4355
f 3897 4075 4074
f 3899 4226 4355
f 3399 4356 4226
f 3399 3905 4356
f 4368 3908 3589
f 3911 3909 4083
f 4083 3909 4085
f 3409 3911 4084
f 4084 3911 4083
f 3909 4086 4085
f 3912 3914 4086
f 4086 3914 4372
f 4372 3914 4247
f 3910 3062 4088
f 3062 3916 4088
f 3916 4090 4088
f 3916 3918 4090
f 4090 3918 4502
f 3918 3920 4502
f 3921 4093 3923
f 3923 4379 4251
f 4095 3925 4252
f 3925 3927 4253
f 3927 4096 4253
f 3927 3929 4096
f 4096 3929 4514
f 4383 3064 4105
f 3929 4098 4514
f 4098 4099 4516
f 4099 4100 4103
f 4100 4097 4103
f 4097 4255 4104
f 4097 4104 4103
f 4255 4101 4104
f 4103 4104 4106
f 4106 4104 3931
f 4106 3931 4109
f 4109 3764 3934
f 4110 3763 4114
f 3934 3935 4263
f 4112 4262 3767
f 4402 3770 4115
f 3935 3772 4263
f 4115 3942 4265
f 3772 3621 4269
f 3621 4117 4269
f 4412 3253 3943
f 3944 4118 4270
f 4118 3945 4119
f 3777 3946 4119
f 4119 3946 4550
f 3776 3775 4415
f 3946 3625 4272
f 3625 3778 4272
f 3429 3779 4418
f 3947 3948 4419
f 3781 4275 3948
f 4275 3781 4678
f 3781 3949 4678
f 3629 3782 4422
f 3782 4425 4422
f 3957 3956 4124
f 4127 4128 4279
f 3961 4279 4131
f 4130 4283 4281
f 4133 4132 4282
f 3963 4134 4135
f 4135 4134 4284
f 3964 3967 4136
f 3966 4135 3967
f 3967 4135 4287
f 3976 3977 4143
f 3977 4144 4143
f 3977 3979 4144
f 3979 4145 4144
f 3979 4147 4145
f 4147 3981 4148
f 3980 4293 3982
f 3981 3982 4148
f 4002 4001 3995
f 3994 3684 4156
f 4298 4303 4159
f 3684 4006 4156
f 4304 3820 4439
f 4160 4004 4161
f 3820 4005 4439
f 4005 3690 4306
f 4005 4306 4439
f 3690 4160 4306
f 4006 4009 4162
f 4170 4169 4166
f 4170 3824 4169
f 3826 4013 4168
f 3826 4168 4167
f 4013 4170 4168
f 3546 4572 4016
f 4572 4024 4575
f 3852 4176 3853
f 4316 4034 4448
f 4034 4038 4182
f 4034 4182 4448
f 4038 4040 4182
f 4182 4040 4449
f 4188 4315 4196
f 4041 4043 4040
f 4212 4046 4194
f 4043 4191 4040
f 4043 4044 4191
f 4188 4196 4195
f 3869 4049 4047
f 4195 4196 4197
f 4196 4198 4197
f 4197 4198 4199
f 4053 3873 4055
f 4197 4199 4211
f 4198 4203 4199
f 4056 4201 4200
f 4201 4057 4202
f 4202 4057 4205
f 4058 4206 4057
f 4058 4059 4206
f 4059 4210 4206
f 4199 4203 4207
f 4203 4325 4207
f 4325 4063 4207
f 4325 4459 4063
f 4062 5499 4204
f 4059 4211 4210
f 4062 4064 5499
f 4211 4065 4210
f 5499 4064 4340
f 4210 4065 4343
f 4343 4065 4067
f 4064 3886 4340
f 3886 4215 4340
f 4067 4069 4343
f 4215 3889 4718
f 4069 4219 4344
f 4718 3889 3891
f 4072 4074 4222
f 3727 3894 4353
f 4074 4075 4223
f 4074 4223 4222
f 3730 3731 4349
f 4349 3731 4224
f 3731 3901 4224
f 4075 4227 4223
f 4223 4227 4358
f 4227 4231 4358
f 4224 3734 4359
f 4079 4232 4235
f 4235 4232 4239
f 4239 4232 4236
f 4359 4233 4080
f 4235 4239 4238
f 4239 4236 4080
f 4080 3906 4238
f 4080 4238 4239
f 3906 4082 4238
f 4241 3594 4368
f 4087 4084 4243
f 4084 4083 4243
f 4243 4083 4244
f 4083 4085 4244
f 4244 4085 4245
f 4245 4085 4372
f 4085 4086 4372
f 4372 4247 4374
f 4088 4501 4089
f 3920 3597 4760
f 4093 4092 4249
f 4376 4095 4250
f 4252 3925 4253
f 4509 4253 4096
f 4509 4096 4512
f 4512 4096 4514
f 4097 4254 4255
f 4383 4105 4382
f 4099 4103 4386
f 4386 4103 4388
f 4388 4103 4106
f 4106 4109 4390
f 4260 4259 4105
f 4390 4109 4393
f 4109 3934 4393
f 4393 3934 4395
f 4395 3934 4263
f 4402 4112 3770
f 4403 4262 4112
f 4531 4402 4115
f 4263 3772 4405
f 3772 4269 4536
f 3943 3944 4413
f 3944 4270 4413
f 4271 4119 4550
f 3946 4272 4550
f 4272 3778 4273
f 4273 4120 4274
f 4120 3947 4274
f 4274 3947 4419
f 4678 3950 4421
f 4133 4282 4284
f 4135 4284 4285
f 4136 3967 4286
f 4430 4136 4286
f 3967 4287 4286
f 4286 4287 4434
f 4287 4433 4434
f 3976 4143 4289
f 4143 4146 4289
f 4148 3982 4293
f 4296 4299 4298
f 4298 4299 4303
f 4159 4303 4440
f 4160 4161 4305
f 4575 4312 4576
f 3858 4316 4312
f 4448 4182 4449
f 4040 4317 4449
f 4040 4320 4317
f 4040 4191 4320
f 4191 4044 4456
f 4191 4456 4320
f 4044 4324 4456
f 4457 4321 4198
f 4198 4321 4203
f 4192 3871 4326
f 4324 3872 4329
f 3872 4335 4329
f 3872 4056 4335
f 4056 4200 4335
f 4201 4202 4200
f 4205 4057 4206
f 3873 4213 4338
f 4206 4341 4205
f 4206 4210 4341
f 4339 4066 4333
f 4213 4214 5500
f 4210 4343 4341
f 5500 4214 4473
f 4340 4215 4718
f 4343 4069 4344
f 3891 4072 4611
f 4344 4219 4609
f 5501 4217 4612
f 4219 4073 4613
f 4476 3730 4349
f 4072 4222 4611
f 4073 3727 4352
f 3727 4353 4352
f 4222 4223 4354
f 4354 4223 4358
f 4357 4354 4358
f 4355 4226 4356
f 4358 4231 4357
f 4231 4230 4360
f 4231 4360 4357
f 4234 4363 4230
f 4359 4080 4236
f 4359 4236 4622
f 4237 3905 4490
f 4368 3589 4367
f 4242 4243 4371
f 4371 4243 4244
f 4244 4245 4498
f 4245 4372 4373
f 4372 4374 4373
f 4373 4374 4500
f 4647 4503 4376
f 4378 4379 3923
f 4252 4381 4250
f 3597 3924 4383
f 4098 4516 4514
f 4516 4099 4386
f 4388 4106 4390
f 4259 4260 4394
f 4260 4396 4394
f 4110 4398 4396
f 4110 4114 4398
f 4398 4114 4404
f 4395 4263 4399
f 4525 4112 4402
f 4525 4403 4112
f 4403 4526 4262
f 4526 4404 4262
f 4263 4405 4399
f 4401 4402 4531
f 4115 4265 4531
f 4405 3772 4536
f 4538 4265 4116
f 3943 4413 4412
f 3775 4549 4415
f 4550 4272 4416
f 4272 4273 4416
f 4273 4274 4416
f 4420 3429 4418
f 3948 4275 4419
f 4419 4275 4781
f 4121 4553 4424
f 3951 4121 4424
f 3950 4422 4421
f 3782 4276 4423
f 4423 4276 4424
f 4276 3951 4424
f 4425 3782 4423
f 4426 4126 4427
f 4126 4428 4556
f 4129 4281 4428
f 4281 4283 4429
f 4282 4132 4431
f 4283 4430 4429
f 4282 4431 4284
f 4283 4136 4430
f 4284 4432 4285
f 4430 4286 4564
f 4564 4286 4434
f 4434 4433 4435
f 4433 4789 4435
f 4568 4306 4571
f 4160 4305 4306
f 4161 4440 4305
f 4579 4443 4309
f 4449 4317 4451
f 4317 4320 4451
f 4451 4320 4453
f 4454 4192 4326
f 4320 4456 4453
f 4456 4324 4797
f 4324 4329 4797
f 4797 4329 4712
f 4329 4335 4596
f 4204 5499 4461
f 4461 5499 4467
f 4335 4462 4596
f 4335 4200 4462
f 4200 4463 4462
f 4200 4202 4463
f 4463 4202 4205
f 4467 5499 4470
f 5499 4340 4470
f 4718 4470 4340
f 4345 4339 4460
f 4343 4344 4807
f 4344 4609 4807
f 3891 4611 4718
f 4609 4219 4613
f 4613 4073 4479
f 4073 4352 4479
f 4479 4352 4618
f 4618 4352 4353
f 4353 4355 4618
f 4355 4356 4722
f 4356 4726 4722
f 4357 4481 4354
f 4356 4237 4726
f 4481 4360 4485
f 4363 4366 4485
f 4628 4485 4366
f 4367 4240 4739
f 4368 4367 4633
f 4368 4633 4636
f 4242 4371 4492
f 4371 4244 4494
f 4494 4244 4498
f 4494 4498 4499
f 4495 4246 4496
f 4245 4373 4498
f 4499 4498 4373
f 4373 4500 4644
f 3597 4377 4760
f 4504 4376 4507
f 4250 4381 4649
f 4510 4509 4512
f 4513 4651 4765
f 4766 4514 4516
f 4516 4386 4655
f 4655 4386 4654
f 4386 4388 4654
f 4105 4259 4382
f 4388 4390 4656
f 4656 4390 4519
f 4390 4393 4519
f 4393 4395 4519
f 4519 4395 4522
f 4395 4399 4522
f 4396 4398 4527
f 4522 4399 4528
f 4772 4402 4401
f 4398 4404 4527
f 4399 4405 4528
f 4528 4405 4529
f 4665 4401 4531
f 4535 4667 4265
f 4667 4531 4265
f 4265 4538 4535
f 4536 4269 4533
f 4269 4541 4533
f 4541 4411 4548
f 4411 4412 4413
f 4411 4413 4548
f 4547 4413 4270
f 4550 4416 4551
f 4417 4780 4418
f 4419 4856 4274
f 4275 4678 4677
f 4422 4425 4680
f 4425 4554 4680
f 4425 4423 4554
f 4554 4423 4555
f 4423 4424 4555
f 4424 4553 4555
f 4284 4431 4432
f 4432 4431 4562
f 4432 4562 4685
f 4430 4564 4787
f 4285 4432 4563
f 4285 4563 4433
f 4564 4434 4687
f 4790 4434 4435
f 4435 4789 4688
f 4440 4438 4567
f 4306 4305 4571
f 4305 4570 4571
f 4305 4440 4570
f 4572 4575 4573
f 4576 4312 4697
f 4312 4314 4697
f 4448 4585 4314
f 4448 4449 4585
f 4585 4449 4586
f 4586 4451 4589
f 4451 4453 4589
f 4453 4456 4710
f 4456 4797 4710
f 4712 4329 4596
f 4596 4462 4713
f 4462 4800 4713
f 4463 4205 4714
f 4205 4341 4602
f 4467 4470 4601
f 4718 4606 4470
f 4341 4805 4602
f 4341 4343 4805
f 4343 4807 4805
f 4473 4346 4608
f 4346 4476 4608
f 4476 4349 4608
f 4608 4349 4721
f 4611 4222 4614
f 4222 4354 4616
f 4224 4619 4615
f 4618 4355 4722
f 4359 4622 4619
f 4237 4818 4620
f 4818 4237 4624
f 4622 4487 4736
f 4487 4488 4736
f 4366 4630 4628
f 4488 4631 4737
f 4630 4489 4741
f 4633 4367 4739
f 4632 4636 4637
f 4632 4637 4635
f 4636 4633 4637
f 4369 4089 4898
f 4491 4492 4639
f 4639 4492 4640
f 4492 4371 4640
f 4371 4642 4640
f 4371 4494 4642
f 4494 4499 4754
f 4642 4494 4754
f 4754 4499 4755
f 4755 4499 4643
f 4643 4499 4644
f 4499 4373 4644
f 4250 4649 4507
f 4509 4650 4649
f 4509 4510 4650
f 4650 4510 4912
f 4510 4512 4912
f 4912 4512 4652
f 4512 4514 4652
f 4766 4516 4767
f 4516 4655 4767
f 4654 4388 4842
f 4388 4656 4842
f 4519 4659 4656
f 4522 4524 4659
f 4662 4772 4401
f 4772 4663 4525
f 4525 4663 4403
f 4663 4773 4403
f 4403 4773 4526
f 4773 4774 4526
f 4396 4527 4394
f 4524 4666 4664
f 4662 4401 4665
f 4532 4534 4666
f 4668 4667 4535
f 4414 4271 4854
f 4271 4551 4675
f 4551 4416 4676
f 4416 4274 4676
f 4856 4419 4781
f 4782 4420 4552
f 4781 4275 4677
f 4422 4680 4421
f 4787 4564 4686
f 4564 4687 4686
f 4563 4860 4866
f 4563 4866 4789
f 4687 4434 4790
f 4435 4688 4790
f 4789 4868 4688
f 4567 4438 4691
f 4570 4567 4692
f 4567 4693 4692
f 4573 4575 4694
f 4575 4576 4694
f 4698 4585 4700
f 4578 4582 4701
f 4581 4584 4702
f 4582 4586 4701
f 4702 4446 4706
f 4586 4588 4701
f 4701 4588 4587
f 4589 4453 4709
f 4453 4710 4709
f 4591 4950 4592
f 4462 4463 4800
f 4205 4602 4714
f 4718 4611 4806
f 4721 4615 4720
f 4721 4612 4608
f 4479 4618 4810
f 4720 4615 4724
f 4354 4481 4616
f 4888 4616 4481
f 4615 4619 4724
f 4481 4728 4888
f 4619 4622 4729
f 4727 4620 4730
f 4620 4818 4730
f 4729 4622 4732
f 4481 4485 4728
f 4728 4485 4628
f 4622 4736 4732
f 4732 4736 4734
f 4365 4625 4731
f 4365 4731 4734
f 4488 4737 4736
f 4737 4631 4738
f 4631 4635 4738
f 4633 4739 4738
f 4369 4898 4638
f 4750 4640 4753
f 4753 4640 4642
f 4753 4642 4900
f 4642 4754 4900
f 4973 4900 4754
f 4973 4754 4827
f 4827 4754 4755
f 4755 4643 4757
f 4643 4644 4901
f 4644 4756 4901
f 4502 4760 5061
f 4504 4834 4647
f 4652 4514 4766
f 4655 4654 4916
f 4654 4842 4916
f 4394 4919 4259
f 4663 4771 4773
f 4667 4668 4775
f 4668 4535 4776
f 4535 4777 4776
f 4535 4538 4777
f 4544 4672 4779
f 4676 4274 4856
f 4677 4678 4783
f 4678 4421 4783
f 4783 4421 4933
f 4421 4680 4933
f 4680 4554 4858
f 4554 4555 4858
f 4686 4687 4788
f 4687 4790 4863
f 4687 4863 4788
f 4860 4862 4866
f 4790 4864 4863
f 4789 4866 4868
f 4867 4790 4688
f 4867 4688 4939
f 4688 4868 4939
f 4794 4710 4795
f 4710 4797 4795
f 4797 4712 4798
f 4712 4713 4798
f 4713 4800 4880
f 4800 4463 4801
f 4463 4714 4801
f 4801 4714 4802
f 4714 4602 4952
f 4606 4718 4806
f 4805 4807 4885
f 4807 4808 4885
f 4807 4609 4808
f 4609 4613 4808
f 4613 4809 4808
f 4614 4222 4616
f 4613 4479 4809
f 4479 4810 4809
f 4618 4722 4889
f 4722 4726 4889
f 4889 4726 4727
f 4727 4730 4816
f 4727 4816 4814
f 4816 4730 4817
f 4730 4891 4817
f 4741 4634 4823
f 5050 4896 4825
f 5050 4825 4897
f 4746 4749 4897
f 4897 4749 4826
f 4752 4748 4968
f 4752 4968 4971
f 4750 4753 4826
f 4755 4757 4827
f 4827 4757 4904
f 4501 5061 4974
f 4507 4649 4833
f 4649 4650 4833
f 4908 4383 5280
f 4383 4840 5280
f 4766 4767 4914
f 4842 4769 4917
f 4769 4841 4917
f 4382 4986 4840
f 4382 4259 4986
f 4772 4662 4845
f 4771 4922 4846
f 4394 4923 4919
f 4394 4527 4923
f 4925 4775 4668
f 4925 4668 4849
f 4668 4776 4849
f 4926 4849 4776
f 4997 4777 4850
f 4778 4779 4850
f 5198 4549 4853
f 4551 4676 4855
f 4676 4856 4855
f 4856 4781 4930
f 4781 4677 4930
f 4933 4680 4858
f 4785 4861 5003
f 4788 4863 4861
f 5002 4863 4864
f 5002 4864 4865
f 4864 4790 4865
f 4865 4790 4867
f 4866 4936 4937
f 4866 4937 4868
f 4867 4939 4938
f 4938 4939 5006
f 4791 4581 4869
f 4581 4941 4869
f 4592 4950 4875
f 4875 4950 5028
f 4713 4880 4798
f 4880 4800 4949
f 4800 4801 4949
f 4714 4952 4802
f 4952 4602 4805
f 4805 4885 4953
f 4885 4808 4956
f 4808 4886 4956
f 4808 4809 4886
f 4809 4887 4886
f 4809 4810 4887
f 4810 4618 4889
f 4960 4889 4814
f 4889 4727 4814
f 4891 4818 4962
f 4818 4893 4962
f 4962 4893 4964
f 4628 4741 5048
f 5048 4896 5050
f 4741 4823 5048
f 5054 5050 4897
f 4826 4753 4900
f 4826 4900 5055
f 5055 4900 4973
f 4827 4903 4973
f 4827 4904 4903
f 4906 4377 4908
f 4832 4834 4979
f 4833 4650 5067
f 5067 4650 4912
f 4652 4980 4912
f 4914 4837 5073
f 4837 4982 5073
f 4837 4916 4982
f 4916 4842 4983
f 4983 4842 4917
f 4919 4923 4992
f 4845 4924 4921
f 4775 4925 4924
f 4925 4849 4926
f 4776 4777 4997
f 4776 4997 4926
f 4997 4850 4927
f 4927 4850 4779
f 4779 4852 5081
f 4854 5083 4852
f 5083 4675 4928
f 4675 4551 4929
f 4551 4855 4929
f 4855 4856 5086
f 5089 4783 5090
f 4861 4863 4935
f 4939 4868 5007
f 4939 5007 5006
f 4941 4706 4943
f 4874 4798 5015
f 4798 4880 5015
f 4880 4949 4946
f 4949 4801 5018
f 4801 4802 5018
f 4802 4952 4951
f 4805 4953 4952
f 4953 4885 4955
f 4955 4885 4956
f 4806 4614 4957
f 4614 4616 4959
f 4887 5038 4958
f 4810 4889 5038
f 4960 4814 5039
f 4817 4891 4961
f 4891 4962 4961
f 4967 4822 4966
f 5221 5050 5054
f 4826 5055 5054
f 5055 4973 5060
f 5060 4973 4903
f 4903 4829 5124
f 4830 4832 4977
f 4833 5067 4979
f 4908 5280 5187
f 5067 4912 4980
f 4980 4914 5070
f 4914 5073 5070
f 4916 4983 4982
f 4840 5239 5280
f 4840 4986 5239
f 4259 4919 4986
f 4924 4925 4996
f 4996 4926 5079
f 4926 4997 5079
f 4997 4927 5141
f 5084 5198 5200
f 4928 5000 4999
f 4929 4855 5000
f 5087 4780 5084
f 4855 5086 5000
f 5086 4930 5088
f 5001 4930 5089
f 4930 4677 5089
f 4783 4933 5090
f 4865 4867 5002
f 4867 4938 5092
f 4938 5006 5005
f 5007 5095 5150
f 5006 5007 5096
f 5018 4802 4951
f 4951 5024 5021
f 4950 4799 5028
f 4799 4881 5028
f 4952 4953 5024
f 4953 4955 5032
f 4955 5035 5032
f 4614 4959 4957
f 5040 4957 4959
f 4959 4888 5040
f 5040 4888 5215
f 4817 4961 5042
f 4888 4728 5215
f 4961 4962 5046
f 4962 4964 5046
f 5046 4964 5051
f 5119 4728 5048
f 5271 4820 5218
f 4898 4972 5058
f 5055 5060 5179
f 5060 4903 5126
f 4919 4992 5189
f 4992 4993 5189
f 4921 4924 5132
f 4995 5078 4993
f 4997 5141 5079
f 5087 5084 5143
f 5085 5000 5086
f 4930 5001 5088
f 4931 4857 5144
f 4938 5005 5094
f 4938 5094 5092
f 5005 5006 5149
f 5005 5149 5148
f 5149 5006 5096
f 5026 5032 5105
f 5106 5036 5109
f 5036 5035 5112
f 5035 4958 5112
f 4958 5113 5112
f 5038 5114 5113
f 5046 5168 5118
f 5048 5050 5221
f 5058 4972 5123
f 5179 5060 5126
f 5231 5179 5126
f 5231 5126 5182
f 4974 5127 5184
f 4986 5189 5239
f 4993 5078 5247
f 5078 5135 5247
f 4852 5083 5142
f 5083 4999 5199
f 5089 5090 5203
f 5205 5091 5145
f 5145 4932 5146
f 5096 5150 5149
f 5149 5150 5206
f 5100 4948 5208
f 5034 5211 5209
f 5162 5115 5163
f 5116 5044 5216
f 5216 5044 5165
f 5215 4728 5119
f 5046 5118 5165
f 5118 5166 5165
f 5119 5048 5221
f 5311 5221 5054
f 5054 5055 5175
f 5175 5055 5180
f 5055 5179 5180
f 5123 4972 5181
f 4972 4974 5181
f 5231 5182 5315
f 4974 5184 5181
f 5061 5186 5127
f 5136 5140 5194
f 5079 5141 5196
f 5079 5196 5197
f 5144 5257 5201
f 5001 5203 5202
f 4931 5144 5201
f 5203 5205 5260
f 5148 5149 5206
f 5215 5119 5267
f 5219 5217 5117
f 5271 5218 5351
f 5166 5172 5220
f 5172 5173 5220
f 5173 5270 5309
f 5222 5176 5226
f 5180 5179 5230
f 5230 5179 5231
f 5233 5184 5234
f 5187 5280 5236
f 5240 5188 5242
f 5190 5246 5244
f 5190 5244 5241
f 5136 5194 5290
f 5142 5254 5196
f 5142 5199 5254
f 5199 5256 5255
f 5201 5257 5343
f 5260 5205 5300
f 5300 5146 5204
f 5214 5164 5264
f 5215 5267 5265
f 5219 5117 5306
f 5175 5180 5312
f 5230 5231 5315
f 5186 5321 5320
f 5186 5236 5321
f 5186 5187 5236
f 5241 5244 5283
f 5283 5244 5245
f 5244 5246 5245
f 4993 5247 5366
f 5245 5248 5371
f 5366 5247 5325
f 5247 5136 5325
f 5252 5197 5292
f 5254 5199 5297
f 5256 5258 5299
f 5312 5230 5404
f 5312 5180 5230
f 5404 5230 5354
f 5230 5315 5354
f 5234 5320 5319
f 5236 5362 5321
f 5236 5322 5362
f 5280 5363 5322
f 5241 5283 5242
f 5245 5370 5283
f 5366 5325 5367
f 5245 5371 5370
f 5250 5251 5374
f 5251 5331 5374
f 5334 5331 5293
f 5297 5255 5342
f 5255 5299 5342
f 5257 5390 5431
f 5259 5260 5396
f 5204 5201 5393
f 5204 5393 5345
f 5300 5346 5260
f 5307 5269 5397
f 5399 5269 5311
f 5311 5175 5502
f 5401 5502 5175
f 5435 5312 5404
f 5363 5239 5366
f 5242 5283 5415
f 5371 5328 5423
f 5249 5326 5420
f 5368 5290 5374
f 5374 5331 5372
f 5293 5338 5335
f 5394 5259 5395
f 5346 5345 5434
f 5345 5344 5434
f 5351 5397 5398
f 5311 5502 5399
f 5435 5402 5312
f 5362 5322 5413
f 5414 5365 5448
f 5366 5367 5365
f 5283 5370 5415
f 5369 5364 5416
f 5370 5456 5417
f 5375 5419 5422
f 5374 5372 5421
f 5373 5375 5422
f 5373 5422 5372
f 5376 5425 5423
f 5502 5400 5399
f 5175 5312 5401
f 5401 5353 5502
f 5368 5421 5454
f 5422 5418 5421
f 5421 5372 5422
f 5424 5426 5459
f 5392 5472 5474
f 5433 5475 5473
f 5475 5344 5474
f 5456 5423 5477
f 5423 5425 5478
f 5424 5459 5478
f 5478 5459 5479
f 5460 5462 5481
f 5464 5461 5480
f 5483 5464 5482
f 5478 5479 5484
f 10 7 1
f 4 52 54
f 54 25 4
f 24 55 4
f 57 24 6
f 10 27 7
f 30 28 10
f 28 27 10
f 36 37 40
f 52 53 54
f 54 87 25
f 56 55 24
f 56 24 57
f 26 57 27
f 145 26 28
f 28 26 27
f 33 29 11
f 55 135 52
f 184 135 55
f 86 139 53
f 184 55 56
f 140 184 56
f 139 87 53
f 57 140 56
f 145 141 26
f 90 89 29
f 89 145 29
f 99 154 37
f 154 156 37
f 70 128 73
f 135 136 52
f 428 53 136
f 141 140 57
f 145 142 141
f 144 187 89
f 89 187 145
f 193 147 90
f 88 150 31
f 152 99 96
f 152 98 99
f 208 282 106
f 208 106 109
f 385 208 107
f 283 64 106
f 114 162 115
f 162 223 115
f 223 117 115
f 224 167 117
f 172 170 173
f 128 244 73
f 178 133 78
f 179 180 135
f 135 180 136
f 327 179 135
f 139 258 88
f 141 251 140
f 143 189 91
f 190 191 144
f 191 192 144
f 192 187 144
f 261 262 98
f 261 98 152
f 98 265 99
f 104 200 158
f 382 282 208
f 285 287 113
f 160 295 161
f 295 162 161
f 306 223 162
f 229 407 231
f 180 428 136
f 248 184 140
f 248 327 184
f 86 329 139
f 251 248 140
f 253 251 141
f 252 253 142
f 142 253 141
f 139 254 258
f 339 340 186
f 340 523 186
f 523 189 186
f 192 142 187
f 142 145 187
f 343 339 188
f 339 186 188
f 255 193 189
f 255 256 193
f 193 256 190
f 190 256 191
f 256 257 191
f 257 344 191
f 191 344 192
f 254 528 258
f 274 203 275
f 385 207 208
f 283 285 110
f 482 211 286
f 285 484 287
f 287 485 215
f 299 301 295
f 218 302 220
f 301 306 162
f 306 226 224
f 226 308 229
f 231 311 235
f 246 424 323
f 518 428 180
f 428 329 86
f 327 328 179
f 328 180 179
f 248 429 327
f 333 331 251
f 251 331 248
f 329 520 139
f 520 433 139
f 337 252 341
f 252 337 253
f 253 337 251
f 345 341 192
f 192 341 142
f 434 256 255
f 345 192 344
f 528 195 258
f 259 194 148
f 367 271 368
f 271 556 270
f 556 369 270
f 369 370 270
f 370 274 270
f 370 467 203
f 467 276 203
f 471 372 204
f 374 204 372
f 373 473 277
f 380 378 279
f 383 477 380
f 382 383 282
f 386 284 283
f 284 484 285
f 484 586 287
f 287 586 485
f 394 396 293
f 399 295 297
f 396 493 294
f 399 299 295
f 492 296 300
f 493 303 302
f 494 304 301
f 304 495 306
f 495 497 306
f 497 226 306
f 318 320 319
f 328 519 180
f 519 518 180
f 430 329 428
f 429 328 327
f 331 326 248
f 326 429 248
f 430 520 329
f 433 254 139
f 522 339 342
f 526 435 256
f 435 257 256
f 435 344 257
f 435 436 344
f 344 436 345
f 259 440 194
f 541 262 261
f 544 863 200
f 544 200 267
f 464 364 363
f 369 467 370
f 469 559 371
f 559 276 467
f 469 276 559
f 472 470 373
f 470 473 373
f 374 474 375
f 478 571 479
f 796 383 382
f 479 573 384
f 580 681 386
f 681 284 386
f 681 583 284
f 583 484 284
f 388 811 389
f 811 585 389
f 585 683 389
f 389 683 394
f 395 690 396
f 690 493 396
f 489 818 399
f 489 399 297
f 689 299 399
f 299 494 301
f 493 492 303
f 497 308 226
f 500 499 410
f 419 512 421
f 515 516 425
f 516 519 425
f 425 519 427
f 519 517 518
f 427 519 328
f 518 430 428
f 705 520 430
f 522 432 340
f 524 523 432
f 707 522 342
f 524 434 523
f 524 603 434
f 434 606 256
f 606 526 256
f 608 527 526
f 527 435 526
f 527 525 435
f 437 605 438
f 438 609 346
f 611 350 609
f 611 441 350
f 348 613 440
f 530 613 442
f 442 613 348
f 531 530 442
f 551 552 460
f 551 460 459
f 552 760 460
f 760 553 460
f 553 463 460
f 553 635 463
f 635 464 463
f 365 555 556
f 555 640 556
f 640 369 556
f 558 371 645
f 371 559 645
f 559 467 645
f 473 372 471
f 649 474 374
f 476 565 376
f 207 572 382
f 579 679 388
f 814 583 681
f 583 586 484
f 586 583 814
f 588 488 485
f 395 688 690
f 399 591 689
f 689 494 299
f 494 691 304
f 304 691 495
f 822 499 500
f 941 414 696
f 699 509 511
f 510 829 416
f 416 700 512
f 700 513 512
f 512 513 421
f 701 600 513
f 600 601 513
f 601 514 515
f 702 516 514
f 517 704 518
f 518 704 430
f 430 1110 705
f 522 708 602
f 522 602 432
f 602 524 432
f 709 524 602
f 834 707 342
f 832 606 603
f 603 606 434
f 607 608 526
f 607 526 606
f 613 610 440
f 611 714 441
f 614 530 531
f 758 552 550
f 758 760 552
f 636 464 635
f 636 364 464
f 636 637 364
f 364 637 365
f 637 639 365
f 639 555 365
f 639 640 555
f 773 369 640
f 369 773 467
f 646 645 644
f 645 467 773
f 647 470 472
f 648 902 472
f 902 647 472
f 903 474 649
f 903 791 474
f 651 650 652
f 656 651 661
f 658 793 563
f 655 656 661
f 659 658 566
f 566 658 563
f 476 914 565
f 477 914 476
f 383 796 477
f 672 675 576
f 677 920 575
f 923 480 573
f 580 1076 681
f 585 815 683
f 588 586 685
f 815 395 683
f 815 688 395
f 687 927 489
f 927 818 489
f 689 932 494
f 494 932 691
f 819 497 495
f 414 827 595
f 504 508 510
f 944 513 700
f 600 947 601
f 601 947 514
f 947 702 514
f 702 950 517
f 950 704 517
f 704 1110 430
f 705 1258 520
f 1258 954 520
f 954 433 520
f 707 708 522
f 709 710 524
f 524 710 603
f 833 958 605
f 832 607 606
f 958 712 605
f 958 713 712
f 712 713 609
f 609 713 611
f 839 733 612
f 714 842 717
f 844 719 717
f 990 991 630
f 755 633 549
f 867 550 754
f 867 757 550
f 553 761 635
f 761 763 635
f 635 763 636
f 763 764 636
f 636 764 637
f 764 766 637
f 765 766 881
f 766 639 637
f 766 765 639
f 639 765 640
f 765 773 640
f 769 1024 887
f 768 644 769
f 769 644 776
f 772 773 770
f 776 773 772
f 776 645 773
f 647 1044 470
f 1044 785 470
f 785 1045 470
f 902 786 647
f 1045 649 372
f 787 902 648
f 904 788 650
f 788 1051 789
f 910 653 793
f 913 912 659
f 659 912 658
f 912 793 658
f 657 794 660
f 794 795 665
f 794 665 660
f 914 913 659
f 796 1065 914
f 670 800 675
f 804 803 796
f 808 804 572
f 580 810 1076
f 809 1075 679
f 582 1219 677
f 1075 811 679
f 814 681 1077
f 811 1078 585
f 1080 815 585
f 814 685 586
f 928 1086 687
f 927 1088 818
f 1081 930 688
f 688 930 690
f 1092 689 591
f 1092 932 689
f 691 819 495
f 937 499 822
f 697 828 506
f 508 1104 829
f 1104 944 829
f 944 830 513
f 830 1559 701
f 1108 600 701
f 708 956 835
f 835 602 708
f 835 709 602
f 834 959 707
f 710 836 603
f 603 836 832
f 836 957 832
f 433 1114 254
f 837 713 958
f 962 834 610
f 1114 839 254
f 838 962 610
f 530 838 613
f 713 968 611
f 840 964 530
f 968 842 714
f 968 714 611
f 843 841 716
f 969 1118 843
f 969 843 718
f 718 843 533
f 974 718 849
f 848 721 720
f 733 977 541
f 861 746 745
f 864 865 866
f 865 867 754
f 865 754 866
f 758 1001 760
f 1001 1006 553
f 1001 553 760
f 1006 872 761
f 1006 761 553
f 872 874 761
f 1004 874 872
f 761 874 763
f 874 879 763
f 763 879 764
f 1013 879 874
f 879 881 764
f 764 881 766
f 1013 881 879
f 881 1013 765
f 887 1017 883
f 887 1021 1017
f 1013 1026 765
f 887 1024 1021
f 769 772 1025
f 769 1025 1024
f 772 770 1025
f 765 1026 773
f 776 772 769
f 888 1030 775
f 777 889 771
f 1030 891 775
f 775 891 780
f 891 1035 780
f 783 784 899
f 1042 786 902
f 786 1044 647
f 1183 785 1044
f 1051 1056 657
f 1055 907 653
f 912 910 793
f 910 1055 653
f 794 915 795
f 1065 1063 914
f 795 916 800
f 803 1065 796
f 916 809 800
f 916 807 809
f 918 805 801
f 807 1075 809
f 1075 1078 811
f 1078 1080 585
f 682 1539 812
f 1080 1081 815
f 1089 591 818
f 1089 1092 591
f 932 1094 691
f 691 1094 819
f 694 936 1243
f 1100 937 822
f 1102 1251 698
f 1559 1108 701
f 947 600 1108
f 948 950 702
f 950 951 704
f 951 1110 704
f 709 960 710
f 954 1114 433
f 1112 959 834
f 1112 834 962
f 837 961 713
f 963 962 838
f 1114 1119 839
f 964 963 838
f 961 968 713
f 965 966 840
f 966 964 840
f 1118 967 843
f 843 967 841
f 967 965 841
f 965 840 841
f 968 1120 842
f 842 1120 844
f 1120 970 844
f 970 845 844
f 970 971 845
f 1123 969 974
f 971 972 848
f 971 848 845
f 972 973 846
f 972 846 848
f 846 973 847
f 973 974 847
f 850 978 976
f 976 978 1126
f 989 1435 1285
f 1600 993 864
f 993 994 864
f 994 995 864
f 995 865 864
f 995 1142 865
f 865 1142 867
f 1142 1140 867
f 867 1140 757
f 868 997 870
f 999 758 757
f 999 1001 758
f 1005 1006 1001
f 1002 1010 871
f 1006 1005 872
f 1010 875 871
f 1312 874 1004
f 1013 874 1312
f 1010 1012 878
f 1010 878 875
f 762 883 1151
f 883 1017 1151
f 1015 884 878
f 1015 1020 884
f 1013 1158 1026
f 1022 1026 1158
f 1023 1025 1022
f 1025 1026 1022
f 1021 1024 1023
f 1024 1025 1023
f 1025 770 1026
f 1030 1031 891
f 1160 1031 1030
f 1033 1034 1161
f 1033 1161 1032
f 1031 1035 891
f 1163 1035 1031
f 892 1035 1163
f 893 1166 894
f 896 1038 1322
f 896 1170 1038
f 897 1170 896
f 1039 1170 897
f 1042 1337 786
f 1337 1044 786
f 1183 1338 785
f 1045 1505 903
f 1053 1185 904
f 904 1185 788
f 1185 1051 788
f 1189 1053 907
f 907 1053 904
f 1186 1056 1051
f 1055 1189 907
f 1058 1060 906
f 1061 910 912
f 1340 794 1056
f 1200 912 913
f 1200 1061 912
f 1340 915 794
f 1063 1200 913
f 1063 913 914
f 915 1064 916
f 1065 1204 1063
f 917 1353 1206
f 1213 1207 1065
f 1064 1215 807
f 1064 807 916
f 1067 1211 803
f 1211 1213 803
f 1072 1071 1214
f 808 1216 1067
f 1218 1072 1214
f 1215 1075 807
f 1220 1076 810
f 925 1224 1362
f 1077 1079 814
f 1222 1079 1077
f 1079 685 814
f 925 1229 1224
f 1087 1088 927
f 1081 1090 930
f 1092 1231 932
f 1231 1549 932
f 1237 1377 1093
f 1549 1232 932
f 1232 1094 932
f 1094 1095 819
f 1095 820 819
f 821 1381 1099
f 1100 1383 937
f 1104 1106 944
f 1106 830 944
f 1108 1257 947
f 1388 948 947
f 947 948 702
f 948 951 950
f 951 1109 1110
f 1258 1562 954
f 833 955 1259
f 833 1259 958
f 1262 956 959
f 1396 835 956
f 1396 1393 835
f 835 960 709
f 835 1393 960
f 710 960 836
f 960 1261 836
f 1261 1111 836
f 958 1259 837
f 1113 1112 962
f 1113 962 963
f 1113 1117 1112
f 1117 1262 1112
f 1116 1113 963
f 1116 963 964
f 1116 1117 1113
f 1115 1116 964
f 967 1398 965
f 1398 1264 965
f 965 1264 966
f 1264 1115 964
f 1264 964 966
f 1124 1570 1118
f 1119 733 839
f 1120 1121 970
f 1121 1122 970
f 970 1122 971
f 1123 1124 969
f 1122 1125 971
f 971 1125 972
f 1125 1269 972
f 972 1269 973
f 973 1269 974
f 1269 1123 974
f 977 1130 1283
f 1136 994 1291
f 1137 995 994
f 1137 1296 995
f 995 1296 1142
f 1140 1144 757
f 1144 999 757
f 1145 1146 998
f 1466 1001 999
f 1001 1466 1005
f 1148 1009 1007
f 1151 1150 1149
f 1010 1307 1012
f 1312 1014 1013
f 1314 1016 1012
f 1157 1016 1314
f 1017 1154 1152
f 1014 1158 1013
f 1155 1158 1014
f 1159 1018 1019
f 1157 1020 1015
f 1156 1020 1157
f 1154 1022 1155
f 1022 1158 1155
f 1023 1022 1154
f 1316 1020 1156
f 1020 1316 1029
f 1316 1030 1029
f 1162 1031 1160
f 1162 1163 1031
f 1163 1162 1034
f 890 892 1163
f 1170 1171 1038
f 894 1040 898
f 1327 1171 1170
f 1172 1170 1039
f 1332 1179 1049
f 1176 1180 1042
f 1042 1180 1337
f 1179 1181 1050
f 1337 1183 1044
f 1338 1045 785
f 1501 1505 1045
f 1181 1052 1050
f 1502 1185 1053
f 1185 1186 1051
f 1189 1502 1053
f 1186 1507 1056
f 1339 1194 909
f 1190 1189 1055
f 1190 1055 910
f 1194 908 909
f 1061 1195 910
f 1195 1190 910
f 1200 1195 1061
f 1201 1200 1063
f 1204 1348 1201
f 915 1354 1064
f 1204 1205 1348
f 1207 1204 1065
f 1207 1205 1204
f 1207 1208 1205
f 1350 1069 1206
f 1064 1354 1215
f 1213 1208 1207
f 1208 1212 1205
f 1212 1214 1209
f 1212 1209 1205
f 1214 1071 1209
f 1209 1071 1210
f 1211 1217 1213
f 1208 1218 1212
f 1218 1214 1212
f 1217 1218 1213
f 1074 808 920
f 1074 1216 808
f 1220 1218 1217
f 1357 1075 1215
f 1219 1074 920
f 1219 1359 1074
f 1076 1220 1077
f 1075 1684 1078
f 1361 1222 1077
f 1080 1228 1081
f 1085 1227 1226
f 1701 1702 1087
f 1702 1088 1087
f 1702 1230 1088
f 1088 1230 1089
f 1228 1090 1081
f 1372 1086 1091
f 1228 1372 1090
f 1090 1372 1091
f 1232 1235 1094
f 1235 1095 1094
f 1238 1239 934
f 1243 936 1382
f 1555 1101 943
f 1253 1106 1104
f 1389 951 948
f 1109 705 1110
f 955 1260 1259
f 1260 837 1259
f 1562 1721 954
f 1260 1564 837
f 837 1263 961
f 1564 1263 837
f 1392 1396 956
f 960 1394 1261
f 1261 1391 1111
f 1394 1391 1261
f 1567 960 1393
f 1721 1114 954
f 1117 1395 1262
f 1395 1392 1262
f 1263 968 961
f 1115 1117 1116
f 1115 1395 1117
f 1263 1397 968
f 1570 967 1118
f 1570 1398 967
f 1397 1266 968
f 968 1266 1120
f 1400 1570 1124
f 1120 1266 1121
f 1265 1124 1123
f 1265 1400 1124
f 1402 1267 1121
f 1121 1267 1122
f 1122 1267 1125
f 1267 1268 1125
f 1267 1271 1268
f 1268 1269 1125
f 1271 1411 1268
f 1411 1272 1268
f 1268 1272 1269
f 1269 1265 1123
f 1412 1126 1406
f 1127 1278 1276
f 1278 1277 1276
f 983 1426 1424
f 1579 1130 977
f 1131 1586 1426
f 984 1280 1133
f 860 1428 1129
f 1285 1435 1432
f 1436 1286 1135
f 989 1287 1437
f 989 1437 1435
f 1286 991 990
f 1290 1136 1291
f 1450 1296 1137
f 1294 1295 1141
f 1603 1453 1139
f 1456 1142 1296
f 1295 1143 1141
f 1298 1301 1143
f 1611 1303 1144
f 1611 1144 1140
f 1301 1145 1143
f 1301 1304 1145
f 1303 999 1144
f 999 1303 1463
f 1304 1146 1145
f 1305 1146 1304
f 1146 1305 1148
f 1306 1147 1003
f 1305 1009 1148
f 1469 1009 1305
f 1306 1149 1468
f 1469 1307 1009
f 1473 1307 1469
f 1310 1311 1620
f 1309 1312 1004
f 1311 1312 1309
f 1473 1314 1307
f 1307 1314 1012
f 1310 1152 1311
f 1152 1312 1311
f 1152 1014 1312
f 1155 1014 1152
f 1314 1156 1157
f 1474 1156 1314
f 1474 1476 1156
f 1315 1316 1476
f 1316 1156 1476
f 1315 1030 1316
f 1317 1160 1030
f 1161 1317 1480
f 1161 1160 1317
f 1482 1168 1167
f 1322 1320 1165
f 1165 1320 1636
f 1322 1323 1320
f 1322 1038 1323
f 1038 1324 1323
f 1327 1328 1171
f 1326 1329 1040
f 1499 1338 1183
f 1338 1501 1045
f 1503 1186 1185
f 1661 1502 1189
f 1507 1508 1340
f 1195 1509 1190
f 1193 1510 1199
f 1343 1509 1195
f 1508 915 1340
f 1513 915 1508
f 1201 1343 1195
f 1201 1195 1200
f 1201 1345 1343
f 1345 1512 1343
f 1349 1512 1345
f 1348 1345 1201
f 1348 1349 1345
f 1513 1354 915
f 1350 1206 1351
f 1206 1518 1351
f 1209 1349 1348
f 1349 1209 1210
f 1357 1215 1354
f 1208 1213 1218
f 1217 1211 1067
f 1355 1358 1216
f 1217 1358 1220
f 1359 1355 1074
f 1355 1534 1358
f 1220 1358 1361
f 1357 1684 1075
f 1358 1534 1361
f 1221 1359 1219
f 1360 1359 1221
f 1537 1534 1533
f 1537 1361 1534
f 1692 1078 1684
f 1537 1222 1361
f 1225 1540 1690
f 1365 1366 1540
f 1696 1227 1079
f 1832 1080 1078
f 1080 1367 1228
f 1367 1080 1832
f 1366 1226 1696
f 1696 1226 1227
f 1372 1371 1086
f 1368 1236 1234
f 1232 1550 1235
f 1382 1710 1381
f 1382 1384 1710
f 1245 1554 1384
f 1385 1839 1386
f 1248 1557 1102
f 1251 1253 1104
f 1972 1559 1718
f 1559 1387 1108
f 1257 1388 947
f 1388 1389 948
f 1109 1847 705
f 705 1847 1258
f 1567 1394 960
f 1392 956 1262
f 1396 1566 1393
f 1566 1567 1393
f 1568 1392 1395
f 1564 1397 1263
f 1572 1397 1564
f 1570 1732 1398
f 1732 1399 1398
f 1398 1399 1264
f 1399 1115 1264
f 1399 1395 1115
f 1401 1266 1397
f 1265 1573 1400
f 1401 1403 1266
f 1403 1404 1402
f 1403 1402 1266
f 1266 1402 1121
f 1404 1405 1402
f 1272 1265 1269
f 1272 1575 1265
f 1575 1573 1265
f 1407 1408 1401
f 1401 1408 1403
f 1408 1409 1404
f 1408 1404 1403
f 1404 1409 1405
f 1402 1405 1267
f 1405 1271 1267
f 1409 1410 1405
f 1405 1410 1271
f 1410 1411 1271
f 1411 1577 1272
f 1577 1575 1272
f 1273 1412 1731
f 1569 1412 1406
f 1406 1416 1407
f 1416 1408 1407
f 1416 1413 1408
f 1408 1413 1409
f 1413 1414 1409
f 1414 1410 1409
f 1414 1415 1410
f 1410 1415 1411
f 1415 1580 1577
f 1415 1577 1411
f 1416 1417 1413
f 1417 1418 1413
f 1418 1414 1413
f 1418 1419 1414
f 1414 1419 1415
f 1419 1420 1415
f 1415 1420 1580
f 1275 1419 1418
f 1275 1422 1419
f 1422 1420 1419
f 1422 1423 1420
f 1420 1423 1580
f 1580 1423 1421
f 1423 1424 1421
f 1426 1583 1424
f 1427 1281 1585
f 1585 1281 1582
f 1281 1282 1582
f 1282 1428 1425
f 1428 1429 1587
f 1428 1587 1425
f 1586 1279 1745
f 1284 1431 1430
f 747 1432 1431
f 1596 1446 1290
f 1446 1449 1136
f 1449 1137 1136
f 1450 1455 1296
f 1452 1454 1295
f 1460 1762 1297
f 1459 1298 1454
f 1457 1611 1140
f 1457 1140 1456
f 2003 1603 1300
f 1610 1303 1611
f 1459 1301 1298
f 1458 1301 1459
f 1612 1462 1458
f 1462 1301 1458
f 1301 1462 1304
f 1613 1462 1612
f 1466 999 1463
f 1465 1613 1767
f 1613 1305 1462
f 1613 1469 1305
f 1465 1469 1613
f 1306 1614 1302
f 1467 1465 1767
f 1468 1614 1306
f 1621 1465 1467
f 1621 1473 1465
f 1465 1473 1469
f 1466 1470 1004
f 1471 1472 1621
f 1472 1473 1621
f 1470 1309 1004
f 1618 1309 1470
f 1475 1474 1472
f 1474 1473 1472
f 1473 1474 1314
f 1475 1478 1474
f 1478 1476 1474
f 1476 1478 1315
f 1480 1629 1628
f 1315 1317 1030
f 1036 1481 1318
f 1481 1167 1318
f 1481 1482 1167
f 1482 1483 1168
f 1168 1483 1319
f 1319 1485 1321
f 1485 1325 1321
f 1485 1486 1325
f 1324 1492 1487
f 1486 1651 1330
f 1486 1330 1325
f 1491 1328 1327
f 1328 1492 1324
f 1645 1493 1332
f 1493 1334 1332
f 1334 1333 1174
f 1651 1494 1330
f 1494 1656 1496
f 1499 1660 1338
f 1660 1501 1338
f 1503 1185 1502
f 1505 1194 1339
f 1663 1194 1505
f 1664 1189 1190
f 1664 1661 1189
f 1506 1194 1663
f 1512 1509 1343
f 1512 1514 1509
f 1514 1351 1671
f 1512 1351 1514
f 1351 1518 1671
f 1518 1520 1672
f 1520 1524 1672
f 1516 1523 1529
f 1520 1526 1524
f 1526 1527 1524
f 1513 1357 1354
f 1682 1684 1357
f 1362 1688 1532
f 1359 1536 1533
f 1533 1355 1359
f 1533 1534 1355
f 1360 1536 1359
f 1690 1536 1360
f 1539 1690 1360
f 1362 1695 1688
f 1364 1695 1362
f 1692 1697 1078
f 1697 1832 1078
f 1694 1696 1079
f 1364 1699 1695
f 1371 1701 1087
f 1367 1547 1228
f 1547 1371 1372
f 1547 1372 1228
f 1550 1232 1549
f 1705 1376 1550
f 1715 1386 1839
f 1558 1717 1106
f 1389 1845 951
f 1845 1109 951
f 1847 1848 1258
f 1722 1260 955
f 1721 1565 1114
f 1723 1724 1394
f 1565 1574 1119
f 1565 1119 1114
f 1392 1566 1396
f 1725 1723 1567
f 1566 1725 1567
f 1568 1727 1392
f 1732 1730 1399
f 1730 1568 1399
f 1568 1395 1399
f 1397 1572 1401
f 1573 1732 1570
f 1573 1570 1400
f 1568 1730 1571
f 1119 1574 733
f 1569 1407 1572
f 1572 1407 1401
f 1576 1737 1573
f 1574 1579 733
f 1412 1569 1731
f 1575 1576 1573
f 1580 1575 1577
f 1580 1578 1575
f 1575 1578 1576
f 1580 1421 1578
f 1421 1742 1578
f 1421 1583 1742
f 1586 1745 1583
f 1745 1427 1584
f 1584 1427 1585
f 1588 1430 1748
f 1431 1981 1862
f 1589 861 1283
f 861 1434 1433
f 1598 1878 1446
f 1598 1446 1596
f 1444 1599 1448
f 1878 1449 1446
f 1137 1449 1601
f 1599 1602 1452
f 1601 1450 1137
f 1891 1450 1601
f 1602 1605 1452
f 1450 1604 1455
f 1896 1762 1460
f 1604 1606 1455
f 1606 1457 1455
f 1607 1458 1764
f 1454 1605 1459
f 1458 1605 1764
f 1610 1457 1606
f 1608 1612 1607
f 1612 1458 1607
f 1610 1611 1457
f 1613 1612 1608
f 1609 1303 1610
f 1609 1463 1303
f 1302 1614 1461
f 1617 1463 1902
f 1614 1616 1769
f 1616 1770 1769
f 1616 1618 1770
f 1618 1617 1770
f 1619 1621 1467
f 1620 1618 1616
f 1466 1617 1470
f 1471 2031 1475
f 2031 1624 1475
f 1475 1624 1478
f 1624 1627 1478
f 1478 1627 1315
f 1627 1629 1315
f 1626 1629 1627
f 1628 1912 1775
f 1628 1626 1912
f 1629 1317 1315
f 1628 1629 1626
f 1922 1925 1481
f 1925 1482 1481
f 1787 1482 1925
f 1482 1787 1483
f 1788 1485 1319
f 1787 1793 1483
f 1793 1790 1483
f 1790 2043 1644
f 1790 1644 1483
f 1939 1651 1648
f 1490 1795 1491
f 1795 1649 1328
f 1649 1492 1328
f 1939 1797 1651
f 1797 1494 1651
f 1797 1656 1494
f 1498 1657 1499
f 1499 1657 1660
f 1501 1660 1505
f 1800 1503 1502
f 1661 1800 1502
f 1503 1659 1186
f 1503 1802 1659
f 1659 1507 1186
f 1802 1507 1659
f 1660 1663 1505
f 1807 1507 1802
f 1664 1665 1661
f 1664 1806 1665
f 1506 1670 1341
f 1509 1668 1664
f 1668 1806 1664
f 1669 1508 1507
f 1669 1507 1807
f 1341 1670 1510
f 1509 1514 1668
f 1514 1671 1668
f 1671 1806 1668
f 1669 1513 1508
f 1510 1946 1517
f 1671 1672 1806
f 1811 1513 1669
f 1946 2065 1519
f 1946 1519 1517
f 1524 1812 1810
f 1676 1513 1811
f 1527 1678 1812
f 1513 1676 1357
f 1527 1680 1678
f 1676 1682 1357
f 1686 1689 1531
f 1691 1537 1533
f 1689 1698 1538
f 1536 1691 1533
f 1687 1692 1684
f 1691 1694 1537
f 1537 1694 1222
f 1694 1079 1222
f 1540 1691 1536
f 1694 1691 1696
f 1545 1700 1542
f 1834 1367 1832
f 1833 1702 1701
f 1702 2397 1230
f 1703 1700 1545
f 1369 1836 1699
f 1367 1834 1547
f 1834 1958 1547
f 1089 2187 1092
f 2187 1231 1092
f 2187 1835 1231
f 1835 1549 1231
f 1961 1548 1376
f 1705 1961 1376
f 1838 1713 1244
f 1556 1970 1557
f 1557 1970 1558
f 1973 1389 1257
f 1257 1389 1388
f 1845 1847 1109
f 1848 1562 1258
f 1722 1564 1260
f 1728 1564 1722
f 1728 1572 1564
f 1727 1726 1392
f 1726 1566 1392
f 1726 1853 1566
f 1853 1725 1566
f 1727 1729 1726
f 1729 1853 1726
f 1731 1728 1852
f 1727 1568 1571
f 1571 1733 1727
f 1733 1734 1729
f 1733 1729 1727
f 1734 1855 1729
f 1855 1853 1729
f 1731 1569 1728
f 1737 1732 1573
f 1732 1739 1730
f 1739 1856 1730
f 1856 1571 1730
f 1856 1733 1571
f 1737 1854 1732
f 1854 1739 1732
f 1856 1735 1733
f 1733 1735 1734
f 1735 1736 1734
f 1578 1737 1576
f 1740 1741 1856
f 1741 1735 1856
f 1741 1746 1735
f 1735 1746 1736
f 1742 1738 1578
f 1738 1737 1578
f 1738 1854 1737
f 1739 1740 1856
f 1742 1743 1738
f 1738 1744 1854
f 1854 1744 1739
f 1744 1581 1739
f 1739 1581 1740
f 1581 1582 1740
f 1582 1741 1740
f 1582 1425 1741
f 1425 1746 1741
f 1743 1584 1744
f 1743 1744 1738
f 1584 1581 1744
f 1746 1859 1736
f 1587 1747 1746
f 1747 1859 1746
f 1748 1859 1747
f 1748 1979 1861
f 1748 1861 1859
f 1748 1862 1979
f 1594 1598 1596
f 1883 1449 1878
f 1758 1759 1602
f 1758 1602 1599
f 1883 1601 1449
f 1759 1761 1602
f 1892 1763 1885
f 1763 1889 1885
f 1602 1761 1605
f 1763 1764 1889
f 1764 1761 1889
f 1890 1762 1896
f 1894 1763 1892
f 1763 1607 1764
f 1604 1897 1606
f 1894 1607 1763
f 1609 1610 1897
f 1765 1608 1894
f 2014 1608 1765
f 2014 1767 1608
f 1608 1767 1613
f 1461 1899 1766
f 1768 1467 1767
f 1769 1770 1902
f 1770 1617 1902
f 1904 1467 1768
f 1467 1904 1619
f 1906 1619 1904
f 1906 1471 1619
f 1776 1627 1624
f 1783 1922 1481
f 1788 1926 1485
f 1931 1793 1787
f 1785 1927 1645
f 1926 1648 1485
f 1927 1928 1493
f 1928 1791 1493
f 1926 1939 1648
f 1493 1791 1333
f 1791 1490 1333
f 1791 1935 1490
f 1935 1795 1490
f 1797 2053 1656
f 1656 2053 1657
f 2053 1799 1657
f 1657 1799 1660
f 1799 1801 1660
f 1801 1663 1660
f 1661 1804 1800
f 1804 1802 1800
f 1800 1802 1503
f 1665 1804 1661
f 1665 1808 1804
f 1804 1805 1802
f 1805 1807 1802
f 1806 1808 1665
f 1808 1805 1804
f 1808 1809 1805
f 1809 1669 1805
f 1805 1669 1807
f 1809 1811 1669
f 1670 1946 1510
f 1806 1672 1808
f 1672 1810 1808
f 1808 1810 1809
f 1812 1813 1810
f 1810 1813 1809
f 1813 1811 1809
f 1813 1676 1811
f 1678 1813 1812
f 1813 1815 1676
f 1678 1815 1813
f 1815 1682 1676
f 1818 1815 1678
f 1818 1819 1815
f 1815 1819 1682
f 1819 1687 1682
f 1819 1820 1687
f 1682 1687 1684
f 1686 2067 1689
f 1819 1824 1820
f 1826 1823 1818
f 1818 1823 1819
f 1823 1824 1819
f 1824 1822 1820
f 1820 1825 1687
f 1687 1825 1692
f 1822 1825 1820
f 1826 1827 1823
f 1823 1822 1824
f 1822 1829 1825
f 1692 1825 1697
f 1689 1951 1698
f 1829 1697 1825
f 1699 1827 1826
f 1951 1830 1698
f 1829 1832 1697
f 1699 1831 1827
f 1703 1950 1700
f 1699 1836 1831
f 1828 1834 1832
f 1828 1832 1829
f 1371 2186 1701
f 2186 1833 1701
f 1828 1960 1834
f 1958 1956 1547
f 1230 2187 1089
f 2073 1705 1835
f 1552 2079 1708
f 1709 1711 1551
f 1715 1967 1248
f 1970 1717 1558
f 1717 1971 1718
f 1718 1971 1972
f 1972 2410 1387
f 2410 2084 1387
f 2084 1843 1387
f 1843 1973 1257
f 1973 1974 1389
f 1721 2088 1565
f 1852 1728 1722
f 1725 1851 1723
f 1853 1977 1725
f 1574 2090 1579
f 1736 1855 1734
f 1855 1858 1853
f 1853 1858 1977
f 1736 1857 1855
f 1855 1857 1858
f 1859 1857 1736
f 1857 1860 1858
f 1860 1857 1859
f 1859 1861 1860
f 2091 1589 1130
f 2091 1980 1589
f 1981 1863 1862
f 1982 1436 1434
f 2097 1286 1436
f 1753 1872 1594
f 1872 1873 1594
f 1594 1873 1598
f 1873 1875 1598
f 1990 1880 1758
f 1889 1882 1992
f 1883 1886 1601
f 1759 1882 1761
f 1892 1885 1888
f 1893 1897 1604
f 1893 1604 1450
f 1766 2138 2003
f 2140 1609 2136
f 1898 2014 1765
f 1463 1900 1902
f 1902 1900 1899
f 2014 1768 1767
f 2031 1471 1906
f 1774 1910 1909
f 1774 1909 1773
f 1910 1912 1911
f 1912 1776 1911
f 1911 1776 1624
f 2034 1913 1916
f 1916 1913 1914
f 1914 2035 1778
f 1778 1917 1918
f 1920 1921 1785
f 1922 1924 1925
f 1930 1787 1925
f 1931 1787 1930
f 2045 2046 1790
f 1790 2046 2043
f 1926 2172 1939
f 1935 1936 1795
f 1795 1936 1649
f 1936 1796 1649
f 1799 2175 1801
f 1801 2175 1944
f 1946 2061 2065
f 1700 1950 1542
f 1827 1952 1823
f 1823 1952 1822
f 1822 1952 1829
f 1703 1953 1950
f 1831 1952 1827
f 1952 1828 1829
f 1955 1702 1833
f 1963 1831 1836
f 1831 2077 1952
f 2077 1959 1952
f 1952 1957 1828
f 1959 1957 1952
f 1957 1960 1828
f 1960 1958 1834
f 2072 1835 2187
f 2074 1954 1961
f 2072 2073 1835
f 2073 1961 1705
f 1962 2078 1963
f 2079 2078 1962
f 1556 2197 1970
f 1389 1974 1845
f 1845 2086 1847
f 1562 2088 1721
f 1851 2089 1724
f 1977 2202 1725
f 1860 1978 1858
f 1861 1978 1860
f 1861 1979 1978
f 1980 2093 1589
f 1868 1986 1595
f 1988 2107 1597
f 1597 2107 1990
f 2107 1991 1990
f 1991 1880 1990
f 1991 1992 1880
f 1880 1992 1882
f 1993 2116 2117
f 1992 2116 1889
f 2116 1993 1885
f 1998 1994 1995
f 1998 1995 2118
f 2121 1998 2118
f 1994 1888 1995
f 2007 1998 2121
f 1998 1894 1892
f 1999 2129 1893
f 2007 1898 1998
f 1898 1765 1894
f 2004 2134 1897
f 2008 1898 2007
f 2134 2136 1609
f 2134 1609 1897
f 2253 2014 2008
f 2008 2014 1898
f 2140 1900 1609
f 1609 1900 1463
f 1768 2014 2253
f 2148 1768 2255
f 2021 2024 1905
f 1768 2148 1904
f 1904 2148 1906
f 2028 2026 2025
f 2028 2030 2026
f 2030 1906 2026
f 1909 2030 2028
f 2030 2031 1906
f 1910 2031 2030
f 1915 2033 2035
f 2268 2034 1916
f 1917 2037 1918
f 2036 2160 1919
f 2037 1921 1920
f 1924 2040 1925
f 1923 2041 1928
f 2040 1930 1925
f 2040 2165 1930
f 2166 2172 1926
f 2041 1929 1928
f 2041 2162 1929
f 2162 2042 1929
f 2040 2049 2165
f 2165 1931 1930
f 2042 2169 1929
f 2169 1935 1929
f 2169 1936 1935
f 1931 2045 1793
f 2047 2048 1936
f 1936 2048 1796
f 2172 2373 1939
f 2373 1797 1939
f 2373 2052 1797
f 2053 2175 1799
f 2054 2055 1944
f 2056 2058 2057
f 2064 2066 1949
f 2183 2067 1686
f 1951 2069 1830
f 1956 2186 1371
f 1958 2070 1956
f 2397 2187 1230
f 2071 2070 1958
f 2071 1958 1960
f 2073 2074 1961
f 2076 2071 1960
f 1963 2193 2077
f 1957 2076 1960
f 1963 2078 2193
f 2299 1964 2075
f 2197 2301 1970
f 2301 1717 1970
f 2301 1971 1717
f 1971 2410 1972
f 1974 2086 1845
f 2086 1848 1847
f 2088 2090 1565
f 1565 2090 1574
f 1858 2202 1977
f 2090 2091 1579
f 1978 2202 1858
f 1979 2092 1978
f 1863 2092 1862
f 1863 2307 2092
f 1863 2094 2307
f 2095 2097 1436
f 1986 2100 1985
f 2100 2101 1985
f 2104 2106 1988
f 2106 2107 1988
f 2109 1991 2107
f 2112 2221 2108
f 2110 1991 2109
f 2111 2112 2108
f 2110 1992 1991
f 2112 1992 2110
f 2112 2110 2221
f 1881 1877 1757
f 2114 2115 2111
f 2111 2115 2112
f 2116 2112 2115
f 2116 1992 2112
f 2117 2115 2114
f 2115 2117 2116
f 2227 1993 2117
f 2118 1995 2227
f 2237 2007 2121
f 2124 2138 2126
f 2000 2241 2125
f 2336 2007 2237
f 2127 2134 2004
f 2336 2135 2007
f 2007 2135 2008
f 2253 2008 2135
f 2138 2139 2133
f 5487 2140 2136
f 2139 2140 5487
f 2255 1768 2253
f 2147 2148 2255
f 2147 2255 2144
f 2146 2150 2147
f 2150 2148 2147
f 2151 2150 2146
f 2150 1906 2148
f 2151 2026 2150
f 2150 2026 1906
f 2268 2270 2034
f 2270 1913 2034
f 1913 2271 1915
f 2271 2033 1915
f 2033 2365 2035
f 2365 1917 2035
f 2365 2272 2037
f 2365 2037 1917
f 2037 2272 1921
f 2272 2038 1921
f 2038 2041 1923
f 2164 2042 2162
f 2166 2277 2172
f 2164 2168 2042
f 2042 2168 2169
f 2049 2276 2165
f 2165 2167 1931
f 2276 2167 2165
f 2167 2045 1931
f 2368 2045 2167
f 2368 2170 2045
f 2045 2274 2046
f 2045 2170 2274
f 2169 2047 1936
f 2047 2276 2048
f 2048 2276 2049
f 2052 2053 1797
f 2175 2054 1944
f 2054 2177 2055
f 2177 2281 2055
f 2055 2281 2062
f 2281 2060 2062
f 2059 2179 2057
f 2184 2288 1821
f 2183 2185 2067
f 1950 2184 1821
f 1953 2291 1950
f 2185 2068 1951
f 2185 2293 2068
f 2293 2188 2069
f 2293 2069 2068
f 2074 2394 1954
f 2070 2186 1956
f 2188 2190 2069
f 2071 2189 2070
f 2486 2074 2073
f 2296 2071 2076
f 2298 1957 1959
f 2298 2192 1957
f 2192 2076 1957
f 2077 2298 1959
f 2191 2299 2190
f 2077 2193 2298
f 2078 2194 2193
f 2625 2410 1971
f 2199 1973 1843
f 2199 1974 1973
f 1562 2305 2088
f 2202 2203 2201
f 2094 2417 2307
f 2093 2508 2418
f 1749 2096 2309
f 2098 2211 2209
f 2216 2100 1986
f 2214 2220 2104
f 2220 2106 2104
f 2220 2109 2106
f 2106 2109 2107
f 2223 2111 2108
f 2222 2321 1877
f 2222 1877 1881
f 2114 2228 2117
f 2120 2324 2113
f 2225 2231 2119
f 2124 2324 2120
f 2229 2234 2118
f 2232 2233 2230
f 2230 2119 5486
f 2235 2236 2232
f 2232 2236 2233
f 2236 2330 2233
f 2124 2126 2324
f 2234 2237 2121
f 2125 2238 2235
f 2235 2238 2236
f 2238 2239 2236
f 2236 2239 2330
f 2135 2336 2337
f 2241 2238 2125
f 2238 2247 2239
f 2133 2339 2333
f 2128 2127 2004
f 2242 2135 2337
f 2241 2247 2238
f 2243 2244 2133
f 2133 2244 2339
f 2244 5487 2136
f 2243 5487 2244
f 2242 2253 2135
f 2252 2253 2242
f 2137 2249 2338
f 2137 2338 2247
f 2248 2143 2240
f 2252 2255 2253
f 2254 2144 2255
f 2347 2260 2143
f 2347 2259 2260
f 2260 2354 2153
f 2354 2260 2259
f 2354 2261 2153
f 2153 2261 2157
f 2261 2262 2157
f 2262 2265 2157
f 2268 2269 2270
f 2270 2459 2271
f 2270 2271 1913
f 2271 2461 2033
f 2461 2365 2033
f 2041 2366 2162
f 2162 2577 2164
f 2274 2277 2166
f 2274 2367 2277
f 2577 2168 2164
f 2276 2368 2167
f 2465 2276 2047
f 2465 2368 2276
f 2371 2369 2170
f 2371 2170 2368
f 2373 2583 2052
f 2052 2374 2053
f 2377 2065 2286
f 2377 2185 2183
f 2293 2479 2188
f 1702 1955 2397
f 2599 2396 2070
f 2070 2396 2186
f 2486 2295 2074
f 2072 2486 2073
f 2297 2402 2076
f 2192 2492 2297
f 2194 2403 2193
f 2193 2403 2298
f 2298 2492 2192
f 2403 2492 2298
f 2407 1840 2081
f 1974 2501 2086
f 1848 2304 1562
f 2304 2305 1562
f 2305 2631 2088
f 2088 2631 2090
f 2201 2414 2089
f 2307 2506 2092
f 1983 2309 2308
f 2211 2313 2312
f 2424 2319 2214
f 2318 2215 2219
f 2427 2318 2105
f 2319 2320 2220
f 2220 2320 2109
f 2322 2323 2110
f 2322 2110 2109
f 2113 2324 2222
f 2325 2328 2231
f 2331 2433 2324
f 2126 2331 2324
f 2126 2334 2331
f 2234 2532 2237
f 2333 2334 2126
f 2335 2537 2240
f 2240 2537 2248
f 2340 2341 2242
f 2248 2441 2143
f 2346 2252 2341
f 2346 2254 2252
f 2252 2254 2255
f 2345 2254 2346
f 2342 2348 2250
f 2441 2347 2143
f 2256 2545 2440
f 2348 2257 2250
f 2257 2348 2350
f 2351 2259 2347
f 2350 2352 2256
f 2351 2354 2259
f 2354 2452 2261
f 2452 2358 2261
f 2358 2361 2262
f 2262 2361 2265
f 2361 2457 2265
f 2265 2457 2362
f 2458 2270 2269
f 2458 2459 2270
f 2460 2271 2459
f 2460 2461 2271
f 2461 2573 2365
f 2575 2724 2160
f 2038 2462 2041
f 2462 2366 2041
f 2367 2370 2277
f 2370 2373 2172
f 2370 2172 2277
f 2169 2875 2047
f 2875 2465 2047
f 2374 2177 2054
f 2376 2284 2280
f 2382 2389 2185
f 2385 2292 2290
f 2389 2478 2185
f 2478 2293 2185
f 2295 2483 2394
f 2396 2482 2186
f 2482 1833 2186
f 2482 1955 1833
f 2397 2294 2187
f 2488 2599 2189
f 2294 2072 2187
f 2601 2191 2188
f 2191 2494 2299
f 2494 2496 2299
f 2495 2404 2196
f 2196 2404 2195
f 2409 2621 2197
f 2500 2301 2197
f 2412 1848 2086
f 2412 2304 1848
f 2092 2506 2416
f 3066 1980 2091
f 2417 2507 2307
f 2638 2206 2310
f 2331 2531 2433
f 2229 2662 2234
f 2328 2530 2335
f 2532 2436 2336
f 2340 2439 2341
f 2537 2542 2248
f 2248 2542 2441
f 2439 2540 2341
f 2341 2540 2346
f 2543 5488 2345
f 2547 2347 2441
f 5488 2442 2348
f 2347 2444 2351
f 2444 2347 2547
f 2444 2448 2351
f 2448 2354 2351
f 2451 2452 2354
f 2453 2358 2452
f 2453 2454 2358
f 2454 2361 2358
f 2454 2570 2361
f 2570 2457 2361
f 2455 2456 2571
f 2365 2573 2272
f 2573 2574 2272
f 2272 2574 2038
f 2574 2462 2038
f 2366 2577 2162
f 2367 2464 2370
f 2372 2464 2367
f 2873 2169 2168
f 2465 2579 2368
f 2579 2580 2368
f 2368 2580 2371
f 2371 2466 2369
f 2466 2372 2369
f 2472 2064 2288
f 2474 2888 2288
f 2184 2474 2288
f 2475 2390 2385
f 2386 2477 2389
f 2483 2595 2394
f 2746 2483 2295
f 2485 2294 2397
f 2489 2401 2400
f 2489 2491 2401
f 2611 2492 2403
f 2493 2611 2403
f 2495 2493 2404
f 2767 2495 2080
f 2080 2495 2196
f 2496 2498 2406
f 2407 2499 2082
f 2620 2621 1967
f 2621 2409 1967
f 2301 2623 1971
f 2623 2625 1971
f 2625 2923 2410
f 2923 2084 2410
f 2084 2628 1843
f 1843 2628 2199
f 2501 2412 2086
f 2412 2630 2304
f 2631 2505 2090
f 2505 3066 2090
f 3066 2091 2090
f 2636 2204 2418
f 2204 2638 2310
f 2206 2514 2424
f 2424 2514 2426
f 2514 2525 2426
f 2428 2522 2427
f 2426 2525 2430
f 2525 2526 2430
f 2526 2325 2430
f 2526 2654 2325
f 2654 2530 2325
f 2529 2662 2229
f 2662 2532 2234
f 2435 2668 2531
f 2673 2335 2530
f 2534 2824 2435
f 2438 2536 2534
f 2534 2536 2824
f 2535 2439 2340
f 2344 2827 2536
f 2535 2540 2439
f 2545 2827 2344
f 2542 2547 2441
f 2549 2444 2547
f 2549 2553 2444
f 2553 2448 2444
f 2449 2559 2352
f 2554 2556 2694
f 2448 2451 2354
f 2450 2556 2554
f 2448 2562 2451
f 2565 2564 2450
f 2450 2564 2556
f 2562 2452 2451
f 2562 2563 2452
f 2452 2563 2453
f 2565 2566 2564
f 2563 2567 2453
f 2568 2566 2565
f 2568 2569 2566
f 2567 2454 2453
f 2455 2569 2568
f 2570 2716 2457
f 2456 2718 2571
f 2722 2721 2457
f 2459 3006 2460
f 2461 2460 2573
f 2724 2868 2269
f 2725 2462 2574
f 3013 2366 2462
f 2872 2873 2577
f 2577 2873 2168
f 2873 2875 2169
f 2370 2582 2373
f 2875 3015 2465
f 3015 2579 2465
f 2466 2581 2372
f 2371 2580 2466
f 2586 2588 2374
f 2739 2590 3030
f 2888 2591 2472
f 2739 2740 2473
f 2740 2476 2473
f 2476 2889 2475
f 2291 2592 2184
f 2889 2594 2390
f 2889 2390 2475
f 2593 2592 2291
f 2387 2593 2291
f 2594 2481 2390
f 2595 2593 2387
f 2482 2597 1955
f 2597 2891 1955
f 1955 2891 2397
f 2891 2485 2397
f 2485 2892 2294
f 2892 2072 2294
f 2072 2892 2486
f 2892 2295 2486
f 2748 2599 2488
f 2894 2748 2488
f 2894 2488 2296
f 2604 2607 2491
f 2604 2491 2489
f 2605 2608 2191
f 2611 2754 2492
f 2608 2494 2191
f 2496 2768 2498
f 2768 2770 2498
f 2770 2771 2498
f 2771 2407 2498
f 2407 2616 2499
f 2776 2620 2499
f 2622 2500 2621
f 2923 2628 2084
f 2501 3245 2412
f 2630 2786 2304
f 2304 2786 2305
f 2636 2418 2508
f 2641 2514 2638
f 2641 2643 2514
f 2946 2643 2641
f 2946 2641 2800
f 2649 2643 2946
f 2643 2652 2514
f 2514 2652 2525
f 2649 2652 2643
f 2648 2647 2523
f 2651 2648 2523
f 2650 2651 2524
f 2650 2807 2651
f 2652 2526 2525
f 2653 2807 2650
f 2652 2654 2526
f 2527 2959 2653
f 2809 2530 2654
f 2809 2663 2530
f 2810 2667 2532
f 2810 2532 2662
f 2663 2673 2530
f 2670 2668 2435
f 2667 2671 2436
f 2671 2675 2437
f 2671 2437 2436
f 2680 2540 2535
f 2680 2685 2543
f 2828 2684 2544
f 2545 2834 2827
f 2686 2691 2684
f 2545 2841 2834
f 2689 2550 2443
f 2688 2692 2547
f 2691 2548 2684
f 2352 2841 2545
f 2692 2553 2549
f 2692 2695 2553
f 2691 2696 2548
f 2689 2697 2550
f 2553 2695 2448
f 2697 2699 2557
f 2697 2557 2550
f 2696 2698 2558
f 2695 2700 2448
f 2559 2847 2845
f 2557 2699 2560
f 2559 2561 2847
f 2699 2704 2560
f 2700 2562 2448
f 2562 2703 2563
f 2564 2707 2851
f 2567 2859 2454
f 2859 2858 2454
f 2712 2856 2572
f 2716 2719 2457
f 2719 2722 2457
f 2721 2722 2867
f 2723 3163 2458
f 2458 3163 2459
f 3163 3006 2459
f 3006 3007 2460
f 3007 2573 2460
f 2869 2725 2574
f 3009 2724 2575
f 2725 3013 2462
f 2366 3172 2577
f 3172 2872 2577
f 5491 2728 2464
f 2728 2370 2464
f 2730 3015 2875
f 2728 2733 2582
f 2731 2733 2728
f 2579 3019 2580
f 2580 2732 2466
f 2734 2732 2580
f 2732 2581 2466
f 3019 2734 2580
f 2582 2733 2583
f 2733 2735 2583
f 2583 2735 2584
f 2735 2736 2584
f 2586 2882 2588
f 2737 2588 2882
f 2588 2737 2589
f 2737 3028 2589
f 3028 3030 2589
f 2589 3030 2590
f 2886 2739 3030
f 2886 2740 2739
f 2743 2594 2889
f 2741 2592 2593
f 2742 2741 2593
f 2890 2744 2743
f 2743 2745 2594
f 2744 2745 2743
f 2594 2745 2598
f 2747 2597 2482
f 2747 2482 2396
f 2749 2747 2396
f 2892 2746 2295
f 2893 2745 2744
f 2748 2749 2599
f 2745 2750 2598
f 2893 2750 2745
f 2751 2750 2893
f 2751 2753 2750
f 2756 2753 2751
f 2755 2608 2605
f 2761 2494 2608
f 2760 2611 2493
f 2761 2765 2494
f 2765 2768 2496
f 2771 2772 2407
f 2776 2918 2620
f 2500 2922 2623
f 2922 2780 2623
f 2780 3241 2623
f 2623 3241 2625
f 3241 2923 2625
f 3241 3242 2923
f 2923 3243 2628
f 3244 1974 2199
f 2784 3245 2501
f 3245 2786 2412
f 2786 2630 2412
f 2631 3938 2505
f 3938 3066 2505
f 2509 3254 2508
f 3254 2636 2508
f 2638 2800 2641
f 2649 2955 2652
f 2955 2808 2652
f 2808 2654 2652
f 2958 2808 2955
f 2959 2807 2653
f 2655 2959 2527
f 2961 2808 2958
f 2808 2809 2654
f 2813 2663 2809
f 2816 2669 2667
f 2813 2821 2663
f 2663 2821 2673
f 2965 2964 2824
f 2821 2830 2673
f 2677 2825 2828
f 2836 2686 2684
f 2830 2972 2840
f 2837 2838 2690
f 2690 2843 2689
f 2686 2844 2691
f 2842 2849 2695
f 2843 2697 2689
f 2844 2698 2691
f 2845 2352 2559
f 2843 2850 2697
f 2850 2704 2699
f 2850 2705 2704
f 2848 2852 2698
f 2706 2983 2561
f 2850 2986 2705
f 2986 2994 2705
f 2854 2567 2703
f 2705 2856 2710
f 2856 2996 2860
f 2719 2866 2722
f 2867 5489 3001
f 2866 2867 2722
f 2868 3165 2723
f 3007 3008 2573
f 3008 2869 2573
f 2869 2574 2573
f 3009 2868 2724
f 3013 2870 2366
f 2870 3172 2366
f 2874 2875 2873
f 5491 2731 2728
f 2874 2730 2875
f 3015 3019 2579
f 2731 2878 2733
f 2734 2877 2732
f 2734 5492 2877
f 3020 2878 2731
f 2878 2879 2733
f 2879 2880 2735
f 2879 2735 2733
f 2881 2880 2879
f 2880 2736 2735
f 2881 2736 2880
f 2882 2736 2881
f 2736 2882 2586
f 3028 2737 3181
f 3187 3030 3028
f 3186 2886 3030
f 2888 3036 2591
f 3038 2888 2474
f 3040 2889 2886
f 3041 2741 2742
f 3040 2743 2889
f 3212 2890 3040
f 2895 2890 3212
f 2890 2893 2744
f 2895 2893 2890
f 3220 3043 2892
f 3043 2746 2892
f 3045 2749 2748
f 2895 2751 2893
f 2896 2756 2751
f 2896 2751 2895
f 2896 2897 2756
f 2756 2897 2610
f 3049 2897 2896
f 2610 2897 2612
f 3049 2612 2897
f 2612 3049 2614
f 3049 2902 2614
f 2909 2615 3050
f 3050 2615 2902
f 2904 2615 2775
f 3233 2912 2909
f 2912 3233 2618
f 2918 2777 2620
f 3593 2922 2500
f 3243 2199 2628
f 3244 2501 1974
f 3610 2305 2786
f 2305 3768 2631
f 3070 2509 3066
f 2933 2938 2795
f 2944 2946 2800
f 2948 2945 2947
f 2943 2950 2944
f 2950 2649 2946
f 2950 2946 2944
f 2948 2954 2945
f 2954 2949 2945
f 2945 2949 2943
f 2949 2950 2943
f 2949 3097 2950
f 3097 2649 2950
f 3097 2955 2649
f 2957 3100 2953
f 2807 3273 2651
f 2651 3273 2957
f 3104 2958 2955
f 2959 2960 2807
f 2960 3273 2807
f 2655 2960 2959
f 2961 2809 2808
f 2961 2813 2809
f 2813 3114 2821
f 3107 3114 2813
f 3107 2813 2961
f 3114 2967 2821
f 2965 3111 2964
f 2967 2830 2821
f 2971 2967 3114
f 2827 3119 3112
f 2967 2972 2830
f 2971 2972 2967
f 2825 2684 2828
f 2825 2836 2684
f 2836 2974 2686
f 2973 2840 2972
f 2974 2844 2686
f 2843 3131 2979
f 2844 2974 2848
f 2979 3143 2850
f 2983 3139 2847
f 3143 2986 2850
f 3319 2989 2848
f 2994 2996 2856
f 2854 2998 2859
f 2995 2997 3328
f 3001 2997 2995
f 3001 3155 2997
f 2862 3002 2861
f 2861 3002 2719
f 3001 5489 3155
f 3002 5489 2866
f 3002 2866 2719
f 5489 3002 3155
f 5489 2867 2866
f 3163 3007 3006
f 3165 3163 2723
f 3164 3008 3007
f 2868 3166 3165
f 3010 3166 2868
f 3009 3010 2868
f 3011 3012 2869
f 2869 3012 2725
f 3167 3010 3009
f 3011 3168 3012
f 3012 3013 2725
f 3168 3013 3012
f 2727 2871 3171
f 2872 3014 2873
f 3014 2874 2873
f 3173 5491 2876
f 3019 3176 2734
f 2734 3022 5492
f 2878 2881 2879
f 3179 2881 2878
f 3024 2882 2881
f 3025 2882 3024
f 3025 2737 2882
f 3027 3028 3181
f 3029 3187 3028
f 3034 3188 3032
f 2887 3192 3033
f 3034 3035 3188
f 3037 3193 3035
f 3035 3193 3188
f 3191 2886 3186
f 3036 2887 2591
f 3196 3037 3035
f 3194 2886 3191
f 2888 3195 3036
f 3040 2886 3194
f 3195 2888 3038
f 3203 3037 3196
f 3199 3038 2474
f 3199 2592 2741
f 3039 3203 3196
f 3041 3199 2741
f 3697 3040 3542
f 3042 2742 2595
f 3042 3041 2742
f 3044 3042 2483
f 2746 3044 2483
f 3043 3044 2746
f 2747 3216 2597
f 2597 3216 2891
f 2485 3220 2892
f 3223 2749 3045
f 3046 2896 2895
f 3394 3049 2896
f 3230 2909 3050
f 3585 2909 3230
f 3585 3233 2909
f 3060 2921 3405
f 3405 2921 2919
f 2621 3234 2622
f 3242 3243 2923
f 3244 2199 3243
f 2784 2501 3244
f 3250 3067 2930
f 3075 3073 2936
f 2800 3081 2944
f 3081 3262 2944
f 3083 3084 2947
f 2947 3084 2948
f 3082 3084 3083
f 3084 3087 2948
f 3087 3084 3086
f 3088 3087 3086
f 3088 3089 3087
f 3087 3089 2948
f 3091 3088 3086
f 2948 3089 2954
f 3100 3096 3090
f 3091 3268 3088
f 3269 3089 3088
f 3089 3102 2954
f 3102 2949 2954
f 3102 3097 2949
f 3100 3436 3096
f 3269 3102 3089
f 3103 2955 3097
f 3102 3103 3097
f 3273 3101 2957
f 3103 3104 2955
f 3104 3105 2958
f 2960 3276 3273
f 3437 3276 2960
f 3105 2961 2958
f 3281 3280 2960
f 3105 3107 2961
f 3111 3109 2964
f 3110 3109 3290
f 3112 3113 3111
f 3112 3117 3113
f 2971 3121 2972
f 3119 3298 3117
f 2970 3122 2836
f 3121 2973 2972
f 3123 3119 2834
f 3123 3298 3119
f 2978 3129 3123
f 2973 3128 2977
f 3122 3306 2974
f 2845 3129 2978
f 2846 3310 3309
f 3136 3133 2846
f 2977 3128 2981
f 3314 3129 2845
f 3131 3134 2979
f 3136 3137 3133
f 2847 3314 2845
f 3128 3313 2981
f 3139 3317 2847
f 3313 2990 2981
f 3319 3145 2989
f 3143 3149 2986
f 2986 3149 2994
f 2989 3145 2991
f 3326 2995 3496
f 2995 3328 3496
f 3149 2996 2994
f 3149 2999 2996
f 3148 3332 2998
f 2999 3158 2860
f 3158 3005 2860
f 3161 3511 3005
f 3336 3163 3165
f 3336 3164 3163
f 3163 3164 3007
f 3165 3335 3336
f 3166 3335 3165
f 3341 2869 3008
f 3010 3337 3166
f 3341 3342 3011
f 3341 3011 2869
f 3342 3168 3011
f 3342 3345 3168
f 3168 2870 3013
f 3345 2870 3168
f 3170 3171 3346
f 3172 3014 2872
f 3173 3020 5491
f 5491 3020 2731
f 3020 3179 2878
f 3527 3179 3020
f 3176 3022 2734
f 3176 3354 3022
f 3177 3178 5492
f 3353 3179 3527
f 3354 3355 3022
f 2881 3179 3024
f 3531 3025 3024
f 3025 3181 2737
f 3182 3029 3536
f 3029 3027 3536
f 3184 3185 3182
f 3358 3032 3184
f 3032 3185 3184
f 3358 3034 3032
f 3032 3186 3185
f 3186 3187 3185
f 3188 3186 3032
f 3834 3034 3358
f 3187 3186 3030
f 3188 3191 3186
f 3834 3540 3034
f 3034 3540 3035
f 3540 3196 3035
f 3195 3365 3036
f 3197 3198 3193
f 3200 3040 3194
f 3037 3204 3197
f 3201 3369 3199
f 3199 3369 3038
f 3203 3204 3037
f 3202 3039 3196
f 3202 3205 3039
f 3205 3203 3039
f 3203 3206 3204
f 3205 3208 3203
f 3208 3207 3203
f 3207 3206 3203
f 3376 3205 3202
f 3207 3209 3206
f 3208 3210 3207
f 3210 3209 3207
f 3205 3214 3208
f 3214 3215 3208
f 3208 3215 3210
f 3218 3213 3211
f 3211 3213 3205
f 3213 3214 3205
f 3212 3219 2895
f 3376 3211 3205
f 3380 3224 3211
f 3380 3211 3376
f 3224 3218 3211
f 3214 3222 3215
f 3555 3554 2749
f 3216 3701 2891
f 3701 3217 2891
f 3217 3379 2485
f 3217 2485 2891
f 3213 3221 3214
f 3221 3222 3214
f 3223 3555 2749
f 3379 3220 2485
f 3224 3226 3218
f 3226 3381 3218
f 3225 3221 3213
f 3219 3046 2895
f 3380 3226 3224
f 3383 2752 2611
f 3048 3389 2760
f 3394 3050 3049
f 3394 3227 3050
f 3228 3048 3229
f 3227 3230 3050
f 3576 3230 3227
f 3232 3230 3576
f 3230 3232 3585
f 3907 3233 3585
f 3589 3233 3907
f 3058 3406 2777
f 3406 3234 2777
f 3756 2786 3245
f 2786 3756 3610
f 3768 3938 2631
f 3423 3072 2931
f 2934 3623 3255
f 3254 3776 2636
f 3776 2799 2636
f 2799 3081 2800
f 3082 3265 3084
f 3266 3090 3091
f 3091 3090 3096
f 3096 3268 3091
f 3268 3269 3088
f 3096 3267 3268
f 3436 3267 3096
f 3270 3271 3269
f 3270 3269 3268
f 3631 3436 3101
f 3101 3436 3100
f 3273 3631 3101
f 3274 3271 3270
f 3102 3272 3103
f 3103 3277 3104
f 3272 3277 3103
f 3271 3275 3102
f 3271 3102 3269
f 3275 3272 3102
f 3438 3439 3274
f 3442 3275 3271
f 3277 3279 3104
f 3278 3439 3438
f 3104 3279 3105
f 3280 3437 2960
f 3275 3448 3272
f 3448 3277 3272
f 3442 3448 3275
f 3448 3452 3277
f 3452 3279 3277
f 3282 3278 3443
f 3446 3288 3282
f 3452 3287 3279
f 3287 3105 3279
f 3284 3288 3446
f 3105 3287 3107
f 3289 3288 3284
f 3286 3289 3284
f 3289 3462 3288
f 3113 3289 3286
f 3290 3640 3110
f 3117 3462 3289
f 3292 3107 3287
f 3117 3295 3462
f 3107 2971 3114
f 3292 2971 3107
f 3298 3295 3117
f 3292 3297 2971
f 2971 3297 3121
f 3296 3299 3464
f 3299 3300 3464
f 3298 3474 3295
f 3297 3479 3121
f 3299 3304 3300
f 3302 3304 3299
f 3479 2973 3121
f 3302 3307 3304
f 3307 3126 3304
f 3304 3126 3305
f 3126 3309 3305
f 3309 3308 3305
f 3479 3128 2973
f 3309 3310 3308
f 3479 3311 3128
f 3481 3298 3129
f 3306 3312 2974
f 3133 3483 3310
f 3129 3314 3481
f 3313 3128 3311
f 3314 3316 3315
f 3312 3319 2974
f 3314 3317 3316
f 3317 3318 3316
f 3318 3140 3316
f 3316 3140 3315
f 3317 3314 2847
f 3313 3321 2990
f 3324 3494 3317
f 3494 3323 3317
f 3318 3325 3143
f 3323 3325 3318
f 3323 3318 3317
f 3146 3324 3139
f 3143 3325 3149
f 3506 3325 3323
f 3146 3501 3324
f 3503 3148 3321
f 3321 3148 2990
f 3325 3329 3149
f 2991 3665 3508
f 3503 3332 3148
f 3149 3329 2999
f 3157 3331 3328
f 3329 3154 2999
f 3332 3510 3004
f 3154 3161 3158
f 3004 3510 3003
f 3510 3162 3003
f 3335 3512 3336
f 3339 3008 3164
f 3164 3513 3339
f 3339 3341 3008
f 3340 3338 3337
f 3337 3335 3166
f 3337 3338 3335
f 3516 3341 3339
f 3010 3515 3340
f 3167 3515 3010
f 3518 3342 3341
f 3515 3167 3169
f 3346 3344 3515
f 3346 3343 3344
f 3519 3345 3342
f 3345 3347 2870
f 3347 3172 2870
f 3171 3348 3343
f 3171 3343 3346
f 3521 3172 3347
f 3521 3014 3172
f 3521 3811 3014
f 3811 3349 3014
f 3014 3674 2874
f 3349 3522 3014
f 3014 3522 3674
f 3674 3675 2874
f 2874 3675 2730
f 3350 3020 3173
f 2730 3019 3015
f 3354 3176 3810
f 3530 3526 3352
f 3678 3680 3355
f 3678 3355 3354
f 3680 3530 3355
f 3531 3024 3353
f 3682 3356 3025
f 3682 3025 3531
f 3688 3182 3536
f 3687 3184 3688
f 3688 3184 3182
f 3687 3358 3184
f 3185 3029 3182
f 3189 3692 3360
f 2887 3365 3362
f 3363 3194 3191
f 3363 3364 3194
f 3364 3200 3194
f 3367 3200 3364
f 3369 3370 3038
f 3200 3542 3040
f 3041 3201 3199
f 3371 3373 3372
f 3544 3376 3202
f 3378 3374 3042
f 3377 3549 3210
f 3210 3549 3209
f 3212 3697 3219
f 3043 3378 3044
f 3376 3559 3380
f 2749 3554 2747
f 3554 3216 2747
f 3701 4037 3217
f 3218 3381 3213
f 3381 3225 3213
f 3703 3557 3221
f 3221 3557 3222
f 3559 3390 3380
f 3560 3561 3045
f 3382 3381 3226
f 3381 3562 3225
f 3382 3385 3562
f 3382 3562 3381
f 3708 3390 3559
f 3390 3384 3380
f 3380 3384 3226
f 3384 3382 3226
f 3383 3563 2752
f 3384 3386 3382
f 3386 3385 3382
f 3046 3394 2896
f 3388 3386 3384
f 3388 3391 3386
f 3387 3393 3390
f 3390 3393 3384
f 3393 3388 3384
f 3388 3395 3391
f 3392 3389 3048
f 3574 3387 3716
f 3397 3395 3393
f 3393 3395 3388
f 3574 3393 3387
f 3568 3397 3393
f 3709 3227 3394
f 3396 3228 3229
f 3400 5496 3582
f 3402 5496 3400
f 3584 5496 3402
f 5497 3584 3402
f 3403 3404 5497
f 3586 3404 3403
f 3406 3407 3234
f 3240 3740 2778
f 3405 3238 3060
f 3409 2922 3593
f 3409 3745 2922
f 3745 2780 2922
f 2780 3915 3241
f 3915 3749 3241
f 3749 3242 3241
f 3749 3596 3242
f 3596 3243 3242
f 3243 3410 3244
f 3244 3598 2784
f 3598 4384 2784
f 2784 3756 3245
f 3610 3768 2305
f 3413 3416 3246
f 3416 3417 3249
f 3938 3622 3066
f 3618 3423 3249
f 3622 3774 3070
f 3421 3072 3423
f 3421 3424 3072
f 4276 3094 3095
f 3267 3270 3268
f 3630 3270 3267
f 3631 3632 3436
f 3632 3267 3436
f 3630 3438 3274
f 3439 3271 3274
f 3437 3635 3276
f 3438 3440 3278
f 3441 3271 3439
f 3443 3278 3440
f 3441 3442 3271
f 3444 3441 3439
f 3441 3455 3442
f 3280 3447 3437
f 3444 3439 3278
f 3444 3457 3441
f 3457 3454 3441
f 3454 3455 3441
f 3450 3448 3442
f 3449 3447 3280
f 3455 3450 3442
f 3283 3449 3280
f 3446 3451 3284
f 3450 3463 3448
f 3463 3452 3448
f 3462 3444 3288
f 3455 3458 3450
f 3458 3460 3450
f 3460 3463 3450
f 3453 3290 3286
f 3454 3639 3455
f 3639 3458 3455
f 3453 3638 3290
f 3462 3457 3444
f 3457 3643 3454
f 3452 3465 3287
f 3466 3457 3462
f 3463 3465 3452
f 3465 3292 3287
f 3649 3296 3639
f 3639 3296 3458
f 3296 3464 3458
f 3458 3464 3460
f 3464 3467 3460
f 3467 3463 3460
f 3466 3643 3457
f 3471 3469 3466
f 3464 3468 3467
f 3467 3472 3463
f 3472 3465 3463
f 3295 3474 3466
f 3649 3299 3296
f 3473 3292 3465
f 3300 3468 3464
f 3468 3472 3467
f 3472 3473 3465
f 3474 3471 3466
f 3471 3478 3469
f 3292 3475 3297
f 3473 3475 3292
f 3305 3308 3468
f 3468 3308 3472
f 3298 3477 3474
f 3474 3478 3471
f 3302 3480 3303
f 3308 3473 3472
f 3475 3479 3297
f 3481 3477 3298
f 3474 3477 3478
f 3303 3480 3306
f 3481 3661 3477
f 3308 3484 3473
f 3484 3475 3473
f 3475 3311 3479
f 3480 3482 3306
f 3306 3482 3312
f 3310 3484 3308
f 3484 3487 3475
f 3487 3311 3475
f 3483 3484 3310
f 3315 3485 3481
f 3481 3485 3661
f 3491 3311 3487
f 3311 3491 3313
f 3483 3487 3484
f 3486 3485 3315
f 3482 3488 3312
f 3489 3493 3483
f 3483 3493 3487
f 3493 3491 3487
f 3491 3321 3313
f 3492 3497 3489
f 3497 3493 3489
f 3492 3496 3497
f 3323 3500 3506
f 3494 3500 3323
f 3497 3498 3493
f 3493 3498 3491
f 3498 3321 3491
f 3501 3499 3494
f 3499 3500 3494
f 3498 3503 3321
f 3145 3665 2991
f 3501 3504 3499
f 3504 3500 3499
f 3328 3498 3497
f 3328 3503 3498
f 3504 3505 3500
f 3506 3329 3325
f 3505 3506 3500
f 3507 3506 3505
f 3327 3504 3501
f 3503 3331 3332
f 3506 3507 3329
f 3329 3507 3154
f 3154 3507 3161
f 3159 3510 3331
f 3331 3510 3332
f 3333 3667 3156
f 3507 3511 3161
f 3159 3162 3510
f 3338 3512 3335
f 3512 3513 3336
f 3336 3513 3164
f 3340 3514 3338
f 3514 3512 3338
f 3512 3517 3513
f 3513 3516 3339
f 3515 3514 3340
f 3514 3517 3512
f 3517 3516 3513
f 3344 3514 3515
f 3344 3343 3514
f 3343 3517 3514
f 3516 3518 3341
f 3518 3519 3342
f 3343 3669 3517
f 3348 3669 3343
f 3345 3519 3347
f 3519 3520 3347
f 3520 3521 3347
f 3174 3671 3348
f 3523 3671 3174
f 3523 3524 3671
f 5493 3350 3173
f 3809 3176 3019
f 3528 3350 5493
f 3528 3526 3350
f 3350 3527 3020
f 3526 3527 3350
f 3527 3526 3353
f 3678 3354 3810
f 3353 3526 3531
f 3813 3680 3678
f 3679 3531 3526
f 3533 3677 3529
f 3682 3532 3356
f 3537 3357 3819
f 3687 3830 3358
f 3189 3538 3692
f 3358 3830 3834
f 3361 3539 3190
f 3361 3693 3539
f 3362 3693 3361
f 3540 3366 3196
f 4021 3843 3195
f 3195 3843 3365
f 3366 3202 3196
f 3694 3202 3366
f 3367 3542 3200
f 3541 3542 3367
f 3370 3195 3038
f 3694 3544 3202
f 3368 3545 3541
f 3545 3542 3541
f 4026 4021 3370
f 3543 3695 3371
f 3374 4026 3201
f 3374 3201 3041
f 3371 3695 3373
f 3695 3696 3373
f 3696 3550 3373
f 3544 3559 3376
f 3553 3549 3377
f 4037 3556 3217
f 3043 4045 3378
f 3223 3558 3555
f 3556 3379 3217
f 3706 3043 3220
f 3706 4045 3043
f 3561 3558 3223
f 3865 3706 3379
f 3379 3706 3220
f 3560 3563 3561
f 3390 3708 3387
f 3566 3565 3386
f 3386 3565 3385
f 3710 3716 3387
f 3567 3566 3395
f 3887 3227 3709
f 3729 3574 3721
f 3574 3571 3393
f 3571 3568 3393
f 3571 3572 3568
f 3568 3572 3397
f 3571 3573 3572
f 3574 3575 3571
f 3575 3573 3571
f 3579 3573 3575
f 3729 5495 3574
f 5495 3578 3574
f 3574 3578 3575
f 3578 3579 3575
f 5494 3578 5495
f 3578 3580 3579
f 5494 3580 3578
f 5494 3582 3580
f 3581 3583 3402
f 3581 3402 3400
f 3402 3583 5497
f 3902 3583 3900
f 3902 3586 3403
f 3587 3588 3586
f 3587 3586 3902
f 3587 3738 3588
f 3405 3589 3238
f 3911 3409 3593
f 3594 3408 3908
f 3596 3410 3243
f 3411 3602 3605
f 3937 3416 3413
f 3421 3619 3424
f 3424 3620 3073
f 3257 3945 3623
f 3425 3426 3945
f 3633 3438 3630
f 3633 3630 3267
f 3632 3633 3267
f 3635 3634 3631
f 3955 3635 3447
f 3636 3451 3446
f 3456 3787 3958
f 3642 3644 3639
f 3459 3787 3456
f 3644 3649 3639
f 3789 3301 3294
f 3469 3643 3466
f 3469 3646 3643
f 3643 3646 3642
f 3646 3644 3642
f 3644 3648 3649
f 3646 3648 3644
f 3647 3652 3301
f 3655 3657 3469
f 3657 3646 3469
f 3649 3656 3302
f 3649 3302 3299
f 3648 3656 3649
f 3651 3653 3476
f 3657 3794 3646
f 3794 3648 3646
f 3656 3480 3302
f 3794 3656 3648
f 3477 3654 3478
f 3654 3655 3478
f 3661 3654 3477
f 3656 3482 3480
f 3654 3659 3655
f 3659 3657 3655
f 3656 3658 3482
f 3794 3658 3656
f 3659 3660 3657
f 3969 3658 3794
f 3661 3662 3654
f 3662 3659 3654
f 3482 3658 3488
f 3485 3662 3661
f 3658 3795 3488
f 3795 3664 3488
f 3488 3664 3319
f 3664 3145 3319
f 3505 3666 3507
f 3504 3666 3505
f 3801 3802 3508
f 3508 3802 3509
f 3667 3668 3666
f 3668 3507 3666
f 3333 3668 3667
f 3507 3668 3511
f 3517 3669 3516
f 3671 3670 3669
f 3669 3670 3516
f 3348 3671 3669
f 3671 3672 3670
f 3670 3673 3516
f 3673 3518 3516
f 3670 3672 3673
f 3673 3806 3518
f 3518 3806 3519
f 3806 3520 3519
f 3524 3672 3671
f 3520 3811 3521
f 3674 3984 3675
f 3674 3808 3984
f 3984 3676 3675
f 3675 3676 2730
f 3676 3019 2730
f 3676 3809 3019
f 3991 3811 3520
f 3985 3349 3811
f 3809 3810 3176
f 3525 3677 3812
f 3990 3678 3810
f 3814 3813 3678
f 3679 3681 3531
f 3681 3816 3682
f 3681 3682 3531
f 3682 3683 3532
f 3532 3683 3534
f 3687 3688 3686
f 3691 4011 3687
f 3687 4011 3830
f 3539 3831 3827
f 3693 3837 3539
f 3838 3837 3693
f 3839 3366 3834
f 3366 3540 3834
f 3362 3838 3693
f 3840 3362 3365
f 3843 3840 3365
f 3839 3694 3366
f 3546 4016 3543
f 3370 4021 3195
f 3694 3547 3544
f 3545 3548 3542
f 3548 3697 3542
f 3547 3848 3544
f 3848 3559 3544
f 3845 3219 3697
f 3859 3374 3378
f 3555 3863 3554
f 3378 4045 3859
f 3219 3869 3046
f 3564 4047 3562
f 3869 3709 3046
f 3875 3710 3708
f 3389 3876 3383
f 3392 3876 3389
f 3882 3392 3228
f 3715 3718 3883
f 3719 3716 5498
f 3713 3566 3567
f 3720 3718 3715
f 3720 3715 3717
f 3716 3721 3574
f 3719 3721 3716
f 3722 3567 3397
f 3720 3890 3718
f 3724 3890 3720
f 3892 3724 3720
f 3892 3720 3723
f 3887 3576 3227
f 3896 3726 3724
f 3896 3724 3892
f 3721 3898 3729
f 3579 3725 3573
f 3729 3581 5495
f 3898 3581 3729
f 3900 3581 3898
f 3581 3900 3583
f 3733 3902 3900
f 3732 3903 3399
f 3735 3587 3902
f 3735 3737 3587
f 3739 3737 3735
f 3738 3736 3588
f 3053 3903 3732
f 3737 3738 3587
f 3917 3596 3749
f 3410 3598 3244
f 3924 3597 3063
f 3599 3922 3600
f 3922 3750 3600
f 3750 3751 3601
f 3753 3609 3606
f 4385 3756 2784
f 3760 3613 3758
f 3769 3939 3417
f 3770 3771 3620
f 3939 3618 3417
f 3939 3940 3618
f 3941 3619 3421
f 3253 4412 3251
f 3253 3623 3944
f 3070 3774 3254
f 3775 3776 3254
f 3427 3946 3777
f 3776 3081 2799
f 3951 4276 3095
f 3634 3632 3631
f 3633 3952 3440
f 3632 3952 3633
f 3952 3783 3440
f 3440 3783 3443
f 3635 3952 3634
f 3783 3445 3443
f 3445 3784 3636
f 3784 3956 3637
f 3784 3637 3636
f 3958 3955 3449
f 3637 3957 3785
f 3637 3785 3451
f 3785 3786 3641
f 3785 3641 3453
f 3641 3790 3640
f 3789 3647 3301
f 3647 4134 3652
f 4134 3963 3652
f 3793 3794 3657
f 3660 3793 3657
f 3793 4137 3794
f 4137 3969 3794
f 3660 3968 3793
f 3659 3968 3660
f 3969 3795 3658
f 3662 3968 3659
f 3970 3968 3662
f 3971 3795 3969
f 3663 3970 3662
f 3495 3970 3663
f 3495 3974 3970
f 3795 3796 3664
f 3664 3796 3665
f 3796 3797 3665
f 3797 3801 3665
f 3672 3807 3673
f 3673 3807 3806
f 3524 3807 3672
f 3807 3983 3806
f 3984 3809 3676
f 3806 3983 3520
f 3983 3991 3520
f 3989 3984 3808
f 3524 3812 3807
f 3985 3988 3349
f 3349 3808 3522
f 3349 3988 3808
f 3988 3989 3808
f 3990 3810 3809
f 3677 3992 3812
f 3990 3814 3678
f 3533 3992 3677
f 3814 3817 3813
f 3813 3815 3680
f 3815 3681 3679
f 3684 3992 3533
f 3816 3683 3682
f 3691 3686 4001
f 4001 3686 4003
f 4004 3535 3534
f 3821 4006 3819
f 4008 4011 3691
f 3829 3823 4010
f 3827 3828 3824
f 3829 3832 3823
f 3825 3538 3826
f 3539 3827 4013
f 3827 3831 3828
f 3831 3832 3829
f 3831 3829 3828
f 3832 4014 3823
f 3834 3830 4014
f 3832 3833 4014
f 3833 3834 4014
f 3835 3832 3831
f 3836 3833 3832
f 3837 3831 3539
f 3837 3835 3831
f 3833 3839 3834
f 3836 3839 3833
f 4015 3835 3837
f 4015 3836 3835
f 3840 3838 3362
f 3841 3838 3840
f 3841 3837 3838
f 4015 3694 3836
f 3839 3836 3694
f 4016 3842 3543
f 3843 4018 3840
f 4018 3841 3840
f 4018 3843 4021
f 4015 3547 3694
f 4020 3547 4015
f 3842 4017 3695
f 3842 3695 3543
f 4017 3696 3695
f 4017 3844 3696
f 4023 3547 4020
f 3696 3844 3698
f 3548 3845 3697
f 4023 3848 3547
f 3849 3845 3553
f 3698 4174 3846
f 4033 4026 3374
f 3846 3854 3850
f 3859 4033 3374
f 3849 3219 3845
f 3849 4049 3219
f 3852 3853 4027
f 3554 4036 3216
f 4036 4037 3701
f 4036 3701 3216
f 4046 3559 3848
f 4032 4027 3704
f 4185 3556 4037
f 3863 3555 3558
f 3556 4186 3379
f 3379 4186 3865
f 4186 4594 3865
f 4193 4594 4186
f 4046 3708 3559
f 3865 4050 3706
f 4327 4050 3865
f 4049 3869 3219
f 3871 3558 3561
f 3874 3875 3708
f 3869 4055 3709
f 4054 3563 3383
f 3876 4054 3383
f 3877 3878 3874
f 3878 3879 3874
f 3875 3879 3710
f 3882 4209 3876
f 3883 3880 3878
f 3883 3878 3877
f 3879 5498 3710
f 4066 3883 3877
f 3885 4063 3882
f 3888 3883 4066
f 3888 3715 3883
f 3719 4070 3721
f 3717 3723 3720
f 4071 3892 3723
f 3724 3891 3890
f 3887 4217 3576
f 4351 3898 4070
f 3895 3896 3892
f 4217 5501 3576
f 3895 3897 3896
f 3897 4074 3896
f 3576 5501 3232
f 3895 4075 3897
f 5501 4078 3232
f 3232 4078 3585
f 3903 3905 3399
f 3902 3733 4079
f 3902 3904 3735
f 3904 3902 4235
f 3903 3740 3905
f 3906 4233 3736
f 3904 3739 3735
f 4081 3739 3904
f 4081 4238 3739
f 4082 3906 3737
f 4082 3737 3739
f 4238 4082 3739
f 4087 3745 3409
f 3747 3595 3594
f 3915 4248 3749
f 4248 3917 3749
f 2782 3920 3918
f 3917 3919 3596
f 3410 4094 3598
f 3922 3921 3750
f 3750 3921 3751
f 3921 3923 3751
f 3923 4251 3751
f 4094 4384 3598
f 4384 4385 2784
f 3064 4383 3924
f 4110 4396 4260
f 3759 3761 3760
f 3761 3936 3760
f 3936 3613 3760
f 3936 3937 3613
f 3770 3767 3771
f 4116 3942 3619
f 3621 4412 4117
f 3623 4118 3944
f 3777 4119 3426
f 4121 3951 3435
f 3634 3952 3632
f 3952 3954 3783
f 3635 3953 3952
f 3953 3954 3952
f 3954 3445 3783
f 3445 3954 3784
f 4122 3954 3953
f 3953 3635 3955
f 4122 3956 3784
f 3960 3958 3787
f 4130 3960 3788
f 4130 4129 3960
f 3961 4131 3791
f 3961 3791 3789
f 3791 3962 3647
f 3962 4134 3647
f 3963 3966 3965
f 3968 4137 3793
f 4138 4137 3968
f 4137 3972 3969
f 3972 3971 3969
f 3970 4139 3968
f 4139 4138 3968
f 3971 3796 3795
f 3974 4139 3970
f 3971 4140 3796
f 4140 3973 3796
f 3973 3797 3796
f 3974 3976 4139
f 3973 3975 3797
f 3797 3975 3978
f 3978 3804 3801
f 3804 3981 3805
f 3984 3986 3809
f 3987 3983 3807
f 3989 3986 3984
f 3986 3990 3809
f 3812 3987 3807
f 3989 3998 3986
f 3998 3990 3986
f 3812 4149 3987
f 3991 3985 3811
f 3991 3988 3985
f 3988 3998 3989
f 3992 4149 3812
f 4152 3993 3991
f 3993 3988 3991
f 3993 3998 3988
f 3992 3994 4149
f 3998 3814 3990
f 3996 4294 3815
f 3993 4158 3998
f 3995 3814 3998
f 3995 3817 3814
f 3813 3996 3815
f 4294 3997 3815
f 3815 3997 3681
f 3684 3994 3992
f 3998 4158 3995
f 4158 4002 3995
f 3995 4001 3817
f 3817 3996 3813
f 4003 3999 3817
f 3817 3999 3996
f 3997 3816 3681
f 3816 3685 3683
f 4155 3818 3685
f 4157 4000 4158
f 4000 4002 4158
f 4002 3691 4001
f 4000 4008 4002
f 4002 4008 3691
f 4000 4007 4008
f 4164 4010 4000
f 4010 4007 4000
f 4009 4167 4162
f 3823 4007 4010
f 4007 4011 4008
f 3823 4012 4007
f 4012 4011 4007
f 3824 4170 3827
f 3823 4014 4012
f 4012 4014 4011
f 4011 4014 3830
f 3832 3835 3836
f 3841 4020 3837
f 4020 4015 3837
f 4019 3841 4018
f 4019 4020 3841
f 4180 4023 4020
f 4180 4020 4019
f 4021 4022 4018
f 4022 4019 4018
f 4026 4022 4021
f 4178 4019 4022
f 3844 4174 3698
f 4025 3847 4174
f 4033 4178 4026
f 4178 4022 4026
f 4181 3848 4023
f 4181 4046 3848
f 4028 4029 3857
f 4027 4309 3852
f 4033 4187 4178
f 4031 4032 3862
f 4187 4033 3859
f 4030 3861 3857
f 4030 4039 3861
f 4591 4036 3863
f 4591 4183 4036
f 4185 4186 3556
f 4045 4048 3859
f 4048 4187 3859
f 4050 4048 4045
f 4046 3874 3708
f 4594 4327 3865
f 4050 4045 3706
f 4212 3874 4046
f 3868 4195 4052
f 3871 4192 3558
f 4054 3871 3563
f 4054 4326 3871
f 3874 4060 3875
f 4209 4054 3876
f 4060 3879 3875
f 4208 4209 3882
f 4062 4337 3878
f 3878 4337 3879
f 4337 5498 3879
f 3713 4213 3565
f 5498 4342 3719
f 3709 5500 3887
f 4339 3723 3888
f 4339 4071 3723
f 3891 3889 3890
f 4346 4216 3893
f 4071 3895 3892
f 4221 4076 3895
f 4076 4075 3895
f 4077 4076 4221
f 4076 4227 4075
f 4351 3733 3900
f 4351 3900 3898
f 4229 4227 4076
f 4077 4229 4076
f 4229 4231 4227
f 4230 4231 4229
f 4079 4235 3902
f 4238 3904 4235
f 4240 3907 4078
f 4081 3904 4238
f 4080 4233 3906
f 3910 4369 3740
f 3740 4369 4490
f 4084 4087 3409
f 3594 4370 3747
f 4088 4089 3910
f 4087 4246 3745
f 4370 4247 3747
f 3745 4246 3915
f 4246 4248 3915
f 4088 4090 4501
f 4091 3919 3917
f 3919 3410 3596
f 3410 3919 4094
f 4095 4376 4092
f 4092 4093 3921
f 4375 4384 4094
f 4254 3928 3926
f 4254 4097 3928
f 3928 4097 3753
f 3753 4097 4100
f 4101 4102 3930
f 4257 4107 4102
f 4108 3761 3759
f 4111 3936 3761
f 3610 4407 3768
f 4111 4113 3936
f 3936 4113 3937
f 4407 3938 3768
f 4113 4264 3937
f 4261 4264 4113
f 4262 4114 3766
f 3937 4264 3769
f 4112 3767 3770
f 4264 4266 3769
f 4266 3939 3769
f 4116 3619 3941
f 4265 3942 4116
f 4671 3774 3622
f 4549 3775 3774
f 4118 4119 4271
f 4118 4271 4270
f 3429 4420 3780
f 3780 4121 3434
f 4122 4124 3956
f 3953 4124 4122
f 3955 4123 3953
f 4123 4124 3953
f 3958 4123 3955
f 4124 4125 3957
f 4123 4125 4124
f 3957 4125 3959
f 4125 4278 3959
f 3960 4126 3958
f 4128 4127 3959
f 4127 4279 3961
f 4130 4281 4129
f 4131 4132 3962
f 4132 4133 3962
f 4135 3966 3963
f 4138 3972 4137
f 3972 4140 3971
f 4138 4140 3972
f 3976 4141 4139
f 4139 4141 4138
f 4141 4140 4138
f 4141 4290 4140
f 4140 4142 3973
f 3973 4142 3975
f 4144 4146 4143
f 4142 4292 3975
f 4292 3980 3975
f 4145 4146 4144
f 4147 4148 4146
f 4147 4146 4145
f 3987 4150 3983
f 4150 4151 3983
f 4151 3991 3983
f 4149 4150 3987
f 3994 4156 4149
f 4156 4153 4149
f 4149 4153 4150
f 4152 4154 3993
f 4157 3993 4154
f 4153 4300 4150
f 4157 4158 3993
f 3999 4302 3996
f 3996 4302 4294
f 3997 4296 3816
f 4296 4155 3685
f 4296 4298 4155
f 4003 4302 3999
f 4304 4302 4003
f 4156 4165 4153
f 4163 4164 4157
f 4164 4000 4157
f 4006 4162 4156
f 4162 4165 4156
f 4165 4166 4300
f 4169 4163 4301
f 3824 4164 4163
f 4167 4165 4162
f 4169 3824 4163
f 4164 3824 4010
f 4167 4168 4165
f 4168 4166 4165
f 4168 4170 4166
f 4016 4307 3842
f 3842 4172 4017
f 4017 4172 3844
f 4172 4173 4174
f 4172 4174 3844
f 4173 4025 4174
f 4179 4180 4019
f 4178 4179 4019
f 4180 4181 4023
f 4175 4029 4028
f 4032 4309 4027
f 4031 4579 4032
f 3853 4176 4035
f 4187 4319 4178
f 4318 4179 4178
f 4179 4194 4180
f 3849 4190 4049
f 4030 4177 4039
f 4177 4031 4039
f 4176 4315 4035
f 4318 4178 4319
f 4180 4194 4181
f 4183 4184 4036
f 4036 4184 4037
f 4184 4185 4037
f 4332 4194 4179
f 4181 4194 4046
f 4315 4188 4035
f 4323 4189 4187
f 4190 4047 4049
f 4048 4323 4187
f 4195 4197 4058
f 4050 4322 4048
f 4066 4194 4333
f 4066 4212 4194
f 4197 4211 4059
f 4330 4326 4054
f 4047 4055 3869
f 4199 4061 4211
f 4204 4334 4062
f 4334 4337 4062
f 4061 4199 4207
f 4459 4208 4063
f 4055 4338 3709
f 4212 4066 3877
f 3709 4338 5500
f 4066 4339 3888
f 4604 4342 5498
f 5500 4217 3887
f 4342 4218 4070
f 4345 4071 4339
f 4347 4220 4071
f 4220 3895 4071
f 4218 4351 4070
f 4221 3895 4220
f 4478 4221 4220
f 4480 4221 4478
f 4480 4482 4221
f 4482 4077 4221
f 4225 3733 4351
f 5501 4350 4078
f 3733 4228 4079
f 4224 3901 3734
f 4350 4625 4078
f 3905 4237 4356
f 4228 4232 4079
f 4233 4359 3734
f 4362 4234 4077
f 4234 4229 4077
f 4234 4230 4229
f 4625 4240 4078
f 4240 3589 3907
f 4367 3589 4240
f 4490 3905 3740
f 3908 4368 3594
f 4243 4242 4087
f 4496 4087 4242
f 4496 4246 4087
f 4376 4503 4092
f 4249 4378 4093
f 4378 3923 4093
f 4375 4094 3919
f 4252 4250 4095
f 4253 4381 4252
f 4379 4380 4251
f 4380 4511 3926
f 4380 3926 4251
f 3926 4511 4254
f 4255 4256 4101
f 4256 4102 4101
f 4256 4257 4102
f 4387 3756 4385
f 4257 4258 4107
f 4107 4258 4108
f 3756 4392 3610
f 4258 4397 4108
f 4397 3761 4108
f 3761 4397 4111
f 4397 4261 4111
f 4261 4113 4111
f 4261 4540 4264
f 4409 3939 4266
f 3939 4267 3940
f 4267 4268 3940
f 3940 4268 3941
f 4268 4116 3941
f 4271 4414 4270
f 4415 3779 3776
f 4417 3779 4415
f 3779 4417 4418
f 3780 4553 4121
f 3958 4277 4123
f 4123 4277 4125
f 4426 4277 3958
f 4277 4278 4125
f 4426 4278 4277
f 4126 4426 3958
f 4428 4126 3960
f 4128 4280 4279
f 4129 4428 3960
f 4279 4280 4131
f 4280 4132 4131
f 4133 4284 4134
f 4285 4287 4135
f 3976 4289 4141
f 4289 4290 4141
f 4289 4288 4290
f 4140 4290 4142
f 4289 4291 4288
f 4288 4142 4290
f 4146 4291 4289
f 4291 4292 4142
f 4291 4142 4288
f 4146 4293 4291
f 4292 4293 3980
f 4293 4292 4291
f 4148 4293 4146
f 4151 4152 3991
f 4302 4437 4294
f 4437 4297 4294
f 4294 4297 4295
f 4294 4295 3997
f 3997 4295 4296
f 4300 4151 4150
f 4300 4301 4151
f 4151 4301 4152
f 4301 4154 4152
f 4301 4157 4154
f 4304 4439 4302
f 4440 4161 4159
f 4300 4166 4301
f 4301 4163 4157
f 4153 4165 4300
f 4439 4306 4568
f 4166 4169 4301
f 4171 4172 3842
f 4173 4308 4025
f 4308 4175 4025
f 4309 4310 3852
f 4308 4311 4029
f 4308 4029 4175
f 4579 4309 4032
f 4310 4176 3852
f 4311 4313 4030
f 4311 4030 4029
f 4313 4177 4030
f 4313 4584 4177
f 4177 4579 4031
f 4312 4316 4314
f 4314 4316 4448
f 4318 4332 4179
f 4192 4591 3863
f 4185 4193 4186
f 4189 4319 4187
f 4455 4594 4193
f 4319 4458 4318
f 4458 4332 4318
f 4457 4198 4196
f 4332 4333 4194
f 4327 4331 4050
f 4050 4331 4322
f 4322 4328 4048
f 4328 4323 4048
f 4323 4465 4189
f 4458 4460 4332
f 4055 4047 4053
f 4331 4328 4322
f 4209 4336 4054
f 4336 4330 4054
f 4460 4333 4332
f 4338 4055 3873
f 4337 4468 5498
f 4460 4339 4333
f 5500 4338 4213
f 4468 4604 5498
f 4216 4473 4214
f 5500 4473 4217
f 4347 4071 4345
f 4348 4220 4347
f 4218 4477 4351
f 4478 4220 4348
f 4482 4362 4077
f 4228 3733 4225
f 4482 4484 4362
f 4228 4361 4232
f 4626 4362 4484
f 4361 4236 4232
f 4362 4364 4234
f 4364 4363 4234
f 4364 4366 4363
f 4625 4365 4240
f 3910 4089 4369
f 4241 4370 3594
f 4645 4248 4246
f 4090 4502 4501
f 4248 4091 3917
f 4091 4831 3919
f 4760 4502 3920
f 4831 4375 3919
f 4503 4249 4092
f 3597 4383 4377
f 4508 4515 4384
f 4508 4384 4375
f 4511 4513 4254
f 4254 4513 4255
f 4513 4256 4255
f 4257 4389 4258
f 4387 4392 3756
f 4389 4391 4258
f 4258 4391 4397
f 4391 4523 4397
f 4523 4400 4397
f 4400 4261 4397
f 4848 4407 3610
f 4400 4406 4261
f 4404 4114 4262
f 4405 4536 4529
f 4406 4540 4261
f 4407 4408 3938
f 4540 4266 4264
f 4410 4409 4266
f 4268 4538 4116
f 4408 4671 3622
f 4408 3622 3938
f 4117 4541 4269
f 4409 4544 3939
f 4544 4267 3939
f 4117 4411 4541
f 4117 4412 4411
f 4549 3774 4671
f 4420 4553 3780
f 4426 4427 4128
f 4426 4128 4278
f 4128 4427 4280
f 4556 4427 4126
f 4428 4559 4556
f 4281 4558 4428
f 4280 4560 4132
f 4429 4558 4281
f 4560 4431 4132
f 4285 4433 4287
f 4569 4565 4297
f 4297 4436 4295
f 4295 4436 4296
f 4297 4565 4436
f 4436 4689 4296
f 4689 4566 4299
f 4689 4299 4296
f 4566 4303 4299
f 4566 4438 4303
f 4439 4437 4302
f 4438 4440 4303
f 4439 4568 4437
f 4572 4307 4016
f 4307 4171 3842
f 4171 4441 4172
f 4441 4577 4172
f 4577 4173 4172
f 4577 4442 4173
f 4442 4308 4173
f 4442 4445 4308
f 4443 4444 4309
f 4309 4444 4310
f 4445 4311 4308
f 4310 4447 4176
f 4176 4447 4315
f 4445 4446 4311
f 4311 4446 4313
f 4446 4584 4313
f 4177 4584 4579
f 4449 4451 4586
f 4447 4450 4315
f 4315 4450 4196
f 4591 4592 4183
f 4184 4193 4185
f 4452 4455 4193
f 4450 4457 4196
f 4454 4591 4192
f 4457 4593 4321
f 4465 4469 4189
f 4469 4319 4189
f 4469 4458 4319
f 4321 4325 4203
f 4321 4711 4325
f 4325 4711 4459
f 4327 4598 4331
f 4598 4599 4331
f 4469 4466 4458
f 4459 4597 4208
f 4597 4209 4208
f 4464 4326 4330
f 4599 4328 4331
f 4599 4600 4328
f 4328 4600 4323
f 4600 4465 4323
f 4461 4334 4204
f 4461 4468 4334
f 4334 4468 4337
f 4467 4468 4461
f 4472 4466 4469
f 4466 4460 4458
f 4472 4469 4465
f 4472 4471 4466
f 4471 4474 4466
f 4474 4345 4466
f 4345 4460 4466
f 4605 4607 4471
f 4605 4471 4472
f 4607 4474 4471
f 4473 4612 4217
f 4607 4475 4474
f 4346 4473 4216
f 4475 4347 4474
f 4474 4347 4345
f 4610 4348 4475
f 4475 4348 4347
f 4610 4478 4348
f 4612 4350 5501
f 4617 4228 4225
f 4483 4228 4617
f 4623 4482 4480
f 4237 4620 4726
f 4228 4483 4361
f 4623 4484 4482
f 4360 4481 4357
f 4483 4486 4361
f 4361 4486 4236
f 4485 4360 4363
f 4363 4360 4230
f 4486 4622 4236
f 4486 4487 4622
f 4362 4626 4364
f 4629 4488 4487
f 4629 4487 4486
f 4490 4624 4237
f 4490 4638 4624
f 4629 4631 4488
f 4365 4739 4240
f 4489 4364 4626
f 4489 4630 4366
f 4489 4366 4364
f 4820 4632 4629
f 4632 4631 4629
f 4490 4369 4638
f 4747 4370 4241
f 4493 4370 4747
f 4492 4496 4242
f 4641 4496 4492
f 4641 4492 4491
f 4751 4495 4641
f 4495 4496 4641
f 4370 4497 4247
f 4493 4497 4370
f 4247 4497 4374
f 4495 4645 4246
f 4497 4500 4374
f 4756 4500 4497
f 4248 4646 4091
f 4646 4831 4091
f 4504 4647 4376
f 4505 4249 4503
f 4249 4505 4506
f 4506 4378 4249
f 4250 4507 4376
f 4509 4649 4381
f 4509 4381 4253
f 4515 4385 4384
f 4653 4256 4513
f 4515 4517 4385
f 4653 4389 4257
f 4653 4257 4256
f 4517 4387 4385
f 4520 4389 4518
f 4520 4391 4389
f 4519 4522 4659
f 4661 4521 4391
f 4661 4391 4520
f 4521 4523 4391
f 4392 4848 3610
f 4528 4524 4522
f 4530 4523 4521
f 4530 4400 4523
f 4528 4529 4524
f 4529 4666 4524
f 4529 4532 4666
f 4534 4537 4400
f 4537 4406 4400
f 4529 4536 4532
f 4536 4533 4532
f 4532 4533 4534
f 4537 4539 4406
f 4533 4669 4534
f 4534 4669 4537
f 4539 4540 4406
f 4541 4669 4533
f 4542 4540 4539
f 4540 4410 4266
f 4542 4410 4540
f 4543 4538 4268
f 4410 4545 4409
f 4545 4544 4409
f 4544 4543 4267
f 4267 4543 4268
f 4541 4548 4669
f 4669 4548 4542
f 4546 4410 4542
f 4548 4546 4542
f 4548 4547 4546
f 4413 4547 4548
f 4270 4673 4547
f 4270 4414 4673
f 4550 4551 4271
f 4417 4415 5084
f 4552 4420 4418
f 4420 4782 4553
f 4555 4553 4679
f 4427 4556 4280
f 4559 4557 4556
f 4556 4681 4280
f 4557 4681 4556
f 4558 4559 4428
f 4681 4560 4280
f 4558 4683 4559
f 4560 4561 4431
f 4430 4558 4429
f 4561 4562 4431
f 4565 4689 4436
f 4566 4691 4438
f 4437 4569 4297
f 4437 4568 4569
f 4571 4569 4568
f 4569 4571 4570
f 4570 4440 4567
f 4572 4573 4307
f 4573 4171 4307
f 4573 4574 4171
f 4574 4441 4171
f 4699 4577 4441
f 4699 4578 4577
f 4578 4580 4577
f 4580 4442 4577
f 4579 4791 4443
f 4581 4791 4579
f 4585 4582 4700
f 4700 4582 4578
f 4580 4583 4442
f 4442 4583 4445
f 4584 4581 4579
f 4314 4698 4697
f 4314 4585 4698
f 4445 4583 4446
f 4587 4704 4583
f 4583 4704 4446
f 4705 4446 4704
f 4446 4702 4584
f 4585 4586 4582
f 4586 4589 4588
f 4589 4708 4588
f 4184 4452 4193
f 4590 4457 4450
f 4590 4593 4457
f 4454 4950 4591
f 4593 4711 4321
f 4464 4454 4326
f 4711 4595 4459
f 4594 4598 4327
f 4595 4597 4459
f 4597 4336 4209
f 4336 4803 4330
f 4803 4464 4330
f 4467 4601 4468
f 4804 4600 4599
f 4603 4465 4600
f 4603 4472 4465
f 4468 4601 4604
f 4603 4605 4472
f 4603 4717 4605
f 4604 4606 4342
f 4717 4607 4605
f 4606 4218 4342
f 4477 4218 4606
f 4473 4608 4612
f 4615 4721 4349
f 4477 4812 4351
f 4721 4350 4612
f 4811 4478 4610
f 4812 4225 4351
f 4811 4621 4478
f 4621 4480 4478
f 4615 4349 4224
f 4617 4725 4483
f 4359 4619 4224
f 4621 4623 4480
f 4350 4729 4625
f 4620 4727 4726
f 4733 4484 4623
f 4735 4484 4733
f 4725 4486 4483
f 4629 4486 4725
f 4735 4627 4484
f 4627 4626 4484
f 4627 4634 4489
f 4627 4489 4626
f 4743 4745 4627
f 4745 4634 4627
f 4634 4741 4489
f 5052 4632 4820
f 4632 4635 4631
f 4738 4637 4633
f 5052 4636 4632
f 4368 4636 4241
f 4752 4639 4750
f 4639 4640 4750
f 4639 4641 4491
f 4751 4641 4752
f 4752 4641 4639
f 4828 4495 4751
f 4493 4756 4497
f 4756 4644 4500
f 4501 4974 4089
f 4502 5061 4501
f 4645 4646 4248
f 4759 4831 4646
f 4759 4761 4831
f 4507 4834 4504
f 4505 4648 4506
f 4648 4378 4506
f 4831 4508 4375
f 4763 4380 4379
f 4383 4908 4377
f 4511 4380 4836
f 4508 4764 4515
f 4651 4513 4511
f 4513 4765 4653
f 4653 4768 4389
f 4768 4518 4389
f 4770 4518 4768
f 4656 4769 4842
f 4656 4657 4769
f 4769 4657 4770
f 4518 4658 4520
f 4658 4518 4770
f 4656 4659 4657
f 4657 4658 4770
f 4657 4660 4658
f 4660 4661 4520
f 4660 4520 4658
f 4659 4660 4657
f 4659 4524 4660
f 4524 4661 4660
f 4664 4521 4661
f 4524 4664 4661
f 4664 4666 4530
f 4664 4530 4521
f 4772 4525 4402
f 4526 4774 4404
f 4666 4534 4530
f 4530 4534 4400
f 4667 4665 4531
f 4669 4539 4537
f 4669 4542 4539
f 4408 4670 4671
f 4544 4778 4543
f 4672 4544 4545
f 4546 4672 4410
f 4410 4672 4545
f 4546 4547 4672
f 4547 4674 4672
f 4853 4549 4671
f 4673 4674 4547
f 4414 4854 4673
f 4271 4675 4854
f 4552 4418 4780
f 4679 4553 4782
f 4555 4679 4932
f 4683 4682 4559
f 4559 4682 4557
f 4560 4681 4561
f 4682 4681 4557
f 4682 4561 4681
f 4558 4684 4683
f 4430 4684 4558
f 4430 4787 4684
f 4685 4860 4563
f 4685 4563 4432
f 4563 4789 4433
f 4565 4690 4689
f 4690 4566 4689
f 4693 4566 4690
f 4693 4691 4566
f 4565 4692 4690
f 4690 4692 4693
f 4569 4570 4565
f 4570 4692 4565
f 4691 4693 4567
f 4694 4574 4573
f 4694 4695 4574
f 4576 4695 4694
f 4695 4696 4574
f 4696 4441 4574
f 4576 4697 4695
f 4697 4698 4695
f 4695 4698 4696
f 4698 4699 4696
f 4696 4699 4441
f 4698 4700 4699
f 4700 4578 4699
f 4791 4869 4443
f 4869 4444 4443
f 4444 4792 4310
f 4578 4701 4580
f 4702 4941 4581
f 4792 4870 4310
f 4870 4703 4447
f 4870 4447 4310
f 4701 4587 4580
f 4580 4587 4583
f 4588 4707 4587
f 4707 4704 4587
f 4707 4705 4704
f 4705 4706 4446
f 4708 4707 4588
f 4708 4794 4707
f 4707 4794 4705
f 4589 4709 4708
f 4708 4709 4794
f 4592 4876 4183
f 4183 4796 4184
f 4876 4796 4183
f 4184 4796 4452
f 4710 4794 4709
f 4711 4879 4595
f 4799 4454 4464
f 4596 4713 4712
f 4879 4715 4595
f 4595 4715 4597
f 4597 4715 4336
f 4803 4716 4464
f 4804 4603 4600
f 4470 4604 4601
f 4954 4717 4603
f 4606 4604 4470
f 4717 4719 4607
f 4607 4719 4475
f 4719 4610 4475
f 4721 4720 4350
f 4617 4225 4812
f 4720 4724 4350
f 4723 4725 4617
f 4729 4724 4619
f 4724 4729 4350
f 4815 4621 4811
f 4818 4891 4730
f 4819 4733 4621
f 4819 4621 4815
f 4733 4623 4621
f 4729 4731 4625
f 4732 4731 4729
f 4734 4731 4732
f 4624 4893 4818
f 4892 4629 4725
f 4736 4739 4734
f 4739 4365 4734
f 4737 4739 4736
f 4738 4739 4737
f 4740 4627 4735
f 4741 4628 4630
f 4743 4627 4740
f 4823 4634 4745
f 4637 4738 4635
f 4638 4742 4624
f 4744 4825 4743
f 4825 4745 4743
f 4898 4742 4638
f 4746 4825 4744
f 4747 4636 5052
f 4748 4749 4744
f 4749 4746 4744
f 4636 4747 4241
f 4748 4750 4749
f 4902 4747 4969
f 4752 4750 4748
f 4902 4493 4747
f 4089 4972 4898
f 4089 4974 4972
f 4901 4493 4902
f 4901 4756 4493
f 4828 4645 4495
f 4758 4646 4645
f 4905 4646 4758
f 4647 4830 4503
f 4503 4830 4505
f 4378 4762 4379
f 4762 4763 4379
f 4831 4909 4508
f 4763 4835 4380
f 4835 4836 4380
f 4764 4508 4909
f 4836 4651 4511
f 4382 4840 4383
f 4764 4517 4515
f 4655 4916 4837
f 4655 4837 4767
f 4765 4768 4653
f 4841 4768 4765
f 4769 4770 4841
f 4841 4770 4768
f 4517 4843 4387
f 4843 4392 4387
f 4844 4663 4772
f 4771 4774 4773
f 4774 4527 4404
f 4775 4665 4667
f 4778 4850 4543
f 4850 4777 4543
f 4543 4777 4538
f 4998 4671 4670
f 4779 4778 4544
f 4672 4851 4779
f 4998 4853 4671
f 4674 4851 4672
f 4673 4854 4674
f 4854 4675 5083
f 5084 4780 4417
f 5087 4552 4780
f 4782 4552 4857
f 4858 4555 4932
f 4683 4784 4682
f 4682 4784 4561
f 4786 4784 4683
f 4561 4784 4562
f 4785 4683 4684
f 4785 4786 4683
f 4784 4859 4562
f 4786 4859 4784
f 4562 4859 4685
f 4684 4861 4785
f 4787 4861 4684
f 4686 4788 4787
f 4788 4861 4787
f 4869 4792 4444
f 4706 4941 4702
f 4703 4871 4447
f 4705 4795 4706
f 4871 4450 4447
f 4794 4795 4705
f 4871 4793 4450
f 4450 4793 4590
f 4793 4873 4590
f 4592 4875 4876
f 4797 4874 4795
f 4797 4798 4874
f 4590 4947 4593
f 4947 4878 4593
f 4878 4711 4593
f 4799 4950 4454
f 4455 4877 4594
f 4878 4879 4711
f 4598 5030 4599
f 4716 4799 4464
f 4884 4881 4716
f 4716 4881 4799
f 4804 4954 4603
f 4606 4806 4477
f 4954 4719 4717
f 4890 4610 4719
f 4890 4811 4610
f 4812 4723 4617
f 4813 4811 4890
f 4813 4815 4811
f 4723 4892 4725
f 4963 4819 4815
f 4735 4733 4819
f 4819 4821 4735
f 4892 4820 4629
f 4966 4740 4821
f 4821 4740 4735
f 4822 4740 4966
f 4893 4624 4742
f 4740 4744 4743
f 4824 4744 4740
f 4824 4740 4822
f 4742 4970 4893
f 4896 4823 4745
f 4824 4748 4744
f 4748 4824 4822
f 4825 4896 4745
f 4968 4748 4822
f 4897 4825 4746
f 4826 4749 4750
f 4971 4751 4752
f 4899 4828 4751
f 4975 4828 4899
f 4829 4643 4901
f 4757 4643 4829
f 4905 4759 4646
f 4760 4906 5061
f 4907 4759 4905
f 4759 4907 4761
f 4760 4377 4906
f 4907 4909 4761
f 4909 4831 4761
f 4834 4832 4647
f 4832 4830 4647
f 4830 4648 4505
f 4833 4834 4507
f 4648 4762 4378
f 4913 4838 4836
f 4652 4914 4980
f 4836 4838 4651
f 4766 4914 4652
f 4764 4839 4517
f 4767 4837 4914
f 4838 4765 4651
f 4917 4841 4915
f 4915 4841 4838
f 4841 4765 4838
f 4845 4987 4772
f 4987 4844 4772
f 4844 4771 4663
f 4846 4774 4771
f 4846 4847 4774
f 4924 4845 4665
f 4665 4845 4662
f 4847 4923 4527
f 4847 4527 4774
f 4775 4924 4665
f 4848 4994 4407
f 4994 4408 4407
f 4670 4408 4994
f 4851 4852 4779
f 4674 4852 4851
f 4674 4854 4852
f 4549 5198 4415
f 5198 5084 4415
f 4675 4929 4928
f 5087 4857 4552
f 4679 4782 4857
f 4677 4783 5089
f 4934 4786 4785
f 4934 4859 4786
f 5003 4934 4785
f 4859 4860 4685
f 4934 4860 4859
f 4935 5003 4861
f 4862 4860 4934
f 4941 4940 4869
f 4795 4943 4706
f 4871 4872 4793
f 4795 4874 4943
f 4872 4945 4793
f 4793 4945 4873
f 4873 4947 4590
f 4876 5023 4796
f 5023 4452 4796
f 4452 4877 4455
f 5025 4879 4878
f 4877 4598 4594
f 5102 4715 4879
f 4715 4882 4336
f 5102 4882 4715
f 4877 5030 4598
f 4882 4803 4336
f 5030 4804 4599
f 4882 4883 4803
f 4883 4716 4803
f 4884 4716 4883
f 5037 4719 4954
f 5037 4890 4719
f 4614 4806 4611
f 4887 4958 4886
f 4477 4806 4812
f 4806 4957 4812
f 4810 5038 4887
f 4960 5038 4889
f 4814 4816 5039
f 4813 5045 4815
f 5045 4963 4815
f 4895 4819 4963
f 5048 4728 4628
f 5218 4820 4892
f 4893 4894 4964
f 4895 4821 4819
f 4896 5048 4823
f 4969 4747 5052
f 4967 4968 4822
f 4898 5058 4742
f 4742 5058 4970
f 4971 4899 4751
f 4902 4829 4901
f 5124 4829 4902
f 4829 4904 4757
f 4903 4904 4829
f 4828 4758 4645
f 5063 4978 4907
f 4978 4909 4907
f 4830 4977 4648
f 4977 4762 4648
f 4978 4911 4909
f 4833 4979 4834
f 4762 4910 4763
f 4910 4835 4763
f 4911 4764 4909
f 4835 4913 4836
f 5074 4764 4911
f 4839 4764 5074
f 4915 4838 4913
f 4981 4917 4915
f 4983 4917 4981
f 4839 4918 4517
f 4918 4843 4517
f 4843 4989 4392
f 4392 4920 4848
f 4987 4988 4844
f 4921 4987 4845
f 4844 4988 4771
f 4988 4922 4771
f 4922 4991 4846
f 4991 4847 4846
f 4923 4995 4992
f 4926 4996 4925
f 5080 4998 4670
f 4779 5081 4927
f 5082 4853 4998
f 4928 4999 5083
f 4929 5000 4928
f 4856 4930 5086
f 4857 4931 4679
f 4933 4858 5091
f 4858 4932 5091
f 5002 4935 4863
f 5093 5003 4935
f 4862 4936 4866
f 5003 4936 4862
f 5003 4862 4934
f 5002 5092 4935
f 5092 5093 4935
f 4937 5095 4868
f 4940 4792 4869
f 4792 4942 4870
f 4942 4703 4870
f 4943 4940 4941
f 4703 4944 4871
f 4944 4872 4871
f 4874 5015 4943
f 4872 5014 4945
f 4873 4945 4947
f 4880 4946 5015
f 4948 4876 4875
f 4946 4949 5018
f 5028 4948 4875
f 4452 5029 4877
f 5023 5029 4452
f 5025 5102 4879
f 4952 5024 4951
f 5029 5030 4877
f 4884 5033 4881
f 4955 4956 5035
f 5041 4890 5037
f 4886 4958 5035
f 4886 5035 4956
f 4959 4616 4888
f 4812 5043 4723
f 4960 5039 5038
f 5039 4816 5042
f 5117 4813 5041
f 5041 4813 4890
f 4816 4817 5042
f 5117 5045 4813
f 4723 5218 4892
f 5047 4963 5045
f 4895 4963 5047
f 5271 5052 4820
f 4965 4966 4821
f 4965 4821 4895
f 4965 4967 4966
f 5169 4969 5052
f 4970 4894 4893
f 4968 4967 5053
f 5056 4971 4968
f 4826 5054 4897
f 5177 4902 4969
f 4899 4971 5056
f 5059 4899 5057
f 5059 4975 4899
f 5125 4975 5059
f 4975 4976 4828
f 4828 4976 4758
f 5061 5127 4974
f 5062 4905 4758
f 4905 5063 4907
f 4908 5187 4906
f 5065 4910 4977
f 4977 4910 4762
f 5069 4910 5065
f 5069 4835 4910
f 4980 5070 5067
f 4835 5069 4913
f 5071 4981 5069
f 5069 4915 4913
f 4981 4915 5069
f 4982 4981 5071
f 4983 4981 4982
f 5075 4839 5074
f 4839 4984 4918
f 4986 4919 5189
f 4918 4985 4843
f 4989 4920 4392
f 4987 5077 4988
f 4990 4922 4988
f 4995 4993 4992
f 4920 4994 4848
f 5133 5134 4847
f 5133 4847 4991
f 4847 4995 4923
f 5134 4995 4847
f 4927 5081 5141
f 5080 5082 4998
f 4852 5196 5081
f 5082 5198 4853
f 5298 5200 5198
f 5000 5085 4999
f 5144 4857 5087
f 4932 4931 5146
f 5090 4933 5205
f 4933 5091 5205
f 5091 4932 5145
f 4931 4932 4679
f 4867 5092 5002
f 5093 4937 4936
f 5093 4936 5003
f 4937 5004 5095
f 4868 5095 5007
f 4940 4942 4792
f 5008 5009 4942
f 5008 4942 4940
f 4942 4944 4703
f 5011 4944 4942
f 4943 5008 4940
f 5009 5011 4942
f 5008 5010 5009
f 5010 5011 5009
f 5011 5013 4944
f 5015 5008 4943
f 5011 5016 5013
f 5013 5014 4944
f 4944 5014 4872
f 5015 5012 5008
f 5008 5012 5010
f 5013 5017 5014
f 5015 4946 5012
f 5010 5016 5011
f 5097 5098 5016
f 5016 5098 5013
f 5098 5017 5013
f 5014 5020 4945
f 5017 5020 5014
f 4946 5018 5012
f 5012 5018 5010
f 5018 4951 5010
f 4951 5021 5016
f 4951 5016 5010
f 5016 5021 5097
f 5098 5019 5017
f 5017 5019 5020
f 4945 5020 4947
f 5022 5097 5021
f 5022 5026 5097
f 5099 5019 5098
f 4947 5020 4878
f 5020 5025 4878
f 5019 5025 5020
f 4948 5100 4876
f 5100 5023 4876
f 5021 5024 5022
f 5019 5027 5025
f 5208 4948 5028
f 5024 5026 5022
f 5027 5102 5025
f 5108 4882 5102
f 5152 5030 5029
f 4953 5026 5024
f 4953 5032 5026
f 5108 5031 4882
f 5031 4883 4882
f 5032 5106 5105
f 4881 5034 5028
f 5152 4804 5030
f 5032 5036 5106
f 5033 5034 4881
f 5212 4954 4804
f 5035 5036 5032
f 5110 5033 4884
f 5110 4884 4883
f 4958 5038 5113
f 5038 5039 5114
f 4957 5043 4812
f 5039 5115 5114
f 5039 5042 5115
f 5042 4961 5044
f 4961 5046 5044
f 5046 5165 5044
f 5051 5168 5046
f 5120 5168 5051
f 5047 5049 4895
f 4894 5051 4964
f 5049 4965 4895
f 5120 5051 4894
f 5169 5052 5271
f 5122 5053 4965
f 4965 5053 4967
f 5177 4969 5169
f 5122 5056 5053
f 5053 5056 4968
f 5056 5057 4899
f 5124 4902 5177
f 5058 5123 4970
f 5124 5126 4903
f 5185 4976 4975
f 5185 5062 4976
f 4976 5062 4758
f 5062 5063 4905
f 5064 4977 4832
f 5064 5065 4977
f 5128 4978 5063
f 4979 5064 4832
f 4979 5066 5064
f 5066 5065 5064
f 5067 5066 4979
f 5066 5068 5065
f 5068 5069 5065
f 5128 5074 4978
f 5067 5070 5066
f 5070 5068 5066
f 5068 5071 5069
f 5072 5074 5128
f 4978 5074 4911
f 5073 4982 5068
f 4982 5071 5068
f 5073 5068 5070
f 5072 5075 5074
f 5075 4984 4839
f 4984 4985 4918
f 4985 5240 4989
f 4985 4989 4843
f 4921 5076 4987
f 5076 5077 4987
f 4988 5130 4990
f 5130 4922 4990
f 5130 5131 4922
f 5131 4991 4922
f 5131 5133 4991
f 4921 5132 5076
f 4924 4996 5132
f 5134 5078 4995
f 5134 5135 5078
f 5139 4994 5192
f 4994 5080 4670
f 5253 5082 5080
f 5198 5082 5298
f 4999 5085 5199
f 5089 5203 5001
f 5090 5205 5203
f 5093 5004 4937
f 5092 5147 5093
f 5147 5004 5093
f 5092 5094 5147
f 5004 5150 5095
f 5005 5148 5094
f 5148 5147 5094
f 5150 5096 5007
f 5097 5099 5098
f 5026 5105 5097
f 5097 5105 5099
f 5105 5101 5099
f 5099 5101 5019
f 5101 5027 5019
f 5100 5103 5023
f 5101 5104 5027
f 5107 5102 5027
f 5105 5106 5101
f 5106 5104 5101
f 5104 5151 5027
f 5027 5151 5107
f 5107 5108 5102
f 5029 5103 5152
f 5154 5108 5107
f 5109 5104 5106
f 5104 5109 5151
f 5036 5112 5109
f 5031 5110 4883
f 5152 5212 4804
f 5159 5158 5033
f 5159 5033 5110
f 5158 5211 5033
f 5033 5211 5034
f 5212 5037 4954
f 5112 5113 5111
f 5160 5041 5037
f 5114 5162 5113
f 5114 5115 5162
f 5040 5043 4957
f 5115 5042 5163
f 5042 5044 5163
f 5163 5044 5116
f 5217 5045 5117
f 5167 5047 5217
f 5217 5047 5045
f 5168 5170 5118
f 5118 5170 5166
f 5167 5049 5047
f 5120 5174 5168
f 5121 5049 5167
f 5049 5122 4965
f 5121 5122 5049
f 4894 5224 5120
f 5178 5057 5121
f 5121 5057 5122
f 5057 5056 5122
f 5178 5059 5057
f 5229 5124 5177
f 5228 5059 5178
f 5123 4894 4970
f 5228 5125 5059
f 5232 5125 5228
f 5126 5124 5229
f 5125 5183 4975
f 5185 4975 5183
f 4906 5186 5061
f 5187 5186 4906
f 5062 5237 5063
f 5128 5237 5072
f 5281 5072 5237
f 5072 5324 5075
f 5075 5129 4984
f 5243 5129 5075
f 5243 5190 5129
f 5190 5188 5129
f 5129 5188 4984
f 4984 5188 4985
f 5240 4985 5188
f 5077 5130 4988
f 4920 5192 4994
f 5135 5136 5247
f 5193 5137 5134
f 5134 5137 5135
f 5137 5138 5135
f 5135 5138 5136
f 5138 5140 5136
f 5249 5139 5192
f 5139 5080 4994
f 5081 5196 5141
f 5196 4852 5142
f 5083 5199 5142
f 5199 5085 5256
f 5085 5086 5256
f 5088 5256 5086
f 5257 5144 5087
f 5146 4931 5204
f 5148 5206 5147
f 5206 5004 5147
f 5206 5150 5004
f 5208 5207 5100
f 5207 5103 5100
f 5023 5103 5029
f 5151 5153 5107
f 5107 5153 5154
f 5109 5153 5151
f 5209 5208 5028
f 5112 5153 5109
f 5108 5154 5031
f 5154 5155 5031
f 5209 5028 5034
f 5112 5111 5153
f 5153 5111 5154
f 5156 5155 5154
f 5031 5155 5110
f 5155 5159 5110
f 5111 5156 5154
f 5157 5155 5156
f 5158 5214 5211
f 5212 5160 5037
f 5157 5159 5155
f 5113 5162 5111
f 5162 5156 5111
f 5159 5164 5158
f 5160 5161 5041
f 5162 5163 5157
f 5162 5157 5156
f 5157 5163 5159
f 5163 5164 5159
f 5163 5116 5164
f 5161 5117 5041
f 5043 5265 4723
f 5265 5218 4723
f 5219 5167 5217
f 5171 5167 5219
f 5170 5172 5166
f 5174 5223 5168
f 5223 5170 5168
f 5223 5172 5170
f 5173 5171 5270
f 5171 5121 5167
f 5223 5227 5172
f 5227 5176 5172
f 5172 5176 5173
f 5176 5171 5173
f 5224 5174 5120
f 5176 5222 5171
f 5171 5222 5121
f 5222 5178 5121
f 5228 5222 5226
f 5272 5177 5352
f 5272 5229 5177
f 5228 5178 5222
f 5123 5224 4894
f 5123 5276 5224
f 5232 5183 5125
f 5278 5183 5232
f 5184 5233 5181
f 5279 5062 5185
f 5235 5237 5062
f 5237 5128 5063
f 5324 5072 5281
f 5324 5243 5075
f 5243 5246 5190
f 5241 5188 5190
f 5191 5246 5243
f 5240 5326 4989
f 5326 4920 4989
f 5130 5286 5131
f 5326 5192 4920
f 5289 5193 5133
f 5133 5193 5134
f 5195 5137 5193
f 5249 5336 5139
f 5079 5197 4996
f 5137 5296 5138
f 5296 5140 5138
f 5140 5250 5194
f 5196 5292 5197
f 5253 5298 5082
f 5200 5143 5084
f 5088 5258 5256
f 5143 5257 5087
f 5088 5001 5258
f 5001 5202 5258
f 5202 5259 5258
f 5145 5146 5300
f 5261 5207 5208
f 5207 5262 5103
f 5261 5262 5207
f 5209 5261 5208
f 5103 5210 5152
f 5211 5302 5209
f 5209 5302 5261
f 5210 5213 5152
f 5213 5212 5152
f 5211 5214 5302
f 5213 5160 5212
f 5164 5214 5158
f 5116 5264 5164
f 5216 5264 5116
f 5216 5266 5264
f 5117 5161 5263
f 5165 5266 5216
f 5165 5166 5266
f 5269 5307 5221
f 5221 5307 5119
f 5270 5171 5219
f 5175 5311 5054
f 5225 5223 5174
f 5169 5352 5177
f 5224 5225 5174
f 5227 5226 5176
f 5275 5223 5225
f 5276 5273 5224
f 5227 5274 5226
f 5226 5274 5228
f 5357 5232 5228
f 5182 5126 5229
f 5123 5181 5276
f 5315 5182 5229
f 5181 5277 5276
f 5233 5277 5181
f 5320 5234 5184
f 5279 5183 5318
f 5184 5127 5320
f 5279 5185 5183
f 5186 5320 5127
f 5279 5235 5062
f 5238 5237 5235
f 5238 5281 5237
f 5282 5243 5324
f 5241 5242 5188
f 5282 5191 5243
f 5191 5245 5246
f 5248 5245 5191
f 5287 5191 5282
f 5287 5248 5191
f 5077 5286 5130
f 5132 5252 5076
f 5286 5289 5131
f 5131 5289 5133
f 5249 5192 5326
f 5197 5252 4996
f 4996 5252 5132
f 5194 5250 5290
f 5195 5296 5137
f 5140 5295 5250
f 5250 5295 5251
f 5296 5295 5140
f 5080 5139 5336
f 5196 5254 5292
f 5384 5200 5298
f 5200 5390 5143
f 5256 5299 5255
f 5258 5259 5394
f 5202 5260 5259
f 5203 5260 5202
f 5201 5204 4931
f 5205 5145 5300
f 5103 5262 5210
f 5213 5161 5160
f 5214 5264 5302
f 5263 5161 5213
f 5306 5117 5263
f 5040 5265 5043
f 5266 5304 5264
f 5215 5265 5040
f 5265 5351 5218
f 5166 5305 5266
f 5307 5267 5119
f 5268 5219 5306
f 5309 5270 5268
f 5270 5219 5268
f 5220 5173 5308
f 5173 5309 5308
f 5311 5269 5221
f 5310 5169 5271
f 5275 5227 5223
f 5273 5225 5224
f 5273 5313 5225
f 5313 5275 5225
f 5313 5314 5275
f 5275 5274 5227
f 5274 5357 5228
f 5354 5315 5229
f 5278 5232 5357
f 5233 5317 5277
f 5233 5234 5317
f 5318 5183 5278
f 5280 5322 5236
f 5239 5363 5280
f 5189 5366 5239
f 5284 5326 5240
f 4993 5366 5189
f 5285 5282 5364
f 5285 5287 5282
f 5136 5290 5325
f 5330 5287 5285
f 5328 5248 5287
f 5328 5371 5248
f 5291 5077 5076
f 5291 5288 5077
f 5288 5286 5077
f 5252 5291 5076
f 5290 5250 5374
f 5286 5333 5289
f 5289 5378 5193
f 5292 5294 5291
f 5292 5291 5252
f 5378 5195 5193
f 5293 5331 5251
f 5295 5293 5251
f 5339 5296 5195
f 5379 5080 5336
f 5339 5340 5296
f 5080 5379 5253
f 5254 5294 5292
f 5254 5297 5294
f 5199 5255 5297
f 5384 5390 5200
f 5390 5257 5143
f 5258 5394 5299
f 5346 5204 5345
f 5201 5343 5393
f 5300 5204 5346
f 5303 5301 5261
f 5261 5301 5262
f 5301 5210 5262
f 5261 5302 5303
f 5303 5347 5301
f 5347 5348 5301
f 5301 5348 5210
f 5210 5348 5213
f 5264 5304 5302
f 5304 5303 5302
f 5348 5263 5213
f 5266 5305 5304
f 5348 5306 5263
f 5267 5351 5265
f 5307 5351 5267
f 5305 5220 5350
f 5220 5308 5350
f 5308 5349 5350
f 5308 5268 5349
f 5166 5220 5305
f 5308 5309 5268
f 5354 5229 5272
f 5314 5274 5275
f 5277 5273 5276
f 5273 5355 5313
f 5313 5355 5314
f 5314 5357 5274
f 5316 5273 5277
f 5317 5316 5277
f 5234 5319 5317
f 5320 5411 5319
f 5321 5411 5320
f 5238 5235 5279
f 5361 5281 5238
f 5323 5324 5281
f 5324 5364 5282
f 5242 5284 5240
f 5325 5290 5368
f 5329 5327 5369
f 5369 5327 5285
f 5327 5330 5285
f 5376 5287 5330
f 5376 5328 5287
f 5331 5334 5372
f 5372 5334 5373
f 5294 5288 5291
f 5288 5333 5286
f 5332 5333 5288
f 5334 5335 5373
f 5335 5375 5373
f 5333 5378 5289
f 5293 5335 5334
f 5294 5337 5288
f 5288 5337 5332
f 5294 5382 5337
f 5378 5339 5195
f 5380 5341 5378
f 5341 5339 5378
f 5338 5293 5295
f 5383 5340 5339
f 5296 5340 5295
f 5386 5381 5340
f 5340 5381 5295
f 5295 5381 5338
f 5294 5297 5382
f 5342 5382 5297
f 5342 5385 5382
f 5384 5298 5253
f 5342 5299 5388
f 5394 5388 5299
f 5343 5431 5392
f 5431 5343 5257
f 5345 5393 5344
f 5260 5346 5396
f 5304 5350 5303
f 5350 5347 5303
f 5349 5348 5347
f 5350 5349 5347
f 5305 5350 5304
f 5349 5306 5348
f 5349 5268 5306
f 5397 5351 5307
f 5310 5271 5351
f 5400 5310 5398
f 5310 5400 5169
f 5400 5352 5169
f 5352 5353 5272
f 5403 5272 5353
f 5354 5272 5403
f 5355 5356 5314
f 5356 5406 5314
f 5314 5406 5357
f 5316 5355 5273
f 5405 5406 5356
f 5317 5358 5316
f 5319 5358 5317
f 5359 5278 5357
f 5359 5318 5278
f 5411 5410 5319
f 5319 5410 5358
f 5359 5360 5318
f 5318 5238 5279
f 5360 5238 5318
f 5321 5362 5411
f 5360 5361 5238
f 5363 5413 5322
f 5363 5414 5413
f 5323 5281 5361
f 5366 5414 5363
f 5366 5365 5414
f 5323 5364 5324
f 5415 5284 5242
f 5284 5420 5326
f 5325 5368 5367
f 5364 5369 5285
f 5375 5329 5419
f 5419 5329 5369
f 5376 5423 5328
f 5329 5424 5327
f 5335 5426 5375
f 5426 5424 5329
f 5426 5329 5375
f 5332 5337 5333
f 5338 5428 5335
f 5337 5377 5333
f 5337 5380 5377
f 5377 5378 5333
f 5377 5380 5378
f 5382 5380 5337
f 5384 5253 5427
f 5253 5379 5427
f 5382 5385 5380
f 5385 5341 5380
f 5385 5387 5341
f 5341 5383 5339
f 5387 5383 5341
f 5383 5386 5340
f 5386 5429 5381
f 5342 5388 5385
f 5389 5387 5385
f 5387 5386 5383
f 5389 5391 5387
f 5385 5388 5389
f 5461 5390 5384
f 5388 5391 5389
f 5394 5395 5391
f 5394 5391 5388
f 5393 5343 5392
f 5259 5396 5395
f 5396 5346 5434
f 5399 5397 5269
f 5399 5398 5397
f 5351 5398 5310
f 5399 5400 5398
f 5400 5353 5352
f 5502 5353 5400
f 5403 5353 5402
f 5404 5354 5403
f 5404 5403 5435
f 5408 5356 5355
f 5408 5405 5356
f 5316 5358 5355
f 5358 5408 5355
f 5405 5407 5406
f 5407 5359 5406
f 5406 5359 5357
f 5410 5436 5358
f 5358 5436 5408
f 5436 5405 5408
f 5409 5359 5407
f 5410 5440 5436
f 5439 5359 5409
f 5411 5412 5410
f 5439 5360 5359
f 5362 5412 5411
f 5413 5412 5362
f 5413 5443 5412
f 5445 5361 5360
f 5413 5414 5443
f 5361 5445 5323
f 5447 5323 5445
f 5365 5450 5448
f 5367 5450 5365
f 5416 5323 5447
f 5416 5364 5323
f 5415 5455 5284
f 5455 5420 5284
f 5368 5450 5367
f 5417 5415 5370
f 5458 5420 5455
f 5418 5419 5416
f 5419 5369 5416
f 5418 5422 5419
f 5371 5456 5370
f 5374 5421 5368
f 5423 5456 5371
f 5420 5458 5249
f 5424 5330 5327
f 5424 5425 5330
f 5330 5425 5376
f 5458 5379 5249
f 5379 5336 5249
f 5335 5460 5426
f 5460 5459 5426
f 5428 5460 5335
f 5381 5428 5338
f 5429 5468 5381
f 5381 5468 5428
f 5461 5384 5427
f 5430 5468 5429
f 5431 5461 5464
f 5391 5430 5387
f 5387 5430 5386
f 5430 5429 5386
f 5461 5431 5390
f 5392 5431 5467
f 5391 5432 5430
f 5430 5432 5470
f 5395 5432 5391
f 5432 5433 5470
f 5395 5433 5432
f 5433 5434 5475
f 5392 5344 5393
f 5395 5396 5433
f 5396 5434 5433
f 5434 5344 5475
f 5402 5353 5401
f 5402 5401 5312
f 5435 5403 5402
f 5436 5407 5405
f 5438 5407 5436
f 5438 5409 5407
f 5436 5440 5438
f 5437 5439 5409
f 5437 5409 5438
f 5412 5440 5410
f 5438 5441 5437
f 5437 5441 5439
f 5442 5445 5360
f 5442 5360 5439
f 5446 5441 5438
f 5441 5442 5439
f 5412 5443 5440
f 5443 5446 5440
f 5446 5438 5440
f 5446 5444 5441
f 5444 5442 5441
f 5444 5449 5442
f 5449 5447 5442
f 5447 5445 5442
f 5414 5448 5443
f 5448 5446 5443
f 5452 5449 5444
f 5446 5448 5444
f 5448 5451 5444
f 5451 5454 5452
f 5451 5452 5444
f 5449 5453 5447
f 5450 5451 5448
f 5452 5453 5449
f 5450 5454 5451
f 5454 5453 5452
f 5416 5447 5453
f 5368 5454 5450
f 5454 5421 5453
f 5421 5418 5453
f 5418 5416 5453
f 5417 5455 5415
f 5476 5455 5417
f 5456 5476 5417
f 5476 5458 5455
f 5457 5458 5476
f 5427 5379 5457
f 5457 5379 5458
f 5460 5481 5459
f 5480 5427 5457
f 5463 5462 5460
f 5461 5427 5480
f 5428 5463 5460
f 5463 5466 5462
f 5468 5463 5428
f 5467 5483 5462
f 5467 5464 5483
f 5468 5465 5463
f 5465 5466 5463
f 5466 5469 5462
f 5469 5467 5462
f 5467 5431 5464
f 5470 5465 5468
f 5466 5471 5469
f 5472 5467 5469
f 5430 5470 5468
f 5470 5473 5465
f 5465 5471 5466
f 5471 5472 5469
f 5467 5472 5392
f 5473 5475 5465
f 5475 5471 5465
f 5473 5470 5433
f 5475 5474 5471
f 5474 5472 5471
f 5392 5474 5344
f 5477 5476 5456
f 5477 5457 5476
f 5478 5477 5423
f 5478 5425 5424
f 5459 5481 5479
f 5481 5482 5479
f 5484 5480 5457
f 5482 5480 5484
f 5483 5482 5481
f 5482 5464 5480
f 5462 5483 5481
f 5484 5477 5478
f 5477 5484 5457
f 5482 5484 5479
