# aligned chain mesh
v -0.05751339 0.03859553 0.12494961
v -0.05894186 0.05623705 0.12587175
v -0.07799544 0.04907421 0.12561683
v -0.07743670 0.05857062 0.12578410
v -0.08130091 0.07259060 0.12400620
v -0.01916350 0.05621316 0.12393316
v -0.03850004 0.03264051 0.12369905
v -0.05635033 0.07358264 0.12420934
v -0.04701578 0.09645422 0.12030573
v -0.09698394 0.06279827 0.12364203
v -0.08672089 0.02712376 0.12288380
v 0.00608646 0.05440410 0.12119491
v 0.00399936 0.08122559 0.11976814
v -0.01686452 0.08512522 0.12145968
v -0.00287795 0.03199765 0.12028275
v -0.03664450 0.00779393 0.11933241
v -0.02826580 0.10664462 0.11657399
v -0.05417619 0.01595747 0.12173734
v -0.09381022 0.00802399 0.11751226
v -0.09464141 0.08001685 0.12136572
v -0.12644835 0.07523204 0.11804292
v -0.11640410 0.01480662 0.11619687
v -0.12173717 0.04637180 0.12112598
v 0.16418605 0.03270455 0.11269027
v 0.07211059 0.04012705 0.10638256
v 0.03638605 0.03000237 0.11309613
v 0.02928616 0.08729342 0.11389053
v -0.00039563 0.09901395 0.11615061
v -0.02919192 -0.01371854 0.11064240
v -0.06414208 0.13002983 0.10687215
v -0.06496248 0.00012057 0.11734428
v -0.06872085 0.11080289 0.11476405
v -0.07106756 -0.00942337 0.11294736
v -0.08018211 0.09607538 0.11898950
v -0.11577430 0.09872934 0.11398919
v -0.14375137 0.04813361 0.11762409
v -0.15551750 0.02990622 0.11303154
v -0.15348323 0.05887948 0.11580883
v -0.16588891 0.07917690 0.11151355
v -0.17170385 0.04223103 0.11274644
v -0.20008658 0.09620884 0.11367796
v 0.20569748 0.03142148 0.11110078
v 0.19835088 0.01425071 0.11096572
v 0.17950921 0.04848803 0.11165945
v 0.15807436 0.04197590 0.11209123
v 0.14054832 0.02784821 0.10967994
v 0.15476523 0.05985816 0.11010534
v 0.05135706 0.06003697 0.11254562
v -0.03263594 0.12498208 0.11023052
v -0.06398173 0.06853602 0.11256204
v -0.04512678 0.07005016 0.11245683
v -0.05634343 0.09257589 0.11114394
v -0.05100206 0.04586938 0.11216507
v -0.07409301 0.04870806 0.11366431
v -0.08542105 0.08921905 0.11098675
v -0.10576307 0.03319133 0.11101583
v -0.09530789 0.05325060 0.11220562
v -0.09428298 0.12741993 0.10551689
v -0.09686141 -0.00771145 0.11060281
v -0.14778553 0.09070007 0.11111200
v -0.17887874 0.10015721 0.10799667
v -0.17240891 0.02716624 0.10852711
v -0.18306386 0.05975134 0.11340255
v -0.20075144 0.07943891 0.11441609
v -0.18991654 0.04591484 0.11063937
v -0.21253181 0.06213284 0.11218770
v -0.22555007 0.11240490 0.11229672
v -0.25175318 0.13059983 0.10955991
v -0.24165644 0.09140053 0.11163893
v -0.26710391 0.11172436 0.10969862
v 0.22007827 0.01255126 0.10724000
v 0.23329471 0.02621061 0.10464126
v 0.20516773 0.04954071 0.10962921
v 0.17348509 0.01287873 0.11154145
v 0.15814635 0.07523587 0.10665812
v 0.12201452 0.05224627 0.10777256
v 0.07951231 0.04901635 0.10615137
v 0.06391452 0.08291449 0.10741906
v 0.03717783 0.01325046 0.10858354
v 0.02646980 0.07102592 0.11086950
v 0.02583968 0.03687835 0.11085705
v 0.02392968 0.08308835 0.10751876
v 0.01325329 0.11242267 0.10962559
v 0.01492973 0.01296335 0.10473600
v 0.02063870 0.02469281 0.10725160
v 0.00371753 0.13036723 0.10104666
v 0.01001717 0.02090391 0.11066466
v 0.01146123 0.07684274 0.11086407
v 0.00045287 0.00340651 0.11343263
v 0.01344351 -0.02150123 0.09901343
v -0.00461769 0.01158377 0.10793049
v -0.01926684 0.01925381 0.11082502
v 0.01169041 0.03488578 0.11079695
v -0.02120449 0.05277666 0.11084348
v -0.02291445 0.03209582 0.11100475
v 0.01032404 0.08866794 0.11074877
v -0.01394886 0.00320395 0.10751425
v -0.03096920 0.09151500 0.11083580
v 0.00030030 0.10136347 0.10641692
v -0.02381773 0.00097372 0.10934834
v -0.02506797 0.00499552 0.11074203
v -0.02679640 0.10499965 0.10777570
v -0.03778166 0.10493133 0.11078422
v -0.04122245 0.14366227 0.09820997
v -0.05882088 -0.00037496 0.10953981
v -0.07350194 0.00473807 0.11087005
v -0.07309365 0.10496964 0.11044996
v -0.07803459 0.09851699 0.10994951
v -0.06510396 0.02032473 0.11093831
v -0.10212994 0.10220035 0.10602506
v -0.09022021 0.00045502 0.10878399
v -0.10338218 0.00578491 0.11068831
v -0.10631681 0.00171999 0.10884736
v -0.11042552 0.08878851 0.11094347
v -0.10853703 0.01768473 0.11058048
v -0.13724220 0.01776300 0.10828748
v -0.13472578 0.02118370 0.11063606
v -0.13801998 0.03379636 0.11072904
v -0.12877257 0.07091562 0.11097752
v -0.13716084 0.09036270 0.10962015
v -0.15748264 0.10777912 0.10474143
v -0.14596188 0.02864813 0.10721038
v -0.15188985 0.07359406 0.11069170
v -0.15209229 0.05067286 0.11083121
v -0.17573254 0.07099292 0.11058430
v -0.19294076 0.08729324 0.11030238
v -0.20569289 0.09033601 0.11002057
v -0.19715171 0.13072258 0.10881914
v -0.20890988 0.10433705 0.11013197
v -0.21972150 0.06829843 0.10658479
v -0.21310072 0.06651633 0.10994812
v -0.23107736 0.08285595 0.10933068
v -0.21630919 0.08206252 0.11036868
v -0.23040748 0.15066119 0.10715166
v -0.22824305 0.07880232 0.10731115
v -0.23190083 0.10602287 0.10839768
v -0.24879633 0.06834353 0.10722074
v -0.27718085 0.12950222 0.10672485
v 0.18872577 -0.01264940 0.10508354
v 0.16457252 -0.03157373 0.09840290
v 0.15080726 0.00739667 0.10850871
v 0.13941401 0.00432479 0.10452850
v 0.12348434 0.08333724 0.10397686
v 0.11834867 0.03147785 0.10485800
v 0.10499790 0.06230992 0.10597681
v 0.10114876 0.03832133 0.10273944
v 0.09534265 0.04691029 0.10428359
v 0.09203987 0.08632116 0.10325978
v 0.08336476 0.06332292 0.10665471
v 0.08664251 0.10557701 0.09748168
v 0.03887919 0.07427286 0.10571393
v 0.01802608 0.09310110 0.10681385
v 0.01217323 0.10727445 0.10393554
v -0.02790042 -0.01161326 0.10336265
v -0.06137142 -0.01866359 0.10868628
v -0.04055612 0.11132133 0.10681213
v -0.11440891 0.00863726 0.10532648
v -0.12126610 0.01532233 0.10814089
v -0.11891226 0.09509284 0.10745981
v -0.13742909 0.13450669 0.09689685
v -0.13847201 0.01324955 0.10183384
v -0.14816980 0.11978381 0.10166470
v -0.13757741 0.07470476 0.11068524
v -0.15809482 0.07925668 0.10292835
v -0.14622328 0.00791468 0.10697306
v -0.15735216 0.06776947 0.10648250
v -0.15361269 0.03494652 0.10883144
v -0.16970237 0.04747131 0.10312811
v -0.16232482 0.06558966 0.10471293
v -0.16944580 0.06610470 0.10441184
v -0.17434537 0.12130872 0.10252342
v -0.18272622 0.05245160 0.10282982
v -0.19183986 0.06695759 0.11068395
v -0.18463595 0.07940456 0.10730929
v -0.18867618 0.13123754 0.10666790
v -0.18563956 0.14929356 0.10536418
v -0.20402646 0.15801014 0.10560837
v -0.18911770 0.09643614 0.10337717
v -0.19910839 0.10659683 0.10453355
v -0.20085268 0.03625362 0.10177133
v -0.21071291 0.11359166 0.10426652
v -0.21422569 0.04275481 0.10492329
v -0.21472594 0.05754989 0.10118958
v -0.21526244 0.17309238 0.10216504
v -0.23112722 0.04496714 0.10412750
v -0.22873801 0.03047810 0.09929457
v -0.23831661 0.09425072 0.10526860
v -0.24956901 0.08810276 0.10000478
v -0.24572670 0.04266997 0.10288649
v -0.25309139 0.16693918 0.10283744
v -0.26804870 0.02081539 0.09783395
v -0.27450779 0.14390476 0.10495465
v -0.26994503 0.09781403 0.10846717
v -0.29344958 0.11104119 0.10501730
v 0.23835164 0.00319775 0.10055488
v 0.22189596 0.05676404 0.10315315
v 0.20838575 -0.00989848 0.10472074
v 0.19476761 0.09422298 0.09367919
v 0.19358855 0.07489356 0.10472857
v 0.18829262 -0.03370253 0.09708950
v 0.17166620 0.09425113 0.09840365
v 0.17911765 0.04094117 0.09966285
v 0.17308429 -0.03182489 0.09886932
v 0.15832599 0.02063287 0.09930857
v 0.15788694 0.03887679 0.09987997
v 0.15964226 0.05199814 0.09956546
v 0.14446488 0.03407460 0.09902732
v 0.11101566 0.01489270 0.09773440
v 0.08129741 0.01491485 0.09695096
v 0.06074496 0.10590771 0.10096255
v 0.03492580 0.03455024 0.10584393
v 0.03747346 0.06012036 0.10683870
v -0.01679095 0.11721649 0.10209903
v -0.04332951 0.12438069 0.10040586
v -0.08229109 -0.00564273 0.10456014
v -0.10121457 -0.00399754 0.10253884
v -0.09633881 -0.02134248 0.10037410
v -0.13158812 -0.01089855 0.09903957
v -0.11165276 0.00009964 0.10118084
v -0.12198634 0.10832302 0.09978013
v -0.14314094 0.09362755 0.10262514
v -0.15648320 0.12991071 0.09770023
v -0.16119297 0.02828501 0.10035487
v -0.18078090 0.14545286 0.10266799
v -0.17002107 0.17264813 0.10094772
v -0.17848660 0.01729248 0.09801465
v -0.16745006 0.07875030 0.10219532
v -0.17263071 0.09915870 0.09740672
v -0.21865328 0.03745030 0.10144061
v -0.23747458 0.11898194 0.10151366
v -0.23547812 0.01031195 0.09513762
v -0.24907769 0.00295278 0.09552757
v -0.23701641 0.10859477 0.10420281
v -0.28879476 0.15838930 0.09914196
v -0.31402606 0.06280974 0.09631503
v -0.31220862 0.08963594 0.10016764
v -0.31902057 0.12560888 0.09832085
v 0.25981665 0.01704471 0.09019113
v 0.23455223 0.04939635 0.09979660
v 0.22747211 -0.01676204 0.09800470
v 0.21854295 0.07893217 0.09446409
v 0.20090932 0.01855076 0.09676879
v 0.19618233 0.04144016 0.09711469
v 0.20184490 0.06404407 0.09538368
v 0.18063144 0.00360725 0.09658353
v 0.17110768 -0.06434178 0.09475800
v 0.16209799 -0.07210604 0.09110448
v 0.17546803 0.02299912 0.09981135
v 0.15026686 0.00645220 0.09626558
v 0.17242372 0.07602797 0.09543599
v 0.15406488 -0.04978107 0.09433956
v 0.14934200 0.06922260 0.09652266
v 0.15038536 -0.03060381 0.09545583
v 0.12964757 0.01730149 0.09535140
v 0.12991603 0.05084771 0.09729716
v 0.11432064 0.07391771 0.09552445
v 0.11927113 0.03245514 0.09504282
v 0.10800877 0.05281163 0.09529699
v 0.08745484 0.07291431 0.09559458
v 0.07395740 0.05538581 0.09556346
v 0.07048299 0.06404924 0.09707937
v 0.06633093 0.07771323 0.09722878
v 0.07030803 0.11926015 0.09269627
v 0.06129598 0.04325813 0.09800065
v 0.05173009 0.01957824 0.09556613
v 0.05847696 0.08600596 0.09686797
v 0.03665057 0.01092827 0.09696306
v 0.03724798 0.09421538 0.10132627
v 0.03250786 -0.01397086 0.09850463
v 0.01759941 -0.00239794 0.09669936
v 0.01775294 0.12521201 0.09240349
v 0.00164574 0.12282992 0.09626101
v 0.01770594 -0.01483672 0.09370942
v -0.00142435 -0.03571496 0.09154380
v -0.00983308 -0.01634256 0.09649014
v -0.02881730 0.13691795 0.09209044
v -0.02649462 -0.02941988 0.09957781
v -0.04475315 0.13552667 0.09532017
v -0.05520391 -0.01522874 0.10139066
v -0.07137863 0.11552960 0.10340627
v -0.10549738 0.14666495 0.09391479
v -0.11929816 0.11696280 0.09682161
v -0.13614775 0.10901526 0.09736975
v -0.15545319 -0.00118718 0.09500325
v -0.16547787 0.10500473 0.09558920
v -0.16191621 0.09330381 0.09755015
v -0.16026253 0.17190902 0.09517787
v -0.16638844 0.16591533 0.09866133
v -0.16746180 0.14232090 0.09499261
v -0.18477352 0.12174238 0.09565737
v -0.18207377 0.19041261 0.09550521
v -0.19056341 0.13479647 0.09546886
v -0.20277335 0.12530805 0.10047069
v -0.20136504 0.13850485 0.09644344
v -0.22289702 0.13138804 0.09969714
v -0.21360685 0.04580225 0.09550298
v -0.22761682 0.15753117 0.09551767
v -0.22377996 0.05843480 0.09825466
v -0.23621650 0.05713204 0.09609926
v -0.24659196 0.07389677 0.09782345
v -0.25016326 0.14347951 0.09716932
v -0.26230681 0.11054631 0.09863345
v -0.26613709 0.13237356 0.09740816
v -0.26845035 -0.00795099 0.09355211
v -0.27553186 0.18427068 0.09107577
v -0.27546674 0.08653016 0.09540392
v -0.28266600 0.10505500 0.09540095
v -0.29260290 0.02130980 0.09461923
v -0.30815116 0.16455244 0.09141075
v -0.32450634 0.13989736 0.09416865
v 0.25059184 -0.01171579 0.08915265
v 0.24970713 0.03273944 0.09609839
v 0.23471580 -0.03072741 0.08482213
v 0.23076692 0.00323153 0.09408718
v 0.23044844 0.01431704 0.09523800
v 0.23044409 0.04089361 0.09519548
v 0.22566101 0.04850292 0.09288244
v 0.23245862 0.06969856 0.08932438
v 0.21528947 0.00376325 0.09491373
v 0.22652535 0.05458026 0.08899631
v 0.21491784 -0.01207616 0.09416869
v 0.21751690 0.04442842 0.09494820
v 0.21512377 0.05684721 0.09496357
v 0.21368702 0.06701065 0.09098058
v 0.20766540 -0.27953997 0.09112275
v 0.20342083 -0.26141295 0.09099496
v 0.20107883 -0.03844883 0.09258122
v 0.19986482 0.07574473 0.09432641
v 0.20381592 -0.27511570 0.09284454
v 0.18541719 -0.08953565 0.08930849
v 0.19716190 -0.06356090 0.08992384
v 0.19317284 -0.01074048 0.09521361
v 0.18520550 -0.27749130 0.09130597
v 0.18722606 -0.26685160 0.09207566
v 0.18147092 -0.01658843 0.09355105
v 0.17519423 -0.27346051 0.08879066
v 0.16949257 -0.26565391 0.08628392
v 0.18186291 0.08569546 0.09118170
v 0.16686335 0.08959328 0.09500411
v 0.15814157 -0.01738794 0.09072848
v 0.16244137 -0.01022050 0.09496566
v 0.15088643 -0.06479466 0.08890805
v 0.15031511 -0.00705896 0.09236045
v 0.13606338 -0.03150699 0.08939034
v 0.12895568 0.00340877 0.09434403
v 0.13071118 0.09006818 0.09515958
v 0.13569166 -0.02123075 0.09360989
v 0.11432564 0.02367195 0.09210818
v 0.09762268 0.03671758 0.09530579
v 0.10027874 0.03250932 0.09322011
v 0.10370596 0.09033930 0.09516387
v 0.07755386 0.03288073 0.09472143
v 0.06302039 0.09550726 0.09469754
v 0.07412870 0.02019955 0.09453224
v 0.06368797 0.01269818 0.09232693
v 0.04045208 0.00020134 0.09385272
v 0.03638082 0.10984334 0.09537816
v 0.03095266 -0.00567347 0.09397110
v 0.02740380 -0.01318760 0.09399873
v 0.00348890 0.14545606 0.08877411
v -0.03696727 0.13978857 0.09338585
v -0.07783762 0.13038619 0.09540547
v -0.07394551 0.13795769 0.09403017
v -0.09205379 0.16061334 0.08479133
v -0.09613622 0.12144092 0.09733950
v -0.12127329 -0.02512734 0.08623758
v -0.13043886 0.12149631 0.09526341
v -0.12530832 0.13332546 0.09047296
v -0.13922580 -0.00207579 0.08951498
v -0.14587770 0.15146808 0.08747219
v -0.15415049 0.01254602 0.09391075
v -0.16979967 0.01707583 0.09229157
v -0.16684955 0.15769525 0.09224959
v -0.15663107 0.18652608 0.09545597
v -0.16891201 0.11983894 0.09537400
v -0.17176053 0.12513742 0.09347866
v -0.17084228 0.13604516 0.09076107
v -0.17743345 0.13429047 0.09525083
v -0.17714483 0.14030270 0.09204958
v -0.18913454 0.13946217 0.09471565
v -0.18293253 0.03099091 0.09395622
v -0.19923870 0.04140662 0.09403210
v -0.19177693 0.15007198 0.09513346
v -0.19235662 0.16971797 0.09331393
v -0.19966806 0.17408016 0.09101856
v -0.19280015 0.16626719 0.09511920
v -0.21538201 0.17061836 0.09378343
v -0.20538202 0.02553831 0.08860636
v -0.21498044 0.02433834 0.09103233
v -0.23082940 0.14144963 0.09721830
v -0.22773638 0.04297120 0.09446023
v -0.24028562 -0.01164363 0.08792733
v -0.23496541 0.02272122 0.08736026
v -0.23765218 0.03539775 0.09426245
v -0.24020302 0.05119650 0.09542795
v -0.24927190 0.03095325 0.09393927
v -0.24059708 0.16669336 0.09525421
v -0.25056371 0.17070164 0.09351610
v -0.25792211 0.01989530 0.09511612
v -0.25988695 0.16702168 0.09508476
v -0.25586852 0.03543726 0.09523078
v -0.24895056 0.19020222 0.09357189
v -0.26647860 0.17250076 0.09012403
v -0.26633650 0.15959439 0.09444476
v -0.27888340 0.07846535 0.09508144
v -0.27561909 0.03711088 0.09511506
v -0.28545198 0.05092948 0.09078015
v -0.29280689 0.08408275 0.09483517
v -0.27829644 0.15325087 0.09442841
v -0.29137450 0.13954499 0.09434061
v -0.29995516 0.14407623 0.09111528
v -0.29495502 0.09655967 0.09506194
v -0.30729902 0.09929553 0.09524552
v -0.30713466 0.13443480 0.09524045
v -0.30881116 0.09136564 0.09098707
v -0.31166503 0.10080602 0.09306043
v -0.31075862 0.13774483 0.09350652
v -0.33386642 0.11493927 0.09478085
v 0.24463016 0.02965825 0.08393200
v 0.21897009 -0.28070059 0.08693116
v 0.21682155 -0.27312046 0.09011165
v 0.20950708 0.09291287 0.08654408
v 0.21173266 -0.04330191 0.08478474
v 0.19838640 -0.08147048 0.08559725
v 0.18196015 -0.27883342 0.08935735
v 0.17650251 -0.25443316 0.08792782
v 0.17302316 -0.24615917 0.08435482
v 0.17151338 -0.09752890 0.08821180
v 0.17459826 -0.03070780 0.08460139
v 0.14669798 0.10053650 0.08800232
v 0.12308169 0.00851030 0.09203154
v 0.12908989 0.13365193 0.07964014
v 0.12435701 0.10835600 0.09509299
v 0.09933348 0.00913440 0.09061867
v 0.08705229 0.02937512 0.09237521
v 0.08238673 0.00475856 0.09209860
v 0.05819471 0.10692588 0.09191123
v 0.06073131 -0.00530216 0.08349915
v 0.03742066 0.12227565 0.08802396
v 0.02946631 0.13061489 0.09433796
v -0.00338200 -0.03078444 0.08466216
v 0.00007079 0.15682681 0.07837739
v -0.02369576 -0.02740044 0.08911606
v -0.03098528 -0.04862010 0.07876444
v -0.05375511 -0.03498845 0.09425422
v -0.04300768 0.16037320 0.08225621
v -0.05694748 0.14361413 0.08903001
v -0.08780510 -0.01912630 0.09308665
v -0.09882021 -0.03560387 0.08159016
v -0.11115558 0.13107832 0.09246334
v -0.10489417 -0.01559837 0.09228600
v -0.11836921 -0.00993612 0.09018929
v -0.13274743 0.12503698 0.09346792
v -0.14735176 0.19600643 0.08807208
v -0.15432477 0.18254530 0.09364232
v -0.15668572 0.00542429 0.08381865
v -0.16659158 0.13830675 0.08767810
v -0.17677036 0.00358417 0.07993456
v -0.17718327 0.02194036 0.08803304
v -0.17897028 0.16805744 0.08782665
v -0.19786054 0.18572703 0.08503897
v -0.21144427 0.03436204 0.08594006
v -0.22564423 0.17724587 0.08983883
v -0.25797865 -0.02203793 0.08931146
v -0.26289976 0.01665379 0.09134515
v -0.26682344 0.03140922 0.09344557
v -0.27986467 0.03422013 0.09211762
v -0.27112389 -0.02407307 0.09038745
v -0.29010937 0.07371394 0.09223551
v -0.30048686 -0.02434517 0.08853009
v -0.31404063 0.14034556 0.08780811
v -0.31464493 0.12956312 0.09012993
v -0.32062146 0.14393166 0.08302766
v -0.31263411 0.00180678 0.08824611
v -0.31114995 0.03664478 0.09304968
v -0.33111739 0.13651694 0.08044142
v -0.32715079 0.06439807 0.09258971
v -0.32915917 0.15813965 0.08626565
v -0.33101198 0.07999179 0.09426849
v -0.34485334 0.12276515 0.08921696
v -0.34283742 0.07437810 0.08717754
v -0.36067861 0.11467217 0.07987940
v 0.26282522 0.00386568 0.08564697
v 0.26446357 0.03468336 0.08211880
v 0.24986348 0.05400145 0.08532213
v 0.22494636 -0.27844146 0.08457349
v 0.20165010 -0.23880981 0.07882702
v 0.20581214 -0.01961248 0.08880565
v 0.19056371 -0.12094025 0.08060149
v 0.19242632 -0.27861536 0.08033817
v 0.18641821 -0.25255457 0.08924579
v 0.18476121 -0.12755734 0.08204832
v 0.17489527 -0.23352171 0.08139757
v 0.17054866 0.09751969 0.08719585
v 0.17191322 -0.13122281 0.08182054
v 0.15629503 -0.08688270 0.08519612
v 0.16193011 -0.03413769 0.08176477
v 0.14032333 -0.05801985 0.08492535
v 0.11468370 0.10486467 0.08985984
v 0.08168542 0.01699377 0.08874415
v 0.05855160 0.12122739 0.08344954
v 0.05560095 0.13972822 0.08116480
v 0.04728010 -0.02779256 0.08457390
v 0.04125337 -0.01576406 0.08362499
v 0.02737059 -0.03636948 0.08393174
v 0.01545209 0.14213936 0.07943484
v -0.03841766 -0.04366918 0.07041024
v -0.04946210 -0.02830911 0.08857953
v -0.07120014 -0.03561971 0.09046540
v -0.06580184 0.16256760 0.08214460
v -0.12385087 0.16649403 0.07861619
v -0.08060993 0.14193478 0.08852217
v -0.09951556 -0.02248973 0.08451311
v -0.11578654 0.14308977 0.08583395
v -0.13940921 -0.01966929 0.08202977
v -0.14371502 0.20069399 0.08246562
v -0.15525158 0.13002630 0.08947428
v -0.14287847 0.16777633 0.07824604
v -0.15629657 0.19820520 0.09001277
v -0.17159231 0.20561039 0.08598471
v -0.15844579 0.16254544 0.08447818
v -0.18215823 0.17695411 0.08575796
v -0.21052964 0.02054642 0.08289643
v -0.21004659 0.19882061 0.09123888
v -0.25041810 0.01689674 0.09060758
v -0.24983723 0.18178767 0.08706687
v -0.24923275 0.20277439 0.08227074
v -0.26589066 -0.28138518 0.08160838
v -0.26298922 -0.29290581 0.08213038
v -0.27515760 0.01654751 0.08598070
v -0.27725062 0.19417565 0.08320863
v -0.28190950 -0.04627700 0.08596754
v -0.30003050 0.03528974 0.08282889
v -0.28646591 0.06191510 0.09122504
v -0.29883501 0.16145441 0.08520726
v -0.30514142 0.06337285 0.08475140
v -0.31394720 -0.09690367 0.07872631
v -0.32097813 0.10884930 0.08773062
v -0.31651148 -0.05054168 0.08371140
v -0.33116522 -0.07092244 0.07900020
v -0.32208410 0.00636489 0.08492450
v -0.32700548 0.03197311 0.08459747
v -0.34070399 0.14460258 0.08598415
v 0.23628524 0.04490406 0.08776963
v 0.23066057 -0.00258220 0.09057715
v 0.21490487 -0.25810924 0.08225824
v 0.21682997 -0.04760068 0.07591223
v 0.20830381 0.08197389 0.08530030
v 0.20584510 -0.08656408 0.07314830
v 0.20670667 -0.06893770 0.08073499
v 0.20910476 -0.03321321 0.07703709
v 0.19094159 0.09726319 0.08205690
v 0.19134626 -0.24287677 0.08487539
v 0.18809681 0.12209032 0.07914932
v 0.18281128 -0.15344700 0.07959294
v 0.17535733 -0.15292335 0.07929318
v 0.18136668 0.11751946 0.08208734
v 0.16442482 -0.22301696 0.07644513
v 0.16101836 -0.14832377 0.07632063
v 0.16811571 -0.27625480 0.07809435
v 0.16517866 -0.23995025 0.07974865
v 0.17139469 0.13194694 0.07789123
v 0.16375190 -0.25935963 0.07799310
v 0.15589969 -0.23138483 0.07284564
v 0.16362548 -0.11646509 0.08196729
v 0.15863122 0.13214119 0.07802433
v 0.14361042 -0.02477327 0.08064362
v 0.12740260 -0.05285604 0.06926649
v 0.13266298 -0.01200268 0.08352568
v 0.10988647 0.01044929 0.08541416
v 0.09600675 0.01848115 0.08597001
v 0.10203610 0.13052034 0.08294252
v 0.08643281 0.11062790 0.08865659
v 0.08139151 -0.00216502 0.07805632
v -0.00013846 -0.03842732 0.07527698
v -0.03914235 0.14899276 0.08215959
v -0.05527351 0.15472201 0.07846358
v -0.05889207 -0.05069227 0.06957231
v -0.12094662 0.15130295 0.08015381
v -0.14796256 0.14569709 0.08029383
v -0.14169513 0.20832245 0.08052571
v -0.13952176 0.21527077 0.07452338
v -0.14651681 0.19361609 0.08364199
v -0.15330130 -0.01241771 0.08005736
v -0.15821469 0.15904999 0.07725160
v -0.15869579 0.17223744 0.07237701
v -0.17404111 0.15242358 0.08676352
v -0.17088082 0.17301668 0.08028255
v -0.20318827 0.01671642 0.07546103
v -0.22213750 0.01784907 0.07773051
v -0.23174670 -0.01742006 0.07839582
v -0.22796646 0.19211088 0.08096828
v -0.25358763 0.19434233 0.07772264
v -0.25284851 -0.03029716 0.08447497
v -0.26819244 -0.00988649 0.07944360
v -0.26822051 -0.05901665 0.07923812
v -0.26835781 0.00486964 0.08194981
v -0.27589428 -0.06334522 0.08018199
v -0.29281446 0.02255985 0.08217839
v -0.27547359 0.18472609 0.08067613
v -0.30765951 0.16890670 0.07968515
v -0.29944709 -0.08441578 0.07926607
v -0.30584452 -0.06468692 0.08317700
v -0.32493415 0.17773895 0.07739152
v -0.31351337 0.07598626 0.08481873
v -0.32603464 0.08884190 0.08256063
v -0.33675051 0.11664040 0.07969419
v -0.33034810 -0.03160545 0.08002085
v -0.34282207 0.16406684 0.07640845
v 0.27097973 0.01625279 0.07637308
v 0.26290452 0.04839920 0.07065910
v 0.24886492 0.04517442 0.07704358
v 0.23051807 -0.27732858 0.07283803
v 0.22723417 -0.27072498 0.07550412
v 0.22737056 -0.28138772 0.07887731
v 0.22260818 -0.26495337 0.07950397
v 0.23269446 -0.03813185 0.07710318
v 0.23618814 0.07934330 0.06842183
v 0.21932651 -0.27902439 0.06297075
v 0.20340611 0.10753404 0.07782819
v 0.19712216 -0.11248267 0.07706250
v 0.19277211 -0.14697412 0.07604967
v 0.19857880 -0.12097811 0.07190240
v 0.18828870 -0.21936959 0.07495649
v 0.18593237 -0.05919284 0.07680987
v 0.18865716 -0.04788443 0.07582257
v 0.18651529 -0.20511919 0.07102083
v 0.18134110 -0.05635631 0.07904188
v 0.18289179 -0.04110530 0.08037788
v 0.17229970 -0.21782586 0.07689314
v 0.17265777 -0.20145465 0.07463917
v 0.18112639 -0.19468987 0.07302433
v 0.17615242 -0.06547993 0.07487801
v 0.17611983 -0.17947142 0.07723313
v 0.17215571 -0.07088704 0.07519561
v 0.16701466 -0.06465442 0.07884425
v 0.15606263 -0.20502985 0.07220069
v 0.16799556 -0.07580537 0.07784718
v 0.16469371 -0.26283333 0.07274494
v 0.15767777 -0.07655267 0.07595040
v 0.16116939 -0.07275015 0.07925617
v 0.15722524 0.11201948 0.07903859
v 0.16058551 -0.24999009 0.07097721
v 0.15690529 -0.07281356 0.07664582
v 0.16057727 -0.05307975 0.07885633
v 0.15479364 -0.04706327 0.07788142
v 0.14578880 -0.04141095 0.07941213
v 0.15232685 -0.10030290 0.07723913
v 0.14357372 -0.07681130 0.07772292
v 0.14171672 -0.04431279 0.07667237
v 0.13821965 -0.03357538 0.07509018
v 0.11671181 -0.00566640 0.07822119
v 0.10690127 0.00083511 0.07804359
v 0.11200066 0.12445153 0.07872806
v 0.09027518 0.00549841 0.07983901
v 0.07519863 -0.01362579 0.07792314
v 0.04498158 -0.03046438 0.06984553
v 0.02663647 -0.02564994 0.08124717
v -0.00910958 0.13782038 0.08644263
v -0.03631872 0.15540865 0.07751180
v -0.04489772 0.17134568 0.06630689
v -0.06286080 0.15937576 0.07373102
v -0.08956943 0.15622263 0.07763518
v -0.08818545 -0.03049251 0.07801638
v -0.14489177 0.15277097 0.07942255
v -0.11825885 0.15550804 0.07802074
v -0.15735714 0.17530486 0.08184613
v -0.17026371 0.01131199 0.07723172
v -0.17598252 0.18956731 0.08040980
v -0.17410204 0.19987288 0.07840744
v -0.17717522 0.20306098 0.07691198
v -0.19901004 0.20991793 0.08241327
v -0.19843316 0.19771613 0.07964891
v -0.20012869 0.03134954 0.08336989
v -0.21335639 0.20278749 0.07747387
v -0.21242394 0.01458961 0.07252038
v -0.22010981 0.19781770 0.07785804
v -0.22315906 -0.00009095 0.08270681
v -0.23646019 0.00173038 0.07652783
v -0.24077226 0.01073502 0.08283305
v -0.24503461 -0.29430050 0.07927641
v -0.23707621 -0.29357168 0.07479113
v -0.25087893 -0.04607317 0.07495668
v -0.24849771 -0.00699964 0.07551090
v -0.25296268 -0.00207317 0.07929490
v -0.25360948 -0.27276763 0.07379258
v -0.25369093 -0.01412971 0.07760612
v -0.26926559 -0.25502843 0.07244116
v -0.26540989 -0.27217260 0.07736263
v -0.26831830 -0.02860882 0.07767747
v -0.27294791 -0.02436787 0.07939866
v -0.27524248 -0.28583571 0.08087526
v -0.28254119 -0.26511401 0.07327051
v -0.28185689 0.18987776 0.07542158
v -0.28260133 -0.28852224 0.07824200
v -0.28692865 -0.05798747 0.07920389
v -0.28519809 -0.02924447 0.07958797
v -0.29547876 0.18121445 0.07843564
v -0.29362091 0.18590344 0.07781628
v -0.31439400 -0.05814712 0.07932491
v -0.29155034 0.00835297 0.08017346
v -0.30691135 -0.07176809 0.07195578
v -0.31289017 0.01961313 0.07851972
v -0.31728297 0.00929623 0.07967860
v -0.32732019 0.15305676 0.07852956
v -0.32623044 -0.07601169 0.07682045
v -0.32310167 -0.07174096 0.07872087
v -0.32266331 -0.03347429 0.07960867
v -0.32318988 0.00884338 0.07970429
v -0.32724157 -0.03925268 0.07734624
v -0.32735619 0.00936431 0.07746816
v -0.32875526 -0.11868324 0.07590267
v -0.32792893 -0.09548122 0.07750499
v -0.33320838 0.08324818 0.07963444
v -0.33638966 0.00020496 0.07602851
v -0.33467272 0.07583744 0.07756218
v -0.33907178 0.10892020 0.07959665
v -0.34168208 0.08261722 0.07857602
v -0.34314418 0.11038247 0.07760908
v -0.34110346 0.13536599 0.07867375
v -0.33948496 0.14319199 0.07598212
v -0.34925658 0.04980509 0.07354124
v -0.35964742 0.13420177 0.07780832
v 0.25089902 -0.03422970 0.06444614
v 0.25382575 -0.02151678 0.08032142
v 0.25126857 0.00252615 0.07605076
v 0.25502378 0.02428436 0.07468598
v 0.25606659 0.03566592 0.06733885
v 0.24042808 -0.01940354 0.06598890
v 0.22593768 -0.01872734 0.08167714
v 0.22733264 0.06865676 0.07818344
v 0.21455820 0.09843844 0.07558526
v 0.22121294 0.09896243 0.07063492
v 0.20287254 0.12281515 0.07470915
v 0.20332505 -0.27698460 0.06914602
v 0.19104967 -0.16516784 0.07600895
v 0.19040579 -0.20194758 0.06548183
v 0.18379091 0.10680938 0.07823993
v 0.19177902 -0.27359316 0.06522898
v 0.18568176 -0.06172935 0.07142212
v 0.19487661 0.15762889 0.07042040
v 0.17378198 -0.27577966 0.07113897
v 0.16985074 -0.07669462 0.07064222
v 0.17589207 0.15727726 0.07043289
v 0.15119892 0.13225582 0.07037703
v 0.14171709 0.14909387 0.07088078
v 0.15696079 -0.17410029 0.07278826
v 0.15518822 -0.06035358 0.07039256
v 0.15135749 -0.24023882 0.06268096
v 0.15207839 -0.15295465 0.06992792
v 0.15568370 -0.11622627 0.07742997
v 0.15001743 -0.09924571 0.06708062
v 0.15358554 -0.05065514 0.07520271
v 0.14145987 -0.04756310 0.06542238
v 0.13148105 0.13040812 0.07233010
v 0.12203007 -0.03094980 0.07883050
v 0.11794788 -0.01657753 0.08373615
v 0.10758485 -0.01535387 0.07574493
v 0.09528724 -0.02806927 0.06499899
v 0.07730546 0.14002700 0.06804829
v 0.07853864 -0.01621769 0.07134354
v 0.06267912 -0.01482002 0.07831591
v 0.04793637 0.13899694 0.07307371
v 0.02713636 -0.03268617 0.07568944
v 0.02024151 0.15076733 0.08034646
v -0.04679311 0.16126099 0.06825105
v -0.04288803 -0.05097316 0.07438947
v -0.04938330 -0.04196646 0.07107002
v -0.13866492 0.20552936 0.07628410
v -0.13430697 0.16517563 0.06921680
v -0.14948893 0.18703189 0.07542678
v -0.17280132 0.21596880 0.07647393
v -0.19114587 0.02316139 0.07829372
v -0.20854266 0.02785238 0.07477804
v -0.21870168 0.02481366 0.07922357
v -0.22093715 0.00463994 0.06172609
v -0.21940310 0.01658884 0.07242659
v -0.22834684 0.01215128 0.07348829
v -0.25094795 -0.01464028 0.07104044
v -0.26340458 -0.06408467 0.07250366
v -0.26441416 -0.01740467 0.07773911
v -0.27656066 -0.03603042 0.07396902
v -0.27107778 -0.23829208 0.06884398
v -0.28236854 -0.24529545 0.07288494
v -0.28120482 -0.04220868 0.07591181
v -0.28294414 -0.09331974 0.07055511
v -0.28541231 -0.27108485 0.07050221
v -0.28604755 -0.21935321 0.07016254
v -0.29082739 -0.09596371 0.07386048
v -0.28523570 -0.06433275 0.07172032
v -0.29849240 0.18794702 0.07036652
v -0.29591805 -0.22157894 0.07138080
v -0.30264142 -0.19573016 0.07124533
v -0.30023775 -0.13298430 0.06790446
v -0.31044793 -0.12149663 0.07432086
v -0.29505217 -0.06896453 0.06976555
v -0.29567760 0.18958099 0.08122341
v -0.30971599 -0.20547605 0.07083763
v -0.31428963 -0.16983649 0.07293502
v -0.31444475 -0.13975932 0.07350222
v -0.31023815 0.17824674 0.07321170
v -0.31399563 -0.18596600 0.07252175
v -0.31682584 -0.07523036 0.07774539
v -0.32390016 0.01938185 0.07493820
v -0.32921052 -0.15487084 0.07409883
v -0.31689772 0.05179769 0.07953843
v -0.32764906 -0.06694893 0.07677153
v -0.32951516 -0.05291512 0.07338138
v -0.32949471 -0.01728849 0.07368278
v -0.33257893 0.05444906 0.07151690
v -0.32964990 -0.01850066 0.07184750
v -0.32971743 0.00715021 0.07191473
v -0.33116809 0.16464984 0.07156269
v -0.32732114 -0.17860834 0.07152506
v -0.34013778 -0.05855575 0.07342657
v -0.34047651 -0.15142177 0.07200273
v -0.34443805 -0.11166618 0.07351017
v -0.34064192 -0.01182963 0.07184498
v -0.34272775 0.02724424 0.07295119
v -0.34786418 -0.15512390 0.06826270
v -0.35084069 0.10732254 0.07097809
v -0.35982105 0.08651383 0.07896486
v -0.36066338 0.15876149 0.06402346
v -0.36807761 0.14570975 0.06346396
v 0.42058799 0.28390944 0.06737675
v 0.32629639 0.13575834 0.06576888
v 0.31514511 0.15242137 0.06793990
v 0.31342590 0.11137669 0.06675058
v 0.31285313 0.10143100 0.06660212
v 0.26675695 0.15347952 0.06858318
v 0.30081880 0.16839820 0.06828008
v 0.28294960 0.11940754 0.06668521
v 0.29497796 0.14122452 0.06860286
v 0.26913679 0.16981956 0.06847475
v 0.26732546 -0.00523492 0.07643986
v 0.26389110 -0.01964330 0.06840514
v 0.25153551 -0.00486602 0.06685979
v 0.25412396 0.00486163 0.07346013
v 0.25866666 0.13588755 0.06732992
v 0.22968884 0.16411373 0.06870061
v 0.23298126 0.14208727 0.06907218
v 0.21486677 0.14529303 0.07148860
v 0.23538181 0.10251391 0.06587104
v 0.21054138 -0.06826613 0.07412162
v 0.21761878 -0.05150143 0.06427903
v 0.21278483 -0.24901678 0.07082469
v 0.20643423 0.10208557 0.07023606
v 0.19430371 -0.22327399 0.07217679
v 0.19809315 -0.16405855 0.06628212
v 0.19442098 -0.03502990 0.07869457
v 0.18678226 0.11391144 0.07194988
v 0.19427876 0.17837857 0.06554107
v 0.16868520 0.12297183 0.07255667
v 0.16764860 -0.25605339 0.06460836
v 0.16106367 -0.07969266 0.06962802
v 0.15615343 -0.07349775 0.06521235
v 0.14736876 -0.23195629 0.06764961
v 0.15271200 -0.11996953 0.07113729
v 0.13570212 -0.22243837 0.06512839
v 0.13678585 -0.21116184 0.06608480
v 0.14366578 -0.19624145 0.06777030
v 0.14703462 -0.17441127 0.06687145
v 0.13069890 -0.02458737 0.07312113
v 0.09958072 -0.01416371 0.07514688
v 0.10743368 -0.01408383 0.06408215
v 0.10014468 0.15898204 0.06345230
v 0.09503868 -0.01025913 0.06747172
v 0.05662112 0.16309793 0.05965802
v 0.04690176 0.14729899 0.07684624
v 0.00027491 -0.05033595 0.07301417
v -0.00874137 0.16627225 0.06587953
v -0.13005564 0.18257190 0.06598725
v -0.13397570 0.21313938 0.06498747
v -0.15023845 0.17887273 0.07477633
v -0.13957551 0.19083801 0.06401972
v -0.14395325 0.19713572 0.06737717
v -0.16560644 0.19590436 0.07598794
v -0.19732895 0.22266936 0.06587806
v -0.21638323 0.02309990 0.06737717
v -0.21861532 0.20628540 0.06920472
v -0.23421623 0.00205561 0.06775061
v -0.24500585 -0.00608345 0.06447245
v -0.25734249 -0.05682073 0.06793324
v -0.24936485 -0.26682431 0.06819084
v -0.27325696 0.21096422 0.06557028
v -0.27782115 -0.21362518 0.06544673
v -0.27384847 -0.08217911 0.06875914
v -0.28255430 -0.29156202 0.07155196
v -0.28212109 -0.05948679 0.07622562
v -0.28780636 -0.26416123 0.07100958
v -0.28927761 -0.19422634 0.06657043
v -0.30005714 -0.16716832 0.06811766
v -0.29646432 -0.13521305 0.06482918
v -0.31176642 -0.08569516 0.06378476
v -0.31246626 -0.25198233 0.06599396
v -0.31285226 -0.22498238 0.06787230
v -0.32299915 -0.20471375 0.06694300
v -0.32950059 -0.07310471 0.07214393
v -0.32975352 0.03933787 0.07034561
v -0.33031368 -0.07300010 0.06874898
v -0.34282884 0.03337235 0.05951851
v -0.32469603 0.19294888 0.06300858
v -0.33629951 0.00843868 0.06590623
v -0.34209684 -0.16671932 0.06822269
v -0.34558576 0.13597061 0.07352689
v -0.34932169 -0.13650563 0.06990354
v -0.37605357 0.10074911 0.06219595
v 0.42087010 0.27563208 0.06586017
v 0.41032994 0.27398676 0.06386673
v 0.35117388 0.15298218 0.05876029
v 0.32352656 0.10501334 0.06448812
v 0.32767448 0.19107866 0.06456818
v 0.31569558 0.06316416 0.06311131
v 0.30953121 0.08517453 0.06162368
v 0.29156649 0.10367721 0.06453689
v 0.27928978 0.09081724 0.06442145
v 0.29027012 0.19620274 0.06592197
v 0.27538288 0.01486370 0.06458627
v 0.28117558 0.18840265 0.06684178
v 0.27108017 0.03364603 0.06726539
v 0.26401058 0.09064479 0.06035568
v 0.24554241 0.19245823 0.06565883
v 0.24982257 0.08744286 0.06090575
v 0.21689136 -0.03393007 0.07202991
v 0.22224571 0.08576389 0.06621798
v 0.21508992 -0.25121278 0.06361390
v 0.21272102 0.10827821 0.06539400
v 0.19592191 0.13305603 0.06656072
v 0.19837414 0.14845531 0.06430718
v 0.19310977 -0.18680415 0.05868715
v 0.18889956 -0.19348615 0.06903957
v 0.17843331 -0.26858214 0.06482016
v 0.17398490 -0.26285917 0.06252307
v 0.17105070 -0.07207466 0.06519488
v 0.17082372 0.15304314 0.06396758
v 0.16921416 -0.06634551 0.06124856
v 0.15006781 0.15334612 0.06366495
v 0.16338098 -0.07293213 0.06188951
v 0.16170774 -0.07716028 0.06363323
v 0.15811832 -0.06317581 0.06305830
v 0.15229893 -0.10369206 0.06220840
v 0.15251136 -0.05332527 0.06262026
v 0.14454737 -0.17559519 0.06116103
v 0.15004569 -0.14070813 0.06306887
v 0.14076959 -0.19099240 0.06204060
v 0.12246239 0.14525738 0.06408253
v 0.07972196 -0.04083036 0.05701314
v 0.07612245 0.15316726 0.06777781
v 0.06332065 -0.03049218 0.06277518
v 0.02606245 0.14282599 0.07690012
v 0.02583232 0.15726167 0.06049110
v -0.01952830 0.15201341 0.07357564
v -0.02308914 -0.05772701 0.05906842
v -0.01039082 0.15970103 0.06124720
v -0.06643913 0.16589789 0.06593435
v -0.10330700 0.17707169 0.06815237
v -0.12710725 0.16976660 0.06554253
v -0.12492476 -0.01604613 0.07716738
v -0.13977899 0.20206553 0.06142639
v -0.14542225 0.17548233 0.06450456
v -0.15360036 -0.01966025 0.06466188
v -0.15420885 0.18794635 0.06399850
v -0.16295470 0.20117877 0.06879904
v -0.16858909 -0.00079676 0.05901248
v -0.20349401 0.02373604 0.06670310
v -0.22772974 -0.29478538 0.06274119
v -0.23395656 -0.29350728 0.06475049
v -0.23025842 0.01154768 0.06476498
v -0.23999466 -0.29009458 0.06388763
v -0.23615132 0.20758995 0.06508208
v -0.24389049 -0.28283009 0.06642094
v -0.25012326 -0.29020482 0.06675181
v -0.26007864 -0.24735421 0.06569838
v -0.25225398 -0.27996328 0.06529237
v -0.25189805 -0.27369559 0.06463605
v -0.25904006 -0.02161352 0.06813501
v -0.26523364 -0.29079443 0.06713762
v -0.26155832 -0.26525477 0.06426606
v -0.25939545 -0.23445611 0.05847847
v -0.26974297 -0.21183673 0.05869478
v -0.28011978 -0.29013428 0.05834407
v -0.27161404 -0.27419335 0.06464124
v -0.26862216 -0.25164956 0.06506981
v -0.28112823 -0.19557124 0.06147002
v -0.28398392 -0.10441635 0.06416050
v -0.28785250 -0.28899950 0.06542969
v -0.29067352 -0.17335430 0.06096557
v -0.29746196 -0.14978501 0.06501762
v -0.29289731 -0.12159923 0.06491408
v -0.30168054 -0.25073469 0.06977189
v -0.31201530 0.19881843 0.06350524
v -0.33234221 -0.20476745 0.06061113
v -0.32463861 -0.08016933 0.06763861
v -0.32475242 0.02638465 0.07370804
v -0.33368102 -0.05937305 0.06725779
v -0.32976022 -0.04219928 0.07096799
v -0.33737901 -0.05519012 0.06389259
v -0.33827960 0.07109746 0.07349455
v -0.34498966 -0.18210858 0.05993453
v -0.34236386 0.15604407 0.06706222
v -0.34538278 -0.04533543 0.06715978
v -0.34687501 0.08095538 0.07159514
v -0.36363065 -0.10945816 0.06037137
v -0.37461117 0.12532984 0.06454191
v 0.42451328 0.28202081 0.06349493
v 0.41556242 0.25835517 0.05664298
v 0.40833735 0.27785414 0.05990501
v 0.32663447 0.17151687 0.06585113
v 0.36883739 0.12785360 0.05135305
v 0.31803671 0.06166894 0.06292193
v 0.31566077 0.07827903 0.06516705
v 0.33670405 0.09289307 0.05827238
v 0.32698783 0.22121952 0.05999646
v 0.31254560 0.07886671 0.06230258
v 0.29667988 0.09361220 0.05956466
v 0.27506021 0.07690123 0.06299166
v 0.26394904 0.05735298 0.06285204
v 0.25782353 0.07225840 0.05977076
v 0.25184113 0.06948303 0.06180843
v 0.23799169 0.08526146 0.06503689
v 0.23019230 0.15030225 0.06037781
v 0.22586481 -0.26731765 0.06079105
v 0.22981142 -0.03160921 0.06083043
v 0.21402293 0.14996956 0.06404244
v 0.19704059 0.16464798 0.06191456
v 0.20326425 -0.10285975 0.06282780
v 0.20109965 -0.22943664 0.06471523
v 0.19992976 -0.13359606 0.06288393
v 0.20312174 -0.04603873 0.05671799
v 0.19210744 -0.20809586 0.05883598
v 0.16811690 -0.25414145 0.05843924
v 0.16612640 -0.06167779 0.05786659
v 0.16043518 0.18467854 0.05998637
v 0.14275526 -0.07961261 0.06691414
v 0.13683471 -0.04026909 0.06553547
v 0.13046613 -0.03436159 0.06278276
v 0.13553771 -0.22901322 0.06006040
v 0.13287488 -0.21692541 0.05851934
v 0.11621442 -0.03773978 0.06065343
v 0.11017920 -0.03229712 0.06008672
v 0.08459680 0.15549180 0.05765525
v 0.09320398 -0.01969204 0.06084495
v 0.07465710 -0.03000918 0.06117566
v 0.05720720 0.15008469 0.06096821
v 0.03146295 -0.04041904 0.06444688
v 0.01468990 -0.04571419 0.06270257
v -0.05724922 -0.04803119 0.05865122
v -0.06483233 -0.04163279 0.06536411
v -0.09698752 0.16563289 0.06831419
v -0.09311552 -0.03235582 0.07053199
v -0.10767739 0.18004258 0.05398817
v -0.11162533 -0.02638738 0.06786382
v -0.10231110 -0.04390680 0.06064227
v -0.12470110 0.19482207 0.05297627
v -0.13634577 0.17828333 0.06144937
v -0.13736153 0.20579894 0.05304377
v -0.13708061 -0.03426219 0.04836021
v -0.13701919 0.22046544 0.06599047
v -0.15983588 0.20318905 0.06252845
v -0.17489913 0.00754675 0.06388337
v -0.18656214 -0.00177411 0.05330117
v -0.18575369 0.01607988 0.07527608
v -0.18061312 0.20845088 0.06376114
v -0.23261672 -0.27999818 0.06189706
v -0.22991456 -0.01180712 0.06112014
v -0.23465656 -0.29060993 0.06078478
v -0.23738933 -0.28297767 0.06107905
v -0.24777344 -0.25995067 0.05986827
v -0.24587749 -0.00044270 0.05401545
v -0.25524154 -0.26066512 0.05939319
v -0.26079175 -0.02224279 0.05366507
v -0.27373824 0.20432498 0.06205690
v -0.25750306 -0.28535709 0.06173700
v -0.26063651 -0.24819726 0.05865547
v -0.26571557 -0.03162121 0.06570280
v -0.27524778 -0.20499861 0.05996864
v -0.26200849 -0.06460506 0.06197638
v -0.28216556 0.21635552 0.04748877
v -0.28107896 -0.25999305 0.06175771
v -0.27557403 -0.03960754 0.05925470
v -0.27711469 -0.27840787 0.05999854
v -0.27805212 -0.23273079 0.06128068
v -0.27793562 -0.04688235 0.06403183
v -0.28331962 -0.06789130 0.06307646
v -0.28021148 -0.05692214 0.05561477
v -0.28125811 -0.24823357 0.06410109
v -0.28919029 -0.27498955 0.06083504
v -0.29180604 -0.25559071 0.05796708
v -0.29437250 -0.24660480 0.06234560
v -0.29511833 -0.23337346 0.06362500
v -0.28601953 -0.22470929 0.06384405
v -0.28834611 -0.21371362 0.06008147
v -0.29574028 -0.08292237 0.05939976
v -0.29071552 -0.20256481 0.05762426
v -0.29455569 -0.14359315 0.05786331
v -0.29922271 -0.26151732 0.06006526
v -0.29866394 -0.21694790 0.06366070
v -0.29587588 -0.19137785 0.05905788
v -0.30218911 -0.19363366 0.06372448
v -0.29973766 -0.09080867 0.06177013
v -0.30759025 -0.22926915 0.06380264
v -0.30679971 -0.19406043 0.06375784
v -0.30409372 -0.18844423 0.06049208
v -0.31194139 -0.26113853 0.06008659
v -0.31133920 -0.20724550 0.06140442
v -0.30943286 -0.09665869 0.05802492
v -0.31510371 -0.19027908 0.05901515
v -0.31139797 -0.18577500 0.05943070
v -0.31423962 -0.16651402 0.06118588
v -0.31437266 -0.09914307 0.06105171
v -0.32141903 -0.18219571 0.06427753
v -0.31842372 -0.13907646 0.06382480
v -0.31854114 -0.08681466 0.06312073
v -0.31560594 -0.09278035 0.06280918
v -0.32353020 -0.25317511 0.05981253
v -0.32455549 -0.15309657 0.06359475
v -0.32643065 -0.22325231 0.05909857
v -0.32737115 -0.18531713 0.06072471
v -0.32977846 -0.16005145 0.05934685
v -0.33866900 -0.15091440 0.06372073
v -0.33553177 -0.08022454 0.06372646
v -0.34284690 -0.15474434 0.05974592
v -0.33915308 -0.08013707 0.06364238
v -0.33728725 -0.01783487 0.06451718
v -0.33837903 0.04787920 0.06536750
v -0.33786044 0.16817935 0.06490874
v -0.34275076 -0.15099038 0.06149320
v -0.34257123 -0.13409819 0.06151462
v -0.34272033 -0.08467162 0.06157676
v -0.34284362 -0.04746033 0.06175951
v -0.34293184 -0.00448114 0.06194051
v -0.34364814 0.01100585 0.06085966
v -0.34282726 0.03540152 0.06182855
v -0.34927338 -0.00627676 0.06075350
v -0.35672459 0.09955514 0.06414063
v -0.35306403 0.13307084 0.06535008
v -0.35083678 0.14571036 0.06259957
v -0.35462701 0.06907243 0.05543504
v -0.35949638 0.13557127 0.06051676
v -0.36562884 -0.12425052 0.05762052
v 0.39796451 0.26888642 0.04741635
v 0.36392155 0.10282549 0.04995098
v 0.32105029 0.13293612 0.05905709
v 0.32341817 0.17387924 0.05675598
v 0.31854630 0.04196058 0.05896653
v 0.32060385 0.06392826 0.05841166
v 0.31444854 0.10247458 0.05886753
v 0.30944237 0.14293677 0.06046211
v 0.29569957 0.24199119 0.05401243
v 0.30449378 0.16786766 0.05692599
v 0.30063629 0.11379872 0.05899014
v 0.29050511 0.13162541 0.05883321
v 0.29208869 0.10641214 0.05616679
v 0.28729606 0.12093822 0.05656422
v 0.28336355 0.07686251 0.05578156
v 0.28783518 0.22513457 0.05941358
v 0.27126655 0.04543108 0.05500364
v 0.29007000 0.16069406 0.05679199
v 0.26704192 0.05227425 0.06145440
v 0.28231049 0.14301915 0.05776284
v 0.27510077 0.12740730 0.05551245
v 0.26321065 0.03957156 0.04943409
v 0.25982741 0.16580318 0.05784573
v 0.25857338 0.12360669 0.05670345
v 0.24216722 0.14623028 0.05906562
v 0.24040912 0.11659094 0.05780301
v 0.25218523 0.18786165 0.05663959
v 0.23136888 0.18183851 0.05684899
v 0.24139883 0.08102055 0.05639299
v 0.22869854 0.12367820 0.06073929
v 0.23715588 0.20359553 0.06216534
v 0.22470815 -0.27428982 0.04957340
v 0.22144230 0.16154091 0.06044094
v 0.25092500 0.21850702 0.05967694
v 0.21856493 -0.03569743 0.05688192
v 0.20855352 -0.07701290 0.05969131
v 0.20773947 -0.04000326 0.06143526
v 0.21098696 0.21238163 0.05705259
v 0.19432232 -0.27729627 0.05279517
v 0.19826411 -0.16376048 0.06083169
v 0.19253974 -0.05063878 0.06206829
v 0.18106289 -0.27461028 0.05529138
v 0.18012811 0.20707430 0.05428092
v 0.16812895 -0.27599823 0.05341794
v 0.17703009 -0.26914552 0.05935072
v 0.17002364 -0.26499146 0.05822027
v 0.16326849 -0.26958749 0.05367433
v 0.16235965 -0.25093451 0.05450583
v 0.15642454 -0.10743068 0.05537471
v 0.14790013 -0.08215434 0.05829240
v 0.14376254 -0.03696434 0.04974112
v 0.13587672 -0.21810487 0.05374894
v 0.13212974 0.16275354 0.05748186
v 0.11558920 -0.02721403 0.05377635
v 0.10396881 0.18544173 0.04852810
v 0.09190286 0.15391764 0.05915107
v 0.09873791 -0.04389696 0.04581100
v 0.03774233 0.15758750 0.05633872
v 0.02790864 -0.04597542 0.06013063
v -0.00653020 -0.04893996 0.05965296
v 0.00098763 -0.05888373 0.05515091
v -0.07011382 -0.04401231 0.05507261
v -0.06865846 0.17157482 0.06156085
v -0.08440017 0.17390183 0.05900877
v -0.12509435 -0.02694840 0.05091347
v -0.12423962 0.17952816 0.05756139
v -0.13343674 0.21753599 0.05607276
v -0.13484778 0.21894698 0.06285971
v -0.14466850 -0.00922195 0.06739242
v -0.14435689 0.18381312 0.06299047
v -0.14954621 0.19378476 0.05913032
v -0.15676863 0.20317297 0.05755842
v -0.17221393 0.00096614 0.05511961
v -0.17487684 0.21049567 0.05611105
v -0.18594293 0.01114710 0.05485576
v -0.21163572 0.01326469 0.05902828
v -0.23340678 -0.27956703 0.04282730
v -0.23614563 0.01092595 0.05626693
v -0.24453130 -0.03517376 0.06230117
v -0.24061811 -0.27582330 0.05819562
v -0.24734607 -0.26888257 0.05918432
v -0.25752407 -0.28488210 0.05403364
v -0.25615990 -0.27853447 0.06164254
v -0.26256490 -0.28401026 0.05354742
v -0.27446309 -0.28632340 0.05721363
v -0.26280355 -0.27631271 0.06132881
v -0.27019960 -0.23559141 0.05897793
v -0.26997069 -0.07436777 0.05585044
v -0.28013733 -0.26868862 0.05923645
v -0.27924407 -0.22110409 0.05908832
v -0.28020111 -0.09812602 0.06041755
v -0.28272408 -0.07657681 0.06016588
v -0.27979004 -0.07296413 0.05363975
v -0.28815910 -0.07817822 0.05970678
v -0.29150623 -0.16440138 0.05798480
v -0.29787984 -0.24659730 0.05453011
v -0.30159846 -0.24161586 0.05876972
v -0.29669505 -0.18948022 0.05668334
v -0.31033114 -0.23488370 0.05878832
v -0.31308290 -0.22961496 0.06011330
v -0.31386870 -0.20532919 0.05456139
v -0.30895203 -0.18622884 0.05118256
v -0.31178504 -0.16012214 0.05657508
v -0.31222168 -0.10195555 0.05461667
v -0.31197900 0.19022466 0.05865408
v -0.32870284 -0.17060347 0.05274884
v -0.32572830 0.17682941 0.06323888
v -0.33962321 0.02153515 0.05586632
v -0.34836587 -0.18558401 0.04811124
v -0.34458137 -0.15088668 0.05739673
v -0.34423214 -0.10497434 0.05724681
v -0.34484661 -0.06477109 0.05733192
v -0.34533525 0.00932830 0.05734552
v -0.34250170 0.17045486 0.06078588
v -0.34505948 0.18887551 0.04899245
v -0.34537762 0.04719124 0.05843687
v -0.35055426 -0.03532404 0.05433096
v -0.34517631 0.17969048 0.06182588
v -0.35530904 -0.07357473 0.06038847
v -0.35856861 0.08202698 0.06096410
v -0.36132222 -0.14892925 0.05877684
v -0.36045590 0.11552051 0.05994140
v -0.36960489 0.07740138 0.06415986
v 0.43946111 0.16726604 0.05103149
v 0.42160457 0.12877369 0.04995795
v 0.42193601 0.18043238 0.05380784
v 0.42169535 0.27027348 0.05749911
v 0.42036116 0.28610361 0.06060344
v 0.41931596 0.15585047 0.05367472
v 0.40626746 0.21619913 0.05287124
v 0.40863284 0.23713395 0.05028522
v 0.40930489 0.25881264 0.05948471
v 0.40387473 0.23855534 0.05078286
v 0.39836058 0.24783045 0.05440274
v 0.39815533 0.25827876 0.05680885
v 0.40150973 0.18067667 0.05414421
v 0.38861215 0.25234199 0.04910482
v 0.37195542 0.21307188 0.05233751
v 0.34444457 0.22553797 0.05667561
v 0.33273879 0.04975668 0.05417556
v 0.34953472 0.06530819 0.04920694
v 0.32324579 0.04224233 0.05494541
v 0.31719956 0.18565434 0.05385038
v 0.31342250 0.19042309 0.05258027
v 0.30258578 0.17406762 0.05296714
v 0.29485223 0.16781293 0.05349301
v 0.29110134 0.08934446 0.05841782
v 0.28586602 0.17069921 0.05562606
v 0.29856735 0.18228833 0.05430195
v 0.28824523 0.09551499 0.05218079
v 0.28915712 0.11400187 0.05225242
v 0.28789842 0.12372021 0.05284264
v 0.28123873 0.20205927 0.05315620
v 0.28042167 0.12871112 0.05622961
v 0.27666891 0.06462365 0.05673459
v 0.27212277 -0.00906026 0.06178142
v 0.27022007 0.11092299 0.05170264
v 0.25963983 0.01245957 0.06001590
v 0.26742071 0.20406151 0.05379506
v 0.25906789 0.23558588 0.05424542
v 0.24431457 0.06325528 0.06165448
v 0.24534650 0.09855590 0.05467231
v 0.26143759 0.10417484 0.05264202
v 0.22791980 0.10848329 0.06060265
v 0.22921008 -0.28025296 0.05440871
v 0.21677218 0.18672289 0.05591439
v 0.20993793 -0.05741145 0.04895540
v 0.20792812 -0.03969068 0.05117200
v 0.20740709 -0.27669933 0.06424222
v 0.20097435 -0.23766197 0.05464551
v 0.19585863 -0.16246898 0.05365947
v 0.19730344 -0.15543623 0.05464016
v 0.19909586 -0.10639246 0.05306555
v 0.19709072 -0.12773871 0.05356868
v 0.19180165 -0.21964079 0.05319819
v 0.18944405 -0.19731304 0.05345860
v 0.19025163 -0.05056170 0.04926965
v 0.19540490 0.18227801 0.05671879
v 0.17730871 -0.06374377 0.05537648
v 0.15805593 0.17492914 0.05719171
v 0.16228803 -0.26751134 0.05002904
v 0.16262002 -0.10030361 0.04942309
v 0.16632165 -0.05207692 0.05004624
v 0.15227707 -0.14187616 0.05565709
v 0.15305215 -0.17847212 0.05072777
v 0.14626004 -0.18021460 0.05613802
v 0.12970769 0.17925461 0.05622749
v 0.14142726 -0.23035738 0.05346852
v 0.14520508 -0.19783497 0.05259163
v 0.13135855 -0.05588492 0.05786031
v 0.12582994 -0.03179684 0.05401478
v 0.09922435 -0.02631882 0.05186744
v 0.04969369 0.16797218 0.04126222
v 0.03695733 0.16536297 0.05869030
v 0.02481924 -0.04824247 0.05784174
v -0.02969774 -0.04950676 0.05819932
v -0.14024571 -0.01904787 0.04966348
v -0.13348906 0.20965512 0.04039963
v -0.14276892 0.19365755 0.05432047
v -0.16808188 0.22439414 0.06309603
v -0.20283622 0.00898596 0.05251634
v -0.20304044 0.21036637 0.06238955
v -0.21240914 0.02329528 0.05811876
v -0.22640191 -0.29428437 0.04532231
v -0.22263028 0.02139312 0.05281233
v -0.23572488 -0.28361109 0.04645020
v -0.23485491 0.21863291 0.06614453
v -0.24858090 -0.01283945 0.05465100
v -0.25831077 -0.28040415 0.05308679
v -0.25360629 -0.03893121 0.05072312
v -0.25091714 -0.01237613 0.04840720
v -0.25427499 -0.25903749 0.05102047
v -0.26575336 -0.28233927 0.04986587
v -0.26173794 -0.22349609 0.04766699
v -0.26862061 -0.28230643 0.04945940
v -0.26716939 -0.23684396 0.05298218
v -0.27483213 -0.28241357 0.05103352
v -0.27623960 -0.26965156 0.04717411
v -0.27454829 -0.22984059 0.05538917
v -0.27909055 -0.19291982 0.05427017
v -0.27997106 -0.03567301 0.04682821
v -0.28335911 -0.26163536 0.05567300
v -0.28268901 -0.07679077 0.04924290
v -0.28770778 -0.28955474 0.05838986
v -0.29418805 -0.19872323 0.05278943
v -0.29192409 -0.12597404 0.05872633
v -0.30382150 -0.23937823 0.05406484
v -0.31553367 0.20551321 0.04716726
v -0.31276786 -0.22969583 0.04960844
v -0.31201389 -0.21329471 0.04894853
v -0.30928668 -0.09535994 0.05038791
v -0.31515595 -0.19031236 0.05035486
v -0.31209865 -0.17615329 0.05199160
v -0.31191248 -0.12862100 0.05241420
v -0.33278465 -0.21347825 0.05123704
v -0.33129576 -0.16021669 0.05185845
v -0.34440759 -0.15087135 0.05330788
v -0.34409034 -0.10538887 0.05289224
v -0.34466967 -0.07154875 0.05283710
v -0.34527853 -0.00656726 0.05303855
v -0.34523132 0.01169938 0.04747404
v -0.35198438 -0.02124927 0.04769429
v -0.35207677 0.05532815 0.05333843
v -0.35367996 0.02493619 0.05930037
v -0.36212596 0.03336670 0.04814819
v -0.36551481 0.08513237 0.05148046
v -0.36704877 0.12570041 0.04750425
v -0.36509284 0.16898692 0.04491407
v -0.38393778 0.09618253 0.04428377
v -0.37646508 0.11503958 0.06288292
v -0.42517039 -0.06699409 0.04997867
v -0.43810672 -0.03303286 0.05057479
v -0.43998867 -0.10140025 0.05174361
v -0.45025337 -0.13046534 0.05221490
v -0.45360604 -0.09395459 0.05390984
v -0.43525904 -0.06279749 0.05252180
v -0.46232334 -0.07119484 0.05340417
v -0.45637864 -0.02127029 0.04897219
v -0.46341097 -0.05158846 0.05101862
v -0.46642768 -0.09202432 0.05365190
v 0.43546158 0.11213800 0.04405861
v 0.45204359 0.15281360 0.04836816
v 0.42449212 0.22027417 0.05065063
v 0.41979763 0.27806190 0.05275665
v 0.41655022 0.24391298 0.04434548
v 0.41584063 0.24904941 0.04362554
v 0.41213772 0.24390726 0.04892473
v 0.39800864 0.14609347 0.05255519
v 0.38513955 0.20787808 0.05025739
v 0.39191496 0.23409416 0.04973007
v 0.38408512 0.15793219 0.05036132
v 0.38314447 0.19035020 0.05079434
v 0.38403031 0.14217259 0.04690978
v 0.38019609 0.15423064 0.04969186
v 0.38460580 0.24245520 0.04763138
v 0.38029587 0.17180297 0.05083099
v 0.37739617 0.20386276 0.05147777
v 0.38223356 0.23253720 0.04874185
v 0.34593263 0.03543158 0.04338516
v 0.33865562 0.06493850 0.04930587
v 0.34278578 0.11305629 0.05004640
v 0.33882737 0.15750004 0.05244343
v 0.35599539 0.17033677 0.04696736
v 0.33551681 0.18741561 0.05301743
v 0.32236439 0.20019333 0.05119873
v 0.33535418 0.03955679 0.04727938
v 0.32466131 0.10103923 0.05687870
v 0.32070842 0.21858656 0.04845816
v 0.32719302 0.25048679 0.05153736
v 0.32966313 0.03487107 0.05149726
v 0.30290952 0.16688535 0.05289243
v 0.29725823 0.25510088 0.04829586
v 0.29438335 0.14829798 0.05106439
v 0.29743466 0.16290355 0.05365788
v 0.28792745 0.13454989 0.05184576
v 0.29089603 0.15521765 0.05079147
v 0.28417403 0.13701874 0.04834401
v 0.29802504 0.21256202 0.04968088
v 0.26447031 0.25421053 0.04585238
v 0.27903140 0.07275562 0.04797198
v 0.27742478 0.12354942 0.04762745
v 0.26418120 0.21531156 0.05094747
v 0.27478337 -0.00294096 0.03398825
v 0.27068198 -0.01454400 0.03656986
v 0.25954416 0.05302870 0.05026539
v 0.26272294 0.07696503 0.04859789
v 0.25727257 0.06587445 0.05072172
v 0.25229183 0.07945002 0.05217972
v 0.24114782 0.20096326 0.05355213
v 0.25090897 -0.01775724 0.04611187
v 0.25061181 -0.01421983 0.05954158
v 0.25328952 0.22597012 0.04817960
v 0.22066775 0.20306754 0.05114286
v 0.21654294 -0.05060139 0.05201776
v 0.21716939 0.23752853 0.04647555
v 0.20107062 0.19741803 0.05065482
v 0.20087792 -0.07798819 0.04776354
v 0.20264716 -0.04010209 0.04372786
v 0.19256245 -0.12313715 0.04963777
v 0.20235266 -0.04508561 0.04924421
v 0.19322024 -0.15893406 0.05088026
v 0.18676797 -0.18823904 0.04986453
v 0.18512227 -0.16949733 0.04672382
v 0.17351204 0.22438303 0.04455597
v 0.18721476 -0.06051562 0.04962317
v 0.17792697 -0.06016122 0.04603189
v 0.16998920 0.19022982 0.05118332
v 0.16442615 -0.24824700 0.04914476
v 0.15971600 -0.13574009 0.04927118
v 0.16129386 -0.18909363 0.04697293
v 0.15269840 -0.07705326 0.05112330
v 0.15666208 -0.04109999 0.04300091
v 0.15742896 -0.23600687 0.04902708
v 0.06724049 0.16171740 0.05016698
v 0.08363590 -0.03257502 0.04972862
v 0.08403970 0.17051867 0.05424203
v 0.06347694 -0.03981718 0.04959588
v 0.04089116 0.17427637 0.04555460
v 0.02805296 0.16735359 0.04275022
v 0.01497986 0.16987559 0.05536048
v 0.01180926 -0.04972944 0.05348973
v -0.01164796 -0.05103722 0.04649971
v -0.07804730 0.18323427 0.05466119
v -0.08170183 -0.03759649 0.06312510
v -0.11087025 0.18914217 0.04281371
v -0.09462561 0.18653780 0.05411283
v -0.12128872 -0.03684406 0.06225987
v -0.15707153 -0.00826245 0.05185768
v -0.16637529 0.21053745 0.05028342
v -0.15180203 0.22730948 0.04822890
v -0.20388846 0.22860318 0.04760062
v -0.22936261 -0.29392588 0.05262568
v -0.23054965 0.00743668 0.04674672
v -0.21954350 0.01265784 0.05246880
v -0.24290940 0.22335778 0.05054145
v -0.23427314 -0.29163954 0.04420183
v -0.23713809 0.02319336 0.04058418
v -0.24692024 -0.26832181 0.04932174
v -0.23807631 0.00165396 0.04344203
v -0.25020874 0.01281899 0.04378190
v -0.25530940 -0.00481964 0.04548854
v -0.26295692 -0.24476649 0.04952882
v -0.26965669 -0.28322029 0.04987128
v -0.27527487 -0.28761336 0.04982312
v -0.27334154 -0.26153874 0.04558228
v -0.26765501 -0.02952426 0.04841517
v -0.28100184 -0.24854739 0.04540811
v -0.28156707 -0.22150792 0.05007369
v -0.28279871 -0.18551654 0.05047018
v -0.26934594 -0.06291150 0.04798606
v -0.28026736 -0.04156977 0.05003473
v -0.28160414 -0.25900573 0.04941588
v -0.27795863 -0.23650871 0.04843663
v -0.28244299 -0.05807992 0.04814961
v -0.28735328 -0.22401962 0.04578599
v -0.28658444 -0.05442369 0.04610722
v -0.28930283 -0.21313412 0.05169015
v -0.29103708 -0.07787376 0.04911834
v -0.28741810 -0.07238551 0.04588052
v -0.29314685 -0.24953969 0.04793643
v -0.29704091 -0.12883630 0.04988862
v -0.29673311 -0.08173089 0.04929304
v -0.30092847 -0.07797118 0.04619681
v -0.29175609 -0.24599594 0.04529590
v -0.29930043 -0.18976161 0.04778320
v -0.29677716 -0.09182820 0.05069722
v -0.30201101 -0.08852924 0.04593282
v -0.30270565 -0.23437893 0.04769617
v -0.30708209 -0.22814243 0.04525031
v -0.30848739 -0.20394029 0.04533782
v -0.31252763 -0.09069414 0.04638784
v -0.31308973 -0.26230311 0.04867040
v -0.31430170 -0.17542285 0.04809220
v -0.31377459 -0.13703009 0.04823479
v -0.31404492 -0.09914412 0.04834572
v -0.31556281 -0.18471795 0.04768622
v -0.31807902 -0.09997736 0.04615033
v -0.32364735 -0.26019138 0.05039000
v -0.32391080 0.18934028 0.04913373
v -0.32674763 -0.18547800 0.04926084
v -0.32829705 -0.24619356 0.04889528
v -0.32876486 -0.22708544 0.04927005
v -0.32910684 -0.21994048 0.04727026
v -0.33790457 -0.12437206 0.04641055
v -0.33812013 -0.14690986 0.04636783
v -0.34152490 -0.15319288 0.04866640
v -0.34214467 -0.13504982 0.04867518
v -0.34230846 -0.09633515 0.04846496
v -0.34296381 -0.04770383 0.04800202
v -0.34201607 -0.00612027 0.04633112
v -0.34520569 0.00300092 0.05038846
v -0.35200503 0.16851750 0.04448687
v -0.34904942 0.04136627 0.05044475
v -0.36855540 -0.10864865 0.04881436
v -0.36879674 -0.11357943 0.04172391
v -0.36933488 0.10717281 0.04857656
v -0.37326747 0.15469082 0.04204213
v -0.42009729 -0.06729311 0.04716709
v -0.42253473 -0.08738559 0.04745777
v -0.44942963 -0.15241025 0.04966612
v -0.46959639 -0.12482872 0.05280547
v 0.45799100 0.14715989 0.04289334
v 0.45483369 0.16072209 0.04685561
v 0.43646863 0.19544634 0.04884413
v 0.42159662 0.23397435 0.04903557
v 0.41204947 0.28122240 0.05341392
v 0.40027854 0.12762782 0.04868425
v 0.38353574 0.25338957 0.04440213
v 0.37628737 0.10935608 0.04374850
v 0.38544387 0.13460097 0.04402439
v 0.37030265 0.25243062 0.04662863
v 0.36303118 0.06792822 0.04275938
v 0.35908899 0.19676585 0.04447851
v 0.35343745 0.08495530 0.04491262
v 0.34925783 0.20204446 0.04768540
v 0.35445637 0.22917248 0.04843741
v 0.34806627 0.23641264 0.04556219
v 0.32333106 0.23081286 0.04838688
v 0.31792623 0.18258993 0.04477362
v 0.31266069 0.17547697 0.04646109
v 0.31332901 0.16797292 0.04406552
v 0.30751631 0.17536363 0.04846982
v 0.29913634 0.13912180 0.04730195
v 0.29594791 0.12385020 0.04615341
v 0.29386538 0.16735230 0.04912820
v 0.28575876 0.08887336 0.04804279
v 0.29036331 0.15864159 0.04652121
v 0.27145389 0.23365679 0.04775073
v 0.27139503 0.08947113 0.04633119
v 0.26260421 0.00407680 0.04762766
v 0.26353309 0.01939466 0.04966306
v 0.26558465 0.04062091 0.04575491
v 0.26383710 -0.02503993 0.05184190
v 0.26613647 0.24714001 0.04161477
v 0.24817204 -0.02858190 0.04551813
v 0.23581336 -0.03248531 0.04569027
v 0.24383999 -0.02457062 0.05067152
v 0.22393270 0.23164946 0.04285877
v 0.21612681 -0.26529679 0.04594558
v 0.19760408 -0.24888667 0.04478976
v 0.21167718 0.21427897 0.04763896
v 0.20028435 -0.06296957 0.04332388
v 0.18623599 -0.22517878 0.04600311
v 0.18353285 -0.12615693 0.04586002
v 0.18508483 -0.15514345 0.04632748
v 0.18259433 -0.04830519 0.04415343
v 0.17257749 -0.22203118 0.04317319
v 0.18083440 -0.20553482 0.04682300
v 0.17345038 -0.19364063 0.04540263
v 0.17082289 -0.18384995 0.04502872
v 0.17355235 -0.14673635 0.04423564
v 0.16956875 -0.25078934 0.04567140
v 0.17298365 -0.08195183 0.04390365
v 0.16710787 -0.12509519 0.04612274
v 0.17437997 -0.11013266 0.04468935
v 0.16726033 -0.26562056 0.04321200
v 0.16251510 -0.15907979 0.04605681
v 0.16825452 -0.23239617 0.04378233
v 0.15334272 -0.21880224 0.04584179
v 0.14831717 -0.05134653 0.04106565
v 0.15547079 0.20987785 0.04768778
v 0.13619666 -0.04919514 0.04533876
v 0.09162893 -0.03469666 0.04419265
v 0.05924599 -0.04629463 0.04496727
v 0.04192936 -0.05046310 0.06199650
v 0.05067807 -0.04301155 0.05099203
v -0.00285252 -0.06513830 0.03185973
v -0.01197191 0.17247716 0.03663255
v -0.06151269 0.18427531 0.04581468
v -0.05417099 0.17215042 0.05220939
v -0.05929684 -0.04946248 0.04436387
v -0.06533116 0.17585649 0.04819385
v -0.10844883 -0.03352430 0.05252406
v -0.12104346 -0.03267473 0.04131812
v -0.12821965 0.19076949 0.04794520
v -0.14250210 0.20011701 0.04512344
v -0.15467739 -0.01509575 0.04363797
v -0.17901468 0.22992824 0.04255337
v -0.18077116 0.21889110 0.04606131
v -0.20430532 0.21830966 0.04903192
v -0.23048663 -0.29459089 0.03936725
v -0.24260034 -0.28140044 0.03880769
v -0.24208835 -0.26679221 0.04785335
v -0.23955067 0.21767168 0.04055825
v -0.25098959 -0.25236207 0.04786981
v -0.25386128 -0.27068827 0.04164692
v -0.24949503 0.21157913 0.05122571
v -0.26549304 -0.28769326 0.04109434
v -0.26529902 -0.27859113 0.04212755
v -0.26834381 -0.20892283 0.04699392
v -0.27156368 0.20889372 0.04950947
v -0.26329598 -0.26754960 0.04346643
v -0.26928309 -0.25146738 0.04531496
v -0.26251161 -0.01410794 0.04606635
v -0.26667851 0.00238442 0.03993709
v -0.27581513 -0.05321649 0.03815836
v -0.28419524 -0.19316953 0.04082510
v -0.29352182 -0.23520596 0.04530229
v -0.29644787 0.19906735 0.05592250
v -0.29083928 -0.27020931 0.04854399
v -0.29181066 -0.17224948 0.04588168
v -0.28942248 -0.10310981 0.04814675
v -0.29169813 -0.03940524 0.04401504
v -0.29917604 -0.26151329 0.04624066
v -0.29872587 -0.21162523 0.04634753
v -0.31515852 -0.05164164 0.04395226
v -0.30041897 -0.20132811 0.04506873
v -0.31056964 -0.19385523 0.04642723
v -0.31817058 -0.13895924 0.04600906
v -0.32475024 -0.10360229 0.04599979
v -0.31795824 -0.18424319 0.04620620
v -0.32535899 -0.14024727 0.04495416
v -0.32979527 0.20536283 0.03245403
v -0.33459005 -0.20005552 0.04136549
v -0.32486099 -0.16084151 0.04677596
v -0.31617931 -0.08162146 0.04536548
v -0.33868170 -0.08001889 0.04615734
v -0.33922303 -0.04801040 0.04544477
v -0.33453670 -0.03735127 0.04398831
v -0.34535772 0.02377998 0.03687340
v -0.34478274 0.02568638 0.04665326
v -0.35192493 -0.04482093 0.04600397
v -0.35460934 0.00222371 0.04852335
v -0.35514748 0.00771715 0.03948399
v -0.36052051 0.06110758 0.04414473
v -0.35740736 0.15409055 0.04872990
v -0.35813177 -0.16837664 0.04721056
v -0.36208808 -0.08561388 0.04543878
v -0.37036011 0.13152160 0.03824917
v -0.37032402 -0.13652234 0.04571002
v -0.36466706 0.07528170 0.04633573
v -0.37465975 0.08090992 0.04504460
v -0.37426090 0.08919349 0.04628817
v -0.37899825 0.07476710 0.04495765
v -0.42019066 -0.03329926 0.04865370
v -0.41420534 0.02049967 0.04273824
v -0.41846034 -0.00786189 0.04646344
v -0.44206187 0.00827986 0.04553901
v -0.42913222 -0.10794380 0.04666425
v -0.43797854 -0.13580529 0.04585226
v -0.44001883 -0.16809323 0.04204362
v -0.44297841 0.03117120 0.04294650
v -0.45057353 -0.17969814 0.04300865
v -0.45411703 -0.00008551 0.04557269
v -0.47223976 -0.05434972 0.04244298
v -0.47022417 -0.18602842 0.03968155
v -0.48078406 -0.10001336 0.04076345
v 0.48089689 0.05260265 0.04021005
v 0.46996489 0.07976253 0.03846616
v 0.47043654 0.04387420 0.04081902
v 0.46793589 0.05796330 0.04139239
v 0.45126843 0.19539697 0.04084709
v 0.45445281 0.02629771 0.03896217
v 0.45328221 0.08060630 0.03953768
v 0.45396277 0.10896435 0.04019817
v 0.45363793 0.05212975 0.04116710
v 0.44216082 0.09992947 0.04118892
v 0.42418903 0.10276581 0.04121223
v 0.42290014 0.15895808 0.04150387
v 0.41589260 0.25717258 0.04475368
v 0.40877470 0.16292922 0.04122661
v 0.40962332 0.11466141 0.04419575
v 0.40125304 0.12155110 0.04274611
v 0.40144560 0.27105635 0.03991874
v 0.38871288 0.12723407 0.03890232
v 0.37172392 0.15021838 0.04136615
v 0.37665156 0.11721760 0.03933315
v 0.36207730 0.21313219 0.04484857
v 0.35357425 0.03951844 0.03989131
v 0.34759590 0.26966107 0.03842262
v 0.32191843 0.24554361 0.04371781
v 0.32814935 0.18053171 0.04173611
v 0.31664085 0.27074274 0.03898423
v 0.31320822 0.25308299 0.03961869
v 0.30517837 0.17641132 0.04674475
v 0.29379651 0.24640551 0.04306354
v 0.29341382 0.16227630 0.04447437
v 0.27499601 0.02551838 0.03952367
v 0.27222171 0.05147413 0.05208417
v 0.25848970 -0.00386149 0.04606085
v 0.26708320 0.00549296 0.04167584
v 0.26713809 0.04052246 0.04185875
v 0.26569629 0.04533141 0.04094502
v 0.26329866 0.05558630 0.04377322
v 0.25122076 -0.02647368 0.04125490
v 0.23010945 0.26058480 0.03353159
v 0.21401514 -0.03661148 0.04106411
v 0.20547971 -0.05143894 0.04038518
v 0.19990890 -0.27974680 0.03860001
v 0.18887836 -0.05741001 0.03805535
v 0.19134668 -0.26623091 0.04000890
v 0.18794766 -0.08405264 0.04381540
v 0.18083639 -0.27692845 0.04563913
v 0.18086411 -0.24166059 0.04340752
v 0.18044977 -0.26447207 0.04305478
v 0.17478000 -0.27786219 0.04427820
v 0.17934896 0.20719729 0.04595612
v 0.15701634 -0.05988675 0.04207385
v 0.14449671 -0.03789902 0.03965762
v 0.12741052 -0.04570622 0.04662935
v 0.12213689 0.19167054 0.04014074
v 0.12303228 0.20138808 0.04218919
v 0.11115123 0.21016003 0.03062613
v 0.11858300 -0.04551697 0.04328648
v 0.10957839 0.17882396 0.04566829
v 0.06788665 0.17916863 0.04365708
v 0.08118702 -0.05414434 0.03183678
v 0.03659451 -0.06037820 0.04134336
v -0.07400306 -0.04800763 0.04296508
v -0.10507148 -0.03876386 0.03389698
v -0.10799489 -0.04854567 0.03361426
v -0.13371687 0.21473522 0.04209215
v -0.13691044 0.22250290 0.05214484
v -0.15482496 -0.01635944 0.03511699
v -0.16241233 0.22863801 0.03617606
v -0.17304800 0.21821395 0.04483659
v -0.18324180 0.00455245 0.03233955
v -0.20087884 0.01876376 0.04554606
v -0.20118414 0.22053248 0.04199804
v -0.22321111 0.02354839 0.03823670
v -0.22946019 0.21989150 0.04308887
v -0.24667263 0.00698662 0.03475717
v -0.25936058 -0.27733395 0.03878985
v -0.25930876 0.21468380 0.03569729
v -0.27215883 -0.29043332 0.04212746
v -0.27903587 -0.29244927 0.03835343
v -0.27562577 -0.01878421 0.04270511
v -0.28559956 -0.27379632 0.04215468
v -0.28542495 -0.29053220 0.04685771
v -0.29475960 -0.15799735 0.05124211
v -0.30232862 -0.10019422 0.03812219
v -0.30340743 -0.13439111 0.04320207
v -0.32278401 -0.25214618 0.04250803
v -0.32212341 -0.23174188 0.04142296
v -0.31777889 0.21026000 0.03223438
v -0.31487361 -0.04204116 0.04163401
v -0.34224719 -0.00034888 0.03875838
v -0.34022820 0.17753674 0.05109921
v -0.34788623 -0.04169277 0.04037215
v -0.34947288 -0.01486947 0.03868889
v -0.35631749 -0.06526370 0.04501974
v -0.35982510 0.05028294 0.04344954
v -0.36303851 -0.14647849 0.03792188
v -0.37965992 0.12463970 0.05225534
v -0.41343239 -0.02081565 0.04359524
v -0.42227533 0.06324015 0.03916673
v -0.42924017 -0.13879773 0.04189411
v -0.44182011 0.04571770 0.04077388
v -0.47948039 -0.11275091 0.04362514
v 0.48829779 0.04835106 0.03390265
v 0.48612928 0.06284210 0.03660281
v 0.47882870 0.08218502 0.03417530
v 0.46497285 0.02720802 0.03572675
v 0.46228188 0.10207769 0.03726826
v 0.46284294 0.12494511 0.03294947
v 0.45287898 0.12364241 0.04143192
v 0.45066124 0.01218555 0.03378581
v 0.44489461 0.03137825 0.03686227
v 0.44136694 0.07704609 0.03777817
v 0.43603742 0.22715627 0.04047118
v 0.44292542 0.06219440 0.03754885
v 0.43318507 0.09165451 0.03896681
v 0.43817225 0.17077312 0.03735653
v 0.42992005 0.23792855 0.03707266
v 0.43454778 0.15087804 0.03801576
v 0.40755406 0.11572605 0.03009392
v 0.40943548 0.26002112 0.03536281
v 0.41685590 0.15111382 0.04083851
v 0.41289482 0.18376373 0.04025470
v 0.40180677 0.20698167 0.03633998
v 0.38938111 0.18984474 0.03794008
v 0.38673335 0.11974333 0.03621027
v 0.38064641 0.10911405 0.03920679
v 0.37308425 0.08664703 0.04021363
v 0.37853202 0.14230050 0.03736161
v 0.38119823 0.16757534 0.03717081
v 0.37720758 0.18108624 0.03847570
v 0.37747777 0.20304677 0.03872562
v 0.37020898 0.23454598 0.03913471
v 0.37246555 0.09790635 0.03980483
v 0.36830509 0.16549172 0.04103665
v 0.36969277 0.17042153 0.03994294
v 0.36136156 0.05345139 0.03986350
v 0.35674900 0.24499907 0.03940165
v 0.36371657 0.07488040 0.04101773
v 0.35171652 0.18298519 0.03689475
v 0.32952899 0.18488982 0.04009967
v 0.32761133 0.25860637 0.03574231
v 0.33216417 0.17254423 0.03460519
v 0.30765250 0.16455756 0.03529485
v 0.29058591 0.10142929 0.04449417
v 0.28282061 0.12677538 0.04313370
v 0.28110844 0.10400821 0.03464580
v 0.27571288 0.00647094 0.03883903
v 0.27650425 0.04079887 0.02924007
v 0.26722500 0.02175097 0.02329771
v 0.26616263 0.05144556 0.03581220
v 0.24900442 -0.03048346 0.04122557
v 0.25145569 -0.02493374 0.02244549
v 0.24494441 -0.03261127 0.04141389
v 0.21654966 -0.27979833 0.04089596
v 0.20457646 -0.27028736 0.03860637
v 0.20312662 -0.03680780 0.03402914
v 0.19023198 -0.05102834 0.03460860
v 0.19177671 -0.03981325 0.03820165
v 0.16279672 -0.07747938 0.04612902
v 0.17102966 -0.05318669 0.03625168
v 0.16656683 -0.03988652 0.03807112
v 0.14917754 0.23021577 0.03090422
v 0.15370613 0.20051493 0.04326418
v 0.09761649 0.18263222 0.04061516
v 0.05638922 -0.04835588 0.04198494
v 0.04011926 0.17599840 0.02473349
v 0.03383572 -0.06269191 0.03348785
v 0.03189153 -0.04934471 0.04547353
v -0.01467882 0.17558259 0.04889225
v -0.02240625 0.17273608 0.04308017
v -0.04697090 -0.06029279 0.04392217
v -0.04631536 0.17867462 0.02642410
v -0.10490210 0.20166011 0.03225317
v -0.13764761 0.21995543 0.03369115
v -0.13504930 0.20027810 0.03655331
v -0.14442736 0.20642275 0.03277465
v -0.16201673 -0.02289818 0.03541372
v -0.16399498 -0.00775559 0.04182454
v -0.16475408 0.21660033 0.03870837
v -0.17731926 0.22052212 0.04093842
v -0.21594869 0.01243150 0.02975524
v -0.21765345 0.02264091 0.03367299
v -0.21973047 0.01493229 0.04446065
v -0.24485995 -0.29054219 0.03483488
v -0.25415930 -0.27931517 0.03706812
v -0.25226134 -0.26205629 0.03880272
v -0.26638269 -0.24761024 0.03668074
v -0.26424512 -0.26653361 0.03348436
v -0.26283008 -0.23972225 0.04001373
v -0.27094555 -0.21737620 0.03980558
v -0.28146520 -0.22170036 0.03473565
v -0.27705181 -0.00439117 0.03627055
v -0.28696325 -0.26740909 0.03907538
v -0.28977394 -0.20263311 0.03566731
v -0.29916674 -0.18117192 0.03547503
v -0.29389390 -0.08061086 0.03739976
v -0.29721123 -0.17014870 0.03948207
v -0.29970491 -0.03122363 0.03458164
v -0.29996964 -0.25171030 0.03773161
v -0.30467463 -0.15439886 0.03771307
v -0.30924052 -0.11789124 0.03646207
v -0.31289950 -0.25511277 0.03922557
v -0.31111649 -0.23714069 0.03728852
v -0.32178748 -0.21753757 0.03910016
v -0.32403046 -0.20177461 0.03632799
v -0.32541910 -0.03074121 0.03472968
v -0.33193266 -0.01454910 0.03816101
v -0.33468902 -0.04842640 0.03024709
v -0.34522802 0.00533447 0.03684264
v -0.34992400 -0.16934732 0.03739100
v -0.35169438 -0.07099896 0.03806062
v -0.35502550 0.03875204 0.03562056
v -0.36282590 -0.12109186 0.03512991
v -0.35909450 -0.08609190 0.03912222
v -0.36793301 -0.13686226 0.04002784
v -0.37443089 0.07898308 0.03607021
v -0.37659159 0.08362766 0.04198095
v -0.37489295 0.12144955 0.04566003
v -0.39851278 0.03287914 0.03180131
v -0.40615556 0.05704644 0.03700540
v -0.43518490 0.07524163 0.03746212
v -0.42362422 0.10522642 0.03364700
v -0.44000316 -0.19678815 0.03491286
v -0.44870222 0.03577999 0.03884255
v -0.44602925 -0.20541501 0.03367519
v -0.46039596 -0.00262723 0.04106505
v -0.45185563 -0.19638781 0.03754379
v -0.47063875 -0.15946831 0.04818429
v -0.48669806 -0.11493169 0.03224082
v 0.48578596 0.03884089 0.02908782
v 0.48681697 0.08127108 0.02952487
v 0.47556856 0.02994023 0.03158854
v 0.47096968 0.10887614 0.02839592
v 0.46276584 0.01583675 0.02905622
v 0.45705709 0.19910154 0.03380509
v 0.45163256 0.01007654 0.02886452
v 0.44823542 0.14594342 0.03229361
v 0.43723032 0.19511363 0.03286010
v 0.42708847 0.19089477 0.03784460
v 0.43997791 0.13099772 0.03179455
v 0.43781576 0.04377036 0.03674410
v 0.42204487 0.10070203 0.03269202
v 0.42057252 0.21395130 0.03400550
v 0.41503161 0.25203830 0.03503770
v 0.41480863 0.13712688 0.03631274
v 0.38774803 0.14809220 0.03317633
v 0.37775496 0.22547619 0.03785026
v 0.39269221 0.24485978 0.03309186
v 0.39018658 0.26288342 0.03642169
v 0.37203369 0.15294901 0.03777882
v 0.36537939 0.17033099 0.03363505
v 0.36316931 0.25656721 0.03288602
v 0.36065334 0.16848172 0.03580308
v 0.34992656 0.25680086 0.03517870
v 0.34937754 0.16805683 0.02997064
v 0.35508496 0.17773001 0.03721780
v 0.34423178 0.18469504 0.03590876
v 0.34709063 0.27670881 0.03126258
v 0.34112617 0.17805623 0.03734992
v 0.32759795 0.18615273 0.03533632
v 0.31778041 0.15214190 0.03231617
v 0.31133449 0.18190661 0.04430433
v 0.32431078 0.28350538 0.02567384
v 0.29287595 0.14637874 0.03713740
v 0.28755286 0.11055429 0.02908957
v 0.26531658 0.06964380 0.04292382
v 0.27211398 0.05915872 0.02277556
v 0.26672846 0.00268646 0.03032949
v 0.26722741 0.03908839 0.03088641
v 0.25835678 -0.01315100 0.03284363
v 0.25101820 -0.03689935 0.05005898
v 0.24271689 0.25200233 0.03281552
v 0.17890748 0.21816295 0.04100974
v 0.15200037 0.20935795 0.03742864
v 0.14809763 -0.04970394 0.03737559
v 0.08393087 0.19268230 0.02701920
v 0.06257409 0.17439787 0.03581856
v 0.05320147 0.18327710 0.03468483
v 0.05947874 -0.04866916 0.03269985
v 0.03674273 -0.05134055 0.03021596
v 0.01795204 -0.05188204 0.03383791
v -0.03309442 0.17605241 0.02327505
v -0.02382099 0.18242650 0.02938933
v -0.03380905 -0.05290303 0.02278234
v -0.07794168 -0.04874356 0.02887186
v -0.08010051 -0.05367149 0.04795510
v -0.13060313 0.21040794 0.03429525
v -0.14853695 0.22382653 0.02585311
v -0.15902568 0.21968482 0.02616818
v -0.20392796 0.23125000 0.03191691
v -0.19743679 0.00155098 0.03055285
v -0.22951882 0.22069453 0.03439103
v -0.24182147 0.01625709 0.03120370
v -0.25709671 0.02693135 0.03260836
v -0.26070830 -0.29154515 0.03603696
v -0.27032784 0.01650315 0.03156403
v -0.27944005 -0.25672764 0.03433189
v -0.28542829 0.00704317 0.02992403
v -0.28233275 0.01988092 0.02781045
v -0.28311822 0.21115565 0.03029350
v -0.28604814 -0.00994887 0.02999218
v -0.28367552 -0.01407786 0.03372651
v -0.29943541 -0.01346394 0.03010886
v -0.29266930 -0.23367389 0.03423512
v -0.30237269 -0.19347546 0.03335877
v -0.29693395 0.20601900 0.03877327
v -0.31321445 -0.19962162 0.03375326
v -0.30296934 -0.02871646 0.03017975
v -0.31237614 -0.10180879 0.03423962
v -0.32238895 -0.02637772 0.02999635
v -0.32145074 -0.00313073 0.03001044
v -0.32683867 -0.02603874 0.03209702
v -0.32555002 0.00088771 0.03044505
v -0.33241501 -0.00285478 0.03368354
v -0.34172040 -0.16594343 0.03098906
v -0.34228247 0.00387500 0.03206177
v -0.34018859 -0.07611974 0.03263068
v -0.35907415 -0.11831047 0.03388252
v -0.36286151 -0.13754183 0.03553512
v -0.36431870 0.15623452 0.03184545
v -0.37449285 0.13119806 0.03151318
v -0.37640381 0.12110389 0.03299911
v -0.42128852 -0.11073621 0.04172744
v -0.43592185 -0.07257183 0.03360747
v -0.42775446 -0.10414328 0.03236461
v -0.44016504 -0.09280241 0.03408766
v -0.43571937 -0.11387093 0.03266903
v -0.44289732 -0.16711247 0.03229596
v -0.44954234 -0.13441971 0.03415034
v -0.44781882 -0.06740694 0.03426568
v -0.45952308 -0.05075089 0.03230781
v -0.46083915 0.02156982 0.03145995
v -0.45216873 -0.08711250 0.03440841
v -0.46518654 -0.05229037 0.03206041
v -0.47148931 -0.19805588 0.03259436
v -0.48704693 -0.17947918 0.03177024
v 0.49329373 0.05014336 0.02710853
v 0.49548504 0.06264245 0.02534608
v 0.49259812 0.06210643 0.03090646
v 0.46514753 0.04677736 0.02858348
v 0.46688944 0.05284648 0.03110967
v 0.45779771 0.04649557 0.02812333
v 0.46257976 0.07144076 0.03292809
v 0.45544052 0.07447255 0.03061415
v 0.45371774 0.16516258 0.02937205
v 0.44924849 0.13815230 0.02918785
v 0.45186064 0.18281883 0.03044824
v 0.44886228 0.19120924 0.02725902
v 0.43557966 0.21620184 0.03066787
v 0.43596581 0.03040720 0.03493996
v 0.42562050 0.07081923 0.02464532
v 0.43777463 0.21810187 0.02860038
v 0.42815813 0.12445500 0.03174530
v 0.41828927 0.23616149 0.03048645
v 0.41250807 0.10245761 0.02215412
v 0.41225865 0.24014823 0.02938589
v 0.41035330 0.13244490 0.03054277
v 0.40687895 0.23246677 0.03311899
v 0.40183264 0.14043710 0.03591103
v 0.40329590 0.24971551 0.02945135
v 0.39053836 0.25268087 0.02879934
v 0.39355180 0.12577248 0.03273699
v 0.39687398 0.26568717 0.03128397
v 0.38321522 0.13502236 0.03268274
v 0.38662964 0.15612814 0.03660984
v 0.37347016 0.16802922 0.03563456
v 0.37520793 0.26218987 0.02538067
v 0.35649985 0.26571786 0.03057538
v 0.36204690 0.15902629 0.03195954
v 0.35705534 0.26747373 0.02840517
v 0.34596512 0.18214120 0.03098702
v 0.31880617 0.26600239 0.03217402
v 0.31078577 0.15789628 0.02938102
v 0.30077392 0.26978365 0.02811870
v 0.28593728 0.25546652 0.03623419
v 0.28170604 0.08168858 0.02862494
v 0.27733430 0.08014064 0.03302667
v 0.26506147 -0.01406023 0.02838439
v 0.26719311 -0.01003476 0.02552709
v 0.23517962 -0.04443415 0.04771506
v 0.21807238 -0.04825613 0.01082185
v 0.19949973 0.25325948 0.03077894
v 0.20976566 -0.04800975 0.03335527
v 0.19110316 0.23390149 0.03299030
v 0.15638866 0.22820361 0.02554623
v 0.16242690 -0.04910864 0.03241412
v 0.15881163 -0.03966250 0.03037773
v 0.14318445 0.21774952 0.03002118
v 0.10998432 -0.05066674 0.03179055
v 0.12075306 -0.04585814 0.02970091
v 0.12519397 -0.03585508 0.04205687
v 0.11240520 -0.03665783 0.04097920
v 0.09178500 -0.04202941 0.03394437
v 0.07502922 -0.04619239 0.03099414
v 0.06901157 -0.04328332 0.03741082
v 0.02137400 0.17434122 0.02661960
v 0.00430835 0.17241664 0.03305459
v -0.04052281 -0.06385455 0.01710441
v -0.07139932 0.19155554 0.03246755
v -0.11681322 0.19597426 0.03214898
v -0.13654740 -0.03854420 0.01725627
v -0.20375022 0.01601832 0.02921320
v -0.23871191 -0.28785545 0.03127808
v -0.24086173 0.02844815 0.02882501
v -0.24860804 -0.28500661 0.02817496
v -0.25001118 -0.27330846 0.03275937
v -0.26178446 -0.29346648 0.02857614
v -0.26261893 -0.27582222 0.03189085
v -0.27001464 0.02945452 0.02586813
v -0.27601221 -0.27614304 0.03535211
v -0.28845191 0.21902388 0.03235715
v -0.29834756 -0.05853073 0.03094726
v -0.31052843 0.01225474 0.02737971
v -0.31155017 -0.17194526 0.03040834
v -0.31477967 -0.14049944 0.03298398
v -0.31670403 -0.07125244 0.02946931
v -0.32755426 -0.05512225 0.02864828
v -0.31115380 0.20334773 0.02986920
v -0.32815579 -0.16558956 0.02821196
v -0.32672575 -0.08221430 0.02929130
v -0.33449078 0.01343945 0.02831818
v -0.33443090 -0.11335927 0.02916178
v -0.34697694 -0.03244784 0.03904788
v -0.34338284 -0.15660007 0.02926764
v -0.34120548 -0.13606365 0.02807158
v -0.34291181 0.02412886 0.02814429
v -0.35111943 0.01249701 0.02482021
v -0.34823668 0.02824494 0.03079338
v -0.35912341 0.03925293 0.03004233
v -0.37970024 0.16279130 0.02124779
v -0.38595408 0.14744022 0.02320485
v -0.38275948 0.07483106 0.03122503
v -0.39509588 -0.05041827 0.02332408
v -0.40498096 0.07403579 0.03569914
v -0.40716058 -0.02547374 0.03031772
v -0.40750730 0.04548538 0.03044232
v -0.40618312 0.07364959 0.02896224
v -0.40943801 -0.03029881 0.02898674
v -0.41102573 -0.02539986 0.03234480
v -0.41181496 0.04249029 0.03260782
v -0.40964076 0.07564609 0.03091976
v -0.41855392 -0.02895195 0.03172240
v -0.41931561 0.04547478 0.03209148
v -0.41598386 0.07240778 0.03252848
v -0.41051111 0.13393185 0.02689056
v -0.42223734 -0.15857604 0.03280521
v -0.41908473 0.07598104 0.03052976
v -0.42465687 -0.10521317 0.03148972
v -0.42483142 -0.05605292 0.03113282
v -0.43074441 -0.05199070 0.03231527
v -0.42801309 -0.11344880 0.02893018
v -0.43481925 0.01309768 0.03203551
v -0.43144247 0.04065910 0.03265549
v -0.43256128 -0.12576441 0.02852999
v -0.43552929 0.04349329 0.03056295
v -0.43389672 0.09515411 0.02970311
v -0.44092309 -0.15380035 0.03179142
v -0.43839246 -0.12095696 0.03177948
v -0.44470885 -0.03353026 0.03261786
v -0.44891942 -0.01280234 0.03205169
v -0.44813955 0.01014094 0.03242696
v -0.44664943 0.01567695 0.02937803
v -0.44270787 0.07606018 0.02925273
v -0.44882298 -0.04833929 0.03304393
v -0.45348471 -0.02981908 0.03018848
v -0.45242509 0.01156879 0.03020010
v -0.45451742 -0.20314951 0.03053807
v -0.45651579 -0.18329144 0.03185957
v -0.45793164 -0.16816773 0.03263448
v -0.46298382 -0.18351589 0.03258313
v -0.45824578 -0.14239247 0.03337606
v -0.45579460 -0.11901170 0.03369452
v -0.46675220 -0.18170601 0.03166308
v -0.46587893 -0.09578490 0.03180547
v -0.47206062 -0.01003441 0.02864393
v -0.47523895 -0.16517465 0.02888497
v -0.46806833 -0.14029603 0.03172880
v 0.46991906 0.04873099 0.02437843
v 0.47260931 0.05841339 0.02050051
v 0.46981516 0.07319364 0.02808374
v 0.47006837 0.16226150 0.03014428
v 0.46768159 0.17233987 0.03085063
v 0.46622622 0.07561380 0.02969590
v 0.45646155 0.05192235 0.03182629
v 0.44916496 0.06329511 0.02243616
v 0.45377377 0.14552751 0.02799447
v 0.44503564 0.12089555 0.02234603
v 0.44124970 0.20506859 0.02729249
v 0.43045717 0.04427831 0.03211362
v 0.42873591 0.11859532 0.02658235
v 0.42703927 0.22422744 0.02892747
v 0.42405519 0.02986832 0.02529561
v 0.41749132 0.04203461 0.01717517
v 0.41733345 0.08922198 0.02075196
v 0.40425518 0.26310787 0.02764196
v 0.38161770 0.25160965 0.03258626
v 0.37501651 0.15706320 0.02742842
v 0.37287384 0.27364844 0.02833400
v 0.35934198 0.17620938 0.03369588
v 0.33485806 0.26912880 0.02949287
v 0.32334119 0.17329377 0.02387818
v 0.31306812 0.15870290 0.02818203
v 0.30605522 0.11583752 0.02455224
v 0.30061352 0.14878498 0.02962775
v 0.29739296 0.12980627 0.02858382
v 0.26743868 0.25836462 0.03304895
v 0.20517877 0.24887255 0.02640879
v 0.17333446 -0.03865694 0.03056289
v 0.17290543 -0.04871441 0.02932119
v 0.13570665 -0.04975433 0.03392670
v 0.11633990 0.20449010 0.02702389
v 0.07576917 -0.04849742 0.02631212
v 0.03399558 0.18387279 0.02537241
v 0.00737476 0.17884371 0.03536380
v -0.00283898 -0.05382567 0.02608026
v -0.08218090 0.18832135 0.02887334
v -0.17037861 0.22036728 0.02849520
v -0.23009391 0.01742207 0.02655182
v -0.24561679 0.21996003 0.02859122
v -0.24813075 -0.29454905 0.02634550
v -0.25337756 0.01848735 0.02561556
v -0.27973762 0.01254971 0.02002301
v -0.27947378 -0.02381738 0.02725380
v -0.33010188 -0.13995306 0.02812564
v -0.34321862 0.18839620 0.02648788
v -0.34664410 -0.00390596 0.03058357
v -0.35868198 0.17176996 0.02772158
v -0.35791397 0.03130063 0.02531156
v -0.36131728 0.03670470 0.02383503
v -0.36112630 0.05331800 0.03007319
v -0.36122340 0.17733404 0.04038573
v -0.35869324 0.02013991 0.03371623
v -0.37033856 0.04487177 0.03028415
v -0.37806922 0.06142419 0.02324523
v -0.38959962 -0.00641611 0.02232213
v -0.38974610 0.10414080 0.02402053
v -0.38643223 0.12127272 0.03824620
v -0.38956890 0.13207285 0.02396401
v -0.39298514 0.05547324 0.02548517
v -0.39329478 0.08437347 0.02646379
v -0.40343040 0.11708143 0.03007560
v -0.39613810 0.10089736 0.02772293
v -0.39480880 0.13897012 0.02390178
v -0.40113848 -0.11909360 0.01467885
v -0.40418136 0.14855446 0.02171207
v -0.40502742 -0.02544056 0.02632108
v -0.40514714 0.06341152 0.02650705
v -0.40776187 0.07678843 0.02430842
v -0.42198232 0.14249717 0.01655890
v -0.41433683 -0.04130872 0.02471480
v -0.41405982 0.07857364 0.02637789
v -0.42112571 -0.17892300 0.02477721
v -0.42255950 -0.07985866 0.02981172
v -0.42071459 -0.03764203 0.03030632
v -0.42149901 0.06050180 0.02950089
v -0.42096403 -0.10504176 0.02602104
v -0.42897019 0.12858592 0.01611559
v -0.42554000 -0.20224573 0.01952859
v -0.43602645 -0.15655416 0.02839326
v -0.43675527 0.02532708 0.02993861
v -0.44316795 0.02165996 0.02669386
v -0.44550684 -0.20595600 0.02552330
v -0.45086527 -0.19284046 0.02856350
v -0.46074876 -0.04176496 0.02879645
v -0.45468637 -0.00730658 0.02685922
v -0.46899638 -0.05216329 0.02911283
v -0.47327417 -0.12544897 0.02868068
v -0.46948713 -0.08368383 0.02916534
v -0.47074863 -0.19340621 0.02421466
v -0.48223266 -0.07536559 0.03116608
v 0.47719699 0.11513426 0.01628053
v 0.47310156 0.12641591 0.01675807
v 0.47113746 0.13801174 0.01544977
v 0.45056891 0.07541540 0.02168246
v 0.45992985 0.20252135 0.02307976
v 0.45345861 0.21988538 0.02361137
v 0.45468846 0.18389100 0.02419435
v 0.44130656 0.23587270 0.02065276
v 0.43871397 0.01818131 0.02952294
v 0.43838122 0.11214848 0.02126785
v 0.43130243 0.02156183 0.02411145
v 0.43119934 0.22547749 0.02141858
v 0.42248768 0.23793198 0.02055434
v 0.38740331 0.25865772 0.02013139
v 0.39501977 0.27137226 0.01859680
v 0.36798778 0.14304706 0.01946629
v 0.37155402 0.26674461 0.02203365
v 0.35448027 0.17178817 0.02187867
v 0.36058092 0.28184891 0.01930746
v 0.34342158 0.17439187 0.01789130
v 0.34669471 0.28507584 0.01911770
v 0.31540680 0.13922654 0.02581673
v 0.30713153 0.15208039 0.02323812
v 0.28549200 0.27393958 0.03288988
v 0.28308761 0.09179392 0.02755756
v 0.27046132 0.05114745 0.01793300
v 0.25417119 0.27079180 0.03021841
v 0.21719332 0.24720997 0.03025215
v 0.23427354 0.26094973 0.02374785
v 0.18876387 -0.04766043 0.03081814
v 0.17708826 0.24323286 0.01812230
v 0.16711122 0.25214952 0.01641874
v 0.13065302 -0.04369600 0.02398024
v 0.11891561 -0.04818699 0.02559456
v 0.08553317 0.20897976 0.01940745
v 0.02679474 -0.05578949 0.01986400
v 0.00484169 0.18260805 0.01743879
v -0.06263488 0.19247364 0.01739965
v -0.07511694 -0.04951613 0.02274209
v -0.06220178 0.18411957 0.01919570
v -0.08864431 -0.04851976 0.02587030
v -0.09142728 -0.04714818 0.02640275
v -0.13513693 0.21523197 0.02125124
v -0.17253713 -0.00441119 0.02136088
v -0.20066382 0.22134165 0.02141632
v -0.24614525 0.02111640 0.02295868
v -0.24964377 0.22636665 0.03314547
v -0.25554335 0.03169855 0.02258131
v -0.26174363 0.01369982 0.02531769
v -0.28808999 0.22184506 0.00063420
v -0.26388866 -0.01736548 0.03159709
v -0.27791634 0.03666328 0.01780172
v -0.30738342 -0.04201041 0.02489594
v -0.29729792 0.03218703 0.02041675
v -0.32105508 -0.03652098 0.02500571
v -0.32085809 0.02235080 0.02243836
v -0.31289127 0.20386790 0.01710302
v -0.32976198 -0.02159088 0.02351779
v -0.33227864 0.02342151 0.02269529
v -0.33704856 -0.00329721 0.02168959
v -0.34628022 0.03100977 0.01776561
v -0.36598074 0.06921274 0.02995979
v -0.35483399 0.19216485 0.02149955
v -0.37643084 0.08241673 0.02201839
v -0.37555113 0.13863987 0.02537041
v -0.38765204 0.09255748 0.02169806
v -0.39072874 0.15313199 0.02196182
v -0.40481627 -0.10608348 0.02512772
v -0.40920854 -0.14092983 0.01944835
v -0.40506971 0.01262452 0.02633183
v -0.40510130 0.04017877 0.01943887
v -0.41595244 -0.06835566 0.02187781
v -0.41942012 -0.09065241 0.01570108
v -0.42417279 0.07334113 0.02467952
v -0.43336177 0.05167564 0.02564263
v -0.44142559 -0.21203567 0.02413892
v -0.43596092 -0.18052869 0.02018990
v -0.43799204 -0.16788098 0.02943021
v -0.44314578 -0.18562509 0.02629464
v -0.46328798 -0.20495525 0.02307770
v -0.45648950 0.00014815 0.01934594
v -0.44730902 -0.21267660 0.02701490
v -0.45865104 -0.02017060 0.02431050
v -0.45866776 -0.01158180 0.02037535
v -0.46769437 -0.21330549 0.02197872
v -0.46673170 -0.04714158 0.02842331
v -0.48093605 -0.19135655 0.01657739
v -0.47819987 -0.17333199 0.02497405
v -0.47511208 -0.00052007 0.01900492
v -0.47861132 -0.10329270 0.02217113
v -0.48108438 -0.15875131 0.02312546
v -0.48999882 -0.07618327 0.01867279
v -0.48864853 -0.15349755 0.03507056
v -0.49544427 -0.11608405 0.01787734
v 0.47015464 0.15122215 0.01132927
v 0.46360213 0.04444094 0.01211675
v 0.45293736 0.00950770 0.01241184
v 0.45342064 0.04462238 0.01042246
v 0.45510444 0.08219752 0.02017784
v 0.44921747 0.05093354 0.01953513
v 0.45541647 0.11604762 0.01092397
v 0.44922686 0.08601221 0.01848077
v 0.45072293 0.10634609 0.01665295
v 0.43953940 0.02106664 0.01531366
v 0.44917801 0.09586199 0.01701241
v 0.44349208 0.09567064 0.01781047
v 0.44047159 0.08961927 0.01643609
v 0.42856309 0.09781475 0.01649082
v 0.42997959 0.11152665 0.02080105
v 0.41979730 0.02639112 0.01634772
v 0.41852131 0.11702653 0.01902427
v 0.41844389 0.06493246 0.01447583
v 0.40531522 0.13016614 0.02185948
v 0.39301234 0.13890089 0.02720114
v 0.37518612 0.15457003 0.01932189
v 0.36203095 0.16823310 0.02561419
v 0.35187039 0.15769915 0.01651930
v 0.33672929 0.17538299 0.01441990
v 0.34461626 0.27481005 0.02036456
v 0.33741781 0.28101850 0.01514298
v 0.32960847 0.17796808 0.02442771
v 0.31537032 0.27574068 0.02250986
v 0.29878521 0.27784514 0.01825463
v 0.29689622 0.11129232 0.01172177
v 0.28449050 0.08829971 0.01770547
v 0.28022751 0.07502832 0.01918598
v 0.28440821 0.27029431 0.02411707
v 0.25802076 -0.01847399 0.02343570
v 0.24069653 0.27822921 0.01661094
v 0.25011072 0.26665264 0.02250952
v 0.20252952 0.26658219 0.01672913
v 0.21293294 -0.03613535 0.01878553
v 0.16873823 -0.04141438 0.02209707
v 0.14299263 -0.04558763 0.01715627
v 0.13850275 -0.05525333 0.01288612
v 0.12402605 -0.04732335 0.01715659
v 0.10679903 -0.05546877 0.01822752
v 0.07509740 0.19968253 0.01061840
v 0.04155518 -0.05178976 0.01945850
v 0.04714840 0.19152290 0.01630036
v 0.00469869 -0.06685031 0.01854299
v 0.00709523 -0.05708608 0.02044913
v -0.00484001 -0.05543059 0.01326536
v -0.07256205 0.18661366 0.02197312
v -0.09971303 0.20240445 0.01814914
v -0.14297727 0.20808323 0.02064890
v -0.18912266 0.23179695 0.00365983
v -0.20346567 0.01603792 0.00924016
v -0.22552639 0.22967961 0.03313582
v -0.25846285 0.02598686 0.01657875
v -0.26459610 0.03551745 0.01208038
v -0.27565783 0.02790346 0.01506633
v -0.30538559 0.03808488 0.01523118
v -0.29853165 0.20668964 0.03230210
v -0.31472218 0.03845363 0.01346749
v -0.30505472 -0.00134574 0.01577502
v -0.31268150 0.03229204 0.01704750
v -0.32475525 0.03275284 0.01523582
v -0.32368588 0.00845176 0.01565910
v -0.33638626 0.01058771 0.01601370
v -0.34106773 0.00287867 0.02093833
v -0.35382414 0.03662747 0.01440796
v -0.35810187 0.03342056 0.01778681
v -0.36064348 0.05578439 0.01902047
v -0.36675647 0.16638237 0.00913797
v -0.35758510 0.17883244 0.00951307
v -0.36982092 0.04668754 0.01948162
v -0.36943087 0.07357294 0.01693889
v -0.37467435 0.08712123 0.01373902
v -0.36818820 0.18223849 0.01645300
v -0.37652269 0.12966022 0.02427744
v -0.38611254 0.03727121 0.01498575
v -0.38630679 -0.01681407 0.01409974
v -0.39202988 0.16635153 0.01457331
v -0.40513191 0.07319979 0.01815254
v -0.40762123 -0.03362696 0.01803872
v -0.40526909 -0.00336184 0.00504588
v -0.40784696 0.08304917 0.01568841
v -0.41563570 -0.07884252 0.01804658
v -0.42316729 -0.20886302 0.00898100
v -0.42161155 -0.11684925 0.01491874
v -0.43541861 0.06040157 0.01880170
v -0.43607184 -0.19731785 0.01927742
v -0.45248634 0.01567710 0.02132084
v -0.46769366 -0.03349095 0.01806747
v -0.47003612 -0.03876688 0.01567627
v -0.47733924 -0.09250667 0.01729481
v -0.48121700 -0.13207185 0.02037941
v -0.48435152 -0.16711625 0.01568903
v -0.48146600 -0.19953905 0.02321423
v -0.49233779 -0.18713476 0.01416910
v 0.48644540 0.09403192 0.01547773
v 0.46497369 0.01521539 0.01483364
v 0.46575868 0.08015843 0.02044048
v 0.45752981 0.09711308 0.01159507
v 0.45664871 0.10293616 0.00917083
v 0.45707124 0.15910558 0.01050008
v 0.43892154 0.04881626 0.01232855
v 0.45617336 0.12915796 0.00996921
v 0.44437197 0.20451997 0.01415811
v 0.43714026 0.05175079 0.01184943
v 0.43978509 0.07320051 0.01520257
v 0.43671945 0.08394787 0.01191248
v 0.43184453 0.09039677 0.01164473
v 0.42257899 0.09495629 0.01272053
v 0.42310387 0.10072681 0.01494586
v 0.43321973 0.22685023 0.01045629
v 0.42041880 0.10980553 0.01451265
v 0.38729155 0.12616220 0.01588597
v 0.35649040 0.27336469 0.01688152
v 0.36486271 0.16424796 0.00851385
v 0.35206664 0.16908453 0.01210149
v 0.34226352 0.16166592 0.01796375
v 0.32116383 0.13648999 0.01369959
v 0.32473722 0.16872457 0.01124492
v 0.30896738 0.11177181 0.01192225
v 0.31720570 0.15928221 0.01939894
v 0.29995373 0.12275808 0.01540061
v 0.29800534 0.28673223 0.01726266
v 0.28052369 0.05519716 0.02314461
v 0.28969407 0.10055090 0.00706046
v 0.28990367 0.10391632 0.01890585
v 0.28236166 0.06558082 0.00971800
v 0.28269961 0.07414602 0.01175176
v 0.26873925 0.04645309 0.02087065
v 0.27254868 0.27345732 0.01577862
v 0.23695651 0.26779440 0.01392104
v 0.22199695 0.26164243 0.01629427
v 0.18875687 0.25106406 0.01453033
v 0.19688283 -0.04935463 0.01467615
v 0.17796685 -0.05335496 0.00882713
v 0.15069155 0.23236166 0.01593004
v 0.12910020 0.22027123 0.01714905
v 0.11741561 0.22702752 0.01627309
v 0.10409267 0.20912474 0.01327888
v 0.04945217 -0.05085870 0.00363698
v 0.03018328 -0.06203325 0.00894878
v 0.02523061 -0.06311637 0.01076714
v -0.00106710 0.17419484 0.01306938
v -0.02990099 0.18539239 0.01645164
v -0.07400972 -0.05911085 0.01732735
v -0.11221522 -0.03754344 0.00226216
v -0.12581186 -0.03269273 0.01484951
v -0.13267151 -0.02865477 0.02206212
v -0.17039627 -0.01981312 0.00261416
v -0.18887714 0.00505428 0.01678270
v -0.20531300 0.00538005 0.00246449
v -0.25155205 0.22009614 0.01618094
v -0.26989686 0.21590777 0.01700612
v -0.28068525 0.03913086 0.01089031
v -0.30273989 0.04019184 0.01131647
v -0.31069338 0.01916362 0.01251889
v -0.34427449 0.03948408 0.01311473
v -0.33806932 0.04410395 0.00716648
v -0.35561898 0.05186662 0.01215833
v -0.36342379 0.04187373 0.01112872
v -0.38505438 0.08036731 0.01608627
v -0.39019972 -0.04265456 0.01545589
v -0.39514700 -0.07968587 0.01581474
v -0.39832032 -0.10431000 0.01413885
v -0.40665051 -0.07240265 0.01344284
v -0.40755469 -0.04926658 0.01441927
v -0.40619510 -0.03376633 0.01400081
v -0.41212943 0.10426882 0.01652179
v -0.41751391 0.08010262 0.02062444
v -0.41743141 0.08989830 0.01613326
v -0.41948324 0.10516404 0.01557017
v -0.42690259 0.08576863 0.01210754
v -0.43040413 -0.21042696 0.01477078
v -0.42808455 -0.15724848 0.01592364
v -0.43626374 0.07540482 0.01359562
v -0.44568968 0.03852991 0.01973033
v -0.44661170 0.04821504 0.01000204
v -0.44958553 0.07899772 0.01691744
v -0.45313957 0.01913103 0.01534369
v -0.45185864 0.02747270 0.01534710
v -0.45269063 0.04453272 0.01325871
v -0.46387205 0.03637113 0.01944659
v -0.46089929 -0.01304697 0.01099693
v -0.46973303 -0.03114005 0.01218098
v -0.46899834 -0.01885732 0.01175014
v -0.47375011 -0.07202406 0.01809343
v -0.47796491 -0.20728628 0.01322716
v -0.48687306 -0.17824049 0.00433668
v -0.48384413 -0.09670236 0.01344517
v -0.48648015 -0.20445853 0.00872126
v -0.49758816 -0.14254844 0.01675855
v 0.49390152 0.04547783 0.01237563
v 0.49727303 0.06568933 0.01490745
v 0.47122097 0.07642050 0.01002497
v 0.46734303 0.09115182 0.01403385
v 0.44018069 0.01946536 0.00911914
v 0.43859658 0.21816340 0.00781719
v 0.43312967 0.08935192 0.00788163
v 0.43008766 0.01933320 0.01254410
v 0.42388532 0.25160900 -0.00000535
v 0.41986173 0.09955560 0.00790522
v 0.42281449 0.25320294 0.01993477
v 0.39855531 0.13294719 0.00567822
v 0.38844907 0.14270394 0.02346014
v 0.38642272 0.26105401 0.00469758
v 0.34955171 0.27754116 0.00546337
v 0.32553968 0.28856704 0.01562766
v 0.30697188 0.14841110 0.01381586
v 0.30223620 0.28243637 0.01214557
v 0.30109060 0.09342564 0.01366240
v 0.27475515 0.05601185 0.00722948
v 0.27111122 -0.01892628 0.02326385
v 0.22616763 0.26611480 0.00333179
v 0.22946988 -0.03423446 0.02078226
v 0.17634809 -0.04270925 0.01435488
v 0.16596319 -0.04822456 0.01061365
v 0.11697853 0.21927881 0.00377343
v 0.11914119 -0.04844633 0.01001456
v 0.09195223 -0.05783069 0.01399912
v 0.07129985 0.20618768 0.01170609
v 0.04575571 -0.06422620 0.01669270
v 0.04177340 0.19408642 -0.00155628
v 0.03507943 -0.05571422 0.00899987
v 0.03355620 0.17748317 0.01158513
v 0.00479242 -0.06301102 0.01105742
v 0.00237454 -0.06153870 0.01245507
v -0.00000931 -0.05995432 0.00689103
v -0.06403602 0.18772790 0.00970214
v -0.08119077 0.18929943 0.01204951
v -0.11862050 0.20967694 -0.00906959
v -0.12875803 0.20425436 0.02659400
v -0.14098783 0.20879865 0.00399723
v -0.15407653 0.22384009 0.00170334
v -0.17305495 0.22964925 0.00630143
v -0.18459944 -0.00087455 0.00988206
v -0.23573835 0.02952153 0.01794894
v -0.27769941 0.03110383 0.00853478
v -0.32090005 0.02747233 0.00919986
v -0.32406637 0.04397573 0.00706561
v -0.35413250 0.18170990 0.01215437
v -0.38615966 0.03418378 0.01010941
v -0.38538942 0.05800838 0.01117479
v -0.38213080 0.07369840 0.00631761
v -0.38561219 0.00093144 0.01315660
v -0.40841624 -0.14573783 0.01152148
v -0.40401033 0.06057438 0.01316445
v -0.40279907 0.07675026 0.00812106
v -0.40463671 -0.07272391 0.00906025
v -0.40532276 -0.03461504 0.00996244
v -0.41196054 0.10869022 0.01368525
v -0.41573781 -0.08314742 0.00855806
v -0.42022085 0.10807241 0.01374733
v -0.42088285 -0.15161501 0.01134779
v -0.42110145 -0.13787435 0.01144461
v -0.42117715 -0.09899118 0.00563161
v -0.42212889 0.10088940 0.01305709
v -0.43077645 -0.20587400 0.00741541
v -0.43225694 -0.20559016 0.01123883
v -0.43332148 -0.18708257 0.01038938
v -0.43452597 -0.17148729 0.01204864
v -0.43870482 0.06402694 0.00814085
v -0.45401105 0.02645560 0.01027515
v -0.45410082 0.01155805 0.01608764
v -0.47816253 -0.08986729 0.00465739
v -0.48559207 -0.09954094 0.01101107
v -0.49569324 -0.18543571 0.00121978
v 0.49825570 0.05770591 0.01259723
v 0.49634084 0.06740482 0.00101925
v 0.47161689 0.05598760 0.00460512
v 0.47069326 0.08834268 0.00827712
v 0.46748608 0.09138799 0.00191290
v 0.45815253 0.09503167 0.00307523
v 0.45437738 0.17676711 0.00204272
v 0.45215398 0.00960670 -0.00477978
v 0.44092974 0.04640613 0.00560041
v 0.43660522 0.05323016 0.00550162
v 0.43627238 0.08354801 0.00760144
v 0.43176576 0.02270498 0.00814265
v 0.42725232 0.02606861 0.00651434
v 0.41752779 0.03019955 0.00303441
v 0.41616389 0.03962127 0.00379154
v 0.41676062 0.07839705 0.01264780
v 0.40894094 0.09990709 0.01205591
v 0.40071270 0.11281467 0.01286163
v 0.37798968 0.26834330 0.00485152
v 0.37590653 0.27917638 0.01548440
v 0.35893643 0.27433252 0.00054015
v 0.34734771 0.16981862 0.00461048
v 0.34284943 0.17618193 -0.00082635
v 0.33939925 0.28303611 0.00927793
v 0.33249831 0.15481554 0.01772597
v 0.32376957 0.28290305 0.00321635
v 0.29786509 0.11148646 0.00581611
v 0.29977506 0.28235632 0.00717284
v 0.29991579 0.29115254 0.00268420
v 0.26673833 0.00041954 0.00124805
v 0.26216537 -0.03232017 -0.00070522
v 0.27167484 0.28805196 0.00140501
v 0.25212932 -0.02499981 0.00673500
v 0.08096374 0.20369311 0.01219894
v 0.05602272 0.18381862 0.02016664
v -0.04315880 -0.05193478 -0.00542324
v -0.16874638 0.22035325 -0.02711941
v -0.18335293 0.22167353 -0.00179282
v -0.25350156 0.02559635 0.01274555
v -0.26130933 0.22003323 0.01052676
v -0.29871294 0.03368539 0.00275246
v -0.28545430 0.21201314 -0.00003992
v -0.29604328 0.04151249 0.00257075
v -0.30017453 0.04145207 0.00598919
v -0.29998839 0.03147069 0.01063895
v -0.34515172 0.01591715 0.01454961
v -0.34557644 0.04861925 0.00311602
v -0.37092224 0.05768582 0.00344628
v -0.37484282 0.09006698 0.00644961
v -0.37648776 0.10109762 0.01599577
v -0.38925985 0.00827351 0.00452126
v -0.39095154 -0.03718847 0.00850364
v -0.39618534 -0.07503163 0.00813619
v -0.40548339 0.04985651 -0.00092644
v -0.40414721 0.05509468 0.00936551
v -0.40172303 0.09993143 0.00668899
v -0.40530288 0.10578015 0.01296429
v -0.41406959 0.15101363 0.01432890
v -0.40612873 -0.07619666 0.00349212
v -0.40464169 -0.07261676 0.00485899
v -0.40522897 0.03546165 0.00622045
v -0.41397804 -0.16964231 0.01157078
v -0.41143829 0.11098734 0.00382718
v -0.42082492 -0.12980036 0.00542038
v -0.42678872 0.09780019 0.00297837
v -0.43815514 0.07654621 0.00224126
v -0.44033962 0.05148086 0.01537076
v -0.45396197 0.00503216 0.00647726
v -0.45416373 0.04165087 0.00633617
v -0.46778536 0.03780410 -0.00123112
v -0.48055500 -0.21471225 0.00919699
v -0.48580521 -0.19404803 0.00106639
v -0.48588151 -0.10771018 0.00559053
v -0.48461598 -0.09764244 0.00459553
v -0.48594874 -0.16707407 0.01037025
v -0.48627993 -0.05218651 0.01897487
v 0.48243412 0.10282603 0.00085227
v 0.48534521 0.03387675 0.01284898
v 0.47086403 0.05026372 0.00341971
v 0.47161314 0.12997107 0.00044709
v 0.46601531 0.06143996 -0.00056628
v 0.46950528 0.08163199 0.00252778
v 0.46386138 0.08752122 -0.00078772
v 0.46725896 0.16707827 0.00968338
v 0.46510017 0.04692995 0.00207574
v 0.45326585 0.10231060 0.00149755
v 0.45393750 0.11871717 0.00227449
v 0.45316041 0.14635210 -0.01340501
v 0.45219886 0.08745565 -0.00109768
v 0.45578840 0.04608659 0.00259153
v 0.45684853 0.05269165 -0.00105763
v 0.44797313 0.19355468 0.00146477
v 0.44059655 0.02040453 0.00222457
v 0.44259429 0.05279339 -0.00049427
v 0.44242167 0.08775702 -0.00063015
v 0.43923509 0.04972941 0.00120902
v 0.43876114 0.08469377 0.00166649
v 0.42783269 0.09743293 -0.00105170
v 0.43600994 0.09173236 0.00025476
v 0.42258576 0.09470527 0.00295998
v 0.42342860 0.10195887 -0.00054325
v 0.41679671 0.06982375 0.00315854
v 0.41386831 0.08386422 0.00322867
v 0.40952626 0.12144825 0.00572981
v 0.40745389 0.25267375 0.00966422
v 0.39637378 0.27444068 0.00184764
v 0.35399407 0.15287241 0.00115799
v 0.36653882 0.28480256 0.00299251
v 0.34420693 0.15826243 0.00110273
v 0.32794213 0.29145944 0.00390903
v 0.30286974 0.12969390 0.00632760
v 0.28641596 0.04166157 -0.00069334
v 0.28977621 0.05570002 0.00092038
v 0.28453365 0.02578574 0.00001749
v 0.27243075 -0.02304970 0.00006599
v 0.26814479 0.02290472 -0.00374498
v 0.27017131 0.04272899 -0.00077860
v 0.26675823 -0.01056688 0.00805009
v 0.25164065 0.27273950 0.00081283
v 0.21192268 -0.05019223 -0.00011597
v 0.20379211 0.26009506 -0.00010337
v 0.18927768 0.26804143 0.00033291
v 0.20540728 -0.03974546 0.00515926
v 0.18505466 0.25368193 0.00140067
v 0.16612306 0.25823149 0.00037865
v 0.08506902 0.20592105 -0.00042461
v 0.03360372 -0.06701371 0.00085888
v 0.02590338 -0.06318554 0.00407652
v 0.00469208 -0.06243356 0.00248303
v 0.01521823 -0.05650195 -0.00304559
v 0.02179866 0.18698888 -0.00034241
v 0.00011177 -0.05675296 -0.00092187
v -0.00238905 0.17521615 -0.00143977
v -0.01539063 -0.05369023 0.00956544
v -0.04839785 0.19020562 -0.00053294
v -0.07368077 -0.05944867 0.00365513
v -0.09531491 0.19242996 0.01531457
v -0.12433711 0.20319371 0.01358151
v -0.14507812 -0.02522918 0.00773154
v -0.24198717 0.22117792 0.00261531
v -0.27619091 0.03104532 0.00347213
v -0.27956259 0.03858868 -0.00383659
v -0.31898171 0.03449798 0.00320852
v -0.32508877 0.04466363 0.00421220
v -0.33324277 0.19568861 0.00187378
v -0.33136681 0.20938672 0.00150989
v -0.35871732 0.05734789 0.01190159
v -0.34536171 0.20296955 0.00210278
v -0.35301730 0.04144862 0.00270742
v -0.37047487 0.07766748 0.00256633
v -0.36529124 0.17467207 0.00220181
v -0.37201363 0.15438473 0.00745681
v -0.37526253 0.16822843 -0.00386062
v -0.38026050 0.12762928 0.00471665
v -0.40868008 -0.07246052 -0.00047176
v -0.40690437 -0.03960451 0.00093245
v -0.40726781 0.03364964 0.00093627
v -0.40613163 0.11032890 0.00127517
v -0.40828878 -0.13600656 0.00202223
v -0.41067177 -0.00860549 -0.00152509
v -0.41799992 -0.19839416 0.01091973
v -0.41543335 -0.16980459 0.00219891
v -0.41789594 -0.07527552 -0.00098486
v -0.42182201 -0.15500195 0.00722405
v -0.42105123 -0.15202767 0.00303385
v -0.42233518 -0.08855461 0.00159414
v -0.42110303 0.10911152 0.00803787
v -0.42341685 -0.21025777 0.00292843
v -0.43146396 -0.16119668 0.00518299
v -0.43148291 -0.20527261 0.00122309
v -0.43120208 -0.19849308 0.00480252
v -0.43696976 -0.16665496 -0.00297942
v -0.43609297 0.08174250 0.00434185
v -0.43517557 0.12595150 0.00072271
v -0.44300070 0.04835775 0.00040479
v -0.44046307 0.10403503 0.01327616
v -0.45348072 0.00007249 0.00184332
v -0.45201495 0.02678497 0.00105379
v -0.45782503 -0.01255331 0.00133341
v -0.45822442 0.06624238 -0.00538397
v -0.46899235 -0.01806623 0.00412602
v -0.47137651 -0.06442077 0.00189982
v -0.48438734 -0.10866721 -0.00068697
v -0.49067029 -0.20229362 0.00001081
v -0.48934984 -0.06856331 0.00075319
v -0.49509746 -0.17196760 0.01671570
v -0.49888459 -0.14400126 -0.00159214
v 0.47066996 0.12942520 -0.00655172
v 0.47156784 0.14210647 -0.00934161
v 0.45773596 0.14422993 0.00743343
v 0.45763636 0.19728191 0.00375597
v 0.45297015 0.06992769 -0.00170065
v 0.45343804 0.13442300 -0.00160504
v 0.44664723 0.10410587 -0.00175328
v 0.45038742 0.18730099 -0.00221746
v 0.44840610 0.11847968 -0.00293860
v 0.44733971 0.21865602 0.00084879
v 0.44626158 0.01230763 -0.00021768
v 0.42524540 0.02394192 -0.00572590
v 0.43355736 0.11101498 -0.00494423
v 0.42067048 0.03704800 -0.00503167
v 0.41741747 0.11364570 0.00268967
v 0.43300402 0.22413570 -0.00063262
v 0.42199382 0.07328230 -0.00540344
v 0.40913936 0.26696160 0.00161656
v 0.40818122 0.12560439 -0.00479929
v 0.39633086 0.11338653 0.00019319
v 0.38954842 0.25848603 -0.00455924
v 0.38099027 0.26137576 -0.00693412
v 0.34440967 0.16469111 -0.00817990
v 0.33456576 0.15292588 0.00071467
v 0.33129308 0.27884454 -0.00733525
v 0.32387921 0.13977492 0.00140572
v 0.31508651 0.12239084 0.00032276
v 0.30889022 0.10583632 0.00123503
v 0.30615434 0.14582188 0.00827699
v 0.29940826 0.08286095 -0.00368670
v 0.29292950 0.06298934 -0.00056542
v 0.28852549 0.27850863 0.00180153
v 0.28252804 -0.00378134 -0.00112575
v 0.28641853 0.09300762 -0.00245091
v 0.28203559 0.06555790 0.00328509
v 0.26464656 -0.01490839 0.00578448
v 0.26479527 0.27596661 -0.00055840
v 0.24918339 -0.03962686 -0.00738582
v 0.25140634 -0.02630622 -0.00135751
v 0.24479768 -0.03247606 -0.01082792
v 0.23108104 0.26590908 -0.00477941
v 0.24973615 0.28490034 0.00026173
v 0.20556861 0.27360854 0.00053172
v 0.24086249 -0.04305520 0.00198664
v 0.19997892 -0.05762948 -0.00307893
v 0.18089223 -0.05690373 0.00029802
v 0.16621204 -0.04906926 -0.00297438
v 0.16407897 -0.05829122 -0.00310525
v 0.16887188 0.25307161 -0.01317694
v 0.14831665 -0.05951876 -0.00846364
v 0.14796694 0.23565648 0.00221675
v 0.13977051 0.24675131 0.00016227
v 0.13003770 0.22813107 -0.00024350
v 0.10193221 0.22740889 0.00012244
v 0.08926465 -0.06028260 0.00092094
v 0.05932578 0.19125429 0.00028781
v 0.06146132 0.20393686 -0.00258180
v 0.02821596 -0.05360432 -0.00661914
v 0.03590726 0.18073089 -0.00171773
v 0.01833958 0.17710014 -0.00016031
v 0.00162543 -0.06782843 0.00154324
v -0.04685826 0.18083413 -0.00182448
v -0.07837553 -0.04923219 0.00601929
v -0.07133067 -0.05828662 -0.02746628
v -0.09199342 -0.05544490 -0.00080607
v -0.09135855 0.20090543 0.00343973
v -0.13743758 -0.03251332 0.01014583
v -0.14304590 -0.03609552 -0.00064894
v -0.18668661 0.00045268 -0.00980039
v -0.20196086 0.22226699 0.00324002
v -0.21910894 0.02523658 0.00614095
v -0.20849575 0.23304567 -0.00146726
v -0.25203317 0.03177628 0.00232938
v -0.26214501 0.03140964 -0.00425368
v -0.30887297 0.03931455 -0.00293319
v -0.31445548 0.04233091 0.00194540
v -0.33672142 0.04425637 -0.00152095
v -0.33823943 0.19255894 -0.00236658
v -0.34849152 0.18904458 0.00074701
v -0.35792652 0.18577212 -0.00138306
v -0.36153919 0.06470629 0.00246430
v -0.36401594 0.05009425 -0.00309244
v -0.37999082 0.10662770 -0.00109170
v -0.38227662 0.07487420 -0.00155475
v -0.36982864 0.18759812 -0.00024886
v -0.39023495 0.03060335 0.00096206
v -0.38542745 0.05860433 0.00289994
v -0.39300293 -0.02364876 0.00123632
v -0.39140421 0.17468996 0.00057653
v -0.40499759 0.05831294 -0.00137979
v -0.40108341 0.09626704 -0.00126725
v -0.40443385 0.11316527 -0.00279651
v -0.40944472 0.04333464 -0.00449063
v -0.41044027 0.12368537 -0.00252542
v -0.41119131 -0.04167122 -0.00145315
v -0.41885254 -0.20420353 0.00090179
v -0.41281053 -0.13554513 -0.00575085
v -0.42005643 0.11348133 0.00098264
v -0.42167333 -0.07968470 -0.00087780
v -0.42613220 0.14355455 0.00025103
v -0.42278051 -0.15005362 0.00065021
v -0.43362302 -0.15645689 -0.00300019
v -0.43925235 -0.14940210 -0.00741023
v -0.42376259 -0.10468698 0.00022781
v -0.43838891 -0.20361470 -0.00625439
v -0.43566340 -0.19540042 -0.00497871
v -0.44181842 -0.09363107 -0.00831067
v -0.43847632 0.09108769 -0.00539616
v -0.43561739 -0.18397616 -0.00268182
v -0.43929139 0.05528760 -0.00406937
v -0.45227391 0.04397301 0.00198828
v -0.44284776 0.10877006 -0.00580912
v -0.44829389 0.08990894 0.00131448
v -0.46946132 -0.02053535 0.00405322
v -0.47331968 0.01642560 -0.00081990
v -0.48208189 -0.20938852 -0.00167731
v -0.48068690 -0.09689985 -0.00184924
v -0.48078418 -0.01676985 0.00133728
v -0.49408573 -0.19228403 -0.00574594
v -0.49889043 -0.16779810 -0.00084488
v 0.45508358 0.16803691 -0.00777346
v 0.45098835 0.17497443 -0.00813685
v 0.43475518 0.11814047 -0.00814054
v 0.43922839 0.20976119 -0.00338475
v 0.42324418 0.11614709 -0.00457064
v 0.41414592 0.24596891 -0.00385194
v 0.40711671 0.09973926 -0.00037117
v 0.39954820 0.13559520 -0.00993841
v 0.39689198 0.25714386 -0.00050937
v 0.38212636 0.12834899 -0.00022482
v 0.34275609 0.27452409 -0.01185840
v 0.33871952 0.28100401 -0.00058118
v 0.33137190 0.17266324 -0.00471824
v 0.32556444 0.28805456 -0.00803568
v 0.31773752 0.15834549 -0.00201156
v 0.28649369 0.10287969 -0.01182501
v 0.26716077 -0.01032462 -0.02562196
v 0.25804016 -0.01961811 -0.00331466
v 0.23168246 -0.03500860 0.00010583
v 0.22115292 -0.06344124 -0.00915576
v 0.21402325 -0.05169335 -0.00384625
v 0.21538779 -0.04067177 -0.00518401
v 0.20136765 -0.04936629 -0.00823761
v 0.18373822 -0.04701564 -0.00090883
v 0.11432595 0.22639921 -0.01456798
v 0.13387531 -0.05797872 -0.00222786
v 0.10941476 0.21497308 -0.00496061
v 0.09227820 0.20924850 0.00079188
v 0.07509979 0.20058356 -0.00363697
v 0.04445857 0.17957331 -0.01634916
v 0.02969857 -0.05560812 -0.00105842
v -0.10956808 0.20455486 -0.02189060
v -0.15262933 0.21496689 0.00072283
v -0.21125481 0.23106995 -0.03203533
v -0.24538562 0.02972459 -0.00371488
v -0.26139343 0.22032405 -0.00841702
v -0.26535746 0.02610388 -0.01298114
v -0.27460530 0.02716511 -0.01363310
v -0.31270033 0.03121137 -0.00496592
v -0.33884272 0.03454887 -0.00321048
v -0.33197030 0.20721178 -0.01541426
v -0.34588566 0.03941663 -0.00009596
v -0.35623020 0.19210564 -0.02425966
v -0.35455838 0.18873805 -0.00775794
v -0.35470879 0.04307603 -0.00195568
v -0.36301228 0.17917474 -0.00647002
v -0.35890663 0.18706241 -0.01010932
v -0.37545732 0.06290501 -0.00558958
v -0.37601241 0.08501434 -0.01004357
v -0.39862537 0.01749021 -0.00833270
v -0.40074512 -0.02404383 -0.00747019
v -0.39924765 -0.07723780 0.00105779
v -0.40223470 0.10007297 -0.00782392
v -0.40201861 0.10650459 -0.00476099
v -0.40446657 -0.11576009 0.00063291
v -0.41838765 0.01821704 -0.00864408
v -0.41678950 0.03736957 -0.00949159
v -0.41939706 0.12445160 -0.00265633
v -0.41688913 -0.03732516 -0.00565380
v -0.42341498 0.11979819 -0.00858779
v -0.42154899 -0.16935243 -0.00727938
v -0.41680408 -0.05047758 -0.00324043
v -0.42593354 -0.05845928 -0.00638430
v -0.42894962 0.09630533 -0.00595744
v -0.43239993 -0.11699096 -0.00422845
v -0.43145800 -0.08164909 -0.00616447
v -0.43659246 -0.20831104 -0.00588732
v -0.44133848 -0.18361826 -0.01154448
v -0.44157407 -0.12063247 -0.00828330
v -0.44947955 0.00362138 -0.00395574
v -0.44265991 0.04051152 -0.00598937
v -0.44863996 -0.01170128 -0.01004981
v -0.45362478 -0.05145400 -0.01412968
v -0.45870835 -0.01987601 -0.00443165
v -0.46822825 -0.04728032 -0.00038060
v -0.46083054 0.04360471 -0.01683850
v -0.47555509 -0.00662920 -0.00682224
v -0.48054275 -0.04675584 -0.00983795
v -0.48402244 -0.21421635 -0.00154857
v -0.48453349 -0.21024244 -0.00821997
v -0.48603681 -0.11564357 -0.01004347
v -0.48628482 -0.16854128 -0.00878090
v -0.48679015 -0.08971637 -0.01012403
v 0.49017215 0.06401714 -0.01444217
v 0.49104244 0.04485435 -0.00497957
v 0.47238788 0.02197300 -0.00531716
v 0.47534880 0.10463159 -0.00906441
v 0.47116357 0.11960031 -0.00812861
v 0.46458033 0.01564601 -0.00746981
v 0.45254457 0.16672482 -0.01419806
v 0.43770757 0.01708062 -0.01140918
v 0.42980060 0.24018331 -0.01483700
v 0.42915091 0.06071801 -0.01089051
v 0.42222491 0.23280767 -0.01305403
v 0.39173570 0.12483522 -0.01269431
v 0.37007979 0.25693625 -0.01500215
v 0.36074653 0.16809261 -0.00407530
v 0.36354893 0.15023227 -0.00938043
v 0.36098546 0.26863438 -0.01165318
v 0.34969032 0.28453735 -0.00893736
v 0.32591552 0.28494516 -0.01430687
v 0.29874215 0.09273753 -0.01054754
v 0.30093849 0.27958852 -0.00433726
v 0.30467305 0.14697751 -0.00655468
v 0.28847501 0.27425736 -0.01363186
v 0.28154209 0.05208845 -0.01596180
v 0.24918312 -0.03046102 -0.00954971
v 0.22926220 -0.04710777 -0.00859235
v 0.21189594 -0.07018562 -0.01032652
v 0.19098501 0.25153959 -0.01381457
v 0.19925269 -0.08045151 -0.01894293
v 0.17331474 0.24461143 -0.01026790
v 0.16300052 0.24357881 0.00067208
v 0.14791296 -0.04857451 -0.00705086
v 0.13275896 0.22586814 -0.01073159
v 0.12683184 -0.04843916 -0.00974752
v 0.10803945 -0.05858552 0.00067718
v 0.08197740 -0.04844218 -0.01013554
v 0.07703432 -0.05826060 -0.01738983
v 0.06735656 0.19075726 -0.01464835
v 0.06347828 -0.04893021 -0.01320076
v -0.00518116 -0.05369512 -0.01219369
v -0.00110702 0.18440603 -0.00204961
v -0.03818446 -0.06464666 0.00241664
v -0.07849037 0.19655280 -0.01819992
v -0.09381127 -0.04674416 -0.00190289
v -0.12186738 -0.03391646 -0.01265718
v -0.13814889 -0.03207704 -0.01056186
v -0.16891384 -0.00745556 0.00336767
v -0.19117354 0.00661411 -0.01238452
v -0.26682594 0.03253550 -0.00972673
v -0.27755845 0.03454898 -0.01490889
v -0.28385201 0.02906930 -0.00966913
v -0.31167749 0.02694985 -0.00909528
v -0.31294739 0.20500457 -0.00200026
v -0.31644213 0.21444778 0.00013710
v -0.33207014 0.02562540 -0.00922511
v -0.34794638 0.02792168 -0.00932995
v -0.35354969 0.04935996 -0.01116986
v -0.35896870 0.05737935 -0.00695427
v -0.36759260 0.17419845 -0.01113567
v -0.37324324 0.07613768 -0.01007700
v -0.37499151 0.15003869 -0.00655501
v -0.37597567 0.16581045 -0.01075486
v -0.37384996 0.17215917 -0.00840730
v -0.38819990 0.07242206 -0.00949407
v -0.40377569 0.11363336 -0.00840787
v -0.40604496 0.12240948 -0.00756563
v -0.40595821 0.05214546 -0.01376003
v -0.40757865 -0.09529458 -0.00753006
v -0.41592890 0.15373841 -0.00183529
v -0.41908455 -0.00689446 -0.00905083
v -0.42034948 -0.04039601 -0.00997088
v -0.42292908 -0.02999186 -0.01466928
v -0.42314380 0.00966585 -0.01462672
v -0.42296258 0.10241582 -0.01014013
v -0.42345124 -0.20183630 -0.00591959
v -0.43868837 0.08880071 -0.01016942
v -0.44402602 -0.20496354 -0.01336298
v -0.43787459 0.05523984 -0.01031516
v -0.44065866 0.00245170 -0.01122298
v -0.44901973 -0.19615938 -0.01925527
v -0.44962448 0.09053078 -0.00960141
v -0.46710727 -0.06073620 -0.00638382
v -0.47291699 -0.07838156 -0.00330321
v -0.46787831 -0.06797153 -0.01458317
v -0.47708189 -0.10517281 -0.01041650
v -0.48593944 -0.14991213 -0.01064164
v -0.48330808 -0.11108688 -0.01012612
v -0.49650252 -0.14074758 -0.00750328
v -0.49570066 -0.11081195 -0.00018207
v 0.49748558 0.05952165 -0.00272572
v 0.48442474 0.08921133 -0.00804996
v 0.46911636 0.03452787 -0.01681830
v 0.47024727 0.15797691 -0.00154084
v 0.46492001 0.17816721 -0.01575969
v 0.44870552 0.01264456 -0.01363236
v 0.45081937 0.14237204 -0.01369732
v 0.44845611 0.14605531 -0.01660043
v 0.44630811 0.16792718 -0.01637745
v 0.44183001 0.18352678 -0.01293311
v 0.43889701 0.07598325 -0.01492935
v 0.44058335 0.13741770 -0.01552526
v 0.43695724 0.16958071 -0.01692349
v 0.44006592 0.20080414 -0.01168586
v 0.44877124 0.21529147 -0.01288829
v 0.43674985 0.20049284 -0.01452701
v 0.43970901 0.01702186 -0.01508543
v 0.43024838 0.20106156 -0.01678856
v 0.42952174 0.02885456 -0.01332966
v 0.42860571 0.03871421 -0.01323455
v 0.43278769 0.12712328 -0.01601815
v 0.42186597 0.08357865 -0.00793665
v 0.42973629 0.21215527 -0.01326921
v 0.41625470 0.13161731 -0.01545293
v 0.41551739 0.23098977 -0.01701221
v 0.41317126 0.10634585 -0.01290804
v 0.41344616 0.25659260 -0.01919818
v 0.40489897 0.24986142 -0.01276710
v 0.39728779 0.26839036 -0.01659007
v 0.39384645 0.14242262 -0.01666220
v 0.38617647 0.14374243 -0.00922294
v 0.39386690 0.25208366 -0.01313321
v 0.38542137 0.24964717 -0.01838405
v 0.37649006 0.27922940 -0.00751095
v 0.37102485 0.14051352 -0.00770212
v 0.36578408 0.16893265 -0.01786664
v 0.35713336 0.17631494 -0.01549164
v 0.35226896 0.17251788 -0.01836502
v 0.33352447 0.15842864 -0.00828951
v 0.33989590 0.17922683 -0.02210418
v 0.33517277 0.17728956 -0.01426754
v 0.33716476 0.26633132 -0.02020086
v 0.32144684 0.15004614 -0.01175999
v 0.31933540 0.16490009 -0.01223797
v 0.30861035 0.15722103 -0.01678442
v 0.30647820 0.27536246 -0.01372482
v 0.30026260 0.26722625 -0.02143572
v 0.29696867 0.28402123 -0.01579788
v 0.25388089 -0.08175584 -0.01569447
v 0.24058796 -0.07137585 -0.01275554
v 0.23481570 -0.05219290 -0.01276870
v 0.24593803 -0.04006853 -0.01864821
v 0.24573413 -0.02989649 -0.01610958
v 0.22643040 0.26034662 -0.01358288
v 0.22352427 -0.04572294 -0.01801617
v 0.21261677 -0.05180513 -0.01312831
v 0.20720053 0.25246954 -0.01604968
v 0.18281610 -0.07848410 -0.02129122
v 0.18427670 -0.06307830 -0.00621640
v 0.18921091 -0.05566508 -0.01227151
v 0.15886255 0.23650579 -0.01348884
v 0.13902883 0.23814471 -0.01555308
v 0.10553020 -0.04523084 -0.01545431
v 0.07517900 -0.04684571 -0.01453936
v -0.02034864 0.18530002 -0.00125255
v -0.00188138 -0.06635916 -0.01389990
v -0.06656308 0.18855685 -0.00998657
v -0.08641809 0.18991257 -0.02339034
v -0.08924439 -0.05383255 -0.03272751
v -0.14784418 -0.02185643 -0.01495117
v -0.14504078 0.20987992 -0.02424496
v -0.22351174 0.01610211 -0.00159565
v -0.24627121 0.22985402 -0.00057036
v -0.24669676 0.02225039 -0.01471553
v -0.26471967 0.21740575 -0.01732874
v -0.30150199 0.03232648 -0.01335864
v -0.32020238 0.03221136 -0.01323616
v -0.34344196 0.00309995 -0.01827152
v -0.33723891 0.03550307 -0.01333164
v -0.35411909 0.18625462 -0.01602931
v -0.36150554 0.17869160 -0.01542084
v -0.37430817 0.16958299 -0.01397916
v -0.37987024 0.12232841 -0.00784532
v -0.38601077 0.07867301 -0.01074124
v -0.40084499 0.16307880 -0.01023093
v -0.39692491 0.04552441 -0.01119479
v -0.40619281 0.08228812 -0.01412707
v -0.40637463 0.11887100 -0.01400219
v -0.40889162 0.04835862 -0.01342308
v -0.40967241 0.12262785 -0.01504509
v -0.41147912 0.08819947 -0.01656667
v -0.41185480 0.11243515 -0.01628556
v -0.41130587 0.05258500 -0.01700666
v -0.41623563 0.09622569 -0.01630556
v -0.41631156 0.12010811 -0.01613674
v -0.41345501 0.12526555 -0.01379673
v -0.42045054 0.10586377 -0.01407509
v -0.42066100 0.12415041 -0.01320406
v -0.42121646 0.04353199 -0.01410556
v -0.42654124 0.04971069 -0.01640956
v -0.42249414 0.09492431 -0.01418336
v -0.42741951 -0.00897058 -0.01691410
v -0.42748952 0.02571948 -0.01669216
v -0.43183094 0.05408590 -0.01622496
v -0.43230143 0.08761778 -0.01601620
v -0.43582541 0.09208393 -0.01326496
v -0.43590677 -0.16953598 -0.01972797
v -0.42481986 -0.04379022 -0.01464108
v -0.42743510 -0.04083132 -0.01692355
v -0.43298706 -0.01362614 -0.01656976
v -0.43153352 0.00381757 -0.01682858
v -0.43160394 0.02225504 -0.01666353
v -0.43731913 -0.01477667 -0.01503310
v -0.43604082 0.02154801 -0.01424265
v -0.43578896 0.04490109 -0.01422908
v -0.43651572 0.08850224 -0.01412538
v -0.44210076 -0.07278776 -0.01666193
v -0.43839732 -0.04375130 -0.01666417
v -0.43955609 -0.04860447 -0.01624083
v -0.43842924 -0.02148899 -0.01691850
v -0.44624910 -0.16918336 -0.01271168
v -0.45218575 -0.08114573 -0.01467737
v -0.44751230 -0.03894203 -0.01692280
v -0.44876587 -0.06430138 -0.01687099
v -0.45214894 -0.03320631 -0.01435065
v -0.45050862 -0.01989784 -0.01549550
v -0.45472398 -0.13577995 -0.01577601
v -0.45933020 -0.05959738 -0.01246327
v -0.45904663 -0.15489133 -0.01697852
v -0.45909336 -0.11465611 -0.01706951
v -0.45621681 -0.07538498 -0.01699224
v -0.46583816 -0.11243126 -0.01701983
v -0.46411383 -0.10196389 -0.01694529
v -0.46339709 -0.06859448 -0.01701998
v -0.46503463 -0.06451713 -0.01434357
v -0.47777492 -0.11078644 -0.01469537
v -0.46865502 -0.09242504 -0.01413327
v -0.47334775 -0.01812780 -0.01502725
v -0.47911814 -0.11619536 -0.01702384
v -0.48484847 -0.21087292 -0.01353251
v -0.48384744 -0.20366092 -0.01039607
v -0.48358527 -0.16807245 -0.01479040
v -0.48347956 -0.11958313 -0.01460568
v -0.49007991 -0.20314632 -0.01262503
v 0.48218894 0.05343229 -0.01850759
v 0.47006384 0.15795568 -0.01592734
v 0.46893939 0.16283354 -0.01656202
v 0.46367255 0.12991412 -0.01497278
v 0.45774671 0.19660464 -0.01410483
v 0.44893962 0.01675440 -0.01709143
v 0.44517469 0.08002967 -0.02042994
v 0.44175470 0.22306427 -0.01861107
v 0.43849450 0.09332681 -0.02305165
v 0.43994680 0.14176714 -0.01639546
v 0.42107505 0.13933575 -0.01887297
v 0.41771516 0.16405140 -0.02218061
v 0.41405517 0.22016561 -0.01862917
v 0.41310075 0.19375788 -0.02015605
v 0.40764877 0.15222199 -0.02180012
v 0.40376726 0.21218334 -0.01997623
v 0.40633810 0.24140130 -0.01684654
v 0.39985105 0.18851231 -0.02049864
v 0.38569811 0.24596423 -0.02056343
v 0.38780400 0.12790714 -0.01962532
v 0.38431782 0.15582369 -0.02040527
v 0.38424012 0.13180242 -0.01516008
v 0.38244995 0.24480851 -0.02166873
v 0.37690762 0.14260571 -0.02331849
v 0.36941120 0.27632123 -0.01558831
v 0.37787232 0.15233241 -0.01096677
v 0.36727405 0.15421183 -0.01790005
v 0.35935628 0.16380866 -0.01750604
v 0.36046436 0.17045876 -0.01843050
v 0.35486013 0.17761761 -0.01937281
v 0.35641739 0.25711891 -0.02155157
v 0.35150418 0.18396239 -0.01919618
v 0.34622887 0.18082012 -0.01257833
v 0.31666538 0.13923675 -0.00947769
v 0.29973406 0.14260501 -0.01460700
v 0.29708526 0.12480953 -0.01225505
v 0.28954333 0.12628679 -0.02203657
v 0.28384033 0.00773018 -0.00047906
v 0.27732632 0.04500972 -0.02493222
v 0.28182390 0.08035608 -0.01330595
v 0.27279237 0.05918048 -0.01480214
v 0.27490777 0.07555228 -0.02272505
v 0.26644799 -0.07370041 -0.01912807
v 0.26463500 -0.02688263 -0.03042703
v 0.25104320 -0.02354484 -0.01439017
v 0.25414416 0.26789498 -0.01487170
v 0.23864289 -0.03219904 -0.02538732
v 0.22944252 -0.03768910 -0.00931896
v 0.24366367 -0.09251646 -0.02089857
v 0.21740329 -0.08023318 -0.01518675
v 0.24545813 0.27648103 -0.01594318
v 0.18928400 0.24469222 -0.01892911
v 0.17503102 -0.06132935 -0.01710808
v 0.17196588 -0.05226096 -0.01229535
v 0.15197469 -0.05123844 -0.02552458
v 0.13410962 -0.04594361 -0.01857415
v 0.12134623 -0.04555145 -0.01573370
v 0.10781151 -0.05462950 -0.01804738
v 0.10153857 0.20691788 -0.01421487
v 0.06799177 0.19986022 -0.01766089
v 0.05817151 -0.04771310 -0.02631663
v 0.01994145 -0.05007312 -0.03066592
v 0.02183734 -0.06543038 -0.01863484
v -0.01941212 0.17594245 -0.00744490
v -0.03740632 0.18637078 -0.01740509
v -0.10154969 0.20373322 -0.00376784
v -0.10894843 0.19688712 -0.01335422
v -0.15965185 0.21982354 -0.00763761
v -0.15585452 0.22557504 -0.01875759
v -0.17434269 0.22994210 -0.02685143
v -0.16422030 -0.02236864 -0.02255881
v -0.17888816 -0.00087945 -0.01740417
v -0.21925849 0.02225905 -0.04282210
v -0.21389754 0.22158201 -0.01332349
v -0.29183048 0.02135763 -0.01421964
v -0.30820593 0.01607016 -0.01304185
v -0.28627342 0.02777747 -0.02059438
v -0.30415484 -0.01094064 -0.01701847
v -0.32720417 0.01496299 -0.02034799
v -0.33195513 -0.00359786 -0.01810420
v -0.34678552 0.03752793 -0.01715169
v -0.36005089 0.04688171 -0.02309739
v -0.36281967 0.17299756 -0.02153553
v -0.36651555 0.16109818 -0.02623019
v -0.37645704 0.08867990 -0.01520642
v -0.37209785 0.15477419 -0.01957285
v -0.37187240 0.18111601 -0.01598016
v -0.38316783 0.07109256 -0.01676012
v -0.38973606 0.08655315 -0.01798398
v -0.39190820 0.16278881 -0.01886252
v -0.42087212 -0.12526372 -0.01629691
v -0.41760737 -0.10126834 -0.01680204
v -0.42572340 -0.15378822 -0.01412990
v -0.43580493 -0.20944135 -0.01099761
v -0.44849932 -0.20393483 -0.02268460
v -0.45419595 -0.18621361 -0.02043295
v -0.45619261 -0.16957127 -0.01717050
v -0.46840078 -0.18418916 -0.02346151
v -0.47853032 -0.16756064 -0.01751699
v -0.46980658 -0.04543279 -0.02046821
v -0.46848133 -0.16721454 -0.01783073
v -0.47958833 -0.07636557 -0.01592071
v -0.48201168 -0.20612586 -0.02176590
v -0.48669884 -0.19195263 -0.01266647
v -0.49298173 -0.19012555 -0.02037513
v -0.49672806 -0.18011521 -0.01311581
v -0.49480605 -0.15709345 -0.01849613
v -0.49115506 -0.12412012 -0.01327550
v 0.46900505 0.05018054 -0.02148994
v 0.46723801 0.07916355 -0.01981331
v 0.46067566 0.09981520 -0.01934393
v 0.45423743 0.07178628 -0.02147679
v 0.45265949 0.09246554 -0.02197525
v 0.45268935 0.20269364 -0.01851783
v 0.45171192 0.06335145 -0.02129477
v 0.43768066 0.04201891 -0.01856642
v 0.45275080 0.03482936 -0.02091212
v 0.40461454 0.12259720 -0.02324830
v 0.41726312 0.17326730 -0.02194400
v 0.40643263 0.26510486 -0.01619344
v 0.40397960 0.26761132 -0.01852352
v 0.39387369 0.26675895 -0.02038868
v 0.39264527 0.16493909 -0.02210851
v 0.38480407 0.23556581 -0.02246274
v 0.38517627 0.11398540 -0.02363349
v 0.37916100 0.19602452 -0.02283891
v 0.37779033 0.10409638 -0.02500721
v 0.38148040 0.11830352 -0.02298319
v 0.37276658 0.16721216 -0.02261168
v 0.37522310 0.21086735 -0.02320628
v 0.36869645 0.16421469 -0.02304236
v 0.36508104 0.19248597 -0.02598045
v 0.36677080 0.21305169 -0.02668918
v 0.37435153 0.23017594 -0.02350424
v 0.37085816 0.24746908 -0.02156085
v 0.35090846 0.27298835 -0.02312820
v 0.34475097 0.18426353 -0.02326925
v 0.34745568 0.18862516 -0.02196459
v 0.33323184 0.17772588 -0.02360977
v 0.33885777 0.18780787 -0.02084334
v 0.32810071 0.17895572 -0.01990035
v 0.30738738 0.17309886 -0.02519003
v 0.28064263 0.26015857 -0.02441135
v 0.29313529 -0.26739553 -0.02297028
v 0.29124421 -0.24914649 -0.02174588
v 0.29493517 0.15109156 -0.02241174
v 0.27636495 -0.23963761 -0.02513049
v 0.26378646 -0.09595987 -0.02261469
v 0.26969799 0.04909255 -0.01390657
v 0.25304067 -0.03778199 -0.02424414
v 0.24211621 0.25971094 -0.01871670
v 0.21472092 -0.06072108 -0.01617956
v 0.21802869 -0.05789617 -0.01834845
v 0.20914352 -0.06466903 -0.02122643
v 0.18887836 -0.06433419 -0.02065139
v 0.19041583 -0.06211409 -0.01697188
v 0.16921368 0.25079730 -0.01661459
v 0.15023917 0.22459902 -0.02103725
v 0.13193756 -0.05676675 -0.02055904
v 0.12028889 0.21140182 -0.02154405
v 0.04679818 -0.06333625 -0.01814137
v 0.03338048 0.17732248 -0.01406186
v 0.00448413 0.17331345 -0.02800376
v 0.03039967 0.18564801 -0.01540119
v -0.01145630 0.18096885 -0.02958969
v -0.05289575 0.18241329 -0.01733058
v -0.07963940 0.18681408 -0.03351422
v -0.08860482 -0.04843186 -0.02546522
v -0.12760474 0.20406900 -0.02635787
v -0.13479307 0.21541592 -0.02539345
v -0.16189769 -0.01034736 -0.03441402
v -0.21788520 0.01295666 -0.02671912
v -0.24040025 0.01903976 -0.02420819
v -0.25147858 0.01783616 -0.02632159
v -0.25095910 -0.28337559 -0.02390871
v -0.26542574 0.02359128 -0.01838047
v -0.26560634 -0.28768611 -0.02102183
v -0.28204739 -0.28708184 -0.02501696
v -0.27889732 0.01108583 -0.01949373
v -0.31191954 0.20389780 -0.02650024
v -0.30734867 -0.04688768 -0.02379211
v -0.33065212 -0.04769677 -0.02422603
v -0.33411002 0.01777499 -0.01567272
v -0.34271652 0.18962111 -0.01947610
v -0.34226939 0.01770633 -0.01673494
v -0.34336963 -0.01165247 -0.02232029
v -0.34748933 0.18500459 -0.02688867
v -0.35234666 0.00912011 -0.02450791
v -0.36049831 0.02703508 -0.02348693
v -0.37631637 0.08011966 -0.03396868
v -0.37649179 0.10559544 -0.02811719
v -0.38711163 0.15657683 -0.02305273
v -0.38867033 0.08928643 -0.01854974
v -0.39836586 0.15080875 -0.02387564
v -0.41498739 0.03108714 -0.02446035
v -0.41648430 -0.05851417 -0.01934358
v -0.41796032 -0.01957601 -0.02385646
v -0.42404389 -0.08445396 -0.02121808
v -0.43725660 -0.10207074 -0.02464501
v -0.43540710 -0.14691427 -0.02022122
v -0.43864506 -0.19142781 -0.02022212
v -0.43468547 0.12334012 -0.01384205
v -0.44308853 0.10617615 -0.01993772
v -0.46357179 -0.01196680 -0.02212464
v -0.46002743 0.03271609 -0.02273312
v -0.46863359 -0.10754002 -0.02424894
v -0.47105074 -0.07486122 -0.02185332
v -0.46749279 0.00325298 -0.01908133
v -0.47907057 -0.11187793 -0.02188991
v -0.48241341 -0.18418247 -0.01965477
v -0.47930583 -0.09469624 -0.01931990
v -0.48671353 -0.12247746 -0.01883380
v 0.45298332 0.14709866 -0.02619809
v 0.45244214 0.19312222 -0.02214714
v 0.45284447 0.16931464 -0.02624158
v 0.42038134 0.23957185 -0.02762845
v 0.41433018 0.26617596 -0.02565596
v 0.37740657 0.08617757 -0.02659858
v 0.37396216 0.08626638 -0.02577137
v 0.37088558 0.15699455 -0.02568928
v 0.36794835 0.17456093 -0.02536527
v 0.36643907 0.24159548 -0.02512951
v 0.36599419 0.05532341 -0.02805468
v 0.35348326 0.03658532 -0.02956406
v 0.36116946 0.05793799 -0.02923978
v 0.34111717 0.25078213 -0.02999735
v 0.33091667 0.18098763 -0.02348866
v 0.31298938 0.15829220 -0.02734296
v 0.29740867 -0.26344633 -0.02415970
v 0.30712333 0.17779489 -0.02999421
v 0.30890203 0.25482890 -0.02812661
v 0.29547015 -0.22039959 -0.03142144
v 0.29951096 -0.09771714 -0.02917717
v 0.30390686 0.13777690 -0.02748514
v 0.29561216 -0.07432324 -0.02865481
v 0.28646219 -0.08502604 -0.02499536
v 0.28643245 0.12929444 -0.02877225
v 0.28083310 -0.25581455 -0.02174568
v 0.27834865 0.01751439 -0.02719455
v 0.28094983 -0.09532874 -0.02522026
v 0.25841233 -0.05196322 -0.02149563
v 0.26706776 0.00467416 -0.02664237
v 0.26502827 -0.01440858 -0.02739647
v 0.26161724 0.25046018 -0.02714700
v 0.26023155 -0.01618446 -0.02823163
v 0.23036666 0.24577340 -0.02793478
v 0.22616850 -0.06354922 -0.02856509
v 0.21142709 0.23700140 -0.02829225
v 0.20564592 -0.07069015 -0.02781134
v 0.21429150 -0.09368999 -0.02954378
v 0.20172577 0.26260394 -0.01721317
v 0.14368546 -0.06721310 -0.03230835
v 0.11690401 -0.03823312 -0.02717976
v 0.09485920 0.18844892 -0.03035016
v 0.09227867 0.19606240 -0.03283657
v 0.09647185 -0.03608513 -0.02770317
v 0.08215305 0.19128595 -0.02242888
v 0.04778605 -0.04971381 -0.02105574
v -0.00972161 0.17433804 -0.02251236
v -0.03480495 0.18346293 -0.03175803
v -0.09407483 -0.04531588 -0.02669198
v -0.12391609 0.19951847 -0.03245971
v -0.13934177 -0.02490998 -0.02079925
v -0.16022977 0.22012372 -0.02543461
v -0.23454852 0.02908289 -0.01085950
v -0.23749085 -0.28833425 -0.03004963
v -0.26050574 0.02975730 -0.02227722
v -0.25377765 -0.29250529 -0.02181351
v -0.26901525 -0.27129006 -0.02611079
v -0.26119691 0.01249777 -0.02461842
v -0.26702347 -0.25457391 -0.03233346
v -0.26638559 0.03081866 -0.02266015
v -0.26593021 -0.29252794 -0.02196012
v -0.28154474 -0.25225747 -0.02886392
v -0.28012487 -0.01968080 -0.02427062
v -0.28205037 -0.26053867 -0.02796139
v -0.32015055 0.02387112 -0.01784030
v -0.33181179 -0.15820166 -0.02659123
v -0.33295807 -0.11185177 -0.02788466
v -0.33943769 -0.16358320 -0.02784603
v -0.34604314 -0.08896850 -0.02912118
v -0.34264123 -0.06515148 -0.02809906
v -0.37291810 0.03673737 -0.03249243
v -0.37116382 0.06770849 -0.02590344
v -0.37518373 0.14127366 -0.03112651
v -0.37620953 0.05062164 -0.02028458
v -0.38141054 0.05625337 -0.03103667
v -0.37715995 0.17412807 -0.01873334
v -0.39106798 0.14518493 -0.02604986
v -0.39422086 0.11012153 -0.02708334
v -0.39236864 0.13144504 -0.02826584
v -0.40622020 0.14788054 -0.02392515
v -0.41697231 0.14070018 -0.02320516
v -0.42161170 -0.05881640 -0.02256008
v -0.41728595 0.00879984 -0.02456483
v -0.42744723 0.13089414 -0.02181539
v -0.43713081 -0.08809001 -0.02567419
v -0.44214827 -0.12565824 -0.02480061
v -0.43631271 -0.04089310 -0.02683964
v -0.44685501 -0.00510829 -0.02648851
v -0.44983175 -0.13177097 -0.02670127
v -0.44586539 -0.05497252 -0.02592704
v -0.44884163 -0.09454910 -0.02629169
v -0.45276588 0.06711420 -0.02487843
v -0.45613492 -0.19662294 -0.02481113
v -0.46067241 -0.07305793 -0.02403956
v -0.45494923 -0.03761860 -0.02544378
v -0.46093503 -0.19664399 -0.02710978
v -0.47408623 -0.19642374 -0.02664429
v -0.47787097 -0.20012900 -0.02748471
v -0.48694456 -0.14603601 -0.02473751
v -0.48496360 -0.21180870 -0.02312601
v -0.49260846 -0.16894470 -0.02293708
v 0.45146304 0.11945409 -0.02313510
v 0.44426423 0.18881178 -0.02726118
v 0.43615234 0.10881107 -0.02641812
v 0.43504208 0.20911203 -0.02843848
v 0.42670810 0.10806631 -0.02591404
v 0.42238012 0.12444983 -0.03259100
v 0.40992612 0.12695605 -0.03131501
v 0.41587153 0.24861459 -0.02715613
v 0.41802910 0.26253331 -0.03189550
v 0.39322007 0.13135098 -0.02686174
v 0.38927293 0.25956038 -0.02642638
v 0.38753405 0.13277362 -0.02673420
v 0.37199908 0.07182793 -0.02623401
v 0.37150148 0.07748000 -0.02934214
v 0.36880136 0.12936464 -0.03001014
v 0.35475343 0.20988925 -0.03289433
v 0.35666040 0.24778500 -0.03124793
v 0.35505092 0.19247624 -0.02998393
v 0.35519046 0.24461682 -0.03271257
v 0.32369888 -0.09904116 -0.03029175
v 0.32399341 -0.14967003 -0.03336217
v 0.32329935 -0.12357911 -0.03104025
v 0.32819676 -0.11213282 -0.03026289
v 0.31155479 -0.09125862 -0.02976731
v 0.32207346 0.17063119 -0.02979533
v 0.32245657 0.17953661 -0.03316443
v 0.32000464 0.18341844 -0.02848581
v 0.31116840 0.18094905 -0.03391915
v 0.30525944 -0.25411645 -0.03508209
v 0.29455960 -0.28221807 -0.03010534
v 0.29940203 0.16775154 -0.03328653
v 0.29297829 -0.11030240 -0.03386031
v 0.29381859 0.15899394 -0.02978812
v 0.28130841 0.24591146 -0.02946969
v 0.29011557 0.14871824 -0.02929112
v 0.25646675 0.23135966 -0.03461282
v 0.28367311 -0.22121002 -0.03134089
v 0.27327186 -0.01753419 -0.02225078
v 0.27695832 -0.00232995 -0.03350078
v 0.27763686 0.06653357 -0.02969784
v 0.27764031 0.11096062 -0.03035206
v 0.26801988 0.05416289 -0.02489328
v 0.26336601 -0.00874766 -0.03238247
v 0.26694667 0.02925285 -0.02922498
v 0.26569197 -0.11172073 -0.03648158
v 0.22363500 0.23142204 -0.03345035
v 0.23104402 -0.04515234 -0.02640428
v 0.18889329 -0.06676046 -0.02614664
v 0.18828191 0.24393547 -0.02837316
v 0.18196303 0.22959010 -0.02758039
v 0.16837694 -0.05764094 -0.02262828
v 0.15919468 -0.06971700 -0.02072649
v 0.14149573 0.21509273 -0.02691520
v 0.12712164 0.20250168 -0.03098937
v 0.11241668 -0.04814841 -0.03406093
v 0.10972692 0.19915351 -0.02735340
v 0.07373676 0.18503487 -0.02564348
v 0.07236292 0.17651729 -0.03350661
v 0.05071848 0.18408370 -0.02902170
v 0.02961781 0.17192306 -0.03391633
v 0.01745388 0.17992362 -0.03076573
v -0.00768695 -0.05151647 -0.03182371
v 0.00022575 -0.06394832 -0.03120628
v -0.04450140 -0.06118341 -0.03226486
v -0.01674576 0.17120495 -0.03758394
v -0.10863329 -0.05037965 -0.00050480
v -0.12310242 -0.03133347 -0.04144257
v -0.13928239 -0.03627690 -0.02898646
v -0.18303871 -0.00596165 -0.04505850
v -0.17762446 0.22063571 -0.03212364
v -0.19772126 0.01187229 -0.03250308
v -0.19795388 0.00134890 -0.02371259
v -0.24266656 0.02627476 -0.03437234
v -0.24241662 -0.29380551 -0.02507327
v -0.25064534 0.21929185 -0.02554141
v -0.25838384 0.02638465 -0.02964028
v -0.26273033 -0.00738062 -0.02875637
v -0.26763800 -0.01878964 -0.02883152
v -0.26961482 0.02820826 -0.02561168
v -0.28294608 -0.27741304 -0.03231142
v -0.27511752 0.01913206 -0.02777129
v -0.28871319 -0.24159242 -0.02964407
v -0.29081538 0.01273436 -0.02723554
v -0.28655472 -0.27371153 -0.02801346
v -0.29017469 0.20887074 -0.01585812
v -0.29050520 -0.29083610 -0.03106206
v -0.29617238 -0.07374551 -0.03253476
v -0.29782137 -0.27161196 -0.03175808
v -0.30234489 -0.25100112 -0.02941530
v -0.31753537 -0.08467029 -0.02966611
v -0.32254282 0.00141784 -0.02737777
v -0.28782943 0.21903367 -0.03234086
v -0.31202698 -0.24812943 -0.02983425
v -0.30828777 -0.16718076 -0.03228946
v -0.30531272 0.00658881 -0.02849804
v -0.30777562 -0.21937355 -0.02973277
v -0.31808835 -0.17163306 -0.02826134
v -0.31581247 -0.20421708 -0.02915046
v -0.32254910 -0.14848395 -0.02875827
v -0.32166660 -0.25514311 -0.03271610
v -0.32198834 -0.23608619 -0.03275693
v -0.32605749 -0.07080186 -0.02656852
v -0.31554186 0.19980747 -0.03492025
v -0.32370305 -0.21509032 -0.03137755
v -0.33352056 -0.20406683 -0.03380884
v -0.32970211 -0.19005048 -0.02898133
v -0.34564406 0.01869163 -0.02527095
v -0.34483618 -0.14118983 -0.02719461
v -0.34454352 -0.04085634 -0.02690618
v -0.35249516 -0.14991629 -0.03107924
v -0.34663960 -0.10286395 -0.02867588
v -0.35412911 0.16339797 -0.04780379
v -0.40781945 0.13282898 -0.03110668
v -0.40814352 0.05941094 -0.02426648
v -0.42320052 0.12564172 -0.03256116
v -0.42530489 0.03683257 -0.02791806
v -0.43949971 0.00712473 -0.02786184
v -0.44306323 0.10458717 -0.03100242
v -0.45226103 0.01994552 -0.02723632
v -0.44786647 0.07997010 -0.03034530
v -0.45068717 -0.15473419 -0.02764156
v -0.45765930 -0.19821353 -0.03060758
v -0.45722827 0.02625678 -0.02542022
v -0.47321627 -0.17519119 -0.03031170
v -0.47259483 -0.15726058 -0.02797620
v -0.47753802 -0.19896364 -0.03492815
v -0.48292023 -0.19980283 -0.02916906
v -0.48127341 -0.18559583 -0.03155693
v -0.48702812 -0.17438272 -0.02801881
v -0.48699278 -0.18248942 -0.02809284
v 0.43956172 0.15446724 -0.03164367
v 0.42388701 0.19987246 -0.03402332
v 0.42413399 0.22602984 -0.03087573
v 0.42143694 0.27368295 -0.03618370
v 0.40585083 0.23335931 -0.03500078
v 0.41424170 0.24205153 -0.03095716
v 0.41144609 0.27664661 -0.03128691
v 0.41240817 0.13920140 -0.03611938
v 0.39348739 0.23081914 -0.03433130
v 0.38431257 0.14468540 -0.03125459
v 0.40591326 0.15718354 -0.03722515
v 0.37999955 0.16542763 -0.03457022
v 0.38285720 0.22836182 -0.03320785
v 0.38091230 0.24718934 -0.03181988
v 0.37497580 0.10981138 -0.03250774
v 0.35453257 0.16893227 -0.03422048
v 0.35576871 -0.13466829 -0.03529311
v 0.35916531 -0.10463995 -0.03519832
v 0.35905379 0.04886465 -0.03073262
v 0.35053608 -0.11035280 -0.03284412
v 0.34566772 0.08779451 -0.03438923
v 0.33730188 0.04329184 -0.03552820
v 0.34220099 0.19234423 -0.03324306
v 0.34591606 0.20659892 -0.03305382
v 0.34052703 -0.14612027 -0.03414742
v 0.33275360 0.20447484 -0.03475624
v 0.32131401 0.24656601 -0.03313542
v 0.31624544 0.20714898 -0.03592762
v 0.31237671 -0.18262352 -0.03429407
v 0.31517872 -0.15530780 -0.03501641
v 0.32548815 -0.17376752 -0.03529227
v 0.31335104 -0.10808175 -0.03230006
v 0.31373942 -0.07231999 -0.03703103
v 0.29323941 0.23166655 -0.03351117
v 0.30941662 -0.20953208 -0.03563900
v 0.30994990 0.16693707 -0.03340499
v 0.30401024 0.17108978 -0.03430683
v 0.30096263 -0.27456430 -0.03373282
v 0.30013701 0.15918657 -0.03505667
v 0.28791425 0.19842884 -0.03751149
v 0.29475227 -0.28595045 -0.03484540
v 0.28800872 -0.06195310 -0.02982373
v 0.29707462 0.14444223 -0.03529993
v 0.31678328 0.27160859 -0.02864161
v 0.29598644 0.12703454 -0.03232535
v 0.29136690 0.13123767 -0.03608463
v 0.29102442 0.14990769 -0.03442875
v 0.29524061 0.16107050 -0.03369223
v 0.28719532 0.13368516 -0.03389728
v 0.29418799 0.25169209 -0.03826066
v 0.28243265 -0.26343849 -0.02564253
v 0.28464085 0.26869673 -0.03047135
v 0.27315584 -0.25302762 -0.02644548
v 0.27354789 -0.00428652 -0.04989590
v 0.27248475 0.10265511 -0.04063834
v 0.26435962 -0.23494621 -0.03615722
v 0.27103418 0.08994298 -0.03734296
v 0.26159140 -0.09153040 -0.03126637
v 0.26105770 -0.06875288 -0.03017696
v 0.26658267 0.00477306 -0.04385258
v 0.26705003 0.21900573 -0.03624167
v 0.26027218 -0.02978114 -0.03486327
v 0.25559619 -0.09147589 -0.03106687
v 0.25331390 -0.05902255 -0.03429051
v 0.24573903 -0.06195759 -0.03046309
v 0.25235572 -0.07639080 -0.03070913
v 0.22691526 -0.07450996 -0.03111888
v 0.23840134 -0.05032915 -0.02998027
v 0.23939846 -0.10173729 -0.03136870
v 0.23761526 0.26140922 -0.02760621
v 0.21747480 -0.07237929 -0.02954063
v 0.20446402 0.21871030 -0.03506288
v 0.21684663 -0.07830045 -0.03354368
v 0.19040769 -0.07748891 -0.03279295
v 0.18981756 -0.09120731 -0.03997384
v 0.17133300 -0.06414548 -0.03222192
v 0.15808603 -0.06157972 -0.03428300
v 0.15336573 0.20154859 -0.03492801
v 0.14471318 0.22640094 -0.02857704
v 0.11539106 -0.03316374 -0.04333967
v 0.11525115 0.18060406 -0.03986017
v 0.10135116 -0.04892487 -0.03201216
v 0.04511503 0.17278863 -0.03153810
v 0.04807256 -0.05883417 -0.03323057
v 0.02033081 -0.06298388 -0.03209352
v -0.03279799 0.17614138 -0.02726348
v -0.10611219 0.19299810 -0.02945994
v -0.10568688 -0.04876347 -0.03699179
v -0.14271742 0.20138553 -0.04453495
v -0.15413143 -0.01674027 -0.03263000
v -0.22988401 0.01588666 -0.03443860
v -0.23650351 0.21981671 -0.03499633
v -0.23683971 -0.28205049 -0.03810824
v -0.24171276 -0.27793539 -0.03281127
v -0.24719603 -0.28124979 -0.02853128
v -0.24229394 0.00689748 -0.03633406
v -0.25390148 -0.26406467 -0.03593970
v -0.26985848 0.00424963 -0.03056443
v -0.27040887 -0.27010164 -0.03108536
v -0.28061166 -0.04840988 -0.03054306
v -0.27772367 -0.23383176 -0.03361237
v -0.28355101 -0.02696246 -0.03221676
v -0.28730273 -0.02559136 -0.02998705
v -0.28575024 0.00197756 -0.02981352
v -0.28355101 0.21022172 -0.03184089
v -0.29395109 -0.29268876 -0.03746993
v -0.28717467 -0.20563905 -0.03571054
v -0.29988289 -0.19244732 -0.03308957
v -0.29767078 -0.03135889 -0.03123500
v -0.30317938 -0.05381876 -0.03866033
v -0.30239505 -0.04265264 -0.03021135
v -0.30284515 -0.02912126 -0.02989574
v -0.32117718 -0.01238875 -0.02978412
v -0.31197432 0.21202908 -0.03231458
v -0.31417161 -0.12816732 -0.03270823
v -0.30763960 -0.09795849 -0.03432125
v -0.31031755 -0.04880424 -0.03239165
v -0.31254724 -0.04223604 -0.02982111
v -0.31641692 -0.05104861 -0.03052037
v -0.31691352 -0.05891206 -0.03087003
v -0.32648468 -0.06578201 -0.03256934
v -0.32829013 -0.05725184 -0.02983203
v -0.33406731 -0.07511058 -0.03036039
v -0.33870304 -0.03373858 -0.02968522
v -0.33948785 0.18883714 -0.02961974
v -0.33729851 -0.15330358 -0.03016462
v -0.33829212 -0.07289132 -0.03020958
v -0.33847299 -0.00026197 -0.03000396
v -0.33804312 0.00732528 -0.02846695
v -0.33866838 -0.14404334 -0.02999096
v -0.33939120 -0.14141273 -0.03342672
v -0.34231994 -0.07627602 -0.03329420
v -0.34286192 -0.07286328 -0.03248296
v -0.34292048 -0.03691601 -0.03204449
v -0.34294140 0.00613772 -0.03246180
v -0.33807409 -0.19522563 -0.03371971
v -0.36482564 -0.10490213 -0.03677100
v -0.35008270 -0.05659195 -0.03185852
v -0.35468352 0.03153781 -0.02995565
v -0.36460570 -0.12725557 -0.03561118
v -0.35865328 0.03403009 -0.03357754
v -0.36106890 0.03649282 -0.03846494
v -0.36454743 0.01679127 -0.03805673
v -0.36122122 0.04707235 -0.03928228
v -0.37616336 0.12473475 -0.04343851
v -0.38680241 0.07542282 -0.03439627
v -0.40647057 0.12494737 -0.03300139
v -0.40483302 0.08760960 -0.02956609
v -0.43668777 0.11202872 -0.03404840
v -0.44131586 0.03857039 -0.03121666
v -0.44633976 0.07501718 -0.03259467
v -0.44986212 0.05166272 -0.03028783
v -0.45279369 -0.18267876 -0.03135026
v -0.46632048 -0.19743372 -0.03435535
v 0.40401947 0.19936793 -0.03706904
v 0.38136846 0.17650925 -0.03483743
v 0.38665095 0.24828251 -0.03351220
v 0.35889927 0.17193137 -0.04124478
v 0.36561462 -0.13516326 -0.04167211
v 0.36476052 -0.11595149 -0.03590608
v 0.36678532 0.13626850 -0.03797906
v 0.36654678 -0.10346518 -0.03982719
v 0.35878152 0.06686757 -0.03364931
v 0.33374020 0.09408224 -0.04354449
v 0.34715918 -0.08950699 -0.03921594
v 0.33512098 0.14146721 -0.04072568
v 0.36451808 0.25245494 -0.03299394
v 0.33055496 0.04645634 -0.04049012
v 0.35235915 0.12556148 -0.03522641
v 0.35035232 0.23421906 -0.03917221
v 0.32278520 -0.08450461 -0.03400207
v 0.33078939 0.18256745 -0.03838322
v 0.32545936 -0.18598948 -0.03777156
v 0.34503862 0.25864497 -0.03318254
v 0.30806920 -0.22302166 -0.03462960
v 0.31091836 -0.11860588 -0.03712630
v 0.32133538 0.18921642 -0.03850257
v 0.29748529 -0.17794131 -0.03706691
v 0.29912812 -0.28427082 -0.04186920
v 0.30122608 -0.11893472 -0.04051598
v 0.29795250 -0.20500559 -0.03478849
v 0.29650316 -0.05742725 -0.03817877
v 0.28804657 -0.19746883 -0.04006501
v 0.28978759 -0.28151909 -0.03260935
v 0.28604394 0.12649374 -0.03649917
v 0.28770712 0.09902084 -0.03047796
v 0.28455558 0.11175668 -0.03762573
v 0.27729034 -0.04360398 -0.03505342
v 0.28028435 0.08490103 -0.03567068
v 0.27897573 0.11055302 -0.04025450
v 0.28370422 -0.26221758 -0.04303714
v 0.27239579 0.05649967 -0.03833930
v 0.27613091 0.11001354 -0.04080994
v 0.26676050 -0.06621305 -0.03916928
v 0.26774400 -0.08067446 -0.03640822
v 0.26353359 -0.06505332 -0.03318089
v 0.26359582 0.06916483 -0.04023699
v 0.27315488 0.19435886 -0.03905224
v 0.25736541 -0.09502465 -0.03642673
v 0.24739543 -0.05079024 -0.03110522
v 0.24724030 -0.08534897 -0.03471696
v 0.24024306 -0.08121501 -0.03495012
v 0.24896975 -0.01908436 -0.04233077
v 0.23808616 -0.04218606 -0.03431873
v 0.23631078 -0.03707639 -0.03295091
v 0.25212964 0.25038579 -0.03622142
v 0.19389686 0.22253934 -0.04129821
v 0.18418224 -0.06683704 -0.03349376
v 0.17460738 0.21344461 -0.03412854
v 0.17352302 0.22270510 -0.03758508
v 0.12177368 -0.05020096 -0.03801626
v 0.13330135 -0.04438986 -0.03422411
v 0.11630964 0.21128719 -0.02956395
v 0.07313824 -0.03974873 -0.02781781
v 0.06890528 0.18474016 -0.03462698
v 0.05971470 0.17530644 -0.03096036
v 0.04967703 -0.04441643 -0.03864099
v 0.03658772 0.17441034 -0.04153641
v -0.04095837 -0.04968911 -0.04303185
v -0.07423539 -0.04907455 -0.02735523
v -0.08352654 -0.04551829 -0.03492646
v -0.11573174 0.19043343 -0.04302627
v -0.10982973 -0.03661689 -0.03412665
v -0.13298692 0.21032234 -0.03863530
v -0.15356657 0.22689185 -0.03744528
v -0.16228895 0.21749696 -0.03512118
v -0.16984911 -0.00275028 -0.04612314
v -0.23078778 -0.29449660 -0.03395131
v -0.24041246 0.22802705 -0.03369265
v -0.26484436 -0.23605695 -0.04031629
v -0.28059524 -0.24705322 -0.03605326
v -0.28281212 -0.06532093 -0.03532184
v -0.29216182 -0.09234727 -0.03978726
v -0.28904673 -0.25714493 -0.03440487
v -0.28879964 -0.03431479 -0.03465699
v -0.29766041 -0.25766894 -0.03746163
v -0.29770109 -0.24103455 -0.03779866
v -0.29751176 -0.14546502 -0.04223338
v -0.29998606 -0.13131382 -0.04028809
v -0.29557258 -0.11155370 -0.04162690
v -0.29752567 -0.04264166 -0.03322923
v -0.30203605 -0.24682139 -0.03837023
v -0.30948913 -0.26042211 -0.03369638
v -0.32872212 -0.26126301 -0.04534449
v -0.32747838 -0.25754026 -0.03631968
v -0.32821473 -0.23588549 -0.03763717
v -0.33120370 -0.23109511 -0.04193732
v -0.32799241 -0.14808427 -0.03316190
v -0.33238652 0.19133273 -0.03141053
v -0.33147398 -0.15511996 -0.03287686
v -0.33359471 -0.08006899 -0.03749265
v -0.34292978 -0.15411463 -0.03363655
v -0.34522316 -0.14885570 -0.03674274
v -0.34509552 -0.07232878 -0.03634213
v -0.34493169 -0.00214321 -0.03628277
v -0.35832545 -0.08089890 -0.03542075
v -0.35773352 -0.01916858 -0.03711849
v -0.36725858 0.05793759 -0.03581248
v -0.37630358 0.06573302 -0.03792431
v -0.38256344 0.14449839 -0.04472677
v -0.38876194 0.08810553 -0.03930326
v -0.41012877 0.10404716 -0.03477368
v -0.42994887 0.06493359 -0.03306954
v -0.43696624 0.10133755 -0.03767929
v -0.42439428 0.08864453 -0.03642184
v -0.43894187 0.06757391 -0.03448561
v -0.44172633 0.10237104 -0.03723646
v 0.42009914 0.26554024 -0.03971330
v 0.41448110 0.25116366 -0.03672513
v 0.41908979 0.28568298 -0.04470535
v 0.40521476 0.24574751 -0.04041463
v 0.40511242 0.27531025 -0.03826375
v 0.37436959 -0.11572433 -0.04296732
v 0.33974954 -0.16717690 -0.03915118
v 0.32952696 -0.19196656 -0.04387869
v 0.32361630 0.04068360 -0.04072384
v 0.34235364 0.16596776 -0.03795727
v 0.32258618 0.21863899 -0.04545690
v 0.33193144 -0.07911511 -0.04195512
v 0.31602672 0.16285539 -0.04504859
v 0.32126233 -0.19967994 -0.03929868
v 0.32080400 0.06699575 -0.04262135
v 0.31223696 0.18197832 -0.04207696
v 0.31329730 -0.22127362 -0.04047451
v 0.31412125 -0.13137208 -0.03852040
v 0.32474852 0.10497709 -0.04275779
v 0.31049293 -0.12876555 -0.04804654
v 0.29383314 0.16428091 -0.04297621
v 0.31525981 0.24726132 -0.04020314
v 0.29616499 -0.16716221 -0.03987306
v 0.29023656 -0.28333086 -0.04499036
v 0.28774923 0.10696685 -0.04494939
v 0.27941200 0.17066467 -0.04214692
v 0.28485808 0.11805146 -0.04293832
v 0.28084159 0.09955186 -0.04040751
v 0.28251970 0.13415284 -0.04321910
v 0.27725843 0.14596750 -0.04386650
v 0.26492339 -0.22050090 -0.03987681
v 0.27429307 0.07260804 -0.04432622
v 0.27723956 0.11548574 -0.04174702
v 0.27089107 -0.24846907 -0.03650118
v 0.27102104 0.04627181 -0.04178363
v 0.26886049 -0.08694070 -0.04083590
v 0.27123582 -0.08048368 -0.04408423
v 0.26417583 0.12462046 -0.04562135
v 0.26239836 0.14366747 -0.04578252
v 0.26698697 0.02535118 -0.04338397
v 0.24691120 0.17531212 -0.04855796
v 0.25874075 0.08997460 -0.04537085
v 0.25314739 -0.09481718 -0.04873504
v 0.25006375 -0.04887108 -0.03744492
v 0.25150549 -0.09206843 -0.03410879
v 0.24570546 0.21384959 -0.04066693
v 0.24100892 -0.04078603 -0.04231011
v 0.25912645 0.23560163 -0.04306300
v 0.24253578 0.20466031 -0.04516451
v 0.23755430 -0.03320905 -0.03571267
v 0.23773181 -0.03013127 -0.04434026
v 0.22411832 0.21734436 -0.03784062
v 0.21560113 0.23329365 -0.03923013
v 0.19656703 0.19677576 -0.04502399
v 0.17004815 -0.08068795 -0.03151950
v 0.14893234 -0.05229186 -0.04155163
v 0.12577565 -0.03716050 -0.04244832
v 0.10791513 0.16142024 -0.04882822
v 0.09963837 -0.03893487 -0.04796919
v 0.07688505 -0.04816719 -0.04056337
v 0.09489742 0.17528960 -0.03921693
v 0.08542953 -0.03287859 -0.04258826
v 0.07899078 -0.03086920 -0.04611522
v 0.05940149 -0.03710196 -0.04278041
v 0.05311647 0.16289021 -0.04447827
v 0.02344673 0.16592644 -0.04450625
v -0.04408258 0.17641662 -0.03545154
v -0.06853501 0.19089544 -0.03276226
v -0.07221829 -0.04780256 -0.04271883
v -0.09063649 0.19085118 -0.04683761
v -0.11527272 0.20170891 -0.03757668
v -0.13504225 0.21465725 -0.04141057
v -0.13654338 -0.02099246 -0.04761630
v -0.18595566 0.00863347 -0.04812918
v -0.17536996 0.21986789 -0.04362518
v -0.18080935 0.23056301 -0.03453886
v -0.19166781 0.22102372 -0.04230728
v -0.23309253 0.01379813 -0.03777970
v -0.25158140 -0.01887045 -0.03884500
v -0.25278476 -0.26994407 -0.03601873
v -0.25951356 -0.25436428 -0.04305228
v -0.26516926 0.01495004 -0.03169149
v -0.25968173 -0.26531881 -0.03544137
v -0.27056110 -0.05590083 -0.04063198
v -0.27913889 -0.00489561 -0.03278393
v -0.27892077 -0.20750071 -0.04017633
v -0.28450367 -0.09921435 -0.04864148
v -0.28446069 -0.23216720 -0.04174962
v -0.29331043 -0.18151082 -0.03961065
v -0.29179195 -0.28853130 -0.03905145
v -0.29459730 -0.27039385 -0.03881912
v -0.30047354 -0.27320153 -0.04318205
v -0.30247414 -0.24180518 -0.04052661
v -0.32046708 -0.08051356 -0.04244325
v -0.33153474 -0.21729711 -0.03844439
v -0.33067530 -0.13707751 -0.04368031
v -0.32829449 -0.08491411 -0.04292116
v -0.33692932 -0.15748136 -0.03917836
v -0.34290579 -0.14287333 -0.04519397
v -0.33022138 -0.14148898 -0.03892906
v -0.33846977 -0.21087579 -0.04653763
v -0.34416807 -0.07245532 -0.05254095
v -0.34497538 -0.04858896 -0.04138900
v -0.34479371 -0.01920101 -0.04156644
v -0.35014412 0.02299218 -0.04001772
v -0.35794854 -0.05293414 -0.04076462
v -0.36099860 -0.16017383 -0.03824885
v -0.36850914 -0.13171740 -0.03886968
v -0.37254515 -0.11501424 -0.04637477
v -0.36815792 0.01715469 -0.04746042
v -0.39009681 0.10637170 -0.03953163
v 0.42401764 0.27679911 -0.04570226
v 0.41168183 0.27872252 -0.04700423
v 0.40279570 0.25559217 -0.04485933
v 0.40125799 0.26991397 -0.04123766
v 0.39437425 0.24135137 -0.03853381
v 0.34553859 -0.16859338 -0.04628753
v 0.33124965 0.18666357 -0.04746028
v 0.31965029 -0.06985535 -0.04885693
v 0.30684271 0.09898446 -0.04863273
v 0.30889133 0.06868210 -0.04835385
v 0.31331816 0.12050846 -0.04632761
v 0.29787001 -0.05430875 -0.04752690
v 0.30850467 -0.14863898 -0.04111454
v 0.30426106 0.11035182 -0.04736720
v 0.29985651 0.08065297 -0.04880898
v 0.29505384 0.09060549 -0.04663415
v 0.29562613 0.10936012 -0.04607190
v 0.30118969 0.13480292 -0.04620036
v 0.28809655 0.09298377 -0.04689135
v 0.28465512 0.09762543 -0.04520052
v 0.28482556 0.21507759 -0.04668541
v 0.26919731 -0.03106530 -0.04706841
v 0.27440774 0.01580192 -0.05323728
v 0.26772559 -0.01502899 -0.05052748
v 0.27445340 -0.24960111 -0.04839403
v 0.26499066 -0.09278446 -0.04352489
v 0.26818988 0.06114845 -0.04739524
v 0.26361609 -0.23890580 -0.04227913
v 0.26467294 -0.00100860 -0.03590268
v 0.26894507 0.17402971 -0.04302638
v 0.25877613 -0.23252425 -0.04705948
v 0.26010001 -0.02517874 -0.04963640
v 0.26256594 0.04450819 -0.04131038
v 0.25605276 -0.05826757 -0.04268855
v 0.25287145 0.19373426 -0.04546039
v 0.24426264 -0.09208836 -0.04363574
v 0.24400064 0.19828409 -0.04865556
v 0.23587233 0.19123113 -0.04818686
v 0.22970791 0.19820113 -0.04591133
v 0.25029671 0.22069569 -0.04704334
v 0.23182362 -0.08404846 -0.04434088
v 0.17542627 0.18606347 -0.04738613
v 0.17030703 -0.08433563 -0.04625912
v 0.15953133 0.18354362 -0.04541034
v 0.13750064 0.18240307 -0.04351363
v 0.13942152 0.19976187 -0.04256507
v 0.11336581 -0.02871060 -0.04826393
v 0.09333794 0.17995618 -0.04370365
v 0.04401664 0.15449820 -0.05397986
v 0.04165744 -0.04766548 -0.04415596
v 0.04334377 -0.04050125 -0.04950636
v 0.02284596 -0.04709316 -0.04474305
v -0.00455473 -0.04889005 -0.04559064
v 0.00814079 0.17484465 -0.04236592
v 0.00934700 -0.06052380 -0.04237768
v -0.03584403 0.17193975 -0.04664812
v -0.12047247 0.19375603 -0.05363681
v -0.13575564 0.21013863 -0.04529425
v -0.13731939 0.22102840 -0.04394741
v -0.15494502 -0.01514523 -0.04306754
v -0.20058651 0.22906516 -0.04519832
v -0.20113184 0.01568503 -0.05780280
v -0.22884455 0.22020203 -0.04310082
v -0.23126914 -0.28753006 -0.04796197
v -0.23178108 0.00406247 -0.04784840
v -0.23628011 0.21617164 -0.04777865
v -0.23263057 0.22583222 -0.04609393
v -0.23792629 -0.27702120 -0.04941345
v -0.24746597 -0.03010315 -0.04721446
v -0.26761487 -0.24130772 -0.04739008
v -0.27574980 -0.23621356 -0.04910433
v -0.26820669 -0.24389115 -0.04195469
v -0.27851218 -0.04263435 -0.04751149
v -0.28362304 -0.19133930 -0.04869792
v -0.28958577 -0.04887463 -0.04194373
v -0.28987193 -0.17751844 -0.04811400
v -0.29320094 -0.27606106 -0.05014834
v -0.29355934 -0.12548155 -0.04597420
v -0.29339388 -0.16056170 -0.04812547
v -0.29697251 -0.26351896 -0.04291712
v -0.29651824 -0.23113368 -0.04522392
v -0.30122548 -0.22921675 -0.04202645
v -0.30356824 -0.07221203 -0.04526551
v -0.31149787 -0.06444176 -0.03847967
v -0.31913903 -0.26207450 -0.04949974
v -0.31986669 -0.13708882 -0.04524488
v -0.32729793 -0.14920689 -0.04218335
v -0.32392815 -0.14308400 -0.04551080
v -0.31799293 -0.09582678 -0.04540332
v -0.33217555 -0.24004355 -0.04591773
v -0.33003339 -0.15664496 -0.04283066
v -0.33701706 -0.12685235 -0.04579463
v -0.33451641 -0.22127800 -0.04793894
v -0.33629084 -0.16300650 -0.04529764
v -0.32828942 -0.09885177 -0.04502956
v -0.34285802 0.17948908 -0.04165021
v -0.33669248 0.20176931 -0.03232370
v -0.34052035 -0.13788992 -0.04569007
v -0.34377119 -0.15542854 -0.04794407
v -0.34213898 -0.07772759 -0.04258620
v -0.34290928 -0.04586543 -0.04817510
v -0.34257388 -0.02262188 -0.04766587
v -0.34588164 0.00509208 -0.04283236
v -0.35802135 0.03112969 -0.04310231
v -0.36887103 -0.15471868 -0.04712018
v -0.37359405 0.06478509 -0.04530982
v -0.37594187 0.13697717 -0.04353880
v -0.37272868 0.03462816 -0.04768575
v -0.37625474 0.06768522 -0.04313764
v -0.37636527 0.09037151 -0.04356917
v -0.36492321 0.17340069 -0.04569140
v -0.38601065 0.13541219 -0.04222600
v -0.39091304 0.12364479 -0.03561373
v 0.42497668 0.28317153 -0.04688571
v 0.41781607 0.26506928 -0.04653728
v 0.41943306 0.27735090 -0.05196602
v 0.42152831 0.28564996 -0.05107559
v 0.40785420 0.27163926 -0.04933811
v 0.39564389 0.25447583 -0.04267975
v 0.37505823 -0.11182666 -0.05195138
v 0.36579719 -0.09562831 -0.04935231
v 0.35956013 -0.09235517 -0.04300269
v 0.35281506 -0.16078992 -0.05113929
v 0.32854158 0.14393012 -0.04875743
v 0.31111750 0.10200994 -0.05082747
v 0.31160110 -0.23359968 -0.04574757
v 0.31053767 -0.12442300 -0.05436739
v 0.31421164 0.05833277 -0.04648606
v 0.31358615 0.06702191 -0.04826443
v 0.30455324 -0.26643148 -0.05012544
v 0.30561009 -0.12216171 -0.04870170
v 0.29304531 -0.12161937 -0.05180589
v 0.29198173 -0.16474767 -0.04637760
v 0.28794530 0.08635689 -0.04866176
v 0.28774044 -0.18158893 -0.04838318
v 0.28079468 0.09487523 -0.04853240
v 0.28022885 -0.19659367 -0.04747372
v 0.27989405 -0.09074138 -0.04961079
v 0.28051719 -0.08061981 -0.05164722
v 0.27974987 0.17487316 -0.05109750
v 0.27277473 -0.09123111 -0.04641942
v 0.26691893 0.07487570 -0.04997228
v 0.26844957 -0.11796144 -0.04733516
v 0.26037550 -0.09473848 -0.05204893
v 0.25918376 -0.00151450 -0.04900490
v 0.24877261 0.07745577 -0.04898408
v 0.24931484 0.10497163 -0.04892120
v 0.24541791 0.13842969 -0.05119062
v 0.24663855 0.14966497 -0.05071463
v 0.24585895 -0.11119292 -0.04502089
v 0.23528801 0.10040823 -0.05121139
v 0.21015859 0.20883171 -0.04827094
v 0.23375686 0.17360371 -0.05037239
v 0.22103329 -0.08067291 -0.04178868
v 0.21292433 -0.10026249 -0.04630003
v 0.20846675 0.18407556 -0.04891399
v 0.19257911 -0.07962396 -0.03663080
v 0.18269411 0.20244642 -0.04821071
v 0.12864006 0.16091318 -0.05243939
v 0.14260021 -0.04792871 -0.05893867
v 0.12274095 0.16321126 -0.05690672
v 0.11282600 -0.03807811 -0.05395770
v 0.08111692 0.15675335 -0.05127026
v 0.08404597 -0.02622463 -0.04936041
v 0.05652925 -0.04881182 -0.04914721
v 0.03310164 -0.03331929 -0.06061406
v -0.02512439 -0.05857333 -0.04853502
v -0.03741612 0.17756228 -0.04958361
v -0.04692036 -0.05696512 -0.05002230
v -0.05250232 -0.04482708 -0.05282076
v -0.06142179 0.17439544 -0.05158009
v -0.12917925 -0.03688701 -0.05267328
v -0.13684821 0.19907901 -0.05704449
v -0.13398902 0.21582441 -0.05515037
v -0.13962832 -0.01409871 -0.06149552
v -0.15756898 0.20633562 -0.05204410
v -0.17022350 0.22843537 -0.04851462
v -0.20100001 0.22755021 -0.05065426
v -0.19977918 0.00605823 -0.05315407
v -0.21701825 0.01331831 -0.05384156
v -0.23195371 0.02362386 -0.04007250
v -0.23256540 -0.28032914 -0.04834338
v -0.24134389 0.01521431 -0.04519312
v -0.25742874 -0.00083844 -0.04172626
v -0.26025647 0.21174978 -0.04896048
v -0.26712322 -0.22300790 -0.04756965
v -0.26938048 -0.22978374 -0.05902422
v -0.27007762 -0.07232262 -0.05084661
v -0.26761556 -0.02897237 -0.04711685
v -0.25268656 0.22146381 -0.05203756
v -0.28635347 -0.23056374 -0.04705434
v -0.29175130 -0.12935477 -0.05146438
v -0.29714981 -0.29106253 -0.04542173
v -0.29421657 -0.14392664 -0.04790708
v -0.29336372 -0.06400763 -0.04758982
v -0.29901546 -0.25109866 -0.05495808
v -0.30279675 -0.23765562 -0.04591237
v -0.29894832 -0.09173201 -0.04848428
v -0.29876307 -0.06998979 -0.04749143
v -0.29577887 0.20497198 -0.04379998
v -0.30287462 -0.24716941 -0.04675946
v -0.30806988 -0.09378099 -0.04839528
v -0.30406412 0.19749315 -0.05335041
v -0.31516519 -0.19010143 -0.04730862
v -0.31391919 -0.17504805 -0.04916741
v -0.31394598 -0.10057760 -0.04847764
v -0.31784913 -0.11495817 -0.04606163
v -0.31745750 -0.20038345 -0.04526164
v -0.32504344 -0.19242494 -0.04683151
v -0.32099599 -0.17878988 -0.04592528
v -0.32318425 -0.14500751 -0.05192050
v -0.32753465 0.18758455 -0.04697010
v -0.33037788 -0.17509264 -0.05215467
v -0.32763657 -0.17284513 -0.05069882
v -0.34044051 -0.17009519 -0.04844981
v -0.32579333 -0.11797498 -0.04513155
v -0.33807170 -0.10983659 -0.04631607
v -0.33718213 -0.08658937 -0.04549877
v -0.34341285 -0.16761160 -0.04997385
v -0.34109628 -0.16053039 -0.04646898
v -0.34205249 -0.12661789 -0.04855346
v -0.34211648 -0.11044738 -0.04856181
v -0.34194857 -0.08370790 -0.04806674
v -0.34428921 -0.05273765 -0.05750344
v -0.34952727 0.03223813 -0.05562227
v -0.35882866 0.03630451 -0.04563913
v -0.34937209 -0.19232568 -0.04707485
v -0.36082846 0.05283563 -0.04706904
v -0.36156327 -0.17239201 -0.04553898
v -0.36646220 0.06609255 -0.05119614
v -0.37318215 -0.13882692 -0.05171808
v -0.37833121 0.04930817 -0.04782394
v 0.40915328 0.26791558 -0.05081360
v 0.37574244 -0.12048469 -0.04900808
v 0.36946908 -0.13576986 -0.05243412
v 0.32925570 -0.07926051 -0.05643345
v 0.33644539 -0.18742573 -0.05147456
v 0.32220390 -0.21067110 -0.05012462
v 0.30872765 -0.06662078 -0.05451721
v 0.30849484 -0.24266897 -0.06018975
v 0.31723076 0.17452474 -0.05004727
v 0.30490506 -0.25478202 -0.06867966
v 0.29441908 -0.05402822 -0.05323940
v 0.29994562 0.08150394 -0.05122559
v 0.30239397 -0.15215901 -0.05218421
v 0.29793802 0.10483856 -0.05163316
v 0.31172863 0.14429712 -0.05156341
v 0.29773661 -0.12104011 -0.05553677
v 0.29024243 -0.16659802 -0.05937432
v 0.28162864 0.11239795 -0.05069844
v 0.28288165 0.14004792 -0.05178555
v 0.25189835 0.11809097 -0.05726109
v 0.27069524 -0.07556165 -0.05095335
v 0.26528528 -0.06584711 -0.05606429
v 0.26478848 0.05242294 -0.05108725
v 0.25753188 0.09803922 -0.05458366
v 0.26038274 -0.22246721 -0.04624192
v 0.26631624 0.20965582 -0.04820233
v 0.26053810 -0.06156076 -0.04843106
v 0.23880376 0.19199656 -0.05441945
v 0.24121681 -0.04334321 -0.05580879
v 0.23705405 -0.03706456 -0.05458184
v 0.23454845 -0.03079627 -0.05320917
v 0.22359286 0.09341262 -0.05451922
v 0.22050184 0.15067819 -0.05396866
v 0.20517179 0.18097407 -0.05727588
v 0.19496885 -0.07939763 -0.05715451
v 0.19056346 0.13646451 -0.05920902
v 0.18855703 -0.07739472 -0.03726331
v 0.18353073 -0.07035559 -0.05146981
v 0.19444560 0.16028269 -0.05393636
v 0.17328933 -0.06584041 -0.05088971
v 0.16910091 0.16533837 -0.05250943
v 0.15875763 -0.06277803 -0.04466264
v 0.16404210 0.17973571 -0.05465315
v 0.14477345 -0.07112117 -0.04854895
v 0.12179828 0.14810696 -0.05797263
v 0.12934951 -0.05797444 -0.05601639
v 0.07487784 0.16980469 -0.04878500
v 0.07274191 -0.02948203 -0.04897029
v 0.06382054 -0.03111200 -0.05185495
v 0.03238787 -0.05265141 -0.05296415
v 0.00538725 -0.04383120 -0.05261196
v 0.01009323 0.16991282 -0.05136496
v -0.01913199 0.16393574 -0.05401460
v -0.07566785 -0.05382504 -0.04791974
v -0.08907407 0.18092668 -0.04975206
v -0.13738637 0.20641631 -0.05496872
v -0.22911499 -0.29445595 -0.05550742
v -0.24448425 0.00196163 -0.05050901
v -0.24645321 -0.26596272 -0.05239246
v -0.25122845 -0.25867876 -0.05129963
v -0.25235537 -0.01246921 -0.04756570
v -0.25769380 -0.01636218 -0.04696812
v -0.25129023 -0.26528135 -0.05170052
v -0.25264621 -0.04417036 -0.05176602
v -0.26256517 -0.24814115 -0.05052189
v -0.27260971 -0.24383458 -0.05582968
v -0.27970544 -0.23530357 -0.05380876
v -0.29103228 -0.23597397 -0.05502659
v -0.28282151 -0.06096151 -0.04930512
v -0.29328758 -0.29129910 -0.05586488
v -0.29679924 -0.15714070 -0.05543028
v -0.28633407 0.21424183 -0.05106327
v -0.30824921 -0.26227477 -0.04692112
v -0.31503874 -0.26052359 -0.05548526
v -0.31142721 -0.17811890 -0.05666403
v -0.31344596 -0.13631415 -0.04895259
v -0.31220797 -0.10132883 -0.05271614
v -0.32812020 -0.20083575 -0.05028756
v -0.32866961 -0.16251081 -0.04930520
v -0.32916918 -0.19005708 -0.05302839
v -0.33532929 -0.02185612 -0.05880667
v -0.34486428 -0.16579928 -0.05576564
v -0.34399578 -0.13754229 -0.05284795
v -0.34376660 -0.01129031 -0.06031084
v -0.34433776 0.00324149 -0.05751015
v -0.34836432 0.02024540 -0.04680308
v -0.35789838 0.13795267 -0.06153412
v -0.35490602 0.17518914 -0.05751686
v -0.36195242 -0.04377826 -0.05013458
v -0.36253992 -0.01401312 -0.05626511
v -0.36478421 -0.06885498 -0.04835315
v -0.36754745 0.02167982 -0.05471835
v -0.37202650 -0.10754628 -0.04843733
v -0.38032061 0.10211615 -0.06321746
v 0.35874930 -0.08935742 -0.04990423
v 0.34826678 -0.16737999 -0.06128969
v 0.29533631 -0.28675330 -0.05850185
v 0.29929551 -0.28465742 -0.04980750
v 0.28211662 -0.25859097 -0.05738989
v 0.28747514 -0.18372366 -0.05867225
v 0.27615699 -0.04051296 -0.05519376
v 0.27949223 -0.09239592 -0.05508127
v 0.28241190 -0.08572017 -0.05575005
v 0.27538875 -0.19976571 -0.05838310
v 0.27539879 -0.09491754 -0.05581297
v 0.26799852 -0.24157113 -0.05903154
v 0.25072494 -0.09474952 -0.05710851
v 0.25853205 -0.23147474 -0.05652288
v 0.25417066 -0.06055594 -0.05871907
v 0.24948120 0.15340774 -0.05775857
v 0.25132892 0.05665172 -0.05190356
v 0.24357279 0.06949583 -0.06035402
v 0.24878941 -0.00010924 -0.06254556
v 0.23912887 -0.09515895 -0.05351385
v 0.23348218 0.08793846 -0.06030891
v 0.23383571 -0.08996667 -0.05109099
v 0.23119925 0.07319127 -0.05763114
v 0.24578276 -0.11084849 -0.06184945
v 0.23344751 -0.02475003 -0.05549617
v 0.22392549 -0.08112065 -0.05399948
v 0.21498884 -0.07952864 -0.05809201
v 0.20673551 0.09845846 -0.06076337
v 0.20553528 0.12305274 -0.05818718
v 0.18549655 -0.06884400 -0.06020668
v 0.17550695 0.17730710 -0.05597928
v 0.16188881 -0.07911599 -0.06511664
v 0.15288977 -0.05230633 -0.05993904
v 0.15439525 0.15458016 -0.05732384
v 0.13548361 -0.03760456 -0.06240994
v 0.10808390 -0.03265909 -0.05607513
v 0.09616318 -0.01852211 -0.05643057
v 0.09684338 -0.02397921 -0.06310205
v 0.08873224 0.14643256 -0.05888463
v 0.06380305 -0.02652481 -0.05864639
v 0.05674857 0.16510689 -0.05175947
v 0.05272672 -0.03338011 -0.05629368
v 0.01734086 0.15292729 -0.05995879
v 0.00488849 0.15911356 -0.05506432
v -0.00576488 -0.04823514 -0.05748032
v -0.04300641 -0.05190328 -0.06370067
v -0.10114773 -0.04277504 -0.06408264
v -0.11621384 0.18125527 -0.05682774
v -0.12159681 -0.02914027 -0.04811425
v -0.13497989 0.21922959 -0.05592732
v -0.14805949 0.22585301 -0.05224481
v -0.15489198 -0.02472829 -0.04709534
v -0.18913937 0.01390230 -0.06135781
v -0.18704772 0.21173553 -0.05882385
v -0.22690059 0.00068444 -0.05673698
v -0.25826541 -0.06249766 -0.06458855
v -0.26305372 -0.03594235 -0.05972999
v -0.28127328 -0.20863342 -0.05891319
v -0.28329852 -0.10392760 -0.05468095
v -0.27941367 -0.05261024 -0.05487274
v -0.28490075 -0.24489638 -0.06013806
v -0.29830781 -0.26686326 -0.05575848
v -0.29676279 -0.24327692 -0.05587944
v -0.29421034 -0.06507959 -0.05977582
v -0.29628479 -0.08853893 -0.05493149
v -0.29591674 -0.06906743 -0.05448014
v -0.30735353 -0.09586291 -0.05289692
v -0.30833909 -0.09482736 -0.05910823
v -0.31264246 -0.19931090 -0.05241010
v -0.31300744 0.20488667 -0.05187054
v -0.31158999 -0.13544057 -0.05769068
v -0.32140464 0.18034658 -0.06324822
v -0.31792867 -0.17204708 -0.05525301
v -0.32098830 -0.20508268 -0.05522704
v -0.32162157 -0.14150536 -0.06035331
v -0.32251790 -0.24949233 -0.06053741
v -0.32475474 -0.17109144 -0.05539976
v -0.32730079 -0.15488368 -0.05354135
v -0.32603562 -0.25937760 -0.05359932
v -0.33415872 0.17939800 -0.05206307
v -0.33773088 0.16423222 -0.06379917
v -0.33187559 -0.21723460 -0.05850513
v -0.34188697 -0.17168212 -0.05496537
v -0.34400892 -0.14475547 -0.05700871
v -0.34413281 -0.09420083 -0.05709366
v -0.34487474 0.02612303 -0.06091722
v -0.36772802 0.14542967 -0.04657494
v -0.35887918 -0.04486465 -0.05910815
v -0.36232629 -0.07301503 -0.05931085
v -0.37269720 -0.11787065 -0.05333808
v -0.37425372 0.15675290 -0.05013841
v 0.36946818 -0.11832534 -0.06224073
v 0.35747886 -0.14818539 -0.06091015
v 0.30881339 -0.14042085 -0.05356809
v 0.29019225 -0.28099567 -0.06365602
v 0.27927229 -0.04817269 -0.06242907
v 0.28040892 -0.08825105 -0.06152818
v 0.27394930 -0.24977534 -0.06467368
v 0.27586427 -0.09229904 -0.06149678
v 0.27796698 -0.08160017 -0.06265093
v 0.26909822 -0.07790133 -0.06042479
v 0.26319081 -0.24263076 -0.06595642
v 0.27614513 -0.08803030 -0.06379804
v 0.26095301 -0.08325809 -0.06349409
v 0.26305103 -0.06738993 -0.06205615
v 0.26300418 -0.06442341 -0.06102655
v 0.26539785 -0.00695246 -0.06317266
v 0.25981334 -0.21985121 -0.05959710
v 0.25426292 -0.06602951 -0.06252082
v 0.25174925 0.04320163 -0.06099980
v 0.24038517 -0.08794459 -0.06362244
v 0.24797405 -0.04844976 -0.06099818
v 0.23691329 -0.09293407 -0.06068433
v 0.24811341 0.07343414 -0.05687479
v 0.23719600 -0.07787444 -0.06356554
v 0.23353219 -0.08258745 -0.06052360
v 0.23125076 -0.03476591 -0.06285523
v 0.22999419 -0.02958217 -0.05976816
v 0.21272548 0.08584896 -0.06371035
v 0.21408737 -0.09965099 -0.06388886
v 0.18997031 -0.07754681 -0.06068247
v 0.19416808 -0.07524747 -0.06289094
v 0.18383767 -0.08917842 -0.06206150
v 0.18226504 0.11729483 -0.06433143
v 0.17985909 0.14932805 -0.06365541
v 0.15857612 -0.06200735 -0.06039627
v 0.14684892 -0.04453556 -0.06421622
v 0.14311326 -0.06880938 -0.06495266
v 0.14873546 -0.05151237 -0.05686132
v 0.14047594 0.13951924 -0.06199355
v 0.12415154 -0.03123711 -0.05657525
v 0.12421222 -0.02444770 -0.06532810
v 0.11380988 -0.01475321 -0.06517024
v 0.10522304 -0.01400250 -0.06281922
v 0.07648914 0.14344402 -0.06800503
v 0.07694106 -0.01497034 -0.06271290
v 0.05510725 -0.03329420 -0.06874274
v 0.06428507 -0.01607596 -0.06739871
v 0.05920149 -0.03035738 -0.06139437
v 0.05040473 0.14204338 -0.06345414
v 0.03117731 0.16507141 -0.05396478
v -0.00412158 -0.04618714 -0.06124303
v -0.01305820 0.15386255 -0.06824088
v -0.04284370 -0.04128851 -0.06591541
v -0.04180919 -0.04796682 -0.05879002
v -0.07668282 0.17541409 -0.06640097
v -0.06764969 0.17124042 -0.06143568
v -0.10342615 0.18513435 -0.05928778
v -0.15363301 -0.00627481 -0.05790711
v -0.14868429 0.19559699 -0.05616585
v -0.15922651 0.20285788 -0.06308636
v -0.17220433 0.00275574 -0.05922469
v -0.16961712 0.20938712 -0.05672444
v -0.19759701 0.20747845 -0.06602561
v -0.21760467 0.20074549 -0.07353393
v -0.22325316 0.00259626 -0.06311981
v -0.22320713 0.21336560 -0.05687430
v -0.23535156 -0.28416836 -0.06075318
v -0.24075237 -0.28090006 -0.06230844
v -0.24238688 -0.01399072 -0.06146448
v -0.25277549 -0.02494729 -0.06062024
v -0.25871068 -0.26116386 -0.06474698
v -0.26413760 -0.25644845 -0.06054298
v -0.27443570 -0.08703105 -0.05843048
v -0.27667326 0.20483583 -0.05933329
v -0.27434567 -0.04864628 -0.06442026
v -0.28127483 -0.06066154 -0.05783373
v -0.28613266 -0.25885057 -0.06113980
v -0.29628000 -0.28813776 -0.05519842
v -0.29445446 -0.27557024 -0.05862814
v -0.29395667 -0.17944440 -0.05695690
v -0.29853752 -0.09161214 -0.06133305
v -0.29804215 -0.06861858 -0.06068543
v -0.30710295 -0.25524604 -0.05813199
v -0.30234155 -0.07635927 -0.06320053
v -0.30608726 0.18719968 -0.06786588
v -0.31204462 -0.10054629 -0.05744743
v -0.30937421 -0.08848612 -0.06338283
v -0.31379646 -0.17522398 -0.06139548
v -0.31349313 -0.13552518 -0.06168213
v -0.31422222 -0.09841806 -0.06119458
v -0.31237704 -0.09235010 -0.06229626
v -0.31444559 -0.20105359 -0.06098504
v -0.31888467 -0.17563905 -0.06294851
v -0.31434879 -0.14041194 -0.05270316
v -0.31614363 -0.13921182 -0.06108690
v -0.31769064 -0.13548283 -0.06389068
v -0.31838945 -0.09583083 -0.06351478
v -0.31905577 -0.19835477 -0.06398427
v -0.32517296 -0.17921823 -0.06318044
v -0.32488620 -0.22488585 -0.06243720
v -0.32757723 -0.20178567 -0.06028067
v -0.32991248 -0.16843106 -0.06154192
v -0.32728541 -0.14645942 -0.05961392
v -0.33333910 -0.03882335 -0.05830660
v -0.33032429 -0.23844272 -0.05505925
v -0.33302459 -0.14192693 -0.06338792
v -0.33810180 -0.13755915 -0.06364620
v -0.33026874 -0.17359982 -0.05922522
v -0.32562470 -0.04728536 -0.06272656
v -0.33901015 0.19336034 -0.05007060
v -0.33862689 -0.16709422 -0.06359662
v -0.33854291 -0.10538720 -0.06354412
v -0.33870715 -0.05293212 -0.06350665
v -0.33548099 -0.04578229 -0.05985893
v -0.33994320 -0.01084298 -0.06325457
v -0.34166577 -0.16979013 -0.06198571
v -0.34237540 -0.15526319 -0.06151106
v -0.34234816 -0.11398718 -0.06138788
v -0.34269279 -0.05081800 -0.06133969
v -0.34968904 0.05065905 -0.06054562
v -0.36247489 0.07734461 -0.05798699
v -0.36278731 0.11062284 -0.06138433
v -0.35951912 -0.17070429 -0.05809867
v -0.36754656 -0.11065947 -0.06227821
v -0.36779717 -0.15178594 -0.05862539
v 0.34823683 -0.16148704 -0.06467398
v 0.36142364 -0.09902602 -0.06118978
v 0.32467100 -0.08409079 -0.06132226
v 0.32511574 -0.09653843 -0.06649306
v 0.31333792 -0.22621673 -0.06407385
v 0.32787994 -0.20010942 -0.06233197
v 0.30941045 -0.23068330 -0.06955658
v 0.30163080 -0.06827806 -0.06159493
v 0.30182791 -0.11839226 -0.06104298
v 0.28703201 -0.19161449 -0.06557506
v 0.28481892 -0.26308489 -0.07680749
v 0.26759619 -0.11707519 -0.06026591
v 0.26429528 -0.03515067 -0.06115725
v 0.26580349 0.03495685 -0.06477647
v 0.24638924 0.03388310 -0.06907623
v 0.24726695 -0.06483919 -0.06394488
v 0.24085993 -0.05565576 -0.06475500
v 0.23581159 -0.04746144 -0.06328220
v 0.22998029 0.05777396 -0.07035535
v 0.23302478 0.08018520 -0.06225001
v 0.21140632 0.10961111 -0.06541216
v 0.22646947 0.14504223 -0.06221543
v 0.21574555 -0.06767059 -0.06481758
v 0.22357307 -0.05106656 -0.06582434
v 0.19273415 0.12394921 -0.06783388
v 0.21500614 0.09697493 -0.06633839
v 0.21716093 -0.03385893 -0.06421697
v 0.19483379 -0.04404084 -0.06743227
v 0.20576164 0.15054440 -0.06404246
v 0.19526091 -0.06411248 -0.06542927
v 0.18354850 -0.05091402 -0.06689328
v 0.17689691 -0.06261744 -0.06234243
v 0.16340800 -0.04915855 -0.06597110
v 0.15738904 0.15416467 -0.06370744
v 0.16083503 0.12507756 -0.06422309
v 0.12123229 -0.04647894 -0.06458209
v 0.10558937 0.12594254 -0.06915351
v 0.10929085 -0.02025309 -0.07264555
v 0.08356462 0.13690303 -0.06489259
v 0.10451347 0.15164150 -0.06207099
v 0.05665464 -0.02447656 -0.06526090
v 0.05430439 -0.01850865 -0.07137775
v -0.02406538 -0.04038299 -0.06809645
v -0.01979651 0.14974645 -0.07466047
v -0.04504954 0.16567466 -0.05995424
v -0.03005094 0.16641067 -0.06629644
v -0.10335038 0.17042962 -0.06627133
v -0.09395248 -0.03117134 -0.06914479
v -0.10531046 -0.03177114 -0.05942576
v -0.12944777 -0.03197822 -0.06663931
v -0.13410018 0.18738621 -0.05536884
v -0.13385741 0.21186057 -0.06775831
v -0.14079997 0.19776101 -0.06497584
v -0.14055789 0.18071011 -0.06278390
v -0.16065367 -0.00272369 -0.06010780
v -0.16777645 0.20406021 -0.06972278
v -0.17688793 0.20434248 -0.07540921
v -0.19472595 0.01938146 -0.06894154
v -0.21443765 0.01380986 -0.06188253
v -0.21465971 0.02368232 -0.05935157
v -0.21556962 0.02284848 -0.06974802
v -0.22291631 0.02153027 -0.05205288
v -0.23191246 0.00981058 -0.06222560
v -0.23558785 -0.00167782 -0.06275888
v -0.24951231 0.21670859 -0.06582939
v -0.25506297 0.20608507 -0.06437802
v -0.26719204 -0.04446891 -0.06519204
v -0.27465415 -0.25549474 -0.06149324
v -0.28921339 -0.26686236 -0.05899868
v -0.28280526 -0.23196189 -0.06630487
v -0.29158470 -0.28955922 -0.06105177
v -0.28950286 -0.05840475 -0.06369216
v -0.29236278 -0.25897533 -0.06606824
v -0.29804727 -0.18566458 -0.06180871
v -0.29971212 -0.05389980 -0.06540973
v -0.30899441 -0.24765812 -0.06299231
v -0.30672267 -0.15706271 -0.06452329
v -0.30235794 -0.06792595 -0.06320285
v -0.32428181 -0.05795482 -0.06314778
v -0.32793525 -0.02136225 -0.06316249
v -0.33606300 0.18833156 -0.06196988
v -0.32337898 -0.21183962 -0.06440357
v -0.32961676 -0.00363804 -0.06729046
v -0.34764597 0.15005960 -0.06354647
v -0.34150574 -0.19642965 -0.06043068
v -0.35883421 0.09662855 -0.06538672
v -0.35748196 -0.07533598 -0.06587838
v -0.35727414 0.06400634 -0.06281698
v -0.36120233 -0.00484558 -0.06116960
v -0.36878774 -0.13252342 -0.06311338
v -0.36654237 0.02840717 -0.05916806
v -0.37250632 0.05781285 -0.06176898
v -0.38102198 0.11397628 -0.06177427
v 0.35521576 -0.13695450 -0.06693273
v 0.35726312 -0.11351508 -0.06804583
v 0.33828679 -0.18461460 -0.06351037
v 0.34554020 -0.10254718 -0.06777197
v 0.32986555 -0.13683990 -0.07021002
v 0.33175063 -0.12520534 -0.06984562
v 0.32299042 -0.10834681 -0.06747869
v 0.31878003 -0.11883614 -0.06470969
v 0.31672341 -0.21088472 -0.06938213
v 0.31529498 -0.14236733 -0.06466991
v 0.31538612 -0.12972243 -0.06050351
v 0.30945426 -0.08363654 -0.06495478
v 0.30735022 -0.15259784 -0.06377775
v 0.30493242 -0.24204628 -0.07304722
v 0.30348694 -0.08834162 -0.06743919
v 0.29507393 -0.28335384 -0.07336195
v 0.29604661 -0.16864744 -0.06764331
v 0.29124767 -0.28154641 -0.07152940
v 0.27923965 -0.20189345 -0.06803551
v 0.27556744 -0.10931333 -0.06730466
v 0.26343521 -0.22068514 -0.07028690
v 0.26877022 0.01318051 -0.06632050
v 0.25414205 -0.10578953 -0.06909803
v 0.25467935 0.01874864 -0.06228910
v 0.23121248 -0.00246857 -0.07457787
v 0.22494788 -0.02302350 -0.06336609
v 0.20655425 -0.02328418 -0.06914203
v 0.18452780 -0.03311054 -0.06937283
v 0.18783629 0.10418449 -0.06675076
v 0.17650308 -0.08175134 -0.07118569
v 0.15855806 0.10816330 -0.07135804
v 0.13990949 0.10318863 -0.07520913
v 0.12966168 0.12588298 -0.06653281
v 0.09603732 -0.01208412 -0.07233728
v 0.06489519 -0.00693895 -0.07596435
v 0.02712472 -0.04351081 -0.06749030
v -0.00410814 -0.03751701 -0.06743041
v -0.00511011 -0.05258406 -0.06227073
v -0.04112975 -0.04173582 -0.08031102
v -0.04564478 0.15476514 -0.07341632
v -0.05903063 -0.03592196 -0.07014927
v -0.02956063 0.15996261 -0.07481242
v -0.07711947 -0.03648223 -0.06258458
v -0.13562708 -0.00396337 -0.08119345
v -0.15240431 -0.00058068 -0.07699256
v -0.13841747 0.17217158 -0.06706312
v -0.15313822 0.18088746 -0.06760312
v -0.15125972 -0.01939434 -0.06902209
v -0.16514324 0.19719240 -0.07383900
v -0.16976118 0.22275127 -0.06666232
v -0.20447613 0.01456538 -0.07180604
v -0.22766918 0.21992111 -0.06545842
v -0.21939440 0.01563177 -0.07112319
v -0.22856617 0.01351619 -0.07217469
v -0.23231402 -0.01904451 -0.06444519
v -0.24121940 -0.29490191 -0.07095986
v -0.23640828 -0.01342851 -0.06438605
v -0.24628209 -0.27922958 -0.06856378
v -0.24772562 -0.02249381 -0.06742912
v -0.25204593 -0.03031202 -0.06667808
v -0.26247406 -0.03702002 -0.06713176
v -0.26828185 -0.26345372 -0.06910084
v -0.26651764 -0.04564748 -0.07533646
v -0.27012026 0.20560220 -0.07660546
v -0.25892538 -0.28022599 -0.07250793
v -0.26234037 -0.26802224 -0.06584289
v -0.27523091 -0.25555098 -0.06850930
v -0.27838469 -0.27087852 -0.06686087
v -0.28590405 -0.27993724 -0.06731483
v -0.28333330 -0.24709505 -0.06910901
v -0.28789207 -0.28278455 -0.07058622
v -0.28552189 -0.26775789 -0.06832802
v -0.29400414 -0.23501422 -0.06887834
v -0.28846627 -0.10662910 -0.06105771
v -0.28701329 -0.05146617 -0.06815036
v -0.28893608 0.19143555 -0.07381141
v -0.29750428 -0.24634376 -0.06786768
v -0.29865453 -0.10724670 -0.06842940
v -0.29766494 -0.21151020 -0.06573939
v -0.29894722 -0.12894538 -0.06133685
v -0.30757356 -0.23518239 -0.06751470
v -0.31049106 -0.21041131 -0.06672970
v -0.30535790 -0.04395268 -0.06754515
v -0.29949304 0.20411529 -0.06426419
v -0.30740246 -0.19106884 -0.06661870
v -0.31562775 -0.17175421 -0.06948841
v -0.31687433 -0.01908789 -0.06780549
v -0.32578608 -0.18483271 -0.06909972
v -0.34183010 0.01231280 -0.06324616
v -0.33346134 0.03100779 -0.07004703
v -0.34221432 0.05576129 -0.06764179
v -0.34511697 -0.17985828 -0.06610699
v -0.35222104 -0.04045266 -0.06659580
v -0.35935396 -0.15260950 -0.06761508
v -0.35241178 -0.09519992 -0.07055511
v -0.35373634 -0.00696540 -0.06800310
v -0.34655300 0.13627276 -0.07193327
v -0.34949142 -0.06186416 -0.07014299
v -0.36246526 -0.12563655 -0.06770878
v -0.36968201 0.13913493 -0.06770446
v -0.35664973 0.15314761 -0.07381400
v -0.37339747 0.12619288 -0.06862716
v -0.37559372 0.13802433 -0.06069955
v -0.37926659 0.08180257 -0.06184817
v 0.34689370 -0.12236118 -0.07057567
v 0.34209743 -0.15176859 -0.07005914
v 0.33332413 -0.18095756 -0.06915084
v 0.32322705 -0.18044302 -0.07287523
v 0.33047396 -0.16554329 -0.07154344
v 0.32083911 -0.15299153 -0.06958478
v 0.30593997 -0.22030726 -0.07434408
v 0.31262800 -0.20253092 -0.07286233
v 0.30571637 -0.18169233 -0.07273249
v 0.29947987 -0.19560888 -0.07276745
v 0.28552860 -0.07945707 -0.07143665
v 0.29731148 -0.09909611 -0.06854026
v 0.29692757 -0.10708279 -0.06697376
v 0.28444606 -0.21712667 -0.07614492
v 0.26994738 -0.06838034 -0.07488514
v 0.26131663 -0.09957488 -0.07273136
v 0.27303413 -0.09038619 -0.07352369
v 0.25753045 -0.04462717 -0.07079545
v 0.25093666 -0.02427846 -0.06163174
v 0.25503346 0.05288693 -0.06511021
v 0.23489977 -0.03188049 -0.07083603
v 0.23386773 -0.02598043 -0.07046013
v 0.22045967 0.07611780 -0.08092414
v 0.20323536 0.10041722 -0.07090360
v 0.18065579 0.11293166 -0.07289907
v 0.15776585 0.13176242 -0.06978752
v 0.15475856 -0.02960053 -0.06998815
v 0.13896230 0.13607770 -0.06924875
v 0.14252652 -0.03093159 -0.06841449
v 0.12887584 -0.01349472 -0.07897393
v 0.13052155 -0.05759928 -0.06747011
v 0.10348193 0.11389451 -0.08211856
v 0.11850851 -0.02496671 -0.07847442
v 0.09709518 0.00439373 -0.07297827
v 0.08136363 0.00449088 -0.07643519
v 0.08489140 -0.00197257 -0.06941990
v 0.05698794 0.12162358 -0.07692103
v 0.04854072 0.12786566 -0.07474206
v 0.03790895 0.13495235 -0.07185248
v 0.01533022 -0.03038876 -0.06734072
v 0.00208638 0.14779592 -0.06973442
v -0.02130440 -0.03991636 -0.08112931
v -0.08827434 -0.03240502 -0.07368694
v -0.12547839 0.18078099 -0.06782465
v -0.12135741 -0.01775577 -0.07364681
v -0.13669522 0.20474552 -0.07445142
v -0.15239596 0.14744098 -0.08514376
v -0.14399578 0.19120552 -0.07534689
v -0.14416230 0.18614121 -0.07029255
v -0.13674648 0.21621385 -0.07095138
v -0.13792636 0.22112967 -0.06398828
v -0.15162471 0.21549831 -0.07655048
v -0.17776677 0.01227576 -0.07204048
v -0.18414086 0.01610111 -0.07611781
v -0.19638045 0.22267747 -0.06547644
v -0.21131855 0.02718782 -0.07253294
v -0.21943864 0.00956935 -0.06730897
v -0.22463703 0.01544957 -0.07531166
v -0.22849187 -0.01267678 -0.07740894
v -0.23234224 -0.01023612 -0.07212194
v -0.23235109 0.00448122 -0.06997394
v -0.23641196 -0.02990276 -0.07235663
v -0.23619093 -0.01591631 -0.07110037
v -0.25075492 0.19801338 -0.07526545
v -0.25484845 -0.29406270 -0.07662041
v -0.25204018 -0.28551686 -0.07474650
v -0.26323733 -0.05372040 -0.07745988
v -0.27658615 -0.28313747 -0.07292315
v -0.28205937 -0.08675166 -0.06739194
v -0.29113203 -0.29294360 -0.06604867
v -0.31407824 -0.13235894 -0.06947292
v -0.32757267 0.01966743 -0.07744659
v -0.32646698 0.15486889 -0.07923844
v -0.32888553 -0.15574083 -0.07260914
v -0.33129582 -0.11293922 -0.07438285
v -0.33078268 0.00338234 -0.07012891
v -0.33751330 0.14296697 -0.07687662
v -0.34366432 -0.15173367 -0.07272201
v -0.34485772 -0.10810906 -0.07347795
v -0.33387947 0.00104225 -0.08030348
v -0.35641390 0.07849842 -0.06569707
v -0.34734634 -0.14099215 -0.07276240
v -0.34020928 -0.04091023 -0.07496507
v -0.35823458 0.11808518 -0.06582532
v -0.35565400 0.03479553 -0.07121072
v -0.35660949 -0.14026970 -0.07024631
v -0.35981789 0.05069394 -0.07196018
v 0.29940307 -0.27805528 -0.07302667
v 0.29554930 -0.21010044 -0.07460904
v 0.28950027 -0.26905048 -0.07813419
v 0.25922939 -0.23321137 -0.06937996
v 0.24759778 -0.09253157 -0.07564086
v 0.25051975 -0.00754940 -0.07609833
v 0.23396143 0.00840649 -0.07822439
v 0.23190366 0.06547568 -0.08066045
v 0.22025809 -0.09184296 -0.07405992
v 0.23359179 0.04376125 -0.07773941
v 0.22199406 -0.03224397 -0.07329559
v 0.19998561 -0.03558414 -0.07822218
v 0.19910827 0.07802355 -0.07964110
v 0.18287781 0.09077727 -0.07937076
v 0.18021694 -0.02535042 -0.07279005
v 0.14460178 -0.01650555 -0.07958323
v 0.14897981 0.09122974 -0.07953484
v 0.13871260 0.11541553 -0.07803304
v 0.12756589 -0.04621210 -0.07611463
v 0.12539904 -0.00577527 -0.07941917
v 0.12456059 0.10485797 -0.07777847
v 0.11452326 0.00295934 -0.07924252
v 0.09476655 0.11320332 -0.07692781
v 0.09582357 0.01493036 -0.07898915
v 0.11548004 0.10681115 -0.07863711
v 0.07540189 0.01342694 -0.08085814
v 0.06181747 0.00023260 -0.07993165
v 0.07332220 -0.00960919 -0.08042249
v 0.05895273 -0.01326029 -0.07806255
v 0.05218233 0.13180915 -0.07905710
v 0.03441493 -0.01405482 -0.07938478
v 0.00849386 0.15384766 -0.07101543
v 0.00110324 -0.02761239 -0.07622726
v -0.09010242 -0.03043022 -0.07723864
v -0.06678949 0.15526477 -0.07814621
v -0.13080810 0.16194434 -0.07393961
v -0.14060895 0.19853829 -0.08201457
v -0.15144981 0.17678280 -0.07751633
v -0.15265176 -0.00996912 -0.08529216
v -0.17588571 0.20119476 -0.07867859
v -0.19124264 0.02549054 -0.08032110
v -0.19754598 0.20254426 -0.07804209
v -0.20317483 0.20144777 -0.07657111
v -0.19967541 0.19585922 -0.08068404
v -0.21512449 0.01780770 -0.07174260
v -0.21588808 0.03074989 -0.07994436
v -0.23642980 -0.01287558 -0.07806673
v -0.24554741 -0.01601133 -0.07584018
v -0.25140679 -0.02937494 -0.07677288
v -0.24942179 -0.02144539 -0.07628343
v -0.25543290 -0.02564480 -0.07961562
v -0.26080060 -0.03266386 -0.07547229
v -0.26519743 -0.03718416 -0.07640957
v -0.27130297 -0.04590068 -0.07733122
v -0.27101713 -0.04185026 -0.07963695
v -0.26746660 -0.02804717 -0.07956028
v -0.27850997 -0.29378083 -0.07486054
v -0.27904293 -0.28486443 -0.07567372
v -0.29291156 -0.02286842 -0.07925307
v -0.29081511 -0.04276876 -0.07967702
v -0.29320866 0.18676949 -0.07744122
v -0.29481149 -0.04324295 -0.07765339
v -0.30362999 -0.02909151 -0.07068003
v -0.29739147 -0.01519767 -0.07947627
v -0.31006813 -0.07969497 -0.07866962
v -0.30904177 -0.01222138 -0.07808097
v -0.31213370 0.00471019 -0.07961905
v -0.31135154 0.17062183 -0.07850210
v -0.31747621 -0.10979097 -0.07361582
v -0.31725907 -0.00071639 -0.07677888
v -0.32311788 0.00551164 -0.07966233
v -0.32349244 0.04393238 -0.07980196
v -0.32674661 0.00333455 -0.07713720
v -0.33611894 -0.07380570 -0.07671449
v -0.32889119 0.04651119 -0.07721034
v -0.34150544 0.13654098 -0.07823850
v 0.30028024 -0.26118821 -0.07897088
v 0.27365950 -0.25023684 -0.07825226
v 0.26674467 -0.23275410 -0.07757411
v 0.25633517 0.02090603 -0.07926781
v 0.25363293 -0.06909644 -0.07820813
v 0.24642277 0.04614081 -0.08066908
v 0.25691187 -0.08495807 -0.07636864
v 0.25022230 -0.05895917 -0.07833900
v 0.23113452 0.00398388 -0.07916027
v 0.23055290 -0.07792052 -0.07980639
v 0.20115004 -0.05595538 -0.08256838
v 0.21311752 0.06624327 -0.07844975
v 0.21420068 -0.00391351 -0.07934198
v 0.19074872 -0.02975368 -0.08249556
v 0.19533056 0.07143227 -0.08346068
v 0.17881893 0.07789651 -0.08415078
v 0.20169759 -0.07830030 -0.07940012
v 0.19516900 -0.01429483 -0.08011211
v 0.15002880 0.00203690 -0.08504276
v 0.15675651 -0.06921887 -0.07647114
v 0.13859972 -0.05549637 -0.07835028
v 0.12514782 0.09288342 -0.08028458
v 0.09272657 0.00512465 -0.08339408
v 0.07142332 0.10582861 -0.08151975
v 0.06807619 0.02517567 -0.08663805
v 0.04379145 0.11276858 -0.08301676
v 0.04187644 0.14712943 -0.06923061
v 0.00633728 0.13817787 -0.07698231
v 0.00774807 -0.03332007 -0.08276647
v -0.00656215 -0.02967872 -0.07787895
v -0.02902668 -0.02244633 -0.08610617
v -0.06475118 0.15144496 -0.08043532
v -0.08564242 0.14934020 -0.08320918
v -0.07690772 -0.04404503 -0.07258571
v -0.10112815 -0.02166588 -0.07820813
v -0.13006181 -0.02148600 -0.08656613
v -0.13916783 0.21218535 -0.07639839
v -0.15168788 0.15880215 -0.08715565
v -0.14767462 0.18772410 -0.08706367
v -0.18219401 0.18009886 -0.08619902
v -0.18680997 0.21547385 -0.07690633
v -0.21592881 0.02272341 -0.08319464
v -0.22215587 0.01161650 -0.08362763
v -0.22008865 0.01836394 -0.08354153
v -0.21890755 0.02498241 -0.08033682
v -0.22422956 0.21020579 -0.08001035
v -0.20961457 0.18255565 -0.08686606
v -0.23397852 -0.01135125 -0.08402179
v -0.23612317 0.00510912 -0.07881797
v -0.23436400 0.01430922 -0.08055816
v -0.24475725 -0.03166111 -0.07999622
v -0.24741530 0.00474958 -0.08239090
v -0.25138071 0.20764017 -0.07921845
v -0.24883391 -0.01236151 -0.07936172
v -0.25745526 -0.00613086 -0.08105744
v -0.26519528 -0.28532839 -0.07751809
v -0.27799937 0.17916188 -0.08525497
v -0.28911075 -0.08381184 -0.07350349
v -0.27487272 -0.01540413 -0.07996070
v -0.28929594 0.19766296 -0.07867192
v -0.26691130 0.00399737 -0.08323278
v -0.29257041 -0.01463473 -0.07960270
v -0.29510024 0.00874460 -0.08199096
v -0.30830231 0.02619256 -0.08106107
v -0.31569675 0.04830625 -0.08157891
v -0.31595337 0.06197494 -0.08398642
v -0.32948861 0.07136352 -0.08051051
v -0.32298860 -0.02489705 -0.08337881
v -0.34064463 0.08153275 -0.07919366
v -0.34200978 0.11178821 -0.07934902
v -0.35748875 0.13147636 -0.08143432
v -0.36387667 0.10542951 -0.08002718
v 0.29504269 -0.26097772 -0.08170082
v 0.29503077 -0.24399500 -0.08238692
v 0.28323486 -0.24968089 -0.08306256
v 0.27976957 -0.23412065 -0.08211742
v 0.25432244 0.00324242 -0.07878633
v 0.21352990 0.02258084 -0.08583795
v 0.20563021 0.03976994 -0.08749383
v 0.23092011 0.03690328 -0.08077219
v 0.21507476 -0.02234731 -0.08026063
v 0.21567109 0.00717185 -0.08204082
v 0.20135678 0.00755463 -0.08664623
v 0.20554024 -0.06549843 -0.08235666
v 0.17348136 -0.03548503 -0.08316720
v 0.17087197 0.09678970 -0.08515343
v 0.18859056 0.05829405 -0.08734572
v 0.17463855 -0.05550604 -0.08418038
v 0.15783647 0.07418279 -0.08478457
v 0.17153421 -0.07055393 -0.07968278
v 0.15332928 -0.03424062 -0.08597770
v 0.15095049 -0.04897208 -0.08422789
v 0.13977458 -0.03752165 -0.08504590
v 0.15880872 0.05923846 -0.08832249
v 0.14228991 0.05548850 -0.08859003
v 0.12133809 0.02949342 -0.08666460
v 0.13123414 0.07004675 -0.08591139
v 0.12708831 -0.02091164 -0.08568864
v 0.10992858 -0.00187373 -0.08486436
v 0.08262462 0.03361335 -0.08583815
v 0.08656316 0.08857901 -0.08559939
v 0.04669989 0.00297401 -0.08378766
v 0.01221615 0.00047990 -0.08911143
v 0.00651949 -0.01318162 -0.08408622
v 0.01245354 0.12115186 -0.08723947
v -0.00499035 0.13787255 -0.08122688
v -0.04250909 0.13735187 -0.08786274
v -0.00783323 0.15137842 -0.07842063
v -0.04474638 -0.03214064 -0.07761163
v -0.06162496 -0.04023335 -0.08139255
v -0.10967896 0.14258613 -0.08858910
v -0.12122071 -0.00061806 -0.09482953
v -0.13823861 0.20694137 -0.07929249
v -0.15529111 0.16929176 -0.08194122
v -0.16250855 0.13594854 -0.09163579
v -0.16033100 0.16876210 -0.07544656
v -0.18174434 0.01414234 -0.09150704
v -0.17649709 0.02253018 -0.08617511
v -0.18409552 0.00200466 -0.06768385
v -0.26852146 -0.04657021 -0.08352221
v -0.31460750 0.15462215 -0.08422641
v -0.31616330 -0.06159973 -0.08120220
v -0.33011886 0.17293027 -0.08121972
v -0.32593146 0.09153039 -0.08444482
v -0.33243018 0.04843726 -0.08508164
v -0.35094646 0.15549874 -0.07795063
v -0.36190554 0.08038845 -0.07895856
v -0.34658995 0.13345931 -0.08755893
v 0.24008662 0.00215082 -0.08611207
v 0.21839216 0.05773153 -0.09259051
v 0.23237126 -0.00356709 -0.08654067
v 0.21242766 0.05531055 -0.08372241
v 0.19410054 0.08738131 -0.08594165
v 0.18447390 0.00259554 -0.08611023
v 0.18196610 0.05222959 -0.09013165
v 0.16755430 -0.02904171 -0.08498019
v 0.15312046 -0.02286254 -0.08805867
v 0.13539343 0.04896745 -0.08929399
v 0.14278664 0.09089250 -0.08846635
v 0.11103815 0.09226254 -0.08994031
v 0.11455528 0.06111769 -0.08954155
v 0.09433671 0.06593941 -0.09190455
v 0.03160531 0.12107342 -0.09024381
v 0.03572515 0.09767460 -0.09142240
v 0.02030932 -0.01815013 -0.09148875
v -0.02051711 0.12300570 -0.09443472
v -0.08176090 -0.01428436 -0.09442608
v -0.08676164 -0.02427610 -0.08255482
v -0.08941098 -0.01459006 -0.09337730
v -0.08238935 0.16012815 -0.08393206
v -0.13612795 0.14395918 -0.08725425
v -0.14436166 0.13681787 -0.09124307
v -0.13838702 0.16107972 -0.08441795
v -0.14763442 0.19511414 -0.08894342
v -0.16484010 0.01153092 -0.08028556
v -0.15870938 0.16326444 -0.08729871
v -0.15190408 0.20330682 -0.08638601
v -0.16859347 0.15709370 -0.08518924
v -0.17979735 0.16172785 -0.09128084
v -0.19235970 0.16905537 -0.09454355
v -0.20589830 0.20312034 -0.08761343
v -0.20316260 0.04213706 -0.09352748
v -0.24930994 0.01223603 -0.08735470
v -0.27841598 0.19220677 -0.08670054
v -0.27772212 0.01800755 -0.09343594
v -0.29062861 -0.06623051 -0.07994903
v -0.28276587 0.01104173 -0.08579560
v -0.28824690 0.02993749 -0.09249082
v -0.30191293 0.17369010 -0.08125317
v -0.28287092 0.16489749 -0.09335808
v -0.29964674 0.19217357 -0.08031417
v -0.30156377 -0.03127660 -0.08892953
v -0.32456902 0.13443895 -0.08566800
v -0.33859882 0.06940689 -0.08756355
v 0.23801421 0.03335601 -0.08979084
v 0.20203537 0.07043650 -0.09275540
v 0.19325894 0.07229916 -0.09362762
v 0.20172474 0.02699476 -0.09335814
v 0.19850977 0.02047115 -0.09541644
v 0.19003604 0.04313561 -0.09202006
v 0.18724623 -0.00649613 -0.09451412
v 0.18605185 0.02839645 -0.09507404
v 0.17147762 0.01854674 -0.09506107
v 0.18223175 0.04193046 -0.09529019
v 0.14700058 0.04162731 -0.09518286
v 0.14633606 0.02086965 -0.09501301
v 0.13661750 0.03941254 -0.09111696
v 0.13643432 0.01546756 -0.08811540
v 0.13165303 0.07428969 -0.09394953
v 0.11167794 0.01742595 -0.09313834
v 0.11559922 0.04459284 -0.08864045
v 0.10515337 0.05502255 -0.09470224
v 0.10976411 0.04180341 -0.08892646
v 0.08267058 0.05085603 -0.09428284
v 0.08224855 0.02102159 -0.09244774
v 0.07069648 0.10597818 -0.08926446
v 0.06853303 0.06740083 -0.09318123
v 0.06184477 0.05050516 -0.09521351
v 0.06911628 0.03886982 -0.09150236
v 0.05587151 0.03430912 -0.09461604
v 0.05593955 0.05839613 -0.09545430
v 0.04195784 0.00200177 -0.09498568
v 0.05750380 0.07702292 -0.09400950
v 0.04244821 0.03637312 -0.09578019
v 0.03861228 0.07419329 -0.09600930
v 0.04291026 0.02031818 -0.09460668
v 0.03298461 0.01721169 -0.09453766
v 0.00385553 0.10959730 -0.09462359
v -0.00396909 0.13078362 -0.09370859
v -0.01464722 -0.01549698 -0.08939187
v -0.01991257 -0.01390667 -0.09364450
v -0.03187772 -0.01318240 -0.09485798
v -0.02416617 0.13959067 -0.09213795
v -0.05374618 0.15598987 -0.08376399
v -0.06227135 -0.02005411 -0.09041288
v -0.06180656 0.13084194 -0.09350348
v -0.08820448 -0.03606627 -0.08297525
v -0.10516819 0.13784178 -0.09150051
v -0.11518605 0.13588291 -0.09528863
v -0.14124030 0.12838502 -0.09519368
v -0.13553058 0.13911581 -0.09366064
v -0.13560240 0.00806011 -0.09455507
v -0.17581366 0.15160696 -0.09449505
v -0.17447165 0.14466175 -0.09431473
v -0.18900400 0.15475942 -0.09540945
v -0.19609551 0.03779997 -0.09261262
v -0.20317294 0.02678966 -0.09242277
v -0.22157650 0.04060326 -0.09137189
v -0.23082143 0.03538206 -0.09197005
v -0.25245851 0.16905922 -0.09518693
v -0.23897621 0.03333991 -0.09426665
v -0.24571085 0.02570020 -0.09211843
v -0.24846798 0.19085051 -0.09396163
v -0.24867713 -0.01706095 -0.09001665
v -0.25339302 0.01870696 -0.09387799
v -0.25392500 0.02973050 -0.09530408
v -0.25545245 0.02105848 -0.09526452
v -0.27647346 0.03577249 -0.09542748
v -0.26456600 0.01618583 -0.09319282
v -0.27327558 0.02089634 -0.09522978
v -0.27370834 0.16778764 -0.09514377
v -0.27712291 0.16945423 -0.09415895
v -0.27997726 -0.03087639 -0.08952684
v -0.28861761 0.02066511 -0.08728942
v -0.28057513 0.02885464 -0.09372611
v -0.29276666 0.03582780 -0.09499466
v -0.29235837 0.06128409 -0.09550709
v -0.29938319 0.14901677 -0.09332364
v -0.29104492 0.15420824 -0.09456341
v -0.30079654 0.03350704 -0.08596891
v -0.30526692 0.04905898 -0.08594391
v -0.29514459 0.08217998 -0.09617946
v -0.30959409 0.07102052 -0.09035392
v -0.30838379 0.08367269 -0.09510055
v -0.29890123 0.13498503 -0.09557065
v -0.30934608 0.11651177 -0.09501036
v -0.30843887 0.13681036 -0.09453361
v -0.32758629 0.10820231 -0.08416214
v -0.34380436 0.09253865 -0.09014611
v -0.35875696 0.11322864 -0.08343050
v 0.21097077 0.00090607 -0.09454039
v 0.21037121 0.03658625 -0.09904195
v 0.18025203 0.07990181 -0.09289606
v 0.12568156 0.00351909 -0.09309724
v 0.08928277 0.07011677 -0.09714677
v 0.09647553 0.03217288 -0.09557302
v 0.09484856 0.08027735 -0.09461146
v 0.02194849 0.10458162 -0.09979986
v 0.03370955 0.06169382 -0.09783877
v 0.02424713 0.03143897 -0.09734797
v 0.01226991 0.09702834 -0.09663542
v 0.01381219 0.10659136 -0.09400062
v 0.00820345 0.01581846 -0.09694209
v -0.00517559 -0.00048186 -0.09542153
v -0.02105829 -0.00702581 -0.09584864
v -0.03906845 0.12157718 -0.09717468
v -0.04822374 -0.02875470 -0.09400641
v -0.08201126 -0.02818179 -0.09368979
v -0.07430270 0.13768241 -0.09966163
v -0.09904217 0.14364725 -0.09654919
v -0.11609323 -0.01840962 -0.09687932
v -0.11313813 0.13079295 -0.09541792
v -0.12692259 0.11974724 -0.09878940
v -0.13292687 0.13385780 -0.10056544
v -0.15419866 0.01533141 -0.09404258
v -0.15182158 0.02242629 -0.10066360
v -0.15264928 0.18223181 -0.09299032
v -0.16315323 0.16970043 -0.10020217
v -0.16816185 0.10791761 -0.09769321
v -0.16216689 0.15147570 -0.09475841
v -0.17846906 0.09957334 -0.10069073
v -0.16904426 0.02741244 -0.09567478
v -0.17536046 0.20311615 -0.08831700
v -0.15501250 0.18968949 -0.09452631
v -0.18830131 0.13334702 -0.09726992
v -0.21422009 0.05031975 -0.09643270
v -0.21046369 0.15225083 -0.09764972
v -0.23239774 0.01905966 -0.09715783
v -0.23639873 0.04767214 -0.09669224
v -0.24772924 0.03762803 -0.09540847
v -0.25248188 0.00118375 -0.09636122
v -0.27294990 0.01019438 -0.09861560
v -0.25620604 0.15210356 -0.09828155
v -0.29414344 0.10500073 -0.09720661
v -0.29627258 -0.00429040 -0.09431925
v -0.30071545 0.01334137 -0.09502784
v -0.30836463 0.05347315 -0.09586019
v -0.30253750 0.17170577 -0.09368343
v -0.32465225 0.14910191 -0.09445760
v 0.20520054 0.00592797 -0.09658748
v 0.22339413 0.01648035 -0.09482041
v 0.20152493 0.02432386 -0.10007986
v 0.18531047 0.05669298 -0.09880153
v 0.17102048 0.06226984 -0.09815997
v 0.18037793 0.04333803 -0.10123537
v 0.17237648 0.00440912 -0.09848932
v 0.13876100 0.01588963 -0.09807473
v 0.14135720 0.05328345 -0.09853544
v 0.14049810 -0.00396863 -0.09430331
v 0.15496108 0.02883108 -0.10090431
v 0.12101664 0.02690619 -0.09694673
v 0.11889885 0.04130919 -0.09772769
v 0.10720120 0.04144429 -0.09730528
v 0.12319397 0.05852104 -0.09731104
v 0.08272810 0.05325812 -0.09849975
v 0.07987015 0.03418644 -0.09653408
v 0.04955345 0.02191443 -0.09960896
v 0.05856176 0.09497745 -0.09551889
v 0.01396548 0.02402949 -0.10791098
v 0.00835876 0.03438052 -0.10142186
v 0.00965299 0.06886669 -0.10298394
v -0.00339184 0.02628981 -0.10289898
v -0.03695016 -0.00090176 -0.09986800
v -0.05675729 0.00963953 -0.10708357
v -0.06727238 0.10965579 -0.10444151
v -0.08049533 -0.00000658 -0.10141487
v -0.09186680 0.12996519 -0.09486704
v -0.15020148 0.11190458 -0.09862321
v -0.16298088 0.13550542 -0.09870329
v -0.16721690 0.17681788 -0.10015159
v -0.17030512 0.15879072 -0.10278801
v -0.19057803 0.05009069 -0.10005819
v -0.22158529 0.17833824 -0.10173786
v -0.21862100 0.02939305 -0.09347553
v -0.22163005 0.03730017 -0.10086578
v -0.22845377 0.02011862 -0.09560040
v -0.23315826 0.06712001 -0.10273185
v -0.25041392 0.07218088 -0.10181645
v -0.26148385 0.05881481 -0.09722241
v -0.28167775 0.12987192 -0.09891524
v -0.25583825 0.13392437 -0.10177493
v -0.28125525 0.11034387 -0.10046225
v -0.28039217 0.09195811 -0.09992094
v -0.27984107 0.02921695 -0.10068762
v -0.29475591 0.05658182 -0.10076632
v -0.30602440 0.14707151 -0.10076424
v -0.32653561 0.09863483 -0.09738048
v -0.30545563 0.12444358 -0.10389685
v -0.32948396 0.11927748 -0.09672518
v 0.16958205 0.02621437 -0.10156722
v 0.05481691 0.05806277 -0.10287031
v 0.05406866 0.04446192 -0.10290247
v 0.06201455 0.07647409 -0.09942687
v 0.00696411 0.00453232 -0.10415498
v 0.00887618 0.04766299 -0.10295502
v -0.00129734 0.03757155 -0.10865746
v 0.00559019 -0.01899172 -0.09431564
v -0.06610181 -0.01336142 -0.10625450
v -0.05149067 0.09538419 -0.10893023
v -0.10167442 -0.00412200 -0.09625357
v -0.10660835 0.10541631 -0.10590208
v -0.15365207 0.09113965 -0.10830341
v -0.16065133 0.09283435 -0.10521156
v -0.16340570 0.03768366 -0.10603027
v -0.16671221 0.01028172 -0.09906188
v -0.17028022 0.12947504 -0.10285357
v -0.18103242 0.12337047 -0.10663088
v -0.18579961 0.18602178 -0.09791978
v -0.19269486 0.13180842 -0.10811560
v -0.21285906 0.13902307 -0.11007720
v -0.19695580 0.16803646 -0.10393478
v -0.19402945 0.09368414 -0.10427167
v -0.21329559 0.06611794 -0.10279495
v -0.21242255 0.12061765 -0.10427166
v -0.25130171 0.11063010 -0.10645499
v -0.25281343 0.16739100 -0.10441026
v -0.24452683 0.04363408 -0.10520044
v -0.26406598 0.09309917 -0.10352300
v -0.26636311 0.17900857 -0.09821811
v -0.28415647 0.05506030 -0.10317183
v -0.28769049 0.14566758 -0.10486203
v -0.28208318 0.16575007 -0.10103156
v -0.29983407 0.09371703 -0.10558506
v 0.00186692 0.06204006 -0.10628668
v -0.00484211 0.05678074 -0.11067095
v -0.00350988 0.03336660 -0.10869867
v -0.00577713 0.03722100 -0.11071877
v -0.01752027 0.06162426 -0.11043130
v -0.01926654 0.07613419 -0.10981487
v -0.01936994 0.02780761 -0.10796623
v -0.02843804 0.08036301 -0.10952216
v -0.03240876 0.01071325 -0.10443285
v -0.02919541 0.02448844 -0.10884813
v -0.03682854 0.08805382 -0.11098966
v -0.03579316 0.07373426 -0.11116053
v -0.02572398 0.09954470 -0.10450421
v -0.05204771 0.01664363 -0.10994205
v -0.03715117 0.02088343 -0.11095151
v -0.04375329 0.12275039 -0.10506712
v -0.08315307 0.02113234 -0.11100232
v -0.09510394 -0.01366000 -0.10483550
v -0.08894029 0.00971017 -0.10731748
v -0.12002155 0.02088883 -0.11099903
v -0.11980567 0.02918361 -0.11103711
v -0.10762434 0.08924100 -0.11102517
v -0.10502800 0.09519346 -0.10917193
v -0.11861644 0.01769127 -0.10991119
v -0.15006140 0.08785340 -0.11072383
v -0.13077886 0.02109176 -0.10683936
v -0.13192679 0.09503837 -0.10847137
v -0.12720068 0.02899266 -0.11004031
v -0.14500552 0.03052297 -0.10849660
v -0.14638351 0.09443403 -0.10731266
v -0.15056169 0.03657654 -0.11089251
v -0.15318762 0.03519649 -0.10987581
v -0.15993530 0.08231139 -0.10837397
v -0.14389482 -0.00261215 -0.10129499
v -0.15724310 0.04565544 -0.10965563
v -0.15537415 0.07326282 -0.11091380
v -0.17261004 0.06228552 -0.10984159
v -0.16789776 0.05192852 -0.11056389
v -0.17090105 0.07190504 -0.11111831
v -0.17234433 0.10841668 -0.10669285
v -0.19850482 0.07871820 -0.10718708
v -0.19113499 0.06189921 -0.10748126
v -0.19510576 0.03498709 -0.10509712
v -0.19979236 0.06501438 -0.10872674
v -0.19707538 0.06971040 -0.11041614
v -0.20449789 0.07456993 -0.10811783
v -0.20727216 0.10387914 -0.10970660
v -0.20895794 0.08203490 -0.11041547
v -0.22329429 0.05286983 -0.10779412
v -0.22880906 0.12085846 -0.10515928
v -0.22798906 0.15458383 -0.10807001
v -0.24487871 0.08343735 -0.11011659
v -0.24639279 0.08465188 -0.10961365
v -0.24411434 0.10349442 -0.11049734
v -0.26136124 0.05476047 -0.10610285
v -0.25438505 0.14850806 -0.10896536
v -0.28063351 0.12935139 -0.10861083
v 0.01418157 0.08751029 -0.10713013
v -0.02757201 -0.00046904 -0.10948285
v -0.00842837 0.09739581 -0.10932815
v -0.02699647 -0.01974228 -0.09936056
v -0.03985526 0.03624454 -0.11104525
v -0.06921498 0.04419899 -0.11242525
v -0.05339011 -0.00165559 -0.11170737
v -0.07333905 0.07241182 -0.11206787
v -0.08389123 0.00549169 -0.11569369
v -0.10198706 0.04690241 -0.11280750
v -0.09715557 0.11586235 -0.11035525
v -0.12880561 0.00004592 -0.10936455
v -0.10239643 0.07625931 -0.11136104
v -0.10711615 0.05660640 -0.11237075
v -0.12989162 0.03892879 -0.11136916
v -0.14294848 0.05563181 -0.11118163
v -0.11956064 0.11241406 -0.11050213
v -0.17302237 0.03051494 -0.11051957
v -0.18440066 0.04022469 -0.11031243
v -0.19622464 0.07817056 -0.11282331
v -0.18702269 0.08932865 -0.11126661
v -0.19771002 0.05533846 -0.11181013
v -0.23083940 0.06918642 -0.11177030
v -0.24935371 0.13856047 -0.11080681
v -0.25479925 0.11956689 -0.11226703
v -0.28112203 0.09527247 -0.11023884
v 0.01008714 0.06269740 -0.11180367
v -0.01520037 0.04501744 -0.11635988
v -0.02590728 0.07883979 -0.11621118
v -0.00278359 0.03659098 -0.11365540
v -0.02123474 0.06101362 -0.11745038
v -0.02693179 0.01238606 -0.11315899
v -0.04381317 0.10098697 -0.11338388
v -0.07501946 0.02157966 -0.11946350
v -0.10163472 0.08176872 -0.11903031
v -0.07441765 0.09950893 -0.11564620
v -0.12901783 0.01125030 -0.11415139
v -0.13895223 0.02130712 -0.11580841
v -0.13494068 0.09108764 -0.11565725
v -0.17882366 0.07504746 -0.11433316
v -0.20923397 0.06639090 -0.11276336
v -0.23045176 0.09545724 -0.11405659
v -0.22122934 0.11954478 -0.11277973
v -0.26284373 0.09587437 -0.11221693
v -0.04630124 0.03310506 -0.11927870
v -0.05262394 0.07608118 -0.11933972
v -0.12521595 0.03078801 -0.11961135
v -0.10853476 0.04785014 -0.12188408
v -0.15078737 0.04829929 -0.11904756
v -0.15531270 0.03376291 -0.11590858
v -0.13717227 0.06860020 -0.11942012
v -0.17052549 0.05296738 -0.11641563
v -0.07245562 0.04570825 -0.12194623
v -0.07858916 0.07724147 -0.11996739
v -0.27476749 -0.28258726 0.05669335
v -0.33853868 0.03577780 0.00215324
v -0.28431532 -0.29239622 -0.03054754
v 0.27993020 0.08716708 -0.04575735
f 2 6 8
f 6 2 1
f 1 2 3
f 3 2 4
f 1 3 11
f 2 8 4
f 4 10 3
f 10 4 5
f 12 13 6
f 6 13 14
f 12 6 15
f 15 6 7
f 6 14 8
f 14 9 8
f 7 6 1
f 18 7 1
f 8 9 5
f 18 1 11
f 5 9 34
f 5 34 20
f 11 3 23
f 3 10 23
f 5 20 10
f 26 48 12
f 26 12 15
f 13 28 14
f 89 15 16
f 15 7 16
f 28 17 14
f 29 89 16
f 16 7 18
f 9 14 17
f 17 49 9
f 9 49 32
f 16 18 31
f 31 18 11
f 31 11 19
f 33 31 19
f 34 35 20
f 19 11 22
f 10 20 21
f 20 35 21
f 23 10 21
f 22 11 23
f 22 23 37
f 23 21 36
f 36 21 38
f 23 36 37
f 24 44 45
f 25 48 26
f 48 13 12
f 48 27 13
f 27 28 13
f 27 83 28
f 26 15 89
f 28 83 17
f 17 83 49
f 29 16 31
f 49 30 32
f 9 32 34
f 32 58 34
f 59 19 22
f 59 22 165
f 22 37 165
f 165 37 62
f 35 60 21
f 38 21 39
f 36 38 40
f 37 36 40
f 40 38 63
f 38 39 63
f 64 61 41
f 63 64 66
f 65 63 66
f 66 64 69
f 64 41 67
f 64 67 69
f 72 73 42
f 71 43 197
f 71 42 43
f 73 44 42
f 73 199 44
f 47 44 75
f 74 24 141
f 24 46 141
f 24 45 46
f 46 45 76
f 45 47 76
f 46 76 144
f 149 78 48
f 77 48 25
f 48 78 27
f 78 210 27
f 79 26 89
f 29 31 155
f 31 33 155
f 32 30 58
f 33 19 59
f 34 58 35
f 35 162 60
f 60 162 121
f 37 40 62
f 39 61 64
f 62 40 65
f 40 63 65
f 61 171 41
f 41 171 175
f 175 128 41
f 182 65 66
f 41 128 67
f 67 128 177
f 66 69 137
f 177 134 67
f 67 134 68
f 67 68 69
f 69 68 70
f 69 70 193
f 71 72 42
f 72 196 73
f 197 43 139
f 139 43 74
f 44 199 75
f 140 139 74
f 140 74 141
f 141 46 142
f 142 46 144
f 47 75 143
f 76 47 145
f 47 143 145
f 76 146 144
f 146 76 145
f 145 143 148
f 149 148 78
f 79 25 26
f 27 210 83
f 269 79 89
f 90 89 29
f 83 86 49
f 277 29 155
f 33 59 155
f 217 59 218
f 57 119 55
f 58 160 35
f 59 165 218
f 35 160 162
f 60 121 39
f 62 65 180
f 128 175 176
f 176 177 128
f 182 66 185
f 185 66 137
f 134 184 190
f 185 137 189
f 68 134 190
f 68 190 192
f 70 68 138
f 68 192 138
f 137 69 193
f 193 70 194
f 70 138 194
f 72 312 239
f 239 196 72
f 240 195 197
f 196 199 73
f 197 139 200
f 200 139 203
f 203 139 140
f 75 433 143
f 142 144 208
f 143 150 148
f 146 145 147
f 145 148 149
f 145 149 147
f 209 147 25
f 147 77 25
f 77 147 149
f 148 150 78
f 209 25 79
f 78 150 210
f 436 79 269
f 212 80 151
f 82 152 268
f 269 89 90
f 83 440 86
f 102 103 156
f 277 155 445
f 217 155 59
f 163 123 164
f 165 62 226
f 39 121 61
f 121 171 61
f 224 225 176
f 226 62 180
f 224 176 175
f 176 225 177
f 126 127 178
f 225 184 177
f 65 182 180
f 229 182 185
f 181 129 136
f 229 185 186
f 186 185 189
f 189 137 191
f 191 137 308
f 192 190 234
f 193 236 235
f 194 138 237
f 138 192 237
f 193 194 236
f 236 194 237
f 238 312 195
f 195 312 72
f 311 195 240
f 253 140 141
f 199 201 75
f 141 142 253
f 347 253 142
f 75 201 433
f 142 208 347
f 208 144 146
f 146 147 209
f 150 263 210
f 212 151 262
f 151 268 266
f 268 152 153
f 90 29 277
f 153 99 213
f 213 214 276
f 445 155 509
f 30 104 281
f 155 217 509
f 162 160 222
f 218 165 284
f 162 222 121
f 165 226 284
f 169 170 227
f 171 222 289
f 288 374 225
f 225 374 291
f 288 225 224
f 175 289 224
f 289 373 224
f 184 225 291
f 179 181 293
f 184 291 524
f 180 182 229
f 184 402 190
f 231 186 232
f 186 189 232
f 232 189 191
f 137 193 308
f 308 193 235
f 192 234 237
f 237 234 310
f 236 237 418
f 195 483 238
f 239 318 241
f 240 197 327
f 327 197 200
f 330 200 246
f 246 200 203
f 248 243 242
f 246 203 251
f 203 140 251
f 251 140 253
f 251 253 344
f 208 146 434
f 434 209 436
f 146 209 434
f 261 212 262
f 210 440 83
f 267 211 265
f 153 357 268
f 153 271 357
f 505 90 274
f 90 277 274
f 153 213 272
f 509 217 449
f 220 221 283
f 160 370 222
f 222 370 289
f 287 374 288
f 288 224 373
f 374 519 291
f 226 180 388
f 293 292 290
f 180 229 388
f 293 181 295
f 389 229 186
f 464 231 232
f 464 232 304
f 232 191 304
f 475 308 235
f 235 477 475
f 477 235 479
f 235 236 479
f 236 418 479
f 477 479 481
f 237 310 418
f 483 195 311
f 311 240 313
f 420 421 325
f 319 322 315
f 325 421 329
f 242 243 322
f 243 323 322
f 421 326 329
f 325 329 333
f 424 331 330
f 329 326 334
f 334 326 491
f 329 334 333
f 331 200 330
f 425 333 336
f 333 334 336
f 334 426 336
f 334 491 426
f 336 426 337
f 330 246 428
f 428 246 247
f 246 251 247
f 247 251 342
f 201 566 433
f 342 251 344
f 250 252 346
f 253 347 344
f 757 208 434
f 259 262 353
f 262 266 353
f 264 352 265
f 503 436 269
f 263 502 210
f 210 502 440
f 268 357 437
f 440 360 86
f 274 277 444
f 277 445 444
f 449 217 366
f 217 218 366
f 282 367 450
f 282 285 367
f 218 284 515
f 515 284 584
f 455 519 374
f 284 226 458
f 290 292 378
f 291 520 672
f 388 229 389
f 294 390 383
f 678 231 392
f 390 400 297
f 231 464 392
f 594 392 464
f 468 464 304
f 468 304 470
f 470 304 191
f 309 234 305
f 470 191 308
f 474 308 475
f 310 309 478
f 542 475 477
f 310 543 480
f 725 311 313
f 419 316 544
f 544 317 320
f 486 616 421
f 317 323 320
f 318 618 241
f 421 546 326
f 313 327 423
f 488 321 730
f 424 423 331
f 324 328 548
f 325 333 425
f 326 487 553
f 326 553 491
f 489 424 330
f 489 330 492
f 426 491 427
f 198 557 201
f 492 330 428
f 337 426 427
f 492 428 495
f 495 428 565
f 338 339 494
f 494 339 430
f 201 557 566
f 428 247 496
f 496 247 342
f 496 342 498
f 342 344 498
f 498 344 756
f 347 757 344
f 347 208 757
f 433 432 572
f 573 353 437
f 356 355 438
f 503 269 505
f 357 439 501
f 440 502 869
f 359 358 504
f 869 765 440
f 360 442 446
f 444 445 767
f 767 445 509
f 361 363 447
f 447 363 512
f 160 281 370
f 218 515 366
f 455 454 519
f 370 521 289
f 289 521 373
f 287 373 667
f 377 379 457
f 389 678 523
f 591 678 392
f 464 468 532
f 532 468 470
f 535 409 411
f 603 532 470
f 309 305 797
f 308 474 470
f 603 470 539
f 411 417 471
f 539 470 474
f 474 475 541
f 541 475 542
f 543 310 478
f 418 310 480
f 481 479 822
f 479 418 822
f 822 418 480
f 822 480 482
f 610 238 483
f 610 484 238
f 725 835 483
f 314 315 726
f 486 420 615
f 613 614 486
f 486 614 616
f 320 324 731
f 313 423 617
f 550 423 424
f 325 735 420
f 735 325 490
f 422 620 198
f 325 425 490
f 198 620 557
f 491 553 493
f 552 338 494
f 425 336 560
f 427 493 561
f 336 337 560
f 337 427 563
f 427 561 563
f 565 496 751
f 565 428 496
f 751 496 648
f 496 498 649
f 756 344 757
f 430 499 755
f 499 654 755
f 573 437 501
f 355 500 438
f 271 659 506
f 870 274 444
f 361 447 576
f 447 512 577
f 510 956 364
f 281 511 370
f 516 581 454
f 454 581 519
f 370 518 521
f 519 582 520
f 521 667 373
f 584 284 458
f 458 226 589
f 520 772 672
f 589 226 388
f 463 677 461
f 463 592 677
f 463 526 592
f 591 392 594
f 681 528 529
f 398 403 526
f 529 528 692
f 594 464 596
f 529 692 695
f 596 464 598
f 600 403 698
f 598 464 532
f 403 409 698
f 598 532 602
f 409 535 698
f 602 532 603
f 537 603 539
f 309 797 604
f 474 541 608
f 309 604 478
f 539 608 540
f 539 474 608
f 715 541 542
f 542 477 722
f 477 481 722
f 723 480 543
f 482 480 723
f 484 611 485
f 547 617 423
f 615 420 619
f 731 324 548
f 732 620 422
f 487 848 553
f 553 848 624
f 489 492 622
f 620 554 557
f 736 622 555
f 622 492 555
f 490 425 560
f 736 555 634
f 634 555 556
f 553 630 493
f 556 555 495
f 555 492 495
f 493 630 558
f 556 495 559
f 566 557 562
f 561 493 558
f 559 495 565
f 337 563 560
f 561 558 564
f 559 565 751
f 496 649 648
f 568 498 756
f 757 434 758
f 864 758 434
f 864 434 436
f 263 572 948
f 263 948 502
f 438 500 574
f 501 439 763
f 659 276 576
f 276 361 576
f 446 661 1483
f 767 509 578
f 447 577 576
f 509 449 578
f 579 512 514
f 364 956 511
f 579 368 580
f 368 517 580
f 370 511 518
f 521 518 874
f 457 585 580
f 457 587 585
f 460 522 588
f 588 522 669
f 589 388 523
f 524 672 527
f 592 526 593
f 591 594 683
f 681 686 528
f 683 594 596
f 528 689 692
f 789 598 602
f 537 602 603
f 535 471 473
f 712 537 713
f 537 539 540
f 713 537 540
f 540 608 815
f 608 541 715
f 542 819 715
f 478 604 609
f 543 478 609
f 543 609 723
f 835 725 836
f 726 419 727
f 729 545 726
f 613 486 615
f 845 617 547
f 619 420 1309
f 620 734 554
f 734 842 554
f 554 744 562
f 554 741 744
f 931 634 632
f 736 634 931
f 624 627 631
f 624 631 630
f 631 627 632
f 632 634 631
f 562 744 566
f 637 631 634
f 634 556 747
f 630 631 637
f 558 630 637
f 556 559 747
f 639 563 643
f 563 561 643
f 559 751 750
f 566 746 432
f 498 568 649
f 573 501 654
f 1625 503 505
f 274 870 505
f 506 659 952
f 446 442 871
f 446 1483 510
f 663 579 666
f 449 366 1487
f 516 583 876
f 665 580 585
f 585 587 586
f 672 878 1347
f 523 678 676
f 680 590 778
f 686 688 689
f 531 527 885
f 689 688 693
f 780 596 786
f 529 695 888
f 689 693 692
f 786 596 598
f 692 787 695
f 688 784 693
f 786 598 789
f 888 695 986
f 789 602 795
f 535 601 698
f 800 795 712
f 795 537 712
f 805 800 712
f 713 817 712
f 817 713 540
f 608 715 818
f 540 815 817
f 722 481 822
f 723 609 823
f 724 836 725
f 727 612 728
f 841 734 843
f 734 841 842
f 548 925 731
f 843 734 733
f 548 552 847
f 849 622 736
f 842 741 554
f 627 737 632
f 737 931 632
f 626 629 850
f 490 742 739
f 743 638 635
f 560 563 639
f 637 634 747
f 643 561 749
f 561 564 749
f 564 558 637
f 637 747 861
f 747 559 750
f 860 637 861
f 861 747 862
f 862 747 750
f 750 751 858
f 858 751 752
f 751 648 752
f 648 649 1034
f 649 568 1034
f 756 757 1040
f 757 758 1040
f 572 866 948
f 502 948 868
f 502 868 869
f 947 503 1625
f 446 871 661
f 766 660 662
f 660 577 662
f 577 663 662
f 663 1049 662
f 511 956 872
f 663 957 1049
f 1487 366 515
f 511 872 518
f 515 584 961
f 666 665 770
f 769 516 876
f 874 771 667
f 588 877 586
f 584 458 1061
f 670 671 963
f 772 878 672
f 523 676 589
f 675 677 880
f 590 775 777
f 590 777 778
f 682 884 686
f 592 593 970
f 527 1347 885
f 686 884 688
f 884 973 688
f 681 529 977
f 781 976 690
f 780 786 887
f 688 783 784
f 692 693 787
f 784 783 788
f 693 784 890
f 890 784 990
f 990 784 792
f 784 788 792
f 788 891 792
f 792 891 793
f 794 789 795
f 796 696 790
f 990 792 895
f 792 896 895
f 896 792 798
f 792 793 798
f 802 793 799
f 793 892 799
f 793 802 798
f 799 892 800
f 601 813 801
f 897 798 814
f 798 802 814
f 799 800 805
f 799 814 802
f 799 805 814
f 814 805 816
f 805 712 816
f 604 902 1258
f 604 1258 609
f 814 816 904
f 816 712 817
f 815 608 818
f 815 818 1001
f 904 816 820
f 816 906 820
f 816 817 906
f 542 722 819
f 722 822 1263
f 482 723 1004
f 1004 723 824
f 908 1005 825
f 908 825 909
f 826 1008 827
f 829 911 828
f 911 826 828
f 828 826 827
f 827 1008 831
f 1008 912 831
f 828 827 833
f 831 912 917
f 915 828 832
f 831 917 919
f 828 833 832
f 833 827 831
f 830 833 831
f 830 831 834
f 831 919 834
f 839 833 830
f 834 919 922
f 611 1019 318
f 838 727 1298
f 837 726 838
f 923 839 843
f 830 840 841
f 830 834 840
f 830 841 839
f 729 726 837
f 834 922 840
f 612 731 1301
f 843 839 841
f 840 922 1171
f 617 845 724
f 618 1020 733
f 923 843 1020
f 841 840 842
f 1020 843 733
f 840 1171 852
f 547 844 845
f 842 840 741
f 840 852 741
f 735 490 739
f 740 626 1181
f 1181 626 850
f 741 852 744
f 742 560 932
f 560 933 932
f 635 633 934
f 560 639 933
f 743 635 934
f 746 744 1033
f 564 857 749
f 564 637 857
f 857 637 860
f 862 750 943
f 857 860 859
f 648 1034 752
f 861 945 860
f 568 756 1039
f 501 763 760
f 759 503 947
f 765 1334 442
f 950 506 951
f 952 660 954
f 510 1483 1486
f 578 449 1053
f 1053 449 1487
f 769 876 959
f 585 586 960
f 586 877 962
f 584 1061 961
f 963 671 1063
f 671 880 1342
f 772 1340 878
f 589 676 1216
f 879 774 965
f 966 682 967
f 682 966 1064
f 682 681 967
f 967 681 969
f 690 976 1075
f 783 886 788
f 529 888 977
f 788 886 891
f 886 984 891
f 785 782 1083
f 695 787 1087
f 695 1087 986
f 787 693 890
f 989 786 789
f 885 991 797
f 893 989 794
f 992 896 897
f 896 798 897
f 897 814 904
f 1126 813 1000
f 715 819 818
f 906 817 1003
f 817 815 1003
f 1263 822 907
f 822 482 907
f 907 482 1390
f 482 1004 1390
f 1006 908 1272
f 1272 908 909
f 1272 909 1275
f 909 825 1007
f 1011 1012 911
f 912 1279 1013
f 913 1010 1011
f 913 1011 1014
f 1014 1011 914
f 912 1013 917
f 1011 829 914
f 829 828 915
f 917 1013 1156
f 916 915 832
f 916 832 921
f 832 833 839
f 832 839 921
f 919 917 922
f 611 1159 1017
f 917 1174 922
f 917 1156 1174
f 921 839 923
f 1298 727 1591
f 922 1174 1171
f 612 1301 728
f 1301 731 925
f 1171 1178 852
f 844 1026 1176
f 844 1176 845
f 735 739 1309
f 851 928 927
f 740 1181 1465
f 633 740 1319
f 934 633 936
f 939 934 938
f 938 934 936
f 938 936 940
f 853 745 937
f 939 938 856
f 938 940 856
f 940 942 748
f 750 858 944
f 944 858 941
f 858 752 941
f 746 1033 1327
f 857 859 1037
f 861 862 945
f 859 860 1038
f 745 755 946
f 1327 866 746
f 756 1040 1039
f 1040 758 864
f 866 1476 948
f 870 953 1201
f 870 444 953
f 660 766 954
f 953 444 767
f 1993 578 1053
f 662 1049 955
f 1487 515 1057
f 515 961 1057
f 770 585 960
f 960 586 962
f 962 877 963
f 963 1063 1059
f 1061 458 589
f 777 879 1345
f 969 681 972
f 1348 779 882
f 681 977 972
f 979 980 973
f 973 980 886
f 593 694 1072
f 980 1076 886
f 977 888 981
f 1076 984 886
f 888 986 1364
f 1087 787 890
f 890 1096 1087
f 699 791 694
f 890 990 1096
f 1096 990 1104
f 1104 990 895
f 895 896 1115
f 896 992 1117
f 897 904 992
f 992 904 999
f 904 820 999
f 1000 905 1137
f 1001 818 1134
f 818 819 1134
f 815 1001 1259
f 820 906 1261
f 815 1259 1003
f 908 1006 1267
f 1274 1272 1275
f 1012 1009 911
f 1009 826 911
f 912 1278 1279
f 1010 1012 1011
f 1430 1010 1145
f 1430 1280 1010
f 1010 913 1145
f 913 1014 1146
f 914 829 1015
f 1015 829 915
f 1015 916 1287
f 1015 915 916
f 1287 916 1016
f 1016 1017 1295
f 1017 1016 1018
f 916 921 1016
f 836 1593 1296
f 836 724 1593
f 837 838 1740
f 1740 838 1298
f 1018 921 923
f 1019 1018 1020
f 1020 1018 923
f 845 2087 724
f 613 615 1305
f 615 619 1305
f 619 1309 1749
f 927 1024 1170
f 1182 932 1185
f 852 1183 1033
f 932 933 1185
f 1185 933 1186
f 933 854 1031
f 1186 933 1031
f 854 643 1031
f 643 749 1031
f 1032 942 940
f 941 752 1190
f 857 1037 749
f 752 1034 1190
f 945 862 943
f 860 945 1038
f 1190 1034 1330
f 859 1038 1037
f 1034 568 1330
f 568 1039 1330
f 946 760 1196
f 760 1041 1196
f 761 867 1042
f 760 1044 1041
f 763 1198 1044
f 1625 870 1768
f 1203 1049 1204
f 1049 957 1206
f 956 1054 872
f 770 960 1055
f 875 1056 959
f 962 963 1059
f 1059 1063 1214
f 589 1216 1341
f 881 968 1218
f 881 1218 1069
f 967 969 1066
f 969 971 1067
f 971 1220 1067
f 881 1069 882
f 971 974 1221
f 974 975 1221
f 1075 976 1071
f 981 888 1789
f 888 1364 1789
f 790 889 1085
f 790 1085 1084
f 1072 694 1659
f 985 989 1366
f 986 1087 1364
f 885 1078 991
f 894 1093 1100
f 1104 895 1115
f 1104 1115 1538
f 896 1117 1115
f 1254 1000 1137
f 999 820 1261
f 1001 1801 1259
f 1001 1134 1257
f 1134 1384 1683
f 1134 819 1384
f 819 722 1384
f 1136 821 1262
f 1261 906 1140
f 906 1003 1140
f 722 1385 1384
f 722 1263 1385
f 1004 824 1557
f 1390 1004 1804
f 1273 1272 1274
f 1275 909 1007
f 910 1416 1008
f 1008 1278 912
f 1009 910 826
f 1142 1009 1012
f 1281 1012 1280
f 1013 1279 1429
f 1280 1012 1010
f 913 1146 1145
f 1429 1149 1013
f 1287 1016 1155
f 1156 1149 1300
f 1174 1156 1300
f 1018 1016 921
f 727 728 1591
f 1591 728 1162
f 837 1740 1451
f 1023 729 1596
f 1174 1300 1455
f 2087 845 1454
f 1301 925 1169
f 1171 1174 1178
f 1309 739 1179
f 1028 1314 1313
f 1178 1183 852
f 739 932 1179
f 932 1182 1179
f 1184 1185 1186
f 936 1319 1032
f 1184 1186 1187
f 1186 1031 1187
f 1033 1183 1621
f 1187 1031 1188
f 1032 1323 942
f 1031 749 1188
f 1188 749 1473
f 1324 944 1189
f 944 941 1189
f 1033 1621 1327
f 1473 749 1328
f 943 944 1324
f 749 1037 1328
f 945 943 1326
f 1038 945 1326
f 1036 1191 1331
f 866 1195 1476
f 948 1476 1766
f 954 766 1877
f 1878 953 767
f 767 578 1878
f 766 955 1630
f 1211 1059 1212
f 671 1342 1063
f 1061 589 1341
f 1344 966 1492
f 1065 1493 776
f 966 967 1492
f 967 1066 1492
f 1218 968 1345
f 1066 1067 1346
f 1067 1220 1346
f 1073 1224 1222
f 1221 1070 1352
f 1070 983 1074
f 1647 1072 1651
f 1073 1225 1224
f 1074 1227 1356
f 1354 980 979
f 1227 1082 1359
f 1359 1082 1230
f 1230 1092 1517
f 1232 1084 1233
f 1084 1085 1233
f 1087 1096 1660
f 1098 1103 1238
f 1100 1093 1526
f 791 1245 1659
f 1104 1532 1096
f 1103 1108 1242
f 1532 1104 1538
f 1108 1109 1243
f 1109 1110 1243
f 1243 1110 1244
f 991 1368 902
f 1117 992 1375
f 902 1255 1258
f 992 999 1249
f 1254 1137 1686
f 999 1261 1687
f 1001 1257 1801
f 1257 1134 1382
f 1554 1003 1259
f 1263 907 1694
f 1004 1557 1804
f 907 1390 1389
f 1265 1402 1269
f 1402 1264 1269
f 1264 1564 1266
f 1266 1564 1403
f 1264 1266 1269
f 1266 1403 1270
f 1403 1565 1270
f 1265 1269 1408
f 1266 1270 1276
f 1266 1276 1269
f 1565 1271 1270
f 1265 1408 1567
f 1269 1276 1408
f 1407 1272 1273
f 1276 1270 1409
f 1409 1270 1410
f 1270 1273 1410
f 1270 1271 1273
f 1273 1274 1410
f 1275 1007 1277
f 1414 1416 910
f 1278 1418 1279
f 1009 1414 910
f 1416 1417 1008
f 1417 1278 1008
f 1418 1571 1279
f 1279 1571 1429
f 1281 1142 1012
f 1427 1143 1421
f 1143 1422 1421
f 1143 1144 1422
f 1144 1150 1283
f 1150 1434 1431
f 1150 1158 1286
f 1150 1286 1434
f 1292 1435 1294
f 1294 1435 1437
f 1298 1591 1590
f 1740 1298 1590
f 728 1301 1445
f 1300 1439 1455
f 1301 1169 1447
f 1169 1304 1302
f 1596 729 1597
f 1174 1455 1178
f 1177 924 1175
f 1749 1309 1179
f 1029 1177 1308
f 1029 1308 1460
f 1183 1178 1464
f 1180 930 1311
f 1319 740 1465
f 1183 1464 1621
f 1187 1188 1321
f 1188 1473 1468
f 1189 941 1471
f 941 1190 1471
f 943 1324 1326
f 1328 1037 1192
f 1038 1329 1192
f 1037 1038 1192
f 1330 1039 1760
f 759 1197 1040
f 1043 1042 1332
f 1044 1474 1041
f 1474 1044 1333
f 1044 1198 1333
f 1630 1203 1632
f 1055 1210 1339
f 1055 1339 1206
f 1207 1056 1772
f 1210 1211 1339
f 1211 1212 1339
f 1212 1059 1214
f 1342 970 1781
f 1781 970 1647
f 1220 1221 1498
f 1069 1218 1500
f 882 1069 1348
f 1498 1221 1352
f 1352 1074 1502
f 1224 1225 1503
f 1074 1356 1502
f 1503 1225 5489
f 1227 1359 1356
f 1225 981 1504
f 1081 1357 1229
f 1357 1358 1229
f 1080 1361 1511
f 1359 1230 1508
f 1230 1517 1508
f 1083 1080 1085
f 1085 1080 1511
f 1232 1233 1363
f 1092 1094 1517
f 1094 1365 1517
f 1094 1098 1365
f 1365 1098 1238
f 1365 1238 1525
f 1238 1103 1525
f 1525 1103 1242
f 1242 1108 1373
f 1108 1243 1373
f 1373 1243 1374
f 1243 1244 1374
f 1115 1541 1538
f 1115 1542 1541
f 1115 1117 1542
f 1117 1375 1542
f 992 1249 1375
f 1254 1552 1798
f 999 1687 1249
f 1254 1686 1552
f 1554 1259 1688
f 1388 823 2238
f 824 823 1388
f 1557 824 1388
f 1559 1391 1393
f 1393 1391 1396
f 1391 1695 1396
f 1695 1392 1396
f 1393 1396 1395
f 1395 1396 1397
f 1394 1393 1395
f 1394 1561 1560
f 1394 1395 1561
f 1396 1392 1397
f 1392 1398 1397
f 1561 1395 1400
f 1395 1397 1400
f 1397 1398 1399
f 1560 1561 1935
f 1400 1397 1399
f 1561 1400 1809
f 1563 1264 1402
f 1563 1564 1264
f 1401 1402 1265
f 1565 1405 1271
f 1271 1405 1407
f 1405 1406 1407
f 1413 1567 1408
f 1277 1007 1141
f 1410 1274 1277
f 1410 1277 1415
f 1274 1275 1277
f 1413 1408 1411
f 1408 1276 1411
f 1276 1412 1411
f 1411 1412 1416
f 1412 1276 1409
f 1409 1410 1418
f 1410 1415 1418
f 1415 1277 1568
f 1413 1411 1414
f 1411 1416 1414
f 1409 1417 1412
f 1409 1418 1417
f 1570 1009 1142
f 1009 1413 1414
f 1417 1418 1278
f 1415 1571 1418
f 1572 1142 1281
f 1419 1281 1280
f 1571 1730 1429
f 1419 1280 1430
f 1422 1144 1423
f 1144 1424 1423
f 1430 1145 1282
f 1429 1733 1432
f 1431 1582 1735
f 1583 1431 1433
f 1431 1434 1433
f 1584 1583 1292
f 1583 1435 1292
f 1583 1433 1435
f 1433 1434 1436
f 1434 1286 1585
f 1434 1585 1436
f 1284 1293 1438
f 1433 1436 1435
f 1435 1436 1437
f 1294 1437 1441
f 1149 1439 1300
f 1299 1449 1442
f 1451 1740 1450
f 1178 1455 1464
f 1460 1308 1458
f 1179 1182 1753
f 1465 1317 1466
f 1466 1317 1606
f 1182 1756 1753
f 1466 1606 1323
f 1184 1187 1321
f 1321 1188 1468
f 1322 1471 1866
f 1328 1192 1619
f 1471 1330 1622
f 1039 1040 1764
f 1475 1332 1623
f 868 1766 1478
f 1333 1198 1479
f 1878 578 1993
f 1051 1206 1635
f 1339 1636 1635
f 1057 961 1884
f 1339 1212 1636
f 1884 961 1061
f 1639 1342 1640
f 1341 1216 1890
f 1216 1494 1890
f 1342 1781 1640
f 1492 1066 1496
f 1496 1066 1346
f 1220 1498 1346
f 1218 1497 1500
f 1069 1501 1351
f 1069 1500 1501
f 1498 1352 1646
f 1348 1069 1351
f 1646 1352 1652
f 1352 1653 1652
f 1351 1501 1654
f 1352 1502 1653
f 1351 1654 1071
f 1224 1503 1353
f 1648 1353 1503
f 1648 1503 1504
f 1503 1355 1357
f 1502 1356 1653
f 1653 1356 1513
f 1358 1505 1512
f 1505 1507 1512
f 1653 1513 1507
f 1356 1359 1513
f 1228 1662 1510
f 1513 1508 1515
f 1513 1359 1508
f 1512 1507 1520
f 1520 1507 1524
f 1508 1517 1515
f 1363 1233 1514
f 1363 1514 1519
f 1519 1514 1516
f 1233 1085 1514
f 1514 1085 1511
f 1514 1511 1516
f 1364 1788 1789
f 1364 1087 1788
f 1363 1519 1518
f 1660 1096 1664
f 1520 1524 1367
f 1517 1667 1665
f 1517 1365 1667
f 1365 1525 1667
f 1522 1518 1523
f 1518 1519 1523
f 1519 1516 1523
f 1524 1658 1528
f 1526 1522 1527
f 1527 1522 1523
f 1096 1532 1664
f 1526 1527 1371
f 1371 1527 1531
f 1527 1523 1531
f 1528 1529 1369
f 1369 1529 1370
f 1529 1530 1370
f 1668 1242 1372
f 1372 1242 1536
f 1242 1373 1536
f 1536 1373 1533
f 1371 1531 1535
f 1373 1374 1533
f 1533 1374 1534
f 1533 1534 1671
f 1671 1534 1669
f 1669 1534 1537
f 1534 1374 1535
f 1534 1535 1537
f 1374 1244 1535
f 1535 1531 1537
f 1537 1531 1676
f 902 1673 1255
f 1542 1375 1543
f 1376 1675 1546
f 1546 1545 1547
f 1545 1544 1547
f 1547 1544 1548
f 1544 1677 1548
f 1548 1677 1549
f 1677 1678 1549
f 1801 1257 1682
f 1382 1134 1683
f 1258 1255 2238
f 1688 1259 1801
f 1384 1684 1683
f 1384 1385 1684
f 1261 1690 1687
f 1261 1140 1690
f 1140 1003 1554
f 1140 1554 1690
f 1263 1694 1385
f 1694 907 1389
f 1558 1391 1559
f 1558 1695 1391
f 1392 1695 1697
f 1699 1559 1393
f 1392 1697 1698
f 1700 1393 1394
f 1392 1698 1398
f 1560 1700 1394
f 1703 1560 1935
f 1704 1933 1398
f 1400 1399 1705
f 1400 1707 1809
f 1816 1562 1402
f 1563 1712 1564
f 1712 1820 1403
f 1717 1401 1718
f 1403 1820 1565
f 1401 1265 1718
f 1718 1265 1722
f 1722 1265 1567
f 1722 1567 1723
f 1567 1413 1570
f 1569 1725 1570
f 1570 1142 1569
f 1571 1415 1568
f 1568 1730 1571
f 1843 1572 1281
f 1419 1843 1281
f 1424 1573 1423
f 1575 1425 1428
f 1579 1969 1580
f 1581 1580 1582
f 1580 1969 1735
f 1580 1735 1582
f 1851 1584 1291
f 1436 1585 1587
f 1437 1436 1587
f 1441 1437 1852
f 1157 1855 1739
f 1297 1853 1589
f 1446 1297 1589
f 1588 1442 1452
f 1591 1162 1592
f 1162 1445 1592
f 1445 1447 1744
f 1597 1450 1595
f 1305 619 1861
f 619 1749 1861
f 1317 1458 1865
f 1179 1753 1749
f 1317 1865 1606
f 1184 1321 1756
f 1321 1616 1756
f 1614 1322 1615
f 1615 1322 1613
f 1321 1468 1616
f 1469 1614 1617
f 1329 1470 1619
f 1866 1471 1758
f 1327 1621 1762
f 1760 1039 1764
f 2096 1764 1040
f 2096 1040 1197
f 1765 1196 1871
f 1767 947 1625
f 1201 953 1627
f 954 1877 1628
f 953 1878 1627
f 1632 1204 2223
f 1204 1051 2223
f 1053 1487 1771
f 1051 1635 1485
f 1487 1057 1771
f 1772 1056 1338
f 1635 1636 1882
f 1636 1212 1883
f 1061 1341 1998
f 1344 1492 1641
f 1492 1496 1641
f 1496 1346 1642
f 1781 1647 1644
f 1642 1346 1498
f 1350 1510 1656
f 1654 1501 1655
f 1648 1504 1785
f 1649 1652 1358
f 1652 1505 1358
f 1652 1653 1505
f 1506 1071 1787
f 1071 1654 1787
f 1654 1655 1787
f 1653 1507 1505
f 981 1786 1785
f 1506 1787 1361
f 981 1789 1786
f 1507 1658 1524
f 1513 1515 1507
f 1507 1515 1658
f 1663 1516 1361
f 1361 1787 1663
f 1663 1666 1516
f 1658 1515 1528
f 1517 1665 1515
f 1528 1515 1529
f 1515 1665 1529
f 1529 1665 1530
f 1665 1667 1530
f 1523 1516 1666
f 1666 1663 1796
f 1667 1525 1668
f 1525 1242 1668
f 1667 1668 1530
f 1523 1666 1676
f 1659 1539 2125
f 1531 1523 1676
f 1671 1669 1672
f 1672 1669 1670
f 1537 1670 1669
f 1537 1676 1670
f 1670 1676 1677
f 1666 1796 1679
f 1671 1672 1675
f 1666 1679 1678
f 1368 1795 1673
f 1538 1541 1793
f 1675 1672 1545
f 1670 1677 1544
f 1677 1676 1678
f 1672 1544 1545
f 1672 1670 1544
f 1676 1666 1678
f 1543 1375 1674
f 1679 1914 1550
f 1674 1375 1249
f 1682 1257 1382
f 1684 1385 2239
f 1554 1688 1555
f 1554 1555 1690
f 1390 2244 1389
f 1805 1697 1695
f 1805 1696 1697
f 1696 1702 1697
f 1807 1699 1700
f 1700 1699 1393
f 1701 1560 1703
f 1704 1698 1702
f 1702 1808 1931
f 1704 1702 1931
f 1399 1398 1933
f 1703 1935 1706
f 1707 1400 1705
f 2370 1561 1809
f 1708 1709 1711
f 1710 1708 1711
f 1813 1710 1713
f 1711 1709 1714
f 2188 2189 1563
f 1713 1710 1716
f 1710 1711 1716
f 1711 1714 1716
f 1709 1814 1714
f 1814 1715 1714
f 1814 1816 1715
f 1815 1562 1816
f 2189 1712 1563
f 1713 1716 1818
f 1818 1716 1948
f 1716 1714 1821
f 1714 1717 1819
f 1714 1715 1717
f 1715 1401 1717
f 1715 1816 1401
f 1819 1717 1822
f 1822 1717 1718
f 1723 1567 1725
f 1567 1570 1725
f 1833 1832 1569
f 1423 1842 1841
f 1423 1573 1842
f 1421 1727 1840
f 1727 1421 1726
f 1576 1577 1844
f 1730 1733 1429
f 1732 1847 1579
f 1432 1733 2301
f 1432 2301 1439
f 1587 1585 1737
f 1297 1441 1853
f 1973 1589 2084
f 1740 1590 1741
f 1590 1591 1741
f 1591 1592 1741
f 1741 1592 1742
f 1742 1592 1743
f 1592 1744 1743
f 1744 1447 1973
f 1858 1595 1745
f 1595 1450 1745
f 1745 1450 1859
f 1439 1746 1455
f 1748 2090 1454
f 1464 1455 2089
f 1753 1756 1755
f 1606 1865 1868
f 1606 1868 1323
f 1612 1618 1754
f 1323 1868 1472
f 1464 1869 1621
f 1320 1765 1761
f 1621 1763 1762
f 2217 1760 1764
f 1195 1763 1766
f 1767 1625 1768
f 1768 1201 1874
f 2104 954 1628
f 1993 1053 1771
f 1635 1882 1485
f 1884 1061 1998
f 1776 1639 1887
f 1887 1639 1779
f 1639 1640 1779
f 1341 1890 1888
f 1640 1781 1779
f 1641 1496 1891
f 1496 1642 1891
f 1498 1646 1642
f 1642 1646 1892
f 1647 1651 1784
f 1892 1646 1783
f 1646 1652 1783
f 2002 1648 1785
f 1648 1783 1649
f 1783 1652 1649
f 1501 1500 1655
f 1787 1655 1899
f 1788 1660 1900
f 1900 1664 1906
f 1663 1905 1796
f 1532 1538 1793
f 1532 1793 1909
f 1541 1542 1794
f 1541 1794 1793
f 1794 1542 1911
f 1542 1543 1911
f 1796 1913 1679
f 1913 1914 1679
f 1914 2021 1550
f 1255 1673 2340
f 1682 1382 1799
f 1382 2130 1799
f 1801 1682 1918
f 1382 1683 1800
f 1688 1801 1921
f 1139 1689 2027
f 1687 1690 1803
f 1690 1555 1922
f 1387 1925 1689
f 1926 1927 1696
f 2242 1805 1558
f 1926 1696 1805
f 1696 1927 1806
f 1927 2141 1806
f 1696 1806 1702
f 2153 2030 1807
f 1806 1928 1808
f 1701 1807 1700
f 1806 1808 1702
f 1930 1701 1703
f 1934 1930 1703
f 1934 1703 1706
f 1705 2277 1707
f 1935 2370 2043
f 1935 1561 2370
f 1810 1811 1708
f 1811 1938 1812
f 1939 1708 1710
f 1811 1812 1709
f 1709 1812 1814
f 1813 1939 1710
f 1812 1940 1814
f 1817 1813 1713
f 1814 1815 1816
f 1817 1713 1818
f 1948 1716 1821
f 1821 1714 1819
f 2057 1818 1948
f 1948 1821 2196
f 1821 2058 2196
f 1719 1946 1823
f 1719 1829 1946
f 1718 1722 1826
f 1723 1725 2069
f 1727 1726 1835
f 1834 1572 1843
f 1957 1726 1841
f 1841 1842 1960
f 1729 1845 1843
f 1577 1731 1961
f 1963 1846 1966
f 1966 1846 1964
f 1731 1848 1961
f 1849 1966 1732
f 1966 1964 1847
f 1966 1847 1732
f 1731 1734 1848
f 1581 1849 1580
f 1732 1580 1849
f 1581 1583 1968
f 1584 2299 1583
f 1850 1735 1969
f 2583 1851 1586
f 1971 1737 2211
f 1437 1587 1971
f 1736 1594 2082
f 2084 1589 1853
f 1594 2213 2082
f 2213 1594 1979
f 1740 1741 1975
f 1741 1742 1856
f 1856 1742 1976
f 1742 1743 1976
f 1743 1744 1857
f 1744 1973 1857
f 1450 1740 1977
f 1746 1439 2304
f 1594 1598 1979
f 2087 1454 2088
f 1749 1753 1751
f 1620 1622 1982
f 1982 1622 2217
f 1622 1760 2217
f 1621 1869 1763
f 1765 1871 1761
f 1197 947 1767
f 1983 1871 1984
f 1882 1636 1883
f 1883 1489 1886
f 1886 1776 1887
f 1779 1781 1999
f 1891 1642 1892
f 1891 1892 2002
f 2002 1892 1783
f 1785 1786 2114
f 1785 2114 2002
f 1655 1500 2003
f 1787 1899 2009
f 1789 1788 1786
f 1787 2009 1905
f 1905 2009 2010
f 1662 1791 1903
f 1793 1794 1910
f 1911 1543 1912
f 1543 1674 1912
f 1913 2019 1914
f 2125 1539 2232
f 1249 1917 1674
f 1918 1682 1799
f 1917 1687 1803
f 1800 1683 1684
f 1803 1922 2026
f 1803 1690 1922
f 1922 1555 1920
f 1922 1920 2026
f 1385 1694 2240
f 1694 1389 2139
f 1390 1804 2244
f 1806 2141 1929
f 1806 1929 1928
f 1807 1701 2153
f 1932 1930 1934
f 1808 1928 1931
f 1933 1704 2039
f 1704 1931 2039
f 1934 1706 2042
f 1399 1933 1705
f 1706 1935 2043
f 2370 1809 1936
f 1809 1707 1936
f 1811 2046 1938
f 1810 1708 1937
f 1812 1938 1940
f 1813 1817 1941
f 1941 1817 1943
f 1817 1818 2286
f 1818 2057 2286
f 1819 2058 1821
f 1825 1823 1944
f 2057 1948 2196
f 2058 1819 2201
f 1823 1946 2054
f 1819 1822 2201
f 1822 1718 1949
f 1718 1826 1949
f 1722 1723 1826
f 1826 1723 2069
f 1830 1838 1954
f 1956 2205 1730
f 1726 1957 1835
f 1957 1841 2076
f 1841 1960 2076
f 1960 1958 2206
f 1730 2205 1965
f 1960 1963 1962
f 1962 1963 1966
f 1965 1970 1730
f 2583 2210 1851
f 1972 1852 2212
f 1441 1852 1972
f 1441 1972 1853
f 1444 1593 2585
f 1741 1856 1975
f 1743 1857 1976
f 1859 1450 1977
f 1596 1860 2587
f 1748 1864 2307
f 1748 2307 2090
f 1464 2089 1869
f 1867 1982 2093
f 2217 1764 2096
f 2414 2096 1197
f 2414 1197 1767
f 1873 1479 2103
f 1874 1201 1627
f 2103 1479 2104
f 1627 1878 2105
f 1877 1989 1628
f 1877 1879 1989
f 1630 1632 1879
f 1879 1632 2317
f 2223 1485 2107
f 1771 1057 2108
f 1485 1882 2107
f 1883 1886 1996
f 1886 2224 1996
f 1886 1887 2224
f 1887 1779 2322
f 1341 1888 1998
f 1781 1644 1999
f 1890 1493 2000
f 1641 1891 2227
f 1891 2002 2227
f 1500 2001 2003
f 2003 2001 2116
f 1655 2003 2005
f 2003 2006 2005
f 2118 1078 2324
f 1899 2005 2008
f 1651 2013 2007
f 2009 1899 2008
f 2009 2008 2010
f 1905 2010 2015
f 2010 2008 2005
f 2015 2010 2017
f 2017 2010 2018
f 1913 2015 2017
f 1913 2017 2019
f 2017 2018 2019
f 2019 2018 2020
f 1914 2020 2021
f 2021 2020 2023
f 1674 1917 2022
f 1917 1803 2022
f 1800 1684 2233
f 1684 2134 2233
f 2238 1255 2340
f 2026 1920 2025
f 2239 1385 2240
f 2240 1694 2139
f 1557 1388 2137
f 1557 2137 2138
f 1804 2138 2245
f 1389 2243 2139
f 1389 2244 2243
f 2247 2141 1927
f 2345 2140 1558
f 2141 2248 1929
f 2248 2152 1929
f 2353 1930 1932
f 2353 1932 2359
f 1931 1928 2170
f 1931 2170 2039
f 1932 1934 2174
f 2174 1934 2042
f 1933 2039 2182
f 2277 1705 2369
f 1707 2277 1936
f 1938 2278 1940
f 1947 1944 2053
f 2286 2057 2288
f 1950 2056 1945
f 2057 2196 2199
f 2196 2200 2199
f 2056 1950 2198
f 1822 1949 2201
f 2201 1949 2062
f 1950 2061 2198
f 1824 2575 1951
f 1949 1826 2062
f 2061 2065 2063
f 1951 2575 2202
f 1955 2067 2065
f 2203 1959 2074
f 1835 1957 2076
f 1960 1962 2076
f 1961 1848 2079
f 1848 1734 2079
f 1734 2082 2079
f 2082 2213 2404
f 2084 1853 2302
f 1974 1973 2084
f 1977 1975 2086
f 2304 2406 1746
f 2087 2088 2870
f 2088 1454 2090
f 2305 2091 2214
f 2307 1864 2216
f 1864 2093 2216
f 1980 1981 2092
f 1981 2095 2092
f 2093 1982 2217
f 2217 2096 2414
f 1763 1869 2511
f 1761 1871 2218
f 2418 1874 1627
f 1878 1993 2518
f 1632 2421 2317
f 1632 2223 2421
f 2518 1993 1771
f 2107 1882 2604
f 1882 1883 2604
f 1057 1884 2108
f 1884 1998 2522
f 1888 1890 2225
f 1890 2000 2225
f 1644 2226 1999
f 2000 1782 2326
f 1497 2111 2001
f 1644 1784 2226
f 2227 2002 2114
f 2116 2006 2003
f 2013 2431 2007
f 2010 2005 2018
f 2005 2006 2120
f 2005 2120 2018
f 2012 2014 2121
f 2018 2120 2020
f 2020 2120 2128
f 2120 2333 2128
f 1912 2022 2126
f 2128 2336 2133
f 2134 1684 2239
f 2240 2139 2241
f 2346 2345 2153
f 1929 2264 2163
f 2032 2031 2155
f 2031 2157 2155
f 2155 2157 2156
f 1928 2163 2170
f 2039 2170 2555
f 2170 2551 2555
f 1932 2174 2359
f 2362 2174 2042
f 2042 1706 2043
f 2042 2043 2467
f 2369 1705 2715
f 2043 2370 2825
f 2640 2045 2044
f 2717 1937 1939
f 1939 1941 2470
f 2185 2048 2186
f 2048 2187 2186
f 2188 1815 2280
f 2279 2280 1815
f 2047 2048 2185
f 2052 2054 2284
f 2054 2055 2284
f 1817 2286 1943
f 1947 2053 2194
f 2195 2056 2059
f 2288 2057 2199
f 2059 2198 2289
f 2198 2061 2290
f 2069 2071 2486
f 2070 2659 2205
f 2074 1959 2075
f 1835 2076 2293
f 2294 2075 2077
f 2077 2207 2396
f 1965 2296 2298
f 1962 1966 2490
f 1966 1849 2490
f 2664 2490 1849
f 1849 1968 2664
f 2664 1968 2299
f 2207 2081 2399
f 1976 1857 2502
f 2502 1857 2303
f 1857 1974 2303
f 2585 2670 2754
f 1975 1856 2669
f 1859 1977 2405
f 1858 1745 1859
f 2870 2088 2759
f 1746 2406 2408
f 2091 2092 2308
f 2097 2098 2310
f 1763 2511 2312
f 2592 1767 1768
f 1986 2101 2219
f 2223 2107 2776
f 2604 1883 2423
f 1996 2423 1883
f 2224 1887 2322
f 1779 1999 2322
f 2225 2000 2323
f 2111 2609 2899
f 2000 2228 2323
f 2114 2115 2112
f 2006 2116 2331
f 2120 2006 2331
f 2119 2123 2330
f 2120 2331 2333
f 2123 2124 2332
f 2124 1915 2332
f 1915 2130 2335
f 2130 1800 2337
f 1800 2233 2337
f 2239 2533 2134
f 1804 1557 2138
f 2139 2243 2343
f 2248 2245 2250
f 2248 2250 2152
f 2250 2344 2252
f 2250 2252 2152
f 2346 2251 2345
f 2145 2142 2253
f 2253 2142 2347
f 2142 2143 2347
f 2347 2143 2254
f 2143 2144 2254
f 2144 2148 2255
f 2255 2148 2258
f 2152 2252 2256
f 2148 2154 2258
f 1929 2152 2256
f 2264 1929 2256
f 2158 2155 2263
f 2155 2260 2263
f 2260 2156 2349
f 2265 1930 2353
f 2163 2815 2551
f 2163 2551 2170
f 2270 2175 2356
f 2175 2035 2356
f 2169 2173 2461
f 2359 2174 2362
f 2182 2039 2366
f 2362 2042 2467
f 2184 2183 2274
f 2277 2369 2371
f 2370 1936 2371
f 1936 2277 2371
f 2187 2190 2471
f 2471 2051 2376
f 2284 2055 2477
f 2194 2053 2378
f 2055 2195 2477
f 2195 2059 2477
f 2199 2387 2288
f 2198 2290 2289
f 2200 2196 2389
f 2196 2058 2389
f 2058 2201 2655
f 2061 2063 2290
f 2062 1826 2657
f 2290 2067 2744
f 1826 2069 2657
f 2067 2068 2291
f 2203 2074 2068
f 2071 1835 2293
f 2074 2075 2294
f 2293 2076 2394
f 2294 2077 2487
f 2077 2396 2487
f 2076 1962 2394
f 2394 1962 2490
f 2209 2208 2494
f 2491 2299 2210
f 2300 2080 2209
f 2211 2300 2581
f 2212 2211 2581
f 2302 1972 2499
f 2499 1972 2401
f 2084 2083 2403
f 2403 2083 2402
f 2083 2302 2402
f 1974 2084 2403
f 2404 2213 2407
f 2301 2496 2406
f 1856 1976 2502
f 2301 2406 2304
f 2086 1975 2669
f 2308 2092 2509
f 2216 2093 2412
f 2093 2217 2412
f 2412 2217 2414
f 2218 1983 2512
f 2414 1767 2592
f 1985 2312 2417
f 1768 1874 2594
f 2104 1628 2516
f 1880 2422 1994
f 2107 2604 2777
f 2224 2322 2677
f 2522 1998 2524
f 2525 1784 2526
f 1784 2007 2526
f 2325 2329 2116
f 2526 2007 2431
f 2331 2430 2434
f 2233 2438 2337
f 2233 2134 2438
f 2340 1673 2787
f 2443 2234 2442
f 2234 2027 2442
f 2239 2240 2444
f 2447 2238 2340
f 2240 2241 2444
f 2241 2139 2534
f 2138 2137 2344
f 2535 2242 2140
f 2242 2449 2246
f 2246 2534 2247
f 2243 2244 2245
f 2245 2138 2250
f 2138 2344 2250
f 2537 2536 2345
f 2537 2345 2251
f 2145 2253 2453
f 2347 2254 2348
f 2254 2144 2452
f 2144 2255 2452
f 2255 2258 2542
f 2257 2145 2453
f 2349 2257 2539
f 2258 2154 2542
f 2263 2260 2350
f 2350 2260 2456
f 2456 2260 2349
f 2154 2351 2542
f 2161 2158 2458
f 2163 2264 2815
f 2359 2269 2353
f 2039 2555 2366
f 2362 2467 2710
f 2274 2368 2465
f 2185 2186 2718
f 2186 2187 2567
f 2187 2471 2567
f 2047 2185 2373
f 1943 2374 2470
f 1943 2286 2374
f 2286 2381 2374
f 2286 2288 2381
f 2287 2194 2380
f 2381 2288 2572
f 2059 2289 2484
f 2288 2387 2572
f 2199 2200 2387
f 2058 2655 2389
f 2062 2656 2201
f 2067 2291 2744
f 2069 2486 2657
f 2068 2074 2291
f 2486 2071 2293
f 2074 2294 2291
f 2300 2209 2581
f 2495 2212 2581
f 2081 2404 2400
f 2302 2499 2402
f 2090 2507 2088
f 2090 2307 2507
f 2307 2216 2507
f 2095 2510 2092
f 1869 2309 2511
f 1983 2415 2673
f 2592 1768 2594
f 2312 2593 2417
f 1874 2418 2594
f 1873 2103 2597
f 2516 1628 1989
f 2418 1627 2105
f 2105 1878 2518
f 2423 1996 2979
f 2108 1884 2522
f 2677 2322 2896
f 1998 1888 2524
f 1999 2226 2322
f 2323 2678 2225
f 2323 2427 2678
f 2434 2430 2432
f 2434 2432 2435
f 2333 2434 2435
f 2333 2435 2336
f 2334 2232 2784
f 2336 2435 2338
f 2435 2530 2338
f 2338 2530 2439
f 2438 2134 2685
f 2338 2439 2440
f 2439 2532 2440
f 2440 2532 2441
f 2239 2444 2533
f 2447 2451 2137
f 2139 2343 2534
f 2137 2451 2344
f 2344 2451 2252
f 2252 2451 2697
f 2253 2347 2622
f 2348 2254 2452
f 2255 2542 2455
f 2255 2455 2452
f 2256 2252 2697
f 2800 2265 2457
f 2355 2547 2633
f 2355 2266 2547
f 2354 2355 2633
f 2460 2356 2354
f 2363 2463 2462
f 2715 2182 2366
f 2710 2467 2563
f 2467 2043 2468
f 2043 2825 2468
f 2825 2370 2564
f 2370 2371 2564
f 1939 2470 2717
f 2382 2380 2472
f 2476 2193 2829
f 2193 2052 2829
f 2052 2474 2829
f 2378 2053 2476
f 2053 2193 2476
f 2477 2059 2570
f 2059 2484 2570
f 2289 2290 2484
f 2292 2844 2745
f 2744 2291 2578
f 2578 2291 2658
f 2291 2294 2658
f 2294 2487 2658
f 2396 2397 2579
f 2397 2399 2582
f 2580 2749 2496
f 2581 2209 2494
f 2399 2400 2582
f 2582 2400 2667
f 2402 2499 2498
f 1974 2403 2500
f 2303 1974 2584
f 2502 2755 1856
f 1978 2870 2670
f 1858 1859 2672
f 2503 2407 2504
f 2504 2306 2505
f 2408 2406 2869
f 2214 2506 2505
f 2214 2308 2506
f 2507 2216 2508
f 2508 2216 2874
f 2410 2588 2589
f 2216 2412 2874
f 2309 2878 2511
f 2218 2512 2510
f 2674 1873 2597
f 2317 2421 2601
f 2518 2891 2775
f 2421 2223 2602
f 2223 2776 2602
f 2518 1771 2891
f 2776 2107 2777
f 2108 2522 2894
f 2322 2226 2896
f 1888 2225 3189
f 3189 2225 2678
f 2525 2526 2679
f 2526 2431 2681
f 3082 2118 2327
f 2433 2436 2529
f 2432 2612 2530
f 2530 2531 2532
f 2134 2533 2685
f 2687 2444 2616
f 2444 2241 2616
f 2241 2534 2616
f 2454 2347 2700
f 2694 2348 2619
f 2453 2253 2540
f 2540 2253 2622
f 2622 2347 2454
f 2458 2263 2628
f 2263 2350 2628
f 2350 2456 2624
f 2457 2265 2546
f 2265 2353 2546
f 2633 2547 2808
f 2264 2256 2813
f 2546 2353 2631
f 2631 2460 2632
f 2460 2354 2632
f 2632 2354 2633
f 2550 2706 2554
f 2361 2360 2556
f 2360 2462 2558
f 2715 2366 2944
f 2467 2468 2563
f 2718 2186 2642
f 2186 2567 2642
f 2373 2185 2718
f 2474 2284 2646
f 2284 2477 2731
f 2374 2381 2569
f 2381 2572 2569
f 2572 2387 2652
f 2387 2653 2652
f 2387 2200 2653
f 2200 2389 2654
f 2389 2655 2741
f 2484 2290 2952
f 2655 2201 2742
f 2201 2656 2742
f 2290 2744 2952
f 2062 2657 2656
f 2486 2293 2956
f 2293 2746 2956
f 2293 2394 2746
f 2394 2490 2748
f 2579 2397 2663
f 2490 2664 2850
f 2397 2582 2663
f 2667 2400 2858
f 2400 2503 2858
f 2500 2403 2501
f 1856 2755 2669
f 2755 2502 2756
f 2756 2502 2303
f 2503 2758 2863
f 2085 2086 2862
f 2862 2086 2757
f 2086 2669 2757
f 2670 2870 2864
f 1858 2672 3053
f 2503 2504 2758
f 2504 2505 2586
f 2088 2507 2759
f 3059 2509 2877
f 2510 2512 2590
f 2512 2673 2974
f 2312 2880 2593
f 2881 2592 2594
f 2594 2418 2766
f 2103 2516 2597
f 2601 2421 2602
f 1771 3640 2891
f 1771 2108 3640
f 2423 2979 2605
f 2524 1888 3189
f 2427 2780 2678
f 2427 2429 2780
f 2780 2429 2610
f 2429 2684 2610
f 2432 2528 2612
f 2348 2694 2700
f 2452 2620 2619
f 2452 2455 2620
f 2620 2455 2695
f 2455 2696 2695
f 2456 2538 2698
f 2698 2538 2621
f 2621 2538 2622
f 2538 2539 2622
f 2539 2540 2622
f 2699 2622 2454
f 2623 2625 2806
f 2457 2546 2807
f 2703 2458 2628
f 2807 2546 2630
f 2813 2256 2926
f 2546 2631 2630
f 2815 2264 2813
f 2631 2632 2810
f 2819 2551 2939
f 2555 2551 2819
f 2556 2558 2820
f 2366 2555 2709
f 2464 2562 2637
f 2825 2564 2946
f 2642 2567 2721
f 2567 2643 2721
f 2373 2718 2724
f 2643 2568 2644
f 2568 2472 2644
f 2644 2472 2645
f 2470 2374 2647
f 2472 2473 2645
f 2646 2284 2834
f 2284 2731 2834
f 2647 2374 2837
f 2374 2569 2837
f 2569 2732 2837
f 2569 2651 2732
f 2842 2484 2952
f 2653 2200 2654
f 2389 2741 2654
f 2742 2656 2953
f 2487 2660 2658
f 2487 2579 2660
f 2746 2394 2748
f 2490 2850 2748
f 2494 2492 2961
f 2663 2582 2665
f 2665 2582 2667
f 2750 2855 3050
f 2401 2666 2498
f 2861 2501 2860
f 2501 2402 2860
f 2858 2503 2863
f 2584 2500 2861
f 2500 2501 2861
f 2505 2760 2586
f 2759 2507 2508
f 2760 2506 2763
f 2309 2408 2764
f 2764 2408 2761
f 2506 3059 2763
f 2877 2509 2879
f 2510 2590 2879
f 2412 2414 3063
f 2414 2592 3063
f 2600 2771 2420
f 1879 2317 2888
f 2601 2602 3184
f 3184 2602 3185
f 2604 2423 2777
f 2777 2423 2605
f 1996 2224 3329
f 3329 2224 2676
f 2896 2525 2779
f 2525 2679 2779
f 2682 2683 2527
f 2680 2684 2782
f 2784 2232 2905
f 2232 2613 2905
f 2685 2533 2788
f 2686 2786 2532
f 2340 2787 2911
f 2697 2451 2915
f 2700 2694 2693
f 2619 2620 2694
f 2698 2621 2699
f 2621 2622 2699
f 2696 2623 2702
f 2702 2623 2806
f 2628 2350 2805
f 2350 2624 2805
f 2625 2629 2806
f 2803 2626 2804
f 2804 2626 2703
f 2626 2627 2703
f 2627 2458 2703
f 2633 2808 2811
f 2548 2634 2705
f 2550 2554 2937
f 2358 2556 2816
f 2816 2556 2818
f 2555 2819 2709
f 2637 2562 2713
f 2710 2563 3025
f 2468 2639 2563
f 2563 2639 2823
f 2468 2825 2946
f 2468 2946 2639
f 2946 2564 2826
f 2718 2642 2720
f 2642 2721 2720
f 2718 2720 2724
f 2720 2721 2722
f 2721 2643 2644
f 2721 2644 2722
f 2722 2644 2645
f 2722 2645 2728
f 2729 2724 2730
f 2645 2473 2725
f 2645 2725 2728
f 2473 2378 2726
f 2473 2726 2725
f 2378 2476 2726
f 2476 2832 2726
f 2476 2727 2832
f 2476 2829 2727
f 2833 2725 2835
f 2729 2730 2735
f 2735 2730 2733
f 2735 2733 2736
f 2733 2734 2736
f 2477 2570 2731
f 2734 2738 2736
f 2950 2570 2842
f 2570 2484 2842
f 2738 2737 2739
f 2737 2740 2739
f 2652 2653 2838
f 2655 2742 2741
f 2656 2846 2953
f 2656 2657 2846
f 2657 2486 2846
f 2486 2956 2846
f 2579 2663 2958
f 2663 2665 2958
f 2493 2853 2852
f 2665 2667 3049
f 2667 2858 3049
f 2402 2498 2860
f 2859 2585 2754
f 2862 3504 2964
f 2865 2672 2964
f 3053 2672 2865
f 2758 2504 2586
f 2508 2874 2872
f 2874 2412 2876
f 2412 3063 2972
f 2590 2512 2974
f 2592 2881 3063
f 2974 2673 2765
f 2975 2415 2882
f 2881 2594 2766
f 2593 2880 2883
f 2593 2883 2595
f 2882 2674 2885
f 2885 2597 2886
f 2514 2596 2977
f 2514 2977 2767
f 2767 2977 2768
f 2768 2977 2769
f 2766 2418 2887
f 2597 2516 2886
f 2768 2769 2771
f 2516 2772 2886
f 2887 2418 3070
f 2418 2105 3070
f 2517 3326 2774
f 1989 1879 2888
f 2105 2518 3070
f 2317 2601 2888
f 2518 2775 3070
f 2108 2894 3640
f 2224 2677 2676
f 2678 3191 3189
f 2982 2679 2681
f 2681 2431 3081
f 2431 2334 3081
f 2782 2611 5490
f 2334 2784 3081
f 2905 2613 2906
f 2533 2687 2788
f 2447 2340 2911
f 2687 2616 2994
f 2994 2616 2910
f 2693 2694 2916
f 2694 2620 2916
f 2916 2620 2917
f 2620 2695 2917
f 2695 3000 2917
f 2695 2696 3000
f 3000 2696 2797
f 2696 2702 2797
f 2698 2699 2794
f 2794 2699 2795
f 2794 2795 2921
f 2921 2795 2799
f 2699 2454 2795
f 2799 2795 2796
f 2795 2454 2796
f 2454 2700 2796
f 2700 2693 2796
f 2624 2698 2802
f 2698 2794 2802
f 2794 2921 2802
f 2624 2802 2925
f 2805 2624 2925
f 2803 2804 2928
f 2928 2804 2927
f 2804 2703 2927
f 2927 2703 2930
f 2703 2628 2930
f 2628 2805 2930
f 2807 2630 2809
f 2630 2810 2809
f 2632 2935 2810
f 2632 2633 2935
f 2706 2550 2814
f 2550 2937 2814
f 3017 2814 2937
f 3020 2818 2820
f 2820 2818 2556
f 2940 3020 2820
f 3111 2821 2559
f 2366 2709 2941
f 2637 2713 2943
f 2944 2366 2941
f 2824 2715 2944
f 3025 2563 2823
f 2371 2824 3117
f 2371 2369 2824
f 2369 2715 2824
f 2564 2371 2826
f 2826 2371 3117
f 2724 2720 2730
f 2730 2720 2831
f 2722 2728 2720
f 2720 2728 2831
f 2829 2474 2947
f 2474 2646 2947
f 2730 2831 2733
f 2728 2725 2833
f 2725 2726 2835
f 2726 2832 2835
f 2733 2831 2734
f 2831 2728 2734
f 2728 2833 2734
f 2738 2734 2839
f 2734 2833 2839
f 2570 2950 2731
f 2837 2732 3037
f 2732 2838 3037
f 2732 2651 2838
f 2738 2839 2737
f 2651 2652 2838
f 2737 2839 2740
f 2740 2839 2951
f 2654 2741 2840
f 2741 2742 2843
f 2742 2953 3139
f 2955 2578 2847
f 2578 2848 2847
f 2578 2658 2848
f 3045 2848 2658
f 2746 3152 2956
f 2660 2579 2958
f 2748 2850 3156
f 2958 2665 2851
f 2665 3049 2851
f 2666 2750 3297
f 2860 2498 2962
f 2303 2584 2756
f 2862 2757 2963
f 2757 2669 2963
f 2758 2586 2867
f 2867 2586 2760
f 3054 2759 2967
f 2967 2759 2871
f 2759 2508 2872
f 2759 2872 2871
f 2871 2872 3176
f 3176 2872 2874
f 2412 2972 2876
f 2879 2590 2973
f 2590 2974 2973
f 2766 3422 2881
f 2516 3325 2772
f 2516 1989 3325
f 3325 1989 2888
f 3070 2775 2890
f 2775 2891 2890
f 3185 2602 2776
f 2979 1996 3329
f 2896 2779 3335
f 3191 2678 2983
f 2678 2780 2983
f 2610 2680 2780
f 2681 3081 3659
f 5490 2988 2986
f 2784 2905 2904
f 2988 2788 2991
f 2991 2788 2908
f 2788 2687 2908
f 2687 2994 2908
f 3000 2797 2918
f 3003 2796 2919
f 2796 2693 2919
f 3008 2921 3005
f 2921 2799 3005
f 2799 3098 3005
f 2799 2796 3098
f 2924 3004 2920
f 2802 3008 3009
f 2805 3012 2930
f 2805 2925 3012
f 2925 2802 3009
f 2807 2809 3355
f 3355 2809 3013
f 2927 2929 2928
f 2929 2927 3011
f 2927 2930 3011
f 2704 2934 3010
f 3011 2930 2933
f 2930 3012 2933
f 2809 2931 3013
f 2809 2810 2931
f 2931 2810 2932
f 2810 2935 2932
f 2633 2811 2935
f 2811 2808 2928
f 2815 2813 2938
f 3016 3017 2817
f 3017 2937 2817
f 2939 2815 2938
f 3110 3245 3021
f 3021 2821 3110
f 2823 2639 2945
f 2639 2946 3367
f 2727 3124 2832
f 2947 2646 2948
f 2646 2834 2948
f 2835 2832 3129
f 2833 2835 2949
f 2835 3129 3138
f 2835 3138 2949
f 2731 3131 2834
f 2731 2950 3131
f 2833 2949 2839
f 2949 3138 2951
f 2842 2952 3040
f 2843 2742 3139
f 2952 2744 3145
f 2744 2955 3145
f 2846 3041 2953
f 2846 2956 3041
f 2956 3152 3283
f 3152 2746 3044
f 2658 2660 3045
f 3045 2660 2957
f 2660 2958 2957
f 3294 3158 2959
f 2750 3050 3297
f 3049 2858 3051
f 2861 2860 3301
f 2858 2863 3051
f 2756 2584 3410
f 2670 2864 3305
f 2758 3307 2863
f 2865 2964 3306
f 3307 2758 2867
f 2864 2870 3169
f 2966 2967 3055
f 2967 2871 3055
f 3055 2871 3176
f 2760 2763 3056
f 3056 2763 3058
f 3059 2877 3178
f 3178 2877 3061
f 2877 2879 3061
f 2879 2973 3061
f 2974 2765 3320
f 3320 2765 2975
f 2976 2882 2885
f 2885 2886 3423
f 2766 2887 3324
f 3324 2887 3183
f 3423 2886 3424
f 2886 2772 3424
f 2887 3070 3183
f 3185 2776 3328
f 2894 2522 3332
f 2522 2524 3646
f 2983 2780 2984
f 2780 2680 3079
f 2780 3079 2984
f 3079 2680 2985
f 2680 2782 2985
f 2782 5490 2985
f 3081 2784 3441
f 3080 2985 3083
f 5490 2986 2985
f 3083 2985 2986
f 3441 2784 2904
f 3084 2986 2988
f 2904 2905 2990
f 2787 2987 2989
f 2905 2906 2990
f 2990 2906 2993
f 2992 2790 3087
f 2790 2792 3091
f 2916 2917 3204
f 3204 2917 2999
f 2917 3000 2999
f 3000 2918 3093
f 3093 2918 3094
f 2918 2920 3094
f 3097 2915 3202
f 3098 2796 3002
f 2796 3003 3002
f 3225 3008 3099
f 2807 3355 3103
f 3008 3225 3009
f 2925 3009 3012
f 3011 3015 2929
f 3011 2933 3015
f 2813 2926 3463
f 2935 3014 2932
f 2935 2811 3014
f 2811 2929 3238
f 2811 2928 2929
f 3020 3018 2818
f 3242 3020 2940
f 3245 3019 3021
f 3019 3242 3021
f 3242 2940 3021
f 3113 3254 2943
f 3254 3111 2943
f 2941 2709 3022
f 2941 3022 3023
f 2710 3025 2942
f 2944 3023 3024
f 3025 2823 3026
f 2824 2944 3024
f 2824 3029 3369
f 3117 2824 3369
f 2946 2826 3367
f 2826 3117 3116
f 2829 2947 2727
f 2947 3036 2727
f 3036 2947 2948
f 2647 2837 3123
f 3129 2832 3124
f 2948 2834 3127
f 2950 2842 3140
f 3140 2842 3040
f 3037 2838 3136
f 2840 2741 3137
f 2741 3039 3137
f 2741 2843 3039
f 3139 2953 3143
f 2955 2847 3149
f 2956 3283 3041
f 2847 2848 3149
f 2746 2849 3044
f 2957 2958 2851
f 2957 2851 3163
f 3050 2961 3161
f 3163 3049 3051
f 3302 2861 3301
f 3051 2863 3307
f 2754 2670 3305
f 2862 2963 3504
f 2964 3504 3506
f 3053 2865 3306
f 3169 2870 3054
f 3412 2867 3171
f 3055 3167 2966
f 3054 2967 3168
f 2867 2760 3171
f 3174 3171 2760
f 2760 3056 3174
f 3311 3055 3057
f 3057 3055 3176
f 2973 2974 3320
f 3067 3064 3181
f 2882 2976 3066
f 2885 3423 2976
f 3424 2772 3520
f 2772 3325 3520
f 2888 2601 3427
f 2894 3332 3642
f 2605 2979 3188
f 3329 2676 3525
f 2896 3335 4048
f 3192 2982 2681
f 2984 3079 3336
f 3336 3079 3080
f 3337 3336 3080
f 2985 3080 3079
f 3337 3080 3083
f 3083 2986 3084
f 2904 2990 3445
f 2988 2991 3084
f 2908 2994 3547
f 2994 2910 3349
f 3000 3093 2999
f 2919 2693 3206
f 3206 2693 3095
f 2693 2916 3095
f 2916 3204 3095
f 3094 2920 3213
f 3003 2919 3206
f 2920 3004 3213
f 3213 3004 3215
f 3008 3005 3099
f 3005 3098 3099
f 3099 3098 3100
f 3100 3098 3101
f 3098 3002 3101
f 3003 3216 3002
f 3009 3225 3236
f 3012 3009 3234
f 3010 2934 3223
f 3232 3106 2936
f 3013 3105 3355
f 3013 2931 3105
f 3017 3016 3107
f 2931 2932 3105
f 3105 2932 3108
f 3014 2811 3238
f 2929 3015 3244
f 2933 3239 3015
f 2933 3012 3239
f 3016 3018 3107
f 2939 2938 3109
f 3242 3243 3020
f 2709 2819 3022
f 3254 3112 3111
f 3024 3023 3255
f 2823 2945 3261
f 2823 3261 3026
f 2639 3367 2945
f 3031 3120 3262
f 3035 2647 3123
f 3124 2727 3125
f 2727 3036 3125
f 3125 3036 3126
f 3036 2948 3126
f 2837 3037 3123
f 3124 3271 3129
f 3124 3125 3271
f 3271 3125 3126
f 3037 3134 3123
f 2948 3127 3126
f 3126 3127 3130
f 2834 3131 3127
f 3127 3131 3133
f 3130 3127 3135
f 3127 3133 3135
f 3131 2950 3133
f 2950 3140 3133
f 3037 3136 3134
f 3133 3140 3135
f 3140 3040 3142
f 2952 3278 3040
f 3142 3040 3278
f 2952 3145 3278
f 3145 2955 3149
f 3148 3282 3287
f 3149 2848 3150
f 2848 3042 3150
f 3150 3042 3396
f 2848 3045 3042
f 3152 3044 3288
f 3044 3289 3288
f 3045 2957 3159
f 3294 3401 3158
f 2957 3163 3159
f 3158 3402 3161
f 3159 3163 3164
f 3050 3161 3162
f 3162 3161 3403
f 2851 3049 3163
f 3296 3050 3162
f 3297 3050 3296
f 3164 3163 3051
f 2860 2962 3301
f 2756 3410 2755
f 3166 3304 3167
f 3053 3306 3170
f 3170 3306 3308
f 3307 2867 3412
f 3310 3166 3311
f 3166 3167 3311
f 3168 3169 3054
f 3309 2866 3170
f 3309 3170 3308
f 3167 3055 3311
f 3175 3057 3176
f 3176 2874 3175
f 3313 3058 3178
f 2874 3626 3175
f 3058 3059 3178
f 2874 2876 3626
f 3419 3178 3061
f 3061 2973 3421
f 2972 3063 3319
f 2973 3320 3421
f 2975 3066 3518
f 3325 2888 3790
f 3790 2888 3427
f 2601 3184 3427
f 2777 3430 3328
f 3430 2777 2605
f 3524 3187 3074
f 2979 3329 3188
f 2522 3646 3332
f 2677 2896 4048
f 3646 2524 3433
f 2524 3189 3433
f 3437 2984 3336
f 3341 3337 3083
f 3341 3083 3195
f 3195 3083 3084
f 2990 2993 3197
f 3084 2991 3450
f 2991 2908 3450
f 2992 3087 3198
f 3347 3345 3199
f 2910 3201 3349
f 3201 3454 3349
f 3202 2915 3549
f 3204 2999 3205
f 2999 3093 3205
f 3093 3094 3205
f 3206 3095 3210
f 3095 3204 3210
f 3210 3204 3208
f 3208 3204 3209
f 3204 3205 3209
f 3205 3207 3209
f 3205 3094 3207
f 3094 3213 3207
f 3210 3208 3217
f 3208 3209 3211
f 3211 3209 3212
f 3209 3207 3212
f 3207 3213 3212
f 3097 3202 3554
f 3206 3216 3003
f 3206 3210 3216
f 3216 3210 3217
f 3218 3211 3214
f 3211 3212 3214
f 3214 3212 3215
f 3212 3213 3215
f 3211 3218 3222
f 3218 3214 3102
f 3225 3099 3100
f 3225 3100 3226
f 3226 3100 3219
f 3100 3101 3219
f 3219 3101 3220
f 3101 3002 3216
f 3101 3216 3220
f 3220 3216 3217
f 3221 3217 3222
f 3222 3218 3223
f 3223 3218 3010
f 3227 3219 3228
f 3219 3220 3228
f 3228 3220 3229
f 3229 3220 3221
f 3220 3217 3221
f 3236 3225 3235
f 3225 3226 3235
f 3219 3227 3237
f 3227 3228 3230
f 3230 3228 3231
f 3228 3229 3231
f 3229 3221 3231
f 3231 3221 3232
f 3232 3221 3233
f 3221 3222 3233
f 3222 3223 3233
f 3009 3236 3234
f 3226 3219 3235
f 3235 3219 3240
f 3219 3237 3240
f 3237 3227 3230
f 3230 3231 3107
f 3231 3017 3107
f 3237 3230 3243
f 3243 3230 3018
f 3230 3107 3018
f 2938 3463 3464
f 2932 3014 3108
f 3234 3236 3241
f 3241 3236 3240
f 3236 3235 3240
f 3240 3237 3243
f 3012 3234 3239
f 3239 3234 3248
f 3234 3241 3248
f 3241 3240 3019
f 3019 3240 3242
f 3240 3243 3242
f 3358 3238 3244
f 2929 3244 3238
f 3015 3239 3244
f 3241 3019 3245
f 3358 3244 3246
f 3246 3244 3247
f 3244 3239 3247
f 3247 3239 3248
f 3248 3241 3251
f 3241 3245 3251
f 2819 3109 3565
f 3362 3246 3256
f 3246 3247 3256
f 3249 3247 3250
f 3250 3247 3251
f 3247 3248 3251
f 3251 3245 3252
f 3247 3249 3256
f 3250 3251 3254
f 3254 3251 3112
f 3245 3110 3252
f 3251 3252 3112
f 3249 3250 3113
f 3250 3254 3113
f 3249 3253 3256
f 3253 3249 3113
f 3023 3466 3469
f 3023 3022 3466
f 3362 3256 3360
f 3360 3256 3259
f 3259 3256 3260
f 3113 3115 3253
f 3256 3253 3260
f 3260 3253 3115
f 3365 3471 3028
f 3257 3026 3261
f 3261 2945 3366
f 2945 3367 3366
f 3116 3117 3369
f 2826 3116 3368
f 3030 3031 3262
f 3267 3123 3134
f 3376 3128 3268
f 3126 3130 3271
f 3128 3139 3270
f 3136 3137 3377
f 3137 3039 3377
f 3129 3271 3272
f 3272 3271 3273
f 3271 3130 3273
f 3130 3135 3380
f 3138 3129 3272
f 3130 3380 3273
f 3380 3135 3275
f 3135 3140 3274
f 3141 3272 3276
f 3272 3273 3276
f 3275 3135 3274
f 3140 3142 3274
f 3141 3276 3147
f 3275 3274 3277
f 3143 2953 3379
f 2953 3041 3379
f 3147 3276 3282
f 3275 3277 3279
f 3278 3145 3280
f 3145 3149 3280
f 3276 3384 3282
f 3279 3277 3387
f 3274 3142 3385
f 3142 3278 3385
f 3385 3278 3280
f 3149 3150 3280
f 3283 3281 3041
f 3283 3152 3285
f 3284 3150 3396
f 3282 3390 3287
f 3152 3288 3285
f 3042 3045 3292
f 3045 3159 3292
f 3294 3293 3399
f 3294 3399 3401
f 3158 3401 3402
f 3161 3402 3403
f 3296 3162 3407
f 3298 3297 3296
f 3297 3298 2962
f 3404 3051 3307
f 2669 2755 3503
f 2755 3410 3618
f 3616 3410 3302
f 3409 3166 3310
f 3304 3502 3167
f 3167 3502 3168
f 3502 3169 3168
f 3171 3174 3507
f 3174 3056 3313
f 2876 2972 3420
f 3419 3061 3627
f 2972 3319 3420
f 3318 3317 3514
f 3318 3514 3180
f 3421 3320 3630
f 3063 2881 3319
f 2881 3065 3319
f 3180 3517 3181
f 3631 3518 3066
f 3920 3066 2976
f 2766 3324 3422
f 3183 3070 3638
f 3070 2890 3638
f 3427 3184 3428
f 3428 3184 3185
f 3074 3073 3524
f 2605 3188 3430
f 2676 2677 3644
f 3189 3191 3433
f 3191 3434 3433
f 2982 3649 2779
f 3529 3436 3438
f 3649 2982 3192
f 3191 2983 3437
f 3437 2983 2984
f 3531 3437 3336
f 3192 2681 3809
f 3440 3336 3337
f 3440 3337 3339
f 3442 3339 3443
f 3339 3337 3341
f 3447 3341 3195
f 2990 3197 3445
f 3198 3087 3344
f 2908 3547 3450
f 3087 3199 3344
f 3344 3199 3345
f 3454 3201 3350
f 3554 3202 3553
f 3217 3208 3222
f 3557 3097 3554
f 3352 3354 3461
f 3105 3356 3355
f 3105 3108 3356
f 3014 3238 3108
f 3108 3238 3357
f 3109 2938 3464
f 3357 3238 3358
f 3357 3358 3359
f 3358 3246 3362
f 3359 3358 3362
f 3359 3362 3360
f 3570 3359 3471
f 3359 3360 3471
f 3360 3259 3471
f 3024 3255 3363
f 3257 3261 3573
f 3029 3363 3473
f 3573 3261 3366
f 3369 3029 3473
f 3368 3116 3369
f 3120 3267 3378
f 3376 3268 3373
f 3039 3376 3377
f 3143 3579 3270
f 3273 3380 3384
f 3381 3478 3382
f 3273 3384 3276
f 3380 3275 3384
f 3275 3279 3384
f 3041 3281 3379
f 3279 3387 3384
f 3390 3384 3387
f 3387 3277 3391
f 3391 3277 3385
f 3277 3274 3385
f 3386 3389 3388
f 3389 3386 3281
f 3385 3280 3284
f 3150 3284 3280
f 3281 3285 3389
f 3283 3285 3281
f 3384 3390 3282
f 3391 3385 3395
f 3385 3284 3395
f 3395 3284 3396
f 3285 3288 3481
f 3390 3387 3482
f 3482 3387 3393
f 3387 3391 3393
f 3391 3394 3393
f 3391 3395 3394
f 3395 3396 3483
f 3288 3392 3481
f 3288 3289 3392
f 3289 3153 3392
f 3483 3396 3292
f 3042 3292 3396
f 3291 3155 3398
f 3155 3157 3398
f 3292 3159 3487
f 3400 3156 3599
f 3402 3401 3488
f 3403 3402 3601
f 3162 3403 3407
f 3164 3051 3404
f 3405 3490 3406
f 3405 3406 3499
f 3298 3296 3407
f 3298 3407 3609
f 3406 3408 3499
f 3499 3408 3757
f 2962 3298 3615
f 3501 3166 3409
f 3501 3497 3166
f 2962 3615 3301
f 3497 3304 3166
f 2859 2754 3612
f 3304 3746 3502
f 3302 3301 3303
f 2963 2669 3503
f 3404 3307 3505
f 3505 3307 3412
f 3502 3411 3169
f 3171 3507 3412
f 3309 3308 3172
f 3507 3174 3509
f 3511 3310 3057
f 3310 3311 3057
f 3511 3057 3175
f 3624 3509 3313
f 3509 3174 3313
f 3178 3624 3313
f 3419 3624 3178
f 3175 3626 4026
f 3626 2876 3513
f 2876 3420 3513
f 3061 3421 3627
f 3420 3319 3629
f 3630 3320 3518
f 3181 3517 3918
f 3181 3918 3067
f 2976 3423 3634
f 3323 3636 3068
f 3183 3638 3637
f 3068 3636 2675
f 3325 3790 3520
f 2891 3186 2890
f 3791 3328 3523
f 3328 3430 3523
f 3329 3525 3188
f 2677 4048 3644
f 3335 2779 4145
f 3436 3529 3648
f 3434 3191 3435
f 3436 3530 3438
f 3191 3437 3435
f 3529 3438 3534
f 3534 3438 3439
f 3440 3531 3336
f 3652 3440 3536
f 3438 3530 3439
f 2681 3659 3809
f 3536 3440 3339
f 3536 3339 3442
f 3081 3441 3659
f 3443 3339 3341
f 3441 2904 3445
f 3195 3449 3447
f 3445 3197 3448
f 3195 3084 3449
f 3084 3450 3449
f 3450 3547 3544
f 2994 3349 3547
f 3354 3224 3461
f 3463 3557 3853
f 3356 3108 3566
f 3108 3357 3566
f 3566 3357 3569
f 3569 3357 3359
f 3361 3255 3469
f 3571 3570 3471
f 3364 3571 3471
f 3472 3363 3468
f 3368 3369 3572
f 3369 3473 3572
f 3367 3574 3366
f 3367 3368 3574
f 3379 3581 3579
f 3379 3281 3584
f 3584 3281 3586
f 3386 3388 3479
f 3587 3479 3480
f 3479 3388 3480
f 3388 3389 3589
f 3389 3285 3589
f 3484 3587 3486
f 3480 3388 3725
f 3481 3392 3482
f 3392 3390 3482
f 3395 3483 3394
f 3482 3393 3592
f 3393 3394 3590
f 3393 3590 3592
f 3483 3292 3591
f 3485 3484 3486
f 3591 3292 3487
f 3159 3492 3487
f 3599 3156 3489
f 3489 3295 3495
f 3159 3164 3492
f 3490 3879 3406
f 3604 3490 3405
f 3492 3164 3404
f 3406 3493 3611
f 3407 3403 3607
f 3608 3492 3404
f 3888 3405 3755
f 3494 3497 3501
f 3609 3407 3607
f 3405 3499 3755
f 3497 3496 3304
f 3298 3609 3498
f 3298 3498 3615
f 3312 3165 3756
f 3606 3501 3409
f 3303 3301 3761
f 3301 3615 3761
f 2754 3305 3612
f 3608 3404 3505
f 2755 3618 3503
f 3618 3410 3616
f 3302 3303 3616
f 3305 2864 3411
f 3619 3409 3773
f 3409 3310 3773
f 3773 3310 3511
f 3172 3308 3621
f 3913 3624 3419
f 3629 3319 3786
f 3515 3630 3518
f 3632 3518 3631
f 3516 3321 2971
f 3067 3918 3322
f 3422 3788 3065
f 2976 3634 3787
f 3422 3324 3789
f 3634 3423 3424
f 3427 4038 3790
f 3427 3428 4038
f 3328 3791 3185
f 3432 3931 3333
f 3332 3646 3643
f 4145 2779 3796
f 3527 3648 3932
f 3648 3527 3436
f 3436 3527 3798
f 3796 2779 3649
f 3651 3440 3652
f 3651 3531 3440
f 3530 3532 3537
f 3534 3439 5491
f 3439 3530 3658
f 3530 3537 3658
f 5491 3439 3660
f 3804 3536 3442
f 3439 3658 3660
f 3537 3535 3663
f 3804 3442 3661
f 3664 3661 3442
f 3664 3442 3676
f 3680 3671 3539
f 3676 3442 3443
f 3680 3539 3541
f 3673 3540 3539
f 3541 3539 3682
f 3676 3443 3543
f 3441 3445 3953
f 3539 3540 3682
f 3540 3542 3685
f 3540 3676 3542
f 3953 3445 3829
f 3676 3543 3542
f 3540 3685 3682
f 3543 3443 3683
f 3443 3341 3447
f 3443 3447 3683
f 3445 3448 3829
f 3961 3447 3449
f 3448 3197 3344
f 3547 3349 3548
f 3349 3454 3850
f 3454 3551 3965
f 3694 3109 3692
f 3109 3464 3692
f 3356 3566 3696
f 3565 3109 3694
f 3696 3566 3569
f 3569 3359 3570
f 3573 3366 3701
f 3581 3379 3584
f 3285 3481 3589
f 3589 3481 3720
f 3388 3589 3725
f 3481 3482 3720
f 3484 3485 3723
f 3480 3725 3587
f 3725 3589 3873
f 3589 3720 3873
f 3720 3482 3592
f 3590 3394 3593
f 3394 3483 3593
f 3593 3483 3591
f 3486 3587 3725
f 3592 3590 3728
f 3720 3592 3727
f 3593 3591 3487
f 3726 3486 3725
f 3485 3486 3726
f 3592 3728 3727
f 3590 3593 3731
f 3593 3487 3731
f 3597 3724 3594
f 3731 3487 3492
f 3596 3597 3736
f 3597 3594 3736
f 3598 3594 3875
f 3594 3598 3494
f 3599 3489 3740
f 3594 3494 3736
f 3598 3875 3496
f 3603 3879 3490
f 3742 3490 3604
f 3406 3879 3493
f 3736 3494 3606
f 3738 3492 3608
f 3606 3494 3501
f 3604 3405 3888
f 3609 3607 3751
f 3610 3738 3608
f 3753 3498 3609
f 3611 4002 3408
f 3746 3892 3502
f 3499 3757 3755
f 3502 3892 3411
f 3761 3615 3759
f 3757 3408 3760
f 3606 3409 3619
f 3616 3303 3761
f 3610 3608 3505
f 3504 2963 3617
f 3504 3617 3506
f 2963 3503 3617
f 3617 3503 4111
f 4011 3503 3618
f 3610 3505 3507
f 3505 3412 3507
f 3610 3507 3620
f 3621 3308 3909
f 3909 3308 4021
f 3620 3507 3509
f 3620 3509 3776
f 3511 3175 3779
f 3779 3175 4026
f 3913 3419 3627
f 3782 3627 3628
f 3513 3420 3915
f 3420 3629 3915
f 3628 3421 3630
f 3630 3515 3785
f 3515 3518 3632
f 3918 3517 4033
f 3631 3920 3632
f 3920 2976 3787
f 3422 3789 3788
f 3425 3633 3635
f 3789 3183 3637
f 3793 3430 3188
f 3931 4045 3076
f 3076 4045 3645
f 3433 3434 3795
f 3795 3434 4049
f 3434 3435 4049
f 3436 3798 3801
f 3436 3801 3530
f 3800 3435 3531
f 3529 3803 3799
f 3801 3532 3530
f 3532 3805 3535
f 3535 3805 3656
f 3660 3658 3662
f 3658 3537 3662
f 3662 3537 3663
f 3656 3670 3663
f 3662 3663 3947
f 3947 3663 3667
f 3663 3670 3667
f 3670 3812 3672
f 3947 3667 3674
f 3812 3668 3671
f 3812 3671 3672
f 3667 3670 3678
f 3667 3678 3675
f 3678 3670 3672
f 3680 3672 3671
f 3668 3673 3671
f 3674 3667 3675
f 3671 3673 3539
f 3820 3664 3540
f 3672 3680 3678
f 3673 3819 3540
f 3819 3820 3540
f 3540 3664 3676
f 3679 3678 3680
f 3679 3680 3840
f 3680 3541 3840
f 3840 3541 4078
f 3542 3842 3960
f 3542 3543 3842
f 3543 3683 3842
f 3541 3682 3684
f 3542 3960 3685
f 3683 3447 3961
f 3686 3448 3344
f 3544 3547 3548
f 3548 3349 3850
f 3552 3550 4194
f 3550 3964 4194
f 3551 4195 4082
f 3551 3552 4195
f 3692 3463 3853
f 3462 3696 3857
f 3565 3694 3855
f 3565 3855 3856
f 3466 3565 3856
f 3569 3570 3696
f 3696 3570 3858
f 3858 3570 3571
f 3366 3704 3701
f 3366 3574 3704
f 3704 3574 3703
f 3474 3580 3705
f 3708 3478 3583
f 3478 3708 3711
f 3973 3583 3582
f 3581 3584 3712
f 3712 3584 3714
f 3585 3383 4086
f 3383 3976 4086
f 3864 3724 3721
f 3864 3722 3724
f 3721 3724 3729
f 3981 3720 3727
f 3590 3731 3728
f 3728 3731 3730
f 3729 3724 3597
f 3726 3725 3986
f 3485 3726 3980
f 3727 3728 3730
f 3729 3597 3596
f 3730 3731 3732
f 3735 3729 3595
f 3729 3596 3595
f 3727 3730 3881
f 3881 3730 3732
f 3595 3989 3734
f 3595 3596 3989
f 3739 3877 3733
f 3877 3735 3733
f 3989 3596 3880
f 3596 3736 3880
f 3600 3599 3740
f 3732 3731 3738
f 3733 3735 3734
f 3735 3595 3734
f 3875 3737 3496
f 3879 3739 3493
f 3739 3733 3885
f 3733 3882 3885
f 3733 3734 3882
f 3880 3736 3606
f 3493 3739 3885
f 3737 3886 3746
f 3732 3738 3744
f 3883 3604 3745
f 3495 3749 3747
f 3493 3885 3611
f 3885 3887 3611
f 3745 3604 3888
f 3751 3607 3752
f 3753 3609 3751
f 3744 3738 3902
f 3738 3610 3765
f 3746 3886 3892
f 3498 3753 3889
f 3615 3498 3889
f 3902 3738 3765
f 3759 3615 3897
f 3757 3760 4005
f 3758 3612 3305
f 3616 3761 3901
f 4111 3503 3764
f 3618 3616 4115
f 4115 3616 3901
f 3772 3621 3908
f 3621 3909 3908
f 3610 3620 4017
f 3773 3511 4237
f 4023 4017 3620
f 4023 3620 3776
f 4237 3511 3779
f 4025 3776 3913
f 3776 3509 3913
f 3782 3913 3627
f 3626 3513 4026
f 3513 3915 4358
f 3785 3628 3630
f 4032 3785 3515
f 4032 3515 3632
f 3786 3065 4031
f 3065 3788 4031
f 3519 3921 4132
f 4037 3787 3634
f 3424 3520 3639
f 3639 3520 3790
f 3185 3791 3428
f 3186 3640 3792
f 3791 3523 3926
f 3640 3642 3792
f 3188 3525 3930
f 3525 2676 3930
f 2676 3644 3930
f 3332 3643 4460
f 4048 3335 4145
f 3646 3433 4262
f 3648 3799 3797
f 3800 4049 3435
f 3649 4267 3796
f 3799 3803 4054
f 3649 3192 4267
f 3652 3804 4050
f 3192 3809 4267
f 3656 3805 3811
f 3656 3811 3670
f 3660 3662 3810
f 3811 3812 3670
f 3809 3659 4282
f 3659 3441 4282
f 3661 3664 3820
f 3668 3819 3673
f 3947 3674 3949
f 3674 3675 3949
f 3675 3950 3949
f 3675 3678 3950
f 3678 3679 4066
f 3678 4066 3951
f 3829 3448 4178
f 3541 3684 4078
f 3683 3961 3842
f 3448 3686 4178
f 3684 3682 3844
f 3682 3685 3844
f 3685 3841 3844
f 3841 3685 3960
f 3449 3847 3961
f 3450 3544 3847
f 3449 3450 3847
f 3549 3348 4193
f 3544 3548 4314
f 3850 3454 3965
f 3692 3853 3971
f 3854 3693 3856
f 3858 3571 3700
f 3700 3701 3702
f 3701 3704 3702
f 3708 3583 3972
f 3708 4196 3711
f 3582 3710 3973
f 3712 3714 3715
f 3859 3713 3709
f 3713 3861 4087
f 3585 4086 3861
f 3863 3977 3864
f 3863 3864 3721
f 3722 3864 3866
f 3722 3866 4204
f 3722 4204 3869
f 3978 3721 3729
f 3720 3870 3873
f 3720 3981 3870
f 3981 3727 3876
f 3869 3983 3875
f 3725 3873 3990
f 3877 3978 3735
f 3978 3729 3735
f 3875 3983 3737
f 3725 3990 3986
f 3727 3881 3876
f 3726 3986 3980
f 3987 3876 3881
f 3988 3985 3739
f 3985 3877 3739
f 3734 3989 4095
f 3754 3748 3993
f 3988 3879 4208
f 3987 3881 3744
f 3732 3744 3881
f 3882 3734 3994
f 3734 4095 3994
f 3887 3885 3882
f 3745 3888 3995
f 3987 3744 3997
f 3884 3606 3619
f 3888 3755 3995
f 3995 3755 3895
f 3997 3744 3902
f 3755 3757 3895
f 3615 3889 3894
f 3757 4005 3895
f 3997 3902 4112
f 3758 3305 4106
f 3408 4002 3760
f 4225 3619 4232
f 4108 3762 4007
f 4007 3762 3899
f 3763 3900 3899
f 3899 3900 3898
f 3764 3503 4011
f 3902 3765 4117
f 4117 3765 4017
f 3765 3610 4017
f 4232 3619 3773
f 3904 3908 4015
f 4015 3908 4018
f 3773 4237 4232
f 4124 3782 4126
f 4125 4026 3513
f 3782 3628 4127
f 4029 3785 4032
f 4036 3632 3920
f 3789 4137 3788
f 3424 3639 3634
f 3637 3638 4249
f 3638 2890 4368
f 3925 4673 3522
f 3792 3642 4254
f 3523 3430 3793
f 3188 3930 3793
f 3642 3332 4460
f 3930 3644 4046
f 3644 4048 4046
f 4261 3646 4262
f 3433 3795 4262
f 4050 3804 4055
f 4055 3804 3936
f 4057 4060 3811
f 3660 3810 5491
f 3811 4060 3812
f 3945 3939 4157
f 4060 3942 3668
f 3668 3942 3819
f 3942 3943 3819
f 3943 3820 3819
f 3943 3944 3820
f 3944 3937 3820
f 4282 3441 3677
f 3662 3947 4387
f 3662 4387 4063
f 3947 3949 3948
f 3950 3678 3951
f 3952 3834 4071
f 4071 3834 3835
f 3827 3825 3955
f 3955 3825 4065
f 3953 3829 4178
f 4311 3840 4078
f 3842 3961 4077
f 3344 3345 3686
f 4495 3686 3345
f 4078 3684 4079
f 3684 3844 4079
f 3844 3841 4079
f 3544 4314 4190
f 3548 3850 4314
f 3694 3971 3855
f 3861 4201 4087
f 3866 4203 4204
f 3978 3877 4088
f 3990 3873 3870
f 3981 3984 3870
f 3981 3876 3984
f 3984 3876 3987
f 4091 3990 4093
f 3990 3870 4093
f 4093 3870 3984
f 3989 3880 3991
f 3991 3880 3884
f 3984 3987 3992
f 3882 4217 3887
f 4217 3882 4215
f 3882 3994 4215
f 4100 3992 4000
f 3992 3987 3997
f 3884 3619 4225
f 3892 4094 4104
f 3998 4100 4000
f 4000 3992 4001
f 5492 4102 3999
f 4102 3996 3999
f 3996 3998 3999
f 3999 3998 3894
f 3894 3998 4004
f 3998 4000 4004
f 4003 5492 3893
f 3894 4004 3897
f 3992 3997 4001
f 4002 3611 3887
f 4004 4000 4009
f 4000 4001 4009
f 4001 3997 4112
f 4001 4112 4010
f 4005 3760 4110
f 3899 4008 4007
f 3899 3898 4008
f 3892 4104 3766
f 3897 4004 4009
f 3898 3900 4341
f 3618 4115 4011
f 3901 3761 4013
f 3761 3759 4013
f 3900 3768 4341
f 4341 3768 4116
f 3617 4111 4227
f 4115 3901 4425
f 4112 3902 4117
f 3768 3904 4116
f 3904 4015 4116
f 4020 4117 4017
f 3908 3909 4021
f 3908 4021 4018
f 4020 4017 4023
f 3776 4121 4023
f 4121 3776 4025
f 4124 4025 3913
f 4126 3782 4127
f 3628 3785 4127
f 3629 4244 3915
f 3629 3786 4030
f 3517 3784 4033
f 3786 4031 4030
f 3918 4033 4034
f 3787 4036 3920
f 3787 4037 4036
f 4132 4134 3323
f 3323 4134 4135
f 3639 3790 4138
f 3924 3923 4040
f 3428 4253 4038
f 3428 3791 4369
f 3791 3926 4369
f 3073 3927 3641
f 3797 4146 3932
f 4147 4049 3800
f 4145 3796 4148
f 3797 4051 4150
f 4147 3800 4050
f 4051 4054 4052
f 4266 4053 4372
f 3934 4268 4057
f 3806 4056 4271
f 3936 4058 4055
f 3935 3941 4059
f 4158 4161 4060
f 3809 4282 4573
f 4060 4161 3942
f 3942 4160 3943
f 4160 3944 3943
f 3810 4063 4275
f 3810 3662 4063
f 3941 3946 4064
f 4387 3947 4167
f 3947 3948 4167
f 3949 3950 4172
f 4172 3950 3951
f 3954 3952 4173
f 4173 3952 4169
f 3952 4071 4169
f 4066 3679 4072
f 4071 3835 4070
f 3679 3840 4072
f 3840 4309 4072
f 4488 4178 3686
f 3840 4311 4309
f 3841 3960 4405
f 3960 4077 4405
f 4078 4079 4187
f 3841 4080 4079
f 3847 3544 4190
f 4195 3552 4194
f 4083 3972 4197
f 4086 3976 4084
f 3977 3863 4316
f 3866 4202 4203
f 4319 4088 3979
f 3979 3985 4320
f 3872 3980 4210
f 3980 3986 4210
f 3986 4092 4210
f 3986 3990 4092
f 4095 3989 3991
f 3991 3884 4213
f 4092 3990 4091
f 4091 4093 4096
f 4093 3984 4100
f 4092 4091 4097
f 4096 4093 4100
f 4097 4091 4098
f 4091 4096 4098
f 3994 4095 4215
f 4098 4096 4099
f 4099 4096 4100
f 4216 4097 4098
f 4098 4099 4101
f 4099 3996 4101
f 4216 4098 4101
f 4101 3996 4102
f 4106 3305 4114
f 4009 4001 4010
f 3760 4339 4113
f 4111 3764 4227
f 3759 3897 4229
f 3759 4229 4013
f 3897 4009 4229
f 4010 4112 4012
f 4112 4117 4012
f 4425 3901 4228
f 3901 4013 4228
f 4009 4010 4230
f 4009 4230 4229
f 4228 4013 4229
f 4117 4020 4119
f 4117 4119 4012
f 4120 4012 4119
f 4120 4119 4121
f 4119 4020 4121
f 4020 4023 4121
f 4238 4120 4121
f 4238 4121 4025
f 3779 4026 4125
f 4238 4025 4124
f 4355 4126 4127
f 4125 3513 4358
f 4241 4127 3785
f 4028 4129 3784
f 3784 4129 4034
f 4034 4129 4246
f 4034 4362 4363
f 4031 3788 4247
f 3921 4035 4133
f 3921 4133 4132
f 4131 4036 4037
f 3788 4137 4364
f 4132 4133 4134
f 3634 3639 4037
f 4452 4037 3639
f 4452 3639 4367
f 3637 4249 4137
f 3790 4038 4138
f 3638 4368 4251
f 2890 3186 4368
f 3186 3792 4455
f 4369 3926 4456
f 3523 3793 4675
f 3930 4046 4258
f 4258 4046 4561
f 3795 4049 4262
f 3932 4146 4371
f 4378 4151 4055
f 4051 4052 4377
f 4267 3809 4573
f 4052 4154 4152
f 4270 4378 4055
f 3806 4271 4155
f 4154 4059 4153
f 4058 3944 4160
f 4058 3937 3944
f 3810 4275 4061
f 4273 4059 4163
f 4059 4164 4163
f 4279 4163 4164
f 3814 4157 4277
f 4166 3814 4281
f 4065 4166 4165
f 3677 4294 4285
f 4179 3818 4478
f 4169 4071 4170
f 3949 4172 3948
f 4071 4067 4170
f 3951 4066 4175
f 4066 4072 4175
f 4067 4071 4180
f 4076 4400 4186
f 4077 4403 4405
f 3961 4403 4077
f 4403 3961 4081
f 4310 4312 4188
f 2989 4402 4193
f 4078 4187 4311
f 3841 4405 4407
f 3961 3847 4081
f 4187 4079 4313
f 4313 4079 4080
f 4080 3841 4407
f 3847 4190 4081
f 4188 4312 4191
f 4314 3850 4821
f 3850 3965 4821
f 4082 4195 4717
f 4086 4084 4200
f 4201 4086 4200
f 4316 3863 4317
f 3991 4213 4209
f 4327 4095 4502
f 4213 3884 4214
f 3745 3995 4411
f 3884 4225 4214
f 3995 3895 4503
f 4101 4218 4216
f 4101 4102 4218
f 4413 3895 4107
f 5492 4003 4224
f 3895 4005 4107
f 4107 4110 4113
f 3898 4341 4336
f 4339 4002 4219
f 3764 4011 4741
f 4110 3760 4113
f 4116 4015 4520
f 4015 4018 4520
f 3907 4227 4427
f 4230 4010 4231
f 4010 4012 4231
f 4228 4229 4233
f 4229 4230 4233
f 4231 4012 4235
f 4012 4120 4235
f 4228 4233 4346
f 4018 4021 4344
f 4021 4022 4344
f 4344 4022 4345
f 4022 4433 4345
f 4231 4235 4347
f 4235 4120 4238
f 4347 4235 4238
f 4347 4238 4353
f 4353 4238 4124
f 4125 4531 3779
f 4355 4353 4124
f 4358 3915 4360
f 3785 4029 4241
f 4244 3629 4030
f 4129 4445 4246
f 4029 4032 4245
f 4034 4246 4362
f 4036 4131 4245
f 4133 4248 4134
f 4037 4452 4451
f 3639 4138 4367
f 4038 4253 4138
f 4253 3428 4369
f 4368 3186 4455
f 3523 4675 3926
f 4043 4140 4256
f 4254 3642 4460
f 3793 3930 4258
f 4046 4462 4561
f 4046 4048 4462
f 3646 4261 3643
f 4048 4145 4565
f 4048 4565 4462
f 4147 4262 4049
f 4565 4145 4148
f 4146 3797 4150
f 4148 3796 4267
f 4150 4051 4377
f 4377 4052 4379
f 4052 4152 4379
f 4270 4055 4058
f 4467 4270 4058
f 4153 4059 4273
f 4381 4153 4273
f 4282 4285 4573
f 4382 4163 4279
f 4275 4063 4577
f 3677 4285 4282
f 4290 4286 4477
f 4290 4291 4286
f 4286 4291 4292
f 4168 4298 4289
f 4289 4177 4171
f 4285 4294 4480
f 4169 4486 4393
f 4169 4293 4486
f 4169 4170 4293
f 3953 4178 4294
f 4294 4178 4488
f 3951 4175 4172
f 4298 4174 4299
f 2989 4179 4609
f 4621 3849 4192
f 4313 4080 4498
f 3964 3550 4499
f 3550 3453 4499
f 4195 4194 4717
f 3991 4209 4502
f 4092 4326 4211
f 4092 4097 4326
f 4213 4214 4330
f 4217 4215 4331
f 4503 3895 4413
f 4219 4217 4414
f 4214 4225 4636
f 4220 4221 4417
f 4107 4113 4420
f 4008 3898 4335
f 4335 3898 4336
f 4339 4219 4516
f 4113 4339 4422
f 4636 4225 4432
f 4116 4423 4341
f 4011 4115 4518
f 4115 4425 4518
f 4225 4232 4432
f 4116 4520 4423
f 4520 4018 4343
f 4425 4228 4431
f 4018 4344 4343
f 4228 4346 4431
f 4230 4231 4347
f 4233 4230 4437
f 4232 4237 4432
f 4346 4233 4437
f 4437 4230 4347
f 4436 4346 4437
f 4350 4347 4353
f 3779 4531 4237
f 4350 4353 4355
f 4125 4358 4440
f 4355 4241 4442
f 4359 4442 4241
f 4358 4360 4536
f 4241 4029 4359
f 4447 4359 4029
f 4244 4030 4444
f 4447 4029 4245
f 4133 4450 4248
f 4755 4137 4249
f 4367 4138 4669
f 4249 4251 4454
f 4669 4138 4253
f 4675 4456 3926
f 4254 4460 4674
f 4558 4675 3793
f 4558 3793 4258
f 5103 3643 4261
f 4565 4148 4690
f 4378 4463 4151
f 4267 4690 4148
f 4372 4265 4687
f 4267 4573 4690
f 4378 4270 4464
f 4379 4152 4380
f 4152 4153 4380
f 4381 4273 4382
f 4575 4383 4468
f 4061 4275 4384
f 4273 4163 4382
f 4471 4382 4279
f 4275 4577 4384
f 4280 4281 4473
f 4473 4281 4474
f 4470 4063 4387
f 4387 4167 4388
f 4288 4284 4475
f 4288 4475 4391
f 4286 4287 4477
f 4477 4287 4389
f 4390 4288 4391
f 4287 4296 4481
f 4481 4296 4485
f 4296 4393 4485
f 4488 4480 4294
f 3948 4604 4487
f 3948 4172 4604
f 4172 4175 4604
f 4603 4395 4184
f 4175 4072 4490
f 4184 4395 4398
f 4488 3686 4489
f 4708 3686 4495
f 4401 4495 4189
f 4309 4311 4622
f 4311 4187 4624
f 4403 4081 4404
f 4081 4406 4404
f 4191 4620 4192
f 4621 4189 3849
f 4081 4190 4406
f 4498 4080 4407
f 4190 4314 4715
f 4715 4314 4716
f 4821 3965 4082
f 4082 4717 4408
f 4317 4410 4501
f 4502 4209 4728
f 4213 4330 4209
f 4331 4215 4327
f 4416 4220 4417
f 4420 4113 4422
f 4335 4336 4513
f 4335 4513 4509
f 4336 4341 4514
f 4514 4341 4423
f 4114 4840 4106
f 4227 3764 4427
f 4741 4011 4518
f 4433 4427 4743
f 4344 4345 4526
f 4345 4433 4526
f 4431 4346 4527
f 4437 4347 4350
f 4437 4350 4532
f 4354 4656 4534
f 4350 4355 4442
f 4538 4442 4359
f 4660 3915 4244
f 4030 4031 4545
f 4447 4245 4548
f 4031 4247 4545
f 4363 4362 4448
f 4363 4448 4547
f 4548 4245 4131
f 4131 4037 4451
f 4137 4755 4364
f 4669 4253 4555
f 4253 4369 4555
f 4555 4369 4671
f 4671 4369 4456
f 4256 4140 4370
f 4674 4460 4765
f 4679 4560 3931
f 4562 4462 4565
f 4768 4261 4683
f 4261 4262 4683
f 4371 4146 4567
f 4567 4146 4150
f 4372 4688 4375
f 4150 4377 4567
f 4377 4571 4783
f 4377 4379 4571
f 4271 4376 4569
f 4465 4271 4569
f 4379 4380 4571
f 4155 4465 4691
f 4692 4380 4469
f 4153 4381 4380
f 4469 4380 4381
f 4381 4382 4469
f 4693 4576 4278
f 4576 4469 4471
f 4576 4471 4278
f 4469 4382 4471
f 4474 4277 4472
f 4577 4063 4578
f 4063 4470 4578
f 4280 4473 4580
f 4475 4580 4476
f 4470 4387 4582
f 4285 4480 4584
f 4591 4477 4389
f 4391 4475 4585
f 4585 4475 4476
f 4388 4167 4487
f 4389 4287 4587
f 4287 4481 4587
f 4593 4390 4479
f 4390 4391 4479
f 4479 4391 4585
f 4167 3948 4487
f 4601 4486 4602
f 4486 4293 4602
f 4604 4175 4490
f 4618 4613 4183
f 4072 4309 4490
f 4490 4309 4709
f 4396 4492 4181
f 4399 4494 4400
f 4489 3686 4708
f 4309 4622 4709
f 4405 4496 4497
f 4405 4403 4496
f 4621 4905 4189
f 4311 4624 4622
f 4187 4313 4624
f 4407 4497 4498
f 4407 4405 4497
f 4406 4190 4715
f 4499 4193 4402
f 4821 4082 4408
f 4720 4320 4630
f 4320 4208 4629
f 4502 4728 4727
f 4209 4633 4725
f 4327 4502 4730
f 4209 4330 4633
f 4411 4503 4735
f 4413 4635 4503
f 4217 4331 4414
f 4107 4506 4413
f 4416 4417 4505
f 4507 4505 4511
f 4511 4505 4508
f 4417 4221 4505
f 4505 4221 4508
f 4221 4335 4508
f 4508 4335 4509
f 4107 4420 4506
f 4511 4508 4512
f 4508 4509 4512
f 4510 4506 4420
f 4422 4510 4420
f 4509 4513 4512
f 4336 4514 4513
f 4422 4339 4516
f 4512 4513 4517
f 4514 4423 4517
f 4513 4514 4517
f 4741 4518 4639
f 4511 4512 4519
f 4517 4423 4640
f 4423 4520 4640
f 3764 4741 4427
f 4507 4511 4521
f 4521 4511 4519
f 4520 4343 4642
f 4521 4519 4524
f 4519 4523 4524
f 4425 4431 4643
f 4343 4344 4525
f 4343 4525 4642
f 4344 4526 4525
f 4524 4523 4435
f 4526 4433 4743
f 4525 4526 4651
f 4432 4237 4528
f 4526 4743 4651
f 4346 4436 4527
f 4528 4237 4531
f 4436 4437 4532
f 4436 4532 4746
f 4529 4530 4438
f 4532 4350 4659
f 4125 4440 4531
f 4350 4442 4538
f 4350 4538 4659
f 4440 4358 4536
f 4441 4535 4537
f 4537 4535 4242
f 4538 4750 4659
f 4539 4443 4540
f 4538 4359 4663
f 4663 4359 4447
f 4444 4030 4446
f 4448 4362 4546
f 4448 4546 4665
f 4448 4665 4547
f 4547 4665 4248
f 4860 4548 4131
f 4131 4451 4860
f 4365 4861 4550
f 4550 4861 4754
f 4452 4367 4551
f 4550 4667 4552
f 4550 4552 4553
f 4669 4555 4757
f 4675 4558 4678
f 4678 4558 4764
f 4764 4558 4559
f 4558 4258 4559
f 4258 4561 4680
f 4258 4680 4559
f 4460 5103 4765
f 4563 4562 4565
f 4463 4772 4564
f 4563 4565 4690
f 4772 4378 4883
f 4375 4688 4568
f 4375 4568 4569
f 4567 4377 4783
f 4783 4571 4692
f 4574 4155 4691
f 4380 4692 4571
f 4576 4692 4469
f 4467 4791 4572
f 4575 4468 4696
f 4274 4797 4467
f 4575 4696 4472
f 4474 4472 4581
f 4473 4474 4580
f 4580 4474 4581
f 4580 4581 4583
f 4583 4581 4702
f 4581 4472 4702
f 4702 4472 4699
f 4472 4696 4699
f 4476 4580 4586
f 4580 4583 4586
f 4476 4586 4590
f 4585 4476 4589
f 4476 4590 4589
f 4583 4702 4611
f 4591 4389 4587
f 4591 4587 4597
f 4597 4587 4592
f 4587 4481 4592
f 4593 4479 4594
f 4594 4479 4588
f 4594 4588 4595
f 4588 4479 4589
f 4588 4589 4595
f 4479 4585 4589
f 4595 4589 4596
f 4589 4590 4596
f 4590 4586 4596
f 4596 4586 4583
f 4591 4597 4600
f 4597 4592 4598
f 4481 4485 4592
f 4593 4594 4483
f 4594 4595 4483
f 4483 4595 4606
f 4596 4583 4611
f 4611 4702 4703
f 4597 4598 4600
f 4592 4485 4607
f 4598 4592 4607
f 4595 4596 4611
f 4607 4485 4601
f 4485 4393 4601
f 4393 4486 4601
f 4602 4483 4605
f 4483 4606 4605
f 4606 4595 4611
f 4613 4608 4603
f 4608 4704 4603
f 4604 4490 4599
f 4601 4602 4605
f 4395 4704 4614
f 4607 4601 4615
f 4615 4601 4610
f 4601 4605 4610
f 4610 4605 4606
f 4611 4703 4612
f 4703 4608 4612
f 4612 4608 4613
f 4395 4614 4398
f 4615 4610 4616
f 4610 4606 4616
f 4616 4606 4617
f 4606 4611 4617
f 4611 4612 4617
f 4617 4612 4618
f 4612 4613 4618
f 4398 4614 4806
f 4496 4403 4404
f 4404 4406 4713
f 4713 4406 4715
f 4313 4498 4714
f 4498 4623 4714
f 4498 4497 4623
f 4317 4501 4500
f 4411 4735 4733
f 4330 4214 4633
f 4418 4414 4634
f 4516 4418 4738
f 4510 4422 4912
f 4422 4516 4912
f 4912 4516 4738
f 4517 4640 4512
f 4512 4640 4519
f 4639 4518 4918
f 4519 4640 4523
f 4640 4520 4641
f 4520 4642 4641
f 4518 4425 4643
f 4518 4643 4918
f 4640 4641 4648
f 4640 4648 4523
f 4523 4648 4647
f 4641 4642 4648
f 4648 4642 4525
f 4523 4647 4530
f 4525 4651 4648
f 4648 4651 4652
f 4651 4743 4744
f 4647 4648 4652
f 4647 4652 4654
f 4530 4647 4654
f 4654 4652 4655
f 4652 4651 4745
f 4654 4655 4656
f 4656 4655 4657
f 4748 4532 4659
f 4535 4657 4850
f 4242 4535 4443
f 4535 4850 4443
f 4443 4850 4540
f 4536 4360 4852
f 4360 4660 4852
f 4660 4244 4662
f 4750 4538 4661
f 4244 4444 4662
f 4661 4538 4663
f 4444 4446 4662
f 4542 4857 4544
f 4447 4548 4663
f 4663 4548 4858
f 4858 4548 4859
f 4248 4665 4666
f 4860 4451 5012
f 4451 4452 4862
f 5012 4451 4862
f 4452 4551 4862
f 4367 4669 4551
f 4668 4551 4669
f 4251 4368 5018
f 4763 4456 4675
f 4675 4678 4763
f 4676 4370 4677
f 4763 4678 4764
f 4680 4561 4681
f 4561 4462 4681
f 4681 4462 4562
f 4768 4683 4953
f 4951 4562 4563
f 4770 4686 4685
f 4885 4563 4690
f 4371 4567 4773
f 4782 4567 4783
f 4465 4569 4778
f 4386 4689 4781
f 4785 4783 4692
f 4692 4576 4785
f 4786 4785 4693
f 4576 4693 4785
f 4468 4574 4792
f 4891 4786 4695
f 4793 4573 4285
f 4696 4792 4699
f 4793 4285 4584
f 4702 4699 4703
f 4699 4800 4703
f 4703 4800 4608
f 4608 4800 4804
f 4704 4804 4707
f 4480 4488 4489
f 4599 4490 4706
f 4704 4707 4614
f 4707 4897 4614
f 4614 4897 4806
f 4806 4807 4494
f 4807 4808 4494
f 4898 4489 4708
f 4619 4808 4712
f 4814 4708 4401
f 4814 4401 4905
f 4711 4496 4810
f 4496 4404 4810
f 4404 4713 4810
f 4624 4313 4714
f 4624 4714 4811
f 4623 4497 4711
f 4499 4402 4818
f 4817 4499 4818
f 4314 4821 4716
f 4728 4725 4723
f 4724 4633 4834
f 4634 4414 4734
f 4633 4737 4834
f 4503 4635 4735
f 4413 4506 4635
f 4636 4432 4740
f 4636 4740 4737
f 4431 4527 4996
f 4436 4746 4527
f 4531 4747 4528
f 4651 4744 4745
f 4744 4923 4745
f 4746 4532 4748
f 4655 4745 4848
f 4531 4440 4747
f 4655 4848 4657
f 4657 4848 4850
f 4659 4749 4748
f 4659 4750 4749
f 4540 4850 4851
f 4541 4855 4542
f 4542 4855 4857
f 4661 4663 4858
f 4544 4857 4752
f 4248 4666 4939
f 4669 4757 4668
f 4757 4555 4943
f 4671 4456 4944
f 4456 4763 4944
f 4676 4677 4867
f 4764 4559 4766
f 4766 4559 4680
f 4765 5103 4947
f 4687 4771 4882
f 4884 4774 4881
f 4774 4688 4881
f 4881 4688 4882
f 4688 4687 4882
f 4773 4567 4886
f 4567 4782 4886
f 4780 4691 4778
f 4782 4785 4889
f 4782 4783 4785
f 4889 4785 4786
f 4965 4889 4786
f 4965 4786 4891
f 4578 4789 4788
f 4578 4470 4789
f 4789 4470 4697
f 4697 4582 4794
f 4700 4798 4794
f 4584 4480 4976
f 4480 4489 4894
f 4705 5155 5107
f 4894 4489 4898
f 4623 4711 4816
f 4716 4821 5111
f 4635 4506 4986
f 4506 4510 4986
f 4510 4912 4987
f 4427 4741 4915
f 4741 4639 4915
f 4742 4915 4993
f 4744 4742 4997
f 4643 4431 4996
f 4996 4527 4921
f 4921 4527 4746
f 4922 4746 4748
f 4440 4536 5004
f 4536 4852 5005
f 4749 4750 4929
f 4929 4750 4933
f 4660 4662 4927
f 4927 4662 4854
f 4662 4446 4751
f 4541 4930 4855
f 4855 4856 4857
f 4931 4661 4858
f 4859 4548 4860
f 5090 5012 4862
f 4862 4551 4668
f 5090 4862 4668
f 4754 5014 4667
f 4454 5018 5094
f 4454 5094 4756
f 5016 4757 4943
f 4758 4942 4864
f 4758 4864 4760
f 5018 4455 5201
f 5100 4868 4763
f 4764 4766 5100
f 4261 4768 5103
f 4681 4562 4950
f 4950 4562 4951
f 4958 4776 4956
f 4777 4776 4957
f 4886 4782 4889
f 4961 4778 4960
f 4690 4573 4793
f 4690 4793 4885
f 4574 4780 4962
f 4574 4962 4792
f 4801 4781 5044
f 4792 4970 4699
f 4972 4974 4804
f 4804 4978 4707
f 4707 4978 4981
f 4976 4480 4894
f 4707 4981 4897
f 4893 4807 4897
f 4983 5051 4808
f 5051 5053 4808
f 4898 4814 4984
f 4809 4899 4805
f 4808 5053 4902
f 4809 4811 4899
f 4810 4904 4815
f 4813 4906 4901
f 4821 5056 5111
f 4821 4408 5056
f 4735 4635 4911
f 4986 4510 4987
f 4742 4993 4997
f 4744 4997 5002
f 4746 4922 4921
f 4747 4440 5004
f 4925 4748 4749
f 4925 4749 5006
f 4850 4924 4851
f 4852 4927 5005
f 5006 4749 4929
f 5006 4929 4933
f 4750 4661 4933
f 4933 4661 4931
f 4856 4934 4935
f 4857 4856 4935
f 5008 4931 4858
f 4937 4752 4935
f 4939 4666 4937
f 4859 4860 5089
f 5089 4860 5012
f 4939 5088 4861
f 4754 4861 4941
f 4755 4863 4753
f 5091 4668 4757
f 4757 5016 5091
f 4555 4671 4943
f 4942 5132 5019
f 4455 4674 5020
f 4866 5019 5096
f 4763 4868 4944
f 4763 4764 5100
f 5100 4766 5024
f 4680 4948 4766
f 4874 5102 4875
f 4680 4681 4948
f 4947 5103 5101
f 4948 4681 4950
f 4875 5102 4949
f 4950 4951 4952
f 4951 4563 4952
f 4953 4685 5029
f 4685 4877 4954
f 4685 4954 5029
f 5028 5029 4879
f 4884 4881 4955
f 4955 4881 5033
f 4881 4882 5033
f 5033 4882 5034
f 4956 4955 5038
f 5038 4955 5036
f 4956 5038 4958
f 4957 4958 4959
f 4958 5038 4959
f 4957 4959 4960
f 4960 4959 4964
f 4960 4964 4961
f 4964 4959 5043
f 4889 4965 4886
f 4962 4780 4963
f 4780 4961 4963
f 4963 4961 4964
f 4964 5043 4968
f 4963 4964 4968
f 4968 5043 4967
f 4885 4793 5041
f 4965 4891 4966
f 4962 4963 4968
f 5041 4793 4969
f 4968 4967 4970
f 4970 4967 4971
f 4967 4972 4971
f 4967 5046 4972
f 4974 4978 4804
f 4974 4975 4978
f 4978 4975 4979
f 4979 4975 4980
f 4978 4979 4981
f 4981 4979 4893
f 4979 4980 4893
f 4893 4980 4983
f 4896 4900 4982
f 4901 4906 5109
f 4716 5111 4908
f 4915 4639 5064
f 4639 4918 5064
f 4913 5001 4994
f 4993 5066 4997
f 5066 4993 5062
f 4993 4915 5062
f 4915 5064 5062
f 5064 4918 5116
f 4918 4643 5116
f 4643 4996 5116
f 4997 5066 5067
f 5116 4996 4999
f 4999 4996 4921
f 5002 4997 5067
f 4747 5074 5001
f 5002 5118 5003
f 4999 4921 5000
f 4921 4922 5000
f 5002 5003 4924
f 4747 5004 5074
f 5000 4922 5073
f 4748 4925 4922
f 5073 4922 4925
f 5073 4925 5081
f 4924 5003 4851
f 5003 4928 4851
f 5081 4925 5006
f 4930 5080 4932
f 5006 4933 5085
f 4751 5007 5083
f 5085 4933 5008
f 4933 4931 5008
f 4934 4856 4932
f 4935 4934 5086
f 5008 4858 5010
f 4937 4935 5086
f 4937 5086 4939
f 4858 4859 5010
f 4545 5013 5129
f 5010 4859 5089
f 5090 4668 5091
f 5014 5015 4667
f 4667 5015 5093
f 4943 5017 5016
f 4943 4671 5017
f 4455 5020 5201
f 5019 5354 5096
f 4671 4944 5017
f 5017 4944 5095
f 4944 5135 5095
f 5135 4944 4868
f 4674 4765 5020
f 4761 5206 4762
f 4868 5100 5142
f 5100 5024 5143
f 5024 4766 4948
f 5024 4948 4952
f 4948 4950 4952
f 5031 4952 4563
f 4768 4953 5026
f 4953 5029 5026
f 5026 5029 5028
f 4878 4880 5027
f 4880 4883 5032
f 4563 4885 5031
f 4955 5033 5036
f 5033 5034 5147
f 5037 4689 5030
f 5038 5036 5039
f 4959 5038 5039
f 5036 5045 5039
f 4959 5039 5043
f 4888 4890 5042
f 4967 5043 5046
f 5043 5039 5046
f 5039 5045 5046
f 5045 5151 5047
f 5046 5045 5047
f 4969 5153 5041
f 5046 5047 4972
f 4972 5047 4975
f 5228 5234 5048
f 4975 5047 5048
f 5234 5235 5048
f 5048 5235 5049
f 5105 4976 4894
f 4973 4982 5106
f 5050 5051 4983
f 5051 5108 5053
f 5108 5054 5053
f 5108 5242 5054
f 5242 5157 5054
f 5054 5157 4984
f 5157 4894 4898
f 5157 4898 4984
f 4819 4817 5055
f 5244 4819 5055
f 4911 5059 5057
f 4986 4987 5060
f 4914 5115 5113
f 5064 5063 5062
f 5064 5116 5063
f 5066 5162 5067
f 5116 4999 5071
f 5002 5067 5118
f 4920 5069 4998
f 4999 5000 5071
f 5000 5073 5078
f 5004 5005 5076
f 5004 5076 5074
f 5003 5170 5172
f 5078 5073 5079
f 5079 5073 5081
f 4928 5172 4930
f 5172 5080 4930
f 5005 4927 5077
f 4927 4854 5082
f 5081 5006 5126
f 5126 5006 5085
f 5082 4662 5083
f 5080 5175 5177
f 5080 5177 4932
f 4932 5177 5084
f 4932 5084 4934
f 4934 5084 5009
f 5086 4934 5009
f 5085 5008 5187
f 5009 5190 5086
f 5187 5008 5010
f 4936 4545 5129
f 5187 5010 5128
f 4939 5086 5087
f 4939 5087 5088
f 5012 5090 5089
f 4941 5088 5194
f 4765 4947 5020
f 4868 5142 5099
f 5100 5143 5142
f 5103 4768 5101
f 5024 4952 5031
f 5031 4885 5214
f 5033 5147 5036
f 4885 5225 5214
f 4885 5041 5225
f 5151 5228 5047
f 5232 5153 5105
f 5235 5050 5049
f 5050 5237 5051
f 5157 5105 4894
f 5112 5055 5110
f 5066 5062 5162
f 5062 5063 5162
f 5067 5162 5163
f 5063 5116 5071
f 5063 5071 5164
f 5164 5071 5119
f 5118 5163 5167
f 5119 5071 5000
f 5119 5000 5078
f 5172 5171 5080
f 5171 5122 5080
f 5122 5079 5081
f 5080 5122 5175
f 5175 5122 5125
f 5122 5081 5125
f 5081 5126 5125
f 5177 5178 5084
f 5126 5085 5181
f 5086 5190 5191
f 5128 5010 5256
f 5010 5089 5256
f 5088 5258 5194
f 5089 5090 5130
f 5090 5091 5130
f 5260 5130 5091
f 5094 5018 5262
f 5132 5131 5133
f 5132 5133 5019
f 5202 5017 5095
f 4868 5136 5135
f 5136 4868 5099
f 5099 5142 5208
f 5143 5024 5144
f 5024 5031 5144
f 4768 5026 5211
f 5026 5328 5211
f 5146 5212 4954
f 5029 5213 5034
f 5147 5034 5216
f 5147 5223 5045
f 5041 5153 5154
f 5234 5152 5230
f 5044 5148 5155
f 5235 5237 5050
f 5241 5232 5105
f 5241 5105 5157
f 4906 4908 5158
f 4908 5111 5158
f 5163 5162 5166
f 5163 5166 5167
f 5166 5162 5164
f 5162 5063 5164
f 5166 5164 5168
f 5168 5164 5119
f 5166 5168 5167
f 5167 5168 5169
f 5078 5079 5119
f 5168 5119 5079
f 5167 5169 5170
f 5168 5079 5169
f 5169 5079 5122
f 5170 5169 5171
f 5169 5122 5171
f 5170 5171 5172
f 5248 5083 5174
f 5175 5125 5176
f 5175 5176 5177
f 5176 5125 5126
f 5007 5250 5174
f 5177 5176 5178
f 5178 5176 5182
f 5182 5176 5185
f 5176 5126 5185
f 5185 5126 5181
f 5183 5178 5182
f 5085 5187 5181
f 5009 5183 5184
f 5184 5183 5182
f 5185 5181 5187
f 5009 5184 5190
f 5184 5182 5188
f 5188 5182 5185
f 5185 5187 5189
f 5190 5184 5188
f 5189 5187 5128
f 5191 5190 5188
f 5255 5128 5256
f 5087 5191 5257
f 5256 5089 5192
f 5192 5089 5130
f 5192 5130 5390
f 5258 5259 5194
f 5194 5259 5195
f 5015 5196 5199
f 5260 5091 5200
f 5199 5196 5131
f 5261 5094 5262
f 5091 5016 5200
f 5016 5017 5200
f 5200 5017 5202
f 5321 5200 5202
f 5133 5320 5354
f 5266 5321 5202
f 5266 5202 5203
f 5203 5202 5095
f 5095 5135 5205
f 5203 5095 5205
f 5204 5203 5205
f 5204 5205 5136
f 5205 5135 5136
f 5204 5136 5099
f 5271 5098 5140
f 5204 5099 5273
f 5273 5099 5208
f 5273 5208 5279
f 5208 5142 5207
f 5207 5142 5143
f 5102 5276 5210
f 5208 5207 5209
f 5207 5143 5209
f 5209 5143 5144
f 5146 5326 5280
f 5146 5280 5212
f 5144 5031 5214
f 5215 5213 5283
f 5215 5283 5284
f 5213 5215 5216
f 5147 5216 5219
f 5219 5216 5220
f 5216 5215 5220
f 5219 5220 5221
f 5215 5284 5220
f 5147 5219 5223
f 5221 5220 5222
f 5219 5221 5223
f 5223 5221 5224
f 5221 5222 5224
f 5220 5284 5222
f 5223 5224 5149
f 5225 5041 5226
f 5224 5222 5149
f 5149 5222 5229
f 5287 5225 5154
f 5225 5226 5154
f 5149 5229 5228
f 5229 5222 5152
f 5222 5231 5230
f 5226 5041 5154
f 5228 5229 5152
f 5152 5222 5230
f 5154 5153 5233
f 5239 5233 5232
f 5153 5232 5233
f 5234 5230 5235
f 5230 5231 5235
f 5236 5238 5237
f 5236 5240 5238
f 5240 5239 5241
f 5238 5240 5108
f 5108 5240 5242
f 5240 5157 5242
f 5240 5241 5157
f 5121 5303 5300
f 5185 5253 5188
f 5185 5189 5253
f 5191 5188 5254
f 5186 5129 5348
f 5254 5257 5191
f 5188 5253 5254
f 5189 5128 5255
f 5257 5254 5314
f 5255 5256 5192
f 5258 5087 5257
f 5259 5258 5316
f 4863 5261 5438
f 5195 5259 5196
f 5196 5259 5317
f 5260 5200 5319
f 5200 5321 5319
f 5196 5317 5131
f 5131 5317 5320
f 5321 5266 5267
f 5203 5204 5266
f 5267 5266 5204
f 5267 5204 5322
f 4947 5359 5411
f 5322 5204 5273
f 5271 5140 5272
f 5276 5326 5210
f 5275 5273 5279
f 5279 5208 5209
f 5210 5326 5146
f 5279 5209 5281
f 5209 5144 5281
f 5280 5331 5283
f 5281 5144 5214
f 5281 5214 5287
f 5283 5331 5333
f 5284 5283 5333
f 5148 5217 5373
f 5284 5333 5231
f 5231 5333 5337
f 5335 5287 5334
f 5334 5287 5233
f 5287 5154 5233
f 5236 5337 5288
f 5337 5336 5288
f 5334 5239 5336
f 5334 5233 5239
f 5236 5288 5240
f 5288 5336 5239
f 5232 5241 5239
f 5240 5288 5239
f 5107 5292 5293
f 5314 5254 5349
f 5254 5253 5349
f 5253 5315 5349
f 5253 5189 5315
f 5189 5255 5315
f 5314 5316 5257
f 5258 5257 5316
f 5255 5192 5390
f 5383 5255 5390
f 5259 5316 5386
f 5259 5386 5317
f 5390 5130 5260
f 5317 5318 5320
f 5320 5318 5396
f 5320 5396 5354
f 5319 5321 5355
f 5262 5265 5395
f 5265 5020 5411
f 5096 5403 5206
f 5404 5267 5322
f 5322 5273 5357
f 5270 5358 5276
f 5357 5273 5275
f 5276 5358 5326
f 5101 5211 5420
f 5275 5279 5366
f 5366 5279 5368
f 5326 5367 5280
f 5279 5281 5368
f 5280 5367 5331
f 5281 5287 5427
f 5281 5427 5368
f 5331 5332 5333
f 5427 5287 5335
f 5332 5372 5333
f 5369 5335 5336
f 5333 5372 5337
f 5372 5336 5337
f 5336 5335 5334
f 5343 5293 5340
f 5343 5340 5342
f 5311 5346 5310
f 5314 5349 5350
f 5349 5315 5378
f 5316 5314 5380
f 5380 5314 5350
f 5350 5349 5378
f 5315 5383 5378
f 5315 5255 5383
f 5317 5386 5318
f 5438 5261 5352
f 5353 5260 5319
f 5319 5355 5400
f 5321 5267 5355
f 5404 5355 5267
f 5270 5403 5406
f 5407 5404 5322
f 5322 5357 5407
f 5357 5275 5410
f 5418 5410 5275
f 5418 5275 5366
f 5211 5328 5329
f 5211 5329 5420
f 5326 5421 5367
f 5367 5421 5423
f 5424 5366 5368
f 5367 5423 5425
f 5424 5368 5427
f 5367 5425 5331
f 5369 5427 5335
f 5332 5429 5430
f 5430 5369 5372
f 5372 5369 5336
f 5378 5379 5350
f 5380 5350 5381
f 5350 5379 5381
f 5379 5378 5382
f 5378 5383 5382
f 5381 5379 5382
f 5380 5381 5384
f 5381 5382 5439
f 5439 5382 5389
f 5382 5383 5389
f 5383 5385 5389
f 5384 5387 5386
f 5387 5384 5439
f 5384 5381 5439
f 5385 5383 5390
f 5385 5390 5388
f 5386 5387 5392
f 5387 5439 5392
f 5389 5385 5388
f 5386 5392 5391
f 5388 5390 5353
f 5390 5260 5353
f 5386 5391 5318
f 5388 5353 5399
f 5318 5391 5396
f 5353 5319 5400
f 5391 5392 5394
f 5399 5353 5400
f 5396 5391 5401
f 5391 5394 5401
f 5401 5394 5397
f 5394 5398 5397
f 5396 5401 5354
f 5395 5265 5446
f 5354 5401 5096
f 5399 5400 5402
f 5400 5355 5404
f 5397 5398 5405
f 5401 5397 5403
f 5397 5405 5403
f 5405 5398 5449
f 5402 5400 5404
f 5403 5405 5406
f 5405 5449 5406
f 5406 5449 5408
f 5408 5449 5450
f 5402 5404 5407
f 5409 5406 5408
f 5450 5399 5413
f 5413 5399 5402
f 5402 5407 5356
f 5409 5408 5412
f 5408 5450 5412
f 5413 5402 5410
f 5410 5402 5356
f 5407 5357 5356
f 5409 5412 5358
f 5412 5415 5358
f 5412 5450 5415
f 5450 5413 5415
f 5413 5410 5416
f 5410 5356 5357
f 5415 5413 5414
f 5414 5413 5416
f 5416 5410 5418
f 5359 5420 5452
f 5414 5416 5419
f 5419 5416 5422
f 5422 5416 5418
f 5419 5422 5421
f 5422 5418 5423
f 5422 5423 5421
f 5366 5424 5418
f 5423 5418 5425
f 5418 5424 5425
f 5425 5424 5431
f 5424 5427 5431
f 5329 5282 5426
f 5425 5431 5429
f 5282 5371 5426
f 5331 5425 5429
f 5429 5431 5430
f 5431 5427 5369
f 5430 5431 5369
f 5433 5376 5370
f 5438 5352 5441
f 5392 5439 5440
f 5389 5388 5442
f 5439 5389 5442
f 5440 5439 5442
f 5352 5395 5443
f 5442 5388 5447
f 5394 5440 5444
f 5440 5442 5444
f 5444 5442 5448
f 5442 5447 5448
f 5398 5394 5444
f 5444 5448 5449
f 5388 5399 5447
f 5448 5447 5450
f 5444 5449 5398
f 5449 5448 5450
f 5450 5447 5399
f 5446 5411 5452
f 5352 5443 5441
f 5446 5471 5443
f 5417 5473 5474
f 5452 5453 5486
f 5453 5456 5486
f 5478 5460 5459
f 8 5 4
f 74 43 24
f 43 42 24
f 42 44 24
f 44 47 45
f 51 98 94
f 53 94 95
f 50 51 94
f 53 50 94
f 51 52 98
f 50 52 51
f 53 95 109
f 54 50 53
f 109 54 53
f 50 55 52
f 54 55 50
f 57 55 54
f 56 57 54
f 60 39 21
f 39 64 63
f 77 149 48
f 211 81 212
f 81 80 212
f 80 82 151
f 85 81 211
f 84 87 85
f 85 93 81
f 80 88 82
f 88 152 82
f 87 93 85
f 88 96 152
f 93 94 81
f 81 94 80
f 96 99 152
f 91 87 84
f 94 88 80
f 91 92 87
f 92 93 87
f 94 98 88
f 97 92 91
f 92 95 93
f 95 94 93
f 88 98 96
f 98 99 96
f 100 101 97
f 101 92 97
f 98 102 99
f 105 101 100
f 98 103 102
f 105 106 101
f 106 92 101
f 98 52 103
f 92 109 95
f 106 109 92
f 104 30 49
f 52 107 103
f 107 280 103
f 103 280 156
f 55 108 52
f 108 107 52
f 215 111 105
f 111 106 105
f 109 56 54
f 106 56 109
f 55 110 108
f 114 110 55
f 113 112 111
f 111 112 106
f 112 115 106
f 106 115 56
f 55 119 114
f 157 115 112
f 56 119 57
f 114 159 110
f 117 56 115
f 124 119 56
f 120 159 114
f 158 117 115
f 117 118 56
f 163 120 114
f 124 123 119
f 116 117 158
f 119 163 114
f 116 118 117
f 118 124 56
f 123 163 119
f 163 221 120
f 122 167 118
f 167 124 118
f 173 174 125
f 173 126 174
f 131 126 173
f 127 129 179
f 126 133 127
f 131 133 126
f 133 129 127
f 130 133 131
f 135 133 130
f 135 132 133
f 133 132 129
f 132 136 129
f 195 72 71
f 195 71 197
f 211 212 264
f 267 85 211
f 82 268 151
f 84 85 267
f 99 153 152
f 97 91 84
f 86 104 49
f 97 154 100
f 102 156 213
f 102 213 99
f 214 213 156
f 154 279 100
f 279 105 100
f 280 214 156
f 215 105 279
f 108 280 107
f 110 280 108
f 215 216 111
f 111 216 113
f 216 219 113
f 113 157 112
f 219 157 113
f 157 158 115
f 158 161 116
f 120 221 159
f 161 122 116
f 122 118 116
f 164 221 163
f 122 223 167
f 124 166 123
f 166 164 123
f 169 164 166
f 168 124 167
f 168 166 124
f 168 169 166
f 168 170 169
f 125 227 170
f 172 125 170
f 174 227 125
f 172 173 125
f 126 178 174
f 171 289 175
f 127 179 178
f 129 181 179
f 177 184 134
f 183 130 131
f 136 230 181
f 298 135 130
f 233 230 136
f 187 233 132
f 132 233 136
f 188 187 132
f 241 198 199
f 248 202 243
f 248 205 202
f 205 206 202
f 204 205 248
f 207 205 204
f 207 206 205
f 433 150 143
f 212 261 264
f 151 266 262
f 153 272 271
f 270 97 84
f 97 275 154
f 508 279 154
f 281 58 30
f 365 280 110
f 110 220 365
f 281 160 58
f 159 220 110
f 158 157 161
f 221 220 159
f 161 371 122
f 164 286 221
f 223 168 167
f 227 164 169
f 227 286 164
f 222 171 121
f 381 168 223
f 168 172 170
f 178 228 174
f 382 173 172
f 178 179 290
f 293 290 179
f 173 183 131
f 298 130 183
f 230 295 181
f 300 188 135
f 135 188 132
f 302 230 233
f 188 233 187
f 188 307 233
f 307 302 233
f 239 241 196
f 196 241 199
f 242 322 319
f 244 323 243
f 245 242 319
f 202 244 243
f 199 198 201
f 245 248 242
f 244 202 250
f 202 206 250
f 341 249 245
f 249 248 245
f 204 248 249
f 249 207 204
f 206 252 250
f 255 206 207
f 206 255 252
f 254 207 249
f 207 257 255
f 255 256 252
f 254 257 207
f 257 258 255
f 258 256 255
f 260 261 259
f 264 260 352
f 261 262 259
f 436 209 79
f 264 261 260
f 265 211 264
f 266 437 353
f 267 265 355
f 268 437 266
f 267 270 84
f 273 275 270
f 270 275 97
f 213 276 272
f 508 154 443
f 214 278 276
f 280 362 214
f 362 278 214
f 365 362 280
f 448 215 279
f 216 451 219
f 220 282 365
f 282 450 365
f 452 219 451
f 220 283 282
f 283 285 282
f 369 371 161
f 286 283 221
f 371 223 122
f 286 285 283
f 286 228 285
f 227 228 286
f 174 228 227
f 381 172 168
f 178 290 228
f 228 290 285
f 382 172 381
f 183 173 382
f 294 380 292
f 294 383 380
f 293 294 292
f 295 294 293
f 296 298 183
f 295 390 294
f 524 402 184
f 391 299 296
f 296 299 298
f 298 300 135
f 230 390 295
f 299 300 298
f 230 301 390
f 301 400 390
f 299 395 300
f 301 404 400
f 302 303 230
f 230 303 301
f 301 303 404
f 306 300 395
f 300 306 188
f 306 307 188
f 402 305 190
f 307 303 302
f 409 404 303
f 410 409 303
f 305 234 190
f 307 410 303
f 309 310 234
f 312 485 239
f 485 318 239
f 316 419 315
f 316 317 544
f 319 315 314
f 322 317 316
f 321 319 545
f 319 314 545
f 315 322 316
f 322 323 317
f 323 324 320
f 332 319 321
f 323 244 324
f 244 328 324
f 488 335 321
f 335 332 321
f 250 328 244
f 200 331 327
f 332 245 319
f 250 338 328
f 332 341 245
f 250 339 338
f 340 335 429
f 340 341 335
f 335 341 332
f 340 343 341
f 343 249 341
f 343 345 249
f 250 346 339
f 339 346 430
f 345 254 249
f 252 256 346
f 345 431 254
f 431 348 254
f 348 257 254
f 256 351 346
f 346 351 499
f 349 258 257
f 350 349 257
f 348 350 257
f 256 258 259
f 260 258 349
f 433 572 150
f 435 349 350
f 260 259 258
f 259 351 256
f 572 263 150
f 352 435 500
f 352 349 435
f 353 573 351
f 500 354 352
f 352 260 349
f 353 351 259
f 355 265 354
f 354 265 352
f 356 267 355
f 358 267 356
f 90 505 269
f 504 358 356
f 357 271 439
f 359 270 358
f 267 358 270
f 273 270 359
f 86 360 104
f 275 443 154
f 272 276 659
f 278 361 276
f 362 363 278
f 278 363 361
f 104 364 281
f 362 512 363
f 365 512 362
f 448 216 215
f 448 451 216
f 367 368 450
f 367 453 368
f 369 219 452
f 219 369 157
f 157 369 161
f 375 453 367
f 285 375 367
f 375 376 453
f 376 517 453
f 287 455 374
f 371 372 223
f 288 373 287
f 459 223 372
f 285 290 375
f 290 376 375
f 459 381 223
f 290 378 376
f 376 378 377
f 378 379 377
f 520 291 519
f 292 380 378
f 378 380 379
f 380 383 379
f 382 296 183
f 386 387 384
f 387 385 384
f 672 524 291
f 397 387 386
f 390 297 383
f 383 297 386
f 297 397 386
f 387 463 385
f 678 389 231
f 231 389 186
f 397 398 387
f 398 463 387
f 391 395 299
f 394 395 391
f 525 396 393
f 396 394 393
f 401 395 394
f 297 400 397
f 396 401 394
f 399 396 525
f 401 406 395
f 399 401 396
f 397 400 398
f 399 466 401
f 404 403 400
f 465 466 399
f 467 406 466
f 466 406 401
f 406 405 395
f 395 405 306
f 467 407 406
f 407 534 405
f 407 405 406
f 405 408 306
f 469 405 534
f 405 469 408
f 307 414 410
f 410 411 409
f 408 412 306
f 306 412 307
f 412 413 307
f 413 414 307
f 408 415 412
f 414 417 410
f 417 411 410
f 415 413 412
f 415 416 413
f 413 416 414
f 416 417 414
f 238 484 312
f 484 485 312
f 327 313 240
f 321 545 730
f 420 486 421
f 331 423 327
f 241 422 198
f 850 335 488
f 338 552 328
f 850 429 335
f 566 432 433
f 343 569 345
f 499 430 346
f 570 348 431
f 570 571 348
f 348 571 350
f 351 573 499
f 571 435 350
f 500 355 354
f 503 864 436
f 357 501 437
f 504 356 438
f 440 765 360
f 273 441 275
f 272 659 271
f 441 443 275
f 446 104 360
f 104 446 510
f 510 364 104
f 513 451 448
f 450 512 365
f 450 514 512
f 364 511 281
f 368 514 450
f 958 369 452
f 369 456 371
f 456 372 371
f 667 455 287
f 376 377 517
f 517 377 457
f 379 587 457
f 379 383 587
f 383 460 587
f 383 386 460
f 386 384 460
f 384 522 460
f 384 385 522
f 381 674 382
f 385 461 522
f 385 463 461
f 382 462 296
f 462 391 296
f 775 391 462
f 775 393 391
f 391 393 394
f 398 526 463
f 525 465 399
f 403 398 400
f 530 465 597
f 530 466 465
f 402 531 305
f 530 467 466
f 599 467 530
f 404 409 403
f 599 407 467
f 533 407 599
f 536 534 407
f 534 605 469
f 605 408 469
f 471 535 411
f 605 415 408
f 605 606 415
f 606 538 415
f 415 538 416
f 416 472 417
f 538 472 416
f 472 471 417
f 472 473 471
f 538 476 472
f 476 473 472
f 725 483 311
f 315 419 726
f 419 544 612
f 320 731 612
f 320 612 544
f 616 546 421
f 618 732 241
f 241 732 422
f 551 488 730
f 546 487 326
f 850 488 551
f 491 493 427
f 497 340 429
f 430 642 494
f 567 343 340
f 345 652 431
f 569 652 345
f 652 570 431
f 499 573 654
f 571 655 435
f 655 500 435
f 271 506 439
f 768 508 507
f 513 452 451
f 368 579 514
f 517 368 453
f 583 516 454
f 667 583 455
f 455 583 454
f 587 460 588
f 773 381 459
f 461 669 522
f 674 462 382
f 523 388 389
f 461 677 673
f 590 393 775
f 524 527 402
f 680 525 393
f 525 597 465
f 527 531 402
f 600 526 403
f 533 536 407
f 531 797 305
f 536 605 534
f 607 476 538
f 545 314 726
f 420 735 1309
f 550 547 423
f 621 550 424
f 328 552 548
f 621 424 489
f 629 429 850
f 497 429 629
f 494 738 552
f 636 629 628
f 645 629 636
f 645 497 629
f 494 642 738
f 497 567 340
f 567 569 343
f 430 755 642
f 571 570 653
f 574 500 655
f 658 359 504
f 506 950 439
f 359 658 273
f 765 442 360
f 273 658 441
f 507 443 441
f 507 508 443
f 576 952 659
f 279 508 448
f 508 664 448
f 512 663 577
f 664 513 448
f 579 663 512
f 958 452 513
f 958 513 1052
f 771 583 667
f 581 582 519
f 457 580 517
f 521 874 667
f 668 372 456
f 668 459 372
f 587 588 586
f 669 461 670
f 773 674 381
f 673 670 461
f 462 774 775
f 680 393 590
f 685 680 679
f 685 525 680
f 685 597 525
f 526 600 593
f 595 597 685
f 597 701 530
f 595 701 597
f 701 599 530
f 703 533 599
f 701 703 599
f 806 536 533
f 473 601 535
f 806 605 536
f 705 601 473
f 806 716 605
f 716 606 605
f 716 714 606
f 606 607 538
f 476 705 473
f 835 610 483
f 726 727 838
f 419 612 727
f 617 725 313
f 729 730 545
f 616 846 546
f 551 730 924
f 844 547 550
f 549 844 550
f 621 549 550
f 622 621 489
f 552 738 847
f 554 562 557
f 624 630 553
f 633 628 625
f 625 628 626
f 628 629 626
f 742 490 560
f 738 642 851
f 635 636 633
f 636 628 633
f 638 636 635
f 640 641 638
f 638 641 636
f 641 645 636
f 640 644 641
f 644 645 641
f 646 497 645
f 645 753 646
f 497 647 567
f 646 647 497
f 753 650 646
f 650 647 646
f 650 651 647
f 651 567 647
f 863 569 567
f 652 653 570
f 653 655 571
f 574 655 653
f 759 864 503
f 574 762 438
f 656 762 574
f 762 504 438
f 657 658 504
f 950 763 439
f 764 658 657
f 575 658 764
f 658 575 441
f 576 660 952
f 576 577 660
f 664 508 768
f 666 957 663
f 666 770 957
f 1209 369 958
f 580 665 579
f 665 666 579
f 516 769 581
f 769 582 581
f 771 876 583
f 582 772 520
f 588 669 877
f 669 670 877
f 668 1062 459
f 1062 773 459
f 673 671 670
f 673 675 671
f 674 774 462
f 677 675 673
f 679 680 778
f 672 1347 527
f 684 685 679
f 682 686 681
f 687 685 684
f 781 595 687
f 687 595 685
f 686 689 528
f 780 683 596
f 691 595 781
f 600 694 593
f 690 691 781
f 697 691 690
f 691 697 595
f 782 697 690
f 785 697 782
f 595 697 701
f 699 694 600
f 889 696 785
f 785 696 697
f 697 704 701
f 698 699 600
f 696 700 697
f 796 700 696
f 700 708 697
f 708 704 697
f 601 801 698
f 708 709 704
f 704 703 701
f 795 602 537
f 702 803 700
f 703 806 533
f 994 806 703
f 705 813 601
f 991 902 604
f 991 604 797
f 706 707 803
f 803 707 700
f 700 707 708
f 709 804 704
f 704 804 703
f 706 807 707
f 807 710 707
f 707 710 708
f 708 710 709
f 710 711 709
f 711 804 709
f 998 716 806
f 476 721 705
f 716 718 714
f 718 717 714
f 714 717 607
f 714 607 606
f 717 720 607
f 607 720 476
f 720 721 476
f 998 718 716
f 718 719 717
f 719 720 717
f 920 484 610
f 617 724 725
f 1022 846 614
f 614 846 616
f 548 847 925
f 846 487 546
f 732 733 620
f 733 734 620
f 623 549 621
f 849 623 622
f 622 623 621
f 738 851 847
f 625 626 740
f 625 740 633
f 642 853 851
f 743 855 638
f 744 746 566
f 639 643 854
f 638 855 640
f 642 745 853
f 644 753 645
f 748 753 644
f 642 755 745
f 754 650 753
f 651 863 567
f 863 652 569
f 746 866 432
f 652 865 653
f 866 572 432
f 865 867 653
f 653 867 574
f 761 574 867
f 501 760 654
f 574 761 656
f 761 762 656
f 762 949 504
f 949 657 504
f 1046 764 1045
f 1046 575 764
f 506 952 951
f 575 507 441
f 1484 1050 664
f 1052 664 1050
f 664 1052 513
f 769 1058 582
f 369 1209 456
f 1060 668 456
f 670 963 877
f 675 880 671
f 774 674 773
f 775 774 879
f 591 776 678
f 592 970 677
f 778 881 679
f 882 684 679
f 779 687 684
f 976 781 687
f 1075 782 690
f 889 785 1083
f 885 797 531
f 889 790 696
f 698 791 699
f 801 791 698
f 796 702 700
f 803 993 706
f 804 994 703
f 899 806 994
f 899 810 806
f 898 807 706
f 807 898 808
f 807 808 710
f 808 809 710
f 710 809 711
f 811 812 809
f 809 812 711
f 711 903 804
f 711 812 903
f 810 998 806
f 721 813 705
f 718 1002 719
f 1002 821 719
f 821 905 719
f 719 905 720
f 720 905 721
f 918 610 835
f 920 611 484
f 611 318 485
f 613 1022 614
f 729 924 730
f 733 732 618
f 846 1027 487
f 1026 844 549
f 623 1026 549
f 1027 848 487
f 847 851 927
f 848 627 624
f 931 849 736
f 742 932 739
f 853 928 851
f 853 935 928
f 639 854 933
f 855 856 640
f 640 856 644
f 856 748 644
f 748 942 753
f 942 754 753
f 754 1035 650
f 1035 651 650
f 1035 1036 651
f 1036 863 651
f 755 654 946
f 761 949 762
f 1045 764 657
f 870 1625 505
f 1334 871 442
f 1047 768 507
f 768 1048 664
f 662 955 766
f 1486 956 510
f 872 875 518
f 959 873 769
f 585 770 665
f 875 874 518
f 874 875 771
f 875 876 771
f 964 456 1209
f 1058 1340 582
f 582 1340 772
f 1060 1062 668
f 1062 965 773
f 965 774 773
f 775 879 777
f 1065 776 591
f 677 970 880
f 968 881 778
f 881 882 679
f 1064 884 682
f 1219 591 683
f 883 1219 683
f 882 779 684
f 779 976 687
f 883 683 780
f 973 783 688
f 883 780 887
f 985 887 786
f 989 789 794
f 891 892 793
f 988 800 892
f 988 794 800
f 800 794 795
f 803 702 894
f 993 900 706
f 706 900 898
f 900 995 898
f 898 995 996
f 898 996 808
f 996 811 808
f 808 811 809
f 903 994 804
f 901 899 994
f 996 1124 811
f 1124 903 811
f 903 812 811
f 899 1125 810
f 905 1000 721
f 721 1000 813
f 1002 718 998
f 1002 1135 821
f 823 824 723
f 910 1008 826
f 1011 911 829
f 918 920 610
f 836 1296 835
f 1296 918 835
f 1017 1019 611
f 1019 618 318
f 1451 729 837
f 729 1023 924
f 926 846 1022
f 847 927 925
f 928 929 1024
f 928 1024 927
f 926 1027 846
f 924 1177 551
f 1177 850 551
f 1181 850 1177
f 1181 1177 1029
f 849 1028 623
f 623 1028 1026
f 1027 1030 848
f 928 935 929
f 1030 627 848
f 1030 737 627
f 737 930 931
f 1319 936 633
f 852 1033 744
f 934 939 743
f 743 939 855
f 853 937 935
f 939 856 855
f 856 940 748
f 745 946 937
f 944 943 750
f 654 760 946
f 763 1044 760
f 950 1198 763
f 869 1334 765
f 950 951 1198
f 951 952 954
f 1200 575 1046
f 1200 507 575
f 1200 1336 507
f 1336 1047 507
f 1048 1484 664
f 1049 1203 955
f 769 873 1058
f 873 1208 1058
f 964 1060 456
f 1215 965 1062
f 878 1491 1347
f 1343 879 965
f 776 676 678
f 1345 968 777
f 777 968 778
f 880 970 1342
f 1219 1065 591
f 593 1072 970
f 972 974 971
f 1073 974 972
f 1068 973 884
f 977 1073 972
f 982 978 975
f 977 981 1225
f 982 983 978
f 1231 883 887
f 1075 1080 782
f 973 886 783
f 1079 983 982
f 1080 1083 782
f 790 1084 796
f 989 985 786
f 891 987 892
f 1234 796 1084
f 791 1659 694
f 987 1235 988
f 987 988 892
f 1095 989 893
f 1093 702 1234
f 1234 702 796
f 988 893 794
f 894 702 1093
f 801 1245 791
f 894 993 803
f 1113 993 894
f 1247 801 813
f 1121 900 993
f 1121 995 900
f 1126 1247 813
f 1121 997 995
f 995 997 996
f 901 1133 899
f 1133 1125 899
f 1136 905 821
f 609 1258 823
f 1267 1005 908
f 1005 1268 825
f 1268 1007 825
f 920 1157 611
f 1157 1159 611
f 1017 1018 1019
f 1019 1020 618
f 1305 1022 613
f 925 927 1304
f 1024 1021 1170
f 1024 1173 1021
f 927 1170 1304
f 1024 1025 1173
f 1310 1027 926
f 1180 1028 849
f 1180 1312 1028
f 1312 1314 1028
f 929 1025 1024
f 930 849 931
f 930 1180 849
f 1025 1318 1306
f 1030 930 737
f 929 935 1025
f 1025 1320 1318
f 935 1320 1025
f 936 1032 940
f 937 1320 935
f 937 1193 1320
f 946 1193 937
f 1194 863 1036
f 863 865 652
f 1194 865 863
f 1196 1193 946
f 759 1040 864
f 865 1042 867
f 947 1197 759
f 1043 761 1042
f 1043 949 761
f 1766 868 948
f 949 1626 657
f 1045 657 1626
f 1199 1046 1045
f 1334 1480 871
f 1201 1768 870
f 1047 1048 768
f 955 1203 1630
f 1202 1484 1048
f 1049 1051 1204
f 1206 1051 1049
f 1205 1209 958
f 1055 957 770
f 1207 1208 873
f 960 1210 1055
f 875 959 876
f 960 962 1210
f 1210 962 1211
f 1209 1488 964
f 962 1059 1211
f 1213 1060 964
f 1215 1778 965
f 1778 1343 965
f 776 1216 676
f 969 1067 1066
f 1064 1068 884
f 1072 1647 970
f 969 972 971
f 971 1221 1220
f 975 1070 1221
f 1077 1219 883
f 1348 1071 976
f 1348 976 779
f 1073 1223 974
f 974 1223 975
f 1223 1226 975
f 978 1070 975
f 1068 979 973
f 975 1226 982
f 978 983 1070
f 977 1225 1073
f 983 1227 1074
f 1226 1081 982
f 1231 1077 883
f 983 1086 1227
f 1081 1229 982
f 1229 1079 982
f 1082 1227 1086
f 985 1231 887
f 1079 1086 983
f 1091 1230 1082
f 1083 1085 889
f 1088 1089 1086
f 1088 1086 1079
f 1086 1091 1082
f 1091 1092 1230
f 984 987 891
f 1366 1231 985
f 1089 1090 1086
f 1086 1090 1091
f 1232 1234 1084
f 1097 1094 1092
f 1095 1366 989
f 1237 1090 1089
f 1101 1097 1090
f 1090 1097 1091
f 1091 1097 1092
f 1097 1099 1094
f 1094 1099 1098
f 1095 988 1235
f 988 1095 893
f 1237 1239 1090
f 1239 1101 1090
f 1099 1103 1098
f 1101 1102 1097
f 1097 1102 1099
f 1102 1103 1099
f 1239 1240 1101
f 1240 1105 1101
f 1101 1105 1102
f 1105 1107 1102
f 1102 1107 1103
f 1107 1108 1103
f 1106 1114 1100
f 1114 894 1100
f 1110 1114 1106
f 1107 1111 1108
f 1108 1111 1109
f 1111 1112 1109
f 1109 1112 1110
f 1112 1113 1110
f 1113 1114 1110
f 894 1114 1113
f 1118 1111 1107
f 1111 1116 1112
f 1123 1113 1112
f 1247 1539 1245
f 1247 1245 801
f 1118 1119 1111
f 1111 1119 1116
f 993 1113 1121
f 1120 1123 1112
f 1123 1121 1113
f 1122 1116 1119
f 1122 1120 1116
f 1116 1120 1112
f 1130 1124 997
f 997 1124 996
f 1132 1248 903
f 903 1248 994
f 1248 901 994
f 1122 1127 1120
f 1127 1128 1120
f 1120 1128 1123
f 1128 1129 1123
f 1121 1123 997
f 1123 1130 997
f 1123 1129 1130
f 1130 1131 1124
f 1124 1131 903
f 1131 1132 903
f 1125 1256 810
f 1254 1126 1000
f 998 1138 1002
f 1138 1260 1002
f 1260 1135 1002
f 1136 1137 905
f 1139 1137 1136
f 1262 1139 1136
f 1135 1262 821
f 1268 1566 1007
f 1566 1141 1007
f 1148 1144 1143
f 1282 1145 1146
f 1014 914 1427
f 914 1147 1427
f 1147 1143 1427
f 1151 1148 1143
f 1015 1147 914
f 1148 1150 1144
f 1147 1151 1143
f 1015 1151 1147
f 1149 1156 1013
f 1153 1151 1015
f 1152 1148 1151
f 1152 1160 1148
f 1158 1150 1148
f 1287 1153 1015
f 1153 1152 1151
f 1160 1158 1148
f 1291 1154 1153
f 1153 1154 1152
f 1294 1152 1154
f 1294 1160 1152
f 1295 1155 1016
f 1296 1854 918
f 1738 1157 918
f 918 1157 920
f 1159 1295 1017
f 1161 1160 1294
f 1165 1158 1160
f 1165 1163 1158
f 1163 1288 1158
f 1164 1160 1161
f 1163 1167 1288
f 1164 1165 1160
f 1165 1167 1163
f 1164 1166 1165
f 1166 1021 1165
f 1165 1168 1167
f 1597 729 1451
f 1304 1170 1166
f 2087 1978 724
f 1170 1021 1166
f 1165 1021 1168
f 1175 1023 1596
f 925 1304 1169
f 1021 1173 1168
f 1305 1172 1022
f 1172 1599 1022
f 1599 926 1022
f 1173 1306 1168
f 1175 924 1023
f 1307 1454 845
f 1025 1306 1173
f 1176 1307 845
f 1313 1026 1028
f 1027 1315 1030
f 1030 1316 930
f 1316 1311 930
f 754 1191 1035
f 1035 1191 1036
f 1331 1194 1036
f 1195 866 1327
f 1332 1042 865
f 868 1334 869
f 1199 1335 1046
f 1335 1200 1046
f 1481 1200 1335
f 1480 1876 871
f 1047 1202 1048
f 1203 1204 1632
f 1484 1633 1050
f 1050 1633 1052
f 1052 1205 958
f 1055 1206 957
f 1205 1337 1209
f 1054 1056 872
f 872 1056 875
f 873 1056 1207
f 1056 873 959
f 1208 1773 1058
f 1773 1490 1058
f 1058 1490 1340
f 1060 1215 1062
f 1063 1639 1214
f 1063 1342 1639
f 1491 1495 1347
f 1494 1216 776
f 1343 1345 879
f 1493 1494 776
f 1344 1064 966
f 1064 1217 1068
f 1643 1645 1068
f 1347 1495 885
f 1645 979 1068
f 1350 1219 1077
f 1348 1351 1071
f 1222 1223 1073
f 1223 1349 1226
f 1070 1074 1352
f 1228 1350 1077
f 1071 1506 1075
f 1495 1078 885
f 1226 5489 1081
f 1506 1080 1075
f 980 1360 1076
f 1228 1077 1231
f 1360 984 1076
f 1229 1362 1079
f 984 1360 987
f 1231 1662 1228
f 1362 1088 1079
f 1360 1509 987
f 1509 1235 987
f 1366 1521 1231
f 1790 1095 1235
f 1088 1236 1089
f 1236 1237 1089
f 1526 1106 1100
f 1240 1241 1105
f 1105 1241 1107
f 1106 1244 1110
f 1118 1246 1119
f 1119 1376 1122
f 1798 1539 1247
f 1254 1798 1247
f 1254 1247 1126
f 1122 1250 1127
f 1127 1250 1128
f 1250 1251 1128
f 1128 1251 1129
f 1251 1252 1129
f 1129 1252 1130
f 1252 1253 1130
f 1130 1253 1131
f 1131 1253 1132
f 901 1256 1133
f 1133 1256 1125
f 1256 1383 810
f 810 1383 998
f 1383 1138 998
f 1138 1386 1260
f 1260 1556 1135
f 1556 1262 1135
f 1404 1005 1267
f 1404 1268 1005
f 1404 1566 1268
f 1407 1006 1272
f 1014 1427 1146
f 1144 1283 1424
f 1283 1425 1424
f 1150 1284 1283
f 1285 1289 1284
f 1285 1284 1150
f 1431 1285 1150
f 1286 1288 1285
f 1288 1289 1285
f 1289 1293 1284
f 1287 1290 1153
f 1290 1291 1153
f 1158 1288 1286
f 1155 1290 1287
f 1291 1292 1154
f 1292 1294 1154
f 1157 1739 1159
f 1159 1739 1295
f 1167 1289 1288
f 1167 1299 1293
f 1167 1293 1289
f 1293 1299 1442
f 1303 1164 1297
f 1164 1161 1297
f 1162 728 1445
f 1167 1449 1299
f 1169 1448 1447
f 1448 1302 1303
f 1302 1166 1303
f 1164 1303 1166
f 1169 1302 1448
f 1304 1166 1302
f 1168 1449 1167
f 1306 1449 1168
f 1306 1453 1449
f 1599 1310 926
f 1175 1308 1177
f 1306 1456 1453
f 1026 1313 1176
f 1313 1457 1176
f 1318 1456 1306
f 1311 1312 1180
f 1461 1459 1312
f 1461 1312 1311
f 1312 1459 1314
f 1314 1459 1313
f 1460 1181 1029
f 1310 1315 1027
f 1462 1461 1311
f 1460 1317 1181
f 1315 1316 1030
f 1462 1311 1316
f 1181 1317 1465
f 1756 1182 1184
f 1184 1182 1185
f 1320 1467 1318
f 1466 1032 1319
f 1466 1323 1032
f 1324 1189 1469
f 1469 1189 1322
f 1189 1471 1322
f 1329 1325 1470
f 1325 1326 1469
f 1469 1326 1324
f 1323 1472 942
f 1472 754 942
f 1329 1326 1325
f 1190 1330 1471
f 1326 1329 1038
f 1327 1762 1195
f 1194 1332 865
f 1196 1765 1193
f 1332 1475 1043
f 1475 1477 1043
f 1477 949 1043
f 1626 1199 1045
f 954 2104 951
f 1481 1482 1200
f 1482 1336 1200
f 871 1876 661
f 1336 1631 1047
f 1629 1483 661
f 1486 1054 956
f 1633 1205 1052
f 1054 1338 1056
f 1207 1773 1208
f 1214 1489 1212
f 1217 1643 1068
f 1065 1499 1493
f 1350 1065 1219
f 1222 1349 1223
f 1349 1353 1226
f 1224 1353 1349
f 1224 1349 1222
f 1353 1355 1226
f 1354 1650 980
f 1355 5489 1226
f 5489 1355 1503
f 1506 1361 1080
f 1650 1360 980
f 1504 1357 1225
f 1225 1357 5489
f 1357 1081 5489
f 1358 1512 1229
f 1229 1512 1362
f 1072 1659 1651
f 1232 1363 1234
f 1363 1518 1234
f 1518 1522 1093
f 1518 1093 1234
f 1095 1792 1521
f 1095 1521 1366
f 1093 1522 1526
f 1236 1367 1237
f 1237 1367 1239
f 1078 1368 991
f 1239 1369 1240
f 1369 1370 1240
f 1240 1370 1241
f 1371 1244 1106
f 1241 1372 1107
f 1107 1372 1118
f 1372 1540 1118
f 1540 1246 1118
f 1246 1376 1119
f 1122 1377 1250
f 1250 1377 1251
f 1377 1378 1251
f 1378 1379 1251
f 1251 1379 1252
f 1252 1379 1253
f 1379 1380 1253
f 1380 1551 1253
f 1551 1381 1253
f 1381 1132 1253
f 901 1553 1256
f 1553 1383 1256
f 1137 1139 1686
f 1691 1386 1138
f 1258 2238 823
f 1387 1139 1262
f 1720 1267 1006
f 1720 1404 1267
f 1407 1406 1006
f 1406 1720 1006
f 1271 1407 1273
f 1416 1412 1417
f 1424 1425 1575
f 1427 1421 1420
f 1146 1427 1420
f 1282 1426 1430
f 1426 1282 1420
f 1282 1146 1420
f 1284 1425 1283
f 1429 1432 1149
f 1284 1428 1425
f 1438 1428 1284
f 1431 1735 1285
f 1432 1439 1149
f 1586 1851 1290
f 1851 1291 1290
f 1440 1586 1155
f 1586 1290 1155
f 1293 1442 1438
f 1442 1588 1438
f 1438 1588 1428
f 1295 1440 1155
f 1294 1441 1161
f 1443 1854 1296
f 1739 1440 1295
f 1441 1297 1161
f 1593 1444 1296
f 1444 1443 1296
f 1446 1303 1297
f 1301 1447 1445
f 1447 1448 1446
f 1978 1593 724
f 1448 1303 1446
f 1449 1452 1442
f 1450 1597 1451
f 1453 1452 1449
f 1453 1601 1452
f 1457 1307 1176
f 1456 1601 1453
f 1456 1757 1601
f 1463 1605 1461
f 1461 1605 1459
f 1462 1463 1461
f 1605 1604 1459
f 1608 1316 1315
f 1316 1608 1462
f 1465 1466 1319
f 1456 1467 1757
f 1467 1456 1318
f 1320 1870 1467
f 1470 1325 1617
f 1469 1322 1614
f 1325 1469 1617
f 1472 1191 754
f 1328 1619 1473
f 1192 1329 1619
f 1471 1622 1620
f 1330 1760 1622
f 2099 1332 1194
f 1041 1871 1196
f 1041 1474 1871
f 1477 1626 949
f 1626 1875 1199
f 868 1478 1334
f 1199 1875 1335
f 1334 1478 1480
f 1875 1481 1335
f 1198 951 1479
f 766 1630 1877
f 1629 661 1876
f 1047 1631 1202
f 1484 1770 1633
f 1339 1635 1206
f 1337 1488 1209
f 1212 1489 1883
f 1214 1639 1489
f 1489 1639 1776
f 1490 1638 1340
f 1213 1215 1060
f 1638 1491 1340
f 1340 1491 878
f 1343 1780 1345
f 1344 1217 1064
f 1497 1218 1345
f 1645 1354 979
f 1228 1510 1350
f 1504 1503 1357
f 1650 1509 1360
f 1512 1520 1362
f 1362 1520 1088
f 1087 1660 1788
f 1509 1661 1235
f 1661 1790 1235
f 1662 1231 1521
f 1088 1520 1236
f 1520 1367 1236
f 1790 1792 1095
f 1524 1528 1367
f 1526 1371 1106
f 1528 1369 1367
f 1367 1369 1239
f 1370 1530 1241
f 1530 1668 1241
f 1371 1535 1244
f 1539 1659 1245
f 1668 1372 1241
f 1536 1540 1372
f 1540 1675 1246
f 1675 1376 1246
f 1376 1546 1122
f 1122 1546 1377
f 1546 1547 1377
f 1547 1548 1377
f 1377 1548 1378
f 1378 1548 1379
f 1548 1549 1379
f 1379 1549 1380
f 1549 1550 1380
f 1550 1551 1380
f 1381 1248 1132
f 1381 1681 1248
f 1681 901 1248
f 1681 1553 901
f 1383 1685 1138
f 1556 1260 1386
f 1556 1387 1262
f 1816 1402 1401
f 1712 1403 1564
f 1824 1405 1565
f 1566 1724 1141
f 1570 1413 1009
f 1569 1142 1572
f 1728 1576 1839
f 1421 1422 1726
f 1573 1575 1728
f 1575 1576 1728
f 1424 1575 1573
f 1420 1421 1574
f 1430 1426 1419
f 1428 1576 1575
f 1576 1578 1577
f 1428 1578 1576
f 1578 1731 1577
f 1578 1736 1731
f 1583 1581 1431
f 1581 1582 1431
f 1735 1585 1285
f 1285 1585 1286
f 1588 1736 1578
f 1291 1584 1292
f 1428 1588 1578
f 1854 1738 918
f 1446 1589 1973
f 1592 1445 1744
f 1447 1446 1973
f 1452 1594 1588
f 1596 1597 1595
f 1601 1598 1452
f 1305 1861 1172
f 1861 1599 1172
f 1307 1748 1454
f 1175 1747 1308
f 1600 1310 1599
f 1602 1748 1307
f 1747 1458 1308
f 1457 1602 1307
f 1458 1317 1460
f 1459 1457 1313
f 1459 1752 1457
f 1752 1602 1457
f 1600 1603 1310
f 1310 1603 1315
f 1604 1752 1459
f 1603 1608 1315
f 1604 1615 1752
f 1607 1608 1603
f 1609 1462 1608
f 1609 1463 1462
f 1607 1609 1608
f 1609 1610 1463
f 1610 1605 1463
f 1610 1611 1605
f 1611 1604 1605
f 1611 1615 1604
f 1615 1613 1752
f 1612 1754 1755
f 1610 1617 1611
f 1614 1615 1611
f 1468 1618 1612
f 1609 1470 1610
f 1322 1866 1613
f 1473 1618 1468
f 1607 1470 1609
f 1470 1617 1610
f 1617 1614 1611
f 1467 1870 1757
f 1618 1619 1607
f 1619 1470 1607
f 1473 1619 1618
f 1471 1620 1758
f 1472 1759 1191
f 1759 2098 1191
f 1765 1320 1193
f 1191 2098 1331
f 2098 1194 1331
f 2099 1194 2098
f 2099 1623 1332
f 1195 1766 1476
f 1475 2102 1477
f 1624 1626 1477
f 1985 1478 1766
f 951 2104 1479
f 2221 1876 1480
f 1482 1991 1336
f 1991 1631 1336
f 1631 1769 1202
f 1202 1769 1484
f 1769 1770 1484
f 1633 1634 1205
f 1880 1338 1054
f 1772 1773 1207
f 1337 1637 1488
f 1637 1885 1488
f 1488 1885 964
f 1885 1213 964
f 1777 1215 1213
f 1777 1778 1215
f 1778 1889 1343
f 1889 1780 1343
f 2426 1495 1491
f 1493 1890 1494
f 1893 1645 1643
f 1350 1499 1065
f 1648 1649 1353
f 1353 1649 1355
f 1355 1649 1357
f 1649 1358 1357
f 981 1785 1504
f 1657 1509 1650
f 1662 1656 1510
f 1361 1516 1511
f 1509 1657 1661
f 1659 2013 1651
f 1664 1900 1660
f 1521 1908 1662
f 1904 1790 1661
f 1792 1908 1521
f 2125 2013 1659
f 1533 1671 1536
f 1536 1671 1540
f 1671 1675 1540
f 1368 1673 902
f 1675 1545 1546
f 1678 1679 1549
f 1679 1550 1549
f 1550 1797 1551
f 1680 1681 1381
f 1382 1800 2130
f 1553 1802 1383
f 1802 1685 1383
f 1685 1691 1138
f 1387 1689 1139
f 1691 1692 1386
f 1692 1693 1386
f 1386 1693 1556
f 1693 1925 1556
f 1925 1387 1556
f 2030 1559 1699
f 1701 1700 1560
f 1698 1704 1398
f 1562 1563 1402
f 1942 1820 1712
f 1820 1824 1565
f 1828 1721 1719
f 1721 1829 1719
f 1720 1827 1404
f 1827 1724 1404
f 1404 1724 1566
f 1724 1956 1141
f 1956 1568 1277
f 1956 1277 1141
f 1832 1725 1569
f 1834 1833 1569
f 1572 1834 1569
f 1423 1841 1726
f 1842 1573 1837
f 1573 1838 1837
f 1422 1423 1726
f 1573 1728 1838
f 1576 1844 1839
f 1574 1421 1840
f 1729 1574 1845
f 1419 1426 1729
f 1729 1420 1574
f 1729 1426 1420
f 1736 1734 1731
f 1580 1732 1579
f 1737 1735 1850
f 1737 1585 1735
f 1587 1737 1971
f 1852 1437 1971
f 1588 1594 1736
f 1858 1860 1595
f 1595 1860 1596
f 1452 1598 1594
f 1596 2587 1175
f 2587 1747 1175
f 1862 1599 1861
f 1599 1862 1600
f 1747 1863 1458
f 1862 1751 1600
f 1602 1864 1748
f 1752 1750 1602
f 1757 1980 1601
f 1751 1754 1600
f 1754 1603 1600
f 1755 1751 1753
f 1754 1751 1755
f 1754 1607 1603
f 1618 1607 1754
f 1752 1613 1750
f 1613 1866 1750
f 1750 1866 1867
f 1756 1616 1755
f 1616 1612 1755
f 1616 1468 1612
f 1870 1980 1757
f 1758 1867 1866
f 1868 2094 1472
f 2094 1759 1472
f 1761 1870 1320
f 1474 1984 1871
f 2102 1624 1477
f 1624 1872 1626
f 1626 1872 1875
f 1478 2220 1480
f 1875 1988 1481
f 1988 1482 1481
f 1630 1879 1877
f 1629 2106 1483
f 1485 2223 1051
f 1483 1880 1486
f 1770 1634 1633
f 1486 1880 1054
f 1994 1338 1880
f 1337 1774 1637
f 1776 1886 1489
f 1885 1777 1213
f 1638 1997 1491
f 1778 2109 1889
f 1997 2426 1491
f 1780 1497 1345
f 1782 1493 1499
f 1217 1893 1643
f 2426 2324 1495
f 1497 2001 1500
f 1656 1499 1350
f 1896 1354 1645
f 1354 1897 1650
f 1650 1897 1657
f 1787 1905 1663
f 1657 1904 1661
f 1662 1903 1656
f 1908 1791 1662
f 1907 1790 1904
f 1664 1909 1906
f 1532 1909 1664
f 1680 1553 1681
f 1249 1687 1917
f 1919 1802 1553
f 1921 1801 1918
f 1555 1688 1921
f 2339 1691 1685
f 2027 1686 1139
f 1692 1924 1693
f 1693 1924 1925
f 1558 1805 1695
f 1697 1702 1698
f 1807 2030 1699
f 1708 1811 1709
f 1815 2188 1562
f 1562 2188 1563
f 2189 1942 1712
f 1942 2283 1820
f 1719 1823 1825
f 2060 1828 1825
f 1825 1828 1719
f 1824 1951 1405
f 2060 1952 1828
f 1829 1830 1946
f 1951 1406 1405
f 1406 1951 1720
f 1951 1827 1720
f 2066 1828 1952
f 1828 2072 1721
f 2072 1836 1721
f 2066 2072 1828
f 1721 1836 1829
f 1836 1831 1829
f 1831 1830 1829
f 2070 1956 1724
f 1831 1838 1830
f 1727 1832 1833
f 1836 1837 1831
f 1956 1730 1568
f 1834 1840 1833
f 1840 1727 1833
f 1727 1835 1832
f 1838 1831 1837
f 2073 1837 1836
f 1845 1840 1834
f 2073 1842 1837
f 1728 1954 1838
f 1728 1839 1954
f 1843 1845 1834
f 1845 1574 1840
f 1843 1419 1729
f 1577 1961 1844
f 1967 1579 1847
f 1967 1969 1579
f 1736 2082 1734
f 1738 1855 1157
f 1855 2497 1739
f 2497 1440 1739
f 2304 1439 2301
f 1978 2585 1593
f 1746 2089 1455
f 1598 2091 2305
f 1980 2091 1598
f 1861 1749 1862
f 1749 1751 1862
f 1863 1865 1458
f 1980 1598 1601
f 1750 1864 1602
f 1758 1982 1867
f 1870 1981 1980
f 1620 1982 1758
f 1761 1981 1870
f 1333 1984 1474
f 2102 1986 1624
f 1624 1986 1872
f 1479 1873 1333
f 1480 2220 2221
f 2222 1991 1482
f 1990 1629 1876
f 1631 2316 1769
f 2316 1992 1769
f 2319 1770 1769
f 1634 2521 1205
f 2521 1337 1205
f 1338 1881 1772
f 1772 1881 1773
f 2109 1778 1777
f 2110 1217 1344
f 1784 1644 1647
f 1895 1894 1893
f 1893 1894 1896
f 1893 1896 1645
f 1656 2328 1499
f 2002 1783 1648
f 1894 1897 1896
f 1896 1897 1354
f 1894 1898 1897
f 2117 1786 1788
f 1788 1900 2117
f 1898 1901 1897
f 1901 1657 1897
f 1900 1906 2004
f 1901 1902 1657
f 2004 1906 2011
f 1657 1902 1904
f 1906 1910 2011
f 1902 1907 1904
f 1910 2014 2011
f 1907 1792 1790
f 2016 1791 1908
f 1909 1910 1906
f 1907 2122 1792
f 2122 1908 1792
f 1910 1911 2014
f 1909 1793 1910
f 1794 1911 1910
f 1911 1912 2014
f 2232 1539 1798
f 2021 1797 1550
f 1918 1799 2024
f 2024 1799 1915
f 1915 1799 2130
f 1797 1916 1551
f 1551 1916 1381
f 1916 1680 1381
f 1680 1919 1553
f 2025 1918 2024
f 1920 1921 2025
f 1921 1918 2025
f 1686 2027 1552
f 1920 1555 1921
f 2339 1923 1691
f 1691 1923 1692
f 1923 1924 1692
f 1924 2029 1925
f 2345 1559 2030
f 2046 1811 1810
f 1939 1937 1708
f 1941 1939 1813
f 1940 1815 1814
f 1944 1823 2052
f 1823 2054 2052
f 2054 1946 1945
f 1947 1825 1944
f 2060 1825 1947
f 1946 1950 1945
f 2285 1824 1820
f 1946 1830 1950
f 1950 2065 2061
f 2070 1724 1827
f 2065 1954 1955
f 1830 2065 1950
f 1953 2072 2066
f 1830 1954 2065
f 1832 2069 1725
f 1832 2071 2069
f 1954 1839 1955
f 1832 1835 2071
f 2073 1836 2072
f 2203 1955 1839
f 1839 1844 2203
f 1844 1959 2203
f 2073 1958 1842
f 1842 1958 1960
f 1960 2206 1963
f 2206 1846 1963
f 1961 1959 1844
f 1964 1967 1847
f 1730 1970 1733
f 2208 1969 1967
f 2208 1850 1969
f 1583 2299 1968
f 1851 2299 1584
f 2211 1737 1850
f 2212 1971 2211
f 1974 1857 1973
f 1975 1977 1740
f 2305 1979 1598
f 2587 2409 1747
f 1863 2215 1865
f 2092 2091 1980
f 1867 2093 1864
f 1867 1864 1750
f 1865 2215 1868
f 2215 2094 1868
f 1981 2218 2095
f 2310 2098 1759
f 1761 2218 1981
f 2100 1623 2099
f 1762 1763 1195
f 2100 1475 1623
f 2100 2101 1475
f 2101 2102 1475
f 1872 1987 1875
f 1985 2220 1478
f 1987 1988 1875
f 2221 1990 1876
f 1990 2106 1629
f 1991 2316 1631
f 1992 2319 1769
f 2106 1880 1483
f 1994 1881 1338
f 1881 1995 1773
f 1773 1995 1490
f 1995 1775 1490
f 1637 2321 1885
f 2321 1777 1885
f 1775 1638 1490
f 1641 2110 1344
f 1780 2111 1497
f 2110 2113 1217
f 1217 2113 1893
f 1782 2000 1493
f 2113 1895 1893
f 1499 2328 1782
f 2113 2115 1895
f 2324 1078 1495
f 2117 1895 2115
f 1895 2004 1894
f 2007 1784 1651
f 1786 2117 2114
f 2004 1898 1894
f 2117 2004 1895
f 2230 2328 1656
f 2005 1899 1655
f 1900 2004 2117
f 2004 2011 1898
f 1903 2230 1656
f 1903 2119 2230
f 1898 2011 1901
f 2011 2012 1901
f 2012 1902 1901
f 1903 2123 2119
f 2013 2125 2431
f 2012 2121 1902
f 1791 2123 1903
f 2118 1368 1078
f 2011 2014 2012
f 2016 2123 1791
f 1905 2015 1796
f 2121 2122 1907
f 2118 1795 1368
f 2122 2231 1908
f 2127 2123 2016
f 2015 1913 1796
f 2231 2016 1908
f 2019 2020 1914
f 1674 2022 1912
f 2021 2023 1797
f 1797 2023 1916
f 1916 2023 1680
f 2023 2133 1680
f 2133 2135 1680
f 1680 2135 1919
f 1552 2232 1798
f 1803 2131 2022
f 2025 2024 2129
f 1803 2026 2131
f 2027 2234 1552
f 1802 2237 1685
f 2237 2339 1685
f 2029 2028 1689
f 2028 2027 1689
f 2029 1689 1925
f 1804 2245 2244
f 2242 1926 1805
f 1926 2246 1927
f 2246 2247 1927
f 1558 2140 2242
f 1559 2345 1558
f 2345 2030 2153
f 2166 2146 2149
f 2032 2033 2031
f 1930 2153 1701
f 2034 2033 2032
f 2166 2149 2157
f 2163 1928 1929
f 2031 2037 2157
f 2037 2171 2157
f 2171 2166 2157
f 2036 2179 2165
f 2179 2034 2165
f 2179 2040 2034
f 2040 2033 2034
f 2033 2040 2031
f 2040 2037 2031
f 2037 2038 2171
f 2176 2178 2035
f 2035 2178 2164
f 2178 2036 2164
f 2040 2041 2037
f 2178 2179 2036
f 2179 2181 2040
f 2041 2038 2037
f 2181 2041 2040
f 2182 1705 1933
f 2044 2046 1810
f 2044 2045 2046
f 1937 2044 1810
f 2048 2050 2187
f 2050 2190 2187
f 2049 2191 2047
f 2047 2191 2048
f 2048 2191 2050
f 2050 2051 2190
f 2191 2051 2050
f 2053 1944 2193
f 1944 2052 2193
f 1945 2055 2054
f 2055 1945 2195
f 1945 2056 2195
f 2056 2198 2059
f 2064 1952 2060
f 1952 2064 2066
f 1951 2202 1827
f 2065 2067 2063
f 1827 2202 2070
f 1955 2068 2067
f 2391 1953 2066
f 2203 2068 1955
f 1953 2204 2072
f 2070 2205 1956
f 2072 2204 2073
f 2393 2206 1958
f 2206 2078 1846
f 1961 2075 1959
f 2075 2207 2077
f 1846 2078 1964
f 1961 2079 2075
f 2079 2207 2075
f 1964 2078 1967
f 2398 1967 2078
f 1968 1849 1581
f 2079 2081 2207
f 2208 2209 1850
f 2080 1850 2209
f 2210 2299 1851
f 2080 2211 1850
f 2082 2081 2079
f 2082 2404 2081
f 1970 2301 1733
f 2212 1852 1971
f 2083 2084 2302
f 2085 1977 2086
f 1978 2670 2585
f 2409 1863 1747
f 2089 2309 1869
f 2411 1759 2094
f 2310 1759 2411
f 2097 2099 2098
f 2101 2100 2097
f 2097 2100 2099
f 1871 1983 2218
f 2312 1766 1763
f 2312 1985 1766
f 1986 2102 2101
f 1986 1987 1872
f 1333 1873 1984
f 2221 2314 1990
f 1992 2318 2319
f 1634 2520 2521
f 2521 1774 1337
f 1994 2320 1881
f 1995 2606 1775
f 1774 2321 1637
f 1775 2607 1638
f 2607 2424 1638
f 1777 2523 2109
f 2424 1997 1638
f 2425 1889 2109
f 1889 2111 1780
f 2227 2110 1641
f 2426 3190 2324
f 2112 2113 2110
f 2326 2228 2000
f 2115 2113 2112
f 2328 2326 1782
f 2327 2118 2324
f 2117 2115 2114
f 1902 2121 1907
f 2121 2231 2122
f 1912 2126 2014
f 2014 2126 2121
f 2126 2231 2121
f 2127 2124 2123
f 2231 2129 2016
f 2016 2129 2127
f 2132 2129 2231
f 2127 2024 2124
f 2129 2024 2127
f 2024 1915 2124
f 2020 2128 2023
f 2022 2131 2126
f 2131 2132 2126
f 2126 2132 2231
f 2128 2133 2023
f 2025 2129 2132
f 2234 2232 1552
f 2131 2026 2132
f 2026 2025 2132
f 2235 2136 2135
f 2135 2136 1919
f 2136 2237 1802
f 2136 1802 1919
f 2238 2137 1388
f 2445 1923 2339
f 2028 2342 2027
f 2249 2248 2141
f 2145 2146 2142
f 2146 2147 2142
f 2142 2147 2143
f 2147 2148 2143
f 2143 2148 2144
f 2261 2149 2145
f 2145 2149 2146
f 2150 2151 2147
f 2147 2151 2148
f 2151 2154 2148
f 2146 2160 2147
f 2147 2160 2150
f 2150 2262 2151
f 2262 2154 2151
f 2352 2262 2150
f 2158 2032 2155
f 2260 2155 2156
f 2156 2157 2261
f 2261 2157 2149
f 1930 2259 2153
f 2034 2032 2158
f 2168 2159 2146
f 2146 2159 2160
f 2160 2162 2150
f 2162 2352 2150
f 2161 2034 2158
f 2166 2167 2146
f 2167 2168 2146
f 2159 2267 2160
f 2267 2162 2160
f 2355 2164 2266
f 2164 2165 2266
f 2165 2161 2266
f 2165 2034 2161
f 2169 2268 2159
f 2268 2267 2159
f 2355 2035 2164
f 2164 2036 2165
f 2168 2169 2159
f 2175 2176 2035
f 2171 2172 2166
f 2166 2172 2167
f 2167 2173 2168
f 2168 2173 2169
f 2038 2271 2171
f 2271 2172 2171
f 2172 2360 2167
f 2360 2272 2167
f 2270 2177 2175
f 2175 2177 2176
f 2041 2363 2038
f 2038 2363 2271
f 2177 2180 2176
f 2180 2184 2176
f 2176 2184 2178
f 2184 2181 2178
f 2178 2181 2179
f 2181 2275 2041
f 2275 2273 2041
f 2273 2363 2041
f 2180 2183 2184
f 2184 2274 2181
f 2274 2275 2181
f 2182 2715 1705
f 2045 1938 2046
f 1940 2279 1815
f 2372 2723 2188
f 2188 2723 2189
f 2051 2471 2190
f 2189 2282 1942
f 1942 2282 2283
f 2377 2191 2049
f 2191 2192 2051
f 2192 2281 2051
f 2052 2284 2474
f 2283 2285 1820
f 2194 2197 2060
f 2194 2060 1947
f 2197 2388 2060
f 2388 2064 2060
f 2388 2390 2064
f 2067 2290 2063
f 2064 2391 2066
f 2202 2292 2070
f 2391 2577 1953
f 2577 2204 1953
f 1958 2073 2204
f 2393 2295 2206
f 2205 2296 1965
f 2295 2078 2206
f 2298 1970 1965
f 2398 2208 1967
f 2080 2300 2211
f 2497 2583 1586
f 1440 2497 1586
f 1853 1972 2302
f 2585 1443 1444
f 1443 3299 1854
f 3299 1738 1854
f 2085 2405 1977
f 2306 2407 2213
f 2870 1978 2087
f 2306 2213 1979
f 2305 2306 1979
f 2408 2089 1746
f 2091 2308 2214
f 2310 2311 2097
f 2097 2311 2101
f 2311 2219 2101
f 2674 1983 1984
f 2219 2416 1986
f 2416 1987 1986
f 1987 2313 1988
f 2313 2419 1988
f 2220 2314 2221
f 1988 2222 1482
f 2104 2516 2103
f 1990 2315 2106
f 2315 2422 2106
f 2106 2422 1880
f 2320 1995 1881
f 1889 2609 2111
f 2227 2112 2110
f 2111 2325 2001
f 2114 2112 2227
f 2001 2325 2116
f 1784 2525 2226
f 2328 2229 2326
f 2230 2229 2328
f 2119 2330 2230
f 2123 2332 2330
f 1915 2335 2332
f 2130 2337 2335
f 2333 2336 2128
f 2133 2235 2135
f 2235 2236 2136
f 2236 2237 2136
f 2441 2339 2237
f 2447 2137 2238
f 1924 2689 2029
f 2689 2448 2029
f 2029 2448 2028
f 2448 2342 2028
f 2247 2249 2141
f 2145 2257 2261
f 2259 2346 2153
f 2349 2261 2257
f 2261 2349 2156
f 2262 2351 2154
f 2352 2459 2262
f 2459 2351 2262
f 2265 2259 1930
f 2266 2161 2626
f 2268 2549 2267
f 2267 2549 2162
f 2356 2355 2354
f 2269 2270 2356
f 2355 2356 2035
f 2272 2173 2167
f 2276 2270 2269
f 2276 2177 2270
f 2276 2180 2177
f 2276 2365 2180
f 2180 2365 2183
f 2274 2367 2275
f 2559 2273 2275
f 2365 2368 2183
f 2183 2368 2274
f 2274 2465 2367
f 2640 2566 2045
f 2045 2566 1938
f 2278 2279 1940
f 2280 2372 2188
f 2281 2376 2051
f 2377 2192 2191
f 2194 2287 2197
f 2287 2386 2197
f 1824 2285 2575
f 2485 2197 2386
f 2390 2391 2064
f 2292 2659 2070
f 2204 2393 1958
f 2659 2296 2205
f 2489 2295 2393
f 2398 2078 2297
f 2580 1970 2298
f 2496 2301 1970
f 2212 2401 1972
f 3299 1855 1738
f 2305 2505 2306
f 2305 2214 2505
f 2409 2215 1863
f 2408 2309 2089
f 2215 2410 2094
f 2413 2311 2310
f 2674 2415 1983
f 1984 1873 2674
f 2417 2220 1985
f 2313 1987 2416
f 2419 2222 1988
f 2889 2318 1992
f 2606 2607 1775
f 2899 2325 2111
f 2228 2427 2323
f 2326 2429 2228
f 2228 2429 2427
f 2116 2329 2331
f 2230 2433 2229
f 2330 2433 2230
f 2331 2434 2333
f 2334 2431 2125
f 2330 2332 2433
f 2335 2433 2332
f 2335 2436 2433
f 2232 2334 2125
f 2335 2337 2436
f 2336 2338 2133
f 2338 2235 2133
f 2234 2613 2232
f 2443 2613 2234
f 2235 2440 2236
f 2236 2441 2237
f 2445 2341 1923
f 1923 2341 1924
f 2341 2689 1924
f 2242 2246 1926
f 2343 2249 2247
f 2343 2243 2249
f 2249 2243 2248
f 2243 2245 2248
f 2345 2536 2140
f 2539 2257 2540
f 2540 2257 2453
f 2158 2263 2458
f 2626 2161 2627
f 2627 2161 2458
f 2549 2352 2162
f 2353 2269 2460
f 2269 2356 2460
f 2461 2553 2268
f 2553 2549 2268
f 2169 2461 2268
f 2359 2357 2269
f 2358 2636 2173
f 2636 2461 2173
f 2360 2361 2272
f 2361 2358 2272
f 2358 2173 2272
f 2362 2357 2359
f 2357 2276 2269
f 2271 2360 2172
f 2363 2462 2271
f 2364 2276 2357
f 2463 2363 2273
f 2464 2559 2275
f 2364 2365 2276
f 2367 2464 2275
f 2565 2044 1937
f 2717 2565 1937
f 2566 2469 1938
f 2469 2278 1938
f 2723 2282 2189
f 2373 2049 2047
f 2471 2376 2568
f 2470 1941 1943
f 2376 2382 2568
f 2830 2283 2282
f 2375 2377 2049
f 2379 2382 2376
f 2281 2379 2376
f 2383 2382 2379
f 2194 2378 2380
f 2836 2285 2283
f 2281 2384 2379
f 2384 2383 2379
f 2383 2287 2382
f 2382 2287 2380
f 2384 2385 2383
f 2385 2386 2383
f 2383 2386 2287
f 2483 2386 2385
f 2485 2386 2483
f 2485 2388 2197
f 2575 2292 2202
f 2576 2577 2391
f 2392 2204 2577
f 2392 2393 2204
f 2295 2297 2078
f 2297 2395 2398
f 2207 2397 2396
f 2399 2397 2207
f 2491 2664 2299
f 2208 2492 2494
f 2493 2491 2210
f 2580 2496 1970
f 2583 2493 2210
f 2081 2400 2399
f 2495 2581 2750
f 2750 2581 2855
f 2495 2401 2212
f 2407 2503 2404
f 2672 1859 2405
f 2306 2504 2407
f 2410 2411 2094
f 2510 2509 2092
f 2413 2591 2311
f 2218 2510 2095
f 2219 2513 2416
f 2419 2420 2222
f 2420 2773 2222
f 2773 1991 2222
f 2316 2889 1992
f 2422 2320 1994
f 2521 2778 1774
f 3075 2321 1774
f 2321 2523 1777
f 2897 2609 1889
f 2525 2896 2226
f 2609 2981 2899
f 2899 2428 2325
f 2324 3190 2327
f 2325 2428 2329
f 2229 2429 2326
f 2229 2529 2429
f 2529 2684 2429
f 2611 2684 2529
f 2329 2430 2331
f 2433 2529 2229
f 2337 2437 2436
f 2438 2437 2337
f 2438 2685 2437
f 2338 2440 2235
f 2440 2441 2236
f 2786 2907 2339
f 2786 2339 2441
f 2907 2445 2339
f 2027 2791 2442
f 2791 2027 2342
f 2445 2446 2341
f 2341 2446 2689
f 2535 2450 2242
f 2450 2617 2242
f 2617 2449 2242
f 2247 2534 2343
f 2536 2535 2140
f 2619 2348 2452
f 2542 2543 2455
f 2265 2800 2259
f 2547 2266 2626
f 2459 2548 2351
f 2549 2706 2352
f 2552 2553 2461
f 2271 2462 2360
f 2710 2560 2362
f 2362 2364 2357
f 2560 2364 2362
f 2559 2463 2273
f 2466 2368 2365
f 2565 2640 2044
f 2471 2643 2567
f 2471 2568 2643
f 2373 2375 2049
f 2382 2472 2568
f 2472 2380 2473
f 2473 2380 2378
f 2375 2475 2377
f 2648 2475 2375
f 2475 2478 2377
f 2377 2478 2192
f 2478 2479 2192
f 2479 2281 2192
f 2479 2384 2281
f 2479 2480 2384
f 2480 2481 2384
f 2384 2482 2385
f 2481 2482 2384
f 2482 2483 2385
f 2573 2575 2285
f 2388 2743 2390
f 2743 2576 2390
f 2390 2576 2391
f 2578 2955 2744
f 2747 2296 2659
f 2488 2393 2392
f 2393 2488 2489
f 2396 2579 2487
f 2489 2297 2295
f 2298 2749 2580
f 2395 2492 2398
f 2492 2208 2398
f 2503 2400 2404
f 2751 2752 2497
f 2402 2501 2403
f 2753 1855 3299
f 2753 2751 1855
f 2751 2497 1855
f 2671 2406 2496
f 1860 2866 2587
f 2762 2215 2409
f 2588 2410 2215
f 2589 2411 2410
f 2411 2413 2310
f 2591 2219 2311
f 1983 2673 2512
f 2417 2770 2220
f 2416 2514 2313
f 2514 2416 2596
f 2515 2313 2514
f 2515 2419 2313
f 2515 2598 2419
f 2599 2419 2598
f 2599 2420 2419
f 3182 2517 1990
f 2517 2315 1990
f 1770 2519 1634
f 2777 3328 2776
f 2422 2603 2320
f 2519 2520 1634
f 2893 2778 2521
f 2320 2606 1995
f 3075 2608 2321
f 2608 2523 2321
f 2523 2425 2109
f 2424 2898 1997
f 2425 2897 1889
f 1997 2898 2426
f 2527 2528 2329
f 2329 2528 2430
f 2528 2432 2430
f 3082 1795 2118
f 2436 2611 2529
f 3082 2785 1795
f 1795 2785 1673
f 2435 2432 2530
f 2530 2532 2439
f 2532 2786 2441
f 2444 2687 2533
f 2689 2793 2448
f 2793 2342 2448
f 2614 2615 2449
f 2615 2246 2449
f 2615 2534 2246
f 2346 2618 2251
f 2348 2700 2347
f 2259 2618 2346
f 2456 2349 2538
f 2349 2539 2538
f 2455 2541 2696
f 2541 2623 2696
f 2701 2618 2259
f 2455 2543 2541
f 2543 2544 2541
f 2544 2625 2541
f 2541 2625 2623
f 2800 2701 2259
f 2629 2544 2543
f 2542 2545 2543
f 2545 2629 2543
f 2547 2626 2803
f 2545 2542 2351
f 2351 2548 2545
f 2631 2353 2460
f 2706 2459 2352
f 2553 2554 2549
f 2549 2554 2706
f 2636 2552 2461
f 2707 2636 2358
f 2556 2358 2361
f 2360 2558 2556
f 2462 2463 2557
f 2364 2561 2365
f 2561 2466 2365
f 2367 2562 2464
f 2466 2465 2368
f 2466 2638 2465
f 2638 2367 2465
f 2638 2562 2367
f 2717 3031 2565
f 2469 2719 2278
f 2719 2280 2279
f 2830 2836 2283
f 2572 2651 2569
f 2478 2650 2479
f 2650 2480 2479
f 2480 2571 2481
f 2572 2652 2651
f 2482 2574 2483
f 2574 2485 2483
f 2485 2841 2388
f 2841 2743 2388
f 2575 2844 2292
f 2747 2298 2296
f 2661 2297 2489
f 2961 2581 2494
f 2495 2666 2401
f 2752 2583 2497
f 2401 2498 2499
f 2500 2584 1974
f 2085 2862 2405
f 2862 2672 2405
f 3053 1860 1858
f 2869 2761 2408
f 2762 2588 2215
f 2308 3059 2506
f 3059 2308 2509
f 2589 2591 2411
f 2878 2880 2511
f 2411 2591 2413
f 2880 2312 2511
f 2591 2513 2219
f 2882 2415 2674
f 2595 2770 2417
f 2770 2314 2220
f 2600 2420 2599
f 2314 3069 1990
f 2315 2892 2422
f 2318 3072 2319
f 3072 1770 2319
f 2892 3327 2422
f 3327 2603 2422
f 2519 3073 2520
f 2520 2893 2521
f 2527 2329 2428
f 2610 2684 2680
f 2527 2683 2528
f 2437 2611 2436
f 2785 2787 1673
f 2437 2685 2611
f 2531 2686 2532
f 2688 2689 2446
f 2915 2451 2447
f 2617 2614 2449
f 2690 2614 2617
f 2615 2616 2534
f 2691 2450 2535
f 2692 2535 2536
f 2692 2691 2535
f 2692 2536 2537
f 2618 2798 2251
f 2698 2624 2456
f 2629 2625 2544
f 2697 2926 2256
f 2803 2808 2547
f 2548 2812 2545
f 2630 2631 2810
f 2634 2548 2459
f 2459 2706 2634
f 2815 2939 2551
f 2636 2635 2552
f 2552 2635 2553
f 2635 2554 2553
f 2557 2558 2462
f 2821 3021 2463
f 2821 2463 2559
f 2466 2714 2638
f 2640 2641 2566
f 2566 2641 2469
f 2278 2719 2279
f 2719 2372 2280
f 2724 2729 2373
f 2723 2830 2282
f 2647 3035 2470
f 2729 2648 2375
f 2729 2375 2373
f 2648 2649 2475
f 2475 2649 2478
f 2649 2650 2478
f 2650 2571 2480
f 2571 2739 2481
f 2481 2739 2482
f 2739 2574 2482
f 2574 2841 2485
f 2576 3148 2577
f 3148 2392 2577
f 2292 2745 2659
f 2488 2661 2489
f 2747 2749 2298
f 2661 2662 2297
f 2959 2492 2395
f 2959 2961 2492
f 2961 2855 2581
f 2749 2668 2496
f 2750 2666 2495
f 2668 2671 2496
f 2585 2859 1443
f 3053 2866 1860
f 2866 2965 2587
f 2965 2409 2587
f 2506 2760 2505
f 2762 2970 2588
f 2879 2509 2510
f 2415 2765 2673
f 2593 2595 2417
f 2513 2596 2416
f 2514 2767 2515
f 2767 2768 2515
f 2515 2768 2598
f 2768 2600 2598
f 2598 2600 2599
f 2771 2773 2420
f 3069 3182 1990
f 2517 2774 2315
f 2675 2889 2316
f 2675 2316 1991
f 2889 3429 2318
f 3429 3072 2318
f 3072 2519 1770
f 3073 2893 2520
f 2778 3075 1774
f 2608 2895 2523
f 2895 2425 2523
f 2898 3190 2426
f 2526 2681 2679
f 2683 2612 2528
f 2684 2611 2782
f 2783 2531 2612
f 2612 2531 2530
f 2685 5490 2611
f 2685 2988 5490
f 2788 2988 2685
f 2443 2906 2613
f 2790 2443 2442
f 2445 2789 2446
f 2789 2688 2446
f 2909 2793 2689
f 2793 2791 2342
f 2913 2615 2614
f 2913 2616 2615
f 2691 2914 2450
f 2450 2914 2617
f 2914 2690 2617
f 2912 2614 2690
f 2998 2691 2692
f 2806 2924 2702
f 2457 2922 2800
f 2704 2629 2545
f 2812 2704 2545
f 2705 2812 2548
f 2636 2707 2635
f 2707 2708 2635
f 2635 2708 2554
f 2708 2937 2554
f 2816 2707 2358
f 2463 3021 2557
f 3021 2940 2557
f 2557 2940 2558
f 2940 2820 2558
f 2637 2559 2464
f 2711 2364 2560
f 2364 2711 2561
f 2561 2714 2466
f 3027 2712 2714
f 2714 2712 2638
f 2712 2713 2638
f 2638 2713 2562
f 2640 3118 2641
f 3031 3118 2565
f 3118 2640 2565
f 2641 2716 2469
f 3032 2717 2470
f 2716 2719 2469
f 3035 3032 2470
f 3121 2723 2372
f 2729 2735 2648
f 2648 2735 2649
f 2735 2736 2649
f 2649 2736 2650
f 3038 2285 2836
f 2285 3038 2573
f 2736 2738 2571
f 2736 2571 2650
f 2571 2738 2739
f 2739 2740 2574
f 2573 2844 2575
f 2654 2840 2653
f 2740 2841 2574
f 2845 2576 2743
f 2745 2747 2659
f 3148 3287 2392
f 3287 2488 2392
f 3287 3043 2488
f 2488 3043 2661
f 2297 2662 2395
f 2662 2959 2395
f 2852 2850 2664
f 2491 2852 2664
f 2493 2852 2491
f 2854 2853 2493
f 2857 2854 2583
f 2583 2854 2493
f 2752 2857 2583
f 1443 2859 3299
f 2862 2964 2672
f 2868 2406 2671
f 2868 2869 2406
f 2762 2409 2965
f 2970 2873 2588
f 2588 2873 2589
f 2764 2878 2309
f 3064 2513 2591
f 2975 2765 2415
f 3064 3067 2513
f 3067 3519 2513
f 2597 2885 2674
f 2768 2771 2600
f 2770 3069 2314
f 2675 1991 2773
f 2774 2892 2315
f 2603 3431 2320
f 3431 2606 2320
f 2982 2779 2679
f 2899 2900 2428
f 2900 2781 2428
f 2428 2781 2527
f 2527 2781 2682
f 2682 2902 2683
f 2683 2902 2612
f 2902 2783 2612
f 2783 2903 2531
f 2903 2686 2531
f 3086 2907 2786
f 2790 2906 2443
f 2907 2789 2445
f 2791 2792 2442
f 2792 2790 2442
f 2793 3089 2791
f 2688 2909 2689
f 2911 2915 2447
f 2910 2616 2913
f 2912 2913 2614
f 2998 2914 2691
f 2537 2998 2692
f 2798 3001 2251
f 2915 3097 2697
f 2801 2618 2701
f 2801 2798 2618
f 2924 2920 2702
f 3097 2926 2697
f 2801 2701 2800
f 2807 2922 2457
f 2803 2928 2808
f 2704 2806 2629
f 2812 2934 2704
f 2814 2936 2706
f 2936 2634 2706
f 2936 2705 2634
f 2816 2817 2707
f 2707 2817 2708
f 2817 2937 2708
f 2637 3111 2559
f 2710 2942 2560
f 2560 2942 2711
f 2714 3114 3027
f 3027 2822 2712
f 2822 2943 2712
f 2712 2943 2713
f 2561 3028 2714
f 3030 3119 2641
f 3119 2716 2641
f 3032 3031 2717
f 2719 2828 2372
f 2828 3121 2372
f 2951 2841 2740
f 2841 2845 2743
f 2845 2954 2576
f 2954 3148 2576
f 3151 2747 2745
f 3151 3046 2747
f 3043 3154 2661
f 2748 2849 2746
f 3154 2662 2661
f 3046 2749 2747
f 2748 3156 2849
f 3046 2960 2749
f 2852 3160 2850
f 2749 2960 2668
f 2856 2854 2857
f 3297 2962 2666
f 2666 2962 2498
f 3054 2870 2759
f 2965 2968 2762
f 2969 2970 2762
f 3060 2589 2873
f 2589 3062 2591
f 2971 2880 2878
f 2591 3062 3064
f 2513 2884 2977
f 2513 2977 2596
f 3068 2773 2771
f 3326 2517 3182
f 3640 2894 3642
f 3074 2893 3073
f 2778 3187 3075
f 3075 3333 2608
f 2895 3076 2425
f 3076 3645 2425
f 2787 2785 2987
f 2686 3086 2786
f 2992 2906 2790
f 2909 3200 2793
f 3092 2910 2913
f 3203 3092 2912
f 2912 3092 2913
f 2914 2996 2690
f 2690 2996 2912
f 3096 2997 2998
f 2998 2997 2914
f 2251 3001 2537
f 3001 2998 2537
f 3096 2998 3001
f 2798 2923 3001
f 2797 2702 2918
f 2702 2920 2918
f 2923 2798 2801
f 3008 2802 2921
f 2922 2801 2800
f 3103 3007 2922
f 2922 3007 2801
f 2807 3103 2922
f 2936 3106 2705
f 2816 3016 2817
f 3018 3016 2818
f 2818 3016 2816
f 2943 3111 2637
f 3023 2944 2941
f 3028 3114 2714
f 3118 3030 2641
f 3119 3033 2716
f 2719 3034 2827
f 2719 2827 2828
f 2828 3263 3121
f 3121 3122 2723
f 3122 2830 2723
f 2949 2951 2839
f 2838 2653 2840
f 2838 2840 3136
f 2951 2845 2841
f 3144 2844 2573
f 3154 3294 2662
f 3294 2959 2662
f 3160 3156 2850
f 3295 3160 2852
f 3050 2855 2961
f 3048 2854 2856
f 2671 2668 3165
f 3052 2857 2752
f 2751 3052 2752
f 3302 3410 2584
f 3302 2584 2861
f 2866 3309 2965
f 3312 2869 2868
f 3309 2968 2965
f 2969 2762 2968
f 2761 2869 3512
f 2761 2875 2764
f 3059 3058 2763
f 2764 2875 2878
f 3060 3062 2589
f 3179 2971 2878
f 3422 3065 2881
f 3519 2884 2513
f 2595 3425 2770
f 3425 3069 2770
f 3068 2675 2773
f 2675 3924 2889
f 2774 3071 2892
f 3071 3327 2892
f 2519 3072 3927
f 2978 2603 3327
f 2893 3074 2778
f 2607 3331 2424
f 3331 2898 2424
f 2425 3645 2897
f 2897 3526 2609
f 2980 3190 2898
f 2609 3526 2981
f 2981 2900 2899
f 3077 2781 2900
f 2781 2901 2682
f 2901 2902 2682
f 3082 2987 2785
f 2686 3085 3086
f 2787 2989 2911
f 2992 2993 2906
f 3088 2789 2907
f 3091 3087 2790
f 3089 2792 2791
f 2995 2909 2688
f 3200 3089 2793
f 2910 3092 3201
f 2914 2997 2996
f 3007 2923 2801
f 3006 3004 2924
f 2704 3102 2806
f 2806 3102 2924
f 3102 3006 2924
f 3557 3463 2926
f 3106 3104 2705
f 3104 2934 2705
f 2705 2934 2812
f 3463 2938 2813
f 3017 2936 2814
f 3109 2819 2939
f 3025 3026 2942
f 3026 3258 2942
f 3258 2711 2942
f 3027 3115 2822
f 3115 2943 2822
f 2711 3365 2561
f 3365 3028 2561
f 3024 3029 2824
f 3031 3030 3118
f 3032 3120 3031
f 3033 3034 2716
f 2716 3034 2719
f 2830 3132 2836
f 3039 2843 3128
f 2843 3139 3128
f 3136 2840 3137
f 3038 3144 2573
f 3144 3381 2844
f 3381 2745 2844
f 3146 3151 2745
f 3287 3153 3043
f 2849 3289 3044
f 3161 2961 2959
f 2853 3295 2852
f 3048 2853 2854
f 2960 3165 2668
f 2966 3168 2967
f 3512 3418 2761
f 3177 2970 2969
f 2875 2761 3418
f 3315 2873 2970
f 3179 2878 2875
f 3321 2883 2880
f 3066 2975 2882
f 2884 2769 2977
f 2884 3068 2769
f 2769 3068 2771
f 3924 3429 2889
f 3073 2519 3927
f 3074 3187 2778
f 3333 2895 2608
f 3526 3528 2981
f 2981 3528 2900
f 3528 3077 2900
f 3077 3078 2781
f 3078 2901 2781
f 3193 2901 3078
f 2902 3194 2783
f 3194 3196 2903
f 3194 2903 2783
f 3342 2903 3196
f 2903 3085 2686
f 2989 2987 4179
f 3088 2995 2789
f 2789 2995 2688
f 3089 3090 2792
f 3090 3091 2792
f 3348 2915 2911
f 2996 3203 2912
f 2997 3556 2996
f 2923 3096 3001
f 2923 3352 3096
f 3224 3354 3007
f 3354 2923 3007
f 3006 3215 3004
f 3097 3557 2926
f 3010 3102 2704
f 3104 3223 2934
f 3231 3232 3017
f 3232 2936 3017
f 3243 3018 3020
f 3022 2819 3565
f 3112 3110 2821
f 3111 3112 2821
f 3115 3113 2943
f 3257 3258 3026
f 3258 3365 2711
f 3035 3120 3032
f 3267 3120 3035
f 3033 3372 3034
f 3265 2828 2827
f 3264 3121 3263
f 3264 3122 3121
f 3034 3265 2827
f 3122 3266 2830
f 3123 3267 3035
f 3266 3132 2830
f 3132 3038 2836
f 3138 3141 2951
f 2951 3141 2845
f 3141 2954 2845
f 3381 3146 2745
f 2954 3147 3148
f 3153 3154 3043
f 2849 3155 3289
f 3286 3046 3151
f 3154 3293 3294
f 2849 3157 3155
f 3046 3047 2960
f 3156 3157 2849
f 3160 3489 3156
f 2959 3158 3161
f 2853 3495 3295
f 3047 3165 2960
f 3300 2751 2753
f 3165 3312 2671
f 3312 2868 2671
f 3506 3306 2964
f 3053 3170 2866
f 3167 3168 2966
f 3173 2968 3172
f 3172 2968 3309
f 2969 2968 3173
f 3177 2969 3173
f 3315 2970 3177
f 3060 3317 3062
f 3317 3318 3062
f 3318 3180 3062
f 3062 3180 3064
f 3180 3181 3064
f 3321 2880 2971
f 3518 3320 2975
f 3519 3323 2884
f 3323 3068 2884
f 3426 3182 3069
f 2891 3640 3186
f 3794 3075 3187
f 3330 2607 2606
f 3333 3076 2895
f 3533 3078 3077
f 3666 3082 2327
f 3193 3194 2901
f 3194 2902 2901
f 3342 3085 2903
f 3198 2993 2992
f 3086 3088 2907
f 3199 3087 3091
f 3088 3346 2995
f 3090 3199 3091
f 3346 3452 2909
f 3346 2909 2995
f 3452 3200 2909
f 3200 3347 3089
f 3348 3549 2915
f 3350 3201 3092
f 3092 3203 3350
f 3354 3352 2923
f 3102 3214 3006
f 3214 3215 3006
f 3218 3102 3010
f 3462 3007 3103
f 3462 3224 3007
f 3232 3233 3106
f 3106 3233 3104
f 3233 3223 3104
f 3112 3252 3110
f 3255 3023 3469
f 3029 3024 3363
f 3257 3364 3258
f 3471 3259 3028
f 3028 3259 3114
f 3259 3260 3114
f 3114 3260 3027
f 3260 3115 3027
f 3367 2826 3368
f 3030 3371 3119
f 3371 3033 3119
f 3120 3370 3262
f 3265 3474 2828
f 2828 3474 3263
f 3575 3034 3372
f 3575 3265 3034
f 3475 3266 3122
f 3475 3375 3266
f 3266 3375 3132
f 3269 3132 3375
f 3039 3128 3376
f 3267 3134 3378
f 3128 3270 3268
f 3132 3269 3038
f 3134 3136 3377
f 3139 3143 3270
f 3138 3272 3141
f 3038 3582 3144
f 3141 3147 2954
f 3381 3382 3146
f 3147 3282 3148
f 3286 3151 3146
f 3287 3390 3153
f 3289 3290 3153
f 3289 3155 3290
f 3290 3154 3153
f 3290 3291 3154
f 3155 3291 3290
f 3286 3047 3046
f 3397 3047 3286
f 3156 3400 3157
f 3295 3489 3160
f 3048 3495 2853
f 2856 3890 3048
f 3614 2856 2857
f 3052 3614 2857
f 3500 2753 3299
f 3414 3173 3172
f 3413 3173 3414
f 2869 3312 3512
f 3173 3413 3177
f 3417 3177 3413
f 3058 3313 3056
f 3314 3315 3417
f 3417 3315 3177
f 3314 3625 3315
f 3315 3316 2873
f 2873 3316 3060
f 3418 3179 2875
f 3316 3317 3060
f 3514 3517 3180
f 2883 3321 2595
f 3321 3425 2595
f 3324 3183 3789
f 3182 3426 3326
f 2774 3326 3071
f 3429 3522 3072
f 3431 3330 2606
f 3794 3432 3075
f 3645 3334 2897
f 3334 3526 2897
f 3528 3533 3077
f 3338 3193 3078
f 3666 3818 3082
f 3818 2987 3082
f 3444 3196 3538
f 3444 3538 3340
f 3196 3194 3538
f 3446 3196 3444
f 3342 3196 3446
f 3342 3343 3085
f 3343 3086 3085
f 3198 3197 2993
f 2989 3348 2911
f 3086 3545 3088
f 3089 3347 3090
f 3090 3347 3199
f 3849 3546 3200
f 3546 3347 3200
f 3453 3351 3549
f 3351 3202 3549
f 3688 3350 3203
f 3351 3553 3202
f 3456 3688 3203
f 2996 3456 3203
f 3353 3457 3096
f 3457 2997 3096
f 3353 3096 3352
f 3211 3222 3208
f 3355 3462 3103
f 3468 3363 3361
f 3363 3255 3361
f 3573 3364 3257
f 3473 3363 3472
f 3262 3371 3030
f 3370 3371 3262
f 3376 3373 3370
f 3373 3371 3370
f 3378 3370 3120
f 3373 3374 3371
f 3033 3371 3372
f 3374 3372 3371
f 3474 3476 3263
f 3476 3264 3263
f 3376 3370 3378
f 3575 3474 3265
f 3374 3575 3372
f 3373 3268 3374
f 3378 3377 3376
f 3268 3270 3374
f 3134 3377 3378
f 3477 3038 3269
f 3143 3379 3579
f 3383 3146 3382
f 3383 3286 3146
f 3392 3153 3390
f 3291 3293 3154
f 3398 3399 3291
f 3291 3399 3293
f 3157 3400 3398
f 3400 3401 3399
f 3400 3399 3398
f 3488 3401 3400
f 3397 3748 3047
f 3756 3165 3047
f 3756 3047 3748
f 3614 3893 2856
f 3893 3890 2856
f 2859 3500 3299
f 3300 3052 2751
f 3612 3613 2859
f 3506 3907 3306
f 3411 2864 3169
f 3414 3415 3413
f 3415 3417 3413
f 3416 3417 3415
f 3416 3314 3417
f 3622 3314 3416
f 3316 3315 3625
f 3623 3783 3418
f 3783 3179 3418
f 3316 3916 3317
f 2971 3179 3917
f 3065 3786 3319
f 3322 3519 3067
f 3633 3425 3321
f 3425 3635 3069
f 3635 3426 3069
f 3426 3521 3326
f 3636 3923 2675
f 3071 2978 3327
f 3641 3524 3073
f 3075 3432 3333
f 3330 3331 2607
f 3528 3526 3647
f 3933 2327 3190
f 3653 3338 3078
f 3338 3538 3193
f 3538 3194 3193
f 3681 3342 3446
f 3344 3197 3198
f 3343 3545 3086
f 3545 3451 3088
f 3088 3451 3346
f 3455 3351 3453
f 3350 3852 3454
f 3553 3351 3455
f 3556 3456 2996
f 3458 3556 2997
f 3353 3459 3457
f 3459 3555 3457
f 3457 3458 2997
f 3457 3555 3458
f 3460 3558 3459
f 3352 3460 3353
f 3460 3459 3353
f 3352 3559 3460
f 3559 3352 3461
f 3355 3356 3462
f 3467 3468 3567
f 3468 3361 3567
f 3361 3465 3568
f 3469 3466 3697
f 3469 3697 3465
f 3361 3469 3465
f 3467 3470 3468
f 3470 3472 3468
f 3364 3471 3258
f 3258 3471 3365
f 3572 3473 3470
f 3473 3472 3470
f 3476 3122 3264
f 3476 3475 3122
f 3476 3576 3475
f 3475 3576 3375
f 3576 3578 3375
f 3270 3577 3374
f 3577 3575 3374
f 3575 3580 3474
f 3270 3579 3577
f 3707 3477 3269
f 3477 3710 3582
f 3477 3582 3038
f 3144 3478 3381
f 3478 3711 3382
f 3711 3383 3382
f 3719 3586 3386
f 3386 3586 3281
f 3585 3878 3383
f 3383 3397 3286
f 3397 3383 3878
f 3488 3601 3402
f 3601 3491 3403
f 3890 3749 3048
f 3048 3749 3495
f 3611 3408 3406
f 3496 3746 3304
f 3613 3500 2859
f 2753 3500 3300
f 3411 3766 3305
f 3774 3312 3756
f 3907 3308 3306
f 3508 3172 3621
f 3312 3774 3512
f 3414 3172 3508
f 3415 3414 3775
f 3415 3510 3416
f 3622 3416 3510
f 3622 3780 3314
f 3783 3917 3179
f 3628 3627 3421
f 3917 3516 2971
f 3920 3631 3066
f 3919 3633 3321
f 3923 3924 2675
f 3326 4039 3071
f 3522 3927 3072
f 3524 3794 3187
f 3331 4047 2898
f 2980 3933 3190
f 3534 3803 3529
f 3533 3528 3650
f 3435 3437 3531
f 3533 3653 3078
f 3655 3338 3653
f 3657 3538 3338
f 3665 3340 3669
f 3340 3538 3669
f 3833 3340 3665
f 3340 3833 3444
f 3444 3833 3446
f 3833 3681 3446
f 3681 3843 3342
f 3843 3343 3342
f 3546 3345 3347
f 3551 4082 3965
f 3552 3455 3550
f 3550 3455 3453
f 3852 3551 3454
f 3852 3966 3551
f 3687 3455 3552
f 3687 3553 3455
f 3688 3852 3350
f 3456 3690 3688
f 3690 3967 3688
f 3560 3458 3555
f 3556 3690 3456
f 3458 3691 3556
f 3459 3558 3555
f 3558 3560 3555
f 3560 3691 3458
f 3691 3690 3556
f 3558 3563 3560
f 3462 3857 3224
f 3695 3559 3461
f 3559 3564 3460
f 3564 3558 3460
f 3560 3561 3691
f 3692 3464 3463
f 3696 3462 3356
f 3695 3562 3559
f 3562 3564 3559
f 3564 3563 3558
f 3563 3561 3560
f 3564 3568 3563
f 3563 3568 3561
f 3568 3693 3561
f 3693 3691 3561
f 3562 3467 3564
f 3467 3567 3564
f 3567 3568 3564
f 3567 3361 3568
f 3465 3693 3568
f 3465 3697 3693
f 3697 3466 3856
f 3565 3466 3022
f 3467 3562 3695
f 3699 3470 3467
f 3572 3470 3699
f 3703 3572 3699
f 3574 3572 3703
f 3574 3368 3572
f 3705 3476 3474
f 3576 3476 3705
f 3577 3580 3575
f 3576 3706 3578
f 3375 3578 3269
f 3578 3707 3269
f 3579 3580 3577
f 3581 3580 3579
f 3582 3583 3144
f 3144 3583 3478
f 3711 3976 3383
f 3586 3714 3584
f 3861 3718 3585
f 3479 3719 3386
f 3587 3588 3479
f 3588 3719 3479
f 3718 3871 3585
f 3484 3723 3588
f 3588 3587 3484
f 3723 3867 3588
f 3871 3878 3585
f 3878 3748 3397
f 3600 3400 3599
f 3600 3488 3400
f 3488 3600 3601
f 3602 3491 3601
f 3494 3598 3497
f 3598 3496 3497
f 3491 3605 3403
f 3891 3749 3890
f 3605 3607 3403
f 3769 3772 3904
f 3769 3508 3772
f 3771 3508 3769
f 3508 3621 3772
f 3775 3508 3771
f 3508 3775 3414
f 3623 3512 3774
f 3775 3510 3415
f 3512 3623 3418
f 3622 3912 3780
f 3314 3780 3625
f 3625 3781 3316
f 4027 3916 3316
f 3924 3925 3429
f 3925 3522 3429
f 3071 4039 2978
f 3431 4141 3330
f 3931 3076 3333
f 4047 2980 2898
f 3648 3529 3799
f 3653 3533 3650
f 3534 3654 3803
f 3537 3532 3535
f 3804 3652 3536
f 3808 3657 3655
f 5491 3654 3534
f 3669 3657 3808
f 3655 3657 3338
f 3535 3656 3663
f 3817 3669 3808
f 3657 3669 3538
f 3817 3665 3669
f 3817 3832 3665
f 3953 3677 3441
f 3832 3833 3665
f 3849 4189 3546
f 3849 3200 3452
f 3851 3552 3551
f 3851 3687 3552
f 3689 3553 3687
f 3554 3553 3689
f 3689 3557 3554
f 3689 3853 3557
f 3693 3854 3691
f 3857 3695 3224
f 3224 3695 3461
f 3693 3697 3856
f 3857 3699 3695
f 3699 3467 3695
f 3698 3699 3857
f 3703 3699 3698
f 3573 3700 3364
f 3364 3700 3571
f 3701 3700 3573
f 3702 3704 3703
f 3705 3706 3576
f 3580 3712 3705
f 3706 3707 3578
f 3709 3707 3706
f 3707 3710 3477
f 3709 3710 3707
f 3581 3712 3580
f 3859 3717 3713
f 3717 3861 3713
f 3716 3715 3714
f 3860 3717 3859
f 3717 3718 3861
f 3719 3865 3586
f 3865 3714 3586
f 3865 3716 3714
f 3874 3871 3718
f 3588 3867 3719
f 3485 3872 3723
f 3740 3602 3600
f 3600 3602 3601
f 3738 3731 3492
f 3754 3756 3748
f 3743 3740 3489
f 3743 3741 3740
f 3740 3741 3602
f 3602 3741 3491
f 3742 3603 3490
f 3737 3746 3496
f 3747 3489 3495
f 3747 3743 3489
f 3743 3605 3741
f 3741 3605 3491
f 3743 3752 3605
f 3749 3750 3747
f 3750 3751 3747
f 3747 3751 3743
f 3751 3752 3743
f 3752 3607 3605
f 3891 3750 3749
f 3889 3753 3750
f 3753 3751 3750
f 3758 3613 3612
f 3300 3896 3052
f 3896 3614 3052
f 3762 3763 3899
f 3892 3766 3411
f 3767 3770 3762
f 3770 3763 3762
f 3763 3768 3900
f 3617 3907 3506
f 3905 3767 4016
f 3767 3905 3770
f 3769 3763 3770
f 3769 3768 3763
f 3769 3904 3768
f 3910 3774 3756
f 3906 3770 3905
f 3770 3771 3769
f 3772 3908 3904
f 3906 3771 3770
f 3777 3771 3906
f 3777 3775 3771
f 3777 3510 3775
f 3778 3510 3777
f 3911 3623 4024
f 3510 3778 3622
f 3778 3912 3622
f 3913 3509 3624
f 3914 3623 3911
f 3783 3623 3914
f 3780 3781 3625
f 3781 4027 3316
f 4128 3917 3783
f 3916 4028 3317
f 4028 3514 3317
f 3784 3517 3514
f 3516 3919 3321
f 4035 3921 3322
f 3322 3921 3519
f 4132 3323 3519
f 3521 4039 3326
f 4042 2603 2978
f 4042 3431 2603
f 4141 3929 3330
f 3929 3331 3330
f 3932 3798 3527
f 3932 3648 3797
f 3799 4051 3797
f 3799 4054 4051
f 3651 3800 3531
f 3647 3650 3528
f 4053 3653 3650
f 3933 3666 2327
f 4050 3651 3652
f 3802 3655 4053
f 3655 3653 4053
f 3802 3808 3655
f 3654 3938 3803
f 4056 3808 3802
f 3939 3807 3806
f 3807 3808 3806
f 3806 3808 4056
f 3813 3807 3939
f 3661 3936 3804
f 3945 3813 3939
f 3817 3808 3807
f 3945 3815 3813
f 3815 3816 3813
f 3813 3816 3807
f 3816 3817 3807
f 3821 3822 3815
f 3815 3822 3816
f 3822 3817 3816
f 3824 3823 3821
f 3823 3822 3821
f 3824 3826 3823
f 3826 3828 3823
f 3823 3828 3822
f 3825 3826 3824
f 3818 4179 2987
f 3828 3832 3822
f 3822 3832 3817
f 3954 3830 3952
f 3830 3834 3952
f 3827 3826 3825
f 3836 3831 3827
f 3827 3831 3826
f 3826 3831 3828
f 3956 3834 3830
f 3836 3837 3831
f 3837 3838 3831
f 3831 3838 3828
f 3828 3838 3832
f 3838 3839 3832
f 3832 3839 3833
f 3839 3681 3833
f 3843 3845 3343
f 3845 3848 3343
f 3848 3962 3343
f 3343 3962 3545
f 3963 3451 3545
f 3451 4192 3346
f 3346 4192 3452
f 3966 3851 3551
f 3852 3969 3966
f 3851 3689 3687
f 3688 3967 3852
f 3967 3969 3852
f 3854 3967 3690
f 3854 3970 3967
f 3854 3690 3691
f 3856 3970 3854
f 3856 3855 3970
f 3692 3971 3694
f 3696 3858 3857
f 3858 3698 3857
f 3700 3702 3698
f 3698 3702 3703
f 3715 3705 3712
f 3715 3706 3705
f 3715 3859 3706
f 3706 3859 3709
f 3973 3972 3583
f 3709 3975 3710
f 3974 3976 3711
f 3860 3859 3715
f 3713 4087 3709
f 4087 3975 3709
f 3716 3860 3715
f 3862 3860 3716
f 3862 3717 3860
f 3717 3874 3718
f 3867 3865 3719
f 3722 3869 3724
f 3724 3869 3594
f 3872 3867 3723
f 3874 3878 3871
f 3869 3875 3594
f 3980 3872 3485
f 3993 3878 3874
f 3878 3993 3748
f 3988 3739 3879
f 3603 4208 3879
f 3880 3606 3884
f 3883 3742 3604
f 3891 3889 3750
f 3893 3999 3890
f 3999 3891 3890
f 3894 3889 3891
f 3894 3897 3615
f 3613 4105 3500
f 4105 4006 3500
f 3500 4006 3300
f 4006 3896 3300
f 3896 3893 3614
f 4019 3910 3754
f 3910 3756 3754
f 4108 3903 3762
f 3762 3903 3767
f 3903 4016 3767
f 4227 3907 3617
f 3907 4021 3308
f 3906 4236 3777
f 3910 4024 3774
f 3774 4024 3623
f 4236 4239 3777
f 3777 4239 3778
f 4239 4351 3778
f 4351 3912 3778
f 4124 3913 3782
f 4128 3783 3914
f 4028 3784 3514
f 3918 4035 3322
f 3633 3922 3635
f 4136 3426 3635
f 4041 2978 4039
f 4041 4042 2978
f 4042 3928 3431
f 3641 4044 3524
f 3928 4043 3431
f 4043 4141 3431
f 3929 4047 3331
f 4143 2980 4047
f 3334 4263 3526
f 4263 3647 3526
f 4373 3801 3798
f 4050 3800 3651
f 4265 4053 3650
f 3801 3934 3532
f 4053 4266 3802
f 3934 3805 3532
f 4056 3802 4266
f 3933 4272 3666
f 3938 3935 3803
f 3803 3935 4054
f 3934 4057 3805
f 4272 4386 3666
f 4057 3811 3805
f 4061 3654 5491
f 5491 3810 4061
f 4061 4062 3654
f 4062 3938 3654
f 3938 3941 3935
f 3937 3936 3661
f 4062 3940 3938
f 3940 3946 3941
f 3940 3941 3938
f 3937 3661 3820
f 4060 3668 3812
f 3945 3814 3815
f 3815 3814 3821
f 3666 4386 3818
f 4166 3821 3814
f 3821 4166 3824
f 4166 3825 3824
f 4065 3825 4166
f 3953 4294 3677
f 3954 4069 3830
f 3827 3955 3836
f 4069 3956 3830
f 3956 3957 3834
f 3957 3835 3834
f 3836 3958 3837
f 3837 3958 3838
f 3958 3959 3838
f 3838 3959 3839
f 4185 3839 3959
f 3839 4076 3681
f 4076 3843 3681
f 4077 3960 3842
f 4076 3845 3843
f 3846 3848 3845
f 2989 4193 3348
f 3962 3963 3545
f 4495 3345 3546
f 4192 3849 3452
f 4189 4495 3546
f 3969 3968 3966
f 3968 3851 3966
f 3851 3968 3689
f 3970 3968 3969
f 3970 3969 3967
f 3971 3853 3968
f 3853 3689 3968
f 3970 3971 3968
f 3970 3855 3971
f 3858 3700 3698
f 3972 4083 3708
f 4083 4196 3708
f 4196 3974 3711
f 4197 3972 3973
f 3975 3973 3710
f 3975 4087 4085
f 3977 3866 3864
f 3865 3862 3716
f 3867 3868 3865
f 3978 3863 3721
f 4409 3869 4204
f 3868 4206 3865
f 3862 4089 3717
f 4089 3874 3717
f 3872 3868 3867
f 4211 3868 3872
f 3982 3993 3874
f 3979 4088 3877
f 3985 3979 3877
f 4090 3886 3737
f 4094 3892 3886
f 4103 3754 3993
f 5492 3999 3893
f 3999 3894 3891
f 4019 3754 4103
f 4003 3893 3896
f 4006 4337 3896
f 4002 4339 3760
f 4108 4226 3903
f 4226 4014 3903
f 4014 4016 3903
f 4016 4118 3905
f 4123 3906 3905
f 3907 4022 4021
f 4123 4236 3906
f 4122 4024 4019
f 4024 3910 4019
f 4351 4352 3912
f 4354 4356 3780
f 3780 4356 3781
f 4356 4027 3781
f 3916 4242 4028
f 4361 3919 4130
f 4130 3919 3516
f 4036 4032 3632
f 4034 4035 3918
f 3919 4449 3633
f 4449 3922 3633
f 3922 4136 3635
f 3323 4135 3636
f 3923 3636 4135
f 3426 4250 3521
f 3521 4250 4039
f 4040 3925 3924
f 4673 3927 3522
f 4044 3794 3524
f 4044 4142 3794
f 3794 4142 3432
f 4264 3798 3932
f 3798 4264 4373
f 4265 3647 4263
f 4373 4374 3801
f 4265 3650 3647
f 4372 4053 4265
f 4055 4151 4050
f 4054 4154 4052
f 4054 3935 4154
f 4059 4154 3935
f 4155 3939 3806
f 3937 4058 3936
f 4157 3939 4155
f 4062 4162 3940
f 3941 4164 4059
f 4157 3814 3945
f 4162 3946 3940
f 4064 4164 3941
f 4068 3955 4065
f 4173 4069 3954
f 4302 3956 4069
f 3955 4182 3836
f 3957 4070 3835
f 4182 4073 3836
f 3836 4073 3958
f 4073 4074 3958
f 3958 4074 3959
f 4074 4075 3959
f 4075 4185 3959
f 4185 4076 3839
f 4076 4186 3845
f 4186 3846 3845
f 4188 3963 3962
f 3963 4191 3451
f 4191 4192 3451
f 3453 3549 4193
f 4196 4199 3974
f 3974 4084 3976
f 3973 3975 4197
f 4087 4201 4085
f 3861 4086 4201
f 3977 4202 3866
f 4205 3863 3978
f 4088 4205 3978
f 4409 3983 3869
f 4206 3862 3865
f 4206 4089 3862
f 4089 3982 3874
f 3988 4320 3985
f 3983 4090 3737
f 4210 4211 3872
f 4090 4094 3886
f 3982 4103 3993
f 4411 4412 3745
f 3745 4412 3883
f 4100 3984 3992
f 3996 4099 3998
f 4099 4100 3998
f 5492 4218 4102
f 4223 4007 4008
f 4108 4007 4223
f 4109 3896 4337
f 4109 4003 3896
f 4340 4019 4103
f 4110 4107 4005
f 4104 4114 3766
f 4114 3305 3766
f 4014 4118 4016
f 4430 4123 4118
f 4123 3905 4118
f 4234 4024 4122
f 3911 4024 4234
f 4240 3914 3911
f 3912 4354 3780
f 4356 4537 4027
f 4027 4242 3916
f 4243 4130 4128
f 4128 4130 3917
f 3784 4034 4033
f 3917 4130 3516
f 4245 4032 4036
f 4034 4363 4035
f 4361 4449 3919
f 3788 4364 4247
f 3637 4137 3789
f 3638 4251 4249
f 4252 4040 3923
f 4457 3641 3927
f 4139 3928 4042
f 4139 4255 3928
f 4255 4140 3928
f 4140 4043 3928
f 4256 4141 4043
f 4141 4459 3929
f 4142 4679 3432
f 4679 3931 3432
f 4459 4259 3929
f 3929 4259 4047
f 4259 4143 4047
f 4045 4144 3645
f 4144 3334 3645
f 4143 3933 2980
f 4371 4264 3932
f 4151 4147 4050
f 4374 3934 3801
f 4376 4266 4375
f 4374 4268 3934
f 4271 4056 4376
f 4056 4266 4376
f 4154 4153 4152
f 4268 4156 4057
f 4057 4156 4060
f 4156 4158 4060
f 4061 4159 4062
f 4159 4162 4062
f 4276 3942 4161
f 4276 4160 3942
f 4162 4283 3946
f 4281 3814 4277
f 4283 4279 4064
f 4283 4064 3946
f 4279 4164 4064
f 4165 4166 4281
f 4171 4065 4284
f 4284 4065 4165
f 4171 4068 4065
f 4478 4609 4179
f 4067 4168 4170
f 4067 4174 4168
f 4168 4174 4298
f 4177 4068 4171
f 4173 4176 4069
f 4393 4176 4173
f 4177 4300 4068
f 4300 4182 4068
f 4176 4302 4069
f 4182 3955 4068
f 4070 4180 4071
f 4302 4181 3956
f 4181 3957 3956
f 4306 4074 4073
f 4183 4184 4074
f 4074 4184 4075
f 4399 4185 4075
f 4400 4076 4185
f 4186 4308 3846
f 3846 4308 3848
f 4308 4310 3848
f 4609 4402 2989
f 4310 3962 3848
f 4310 4188 3962
f 3963 4188 4191
f 4083 4198 4196
f 4197 4198 4083
f 3975 4315 4197
f 4197 4315 4198
f 4200 4084 4199
f 3975 4085 4315
f 4085 4201 4315
f 4201 4200 4315
f 4316 4202 3977
f 4205 4317 3863
f 4409 4090 3983
f 4320 4319 3979
f 4323 4089 4206
f 4211 4207 3868
f 4207 4206 3868
f 3982 4089 4323
f 4208 4320 3988
f 4222 3982 4323
f 4502 4095 3991
f 4210 4092 4211
f 4212 3603 3742
f 4212 4208 3603
f 4412 4212 3883
f 3883 4212 3742
f 4327 4215 4095
f 4103 3982 4222
f 4097 4216 4326
f 3995 4503 4411
f 4216 4328 4326
f 4217 4219 3887
f 4218 4328 4216
f 4218 4332 4328
f 4328 4332 4333
f 4223 4008 4220
f 4220 4008 4221
f 4008 4335 4221
f 4224 4218 5492
f 4224 4338 4218
f 4218 4338 4332
f 3758 4105 3613
f 4219 4002 3887
f 4109 4224 4003
f 4522 4224 4109
f 4340 4122 4019
f 4342 4122 4340
f 4014 4428 4118
f 4428 4430 4118
f 3907 4433 4022
f 4342 4234 4122
f 4435 4349 4236
f 4349 4239 4236
f 4240 3911 4234
f 4352 4354 3912
f 4240 4357 3914
f 4355 4124 4126
f 4357 4128 3914
f 4241 4355 4127
f 4537 4242 4027
f 4243 4128 4357
f 4361 4130 4664
f 4450 4133 4035
f 3922 4366 4136
f 4365 4135 4134
f 4366 3426 4136
f 4553 3923 4135
f 4366 4250 3426
f 4553 4252 3923
f 4250 4041 4039
f 4139 4042 4041
f 3927 4673 4457
f 4457 4044 3641
f 4044 4257 4142
f 4257 4557 4142
f 3643 5103 4460
f 4260 4149 4143
f 4143 4149 3933
f 4265 4263 4686
f 4149 4272 3933
f 4468 4157 4155
f 4383 4157 4468
f 4383 4277 4157
f 4276 4274 4160
f 4274 4058 4160
f 4278 4283 4162
f 4280 4165 4281
f 4284 4165 4280
f 4386 4478 3818
f 4288 4171 4284
f 4286 4292 4287
f 4593 4168 4390
f 4168 4289 4390
f 4390 4289 4288
f 4289 4171 4288
f 4292 4296 4287
f 4170 4168 4293
f 4298 4177 4289
f 4392 4291 4290
f 4292 4295 4296
f 4393 4173 4169
f 4295 4297 4296
f 4297 4176 4296
f 4296 4176 4393
f 4297 4301 4176
f 4301 4302 4176
f 4174 4067 4180
f 4180 4303 4174
f 4174 4303 4299
f 4303 4304 4299
f 4299 4177 4298
f 4304 4305 4299
f 4299 4300 4177
f 4299 4305 4300
f 4300 4305 4182
f 4181 4070 3957
f 4306 4183 4074
f 4184 4398 4075
f 4075 4398 4399
f 4399 4400 4185
f 4307 4186 4400
f 4307 4308 4186
f 4308 4619 4310
f 4193 4499 3453
f 4194 3964 4820
f 4198 4199 4196
f 4200 4199 4198
f 4199 4084 3974
f 4315 4200 4198
f 4203 4409 4204
f 4205 4410 4317
f 4319 4205 4088
f 4318 4090 4409
f 4207 4329 4206
f 4329 4323 4206
f 4212 4322 4208
f 4322 4629 4208
f 4321 4094 4090
f 4324 4322 4212
f 4321 4325 4094
f 4326 4207 4211
f 4207 4328 4329
f 4329 4222 4323
f 4326 4328 4207
f 4333 4329 4328
f 4333 4222 4329
f 4325 4415 4094
f 4094 4415 4104
f 4414 4418 4219
f 4416 4419 4220
f 4220 4419 4223
f 4419 4226 4223
f 4223 4226 4108
f 4415 4114 4104
f 4515 3758 4106
f 4418 4516 4219
f 4338 4333 4332
f 4338 4334 4333
f 4333 4424 4222
f 4222 4340 4103
f 4226 4421 4014
f 4224 4522 4338
f 4342 4340 4222
f 4427 4433 3907
f 4430 4434 4123
f 4123 4434 4236
f 4348 4234 4342
f 4434 4435 4236
f 4234 4348 4240
f 4439 4357 4240
f 4354 4534 4356
f 4356 4534 4537
f 4443 4539 4028
f 4443 4028 4242
f 4360 3915 4660
f 4028 4539 4129
f 4539 4540 4129
f 4664 4130 4243
f 4363 4450 4035
f 4449 4549 3922
f 4248 4365 4134
f 4549 4366 3922
f 4670 4250 4366
f 4135 4453 4553
f 4040 4673 3925
f 4458 4141 4256
f 4141 4458 4459
f 4255 4370 4140
f 4458 4872 4459
f 4557 4679 4142
f 4560 4045 3931
f 4259 4260 4143
f 4684 3334 4144
f 4260 4769 4149
f 3334 4686 4263
f 4769 4272 4149
f 4463 4262 4147
f 4151 4463 4147
f 4372 4375 4266
f 4569 4376 4375
f 4374 4269 4268
f 4271 4465 4155
f 4269 4466 4268
f 4268 4466 4156
f 4156 4579 4158
f 4274 4467 4058
f 4384 4159 4061
f 4159 4693 4162
f 4278 4162 4693
f 4385 4274 4276
f 4385 4276 4161
f 4277 4474 4281
f 4278 4471 4283
f 4471 4279 4283
f 4280 4475 4284
f 4477 4482 4290
f 4593 4293 4168
f 4482 4392 4290
f 4392 4394 4291
f 4291 4394 4292
f 4394 4295 4292
f 4295 4491 4297
f 4183 4603 4184
f 4491 4301 4297
f 4301 4396 4302
f 4302 4396 4181
f 4181 4492 4070
f 4492 4397 4070
f 4070 4397 4180
f 4180 4397 4303
f 4303 4397 4304
f 4397 4073 4304
f 4304 4073 4305
f 4305 4073 4182
f 4307 4619 4308
f 4619 4712 4310
f 4712 4312 4310
f 4620 4191 4312
f 4820 3964 4499
f 4717 4194 4820
f 4500 4316 4317
f 4500 4202 4316
f 4626 4203 4202
f 4626 4409 4203
f 4319 4410 4205
f 4720 4410 4319
f 4720 4319 4320
f 4318 4321 4090
f 4637 4114 4415
f 4105 4638 4006
f 4419 4421 4226
f 4334 4424 4333
f 4637 4840 4114
f 4426 4109 4337
f 4426 4522 4109
f 4014 4421 4428
f 4522 4429 4338
f 4429 4334 4338
f 4424 4342 4222
f 4646 4424 4334
f 4428 4521 4430
f 4646 4342 4424
f 4430 4524 4434
f 4653 4348 4342
f 4349 4529 4239
f 4239 4529 4351
f 4529 4352 4351
f 4348 4439 4240
f 4438 4656 4352
f 4352 4656 4354
f 4534 4441 4537
f 4540 4541 4129
f 4542 4445 4129
f 4543 4361 4664
f 4445 4544 4246
f 4030 4545 4446
f 4449 4361 4543
f 4363 4547 4450
f 4549 4449 5011
f 4940 4366 4549
f 4550 4453 4365
f 4365 4453 4135
f 4760 4040 4252
f 4760 4673 4040
f 3792 4254 4455
f 4041 4556 4139
f 4673 4866 4457
f 4560 4461 4045
f 4045 4461 4144
f 4876 4769 4260
f 4684 4686 3334
f 4463 4564 4262
f 4687 4265 4686
f 4566 4373 4264
f 4378 4772 4463
f 4688 4372 4687
f 4570 4269 4374
f 4572 4464 4270
f 4689 4386 4272
f 4467 4572 4270
f 4468 4155 4574
f 4698 4579 4156
f 4695 4159 4384
f 4383 4472 4277
f 4579 4385 4158
f 4158 4385 4161
f 4385 4797 4274
f 4280 4580 4475
f 4386 4801 4478
f 4388 4582 4387
f 4487 4484 4388
f 4591 4482 4477
f 4593 4483 4293
f 4482 4600 4392
f 4483 4602 4293
f 4487 4604 4484
f 4392 4600 4394
f 4607 4491 4295
f 4613 4603 4183
f 4491 4396 4301
f 4492 4493 4397
f 4397 4493 4073
f 4493 4306 4073
f 4306 4618 4183
f 4494 4307 4400
f 4705 4402 4609
f 4620 4312 4712
f 4905 4401 4189
f 4620 4710 4192
f 4710 4621 4192
f 4500 4626 4202
f 4630 4320 4629
f 4209 4725 4728
f 4627 4729 4318
f 4729 4632 4318
f 4730 4502 4727
f 4318 4632 4321
f 4411 4733 4412
f 4730 4331 4327
f 4632 4504 4321
f 4321 4504 4325
f 4325 4504 4415
f 4214 4636 4633
f 4505 4507 4416
f 4416 4507 4419
f 4637 4415 4504
f 4515 4739 3758
f 4419 4507 4421
f 4638 4337 4006
f 4841 4337 4638
f 4106 4840 4515
f 4337 4841 4426
f 4507 4521 4421
f 4421 4521 4428
f 4426 4644 4522
f 4644 4429 4522
f 4521 4524 4430
f 4524 4435 4434
f 4653 4342 4646
f 4530 4529 4435
f 4435 4529 4349
f 4529 4438 4352
f 4348 4533 4439
f 4658 4439 4533
f 4658 4357 4439
f 4658 4243 4357
f 4541 4542 4129
f 4445 4542 4544
f 4544 4546 4362
f 4544 4362 4246
f 4247 4753 4545
f 4364 4753 4247
f 4547 4248 4450
f 4248 4861 4365
f 4454 4755 4249
f 4550 4553 4453
f 4670 4041 4250
f 4670 4554 4041
f 4455 5018 4368
f 4554 4556 4041
f 4760 4672 4673
f 4866 4257 4457
f 4457 4257 4044
f 4256 4872 4458
f 4255 4677 4370
f 4872 4767 4459
f 4767 4259 4459
f 4874 4461 4560
f 4767 4260 4259
f 4461 4682 4144
f 4564 4683 4262
f 4566 4264 4371
f 4770 4687 4686
f 4769 4689 4272
f 4373 4570 4374
f 4786 4693 4695
f 4695 4693 4159
f 4466 4698 4156
f 4797 4791 4467
f 4575 4472 4383
f 4891 4577 4578
f 4388 4700 4582
f 4705 4609 4478
f 4388 4484 4700
f 4591 4600 4482
f 4484 4604 4599
f 4600 4598 4394
f 4394 4598 4295
f 4598 4607 4295
f 4704 4395 4603
f 4607 4615 4491
f 4491 4615 4396
f 4615 4616 4396
f 4396 4616 4492
f 4616 4617 4492
f 4492 4617 4493
f 4617 4618 4493
f 4493 4618 4306
f 4398 4806 4399
f 4399 4806 4494
f 4494 4619 4307
f 4709 4622 4809
f 4497 4496 4711
f 4902 4710 4620
f 4817 4820 4499
f 4717 4820 4819
f 4719 4626 4500
f 4721 4626 4719
f 4625 4501 4410
f 4626 4627 4318
f 4626 4318 4409
f 4721 4627 4626
f 4629 4726 4630
f 4729 4627 4628
f 4322 4631 4629
f 4633 4724 4725
f 4909 4212 4412
f 4909 4324 4212
f 4733 4909 4412
f 4414 4331 4734
f 4634 4736 4418
f 4633 4636 4737
f 4738 4418 4736
f 4739 4105 3758
f 4739 4638 4105
f 4914 5061 4515
f 4840 4914 4515
f 4523 4530 4435
f 4644 4650 4429
f 4429 4645 4334
f 4645 4646 4334
f 4650 4645 4429
f 4645 4649 4646
f 4649 4653 4646
f 4653 4533 4348
f 4530 4654 4438
f 4654 4656 4438
f 4847 4658 4533
f 4656 4657 4534
f 4657 4535 4441
f 4657 4441 4534
f 4849 4243 4658
f 5011 4449 4543
f 4755 4753 4364
f 4667 4550 4754
f 4552 4252 4553
f 4251 5018 4454
f 4252 4758 4760
f 4254 4674 4455
f 4865 4139 4556
f 4866 4761 4257
f 4870 4139 4865
f 4870 4255 4139
f 4676 4256 4370
f 4676 4872 4256
f 4762 4557 4257
f 4144 4682 4684
f 4682 4877 4684
f 4685 4686 4684
f 4880 4878 4564
f 4564 4878 4683
f 4773 4566 4371
f 4773 4775 4566
f 4568 4688 4774
f 4566 4775 4373
f 4464 4883 4378
f 4568 4776 4569
f 4775 4570 4373
f 4777 4569 4776
f 4777 4778 4569
f 4572 4890 4464
f 4694 4269 4570
f 4694 4466 4269
f 4791 4890 4572
f 4792 4696 4468
f 4384 4891 4695
f 4384 4577 4891
f 4796 4698 4466
f 4470 4582 4697
f 4796 4802 4698
f 4797 4795 4791
f 4700 4794 4582
f 4698 4701 4579
f 4579 4701 4385
f 4701 4797 4385
f 4705 4478 4801
f 4484 4798 4700
f 4484 4599 4798
f 4599 4706 4798
f 4804 4704 4608
f 4709 4706 4490
f 4709 4809 4706
f 4808 4619 4494
f 4713 4813 4810
f 4401 4708 4495
f 4622 4811 4809
f 4713 4906 4813
f 4712 4902 4620
f 4622 4624 4811
f 4713 4715 4906
f 4715 4908 4906
f 4714 4623 4816
f 4715 4716 4908
f 4718 4500 4501
f 4718 4719 4500
f 4625 4718 4501
f 4718 4822 4719
f 4823 4718 4625
f 4823 4822 4718
f 4822 4721 4719
f 4720 4824 4410
f 4410 4824 4625
f 4721 4628 4627
f 4723 4721 4822
f 4723 4724 4721
f 4724 4628 4721
f 4630 4824 4720
f 4725 4724 4723
f 4827 4727 4722
f 4727 4728 4722
f 4722 4728 4723
f 4730 4727 4827
f 4834 4628 4724
f 4628 4732 4729
f 4731 4631 4322
f 4324 4731 4322
f 4827 4734 4730
f 4834 4833 4628
f 4833 4732 4628
f 4732 4832 4729
f 4730 4734 4331
f 4832 4632 4729
f 4831 4634 4830
f 4634 4734 4830
f 4832 4836 4632
f 4736 4634 4831
f 4632 4839 4504
f 4504 4839 4637
f 5061 4739 4515
f 4739 4988 4638
f 4839 4840 4637
f 4839 4842 4840
f 4843 4914 4840
f 4842 4843 4840
f 4742 4743 4427
f 4916 4644 4426
f 4432 4917 4740
f 4528 4917 4432
f 4845 4645 4650
f 4845 4846 4645
f 4846 4649 4645
f 4745 4655 4652
f 4649 4533 4653
f 4649 4847 4533
f 4849 4658 4847
f 4851 4541 4540
f 4849 4664 4243
f 4851 4928 4541
f 4752 4546 4544
f 4546 4666 4665
f 4938 5011 4543
f 4753 5013 4545
f 4939 4861 4248
f 5092 4366 4940
f 5092 4670 4366
f 4454 4756 4755
f 4552 4758 4252
f 4759 4554 4670
f 4760 4864 4672
f 4946 4870 4865
f 4871 4872 4676
f 4761 4762 4257
f 4870 4677 4255
f 4869 4867 4677
f 4762 4679 4557
f 4873 4767 4872
f 5025 4876 4767
f 4876 4260 4767
f 4877 4685 4684
f 4878 4953 4683
f 4770 4685 4953
f 4770 4771 4687
f 4772 4880 4564
f 4774 4776 4568
f 4779 4570 4775
f 4778 4691 4465
f 4779 4784 4570
f 4780 4574 4691
f 4784 4694 4570
f 4787 4694 4784
f 4789 4697 4787
f 4781 4801 4386
f 4694 4796 4466
f 4790 4796 4694
f 4788 4891 4578
f 4697 4794 4787
f 4794 4790 4787
f 4787 4790 4694
f 4790 4799 4796
f 4794 4798 4790
f 4798 4799 4790
f 4799 4802 4796
f 4892 4795 4797
f 4802 4803 4698
f 4803 4701 4698
f 4701 4892 4797
f 4798 4706 4799
f 4803 4892 4701
f 4971 4804 4800
f 4801 5155 4705
f 4805 4802 4799
f 4805 4803 4802
f 4706 4805 4799
f 4706 4809 4805
f 4814 4898 4708
f 4705 5110 4402
f 4810 4813 4904
f 4808 4902 4712
f 4402 5110 4818
f 4907 4816 4900
f 4816 4812 4900
f 4711 4815 4812
f 4815 4711 4810
f 4710 4905 4621
f 4714 4816 4907
f 4816 4711 4812
f 4811 4714 4907
f 4819 4820 4817
f 4824 4823 4625
f 4823 4723 4822
f 4825 4826 4824
f 4826 4823 4824
f 4826 4722 4823
f 4722 4723 4823
f 4826 4827 4722
f 4726 4824 4630
f 4726 4829 4824
f 4829 4825 4824
f 4827 4826 4825
f 4726 4629 4631
f 4631 4828 4726
f 4828 4829 4726
f 4829 4830 4825
f 4830 4827 4825
f 4830 4734 4827
f 4831 4830 4829
f 4833 4832 4732
f 4835 4736 4910
f 4910 4736 4831
f 4838 4832 4833
f 4834 4837 4833
f 4838 4836 4832
f 4737 4837 4834
f 4837 4838 4833
f 4738 4835 4987
f 4738 4736 4835
f 4836 4839 4632
f 4740 4837 4737
f 4837 4913 4838
f 4987 4912 4738
f 5061 4988 4739
f 4988 4990 4638
f 4638 4990 4841
f 4915 4742 4427
f 4841 4916 4426
f 4919 4843 4842
f 4742 4744 4743
f 4844 4845 4650
f 4528 4747 4917
f 4744 5002 4923
f 4649 4846 4847
f 4923 4848 4745
f 4848 4924 4850
f 4926 4849 4847
f 4536 5005 5004
f 4660 4927 4852
f 4853 4849 4926
f 4853 4664 4849
f 4853 4543 4664
f 4545 4936 4446
f 4446 4936 4751
f 4752 4937 4546
f 4937 4666 4546
f 5011 4940 4549
f 4759 4670 5092
f 5093 4552 4667
f 4552 5093 4758
f 5134 4865 4554
f 4672 5019 4673
f 4554 4865 4556
f 5137 5098 4865
f 4867 5097 4676
f 5097 5021 4871
f 5097 4871 4676
f 4865 5098 4946
f 4873 4872 4871
f 4762 5139 4679
f 5139 4560 4679
f 4874 4875 4461
f 4875 4682 4461
f 5030 4769 4876
f 4770 4953 4878
f 4770 4879 4771
f 4883 4880 4772
f 4689 4769 5030
f 4884 4956 4774
f 4956 4776 4774
f 5035 4883 4464
f 4958 4957 4776
f 4957 4960 4777
f 4887 4779 4775
f 4464 4888 5035
f 5040 4779 4887
f 4464 4890 4888
f 4960 4778 4777
f 4961 4780 4778
f 4689 5037 4781
f 4966 4779 5040
f 4788 4789 4966
f 4966 4789 4779
f 4789 4784 4779
f 4787 4784 4789
f 4788 4966 4891
f 4795 5042 4890
f 4795 4890 4791
f 4970 4800 4699
f 4969 4793 4584
f 4795 4977 5042
f 4970 4971 4800
f 4972 4804 4971
f 5044 5155 4801
f 4977 4795 4892
f 4976 5153 4584
f 4805 4895 4803
f 4895 4896 4892
f 4895 4892 4803
f 4896 4977 4892
f 4805 4899 4895
f 4899 4896 4895
f 4899 4903 4896
f 4903 4900 4896
f 4897 4807 4806
f 4983 4808 4807
f 5110 4705 5107
f 4812 4982 4900
f 4899 4811 4903
f 4811 4907 4903
f 4812 4815 4982
f 4813 4901 4904
f 4907 4900 4903
f 4717 4819 5056
f 4408 4717 5056
f 4731 5058 4631
f 5058 4828 4631
f 4828 4831 4829
f 4985 4324 4909
f 4985 4731 4324
f 4910 4831 4828
f 4735 4911 4733
f 4838 4989 4836
f 4991 4989 4838
f 4836 4992 4839
f 4989 4992 4836
f 4913 4991 4838
f 4992 4842 4839
f 4740 4913 4837
f 4917 4913 4740
f 4990 4916 4841
f 4843 5115 4914
f 4995 4919 4992
f 4919 4842 4992
f 4917 5001 4913
f 5065 5115 4843
f 4919 5065 4843
f 4644 4844 4650
f 4747 5001 4917
f 4923 4924 4848
f 4926 4847 4846
f 4928 4930 4541
f 4751 5083 4662
f 4930 4932 4855
f 4932 4856 4855
f 4751 4936 5007
f 4857 4935 4752
f 4941 5014 4754
f 5093 4942 4758
f 5198 4554 4759
f 5198 5134 4554
f 4864 4942 4672
f 4942 5019 4672
f 5019 4866 4673
f 5096 4761 4866
f 5137 4865 5134
f 5022 5098 5137
f 4869 4945 4867
f 4946 4869 4870
f 4946 5023 4869
f 4870 4869 4677
f 5021 4873 4871
f 5139 4874 4560
f 4873 5025 4767
f 4875 4949 4682
f 4949 4877 4682
f 5025 5030 4876
f 4878 5027 4770
f 5027 5028 4770
f 5028 4879 4770
f 5034 4882 4771
f 4955 4956 4884
f 4886 4887 4773
f 4773 4887 4775
f 4962 4968 4792
f 4968 4970 4792
f 5042 4973 5150
f 5153 4969 4584
f 4977 4973 5042
f 4896 4973 4977
f 4896 4982 4973
f 4981 4893 4897
f 4893 4983 4807
f 4982 4815 4904
f 4902 5053 4710
f 5053 5054 4710
f 4710 5054 4905
f 5054 4984 4905
f 4905 4984 4814
f 4817 4818 5055
f 5056 4819 5244
f 4985 5058 4731
f 5058 4910 4828
f 4733 5057 4909
f 4909 5057 4985
f 4733 4911 5057
f 5060 4835 5058
f 5058 4835 4910
f 4635 5059 4911
f 4635 4986 5059
f 5060 4987 4835
f 4994 4989 4991
f 4913 4994 4991
f 5068 4992 4989
f 4994 5068 4989
f 4916 4844 4644
f 4994 5001 5068
f 4920 4919 4995
f 4919 4920 5065
f 5117 4846 4845
f 5070 4846 5117
f 4924 4923 5002
f 5070 4926 4846
f 4854 4662 5082
f 4938 4543 4853
f 5127 5011 4938
f 5011 5193 4940
f 5088 4941 4861
f 5193 5092 4940
f 4863 5013 4753
f 4756 4863 4755
f 5198 4759 5092
f 5093 5199 4942
f 5199 5132 4942
f 4945 5097 4867
f 5023 4945 4869
f 5139 5102 4874
f 4873 5277 5025
f 5029 5034 4879
f 5034 4771 4879
f 5035 5032 4883
f 4886 5040 4887
f 4965 5040 4886
f 4965 4966 5040
f 5042 5104 4888
f 4972 4975 4974
f 5048 5049 4980
f 5048 4980 4975
f 4982 5052 5106
f 5049 5050 4980
f 5050 4983 4980
f 4982 4904 5052
f 4904 4901 5052
f 5055 4818 5110
f 5057 5058 4985
f 5059 5058 5057
f 5059 5060 5058
f 4986 5060 5059
f 4988 5159 4990
f 5061 5113 4988
f 5113 5061 4914
f 5114 4916 4990
f 5068 4995 4992
f 4844 5117 4845
f 4920 4998 5065
f 5001 5072 5068
f 5068 5072 4995
f 5069 4920 4995
f 4995 5072 5069
f 4998 5120 5165
f 5069 5120 4998
f 5001 5074 5072
f 5074 5076 5072
f 5069 5075 5120
f 5075 5121 5120
f 5076 5075 5072
f 5072 5075 5069
f 5123 4926 5070
f 5077 5075 5076
f 5005 5077 5076
f 5003 5172 4928
f 4927 5082 5077
f 5123 4853 4926
f 4938 4853 5180
f 5180 5127 4938
f 5127 5193 5011
f 4941 5194 5014
f 5194 5015 5014
f 4756 5261 4863
f 4756 5094 5261
f 5199 5131 5132
f 5201 5262 5018
f 5201 5020 5265
f 5206 5269 4762
f 4945 5138 5097
f 5138 5021 5097
f 5138 5141 5021
f 5141 4873 5021
f 5140 5098 5022
f 5269 5139 4762
f 5139 5276 5102
f 5277 4873 5141
f 5145 5025 5277
f 5210 4877 4949
f 5145 5030 5025
f 4954 5213 5029
f 5217 5037 5145
f 5147 5045 5036
f 4888 5218 5035
f 4888 5104 5218
f 5148 4781 5037
f 5150 5104 5042
f 5150 5156 5227
f 5047 5228 5048
f 4973 5156 5150
f 4973 5106 5156
f 5105 5153 4976
f 5107 5155 5292
f 5052 5156 5106
f 5056 5244 5243
f 5159 4988 5113
f 5245 5115 5065
f 4916 5114 4844
f 5160 4844 5114
f 4998 5245 5065
f 5160 5117 4844
f 5163 5118 5067
f 5161 5117 5160
f 5247 5070 5117
f 5118 5167 5003
f 5123 5070 5247
f 5077 5121 5075
f 5077 5303 5121
f 5082 5303 5077
f 5082 5248 5303
f 5083 5248 5082
f 5124 4853 5123
f 5007 5174 5083
f 5124 5180 4853
f 5084 5183 5009
f 5129 5186 4936
f 5013 5351 5129
f 5013 5438 5351
f 5193 5197 5092
f 5013 4863 5438
f 5195 5015 5194
f 5197 5198 5092
f 5271 5138 5023
f 5138 4945 5023
f 5098 5271 4946
f 4946 5271 5023
f 5102 5210 4949
f 5210 5146 4877
f 5146 4954 4877
f 5328 5026 5028
f 5212 5213 4954
f 5030 5145 5037
f 5027 5330 5028
f 5035 5218 5032
f 5104 5285 5218
f 5227 5285 5104
f 5217 5148 5037
f 5223 5149 5045
f 5148 5044 4781
f 5045 5149 5151
f 5150 5227 5104
f 5228 5152 5234
f 4901 5290 5052
f 5237 5108 5051
f 4901 5109 5290
f 4906 5158 5109
f 5293 5110 5107
f 5244 5112 5343
f 5112 5110 5293
f 5158 5111 5243
f 5111 5056 5243
f 5244 5055 5112
f 5113 5295 5159
f 5159 5114 4990
f 5115 5295 5113
f 5165 5245 4998
f 5121 5165 5120
f 5167 5170 5003
f 5173 5123 5247
f 5173 5124 5123
f 5180 5124 5251
f 5007 5179 5250
f 5178 5183 5084
f 5312 5180 5251
f 4936 5186 5007
f 5186 5179 5007
f 5312 5127 5180
f 5191 5087 5086
f 5087 5258 5088
f 5195 5196 5015
f 5015 5199 5093
f 5263 5134 5198
f 5133 5354 5019
f 5134 5264 5137
f 5020 4947 5411
f 5268 5022 5137
f 5271 5278 5138
f 5278 5141 5138
f 5269 5276 5139
f 5323 5274 5022
f 5274 5140 5022
f 4947 5101 5359
f 5278 5277 5141
f 5277 5362 5145
f 4768 5211 5101
f 5330 5328 5028
f 5032 5282 4880
f 5282 5027 4880
f 5218 5282 5032
f 5213 5216 5034
f 5151 5149 5228
f 5292 5155 5148
f 5227 5156 5289
f 5231 5237 5235
f 5156 5052 5289
f 5052 5290 5289
f 5109 5291 5290
f 5237 5238 5108
f 5291 5109 5158
f 5243 5343 5341
f 5243 5244 5343
f 5295 5246 5159
f 5115 5245 5295
f 5246 5114 5159
f 5294 5295 5245
f 5295 5296 5246
f 5246 5160 5114
f 5165 5294 5245
f 5297 5161 5160
f 5297 5247 5161
f 5161 5247 5117
f 5298 5247 5297
f 5121 5300 5165
f 5173 5247 5298
f 5248 5301 5303
f 5248 5305 5301
f 5174 5305 5248
f 5251 5173 5308
f 5251 5124 5173
f 5174 5307 5305
f 5174 5250 5307
f 5179 5310 5250
f 5310 5309 5250
f 5347 5251 5249
f 5347 5312 5251
f 5311 5310 5179
f 5186 5311 5179
f 5351 5348 5129
f 5393 5198 5197
f 5393 5263 5198
f 5201 5265 5262
f 5131 5320 5133
f 5263 5264 5134
f 5268 5137 5264
f 4761 5096 5206
f 5269 5270 5276
f 5022 5268 5323
f 5272 5278 5271
f 5324 5278 5272
f 5274 5272 5140
f 5362 5277 5324
f 5324 5277 5278
f 5327 5145 5362
f 5327 5217 5145
f 5330 5329 5328
f 5280 5283 5212
f 5283 5213 5212
f 5282 5330 5027
f 5218 5285 5282
f 5227 5286 5285
f 5284 5231 5222
f 5148 5373 5292
f 5287 5214 5225
f 5227 5289 5286
f 5337 5236 5231
f 5231 5236 5237
f 5290 5291 5339
f 5158 5243 5291
f 5343 5112 5293
f 5294 5296 5295
f 5296 5299 5246
f 5246 5297 5160
f 5300 5296 5294
f 5165 5300 5294
f 5246 5299 5297
f 5344 5296 5300
f 5299 5298 5297
f 5300 5304 5344
f 5299 5302 5298
f 5302 5173 5298
f 5303 5301 5300
f 5301 5304 5300
f 5304 5302 5299
f 5306 5302 5304
f 5301 5305 5304
f 5305 5306 5304
f 5306 5308 5302
f 5173 5302 5308
f 5307 5306 5305
f 5307 5308 5306
f 5308 5249 5251
f 5309 5249 5308
f 5307 5309 5308
f 5250 5309 5307
f 5309 5345 5249
f 5346 5345 5309
f 5345 5347 5249
f 5312 5435 5252
f 5348 5311 5186
f 5252 5127 5312
f 5252 5193 5127
f 5393 5197 5193
f 5262 5352 5261
f 5262 5395 5352
f 5206 5270 5269
f 5360 5274 5323
f 5360 5325 5274
f 5325 5272 5274
f 5325 5324 5272
f 5101 5420 5359
f 5330 5282 5329
f 5285 5371 5282
f 5217 5370 5373
f 5289 5338 5286
f 5292 5373 5376
f 5290 5338 5289
f 5290 5339 5338
f 5293 5292 5340
f 5340 5292 5376
f 5243 5341 5291
f 5296 5344 5299
f 5304 5299 5344
f 5346 5309 5310
f 5313 5346 5311
f 5347 5435 5312
f 5348 5313 5311
f 5435 5437 5252
f 5437 5193 5252
f 5351 5436 5348
f 5384 5386 5316
f 5437 5393 5193
f 5351 5438 5436
f 5445 5264 5263
f 5445 5268 5264
f 5411 5446 5265
f 5403 5270 5206
f 5268 5451 5323
f 5417 5323 5473
f 5417 5360 5323
f 5417 5361 5360
f 5361 5363 5360
f 5363 5325 5360
f 5365 5324 5325
f 5363 5364 5325
f 5364 5365 5325
f 5324 5365 5362
f 5419 5421 5326
f 5362 5365 5327
f 5370 5217 5327
f 5429 5332 5331
f 5430 5372 5332
f 5285 5286 5371
f 5286 5338 5371
f 5338 5432 5371
f 5376 5373 5370
f 5338 5374 5432
f 5375 5376 5433
f 5338 5339 5374
f 5340 5376 5375
f 5342 5340 5375
f 5291 5377 5339
f 5291 5341 5377
f 5341 5343 5377
f 5343 5342 5377
f 5464 5345 5346
f 5313 5464 5346
f 5345 5461 5347
f 5461 5435 5347
f 5466 5313 5348
f 5316 5380 5384
f 5445 5451 5268
f 5096 5401 5403
f 5406 5409 5270
f 5323 5451 5473
f 5409 5358 5270
f 5359 5452 5411
f 5358 5415 5326
f 5415 5414 5326
f 5455 5361 5417
f 5420 5453 5452
f 5414 5419 5326
f 5420 5456 5453
f 5329 5426 5456
f 5329 5456 5420
f 5428 5365 5364
f 5428 5327 5365
f 5371 5457 5426
f 5428 5370 5327
f 5432 5457 5371
f 5433 5370 5428
f 5434 5433 5458
f 5374 5478 5432
f 5434 5375 5433
f 5377 5460 5374
f 5342 5434 5460
f 5342 5375 5434
f 5339 5377 5374
f 5377 5342 5460
f 5464 5461 5345
f 5462 5461 5464
f 5462 5465 5461
f 5463 5435 5461
f 5436 5466 5348
f 5463 5437 5435
f 5437 5467 5393
f 5441 5436 5438
f 5441 5466 5436
f 5467 5470 5393
f 5440 5394 5392
f 5470 5263 5393
f 5445 5263 5470
f 5395 5446 5443
f 5446 5472 5471
f 5474 5455 5417
f 5363 5361 5455
f 5477 5363 5455
f 5363 5477 5364
f 5456 5426 5475
f 5426 5457 5475
f 5364 5458 5428
f 5458 5364 5477
f 5458 5433 5428
f 5432 5478 5457
f 5459 5434 5458
f 5460 5434 5459
f 5374 5460 5478
f 5465 5463 5461
f 5466 5464 5313
f 5463 5467 5437
f 5466 5479 5464
f 5468 5479 5466
f 5441 5468 5466
f 5443 5468 5441
f 5469 5445 5470
f 5473 5451 5469
f 5469 5451 5445
f 5452 5472 5446
f 5452 5484 5472
f 5484 5486 5483
f 5452 5486 5484
f 5474 5454 5455
f 5456 5474 5486
f 5456 5475 5474
f 5474 5475 5454
f 5454 5477 5455
f 5475 5476 5454
f 5457 5476 5475
f 5476 5477 5454
f 5459 5477 5476
f 5459 5458 5477
f 5478 5476 5457
f 5478 5459 5476
f 5479 5462 5464
f 5479 5465 5462
f 5480 5463 5465
f 5487 5465 5479
f 5487 5480 5465
f 5480 5467 5463
f 5488 5470 5480
f 5480 5470 5467
f 5469 5470 5488
f 5443 5481 5468
f 5481 5482 5468
f 5471 5481 5443
f 5485 5473 5469
f 5471 5472 5481
f 5481 5483 5482
f 5472 5484 5481
f 5483 5485 5482
f 5484 5483 5481
f 5473 5485 5474
f 5486 5485 5483
f 5486 5474 5485
f 5479 5468 5487
f 5487 5488 5480
f 5487 5482 5488
f 5482 5487 5468
f 5482 5469 5488
f 5485 5469 5482
